{
    "2025-09-30": {
        "Diluted Average Shares": 218893645.0,
        "Basic Average Shares": 218893645.0,
        "Diluted EPS": -2.433449,
        "Basic EPS": -2.433449
    }
}