{
    "2025-09-30": {
        "Diluted Average Shares": 44720379.0,
        "Basic Average Shares": 44720379.0,
        "Diluted EPS": 0.127705,
        "Basic EPS": 0.127705
    }
}