{
    "2025-03-31": {
        "Tax Effect Of Unusual Items": -216007.20668,
        "Tax Rate For Calcs": 0.000634,
        "Normalized EBITDA": 4473000.0,
        "Total Unusual Items": -340962000.0,
        "Total Unusual Items Excluding Goodwill": -340962000.0,
        "Net Income From Continuing Operation Net Minority Interest": -343994000.0,
        "Reconciled Depreciation": 2114000.0,
        "Reconciled Cost Of Revenue": 80252795000.0,
        "EBITDA": -336489000.0,
        "EBIT": -338603000.0,
        "Net Interest Income": -10240000.0,
        "Interest Expense": 10240000.0,
        "Normalized Income": -3248007.20668,
        "Net Income From Continuing And Discontinued Operation": -343994000.0,
        "Total Expenses": 80253202000.0,
        "Diluted Average Shares": 146183739.0,
        "Basic Average Shares": 146183739.0,
        "Diluted EPS": -2.353162,
        "Basic EPS": -2.353162,
        "Diluted NI Availto Com Stockholders": -343994000.0,
        "Net Income Common Stockholders": -343994000.0,
        "Net Income": -343994000.0,
        "Minority Interests": 4628000.0,
        "Net Income Including Noncontrolling Interests": -348622000.0,
        "Net Income Continuous Operations": -348622000.0,
        "Tax Provision": -221000.0,
        "Pretax Income": -348843000.0,
        "Other Income Expense": -341862000.0,
        "Other Non Operating Income Expenses": -900000.0,
        "Special Income Charges": -142088000.0,
        "Impairment Of Capital Assets": 142088000.0,
        "Gain On Sale Of Security": -198874000.0,
        "Net Non Operating Interest Income Expense": -10240000.0,
        "Interest Expense Non Operating": 10240000.0,
        "Operating Income": 3259000.0,
        "Operating Expense": 407000.0,
        "Other Operating Expenses": -15165000.0,
        "Depreciation Amortization Depletion Income Statement": 2114000.0,
        "Depreciation And Amortization In Income Statement": 2114000.0,
        "Amortization": 616000.0,
        "Amortization Of Intangibles Income Statement": 616000.0,
        "Depreciation Income Statement": 1498000.0,
        "Selling General And Administration": 13458000.0,
        "Selling And Marketing Expense": 1874000.0,
        "General And Administrative Expense": 11584000.0,
        "Other Gand A": 11584000.0,
        "Gross Profit": 3666000.0,
        "Cost Of Revenue": 80252795000.0,
        "Total Revenue": 80256461000.0,
        "Operating Revenue": 80236157000.0
    },
    "2024-03-31": {
        "Tax Effect Of Unusual Items": 232471.942446,
        "Tax Rate For Calcs": 0.001677,
        "Normalized EBITDA": -22683000.0,
        "Total Unusual Items": 138618000.0,
        "Total Unusual Items Excluding Goodwill": 138618000.0,
        "Net Income From Continuing Operation Net Minority Interest": 103573000.0,
        "Reconciled Depreciation": 2061000.0,
        "Reconciled Cost Of Revenue": 80412700000.0,
        "EBITDA": 115935000.0,
        "EBIT": 113874000.0,
        "Net Interest Income": -8929000.0,
        "Interest Expense": 8929000.0,
        "Normalized Income": -34812528.057554,
        "Net Income From Continuing And Discontinued Operation": 103573000.0,
        "Total Expenses": 80403087000.0,
        "Diluted Average Shares": 146183739.0,
        "Basic Average Shares": 146183739.0,
        "Diluted EPS": 0.708512,
        "Basic EPS": 0.708512,
        "Diluted NI Availto Com Stockholders": 103573000.0,
        "Net Income Common Stockholders": 103573000.0,
        "Net Income": 103573000.0,
        "Minority Interests": -1196000.0,
        "Net Income Including Noncontrolling Interests": 104769000.0,
        "Net Income Continuous Operations": 104769000.0,
        "Tax Provision": 176000.0,
        "Pretax Income": 104945000.0,
        "Other Income Expense": 103018000.0,
        "Other Non Operating Income Expenses": -35600000.0,
        "Special Income Charges": -378000.0,
        "Impairment Of Capital Assets": 378000.0,
        "Gain On Sale Of Security": 138996000.0,
        "Net Non Operating Interest Income Expense": -8929000.0,
        "Interest Expense Non Operating": 8929000.0,
        "Operating Income": 10856000.0,
        "Operating Expense": -9613000.0,
        "Other Operating Expenses": -16511000.0,
        "Depreciation Amortization Depletion Income Statement": 2061000.0,
        "Depreciation And Amortization In Income Statement": 2061000.0,
        "Amortization": 542000.0,
        "Amortization Of Intangibles Income Statement": 542000.0,
        "Depreciation Income Statement": 1519000.0,
        "Selling General And Administration": 4837000.0,
        "Selling And Marketing Expense": 511000.0,
        "General And Administrative Expense": 4326000.0,
        "Other Gand A": 4326000.0,
        "Gross Profit": 1243000.0,
        "Cost Of Revenue": 80412700000.0,
        "Total Revenue": 80413943000.0,
        "Operating Revenue": 80404577000.0
    },
    "2025-06-30": {
        "Tax Effect Of Unusual Items": 1207124.532727,
        "Tax Rate For Calcs": 0.008026,
        "Normalized EBITDA": -25776000.0,
        "Total Unusual Items": 150400000.0,
        "Total Unusual Items Excluding Goodwill": 150400000.0,
        "Net Income From Continuing Operation Net Minority Interest": 107513000.0,
        "Reconciled Depreciation": 2189000.0,
        "Reconciled Cost Of Revenue": 58615273000.0,
        "EBITDA": 124624000.0,
        "EBIT": 122435000.0,
        "Net Interest Income": -13291000.0,
        "Interest Expense": 13291000.0,
        "Normalized Income": -41679875.467273,
        "Net Income From Continuing And Discontinued Operation": 107513000.0,
        "Total Expenses": 58675652000.0,
        "Diluted Average Shares": 146183739.0,
        "Basic Average Shares": 146183739.0,
        "Diluted EPS": 0.735465,
        "Basic EPS": 0.735465,
        "Diluted NI Availto Com Stockholders": 107513000.0,
        "Net Income Common Stockholders": 107513000.0,
        "Net Income": 107513000.0,
        "Minority Interests": -755000.0,
        "Net Income Including Noncontrolling Interests": 108268000.0,
        "Net Income Continuous Operations": 108268000.0,
        "Tax Provision": 876000.0,
        "Pretax Income": 109144000.0,
        "Other Income Expense": 135150000.0,
        "Other Non Operating Income Expenses": -15250000.0,
        "Special Income Charges": NaN,
        "Impairment Of Capital Assets": NaN,
        "Gain On Sale Of Security": 150400000.0,
        "Net Non Operating Interest Income Expense": -13291000.0,
        "Interest Expense Non Operating": 13291000.0,
        "Operating Income": -12715000.0,
        "Operating Expense": 60379000.0,
        "Other Operating Expenses": 17362000.0,
        "Depreciation Amortization Depletion Income Statement": NaN,
        "Depreciation And Amortization In Income Statement": NaN,
        "Amortization": NaN,
        "Amortization Of Intangibles Income Statement": NaN,
        "Depreciation Income Statement": NaN,
        "Selling General And Administration": 43017000.0,
        "Selling And Marketing Expense": NaN,
        "General And Administrative Expense": 43017000.0,
        "Other Gand A": 43017000.0,
        "Gross Profit": 47664000.0,
        "Cost Of Revenue": 58615273000.0,
        "Total Revenue": 58662937000.0,
        "Operating Revenue": 58630645000.0
    },
    "2024-06-30": {
        "Tax Effect Of Unusual Items": -21993720.0,
        "Tax Rate For Calcs": 0.21,
        "Normalized EBITDA": -3000.0,
        "Total Unusual Items": -104732000.0,
        "Total Unusual Items Excluding Goodwill": -104732000.0,
        "Net Income From Continuing Operation Net Minority Interest": -115346000.0,
        "Reconciled Depreciation": 2294000.0,
        "Reconciled Cost Of Revenue": 49556478000.0,
        "EBITDA": -104735000.0,
        "EBIT": -107029000.0,
        "Net Interest Income": -9063000.0,
        "Interest Expense": 9063000.0,