{
    "2025-03-31": {
        "Tax Effect Of Unusual Items": -137854.564948,
        "Tax Rate For Calcs": 0.000634,
        "Normalized EBITDA": -118889000.0,
        "Total Unusual Items": -217600000.0,
        "Total Unusual Items Excluding Goodwill": -217600000.0,
        "Net Income From Continuing Operation Net Minority Interest": -343994000.0,
        "Reconciled Depreciation": 2114000.0,
        "Reconciled Cost Of Revenue": 80252795000.0,
        "EBITDA": -336489000.0,
        "EBIT": -338603000.0,
        "Net Interest Income": -10240000.0,
        "Interest Expense": 10240000.0,
        "Normalized Income": -126531854.564948,
        "Net Income From Continuing And Discontinued Operation": -343994000.0,
        "Total Expenses": 80376564000.0,
        "Diluted Average Shares": 619049.0,
        "Basic Average Shares": 619049.0,
        "Diluted EPS": -555.681376,
        "Basic EPS": -555.681376,
        "Diluted NI Availto Com Stockholders": -343994000.0,
        "Net Income Common Stockholders": -343994000.0,
        "Net Income": -343994000.0,
        "Minority Interests": 4628000.0,
        "Net Income Including Noncontrolling Interests": -348622000.0,
        "Net Income Continuous Operations": -348622000.0,
        "Tax Provision": -221000.0,
        "Pretax Income": -348843000.0,
        "Other Income Expense": -218500000.0,
        "Other Non Operating Income Expenses": -900000.0,
        "Special Income Charges": -142088000.0,
        "Impairment Of Capital Assets": 142088000.0,
        "Gain On Sale Of Security": -75512000.0,
        "Net Non Operating Interest Income Expense": -10240000.0,
        "Interest Expense Non Operating": 10240000.0,
        "Operating Income": -120103000.0,
        "Operating Expense": 123769000.0,
        "Other Operating Expenses": 108197000.0,
        "Depreciation Amortization Depletion Income Statement": 2114000.0,
        "Depreciation And Amortization In Income Statement": 2114000.0,
        "Amortization": 616000.0,
        "Amortization Of Intangibles Income Statement": 616000.0,
        "Depreciation Income Statement": 1498000.0,
        "Selling General And Administration": 13458000.0,
        "Selling And Marketing Expense": 1874000.0,
        "General And Administrative Expense": 11584000.0,
        "Other Gand A": 11584000.0,
        "Gross Profit": 3666000.0,
        "Cost Of Revenue": 80252795000.0,
        "Total Revenue": 80256461000.0,
        "Operating Revenue": 80256461000.0
    },
    "2024-03-31": {
        "Tax Effect Of Unusual Items": -8008.004193,
        "Tax Rate For Calcs": 0.001677,
        "Normalized EBITDA": 120710000.0,
        "Total Unusual Items": -4775000.0,
        "Total Unusual Items Excluding Goodwill": -4775000.0,
        "Net Income From Continuing Operation Net Minority Interest": 103573000.0,
        "Reconciled Depreciation": 2061000.0,
        "Reconciled Cost Of Revenue": 80412700000.0,
        "EBITDA": 115935000.0,
        "EBIT": 113874000.0,
        "Net Interest Income": -8929000.0,
        "Interest Expense": 8929000.0,
        "Normalized Income": 108339991.995807,
        "Net Income From Continuing And Discontinued Operation": 103573000.0,
        "Total Expenses": 80259694000.0,
        "Diluted Average Shares": 619049.0,
        "Basic Average Shares": 619049.0,
        "Diluted EPS": 167.309858,
        "Basic EPS": 167.309858,
        "Diluted NI Availto Com Stockholders": 103573000.0,
        "Net Income Common Stockholders": 103573000.0,
        "Net Income": 103573000.0,
        "Minority Interests": -1196000.0,
        "Net Income Including Noncontrolling Interests": 104769000.0,
        "Net Income Continuous Operations": 104769000.0,
        "Tax Provision": 176000.0,
        "Pretax Income": 104945000.0,
        "Other Income Expense": -40375000.0,
        "Other Non Operating Income Expenses": -35600000.0,
        "Special Income Charges": -378000.0,
        "Impairment Of Capital Assets": 378000.0,
        "Gain On Sale Of Security": -4397000.0,
        "Net Non Operating Interest Income Expense": -8929000.0,
        "Interest Expense Non Operating": 8929000.0,
        "Operating Income": 154249000.0,
        "Operating Expense": -153006000.0,
        "Other Operating Expenses": -159904000.0,
        "Depreciation Amortization Depletion Income Statement": 2061000.0,
        "Depreciation And Amortization In Income Statement": 2061000.0,
        "Amortization": 542000.0,
        "Amortization Of Intangibles Income Statement": 542000.0,
        "Depreciation Income Statement": 1519000.0,
        "Selling General And Administration": 4837000.0,
        "Selling And Marketing Expense": 511000.0,
        "General And Administrative Expense": 4326000.0,
        "Other Gand A": 4326000.0,
        "Gross Profit": 1243000.0,
        "Cost Of Revenue": 80412700000.0,
        "Total Revenue": 80413943000.0,
        "Operating Revenue": 80413943000.0
    }
}