{
    "2026-03-31": {
        "Diluted Average Shares": 215110345.0,
        "Basic Average Shares": 215110345.0,
        "Diluted EPS": -0.065111,
        "Basic EPS": -0.065111
    }
}