{
    "2026-03-31": {
        "Diluted Average Shares": 44192910.0,
        "Basic Average Shares": 44192910.0,
        "Diluted EPS": -0.513363,
        "Basic EPS": -0.513363
    }
}