{
    "2026-03-31": {
        "Diluted Average Shares": 294062333.0,
        "Basic Average Shares": 294062333.0,
        "Diluted EPS": -0.11992,
        "Basic EPS": -0.11992
    }
}