{
    "2026-03-31": {
        "Diluted Average Shares": 54021728.0,
        "Basic Average Shares": 54021728.0,
        "Diluted EPS": 1.968393,
        "Basic EPS": 1.968393
    }
}