{
    "2023-12-31": {
        "Tax Effect Of Unusual Items": 645669.291339,
        "Tax Rate For Calcs": 0.322835,
        "Normalized EBITDA": 19000000.0,
        "Total Unusual Items": 2000000.0,
        "Total Unusual Items Excluding Goodwill": 2000000.0,
        "Net Income From Continuing Operation Net Minority Interest": -139000000.0,
        "Reconciled Depreciation": 131000000.0,
        "Reconciled Cost Of Revenue": 3713000000.0,
        "EBITDA": 21000000.0,
        "EBIT": -110000000.0,
        "Net Interest Income": -17000000.0,
        "Interest Expense": 17000000.0,
        "Normalized Income": -140354330.708661,
        "Net Income From Continuing And Discontinued Operation": -96000000.0,
        "Total Expenses": 4116000000.0,
        "Total Operating Income As Reported": -116000000.0,
        "Diluted NI Availto Com Stockholders": -96000000.0,
        "Net Income Common Stockholders": -96000000.0,
        "Net Income": -96000000.0,
        "Minority Interests": -8000000.0,
        "Net Income Including Noncontrolling Interests": -87000000.0,
        "Net Income Discontinuous Operations": 43000000.0,
        "Net Income Continuous Operations": -131000000.0,
        "Earnings From Equity Interest Net Of Tax": -46000000.0,
        "Tax Provision": -41000000.0,
        "Pretax Income": -127000000.0,
        "Other Income Expense": 9000000.0,
        "Other Non Operating Income Expenses": 7000000.0,
        "Special Income Charges": 2000000.0,
        "Gain On Sale Of Ppe": 0.0,
        "Other Special Charges": -1000000.0,
        "Net Non Operating Interest Income Expense": -17000000.0,
        "Interest Expense Non Operating": 17000000.0,
        "Operating Income": -118000000.0,
        "Operating Expense": 403000000.0,
        "Other Operating Expenses": -4000000.0,
        "Selling General And Administration": 407000000.0,
        "Gross Profit": 285000000.0,
        "Cost Of Revenue": 3713000000.0,
        "Total Revenue": 3998000000.0,
        "Operating Revenue": 3998000000.0
    }
}