{
    "2024-12-31": {
        "Diluted Average Shares": 94836204.0,
        "Basic Average Shares": 94836204.0,
        "Diluted EPS": 8.274266,
        "Basic EPS": 8.274266
    }
}