{
    "2024-12-31": {
        "Diluted Average Shares": 71456620.0,
        "Basic Average Shares": 71456620.0,
        "Diluted EPS": 10.981488,
        "Basic EPS": 10.981488
    }
}