{
    "2025-09-30": {
        "Diluted Average Shares": 158718869.0,
        "Basic Average Shares": 158718869.0,
        "Diluted EPS": -0.220516,
        "Basic EPS": -0.220516
    }
}