{
    "2023-12-31": {
        "Tax Effect Of Unusual Items": -44860.722794,
        "Tax Rate For Calcs": 0.160791,
        "Normalized EBITDA": 83338000.0,
        "Total Unusual Items": -279000.0,
        "Total Unusual Items Excluding Goodwill": -279000.0,
        "Net Income From Continuing Operation Net Minority Interest": 45444000.0,
        "Reconciled Depreciation": 27281000.0,
        "Reconciled Cost Of Revenue": 307157000.0,
        "EBITDA": 83059000.0,
        "EBIT": 55778000.0,
        "Net Interest Income": -3429000.0,
        "Interest Expense": 1627000.0,
        "Normalized Income": 45678139.277206,
        "Net Income From Continuing And Discontinued Operation": 45444000.0,
        "Total Expenses": 341278000.0,
        "Total Operating Income As Reported": 56068000.0,
        "Diluted NI Availto Com Stockholders": 45444000.0,
        "Net Income Common Stockholders": 45444000.0,
        "Net Income": 45444000.0,
        "Net Income Including Noncontrolling Interests": 45444000.0,
        "Net Income Continuous Operations": 45444000.0,
        "Tax Provision": 8707000.0,
        "Pretax Income": 54151000.0,
        "Other Income Expense": -279000.0,
        "Special Income Charges": -1264000.0,
        "Gain On Sale Of Ppe": -1176000.0,
        "Write Off": 88000.0,
        "Gain On Sale Of Security": 985000.0,
        "Net Non Operating Interest Income Expense": -3429000.0,
        "Interest Expense Non Operating": 1627000.0,
        "Operating Income": 57859000.0,
        "Operating Expense": 34121000.0,
        "Other Operating Expenses": -391000.0,
        "Selling General And Administration": 26374000.0,
        "Selling And Marketing Expense": -9155000.0,
        "General And Administrative Expense": 35529000.0,
        "Other Gand A": -37763000.0,
        "Gross Profit": 91980000.0,
        "Cost Of Revenue": 307157000.0,
        "Total Revenue": 399137000.0,
        "Operating Revenue": 398955000.0
    }
}