{
    "2025-09-30": {
        "Diluted Average Shares": 90775789.0,
        "Basic Average Shares": 90775789.0,
        "Diluted EPS": 0.233194,
        "Basic EPS": 0.233194
    }
}