date,open,high,low,close,volume,rs_nikkei,rs_topix,rs
2014/03/24,1320.0,1385.0,1320.0,1380.0,4974000,-1.0,-1.0,-1.0
2014/03/25,1370.0,1375.0,1335.0,1340.0,2524000,-1.0,-1.0,-1.0
2014/03/26,1355.0,1370.0,1310.0,1320.0,2714000,-1.0,-1.0,-1.0
2014/03/27,1320.0,1360.0,1305.0,1350.0,3640000,-1.0,-1.0,-1.0
2014/03/28,1340.0,1400.0,1335.0,1390.0,2986000,-1.0,-1.0,-1.0
2014/03/31,1405.0,1410.0,1375.0,1395.0,2544000,-1.0,-1.0,-1.0
2014/04/01,1395.0,1455.0,1380.0,1445.0,7818000,-1.0,-1.0,-1.0
2014/04/02,1450.0,1455.0,1425.0,1440.0,4796000,-1.0,-1.0,-1.0
2014/04/03,1450.0,1465.0,1435.0,1450.0,4470000,-1.0,-1.0,-1.0
2014/04/04,1445.0,1485.0,1435.0,1465.0,5196000,-1.0,-1.0,-1.0
2014/04/07,1440.0,1445.0,1410.0,1415.0,3746000,-1.0,-1.0,-1.0
2014/04/08,1400.0,1410.0,1365.0,1365.0,3774000,-1.0,-1.0,-1.0
2014/04/09,1355.0,1360.0,1335.0,1350.0,2610000,-1.0,-1.0,-1.0
2014/04/10,1390.0,1390.0,1345.0,1350.0,2782000,-1.0,-1.0,-1.0
2014/04/11,1325.0,1345.0,1310.0,1330.0,3148000,-1.0,-1.0,-1.0
2014/04/14,1320.0,1350.0,1315.0,1335.0,1908000,-1.0,-1.0,-1.0
2014/04/15,1360.0,1390.0,1350.0,1390.0,3300000,-1.0,-1.0,-1.0
2014/04/16,1390.0,1455.0,1380.0,1445.0,7346000,-1.0,-1.0,-1.0
2014/04/17,1445.0,1480.0,1435.0,1470.0,7854000,-1.0,-1.0,-1.0
2014/04/18,1470.0,1495.0,1465.0,1485.0,6438000,-1.0,-1.0,-1.0
2014/04/21,1490.0,1505.0,1470.0,1475.0,12918000,-1.0,-1.0,-1.0
2014/04/22,1470.0,1480.0,1425.0,1430.0,4246000,-1.0,-1.0,-1.0
2014/04/23,1445.0,1455.0,1430.0,1450.0,3302000,-1.0,-1.0,-1.0
2014/04/24,1475.0,1530.0,1450.0,1525.0,14070000,-1.0,-1.0,-1.0
2014/04/25,1515.0,1540.0,1500.0,1525.0,6364000,-1.0,-1.0,-1.0
2014/04/28,1520.0,1525.0,1480.0,1485.0,6144000,-1.0,-1.0,-1.0
2014/04/30,1485.0,1510.0,1475.0,1490.0,3688000,-1.0,-1.0,-1.0
2014/05/01,1485.0,1490.0,1435.0,1475.0,4162000,-1.0,-1.0,-1.0
2014/05/02,1465.0,1490.0,1450.0,1485.0,2260000,-1.0,-1.0,-1.0
2014/05/07,1460.0,1470.0,1435.0,1435.0,2994000,-1.0,-1.0,-1.0
2014/05/08,1440.0,1445.0,1410.0,1415.0,2796000,-1.0,-1.0,-1.0
2014/05/09,1400.0,1425.0,1390.0,1400.0,2756000,-1.0,-1.0,-1.0
2014/05/12,1405.0,1405.0,1355.0,1355.0,3556000,-1.0,-1.0,-1.0
2014/05/13,1375.0,1380.0,1355.0,1365.0,2310000,-1.0,-1.0,-1.0
2014/05/14,1360.0,1385.0,1355.0,1355.0,2382000,-1.0,-1.0,-1.0
2014/05/15,1375.0,1425.0,1365.0,1405.0,5080000,-1.0,-1.0,-1.0
2014/05/16,1380.0,1400.0,1360.0,1375.0,3558000,-1.0,-1.0,-1.0
2014/05/19,1370.0,1380.0,1340.0,1340.0,4716000,-1.0,-1.0,-1.0
2014/05/20,1335.0,1355.0,1335.0,1340.0,3266000,-1.0,-1.0,-1.0
2014/05/21,1335.0,1350.0,1325.0,1350.0,1848000,-1.0,-1.0,-1.0
2014/05/22,1365.0,1380.0,1350.0,1380.0,2394000,-1.0,-1.0,-1.0
2014/05/23,1390.0,1390.0,1375.0,1380.0,1726000,-1.0,-1.0,-1.0
2014/05/26,1380.0,1395.0,1380.0,1390.0,1280000,-1.0,-1.0,-1.0
2014/05/27,1390.0,1395.0,1380.0,1380.0,2356000,-1.0,-1.0,-1.0
2014/05/28,1395.0,1480.0,1395.0,1470.0,8446000,-1.0,-1.0,-1.0
2014/05/29,1470.0,1500.0,1460.0,1470.0,4866000,-1.0,-1.0,-1.0
2014/05/30,1470.0,1480.0,1440.0,1450.0,3284000,-1.0,-1.0,-1.0
2014/06/02,1490.0,1520.0,1490.0,1510.0,9738000,-1.0,-1.0,-1.0
2014/06/03,1525.0,1525.0,1490.0,1505.0,4466000,-1.0,-1.0,-1.0
2014/06/04,1510.0,1570.0,1485.0,1565.0,14054000,-1.0,-1.0,-1.0
2014/06/05,1560.0,1565.0,1530.0,1545.0,6934000,-1.0,-1.0,-1.0
2014/06/06,1550.0,1585.0,1535.0,1575.0,9040000,-1.0,-1.0,-1.0
2014/06/09,1585.0,1600.0,1555.0,1565.0,9982000,-1.0,-1.0,-1.0
2014/06/10,1560.0,1560.0,1500.0,1515.0,6480000,-1.0,-1.0,-1.0
2014/06/11,1500.0,1535.0,1500.0,1525.0,3544000,-1.0,-1.0,-1.0
2014/06/12,1515.0,1535.0,1510.0,1530.0,2220000,-1.0,-1.0,-1.0
2014/06/13,1520.0,1545.0,1520.0,1540.0,2512000,-1.0,-1.0,-1.0
2014/06/16,1560.0,1560.0,1525.0,1535.0,3042000,-1.0,-1.0,-1.0
2014/06/17,1530.0,1535.0,1515.0,1515.0,1748000,-1.0,-1.0,-1.0
2014/06/18,1520.0,1525.0,1500.0,1515.0,2918000,-1.0,-1.0,-1.0
2014/06/19,1520.0,1550.0,1515.0,1545.0,3972000,-1.0,-1.0,-1.0
2014/06/20,1540.0,1570.0,1530.0,1555.0,6004000,-1.0,-1.0,-1.0
2014/06/23,1575.0,1575.0,1545.0,1555.0,2834000,-1.0,-1.0,-1.0
2014/06/24,1540.0,1560.0,1530.0,1560.0,3278000,-1.0,-1.0,-1.0
2014/06/25,1550.0,1575.0,1545.0,1550.0,4982000,-1.0,-1.0,-1.0
2014/06/26,1545.0,1560.0,1535.0,1545.0,3706000,-1.0,-1.0,-1.0
2014/06/27,1580.0,1650.0,1555.0,1635.0,35206000,-1.0,-1.0,-1.0
2014/06/30,1625.0,1645.0,1605.0,1620.0,13352000,-1.0,-1.0,-1.0
2014/07/01,1615.0,1620.0,1580.0,1600.0,9954000,-1.0,-1.0,-1.0
2014/07/02,1625.0,1625.0,1590.0,1595.0,6062000,-1.0,-1.0,-1.0
2014/07/03,1590.0,1595.0,1560.0,1570.0,5790000,-1.0,-1.0,-1.0
2014/07/04,1585.0,1585.0,1555.0,1560.0,3330000,-1.0,-1.0,-1.0
2014/07/07,1550.0,1560.0,1535.0,1540.0,4410000,-1.0,-1.0,-1.0
2014/07/08,1540.0,1610.0,1540.0,1605.0,9952000,-1.0,-1.0,-1.0
2014/07/09,1580.0,1605.0,1565.0,1580.0,5442000,-1.0,-1.0,-1.0
2014/07/10,1570.0,1575.0,1550.0,1555.0,4786000,-1.0,-1.0,-1.0
2014/07/11,1545.0,1585.0,1545.0,1575.0,5844000,-1.0,-1.0,-1.0
2014/07/14,1575.0,1600.0,1550.0,1580.0,10636000,-1.0,-1.0,-1.0
2014/07/15,1645.0,1650.0,1595.0,1605.0,33276000,-1.0,-1.0,-1.0
2014/07/16,1605.0,1635.0,1595.0,1620.0,13108000,-1.0,-1.0,-1.0
2014/07/17,1660.0,2020.0,1660.0,2020.0,568144000,-1.0,-1.0,-1.0
2014/07/18,2040.0,2045.0,1925.0,2005.0,397270000,-1.0,-1.0,-1.0
2014/07/22,2085.0,2270.0,2035.0,2060.0,555366000,-1.0,-1.0,-1.0
2014/07/23,2100.0,2115.0,1980.0,1995.0,65724000,-1.0,-1.0,-1.0
2014/07/24,1985.0,2115.0,1980.0,2005.0,50206000,-1.0,-1.0,-1.0
2014/07/25,2020.0,2075.0,1990.0,2025.0,25770000,-1.0,-1.0,-1.0
2014/07/28,2025.0,2090.0,2015.0,2040.0,22398000,-1.0,-1.0,-1.0
2014/07/29,2055.0,2055.0,1985.0,2010.0,19000000,-1.0,-1.0,-1.0
2014/07/30,2005.0,2005.0,1935.0,1950.0,17952000,-1.0,-1.0,-1.0
2014/07/31,1980.0,1990.0,1915.0,1930.0,12170000,-1.0,-1.0,-1.0
2014/08/01,1900.0,1970.0,1900.0,1935.0,13888000,-1.0,-1.0,-1.0
2014/08/04,1935.0,1965.0,1910.0,1935.0,8088000,-1.0,-1.0,-1.0
2014/08/05,1955.0,1985.0,1905.0,1905.0,13106000,-1.0,-1.0,-1.0
2014/08/06,1925.0,1945.0,1845.0,1860.0,22888000,-1.0,-1.0,-1.0
2014/08/07,1875.0,1920.0,1855.0,1915.0,12378000,-1.0,-1.0,-1.0
2014/08/08,1925.0,2030.0,1905.0,1965.0,42646000,-1.0,-1.0,-1.0
2014/08/11,1990.0,2000.0,1955.0,1970.0,15426000,-1.0,-1.0,-1.0
2014/08/12,1975.0,2050.0,1965.0,1975.0,26316000,-1.0,-1.0,-1.0
2014/08/13,1980.0,2005.0,1925.0,2005.0,11754000,-1.0,-1.0,-1.0
2014/08/14,2045.0,2150.0,2005.0,2150.0,81114000,-1.0,-1.0,-1.0
2014/08/15,2140.0,2170.0,2075.0,2095.0,60580000,-1.0,-1.0,-1.0
2014/08/18,2135.0,2370.0,2095.0,2350.0,213322000,-1.0,-1.0,-1.0
2014/08/19,2315.0,2375.0,2280.0,2330.0,125812000,-1.0,-1.0,-1.0
2014/08/20,2445.0,2535.0,2350.0,2350.0,262690000,-1.0,-1.0,-1.0
2014/08/21,2380.0,2435.0,2305.0,2395.0,125142000,-1.0,-1.0,-1.0
2014/08/22,2355.0,2380.0,2300.0,2320.0,53350000,-1.0,-1.0,-1.0
2014/08/25,2325.0,2425.0,2320.0,2405.0,63114000,-1.0,-1.0,-1.0
2014/08/26,2400.0,2560.0,2360.0,2505.0,165558000,-1.0,-1.0,-1.0
2014/08/27,2475.0,2565.0,2470.0,2505.0,124830000,-1.0,-1.0,-1.0
2014/08/28,2505.0,2560.0,2490.0,2515.0,74016000,-1.0,-1.0,-1.0
2014/08/29,2520.0,2545.0,2450.0,2470.0,47474000,-1.0,-1.0,-1.0
2014/09/01,2480.0,2640.0,2465.0,2640.0,102784000,-1.0,-1.0,-1.0
2014/09/02,2660.0,2670.0,2550.0,2590.0,69908000,-1.0,-1.0,-1.0
2014/09/03,2590.0,2650.0,2550.0,2580.0,64646000,-1.0,-1.0,-1.0
2014/09/04,2595.0,2620.0,2525.0,2525.0,38350000,-1.0,-1.0,-1.0
2014/09/05,2545.0,2550.0,2435.0,2465.0,42398000,-1.0,-1.0,-1.0
2014/09/08,2460.0,2565.0,2425.0,2560.0,46762000,-1.0,-1.0,-1.0
2014/09/09,2535.0,2555.0,2480.0,2495.0,31260000,-1.0,-1.0,-1.0
2014/09/10,2460.0,2475.0,2390.0,2450.0,36038000,-1.0,-1.0,-1.0
2014/09/11,2460.0,2465.0,2395.0,2400.0,18602000,-1.0,-1.0,-1.0
2014/09/12,2395.0,2445.0,2395.0,2435.0,20914000,-1.0,-1.0,-1.0
2014/09/16,2440.0,2465.0,2405.0,2430.0,17808000,-1.0,-1.0,-1.0
2014/09/17,2440.0,2490.0,2425.0,2475.0,24300000,-1.0,-1.0,-1.0
2014/09/18,2490.0,2515.0,2410.0,2415.0,26438000,-1.0,-1.0,-1.0
2014/09/19,2420.0,2455.0,2405.0,2430.0,13792000,-1.0,-1.0,-1.0
2014/09/22,2430.0,2485.0,2405.0,2485.0,15814000,-1.0,-1.0,-1.0
2014/09/24,2470.0,2580.0,2460.0,2530.0,59374000,-1.0,-1.0,-1.0
2014/09/25,2545.0,2560.0,2495.0,2520.0,19926000,-1.0,-1.0,-1.0
2014/09/26,2520.0,2580.0,2515.0,2555.0,33356000,-1.0,-1.0,-1.0
2014/09/29,2570.0,2625.0,2545.0,2580.0,39266000,-1.0,-1.0,-1.0
2014/09/30,2580.0,2615.0,2480.0,2545.0,31298000,-1.0,-1.0,-1.0
2014/10/01,2545.0,2550.0,2475.0,2485.0,22976000,-1.0,-1.0,-1.0
2014/10/02,2415.0,2465.0,2405.0,2420.0,21112000,-1.0,-1.0,-1.0
2014/10/03,2435.0,2500.0,2410.0,2495.0,19310000,-1.0,-1.0,-1.0
2014/10/06,2515.0,2535.0,2480.0,2505.0,14310000,-1.0,-1.0,-1.0
2014/10/07,2505.0,2505.0,2440.0,2450.0,13244000,-1.0,-1.0,-1.0
2014/10/08,2410.0,2435.0,2405.0,2425.0,11068000,-1.0,-1.0,-1.0
2014/10/09,2445.0,2450.0,2305.0,2305.0,21768000,-1.0,-1.0,-1.0
2014/10/10,2265.0,2340.0,2225.0,2325.0,21268000,-1.0,-1.0,-1.0
2014/10/14,2270.0,2305.0,2250.0,2255.0,16308000,-1.0,-1.0,-1.0
2014/10/15,2285.0,2320.0,2260.0,2310.0,11732000,-1.0,-1.0,-1.0
2014/10/16,2255.0,2320.0,2250.0,2265.0,13846000,-1.0,-1.0,-1.0
2014/10/17,2290.0,2375.0,2280.0,2295.0,22538000,-1.0,-1.0,-1.0
2014/10/20,2375.0,2405.0,2345.0,2395.0,14684000,-1.0,-1.0,-1.0
2014/10/21,2400.0,2465.0,2380.0,2395.0,22862000,-1.0,-1.0,-1.0
2014/10/22,2435.0,2460.0,2420.0,2450.0,16896000,-1.0,-1.0,-1.0
2014/10/23,2435.0,2485.0,2425.0,2455.0,17068000,-1.0,-1.0,-1.0
2014/10/24,2485.0,2485.0,2410.0,2420.0,12890000,-1.0,-1.0,-1.0
2014/10/27,2420.0,2450.0,2390.0,2440.0,9254000,-1.0,-1.0,-1.0
2014/10/28,2430.0,2445.0,2400.0,2405.0,8954000,-1.0,-1.0,-1.0
2014/10/29,2415.0,2425.0,2395.0,2405.0,7394000,-1.0,-1.0,-1.0
2014/10/30,2400.0,2410.0,2345.0,2350.0,9958000,-1.0,-1.0,-1.0
2014/10/31,2365.0,2405.0,2325.0,2390.0,12268000,-1.0,-1.0,-1.0
2014/11/04,2415.0,2430.0,2375.0,2405.0,13266000,-1.0,-1.0,-1.0
2014/11/05,2405.0,2415.0,2365.0,2385.0,8172000,-1.0,-1.0,-1.0
2014/11/06,2385.0,2450.0,2370.0,2385.0,17582000,-1.0,-1.0,-1.0
2014/11/07,2410.0,2410.0,2365.0,2380.0,7980000,-1.0,-1.0,-1.0
2014/11/10,2370.0,2375.0,2340.0,2350.0,5982000,-1.0,-1.0,-1.0
2014/11/11,2345.0,2355.0,2320.0,2350.0,6394000,-1.0,-1.0,-1.0
2014/11/12,2360.0,2360.0,2265.0,2300.0,13264000,-1.0,-1.0,-1.0
2014/11/13,2265.0,2330.0,2255.0,2270.0,10836000,-1.0,-1.0,-1.0
2014/11/14,2285.0,2310.0,2260.0,2290.0,8042000,-1.0,-1.0,-1.0
2014/11/17,2290.0,2290.0,2225.0,2225.0,8442000,-1.0,-1.0,-1.0
2014/11/18,2245.0,2290.0,2235.0,2290.0,7486000,-1.0,-1.0,-1.0
2014/11/19,2285.0,2380.0,2285.0,2335.0,9716000,-1.0,-1.0,-1.0
2014/11/20,2340.0,2355.0,2285.0,2300.0,5514000,-1.0,-1.0,-1.0
2014/11/21,2305.0,2330.0,2290.0,2315.0,4858000,-1.0,-1.0,-1.0
2014/11/25,2325.0,2330.0,2270.0,2285.0,4574000,-1.0,-1.0,-1.0
2014/11/26,2285.0,2300.0,2265.0,2280.0,2620000,-1.0,-1.0,-1.0
2014/11/27,2285.0,2325.0,2275.0,2280.0,4506000,-1.0,-1.0,-1.0
2014/11/28,2320.0,2415.0,2295.0,2405.0,19224000,-1.0,-1.0,-1.0
2014/12/01,2395.0,2410.0,2360.0,2390.0,6208000,-1.0,-1.0,-1.0
2014/12/02,2375.0,2455.0,2360.0,2430.0,12702000,-1.0,-1.0,-1.0
2014/12/03,2450.0,2450.0,2365.0,2385.0,9158000,-1.0,-1.0,-1.0
2014/12/04,2395.0,2405.0,2345.0,2350.0,4866000,-1.0,-1.0,-1.0
2014/12/05,2330.0,2340.0,2320.0,2325.0,3846000,-1.0,-1.0,-1.0
2014/12/08,2330.0,2340.0,2305.0,2310.0,4156000,-1.0,-1.0,-1.0
2014/12/09,2305.0,2325.0,2260.0,2275.0,5306000,-1.0,-1.0,-1.0
2014/12/10,2255.0,2320.0,2255.0,2300.0,4820000,-1.0,-1.0,-1.0
2014/12/11,2285.0,2335.0,2275.0,2325.0,5156000,-1.0,-1.0,-1.0
2014/12/12,2310.0,2405.0,2310.0,2390.0,9326000,-1.0,-1.0,-1.0
2014/12/15,2380.0,2430.0,2355.0,2355.0,7044000,-1.0,-1.0,-1.0
2014/12/16,2340.0,2360.0,2300.0,2305.0,3842000,-1.0,-1.0,-1.0
2014/12/17,2315.0,2340.0,2295.0,2295.0,5134000,-1.0,-1.0,-1.0
2014/12/18,2330.0,2350.0,2305.0,2330.0,5212000,-1.0,-1.0,-1.0
2014/12/19,2365.0,2380.0,2325.0,2340.0,5850000,-1.0,-1.0,-1.0
2014/12/22,2330.0,2340.0,2280.0,2325.0,6596000,-1.0,-1.0,-1.0
2014/12/24,2320.0,2320.0,2275.0,2285.0,6170000,-1.0,-1.0,-1.0
2014/12/25,2265.0,2300.0,2265.0,2275.0,6016000,-1.0,-1.0,-1.0
2014/12/26,2280.0,2365.0,2280.0,2355.0,7594000,-1.0,-1.0,-1.0
2014/12/29,2375.0,2420.0,2305.0,2355.0,13010000,-1.0,-1.0,-1.0
2014/12/30,2380.0,2380.0,2310.0,2315.0,7092000,-1.0,-1.0,-1.0
2015/01/05,2320.0,2345.0,2310.0,2340.0,4242000,-1.0,-1.0,-1.0
2015/01/06,2305.0,2330.0,2285.0,2300.0,6408000,-1.0,-1.0,-1.0
2015/01/07,2300.0,2315.0,2280.0,2295.0,4510000,-1.0,-1.0,-1.0
2015/01/08,2315.0,2325.0,2290.0,2315.0,3544000,-1.0,-1.0,-1.0
2015/01/09,2325.0,2330.0,2270.0,2275.0,6558000,-1.0,-1.0,-1.0
2015/01/13,2260.0,2265.0,2245.0,2260.0,3740000,-1.0,-1.0,-1.0
2015/01/14,2245.0,2280.0,2240.0,2260.0,6116000,-1.0,-1.0,-1.0
2015/01/15,2260.0,2310.0,2260.0,2310.0,4310000,-1.0,-1.0,-1.0
2015/01/16,2290.0,2300.0,2250.0,2280.0,5518000,-1.0,-1.0,-1.0
2015/01/19,2320.0,2320.0,2250.0,2275.0,5006000,-1.0,-1.0,-1.0
2015/01/20,2270.0,2290.0,2270.0,2290.0,2400000,-1.0,-1.0,-1.0
2015/01/21,2280.0,2320.0,2265.0,2300.0,2794000,-1.0,-1.0,-1.0
2015/01/22,2295.0,2300.0,2245.0,2260.0,3448000,-1.0,-1.0,-1.0
2015/01/23,2270.0,2270.0,2235.0,2255.0,3238000,-1.0,-1.0,-1.0
2015/01/26,2245.0,2275.0,2240.0,2250.0,1684000,-1.0,-1.0,-1.0
2015/01/27,2250.0,2265.0,2240.0,2265.0,2342000,-1.0,-1.0,-1.0
2015/01/28,2250.0,2285.0,2250.0,2275.0,2522000,-1.0,-1.0,-1.0
2015/01/29,2265.0,2270.0,2235.0,2240.0,3476000,-1.0,-1.0,-1.0
2015/01/30,2245.0,2260.0,2230.0,2235.0,2542000,-1.0,-1.0,-1.0
2015/02/02,2230.0,2240.0,2190.0,2205.0,4772000,-1.0,-1.0,-1.0
2015/02/03,2205.0,2210.0,2130.0,2150.0,6218000,-1.0,-1.0,-1.0
2015/02/04,2165.0,2170.0,2140.0,2170.0,3534000,-1.0,-1.0,-1.0
2015/02/05,2160.0,2185.0,2140.0,2145.0,2442000,-1.0,-1.0,-1.0
2015/02/06,2165.0,2170.0,2120.0,2130.0,2838000,-1.0,-1.0,-1.0
2015/02/09,2145.0,2190.0,2135.0,2160.0,2888000,-1.0,-1.0,-1.0
2015/02/10,2170.0,2170.0,2140.0,2145.0,2176000,-1.0,-1.0,-1.0
2015/02/12,2185.0,2215.0,2165.0,2205.0,4020000,-1.0,-1.0,-1.0
2015/02/13,2210.0,2260.0,2205.0,2240.0,5020000,-1.0,-1.0,-1.0
2015/02/16,2260.0,2265.0,2210.0,2220.0,3648000,-1.0,-1.0,-1.0
2015/02/17,2215.0,2270.0,2205.0,2260.0,3430000,-1.0,-1.0,-1.0
2015/02/18,2270.0,2275.0,2240.0,2245.0,2746000,-1.0,-1.0,-1.0
2015/02/19,2245.0,2255.0,2225.0,2250.0,2962000,-1.0,-1.0,-1.0
2015/02/20,2240.0,2305.0,2235.0,2300.0,8328000,-1.0,-1.0,-1.0
2015/02/23,2325.0,2325.0,2285.0,2295.0,3398000,-1.0,-1.0,-1.0
2015/02/24,2285.0,2310.0,2270.0,2295.0,3760000,-1.0,-1.0,-1.0
2015/02/25,2290.0,2335.0,2290.0,2315.0,5972000,-1.0,-1.0,-1.0
2015/02/26,2310.0,2315.0,2285.0,2290.0,3946000,-1.0,-1.0,-1.0
2015/02/27,2275.0,2290.0,2245.0,2265.0,4726000,-1.0,-1.0,-1.0
2015/03/02,2235.0,2255.0,2215.0,2220.0,3872000,-1.0,-1.0,-1.0
2015/03/03,2215.0,2245.0,2210.0,2215.0,3146000,-1.0,-1.0,-1.0
2015/03/04,2190.0,2195.0,2175.0,2190.0,3366000,-1.0,-1.0,-1.0
2015/03/05,2185.0,2210.0,2175.0,2185.0,1682000,-1.0,-1.0,-1.0
2015/03/06,2200.0,2200.0,2175.0,2185.0,2334000,-1.0,-1.0,-1.0
2015/03/09,2170.0,2190.0,2155.0,2165.0,2624000,-1.0,-1.0,-1.0
2015/03/10,2160.0,2170.0,2140.0,2150.0,2784000,-1.0,-1.0,-1.0
2015/03/11,2135.0,2210.0,2135.0,2190.0,4686000,-1.0,-1.0,-1.0
2015/03/12,2195.0,2205.0,2165.0,2170.0,2744000,-1.0,-1.0,-1.0
2015/03/13,2180.0,2185.0,2145.0,2150.0,3688000,-1.0,-1.0,-1.0
2015/03/16,2150.0,2160.0,2140.0,2150.0,2030000,-1.0,-1.0,-1.0
2015/03/17,2145.0,2150.0,2140.0,2140.0,2420000,-1.0,-1.0,-1.0
2015/03/18,2145.0,2165.0,2130.0,2135.0,3394000,-1.0,-1.0,-1.0
2015/03/19,2130.0,2135.0,2115.0,2125.0,2038000,-1.0,-1.0,-1.0
2015/03/20,2120.0,2135.0,2115.0,2125.0,1650000,-1.0,-1.0,-1.0
2015/03/23,2135.0,2135.0,2110.0,2115.0,2024000,-1.0,-1.0,-1.0
2015/03/24,2110.0,2165.0,2095.0,2155.0,4796000,-1.0,-1.0,-1.0
2015/03/25,2155.0,2160.0,2120.0,2120.0,3046000,-1.0,-1.0,-1.0
2015/03/26,2120.0,2120.0,2100.0,2105.0,2040000,-1.0,-1.0,-1.0
2015/03/27,2095.0,2105.0,2050.0,2065.0,4274000,-1.0,-1.0,-1.0
2015/03/30,2035.0,2040.0,2000.0,2020.0,4130000,-1.0,-1.0,-1.0
2015/03/31,2020.0,2085.0,2020.0,2070.0,4126000,-1.0,-1.0,-1.0
2015/04/01,2035.0,2055.0,2020.0,2030.0,3040000,-1.0,-1.0,-1.0
2015/04/02,2020.0,2040.0,2015.0,2025.0,1734000,-1.0,-1.0,-1.0
2015/04/03,2020.0,2040.0,2005.0,2015.0,1922000,-1.0,-1.0,-1.0
2015/04/06,1995.0,2005.0,1980.0,1990.0,2622000,-1.0,-1.0,-1.0
2015/04/07,1990.0,2010.0,1985.0,2010.0,2382000,-1.0,-1.0,-1.0
2015/04/08,2015.0,2070.0,2015.0,2060.0,3502000,-1.0,-1.0,-1.0
2015/04/09,2055.0,2065.0,2025.0,2025.0,1842000,-1.0,-1.0,-1.0
2015/04/10,2025.0,2045.0,2020.0,2040.0,1670000,-1.0,-1.0,-1.0
2015/04/13,2050.0,2060.0,2035.0,2040.0,1914000,-1.0,-1.0,-1.0
2015/04/14,2045.0,2100.0,2035.0,2100.0,3628000,-1.0,-1.0,-1.0
2015/04/15,2095.0,2125.0,2090.0,2110.0,3866000,-1.0,-1.0,-1.0
2015/04/16,2095.0,2105.0,2080.0,2105.0,2168000,-1.0,-1.0,-1.0
2015/04/17,2105.0,2105.0,2050.0,2060.0,2620000,-1.0,-1.0,-1.0
2015/04/20,2040.0,2060.0,2025.0,2035.0,2050000,-1.0,-1.0,-1.0
2015/04/21,2040.0,2050.0,2010.0,2035.0,1862000,-1.0,-1.0,-1.0
2015/04/22,2045.0,2075.0,2035.0,2055.0,2540000,-1.0,-1.0,-1.0
2015/04/23,2045.0,2050.0,2030.0,2045.0,2110000,-1.0,-1.0,-1.0
2015/04/24,2015.0,2090.0,1985.0,2085.0,6704000,-1.0,-1.0,-1.0
2015/04/27,2085.0,2085.0,2055.0,2070.0,2540000,-1.0,-1.0,-1.0
2015/04/28,2060.0,2060.0,2030.0,2035.0,1740000,-1.0,-1.0,-1.0
2015/04/30,2035.0,2045.0,2000.0,2010.0,2144000,-1.0,-1.0,-1.0
2015/05/01,2000.0,2015.0,1990.0,2000.0,2506000,-1.0,-1.0,-1.0
2015/05/07,1990.0,1995.0,1980.0,1980.0,1570000,-1.0,-1.0,-1.0
2015/05/08,1985.0,2005.0,1980.0,2005.0,1400000,-1.0,-1.0,-1.0
2015/05/11,2025.0,2030.0,2000.0,2000.0,1292000,-1.0,-1.0,-1.0
2015/05/12,2000.0,2020.0,2000.0,2015.0,1178000,-1.0,-1.0,-1.0
2015/05/13,2020.0,2025.0,2000.0,2010.0,2242000,-1.0,-1.0,-1.0
2015/05/14,2020.0,2055.0,2010.0,2035.0,2852000,-1.0,-1.0,-1.0
2015/05/15,2040.0,2040.0,1990.0,2000.0,3072000,-1.0,-1.0,-1.0
2015/05/18,2005.0,2010.0,1990.0,2000.0,2092000,-1.0,-1.0,-1.0
2015/05/19,2005.0,2015.0,1995.0,2015.0,1910000,-1.0,-1.0,-1.0
2015/05/20,2015.0,2020.0,2000.0,2010.0,1326000,-1.0,-1.0,-1.0
2015/05/21,2000.0,2015.0,1990.0,1995.0,1912000,-1.0,-1.0,-1.0
2015/05/22,2000.0,2015.0,1995.0,2005.0,2240000,-1.0,-1.0,-1.0
2015/05/25,2025.0,2030.0,2000.0,2000.0,2470000,-1.0,-1.0,-1.0
2015/05/26,2000.0,2015.0,2000.0,2010.0,1586000,-1.0,-1.0,-1.0
2015/05/27,2000.0,2010.0,1990.0,1995.0,1386000,-1.0,-1.0,-1.0
2015/05/28,1995.0,2005.0,1985.0,1995.0,2160000,-1.0,-1.0,-1.0
2015/05/29,1995.0,2000.0,1985.0,1990.0,1838000,-1.0,-1.0,-1.0
2015/06/01,1985.0,2020.0,1980.0,2015.0,4006000,-1.0,-1.0,-1.0
2015/06/02,2010.0,2030.0,2005.0,2020.0,2644000,-1.0,-1.0,-1.0
2015/06/03,2010.0,2025.0,1995.0,2000.0,2434000,-1.0,-1.0,-1.0
2015/06/04,2015.0,2020.0,2005.0,2015.0,1868000,-1.0,-1.0,-1.0
2015/06/05,2000.0,2010.0,1995.0,2005.0,1362000,-1.0,-1.0,-1.0
2015/06/08,2010.0,2025.0,2005.0,2015.0,2330000,-1.0,-1.0,-1.0
2015/06/09,2025.0,2060.0,2000.0,2005.0,7288000,-1.0,-1.0,-1.0
2015/06/10,2005.0,2010.0,1985.0,1985.0,2596000,-1.0,-1.0,-1.0
2015/06/11,1995.0,2005.0,1985.0,2000.0,1842000,-1.0,-1.0,-1.0
2015/06/12,2005.0,2005.0,1985.0,1990.0,1848000,-1.0,-1.0,-1.0
2015/06/15,1985.0,1990.0,1960.0,1975.0,3824000,-1.0,-1.0,-1.0
2015/06/16,1955.0,1965.0,1925.0,1955.0,4608000,-1.0,-1.0,-1.0
2015/06/17,1955.0,1955.0,1930.0,1940.0,2508000,-1.0,-1.0,-1.0
2015/06/18,1930.0,1930.0,1885.0,1890.0,2886000,-1.0,-1.0,-1.0
2015/06/19,1890.0,1900.0,1890.0,1895.0,1574000,-1.0,-1.0,-1.0
2015/06/22,1890.0,1910.0,1890.0,1910.0,1534000,-1.0,-1.0,-1.0
2015/06/23,1915.0,1920.0,1905.0,1915.0,1360000,-1.0,-1.0,-1.0
2015/06/24,1925.0,1925.0,1910.0,1915.0,1514000,-1.0,-1.0,-1.0
2015/06/25,1905.0,1910.0,1890.0,1895.0,1234000,-1.0,-1.0,-1.0
2015/06/26,1890.0,1895.0,1860.0,1875.0,2954000,-1.0,-1.0,-1.0
2015/06/29,1800.0,1835.0,1800.0,1815.0,2620000,-1.0,-1.0,-1.0
2015/06/30,1805.0,1825.0,1805.0,1820.0,1414000,-1.0,-1.0,-1.0
2015/07/01,1825.0,1860.0,1820.0,1855.0,1338000,-1.0,-1.0,-1.0
2015/07/02,1875.0,1885.0,1865.0,1875.0,1878000,-1.0,-1.0,-1.0
2015/07/03,1880.0,1880.0,1855.0,1870.0,1358000,-1.0,-1.0,-1.0
2015/07/06,1830.0,1860.0,1830.0,1835.0,1126000,-1.0,-1.0,-1.0
2015/07/07,1845.0,1865.0,1835.0,1840.0,1110000,-1.0,-1.0,-1.0
2015/07/08,1840.0,1845.0,1765.0,1780.0,2766000,-1.0,-1.0,-1.0
2015/07/09,1700.0,1735.0,1615.0,1730.0,4624000,-1.0,-1.0,-1.0
2015/07/10,1740.0,1760.0,1730.0,1735.0,2616000,-1.0,-1.0,-1.0
2015/07/13,1750.0,1775.0,1745.0,1765.0,1358000,-1.0,-1.0,-1.0
2015/07/14,1785.0,1800.0,1770.0,1790.0,1890000,-1.0,-1.0,-1.0
2015/07/15,1790.0,1810.0,1775.0,1785.0,1754000,-1.0,-1.0,-1.0
2015/07/16,1785.0,1790.0,1770.0,1780.0,1254000,-1.0,-1.0,-1.0
2015/07/17,1775.0,1795.0,1770.0,1780.0,1064000,-1.0,-1.0,-1.0
2015/07/21,1780.0,1795.0,1770.0,1770.0,958000,-1.0,-1.0,-1.0
2015/07/22,1775.0,1790.0,1770.0,1775.0,978000,-1.0,-1.0,-1.0
2015/07/23,1775.0,1780.0,1745.0,1760.0,1102000,-1.0,-1.0,-1.0
2015/07/24,1755.0,1765.0,1740.0,1745.0,1072000,-1.0,-1.0,-1.0
2015/07/27,1740.0,1740.0,1700.0,1710.0,1440000,-1.0,-1.0,-1.0
2015/07/28,1680.0,1745.0,1680.0,1735.0,1686000,-1.0,-1.0,-1.0
2015/07/29,1735.0,1735.0,1705.0,1710.0,1236000,-1.0,-1.0,-1.0
2015/07/30,1715.0,1730.0,1700.0,1700.0,1212000,-1.0,-1.0,-1.0
2015/07/31,1685.0,1695.0,1660.0,1690.0,2936000,-1.0,-1.0,-1.0
2015/08/03,1690.0,1705.0,1670.0,1680.0,1482000,-1.0,-1.0,-1.0
2015/08/04,1680.0,1690.0,1660.0,1690.0,1324000,-1.0,-1.0,-1.0
2015/08/05,1680.0,1865.0,1680.0,1840.0,8970000,-1.0,-1.0,-1.0
2015/08/06,1880.0,1885.0,1835.0,1855.0,6914000,-1.0,-1.0,-1.0
2015/08/07,1850.0,1885.0,1815.0,1885.0,4170000,-1.0,-1.0,-1.0
2015/08/10,1795.0,1825.0,1785.0,1800.0,4764000,-1.0,-1.0,-1.0
2015/08/11,1850.0,1850.0,1820.0,1840.0,3098000,-1.0,-1.0,-1.0
2015/08/12,1815.0,1865.0,1810.0,1835.0,3018000,-1.0,-1.0,-1.0
2015/08/13,1850.0,1875.0,1835.0,1860.0,3006000,-1.0,-1.0,-1.0
2015/08/14,1870.0,1880.0,1815.0,1835.0,2738000,-1.0,-1.0,-1.0
2015/08/17,1840.0,1840.0,1810.0,1840.0,1404000,-1.0,-1.0,-1.0
2015/08/18,1840.0,1940.0,1835.0,1930.0,9012000,-1.0,-1.0,-1.0
2015/08/19,1925.0,1980.0,1895.0,1915.0,9600000,-1.0,-1.0,-1.0
2015/08/20,1915.0,1950.0,1910.0,1925.0,3242000,-1.0,-1.0,-1.0
2015/08/21,1885.0,1895.0,1825.0,1830.0,4526000,-1.0,-1.0,-1.0
2015/08/24,1750.0,1810.0,1630.0,1635.0,6642000,-1.0,-1.0,-1.0
2015/08/25,1520.0,1670.0,1475.0,1555.0,7392000,-1.0,-1.0,-1.0
2015/08/26,1605.0,1630.0,1555.0,1590.0,5550000,-1.0,-1.0,-1.0
2015/08/27,1620.0,1675.0,1620.0,1635.0,5414000,-1.0,-1.0,-1.0
2015/08/28,1680.0,1720.0,1670.0,1695.0,4218000,-1.0,-1.0,-1.0
2015/08/31,1695.0,1745.0,1660.0,1720.0,4598000,-1.0,-1.0,-1.0
2015/09/01,1705.0,1755.0,1675.0,1675.0,5704000,-1.0,-1.0,-1.0
2015/09/02,1615.0,1695.0,1610.0,1640.0,3662000,-1.0,-1.0,-1.0
2015/09/03,1680.0,1705.0,1640.0,1640.0,2402000,-1.0,-1.0,-1.0
2015/09/04,1655.0,1660.0,1600.0,1640.0,2330000,-1.0,-1.0,-1.0
2015/09/07,1610.0,1620.0,1560.0,1585.0,2662000,-1.0,-1.0,-1.0
2015/09/08,1585.0,1605.0,1530.0,1540.0,2218000,-1.0,-1.0,-1.0
2015/09/09,1610.0,1610.0,1560.0,1610.0,1724000,-1.0,-1.0,-1.0
2015/09/10,1565.0,1650.0,1565.0,1640.0,1590000,-1.0,-1.0,-1.0
2015/09/11,1600.0,1640.0,1595.0,1600.0,2150000,-1.0,-1.0,-1.0
2015/09/14,1610.0,1615.0,1575.0,1590.0,1162000,-1.0,-1.0,-1.0
2015/09/15,1575.0,1600.0,1555.0,1555.0,1156000,-1.0,-1.0,-1.0
2015/09/16,1575.0,1575.0,1555.0,1570.0,1044000,-1.0,-1.0,-1.0
2015/09/17,1570.0,1595.0,1555.0,1590.0,1740000,-1.0,-1.0,-1.0
2015/09/18,1565.0,1575.0,1540.0,1550.0,1720000,-1.0,-1.0,-1.0
2015/09/24,1515.0,1530.0,1500.0,1500.0,1784000,-1.0,-1.0,-1.0
2015/09/25,1500.0,1515.0,1480.0,1505.0,2740000,-1.0,-1.0,-1.0
2015/09/28,1510.0,1545.0,1500.0,1540.0,1096000,-1.0,-1.0,-1.0
2015/09/29,1510.0,1520.0,1475.0,1480.0,1972000,-1.0,-1.0,-1.0
2015/09/30,1495.0,1520.0,1485.0,1515.0,1290000,-1.0,-1.0,-1.0
2015/10/01,1500.0,1520.0,1490.0,1510.0,1200000,-1.0,-1.0,-1.0
2015/10/02,1500.0,1525.0,1485.0,1495.0,1456000,-1.0,-1.0,-1.0
2015/10/05,1505.0,1535.0,1500.0,1530.0,1082000,-1.0,-1.0,-1.0
2015/10/06,1545.0,1555.0,1515.0,1515.0,1334000,-1.0,-1.0,-1.0
2015/10/07,1520.0,1535.0,1505.0,1530.0,1240000,-1.0,-1.0,-1.0
2015/10/08,1525.0,1555.0,1525.0,1535.0,1252000,-1.0,-1.0,-1.0
2015/10/09,1550.0,1625.0,1545.0,1625.0,3234000,-1.0,-1.0,-1.0
2015/10/13,1660.0,1690.0,1645.0,1685.0,4036000,-1.0,-1.0,-1.0
2015/10/14,1690.0,1700.0,1630.0,1630.0,3248000,-1.0,-1.0,-1.0
2015/10/15,1595.0,1690.0,1595.0,1675.0,1954000,-1.0,-1.0,-1.0
2015/10/16,1675.0,1690.0,1635.0,1640.0,1666000,-1.0,-1.0,-1.0
2015/10/19,1660.0,1670.0,1630.0,1670.0,1738000,-1.0,-1.0,-1.0
2015/10/20,1670.0,1670.0,1615.0,1620.0,1706000,-1.0,-1.0,-1.0
2015/10/21,1615.0,1645.0,1605.0,1640.0,1288000,-1.0,-1.0,-1.0
2015/10/22,1630.0,1655.0,1610.0,1615.0,922000,-1.0,-1.0,-1.0
2015/10/23,1655.0,1655.0,1625.0,1640.0,1426000,-1.0,-1.0,-1.0
2015/10/26,1640.0,1655.0,1640.0,1645.0,1048000,-1.0,-1.0,-1.0
2015/10/27,1630.0,1635.0,1600.0,1605.0,1408000,-1.0,-1.0,-1.0
2015/10/28,1605.0,1615.0,1595.0,1600.0,920000,-1.0,-1.0,-1.0
2015/10/29,1670.0,1715.0,1655.0,1700.0,10568000,-1.0,-1.0,-1.0
2015/10/30,1695.0,1720.0,1685.0,1695.0,3816000,-1.0,-1.0,-1.0
2015/11/02,1680.0,1695.0,1665.0,1665.0,1684000,-1.0,-1.0,-1.0
2015/11/04,1680.0,1690.0,1580.0,1585.0,2740000,-1.0,-1.0,-1.0
2015/11/05,1580.0,1620.0,1575.0,1600.0,1598000,-1.0,-1.0,-1.0
2015/11/06,1600.0,1635.0,1590.0,1625.0,1730000,-1.0,-1.0,-1.0
2015/11/09,1650.0,1660.0,1625.0,1655.0,1372000,-1.0,-1.0,-1.0
2015/11/10,1670.0,1690.0,1650.0,1690.0,2516000,-1.0,-1.0,-1.0
2015/11/11,1690.0,1715.0,1680.0,1710.0,3192000,-1.0,-1.0,-1.0
2015/11/12,1720.0,1720.0,1690.0,1715.0,1872000,-1.0,-1.0,-1.0
2015/11/13,1690.0,1710.0,1680.0,1705.0,1968000,-1.0,-1.0,-1.0
2015/11/16,1670.0,1675.0,1645.0,1645.0,2396000,-1.0,-1.0,-1.0
2015/11/17,1660.0,1665.0,1645.0,1650.0,1538000,-1.0,-1.0,-1.0
2015/11/18,1640.0,1650.0,1610.0,1610.0,1766000,-1.0,-1.0,-1.0
2015/11/19,1630.0,1630.0,1605.0,1620.0,1986000,-1.0,-1.0,-1.0
2015/11/20,1610.0,1635.0,1610.0,1630.0,922000,-1.0,-1.0,-1.0
2015/11/24,1645.0,1655.0,1630.0,1640.0,1976000,-1.0,-1.0,-1.0
2015/11/25,1640.0,1640.0,1610.0,1615.0,1250000,-1.0,-1.0,-1.0
2015/11/26,1600.0,1620.0,1600.0,1605.0,2052000,-1.0,-1.0,-1.0
2015/11/27,1600.0,1610.0,1585.0,1585.0,1654000,-1.0,-1.0,-1.0
2015/11/30,1570.0,1580.0,1565.0,1575.0,1280000,-1.0,-1.0,-1.0
2015/12/01,1550.0,1590.0,1550.0,1590.0,1926000,-1.0,-1.0,-1.0
2015/12/02,1595.0,1620.0,1580.0,1595.0,2556000,-1.0,-1.0,-1.0
2015/12/03,1595.0,1610.0,1575.0,1580.0,2342000,-1.0,-1.0,-1.0
2015/12/04,1555.0,1570.0,1550.0,1555.0,1890000,-1.0,-1.0,-1.0
2015/12/07,1570.0,1570.0,1545.0,1545.0,2034000,-1.0,-1.0,-1.0
2015/12/08,1530.0,1540.0,1515.0,1520.0,1948000,-1.0,-1.0,-1.0
2015/12/09,1505.0,1515.0,1505.0,1510.0,1624000,-1.0,-1.0,-1.0
2015/12/10,1495.0,1520.0,1495.0,1505.0,1944000,-1.0,-1.0,-1.0
2015/12/11,1495.0,1525.0,1495.0,1500.0,3518000,-1.0,-1.0,-1.0
2015/12/14,1495.0,1500.0,1480.0,1490.0,1994000,-1.0,-1.0,-1.0
2015/12/15,1485.0,1500.0,1460.0,1460.0,2524000,-1.0,-1.0,-1.0
2015/12/16,1480.0,1485.0,1465.0,1470.0,1362000,-1.0,-1.0,-1.0
2015/12/17,1485.0,1490.0,1465.0,1465.0,2102000,-1.0,-1.0,-1.0
2015/12/18,1465.0,1470.0,1450.0,1450.0,2312000,-1.0,-1.0,-1.0
2015/12/21,1425.0,1430.0,1415.0,1420.0,2656000,-1.0,-1.0,-1.0
2015/12/22,1425.0,1430.0,1390.0,1400.0,3664000,-1.0,-1.0,-1.0
2015/12/24,1440.0,1515.0,1440.0,1470.0,8076000,-1.0,-1.0,-1.0
2015/12/25,1460.0,1475.0,1405.0,1410.0,3814000,-1.0,-1.0,-1.0
2015/12/28,1430.0,1485.0,1430.0,1475.0,1868000,-1.0,-1.0,-1.0
2015/12/29,1490.0,1510.0,1450.0,1500.0,2510000,-1.0,-1.0,-1.0
2015/12/30,1515.0,1540.0,1500.0,1505.0,1598000,-1.0,-1.0,-1.0
2016/01/04,1485.0,1520.0,1460.0,1470.0,2118000,-1.0,-1.0,-1.0
2016/01/05,1465.0,1495.0,1460.0,1475.0,1892000,-1.0,-1.0,-1.0
2016/01/06,1480.0,1510.0,1455.0,1470.0,1572000,-1.0,-1.0,-1.0
2016/01/07,1455.0,1475.0,1435.0,1440.0,1360000,-1.0,-1.0,-1.0
2016/01/08,1415.0,1455.0,1415.0,1420.0,1626000,-1.0,-1.0,-1.0
2016/01/12,1400.0,1405.0,1345.0,1350.0,2504000,-1.0,-1.0,-1.0
2016/01/13,1380.0,1415.0,1380.0,1410.0,1310000,-1.0,-1.0,-1.0
2016/01/14,1365.0,1400.0,1340.0,1375.0,2150000,-1.0,-1.0,-1.0
2016/01/15,1400.0,1415.0,1340.0,1350.0,1956000,-1.0,-1.0,-1.0
2016/01/18,1285.0,1330.0,1275.0,1315.0,2268000,-1.0,-1.0,-1.0
2016/01/19,1310.0,1345.0,1305.0,1325.0,1450000,-1.0,-1.0,-1.0
2016/01/20,1330.0,1335.0,1245.0,1250.0,2196000,-1.0,-1.0,-1.0
2016/01/21,1225.0,1295.0,1195.0,1200.0,3100000,-1.0,-1.0,-1.0
2016/01/22,1235.0,1275.0,1215.0,1275.0,2458000,-1.0,-1.0,-1.0
2016/01/25,1285.0,1295.0,1245.0,1295.0,1618000,-1.0,-1.0,-1.0
2016/01/26,1265.0,1290.0,1255.0,1265.0,1332000,-1.0,-1.0,-1.0
2016/01/27,1295.0,1355.0,1295.0,1350.0,3306000,-1.0,-1.0,-1.0
2016/01/28,1345.0,1385.0,1335.0,1370.0,1752000,-1.0,-1.0,-1.0
2016/01/29,1360.0,1440.0,1345.0,1440.0,3248000,-1.0,-1.0,-1.0
2016/02/01,1470.0,1485.0,1460.0,1480.0,2632000,-1.0,-1.0,-1.0
2016/02/02,1475.0,1485.0,1435.0,1455.0,2468000,-1.0,-1.0,-1.0
2016/02/03,1410.0,1425.0,1390.0,1425.0,2016000,-1.0,-1.0,-1.0
2016/02/04,1415.0,1465.0,1410.0,1420.0,1618000,-1.0,-1.0,-1.0
2016/02/05,1390.0,1415.0,1345.0,1365.0,2460000,-1.0,-1.0,-1.0
2016/02/08,1340.0,1450.0,1330.0,1435.0,2184000,-1.0,-1.0,-1.0
2016/02/09,1355.0,1385.0,1350.0,1355.0,2098000,-1.0,-1.0,-1.0
2016/02/10,1365.0,1420.0,1265.0,1310.0,3048000,-1.0,-1.0,-1.0
2016/02/12,1090.0,1190.0,1070.0,1070.0,5570000,-1.0,-1.0,-1.0
2016/02/15,1135.0,1175.0,1125.0,1165.0,4210000,-1.0,-1.0,-1.0
2016/02/16,1140.0,1195.0,1135.0,1150.0,2866000,-1.0,-1.0,-1.0
2016/02/17,1155.0,1210.0,1110.0,1175.0,5316000,-1.0,-1.0,-1.0
2016/02/18,1285.0,1335.0,1255.0,1295.0,12594000,-1.0,-1.0,-1.0
2016/02/19,1290.0,1300.0,1265.0,1290.0,3634000,-1.0,-1.0,-1.0
2016/02/22,1280.0,1305.0,1265.0,1285.0,2300000,-1.0,-1.0,-1.0
2016/02/23,1305.0,1305.0,1265.0,1270.0,1990000,-1.0,-1.0,-1.0
2016/02/24,1255.0,1290.0,1245.0,1265.0,1866000,-1.0,-1.0,-1.0
2016/02/25,1300.0,1320.0,1280.0,1320.0,3160000,-1.0,-1.0,-1.0
2016/02/26,1325.0,1330.0,1295.0,1305.0,2244000,-1.0,-1.0,-1.0
2016/02/29,1305.0,1315.0,1270.0,1270.0,2154000,-1.0,-1.0,-1.0
2016/03/01,1265.0,1290.0,1245.0,1265.0,1494000,-1.0,-1.0,-1.0
2016/03/02,1305.0,1310.0,1275.0,1280.0,1474000,-1.0,-1.0,-1.0
2016/03/03,1290.0,1315.0,1265.0,1315.0,1736000,-1.0,-1.0,-1.0
2016/03/04,1310.0,1350.0,1300.0,1350.0,1866000,-1.0,-1.0,-1.0
2016/03/07,1355.0,1365.0,1335.0,1340.0,1160000,-1.0,-1.0,-1.0
2016/03/08,1325.0,1355.0,1295.0,1315.0,1708000,-1.0,-1.0,-1.0
2016/03/09,1300.0,1340.0,1285.0,1335.0,1400000,-1.0,-1.0,-1.0
2016/03/10,1340.0,1350.0,1325.0,1335.0,884000,-1.0,-1.0,-1.0
2016/03/11,1320.0,1370.0,1320.0,1365.0,1572000,-1.0,-1.0,-1.0
2016/03/14,1390.0,1425.0,1390.0,1415.0,1660000,-1.0,-1.0,-1.0
2016/03/15,1415.0,1440.0,1400.0,1410.0,1198000,-1.0,-1.0,-1.0
2016/03/16,1400.0,1420.0,1395.0,1410.0,786000,-1.0,-1.0,-1.0
2016/03/17,1415.0,1445.0,1415.0,1425.0,1302000,-1.0,-1.0,-1.0
2016/03/18,1425.0,1445.0,1415.0,1435.0,1066000,-1.0,-1.0,-1.0
2016/03/22,1450.0,1455.0,1420.0,1450.0,1848000,-1.0,-1.0,-1.0
2016/03/23,1445.0,1475.0,1445.0,1465.0,1756000,-1.0,-1.0,-1.0
2016/03/24,1460.0,1475.0,1450.0,1450.0,1718000,-1.0,-1.0,-1.0
2016/03/25,1480.0,1480.0,1415.0,1435.0,2282000,-1.0,-1.0,-1.0
2016/03/28,1430.0,1450.0,1410.0,1425.0,1124000,-1.0,-1.0,-1.0
2016/03/29,1405.0,1480.0,1405.0,1475.0,1214000,-1.0,-1.0,-1.0
2016/03/30,1375.0,1390.0,1350.0,1375.0,4868000,-1.0,-1.0,-1.0
2016/03/31,1375.0,1385.0,1355.0,1355.0,1872000,-1.0,-1.0,-1.0
2016/04/01,1350.0,1355.0,1280.0,1300.0,2756000,-1.0,-1.0,-1.0
2016/04/04,1285.0,1305.0,1270.0,1285.0,1410000,-1.0,-1.0,-1.0
2016/04/05,1290.0,1300.0,1245.0,1250.0,2252000,-1.0,-1.0,-1.0
2016/04/06,1230.0,1280.0,1225.0,1270.0,1174000,-1.0,-1.0,-1.0
2016/04/07,1260.0,1300.0,1255.0,1285.0,1046000,-1.0,-1.0,-1.0
2016/04/08,1275.0,1320.0,1245.0,1300.0,1766000,-1.0,-1.0,-1.0
2016/04/11,1310.0,1330.0,1290.0,1330.0,990000,-1.0,-1.0,-1.0
2016/04/12,1330.0,1365.0,1330.0,1345.0,1678000,-1.0,-1.0,-1.0
2016/04/13,1350.0,1375.0,1350.0,1370.0,1418000,-1.0,-1.0,-1.0
2016/04/14,1395.0,1420.0,1385.0,1410.0,2440000,-1.0,-1.0,-1.0
2016/04/15,1425.0,1445.0,1400.0,1410.0,1766000,-1.0,-1.0,-1.0
2016/04/18,1430.0,1460.0,1410.0,1450.0,3388000,-1.0,-1.0,-1.0
2016/04/19,1465.0,1465.0,1435.0,1460.0,2796000,-1.0,-1.0,-1.0
2016/04/20,1455.0,1465.0,1415.0,1430.0,1676000,-1.0,-1.0,-1.0
2016/04/21,1445.0,1450.0,1420.0,1435.0,1560000,-1.0,-1.0,-1.0
2016/04/22,1405.0,1430.0,1390.0,1430.0,2052000,-1.0,-1.0,-1.0
2016/04/25,1430.0,1435.0,1405.0,1415.0,1034000,-1.0,-1.0,-1.0
2016/04/26,1400.0,1420.0,1360.0,1385.0,1408000,-1.0,-1.0,-1.0
2016/04/27,1405.0,1420.0,1385.0,1405.0,1020000,-1.0,-1.0,-1.0
2016/04/28,1410.0,1430.0,1360.0,1375.0,1746000,-1.0,-1.0,-1.0
2016/05/02,1305.0,1345.0,1305.0,1330.0,952000,-1.0,-1.0,-1.0
2016/05/06,1335.0,1355.0,1315.0,1320.0,1124000,-1.0,-1.0,-1.0
2016/05/09,1315.0,1365.0,1315.0,1355.0,606000,-1.0,-1.0,-1.0
2016/05/10,1375.0,1390.0,1360.0,1385.0,760000,-1.0,-1.0,-1.0
2016/05/11,1400.0,1400.0,1365.0,1380.0,858000,-1.0,-1.0,-1.0
2016/05/12,1375.0,1395.0,1365.0,1390.0,824000,-1.0,-1.0,-1.0
2016/05/13,1380.0,1380.0,1340.0,1340.0,1246000,-1.0,-1.0,-1.0
2016/05/16,1465.0,1465.0,1425.0,1445.0,5732000,-1.0,-1.0,-1.0
2016/05/17,1445.0,1465.0,1435.0,1460.0,2360000,-1.0,-1.0,-1.0
2016/05/18,1460.0,1485.0,1445.0,1460.0,2404000,-1.0,-1.0,-1.0
2016/05/19,1465.0,1470.0,1445.0,1460.0,1126000,-1.0,-1.0,-1.0
2016/05/20,1460.0,1475.0,1445.0,1465.0,1062000,-1.0,-1.0,-1.0
2016/05/23,1480.0,1490.0,1460.0,1485.0,1976000,-1.0,-1.0,-1.0
2016/05/24,1475.0,1505.0,1475.0,1490.0,2404000,-1.0,-1.0,-1.0
2016/05/25,1510.0,1520.0,1500.0,1510.0,1698000,-1.0,-1.0,-1.0
2016/05/26,1520.0,1605.0,1520.0,1570.0,7122000,-1.0,-1.0,-1.0
2016/05/27,1575.0,1590.0,1550.0,1575.0,3326000,-1.0,-1.0,-1.0
2016/05/30,1605.0,1630.0,1580.0,1595.0,5102000,-1.0,-1.0,-1.0
2016/05/31,1600.0,1600.0,1580.0,1590.0,1848000,-1.0,-1.0,-1.0
2016/06/01,1580.0,1585.0,1555.0,1555.0,2174000,-1.0,-1.0,-1.0
2016/06/02,1545.0,1545.0,1500.0,1510.0,2288000,-1.0,-1.0,-1.0
2016/06/03,1510.0,1545.0,1510.0,1540.0,1260000,-1.0,-1.0,-1.0
2016/06/06,1505.0,1545.0,1505.0,1525.0,1318000,-1.0,-1.0,-1.0
2016/06/07,1530.0,1545.0,1515.0,1520.0,1100000,-1.0,-1.0,-1.0
2016/06/08,1520.0,1530.0,1515.0,1530.0,1526000,-1.0,-1.0,-1.0
2016/06/09,1515.0,1530.0,1510.0,1525.0,692000,-1.0,-1.0,-1.0
2016/06/10,1525.0,1530.0,1510.0,1525.0,952000,-1.0,-1.0,-1.0
2016/06/13,1505.0,1505.0,1430.0,1440.0,2508000,-1.0,-1.0,-1.0
2016/06/14,1435.0,1455.0,1390.0,1425.0,2122000,-1.0,-1.0,-1.0
2016/06/15,1415.0,1460.0,1410.0,1430.0,1572000,-1.0,-1.0,-1.0
2016/06/16,1435.0,1445.0,1375.0,1380.0,1466000,-1.0,-1.0,-1.0
2016/06/17,1400.0,1415.0,1380.0,1385.0,1204000,-1.0,-1.0,-1.0
2016/06/20,1400.0,1425.0,1395.0,1400.0,1654000,-1.0,-1.0,-1.0
2016/06/21,1405.0,1445.0,1395.0,1445.0,1464000,-1.0,-1.0,-1.0
2016/06/22,1430.0,1440.0,1405.0,1420.0,1258000,-1.0,-1.0,-1.0
2016/06/23,1405.0,1430.0,1405.0,1430.0,940000,-1.0,-1.0,-1.0
2016/06/24,1470.0,1470.0,1290.0,1330.0,2948000,-1.0,-1.0,-1.0
2016/06/27,1345.0,1420.0,1340.0,1410.0,2036000,-1.0,-1.0,-1.0
2016/06/28,1390.0,1445.0,1380.0,1430.0,2048000,-1.0,-1.0,-1.0
2016/06/29,1455.0,1470.0,1440.0,1465.0,1674000,-1.0,-1.0,-1.0
2016/06/30,1490.0,1495.0,1465.0,1465.0,1218000,-1.0,-1.0,-1.0
2016/07/01,1490.0,1490.0,1450.0,1465.0,1030000,-1.0,-1.0,-1.0
2016/07/04,1465.0,1485.0,1465.0,1470.0,998000,-1.0,-1.0,-1.0
2016/07/05,1465.0,1475.0,1455.0,1465.0,702000,-1.0,-1.0,-1.0
2016/07/06,1440.0,1445.0,1400.0,1425.0,1310000,-1.0,-1.0,-1.0
2016/07/07,1415.0,1425.0,1390.0,1395.0,958000,-1.0,-1.0,-1.0
2016/07/08,1400.0,1405.0,1370.0,1375.0,1474000,-1.0,-1.0,-1.0
2016/07/11,1430.0,1550.0,1425.0,1525.0,4300000,-1.0,-1.0,-1.0
2016/07/12,1595.0,1670.0,1550.0,1580.0,16928000,-1.0,-1.0,-1.0
2016/07/13,1645.0,1645.0,1555.0,1565.0,6306000,-1.0,-1.0,-1.0
2016/07/14,1550.0,1610.0,1545.0,1595.0,3556000,-1.0,-1.0,-1.0
2016/07/15,1600.0,1605.0,1565.0,1575.0,2642000,-1.0,-1.0,-1.0
2016/07/19,1615.0,1660.0,1605.0,1655.0,5884000,-1.0,-1.0,-1.0
2016/07/20,1640.0,1725.0,1630.0,1720.0,10030000,-1.0,-1.0,-1.0
2016/07/21,1850.0,1915.0,1825.0,1875.0,26412000,-1.0,-1.0,-1.0
2016/07/22,1855.0,1905.0,1840.0,1905.0,16304000,-1.0,-1.0,-1.0
2016/07/25,1900.0,1940.0,1845.0,1875.0,12000000,-1.0,-1.0,-1.0
2016/07/26,1855.0,1890.0,1770.0,1810.0,10174000,-1.0,-1.0,-1.0
2016/07/27,1840.0,1880.0,1815.0,1855.0,7798000,-1.0,-1.0,-1.0
2016/07/28,1845.0,1865.0,1825.0,1850.0,4850000,-1.0,-1.0,-1.0
2016/07/29,1860.0,1915.0,1810.0,1910.0,11112000,-1.0,-1.0,-1.0
2016/08/01,1925.0,1965.0,1890.0,1910.0,14252000,-1.0,-1.0,-1.0
2016/08/02,1915.0,1920.0,1865.0,1890.0,5290000,-1.0,-1.0,-1.0
2016/08/03,1855.0,1865.0,1815.0,1825.0,6376000,-1.0,-1.0,-1.0
2016/08/04,1840.0,1865.0,1795.0,1830.0,5174000,-1.0,-1.0,-1.0
2016/08/05,1825.0,1850.0,1775.0,1785.0,3986000,-1.0,-1.0,-1.0
2016/08/08,1785.0,1805.0,1730.0,1775.0,4844000,-1.0,-1.0,-1.0
2016/08/09,1780.0,1825.0,1765.0,1820.0,3250000,-1.0,-1.0,-1.0
2016/08/10,1795.0,1810.0,1765.0,1800.0,3992000,-1.0,-1.0,-1.0
2016/08/12,1815.0,1835.0,1790.0,1815.0,3076000,-1.0,-1.0,-1.0
2016/08/15,1820.0,1820.0,1795.0,1800.0,1148000,-1.0,-1.0,-1.0
2016/08/16,1785.0,1790.0,1725.0,1730.0,4196000,-1.0,-1.0,-1.0
2016/08/17,1730.0,1745.0,1720.0,1735.0,2574000,-1.0,-1.0,-1.0
2016/08/18,1715.0,1745.0,1700.0,1705.0,2830000,-1.0,-1.0,-1.0
2016/08/19,1700.0,1715.0,1680.0,1695.0,2276000,-1.0,-1.0,-1.0
2016/08/22,1700.0,1730.0,1700.0,1725.0,1798000,-1.0,-1.0,-1.0
2016/08/23,1720.0,1750.0,1695.0,1705.0,2950000,-1.0,-1.0,-1.0
2016/08/24,1725.0,1725.0,1690.0,1700.0,1680000,-1.0,-1.0,-1.0
2016/08/25,1700.0,1705.0,1680.0,1690.0,1434000,-1.0,-1.0,-1.0
2016/08/26,1680.0,1680.0,1635.0,1640.0,2456000,-1.0,-1.0,-1.0
2016/08/29,1680.0,1695.0,1655.0,1660.0,1990000,-1.0,-1.0,-1.0
2016/08/30,1655.0,1660.0,1640.0,1660.0,1436000,-1.0,-1.0,-1.0
2016/08/31,1645.0,1660.0,1620.0,1645.0,2696000,-1.0,-1.0,-1.0
2016/09/01,1645.0,1645.0,1630.0,1635.0,2392000,-1.0,-1.0,-1.0
2016/09/02,1635.0,1660.0,1625.0,1640.0,1630000,-1.0,-1.0,-1.0
2016/09/05,1640.0,1670.0,1640.0,1655.0,2438000,-1.0,-1.0,-1.0
2016/09/06,1655.0,1765.0,1645.0,1760.0,8698000,-1.0,-1.0,-1.0
2016/09/07,1735.0,1760.0,1710.0,1725.0,5118000,-1.0,-1.0,-1.0
2016/09/08,1745.0,1745.0,1675.0,1685.0,2748000,-1.0,-1.0,-1.0
2016/09/09,1685.0,1705.0,1675.0,1680.0,2398000,-1.0,-1.0,-1.0
2016/09/12,1645.0,1670.0,1635.0,1635.0,1952000,-1.0,-1.0,-1.0
2016/09/13,1650.0,1655.0,1635.0,1640.0,1272000,-1.0,-1.0,-1.0
2016/09/14,1625.0,1635.0,1610.0,1615.0,1342000,-1.0,-1.0,-1.0
2016/09/15,1595.0,1595.0,1565.0,1570.0,1734000,-1.0,-1.0,-1.0
2016/09/16,1570.0,1595.0,1555.0,1570.0,1396000,-1.0,-1.0,-1.0
2016/09/20,1560.0,1585.0,1545.0,1560.0,1172000,-1.0,-1.0,-1.0
2016/09/21,1565.0,1610.0,1550.0,1605.0,1346000,-1.0,-1.0,-1.0
2016/09/23,1620.0,1635.0,1595.0,1630.0,1342000,-1.0,-1.0,-1.0
2016/09/26,1640.0,1640.0,1600.0,1610.0,1422000,-1.0,-1.0,-1.0
2016/09/27,1580.0,1615.0,1575.0,1615.0,1080000,-1.0,-1.0,-1.0
2016/09/28,1605.0,1615.0,1595.0,1610.0,656000,-1.0,-1.0,-1.0
2016/09/29,1615.0,1615.0,1580.0,1590.0,1724000,-1.0,-1.0,-1.0
2016/09/30,1565.0,1580.0,1555.0,1555.0,1518000,-1.0,-1.0,-1.0
2016/10/03,1570.0,1570.0,1545.0,1550.0,1812000,-1.0,-1.0,-1.0
2016/10/04,1560.0,1595.0,1555.0,1590.0,1976000,-1.0,-1.0,-1.0
2016/10/05,1590.0,1605.0,1580.0,1600.0,1226000,-1.0,-1.0,-1.0
2016/10/06,1610.0,1615.0,1585.0,1585.0,1520000,-1.0,-1.0,-1.0
2016/10/07,1585.0,1595.0,1570.0,1580.0,1256000,-1.0,-1.0,-1.0
2016/10/11,1600.0,1620.0,1585.0,1605.0,1808000,-1.0,-1.0,-1.0
2016/10/12,1585.0,1610.0,1585.0,1595.0,1264000,-1.0,-1.0,-1.0
2016/10/13,1600.0,1600.0,1575.0,1585.0,874000,-1.0,-1.0,-1.0
2016/10/14,1575.0,1590.0,1570.0,1580.0,1346000,-1.0,-1.0,-1.0
2016/10/17,1585.0,1590.0,1565.0,1575.0,1356000,-1.0,-1.0,-1.0
2016/10/18,1575.0,1585.0,1565.0,1580.0,1160000,-1.0,-1.0,-1.0
2016/10/19,1580.0,1635.0,1575.0,1630.0,2836000,-1.0,-1.0,-1.0
2016/10/20,1620.0,1630.0,1610.0,1615.0,1940000,-1.0,-1.0,-1.0
2016/10/21,1620.0,1620.0,1590.0,1595.0,1964000,-1.0,-1.0,-1.0
2016/10/24,1600.0,1620.0,1595.0,1615.0,1392000,-1.0,-1.0,-1.0
2016/10/25,1620.0,1630.0,1615.0,1620.0,1352000,-1.0,-1.0,-1.0
2016/10/26,1665.0,1720.0,1655.0,1715.0,8612000,-1.0,-1.0,-1.0
2016/10/27,1710.0,1730.0,1680.0,1715.0,4176000,-1.0,-1.0,-1.0
2016/10/28,1715.0,1725.0,1695.0,1715.0,2878000,-1.0,-1.0,-1.0
2016/10/31,1740.0,1750.0,1700.0,1710.0,4050000,-1.0,-1.0,-1.0
2016/11/01,1710.0,1715.0,1685.0,1700.0,1542000,-1.0,-1.0,-1.0
2016/11/02,1670.0,1675.0,1640.0,1640.0,2790000,-1.0,-1.0,-1.0
2016/11/04,1615.0,1630.0,1595.0,1600.0,2544000,-1.0,-1.0,-1.0
2016/11/07,1625.0,1660.0,1625.0,1650.0,2082000,-1.0,-1.0,-1.0
2016/11/08,1665.0,1670.0,1630.0,1630.0,1864000,-1.0,-1.0,-1.0
2016/11/09,1640.0,1655.0,1495.0,1530.0,4952000,-1.0,-1.0,-1.0
2016/11/10,1625.0,1640.0,1585.0,1630.0,2784000,-1.0,-1.0,-1.0
2016/11/11,1670.0,1670.0,1635.0,1655.0,2430000,-1.0,-1.0,-1.0
2016/11/14,1630.0,1665.0,1625.0,1660.0,1656000,-1.0,-1.0,-1.0
2016/11/15,1665.0,1665.0,1640.0,1660.0,1262000,-1.0,-1.0,-1.0
2016/11/16,1665.0,1670.0,1655.0,1665.0,1754000,-1.0,-1.0,-1.0
2016/11/17,1660.0,1685.0,1655.0,1685.0,1840000,-1.0,-1.0,-1.0
2016/11/18,1705.0,1740.0,1705.0,1740.0,4886000,-1.0,-1.0,-1.0
2016/11/21,1745.0,1765.0,1740.0,1765.0,4076000,-1.0,-1.0,-1.0
2016/11/22,1755.0,1760.0,1730.0,1755.0,2378000,-1.0,-1.0,-1.0
2016/11/24,1770.0,1770.0,1750.0,1755.0,1652000,-1.0,-1.0,-1.0
2016/11/25,1760.0,1760.0,1710.0,1720.0,2640000,-1.0,-1.0,-1.0
2016/11/28,1700.0,1755.0,1700.0,1750.0,2298000,-1.0,-1.0,-1.0
2016/11/29,1750.0,1755.0,1730.0,1735.0,1174000,-1.0,-1.0,-1.0
2016/11/30,1735.0,1760.0,1725.0,1755.0,2766000,-1.0,-1.0,-1.0
2016/12/01,1770.0,1775.0,1750.0,1755.0,3196000,-1.0,-1.0,-1.0
2016/12/02,1750.0,1760.0,1735.0,1740.0,1664000,-1.0,-1.0,-1.0
2016/12/05,1710.0,1725.0,1705.0,1710.0,1444000,-1.0,-1.0,-1.0
2016/12/06,1705.0,1725.0,1705.0,1710.0,1406000,-1.0,-1.0,-1.0
2016/12/07,1725.0,1790.0,1720.0,1780.0,5082000,-1.0,-1.0,-1.0
2016/12/08,1810.0,1870.0,1795.0,1865.0,7366000,-1.0,-1.0,-1.0
2016/12/09,1865.0,1875.0,1835.0,1845.0,3230000,-1.0,-1.0,-1.0
2016/12/12,1860.0,1860.0,1800.0,1825.0,2554000,-1.0,-1.0,-1.0
2016/12/13,1805.0,1835.0,1800.0,1825.0,1728000,-1.0,-1.0,-1.0
2016/12/14,1830.0,1835.0,1790.0,1800.0,2346000,-1.0,-1.0,-1.0
2016/12/15,1810.0,1810.0,1770.0,1770.0,2254000,-1.0,-1.0,-1.0
2016/12/16,1770.0,1790.0,1765.0,1765.0,1658000,-1.0,-1.0,-1.0
2016/12/19,1760.0,1765.0,1740.0,1745.0,1368000,-1.0,-1.0,-1.0
2016/12/20,1760.0,1790.0,1755.0,1785.0,1866000,-1.0,-1.0,-1.0
2016/12/21,1800.0,1800.0,1750.0,1760.0,1828000,-1.0,-1.0,-1.0
2016/12/22,1745.0,1750.0,1720.0,1720.0,1836000,-1.0,-1.0,-1.0
2016/12/26,1720.0,1720.0,1705.0,1715.0,1318000,-1.0,-1.0,-1.0
2016/12/27,1705.0,1710.0,1685.0,1690.0,2790000,-1.0,-1.0,-1.0
2016/12/28,1690.0,1745.0,1690.0,1740.0,1588000,-1.0,-1.0,-1.0
2016/12/29,1730.0,1735.0,1700.0,1705.0,1576000,-1.0,-1.0,-1.0
2016/12/30,1695.0,1720.0,1690.0,1715.0,1234000,-1.0,-1.0,-1.0
2017/01/04,1715.0,1745.0,1715.0,1740.0,1482000,-1.0,-1.0,-1.0
2017/01/05,1750.0,1750.0,1730.0,1740.0,1392000,-1.0,-1.0,-1.0
2017/01/06,1715.0,1740.0,1715.0,1735.0,1306000,-1.0,-1.0,-1.0
2017/01/10,1725.0,1730.0,1700.0,1720.0,1578000,-1.0,-1.0,-1.0
2017/01/11,1720.0,1755.0,1710.0,1750.0,1818000,-1.0,-1.0,-1.0
2017/01/12,1740.0,1740.0,1710.0,1720.0,1496000,-1.0,-1.0,-1.0
2017/01/13,1715.0,1725.0,1705.0,1705.0,1320000,-1.0,-1.0,-1.0
2017/01/16,1710.0,1720.0,1690.0,1695.0,1396000,-1.0,-1.0,-1.0
2017/01/17,1690.0,1690.0,1650.0,1665.0,1942000,-1.0,-1.0,-1.0
2017/01/18,1645.0,1665.0,1635.0,1660.0,1482000,-1.0,-1.0,-1.0
2017/01/19,1665.0,1675.0,1655.0,1660.0,1580000,-1.0,-1.0,-1.0
2017/01/20,1650.0,1675.0,1650.0,1675.0,1474000,-1.0,-1.0,-1.0
2017/01/23,1650.0,1660.0,1640.0,1645.0,1310000,-1.0,-1.0,-1.0
2017/01/24,1640.0,1650.0,1630.0,1645.0,1294000,-1.0,-1.0,-1.0
2017/01/25,1670.0,1675.0,1655.0,1670.0,1546000,-1.0,-1.0,-1.0
2017/01/26,1675.0,1690.0,1675.0,1680.0,1662000,-1.0,-1.0,-1.0
2017/01/27,1675.0,1685.0,1665.0,1665.0,1390000,-1.0,-1.0,-1.0
2017/01/30,1665.0,1670.0,1655.0,1660.0,834000,-1.0,-1.0,-1.0
2017/01/31,1650.0,1660.0,1640.0,1650.0,1768000,-1.0,-1.0,-1.0
2017/02/01,1630.0,1665.0,1630.0,1660.0,1346000,-1.0,-1.0,-1.0
2017/02/02,1670.0,1680.0,1650.0,1655.0,1238000,-1.0,-1.0,-1.0
2017/02/03,1655.0,1665.0,1640.0,1655.0,1066000,-1.0,-1.0,-1.0
2017/02/06,1670.0,1670.0,1650.0,1660.0,796000,-1.0,-1.0,-1.0
2017/02/07,1660.0,1685.0,1650.0,1675.0,1086000,-1.0,-1.0,-1.0
2017/02/08,1675.0,1675.0,1655.0,1665.0,1412000,-1.0,-1.0,-1.0
2017/02/09,1665.0,1700.0,1660.0,1700.0,2128000,-1.0,-1.0,-1.0
2017/02/10,1715.0,1725.0,1680.0,1680.0,3644000,-1.0,-1.0,-1.0
2017/02/13,1700.0,1700.0,1680.0,1690.0,1588000,-1.0,-1.0,-1.0
2017/02/14,1705.0,1710.0,1690.0,1690.0,1534000,-1.0,-1.0,-1.0
2017/02/15,1705.0,1715.0,1695.0,1700.0,1480000,-1.0,-1.0,-1.0
2017/02/16,1695.0,1705.0,1680.0,1695.0,898000,-1.0,-1.0,-1.0
2017/02/17,1685.0,1700.0,1680.0,1690.0,1198000,-1.0,-1.0,-1.0
2017/02/20,1685.0,1695.0,1675.0,1685.0,1052000,-1.0,-1.0,-1.0
2017/02/21,1685.0,1695.0,1680.0,1695.0,978000,-1.0,-1.0,-1.0
2017/02/22,1700.0,1700.0,1675.0,1685.0,1074000,-1.0,-1.0,-1.0
2017/02/23,1685.0,1685.0,1665.0,1680.0,934000,-1.0,-1.0,-1.0
2017/02/24,1685.0,1685.0,1665.0,1670.0,1316000,-1.0,-1.0,-1.0
2017/02/27,1670.0,1670.0,1650.0,1655.0,1146000,-1.0,-1.0,-1.0
2017/02/28,1660.0,1670.0,1655.0,1655.0,800000,-1.0,-1.0,-1.0
2017/03/01,1655.0,1670.0,1640.0,1665.0,1398000,-1.0,-1.0,-1.0
2017/03/02,1685.0,1685.0,1670.0,1685.0,1114000,-1.0,-1.0,-1.0
2017/03/03,1680.0,1680.0,1665.0,1670.0,904000,-1.0,-1.0,-1.0
2017/03/06,1665.0,1670.0,1660.0,1660.0,886000,-1.0,-1.0,-1.0
2017/03/07,1660.0,1665.0,1655.0,1655.0,752000,-1.0,-1.0,-1.0
2017/03/08,1655.0,1665.0,1655.0,1660.0,734000,-1.0,-1.0,-1.0
2017/03/09,1665.0,1670.0,1655.0,1660.0,704000,-1.0,-1.0,-1.0
2017/03/10,1665.0,1665.0,1645.0,1660.0,1562000,-1.0,-1.0,-1.0
2017/03/13,1660.0,1665.0,1650.0,1665.0,718000,-1.0,-1.0,-1.0
2017/03/14,1660.0,1665.0,1655.0,1665.0,492000,-1.0,-1.0,-1.0
2017/03/15,1655.0,1665.0,1655.0,1655.0,708000,-1.0,-1.0,-1.0
2017/03/16,1665.0,1685.0,1655.0,1685.0,1598000,-1.0,-1.0,-1.0
2017/03/17,1680.0,1685.0,1665.0,1670.0,632000,-1.0,-1.0,-1.0
2017/03/21,1670.0,1680.0,1670.0,1670.0,562000,-1.0,-1.0,-1.0
2017/03/22,1650.0,1660.0,1650.0,1650.0,690000,-1.0,-1.0,-1.0
2017/03/23,1645.0,1650.0,1630.0,1630.0,1028000,-1.0,-1.0,-1.0
2017/03/24,1625.0,1655.0,1595.0,1650.0,2372000,-1.0,-1.0,-1.0
2017/03/27,1640.0,1645.0,1620.0,1630.0,906000,-1.0,-1.0,-1.0
2017/03/28,1630.0,1660.0,1625.0,1660.0,1380000,-1.0,-1.0,-1.0
2017/03/29,1660.0,1715.0,1660.0,1705.0,2424000,-1.0,-1.0,-1.0
2017/03/30,1700.0,1715.0,1685.0,1690.0,1664000,-1.0,-1.0,-1.0
2017/03/31,1705.0,1710.0,1675.0,1675.0,1334000,-1.0,-1.0,-1.0
2017/04/03,1680.0,1700.0,1680.0,1695.0,1282000,-1.0,-1.0,-1.0
2017/04/04,1690.0,1695.0,1660.0,1675.0,1254000,-1.0,-1.0,-1.0
2017/04/05,1685.0,1685.0,1655.0,1660.0,1068000,-1.0,-1.0,-1.0
2017/04/06,1650.0,1650.0,1600.0,1605.0,1286000,-1.0,-1.0,-1.0
2017/04/07,1605.0,1625.0,1580.0,1600.0,1760000,-1.0,-1.0,-1.0
2017/04/10,1615.0,1620.0,1610.0,1610.0,560000,-1.0,-1.0,-1.0
2017/04/11,1605.0,1615.0,1600.0,1615.0,992000,-1.0,-1.0,-1.0
2017/04/12,1585.0,1590.0,1565.0,1570.0,1420000,-1.0,-1.0,-1.0
2017/04/13,1555.0,1565.0,1540.0,1560.0,1548000,-1.0,-1.0,-1.0
2017/04/14,1545.0,1550.0,1520.0,1525.0,1272000,-1.0,-1.0,-1.0
2017/04/17,1515.0,1530.0,1510.0,1530.0,756000,-1.0,-1.0,-1.0
2017/04/18,1555.0,1580.0,1555.0,1570.0,1180000,-1.0,-1.0,-1.0
2017/04/19,1560.0,1575.0,1555.0,1560.0,842000,-1.0,-1.0,-1.0
2017/04/20,1570.0,1570.0,1555.0,1555.0,566000,-1.0,-1.0,-1.0
2017/04/21,1565.0,1575.0,1555.0,1565.0,856000,-1.0,-1.0,-1.0
2017/04/24,1565.0,1570.0,1555.0,1565.0,740000,-1.0,-1.0,-1.0
2017/04/25,1615.0,1615.0,1590.0,1600.0,2258000,-1.0,-1.0,-1.0
2017/04/26,1605.0,1655.0,1605.0,1655.0,2446000,-1.0,-1.0,-1.0
2017/04/27,1650.0,1650.0,1635.0,1640.0,912000,-1.0,-1.0,-1.0
2017/04/28,1640.0,1655.0,1635.0,1650.0,1094000,-1.0,-1.0,-1.0
2017/05/01,1625.0,1665.0,1620.0,1655.0,776000,-1.0,-1.0,-1.0
2017/05/02,1660.0,1680.0,1660.0,1670.0,954000,-1.0,-1.0,-1.0
2017/05/08,1690.0,1705.0,1690.0,1695.0,1870000,-1.0,-1.0,-1.0
2017/05/09,1690.0,1695.0,1675.0,1690.0,942000,-1.0,-1.0,-1.0
2017/05/10,1685.0,1700.0,1680.0,1680.0,918000,-1.0,-1.0,-1.0
2017/05/11,1695.0,1700.0,1685.0,1690.0,1314000,-1.0,-1.0,-1.0
2017/05/12,1700.0,1700.0,1670.0,1685.0,844000,-1.0,-1.0,-1.0
2017/05/15,1660.0,1720.0,1660.0,1710.0,1806000,-1.0,-1.0,-1.0
2017/05/16,1715.0,1715.0,1695.0,1705.0,1204000,-1.0,-1.0,-1.0
2017/05/17,1695.0,1710.0,1685.0,1710.0,1238000,-1.0,-1.0,-1.0
2017/05/18,1670.0,1690.0,1665.0,1690.0,1124000,-1.0,-1.0,-1.0
2017/05/19,1695.0,1705.0,1685.0,1700.0,1272000,-1.0,-1.0,-1.0
2017/05/22,1685.0,1710.0,1685.0,1700.0,1494000,-1.0,-1.0,-1.0
2017/05/23,1705.0,1710.0,1695.0,1695.0,1006000,-1.0,-1.0,-1.0
2017/05/24,1695.0,1705.0,1690.0,1695.0,1090000,-1.0,-1.0,-1.0
2017/05/25,1700.0,1740.0,1695.0,1735.0,2560000,-1.0,-1.0,-1.0
2017/05/26,1735.0,1735.0,1700.0,1700.0,1614000,-1.0,-1.0,-1.0
2017/05/29,1700.0,1710.0,1690.0,1690.0,774000,-1.0,-1.0,-1.0
2017/05/30,1695.0,1700.0,1675.0,1700.0,778000,-1.0,-1.0,-1.0
2017/05/31,1690.0,1690.0,1675.0,1675.0,972000,-1.0,-1.0,-1.0
2017/06/01,1685.0,1715.0,1680.0,1715.0,1536000,-1.0,-1.0,-1.0
2017/06/02,1715.0,1730.0,1705.0,1725.0,2384000,-1.0,-1.0,-1.0
2017/06/05,1730.0,1755.0,1720.0,1750.0,2670000,-1.0,-1.0,-1.0
2017/06/06,1740.0,1755.0,1715.0,1740.0,1844000,-1.0,-1.0,-1.0
2017/06/07,1740.0,1750.0,1725.0,1745.0,1338000,-1.0,-1.0,-1.0
2017/06/08,1755.0,1770.0,1745.0,1760.0,2360000,-1.0,-1.0,-1.0
2017/06/09,1755.0,1775.0,1750.0,1760.0,1924000,-1.0,-1.0,-1.0
2017/06/12,1745.0,1755.0,1740.0,1745.0,994000,-1.0,-1.0,-1.0
2017/06/13,1740.0,1760.0,1740.0,1755.0,1396000,-1.0,-1.0,-1.0
2017/06/14,1760.0,1770.0,1750.0,1750.0,2100000,-1.0,-1.0,-1.0
2017/06/15,1750.0,1775.0,1745.0,1755.0,1776000,-1.0,-1.0,-1.0
2017/06/16,1760.0,1770.0,1750.0,1760.0,1366000,-1.0,-1.0,-1.0
2017/06/19,1755.0,1775.0,1755.0,1770.0,1736000,-1.0,-1.0,-1.0
2017/06/20,1765.0,1780.0,1760.0,1775.0,1794000,-1.0,-1.0,-1.0
2017/06/21,1775.0,1775.0,1760.0,1760.0,1078000,-1.0,-1.0,-1.0
2017/06/22,1755.0,1760.0,1730.0,1730.0,1436000,-1.0,-1.0,-1.0
2017/06/23,1740.0,1740.0,1720.0,1720.0,934000,-1.0,-1.0,-1.0
2017/06/26,1700.0,1705.0,1690.0,1690.0,880000,-1.0,-1.0,-1.0
2017/06/27,1700.0,1705.0,1690.0,1690.0,844000,-1.0,-1.0,-1.0
2017/06/28,1680.0,1695.0,1675.0,1685.0,1948000,-1.0,-1.0,-1.0
2017/06/29,1690.0,1690.0,1675.0,1685.0,1740000,-1.0,-1.0,-1.0
2017/06/30,1675.0,1675.0,1655.0,1670.0,1282000,-1.0,-1.0,-1.0
2017/07/03,1675.0,1695.0,1670.0,1670.0,810000,-1.0,-1.0,-1.0
2017/07/04,1690.0,1690.0,1660.0,1670.0,980000,-1.0,-1.0,-1.0
2017/07/05,1675.0,1685.0,1660.0,1680.0,864000,-1.0,-1.0,-1.0
2017/07/06,1700.0,1720.0,1695.0,1700.0,1264000,-1.0,-1.0,-1.0
2017/07/07,1695.0,1710.0,1690.0,1695.0,960000,-1.0,-1.0,-1.0
2017/07/10,1700.0,1720.0,1700.0,1705.0,852000,-1.0,-1.0,-1.0
2017/07/11,1710.0,1720.0,1700.0,1715.0,800000,-1.0,-1.0,-1.0
2017/07/12,1705.0,1715.0,1695.0,1700.0,766000,-1.0,-1.0,-1.0
2017/07/13,1700.0,1715.0,1695.0,1700.0,688000,-1.0,-1.0,-1.0
2017/07/14,1700.0,1710.0,1690.0,1705.0,666000,-1.0,-1.0,-1.0
2017/07/18,1700.0,1710.0,1690.0,1705.0,716000,-1.0,-1.0,-1.0
2017/07/19,1695.0,1715.0,1690.0,1715.0,716000,-1.0,-1.0,-1.0
2017/07/20,1710.0,1715.0,1700.0,1715.0,818000,-1.0,-1.0,-1.0
2017/07/21,1700.0,1710.0,1695.0,1705.0,754000,-1.0,-1.0,-1.0
2017/07/24,1705.0,1740.0,1705.0,1740.0,1952000,-1.0,-1.0,-1.0
2017/07/25,1740.0,1740.0,1715.0,1720.0,758000,-1.0,-1.0,-1.0
2017/07/26,1720.0,1725.0,1710.0,1725.0,722000,-1.0,-1.0,-1.0
2017/07/27,1725.0,1730.0,1710.0,1710.0,806000,-1.0,-1.0,-1.0
2017/07/28,1705.0,1710.0,1680.0,1695.0,690000,-1.0,-1.0,-1.0
2017/07/31,1695.0,1705.0,1680.0,1695.0,636000,-1.0,-1.0,-1.0
2017/08/01,1695.0,1715.0,1695.0,1710.0,896000,-1.0,-1.0,-1.0
2017/08/02,1720.0,1725.0,1705.0,1720.0,594000,-1.0,-1.0,-1.0
2017/08/03,1720.0,1740.0,1715.0,1730.0,1326000,-1.0,-1.0,-1.0
2017/08/04,1745.0,1770.0,1745.0,1765.0,2572000,-1.0,-1.0,-1.0
2017/08/07,1770.0,1785.0,1760.0,1780.0,1954000,-1.0,-1.0,-1.0
2017/08/08,1775.0,1775.0,1745.0,1750.0,1452000,-1.0,-1.0,-1.0
2017/08/09,1750.0,1750.0,1705.0,1725.0,1196000,-1.0,-1.0,-1.0
2017/08/10,1770.0,1835.0,1760.0,1820.0,8142000,-1.0,-1.0,-1.0
2017/08/14,1795.0,1815.0,1780.0,1795.0,2166000,-1.0,-1.0,-1.0
2017/08/15,1815.0,1845.0,1805.0,1815.0,2434000,-1.0,-1.0,-1.0
2017/08/16,1820.0,1820.0,1780.0,1785.0,1472000,-1.0,-1.0,-1.0
2017/08/17,1780.0,1785.0,1755.0,1770.0,1666000,-1.0,-1.0,-1.0
2017/08/18,1740.0,1765.0,1735.0,1745.0,1490000,-1.0,-1.0,-1.0
2017/08/21,1735.0,1760.0,1735.0,1750.0,1166000,-1.0,-1.0,-1.0
2017/08/22,1760.0,1765.0,1740.0,1750.0,734000,-1.0,-1.0,-1.0
2017/08/23,1760.0,1765.0,1745.0,1745.0,798000,-1.0,-1.0,-1.0
2017/08/24,1745.0,1760.0,1735.0,1745.0,526000,-1.0,-1.0,-1.0
2017/08/25,1755.0,1755.0,1730.0,1745.0,1050000,-1.0,-1.0,-1.0
2017/08/28,1730.0,1755.0,1730.0,1755.0,1130000,-1.0,-1.0,-1.0
2017/08/29,1740.0,1770.0,1740.0,1770.0,1112000,-1.0,-1.0,-1.0
2017/08/30,1790.0,1790.0,1755.0,1775.0,1332000,-1.0,-1.0,-1.0
2017/08/31,1785.0,1810.0,1780.0,1800.0,1138000,-1.0,-1.0,-1.0
2017/09/01,1800.0,1815.0,1790.0,1805.0,758000,-1.0,-1.0,-1.0
2017/09/04,1790.0,1800.0,1750.0,1755.0,1360000,-1.0,-1.0,-1.0
2017/09/05,1760.0,1770.0,1720.0,1725.0,1280000,-1.0,-1.0,-1.0
2017/09/06,1710.0,1730.0,1700.0,1710.0,1270000,-1.0,-1.0,-1.0
2017/09/07,1715.0,1730.0,1700.0,1715.0,1002000,-1.0,-1.0,-1.0
2017/09/08,1705.0,1730.0,1705.0,1715.0,1180000,-1.0,-1.0,-1.0
2017/09/11,1730.0,1735.0,1715.0,1720.0,456000,-1.0,-1.0,-1.0
2017/09/12,1725.0,1735.0,1695.0,1715.0,1940000,-1.0,-1.0,-1.0
2017/09/13,1740.0,1775.0,1730.0,1770.0,1392000,-1.0,-1.0,-1.0
2017/09/14,1755.0,1775.0,1755.0,1775.0,1022000,-1.0,-1.0,-1.0
2017/09/15,1755.0,1780.0,1755.0,1775.0,1098000,-1.0,-1.0,-1.0
2017/09/19,1785.0,1800.0,1775.0,1790.0,1782000,-1.0,-1.0,-1.0
2017/09/20,1780.0,1800.0,1780.0,1800.0,936000,-1.0,-1.0,-1.0
2017/09/21,1795.0,1820.0,1795.0,1805.0,1292000,-1.0,-1.0,-1.0
2017/09/22,1800.0,1800.0,1775.0,1790.0,916000,-1.0,-1.0,-1.0
2017/09/25,1800.0,1800.0,1780.0,1790.0,600000,-1.0,-1.0,-1.0
2017/09/26,1780.0,1800.0,1780.0,1800.0,1036000,-1.0,-1.0,-1.0
2017/09/27,1807.5,1867.5,1805.0,1850.0,196800,-1.0,-1.0,-1.0
2017/09/28,1842.5,1847.5,1810.0,1830.0,113200,-1.0,-1.0,-1.0
2017/09/29,1810.0,1820.0,1800.0,1810.0,104400,-1.0,-1.0,-1.0
2017/10/02,1825.0,1830.0,1797.5,1802.5,76400,-1.0,-1.0,-1.0
2017/10/03,1800.0,1805.0,1780.0,1785.0,115800,-1.0,-1.0,-1.0
2017/10/04,1782.5,1795.0,1780.0,1785.0,42000,-1.0,-1.0,-1.0
2017/10/05,1785.0,1790.0,1775.0,1777.5,76800,-1.0,-1.0,-1.0
2017/10/06,1777.5,1777.5,1760.0,1762.5,76200,-1.0,-1.0,-1.0
2017/10/10,1780.0,1780.0,1765.0,1772.5,72600,-1.0,-1.0,-1.0
2017/10/11,1770.0,1787.5,1762.5,1787.5,99400,-1.0,-1.0,-1.0
2017/10/12,1800.0,1800.0,1780.0,1795.0,112600,-1.0,-1.0,-1.0
2017/10/13,1790.0,1795.0,1772.5,1787.5,118600,-1.0,-1.0,-1.0
2017/10/16,1795.0,1795.0,1780.0,1782.5,48200,-1.0,-1.0,-1.0
2017/10/17,1792.5,1792.5,1760.0,1772.5,82800,-1.0,-1.0,-1.0
2017/10/18,1772.5,1777.5,1750.0,1760.0,80200,-1.0,-1.0,-1.0
2017/10/19,1760.0,1762.5,1747.5,1752.5,80800,-1.0,-1.0,-1.0
2017/10/20,1747.5,1787.5,1742.5,1780.0,145600,-1.0,-1.0,-1.0
2017/10/23,1795.0,1805.0,1787.5,1797.5,104800,-1.0,-1.0,-1.0
2017/10/24,1805.0,1932.5,1802.5,1857.5,734800,-1.0,-1.0,-1.0
2017/10/25,1862.5,1862.5,1817.5,1825.0,445800,-1.0,-1.0,-1.0
2017/10/26,1820.0,1832.5,1802.5,1827.5,202800,-1.0,-1.0,-1.0
2017/10/27,1835.0,1862.5,1832.5,1852.5,156400,-1.0,-1.0,-1.0
2017/10/30,1855.0,1865.0,1840.0,1862.5,112800,-1.0,-1.0,-1.0
2017/10/31,1865.0,1897.5,1857.5,1897.5,208000,-1.0,-1.0,-1.0
2017/11/01,1907.5,1922.5,1900.0,1907.5,204800,-1.0,-1.0,-1.0
2017/11/02,1900.0,1910.0,1880.0,1897.5,134800,-1.0,-1.0,-1.0
2017/11/06,1915.0,1920.0,1907.5,1915.0,98800,-1.0,-1.0,-1.0
2017/11/07,1902.5,1927.5,1902.5,1920.0,127400,-1.0,-1.0,-1.0
2017/11/08,1925.0,1940.0,1912.5,1917.5,180800,-1.0,-1.0,-1.0
2017/11/09,1915.0,1935.0,1892.5,1912.5,192400,-1.0,-1.0,-1.0
2017/11/10,1892.5,1912.5,1882.5,1882.5,92200,-1.0,-1.0,-1.0
2017/11/13,1862.5,1865.0,1765.0,1767.5,354600,-1.0,-1.0,-1.0
2017/11/14,1767.5,1767.5,1705.0,1722.5,359800,-1.0,-1.0,-1.0
2017/11/15,1730.0,1730.0,1672.5,1675.0,302600,-1.0,-1.0,-1.0
2017/11/16,1667.5,1700.0,1665.0,1682.5,178400,-1.0,-1.0,-1.0
2017/11/17,1700.0,1702.5,1650.0,1652.5,275200,-1.0,-1.0,-1.0
2017/11/20,1655.0,1672.5,1652.5,1655.0,142200,-1.0,-1.0,-1.0
2017/11/21,1655.0,1670.0,1645.0,1652.5,153800,-1.0,-1.0,-1.0
2017/11/22,1657.5,1665.0,1650.0,1652.5,91000,-1.0,-1.0,-1.0
2017/11/24,1657.5,1657.5,1635.0,1640.0,112800,-1.0,-1.0,-1.0
2017/11/27,1640.0,1655.0,1630.0,1640.0,95600,-1.0,-1.0,-1.0
2017/11/28,1647.5,1650.0,1630.0,1640.0,79000,-1.0,-1.0,-1.0
2017/11/29,1650.0,1677.5,1642.5,1675.0,123200,-1.0,-1.0,-1.0
2017/11/30,1675.0,1682.5,1660.0,1680.0,131400,-1.0,-1.0,-1.0
2017/12/01,1690.0,1692.5,1665.0,1675.0,114400,-1.0,-1.0,-1.0
2017/12/04,1670.0,1680.0,1662.5,1667.5,102200,-1.0,-1.0,-1.0
2017/12/05,1662.5,1707.5,1662.5,1702.5,212200,-1.0,-1.0,-1.0
2017/12/06,1697.5,1697.5,1675.0,1677.5,145400,-1.0,-1.0,-1.0
2017/12/07,1685.0,1705.0,1677.5,1702.5,131200,-1.0,-1.0,-1.0
2017/12/08,1685.0,1707.5,1685.0,1702.5,127600,-1.0,-1.0,-1.0
2017/12/11,1697.5,1697.5,1662.5,1682.5,207200,-1.0,-1.0,-1.0
2017/12/12,1672.5,1692.5,1670.0,1677.5,93600,-1.0,-1.0,-1.0
2017/12/13,1680.0,1682.5,1657.5,1662.5,116400,-1.0,-1.0,-1.0
2017/12/14,1665.0,1682.5,1665.0,1667.5,122400,-1.0,-1.0,-1.0
2017/12/15,1665.0,1680.0,1657.5,1675.0,163400,-1.0,-1.0,-1.0
2017/12/18,1662.5,1667.5,1655.0,1662.5,147000,-1.0,-1.0,-1.0
2017/12/19,1660.0,1660.0,1635.0,1645.0,204200,-1.0,-1.0,-1.0
2017/12/20,1645.0,1650.0,1635.0,1640.0,148200,-1.0,-1.0,-1.0
2017/12/21,1637.5,1665.0,1635.0,1652.5,151400,-1.0,-1.0,-1.0
2017/12/22,1652.5,1665.0,1652.5,1660.0,141000,-1.0,-1.0,-1.0
2017/12/25,1660.0,1667.5,1650.0,1650.0,157800,-1.0,-1.0,-1.0
2017/12/26,1652.5,1662.5,1647.5,1647.5,128000,-1.0,-1.0,-1.0
2017/12/27,1660.0,1712.5,1660.0,1707.5,237000,-1.0,-1.0,-1.0
2017/12/28,1705.0,1717.5,1695.0,1700.0,173800,-1.0,-1.0,-1.0
2017/12/29,1707.5,1717.5,1705.0,1710.0,85800,-1.0,-1.0,-1.0
2018/01/04,1717.5,1730.0,1710.0,1717.5,127200,-1.0,-1.0,-1.0
2018/01/05,1722.5,1722.5,1700.0,1707.5,145800,-1.0,-1.0,-1.0
2018/01/09,1702.5,1712.5,1695.0,1712.5,156400,-1.0,-1.0,-1.0
2018/01/10,1705.0,1707.5,1695.0,1695.0,94800,-1.0,-1.0,-1.0
2018/01/11,1690.0,1697.5,1682.5,1695.0,131400,-1.0,-1.0,-1.0
2018/01/12,1692.5,1697.5,1685.0,1687.5,125600,-1.0,-1.0,-1.0
2018/01/15,1687.5,1687.5,1675.0,1680.0,109800,-1.0,-1.0,-1.0
2018/01/16,1680.0,1682.5,1675.0,1677.5,75000,-1.0,-1.0,-1.0
2018/01/17,1670.0,1682.5,1667.5,1672.5,109200,-1.0,-1.0,-1.0
2018/01/18,1672.5,1672.5,1647.5,1647.5,197400,-1.0,-1.0,-1.0
2018/01/19,1647.5,1667.5,1647.5,1667.5,121600,-1.0,-1.0,-1.0
2018/01/22,1670.0,1672.5,1657.5,1670.0,105000,-1.0,-1.0,-1.0
2018/01/23,1670.0,1675.0,1665.0,1665.0,82600,-1.0,-1.0,-1.0
2018/01/24,1662.5,1672.5,1657.5,1660.0,103200,-1.0,-1.0,-1.0
2018/01/25,1660.0,1660.0,1642.5,1647.5,161400,-1.0,-1.0,-1.0
2018/01/26,1652.5,1665.0,1650.0,1655.0,92600,-1.0,-1.0,-1.0
2018/01/29,1655.0,1680.0,1650.0,1675.0,148600,-1.0,-1.0,-1.0
2018/01/30,1675.0,1675.0,1642.5,1650.0,191800,-1.0,-1.0,-1.0
2018/01/31,1645.0,1655.0,1642.5,1645.0,125000,-1.0,-1.0,-1.0
2018/02/01,1657.5,1662.5,1645.0,1660.0,105800,-1.0,-1.0,-1.0
2018/02/02,1657.5,1662.5,1650.0,1657.5,65200,-1.0,-1.0,-1.0
2018/02/05,1630.0,1635.0,1615.0,1620.0,205800,-1.0,-1.0,-1.0
2018/02/06,1550.0,1555.0,1495.5,1527.5,349400,-1.0,-1.0,-1.0
2018/02/07,1560.0,1585.0,1522.5,1525.0,186400,-1.0,-1.0,-1.0
2018/02/08,1525.0,1560.0,1520.0,1555.0,128800,-1.0,-1.0,-1.0
2018/02/09,1500.0,1527.5,1486.0,1527.5,110200,-1.0,-1.0,-1.0
2018/02/13,1530.0,1530.0,1440.0,1445.0,338800,-1.0,-1.0,-1.0
2018/02/14,1454.0,1464.5,1416.5,1426.5,160400,-1.0,-1.0,-1.0
2018/02/15,1439.0,1454.5,1428.0,1434.0,90600,-1.0,-1.0,-1.0
2018/02/16,1434.0,1474.5,1434.0,1466.5,89200,-1.0,-1.0,-1.0
2018/02/19,1475.0,1530.0,1465.5,1530.0,148000,-1.0,-1.0,-1.0
2018/02/20,1520.0,1542.5,1505.0,1540.0,78800,-1.0,-1.0,-1.0
2018/02/21,1540.0,1587.5,1535.0,1577.5,190000,-1.0,-1.0,-1.0
2018/02/22,1565.0,1565.0,1530.0,1550.0,136000,-1.0,-1.0,-1.0
2018/02/23,1557.5,1577.5,1557.5,1572.5,80800,-1.0,-1.0,-1.0
2018/02/26,1575.0,1580.0,1555.0,1575.0,84400,-1.0,-1.0,-1.0
2018/02/27,1587.5,1592.5,1570.0,1577.5,73800,-1.0,-1.0,-1.0
2018/02/28,1557.5,1582.5,1557.5,1567.5,72000,-1.0,-1.0,-1.0
2018/03/01,1557.5,1557.5,1537.5,1545.0,84200,-1.0,-1.0,-1.0
2018/03/02,1510.0,1535.0,1505.0,1517.5,123000,-1.0,-1.0,-1.0
2018/03/05,1505.0,1520.0,1499.5,1512.5,135400,-1.0,-1.0,-1.0
2018/03/06,1525.0,1550.0,1520.0,1530.0,107200,-1.0,-1.0,-1.0
2018/03/07,1522.5,1550.0,1515.0,1535.0,69400,-1.0,-1.0,-1.0
2018/03/08,1540.0,1545.0,1522.5,1530.0,50200,-1.0,-1.0,-1.0
2018/03/09,1545.0,1557.5,1532.5,1542.5,117200,-1.0,-1.0,-1.0
2018/03/12,1545.0,1562.5,1545.0,1555.0,74600,-1.0,-1.0,-1.0
2018/03/13,1537.5,1572.5,1537.5,1572.5,72000,-1.0,-1.0,-1.0
2018/03/14,1555.0,1570.0,1555.0,1557.5,48800,-1.0,-1.0,-1.0
2018/03/15,1557.5,1557.5,1520.0,1532.5,83800,-1.0,-1.0,-1.0
2018/03/16,1532.5,1560.0,1532.5,1540.0,84400,-1.0,-1.0,-1.0
2018/03/19,1547.5,1547.5,1512.5,1517.5,73200,-1.0,-1.0,-1.0
2018/03/20,1495.0,1507.5,1482.5,1502.5,106400,-1.0,-1.0,-1.0
2018/03/22,1510.0,1515.0,1495.0,1512.5,74800,-1.0,-1.0,-1.0
2018/03/23,1477.5,1480.0,1449.0,1454.5,116600,-1.0,-1.0,-1.0
2018/03/26,1440.0,1455.0,1411.5,1455.0,104200,-1.0,-1.0,-1.0
2018/03/27,1480.0,1515.0,1471.0,1515.0,110600,-1.0,-1.0,-1.0
2018/03/28,1489.5,1510.0,1471.0,1510.0,58800,-1.0,-1.0,-1.0
2018/03/29,1525.0,1530.0,1497.5,1522.5,61200,-1.0,-1.0,-1.0
2018/03/30,1527.5,1532.5,1515.0,1527.5,50400,-1.0,-1.0,-1.0
2018/04/02,1527.5,1530.0,1505.0,1507.5,51200,-1.0,-1.0,-1.0
2018/04/03,1483.0,1510.0,1482.0,1502.5,50000,-1.0,-1.0,-1.0
2018/04/04,1500.0,1525.0,1493.5,1520.0,79600,-1.0,-1.0,-1.0
2018/04/05,1515.0,1522.5,1498.0,1515.0,75800,-1.0,-1.0,-1.0
2018/04/06,1515.0,1517.5,1500.0,1502.5,56800,-1.0,-1.0,-1.0
2018/04/09,1502.5,1532.5,1498.5,1522.5,99400,-1.0,-1.0,-1.0
2018/04/10,1520.0,1532.5,1510.0,1527.5,60000,-1.0,-1.0,-1.0
2018/04/11,1535.0,1542.5,1507.5,1512.5,95400,-1.0,-1.0,-1.0
2018/04/12,1507.5,1515.0,1497.0,1500.0,58200,-1.0,-1.0,-1.0
2018/04/13,1499.0,1515.0,1499.0,1515.0,31000,-1.0,-1.0,-1.0
2018/04/16,1520.0,1520.0,1505.0,1517.5,26000,-1.0,-1.0,-1.0
2018/04/17,1512.5,1527.5,1512.5,1515.0,36600,-1.0,-1.0,-1.0
2018/04/18,1517.5,1532.5,1502.5,1522.5,159200,-1.0,-1.0,-1.0
2018/04/19,1535.0,1575.0,1530.0,1567.5,138800,-1.0,-1.0,-1.0
2018/04/20,1550.0,1565.0,1545.0,1547.5,68800,-1.0,-1.0,-1.0
2018/04/23,1552.5,1552.5,1540.0,1542.5,43400,-1.0,-1.0,-1.0
2018/04/24,1547.5,1565.0,1542.5,1565.0,95000,-1.0,-1.0,-1.0
2018/04/25,1615.0,1665.0,1610.0,1665.0,581800,-1.0,-1.0,-1.0
2018/04/26,1655.0,1680.0,1610.0,1652.5,382800,-1.0,-1.0,-1.0
2018/04/27,1657.5,1660.0,1615.0,1640.0,153000,-1.0,-1.0,-1.0
2018/05/01,1657.5,1657.5,1625.0,1642.5,110400,-1.0,-1.0,-1.0
2018/05/02,1650.0,1660.0,1642.5,1660.0,132400,-1.0,-1.0,-1.0
2018/05/07,1627.5,1652.5,1627.5,1652.5,56600,-1.0,-1.0,-1.0
2018/05/08,1652.5,1682.5,1652.5,1667.5,132200,-1.0,-1.0,-1.0
2018/05/09,1657.5,1670.0,1647.5,1665.0,118600,-1.0,-1.0,-1.0
2018/05/10,1657.5,1680.0,1657.5,1680.0,109200,-1.0,-1.0,-1.0
2018/05/11,1667.5,1677.5,1655.0,1655.0,79400,-1.0,-1.0,-1.0
2018/05/14,1645.0,1670.0,1632.5,1652.5,163600,-1.0,-1.0,-1.0
2018/05/15,1640.0,1665.0,1635.0,1657.5,120400,-1.0,-1.0,-1.0
2018/05/16,1655.0,1672.5,1627.5,1660.0,142800,-1.0,-1.0,-1.0
2018/05/17,1660.0,1667.5,1637.5,1640.0,113000,-1.0,-1.0,-1.0
2018/05/18,1632.5,1637.5,1585.0,1595.0,217200,-1.0,-1.0,-1.0
2018/05/21,1602.5,1602.5,1567.5,1575.0,109200,-1.0,-1.0,-1.0
2018/05/22,1575.0,1577.5,1547.5,1550.0,117200,-1.0,-1.0,-1.0
2018/05/23,1542.5,1545.0,1527.5,1530.0,82600,-1.0,-1.0,-1.0
2018/05/24,1535.0,1542.5,1507.5,1512.5,129000,-1.0,-1.0,-1.0
2018/05/25,1507.5,1517.5,1500.0,1510.0,79600,-1.0,-1.0,-1.0
2018/05/28,1512.5,1522.5,1500.0,1517.5,75800,-1.0,-1.0,-1.0
2018/05/29,1517.5,1522.5,1486.0,1500.0,106400,-1.0,-1.0,-1.0
2018/05/30,1488.5,1492.5,1474.0,1477.0,99600,-1.0,-1.0,-1.0
2018/05/31,1481.5,1505.0,1480.5,1492.5,114400,-1.0,-1.0,-1.0
2018/06/01,1481.0,1507.5,1469.0,1502.5,127400,-1.0,-1.0,-1.0
2018/06/04,1507.5,1525.0,1507.5,1520.0,100800,-1.0,-1.0,-1.0
2018/06/05,1522.5,1530.0,1495.5,1510.0,79600,-1.0,-1.0,-1.0
2018/06/06,1510.0,1525.0,1502.5,1512.5,67800,-1.0,-1.0,-1.0
2018/06/07,1507.5,1517.5,1505.0,1512.5,65000,-1.0,-1.0,-1.0
2018/06/08,1502.5,1517.5,1502.5,1510.0,88000,-1.0,-1.0,-1.0
2018/06/11,1515.0,1527.5,1500.0,1525.0,58000,-1.0,-1.0,-1.0
2018/06/12,1535.0,1550.0,1517.5,1520.0,135800,-1.0,-1.0,-1.0
2018/06/13,1520.0,1520.0,1507.5,1520.0,78200,-1.0,-1.0,-1.0
2018/06/14,1510.0,1510.0,1500.0,1500.0,59000,-1.0,-1.0,-1.0
2018/06/15,1505.0,1505.0,1490.0,1490.5,84000,-1.0,-1.0,-1.0
2018/06/18,1502.5,1502.5,1480.5,1488.5,83200,-1.0,-1.0,-1.0
2018/06/19,1477.5,1482.0,1450.5,1454.0,150600,-1.0,-1.0,-1.0
2018/06/20,1455.0,1480.0,1432.5,1477.5,126000,-1.0,-1.0,-1.0
2018/06/21,1468.5,1470.0,1458.5,1461.5,66200,-1.0,-1.0,-1.0
2018/06/22,1452.0,1512.5,1436.0,1505.0,298600,-1.0,-1.0,-1.0
2018/06/25,1491.5,1502.5,1471.5,1475.0,100000,-1.0,-1.0,-1.0
2018/06/26,1454.5,1497.5,1454.5,1496.5,101000,-1.0,-1.0,-1.0
2018/06/27,1480.5,1515.0,1480.5,1505.0,96800,-1.0,-1.0,-1.0
2018/06/28,1507.5,1522.5,1493.0,1507.5,99800,-1.0,-1.0,-1.0
2018/06/29,1500.0,1527.5,1493.0,1527.5,101800,-1.0,-1.0,-1.0
2018/07/02,1522.5,1525.0,1473.5,1474.5,96800,-1.0,-1.0,-1.0
2018/07/03,1480.5,1482.5,1429.5,1443.5,139800,-1.0,-1.0,-1.0
2018/07/04,1468.0,1500.0,1461.0,1493.0,149400,-1.0,-1.0,-1.0
2018/07/05,1483.5,1489.5,1458.0,1464.5,75600,-1.0,-1.0,-1.0
2018/07/06,1478.5,1489.0,1471.5,1486.5,66200,-1.0,-1.0,-1.0
2018/07/09,1493.5,1507.5,1486.5,1505.0,82200,-1.0,-1.0,-1.0
2018/07/10,1517.5,1522.5,1499.5,1499.5,91200,-1.0,-1.0,-1.0
2018/07/11,1502.5,1505.0,1479.5,1492.5,70200,-1.0,-1.0,-1.0
2018/07/12,1499.5,1499.5,1480.5,1488.0,56800,-1.0,-1.0,-1.0
2018/07/13,1515.0,1515.0,1478.5,1482.5,80200,-1.0,-1.0,-1.0
2018/07/17,1480.0,1510.0,1477.5,1500.0,69200,-1.0,-1.0,-1.0
2018/07/18,1500.0,1520.0,1485.0,1491.0,110800,-1.0,-1.0,-1.0
2018/07/19,1492.5,1493.0,1472.0,1475.0,93400,-1.0,-1.0,-1.0
2018/07/20,1477.0,1477.0,1451.0,1462.0,113800,-1.0,-1.0,-1.0
2018/07/23,1462.0,1469.0,1448.0,1448.0,101600,-1.0,-1.0,-1.0
2018/07/24,1452.0,1466.5,1443.0,1465.0,112800,-1.0,-1.0,-1.0
2018/07/25,1477.0,1477.0,1466.5,1467.5,68800,-1.0,-1.0,-1.0
2018/07/26,1458.5,1474.5,1456.5,1469.0,95800,-1.0,-1.0,-1.0
2018/07/27,1469.0,1476.5,1465.5,1473.5,65600,-1.0,-1.0,-1.0
2018/07/30,1467.5,1487.5,1467.5,1480.5,65600,-1.0,-1.0,-1.0
2018/07/31,1475.0,1475.0,1448.0,1454.0,178800,-1.0,-1.0,-1.0
2018/08/01,1455.0,1456.5,1435.5,1438.5,224800,-1.0,-1.0,-1.0
2018/08/02,1438.5,1446.0,1433.0,1435.5,97000,-1.0,-1.0,-1.0
2018/08/03,1438.0,1438.0,1412.0,1412.5,183600,-1.0,-1.0,-1.0
2018/08/06,1412.5,1415.0,1357.0,1361.0,301800,-1.0,-1.0,-1.0
2018/08/07,1371.0,1404.0,1371.0,1401.5,157000,-1.0,-1.0,-1.0
2018/08/08,1404.5,1413.0,1374.5,1379.5,105200,-1.0,-1.0,-1.0
2018/08/09,1379.5,1380.5,1357.5,1362.0,151600,-1.0,-1.0,-1.0
2018/08/10,1392.0,1454.5,1392.0,1449.0,374600,-1.0,-1.0,-1.0
2018/08/13,1441.5,1459.5,1408.0,1408.0,156800,-1.0,-1.0,-1.0
2018/08/14,1402.0,1426.0,1391.0,1424.0,109200,-1.0,-1.0,-1.0
2018/08/15,1415.5,1445.0,1402.5,1404.0,117200,-1.0,-1.0,-1.0
2018/08/16,1399.0,1406.5,1380.0,1396.0,110800,-1.0,-1.0,-1.0
2018/08/17,1402.0,1408.5,1395.5,1400.5,46400,-1.0,-1.0,-1.0
2018/08/20,1395.5,1407.5,1383.5,1384.0,59400,-1.0,-1.0,-1.0
2018/08/21,1379.0,1380.0,1358.5,1360.5,128400,-1.0,-1.0,-1.0
2018/08/22,1360.0,1377.0,1360.0,1372.0,58000,-1.0,-1.0,-1.0
2018/08/23,1374.0,1380.0,1361.0,1364.5,50600,-1.0,-1.0,-1.0
2018/08/24,1366.0,1371.5,1357.5,1366.0,55600,-1.0,-1.0,-1.0
2018/08/27,1366.0,1374.0,1359.0,1366.5,100000,-1.0,-1.0,-1.0
2018/08/28,1366.5,1377.0,1361.5,1363.0,95400,-1.0,-1.0,-1.0
2018/08/29,1370.5,1387.5,1367.5,1377.0,76000,-1.0,-1.0,-1.0
2018/08/30,1377.0,1396.5,1377.0,1389.0,73000,-1.0,-1.0,-1.0
2018/08/31,1382.5,1409.5,1381.0,1396.0,88800,-1.0,-1.0,-1.0
2018/09/03,1402.5,1411.0,1380.0,1386.0,74800,-1.0,-1.0,-1.0
2018/09/04,1393.5,1398.5,1382.0,1384.0,89400,-1.0,-1.0,-1.0
2018/09/05,1382.0,1398.5,1380.0,1388.5,62400,-1.0,-1.0,-1.0
2018/09/06,1390.0,1410.0,1381.0,1407.5,93000,-1.0,-1.0,-1.0
2018/09/07,1405.5,1405.5,1376.0,1400.5,67000,-1.0,-1.0,-1.0
2018/09/10,1400.0,1410.0,1399.0,1403.0,52400,-1.0,-1.0,-1.0
2018/09/11,1405.0,1405.0,1383.0,1387.0,70200,-1.0,-1.0,-1.0
2018/09/12,1385.0,1387.5,1352.5,1363.0,136000,-1.0,-1.0,-1.0
2018/09/13,1363.0,1390.5,1363.0,1385.5,105800,-1.0,-1.0,-1.0
2018/09/14,1400.0,1416.0,1395.5,1403.5,141000,-1.0,-1.0,-1.0
2018/09/18,1401.5,1441.5,1398.0,1435.5,119600,-1.0,-1.0,-1.0
2018/09/19,1441.5,1457.5,1438.5,1454.5,153200,-1.0,-1.0,-1.0
2018/09/20,1452.0,1454.5,1437.0,1450.5,98800,-1.0,-1.0,-1.0
2018/09/21,1449.5,1482.5,1449.5,1470.0,245800,-1.0,-1.0,-1.0
2018/09/25,1471.0,1482.0,1458.0,1475.0,187800,-1.0,-1.0,-1.0
2018/09/26,1473.0,1493.0,1473.0,1486.0,203400,-1.0,-1.0,-1.0
2018/09/27,1480.0,1490.0,1431.5,1441.0,484800,-1.0,-1.0,-1.0
2018/09/28,1455.0,1494.0,1455.0,1478.5,319800,-1.0,-1.0,-1.0
2018/10/01,1486.5,1486.5,1470.5,1474.5,134800,-1.0,-1.0,-1.0
2018/10/02,1477.5,1497.5,1471.0,1473.5,119000,-1.0,-1.0,-1.0
2018/10/03,1479.5,1486.0,1462.0,1473.0,163400,-1.0,-1.0,-1.0
2018/10/04,1475.0,1489.5,1473.5,1484.5,123400,-1.0,-1.0,-1.0
2018/10/05,1476.0,1477.5,1456.5,1461.5,91400,-1.0,-1.0,-1.0
2018/10/09,1461.5,1461.5,1441.0,1447.5,109400,-1.0,-1.0,-1.0
2018/10/10,1452.0,1459.5,1425.0,1442.5,94200,-1.0,-1.0,-1.0
2018/10/11,1410.0,1410.0,1393.0,1403.5,145800,-1.0,-1.0,-1.0
2018/10/12,1398.5,1402.5,1384.5,1392.0,111400,-1.0,-1.0,-1.0
2018/10/15,1394.5,1394.5,1366.0,1367.0,104000,-1.0,-1.0,-1.0
2018/10/16,1365.0,1365.5,1349.0,1358.0,126000,-1.0,-1.0,-1.0
2018/10/17,1374.5,1385.0,1373.5,1381.5,113400,-1.0,-1.0,-1.0
2018/10/18,1381.5,1385.0,1366.0,1366.5,66200,-1.0,-1.0,-1.0
2018/10/19,1361.5,1363.0,1349.0,1356.5,113000,-1.0,-1.0,-1.0
2018/10/22,1356.5,1383.5,1342.0,1377.0,143800,-1.0,-1.0,-1.0
2018/10/23,1364.0,1369.5,1335.0,1342.5,212800,-1.0,-1.0,-1.0
2018/10/24,1345.0,1354.5,1327.5,1346.5,128000,-1.0,-1.0,-1.0
2018/10/25,1325.0,1325.0,1279.0,1280.0,250200,-1.0,-1.0,-1.0
2018/10/26,1300.0,1301.0,1264.5,1273.5,171200,-1.0,-1.0,-1.0
2018/10/29,1285.0,1370.0,1285.0,1360.0,344000,-1.0,-1.0,-1.0
2018/10/30,1351.0,1411.0,1351.0,1405.5,315800,-1.0,-1.0,-1.0
2018/10/31,1411.0,1413.0,1369.0,1410.0,196800,-1.0,-1.0,-1.0
2018/11/01,1410.0,1446.0,1404.0,1438.5,129000,-1.0,-1.0,-1.0
2018/11/02,1437.0,1446.0,1414.5,1436.0,80000,-1.0,-1.0,-1.0
2018/11/05,1421.0,1441.0,1416.5,1432.5,69600,-1.0,-1.0,-1.0
2018/11/06,1422.5,1437.5,1422.5,1426.0,84600,-1.0,-1.0,-1.0
2018/11/07,1442.0,1442.0,1409.0,1411.5,112800,-1.0,-1.0,-1.0
2018/11/08,1415.0,1434.0,1415.0,1425.5,90200,-1.0,-1.0,-1.0
2018/11/09,1431.0,1437.5,1421.0,1430.5,88800,-1.0,-1.0,-1.0
2018/11/12,1441.5,1466.0,1433.5,1459.5,134600,-1.0,-1.0,-1.0
2018/11/13,1436.5,1443.5,1402.0,1414.0,216400,-1.0,-1.0,-1.0
2018/11/14,1445.0,1484.0,1428.5,1433.5,216200,-1.0,-1.0,-1.0
2018/11/15,1425.0,1443.0,1402.0,1439.5,104000,-1.0,-1.0,-1.0
2018/11/16,1443.0,1470.0,1441.5,1461.5,142200,-1.0,-1.0,-1.0
2018/11/19,1460.0,1472.5,1458.0,1458.5,53200,-1.0,-1.0,-1.0
2018/11/20,1449.0,1458.0,1440.0,1454.0,72400,-1.0,-1.0,-1.0
2018/11/21,1421.0,1448.0,1421.0,1441.5,98000,-1.0,-1.0,-1.0
2018/11/22,1455.0,1472.5,1441.5,1469.0,151800,-1.0,-1.0,-1.0
2018/11/26,1494.0,1515.0,1475.0,1478.5,254200,-1.0,-1.0,-1.0
2018/11/27,1480.5,1491.0,1475.0,1487.5,74800,-1.0,-1.0,-1.0
2018/11/28,1491.5,1502.5,1487.5,1492.5,147200,-1.0,-1.0,-1.0
2018/11/29,1498.5,1510.0,1491.0,1500.0,105400,-1.0,-1.0,-1.0
2018/11/30,1486.5,1510.0,1472.0,1510.0,239600,-1.0,-1.0,-1.0
2018/12/03,1510.0,1515.0,1492.0,1492.0,88000,-1.0,-1.0,-1.0
2018/12/04,1487.5,1487.5,1445.0,1445.0,97000,-1.0,-1.0,-1.0
2018/12/05,1431.0,1444.5,1420.0,1434.5,63400,-1.0,-1.0,-1.0
2018/12/06,1431.0,1431.0,1414.0,1416.5,109000,-1.0,-1.0,-1.0
2018/12/07,1416.0,1416.0,1386.5,1402.5,80000,-1.0,-1.0,-1.0
2018/12/10,1392.0,1394.0,1370.0,1374.0,54600,-1.0,-1.0,-1.0
2018/12/11,1374.0,1379.5,1344.0,1349.0,73400,-1.0,-1.0,-1.0
2018/12/12,1365.5,1371.5,1349.5,1360.5,100400,-1.0,-1.0,-1.0
2018/12/13,1382.5,1424.5,1367.0,1423.5,137200,-1.0,-1.0,-1.0
2018/12/14,1400.0,1415.5,1395.5,1398.0,112000,-1.0,-1.0,-1.0
2018/12/17,1405.0,1405.0,1377.5,1384.0,77600,-1.0,-1.0,-1.0
2018/12/18,1350.0,1353.0,1330.0,1334.0,98000,-1.0,-1.0,-1.0
2018/12/19,1330.0,1337.0,1315.5,1333.5,104800,-1.0,-1.0,-1.0
2018/12/20,1321.5,1333.5,1293.5,1296.0,159400,-1.0,-1.0,-1.0
2018/12/21,1279.0,1282.5,1228.5,1239.0,215600,-1.0,-1.0,-1.0
2018/12/25,1167.0,1171.0,1148.0,1153.0,238000,-1.0,-1.0,-1.0
2018/12/26,1178.0,1209.0,1173.5,1186.0,115200,-1.0,-1.0,-1.0
2018/12/27,1234.5,1263.0,1225.0,1263.0,100800,-1.0,-1.0,-1.0
2018/12/28,1241.5,1276.5,1241.5,1275.5,111000,-1.0,-1.0,-1.0
2019/01/04,1229.0,1250.0,1216.5,1248.0,70000,-1.0,-1.0,-1.0
2019/01/07,1266.0,1282.0,1258.5,1276.5,67200,-1.0,-1.0,-1.0
2019/01/08,1276.5,1299.0,1273.5,1287.5,96800,-1.0,-1.0,-1.0
2019/01/09,1307.5,1307.5,1281.5,1299.0,75000,-1.0,-1.0,-1.0
2019/01/10,1291.0,1295.5,1274.0,1290.0,52600,-1.0,-1.0,-1.0
2019/01/11,1301.5,1301.5,1255.0,1255.5,193000,-1.0,-1.0,-1.0
2019/01/15,1242.5,1268.5,1228.0,1264.0,55800,-1.0,-1.0,-1.0
2019/01/16,1267.5,1278.5,1253.5,1253.5,62800,-1.0,-1.0,-1.0
2019/01/17,1276.5,1282.5,1255.5,1260.0,70200,-1.0,-1.0,-1.0
2019/01/18,1260.0,1289.0,1260.0,1271.5,75600,-1.0,-1.0,-1.0
2019/01/21,1301.5,1325.0,1294.0,1300.0,134800,-1.0,-1.0,-1.0
2019/01/22,1309.5,1315.5,1297.0,1304.0,68400,-1.0,-1.0,-1.0
2019/01/23,1296.0,1304.0,1288.0,1292.0,50800,-1.0,-1.0,-1.0
2019/01/24,1294.0,1299.5,1282.5,1293.5,37600,-1.0,-1.0,-1.0
2019/01/25,1303.0,1313.0,1298.5,1300.0,70200,-1.0,-1.0,-1.0
2019/01/28,1299.0,1304.5,1283.5,1283.5,60000,-1.0,-1.0,-1.0
2019/01/29,1284.0,1309.5,1279.5,1301.0,93000,-1.0,-1.0,-1.0
2019/01/30,1308.0,1334.0,1303.5,1313.5,187200,-1.0,-1.0,-1.0
2019/01/31,1324.5,1341.5,1313.5,1317.5,101000,-1.0,-1.0,-1.0
2019/02/01,1342.5,1350.5,1312.0,1319.0,187600,-1.0,-1.0,-1.0
2019/02/04,1327.0,1341.0,1322.5,1337.5,86000,-1.0,-1.0,-1.0
2019/02/05,1344.0,1364.5,1337.5,1362.5,71400,-1.0,-1.0,-1.0
2019/02/06,1365.0,1380.0,1356.0,1361.0,72800,-1.0,-1.0,-1.0
2019/02/07,1358.5,1358.5,1330.0,1332.5,47600,-1.0,-1.0,-1.0
2019/02/08,1307.5,1319.5,1299.0,1310.5,79600,-1.0,-1.0,-1.0
2019/02/12,1350.5,1386.5,1345.5,1375.0,169400,-1.0,-1.0,-1.0
2019/02/13,1369.5,1376.0,1353.5,1364.0,71800,-1.0,-1.0,-1.0
2019/02/14,1356.0,1368.5,1346.5,1349.5,56600,-1.0,-1.0,-1.0
2019/02/15,1339.0,1339.0,1316.0,1329.5,57000,-1.0,-1.0,-1.0
2019/02/18,1354.5,1354.5,1342.0,1352.5,52400,-1.0,-1.0,-1.0
2019/02/19,1344.0,1368.5,1344.0,1365.5,67000,-1.0,-1.0,-1.0
2019/02/20,1358.0,1367.0,1346.0,1353.5,103800,-1.0,-1.0,-1.0
2019/02/21,1349.0,1365.0,1339.5,1355.0,95600,-1.0,-1.0,-1.0
2019/02/22,1347.0,1347.0,1332.5,1335.5,80200,-1.0,-1.0,-1.0
2019/02/25,1338.5,1348.5,1331.0,1348.0,76600,-1.0,-1.0,-1.0
2019/02/26,1348.5,1355.5,1339.5,1349.5,42000,-1.0,-1.0,-1.0
2019/02/27,1345.0,1359.5,1345.0,1355.5,73400,-1.0,-1.0,-1.0
2019/02/28,1355.5,1373.5,1348.5,1366.5,75600,-1.0,-1.0,-1.0
2019/03/01,1355.5,1366.0,1347.5,1355.0,56200,-1.0,-1.0,-1.0
2019/03/04,1353.0,1372.0,1351.5,1370.0,71600,-1.0,-1.0,-1.0
2019/03/05,1355.0,1363.0,1355.0,1363.0,29000,-1.0,-1.0,-1.0
2019/03/06,1359.5,1366.0,1353.0,1353.0,73800,-1.0,-1.0,-1.0
2019/03/07,1349.5,1361.5,1340.0,1351.5,87200,-1.0,-1.0,-1.0
2019/03/08,1346.5,1355.5,1340.0,1348.0,107800,-1.0,-1.0,-1.0
2019/03/11,1353.5,1355.0,1341.0,1353.0,59400,-1.0,-1.0,-1.0
2019/03/12,1363.0,1371.0,1355.5,1359.5,72400,-1.0,-1.0,-1.0
2019/03/13,1359.0,1365.5,1348.0,1348.5,60400,-1.0,-1.0,-1.0
2019/03/14,1362.5,1362.5,1352.5,1354.0,43200,-1.0,-1.0,-1.0
2019/03/15,1354.0,1370.5,1351.0,1360.5,59400,-1.0,-1.0,-1.0
2019/03/18,1372.5,1391.0,1364.5,1390.5,99600,-1.0,-1.0,-1.0
2019/03/19,1390.5,1394.5,1381.5,1384.0,53600,-1.0,-1.0,-1.0
2019/03/20,1396.0,1398.5,1386.0,1395.0,53600,-1.0,-1.0,-1.0
2019/03/22,1396.0,1402.5,1381.5,1402.5,62400,-1.0,-1.0,-1.0
2019/03/25,1394.0,1394.0,1365.5,1369.0,72400,-1.0,-1.0,-1.0
2019/03/26,1369.5,1405.5,1369.5,1405.5,116600,-1.0,-1.0,-1.0
2019/03/27,1371.5,1393.0,1369.0,1393.0,74400,-1.0,-1.0,-1.0
2019/03/28,1370.0,1372.5,1348.5,1360.0,96200,-1.0,-1.0,-1.0
2019/03/29,1360.0,1365.0,1349.5,1363.0,66600,-1.0,-1.0,-1.0
2019/04/01,1377.5,1398.0,1377.5,1390.0,87200,-1.0,-1.0,-1.0
2019/04/02,1397.5,1406.0,1385.5,1394.0,82600,-1.0,-1.0,-1.0
2019/04/03,1399.5,1421.5,1390.5,1415.0,120400,-1.0,-1.0,-1.0
2019/04/04,1428.5,1446.0,1410.0,1440.5,143400,-1.0,-1.0,-1.0
2019/04/05,1440.5,1448.5,1428.0,1433.0,98000,-1.0,-1.0,-1.0
2019/04/08,1434.5,1434.5,1420.5,1424.5,38800,-1.0,-1.0,-1.0
2019/04/09,1432.0,1432.0,1402.5,1406.0,87200,-1.0,-1.0,-1.0
2019/04/10,1410.0,1426.5,1405.0,1424.5,85800,-1.0,-1.0,-1.0
2019/04/11,1430.5,1434.0,1423.0,1432.0,71800,-1.0,-1.0,-1.0
2019/04/12,1435.0,1448.5,1429.0,1441.5,158800,-1.0,-1.0,-1.0
2019/04/15,1453.5,1474.0,1453.5,1471.0,131800,-1.0,-1.0,-1.0
2019/04/16,1462.5,1474.5,1459.0,1469.5,81400,-1.0,-1.0,-1.0
2019/04/17,1469.5,1482.0,1461.0,1476.0,75800,-1.0,-1.0,-1.0
2019/04/18,1470.5,1479.0,1435.0,1444.0,139000,-1.0,-1.0,-1.0
2019/04/19,1448.0,1464.0,1444.5,1450.5,74800,-1.0,-1.0,-1.0
2019/04/22,1459.5,1461.5,1446.5,1454.0,47600,-1.0,-1.0,-1.0
2019/04/23,1454.0,1461.0,1452.0,1458.0,46600,-1.0,-1.0,-1.0
2019/04/24,1450.5,1454.5,1436.5,1442.5,140200,-1.0,-1.0,-1.0
2019/04/25,1448.5,1455.0,1440.5,1453.0,86200,-1.0,-1.0,-1.0
2019/04/26,1440.0,1455.0,1433.5,1451.0,120600,-1.0,-1.0,-1.0
2019/05/07,1445.0,1445.0,1422.0,1422.5,74200,-1.0,-1.0,-1.0
2019/05/08,1406.0,1408.5,1393.5,1401.0,72400,-1.0,-1.0,-1.0
2019/05/09,1389.5,1389.5,1364.5,1366.5,77200,-1.0,-1.0,-1.0
2019/05/10,1363.5,1407.5,1358.0,1401.5,112800,-1.0,-1.0,-1.0
2019/05/13,1402.5,1412.5,1393.0,1406.0,64800,-1.0,-1.0,-1.0
2019/05/14,1375.0,1435.0,1371.0,1414.5,72200,-1.0,-1.0,-1.0
2019/05/15,1417.5,1433.5,1399.0,1419.5,130600,-1.0,-1.0,-1.0
2019/05/16,1425.0,1456.0,1413.5,1455.0,165800,-1.0,-1.0,-1.0
2019/05/17,1462.5,1466.0,1448.0,1462.0,91800,-1.0,-1.0,-1.0
2019/05/20,1460.0,1474.0,1458.5,1473.0,62000,-1.0,-1.0,-1.0
2019/05/21,1462.0,1462.5,1452.5,1461.5,39600,-1.0,-1.0,-1.0
2019/05/22,1471.5,1497.0,1466.0,1487.0,161800,-1.0,-1.0,-1.0
2019/05/23,1500.0,1502.5,1489.5,1491.0,153400,-1.0,-1.0,-1.0
2019/05/24,1483.5,1486.5,1468.0,1484.0,90600,-1.0,-1.0,-1.0
2019/05/27,1483.0,1495.0,1475.0,1484.0,71800,-1.0,-1.0,-1.0
2019/05/28,1493.5,1505.0,1479.5,1495.0,148400,-1.0,-1.0,-1.0
2019/05/29,1480.0,1496.0,1474.0,1481.5,101400,-1.0,-1.0,-1.0
2019/05/30,1479.0,1487.5,1473.5,1485.0,49600,-1.0,-1.0,-1.0
2019/05/31,1479.0,1481.5,1469.0,1475.0,100200,-1.0,-1.0,-1.0
2019/06/03,1456.0,1465.0,1445.0,1446.0,65800,-1.0,-1.0,-1.0
2019/06/04,1446.0,1460.0,1442.0,1459.5,60200,-1.0,-1.0,-1.0
2019/06/05,1475.5,1479.0,1465.5,1472.5,45000,-1.0,-1.0,-1.0
2019/06/06,1473.0,1482.5,1473.0,1473.0,47000,-1.0,-1.0,-1.0
2019/06/07,1473.0,1489.5,1465.5,1487.5,50200,-1.0,-1.0,-1.0
2019/06/10,1495.0,1507.5,1490.5,1500.0,107000,-1.0,-1.0,-1.0
2019/06/11,1500.0,1512.5,1495.0,1507.5,94000,-1.0,-1.0,-1.0
2019/06/12,1507.5,1507.5,1498.0,1500.0,53000,-1.0,-1.0,-1.0
2019/06/13,1499.5,1505.0,1474.0,1482.5,96400,-1.0,-1.0,-1.0
2019/06/14,1489.5,1510.0,1474.5,1502.5,130400,-1.0,-1.0,-1.0
2019/06/17,1500.0,1520.0,1494.0,1515.0,110200,-1.0,-1.0,-1.0
2019/06/18,1517.5,1522.5,1488.0,1488.0,98000,-1.0,-1.0,-1.0
2019/06/19,1502.5,1535.0,1502.5,1527.5,152000,-1.0,-1.0,-1.0
2019/06/20,1530.0,1530.0,1512.5,1517.5,53000,-1.0,-1.0,-1.0
2019/06/21,1520.0,1520.0,1497.5,1497.5,146000,-1.0,-1.0,-1.0
2019/06/24,1515.0,1520.0,1496.0,1512.5,47200,-1.0,-1.0,-1.0
2019/06/25,1515.0,1520.0,1496.5,1502.5,60600,-1.0,-1.0,-1.0
2019/06/26,1495.5,1510.0,1493.0,1502.5,63400,-1.0,-1.0,-1.0
2019/06/27,1495.0,1507.5,1495.0,1507.5,40800,-1.0,-1.0,-1.0
2019/06/28,1497.5,1505.0,1491.0,1493.5,96600,-1.0,-1.0,-1.0
2019/07/01,1515.0,1515.0,1500.0,1515.0,77400,-1.0,-1.0,-1.0
2019/07/02,1515.0,1525.0,1507.5,1507.5,66000,-1.0,-1.0,-1.0
2019/07/03,1507.5,1517.5,1502.5,1510.0,58200,-1.0,-1.0,-1.0
2019/07/04,1510.0,1517.5,1502.5,1512.5,32800,-1.0,-1.0,-1.0
2019/07/05,1502.5,1512.5,1495.5,1498.0,52400,-1.0,-1.0,-1.0
2019/07/08,1496.0,1498.5,1489.0,1492.5,115400,-1.0,-1.0,-1.0
2019/07/09,1492.5,1500.0,1471.5,1472.5,88200,-1.0,-1.0,-1.0
2019/07/10,1466.5,1491.0,1463.0,1488.0,98200,-1.0,-1.0,-1.0
2019/07/11,1505.0,1522.5,1502.5,1512.5,122000,-1.0,-1.0,-1.0
2019/07/12,1522.5,1530.0,1505.0,1512.5,112000,-1.0,-1.0,-1.0
2019/07/16,1512.5,1517.5,1500.0,1500.0,49000,-1.0,-1.0,-1.0
2019/07/17,1496.5,1515.0,1492.5,1499.0,46600,-1.0,-1.0,-1.0
2019/07/18,1498.5,1502.5,1460.0,1461.5,148800,-1.0,-1.0,-1.0
2019/07/19,1461.5,1477.0,1458.0,1470.0,57800,-1.0,-1.0,-1.0
2019/07/22,1470.0,1471.0,1459.5,1461.0,47200,-1.0,-1.0,-1.0
2019/07/23,1460.0,1473.5,1451.5,1470.5,60800,-1.0,-1.0,-1.0
2019/07/24,1474.5,1474.5,1462.0,1462.0,74200,-1.0,-1.0,-1.0
2019/07/25,1487.0,1487.0,1472.5,1472.5,90600,-1.0,-1.0,-1.0
2019/07/26,1465.0,1470.5,1460.0,1462.5,40400,-1.0,-1.0,-1.0
2019/07/29,1452.5,1461.0,1451.0,1461.0,44600,-1.0,-1.0,-1.0
2019/07/30,1467.0,1477.5,1465.5,1473.0,40400,-1.0,-1.0,-1.0
2019/07/31,1454.5,1469.0,1452.0,1452.0,63400,-1.0,-1.0,-1.0
2019/08/01,1450.5,1454.0,1436.5,1442.5,52200,-1.0,-1.0,-1.0
2019/08/02,1434.0,1434.0,1397.0,1404.0,91600,-1.0,-1.0,-1.0
2019/08/05,1385.0,1385.0,1345.0,1364.0,102000,-1.0,-1.0,-1.0
2019/08/06,1318.0,1353.0,1317.5,1350.0,45600,-1.0,-1.0,-1.0
2019/08/07,1335.5,1343.0,1333.0,1339.0,40000,-1.0,-1.0,-1.0
2019/08/08,1340.0,1387.5,1340.0,1382.0,98200,-1.0,-1.0,-1.0
2019/08/09,1307.0,1344.5,1288.0,1312.0,332400,-1.0,-1.0,-1.0
2019/08/13,1300.0,1300.0,1277.5,1281.5,93800,-1.0,-1.0,-1.0
2019/08/14,1300.0,1305.0,1296.5,1303.5,59600,-1.0,-1.0,-1.0
2019/08/15,1275.0,1290.5,1265.0,1289.0,57200,-1.0,-1.0,-1.0
2019/08/16,1292.5,1307.0,1292.5,1296.0,53800,-1.0,-1.0,-1.0
2019/08/19,1300.5,1311.5,1298.5,1302.5,36000,-1.0,-1.0,-1.0
2019/08/20,1312.5,1315.0,1305.0,1312.5,26600,-1.0,-1.0,-1.0
2019/08/21,1307.0,1314.5,1303.0,1309.0,37400,-1.0,-1.0,-1.0
2019/08/22,1315.5,1315.5,1299.0,1308.5,77400,-1.0,-1.0,-1.0
2019/08/23,1310.0,1311.0,1295.5,1303.0,71400,-1.0,-1.0,-1.0
2019/08/26,1273.0,1279.0,1260.0,1274.0,82400,-1.0,-1.0,-1.0
2019/08/27,1292.5,1316.5,1284.5,1312.0,77400,-1.0,-1.0,-1.0
2019/08/28,1312.0,1317.5,1297.5,1304.5,55000,-1.0,-1.0,-1.0
2019/08/29,1304.5,1313.0,1295.0,1310.5,47800,-1.0,-1.0,-1.0
2019/08/30,1324.5,1344.5,1323.5,1344.0,68600,-1.0,-1.0,-1.0
2019/09/02,1338.0,1338.0,1312.5,1322.5,56400,-1.0,-1.0,-1.0
2019/09/03,1323.0,1330.0,1310.0,1323.0,48600,-1.0,-1.0,-1.0
2019/09/04,1312.5,1312.5,1298.5,1300.0,53000,-1.0,-1.0,-1.0
2019/09/05,1301.5,1333.0,1301.5,1328.0,60600,-1.0,-1.0,-1.0
2019/09/06,1319.5,1328.0,1296.0,1296.5,107000,-1.0,-1.0,-1.0
2019/09/09,1296.5,1317.5,1295.0,1307.5,88400,-1.0,-1.0,-1.0
2019/09/10,1314.5,1332.5,1314.0,1320.0,142400,-1.0,-1.0,-1.0
2019/09/11,1316.5,1338.5,1316.5,1337.5,258200,-1.0,-1.0,-1.0
2019/09/12,1350.5,1363.0,1337.0,1339.5,264000,-1.0,-1.0,-1.0
2019/09/13,1346.0,1352.5,1328.5,1340.5,169200,-1.0,-1.0,-1.0
2019/09/17,1347.5,1356.5,1339.0,1344.5,107400,-1.0,-1.0,-1.0
2019/09/18,1342.5,1356.0,1333.0,1339.0,117600,-1.0,-1.0,-1.0
2019/09/19,1334.5,1364.5,1332.0,1364.5,122600,-1.0,-1.0,-1.0
2019/09/20,1367.0,1380.0,1357.5,1360.0,109400,-1.0,-1.0,-1.0
2019/09/24,1360.0,1382.5,1357.0,1373.5,66600,-1.0,-1.0,-1.0
2019/09/25,1376.5,1389.0,1366.0,1386.5,65200,-1.0,-1.0,-1.0
2019/09/26,1399.5,1406.5,1386.5,1391.0,117800,-1.0,-1.0,-1.0
2019/09/27,1405.0,1405.0,1375.0,1395.0,103600,-1.0,-1.0,-1.0
2019/09/30,1378.5,1396.0,1375.0,1380.0,75800,-1.0,-1.0,-1.0
2019/10/01,1382.5,1395.0,1376.5,1377.0,35400,-1.0,-1.0,-1.0
2019/10/02,1375.5,1382.0,1367.5,1375.0,49800,-1.0,-1.0,-1.0
2019/10/03,1341.5,1342.0,1323.5,1330.5,74800,-1.0,-1.0,-1.0
2019/10/04,1320.5,1340.5,1314.0,1335.0,51800,-1.0,-1.0,-1.0
2019/10/07,1345.0,1348.5,1323.5,1325.0,37200,-1.0,-1.0,-1.0
2019/10/08,1340.5,1350.0,1330.5,1344.5,63800,-1.0,-1.0,-1.0
2019/10/09,1341.5,1380.5,1341.5,1380.0,83400,-1.0,-1.0,-1.0
2019/10/10,1380.0,1383.5,1356.0,1375.0,47000,-1.0,-1.0,-1.0
2019/10/11,1385.5,1385.5,1369.5,1378.5,69800,-1.0,-1.0,-1.0
2019/10/15,1403.5,1446.5,1400.5,1432.0,194600,-1.0,-1.0,-1.0
2019/10/16,1445.0,1461.0,1438.0,1453.5,134200,-1.0,-1.0,-1.0
2019/10/17,1448.0,1459.5,1428.5,1443.5,67400,-1.0,-1.0,-1.0
2019/10/18,1436.0,1449.0,1427.5,1438.5,66800,-1.0,-1.0,-1.0
2019/10/21,1438.5,1450.0,1426.0,1431.0,36000,-1.0,-1.0,-1.0
2019/10/23,1431.0,1441.5,1417.0,1428.0,64200,-1.0,-1.0,-1.0
2019/10/24,1427.0,1427.5,1416.0,1426.5,35400,-1.0,-1.0,-1.0
2019/10/25,1423.0,1446.0,1423.0,1443.0,58800,-1.0,-1.0,-1.0
2019/10/28,1443.0,1449.0,1438.0,1439.0,55000,-1.0,-1.0,-1.0
2019/10/29,1444.5,1450.0,1432.5,1441.5,65400,-1.0,-1.0,-1.0
2019/10/30,1435.0,1461.0,1429.5,1460.5,92000,-1.0,-1.0,-1.0
2019/10/31,1460.0,1461.0,1440.0,1457.0,82600,-1.0,-1.0,-1.0
2019/11/01,1444.5,1446.5,1435.5,1443.5,37200,-1.0,-1.0,-1.0
2019/11/05,1459.5,1461.5,1445.0,1455.0,49600,-1.0,-1.0,-1.0
2019/11/06,1455.5,1455.5,1441.0,1451.0,56200,-1.0,-1.0,-1.0
2019/11/07,1451.0,1457.5,1445.0,1453.5,55200,-1.0,-1.0,-1.0
2019/11/08,1462.5,1484.5,1462.5,1478.0,145600,-1.0,-1.0,-1.0
2019/11/11,1478.0,1482.5,1468.0,1482.0,73200,-1.0,-1.0,-1.0
2019/11/12,1482.5,1490.0,1468.0,1485.5,60600,-1.0,-1.0,-1.0
2019/11/13,1492.0,1493.0,1480.0,1493.0,52400,-1.0,-1.0,-1.0
2019/11/14,1481.5,1512.5,1455.0,1476.0,182400,-1.0,-1.0,-1.0
2019/11/15,1475.0,1485.5,1470.0,1475.0,64200,-1.0,-1.0,-1.0
2019/11/18,1476.0,1477.0,1461.5,1476.0,78200,-1.0,-1.0,-1.0
2019/11/19,1476.0,1485.0,1469.5,1483.0,83000,-1.0,-1.0,-1.0
2019/11/20,1478.5,1481.5,1451.5,1453.0,88400,-1.0,-1.0,-1.0
2019/11/21,1447.0,1453.5,1422.0,1453.5,87400,-1.0,-1.0,-1.0
2019/11/22,1450.0,1460.0,1440.0,1458.0,106200,-1.0,-1.0,-1.0
2019/11/25,1471.0,1474.5,1453.0,1455.0,31600,-1.0,-1.0,-1.0
2019/11/26,1465.0,1465.0,1434.0,1434.0,47000,-1.0,-1.0,-1.0
2019/11/27,1433.0,1438.5,1427.5,1431.0,37000,-1.0,-1.0,-1.0
2019/11/28,1431.0,1431.0,1420.0,1429.5,41000,-1.0,-1.0,-1.0
2019/11/29,1420.5,1420.5,1404.5,1411.5,69200,-1.0,-1.0,-1.0
2019/12/02,1431.0,1441.5,1416.5,1423.0,48200,-1.0,-1.0,-1.0
2019/12/03,1409.0,1414.0,1397.5,1414.0,50400,-1.0,-1.0,-1.0
2019/12/04,1407.5,1434.0,1402.0,1431.0,58200,-1.0,-1.0,-1.0
2019/12/05,1422.0,1456.5,1418.0,1456.5,67600,-1.0,-1.0,-1.0
2019/12/06,1465.0,1466.0,1447.5,1464.0,63000,-1.0,-1.0,-1.0
2019/12/09,1475.0,1481.0,1463.5,1477.0,67600,-1.0,-1.0,-1.0
2019/12/10,1481.0,1488.0,1472.0,1479.5,48200,-1.0,-1.0,-1.0
2019/12/11,1480.0,1480.0,1469.0,1472.5,42000,-1.0,-1.0,-1.0
2019/12/12,1472.5,1476.0,1457.0,1465.0,60600,-1.0,-1.0,-1.0
2019/12/13,1490.0,1496.0,1476.5,1479.0,96800,-1.0,-1.0,-1.0
2019/12/16,1480.0,1480.0,1462.5,1464.0,37800,-1.0,-1.0,-1.0
2019/12/17,1473.0,1473.0,1453.5,1465.0,48000,-1.0,-1.0,-1.0
2019/12/18,1466.5,1469.5,1447.0,1455.0,48600,-1.0,-1.0,-1.0
2019/12/19,1448.0,1452.0,1436.0,1441.5,37600,-1.0,-1.0,-1.0
2019/12/20,1438.5,1438.5,1428.0,1432.5,32000,-1.0,-1.0,-1.0
2019/12/23,1429.5,1434.0,1416.0,1416.0,49800,-1.0,-1.0,-1.0
2019/12/24,1424.5,1424.5,1407.0,1412.0,21400,-1.0,-1.0,-1.0
2019/12/25,1414.5,1417.5,1401.5,1409.5,43200,-1.0,-1.0,-1.0
2019/12/26,1403.0,1416.0,1401.5,1416.0,52400,-1.0,-1.0,-1.0
2019/12/27,1421.5,1423.0,1411.0,1423.0,32400,-1.0,-1.0,-1.0
2019/12/30,1410.5,1414.5,1401.0,1411.0,31600,-1.0,-1.0,-1.0
2020/01/06,1407.5,1407.5,1388.0,1395.5,74600,-1.0,-1.0,-1.0
2020/01/07,1397.0,1428.0,1397.0,1422.5,35400,-1.0,-1.0,-1.0
2020/01/08,1403.5,1408.0,1386.5,1394.5,51400,-1.0,-1.0,-1.0
2020/01/09,1404.0,1413.0,1404.0,1408.5,29000,-1.0,-1.0,-1.0
2020/01/10,1412.0,1412.0,1403.5,1407.0,25200,-1.0,-1.0,-1.0
2020/01/14,1416.5,1416.5,1392.0,1402.0,45000,-1.0,-1.0,-1.0
2020/01/15,1401.5,1408.5,1396.0,1406.5,38400,-1.0,-1.0,-1.0
2020/01/16,1401.0,1401.0,1388.5,1399.0,34200,-1.0,-1.0,-1.0
2020/01/17,1401.5,1427.0,1401.5,1427.0,59600,-1.0,-1.0,-1.0
2020/01/20,1427.0,1453.0,1427.0,1451.5,52200,-1.0,-1.0,-1.0
2020/01/21,1453.5,1463.0,1450.5,1454.5,41200,-1.0,-1.0,-1.0
2020/01/22,1454.5,1454.5,1442.0,1443.5,39000,-1.0,-1.0,-1.0
2020/01/23,1433.0,1439.5,1425.5,1434.0,28000,-1.0,-1.0,-1.0
2020/01/24,1442.0,1442.0,1418.5,1421.5,37000,-1.0,-1.0,-1.0
2020/01/27,1397.5,1408.0,1394.0,1399.5,46000,-1.0,-1.0,-1.0
2020/01/28,1390.5,1392.0,1382.0,1389.5,46400,-1.0,-1.0,-1.0
2020/01/29,1385.5,1395.0,1383.0,1394.0,46200,-1.0,-1.0,-1.0
2020/01/30,1388.0,1397.5,1373.5,1391.5,51400,-1.0,-1.0,-1.0
2020/01/31,1392.0,1400.0,1391.0,1393.0,22600,-1.0,-1.0,-1.0
2020/02/03,1368.0,1391.0,1367.5,1387.5,32800,-1.0,-1.0,-1.0
2020/02/04,1375.5,1403.0,1375.5,1403.0,28400,-1.0,-1.0,-1.0
2020/02/05,1404.0,1412.5,1400.0,1406.0,29800,-1.0,-1.0,-1.0
2020/02/06,1411.5,1428.0,1411.5,1422.5,51000,-1.0,-1.0,-1.0
2020/02/07,1417.0,1419.5,1400.0,1408.5,24200,-1.0,-1.0,-1.0
2020/02/10,1408.5,1408.5,1391.0,1394.5,25800,-1.0,-1.0,-1.0
2020/02/12,1405.5,1405.5,1379.5,1379.5,35200,-1.0,-1.0,-1.0
2020/02/13,1385.0,1387.5,1373.0,1380.5,44800,-1.0,-1.0,-1.0
2020/02/14,1374.0,1375.0,1352.5,1361.5,62200,-1.0,-1.0,-1.0
2020/02/17,1346.5,1346.5,1324.0,1328.5,76200,-1.0,-1.0,-1.0
2020/02/18,1328.5,1337.0,1313.0,1313.5,43600,-1.0,-1.0,-1.0
2020/02/19,1306.0,1348.0,1305.0,1345.0,63400,-1.0,-1.0,-1.0
2020/02/20,1351.5,1353.5,1326.0,1327.5,28600,-1.0,-1.0,-1.0
2020/02/21,1326.0,1331.5,1309.0,1312.0,36200,-1.0,-1.0,-1.0
2020/02/25,1265.5,1282.5,1261.5,1264.0,78600,-1.0,-1.0,-1.0
2020/02/26,1250.0,1265.0,1237.5,1258.0,55000,-1.0,-1.0,-1.0
2020/02/27,1247.5,1247.5,1216.0,1220.5,74600,-1.0,-1.0,-1.0
2020/02/28,1180.5,1201.0,1176.0,1196.5,92200,-1.0,-1.0,-1.0
2020/03/02,1155.0,1230.5,1155.0,1203.5,66000,-1.0,-1.0,-1.0
2020/03/03,1208.5,1232.0,1160.5,1160.5,67600,-1.0,-1.0,-1.0
2020/03/04,1159.0,1168.5,1142.0,1153.5,59600,-1.0,-1.0,-1.0
2020/03/05,1169.5,1170.0,1140.5,1143.0,52400,-1.0,-1.0,-1.0
2020/03/06,1125.0,1125.0,1090.0,1099.5,70200,-1.0,-1.0,-1.0
2020/03/09,1065.0,1079.5,1040.0,1051.5,81800,-1.0,-1.0,-1.0
2020/03/10,1012.5,1068.0,986.0,1060.5,155400,-1.0,-1.0,-1.0
2020/03/11,1056.5,1098.5,1056.5,1073.0,95000,-1.0,-1.0,-1.0
2020/03/12,1056.0,1073.0,1016.5,1026.5,118400,-1.0,-1.0,-1.0
2020/03/13,940.5,991.5,926.5,956.0,145000,-1.0,-1.0,-1.0
2020/03/16,960.5,994.5,947.5,963.5,82400,-1.0,-1.0,-1.0
2020/03/17,950.0,1042.0,932.5,1032.0,116800,-1.0,-1.0,-1.0
2020/03/18,1032.0,1044.0,957.5,961.0,137400,-1.0,-1.0,-1.0
2020/03/19,967.5,1071.5,961.0,1045.0,151800,-1.0,-1.0,-1.0
2020/03/23,1036.5,1057.0,1004.0,1041.0,116000,-1.0,-1.0,-1.0
2020/03/24,1075.0,1099.0,1014.0,1058.0,93000,-1.0,-1.0,-1.0
2020/03/25,1125.0,1125.0,1063.0,1113.0,60800,-1.0,-1.0,-1.0
2020/03/26,1113.5,1174.0,1070.0,1167.0,136400,-1.0,-1.0,-1.0
2020/03/27,1183.5,1238.0,1181.5,1238.0,168800,-1.0,-1.0,-1.0
2020/03/30,1200.0,1200.0,1115.5,1180.0,126600,-1.0,-1.0,-1.0
2020/03/31,1198.0,1198.0,1128.5,1174.0,84200,-1.0,-1.0,-1.0
2020/04/01,1149.0,1172.5,1109.0,1124.0,86400,-1.0,-1.0,-1.0
2020/04/02,1099.5,1111.5,1073.5,1089.0,62200,-1.0,-1.0,-1.0
2020/04/03,1082.0,1127.0,1071.5,1082.0,55200,-1.0,-1.0,-1.0
2020/04/06,1082.0,1115.0,1067.0,1111.5,92000,-1.0,-1.0,-1.0
2020/04/07,1126.0,1157.5,1101.5,1134.0,64600,-1.0,-1.0,-1.0
2020/04/08,1110.0,1149.5,1100.5,1137.0,93800,-1.0,-1.0,-1.0
2020/04/09,1130.0,1145.0,1102.5,1115.0,74000,-1.0,-1.0,-1.0
2020/04/10,1124.5,1133.5,1105.0,1128.0,105400,-1.0,-1.0,-1.0
2020/04/13,1123.5,1137.5,1111.0,1124.5,47400,-1.0,-1.0,-1.0
2020/04/14,1124.5,1135.0,1101.0,1107.5,49800,-1.0,-1.0,-1.0
2020/04/15,1102.5,1107.0,1069.0,1100.5,140000,-1.0,-1.0,-1.0
2020/04/16,1076.5,1125.0,1076.5,1125.0,68800,-1.0,-1.0,-1.0
2020/04/17,1120.5,1130.0,1097.0,1102.5,70400,-1.0,-1.0,-1.0
2020/04/20,1106.5,1106.5,1075.0,1076.5,37400,-1.0,-1.0,-1.0
2020/04/21,1050.0,1059.5,1039.0,1056.0,109600,-1.0,-1.0,-1.0
2020/04/22,1045.0,1057.5,1036.5,1047.0,48000,-1.0,-1.0,-1.0
2020/04/23,1047.0,1069.0,1043.5,1069.0,43600,-1.0,-1.0,-1.0
2020/04/24,1073.5,1073.5,1050.0,1065.0,98000,-1.0,-1.0,-1.0
2020/04/27,1057.5,1073.5,1053.5,1060.5,34400,-1.0,-1.0,-1.0
2020/04/28,1057.0,1074.5,1040.5,1070.0,110400,-1.0,-1.0,-1.0
2020/04/30,1079.0,1082.0,1058.5,1070.5,74600,-1.0,-1.0,-1.0
2020/05/01,1062.5,1062.5,1036.5,1054.0,82800,-1.0,-1.0,-1.0
2020/05/07,1048.5,1072.5,1048.5,1071.0,65800,-1.0,-1.0,-1.0
2020/05/08,1077.0,1095.0,1065.0,1089.5,88400,-1.0,-1.0,-1.0
2020/05/11,1103.5,1116.5,1097.5,1113.5,28800,-1.0,-1.0,-1.0
2020/05/12,1118.5,1118.5,1089.0,1101.5,41800,-1.0,-1.0,-1.0
2020/05/13,1084.5,1100.0,1081.0,1098.0,52400,-1.0,-1.0,-1.0
2020/05/14,1094.0,1094.0,1069.5,1069.5,30800,-1.0,-1.0,-1.0
2020/05/15,1082.0,1082.0,1038.5,1067.0,33600,-1.0,-1.0,-1.0
2020/05/18,1071.0,1071.0,1042.0,1051.0,51800,-1.0,-1.0,-1.0
2020/05/19,1076.0,1076.0,1056.5,1075.0,39400,-1.0,-1.0,-1.0
2020/05/20,1075.0,1092.0,1073.5,1089.5,51800,-1.0,-1.0,-1.0
2020/05/21,1084.5,1092.5,1076.5,1088.0,17000,-1.0,-1.0,-1.0
2020/05/22,1086.0,1086.0,1055.5,1062.0,44200,-1.0,-1.0,-1.0
2020/05/25,1079.0,1097.5,1070.0,1097.5,41200,-1.0,-1.0,-1.0
2020/05/26,1100.0,1108.0,1094.0,1105.5,61600,-1.0,-1.0,-1.0
2020/05/27,1109.0,1109.0,1088.5,1104.5,77800,-1.0,-1.0,-1.0
2020/05/28,1108.5,1130.0,1105.0,1129.0,70000,-1.0,-1.0,-1.0
2020/05/29,1134.5,1134.5,1105.5,1111.5,94800,-1.0,-1.0,-1.0
2020/06/01,1102.0,1108.0,1083.5,1095.0,55800,-1.0,-1.0,-1.0
2020/06/02,1100.0,1114.5,1091.5,1103.0,62400,-1.0,-1.0,-1.0
2020/06/03,1103.5,1103.5,1075.0,1083.5,108200,-1.0,-1.0,-1.0
2020/06/04,1081.0,1097.0,1064.5,1089.5,86800,-1.0,-1.0,-1.0
2020/06/05,1092.0,1095.0,1080.5,1095.0,59200,-1.0,-1.0,-1.0
2020/06/08,1100.0,1108.5,1093.0,1107.5,85000,-1.0,-1.0,-1.0
2020/06/09,1111.0,1116.0,1096.5,1101.5,67200,-1.0,-1.0,-1.0
2020/06/10,1101.5,1104.5,1092.5,1099.0,47000,-1.0,-1.0,-1.0
2020/06/11,1096.5,1096.5,1070.0,1070.0,65200,-1.0,-1.0,-1.0
2020/06/12,1050.0,1054.0,1033.0,1043.5,85000,-1.0,-1.0,-1.0
2020/06/15,1045.0,1050.5,1012.5,1012.5,87200,-1.0,-1.0,-1.0
2020/06/16,1044.0,1077.5,1034.0,1077.5,110200,-1.0,-1.0,-1.0
2020/06/17,1067.5,1079.5,1060.5,1062.0,57800,-1.0,-1.0,-1.0
2020/06/18,1062.0,1073.0,1038.0,1068.5,46200,-1.0,-1.0,-1.0
2020/06/19,1068.5,1082.5,1052.0,1082.0,86400,-1.0,-1.0,-1.0
2020/06/22,1071.5,1072.5,1051.5,1051.5,31800,-1.0,-1.0,-1.0
2020/06/23,1066.5,1066.5,1046.0,1051.0,35400,-1.0,-1.0,-1.0
2020/06/24,1051.0,1051.0,1029.0,1034.5,36800,-1.0,-1.0,-1.0
2020/06/25,1033.5,1033.5,1014.5,1021.0,59000,-1.0,-1.0,-1.0
2020/06/26,1037.0,1040.0,1028.0,1040.0,53000,-1.0,-1.0,-1.0
2020/06/29,1030.0,1037.0,1020.5,1031.0,38600,-1.0,-1.0,-1.0
2020/06/30,1047.0,1047.0,1030.0,1032.0,29000,-1.0,-1.0,-1.0
2020/07/01,1034.0,1034.0,1000.0,1004.5,49400,-1.0,-1.0,-1.0
2020/07/02,1009.5,1017.0,998.5,1002.5,56000,-1.0,-1.0,-1.0
2020/07/03,1002.5,1010.0,990.0,1001.0,28800,-1.0,-1.0,-1.0
2020/07/06,1006.0,1041.0,1006.0,1041.0,50800,-1.0,-1.0,-1.0
2020/07/07,1042.0,1042.5,1015.5,1023.0,37800,-1.0,-1.0,-1.0
2020/07/08,1020.5,1034.5,1013.0,1013.0,37600,-1.0,-1.0,-1.0
2020/07/09,1019.0,1019.0,998.0,1006.5,36400,-1.0,-1.0,-1.0
2020/07/10,1003.0,1003.0,990.0,990.0,59800,-1.0,-1.0,-1.0
2020/07/13,1010.0,1033.5,1006.0,1032.5,70800,-1.0,-1.0,-1.0
2020/07/14,1036.5,1036.5,1021.0,1026.0,33600,-1.0,-1.0,-1.0
2020/07/15,1037.5,1040.5,1013.0,1030.5,53800,-1.0,-1.0,-1.0
2020/07/16,1032.5,1034.0,1012.0,1014.0,45000,-1.0,-1.0,-1.0
2020/07/17,1017.0,1017.0,1003.0,1011.5,40800,-1.0,-1.0,-1.0
2020/07/20,1005.0,1014.0,991.0,1008.0,84400,-1.0,-1.0,-1.0
2020/07/21,1008.0,1020.5,998.0,1020.5,54400,-1.0,-1.0,-1.0
2020/07/22,1033.5,1034.0,1013.5,1014.0,68000,-1.0,-1.0,-1.0
2020/07/27,1008.5,1017.5,996.0,1014.5,35000,-1.0,-1.0,-1.0
2020/07/28,1023.5,1023.5,1003.0,1014.0,32400,-1.0,-1.0,-1.0
2020/07/29,1001.0,1003.0,991.5,992.0,42200,-1.0,-1.0,-1.0
2020/07/30,1000.0,1000.0,961.5,966.5,64800,-1.0,-1.0,-1.0
2020/07/31,965.0,965.0,933.5,937.0,64600,-1.0,-1.0,-1.0
2020/08/03,949.5,960.0,945.0,950.0,31200,-1.0,-1.0,-1.0
2020/08/04,961.0,978.0,950.5,974.0,28400,-1.0,-1.0,-1.0
2020/08/05,964.0,981.0,962.0,969.5,27200,-1.0,-1.0,-1.0
2020/08/06,964.5,976.5,956.5,968.0,32200,-1.0,-1.0,-1.0
2020/08/07,997.0,1044.0,997.0,1025.0,170600,-1.0,-1.0,-1.0
2020/08/11,1043.5,1059.5,1043.5,1048.5,83200,-1.0,-1.0,-1.0
2020/08/12,1050.0,1056.0,1030.0,1052.0,87800,-1.0,-1.0,-1.0
2020/08/13,1052.0,1057.5,1033.0,1056.0,67200,-1.0,-1.0,-1.0
2020/08/14,1056.0,1056.0,1033.0,1033.0,42400,-1.0,-1.0,-1.0
2020/08/17,1026.5,1039.0,1022.0,1023.0,21600,-1.0,-1.0,-1.0
2020/08/18,1012.5,1024.5,1012.5,1018.5,31800,-1.0,-1.0,-1.0
2020/08/19,1012.5,1021.0,1008.0,1011.0,31600,-1.0,-1.0,-1.0
2020/08/20,1006.0,1017.5,1005.0,1008.0,28200,-1.0,-1.0,-1.0
2020/08/21,1010.5,1019.0,1009.0,1010.5,8600,-1.0,-1.0,-1.0
2020/08/24,1005.5,1017.5,1005.5,1012.0,28800,-1.0,-1.0,-1.0
2020/08/25,1025.0,1029.0,1014.0,1017.5,50600,-1.0,-1.0,-1.0
2020/08/26,1017.5,1025.0,1010.0,1022.5,25000,-1.0,-1.0,-1.0
2020/08/27,1022.5,1029.0,1011.5,1025.0,25600,-1.0,-1.0,-1.0
2020/08/28,1023.5,1042.0,1008.0,1020.0,67200,-1.0,-1.0,-1.0
2020/08/31,1025.0,1042.0,1025.0,1037.5,78000,-1.0,-1.0,-1.0
2020/09/01,1037.5,1037.5,1012.0,1012.0,28600,-1.0,-1.0,-1.0
2020/09/02,1023.5,1023.5,1004.0,1015.0,19000,-1.0,-1.0,-1.0
2020/09/03,1017.0,1030.0,1013.0,1021.0,81600,-1.0,-1.0,-1.0
2020/09/04,1013.0,1024.0,1010.5,1022.5,49600,-1.0,-1.0,-1.0
2020/09/07,1025.0,1029.0,1010.0,1013.0,30400,-1.0,-1.0,-1.0
2020/09/08,1013.0,1019.5,1005.5,1015.0,43200,-1.0,-1.0,-1.0
2020/09/09,1003.5,1009.0,993.0,997.0,62000,-1.0,-1.0,-1.0
2020/09/10,1006.5,1008.5,998.5,999.0,44200,-1.0,-1.0,-1.0
2020/09/11,1005.5,1020.0,993.5,1019.5,62600,-1.0,-1.0,-1.0
2020/09/14,1025.0,1047.5,1024.5,1034.5,65400,-1.0,-1.0,-1.0
2020/09/15,1037.5,1042.0,1016.0,1029.5,37400,-1.0,-1.0,-1.0
2020/09/16,1037.0,1040.0,1027.5,1038.5,36800,-1.0,-1.0,-1.0
2020/09/17,1041.5,1045.0,1032.0,1044.5,34200,-1.0,-1.0,-1.0
2020/09/18,1044.5,1063.0,1040.5,1063.0,95400,-1.0,-1.0,-1.0
2020/09/23,1048.0,1072.5,1047.5,1064.0,45800,-1.0,-1.0,-1.0
2020/09/24,1065.5,1072.0,1052.5,1057.5,53400,-1.0,-1.0,-1.0
2020/09/25,1069.0,1069.0,1049.5,1054.0,83000,-1.0,-1.0,-1.0
2020/09/28,1070.0,1102.5,1067.0,1100.0,122000,-1.0,-1.0,-1.0
2020/09/29,1099.5,1107.0,1087.5,1093.5,67800,-1.0,-1.0,-1.0
2020/09/30,1094.0,1094.0,1052.0,1052.0,66800,-1.0,-1.0,-1.0
2020/10/02,1064.5,1071.0,1023.0,1023.0,46400,-1.0,-1.0,-1.0
2020/10/05,1034.0,1053.0,1032.0,1041.5,34600,-1.0,-1.0,-1.0
2020/10/06,1051.5,1051.5,1035.0,1045.0,15000,-1.0,-1.0,-1.0
2020/10/07,1034.5,1049.0,1027.0,1036.5,31400,-1.0,-1.0,-1.0
2020/10/08,1036.5,1038.5,1029.5,1033.5,39200,-1.0,-1.0,-1.0
2020/10/09,1037.5,1037.5,1022.5,1036.5,27400,-1.0,-1.0,-1.0
2020/10/12,1035.0,1035.0,1019.0,1026.0,34000,-1.0,-1.0,-1.0
2020/10/13,1035.5,1035.5,1018.5,1023.0,11800,-1.0,-1.0,-1.0
2020/10/14,1019.5,1025.0,1011.0,1014.5,28600,-1.0,-1.0,-1.0
2020/10/15,1010.0,1014.0,1003.0,1005.5,34800,-1.0,-1.0,-1.0
2020/10/16,1005.5,1010.0,996.0,996.0,24600,-1.0,-1.0,-1.0
2020/10/19,1004.0,1017.5,999.5,1014.0,37600,-1.0,-1.0,-1.0
2020/10/20,1014.0,1014.0,993.0,995.0,41000,-1.0,-1.0,-1.0
2020/10/21,1000.0,1011.0,997.0,1001.5,19800,-1.0,-1.0,-1.0
2020/10/22,998.5,998.5,990.5,995.0,46400,-1.0,-1.0,-1.0
2020/10/23,1005.0,1005.0,991.5,998.5,28400,-1.0,-1.0,-1.0
2020/10/26,998.5,1009.0,997.5,1009.0,15200,-1.0,-1.0,-1.0
2020/10/27,995.0,995.5,987.0,993.5,38200,-1.0,-1.0,-1.0
2020/10/28,992.5,995.5,980.5,995.5,30200,-1.0,-1.0,-1.0
2020/10/29,985.5,993.0,985.5,988.5,17200,-1.0,-1.0,-1.0
2020/10/30,984.0,990.5,969.5,974.0,50000,-1.0,-1.0,-1.0
2020/11/02,987.0,1000.0,979.0,987.5,50600,-1.0,-1.0,-1.0
2020/11/04,990.5,998.0,976.5,988.5,63800,-1.0,-1.0,-1.0
2020/11/05,988.5,1003.0,975.5,997.5,81200,-1.0,-1.0,-1.0
2020/11/06,997.0,999.0,987.5,997.0,53000,-1.0,-1.0,-1.0
2020/11/09,1001.5,1001.5,985.0,999.0,46400,-1.0,-1.0,-1.0
2020/11/10,1023.5,1035.0,1000.5,1018.5,109200,-1.0,-1.0,-1.0
2020/11/11,1035.0,1035.0,999.0,1010.0,98800,-1.0,-1.0,-1.0
2020/11/12,1002.0,1010.0,986.5,997.0,84400,-1.0,-1.0,-1.0
2020/11/13,986.0,986.0,955.0,961.5,156600,-1.0,-1.0,-1.0
2020/11/16,965.0,973.5,950.5,952.5,178800,-1.0,-1.0,-1.0
2020/11/17,959.5,969.5,950.0,965.0,228400,-1.0,-1.0,-1.0
2020/11/18,958.0,965.0,950.5,964.5,191400,-1.0,-1.0,-1.0
2020/11/19,953.0,958.5,945.5,948.5,219600,-1.0,-1.0,-1.0
2020/11/20,948.5,954.5,937.0,952.0,97400,-1.0,-1.0,-1.0
2020/11/24,940.5,952.0,940.0,940.5,209400,-1.0,-1.0,-1.0
2020/11/25,950.0,954.0,927.5,929.0,265600,-1.0,-1.0,-1.0
2020/11/26,928.0,928.5,915.5,918.5,150800,-1.0,-1.0,-1.0
2020/11/27,918.0,925.0,915.0,925.0,208600,-1.0,-1.0,-1.0
2020/11/30,920.0,922.5,900.5,901.5,661600,-1.0,-1.0,-1.0
2020/12/01,911.5,923.0,908.0,917.0,148200,-1.0,-1.0,-1.0
2020/12/02,923.5,927.5,917.0,923.0,127000,-1.0,-1.0,-1.0
2020/12/03,926.5,935.5,920.5,933.0,147600,-1.0,-1.0,-1.0
2020/12/04,931.0,939.0,921.0,922.5,110400,-1.0,-1.0,-1.0
2020/12/07,925.0,925.0,903.5,905.5,191000,-1.0,-1.0,-1.0
2020/12/08,903.5,910.5,902.5,909.0,84200,-1.0,-1.0,-1.0
2020/12/09,910.0,915.5,908.0,910.0,64800,-1.0,-1.0,-1.0
2020/12/10,908.5,915.5,905.5,911.5,83200,-1.0,-1.0,-1.0
2020/12/11,909.5,912.5,906.5,910.5,79800,-1.0,-1.0,-1.0
2020/12/14,906.5,924.5,906.5,918.5,92200,-1.0,-1.0,-1.0
2020/12/15,918.5,928.5,913.0,916.5,80600,-1.0,-1.0,-1.0
2020/12/16,924.0,924.0,913.5,916.5,53200,-1.0,-1.0,-1.0
2020/12/17,916.5,916.5,904.5,906.5,122200,-1.0,-1.0,-1.0
2020/12/18,905.0,913.5,903.0,913.5,117200,-1.0,-1.0,-1.0
2020/12/21,913.5,915.0,904.0,913.5,76400,-1.0,-1.0,-1.0
2020/12/22,907.0,908.0,897.0,904.0,163600,-1.0,-1.0,-1.0
2020/12/23,909.5,910.0,900.0,906.0,101200,-1.0,-1.0,-1.0
2020/12/24,901.5,911.5,901.0,905.5,132600,-1.0,-1.0,-1.0
2020/12/25,907.5,911.0,902.5,911.0,125800,-1.0,-1.0,-1.0
2020/12/28,904.5,914.0,903.0,908.5,133200,-1.0,-1.0,-1.0
2020/12/29,914.5,920.0,909.5,920.0,89200,-1.0,-1.0,-1.0
2020/12/30,920.5,920.5,907.0,915.0,88400,-1.0,-1.0,-1.0
2021/01/04,915.0,915.0,898.5,908.5,124800,-1.0,-1.0,-1.0
2021/01/05,909.5,911.5,901.0,909.0,86200,-1.0,-1.0,-1.0
2021/01/06,909.0,921.0,906.0,920.0,95000,-1.0,-1.0,-1.0
2021/01/07,924.0,932.0,918.0,920.0,110000,-1.0,-1.0,-1.0
2021/01/08,920.5,931.5,918.5,931.5,79000,-1.0,-1.0,-1.0
2021/01/12,936.0,936.0,928.0,930.5,69000,-1.0,-1.0,-1.0
2021/01/13,930.0,934.5,926.0,932.0,63000,-1.0,-1.0,-1.0
2021/01/14,937.0,946.0,930.5,941.0,105400,-1.0,-1.0,-1.0
2021/01/15,945.0,945.0,932.5,933.0,72400,-1.0,-1.0,-1.0
2021/01/18,936.0,946.0,930.5,942.0,93600,-1.0,-1.0,-1.0
2021/01/19,942.5,946.5,936.0,946.0,83000,-1.0,-1.0,-1.0
2021/01/20,938.5,944.5,933.0,943.5,76000,-1.0,-1.0,-1.0
2021/01/21,944.0,955.5,944.0,948.0,96800,-1.0,-1.0,-1.0
2021/01/22,950.0,952.5,938.0,938.5,85200,-1.0,-1.0,-1.0
2021/01/25,939.0,949.5,933.5,939.5,71000,-1.0,-1.0,-1.0
2021/01/26,935.0,939.0,931.5,938.0,54400,-1.0,-1.0,-1.0
2021/01/27,935.5,937.5,933.0,934.0,57800,-1.0,-1.0,-1.0
2021/01/28,931.0,943.0,918.5,939.0,185200,-1.0,-1.0,-1.0
2021/01/29,936.5,936.5,920.5,926.0,118000,-1.0,-1.0,-1.0
2021/02/01,925.0,931.0,921.5,928.5,56800,-1.0,-1.0,-1.0
2021/02/02,929.0,945.0,929.0,942.5,104200,-1.0,-1.0,-1.0
2021/02/03,942.5,954.5,937.5,953.0,135800,-1.0,-1.0,-1.0
2021/02/04,953.0,976.5,952.0,975.5,172400,-1.0,-1.0,-1.0
2021/02/05,977.5,985.0,973.0,977.5,102200,-1.0,-1.0,-1.0
2021/02/08,991.5,1001.5,985.0,998.0,227200,-1.0,-1.0,-1.0
2021/02/09,998.5,1010.0,985.5,988.5,195600,-1.0,-1.0,-1.0
2021/02/10,989.0,1004.5,988.0,989.0,87000,-1.0,-1.0,-1.0
2021/02/12,1000.5,1000.5,974.0,976.5,113800,-1.0,-1.0,-1.0
2021/02/15,990.0,1001.5,983.5,994.0,116000,-1.0,-1.0,-1.0
2021/02/16,1000.0,1000.0,988.0,992.0,74200,-1.0,-1.0,-1.0
2021/02/17,992.0,1002.0,988.5,996.0,82800,-1.0,-1.0,-1.0
2021/02/18,996.0,996.0,980.5,981.0,129200,-1.0,-1.0,-1.0
2021/02/19,977.5,978.0,962.0,967.5,144000,-1.0,-1.0,-1.0
2021/02/22,983.0,987.0,972.0,983.0,139800,-1.0,-1.0,-1.0
2021/02/24,987.5,987.5,964.5,968.5,123000,-1.0,-1.0,-1.0
2021/02/25,981.5,981.5,970.0,972.5,115600,-1.0,-1.0,-1.0
2021/02/26,965.0,974.5,952.5,952.5,150600,-1.0,-1.0,-1.0
2021/03/01,956.0,968.5,954.5,967.5,113800,-1.0,-1.0,-1.0
2021/03/02,973.0,973.0,955.0,968.5,70400,-1.0,-1.0,-1.0
2021/03/03,968.5,984.5,965.0,981.0,101000,-1.0,-1.0,-1.0
2021/03/04,975.5,987.0,971.0,987.0,98000,-1.0,-1.0,-1.0
2021/03/05,986.5,997.0,975.5,997.0,89600,-1.0,-1.0,-1.0
2021/03/08,1007.5,1021.5,1000.0,1011.5,142200,-1.0,-1.0,-1.0
2021/03/09,1020.5,1037.0,1020.0,1031.0,106000,-1.0,-1.0,-1.0
2021/03/10,1030.0,1037.5,1016.0,1023.0,89600,-1.0,-1.0,-1.0
2021/03/11,1031.5,1038.5,1025.5,1027.5,67000,-1.0,-1.0,-1.0
2021/03/12,1032.5,1032.5,1013.0,1027.5,133200,-1.0,-1.0,-1.0
2021/03/15,1029.0,1054.0,1029.0,1054.0,176800,-1.0,-1.0,-1.0
2021/03/16,1060.0,1060.0,1045.0,1049.0,122200,-1.0,-1.0,-1.0
2021/03/17,1054.5,1058.0,1041.5,1057.0,110400,-1.0,-1.0,-1.0
2021/03/18,1050.0,1057.0,1047.5,1050.0,175200,-1.0,-1.0,-1.0
2021/03/19,1050.0,1057.0,1043.0,1047.0,295200,-1.0,-1.0,-1.0
2021/03/22,1050.0,1067.0,1048.5,1063.5,194200,-1.0,-1.0,-1.0
2021/03/23,1068.5,1073.5,1058.0,1058.0,137800,-1.0,-1.0,-1.0
2021/03/24,1056.5,1058.0,1040.5,1044.5,179600,-1.0,-1.0,-1.0
2021/03/25,1050.0,1059.5,1046.5,1053.0,110600,-1.0,-1.0,-1.0
2021/03/26,1063.5,1072.0,1056.0,1066.0,140000,-1.0,-1.0,-1.0
2021/03/29,1075.0,1077.5,1049.0,1058.0,330800,-1.0,-1.0,-1.0
2021/03/30,1025.5,1032.5,1013.0,1016.5,216000,-1.0,-1.0,-1.0
2021/03/31,1010.5,1012.5,988.0,988.0,149800,-1.0,-1.0,-1.0
2021/04/01,988.0,994.0,967.5,967.5,145200,-1.0,-1.0,-1.0
2021/04/02,978.0,980.0,959.5,962.0,93600,-1.0,-1.0,-1.0
2021/04/05,964.0,964.5,947.0,963.0,369400,-1.0,-1.0,-1.0
2021/04/06,963.5,968.0,945.5,948.5,242200,-1.0,-1.0,-1.0
2021/04/07,950.0,951.0,946.0,950.0,179200,-1.0,-1.0,-1.0
2021/04/08,949.0,951.5,923.0,930.5,332400,-1.0,-1.0,-1.0
2021/04/09,930.5,942.0,929.5,937.0,100000,-1.0,-1.0,-1.0
2021/04/12,942.5,946.5,936.5,937.5,105600,-1.0,-1.0,-1.0
2021/04/13,938.0,950.5,938.0,949.0,92400,-1.0,-1.0,-1.0
2021/04/14,947.0,949.5,941.0,948.0,103600,-1.0,-1.0,-1.0
2021/04/15,943.0,952.5,943.0,948.5,84000,-1.0,-1.0,-1.0
2021/04/16,948.0,950.5,941.5,947.5,78000,-1.0,-1.0,-1.0
2021/04/19,945.0,952.5,943.5,946.0,84400,-1.0,-1.0,-1.0
2021/04/20,940.0,941.5,932.0,934.0,102800,-1.0,-1.0,-1.0
2021/04/21,925.0,925.5,911.0,923.0,197200,-1.0,-1.0,-1.0
2021/04/22,925.5,931.0,921.0,923.5,70200,-1.0,-1.0,-1.0
2021/04/23,922.5,936.5,919.5,936.0,125400,-1.0,-1.0,-1.0
2021/04/26,939.0,941.5,930.5,933.0,71800,-1.0,-1.0,-1.0
2021/04/27,933.0,936.5,926.0,929.0,54800,-1.0,-1.0,-1.0
2021/04/28,929.5,929.5,914.0,914.0,141400,-1.0,-1.0,-1.0
2021/04/30,922.5,924.5,913.5,913.5,104600,-1.0,-1.0,-1.0
2021/05/06,915.5,929.0,915.5,916.5,116000,-1.0,-1.0,-1.0
2021/05/07,918.0,932.0,918.0,925.5,61400,-1.0,-1.0,-1.0
2021/05/10,928.0,934.5,928.0,934.0,43000,-1.0,-1.0,-1.0
2021/05/11,927.5,936.5,918.0,921.5,77000,-1.0,-1.0,-1.0
2021/05/12,920.0,923.0,905.0,906.5,227400,-1.0,-1.0,-1.0
2021/05/13,904.0,904.0,889.0,892.5,301400,-1.0,-1.0,-1.0
2021/05/14,900.0,906.5,896.5,898.5,105000,-1.0,-1.0,-1.0
2021/05/17,907.0,932.5,904.0,928.5,174000,-1.0,-1.0,-1.0
2021/05/18,930.0,946.0,925.5,940.5,95800,-1.0,-1.0,-1.0
2021/05/19,930.0,944.0,930.0,941.0,77000,-1.0,-1.0,-1.0
2021/05/20,940.0,948.5,939.0,940.5,70200,-1.0,-1.0,-1.0
2021/05/21,942.0,946.0,931.5,944.0,70800,-1.0,-1.0,-1.0
2021/05/24,948.0,950.5,942.0,946.0,57400,-1.0,-1.0,-1.0
2021/05/25,949.0,949.0,928.0,931.5,82400,-1.0,-1.0,-1.0
2021/05/26,938.5,939.5,923.0,935.5,88800,-1.0,-1.0,-1.0
2021/05/27,932.5,938.5,919.5,919.5,71400,-1.0,-1.0,-1.0
2021/05/28,929.0,942.0,924.0,940.0,122000,-1.0,-1.0,-1.0
2021/05/31,939.5,939.5,919.0,922.5,114200,-1.0,-1.0,-1.0
2021/06/01,927.5,931.0,918.5,928.5,86400,-1.0,-1.0,-1.0
2021/06/02,924.5,938.0,918.5,937.5,103000,-1.0,-1.0,-1.0
2021/06/03,940.0,946.0,932.0,945.5,125200,-1.0,-1.0,-1.0
2021/06/04,945.0,945.0,937.0,941.5,76400,-1.0,-1.0,-1.0
2021/06/07,942.5,946.5,935.5,945.0,68600,-1.0,-1.0,-1.0
2021/06/08,945.5,962.0,945.0,957.5,156600,-1.0,-1.0,-1.0
2021/06/09,960.0,968.0,953.5,962.0,114200,-1.0,-1.0,-1.0
2021/06/10,960.0,960.0,949.0,949.0,61800,-1.0,-1.0,-1.0
2021/06/11,950.0,950.0,936.5,938.5,78800,-1.0,-1.0,-1.0
2021/06/14,943.0,945.5,936.5,939.5,53800,-1.0,-1.0,-1.0
2021/06/15,938.0,942.5,934.0,937.5,43200,-1.0,-1.0,-1.0
2021/06/16,939.5,945.0,936.5,942.5,94000,-1.0,-1.0,-1.0
2021/06/17,939.5,950.0,936.5,949.5,80000,-1.0,-1.0,-1.0
2021/06/18,949.5,949.5,932.0,932.0,62600,-1.0,-1.0,-1.0
2021/06/21,925.0,925.0,910.0,911.0,138800,-1.0,-1.0,-1.0
2021/06/22,924.0,938.0,920.0,936.5,116400,-1.0,-1.0,-1.0
2021/06/23,928.0,934.5,924.0,927.0,44400,-1.0,-1.0,-1.0
2021/06/24,925.0,934.5,923.5,927.5,52000,-1.0,-1.0,-1.0
2021/06/25,936.5,936.5,928.5,930.0,36400,-1.0,-1.0,-1.0
2021/06/28,936.0,937.5,932.0,935.5,31800,-1.0,-1.0,-1.0
2021/06/29,933.0,934.5,924.5,930.0,69000,-1.0,-1.0,-1.0
2021/06/30,933.5,933.5,921.0,921.0,79200,-1.0,-1.0,-1.0
2021/07/01,921.0,926.5,918.5,918.5,42600,-1.0,-1.0,-1.0
2021/07/02,920.0,931.5,920.0,928.5,36200,-1.0,-1.0,-1.0
2021/07/05,928.5,931.5,927.0,930.0,34400,-1.0,-1.0,-1.0
2021/07/06,930.0,933.5,927.5,928.0,27800,-1.0,-1.0,-1.0
2021/07/07,925.5,929.5,922.5,928.5,45000,-1.0,-1.0,-1.0
2021/07/08,928.5,931.5,923.0,923.0,51600,-1.0,-1.0,-1.0
2021/07/09,920.0,937.5,916.0,933.5,145400,-1.0,-1.0,-1.0
2021/07/12,948.5,955.0,943.5,947.0,99000,-1.0,-1.0,-1.0
2021/07/13,947.5,968.5,946.0,967.5,105800,-1.0,-1.0,-1.0
2021/07/14,967.5,980.5,965.5,978.5,112600,-1.0,-1.0,-1.0
2021/07/15,979.0,983.5,960.0,961.0,67800,-1.0,-1.0,-1.0
2021/07/16,959.5,968.5,958.0,964.0,55800,-1.0,-1.0,-1.0
2021/07/19,964.0,976.5,960.5,964.5,107400,-1.0,-1.0,-1.0
2021/07/20,951.0,968.5,951.0,954.0,70800,-1.0,-1.0,-1.0
2021/07/21,971.5,972.5,955.0,958.0,87200,-1.0,-1.0,-1.0
2021/07/26,972.0,972.0,950.5,955.0,36000,-1.0,-1.0,-1.0
2021/07/27,965.0,966.0,951.5,966.0,43600,-1.0,-1.0,-1.0
2021/07/28,958.5,960.5,925.0,957.5,36400,-1.0,-1.0,-1.0
2021/07/29,965.5,965.5,942.5,944.0,59400,-1.0,-1.0,-1.0
2021/07/30,942.0,942.0,926.5,928.5,58400,-1.0,-1.0,-1.0
2021/08/02,935.0,949.0,933.0,947.0,72800,-1.0,-1.0,-1.0
2021/08/03,938.5,946.0,938.5,943.5,16000,-1.0,-1.0,-1.0
2021/08/04,934.0,937.5,930.0,936.5,45800,-1.0,-1.0,-1.0
2021/08/05,925.5,930.5,920.0,923.0,68000,-1.0,-1.0,-1.0
2021/08/06,929.0,929.0,920.0,920.0,35400,-1.0,-1.0,-1.0
2021/08/10,921.5,922.5,906.0,908.0,170600,-1.0,-1.0,-1.0
2021/08/11,918.0,920.5,911.0,913.0,59600,-1.0,-1.0,-1.0
2021/08/12,919.0,919.0,912.5,915.5,31600,-1.0,-1.0,-1.0
2021/08/13,915.5,918.0,914.0,914.5,18800,-1.0,-1.0,-1.0
2021/08/16,915.0,915.0,906.5,906.5,57000,-1.0,-1.0,-1.0
2021/08/17,908.0,908.5,903.5,905.5,54400,-1.0,-1.0,-1.0
2021/08/18,907.5,912.5,904.0,906.5,39600,-1.0,-1.0,-1.0
2021/08/19,904.0,906.0,899.0,899.0,74600,-1.0,-1.0,-1.0
2021/08/20,898.5,904.0,894.0,897.5,91800,-1.0,-1.0,-1.0
2021/08/23,900.0,904.0,894.0,898.5,78000,-1.0,-1.0,-1.0
2021/08/24,903.0,903.5,900.0,902.5,59000,-1.0,-1.0,-1.0
2021/08/25,906.0,909.5,900.0,903.5,61000,-1.0,-1.0,-1.0
2021/08/26,900.0,906.5,899.5,903.0,34400,-1.0,-1.0,-1.0
2021/08/27,900.5,904.5,900.0,901.0,25800,-1.0,-1.0,-1.0
2021/08/30,905.5,909.0,904.5,909.0,34800,-1.0,-1.0,-1.0
2021/08/31,910.0,912.0,905.0,905.0,38800,-1.0,-1.0,-1.0
2021/09/01,905.5,912.0,905.5,908.0,37600,-1.0,-1.0,-1.0
2021/09/02,909.5,912.0,906.5,912.0,38200,-1.0,-1.0,-1.0
2021/09/03,914.5,920.0,912.0,917.5,76600,-1.0,-1.0,-1.0
2021/09/06,922.0,928.0,915.5,919.0,68000,-1.0,-1.0,-1.0
2021/09/07,925.0,926.0,918.0,921.5,63000,-1.0,-1.0,-1.0
2021/09/08,921.5,924.5,912.5,921.0,115000,-1.0,-1.0,-1.0
2021/09/09,920.0,920.0,913.5,914.0,62000,-1.0,-1.0,-1.0
2021/09/10,914.5,922.5,914.0,922.5,81200,-1.0,-1.0,-1.0
2021/09/13,922.5,929.5,921.0,929.5,73000,-1.0,-1.0,-1.0
2021/09/14,930.5,932.0,925.5,931.0,100800,-1.0,-1.0,-1.0
2021/09/15,926.5,930.0,920.0,922.0,108600,-1.0,-1.0,-1.0
2021/09/16,920.5,927.0,920.5,926.5,93200,-1.0,-1.0,-1.0
2021/09/17,925.0,931.0,920.5,931.0,58000,-1.0,-1.0,-1.0
2021/09/21,915.0,920.0,913.0,914.5,65200,-1.0,-1.0,-1.0
2021/09/22,915.0,916.0,907.5,907.5,71000,-1.0,-1.0,-1.0
2021/09/24,920.5,923.0,914.5,922.0,70200,-1.0,-1.0,-1.0
2021/09/27,924.5,927.5,921.5,922.0,68000,-1.0,-1.0,-1.0
2021/09/28,922.0,931.5,918.0,931.5,104200,-1.0,-1.0,-1.0
2021/09/29,917.5,922.0,911.0,918.0,109200,-1.0,-1.0,-1.0
2021/09/30,921.0,924.0,911.0,911.0,50000,-1.0,-1.0,-1.0
2021/10/01,909.0,911.0,901.5,908.0,87200,-1.0,-1.0,-1.0
2021/10/04,919.0,920.5,909.5,914.5,58600,-1.0,-1.0,-1.0
2021/10/05,908.5,914.5,900.5,905.5,87600,-1.0,-1.0,-1.0
2021/10/06,914.5,916.0,903.0,912.0,85200,-1.0,-1.0,-1.0
2021/10/07,912.5,915.5,906.5,909.5,64400,-1.0,-1.0,-1.0
2021/10/08,923.5,927.0,915.5,916.0,74800,-1.0,-1.0,-1.0
2021/10/11,920.0,920.0,911.0,918.5,37400,-1.0,-1.0,-1.0
2021/10/12,919.0,921.5,912.0,912.0,46400,-1.0,-1.0,-1.0
2021/10/13,910.5,916.0,908.0,910.0,37600,-1.0,-1.0,-1.0
2021/10/14,914.5,914.5,905.5,907.5,38200,-1.0,-1.0,-1.0
2021/10/15,912.0,916.5,908.0,912.5,64800,-1.0,-1.0,-1.0
2021/10/18,915.0,919.5,910.0,919.5,66400,-1.0,-1.0,-1.0
2021/10/19,919.5,921.5,917.0,917.5,37000,-1.0,-1.0,-1.0
2021/10/20,916.5,918.0,908.0,908.0,79000,-1.0,-1.0,-1.0
2021/10/21,908.0,917.0,908.0,911.0,48200,-1.0,-1.0,-1.0
2021/10/22,912.0,913.5,907.0,912.0,40000,-1.0,-1.0,-1.0
2021/10/25,912.0,914.5,905.0,905.0,49800,-1.0,-1.0,-1.0
2021/10/26,910.5,914.5,906.0,907.5,46200,-1.0,-1.0,-1.0
2021/10/27,906.5,914.0,906.5,907.5,52200,-1.0,-1.0,-1.0
2021/10/28,907.0,917.5,903.0,904.5,274600,-1.0,-1.0,-1.0
2021/10/29,911.0,911.0,904.5,909.0,38400,-1.0,-1.0,-1.0
2021/11/01,910.5,915.0,909.0,914.5,41000,-1.0,-1.0,-1.0
2021/11/02,913.5,916.0,912.5,912.5,38800,-1.0,-1.0,-1.0
2021/11/04,910.0,916.0,907.5,908.0,84000,-1.0,-1.0,-1.0
2021/11/05,908.0,912.5,905.0,912.5,49600,-1.0,-1.0,-1.0
2021/11/08,913.0,916.5,905.0,910.0,57000,-1.0,-1.0,-1.0
2021/11/09,907.0,912.5,904.5,904.5,39400,-1.0,-1.0,-1.0
2021/11/10,904.5,905.5,896.0,900.0,62600,-1.0,-1.0,-1.0
2021/11/11,900.0,901.0,890.5,890.5,91800,-1.0,-1.0,-1.0
2021/11/12,896.5,907.5,895.0,906.0,61200,-1.0,-1.0,-1.0
2021/11/15,909.0,912.5,905.0,905.0,54200,-1.0,-1.0,-1.0
2021/11/16,906.0,910.0,902.5,904.0,38400,-1.0,-1.0,-1.0
2021/11/17,904.0,905.5,900.0,901.5,34000,-1.0,-1.0,-1.0
2021/11/18,899.0,903.0,893.5,893.5,82000,-1.0,-1.0,-1.0
2021/11/19,895.0,898.0,893.5,895.5,36800,-1.0,-1.0,-1.0
2021/11/22,895.5,898.0,893.0,896.5,41600,-1.0,-1.0,-1.0
2021/11/24,897.5,902.5,894.0,897.5,76000,-1.0,-1.0,-1.0
2021/11/25,899.5,900.0,894.0,895.0,34800,-1.0,-1.0,-1.0
2021/11/26,891.0,891.0,880.0,881.5,105000,-1.0,-1.0,-1.0
2021/11/29,879.5,879.5,865.5,865.5,79800,-1.0,-1.0,-1.0
2021/11/30,867.5,881.5,858.0,858.5,98200,-1.0,-1.0,-1.0
2021/12/01,858.0,871.5,857.5,869.0,73800,-1.0,-1.0,-1.0
2021/12/02,862.5,881.5,862.0,870.0,59400,-1.0,-1.0,-1.0
2021/12/03,877.0,887.0,877.0,887.0,41000,-1.0,-1.0,-1.0
2021/12/06,888.5,891.5,880.0,882.5,51400,-1.0,-1.0,-1.0
2021/12/07,881.5,907.0,881.5,907.0,77400,-1.0,-1.0,-1.0
2021/12/08,913.5,913.5,894.0,898.0,59400,-1.0,-1.0,-1.0
2021/12/09,892.5,905.0,888.5,903.0,83000,-1.0,-1.0,-1.0
2021/12/10,900.0,911.0,900.0,904.0,63200,-1.0,-1.0,-1.0
2021/12/13,905.0,906.0,900.0,903.0,43600,-1.0,-1.0,-1.0
2021/12/14,903.0,907.5,902.0,907.5,42600,-1.0,-1.0,-1.0
2021/12/15,904.5,914.0,904.5,911.5,46200,-1.0,-1.0,-1.0
2021/12/16,913.0,914.5,909.5,914.5,59600,-1.0,-1.0,-1.0
2021/12/17,912.5,919.5,907.5,912.0,50800,-1.0,-1.0,-1.0
2021/12/20,903.0,908.0,899.5,899.5,52000,-1.0,-1.0,-1.0
2021/12/21,904.5,905.5,894.0,895.5,60200,-1.0,-1.0,-1.0
2021/12/22,892.0,893.0,883.0,884.5,49000,-1.0,-1.0,-1.0
2021/12/23,884.5,886.5,876.5,884.5,89800,-1.0,-1.0,-1.0
2021/12/24,884.5,885.0,873.5,876.5,88600,-1.0,-1.0,-1.0
2021/12/27,872.5,873.0,859.0,861.0,153000,-1.0,-1.0,-1.0
2021/12/28,865.0,874.5,861.5,874.5,169600,-1.0,-1.0,-1.0
2021/12/29,874.5,897.5,874.5,897.5,96400,-1.0,-1.0,-1.0
2021/12/30,893.5,905.0,890.0,896.0,82000,-1.0,-1.0,-1.0
2022/01/04,906.5,915.0,906.5,915.0,71600,-1.0,-1.0,-1.0
2022/01/05,919.5,925.0,918.5,922.5,62000,-1.0,-1.0,-1.0
2022/01/06,922.0,924.0,912.5,913.5,53400,-1.0,-1.0,-1.0
2022/01/07,918.0,927.0,911.0,912.0,50200,-1.0,-1.0,-1.0
2022/01/11,916.5,916.5,905.5,914.5,36800,-1.0,-1.0,-1.0
2022/01/12,914.5,920.5,911.5,913.0,49400,-1.0,-1.0,-1.0
2022/01/13,916.0,919.5,911.0,912.0,40600,-1.0,-1.0,-1.0
2022/01/14,910.0,917.0,904.0,914.5,71200,-1.0,-1.0,-1.0
2022/01/17,917.0,920.0,910.5,915.0,33600,-1.0,-1.0,-1.0
2022/01/18,921.5,921.5,907.0,908.0,50800,-1.0,-1.0,-1.0
2022/01/19,897.5,906.0,894.0,894.0,100400,-1.0,-1.0,-1.0
2022/01/20,899.5,903.5,893.5,893.5,49400,-1.0,-1.0,-1.0
2022/01/21,889.0,898.5,882.5,898.5,36600,-1.0,-1.0,-1.0
2022/01/24,896.0,910.0,896.0,910.0,40200,-1.0,-1.0,-1.0
2022/01/25,914.0,914.0,898.5,907.5,56800,-1.0,-1.0,-1.0
2022/01/26,905.0,908.5,895.5,895.5,49600,-1.0,-1.0,-1.0
2022/01/27,906.0,906.0,884.0,884.0,66000,-1.0,-1.0,-1.0
2022/01/28,897.5,900.5,890.5,892.0,71400,-1.0,-1.0,-1.0
2022/01/31,899.0,903.5,891.0,901.5,44400,-1.0,-1.0,-1.0
2022/02/01,898.0,908.5,898.0,906.0,45000,-1.0,-1.0,-1.0
2022/02/02,910.0,914.5,904.0,911.0,40200,-1.0,-1.0,-1.0
2022/02/03,903.5,911.5,903.5,908.0,26600,-1.0,-1.0,-1.0
2022/02/04,911.5,916.5,906.0,912.5,54800,-1.0,-1.0,-1.0
2022/02/07,907.0,918.0,906.5,912.5,47000,-1.0,-1.0,-1.0
2022/02/08,914.0,923.0,914.0,923.0,39600,-1.0,-1.0,-1.0
2022/02/09,927.5,933.0,924.5,929.0,73000,-1.0,-1.0,-1.0
2022/02/10,931.5,934.5,926.0,934.5,55000,-1.0,-1.0,-1.0
2022/02/14,940.0,942.0,932.0,941.0,85800,-1.0,-1.0,-1.0
2022/02/15,942.5,950.0,935.0,941.5,134600,-1.0,-1.0,-1.0
2022/02/16,951.0,959.5,948.0,959.5,122000,-1.0,-1.0,-1.0
2022/02/17,960.5,969.0,955.5,969.0,80800,-1.0,-1.0,-1.0
2022/02/18,958.0,970.5,958.0,968.5,74600,-1.0,-1.0,-1.0
2022/02/21,958.0,965.0,957.0,962.0,50600,-1.0,-1.0,-1.0
2022/02/22,957.0,958.5,948.0,957.0,55800,-1.0,-1.0,-1.0
2022/02/24,940.5,954.5,938.0,949.0,72000,-1.0,-1.0,-1.0
2022/02/25,950.0,951.5,940.5,946.0,66000,-1.0,-1.0,-1.0
2022/02/28,946.0,971.5,946.0,971.5,78200,-1.0,-1.0,-1.0
2022/03/01,973.5,977.5,957.5,961.0,99800,-1.0,-1.0,-1.0
2022/03/02,950.0,955.5,941.5,942.5,70600,-1.0,-1.0,-1.0
2022/03/03,945.0,965.5,945.0,956.5,52600,-1.0,-1.0,-1.0
2022/03/04,955.0,962.5,951.0,959.5,61400,-1.0,-1.0,-1.0
2022/03/07,950.5,956.5,930.5,939.5,104600,-1.0,-1.0,-1.0
2022/03/08,932.5,934.5,906.0,915.5,110200,-1.0,-1.0,-1.0
2022/03/09,911.5,932.5,911.5,920.5,65200,-1.0,-1.0,-1.0
2022/03/10,941.0,960.5,938.0,959.5,98600,-1.0,-1.0,-1.0
2022/03/11,951.0,968.5,951.0,967.5,74000,-1.0,-1.0,-1.0
2022/03/14,965.5,981.5,962.5,976.5,75800,-1.0,-1.0,-1.0
2022/03/15,982.0,982.0,969.5,974.0,61800,-1.0,-1.0,-1.0
2022/03/16,976.0,980.0,962.0,971.5,68800,-1.0,-1.0,-1.0
2022/03/17,980.0,985.0,975.0,981.5,115200,-1.0,-1.0,-1.0
2022/03/18,981.5,991.0,975.0,989.5,90000,-1.0,-1.0,-1.0
2022/03/22,965.5,987.0,957.0,977.5,210800,-1.0,-1.0,-1.0
2022/03/23,985.0,994.5,981.5,987.5,123400,-1.0,-1.0,-1.0
2022/03/24,978.5,988.5,975.5,986.0,77000,-1.0,-1.0,-1.0
2022/03/25,989.5,996.0,980.5,983.0,135600,-1.0,-1.0,-1.0
2022/03/28,983.0,985.5,970.0,974.0,55200,-1.0,-1.0,-1.0
2022/03/29,966.0,970.0,961.5,968.5,121400,-1.0,-1.0,-1.0
2022/03/30,943.0,943.0,921.5,931.5,141000,-1.0,-1.0,-1.0
2022/03/31,923.5,929.5,919.5,919.5,63800,-1.0,-1.0,-1.0
2022/04/01,921.5,935.0,914.0,930.0,99800,-1.0,-1.0,-1.0
2022/04/04,930.0,941.0,928.0,934.5,75800,-1.0,-1.0,-1.0
2022/04/05,940.0,944.5,933.0,935.0,52000,-1.0,-1.0,-1.0
2022/04/06,933.0,940.5,930.0,930.0,40400,-1.0,-1.0,-1.0
2022/04/07,921.5,926.5,918.5,926.0,45600,-1.0,-1.0,-1.0
2022/04/08,928.0,928.0,910.0,915.5,72800,-1.0,-1.0,-1.0
2022/04/11,918.0,921.0,910.0,913.0,44000,-1.0,-1.0,-1.0
2022/04/12,910.0,914.5,903.0,906.5,49200,-1.0,-1.0,-1.0
2022/04/13,910.5,917.5,907.0,917.5,52800,-1.0,-1.0,-1.0
2022/04/14,913.5,923.5,913.5,923.5,23600,-1.0,-1.0,-1.0
2022/04/15,914.0,922.5,911.5,915.5,39000,-1.0,-1.0,-1.0
2022/04/18,910.0,916.0,903.5,909.5,29600,-1.0,-1.0,-1.0
2022/04/19,910.5,910.5,902.5,907.5,37400,-1.0,-1.0,-1.0
2022/04/20,910.5,913.0,902.5,909.0,39600,-1.0,-1.0,-1.0
2022/04/21,909.0,911.0,903.0,909.5,29200,-1.0,-1.0,-1.0
2022/04/22,906.0,918.5,902.5,917.0,50400,-1.0,-1.0,-1.0
2022/04/25,904.0,908.5,902.0,903.5,42600,-1.0,-1.0,-1.0
2022/04/26,905.5,909.5,902.0,908.0,22200,-1.0,-1.0,-1.0
2022/04/27,900.5,903.0,887.5,887.5,93600,-1.0,-1.0,-1.0
2022/04/28,891.5,920.0,891.5,920.0,59800,-1.0,-1.0,-1.0
2022/05/02,919.0,926.5,916.5,924.5,36000,-1.0,-1.0,-1.0
2022/05/06,924.0,938.0,920.0,938.0,40400,-1.0,-1.0,-1.0
2022/05/09,937.5,939.0,927.5,927.5,32600,-1.0,-1.0,-1.0
2022/05/10,920.0,930.0,918.0,925.0,24800,-1.0,-1.0,-1.0
2022/05/11,918.5,918.5,910.0,913.5,41000,-1.0,-1.0,-1.0
2022/05/12,913.5,916.5,903.0,904.5,39400,-1.0,-1.0,-1.0
2022/05/13,912.5,938.5,902.0,928.5,40200,-1.0,-1.0,-1.0
2022/05/16,906.0,907.0,890.0,895.0,69200,-1.0,-1.0,-1.0
2022/05/17,904.5,904.5,890.5,890.5,54600,-1.0,-1.0,-1.0
2022/05/18,900.0,900.0,890.0,897.0,35200,-1.0,-1.0,-1.0
2022/05/19,887.5,896.5,881.5,896.0,46000,-1.0,-1.0,-1.0
2022/05/20,897.0,898.0,890.0,898.0,29800,-1.0,-1.0,-1.0
2022/05/23,898.0,904.0,896.5,898.0,25000,-1.0,-1.0,-1.0
2022/05/24,900.5,902.5,891.0,892.5,34600,-1.0,-1.0,-1.0
2022/05/25,902.5,902.5,891.0,892.5,31200,-1.0,-1.0,-1.0
2022/05/26,892.5,899.5,891.5,895.0,17600,-1.0,-1.0,-1.0
2022/05/27,902.5,902.5,892.0,896.5,23400,-1.0,-1.0,-1.0
2022/05/30,901.5,901.5,894.0,894.5,53800,-1.0,-1.0,-1.0
2022/05/31,900.0,900.0,892.5,894.0,33800,-1.0,-1.0,-1.0
2022/06/01,891.0,907.5,891.0,907.5,61000,-1.0,-1.0,-1.0
2022/06/02,905.5,908.5,900.0,901.0,25600,-1.0,-1.0,-1.0
2022/06/03,904.0,905.0,896.0,899.0,27800,-1.0,-1.0,-1.0
2022/06/06,896.0,898.0,892.0,898.0,45600,-1.0,-1.0,-1.0
2022/06/07,901.5,914.0,901.5,910.0,50800,-1.0,-1.0,-1.0
2022/06/08,920.0,923.5,914.5,922.5,59600,-1.0,-1.0,-1.0
2022/06/09,919.5,925.0,917.0,923.5,30400,-1.0,-1.0,-1.0
2022/06/10,911.0,919.0,906.5,909.5,50600,-1.0,-1.0,-1.0
2022/06/13,906.0,913.0,904.0,904.5,35000,-1.0,-1.0,-1.0
2022/06/14,893.0,904.5,893.0,900.0,61200,-1.0,-1.0,-1.0
2022/06/15,898.5,908.5,898.5,900.0,44200,-1.0,-1.0,-1.0
2022/06/16,914.0,915.5,902.0,908.0,33400,-1.0,-1.0,-1.0
2022/06/17,897.5,906.0,885.0,885.0,94800,-1.0,-1.0,-1.0
2022/06/20,895.5,898.0,885.0,886.5,65200,-1.0,-1.0,-1.0
2022/06/21,894.0,897.0,885.0,891.0,50200,-1.0,-1.0,-1.0
2022/06/22,892.0,894.5,890.0,890.0,14200,-1.0,-1.0,-1.0
2022/06/23,888.5,901.0,888.5,900.0,28800,-1.0,-1.0,-1.0
2022/06/24,898.5,900.0,893.5,898.0,24400,-1.0,-1.0,-1.0
2022/06/27,905.5,905.5,895.5,898.0,19200,-1.0,-1.0,-1.0
2022/06/28,898.0,906.0,896.0,902.0,39800,-1.0,-1.0,-1.0
2022/06/29,901.5,906.5,899.5,903.0,40000,-1.0,-1.0,-1.0
2022/06/30,895.0,906.0,895.0,897.0,25800,-1.0,-1.0,-1.0
2022/07/01,897.0,899.0,888.0,893.0,39800,-1.0,-1.0,-1.0
2022/07/04,900.0,900.0,890.5,899.5,34400,-1.0,-1.0,-1.0
2022/07/05,893.5,901.5,893.0,897.5,32000,-1.0,-1.0,-1.0
2022/07/06,892.5,896.0,890.0,891.0,32400,-1.0,-1.0,-1.0
2022/07/07,898.5,898.5,892.5,895.5,28000,-1.0,-1.0,-1.0
2022/07/08,895.0,900.0,890.0,890.0,58200,-1.0,-1.0,-1.0
2022/07/11,902.5,918.5,901.5,915.5,103400,-1.0,-1.0,-1.0
2022/07/12,906.5,908.0,896.0,896.5,31400,-1.0,-1.0,-1.0
2022/07/13,896.5,903.0,896.0,898.5,14600,-1.0,-1.0,-1.0
2022/07/14,895.5,907.0,895.5,901.5,11200,-1.0,-1.0,-1.0
2022/07/15,903.0,903.0,894.5,897.5,13200,-1.0,-1.0,-1.0
2022/07/19,904.0,904.0,895.5,898.0,16400,-1.0,-1.0,-1.0
2022/07/20,906.0,908.0,902.5,906.5,35000,-1.0,-1.0,-1.0
2022/07/21,906.0,910.0,901.0,908.5,35200,-1.0,-1.0,-1.0
2022/07/22,908.5,912.0,905.5,909.0,30600,-1.0,-1.0,-1.0
2022/07/25,922.5,922.5,908.5,916.5,57200,-1.0,-1.0,-1.0
2022/07/26,916.5,918.5,913.0,916.5,13800,-1.0,-1.0,-1.0
2022/07/27,915.0,915.0,907.5,907.5,16200,-1.0,-1.0,-1.0
2022/07/28,912.5,916.0,903.5,915.5,43400,-1.0,-1.0,-1.0
2022/07/29,917.0,917.0,907.0,910.5,19400,-1.0,-1.0,-1.0
2022/08/01,916.0,916.0,906.5,914.0,25200,-1.0,-1.0,-1.0
2022/08/02,905.5,905.5,896.5,897.5,52000,-1.0,-1.0,-1.0
2022/08/03,897.5,898.0,892.5,895.5,43800,-1.0,-1.0,-1.0
2022/08/04,902.5,902.5,891.5,894.0,25600,-1.0,-1.0,-1.0
2022/08/05,893.5,901.0,893.5,899.5,31800,-1.0,-1.0,-1.0
2022/08/08,896.5,901.0,896.5,899.5,12200,-1.0,-1.0,-1.0
2022/08/09,901.0,902.5,893.0,894.5,15800,-1.0,-1.0,-1.0
2022/08/10,895.5,905.5,892.5,900.0,25400,-1.0,-1.0,-1.0
2022/08/12,905.0,913.5,903.5,908.5,53600,-1.0,-1.0,-1.0
2022/08/15,909.0,909.0,901.0,905.0,21200,-1.0,-1.0,-1.0
2022/08/16,905.0,905.0,895.0,895.0,31400,-1.0,-1.0,-1.0
2022/08/17,899.0,902.5,897.0,898.5,32800,-1.0,-1.0,-1.0
2022/08/18,898.5,898.5,894.5,895.0,30400,-1.0,-1.0,-1.0
2022/08/19,898.0,900.5,895.0,895.0,30200,-1.0,-1.0,-1.0
2022/08/22,895.0,899.5,894.0,898.0,12200,-1.0,-1.0,-1.0
2022/08/23,898.0,898.0,894.5,895.0,16800,-1.0,-1.0,-1.0
2022/08/24,896.0,904.5,896.0,904.5,33600,-1.0,-1.0,-1.0
2022/08/25,903.5,907.0,903.0,905.0,28600,-1.0,-1.0,-1.0
2022/08/26,905.0,907.5,900.0,900.0,13200,-1.0,-1.0,-1.0
2022/08/29,891.5,896.5,891.0,893.0,31000,-1.0,-1.0,-1.0
2022/08/30,900.0,902.0,897.0,900.0,16000,-1.0,-1.0,-1.0
2022/08/31,900.0,900.0,893.5,894.5,22800,-1.0,-1.0,-1.0
2022/09/01,895.5,896.5,890.5,890.5,55000,-1.0,-1.0,-1.0
2022/09/02,896.5,898.0,891.5,894.0,29400,-1.0,-1.0,-1.0
2022/09/05,890.5,893.5,890.5,891.0,27400,-1.0,-1.0,-1.0
2022/09/06,895.0,895.0,890.0,893.5,27400,-1.0,-1.0,-1.0
2022/09/07,893.5,893.5,888.5,888.5,60800,-1.0,-1.0,-1.0
2022/09/08,893.5,898.0,890.0,897.0,39000,-1.0,-1.0,-1.0
2022/09/09,899.5,902.5,895.0,895.0,44600,-1.0,-1.0,-1.0
2022/09/12,905.0,905.5,900.0,903.0,26000,-1.0,-1.0,-1.0
2022/09/13,903.5,907.0,900.5,906.5,18800,-1.0,-1.0,-1.0
2022/09/14,899.5,904.0,897.0,897.0,28000,-1.0,-1.0,-1.0
2022/09/15,898.0,898.5,892.0,893.5,31400,-1.0,-1.0,-1.0
2022/09/16,893.5,899.5,892.0,892.0,22600,-1.0,-1.0,-1.0
2022/09/20,895.0,900.0,893.5,900.0,20400,-1.0,-1.0,-1.0
2022/09/21,894.5,899.0,893.5,896.0,21600,-1.0,-1.0,-1.0
2022/09/22,892.0,895.5,890.5,893.0,27400,-1.0,-1.0,-1.0
2022/09/26,891.5,893.0,885.0,885.5,44200,-1.0,-1.0,-1.0
2022/09/27,892.0,892.0,882.5,882.5,34800,-1.0,-1.0,-1.0
2022/09/28,881.0,897.0,880.0,897.0,45800,-1.0,-1.0,-1.0
2022/09/29,897.5,897.5,890.5,893.0,32000,-1.0,-1.0,-1.0
2022/09/30,894.5,895.0,885.0,887.0,22000,-1.0,-1.0,-1.0
2022/10/03,880.5,886.0,875.0,883.5,35800,-1.0,-1.0,-1.0
2022/10/04,889.5,899.5,889.5,899.0,52600,-1.0,-1.0,-1.0
2022/10/05,894.0,898.5,890.5,890.5,23400,-1.0,-1.0,-1.0
2022/10/06,894.0,901.0,891.0,894.5,37600,-1.0,-1.0,-1.0
2022/10/07,886.5,896.5,885.0,894.5,35200,-1.0,-1.0,-1.0
2022/10/11,894.5,894.5,883.5,883.5,34800,-1.0,-1.0,-1.0
2022/10/12,881.0,884.5,879.5,881.0,19400,-1.0,-1.0,-1.0
2022/10/13,879.5,884.0,879.5,881.5,31600,-1.0,-1.0,-1.0
2022/10/14,888.5,893.5,884.0,893.0,35000,-1.0,-1.0,-1.0
2022/10/17,883.0,892.0,882.0,882.0,18800,-1.0,-1.0,-1.0
2022/10/18,896.0,896.0,885.5,887.0,13200,-1.0,-1.0,-1.0
2022/10/19,886.0,893.0,886.0,893.0,13200,-1.0,-1.0,-1.0
2022/10/20,888.0,892.5,888.0,892.5,8400,-1.0,-1.0,-1.0
2022/10/21,886.0,889.0,883.5,883.5,14000,-1.0,-1.0,-1.0
2022/10/24,893.5,893.5,884.0,888.0,21600,-1.0,-1.0,-1.0
2022/10/25,892.0,892.0,886.5,886.5,20600,-1.0,-1.0,-1.0
2022/10/26,889.0,893.5,886.5,892.5,12000,-1.0,-1.0,-1.0
2022/10/27,888.5,891.0,884.5,885.5,12000,-1.0,-1.0,-1.0
2022/10/28,884.0,889.5,865.5,865.5,118000,-1.0,-1.0,-1.0
2022/10/31,883.0,883.0,876.5,882.5,28800,-1.0,-1.0,-1.0
2022/11/01,880.5,883.5,875.5,875.5,16400,-1.0,-1.0,-1.0
2022/11/02,877.5,880.0,866.0,866.0,45000,-1.0,-1.0,-1.0
2022/11/04,866.0,871.0,865.5,866.5,31000,-1.0,-1.0,-1.0
2022/11/07,866.5,872.0,866.5,870.0,20600,-1.0,-1.0,-1.0
2022/11/08,870.0,872.0,866.0,871.0,32600,-1.0,-1.0,-1.0
2022/11/09,871.5,873.5,870.0,873.5,13400,-1.0,-1.0,-1.0
2022/11/10,870.0,876.5,867.5,873.0,33400,-1.0,-1.0,-1.0
2022/11/11,875.5,877.5,870.0,877.5,41800,-1.0,-1.0,-1.0
2022/11/14,877.5,878.5,869.0,869.0,34800,-1.0,-1.0,-1.0
2022/11/15,869.0,875.0,867.0,869.0,25400,-1.0,-1.0,-1.0
2022/11/16,867.0,869.0,866.5,868.0,28800,-1.0,-1.0,-1.0
2022/11/17,875.5,889.5,874.5,885.0,72600,-1.0,-1.0,-1.0
2022/11/18,890.0,891.0,887.0,891.0,31400,-1.0,-1.0,-1.0
2022/11/21,890.5,894.0,889.5,892.5,34400,-1.0,-1.0,-1.0
2022/11/22,894.0,902.5,894.0,902.5,41800,-1.0,-1.0,-1.0
2022/11/24,905.0,914.5,903.5,913.5,74600,-1.0,-1.0,-1.0
2022/11/25,915.0,919.5,911.5,919.0,36200,-1.0,-1.0,-1.0
2022/11/28,915.0,916.0,906.5,908.0,27200,-1.0,-1.0,-1.0
2022/11/29,901.0,906.0,897.0,902.0,40600,-1.0,-1.0,-1.0
2022/11/30,902.0,915.0,902.0,909.5,37000,-1.0,-1.0,-1.0
2022/12/01,909.5,909.5,896.5,896.5,47400,-1.0,-1.0,-1.0
2022/12/02,894.0,894.0,877.5,881.5,69600,-1.0,-1.0,-1.0
2022/12/05,881.5,884.5,875.5,879.5,46200,-1.0,-1.0,-1.0
2022/12/06,875.0,878.5,875.0,875.5,35600,-1.0,-1.0,-1.0
2022/12/07,875.0,888.0,874.0,885.0,83800,-1.0,-1.0,-1.0
2022/12/08,885.0,885.0,877.5,879.0,39200,-1.0,-1.0,-1.0
2022/12/09,878.0,887.0,878.0,881.0,26800,-1.0,-1.0,-1.0
2022/12/12,876.5,880.5,875.0,877.5,63400,-1.0,-1.0,-1.0
2022/12/13,881.5,887.0,881.0,884.0,35400,-1.0,-1.0,-1.0
2022/12/14,884.5,892.0,880.5,882.0,86400,-1.0,-1.0,-1.0
2022/12/15,897.5,901.0,892.0,894.5,50400,-1.0,-1.0,-1.0
2022/12/16,891.5,896.0,887.5,889.5,43600,-1.0,-1.0,-1.0
2022/12/19,885.0,889.5,884.5,884.5,25000,-1.0,-1.0,-1.0
2022/12/20,884.0,890.0,873.5,877.0,63400,-1.0,-1.0,-1.0
2022/12/21,879.0,879.0,870.5,873.0,71600,-1.0,-1.0,-1.0
2022/12/22,876.5,880.0,873.0,880.0,37200,-1.0,-1.0,-1.0
2022/12/23,876.0,880.5,875.5,880.5,32600,-1.0,-1.0,-1.0
2022/12/26,872.0,878.0,872.0,876.0,40400,-1.0,-1.0,-1.0
2022/12/27,875.5,882.0,875.5,882.0,35400,-1.0,-1.0,-1.0
2022/12/28,877.5,881.0,877.0,880.0,31800,-1.0,-1.0,-1.0
2022/12/29,875.5,882.5,873.0,882.0,43800,-1.0,-1.0,-1.0
2022/12/30,881.0,887.5,881.0,883.5,19800,-1.0,-1.0,-1.0
2023/01/04,880.0,880.5,875.0,875.0,35600,-1.0,-1.0,-1.0
2023/01/05,875.0,877.0,870.5,870.5,33000,-1.0,-1.0,-1.0
2023/01/06,870.0,876.0,870.0,873.0,30600,-1.0,-1.0,-1.0
2023/01/10,875.0,878.0,870.0,870.0,35400,-1.0,-1.0,-1.0
2023/01/11,877.0,880.5,876.0,879.0,29200,-1.0,-1.0,-1.0
2023/01/12,881.0,882.5,875.0,880.5,19000,-1.0,-1.0,-1.0
2023/01/13,881.5,883.0,875.0,878.0,33400,-1.0,-1.0,-1.0
2023/01/16,875.5,882.5,875.0,875.0,21200,-1.0,-1.0,-1.0
2023/01/17,877.5,882.0,875.0,878.0,51400,-1.0,-1.0,-1.0
2023/01/18,881.5,885.0,875.5,884.0,37000,-1.0,-1.0,-1.0
2023/01/19,878.0,889.5,877.5,881.0,31200,-1.0,-1.0,-1.0
2023/01/20,886.5,890.0,885.0,887.0,23600,-1.0,-1.0,-1.0
2023/01/23,895.0,895.5,889.0,894.5,32600,-1.0,-1.0,-1.0
2023/01/24,895.0,902.5,894.5,902.5,85000,-1.0,-1.0,-1.0
2023/01/25,905.5,916.5,902.5,910.5,120400,-1.0,-1.0,-1.0
2023/01/26,919.0,919.5,912.5,917.0,70000,-1.0,-1.0,-1.0
2023/01/27,917.0,922.5,913.5,915.5,36800,-1.0,-1.0,-1.0
2023/01/30,910.5,914.5,909.5,911.5,30400,-1.0,-1.0,-1.0
2023/01/31,909.0,918.5,909.0,914.0,29200,-1.0,-1.0,-1.0
2023/02/01,917.5,917.5,882.5,912.5,53800,-1.0,-1.0,-1.0
2023/02/02,901.5,904.0,897.5,899.0,24600,-1.0,-1.0,-1.0
2023/02/03,898.0,901.5,892.5,892.5,23600,-1.0,-1.0,-1.0
2023/02/06,895.0,897.5,892.0,896.0,21800,-1.0,-1.0,-1.0
2023/02/07,896.0,900.0,896.0,896.5,13000,-1.0,-1.0,-1.0
2023/02/08,896.5,907.5,896.5,906.0,28200,-1.0,-1.0,-1.0
2023/02/09,902.5,907.0,899.5,900.0,30400,-1.0,-1.0,-1.0
2023/02/10,900.0,910.5,900.0,908.0,19400,-1.0,-1.0,-1.0
2023/02/13,909.0,909.0,901.5,902.0,26800,-1.0,-1.0,-1.0
2023/02/14,903.0,909.0,900.0,902.5,39800,-1.0,-1.0,-1.0
2023/02/15,900.0,901.5,892.5,896.0,68600,-1.0,-1.0,-1.0
2023/02/16,896.0,900.5,894.5,898.5,38600,-1.0,-1.0,-1.0
2023/02/17,896.0,897.5,888.5,888.5,44600,-1.0,-1.0,-1.0
2023/02/20,890.0,896.0,890.0,894.0,37600,-1.0,-1.0,-1.0
2023/02/21,896.0,906.0,896.0,900.0,39200,-1.0,-1.0,-1.0
2023/02/22,898.5,904.5,898.0,902.5,40400,-1.0,-1.0,-1.0
2023/02/24,907.0,910.5,905.0,908.5,43400,-1.0,-1.0,-1.0
2023/02/27,911.0,918.5,910.5,918.5,23600,-1.0,-1.0,-1.0
2023/02/28,921.5,922.5,911.5,919.0,70400,-1.0,-1.0,-1.0
2023/03/01,911.0,918.5,911.0,916.5,27400,-1.0,-1.0,-1.0
2023/03/02,921.5,921.5,914.5,918.0,27800,-1.0,-1.0,-1.0
2023/03/03,918.0,927.5,918.0,925.0,51200,-1.0,-1.0,-1.0
2023/03/06,930.0,938.0,926.0,937.0,73000,-1.0,-1.0,-1.0
2023/03/07,936.5,949.0,935.5,946.5,93000,-1.0,-1.0,-1.0
2023/03/08,945.0,951.0,943.5,950.5,52800,-1.0,-1.0,-1.0
2023/03/09,953.5,961.5,953.0,954.5,70800,-1.0,-1.0,-1.0
2023/03/10,950.0,956.0,946.5,946.5,87000,-1.0,-1.0,-1.0
2023/03/13,941.5,941.5,928.5,929.0,65600,-1.0,-1.0,-1.0
2023/03/14,919.5,920.5,903.5,911.0,87200,-1.0,-1.0,-1.0
2023/03/15,926.5,941.5,923.5,939.5,102600,-1.0,-1.0,-1.0
2023/03/16,919.5,955.0,917.5,949.5,223800,-1.0,-1.0,-1.0
2023/03/17,949.5,968.5,943.0,960.0,151800,-1.0,-1.0,-1.0
2023/03/20,955.5,967.0,940.5,942.5,98000,-1.0,-1.0,-1.0
2023/03/22,955.0,960.0,941.0,944.5,77000,-1.0,-1.0,-1.0
2023/03/23,942.5,944.0,934.0,940.0,94800,-1.0,-1.0,-1.0
2023/03/24,936.5,940.5,932.5,940.0,85600,-1.0,-1.0,-1.0
2023/03/27,940.0,943.0,924.0,925.0,74400,-1.0,-1.0,-1.0
2023/03/28,929.0,934.5,920.5,925.5,78000,-1.0,-1.0,-1.0
2023/03/29,929.0,931.5,925.0,931.5,199200,-1.0,-1.0,-1.0
2023/03/30,898.5,902.5,892.5,896.5,100400,-1.0,-1.0,-1.0
2023/03/31,902.0,910.0,901.5,904.5,73000,-1.0,-1.0,-1.0
2023/04/03,910.5,930.0,910.5,930.0,101400,-1.0,-1.0,-1.0
2023/04/04,930.5,944.5,928.0,941.5,124400,-1.0,-1.0,-1.0
2023/04/05,930.5,934.0,908.5,910.0,86600,-1.0,-1.0,-1.0
2023/04/06,902.5,909.5,902.5,905.5,64600,-1.0,-1.0,-1.0
2023/04/07,905.0,907.0,903.5,904.5,34800,-1.0,-1.0,-1.0
2023/04/10,908.5,913.5,905.0,908.0,45800,-1.0,-1.0,-1.0
2023/04/11,916.0,916.0,905.0,910.0,63600,-1.0,-1.0,-1.0
2023/04/12,909.5,920.5,909.5,918.0,55400,-1.0,-1.0,-1.0
2023/04/13,909.5,927.0,909.5,921.5,52400,-1.0,-1.0,-1.0
2023/04/14,925.0,928.0,919.5,924.0,73800,-1.0,-1.0,-1.0
2023/04/17,925.5,925.5,916.0,919.0,50800,-1.0,-1.0,-1.0
2023/04/18,921.5,922.5,915.5,915.5,68200,-1.0,-1.0,-1.0
2023/04/19,910.0,920.5,907.5,920.0,53600,-1.0,-1.0,-1.0
2023/04/20,915.0,928.5,915.0,928.0,63800,-1.0,-1.0,-1.0
2023/04/21,928.0,938.0,925.5,928.5,77400,-1.0,-1.0,-1.0
2023/04/24,929.0,935.5,927.0,929.5,63400,-1.0,-1.0,-1.0
2023/04/25,934.5,943.0,933.5,938.5,84400,-1.0,-1.0,-1.0
2023/04/26,935.0,935.5,926.0,934.5,49200,-1.0,-1.0,-1.0
2023/04/27,934.5,938.5,930.5,935.5,80800,-1.0,-1.0,-1.0
2023/04/28,948.0,965.0,947.5,964.0,238600,-1.0,-1.0,-1.0
2023/05/01,966.0,970.0,954.0,954.5,82800,-1.0,-1.0,-1.0
2023/05/02,960.0,963.5,950.0,963.0,99400,-1.0,-1.0,-1.0
2023/05/08,963.0,994.5,962.5,989.5,201600,-1.0,-1.0,-1.0
2023/05/09,992.0,1009.0,992.0,1006.0,150600,-1.0,-1.0,-1.0
2023/05/10,1012.5,1019.5,1010.0,1011.5,129600,-1.0,-1.0,-1.0
2023/05/11,1011.5,1015.0,1002.5,1007.5,96600,-1.0,-1.0,-1.0
2023/05/12,1000.0,1013.5,1000.0,1013.5,123600,-1.0,-1.0,-1.0
2023/05/15,1013.5,1024.5,1013.5,1021.5,78200,-1.0,-1.0,-1.0
2023/05/16,1025.0,1027.5,1007.0,1010.0,62800,-1.0,-1.0,-1.0
2023/05/17,1003.0,1004.5,994.5,999.5,78600,-1.0,-1.0,-1.0
2023/05/18,1004.5,1010.0,997.0,997.0,89600,-1.0,-1.0,-1.0
2023/05/19,994.0,998.0,985.0,987.5,66800,-1.0,-1.0,-1.0
2023/05/22,987.5,1005.0,986.0,1001.5,90400,-1.0,-1.0,-1.0
2023/05/23,1005.0,1013.5,994.5,996.0,96200,-1.0,-1.0,-1.0
2023/05/24,992.5,1002.0,992.5,999.0,36800,-1.0,-1.0,-1.0
2023/05/25,999.0,1000.0,991.0,991.0,45400,-1.0,-1.0,-1.0
2023/05/26,983.0,987.5,977.5,978.0,59400,-1.0,-1.0,-1.0
2023/05/29,978.5,991.5,978.5,987.0,48000,-1.0,-1.0,-1.0
2023/05/30,990.0,993.5,978.0,981.0,51600,-1.0,-1.0,-1.0
2023/05/31,975.0,977.0,960.0,961.5,149400,-1.0,-1.0,-1.0
2023/06/01,960.0,976.0,960.0,966.5,58400,-1.0,-1.0,-1.0
2023/06/02,973.5,980.5,969.5,979.0,50400,-1.0,-1.0,-1.0
2023/06/05,993.0,1006.5,993.0,997.0,68000,-1.0,-1.0,-1.0
2023/06/06,988.0,992.0,985.0,992.0,39800,-1.0,-1.0,-1.0
2023/06/07,989.0,997.5,989.0,989.0,75000,-1.0,-1.0,-1.0
2023/06/08,985.0,996.0,984.0,986.0,60000,-1.0,-1.0,-1.0
2023/06/09,998.5,1012.0,996.5,1009.5,136200,-1.0,-1.0,-1.0
2023/06/12,1007.5,1012.0,999.0,1002.0,72400,-1.0,-1.0,-1.0
2023/06/13,1002.0,1003.5,990.0,993.5,68200,-1.0,-1.0,-1.0
2023/06/14,994.5,998.0,988.5,993.5,55800,-1.0,-1.0,-1.0
2023/06/15,996.5,1002.0,989.0,999.0,64400,-1.0,-1.0,-1.0
2023/06/16,1003.0,1023.5,1002.0,1023.5,233400,-1.0,-1.0,-1.0
2023/06/19,1023.0,1031.5,1020.5,1027.0,87200,-1.0,-1.0,-1.0
2023/06/20,1027.0,1027.0,1014.5,1018.5,48800,-1.0,-1.0,-1.0
2023/06/21,1012.5,1034.0,1012.5,1030.0,91600,-1.0,-1.0,-1.0
2023/06/22,1032.0,1043.5,1029.5,1037.5,80600,-1.0,-1.0,-1.0
2023/06/23,1041.5,1054.0,1032.5,1036.5,93800,-1.0,-1.0,-1.0
2023/06/26,1028.0,1029.5,1011.5,1016.0,31200,-1.0,-1.0,-1.0
2023/06/27,1016.0,1021.0,1012.5,1021.0,21000,-1.0,-1.0,-1.0
2023/06/28,1036.5,1038.5,1029.5,1038.5,50000,-1.0,-1.0,-1.0
2023/06/29,1039.0,1047.0,1030.0,1034.0,51400,-1.0,-1.0,-1.0
2023/06/30,1032.5,1037.0,1025.5,1029.5,50400,-1.0,-1.0,-1.0
2023/07/03,1034.5,1049.0,1034.5,1045.5,57400,-1.0,-1.0,-1.0
2023/07/04,1043.5,1043.5,1035.5,1035.5,37400,-1.0,-1.0,-1.0
2023/07/05,1031.0,1033.5,1023.0,1028.0,45400,-1.0,-1.0,-1.0
2023/07/06,1023.0,1028.0,1018.0,1022.0,38600,-1.0,-1.0,-1.0
2023/07/07,1013.0,1024.5,1002.0,1016.5,52800,-1.0,-1.0,-1.0
2023/07/10,1011.0,1027.0,1008.5,1016.0,73000,-1.0,-1.0,-1.0
2023/07/11,1021.5,1025.5,1008.0,1011.5,64200,-1.0,-1.0,-1.0
2023/07/12,1017.0,1017.5,996.5,996.5,32200,-1.0,-1.0,-1.0
2023/07/13,996.5,999.0,985.5,995.5,40800,-1.0,-1.0,-1.0
2023/07/14,1002.5,1008.0,984.0,984.5,39600,-1.0,-1.0,-1.0
2023/07/18,984.5,992.5,984.5,988.0,20000,-1.0,-1.0,-1.0
2023/07/19,995.0,999.5,992.0,999.5,53200,-1.0,-1.0,-1.0
2023/07/20,1009.0,1009.0,994.0,994.0,47800,-1.0,-1.0,-1.0
2023/07/21,997.5,1004.5,995.5,1003.0,30800,-1.0,-1.0,-1.0
2023/07/24,1012.5,1028.0,1009.0,1027.5,69600,-1.0,-1.0,-1.0
2023/07/25,1042.0,1042.0,1012.5,1023.0,76600,-1.0,-1.0,-1.0
2023/07/26,1028.5,1028.5,1010.5,1016.0,36600,-1.0,-1.0,-1.0
2023/07/27,1016.0,1025.5,1009.0,1023.0,59400,-1.0,-1.0,-1.0
2023/07/28,1007.5,1024.5,1003.0,1017.5,50200,-1.0,-1.0,-1.0
2023/07/31,1028.5,1029.0,1015.5,1021.0,38000,-1.0,-1.0,-1.0
2023/08/01,1021.0,1025.0,1014.0,1023.0,38200,-1.0,-1.0,-1.0
2023/08/02,1017.5,1025.0,1009.5,1015.0,55000,-1.0,-1.0,-1.0
2023/08/03,1011.0,1011.0,988.5,992.0,78200,-1.0,-1.0,-1.0
2023/08/04,992.0,997.0,986.0,992.0,28600,-1.0,-1.0,-1.0
2023/08/07,992.5,1003.5,987.0,995.5,39000,-1.0,-1.0,-1.0
2023/08/08,996.0,1001.0,993.0,999.0,27600,-1.0,-1.0,-1.0
2023/08/09,999.0,1000.5,989.5,999.0,40000,-1.0,-1.0,-1.0
2023/08/10,985.5,1036.5,985.5,1004.5,143800,-1.0,-1.0,-1.0
2023/08/14,1000.5,1014.5,981.5,984.0,82000,-1.0,-1.0,-1.0
2023/08/15,984.0,1010.0,971.5,991.5,76400,-1.0,-1.0,-1.0
2023/08/16,978.5,991.5,978.5,988.5,27400,-1.0,-1.0,-1.0
2023/08/17,990.5,995.5,982.5,994.5,63000,-1.0,-1.0,-1.0
2023/08/18,992.5,993.5,985.0,988.5,33400,-1.0,-1.0,-1.0
2023/08/21,988.5,993.5,976.0,976.0,53600,-1.0,-1.0,-1.0
2023/08/22,974.0,980.5,960.0,977.0,99800,-1.0,-1.0,-1.0
2023/08/23,977.0,989.0,977.0,989.0,25200,-1.0,-1.0,-1.0
2023/08/24,988.5,998.0,988.5,995.0,26400,-1.0,-1.0,-1.0
2023/08/25,990.5,1004.0,986.0,998.5,73200,-1.0,-1.0,-1.0
2023/08/28,1008.0,1008.5,997.5,1007.5,51200,-1.0,-1.0,-1.0
2023/08/29,1007.5,1012.0,1000.5,1008.5,27800,-1.0,-1.0,-1.0
2023/08/30,1008.5,1014.5,1007.5,1009.5,31200,-1.0,-1.0,-1.0
2023/08/31,1007.5,1016.0,1006.0,1008.5,36800,-1.0,-1.0,-1.0
2023/09/01,1006.5,1020.0,1006.5,1018.5,54600,-1.0,-1.0,-1.0
2023/09/04,1020.0,1027.0,1018.0,1027.0,55400,-1.0,-1.0,-1.0
2023/09/05,1035.0,1037.0,1022.0,1036.5,93800,-1.0,-1.0,-1.0
2023/09/06,1050.0,1050.0,1033.5,1047.0,83000,-1.0,-1.0,-1.0
2023/09/07,1042.5,1084.5,1041.5,1076.0,210800,-1.0,-1.0,-1.0
2023/09/08,1074.5,1095.5,1070.5,1092.5,198400,-1.0,-1.0,-1.0
2023/09/11,1099.0,1112.0,1088.0,1099.0,138000,-1.0,-1.0,-1.0
2023/09/12,1105.0,1115.0,1083.0,1096.0,113600,-1.0,-1.0,-1.0
2023/09/13,1096.0,1096.0,1083.0,1083.0,62000,-1.0,-1.0,-1.0
2023/09/14,1083.5,1105.5,1083.5,1098.5,77400,-1.0,-1.0,-1.0
2023/09/15,1091.0,1112.5,1091.0,1108.0,99600,-1.0,-1.0,-1.0
2023/09/19,1108.5,1123.5,1107.5,1123.5,54600,-1.0,-1.0,-1.0
2023/09/20,1122.0,1122.0,1098.0,1098.0,70400,-1.0,-1.0,-1.0
2023/09/21,1097.0,1115.0,1097.0,1103.0,45000,-1.0,-1.0,-1.0
2023/09/22,1097.0,1101.5,1088.5,1095.0,58800,-1.0,-1.0,-1.0
2023/09/25,1099.5,1101.5,1091.0,1094.0,36200,-1.0,-1.0,-1.0
2023/09/26,1089.5,1094.5,1082.0,1092.5,49400,-1.0,-1.0,-1.0
2023/09/27,1086.5,1098.0,1071.0,1098.0,87200,-1.0,-1.0,-1.0
2023/09/28,1095.0,1107.5,1079.0,1084.0,60600,-1.0,-1.0,-1.0
2023/09/29,1085.5,1087.0,1061.0,1063.5,42600,-1.0,-1.0,-1.0
2023/10/02,1063.5,1073.5,1044.5,1047.5,48200,-1.0,-1.0,-1.0
2023/10/03,1046.0,1048.5,1022.0,1027.5,83800,-1.0,-1.0,-1.0
2023/10/04,1010.5,1019.5,998.5,998.5,73400,-1.0,-1.0,-1.0
2023/10/05,1001.0,1022.5,1001.0,1022.5,46400,-1.0,-1.0,-1.0
2023/10/06,1016.0,1039.0,1016.0,1032.0,38200,-1.0,-1.0,-1.0
2023/10/10,1057.0,1057.0,1040.5,1046.0,33200,-1.0,-1.0,-1.0
2023/10/11,1049.5,1049.5,1030.5,1033.0,42000,-1.0,-1.0,-1.0
2023/10/12,1030.5,1039.5,1019.5,1028.5,56200,-1.0,-1.0,-1.0
2023/10/13,1024.5,1024.5,1006.0,1006.5,21400,-1.0,-1.0,-1.0
2023/10/16,1005.0,1010.0,988.5,992.0,48200,-1.0,-1.0,-1.0
2023/10/17,999.5,1007.0,990.5,995.0,34000,-1.0,-1.0,-1.0
2023/10/18,995.0,998.5,990.0,997.5,34400,-1.0,-1.0,-1.0
2023/10/19,997.5,1000.0,992.0,994.0,22400,-1.0,-1.0,-1.0
2023/10/20,990.5,1002.5,990.5,999.5,26200,-1.0,-1.0,-1.0
2023/10/23,996.0,1003.0,991.0,991.0,31000,-1.0,-1.0,-1.0
2023/10/24,993.0,993.5,970.5,988.5,91800,-1.0,-1.0,-1.0
2023/10/25,1000.0,1004.0,995.0,996.5,44600,-1.0,-1.0,-1.0
2023/10/26,995.5,1007.0,986.5,995.5,41200,-1.0,-1.0,-1.0
2023/10/27,1000.0,1015.0,999.5,1015.0,58600,-1.0,-1.0,-1.0
2023/10/30,1004.0,1010.5,995.0,1001.0,55200,-1.0,-1.0,-1.0
2023/10/31,997.0,1018.0,997.0,1018.0,44800,-1.0,-1.0,-1.0
2023/11/01,1025.0,1034.0,1019.5,1031.5,48400,-1.0,-1.0,-1.0
2023/11/02,1032.5,1032.5,1018.5,1026.5,35400,-1.0,-1.0,-1.0
2023/11/06,1042.0,1042.0,1025.5,1028.5,41800,-1.0,-1.0,-1.0
2023/11/07,1028.5,1034.0,1020.0,1020.5,43400,-1.0,-1.0,-1.0
2023/11/08,1020.5,1020.5,980.0,987.0,82200,-1.0,-1.0,-1.0
2023/11/09,992.5,997.0,981.0,995.0,33000,-1.0,-1.0,-1.0
2023/11/10,993.5,1013.5,992.0,1013.5,41200,-1.0,-1.0,-1.0
2023/11/13,1024.0,1024.0,1004.5,1011.0,66200,-1.0,-1.0,-1.0
2023/11/14,1019.5,1019.5,1002.5,1010.0,27800,-1.0,-1.0,-1.0
2023/11/15,1000.0,1000.0,983.5,991.5,103200,-1.0,-1.0,-1.0
2023/11/16,991.5,995.5,981.5,985.0,40800,-1.0,-1.0,-1.0
2023/11/17,988.0,1000.0,988.0,999.0,33600,-1.0,-1.0,-1.0
2023/11/20,999.0,1001.5,988.0,990.5,34200,-1.0,-1.0,-1.0
2023/11/21,991.0,1013.5,984.0,988.5,100800,-1.0,-1.0,-1.0
2023/11/22,990.0,999.0,965.0,982.5,76600,-1.0,-1.0,-1.0
2023/11/24,995.5,995.5,982.5,986.5,41000,-1.0,-1.0,-1.0
2023/11/27,985.0,985.0,972.5,977.0,85600,-1.0,-1.0,-1.0
2023/11/28,981.0,983.5,978.0,982.0,32200,-1.0,-1.0,-1.0
2023/11/29,982.5,983.5,972.0,972.0,36400,-1.0,-1.0,-1.0
2023/11/30,971.5,979.5,966.5,976.5,28800,-1.0,-1.0,-1.0
2023/12/01,976.5,982.5,976.0,977.5,33400,-1.0,-1.0,-1.0
2023/12/04,977.5,977.5,965.5,972.5,53000,-1.0,-1.0,-1.0
2023/12/05,970.0,976.5,963.0,963.0,47800,-1.0,-1.0,-1.0
2023/12/06,967.5,980.5,966.0,976.5,60200,-1.0,-1.0,-1.0
2023/12/07,970.5,974.5,968.5,972.0,49000,-1.0,-1.0,-1.0
2023/12/08,967.5,970.5,951.0,956.0,120000,-1.0,-1.0,-1.0
2023/12/11,961.5,971.0,958.5,971.0,68000,-1.0,-1.0,-1.0
2023/12/12,971.0,971.0,959.0,960.0,71200,-1.0,-1.0,-1.0
2023/12/13,963.0,963.0,955.0,959.5,68200,-1.0,-1.0,-1.0
2023/12/14,964.0,967.5,946.0,950.0,76000,-1.0,-1.0,-1.0
2023/12/15,955.0,955.0,944.0,952.5,68000,-1.0,-1.0,-1.0
2023/12/18,948.0,955.0,940.0,952.5,61800,-1.0,-1.0,-1.0
2023/12/19,950.5,957.0,949.5,954.5,39800,-1.0,-1.0,-1.0
2023/12/20,954.5,957.5,949.0,952.0,57400,-1.0,-1.0,-1.0
2023/12/21,948.5,950.5,945.0,946.0,70000,-1.0,-1.0,-1.0
2023/12/22,948.0,959.5,948.0,959.5,45200,-1.0,-1.0,-1.0
2023/12/25,966.0,966.5,955.5,956.0,44800,-1.0,-1.0,-1.0
2023/12/26,956.5,961.5,955.0,960.0,49200,-1.0,-1.0,-1.0
2023/12/27,965.0,985.0,965.0,980.0,97400,-1.0,-1.0,-1.0
2023/12/28,979.0,990.5,978.0,990.0,48800,-1.0,-1.0,-1.0
2023/12/29,990.5,1003.5,990.5,1003.5,69600,-1.0,-1.0,-1.0
2024/01/04,1030.5,1035.5,1018.5,1022.5,85800,-1.0,-1.0,-1.0
2024/01/05,1028.0,1030.0,1024.0,1026.0,70200,-1.0,-1.0,-1.0
2024/01/09,1029.5,1033.5,1021.5,1022.5,49400,-1.0,-1.0,-1.0
2024/01/10,1025.0,1030.0,1020.5,1026.0,55000,-1.0,-1.0,-1.0
2024/01/11,1030.0,1032.0,1021.5,1024.0,94600,-1.0,-1.0,-1.0
2024/01/12,1023.0,1028.0,1011.0,1014.5,58800,-1.0,-1.0,-1.0
2024/01/15,1020.0,1031.0,1015.5,1030.5,67600,-1.0,-1.0,-1.0
2024/01/16,1031.0,1031.0,1023.0,1024.5,39400,-1.0,-1.0,-1.0
2024/01/17,1030.0,1032.5,1023.0,1023.0,63400,-1.0,-1.0,-1.0
2024/01/18,1023.0,1033.0,1023.0,1028.5,52600,-1.0,-1.0,-1.0
2024/01/19,1029.0,1031.5,1024.5,1029.0,82400,-1.0,-1.0,-1.0
2024/01/22,1033.5,1037.5,1029.0,1035.0,111600,-1.0,-1.0,-1.0
2024/01/23,1036.0,1039.5,1028.0,1029.0,126000,-1.0,-1.0,-1.0
2024/01/24,1031.0,1034.5,1020.0,1025.5,173000,-1.0,-1.0,-1.0
2024/01/25,1025.0,1045.0,1025.0,1042.5,140400,-1.0,-1.0,-1.0
2024/01/26,1042.0,1045.0,1038.5,1040.0,136600,-1.0,-1.0,-1.0
2024/01/29,1040.0,1057.5,1040.0,1057.0,101200,-1.0,-1.0,-1.0
2024/01/30,1059.5,1075.0,1055.5,1070.0,132800,-1.0,-1.0,-1.0
2024/01/31,1062.0,1088.5,1062.0,1088.5,95400,-1.0,-1.0,-1.0
2024/02/01,1088.0,1094.5,1077.0,1091.5,76600,-1.0,-1.0,-1.0
2024/02/02,1090.0,1090.5,1073.0,1086.5,97000,-1.0,-1.0,-1.0
2024/02/05,1090.0,1105.0,1090.0,1102.0,107200,-1.0,-1.0,-1.0
2024/02/06,1100.5,1111.0,1096.0,1101.0,82800,-1.0,-1.0,-1.0
2024/02/07,1097.5,1112.0,1095.5,1109.0,92800,-1.0,-1.0,-1.0
2024/02/08,1100.0,1105.5,1088.5,1101.5,103000,-1.0,-1.0,-1.0
2024/02/09,1093.0,1097.5,1083.5,1083.5,86600,-1.0,-1.0,-1.0
2024/02/13,1093.0,1093.0,1077.0,1085.0,81000,-1.0,-1.0,-1.0
2024/02/14,1085.0,1085.0,1061.0,1067.5,91800,-1.0,-1.0,-1.0
2024/02/15,1175.5,1205.0,1154.0,1174.5,597800,-1.0,-1.0,-1.0
2024/02/16,1170.0,1209.5,1153.5,1206.5,371200,-1.0,-1.0,-1.0
2024/02/19,1210.0,1280.5,1210.0,1280.5,259200,-1.0,-1.0,-1.0
2024/02/20,1279.5,1279.5,1235.5,1235.5,198400,-1.0,-1.0,-1.0
2024/02/21,1241.5,1260.0,1235.5,1242.0,97600,-1.0,-1.0,-1.0
2024/02/22,1241.0,1266.5,1240.5,1252.0,106600,-1.0,-1.0,-1.0
2024/02/26,1244.5,1265.0,1244.0,1244.0,122200,-1.0,-1.0,-1.0
2024/02/27,1243.0,1265.0,1237.0,1245.0,136200,-1.0,-1.0,-1.0
2024/02/28,1238.5,1248.5,1228.5,1239.0,111600,-1.0,-1.0,-1.0
2024/02/29,1225.0,1247.0,1218.0,1222.0,107200,-1.0,-1.0,-1.0
2024/03/01,1220.5,1230.0,1210.5,1222.5,104200,-1.0,-1.0,-1.0
2024/03/04,1222.5,1227.5,1210.0,1215.5,106000,-1.0,-1.0,-1.0
2024/03/05,1212.5,1235.0,1212.5,1230.5,85400,-1.0,-1.0,-1.0
2024/03/06,1230.5,1245.0,1225.0,1236.0,106600,-1.0,-1.0,-1.0
2024/03/07,1243.5,1255.5,1238.0,1244.0,100400,-1.0,-1.0,-1.0
2024/03/08,1238.5,1292.5,1238.5,1291.5,204600,-1.0,-1.0,-1.0
2024/03/11,1291.5,1302.0,1253.0,1265.5,134400,-1.0,-1.0,-1.0
2024/03/12,1262.0,1264.5,1240.5,1264.5,88400,-1.0,-1.0,-1.0
2024/03/13,1279.0,1280.5,1246.0,1259.0,88000,-1.0,-1.0,-1.0
2024/03/14,1259.0,1269.5,1250.5,1266.5,99400,-1.0,-1.0,-1.0
2024/03/15,1279.0,1320.0,1275.0,1304.0,180600,-1.0,-1.0,-1.0
2024/03/18,1304.0,1314.5,1280.5,1286.5,130400,-1.0,-1.0,-1.0
2024/03/19,1286.5,1299.5,1280.0,1290.0,94200,-1.0,-1.0,-1.0
2024/03/21,1373.0,1430.0,1372.5,1416.0,640400,-1.0,-1.0,-1.0
2024/03/22,1416.0,1422.5,1397.5,1417.0,233600,-1.0,-1.0,-1.0
2024/03/25,1419.5,1425.0,1393.0,1393.0,174800,-1.0,-1.0,-1.0
2024/03/26,1390.0,1407.5,1385.5,1406.0,108200,-1.0,-1.0,-1.0
2024/03/27,1420.5,1423.5,1406.5,1412.5,158200,-1.0,-1.0,-1.0
2024/03/28,1367.5,1387.5,1341.5,1346.0,146200,-1.0,-1.0,-1.0
2024/03/29,1347.0,1357.5,1333.0,1351.5,80400,-1.0,-1.0,-1.0
2024/04/01,1351.5,1360.0,1321.5,1321.5,99600,-1.0,-1.0,-1.0
2024/04/02,1329.0,1329.5,1287.0,1293.0,123000,-1.0,-1.0,-1.0
2024/04/03,1284.5,1343.0,1277.5,1331.5,167400,-1.0,-1.0,-1.0
2024/04/04,1323.5,1337.5,1310.0,1327.0,71400,-1.0,-1.0,-1.0
2024/04/05,1313.0,1345.0,1307.0,1345.0,114600,-1.0,-1.0,-1.0
2024/04/08,1353.0,1364.0,1345.5,1359.5,68800,-1.0,-1.0,-1.0
2024/04/09,1367.5,1378.5,1345.0,1347.5,65800,-1.0,-1.0,-1.0
2024/04/10,1349.0,1365.0,1348.0,1361.0,63800,-1.0,-1.0,-1.0
2024/04/11,1357.5,1373.0,1341.5,1366.0,85000,-1.0,-1.0,-1.0
2024/04/12,1366.0,1372.5,1355.5,1360.5,53400,-1.0,-1.0,-1.0
2024/04/15,1360.5,1400.0,1356.5,1387.5,138600,-1.0,-1.0,-1.0
2024/04/16,1375.0,1375.0,1338.5,1343.0,120400,-1.0,-1.0,-1.0
2024/04/17,1344.0,1348.0,1315.5,1324.5,86000,-1.0,-1.0,-1.0
2024/04/18,1334.5,1343.0,1321.0,1331.5,44000,-1.0,-1.0,-1.0
2024/04/19,1325.0,1335.0,1296.0,1320.5,94400,-1.0,-1.0,-1.0
2024/04/22,1334.0,1362.0,1334.0,1362.0,80400,-1.0,-1.0,-1.0
2024/04/23,1356.0,1365.5,1347.0,1359.0,57200,-1.0,-1.0,-1.0
2024/04/24,1473.5,1502.5,1453.0,1463.5,876000,-1.0,-1.0,-1.0
2024/04/25,1456.0,1458.0,1425.0,1439.5,224000,-1.0,-1.0,-1.0
2024/04/26,1440.0,1445.5,1418.0,1432.5,117800,-1.0,-1.0,-1.0
2024/04/30,1435.0,1447.0,1425.0,1441.0,122600,-1.0,-1.0,-1.0
2024/05/01,1450.0,1453.5,1425.0,1425.0,73400,-1.0,-1.0,-1.0
2024/05/02,1429.5,1431.5,1412.0,1417.5,69800,-1.0,-1.0,-1.0
2024/05/07,1418.0,1420.0,1402.5,1414.0,89400,-1.0,-1.0,-1.0
2024/05/08,1401.5,1413.5,1380.5,1386.0,82200,-1.0,-1.0,-1.0
2024/05/09,1391.5,1404.0,1376.5,1401.0,58000,-1.0,-1.0,-1.0
2024/05/10,1411.0,1427.5,1406.5,1418.0,93600,-1.0,-1.0,-1.0
2024/05/13,1432.0,1432.0,1406.5,1417.0,66600,-1.0,-1.0,-1.0
2024/05/14,1401.5,1405.0,1370.5,1378.5,110800,-1.0,-1.0,-1.0
2024/05/15,1314.5,1333.5,1298.5,1325.5,209000,-1.0,-1.0,-1.0
2024/05/16,1340.5,1347.5,1310.5,1324.5,116600,-1.0,-1.0,-1.0
2024/05/17,1324.5,1338.5,1307.0,1338.0,57800,-1.0,-1.0,-1.0
2024/05/20,1335.5,1341.5,1330.0,1333.0,64400,-1.0,-1.0,-1.0
2024/05/21,1344.0,1348.5,1315.5,1317.0,74000,-1.0,-1.0,-1.0
2024/05/22,1319.5,1325.0,1300.0,1300.0,81800,-1.0,-1.0,-1.0
2024/05/23,1309.5,1320.0,1285.0,1304.5,59200,-1.0,-1.0,-1.0
2024/05/24,1297.0,1305.0,1292.5,1300.0,45200,-1.0,-1.0,-1.0
2024/05/27,1296.5,1302.5,1292.5,1302.5,36400,-1.0,-1.0,-1.0
2024/05/28,1301.0,1319.5,1300.5,1310.0,58600,-1.0,-1.0,-1.0
2024/05/29,1315.5,1331.0,1295.5,1300.0,69400,-1.0,-1.0,-1.0
2024/05/30,1300.0,1309.5,1285.0,1308.0,61800,-1.0,-1.0,-1.0
2024/05/31,1315.0,1317.5,1305.0,1317.5,45200,-1.0,-1.0,-1.0
2024/06/03,1321.0,1325.0,1301.0,1308.0,50200,-1.0,-1.0,-1.0
2024/06/04,1305.0,1305.0,1284.0,1284.0,80400,-1.0,-1.0,-1.0
2024/06/05,1279.0,1282.0,1266.5,1272.5,75600,-1.0,-1.0,-1.0
2024/06/06,1268.5,1286.5,1267.0,1282.0,52400,-1.0,-1.0,-1.0
2024/06/07,1282.0,1282.0,1266.0,1271.0,75200,-1.0,-1.0,-1.0
2024/06/10,1262.5,1284.0,1261.5,1280.5,63800,-1.0,-1.0,-1.0
2024/06/11,1281.0,1290.5,1266.5,1269.0,49200,-1.0,-1.0,-1.0
2024/06/12,1276.5,1293.5,1276.5,1286.0,57400,-1.0,-1.0,-1.0
2024/06/13,1276.0,1276.5,1251.0,1251.0,63800,-1.0,-1.0,-1.0
2024/06/14,1248.5,1280.0,1248.0,1276.0,92600,-1.0,-1.0,-1.0
2024/06/17,1269.0,1269.0,1248.0,1257.5,75600,-1.0,-1.0,-1.0
2024/06/18,1260.0,1270.5,1255.0,1255.0,48600,-1.0,-1.0,-1.0
2024/06/19,1255.0,1279.0,1255.0,1277.5,70400,-1.0,-1.0,-1.0
2024/06/20,1250.0,1273.5,1250.0,1272.5,107200,-1.0,-1.0,-1.0
2024/06/21,1287.0,1319.0,1286.5,1308.0,147400,-1.0,-1.0,-1.0
2024/06/24,1314.5,1321.5,1299.5,1307.0,60200,-1.0,-1.0,-1.0
2024/06/25,1316.5,1339.5,1315.0,1322.5,93600,-1.0,-1.0,-1.0
2024/06/26,1327.5,1329.5,1312.5,1329.5,85000,-1.0,-1.0,-1.0
2024/06/27,1335.0,1338.0,1325.0,1333.0,87800,-1.0,-1.0,-1.0
2024/06/28,1328.5,1332.5,1306.0,1307.0,63600,-1.0,-1.0,-1.0
2024/07/01,1307.5,1313.0,1300.0,1302.0,69400,-1.0,-1.0,-1.0
2024/07/02,1295.5,1304.5,1288.5,1299.5,78400,-1.0,-1.0,-1.0
2024/07/03,1299.5,1302.5,1291.0,1297.5,67400,-1.0,-1.0,-1.0
2024/07/04,1295.0,1312.0,1293.5,1309.0,82200,-1.0,-1.0,-1.0
2024/07/05,1311.0,1311.0,1282.0,1283.0,80200,-1.0,-1.0,-1.0
2024/07/08,1282.5,1283.0,1264.0,1264.5,74800,-1.0,-1.0,-1.0
2024/07/09,1274.5,1295.0,1266.0,1287.5,116000,-1.0,-1.0,-1.0
2024/07/10,1288.5,1305.5,1281.5,1303.0,109600,-1.0,-1.0,-1.0
2024/07/11,1310.0,1314.5,1277.0,1287.5,266600,-1.0,-1.0,-1.0
2024/07/12,1286.0,1306.0,1280.5,1286.0,69600,-1.0,-1.0,-1.0
2024/07/16,1289.5,1319.5,1289.5,1298.5,151000,-1.0,-1.0,-1.0
2024/07/17,1300.0,1319.5,1300.0,1311.0,37400,-1.0,-1.0,-1.0
2024/07/18,1308.5,1312.5,1299.5,1301.5,43800,-1.0,-1.0,-1.0
2024/07/19,1293.0,1297.5,1276.5,1279.0,53200,-1.0,-1.0,-1.0
2024/07/22,1275.0,1275.0,1256.0,1256.0,52000,-1.0,-1.0,-1.0
2024/07/23,1259.5,1267.0,1253.5,1259.5,43200,-1.0,-1.0,-1.0
2024/07/24,1256.5,1256.5,1239.5,1239.5,109600,-1.0,-1.0,-1.0
2024/07/25,1230.5,1244.0,1222.0,1234.5,135400,-1.0,-1.0,-1.0
2024/07/26,1244.0,1248.0,1229.5,1231.0,42800,-1.0,-1.0,-1.0
2024/07/29,1234.0,1269.0,1234.0,1269.0,74800,-1.0,-1.0,-1.0
2024/07/30,1260.5,1263.5,1243.0,1251.0,76200,-1.0,-1.0,-1.0
2024/07/31,1262.5,1299.5,1262.0,1299.5,114800,-1.0,-1.0,-1.0
2024/08/01,1293.5,1294.0,1256.0,1264.0,66800,-1.0,-1.0,-1.0
2024/08/02,1234.5,1234.5,1196.0,1196.0,107000,-1.0,-1.0,-1.0
2024/08/05,1146.0,1147.5,1025.0,1057.0,227400,-1.0,-1.0,-1.0
2024/08/06,1132.0,1169.0,1107.0,1138.0,216800,-1.0,-1.0,-1.0
2024/08/07,1130.0,1184.0,1126.5,1146.0,70200,-1.0,-1.0,-1.0
2024/08/08,1138.0,1155.0,1125.0,1126.0,68400,-1.0,-1.0,-1.0
2024/08/09,1176.0,1196.5,1151.0,1163.0,100600,-1.0,-1.0,-1.0
2024/08/13,1194.0,1207.0,1156.5,1169.0,72400,-1.0,-1.0,-1.0
2024/08/14,1167.5,1182.0,1153.0,1176.0,54200,-1.0,-1.0,-1.0
2024/08/15,1186.0,1186.5,1165.0,1167.5,46400,-1.0,-1.0,-1.0
2024/08/16,1189.0,1203.5,1176.0,1203.5,48400,-1.0,-1.0,-1.0
2024/08/19,1191.0,1209.5,1183.0,1185.0,48200,-1.0,-1.0,-1.0
2024/08/20,1199.0,1199.0,1187.5,1187.5,25600,-1.0,-1.0,-1.0
2024/08/21,1185.0,1189.0,1178.5,1188.5,16000,-1.0,-1.0,-1.0
2024/08/22,1189.0,1194.5,1182.0,1189.5,17600,-1.0,-1.0,-1.0
2024/08/23,1192.0,1218.0,1189.0,1213.5,72000,-1.0,-1.0,-1.0
2024/08/26,1205.5,1220.0,1192.5,1196.5,43200,-1.0,-1.0,-1.0
2024/08/27,1196.5,1222.0,1196.5,1222.0,28400,-1.0,-1.0,-1.0
2024/08/28,1229.0,1229.0,1209.5,1218.5,17000,-1.0,-1.0,-1.0
2024/08/29,1212.0,1220.0,1208.0,1213.0,27600,-1.0,-1.0,-1.0
2024/08/30,1209.0,1215.5,1203.0,1204.5,57000,-1.0,-1.0,-1.0
2024/09/02,1217.5,1217.5,1203.5,1213.0,24400,-1.0,-1.0,-1.0
2024/09/03,1217.5,1225.0,1210.0,1215.5,49800,-1.0,-1.0,-1.0
2024/09/04,1190.5,1202.5,1174.5,1181.0,79200,-1.0,-1.0,-1.0
2024/09/05,1180.0,1207.0,1176.5,1190.5,41000,-1.0,-1.0,-1.0
2024/09/06,1194.5,1213.5,1194.0,1204.0,44000,-1.0,-1.0,-1.0
2024/09/09,1185.0,1203.0,1178.5,1198.0,38800,-1.0,-1.0,-1.0
2024/09/10,1194.5,1210.0,1190.5,1193.0,35600,-1.0,-1.0,-1.0
2024/09/11,1193.0,1193.0,1156.0,1166.5,63600,-1.0,-1.0,-1.0
2024/09/12,1179.0,1198.0,1174.5,1180.5,54800,-1.0,-1.0,-1.0
2024/09/13,1185.0,1191.5,1175.0,1181.0,96800,-1.0,-1.0,-1.0
2024/09/17,1181.0,1194.0,1161.5,1190.0,67600,-1.0,-1.0,-1.0
2024/09/18,1200.0,1207.5,1184.5,1202.5,61600,-1.0,-1.0,-1.0
2024/09/19,1213.0,1234.5,1213.0,1219.0,66600,-1.0,-1.0,-1.0
2024/09/20,1237.0,1242.5,1200.0,1202.0,140000,-1.0,-1.0,-1.0
2024/09/24,1220.5,1223.0,1208.0,1211.0,46200,-1.0,-1.0,-1.0
2024/09/25,1212.5,1212.5,1190.0,1201.0,47000,-1.0,-1.0,-1.0
2024/09/26,1211.0,1214.0,1199.0,1214.0,90400,-1.0,-1.0,-1.0
2024/09/27,1214.0,1225.0,1206.5,1210.5,52400,-1.0,-1.0,-1.0
2024/09/30,1180.0,1189.0,1169.0,1178.0,71400,-1.0,-1.0,-1.0
2024/10/01,1182.5,1213.5,1182.5,1206.5,43800,-1.0,-1.0,-1.0
2024/10/02,1200.0,1218.5,1197.0,1204.0,52800,-1.0,-1.0,-1.0
2024/10/03,1225.0,1229.5,1209.5,1210.0,28800,-1.0,-1.0,-1.0
2024/10/04,1209.0,1219.5,1203.0,1214.5,41000,-1.0,-1.0,-1.0
2024/10/07,1226.0,1236.5,1217.5,1221.0,60800,-1.0,-1.0,-1.0
2024/10/08,1212.0,1214.5,1185.5,1186.0,59600,-1.0,-1.0,-1.0
2024/10/09,1191.0,1192.0,1173.5,1176.0,75400,-1.0,-1.0,-1.0
2024/10/10,1174.5,1177.5,1167.5,1175.5,59000,-1.0,-1.0,-1.0
2024/10/11,1176.0,1179.5,1170.0,1170.0,37800,-1.0,-1.0,-1.0
2024/10/15,1182.5,1202.0,1172.5,1193.5,54600,-1.0,-1.0,-1.0
2024/10/16,1178.5,1217.5,1178.5,1200.0,56400,-1.0,-1.0,-1.0
2024/10/17,1191.0,1210.0,1191.0,1204.5,33800,-1.0,-1.0,-1.0
2024/10/18,1208.5,1217.5,1201.0,1204.5,26000,-1.0,-1.0,-1.0
2024/10/21,1205.5,1206.0,1199.0,1204.0,31600,-1.0,-1.0,-1.0
2024/10/22,1204.0,1212.5,1186.0,1189.5,51800,-1.0,-1.0,-1.0
2024/10/23,1189.5,1202.0,1177.5,1177.5,62400,-1.0,-1.0,-1.0
2024/10/24,1185.0,1185.0,1170.0,1183.5,66800,-1.0,-1.0,-1.0
2024/10/25,1196.0,1200.0,1170.5,1175.0,64200,-1.0,-1.0,-1.0
2024/10/28,1200.0,1200.0,1177.5,1193.5,36000,-1.0,-1.0,-1.0
2024/10/29,1193.5,1202.5,1185.0,1201.0,36200,-1.0,-1.0,-1.0
2024/10/30,1196.5,1214.0,1191.0,1196.0,336600,-1.0,-1.0,-1.0
2024/10/31,1200.0,1211.5,1197.5,1201.0,91400,-1.0,-1.0,-1.0
2024/11/01,1197.0,1197.0,1182.0,1182.0,44800,-1.0,-1.0,-1.0
2024/11/05,1182.0,1191.0,1171.5,1172.5,79200,-1.0,-1.0,-1.0
2024/11/06,1181.5,1200.0,1181.5,1191.0,40400,-1.0,-1.0,-1.0
2024/11/07,1195.5,1217.0,1194.5,1215.5,55800,-1.0,-1.0,-1.0
2024/11/08,1214.5,1219.0,1185.5,1187.0,72200,-1.0,-1.0,-1.0
2024/11/11,1190.5,1190.5,1178.0,1180.0,35000,-1.0,-1.0,-1.0
2024/11/12,1191.5,1197.0,1181.5,1183.5,24600,-1.0,-1.0,-1.0
2024/11/13,1183.5,1187.5,1179.0,1184.0,22400,-1.0,-1.0,-1.0
2024/11/14,1185.5,1197.5,1184.0,1188.0,44200,-1.0,-1.0,-1.0
2024/11/15,1172.5,1172.5,1122.5,1136.5,273800,-1.0,-1.0,-1.0
2024/11/18,1139.0,1140.0,1116.0,1117.0,92400,-1.0,-1.0,-1.0
2024/11/19,1117.5,1134.5,1117.5,1126.5,57000,-1.0,-1.0,-1.0
2024/11/20,1126.5,1144.0,1125.0,1131.0,72000,-1.0,-1.0,-1.0
2024/11/21,1135.0,1140.0,1128.0,1130.5,38400,-1.0,-1.0,-1.0
2024/11/22,1133.0,1141.0,1132.5,1132.5,30200,-1.0,-1.0,-1.0
2024/11/25,1149.0,1149.0,1127.5,1127.5,38000,-1.0,-1.0,-1.0
2024/11/26,1128.0,1132.5,1116.0,1119.5,53600,-1.0,-1.0,-1.0
2024/11/27,1117.5,1119.0,1102.5,1108.0,49600,-1.0,-1.0,-1.0
2024/11/28,1108.0,1128.0,1108.0,1128.0,49400,-1.0,-1.0,-1.0
2024/11/29,1127.5,1133.0,1122.5,1122.5,53400,-1.0,-1.0,-1.0
2024/12/02,1118.5,1134.5,1118.5,1130.5,35000,-1.0,-1.0,-1.0
2024/12/03,1127.5,1142.5,1127.5,1139.0,47600,-1.0,-1.0,-1.0
2024/12/04,1134.5,1135.0,1124.0,1124.5,56800,-1.0,-1.0,-1.0
2024/12/05,1133.0,1134.0,1125.5,1132.0,31800,-1.0,-1.0,-1.0
2024/12/06,1132.0,1132.0,1118.0,1122.0,65200,-1.0,-1.0,-1.0
2024/12/09,1122.0,1137.0,1122.0,1133.5,45200,-1.0,-1.0,-1.0
2024/12/10,1139.0,1142.5,1131.0,1131.0,35800,-1.0,-1.0,-1.0
2024/12/11,1137.5,1139.0,1120.5,1125.5,62800,-1.0,-1.0,-1.0
2024/12/12,1137.5,1137.5,1121.0,1121.0,60400,-1.0,-1.0,-1.0
2024/12/13,1118.5,1125.5,1115.5,1118.0,120800,-1.0,-1.0,-1.0
2024/12/16,1121.0,1133.0,1121.0,1125.5,60400,-1.0,-1.0,-1.0
2024/12/17,1130.0,1130.0,1111.0,1112.0,63800,-1.0,-1.0,-1.0
2024/12/18,1112.0,1113.5,1103.5,1106.5,54600,-1.0,-1.0,-1.0
2024/12/19,1101.5,1113.0,1100.5,1106.0,53800,-1.0,-1.0,-1.0
2024/12/20,1113.0,1119.0,1097.5,1097.5,160200,-1.0,-1.0,-1.0
2024/12/23,1111.5,1127.0,1103.0,1124.0,120600,-1.0,-1.0,-1.0
2024/12/24,1120.0,1155.0,1120.0,1142.5,84200,-1.0,-1.0,-1.0
2024/12/25,1150.5,1160.0,1140.0,1160.0,92800,-1.0,-1.0,-1.0
2024/12/26,1161.5,1183.0,1161.5,1182.5,152400,-1.0,-1.0,-1.0
2024/12/27,1185.0,1210.0,1185.0,1210.0,123800,-1.0,-1.0,-1.0
2024/12/30,1200.5,1222.5,1200.5,1213.5,56000,-1.0,-1.0,-1.0
2025/01/06,1217.5,1253.0,1217.5,1237.0,97000,-1.0,-1.0,-1.0
2025/01/07,1244.0,1244.0,1226.5,1231.0,60800,-1.0,-1.0,-1.0
2025/01/08,1228.0,1248.5,1224.0,1224.5,63200,-1.0,-1.0,-1.0
2025/01/09,1215.5,1221.0,1208.5,1214.5,57200,-1.0,-1.0,-1.0
2025/01/10,1208.0,1212.0,1201.5,1203.5,44600,-1.0,-1.0,-1.0
2025/01/14,1200.0,1207.5,1185.5,1191.5,80000,-1.0,-1.0,-1.0
2025/01/15,1192.5,1208.5,1192.5,1207.0,38200,-1.0,-1.0,-1.0
2025/01/16,1208.0,1229.5,1205.0,1205.0,60800,-1.0,-1.0,-1.0
2025/01/17,1207.5,1207.5,1188.0,1204.5,36400,-1.0,-1.0,-1.0
2025/01/20,1208.5,1221.0,1208.5,1214.5,28800,-1.0,-1.0,-1.0
2025/01/21,1225.0,1228.0,1210.0,1217.0,24600,-1.0,-1.0,-1.0
2025/01/22,1230.5,1231.5,1220.5,1222.5,33600,-1.0,-1.0,-1.0
2025/01/23,1221.5,1224.0,1207.5,1213.5,41400,-1.0,-1.0,-1.0
2025/01/24,1220.0,1230.0,1215.5,1222.0,47600,-1.0,-1.0,-1.0
2025/01/27,1229.5,1250.0,1229.5,1233.5,50000,-1.0,-1.0,-1.0
2025/01/28,1240.0,1255.0,1240.0,1249.0,62800,-1.0,-1.0,-1.0
2025/01/29,1255.0,1260.0,1244.5,1249.0,51200,-1.0,-1.0,-1.0
2025/01/30,1239.5,1257.5,1239.5,1257.5,35000,-1.0,-1.0,-1.0
2025/01/31,1260.0,1274.5,1257.0,1274.5,43400,-1.0,-1.0,-1.0
2025/02/03,1265.0,1286.5,1260.5,1264.0,127800,-1.0,-1.0,-1.0
2025/02/04,1282.0,1289.5,1256.5,1258.5,46600,-1.0,-1.0,-1.0
2025/02/05,1274.5,1285.0,1262.5,1270.0,46000,-1.0,-1.0,-1.0
2025/02/06,1278.0,1295.0,1272.5,1295.0,46800,-1.0,-1.0,-1.0
2025/02/07,1295.0,1324.0,1295.0,1320.5,83000,-1.0,-1.0,-1.0
2025/02/10,1332.5,1340.0,1309.0,1313.0,73600,-1.0,-1.0,-1.0
2025/02/12,1327.0,1330.0,1307.5,1320.0,86600,-1.0,-1.0,-1.0
2025/02/13,1322.5,1400.0,1318.5,1362.5,319800,-1.0,-1.0,-1.0
2025/02/14,1378.0,1383.5,1313.5,1317.5,117200,-1.0,-1.0,-1.0
2025/02/17,1317.5,1329.5,1300.0,1300.0,56000,-1.0,-1.0,-1.0
2025/02/18,1300.0,1305.5,1287.5,1303.5,69600,-1.0,-1.0,-1.0
2025/02/19,1303.5,1303.5,1286.0,1292.5,71600,-1.0,-1.0,-1.0
2025/02/20,1297.0,1297.0,1275.5,1287.5,102200,-1.0,-1.0,-1.0
2025/02/21,1291.0,1291.0,1268.0,1274.0,52200,-1.0,-1.0,-1.0
2025/02/25,1265.0,1277.5,1258.0,1264.5,62200,-1.0,-1.0,-1.0
2025/02/26,1264.5,1266.5,1245.5,1260.0,81800,-1.0,-1.0,-1.0
2025/02/27,1265.5,1282.5,1264.5,1282.5,70200,-1.0,-1.0,-1.0
2025/02/28,1282.5,1287.5,1269.5,1277.0,65200,-1.0,-1.0,-1.0
2025/03/03,1295.0,1307.5,1285.0,1307.5,60000,-1.0,-1.0,-1.0
2025/03/04,1302.5,1302.5,1279.5,1286.5,69600,-1.0,-1.0,-1.0
2025/03/05,1285.0,1307.0,1283.0,1300.5,54800,-1.0,-1.0,-1.0
2025/03/06,1312.0,1330.0,1312.0,1321.0,90600,-1.0,-1.0,-1.0
2025/03/07,1301.5,1319.0,1300.5,1310.0,65000,-1.0,-1.0,-1.0
2025/03/10,1324.5,1335.0,1312.5,1321.0,69400,-1.0,-1.0,-1.0
2025/03/11,1308.0,1308.0,1266.0,1299.5,127000,-1.0,-1.0,-1.0
2025/03/12,1299.5,1304.5,1295.5,1296.0,32600,-1.0,-1.0,-1.0
2025/03/13,1307.5,1309.0,1293.0,1293.5,47600,-1.0,-1.0,-1.0
2025/03/14,1292.0,1315.0,1287.5,1309.0,63000,-1.0,-1.0,-1.0
2025/03/17,1311.0,1325.0,1311.0,1320.0,61400,-1.0,-1.0,-1.0
2025/03/18,1331.5,1342.0,1328.5,1328.5,65800,-1.0,-1.0,-1.0
2025/03/19,1325.5,1346.5,1325.0,1340.5,58200,-1.0,-1.0,-1.0
2025/03/21,1349.5,1358.0,1339.0,1349.5,129200,-1.0,-1.0,-1.0
2025/03/24,1354.0,1357.5,1333.5,1336.0,128000,-1.0,-1.0,-1.0
2025/03/25,1348.5,1349.0,1333.0,1339.5,102200,-1.0,-1.0,-1.0
2025/03/26,1355.0,1355.0,1335.5,1345.0,97000,-1.0,-1.0,-1.0
2025/03/27,1331.0,1346.5,1331.0,1346.5,242000,-1.0,-1.0,-1.0
2025/03/28,1290.0,1311.0,1277.5,1292.0,176200,-1.0,-1.0,-1.0
2025/03/31,1260.5,1265.0,1242.0,1247.5,117200,-1.0,-1.0,-1.0
2025/04/01,1250.0,1259.5,1229.5,1236.0,79000,-1.0,-1.0,-1.0
2025/04/02,1232.5,1235.0,1220.0,1234.5,60200,-1.0,-1.0,-1.0
2025/04/03,1190.5,1215.0,1184.5,1210.0,141600,-1.0,-1.0,-1.0
2025/04/04,1185.0,1191.5,1132.0,1157.5,155000,-1.0,-1.0,-1.0
2025/04/07,1064.0,1109.0,1042.5,1078.0,274000,-1.0,-1.0,-1.0
2025/04/08,1122.0,1170.0,1122.0,1166.5,134600,-1.0,-1.0,-1.0
2025/04/09,1150.0,1155.0,1125.0,1138.5,111000,-1.0,-1.0,-1.0
2025/04/10,1205.0,1215.5,1189.5,1200.5,111400,-1.0,-1.0,-1.0
2025/04/11,1177.0,1226.0,1167.5,1225.5,124600,-1.0,-1.0,-1.0
2025/04/14,1230.0,1248.0,1230.0,1236.5,74800,-1.0,-1.0,-1.0
2025/04/15,1232.0,1248.5,1219.5,1219.5,43800,-1.0,-1.0,-1.0
2025/04/16,1225.5,1230.5,1220.0,1225.5,28800,-1.0,-1.0,-1.0
2025/04/17,1231.5,1249.0,1231.5,1237.0,77600,-1.0,-1.0,-1.0
2025/04/18,1237.0,1263.0,1235.5,1263.0,93800,-1.0,-1.0,-1.0
2025/04/21,1278.0,1280.0,1263.0,1273.0,59400,-1.0,-1.0,-1.0
2025/04/22,1274.0,1365.0,1269.5,1351.0,609800,-1.0,-1.0,-1.0
2025/04/23,1350.0,1360.0,1317.0,1360.0,357600,-1.0,-1.0,-1.0
2025/04/24,1361.5,1372.5,1337.0,1368.0,242800,-1.0,-1.0,-1.0
2025/04/25,1370.0,1381.0,1361.0,1366.5,153000,-1.0,-1.0,-1.0
2025/04/28,1364.0,1394.0,1364.0,1385.0,252600,-1.0,-1.0,-1.0
2025/04/30,1385.0,1388.5,1370.0,1388.5,139800,-1.0,-1.0,-1.0
2025/05/01,1380.0,1380.0,1360.5,1362.0,83200,-1.0,-1.0,-1.0
2025/05/02,1355.5,1365.5,1333.5,1349.5,151800,-1.0,-1.0,-1.0
2025/05/07,1353.0,1376.0,1347.0,1374.5,224800,-1.0,-1.0,-1.0
2025/05/08,1374.5,1380.5,1354.0,1378.0,92200,-1.0,-1.0,-1.0
2025/05/09,1381.0,1417.0,1378.5,1413.5,245800,-1.0,-1.0,-1.0
2025/05/12,1417.0,1455.0,1411.0,1430.5,329000,-1.0,-1.0,-1.0
2025/05/13,1421.0,1449.5,1320.0,1328.0,438000,-1.0,-1.0,-1.0
2025/05/14,1336.0,1341.0,1285.5,1332.0,284200,-1.0,-1.0,-1.0
2025/05/15,1318.0,1344.5,1316.0,1328.0,108800,-1.0,-1.0,-1.0
2025/05/16,1328.0,1355.5,1310.0,1342.0,141600,-1.0,-1.0,-1.0
2025/05/19,1334.5,1356.0,1333.5,1351.5,84200,-1.0,-1.0,-1.0
2025/05/20,1361.0,1372.0,1326.5,1326.5,140400,-1.0,-1.0,-1.0
2025/05/21,1330.0,1333.5,1316.5,1326.5,66200,-1.0,-1.0,-1.0
2025/05/22,1313.0,1328.5,1310.0,1325.5,84200,-1.0,-1.0,-1.0
2025/05/23,1327.5,1338.0,1325.0,1333.5,69200,-1.0,-1.0,-1.0
2025/05/26,1327.5,1338.0,1327.5,1330.0,41200,-1.0,-1.0,-1.0
2025/05/27,1330.5,1332.0,1321.0,1323.5,36400,-1.0,-1.0,-1.0
2025/05/28,1334.5,1339.5,1328.5,1329.5,55200,-1.0,-1.0,-1.0
2025/05/29,1342.0,1346.0,1333.0,1340.0,58000,-1.0,-1.0,-1.0
2025/05/30,1328.5,1346.5,1328.5,1339.0,53600,-1.0,-1.0,-1.0
2025/06/02,1335.5,1355.0,1334.0,1350.0,73400,-1.0,-1.0,-1.0
2025/06/03,1352.0,1352.5,1340.5,1345.0,51200,-1.0,-1.0,-1.0
2025/06/04,1355.0,1371.0,1354.5,1364.5,63400,-1.0,-1.0,-1.0
2025/06/05,1364.0,1378.5,1355.5,1362.0,79200,-1.0,-1.0,-1.0
2025/06/06,1357.0,1385.0,1357.0,1385.0,60600,-1.0,-1.0,-1.0
2025/06/09,1386.0,1393.5,1380.5,1393.5,78200,-1.0,-1.0,-1.0
2025/06/10,1397.5,1411.5,1393.0,1394.5,77400,-1.0,-1.0,-1.0
2025/06/11,1399.0,1399.0,1384.5,1393.0,65200,-1.0,-1.0,-1.0
2025/06/12,1383.5,1395.0,1381.0,1395.0,41000,-1.0,-1.0,-1.0
2025/06/13,1395.0,1395.5,1375.0,1384.0,73200,-1.0,-1.0,-1.0
2025/06/16,1398.5,1400.0,1385.5,1388.0,61200,-1.0,-1.0,-1.0
2025/06/17,1399.5,1399.5,1387.0,1389.5,31800,-1.0,-1.0,-1.0
2025/06/18,1387.5,1435.0,1387.5,1410.0,114400,-1.0,-1.0,-1.0
2025/06/19,1410.0,1425.0,1408.5,1425.0,45600,-1.0,-1.0,-1.0
2025/06/20,1437.5,1438.5,1412.5,1412.5,132000,-1.0,-1.0,-1.0
2025/06/23,1411.0,1439.5,1411.0,1432.5,73600,-1.0,-1.0,-1.0
2025/06/24,1445.0,1449.5,1426.0,1445.0,92200,-1.0,-1.0,-1.0
2025/06/25,1445.5,1445.5,1426.0,1426.0,65200,-1.0,-1.0,-1.0
2025/06/26,1426.5,1429.5,1416.5,1425.0,64400,-1.0,-1.0,-1.0
2025/06/27,1428.0,1441.5,1418.0,1437.5,101200,-1.0,-1.0,-1.0
2025/06/30,1441.0,1451.5,1437.0,1444.0,54400,-1.0,-1.0,-1.0
2025/07/01,1439.0,1461.5,1439.0,1444.5,61000,-1.0,-1.0,-1.0
2025/07/02,1444.5,1464.0,1427.5,1453.5,65200,-1.0,-1.0,-1.0
2025/07/03,1444.0,1447.0,1428.0,1447.0,71800,-1.0,-1.0,-1.0
2025/07/04,1447.0,1462.0,1446.0,1457.0,60600,-1.0,-1.0,-1.0
2025/07/07,1446.5,1482.5,1431.5,1481.0,111800,-1.0,-1.0,-1.0
2025/07/08,1481.0,1486.0,1475.0,1482.0,81000,-1.0,-1.0,-1.0
2025/07/09,1485.0,1499.5,1481.5,1495.0,87200,-1.0,-1.0,-1.0
2025/07/10,1497.5,1500.0,1482.0,1493.5,114800,-1.0,-1.0,-1.0
2025/07/11,1500.0,1522.5,1496.0,1507.5,159400,-1.0,-1.0,-1.0
2025/07/14,1510.0,1527.5,1510.0,1527.5,77200,-1.0,-1.0,-1.0
2025/07/15,1520.0,1530.0,1505.0,1505.0,69600,-1.0,-1.0,-1.0
2025/07/16,1510.0,1535.0,1502.5,1507.5,61800,-1.0,-1.0,-1.0
2025/07/17,1507.5,1517.5,1499.5,1517.5,61600,-1.0,-1.0,-1.0
2025/07/18,1510.0,1535.0,1510.0,1530.0,82600,-1.0,-1.0,-1.0
2025/07/22,1530.0,1532.5,1500.0,1522.5,56600,-1.0,-1.0,-1.0
2025/07/23,1527.5,1535.0,1507.5,1507.5,96800,-1.0,-1.0,-1.0
2025/07/24,1512.5,1532.5,1502.5,1517.5,128200,-1.0,-1.0,-1.0
2025/07/25,1525.0,1545.0,1515.0,1540.0,126400,-1.0,-1.0,-1.0
2025/07/28,1547.5,1562.5,1540.0,1542.5,102800,-1.0,-1.0,-1.0
2025/07/29,1532.5,1542.5,1522.5,1530.0,55000,-1.0,-1.0,-1.0
2025/07/30,1525.0,1547.5,1525.0,1547.5,47200,-1.0,-1.0,-1.0
2025/07/31,1545.0,1585.0,1542.5,1575.0,85400,-1.0,-1.0,-1.0
2025/08/01,1575.0,1627.5,1575.0,1627.5,129200,-1.0,-1.0,-1.0
2025/08/04,1595.0,1627.5,1595.0,1627.5,69200,-1.0,-1.0,-1.0
2025/08/05,1627.5,1637.5,1615.0,1630.0,46800,-1.0,-1.0,-1.0
2025/08/06,1645.0,1700.0,1645.0,1700.0,153000,-1.0,-1.0,-1.0
2025/08/07,1715.0,1800.0,1677.5,1710.0,600600,-1.0,-1.0,-1.0
2025/08/08,1710.0,1715.0,1665.0,1675.0,223200,-1.0,-1.0,-1.0
2025/08/12,1672.5,1685.0,1657.5,1667.5,146000,-1.0,-1.0,-1.0
2025/08/13,1667.5,1692.5,1667.5,1672.5,97800,-1.0,-1.0,-1.0
2025/08/14,1667.5,1677.5,1645.0,1672.5,75600,-1.0,-1.0,-1.0
2025/08/15,1687.5,1690.0,1665.0,1670.0,75800,-1.0,-1.0,-1.0
2025/08/18,1672.5,1692.5,1665.0,1675.0,66400,-1.0,-1.0,-1.0
2025/08/19,1675.0,1685.0,1672.5,1672.5,43800,-1.0,-1.0,-1.0
2025/08/20,1672.5,1682.5,1657.5,1675.0,60600,-1.0,-1.0,-1.0
2025/08/21,1682.5,1687.5,1670.0,1685.0,30800,-1.0,-1.0,-1.0
2025/08/22,1690.0,1697.5,1680.0,1690.0,40200,-1.0,-1.0,-1.0
2025/08/25,1697.5,1697.5,1672.5,1680.0,79600,-1.0,-1.0,-1.0
2025/08/26,1680.0,1685.0,1672.5,1677.5,60800,-1.0,-1.0,-1.0
2025/08/27,1675.0,1687.5,1667.5,1677.5,52200,-1.0,-1.0,-1.0
2025/08/28,1680.0,1685.0,1670.0,1670.0,47000,-1.0,-1.0,-1.0
2025/08/29,1670.0,1687.5,1660.0,1687.5,83600,-1.0,-1.0,-1.0
2025/09/01,1685.0,1720.0,1680.0,1720.0,80000,-1.0,-1.0,-1.0
2025/09/02,1740.0,1745.0,1695.0,1705.0,66800,-1.0,-1.0,-1.0
2025/09/03,1705.0,1722.5,1695.0,1705.0,52600,-1.0,-1.0,-1.0
2025/09/04,1707.5,1735.0,1700.0,1735.0,47800,-1.0,-1.0,-1.0
2025/09/05,1742.5,1752.5,1727.5,1750.0,78800,-1.0,-1.0,-1.0
2025/09/08,1745.0,1762.5,1745.0,1750.0,46800,-1.0,-1.0,-1.0
2025/09/09,1750.0,1757.5,1740.0,1747.5,52800,-1.0,-1.0,-1.0
2025/09/10,1755.0,1765.0,1750.0,1762.5,55600,-1.0,-1.0,-1.0
2025/09/11,1770.0,1772.5,1752.5,1752.5,31600,-1.0,-1.0,-1.0
2025/09/12,1752.5,1760.0,1742.5,1742.5,82000,-1.0,-1.0,-1.0
2025/09/16,1745.0,1762.5,1732.5,1755.0,65800,-1.0,-1.0,-1.0
2025/09/17,1750.0,1755.0,1735.0,1737.5,72200,-1.0,-1.0,-1.0
2025/09/18,1737.5,1755.0,1722.5,1735.0,62600,-1.0,-1.0,-1.0
2025/09/19,1750.0,1772.5,1722.5,1752.5,258400,-1.0,-1.0,-1.0
2025/09/22,1757.5,1787.5,1757.5,1770.0,71800,-1.0,-1.0,-1.0
2025/09/24,1782.5,1792.5,1765.0,1782.5,117200,-1.0,-1.0,-1.0
2025/09/25,1790.0,1790.0,1760.0,1765.0,63400,-1.0,-1.0,-1.0
2025/09/26,1762.5,1795.0,1762.5,1785.0,71000,-1.0,-1.0,-1.0
2025/09/29,1787.5,1790.0,1765.0,1777.5,50200,-1.0,-1.0,-1.0
2025/09/30,1765.0,1775.0,1742.5,1757.5,92000,-1.0,-1.0,-1.0
2025/10/01,1767.5,1767.5,1707.5,1712.5,112400,-1.0,-1.0,-1.0
2025/10/02,1712.5,1715.0,1687.5,1687.5,87600,-1.0,-1.0,-1.0
2025/10/03,1682.5,1717.5,1675.0,1715.0,82800,-1.0,-1.0,-1.0
2025/10/06,1750.0,1777.5,1730.0,1760.0,154200,-1.0,-1.0,-1.0
2025/10/07,1760.0,1782.5,1750.0,1772.5,72400,-1.0,-1.0,-1.0
2025/10/08,1772.5,1800.0,1760.0,1770.0,129600,-1.0,-1.0,-1.0
2025/10/09,1772.5,1787.5,1757.5,1770.0,72200,-1.0,-1.0,-1.0
2025/10/10,1752.5,1752.5,1705.0,1712.5,107200,-1.0,-1.0,-1.0
2025/10/14,1702.5,1725.0,1680.0,1710.0,150800,-1.0,-1.0,-1.0
2025/10/15,1725.0,1775.0,1717.5,1767.5,64800,-1.0,-1.0,-1.0
2025/10/16,1780.0,1795.0,1772.5,1792.5,93800,-1.0,-1.0,-1.0
2025/10/17,1795.0,1800.0,1765.0,1800.0,128000,-1.0,-1.0,-1.0
2025/10/20,1822.5,1835.0,1807.5,1832.5,95800,-1.0,-1.0,-1.0
2025/10/21,1830.0,1835.0,1805.0,1810.0,95600,-1.0,-1.0,-1.0
2025/10/22,1800.0,1842.5,1795.0,1832.5,105000,-1.0,-1.0,-1.0
2025/10/23,1820.0,1840.0,1817.5,1835.0,100600,-1.0,-1.0,-1.0
2025/10/24,1842.5,1847.5,1820.0,1847.5,82000,-1.0,-1.0,-1.0
2025/10/27,1855.0,1875.0,1845.0,1855.0,137000,-1.0,-1.0,-1.0
2025/10/28,1855.0,1855.0,1782.5,1787.5,157600,-1.0,-1.0,-1.0
2025/10/29,1797.5,1820.0,1790.0,1802.5,131000,-1.0,-1.0,-1.0
2025/10/30,1810.0,1842.5,1795.0,1835.0,119800,-1.0,-1.0,-1.0
2025/10/31,1842.5,1845.0,1827.5,1845.0,87000,-1.0,-1.0,-1.0
2025/11/04,1860.0,1890.0,1835.0,1872.5,139200,-1.0,-1.0,-1.0
2025/11/05,1862.5,1890.0,1812.5,1887.5,151000,-1.0,-1.0,-1.0
2025/11/06,1887.5,1927.5,1877.5,1900.0,131800,-1.0,-1.0,-1.0
2025/11/07,1887.5,1895.0,1867.5,1890.0,71000,-1.0,-1.0,-1.0
2025/11/10,1907.5,1930.0,1900.0,1927.5,90000,-1.0,-1.0,-1.0
2025/11/11,1917.5,1925.0,1890.0,1920.0,135200,-1.0,-1.0,-1.0
2025/11/12,1922.5,1952.5,1917.5,1947.5,136600,-1.0,-1.0,-1.0
2025/11/13,1947.5,2032.5,1927.5,1980.0,692000,-1.0,-1.0,-1.0
2025/11/14,1985.0,1997.5,1937.5,1985.0,361200,-1.0,-1.0,-1.0
2025/11/17,1990.0,1992.5,1920.0,1940.0,211800,-1.0,-1.0,-1.0
2025/11/18,1932.5,1942.5,1880.0,1905.0,160400,-1.0,-1.0,-1.0
2025/11/19,1905.0,1927.5,1892.5,1902.5,88200,-1.0,-1.0,-1.0
2025/11/20,1925.0,1945.0,1912.5,1912.5,82400,-1.0,-1.0,-1.0
2025/11/21,1900.0,1990.0,1895.0,1990.0,179400,-1.0,-1.0,-1.0
2025/11/25,2000.0,2005.0,1967.5,1985.0,81200,-1.0,-1.0,-1.0
2025/11/26,1990.0,2042.5,1990.0,2042.5,127600,-1.0,-1.0,-1.0
2025/11/27,2042.5,2057.5,2032.5,2055.0,126600,-1.0,-1.0,-1.0
2025/11/28,2050.0,2125.0,2050.0,2112.5,141800,-1.0,-1.0,-1.0
2025/12/01,2122.5,2122.5,2032.5,2037.5,121800,-1.0,-1.0,-1.0
2025/12/02,2027.5,2032.5,1980.0,2002.5,160200,-1.0,-1.0,-1.0
2025/12/03,2000.0,2020.0,1992.5,2010.0,86200,-1.0,-1.0,-1.0
2025/12/04,2012.5,2042.5,2005.0,2037.5,92400,-1.0,-1.0,-1.0
2025/12/05,2037.5,2057.5,2012.5,2025.0,72200,-1.0,-1.0,-1.0
2025/12/08,2045.0,2082.5,2037.5,2077.5,100600,-1.0,-1.0,-1.0
2025/12/09,2087.5,2100.0,2040.0,2045.0,55200,-1.0,-1.0,-1.0
2025/12/10,2055.0,2070.0,2027.5,2050.0,91000,-1.0,-1.0,-1.0
2025/12/11,2050.0,2050.0,2005.0,2005.0,82000,-1.0,-1.0,-1.0
2025/12/12,2040.0,2055.0,2030.0,2055.0,76000,-1.0,-1.0,-1.0
2025/12/15,2047.5,2075.0,2027.5,2055.0,78000,-1.0,-1.0,-1.0
2025/12/16,2072.5,2072.5,2035.0,2050.0,67000,-1.0,-1.0,-1.0
2025/12/17,2065.0,2097.5,2040.0,2077.5,152600,-1.0,-1.0,-1.0
2025/12/18,2085.0,2122.5,2070.0,2122.5,171400,-1.0,-1.0,-1.0
2025/12/19,2125.0,2200.0,2115.0,2185.0,245800,-1.0,-1.0,-1.0
2025/12/22,2200.0,2245.0,2182.5,2230.0,296400,-1.0,-1.0,-1.0
2025/12/23,2232.5,2250.0,2222.5,2235.0,167200,-1.0,-1.0,-1.0
2025/12/24,2232.5,2252.5,2225.0,2225.0,122400,-1.0,-1.0,-1.0
2025/12/25,2235.0,2250.0,2222.5,2250.0,102800,-1.0,-1.0,-1.0
2025/12/26,2250.0,2250.0,2230.0,2247.5,89000,-1.0,-1.0,-1.0
2025/12/29,2250.0,2270.0,2212.5,2237.5,197000,-1.0,-1.0,-1.0
2025/12/30,2237.5,2290.0,2227.5,2272.5,193600,-1.0,-1.0,-1.0
2026/01/05,2290.0,2325.0,2267.5,2312.5,196000,-1.0,-1.0,-1.0
2026/01/06,2317.5,2365.0,2307.5,2340.0,157400,-1.0,-1.0,-1.0
2026/01/07,2342.5,2375.0,2325.0,2355.0,151800,-1.0,-1.0,-1.0
2026/01/08,2372.5,2420.0,2355.0,2375.0,193200,-1.0,-1.0,-1.0
2026/01/09,2390.0,2430.0,2375.0,2425.0,224600,-1.0,-1.0,-1.0
2026/01/13,2530.0,2535.0,2475.0,2495.0,252400,-1.0,-1.0,-1.0
2026/01/14,2520.0,2570.0,2505.0,2570.0,219600,-1.0,-1.0,-1.0
2026/01/15,2555.0,2585.0,2540.0,2560.0,184000,-1.0,-1.0,-1.0
2026/01/16,2555.0,2560.0,2482.5,2550.0,241200,-1.0,-1.0,-1.0
2026/01/19,2575.0,2595.0,2525.0,2580.0,181600,-1.0,-1.0,-1.0
2026/01/20,2580.0,2595.0,2535.0,2545.0,150600,-1.0,-1.0,-1.0
2026/01/21,2505.0,2570.0,2492.5,2550.0,176200,-1.0,-1.0,-1.0
2026/01/22,2565.0,2575.0,2525.0,2570.0,167600,-1.0,-1.0,-1.0
2026/01/23,2570.0,2590.0,2550.0,2565.0,107000,-1.0,-1.0,-1.0
2026/01/26,2530.0,2545.0,2467.5,2467.5,208000,-1.0,-1.0,-1.0
2026/01/27,2467.5,2495.0,2435.0,2487.5,200000,-1.0,-1.0,-1.0
2026/01/28,2452.5,2452.5,2415.0,2417.5,191400,-1.0,-1.0,-1.0
2026/01/29,2417.5,2435.0,2372.5,2427.5,174600,-1.0,-1.0,-1.0
2026/01/30,2422.5,2440.0,2387.5,2430.0,136600,-1.0,-1.0,-1.0
2026/02/02,2465.0,2535.0,2452.5,2492.5,225200,-1.0,-1.0,-1.0
2026/02/03,2530.0,2565.0,2510.0,2510.0,166400,-1.0,-1.0,-1.0
2026/02/04,2510.0,2620.0,2500.0,2610.0,306200,-1.0,-1.0,-1.0
2026/02/05,2625.0,2640.0,2575.0,2605.0,151400,-1.0,-1.0,-1.0
2026/02/06,2610.0,2710.0,2600.0,2710.0,219400,-1.0,-1.0,-1.0
2026/02/09,2775.0,2775.0,2720.0,2765.0,240200,-1.0,-1.0,-1.0
2026/02/10,2790.0,2840.0,2785.0,2830.0,203400,-1.0,-1.0,-1.0
2026/02/12,2830.0,2920.0,2810.0,2865.0,287400,-1.0,-1.0,-1.0
2026/02/13,2815.0,2850.0,2365.0,2365.0,569600,-1.0,-1.0,-1.0
2026/02/16,2335.0,2420.0,2290.0,2367.5,866400,-1.0,-1.0,-1.0
2026/02/17,2367.5,2420.0,2342.5,2375.0,338000,-1.0,-1.0,-1.0
2026/02/18,2425.0,2425.0,2375.0,2400.0,249400,-1.0,-1.0,-1.0
2026/02/19,2417.5,2420.0,2362.5,2365.0,290600,-1.0,-1.0,-1.0
2026/02/20,2360.0,2365.0,2330.0,2355.0,210400,-1.0,-1.0,-1.0
2026/02/24,2357.5,2372.5,2320.0,2355.0,178400,-1.0,-1.0,-1.0
2026/02/25,2357.5,2390.0,2330.0,2387.5,198800,-1.0,-1.0,-1.0
2026/02/26,2392.5,2445.0,2390.0,2432.5,276800,-1.0,-1.0,-1.0
2026/02/27,2435.0,2550.0,2435.0,2545.0,311600,-1.0,-1.0,-1.0
2026/03/02,2425.0,2497.5,2405.0,2472.5,304600,-1.0,-1.0,-1.0
2026/03/02,2425.0,2497.5,2405.0,2472.5,304600,-1.0,-1.0,-1.0
2026/03/02,2425.0,2497.5,2405.0,2472.5,304600,-1.0,-1.0,-1.0
2026/03/02,2425.0,2497.5,2405.0,2472.5,304600,-1.0,-1.0,-1.0
2026/03/03,2452.5,2505.0,2395.0,2395.0,292800,-1.0,-1.0,-1.0
2026/03/04,2327.5,2352.5,2220.0,2282.5,386800,-1.0,-1.0,-1.0
2026/03/05,2367.5,2390.0,2310.0,2332.5,275800,-1.0,-1.0,-1.0
2026/03/06,2297.5,2315.0,2262.5,2300.0,171600,-1.0,-1.0,-1.0
2026/03/09,2165.0,2197.5,2127.5,2190.0,406200,-1.0,-1.0,-1.0
2026/03/10,2225.0,2285.0,2222.5,2260.0,235000,-1.0,-1.0,-1.0
2026/03/11,2307.5,2325.0,2275.0,2275.0,175200,-1.0,-1.0,-1.0
2026/03/12,2252.5,2275.0,2210.0,2220.0,167800,-1.0,-1.0,-1.0
2026/03/13,2185.0,2232.5,2180.0,2215.0,193200,-1.0,-1.0,-1.0
2026/03/16,2205.0,2242.5,2195.0,2217.5,169400,-1.0,-1.0,-1.0
2026/03/17,2252.5,2375.0,2232.5,2320.0,531200,-1.0,-1.0,-1.0
2026/03/18,2350.0,2450.0,2330.0,2442.5,426400,-1.0,-1.0,-1.0
2026/03/19,2375.0,2382.5,2320.0,2320.0,283600,-1.0,-1.0,-1.0
2026/03/23,2300.0,2300.0,2205.0,2215.0,295400,-1.0,-1.0,-1.0
2026/03/24,2285.0,2305.0,2250.0,2280.0,165200,-1.0,-1.0,-1.0
2026/03/25,2345.0,2397.5,2335.0,2380.0,208400,-1.0,-1.0,-1.0
2026/03/26,2397.5,2397.5,2332.5,2352.5,151600,-1.0,-1.0,-1.0
2026/03/27,2325.0,2377.5,2320.0,2355.0,372000,-1.0,-1.0,-1.0
2026/03/30,2175.0,2272.5,2170.0,2272.5,266000,-1.0,-1.0,-1.0
2026/03/31,2220.0,2325.0,2195.0,2295.0,331600,-1.0,-1.0,-1.0
2026/04/01,2325.0,2402.5,2315.0,2397.5,343800,-1.0,-1.0,-1.0
2026/04/02,2395.0,2452.5,2362.5,2372.5,305800,-1.0,-1.0,-1.0
2026/04/03,2400.0,2417.5,2372.5,2395.0,114000,-1.0,-1.0,-1.0
2026/04/06,2382.5,2432.5,2382.5,2410.0,117800,-1.0,-1.0,-1.0
2026/04/07,2430.0,2447.5,2390.0,2437.5,161800,-1.0,-1.0,-1.0
2026/04/08,2495.0,2510.0,2457.5,2482.5,226600,-1.0,-1.0,-1.0
2026/04/09,2485.0,2492.5,2447.5,2460.0,123200,-1.0,-1.0,-1.0
2026/04/10,2470.0,2477.5,2380.0,2410.0,169800,-1.0,-1.0,-1.0
2026/04/13,2390.0,2422.5,2330.0,2355.0,148400,-1.0,-1.0,-1.0
2026/04/14,2385.0,2395.0,2362.5,2382.5,144800,-1.0,-1.0,-1.0
2026/04/15,2397.5,2420.0,2365.0,2375.0,158200,-1.0,-1.0,-1.0
2026/04/16,2355.0,2397.5,2342.5,2385.0,127800,-1.0,-1.0,-1.0
2026/04/17,2370.0,2377.5,2335.0,2357.5,162000,-1.0,-1.0,-1.0
2026/04/20,2357.5,2392.5,2345.0,2387.5,91800,-1.0,-1.0,-1.0
2026/04/21,2405.0,2440.0,2390.0,2432.5,159400,-1.0,-1.0,-1.0
2026/04/22,2450.0,2490.0,2435.0,2482.5,264400,-1.0,-1.0,-1.0
2026/04/23,2500.0,2530.0,2412.5,2435.0,354200,-1.0,-1.0,-1.0
2026/04/24,2445.0,2455.0,2397.5,2405.0,232400,-1.0,-1.0,-1.0
2026/04/27,2397.5,2455.0,2367.5,2437.5,195000,-1.0,-1.0,-1.0
2026/04/28,2440.0,2510.0,2440.0,2490.0,230400,-1.0,-1.0,-1.0
2026/04/30,2455.0,2457.5,2405.0,2435.0,187400,-1.0,-1.0,-1.0
2026/05/01,2470.0,2515.0,2417.5,2472.5,155400,-1.0,-1.0,-1.0
2026/05/07,2510.0,2540.0,2492.5,2492.5,142200,-1.0,-1.0,-1.0
2026/05/08,2477.5,2497.5,2425.0,2467.5,146000,-1.0,-1.0,-1.0
2026/05/11,2462.5,2495.0,2455.0,2487.5,102800,-1.0,-1.0,-1.0
2026/05/12,2510.0,2565.0,2497.5,2505.0,245400,-1.0,-1.0,-1.0
2026/05/13,2510.0,2520.0,2460.0,2477.5,166000,-1.0,-1.0,-1.0
2026/05/14,2457.5,2565.0,2332.5,2482.5,601400,-1.0,-1.0,-1.0
2026/05/15,2485.0,2550.0,2375.0,2405.0,394200,-1.0,-1.0,-1.0
2026/05/18,2382.5,2407.5,2305.0,2365.0,246000,-1.0,-1.0,-1.0
2026/05/19,2370.0,2422.5,2357.5,2385.0,221800,-1.0,-1.0,-1.0
2026/05/20,2375.0,2375.0,2240.0,2307.5,271600,-1.0,-1.0,-1.0
2026/05/21,2342.5,2352.5,2315.0,2322.5,132800,-1.0,-1.0,-1.0
2026/05/22,2340.0,2352.5,2312.5,2335.0,111000,-1.0,-1.0,-1.0
2026/05/25,2362.5,2400.0,2310.0,2310.0,176200,-1.0,-1.0,-1.0
2026/05/26,2300.0,2322.5,2242.5,2307.5,210800,-1.0,-1.0,-1.0
2026/05/27,2340.0,2367.5,2312.5,2325.0,166600,-1.0,-1.0,-1.0
2026/05/28,2325.0,2365.0,2302.5,2342.5,122000,-1.0,-1.0,-1.0
2026/05/29,2342.5,2347.5,2295.0,2295.0,109800,-1.0,-1.0,-1.0
2026/06/01,2290.0,2312.5,2235.0,2257.5,234600,-1.0,-1.0,-1.0
2026/06/02,2207.5,2207.5,2100.0,2137.5,267600,-1.0,-1.0,-1.0
2026/06/03,2137.5,2177.5,2122.5,2165.0,154200,-1.0,-1.0,-1.0
2026/06/04,2145.0,2157.5,2092.5,2092.5,200400,-1.0,-1.0,-1.0
2026/06/05,2092.5,2157.5,2092.5,2150.0,149200,-1.0,-1.0,-1.0
2026/06/08,2115.0,2137.5,2090.0,2132.5,198800,-1.0,-1.0,-1.0
2026/06/09,2152.5,2192.5,2130.0,2140.0,125800,-1.0,-1.0,-1.0
2026/06/10,2125.0,2165.0,2125.0,2157.5,94400,-1.0,-1.0,-1.0
2026/06/11,2130.0,2152.5,2102.5,2142.5,104400,-1.0,-1.0,-1.0
2026/06/12,2165.0,2192.5,2152.5,2162.5,114000,-1.0,-1.0,-1.0
2026/06/15,2232.5,2302.5,2232.5,2285.0,151800,-1.0,-1.0,-1.0
2026/06/16,2285.0,2292.5,2230.0,2232.5,125400,-1.0,-1.0,-1.0
2026/06/17,2230.0,2292.5,2230.0,2247.5,82600,-1.0,-1.0,-1.0
2026/06/18,2255.0,2360.0,2255.0,2307.5,182800,-1.0,-1.0,-1.0
2026/06/19,2312.5,2350.0,2260.0,2275.0,139000,-1.0,-1.0,-1.0
2026/06/22,2270.0,2302.5,2252.5,2300.0,99800,-1.0,-1.0,-1.0
2026/06/23,2282.5,2297.5,2232.5,2232.5,80600,-1.0,-1.0,-1.0
2026/06/24,2230.0,2252.5,2187.5,2192.5,91400,-1.0,-1.0,-1.0
2026/06/25,2222.5,2222.5,2172.5,2172.5,87800,-1.0,-1.0,-1.0
2026/06/26,2172.5,2202.5,2160.0,2195.0,127400,-1.0,-1.0,-1.0
2026/06/29,2217.5,2245.0,2167.5,2210.0,133200,-1.0,-1.0,-1.0
2026/06/30,2240.0,2240.0,2172.5,2175.0,120200,-1.0,-1.0,-1.0
2026/07/01,2200.0,2225.0,2200.0,2207.5,73400,-1.0,-1.0,-1.0
2026/07/02,2215.0,2242.5,2192.5,2202.5,84600,-1.0,-1.0,-1.0
2026/07/03,2212.5,2252.5,2212.5,2230.0,112400,-1.0,-1.0,-1.0
2026/07/06,2247.5,2305.0,2242.5,2260.0,99800,-1.0,-1.0,-1.0
2026/07/07,2295.0,2375.0,2290.0,2357.5,192400,-1.0,-1.0,-1.0
2026/07/08,2340.0,2340.0,2272.5,2295.0,200000,-1.0,-1.0,-1.0
2026/07/09,2272.5,2287.5,2245.0,2265.0,144200,-1.0,-1.0,-1.0
2026/07/10,2297.5,2297.5,2252.5,2260.0,112600,-1.0,-1.0,-1.0
2026/07/13,2272.5,2285.0,2202.5,2207.5,181200,-1.0,-1.0,-1.0
2026/07/14,2212.5,2312.5,2205.0,2290.0,218600,-1.0,-1.0,-1.0
2026/07/15,2360.0,2405.0,2267.5,2332.5,323000,-1.0,-1.0,-1.0
2026/07/16,2325.0,2342.5,2272.5,2290.0,200800,-1.0,-1.0,-1.0
2026/07/17,2267.5,2285.0,2170.0,2192.5,311600,-1.0,-1.0,-1.0
2026/07/21,2205.0,2270.0,2205.0,2250.0,213600,-1.0,-1.0,-1.0
2026/07/22,2245.0,2287.5,2245.0,2252.5,164400,-1.0,-1.0,-1.0
2026/07/23,2252.5,2292.5,2245.0,2257.5,158800,-1.0,-1.0,-1.0
2026/07/24,2247.5,2257.5,2222.5,2250.0,173400,-1.0,-1.0,-1.0
2026/07/27,2275.0,2287.5,2240.0,2280.0,144200,-1.0,-1.0,-1.0
2026/07/28,2277.5,2277.5,2202.5,2227.5,230400,-1.0,-1.0,-1.0
2026/07/29,2255.0,2255.0,2162.5,2200.0,292200,-1.0,-1.0,-1.0
2026/07/30,2175.0,2207.5,2142.5,2187.5,222800,-1.0,-1.0,-1.0
2026/07/31,2215.0,2235.0,2177.5,2200.0,131400,-1.0,-1.0,-1.0
2026/08/03,2197.5,2197.5,2132.5,2185.0,259800,-1.0,-1.0,-1.0
2026/08/04,2167.5,2225.0,2167.5,2222.5,163800,-1.0,-1.0,-1.0
2026/08/05,2235.0,2262.5,2225.0,2237.5,156000,-1.0,-1.0,-1.0
2026/08/06,2252.5,2282.5,2130.0,2140.0,522000,-1.0,-1.0,-1.0
2026/08/07,2175.0,2187.5,2122.5,2132.5,370800,-1.0,-1.0,-1.0
2026/08/10,2120.0,2137.5,2095.0,2112.5,255000,-1.0,-1.0,-1.0
2026/08/12,2110.0,2122.5,2105.0,2110.0,223800,-1.0,-1.0,-1.0
2026/08/13,2130.0,2162.5,2122.5,2150.0,241400,-1.0,-1.0,-1.0
2026/08/14,2140.0,2180.0,2132.5,2172.5,144800,-1.0,-1.0,-1.0
2026/08/17,2175.0,2230.0,2170.0,2227.5,250200,-1.0,-1.0,-1.0
2026/08/18,2225.0,2225.0,2180.0,2182.5,168400,-1.0,-1.0,-1.0
2026/08/19,2172.5,2172.5,2107.5,2120.0,335600,-1.0,-1.0,-1.0
2026/08/20,2125.0,2175.0,2125.0,2170.0,119000,-1.0,-1.0,-1.0
2026/08/21,2137.5,2177.5,2135.0,2177.5,85400,-1.0,-1.0,-1.0
2026/08/24,2177.5,2227.5,2172.5,2220.0,157000,-1.0,-1.0,-1.0
2026/08/25,2200.0,2237.5,2197.5,2225.0,145000,-1.0,-1.0,-1.0
2026/08/26,2225.0,2280.0,2220.0,2275.0,194000,-1.0,-1.0,-1.0
2026/08/27,2260.0,2292.5,2252.5,2275.0,163400,-1.0,-1.0,-1.0
2026/08/28,2275.0,2307.5,2257.5,2287.5,217400,-1.0,-1.0,-1.0
2026/08/31,2285.0,2290.0,2260.0,2275.0,115000,-1.0,-1.0,-1.0
2026/09/01,2255.0,2302.5,2240.0,2302.5,155600,-1.0,-1.0,-1.0
2026/09/02,2270.0,2290.0,2225.0,2232.5,230000,-1.0,-1.0,-1.0
2026/09/03,2252.5,2260.0,2230.0,2247.5,209800,-1.0,-1.0,-1.0
2026/09/04,2247.5,2252.5,2222.5,2235.0,141400,-1.0,-1.0,-1.0
2026/09/07,2250.0,2260.0,2237.5,2247.5,108600,-1.0,-1.0,-1.0
2026/09/08,2247.5,2282.5,2227.5,2245.0,184600,-1.0,-1.0,-1.0
2026/09/09,2250.0,2282.5,2237.5,2282.5,171000,-1.0,-1.0,-1.0
2026/09/10,2262.5,2282.5,2227.5,2240.0,134200,-1.0,-1.0,-1.0
2026/09/11,2205.0,2255.0,2192.5,2210.0,202800,-1.0,-1.0,-1.0
2026/09/14,2217.5,2242.5,2212.5,2227.5,86000,-1.0,-1.0,-1.0
2026/09/15,2237.5,2242.5,2217.5,2235.0,94400,-1.0,-1.0,-1.0
2026/09/16,2250.0,2295.0,2250.0,2260.0,118800,-1.0,-1.0,-1.0
2026/09/17,2260.0,2287.5,2260.0,2285.0,87600,-1.0,-1.0,-1.0
2026/09/18,2292.5,2300.0,2260.0,2262.5,136600,-1.0,-1.0,-1.0
2026/09/24,2285.0,2287.5,2265.0,2270.0,164400,-1.0,-1.0,-1.0
2026/09/25,2275.0,2292.5,2265.0,2282.5,139000,-1.0,-1.0,-1.0
2026/09/28,4610.0,4620.0,4565.0,4565.0,77100,-1.0,-1.0,-1.0
2026/09/29,2281.0,2284.0,2207.0,2218.0,212300,-1.0,-1.0,-1.0
2026/09/30,2229.0,2286.0,2228.0,2272.0,154800,-1.0,-1.0,-1.0
2026/10/01,2270.0,2297.0,2253.0,2297.0,154200,-1.0,-1.0,-1.0
2026/10/02,2288.0,2303.0,2261.0,2270.0,146100,-1.0,-1.0,-1.0
2026/10/05,2264.0,2265.0,2211.0,2220.0,241100,-1.0,-1.0,-1.0
2026/10/06,2222.0,2234.0,2205.0,2231.0,189800,-1.0,-1.0,-1.0
2026/10/07,2218.0,2233.0,2190.0,2190.0,177000,-1.0,-1.0,-1.0
