date,open,high,low,close,volume,rs_nikkei,rs_topix,rs
2014/03/24,1050.0,1058.0,1022.6666666666666,1024.6666666666665,6384000,-1.0,-1.0,-1.0
2014/03/25,978.0,1012.0,977.3333333333333,1002.6666666666666,6972000,-1.0,-1.0,-1.0
2014/03/26,1017.3333333333333,1032.0,1000.6666666666666,1023.3333333333333,8166000,-1.0,-1.0,-1.0
2014/03/27,1010.6666666666666,1022.0,996.6666666666666,1017.3333333333333,3723000,-1.0,-1.0,-1.0
2014/03/28,1022.0,1046.6666666666665,1016.0,1044.0,3774000,-1.0,-1.0,-1.0
2014/03/31,1045.3333333333333,1046.0,1020.0,1024.6666666666665,3561000,-1.0,-1.0,-1.0
2014/04/01,1018.6666666666666,1022.6666666666666,1003.3333333333333,1007.3333333333333,4407000,-1.0,-1.0,-1.0
2014/04/02,1018.6666666666666,1021.3333333333333,1010.6666666666666,1015.3333333333333,2835000,-1.0,-1.0,-1.0
2014/04/03,1025.3333333333333,1035.3333333333333,1019.3333333333333,1026.6666666666665,3381000,-1.0,-1.0,-1.0
2014/04/04,1048.0,1063.3333333333333,1030.0,1060.6666666666665,7005000,-1.0,-1.0,-1.0
2014/04/07,1040.6666666666665,1058.6666666666665,1037.3333333333333,1058.0,4869000,-1.0,-1.0,-1.0
2014/04/08,1061.3333333333333,1090.6666666666665,1060.6666666666665,1068.0,6552000,-1.0,-1.0,-1.0
2014/04/09,1067.3333333333333,1084.0,1044.6666666666665,1077.3333333333333,8568000,-1.0,-1.0,-1.0
2014/04/10,1095.3333333333333,1109.3333333333333,1090.0,1092.0,7380000,-1.0,-1.0,-1.0
2014/04/11,1081.3333333333333,1105.3333333333333,1068.6666666666665,1102.0,9252000,-1.0,-1.0,-1.0
2014/04/14,1125.3333333333333,1148.6666666666665,1114.6666666666665,1116.0,7233000,-1.0,-1.0,-1.0
2014/04/15,1132.0,1138.6666666666665,1121.3333333333333,1136.0,4434000,-1.0,-1.0,-1.0
2014/04/16,1152.6666666666665,1168.6666666666665,1146.6666666666665,1162.6666666666665,5802000,-1.0,-1.0,-1.0
2014/04/17,1154.0,1172.6666666666665,1151.3333333333333,1165.3333333333333,5319000,-1.0,-1.0,-1.0
2014/04/18,1176.0,1184.0,1166.0,1168.0,4188000,-1.0,-1.0,-1.0
2014/04/21,1162.6666666666665,1172.6666666666665,1148.0,1156.6666666666665,2391000,-1.0,-1.0,-1.0
2014/04/22,1156.6666666666665,1164.0,1146.6666666666665,1146.6666666666665,2013000,-1.0,-1.0,-1.0
2014/04/23,1144.0,1164.0,1139.3333333333333,1163.3333333333333,2598000,-1.0,-1.0,-1.0
2014/04/24,1174.0,1186.6666666666665,1139.3333333333333,1151.3333333333333,4215000,-1.0,-1.0,-1.0
2014/04/25,1159.3333333333333,1177.3333333333333,1156.0,1168.0,2541000,-1.0,-1.0,-1.0
2014/04/28,1149.3333333333333,1172.6666666666665,1148.0,1169.3333333333333,1299000,-1.0,-1.0,-1.0
2014/04/30,1168.0,1182.0,1163.3333333333333,1180.6666666666665,1941000,-1.0,-1.0,-1.0
2014/05/01,1178.0,1183.3333333333333,1162.6666666666665,1174.6666666666665,3060000,-1.0,-1.0,-1.0
2014/05/02,1155.3333333333333,1161.3333333333333,1140.6666666666665,1150.0,4800000,-1.0,-1.0,-1.0
2014/05/07,1147.3333333333333,1150.0,1134.0,1136.0,4068000,-1.0,-1.0,-1.0
2014/05/08,1148.0,1169.3333333333333,1137.3333333333333,1162.6666666666665,3453000,-1.0,-1.0,-1.0
2014/05/09,1260.0,1260.0,1186.0,1203.3333333333333,7671000,-1.0,-1.0,-1.0
2014/05/12,1202.6666666666665,1212.6666666666665,1182.0,1186.6666666666665,2940000,-1.0,-1.0,-1.0
2014/05/13,1201.3333333333333,1220.6666666666665,1194.0,1200.0,3951000,-1.0,-1.0,-1.0
2014/05/14,1216.0,1233.3333333333333,1194.0,1205.3333333333333,4014000,-1.0,-1.0,-1.0
2014/05/15,1197.3333333333333,1228.6666666666665,1187.3333333333333,1219.3333333333333,4233000,-1.0,-1.0,-1.0
2014/05/16,1196.0,1206.0,1194.0,1204.0,3129000,-1.0,-1.0,-1.0
2014/05/19,1212.0,1214.0,1192.0,1193.3333333333333,2430000,-1.0,-1.0,-1.0
2014/05/20,1209.3333333333333,1232.6666666666665,1208.6666666666665,1218.0,3540000,-1.0,-1.0,-1.0
2014/05/21,1218.0,1240.0,1212.6666666666665,1236.0,6393000,-1.0,-1.0,-1.0
2014/05/22,1246.6666666666665,1256.6666666666665,1237.3333333333333,1256.0,4989000,-1.0,-1.0,-1.0
2014/05/23,1276.0,1302.6666666666665,1276.0,1295.3333333333333,8574000,-1.0,-1.0,-1.0
2014/05/26,1320.0,1326.0,1308.0,1315.3333333333333,6009000,-1.0,-1.0,-1.0
2014/05/27,1321.3333333333333,1352.0,1316.0,1316.6666666666665,5115000,-1.0,-1.0,-1.0
2014/05/28,1311.3333333333333,1339.3333333333333,1309.3333333333333,1327.3333333333333,4074000,-1.0,-1.0,-1.0
2014/05/29,1300.6666666666665,1324.6666666666665,1300.0,1320.0,5190000,-1.0,-1.0,-1.0
2014/05/30,1320.0,1326.0,1303.3333333333333,1320.0,6765000,-1.0,-1.0,-1.0
2014/06/02,1341.3333333333333,1370.0,1338.0,1353.3333333333333,5256000,-1.0,-1.0,-1.0
2014/06/03,1368.6666666666665,1378.0,1352.0,1361.3333333333333,4308000,-1.0,-1.0,-1.0
2014/06/04,1354.6666666666665,1356.0,1336.0,1344.0,3774000,-1.0,-1.0,-1.0
2014/06/05,1346.6666666666665,1350.0,1328.6666666666665,1337.3333333333333,3492000,-1.0,-1.0,-1.0
2014/06/06,1336.6666666666665,1347.3333333333333,1324.6666666666665,1342.6666666666665,2937000,-1.0,-1.0,-1.0
2014/06/09,1344.0,1344.0,1325.3333333333333,1327.3333333333333,2733000,-1.0,-1.0,-1.0
2014/06/10,1334.6666666666665,1334.6666666666665,1307.3333333333333,1310.0,3156000,-1.0,-1.0,-1.0
2014/06/11,1306.0,1324.6666666666665,1306.0,1308.6666666666665,2898000,-1.0,-1.0,-1.0
2014/06/12,1310.6666666666665,1322.6666666666665,1306.6666666666665,1311.3333333333333,2793000,-1.0,-1.0,-1.0
2014/06/13,1302.6666666666665,1340.6666666666665,1302.6666666666665,1336.6666666666665,5835000,-1.0,-1.0,-1.0
2014/06/16,1324.6666666666665,1328.6666666666665,1306.6666666666665,1312.0,2022000,-1.0,-1.0,-1.0
2014/06/17,1324.0,1324.6666666666665,1308.6666666666665,1320.6666666666665,3540000,-1.0,-1.0,-1.0
2014/06/18,1326.6666666666665,1331.3333333333333,1316.6666666666665,1316.6666666666665,2736000,-1.0,-1.0,-1.0
2014/06/19,1310.6666666666665,1339.3333333333333,1306.0,1338.0,5073000,-1.0,-1.0,-1.0
2014/06/20,1323.3333333333333,1345.3333333333333,1320.0,1325.3333333333333,6495000,-1.0,-1.0,-1.0
2014/06/23,1334.0,1347.3333333333333,1322.6666666666665,1347.3333333333333,3438000,-1.0,-1.0,-1.0
2014/06/24,1329.3333333333333,1360.0,1329.3333333333333,1344.6666666666665,2763000,-1.0,-1.0,-1.0
2014/06/25,1337.3333333333333,1348.6666666666665,1326.0,1328.0,2019000,-1.0,-1.0,-1.0
2014/06/26,1343.3333333333333,1362.6666666666665,1338.6666666666665,1351.3333333333333,4011000,-1.0,-1.0,-1.0
2014/06/27,1346.0,1346.6666666666665,1301.3333333333333,1304.6666666666665,5340000,-1.0,-1.0,-1.0
2014/06/30,1307.3333333333333,1319.3333333333333,1302.6666666666665,1319.3333333333333,5076000,-1.0,-1.0,-1.0
2014/07/01,1327.3333333333333,1345.3333333333333,1317.3333333333333,1342.0,3354000,-1.0,-1.0,-1.0
2014/07/02,1357.3333333333333,1374.6666666666665,1350.0,1361.3333333333333,4092000,-1.0,-1.0,-1.0
2014/07/03,1379.3333333333333,1387.3333333333333,1351.3333333333333,1356.0,3189000,-1.0,-1.0,-1.0
2014/07/04,1372.0,1373.3333333333333,1348.6666666666665,1351.3333333333333,1518000,-1.0,-1.0,-1.0
2014/07/07,1366.6666666666665,1376.0,1360.0,1361.3333333333333,2340000,-1.0,-1.0,-1.0
2014/07/08,1353.3333333333333,1358.0,1340.6666666666665,1345.3333333333333,2712000,-1.0,-1.0,-1.0
2014/07/09,1344.6666666666665,1370.0,1340.0,1366.6666666666665,2574000,-1.0,-1.0,-1.0
2014/07/10,1374.6666666666665,1388.6666666666665,1373.3333333333333,1377.3333333333333,3744000,-1.0,-1.0,-1.0
2014/07/11,1385.3333333333333,1447.3333333333333,1385.3333333333333,1439.3333333333333,10128000,-1.0,-1.0,-1.0
2014/07/14,1428.6666666666665,1437.3333333333333,1412.6666666666665,1414.0,3366000,-1.0,-1.0,-1.0
2014/07/15,1414.0,1420.0,1402.6666666666665,1414.6666666666665,2139000,-1.0,-1.0,-1.0
2014/07/16,1410.6666666666665,1423.3333333333333,1406.6666666666665,1412.0,1713000,-1.0,-1.0,-1.0
2014/07/17,1412.0,1424.0,1407.3333333333333,1423.3333333333333,2331000,-1.0,-1.0,-1.0
2014/07/18,1401.3333333333333,1411.3333333333333,1390.0,1406.0,2376000,-1.0,-1.0,-1.0
2014/07/22,1405.3333333333333,1426.6666666666665,1405.3333333333333,1416.0,2700000,-1.0,-1.0,-1.0
2014/07/23,1416.0,1422.6666666666665,1412.6666666666665,1418.0,1161000,-1.0,-1.0,-1.0
2014/07/24,1418.0,1421.3333333333333,1406.6666666666665,1410.0,2097000,-1.0,-1.0,-1.0
2014/07/25,1425.3333333333333,1438.6666666666665,1416.0,1425.3333333333333,2262000,-1.0,-1.0,-1.0
2014/07/28,1413.3333333333333,1437.3333333333333,1412.0,1428.0,1839000,-1.0,-1.0,-1.0
2014/07/29,1418.0,1439.3333333333333,1417.3333333333333,1434.0,2805000,-1.0,-1.0,-1.0
2014/07/30,1424.6666666666665,1438.6666666666665,1418.0,1428.0,2772000,-1.0,-1.0,-1.0
2014/07/31,1428.0,1429.3333333333333,1407.3333333333333,1414.6666666666665,3468000,-1.0,-1.0,-1.0
2014/08/01,1453.3333333333333,1522.0,1446.6666666666665,1507.3333333333333,7086000,-1.0,-1.0,-1.0
2014/08/04,1500.0,1556.0,1498.0,1550.0,5829000,-1.0,-1.0,-1.0
2014/08/05,1483.3333333333333,1518.0,1474.6666666666665,1476.6666666666665,7572000,-1.0,-1.0,-1.0
2014/08/06,1453.3333333333333,1483.3333333333333,1453.3333333333333,1469.3333333333333,2964000,-1.0,-1.0,-1.0
2014/08/07,1480.6666666666665,1491.3333333333333,1470.0,1480.6666666666665,2688000,-1.0,-1.0,-1.0
2014/08/08,1459.3333333333333,1489.3333333333333,1437.3333333333333,1444.0,3588000,-1.0,-1.0,-1.0
2014/08/11,1477.3333333333333,1504.6666666666665,1461.3333333333333,1501.3333333333333,2379000,-1.0,-1.0,-1.0
2014/08/12,1505.3333333333333,1514.6666666666665,1492.6666666666665,1496.6666666666665,1575000,-1.0,-1.0,-1.0
2014/08/13,1500.0,1502.0,1482.0,1492.0,1863000,-1.0,-1.0,-1.0
2014/08/14,1494.6666666666665,1564.0,1494.6666666666665,1559.3333333333333,4446000,-1.0,-1.0,-1.0
2014/08/15,1550.0,1553.3333333333333,1522.6666666666665,1527.3333333333333,2913000,-1.0,-1.0,-1.0
2014/08/18,1532.0,1534.6666666666665,1513.3333333333333,1515.3333333333333,2403000,-1.0,-1.0,-1.0
2014/08/19,1545.3333333333333,1561.3333333333333,1510.6666666666665,1520.6666666666665,4719000,-1.0,-1.0,-1.0
2014/08/20,1522.0,1533.3333333333333,1502.6666666666665,1519.3333333333333,2235000,-1.0,-1.0,-1.0
2014/08/21,1525.3333333333333,1536.0,1511.3333333333333,1519.3333333333333,2472000,-1.0,-1.0,-1.0
2014/08/22,1505.3333333333333,1520.6666666666665,1494.6666666666665,1515.3333333333333,2538000,-1.0,-1.0,-1.0
2014/08/25,1505.3333333333333,1515.3333333333333,1470.0,1480.0,5076000,-1.0,-1.0,-1.0
2014/08/26,1470.0,1476.6666666666665,1446.0,1463.3333333333333,6654000,-1.0,-1.0,-1.0
2014/08/27,1463.3333333333333,1488.0,1455.3333333333333,1475.3333333333333,3609000,-1.0,-1.0,-1.0
2014/08/28,1460.0,1484.0,1457.3333333333333,1482.0,3387000,-1.0,-1.0,-1.0
2014/08/29,1470.0,1482.0,1464.6666666666665,1468.0,2550000,-1.0,-1.0,-1.0
2014/09/01,1466.0,1472.0,1443.3333333333333,1451.3333333333333,2880000,-1.0,-1.0,-1.0
2014/09/02,1461.3333333333333,1472.0,1446.0,1466.6666666666665,3036000,-1.0,-1.0,-1.0
2014/09/03,1478.6666666666665,1483.3333333333333,1464.0,1473.3333333333333,3468000,-1.0,-1.0,-1.0
2014/09/04,1461.3333333333333,1488.0,1459.3333333333333,1484.6666666666665,3168000,-1.0,-1.0,-1.0
2014/09/05,1493.3333333333333,1497.3333333333333,1475.3333333333333,1479.3333333333333,1869000,-1.0,-1.0,-1.0
2014/09/08,1471.3333333333333,1476.6666666666665,1446.0,1450.0,2856000,-1.0,-1.0,-1.0
2014/09/09,1454.0,1460.6666666666665,1410.6666666666665,1414.0,4578000,-1.0,-1.0,-1.0
2014/09/10,1408.0,1422.0,1402.0,1418.6666666666665,4320000,-1.0,-1.0,-1.0
2014/09/11,1415.3333333333333,1421.3333333333333,1394.6666666666665,1408.0,4341000,-1.0,-1.0,-1.0
2014/09/12,1412.0,1447.3333333333333,1408.0,1440.0,8154000,-1.0,-1.0,-1.0
2014/09/16,1446.6666666666665,1446.6666666666665,1424.0,1429.3333333333333,2301000,-1.0,-1.0,-1.0
2014/09/17,1443.3333333333333,1452.6666666666665,1439.3333333333333,1446.6666666666665,2265000,-1.0,-1.0,-1.0
2014/09/18,1467.3333333333333,1473.3333333333333,1448.0,1464.6666666666665,3276000,-1.0,-1.0,-1.0
2014/09/19,1480.0,1504.0,1476.0,1499.3333333333333,5643000,-1.0,-1.0,-1.0
2014/09/22,1485.3333333333333,1535.3333333333333,1485.3333333333333,1520.0,5754000,-1.0,-1.0,-1.0
2014/09/24,1492.6666666666665,1518.0,1482.0,1508.6666666666665,4536000,-1.0,-1.0,-1.0
2014/09/25,1536.6666666666665,1541.3333333333333,1520.6666666666665,1540.0,3615000,-1.0,-1.0,-1.0
2014/09/26,1503.3333333333333,1530.6666666666665,1495.3333333333333,1524.0,3759000,-1.0,-1.0,-1.0
2014/09/29,1539.3333333333333,1546.0,1523.3333333333333,1529.3333333333333,2016000,-1.0,-1.0,-1.0
2014/09/30,1531.3333333333333,1556.0,1530.0,1550.6666666666665,4314000,-1.0,-1.0,-1.0
2014/10/01,1539.3333333333333,1568.0,1536.0,1558.6666666666665,3072000,-1.0,-1.0,-1.0
2014/10/02,1553.3333333333333,1553.3333333333333,1514.6666666666665,1514.6666666666665,3606000,-1.0,-1.0,-1.0
2014/10/03,1507.3333333333333,1534.0,1498.6666666666665,1531.3333333333333,4503000,-1.0,-1.0,-1.0
2014/10/06,1540.0,1552.6666666666665,1514.6666666666665,1542.6666666666665,3210000,-1.0,-1.0,-1.0
2014/10/07,1530.6666666666665,1600.6666666666665,1530.6666666666665,1586.0,4599000,-1.0,-1.0,-1.0
2014/10/08,1584.0,1605.3333333333333,1572.0,1577.3333333333333,4548000,-1.0,-1.0,-1.0
2014/10/09,1596.6666666666665,1606.6666666666665,1556.0,1558.6666666666665,3975000,-1.0,-1.0,-1.0
2014/10/10,1558.6666666666665,1572.0,1534.6666666666665,1542.0,4722000,-1.0,-1.0,-1.0
2014/10/14,1530.0,1591.3333333333333,1528.0,1568.0,6678000,-1.0,-1.0,-1.0
2014/10/15,1570.6666666666665,1580.0,1558.0,1576.0,3552000,-1.0,-1.0,-1.0
2014/10/16,1535.3333333333333,1582.6666666666665,1534.6666666666665,1568.6666666666665,3789000,-1.0,-1.0,-1.0
2014/10/17,1596.6666666666665,1622.6666666666665,1569.3333333333333,1569.3333333333333,5502000,-1.0,-1.0,-1.0
2014/10/20,1606.6666666666665,1620.0,1596.6666666666665,1619.3333333333333,4869000,-1.0,-1.0,-1.0
2014/10/21,1602.6666666666665,1616.6666666666665,1575.3333333333333,1584.0,4434000,-1.0,-1.0,-1.0
2014/10/22,1597.3333333333333,1624.0,1583.3333333333333,1623.3333333333333,3612000,-1.0,-1.0,-1.0
2014/10/23,1627.3333333333333,1642.6666666666665,1612.0,1620.6666666666665,3243000,-1.0,-1.0,-1.0
2014/10/24,1624.6666666666665,1638.0,1606.0,1637.3333333333333,3012000,-1.0,-1.0,-1.0
2014/10/27,1658.0,1668.6666666666665,1640.0,1657.3333333333333,2790000,-1.0,-1.0,-1.0
2014/10/28,1646.6666666666665,1664.6666666666665,1633.3333333333333,1648.0,3123000,-1.0,-1.0,-1.0
2014/10/29,1659.3333333333333,1668.6666666666665,1642.0,1656.6666666666665,3483000,-1.0,-1.0,-1.0
2014/10/30,1660.6666666666665,1666.6666666666665,1635.3333333333333,1652.6666666666665,8658000,-1.0,-1.0,-1.0
2014/10/31,1652.0,1708.0,1637.3333333333333,1690.0,6945000,-1.0,-1.0,-1.0
2014/11/04,1757.3333333333333,1757.3333333333333,1586.6666666666665,1588.6666666666665,14394000,-1.0,-1.0,-1.0
2014/11/05,1589.3333333333333,1604.6666666666665,1581.3333333333333,1598.6666666666665,7023000,-1.0,-1.0,-1.0
2014/11/06,1576.6666666666665,1606.0,1560.6666666666665,1591.3333333333333,7983000,-1.0,-1.0,-1.0
2014/11/07,1593.3333333333333,1611.3333333333333,1583.3333333333333,1608.6666666666665,5907000,-1.0,-1.0,-1.0
2014/11/10,1609.3333333333333,1628.0,1606.0,1621.3333333333333,4650000,-1.0,-1.0,-1.0
2014/11/11,1618.0,1641.3333333333333,1606.0,1637.3333333333333,3792000,-1.0,-1.0,-1.0
2014/11/12,1650.6666666666665,1656.6666666666665,1632.0,1641.3333333333333,5634000,-1.0,-1.0,-1.0
2014/11/13,1633.3333333333333,1665.3333333333333,1630.6666666666665,1664.0,3378000,-1.0,-1.0,-1.0
2014/11/14,1672.6666666666665,1673.3333333333333,1642.0,1661.3333333333333,7059000,-1.0,-1.0,-1.0
2014/11/17,1654.0,1658.6666666666665,1602.0,1619.3333333333333,4272000,-1.0,-1.0,-1.0
2014/11/18,1652.6666666666665,1686.0,1649.3333333333333,1685.3333333333333,5907000,-1.0,-1.0,-1.0
2014/11/19,1682.0,1693.3333333333333,1658.0,1662.0,4557000,-1.0,-1.0,-1.0
2014/11/20,1685.3333333333333,1707.3333333333333,1676.6666666666665,1699.3333333333333,3459000,-1.0,-1.0,-1.0
2014/11/21,1716.6666666666665,1716.6666666666665,1676.0,1697.3333333333333,4218000,-1.0,-1.0,-1.0
2014/11/25,1692.0,1694.0,1655.3333333333333,1671.3333333333333,6492000,-1.0,-1.0,-1.0
2014/11/26,1672.6666666666665,1678.0,1627.3333333333333,1627.3333333333333,6114000,-1.0,-1.0,-1.0
2014/11/27,1618.6666666666665,1633.3333333333333,1602.0,1604.6666666666665,3006000,-1.0,-1.0,-1.0
2014/11/28,1598.0,1605.3333333333333,1582.0,1588.6666666666665,4707000,-1.0,-1.0,-1.0
2014/12/01,1585.3333333333333,1610.0,1585.3333333333333,1595.3333333333333,3903000,-1.0,-1.0,-1.0
2014/12/02,1570.0,1624.6666666666665,1568.0,1618.6666666666665,4257000,-1.0,-1.0,-1.0
2014/12/03,1637.3333333333333,1645.3333333333333,1615.3333333333333,1644.6666666666665,4260000,-1.0,-1.0,-1.0
2014/12/04,1652.6666666666665,1656.6666666666665,1630.0,1634.6666666666665,1986000,-1.0,-1.0,-1.0
2014/12/05,1613.3333333333333,1629.3333333333333,1608.6666666666665,1615.3333333333333,2562000,-1.0,-1.0,-1.0
2014/12/08,1618.0,1644.6666666666665,1616.6666666666665,1640.0,2445000,-1.0,-1.0,-1.0
2014/12/09,1631.3333333333333,1649.3333333333333,1626.0,1648.6666666666665,1911000,-1.0,-1.0,-1.0
2014/12/10,1649.3333333333333,1658.0,1629.3333333333333,1644.6666666666665,3618000,-1.0,-1.0,-1.0
2014/12/11,1618.6666666666665,1624.0,1608.0,1618.6666666666665,3807000,-1.0,-1.0,-1.0
2014/12/12,1621.3333333333333,1638.6666666666665,1614.0,1614.0,8169000,-1.0,-1.0,-1.0
2014/12/15,1605.3333333333333,1636.6666666666665,1600.0,1628.0,3219000,-1.0,-1.0,-1.0
2014/12/16,1617.3333333333333,1637.3333333333333,1608.0,1632.0,5055000,-1.0,-1.0,-1.0
2014/12/17,1636.6666666666665,1651.3333333333333,1616.0,1640.6666666666665,4944000,-1.0,-1.0,-1.0
2014/12/18,1642.0,1651.3333333333333,1630.0,1651.3333333333333,4812000,-1.0,-1.0,-1.0
2014/12/19,1666.6666666666665,1745.3333333333333,1664.0,1740.0,7446000,-1.0,-1.0,-1.0
2014/12/22,1739.3333333333333,1751.3333333333333,1730.0,1738.0,2589000,-1.0,-1.0,-1.0
2014/12/24,1758.0,1792.6666666666665,1746.6666666666665,1778.6666666666665,3450000,-1.0,-1.0,-1.0
2014/12/25,1796.6666666666665,1828.0,1776.6666666666665,1828.0,3648000,-1.0,-1.0,-1.0
2014/12/26,1816.0,1828.6666666666665,1783.3333333333333,1794.0,3111000,-1.0,-1.0,-1.0
2014/12/29,1821.3333333333333,1821.3333333333333,1764.6666666666665,1780.6666666666665,3234000,-1.0,-1.0,-1.0
2014/12/30,1768.0,1776.0,1757.3333333333333,1758.6666666666665,2064000,-1.0,-1.0,-1.0
2015/01/05,1742.0,1772.0,1739.3333333333333,1751.3333333333333,2931000,-1.0,-1.0,-1.0
2015/01/06,1730.0,1743.3333333333333,1708.6666666666665,1712.6666666666665,3186000,-1.0,-1.0,-1.0
2015/01/07,1738.0,1828.6666666666665,1738.0,1820.0,6351000,-1.0,-1.0,-1.0
2015/01/08,1813.3333333333333,1874.0,1813.3333333333333,1867.3333333333333,5025000,-1.0,-1.0,-1.0
2015/01/09,1864.6666666666665,1872.0,1830.0,1849.3333333333333,5865000,-1.0,-1.0,-1.0
2015/01/13,1820.0,1857.3333333333333,1804.6666666666665,1857.3333333333333,4599000,-1.0,-1.0,-1.0
2015/01/14,1846.6666666666665,1898.0,1836.0,1862.6666666666665,4914000,-1.0,-1.0,-1.0
2015/01/15,1846.6666666666665,1878.6666666666665,1838.0,1876.6666666666665,3657000,-1.0,-1.0,-1.0
2015/01/16,1828.0,1849.3333333333333,1800.0,1836.0,6006000,-1.0,-1.0,-1.0
2015/01/19,1856.0,1894.6666666666665,1848.6666666666665,1893.3333333333333,2901000,-1.0,-1.0,-1.0
2015/01/20,1899.3333333333333,1941.3333333333333,1894.6666666666665,1940.6666666666665,3585000,-1.0,-1.0,-1.0
2015/01/21,1920.0,1947.3333333333333,1920.0,1932.0,3837000,-1.0,-1.0,-1.0
2015/01/22,1939.3333333333333,1962.0,1914.0,1962.0,4320000,-1.0,-1.0,-1.0
2015/01/23,1960.6666666666665,1966.6666666666665,1898.0,1906.0,5946000,-1.0,-1.0,-1.0
2015/01/26,1898.0,1936.0,1893.3333333333333,1932.0,3135000,-1.0,-1.0,-1.0
2015/01/27,1942.0,1968.6666666666665,1932.0,1962.6666666666665,4935000,-1.0,-1.0,-1.0
2015/01/28,1948.0,1999.3333333333333,1948.0,1984.6666666666665,5019000,-1.0,-1.0,-1.0
2015/01/29,1951.3333333333333,1998.6666666666665,1951.3333333333333,1954.0,4623000,-1.0,-1.0,-1.0
2015/01/30,1980.0,1997.3333333333333,1947.3333333333333,1947.3333333333333,4035000,-1.0,-1.0,-1.0
2015/02/02,1833.3333333333333,1940.0,1821.3333333333333,1898.0,7164000,-1.0,-1.0,-1.0
2015/02/03,1912.0,1930.0,1866.6666666666665,1876.6666666666665,4401000,-1.0,-1.0,-1.0
2015/02/04,1850.0,1878.6666666666665,1826.6666666666665,1846.6666666666665,8343000,-1.0,-1.0,-1.0
2015/02/05,1850.0,1871.3333333333333,1825.3333333333333,1826.6666666666665,5547000,-1.0,-1.0,-1.0
2015/02/06,1827.3333333333333,1838.0,1774.0,1784.0,6906000,-1.0,-1.0,-1.0
2015/02/09,1801.3333333333333,1806.6666666666665,1774.0,1791.3333333333333,5565000,-1.0,-1.0,-1.0
2015/02/10,1792.6666666666665,1801.3333333333333,1736.6666666666665,1760.0,6912000,-1.0,-1.0,-1.0
2015/02/12,1796.0,1850.0,1775.3333333333333,1822.0,11679000,-1.0,-1.0,-1.0
2015/02/13,1806.0,1830.6666666666665,1774.0,1791.3333333333333,4623000,-1.0,-1.0,-1.0
2015/02/16,1816.0,1816.0,1756.0,1761.3333333333333,3345000,-1.0,-1.0,-1.0
2015/02/17,1753.3333333333333,1782.0,1734.6666666666665,1780.6666666666665,2676000,-1.0,-1.0,-1.0
2015/02/18,1794.0,1820.6666666666665,1778.0,1817.3333333333333,3177000,-1.0,-1.0,-1.0
2015/02/19,1833.3333333333333,1863.3333333333333,1830.6666666666665,1853.3333333333333,5100000,-1.0,-1.0,-1.0
2015/02/20,1862.0,1865.3333333333333,1826.0,1829.3333333333333,2775000,-1.0,-1.0,-1.0
2015/02/23,1847.3333333333333,1847.3333333333333,1831.3333333333333,1844.0,2370000,-1.0,-1.0,-1.0
2015/02/24,1850.6666666666665,1851.3333333333333,1828.6666666666665,1842.0,2472000,-1.0,-1.0,-1.0
2015/02/25,1851.3333333333333,1851.3333333333333,1824.6666666666665,1831.3333333333333,2166000,-1.0,-1.0,-1.0
2015/02/26,1827.3333333333333,1858.6666666666665,1814.0,1851.3333333333333,2727000,-1.0,-1.0,-1.0
2015/02/27,1873.3333333333333,1881.3333333333333,1814.0,1815.3333333333333,6390000,-1.0,-1.0,-1.0
2015/03/02,1818.0,1840.0,1818.0,1824.0,2565000,-1.0,-1.0,-1.0
2015/03/03,1840.0,1888.0,1830.0,1884.0,5346000,-1.0,-1.0,-1.0
2015/03/04,1874.6666666666665,1911.3333333333333,1841.3333333333333,1852.0,8004000,-1.0,-1.0,-1.0
2015/03/05,1863.3333333333333,1878.0,1856.0,1875.3333333333333,2868000,-1.0,-1.0,-1.0
2015/03/06,1875.3333333333333,1930.0,1872.0,1922.6666666666665,6213000,-1.0,-1.0,-1.0
2015/03/09,1900.6666666666665,1918.6666666666665,1873.3333333333333,1902.0,5028000,-1.0,-1.0,-1.0
2015/03/10,1887.3333333333333,1910.0,1862.6666666666665,1871.3333333333333,5070000,-1.0,-1.0,-1.0
2015/03/11,1856.0,1876.6666666666665,1846.0,1850.0,4089000,-1.0,-1.0,-1.0
2015/03/12,1859.3333333333333,1875.3333333333333,1837.3333333333333,1871.3333333333333,3507000,-1.0,-1.0,-1.0
2015/03/13,1872.0,1881.3333333333333,1848.6666666666665,1856.6666666666665,7812000,-1.0,-1.0,-1.0
2015/03/16,1874.6666666666665,1886.0,1858.0,1875.3333333333333,3009000,-1.0,-1.0,-1.0
2015/03/17,1881.3333333333333,1888.6666666666665,1870.0,1874.0,2301000,-1.0,-1.0,-1.0
2015/03/18,1880.0,1908.0,1871.3333333333333,1904.6666666666665,2742000,-1.0,-1.0,-1.0
2015/03/19,1888.0,1900.0,1860.6666666666665,1868.0,3702000,-1.0,-1.0,-1.0
2015/03/20,1881.3333333333333,1884.0,1847.3333333333333,1857.3333333333333,3114000,-1.0,-1.0,-1.0
2015/03/23,1866.6666666666665,1889.3333333333333,1864.0,1886.6666666666665,2436000,-1.0,-1.0,-1.0
2015/03/24,1888.6666666666665,1893.3333333333333,1862.6666666666665,1869.3333333333333,2766000,-1.0,-1.0,-1.0
2015/03/25,1875.3333333333333,1893.3333333333333,1874.0,1892.0,3525000,-1.0,-1.0,-1.0
2015/03/26,1891.3333333333333,1902.0,1878.6666666666665,1890.6666666666665,3879000,-1.0,-1.0,-1.0
2015/03/27,1874.6666666666665,1911.3333333333333,1860.0,1883.3333333333333,5637000,-1.0,-1.0,-1.0
2015/03/30,1893.3333333333333,1926.6666666666665,1886.6666666666665,1920.0,3744000,-1.0,-1.0,-1.0
2015/03/31,1933.3333333333333,1942.6666666666665,1844.6666666666665,1845.3333333333333,5928000,-1.0,-1.0,-1.0
2015/04/01,1878.0,1884.6666666666665,1826.6666666666665,1834.6666666666665,4344000,-1.0,-1.0,-1.0
2015/04/02,1852.0,1872.0,1834.6666666666665,1841.3333333333333,3837000,-1.0,-1.0,-1.0
2015/04/03,1836.0,1876.6666666666665,1832.6666666666665,1875.3333333333333,2424000,-1.0,-1.0,-1.0
2015/04/06,1866.6666666666665,1896.0,1853.3333333333333,1869.3333333333333,1443000,-1.0,-1.0,-1.0
2015/04/07,1877.3333333333333,1886.0,1855.3333333333333,1875.3333333333333,2883000,-1.0,-1.0,-1.0
2015/04/08,1878.6666666666665,1936.0,1874.0,1931.3333333333333,4929000,-1.0,-1.0,-1.0
2015/04/09,1906.0,1963.3333333333333,1906.0,1944.0,3639000,-1.0,-1.0,-1.0
2015/04/10,1932.6666666666665,1963.3333333333333,1911.3333333333333,1960.6666666666665,4908000,-1.0,-1.0,-1.0
2015/04/13,1960.0,1960.0,1900.6666666666665,1904.0,2964000,-1.0,-1.0,-1.0
2015/04/14,1897.3333333333333,1914.6666666666665,1883.3333333333333,1886.6666666666665,1860000,-1.0,-1.0,-1.0
2015/04/15,1876.6666666666665,1882.6666666666665,1840.6666666666665,1843.3333333333333,3537000,-1.0,-1.0,-1.0
2015/04/16,1860.0,1860.6666666666665,1827.3333333333333,1844.6666666666665,4059000,-1.0,-1.0,-1.0
2015/04/17,1833.3333333333333,1839.3333333333333,1798.6666666666665,1800.6666666666665,3267000,-1.0,-1.0,-1.0
2015/04/20,1758.6666666666665,1814.0,1751.3333333333333,1776.0,5064000,-1.0,-1.0,-1.0
2015/04/21,1777.3333333333333,1830.6666666666665,1768.0,1822.6666666666665,4461000,-1.0,-1.0,-1.0
2015/04/22,1814.0,1816.0,1786.6666666666665,1799.3333333333333,3498000,-1.0,-1.0,-1.0
2015/04/23,1800.0,1817.3333333333333,1788.6666666666665,1807.3333333333333,3849000,-1.0,-1.0,-1.0
2015/04/24,1800.6666666666665,1828.0,1792.0,1820.6666666666665,4299000,-1.0,-1.0,-1.0
2015/04/27,1828.6666666666665,1830.0,1805.3333333333333,1810.0,2934000,-1.0,-1.0,-1.0
2015/04/28,1830.0,1844.6666666666665,1812.6666666666665,1836.0,3879000,-1.0,-1.0,-1.0
2015/04/30,1802.6666666666665,1805.3333333333333,1740.0,1744.0,7920000,-1.0,-1.0,-1.0
2015/05/01,1752.6666666666665,1769.3333333333333,1728.6666666666665,1763.3333333333333,3780000,-1.0,-1.0,-1.0
2015/05/07,1753.3333333333333,1780.0,1726.6666666666665,1732.6666666666665,4377000,-1.0,-1.0,-1.0
2015/05/08,1721.3333333333333,1744.0,1715.3333333333333,1734.0,4134000,-1.0,-1.0,-1.0
2015/05/11,1773.3333333333333,1776.6666666666665,1733.3333333333333,1746.6666666666665,5424000,-1.0,-1.0,-1.0
2015/05/12,1738.6666666666665,1757.3333333333333,1696.0,1700.6666666666665,7056000,-1.0,-1.0,-1.0
2015/05/13,1694.0,1722.6666666666665,1673.3333333333333,1710.6666666666665,5499000,-1.0,-1.0,-1.0
2015/05/14,1700.0,1709.3333333333333,1658.0,1663.3333333333333,5178000,-1.0,-1.0,-1.0
2015/05/15,1671.3333333333333,1690.6666666666665,1642.6666666666665,1660.6666666666665,5643000,-1.0,-1.0,-1.0
2015/05/18,1678.6666666666665,1698.0,1674.0,1694.6666666666665,3678000,-1.0,-1.0,-1.0
2015/05/19,1706.6666666666665,1709.3333333333333,1688.0,1704.6666666666665,2970000,-1.0,-1.0,-1.0
2015/05/20,1715.3333333333333,1759.3333333333333,1714.6666666666665,1738.0,5439000,-1.0,-1.0,-1.0
2015/05/21,1744.6666666666665,1758.6666666666665,1730.0,1734.0,2871000,-1.0,-1.0,-1.0
2015/05/22,1786.0,1817.3333333333333,1768.6666666666665,1800.6666666666665,7779000,-1.0,-1.0,-1.0
2015/05/25,1824.0,1826.6666666666665,1802.0,1814.6666666666665,5064000,-1.0,-1.0,-1.0
2015/05/26,1797.3333333333333,1798.6666666666665,1778.0,1789.3333333333333,4731000,-1.0,-1.0,-1.0
2015/05/27,1776.6666666666665,1784.6666666666665,1752.6666666666665,1776.0,4923000,-1.0,-1.0,-1.0
2015/05/28,1792.6666666666665,1803.3333333333333,1766.6666666666665,1784.0,4650000,-1.0,-1.0,-1.0
2015/05/29,1786.0,1816.6666666666665,1784.6666666666665,1797.3333333333333,6660000,-1.0,-1.0,-1.0
2015/06/01,1780.0,1803.3333333333333,1775.3333333333333,1790.6666666666665,2949000,-1.0,-1.0,-1.0
2015/06/02,1780.6666666666665,1804.6666666666665,1776.6666666666665,1794.0,2391000,-1.0,-1.0,-1.0
2015/06/03,1773.3333333333333,1788.0,1759.3333333333333,1764.0,3465000,-1.0,-1.0,-1.0
2015/06/04,1775.3333333333333,1775.3333333333333,1734.6666666666665,1736.0,4764000,-1.0,-1.0,-1.0
2015/06/05,1740.0,1768.0,1736.6666666666665,1750.6666666666665,3345000,-1.0,-1.0,-1.0
2015/06/08,1752.6666666666665,1764.6666666666665,1737.3333333333333,1750.0,2730000,-1.0,-1.0,-1.0
2015/06/09,1734.0,1772.6666666666665,1734.0,1756.0,4017000,-1.0,-1.0,-1.0
2015/06/10,1760.0,1786.0,1750.0,1774.6666666666665,3807000,-1.0,-1.0,-1.0
2015/06/11,1787.3333333333333,1807.3333333333333,1787.3333333333333,1799.3333333333333,3045000,-1.0,-1.0,-1.0
2015/06/12,1816.6666666666665,1816.6666666666665,1766.6666666666665,1772.6666666666665,6054000,-1.0,-1.0,-1.0
2015/06/15,1746.0,1762.0,1740.0,1748.6666666666665,2307000,-1.0,-1.0,-1.0
2015/06/16,1756.6666666666665,1777.3333333333333,1750.6666666666665,1770.6666666666665,2997000,-1.0,-1.0,-1.0
2015/06/17,1768.0,1814.0,1768.0,1804.6666666666665,3351000,-1.0,-1.0,-1.0
2015/06/18,1796.0,1814.6666666666665,1771.3333333333333,1776.6666666666665,3546000,-1.0,-1.0,-1.0
2015/06/19,1823.3333333333333,1891.3333333333333,1821.3333333333333,1864.6666666666665,8145000,-1.0,-1.0,-1.0
2015/06/22,1866.6666666666665,1872.6666666666665,1843.3333333333333,1858.6666666666665,2910000,-1.0,-1.0,-1.0
2015/06/23,1880.6666666666665,1900.0,1866.6666666666665,1898.0,4164000,-1.0,-1.0,-1.0
2015/06/24,1900.0,1918.6666666666665,1880.6666666666665,1911.3333333333333,3642000,-1.0,-1.0,-1.0
2015/06/25,1893.3333333333333,1918.6666666666665,1878.0,1906.0,2475000,-1.0,-1.0,-1.0
2015/06/26,1906.6666666666665,1925.3333333333333,1898.0,1915.3333333333333,2388000,-1.0,-1.0,-1.0
2015/06/29,1888.0,1906.6666666666665,1870.6666666666665,1884.6666666666665,3627000,-1.0,-1.0,-1.0
2015/06/30,1880.0,1901.3333333333333,1860.0,1862.6666666666665,5262000,-1.0,-1.0,-1.0
2015/07/01,1900.0,1914.0,1884.0,1899.3333333333333,2877000,-1.0,-1.0,-1.0
2015/07/02,1932.6666666666665,1949.3333333333333,1903.3333333333333,1906.0,4320000,-1.0,-1.0,-1.0
2015/07/03,1922.6666666666665,1930.6666666666665,1910.6666666666665,1912.6666666666665,2193000,-1.0,-1.0,-1.0
2015/07/06,1882.0,1898.0,1866.6666666666665,1870.0,2718000,-1.0,-1.0,-1.0
2015/07/07,1895.3333333333333,1912.0,1876.0,1900.0,3147000,-1.0,-1.0,-1.0
2015/07/08,1906.6666666666665,1906.6666666666665,1875.3333333333333,1875.3333333333333,3102000,-1.0,-1.0,-1.0
2015/07/09,1848.0,1888.6666666666665,1835.3333333333333,1888.0,4929000,-1.0,-1.0,-1.0
2015/07/10,1900.6666666666665,1958.6666666666665,1892.6666666666665,1944.0,5715000,-1.0,-1.0,-1.0
2015/07/13,1963.3333333333333,1992.0,1952.6666666666665,1980.0,3003000,-1.0,-1.0,-1.0
2015/07/14,1991.3333333333333,2003.3333333333333,1960.6666666666665,1967.3333333333333,2877000,-1.0,-1.0,-1.0
2015/07/15,1980.0,2013.3333333333333,1974.6666666666665,2003.3333333333333,3996000,-1.0,-1.0,-1.0
2015/07/16,2016.6666666666665,2033.3333333333333,2006.6666666666665,2023.3333333333333,3156000,-1.0,-1.0,-1.0
2015/07/17,2006.6666666666665,2036.6666666666665,2006.6666666666665,2033.3333333333333,2505000,-1.0,-1.0,-1.0
2015/07/21,2026.6666666666665,2043.3333333333333,2026.6666666666665,2033.3333333333333,2286000,-1.0,-1.0,-1.0
2015/07/22,2013.3333333333333,2043.3333333333333,2010.0,2033.3333333333333,2175000,-1.0,-1.0,-1.0
2015/07/23,2043.3333333333333,2090.0,2033.3333333333333,2070.0,2553000,-1.0,-1.0,-1.0
2015/07/24,2070.0,2073.333333333333,2050.0,2053.333333333333,1758000,-1.0,-1.0,-1.0
2015/07/27,2056.6666666666665,2063.333333333333,2026.6666666666665,2036.6666666666665,2463000,-1.0,-1.0,-1.0
2015/07/28,2036.6666666666665,2050.0,2020.0,2043.3333333333333,2817000,-1.0,-1.0,-1.0
2015/07/29,2063.333333333333,2093.333333333333,2043.3333333333333,2086.6666666666665,2097000,-1.0,-1.0,-1.0
2015/07/30,2083.333333333333,2090.0,2040.0,2046.6666666666665,3798000,-1.0,-1.0,-1.0
2015/07/31,2010.0,2050.0,1990.0,2010.0,3807000,-1.0,-1.0,-1.0
2015/08/03,1994.0,2116.6666666666665,1994.0,2110.0,3942000,-1.0,-1.0,-1.0
2015/08/04,2103.333333333333,2156.6666666666665,2100.0,2126.6666666666665,4626000,-1.0,-1.0,-1.0
2015/08/05,2106.6666666666665,2153.333333333333,2100.0,2106.6666666666665,3603000,-1.0,-1.0,-1.0
2015/08/06,2060.0,2093.333333333333,2033.3333333333333,2043.3333333333333,3852000,-1.0,-1.0,-1.0
2015/08/07,2026.6666666666665,2033.3333333333333,1971.3333333333333,1986.0,4896000,-1.0,-1.0,-1.0
2015/08/10,1986.0,1993.3333333333333,1957.3333333333333,1978.6666666666665,3963000,-1.0,-1.0,-1.0
2015/08/11,1967.3333333333333,1968.0,1926.0,1933.3333333333333,3996000,-1.0,-1.0,-1.0
2015/08/12,1966.6666666666665,1996.6666666666665,1950.6666666666665,1972.0,4518000,-1.0,-1.0,-1.0
2015/08/13,1980.0,2040.0,1977.3333333333333,2023.3333333333333,4704000,-1.0,-1.0,-1.0
2015/08/14,2000.0,2023.3333333333333,1982.6666666666665,1998.6666666666665,3054000,-1.0,-1.0,-1.0
2015/08/17,2016.6666666666665,2030.0,1996.6666666666665,2006.6666666666665,1494000,-1.0,-1.0,-1.0
2015/08/18,1999.3333333333333,2016.6666666666665,1976.6666666666665,1977.3333333333333,2427000,-1.0,-1.0,-1.0
2015/08/19,1969.3333333333333,1977.3333333333333,1932.0,1933.3333333333333,2760000,-1.0,-1.0,-1.0
2015/08/20,1936.0,1940.6666666666665,1900.6666666666665,1902.0,2820000,-1.0,-1.0,-1.0
2015/08/21,1866.6666666666665,1890.6666666666665,1849.3333333333333,1865.3333333333333,3342000,-1.0,-1.0,-1.0
2015/08/24,1847.3333333333333,1884.0,1814.0,1816.0,6267000,-1.0,-1.0,-1.0
2015/08/25,1787.3333333333333,1853.3333333333333,1756.0,1757.3333333333333,6183000,-1.0,-1.0,-1.0
2015/08/26,1768.0,1807.3333333333333,1765.3333333333333,1776.6666666666665,4584000,-1.0,-1.0,-1.0
2015/08/27,1804.6666666666665,1859.3333333333333,1804.6666666666665,1848.0,3270000,-1.0,-1.0,-1.0
2015/08/28,1881.3333333333333,1881.3333333333333,1821.3333333333333,1865.3333333333333,4446000,-1.0,-1.0,-1.0
2015/08/31,1873.3333333333333,1874.6666666666665,1852.0,1866.6666666666665,2178000,-1.0,-1.0,-1.0
2015/09/01,1871.3333333333333,1876.6666666666665,1776.6666666666665,1776.6666666666665,4461000,-1.0,-1.0,-1.0
2015/09/02,1760.6666666666665,1802.6666666666665,1750.0,1770.0,4065000,-1.0,-1.0,-1.0
2015/09/03,1797.3333333333333,1834.0,1770.6666666666665,1772.6666666666665,3237000,-1.0,-1.0,-1.0
2015/09/04,1770.0,1771.3333333333333,1725.3333333333333,1737.3333333333333,3564000,-1.0,-1.0,-1.0
2015/09/07,1733.3333333333333,1742.6666666666665,1716.0,1729.3333333333333,2208000,-1.0,-1.0,-1.0
2015/09/08,1745.3333333333333,1759.3333333333333,1680.6666666666665,1684.0,2325000,-1.0,-1.0,-1.0
2015/09/09,1728.6666666666665,1801.3333333333333,1704.6666666666665,1797.3333333333333,4005000,-1.0,-1.0,-1.0
2015/09/10,1746.6666666666665,1760.6666666666665,1716.6666666666665,1737.3333333333333,3708000,-1.0,-1.0,-1.0
2015/09/11,1718.6666666666665,1744.6666666666665,1717.3333333333333,1733.3333333333333,6963000,-1.0,-1.0,-1.0
2015/09/14,1738.6666666666665,1743.3333333333333,1704.0,1708.0,1965000,-1.0,-1.0,-1.0
2015/09/15,1729.3333333333333,1753.3333333333333,1710.6666666666665,1714.0,3885000,-1.0,-1.0,-1.0
2015/09/16,1715.3333333333333,1723.3333333333333,1662.6666666666665,1681.3333333333333,5052000,-1.0,-1.0,-1.0
2015/09/17,1699.3333333333333,1699.3333333333333,1656.0,1679.3333333333333,4164000,-1.0,-1.0,-1.0
2015/09/18,1664.6666666666665,1674.6666666666665,1636.6666666666665,1646.6666666666665,4227000,-1.0,-1.0,-1.0
2015/09/24,1634.6666666666665,1660.6666666666665,1613.3333333333333,1613.3333333333333,4572000,-1.0,-1.0,-1.0
2015/09/25,1625.3333333333333,1698.0,1625.3333333333333,1692.0,6573000,-1.0,-1.0,-1.0
2015/09/28,1666.6666666666665,1692.0,1655.3333333333333,1664.6666666666665,2751000,-1.0,-1.0,-1.0
2015/09/29,1636.0,1643.3333333333333,1600.6666666666665,1613.3333333333333,3492000,-1.0,-1.0,-1.0
2015/09/30,1620.0,1633.3333333333333,1604.0,1624.0,4623000,-1.0,-1.0,-1.0
2015/10/01,1616.0,1648.0,1596.6666666666665,1636.6666666666665,3471000,-1.0,-1.0,-1.0
2015/10/02,1655.3333333333333,1722.6666666666665,1655.3333333333333,1672.6666666666665,3873000,-1.0,-1.0,-1.0
2015/10/05,1706.0,1710.0,1662.0,1691.3333333333333,3345000,-1.0,-1.0,-1.0
2015/10/06,1705.3333333333333,1711.3333333333333,1655.3333333333333,1660.0,5049000,-1.0,-1.0,-1.0
2015/10/07,1660.0,1660.0,1594.0,1618.6666666666665,6813000,-1.0,-1.0,-1.0
2015/10/08,1622.0,1622.0,1582.0,1600.6666666666665,4794000,-1.0,-1.0,-1.0
2015/10/09,1616.0,1654.0,1585.3333333333333,1653.3333333333333,6492000,-1.0,-1.0,-1.0
2015/10/13,1650.0,1666.0,1636.6666666666665,1658.0,3315000,-1.0,-1.0,-1.0
2015/10/14,1645.3333333333333,1665.3333333333333,1620.0,1627.3333333333333,3228000,-1.0,-1.0,-1.0
2015/10/15,1642.0,1645.3333333333333,1608.6666666666665,1630.6666666666665,2262000,-1.0,-1.0,-1.0
2015/10/16,1640.0,1661.3333333333333,1620.0,1652.6666666666665,2355000,-1.0,-1.0,-1.0
2015/10/19,1649.3333333333333,1668.6666666666665,1640.0,1650.0,3603000,-1.0,-1.0,-1.0
2015/10/20,1672.6666666666665,1678.0,1649.3333333333333,1659.3333333333333,2604000,-1.0,-1.0,-1.0
2015/10/21,1644.0,1662.6666666666665,1610.0,1651.3333333333333,3363000,-1.0,-1.0,-1.0
2015/10/22,1646.0,1675.3333333333333,1640.6666666666665,1653.3333333333333,2883000,-1.0,-1.0,-1.0
2015/10/23,1674.6666666666665,1696.6666666666665,1646.6666666666665,1692.6666666666665,3768000,-1.0,-1.0,-1.0
2015/10/26,1700.0,1706.0,1671.3333333333333,1687.3333333333333,3102000,-1.0,-1.0,-1.0
2015/10/27,1665.3333333333333,1670.0,1640.6666666666665,1645.3333333333333,4866000,-1.0,-1.0,-1.0
2015/10/28,1658.0,1666.0,1642.0,1663.3333333333333,3144000,-1.0,-1.0,-1.0
2015/10/29,1678.0,1678.0,1654.0,1663.3333333333333,2163000,-1.0,-1.0,-1.0
2015/10/30,1673.3333333333333,1699.3333333333333,1654.0,1687.3333333333333,3651000,-1.0,-1.0,-1.0
2015/11/02,1640.0,1653.3333333333333,1571.3333333333333,1579.3333333333333,8190000,-1.0,-1.0,-1.0
2015/11/04,1600.0,1600.6666666666665,1528.6666666666665,1538.6666666666665,8709000,-1.0,-1.0,-1.0
2015/11/05,1539.3333333333333,1554.6666666666665,1508.6666666666665,1549.3333333333333,6168000,-1.0,-1.0,-1.0
2015/11/06,1563.3333333333333,1607.3333333333333,1560.6666666666665,1581.3333333333333,5298000,-1.0,-1.0,-1.0
2015/11/09,1603.3333333333333,1607.3333333333333,1583.3333333333333,1600.0,5367000,-1.0,-1.0,-1.0
2015/11/10,1592.6666666666665,1600.6666666666665,1580.6666666666665,1596.6666666666665,2658000,-1.0,-1.0,-1.0
2015/11/11,1608.6666666666665,1621.3333333333333,1596.0,1621.3333333333333,3828000,-1.0,-1.0,-1.0
2015/11/12,1608.0,1645.3333333333333,1603.3333333333333,1620.0,6456000,-1.0,-1.0,-1.0
2015/11/13,1624.0,1661.3333333333333,1613.3333333333333,1650.0,5463000,-1.0,-1.0,-1.0
2015/11/16,1617.3333333333333,1637.3333333333333,1617.3333333333333,1624.6666666666665,3108000,-1.0,-1.0,-1.0
2015/11/17,1629.3333333333333,1643.3333333333333,1622.0,1622.0,5310000,-1.0,-1.0,-1.0
2015/11/18,1630.6666666666665,1638.0,1608.6666666666665,1624.0,3975000,-1.0,-1.0,-1.0
2015/11/19,1644.0,1662.6666666666665,1638.6666666666665,1644.0,4323000,-1.0,-1.0,-1.0
2015/11/20,1620.6666666666665,1630.6666666666665,1588.6666666666665,1608.0,6261000,-1.0,-1.0,-1.0
2015/11/24,1596.6666666666665,1610.6666666666665,1584.0,1591.3333333333333,5010000,-1.0,-1.0,-1.0
2015/11/25,1598.0,1621.3333333333333,1592.6666666666665,1612.6666666666665,4155000,-1.0,-1.0,-1.0
2015/11/26,1622.0,1638.6666666666665,1620.0,1628.0,3672000,-1.0,-1.0,-1.0
2015/11/27,1643.3333333333333,1659.3333333333333,1634.0,1643.3333333333333,4449000,-1.0,-1.0,-1.0
2015/11/30,1642.6666666666665,1646.6666666666665,1586.0,1586.0,8682000,-1.0,-1.0,-1.0
2015/12/01,1590.0,1606.0,1580.6666666666665,1605.3333333333333,4572000,-1.0,-1.0,-1.0
2015/12/02,1606.0,1611.3333333333333,1591.3333333333333,1592.6666666666665,3657000,-1.0,-1.0,-1.0
2015/12/03,1598.0,1611.3333333333333,1594.0,1606.0,2853000,-1.0,-1.0,-1.0
2015/12/04,1585.3333333333333,1590.0,1563.3333333333333,1564.0,3660000,-1.0,-1.0,-1.0
2015/12/07,1579.3333333333333,1612.6666666666665,1575.3333333333333,1596.6666666666665,3288000,-1.0,-1.0,-1.0
2015/12/08,1584.6666666666665,1621.3333333333333,1582.6666666666665,1594.6666666666665,4374000,-1.0,-1.0,-1.0
2015/12/09,1586.6666666666665,1590.6666666666665,1559.3333333333333,1560.0,4089000,-1.0,-1.0,-1.0
2015/12/10,1559.3333333333333,1564.6666666666665,1540.0,1544.6666666666665,3219000,-1.0,-1.0,-1.0
2015/12/11,1556.6666666666665,1573.3333333333333,1547.3333333333333,1561.3333333333333,6651000,-1.0,-1.0,-1.0
2015/12/14,1533.3333333333333,1555.3333333333333,1528.0,1549.3333333333333,2568000,-1.0,-1.0,-1.0
2015/12/15,1547.3333333333333,1556.0,1523.3333333333333,1523.3333333333333,2295000,-1.0,-1.0,-1.0
2015/12/16,1536.6666666666665,1553.3333333333333,1527.3333333333333,1552.6666666666665,2880000,-1.0,-1.0,-1.0
2015/12/17,1570.0,1584.0,1555.3333333333333,1579.3333333333333,4806000,-1.0,-1.0,-1.0
2015/12/18,1580.0,1601.3333333333333,1538.6666666666665,1539.3333333333333,5667000,-1.0,-1.0,-1.0
2015/12/21,1535.3333333333333,1556.6666666666665,1517.3333333333333,1554.6666666666665,2538000,-1.0,-1.0,-1.0
2015/12/22,1563.3333333333333,1563.3333333333333,1536.6666666666665,1544.0,2073000,-1.0,-1.0,-1.0
2015/12/24,1553.3333333333333,1569.3333333333333,1538.6666666666665,1540.6666666666665,2142000,-1.0,-1.0,-1.0
2015/12/25,1539.3333333333333,1544.6666666666665,1527.3333333333333,1534.6666666666665,1614000,-1.0,-1.0,-1.0
2015/12/28,1542.6666666666665,1560.6666666666665,1528.6666666666665,1555.3333333333333,1770000,-1.0,-1.0,-1.0
2015/12/29,1540.6666666666665,1582.6666666666665,1538.6666666666665,1582.0,2835000,-1.0,-1.0,-1.0
2015/12/30,1582.0,1605.3333333333333,1579.3333333333333,1585.3333333333333,3183000,-1.0,-1.0,-1.0
2016/01/04,1572.0,1576.6666666666665,1533.3333333333333,1540.0,3600000,-1.0,-1.0,-1.0
2016/01/05,1540.0,1548.0,1522.6666666666665,1532.0,2406000,-1.0,-1.0,-1.0
2016/01/06,1529.3333333333333,1546.0,1508.6666666666665,1521.3333333333333,2862000,-1.0,-1.0,-1.0
2016/01/07,1526.0,1541.3333333333333,1513.3333333333333,1514.0,3246000,-1.0,-1.0,-1.0
2016/01/08,1492.6666666666665,1534.0,1492.6666666666665,1509.3333333333333,4344000,-1.0,-1.0,-1.0
2016/01/12,1480.0,1491.3333333333333,1470.0,1474.6666666666665,4062000,-1.0,-1.0,-1.0
2016/01/13,1479.3333333333333,1512.0,1478.0,1511.3333333333333,3264000,-1.0,-1.0,-1.0
2016/01/14,1482.6666666666665,1492.0,1462.0,1487.3333333333333,5502000,-1.0,-1.0,-1.0
2016/01/15,1501.3333333333333,1522.6666666666665,1479.3333333333333,1484.0,3210000,-1.0,-1.0,-1.0
2016/01/18,1466.0,1470.0,1448.0,1465.3333333333333,3564000,-1.0,-1.0,-1.0
2016/01/19,1464.6666666666665,1475.3333333333333,1448.6666666666665,1459.3333333333333,2661000,-1.0,-1.0,-1.0
2016/01/20,1458.0,1466.6666666666665,1421.3333333333333,1424.6666666666665,3303000,-1.0,-1.0,-1.0
2016/01/21,1424.6666666666665,1450.0,1390.0,1391.3333333333333,3546000,-1.0,-1.0,-1.0
2016/01/22,1420.0,1444.6666666666665,1402.6666666666665,1442.0,4479000,-1.0,-1.0,-1.0
2016/01/25,1450.0,1482.6666666666665,1446.6666666666665,1478.6666666666665,3258000,-1.0,-1.0,-1.0
2016/01/26,1464.6666666666665,1469.3333333333333,1441.3333333333333,1448.0,2610000,-1.0,-1.0,-1.0
2016/01/27,1457.3333333333333,1479.3333333333333,1453.3333333333333,1478.0,2307000,-1.0,-1.0,-1.0
2016/01/28,1455.3333333333333,1487.3333333333333,1438.6666666666665,1464.6666666666665,4329000,-1.0,-1.0,-1.0
2016/01/29,1490.0,1558.0,1480.6666666666665,1547.3333333333333,6255000,-1.0,-1.0,-1.0
2016/02/01,1560.0,1604.0,1560.0,1601.3333333333333,4569000,-1.0,-1.0,-1.0
2016/02/02,1692.6666666666665,1729.3333333333333,1676.0,1695.3333333333333,11979000,-1.0,-1.0,-1.0
2016/02/03,1680.6666666666665,1700.0,1660.0,1686.0,6987000,-1.0,-1.0,-1.0
2016/02/04,1674.6666666666665,1717.3333333333333,1667.3333333333333,1711.3333333333333,6618000,-1.0,-1.0,-1.0
2016/02/05,1694.0,1722.6666666666665,1685.3333333333333,1706.0,5427000,-1.0,-1.0,-1.0
2016/02/08,1705.3333333333333,1746.6666666666665,1693.3333333333333,1740.0,3192000,-1.0,-1.0,-1.0
2016/02/09,1682.6666666666665,1701.3333333333333,1666.6666666666665,1690.6666666666665,4092000,-1.0,-1.0,-1.0
2016/02/10,1730.0,1732.6666666666665,1649.3333333333333,1678.6666666666665,6081000,-1.0,-1.0,-1.0
2016/02/12,1646.0,1678.6666666666665,1622.0,1648.0,6996000,-1.0,-1.0,-1.0
2016/02/15,1687.3333333333333,1756.6666666666665,1687.3333333333333,1744.6666666666665,5664000,-1.0,-1.0,-1.0
2016/02/16,1701.3333333333333,1714.0,1661.3333333333333,1666.0,5631000,-1.0,-1.0,-1.0
2016/02/17,1668.6666666666665,1674.6666666666665,1613.3333333333333,1637.3333333333333,5319000,-1.0,-1.0,-1.0
2016/02/18,1686.0,1689.3333333333333,1662.6666666666665,1670.6666666666665,3450000,-1.0,-1.0,-1.0
2016/02/19,1662.0,1672.0,1638.6666666666665,1664.0,2568000,-1.0,-1.0,-1.0
2016/02/22,1657.3333333333333,1704.6666666666665,1657.3333333333333,1692.0,2952000,-1.0,-1.0,-1.0
2016/02/23,1686.6666666666665,1691.3333333333333,1648.6666666666665,1653.3333333333333,2910000,-1.0,-1.0,-1.0
2016/02/24,1638.6666666666665,1649.3333333333333,1615.3333333333333,1629.3333333333333,3012000,-1.0,-1.0,-1.0
2016/02/25,1619.3333333333333,1654.6666666666665,1619.3333333333333,1642.0,2577000,-1.0,-1.0,-1.0
2016/02/26,1668.6666666666665,1694.0,1663.3333333333333,1664.6666666666665,2700000,-1.0,-1.0,-1.0
2016/02/29,1648.0,1660.6666666666665,1583.3333333333333,1583.3333333333333,6741000,-1.0,-1.0,-1.0
2016/03/01,1586.6666666666665,1600.0,1570.0,1590.0,4563000,-1.0,-1.0,-1.0
2016/03/02,1605.3333333333333,1628.0,1582.6666666666665,1625.3333333333333,4674000,-1.0,-1.0,-1.0
2016/03/03,1617.3333333333333,1638.6666666666665,1602.6666666666665,1630.0,3111000,-1.0,-1.0,-1.0
2016/03/04,1623.3333333333333,1660.6666666666665,1606.0,1658.0,4392000,-1.0,-1.0,-1.0
2016/03/07,1662.6666666666665,1704.6666666666665,1645.3333333333333,1698.6666666666665,5598000,-1.0,-1.0,-1.0
2016/03/08,1702.6666666666665,1710.0,1684.6666666666665,1696.0,4599000,-1.0,-1.0,-1.0
2016/03/09,1710.6666666666665,1732.6666666666665,1692.0,1700.0,4629000,-1.0,-1.0,-1.0
2016/03/10,1718.0,1729.3333333333333,1700.0,1724.0,3462000,-1.0,-1.0,-1.0
2016/03/11,1690.6666666666665,1738.0,1688.0,1726.6666666666665,8262000,-1.0,-1.0,-1.0
2016/03/14,1739.3333333333333,1748.0,1728.6666666666665,1744.0,2070000,-1.0,-1.0,-1.0
2016/03/15,1727.3333333333333,1733.3333333333333,1686.0,1688.0,4140000,-1.0,-1.0,-1.0
2016/03/16,1679.3333333333333,1689.3333333333333,1655.3333333333333,1668.6666666666665,3615000,-1.0,-1.0,-1.0
2016/03/17,1680.6666666666665,1698.0,1646.6666666666665,1654.6666666666665,3321000,-1.0,-1.0,-1.0
2016/03/18,1652.6666666666665,1662.6666666666665,1626.0,1636.6666666666665,3456000,-1.0,-1.0,-1.0
2016/03/22,1636.6666666666665,1682.6666666666665,1632.0,1680.0,3996000,-1.0,-1.0,-1.0
2016/03/23,1693.3333333333333,1730.0,1693.3333333333333,1726.6666666666665,4083000,-1.0,-1.0,-1.0
2016/03/24,1722.6666666666665,1769.3333333333333,1721.3333333333333,1757.3333333333333,4797000,-1.0,-1.0,-1.0
2016/03/25,1756.0,1757.3333333333333,1708.6666666666665,1714.0,3366000,-1.0,-1.0,-1.0
2016/03/28,1721.3333333333333,1730.0,1704.6666666666665,1724.6666666666665,2679000,-1.0,-1.0,-1.0
2016/03/29,1707.3333333333333,1728.6666666666665,1694.6666666666665,1705.3333333333333,3018000,-1.0,-1.0,-1.0
2016/03/30,1697.3333333333333,1717.3333333333333,1693.3333333333333,1696.0,2169000,-1.0,-1.0,-1.0
2016/03/31,1697.3333333333333,1699.3333333333333,1646.6666666666665,1653.3333333333333,4335000,-1.0,-1.0,-1.0
2016/04/01,1652.0,1654.6666666666665,1592.6666666666665,1600.0,3180000,-1.0,-1.0,-1.0
2016/04/04,1600.6666666666665,1630.0,1600.6666666666665,1611.3333333333333,2640000,-1.0,-1.0,-1.0
2016/04/05,1600.0,1603.3333333333333,1565.3333333333333,1565.3333333333333,3042000,-1.0,-1.0,-1.0
2016/04/06,1556.0,1582.6666666666665,1550.0,1575.3333333333333,2808000,-1.0,-1.0,-1.0
2016/04/07,1564.6666666666665,1573.3333333333333,1551.3333333333333,1566.0,2442000,-1.0,-1.0,-1.0
2016/04/08,1559.3333333333333,1608.6666666666665,1553.3333333333333,1591.3333333333333,3429000,-1.0,-1.0,-1.0
2016/04/11,1599.3333333333333,1600.6666666666665,1574.0,1586.6666666666665,1869000,-1.0,-1.0,-1.0
2016/04/12,1576.0,1594.6666666666665,1564.6666666666665,1564.6666666666665,2187000,-1.0,-1.0,-1.0
2016/04/13,1569.3333333333333,1586.6666666666665,1556.0,1560.0,3414000,-1.0,-1.0,-1.0
2016/04/14,1574.6666666666665,1608.6666666666665,1550.6666666666665,1607.3333333333333,3045000,-1.0,-1.0,-1.0
2016/04/15,1611.3333333333333,1620.6666666666665,1605.3333333333333,1610.0,1869000,-1.0,-1.0,-1.0
2016/04/18,1582.0,1586.0,1564.0,1564.0,2064000,-1.0,-1.0,-1.0
2016/04/19,1610.0,1622.6666666666665,1582.6666666666665,1619.3333333333333,2487000,-1.0,-1.0,-1.0
2016/04/20,1637.3333333333333,1642.0,1620.0,1630.0,1722000,-1.0,-1.0,-1.0
2016/04/21,1660.6666666666665,1668.6666666666665,1650.6666666666665,1663.3333333333333,2466000,-1.0,-1.0,-1.0
2016/04/22,1652.6666666666665,1673.3333333333333,1642.0,1671.3333333333333,2427000,-1.0,-1.0,-1.0
2016/04/25,1672.0,1672.0,1653.3333333333333,1661.3333333333333,1773000,-1.0,-1.0,-1.0
2016/04/26,1671.3333333333333,1690.0,1658.0,1681.3333333333333,2064000,-1.0,-1.0,-1.0
2016/04/27,1678.6666666666665,1695.3333333333333,1673.3333333333333,1680.6666666666665,3843000,-1.0,-1.0,-1.0
2016/04/28,1676.0,1695.3333333333333,1620.0,1620.6666666666665,3555000,-1.0,-1.0,-1.0
2016/05/02,1587.3333333333333,1602.0,1572.0,1586.0,4692000,-1.0,-1.0,-1.0
2016/05/06,1633.3333333333333,1644.6666666666665,1578.0,1597.3333333333333,5775000,-1.0,-1.0,-1.0
2016/05/09,1613.3333333333333,1639.3333333333333,1600.0,1634.0,3186000,-1.0,-1.0,-1.0
2016/05/10,1686.6666666666665,1760.6666666666665,1675.3333333333333,1752.6666666666665,10902000,-1.0,-1.0,-1.0
2016/05/11,1752.0,1775.3333333333333,1674.6666666666665,1680.0,7539000,-1.0,-1.0,-1.0
2016/05/12,1703.3333333333333,1733.3333333333333,1681.3333333333333,1712.0,4443000,-1.0,-1.0,-1.0
2016/05/13,1740.0,1743.3333333333333,1698.0,1706.0,4617000,-1.0,-1.0,-1.0
2016/05/16,1687.3333333333333,1730.0,1687.3333333333333,1708.6666666666665,2478000,-1.0,-1.0,-1.0
2016/05/17,1719.3333333333333,1733.3333333333333,1701.3333333333333,1732.6666666666665,2748000,-1.0,-1.0,-1.0
2016/05/18,1727.3333333333333,1734.0,1692.0,1710.6666666666665,2955000,-1.0,-1.0,-1.0
2016/05/19,1696.0,1716.6666666666665,1690.0,1693.3333333333333,1929000,-1.0,-1.0,-1.0
2016/05/20,1691.3333333333333,1706.0,1683.3333333333333,1700.0,2028000,-1.0,-1.0,-1.0
2016/05/23,1689.3333333333333,1689.3333333333333,1652.0,1657.3333333333333,2868000,-1.0,-1.0,-1.0
2016/05/24,1657.3333333333333,1663.3333333333333,1637.3333333333333,1640.6666666666665,3159000,-1.0,-1.0,-1.0
2016/05/25,1674.0,1674.0,1640.0,1664.0,3489000,-1.0,-1.0,-1.0
2016/05/26,1678.6666666666665,1682.0,1664.0,1671.3333333333333,2238000,-1.0,-1.0,-1.0
2016/05/27,1672.0,1688.0,1671.3333333333333,1679.3333333333333,1809000,-1.0,-1.0,-1.0
2016/05/30,1683.3333333333333,1701.3333333333333,1680.0,1701.3333333333333,1293000,-1.0,-1.0,-1.0
2016/05/31,1711.3333333333333,1730.0,1700.6666666666665,1725.3333333333333,4455000,-1.0,-1.0,-1.0
2016/06/01,1695.3333333333333,1708.0,1667.3333333333333,1671.3333333333333,3474000,-1.0,-1.0,-1.0
2016/06/02,1670.6666666666665,1670.6666666666665,1630.0,1636.0,3288000,-1.0,-1.0,-1.0
2016/06/03,1620.6666666666665,1636.6666666666665,1616.0,1635.3333333333333,2478000,-1.0,-1.0,-1.0
2016/06/06,1617.3333333333333,1647.3333333333333,1616.6666666666665,1647.3333333333333,1860000,-1.0,-1.0,-1.0
2016/06/07,1647.3333333333333,1653.3333333333333,1638.0,1649.3333333333333,1755000,-1.0,-1.0,-1.0
2016/06/08,1656.6666666666665,1664.6666666666665,1640.0,1652.6666666666665,2310000,-1.0,-1.0,-1.0
2016/06/09,1647.3333333333333,1648.6666666666665,1602.0,1616.6666666666665,4143000,-1.0,-1.0,-1.0
2016/06/10,1625.3333333333333,1634.6666666666665,1612.0,1634.6666666666665,5637000,-1.0,-1.0,-1.0
2016/06/13,1619.3333333333333,1620.6666666666665,1595.3333333333333,1595.3333333333333,2418000,-1.0,-1.0,-1.0
2016/06/14,1593.3333333333333,1609.3333333333333,1576.6666666666665,1590.6666666666665,2883000,-1.0,-1.0,-1.0
2016/06/15,1593.3333333333333,1622.0,1592.6666666666665,1614.6666666666665,2811000,-1.0,-1.0,-1.0
2016/06/16,1600.6666666666665,1619.3333333333333,1558.0,1559.3333333333333,2970000,-1.0,-1.0,-1.0
2016/06/17,1591.3333333333333,1591.3333333333333,1563.3333333333333,1568.6666666666665,3090000,-1.0,-1.0,-1.0
2016/06/20,1589.3333333333333,1600.6666666666665,1585.3333333333333,1589.3333333333333,2637000,-1.0,-1.0,-1.0
2016/06/21,1582.0,1622.0,1582.0,1618.6666666666665,2013000,-1.0,-1.0,-1.0
2016/06/22,1604.0,1635.3333333333333,1600.6666666666665,1626.6666666666665,1710000,-1.0,-1.0,-1.0
2016/06/23,1616.6666666666665,1625.3333333333333,1596.6666666666665,1602.0,1317000,-1.0,-1.0,-1.0
2016/06/24,1600.6666666666665,1606.6666666666665,1489.3333333333333,1516.0,4185000,-1.0,-1.0,-1.0
2016/06/27,1549.3333333333333,1575.3333333333333,1516.0,1569.3333333333333,3492000,-1.0,-1.0,-1.0
2016/06/28,1616.6666666666665,1679.3333333333333,1601.3333333333333,1655.3333333333333,6120000,-1.0,-1.0,-1.0
2016/06/29,1656.0,1669.3333333333333,1640.0,1662.6666666666665,3396000,-1.0,-1.0,-1.0
2016/06/30,1684.0,1694.6666666666665,1657.3333333333333,1662.0,3558000,-1.0,-1.0,-1.0
2016/07/01,1661.3333333333333,1698.6666666666665,1660.0,1694.6666666666665,2055000,-1.0,-1.0,-1.0
2016/07/04,1678.6666666666665,1732.6666666666665,1678.6666666666665,1725.3333333333333,3321000,-1.0,-1.0,-1.0
2016/07/05,1705.3333333333333,1730.6666666666665,1705.3333333333333,1730.6666666666665,2112000,-1.0,-1.0,-1.0
2016/07/06,1706.6666666666665,1746.0,1698.0,1738.0,4569000,-1.0,-1.0,-1.0
2016/07/07,1720.6666666666665,1737.3333333333333,1705.3333333333333,1710.6666666666665,3396000,-1.0,-1.0,-1.0
2016/07/08,1722.6666666666665,1722.6666666666665,1676.0,1678.0,4293000,-1.0,-1.0,-1.0
2016/07/11,1693.3333333333333,1751.3333333333333,1693.3333333333333,1741.3333333333333,3039000,-1.0,-1.0,-1.0
2016/07/12,1733.3333333333333,1745.3333333333333,1718.6666666666665,1719.3333333333333,3987000,-1.0,-1.0,-1.0
2016/07/13,1724.6666666666665,1731.3333333333333,1702.6666666666665,1718.0,2415000,-1.0,-1.0,-1.0
2016/07/14,1718.0,1749.3333333333333,1718.0,1742.6666666666665,2436000,-1.0,-1.0,-1.0
2016/07/15,1720.0,1725.3333333333333,1685.3333333333333,1692.6666666666665,2745000,-1.0,-1.0,-1.0
2016/07/19,1705.3333333333333,1773.3333333333333,1694.0,1772.6666666666665,4110000,-1.0,-1.0,-1.0
2016/07/20,1741.3333333333333,1756.0,1661.3333333333333,1670.0,8673000,-1.0,-1.0,-1.0
2016/07/21,1696.6666666666665,1696.6666666666665,1658.0,1666.0,2634000,-1.0,-1.0,-1.0
2016/07/22,1670.6666666666665,1683.3333333333333,1648.6666666666665,1667.3333333333333,1971000,-1.0,-1.0,-1.0
2016/07/25,1650.0,1676.0,1639.3333333333333,1652.0,2157000,-1.0,-1.0,-1.0
2016/07/26,1646.0,1659.3333333333333,1638.0,1646.0,2145000,-1.0,-1.0,-1.0
2016/07/27,1663.3333333333333,1670.6666666666665,1631.3333333333333,1636.0,3498000,-1.0,-1.0,-1.0
2016/07/28,1642.0,1660.6666666666665,1622.0,1656.6666666666665,3957000,-1.0,-1.0,-1.0
2016/07/29,1676.6666666666665,1698.6666666666665,1634.0,1668.6666666666665,5001000,-1.0,-1.0,-1.0
2016/08/01,1624.0,1640.0,1614.0,1624.0,5535000,-1.0,-1.0,-1.0
2016/08/02,1631.3333333333333,1648.0,1620.6666666666665,1624.0,3645000,-1.0,-1.0,-1.0
2016/08/03,1600.0,1602.0,1552.0,1552.6666666666665,5271000,-1.0,-1.0,-1.0
2016/08/04,1554.0,1562.6666666666665,1527.3333333333333,1560.0,5445000,-1.0,-1.0,-1.0
2016/08/05,1540.0,1572.6666666666665,1537.3333333333333,1571.3333333333333,3912000,-1.0,-1.0,-1.0
2016/08/08,1574.0,1576.6666666666665,1536.0,1542.0,3432000,-1.0,-1.0,-1.0
2016/08/09,1544.0,1582.0,1542.0,1580.6666666666665,3378000,-1.0,-1.0,-1.0
2016/08/10,1600.0,1602.0,1568.0,1591.3333333333333,2961000,-1.0,-1.0,-1.0
2016/08/12,1613.3333333333333,1613.3333333333333,1588.0,1606.6666666666665,2727000,-1.0,-1.0,-1.0
2016/08/15,1612.6666666666665,1612.6666666666665,1592.6666666666665,1596.0,1818000,-1.0,-1.0,-1.0
2016/08/16,1590.6666666666665,1590.6666666666665,1552.6666666666665,1559.3333333333333,3138000,-1.0,-1.0,-1.0
2016/08/17,1552.6666666666665,1568.0,1546.0,1550.6666666666665,2379000,-1.0,-1.0,-1.0
2016/08/18,1533.3333333333333,1543.3333333333333,1501.3333333333333,1503.3333333333333,3870000,-1.0,-1.0,-1.0
2016/08/19,1507.3333333333333,1514.0,1487.3333333333333,1508.6666666666665,3588000,-1.0,-1.0,-1.0
2016/08/22,1516.0,1532.0,1504.6666666666665,1516.0,3138000,-1.0,-1.0,-1.0
2016/08/23,1522.0,1536.6666666666665,1516.0,1525.3333333333333,2448000,-1.0,-1.0,-1.0
2016/08/24,1504.0,1527.3333333333333,1503.3333333333333,1526.0,2538000,-1.0,-1.0,-1.0
2016/08/25,1525.3333333333333,1538.6666666666665,1522.6666666666665,1527.3333333333333,4332000,-1.0,-1.0,-1.0
2016/08/26,1512.6666666666665,1521.3333333333333,1490.0,1504.0,4224000,-1.0,-1.0,-1.0
2016/08/29,1510.0,1522.0,1496.6666666666665,1514.0,2319000,-1.0,-1.0,-1.0
2016/08/30,1516.0,1517.3333333333333,1496.6666666666665,1498.6666666666665,2232000,-1.0,-1.0,-1.0
2016/08/31,1502.6666666666665,1513.3333333333333,1490.6666666666665,1510.0,2343000,-1.0,-1.0,-1.0
2016/09/01,1527.3333333333333,1535.3333333333333,1514.6666666666665,1530.0,2994000,-1.0,-1.0,-1.0
2016/09/02,1534.6666666666665,1559.3333333333333,1527.3333333333333,1533.3333333333333,3045000,-1.0,-1.0,-1.0
2016/09/05,1566.6666666666665,1590.6666666666665,1559.3333333333333,1586.6666666666665,3723000,-1.0,-1.0,-1.0
2016/09/06,1592.6666666666665,1608.0,1590.0,1607.3333333333333,3075000,-1.0,-1.0,-1.0
2016/09/07,1588.0,1601.3333333333333,1578.0,1594.6666666666665,2811000,-1.0,-1.0,-1.0
2016/09/08,1584.6666666666665,1598.0,1578.0,1592.6666666666665,2520000,-1.0,-1.0,-1.0
2016/09/09,1603.3333333333333,1606.6666666666665,1566.6666666666665,1573.3333333333333,3906000,-1.0,-1.0,-1.0
2016/09/12,1568.0,1592.0,1565.3333333333333,1590.6666666666665,2103000,-1.0,-1.0,-1.0
2016/09/13,1591.3333333333333,1599.3333333333333,1583.3333333333333,1586.6666666666665,2325000,-1.0,-1.0,-1.0
2016/09/14,1585.3333333333333,1601.3333333333333,1570.6666666666665,1588.6666666666665,2790000,-1.0,-1.0,-1.0
2016/09/15,1586.6666666666665,1590.6666666666665,1578.0,1583.3333333333333,2274000,-1.0,-1.0,-1.0
2016/09/16,1591.3333333333333,1608.0,1591.3333333333333,1607.3333333333333,2640000,-1.0,-1.0,-1.0
2016/09/20,1607.3333333333333,1623.3333333333333,1600.0,1616.6666666666665,2481000,-1.0,-1.0,-1.0
2016/09/21,1616.6666666666665,1641.3333333333333,1616.6666666666665,1640.0,3276000,-1.0,-1.0,-1.0
2016/09/23,1626.6666666666665,1658.0,1626.0,1640.6666666666665,3228000,-1.0,-1.0,-1.0
2016/09/26,1634.0,1650.6666666666665,1628.0,1631.3333333333333,2526000,-1.0,-1.0,-1.0
2016/09/27,1612.6666666666665,1650.0,1612.0,1650.0,4200000,-1.0,-1.0,-1.0
2016/09/28,1626.0,1637.3333333333333,1620.0,1633.3333333333333,2406000,-1.0,-1.0,-1.0
2016/09/29,1636.0,1637.3333333333333,1627.3333333333333,1629.3333333333333,1620000,-1.0,-1.0,-1.0
2016/09/30,1618.0,1632.6666666666665,1610.6666666666665,1624.0,1908000,-1.0,-1.0,-1.0
2016/10/03,1632.6666666666665,1640.6666666666665,1620.0,1634.6666666666665,1878000,-1.0,-1.0,-1.0
2016/10/04,1634.6666666666665,1639.3333333333333,1622.6666666666665,1626.6666666666665,1815000,-1.0,-1.0,-1.0
2016/10/05,1622.6666666666665,1622.6666666666665,1597.3333333333333,1597.3333333333333,2730000,-1.0,-1.0,-1.0
2016/10/06,1597.3333333333333,1624.6666666666665,1590.6666666666665,1616.6666666666665,2277000,-1.0,-1.0,-1.0
2016/10/07,1622.6666666666665,1626.6666666666665,1610.6666666666665,1612.6666666666665,1938000,-1.0,-1.0,-1.0
2016/10/11,1610.6666666666665,1628.0,1606.0,1616.0,2253000,-1.0,-1.0,-1.0
2016/10/12,1613.3333333333333,1622.6666666666665,1608.6666666666665,1609.3333333333333,2022000,-1.0,-1.0,-1.0
2016/10/13,1612.0,1612.0,1593.3333333333333,1598.0,2073000,-1.0,-1.0,-1.0
2016/10/14,1593.3333333333333,1610.0,1592.6666666666665,1600.0,3600000,-1.0,-1.0,-1.0
2016/10/17,1612.0,1612.0,1596.6666666666665,1608.0,1755000,-1.0,-1.0,-1.0
2016/10/18,1598.6666666666665,1618.0,1598.6666666666665,1616.0,1638000,-1.0,-1.0,-1.0
2016/10/19,1610.0,1636.6666666666665,1604.6666666666665,1632.0,2889000,-1.0,-1.0,-1.0
2016/10/20,1620.0,1664.0,1614.6666666666665,1660.6666666666665,3642000,-1.0,-1.0,-1.0
2016/10/21,1660.0,1664.6666666666665,1649.3333333333333,1652.6666666666665,3066000,-1.0,-1.0,-1.0
2016/10/24,1662.0,1682.0,1657.3333333333333,1682.0,3321000,-1.0,-1.0,-1.0
2016/10/25,1698.6666666666665,1704.0,1679.3333333333333,1682.0,2565000,-1.0,-1.0,-1.0
2016/10/26,1679.3333333333333,1692.6666666666665,1674.6666666666665,1687.3333333333333,2661000,-1.0,-1.0,-1.0
2016/10/27,1672.6666666666665,1692.6666666666665,1672.0,1676.6666666666665,2370000,-1.0,-1.0,-1.0
2016/10/28,1678.6666666666665,1692.0,1673.3333333333333,1684.6666666666665,3945000,-1.0,-1.0,-1.0
2016/10/31,1684.0,1688.0,1669.3333333333333,1676.0,2463000,-1.0,-1.0,-1.0
2016/11/01,1659.3333333333333,1685.3333333333333,1642.6666666666665,1682.0,3216000,-1.0,-1.0,-1.0
2016/11/02,1771.3333333333333,1840.6666666666665,1771.3333333333333,1839.3333333333333,12867000,-1.0,-1.0,-1.0
2016/11/04,1830.0,1854.0,1802.6666666666665,1846.6666666666665,7911000,-1.0,-1.0,-1.0
2016/11/07,1853.3333333333333,1893.3333333333333,1838.0,1882.0,6276000,-1.0,-1.0,-1.0
2016/11/08,1882.0,1896.0,1852.6666666666665,1878.0,4278000,-1.0,-1.0,-1.0
2016/11/09,1854.0,1893.3333333333333,1804.0,1805.3333333333333,6606000,-1.0,-1.0,-1.0
2016/11/10,1838.0,1846.0,1779.3333333333333,1786.0,9078000,-1.0,-1.0,-1.0
2016/11/11,1790.0,1790.0,1760.0,1780.6666666666665,5922000,-1.0,-1.0,-1.0
2016/11/14,1791.3333333333333,1818.6666666666665,1788.6666666666665,1802.0,3693000,-1.0,-1.0,-1.0
2016/11/15,1806.0,1813.3333333333333,1787.3333333333333,1809.3333333333333,3453000,-1.0,-1.0,-1.0
2016/11/16,1820.0,1825.3333333333333,1792.0,1816.0,3810000,-1.0,-1.0,-1.0
2016/11/17,1816.6666666666665,1837.3333333333333,1810.6666666666665,1830.6666666666665,3285000,-1.0,-1.0,-1.0
2016/11/18,1830.6666666666665,1850.6666666666665,1823.3333333333333,1845.3333333333333,3429000,-1.0,-1.0,-1.0
2016/11/21,1845.3333333333333,1902.0,1845.3333333333333,1894.0,4707000,-1.0,-1.0,-1.0
2016/11/22,1933.3333333333333,1978.6666666666665,1924.0,1930.0,5712000,-1.0,-1.0,-1.0
2016/11/24,1926.0,1928.0,1910.6666666666665,1912.6666666666665,2907000,-1.0,-1.0,-1.0
2016/11/25,1910.6666666666665,1910.6666666666665,1890.6666666666665,1906.6666666666665,3600000,-1.0,-1.0,-1.0
2016/11/28,1916.6666666666665,1937.3333333333333,1915.3333333333333,1928.6666666666665,2391000,-1.0,-1.0,-1.0
2016/11/29,1933.3333333333333,1952.0,1916.6666666666665,1935.3333333333333,4860000,-1.0,-1.0,-1.0
2016/11/30,1955.3333333333333,1964.0,1940.6666666666665,1964.0,3735000,-1.0,-1.0,-1.0
2016/12/01,1973.3333333333333,1988.6666666666665,1952.6666666666665,1961.3333333333333,4350000,-1.0,-1.0,-1.0
2016/12/02,1963.3333333333333,1986.0,1956.6666666666665,1968.0,3666000,-1.0,-1.0,-1.0
2016/12/05,1978.6666666666665,1982.0,1958.0,1966.0,2940000,-1.0,-1.0,-1.0
2016/12/06,1974.0,1974.0,1947.3333333333333,1966.0,4233000,-1.0,-1.0,-1.0
2016/12/07,1954.6666666666665,1958.0,1925.3333333333333,1930.6666666666665,3111000,-1.0,-1.0,-1.0
2016/12/08,1944.6666666666665,1972.0,1924.6666666666665,1972.0,3507000,-1.0,-1.0,-1.0
2016/12/09,1964.6666666666665,1992.0,1956.6666666666665,1974.6666666666665,5718000,-1.0,-1.0,-1.0
2016/12/12,1994.6666666666665,2046.6666666666665,1980.6666666666665,2023.3333333333333,4182000,-1.0,-1.0,-1.0
2016/12/13,2023.3333333333333,2040.0,2003.3333333333333,2036.6666666666665,3294000,-1.0,-1.0,-1.0
2016/12/14,2046.6666666666665,2046.6666666666665,1999.3333333333333,2010.0,3537000,-1.0,-1.0,-1.0
2016/12/15,2013.3333333333333,2066.6666666666665,2010.0,2053.333333333333,3432000,-1.0,-1.0,-1.0
2016/12/16,2076.6666666666665,2096.6666666666665,2060.0,2060.0,3657000,-1.0,-1.0,-1.0
2016/12/19,2063.333333333333,2083.333333333333,2046.6666666666665,2080.0,1926000,-1.0,-1.0,-1.0
2016/12/20,2086.6666666666665,2086.6666666666665,2053.333333333333,2063.333333333333,3384000,-1.0,-1.0,-1.0
2016/12/21,2093.333333333333,2120.0,2073.333333333333,2103.333333333333,4002000,-1.0,-1.0,-1.0
2016/12/22,2116.6666666666665,2116.6666666666665,2080.0,2090.0,2865000,-1.0,-1.0,-1.0
2016/12/26,2106.6666666666665,2106.6666666666665,2086.6666666666665,2090.0,1854000,-1.0,-1.0,-1.0
2016/12/27,2093.333333333333,2116.6666666666665,2080.0,2093.333333333333,2619000,-1.0,-1.0,-1.0
2016/12/28,2100.0,2133.333333333333,2093.333333333333,2120.0,1989000,-1.0,-1.0,-1.0
2016/12/29,2120.0,2130.0,2096.6666666666665,2103.333333333333,2100000,-1.0,-1.0,-1.0
2016/12/30,2096.6666666666665,2120.0,2093.333333333333,2103.333333333333,1782000,-1.0,-1.0,-1.0
2017/01/04,2106.6666666666665,2170.0,2103.333333333333,2156.6666666666665,3852000,-1.0,-1.0,-1.0
2017/01/05,2126.6666666666665,2146.6666666666665,2123.333333333333,2130.0,2181000,-1.0,-1.0,-1.0
2017/01/06,2136.6666666666665,2150.0,2126.6666666666665,2143.333333333333,2226000,-1.0,-1.0,-1.0
2017/01/10,2130.0,2130.0,2090.0,2093.333333333333,2931000,-1.0,-1.0,-1.0
2017/01/11,2076.6666666666665,2103.333333333333,2076.6666666666665,2096.6666666666665,1905000,-1.0,-1.0,-1.0
2017/01/12,2096.6666666666665,2096.6666666666665,2046.6666666666665,2080.0,3498000,-1.0,-1.0,-1.0
2017/01/13,2093.333333333333,2113.333333333333,2080.0,2100.0,3066000,-1.0,-1.0,-1.0
2017/01/16,2090.0,2106.6666666666665,2076.6666666666665,2093.333333333333,1965000,-1.0,-1.0,-1.0
2017/01/17,2093.333333333333,2093.333333333333,2053.333333333333,2056.6666666666665,2217000,-1.0,-1.0,-1.0
2017/01/18,2066.6666666666665,2090.0,2053.333333333333,2076.6666666666665,2616000,-1.0,-1.0,-1.0
2017/01/19,2073.333333333333,2093.333333333333,2063.333333333333,2080.0,2151000,-1.0,-1.0,-1.0
2017/01/20,2073.333333333333,2096.6666666666665,2070.0,2070.0,2139000,-1.0,-1.0,-1.0
2017/01/23,2066.6666666666665,2073.333333333333,2036.6666666666665,2053.333333333333,2604000,-1.0,-1.0,-1.0
2017/01/24,2046.6666666666665,2066.6666666666665,2023.3333333333333,2023.3333333333333,2853000,-1.0,-1.0,-1.0
2017/01/25,2040.0,2046.6666666666665,2020.0,2020.0,2589000,-1.0,-1.0,-1.0
2017/01/26,2026.6666666666665,2056.6666666666665,2010.0,2050.0,3345000,-1.0,-1.0,-1.0
2017/01/27,2060.0,2066.6666666666665,2033.3333333333333,2036.6666666666665,2235000,-1.0,-1.0,-1.0
2017/01/30,2023.3333333333333,2043.3333333333333,2016.6666666666665,2036.6666666666665,1902000,-1.0,-1.0,-1.0
2017/01/31,2036.6666666666665,2063.333333333333,2033.3333333333333,2050.0,4221000,-1.0,-1.0,-1.0
2017/02/01,2106.6666666666665,2120.0,2020.0,2050.0,5451000,-1.0,-1.0,-1.0
2017/02/02,2056.6666666666665,2063.333333333333,2010.0,2016.6666666666665,3561000,-1.0,-1.0,-1.0
2017/02/03,2030.0,2046.6666666666665,2016.6666666666665,2023.3333333333333,2856000,-1.0,-1.0,-1.0
2017/02/06,2030.0,2040.0,2000.0,2010.0,2418000,-1.0,-1.0,-1.0
2017/02/07,2010.0,2036.6666666666665,1997.3333333333333,2033.3333333333333,2352000,-1.0,-1.0,-1.0
2017/02/08,2033.3333333333333,2033.3333333333333,2006.6666666666665,2016.6666666666665,1788000,-1.0,-1.0,-1.0
2017/02/09,2020.0,2040.0,2010.0,2036.6666666666665,2835000,-1.0,-1.0,-1.0
2017/02/10,2066.6666666666665,2073.333333333333,2040.0,2073.333333333333,3099000,-1.0,-1.0,-1.0
2017/02/13,2073.333333333333,2080.0,2050.0,2073.333333333333,2643000,-1.0,-1.0,-1.0
2017/02/14,2066.6666666666665,2073.333333333333,2036.6666666666665,2036.6666666666665,2850000,-1.0,-1.0,-1.0
2017/02/15,2056.6666666666665,2066.6666666666665,2043.3333333333333,2053.333333333333,1671000,-1.0,-1.0,-1.0
2017/02/16,2066.6666666666665,2080.0,2050.0,2050.0,2424000,-1.0,-1.0,-1.0
2017/02/17,2036.6666666666665,2063.333333333333,2020.0,2060.0,1803000,-1.0,-1.0,-1.0
2017/02/20,2040.0,2050.0,2020.0,2043.3333333333333,1392000,-1.0,-1.0,-1.0
2017/02/21,2033.3333333333333,2053.333333333333,2033.3333333333333,2043.3333333333333,1125000,-1.0,-1.0,-1.0
2017/02/22,2033.3333333333333,2050.0,2030.0,2050.0,1530000,-1.0,-1.0,-1.0
2017/02/23,2033.3333333333333,2033.3333333333333,1999.3333333333333,2006.6666666666665,3078000,-1.0,-1.0,-1.0
2017/02/24,1997.3333333333333,2026.6666666666665,1996.6666666666665,2000.0,3882000,-1.0,-1.0,-1.0
2017/02/27,1998.0,2016.6666666666665,1992.6666666666665,1996.6666666666665,3810000,-1.0,-1.0,-1.0
2017/02/28,2013.3333333333333,2030.0,1990.6666666666665,1996.0,3981000,-1.0,-1.0,-1.0
2017/03/01,2013.3333333333333,2040.0,2000.0,2026.6666666666665,2997000,-1.0,-1.0,-1.0
2017/03/02,2046.6666666666665,2066.6666666666665,2030.0,2040.0,3690000,-1.0,-1.0,-1.0
2017/03/03,2063.333333333333,2076.6666666666665,2046.6666666666665,2056.6666666666665,4065000,-1.0,-1.0,-1.0
2017/03/06,2053.333333333333,2063.333333333333,2043.3333333333333,2043.3333333333333,1614000,-1.0,-1.0,-1.0
2017/03/07,2046.6666666666665,2073.333333333333,2046.6666666666665,2053.333333333333,2976000,-1.0,-1.0,-1.0
2017/03/08,2053.333333333333,2063.333333333333,2046.6666666666665,2046.6666666666665,3114000,-1.0,-1.0,-1.0
2017/03/09,2060.0,2060.0,2020.0,2023.3333333333333,2835000,-1.0,-1.0,-1.0
2017/03/10,2046.6666666666665,2093.333333333333,2043.3333333333333,2076.6666666666665,5016000,-1.0,-1.0,-1.0
2017/03/13,2083.333333333333,2106.6666666666665,2083.333333333333,2096.6666666666665,1818000,-1.0,-1.0,-1.0
2017/03/14,2103.333333333333,2130.0,2096.6666666666665,2110.0,2130000,-1.0,-1.0,-1.0
2017/03/15,2116.6666666666665,2120.0,2090.0,2100.0,1443000,-1.0,-1.0,-1.0
2017/03/16,2080.0,2093.333333333333,2070.0,2080.0,2262000,-1.0,-1.0,-1.0
2017/03/17,2070.0,2083.333333333333,2063.333333333333,2080.0,2649000,-1.0,-1.0,-1.0
2017/03/21,2066.6666666666665,2083.333333333333,2046.6666666666665,2063.333333333333,2832000,-1.0,-1.0,-1.0
2017/03/22,2100.0,2106.6666666666665,2060.0,2066.6666666666665,3531000,-1.0,-1.0,-1.0
2017/03/23,2090.0,2140.0,2080.0,2136.6666666666665,3822000,-1.0,-1.0,-1.0
2017/03/24,2136.6666666666665,2136.6666666666665,2106.6666666666665,2120.0,3033000,-1.0,-1.0,-1.0
2017/03/27,2100.0,2120.0,2093.333333333333,2113.333333333333,2352000,-1.0,-1.0,-1.0
2017/03/28,2123.333333333333,2136.6666666666665,2100.0,2116.6666666666665,3084000,-1.0,-1.0,-1.0
2017/03/29,2086.6666666666665,2086.6666666666665,2043.3333333333333,2080.0,3564000,-1.0,-1.0,-1.0
2017/03/30,2063.333333333333,2073.333333333333,2040.0,2043.3333333333333,1767000,-1.0,-1.0,-1.0
2017/03/31,2050.0,2053.333333333333,1992.0,1992.6666666666665,3972000,-1.0,-1.0,-1.0
2017/04/03,2010.0,2023.3333333333333,1998.0,2016.6666666666665,2970000,-1.0,-1.0,-1.0
2017/04/04,2013.3333333333333,2023.3333333333333,2000.0,2006.6666666666665,3150000,-1.0,-1.0,-1.0
2017/04/05,2013.3333333333333,2040.0,1999.3333333333333,2010.0,2796000,-1.0,-1.0,-1.0
2017/04/06,2000.0,2010.0,1978.0,1986.0,3327000,-1.0,-1.0,-1.0
2017/04/07,2003.3333333333333,2030.0,1998.0,2016.6666666666665,4665000,-1.0,-1.0,-1.0
2017/04/10,2033.3333333333333,2033.3333333333333,2006.6666666666665,2013.3333333333333,2046000,-1.0,-1.0,-1.0
2017/04/11,2000.0,2030.0,2000.0,2013.3333333333333,2379000,-1.0,-1.0,-1.0
2017/04/12,1988.6666666666665,2020.0,1986.0,2016.6666666666665,2838000,-1.0,-1.0,-1.0
2017/04/13,2016.6666666666665,2026.6666666666665,2006.6666666666665,2020.0,2160000,-1.0,-1.0,-1.0
2017/04/14,2040.0,2040.0,1998.6666666666665,2003.3333333333333,3702000,-1.0,-1.0,-1.0
2017/04/17,1980.6666666666665,2040.0,1980.0,2023.3333333333333,3042000,-1.0,-1.0,-1.0
2017/04/18,2040.0,2043.3333333333333,2010.0,2030.0,2562000,-1.0,-1.0,-1.0
2017/04/19,2026.6666666666665,2056.6666666666665,2016.6666666666665,2046.6666666666665,3870000,-1.0,-1.0,-1.0
2017/04/20,2036.6666666666665,2043.3333333333333,2016.6666666666665,2033.3333333333333,2748000,-1.0,-1.0,-1.0
2017/04/21,2036.6666666666665,2053.333333333333,2030.0,2046.6666666666665,2802000,-1.0,-1.0,-1.0
2017/04/24,2073.333333333333,2090.0,2066.6666666666665,2076.6666666666665,2436000,-1.0,-1.0,-1.0
2017/04/25,2086.6666666666665,2103.333333333333,2066.6666666666665,2100.0,2454000,-1.0,-1.0,-1.0
2017/04/26,2106.6666666666665,2120.0,2096.6666666666665,2110.0,2562000,-1.0,-1.0,-1.0
2017/04/27,2093.333333333333,2126.6666666666665,2093.333333333333,2110.0,3246000,-1.0,-1.0,-1.0
2017/04/28,2116.6666666666665,2126.6666666666665,2106.6666666666665,2113.333333333333,2454000,-1.0,-1.0,-1.0
2017/05/01,2096.6666666666665,2120.0,2096.6666666666665,2106.6666666666665,1554000,-1.0,-1.0,-1.0
2017/05/02,2120.0,2120.0,2093.333333333333,2103.333333333333,2331000,-1.0,-1.0,-1.0
2017/05/08,2126.6666666666665,2173.333333333333,2120.0,2166.6666666666665,3975000,-1.0,-1.0,-1.0
2017/05/09,2193.333333333333,2193.333333333333,2160.0,2186.6666666666665,3618000,-1.0,-1.0,-1.0
2017/05/10,2120.0,2226.6666666666665,2103.333333333333,2213.333333333333,5922000,-1.0,-1.0,-1.0
2017/05/11,2193.333333333333,2206.6666666666665,2160.0,2170.0,3282000,-1.0,-1.0,-1.0
2017/05/12,2170.0,2183.333333333333,2156.6666666666665,2176.6666666666665,4125000,-1.0,-1.0,-1.0
2017/05/15,2186.6666666666665,2226.6666666666665,2186.6666666666665,2223.333333333333,2577000,-1.0,-1.0,-1.0
2017/05/16,2223.333333333333,2246.6666666666665,2190.0,2196.6666666666665,4092000,-1.0,-1.0,-1.0
2017/05/17,2190.0,2220.0,2186.6666666666665,2216.6666666666665,3459000,-1.0,-1.0,-1.0
2017/05/18,2213.333333333333,2236.6666666666665,2200.0,2236.6666666666665,3003000,-1.0,-1.0,-1.0
2017/05/19,2213.333333333333,2223.333333333333,2196.6666666666665,2216.6666666666665,2484000,-1.0,-1.0,-1.0
2017/05/22,2196.6666666666665,2233.333333333333,2196.6666666666665,2220.0,2196000,-1.0,-1.0,-1.0
2017/05/23,2226.6666666666665,2263.333333333333,2226.6666666666665,2246.6666666666665,2283000,-1.0,-1.0,-1.0
2017/05/24,2266.6666666666665,2296.6666666666665,2266.6666666666665,2280.0,4194000,-1.0,-1.0,-1.0
2017/05/25,2300.0,2316.6666666666665,2293.333333333333,2310.0,3603000,-1.0,-1.0,-1.0
2017/05/26,2313.333333333333,2316.6666666666665,2296.6666666666665,2303.333333333333,1962000,-1.0,-1.0,-1.0
2017/05/29,2300.0,2316.6666666666665,2290.0,2306.6666666666665,1500000,-1.0,-1.0,-1.0
2017/05/30,2316.6666666666665,2326.6666666666665,2306.6666666666665,2313.333333333333,2136000,-1.0,-1.0,-1.0
2017/05/31,2296.6666666666665,2316.6666666666665,2283.333333333333,2316.6666666666665,5073000,-1.0,-1.0,-1.0
2017/06/01,2323.333333333333,2336.6666666666665,2310.0,2323.333333333333,2679000,-1.0,-1.0,-1.0
2017/06/02,2326.6666666666665,2326.6666666666665,2290.0,2306.6666666666665,3723000,-1.0,-1.0,-1.0
2017/06/05,2296.6666666666665,2340.0,2293.333333333333,2336.6666666666665,2046000,-1.0,-1.0,-1.0
2017/06/06,2350.0,2353.333333333333,2316.6666666666665,2326.6666666666665,2577000,-1.0,-1.0,-1.0
2017/06/07,2350.0,2380.0,2340.0,2343.333333333333,4023000,-1.0,-1.0,-1.0
2017/06/08,2340.0,2353.333333333333,2336.6666666666665,2340.0,3390000,-1.0,-1.0,-1.0
2017/06/09,2360.0,2383.333333333333,2343.333333333333,2380.0,5292000,-1.0,-1.0,-1.0
2017/06/12,2383.333333333333,2406.6666666666665,2363.333333333333,2403.333333333333,2556000,-1.0,-1.0,-1.0
2017/06/13,2406.6666666666665,2416.6666666666665,2393.333333333333,2416.6666666666665,2907000,-1.0,-1.0,-1.0
2017/06/14,2413.333333333333,2430.0,2400.0,2430.0,2733000,-1.0,-1.0,-1.0
2017/06/15,2420.0,2440.0,2410.0,2423.333333333333,2070000,-1.0,-1.0,-1.0
2017/06/16,2426.6666666666665,2426.6666666666665,2343.333333333333,2360.0,6471000,-1.0,-1.0,-1.0
2017/06/19,2343.333333333333,2373.333333333333,2343.333333333333,2363.333333333333,2508000,-1.0,-1.0,-1.0
2017/06/20,2360.0,2376.6666666666665,2336.6666666666665,2336.6666666666665,2628000,-1.0,-1.0,-1.0
2017/06/21,2336.6666666666665,2370.0,2336.6666666666665,2366.6666666666665,2208000,-1.0,-1.0,-1.0
2017/06/22,2366.6666666666665,2376.6666666666665,2343.333333333333,2356.6666666666665,1872000,-1.0,-1.0,-1.0
2017/06/23,2350.0,2350.0,2320.0,2320.0,1506000,-1.0,-1.0,-1.0
2017/06/26,2300.0,2340.0,2296.6666666666665,2330.0,1224000,-1.0,-1.0,-1.0
2017/06/27,2330.0,2343.333333333333,2323.333333333333,2330.0,2007000,-1.0,-1.0,-1.0
2017/06/28,2350.0,2350.0,2313.333333333333,2316.6666666666665,2193000,-1.0,-1.0,-1.0
2017/06/29,2313.333333333333,2330.0,2306.6666666666665,2323.333333333333,1578000,-1.0,-1.0,-1.0
2017/06/30,2296.6666666666665,2306.6666666666665,2266.6666666666665,2276.6666666666665,2781000,-1.0,-1.0,-1.0
2017/07/03,2293.333333333333,2300.0,2270.0,2276.6666666666665,1881000,-1.0,-1.0,-1.0
2017/07/04,2280.0,2280.0,2263.333333333333,2270.0,1689000,-1.0,-1.0,-1.0
2017/07/05,2250.0,2256.6666666666665,2230.0,2250.0,2124000,-1.0,-1.0,-1.0
2017/07/06,2233.333333333333,2250.0,2206.6666666666665,2216.6666666666665,4095000,-1.0,-1.0,-1.0
2017/07/07,2230.0,2230.0,2210.0,2220.0,2958000,-1.0,-1.0,-1.0
2017/07/10,2246.6666666666665,2260.0,2233.333333333333,2243.333333333333,2517000,-1.0,-1.0,-1.0
2017/07/11,2233.333333333333,2236.6666666666665,2213.333333333333,2226.6666666666665,1998000,-1.0,-1.0,-1.0
2017/07/12,2226.6666666666665,2230.0,2203.333333333333,2216.6666666666665,1563000,-1.0,-1.0,-1.0
2017/07/13,2223.333333333333,2226.6666666666665,2206.6666666666665,2223.333333333333,1395000,-1.0,-1.0,-1.0
2017/07/14,2223.333333333333,2223.333333333333,2203.333333333333,2210.0,2289000,-1.0,-1.0,-1.0
2017/07/18,2220.0,2226.6666666666665,2183.333333333333,2186.6666666666665,1851000,-1.0,-1.0,-1.0
2017/07/19,2190.0,2220.0,2190.0,2200.0,2076000,-1.0,-1.0,-1.0
2017/07/20,2210.0,2226.6666666666665,2203.333333333333,2226.6666666666665,1854000,-1.0,-1.0,-1.0
2017/07/21,2216.6666666666665,2220.0,2200.0,2210.0,2046000,-1.0,-1.0,-1.0
2017/07/24,2200.0,2206.6666666666665,2200.0,2203.333333333333,1677000,-1.0,-1.0,-1.0
2017/07/25,2200.0,2213.333333333333,2190.0,2196.6666666666665,2295000,-1.0,-1.0,-1.0
2017/07/26,2210.0,2210.0,2180.0,2190.0,2421000,-1.0,-1.0,-1.0
2017/07/27,2183.333333333333,2213.333333333333,2183.333333333333,2203.333333333333,2436000,-1.0,-1.0,-1.0
2017/07/28,2210.0,2210.0,2186.6666666666665,2193.333333333333,1926000,-1.0,-1.0,-1.0
2017/07/31,2173.333333333333,2183.333333333333,2163.333333333333,2176.6666666666665,2427000,-1.0,-1.0,-1.0
2017/08/01,2223.333333333333,2263.333333333333,2210.0,2243.333333333333,4977000,-1.0,-1.0,-1.0
2017/08/02,2263.333333333333,2263.333333333333,2173.333333333333,2183.333333333333,3960000,-1.0,-1.0,-1.0
2017/08/03,2160.0,2173.333333333333,2090.0,2106.6666666666665,6987000,-1.0,-1.0,-1.0
2017/08/04,2110.0,2153.333333333333,2110.0,2146.6666666666665,3609000,-1.0,-1.0,-1.0
2017/08/07,2150.0,2166.6666666666665,2133.333333333333,2156.6666666666665,2628000,-1.0,-1.0,-1.0
2017/08/08,2163.333333333333,2166.6666666666665,2140.0,2163.333333333333,2277000,-1.0,-1.0,-1.0
2017/08/09,2166.6666666666665,2166.6666666666665,2116.6666666666665,2153.333333333333,3246000,-1.0,-1.0,-1.0
2017/08/10,2183.333333333333,2183.333333333333,2150.0,2180.0,2643000,-1.0,-1.0,-1.0
2017/08/14,2170.0,2183.333333333333,2156.6666666666665,2183.333333333333,2670000,-1.0,-1.0,-1.0
2017/08/15,2210.0,2246.6666666666665,2200.0,2243.333333333333,3321000,-1.0,-1.0,-1.0
2017/08/16,2253.333333333333,2256.6666666666665,2220.0,2240.0,2946000,-1.0,-1.0,-1.0
2017/08/17,2213.333333333333,2223.333333333333,2193.333333333333,2200.0,1926000,-1.0,-1.0,-1.0
2017/08/18,2186.6666666666665,2190.0,2156.6666666666665,2166.6666666666665,2574000,-1.0,-1.0,-1.0
2017/08/21,2156.6666666666665,2163.333333333333,2130.0,2133.333333333333,2181000,-1.0,-1.0,-1.0
2017/08/22,2130.0,2130.0,2113.333333333333,2120.0,1242000,-1.0,-1.0,-1.0
2017/08/23,2126.6666666666665,2136.6666666666665,2110.0,2120.0,1392000,-1.0,-1.0,-1.0
2017/08/24,2103.333333333333,2110.0,2093.333333333333,2100.0,1935000,-1.0,-1.0,-1.0
2017/08/25,2100.0,2126.6666666666665,2093.333333333333,2116.6666666666665,1962000,-1.0,-1.0,-1.0
2017/08/28,2110.0,2123.333333333333,2103.333333333333,2120.0,1827000,-1.0,-1.0,-1.0
2017/08/29,2103.333333333333,2116.6666666666665,2100.0,2106.6666666666665,1626000,-1.0,-1.0,-1.0
2017/08/30,2130.0,2166.6666666666665,2126.6666666666665,2160.0,2964000,-1.0,-1.0,-1.0
2017/08/31,2170.0,2173.333333333333,2150.0,2153.333333333333,2361000,-1.0,-1.0,-1.0
2017/09/01,2163.333333333333,2173.333333333333,2133.333333333333,2136.6666666666665,1692000,-1.0,-1.0,-1.0
2017/09/04,2133.333333333333,2133.333333333333,2100.0,2106.6666666666665,1833000,-1.0,-1.0,-1.0
2017/09/05,2073.333333333333,2083.333333333333,2056.6666666666665,2066.6666666666665,2616000,-1.0,-1.0,-1.0
2017/09/06,2073.333333333333,2073.333333333333,2043.3333333333333,2063.333333333333,3267000,-1.0,-1.0,-1.0
2017/09/07,2063.333333333333,2080.0,2040.0,2043.3333333333333,2097000,-1.0,-1.0,-1.0
2017/09/08,2016.6666666666665,2043.3333333333333,2006.6666666666665,2026.6666666666665,4638000,-1.0,-1.0,-1.0
2017/09/11,2026.6666666666665,2050.0,2026.6666666666665,2050.0,1860000,-1.0,-1.0,-1.0
2017/09/12,2070.0,2073.333333333333,2053.333333333333,2073.333333333333,2082000,-1.0,-1.0,-1.0
2017/09/13,2066.6666666666665,2076.6666666666665,2060.0,2063.333333333333,1536000,-1.0,-1.0,-1.0
2017/09/14,2066.6666666666665,2093.333333333333,2066.6666666666665,2083.333333333333,2145000,-1.0,-1.0,-1.0
2017/09/15,2083.333333333333,2083.333333333333,2063.333333333333,2073.333333333333,2790000,-1.0,-1.0,-1.0
2017/09/19,2083.333333333333,2106.6666666666665,2080.0,2096.6666666666665,2862000,-1.0,-1.0,-1.0
2017/09/20,2106.6666666666665,2110.0,2086.6666666666665,2103.333333333333,2523000,-1.0,-1.0,-1.0
2017/09/21,2110.0,2150.0,2106.6666666666665,2113.333333333333,2814000,-1.0,-1.0,-1.0
2017/09/22,2120.0,2136.6666666666665,2116.6666666666665,2123.333333333333,2262000,-1.0,-1.0,-1.0
2017/09/25,2126.6666666666665,2130.0,2090.0,2103.333333333333,2334000,-1.0,-1.0,-1.0
2017/09/26,2093.333333333333,2100.0,2086.6666666666665,2096.6666666666665,2541000,-1.0,-1.0,-1.0
2017/09/27,2090.0,2103.333333333333,2086.6666666666665,2093.333333333333,1272000,-1.0,-1.0,-1.0
2017/09/28,2086.6666666666665,2090.0,2046.6666666666665,2050.0,2700000,-1.0,-1.0,-1.0
2017/09/29,2056.6666666666665,2070.0,2053.333333333333,2063.333333333333,3165000,-1.0,-1.0,-1.0
2017/10/02,2083.333333333333,2106.6666666666665,2070.0,2100.0,2220000,-1.0,-1.0,-1.0
2017/10/03,2103.333333333333,2123.333333333333,2096.6666666666665,2100.0,2529000,-1.0,-1.0,-1.0
2017/10/04,2093.333333333333,2113.333333333333,2083.333333333333,2106.6666666666665,1845000,-1.0,-1.0,-1.0
2017/10/05,2120.0,2123.333333333333,2110.0,2116.6666666666665,1329000,-1.0,-1.0,-1.0
2017/10/06,2110.0,2123.333333333333,2103.333333333333,2116.6666666666665,1644000,-1.0,-1.0,-1.0
2017/10/10,2120.0,2166.6666666666665,2113.333333333333,2153.333333333333,2850000,-1.0,-1.0,-1.0
2017/10/11,2156.6666666666665,2200.0,2150.0,2186.6666666666665,2235000,-1.0,-1.0,-1.0
2017/10/12,2210.0,2230.0,2200.0,2210.0,3249000,-1.0,-1.0,-1.0
2017/10/13,2190.0,2210.0,2183.333333333333,2196.6666666666665,4164000,-1.0,-1.0,-1.0
2017/10/16,2183.333333333333,2206.6666666666665,2180.0,2190.0,1935000,-1.0,-1.0,-1.0
2017/10/17,2176.6666666666665,2186.6666666666665,2170.0,2176.6666666666665,1890000,-1.0,-1.0,-1.0
2017/10/18,2163.333333333333,2200.0,2163.333333333333,2186.6666666666665,1908000,-1.0,-1.0,-1.0
2017/10/19,2173.333333333333,2196.6666666666665,2170.0,2170.0,1626000,-1.0,-1.0,-1.0
2017/10/20,2180.0,2216.6666666666665,2176.6666666666665,2186.6666666666665,2382000,-1.0,-1.0,-1.0
2017/10/23,2206.6666666666665,2213.333333333333,2180.0,2210.0,2067000,-1.0,-1.0,-1.0
2017/10/24,2210.0,2226.6666666666665,2210.0,2220.0,1461000,-1.0,-1.0,-1.0
2017/10/25,2133.333333333333,2160.0,2130.0,2150.0,5169000,-1.0,-1.0,-1.0
2017/10/26,2153.333333333333,2193.333333333333,2153.333333333333,2183.333333333333,2517000,-1.0,-1.0,-1.0
2017/10/27,2230.0,2233.333333333333,2213.333333333333,2223.333333333333,2805000,-1.0,-1.0,-1.0
2017/10/30,2210.0,2210.0,2160.0,2183.333333333333,5868000,-1.0,-1.0,-1.0
2017/10/31,2166.6666666666665,2173.333333333333,2153.333333333333,2173.333333333333,3246000,-1.0,-1.0,-1.0
2017/11/01,2163.333333333333,2186.6666666666665,2153.333333333333,2180.0,2745000,-1.0,-1.0,-1.0
2017/11/02,1962.6666666666665,1966.0,1920.0,1940.0,21135000,-1.0,-1.0,-1.0
2017/11/06,1953.3333333333333,1954.6666666666665,1920.6666666666665,1924.6666666666665,10131000,-1.0,-1.0,-1.0
2017/11/07,1920.0,1936.0,1892.6666666666665,1934.0,8010000,-1.0,-1.0,-1.0
2017/11/08,1934.0,1934.6666666666665,1907.3333333333333,1914.0,4878000,-1.0,-1.0,-1.0
2017/11/09,1922.6666666666665,1937.3333333333333,1905.3333333333333,1917.3333333333333,6585000,-1.0,-1.0,-1.0
2017/11/10,1884.0,1888.6666666666665,1856.6666666666665,1870.0,10896000,-1.0,-1.0,-1.0
2017/11/13,1866.0,1878.6666666666665,1861.3333333333333,1861.3333333333333,3444000,-1.0,-1.0,-1.0
2017/11/14,1866.0,1868.6666666666665,1836.6666666666665,1838.0,4854000,-1.0,-1.0,-1.0
2017/11/15,1826.6666666666665,1827.3333333333333,1802.6666666666665,1810.6666666666665,6645000,-1.0,-1.0,-1.0
2017/11/16,1792.6666666666665,1843.3333333333333,1774.6666666666665,1836.6666666666665,5469000,-1.0,-1.0,-1.0
2017/11/17,1858.0,1868.6666666666665,1835.3333333333333,1845.3333333333333,5421000,-1.0,-1.0,-1.0
2017/11/20,1823.3333333333333,1830.0,1812.6666666666665,1826.0,4653000,-1.0,-1.0,-1.0
2017/11/21,1822.0,1828.6666666666665,1814.0,1818.0,4278000,-1.0,-1.0,-1.0
2017/11/22,1826.0,1833.3333333333333,1808.0,1808.6666666666665,3468000,-1.0,-1.0,-1.0
2017/11/24,1806.6666666666665,1827.3333333333333,1803.3333333333333,1824.0,2526000,-1.0,-1.0,-1.0
2017/11/27,1818.0,1824.0,1802.6666666666665,1804.0,3096000,-1.0,-1.0,-1.0
2017/11/28,1794.0,1800.6666666666665,1772.0,1790.0,5274000,-1.0,-1.0,-1.0
2017/11/29,1806.6666666666665,1812.0,1793.3333333333333,1798.6666666666665,3621000,-1.0,-1.0,-1.0
2017/11/30,1798.6666666666665,1839.3333333333333,1792.0,1838.0,6303000,-1.0,-1.0,-1.0
2017/12/01,1841.3333333333333,1850.0,1805.3333333333333,1810.6666666666665,4476000,-1.0,-1.0,-1.0
2017/12/04,1812.0,1815.3333333333333,1803.3333333333333,1808.6666666666665,3282000,-1.0,-1.0,-1.0
2017/12/05,1817.3333333333333,1840.6666666666665,1802.0,1837.3333333333333,3837000,-1.0,-1.0,-1.0
2017/12/06,1818.0,1820.6666666666665,1783.3333333333333,1791.3333333333333,6900000,-1.0,-1.0,-1.0
2017/12/07,1804.6666666666665,1811.3333333333333,1797.3333333333333,1799.3333333333333,5148000,-1.0,-1.0,-1.0
2017/12/08,1807.3333333333333,1828.6666666666665,1800.0,1821.3333333333333,6546000,-1.0,-1.0,-1.0
2017/12/11,1836.0,1838.0,1831.3333333333333,1835.3333333333333,1917000,-1.0,-1.0,-1.0
2017/12/12,1838.6666666666665,1840.6666666666665,1826.0,1828.6666666666665,2079000,-1.0,-1.0,-1.0
2017/12/13,1826.6666666666665,1826.6666666666665,1810.6666666666665,1813.3333333333333,3348000,-1.0,-1.0,-1.0
2017/12/14,1814.0,1853.3333333333333,1814.0,1852.0,5340000,-1.0,-1.0,-1.0
2017/12/15,1850.0,1876.0,1840.0,1865.3333333333333,6150000,-1.0,-1.0,-1.0
2017/12/18,1880.6666666666665,1882.0,1858.6666666666665,1861.3333333333333,4878000,-1.0,-1.0,-1.0
2017/12/19,1853.3333333333333,1862.0,1844.0,1852.6666666666665,3717000,-1.0,-1.0,-1.0
2017/12/20,1849.3333333333333,1864.6666666666665,1840.6666666666665,1846.0,3228000,-1.0,-1.0,-1.0
2017/12/21,1833.3333333333333,1834.6666666666665,1816.0,1824.6666666666665,3315000,-1.0,-1.0,-1.0
2017/12/22,1831.3333333333333,1838.0,1822.6666666666665,1838.0,2622000,-1.0,-1.0,-1.0
2017/12/25,1838.0,1845.3333333333333,1835.3333333333333,1843.3333333333333,1407000,-1.0,-1.0,-1.0
2017/12/26,1840.6666666666665,1850.6666666666665,1839.3333333333333,1842.6666666666665,1785000,-1.0,-1.0,-1.0
2017/12/27,1842.6666666666665,1850.0,1838.6666666666665,1848.0,1845000,-1.0,-1.0,-1.0
2017/12/28,1840.0,1848.0,1828.6666666666665,1833.3333333333333,1980000,-1.0,-1.0,-1.0
2017/12/29,1833.3333333333333,1836.6666666666665,1826.0,1832.0,1965000,-1.0,-1.0,-1.0
2018/01/04,1840.6666666666665,1842.0,1822.6666666666665,1837.3333333333333,4950000,-1.0,-1.0,-1.0
2018/01/05,1844.0,1846.0,1824.6666666666665,1831.3333333333333,5418000,-1.0,-1.0,-1.0
2018/01/09,1840.6666666666665,1860.0,1836.6666666666665,1849.3333333333333,4752000,-1.0,-1.0,-1.0
2018/01/10,1856.6666666666665,1856.6666666666665,1836.0,1837.3333333333333,3399000,-1.0,-1.0,-1.0
2018/01/11,1830.0,1840.0,1820.0,1822.6666666666665,3783000,-1.0,-1.0,-1.0
2018/01/12,1815.3333333333333,1816.6666666666665,1774.0,1775.3333333333333,7665000,-1.0,-1.0,-1.0
2018/01/15,1775.3333333333333,1780.0,1772.6666666666665,1774.0,3303000,-1.0,-1.0,-1.0
2018/01/16,1777.3333333333333,1788.0,1776.6666666666665,1784.0,2388000,-1.0,-1.0,-1.0
2018/01/17,1783.3333333333333,1787.3333333333333,1777.3333333333333,1781.3333333333333,3867000,-1.0,-1.0,-1.0
2018/01/18,1786.6666666666665,1803.3333333333333,1769.3333333333333,1772.6666666666665,5886000,-1.0,-1.0,-1.0
2018/01/19,1773.3333333333333,1778.6666666666665,1756.6666666666665,1758.6666666666665,5106000,-1.0,-1.0,-1.0
2018/01/22,1758.6666666666665,1775.3333333333333,1758.0,1760.6666666666665,3291000,-1.0,-1.0,-1.0
2018/01/23,1773.3333333333333,1790.0,1768.0,1777.3333333333333,3786000,-1.0,-1.0,-1.0
2018/01/24,1776.6666666666665,1787.3333333333333,1768.0,1774.0,4419000,-1.0,-1.0,-1.0
2018/01/25,1771.3333333333333,1772.6666666666665,1757.3333333333333,1757.3333333333333,4944000,-1.0,-1.0,-1.0
2018/01/26,1762.0,1766.6666666666665,1752.0,1754.6666666666665,4464000,-1.0,-1.0,-1.0
2018/01/29,1754.0,1760.0,1740.6666666666665,1743.3333333333333,4215000,-1.0,-1.0,-1.0
2018/01/30,1742.0,1748.0,1738.0,1740.0,4287000,-1.0,-1.0,-1.0
2018/01/31,1755.3333333333333,1772.6666666666665,1748.0,1748.0,5490000,-1.0,-1.0,-1.0
2018/02/01,1763.3333333333333,1764.6666666666665,1751.3333333333333,1760.6666666666665,3315000,-1.0,-1.0,-1.0
2018/02/02,1750.6666666666665,1798.6666666666665,1750.0,1786.0,7191000,-1.0,-1.0,-1.0
2018/02/05,1760.6666666666665,1771.3333333333333,1747.3333333333333,1753.3333333333333,6549000,-1.0,-1.0,-1.0
2018/02/06,1698.0,1702.0,1643.3333333333333,1658.0,10863000,-1.0,-1.0,-1.0
2018/02/07,1674.0,1694.6666666666665,1635.3333333333333,1635.3333333333333,8709000,-1.0,-1.0,-1.0
2018/02/08,1635.3333333333333,1640.0,1614.6666666666665,1621.3333333333333,5964000,-1.0,-1.0,-1.0
2018/02/09,1588.0,1605.3333333333333,1573.3333333333333,1603.3333333333333,6393000,-1.0,-1.0,-1.0
2018/02/13,1620.0,1628.6666666666665,1596.0,1598.6666666666665,4071000,-1.0,-1.0,-1.0
2018/02/14,1596.6666666666665,1601.3333333333333,1572.0,1582.0,4107000,-1.0,-1.0,-1.0
2018/02/15,1580.0,1581.3333333333333,1544.6666666666665,1547.3333333333333,7020000,-1.0,-1.0,-1.0
2018/02/16,1546.6666666666665,1583.3333333333333,1544.6666666666665,1576.0,6108000,-1.0,-1.0,-1.0
2018/02/19,1590.0,1608.6666666666665,1584.0,1601.3333333333333,2832000,-1.0,-1.0,-1.0
2018/02/20,1602.0,1603.3333333333333,1592.0,1596.0,2217000,-1.0,-1.0,-1.0
2018/02/21,1599.3333333333333,1632.6666666666665,1596.0,1626.0,4968000,-1.0,-1.0,-1.0
2018/02/22,1613.3333333333333,1620.6666666666665,1600.6666666666665,1616.6666666666665,4095000,-1.0,-1.0,-1.0
2018/02/23,1607.3333333333333,1617.3333333333333,1604.0,1612.6666666666665,2565000,-1.0,-1.0,-1.0
2018/02/26,1620.0,1636.0,1619.3333333333333,1623.3333333333333,2502000,-1.0,-1.0,-1.0
2018/02/27,1633.3333333333333,1634.6666666666665,1617.3333333333333,1622.0,3000000,-1.0,-1.0,-1.0
2018/02/28,1616.0,1625.3333333333333,1603.3333333333333,1603.3333333333333,4059000,-1.0,-1.0,-1.0
2018/03/01,1600.0,1600.0,1560.0,1568.0,4647000,-1.0,-1.0,-1.0
2018/03/02,1544.0,1548.0,1512.0,1517.3333333333333,5955000,-1.0,-1.0,-1.0
2018/03/05,1517.3333333333333,1529.3333333333333,1510.0,1519.3333333333333,4353000,-1.0,-1.0,-1.0
2018/03/06,1545.3333333333333,1554.0,1521.3333333333333,1524.0,3312000,-1.0,-1.0,-1.0
2018/03/07,1519.3333333333333,1519.3333333333333,1492.6666666666665,1500.0,6537000,-1.0,-1.0,-1.0
2018/03/08,1519.3333333333333,1523.3333333333333,1510.6666666666665,1521.3333333333333,4008000,-1.0,-1.0,-1.0
2018/03/09,1516.6666666666665,1532.0,1500.0,1508.6666666666665,6912000,-1.0,-1.0,-1.0
2018/03/12,1525.3333333333333,1525.3333333333333,1501.3333333333333,1509.3333333333333,3102000,-1.0,-1.0,-1.0
2018/03/13,1510.0,1516.0,1504.6666666666665,1514.0,2901000,-1.0,-1.0,-1.0
2018/03/14,1507.3333333333333,1509.3333333333333,1493.3333333333333,1495.3333333333333,3324000,-1.0,-1.0,-1.0
2018/03/15,1488.6666666666665,1488.6666666666665,1458.0,1486.0,6000000,-1.0,-1.0,-1.0
2018/03/16,1489.3333333333333,1494.6666666666665,1480.0,1482.0,4899000,-1.0,-1.0,-1.0
2018/03/19,1474.0,1475.3333333333333,1448.6666666666665,1454.6666666666665,4050000,-1.0,-1.0,-1.0
2018/03/20,1470.0,1472.6666666666665,1457.3333333333333,1470.6666666666665,4446000,-1.0,-1.0,-1.0
2018/03/22,1470.6666666666665,1473.3333333333333,1450.0,1454.0,3777000,-1.0,-1.0,-1.0
2018/03/23,1437.3333333333333,1444.6666666666665,1430.0,1434.6666666666665,5919000,-1.0,-1.0,-1.0
2018/03/26,1435.3333333333333,1456.0,1428.0,1455.3333333333333,3921000,-1.0,-1.0,-1.0
2018/03/27,1460.6666666666665,1504.0,1460.0,1504.0,4857000,-1.0,-1.0,-1.0
2018/03/28,1455.0,1461.6666666666665,1433.3333333333333,1446.6666666666665,2073900,-1.0,-1.0,-1.0
2018/03/29,1458.3333333333333,1478.3333333333333,1433.3333333333333,1448.3333333333333,2170200,-1.0,-1.0,-1.0
2018/03/30,1440.0,1460.0,1431.6666666666665,1453.3333333333333,1454700,-1.0,-1.0,-1.0
2018/04/02,1455.0,1466.6666666666665,1451.6666666666665,1455.0,853200,-1.0,-1.0,-1.0
2018/04/03,1440.0,1466.6666666666665,1435.0,1461.6666666666665,1549500,-1.0,-1.0,-1.0
2018/04/04,1470.0,1498.3333333333333,1465.0,1493.3333333333333,1901700,-1.0,-1.0,-1.0
2018/04/05,1510.0,1545.0,1510.0,1533.3333333333333,2265300,-1.0,-1.0,-1.0
2018/04/06,1535.0,1540.0,1506.6666666666665,1511.6666666666665,1649700,-1.0,-1.0,-1.0
2018/04/09,1521.6666666666665,1560.0,1518.3333333333333,1555.0,1839600,-1.0,-1.0,-1.0
2018/04/10,1555.0,1565.0,1531.6666666666665,1540.0,2920500,-1.0,-1.0,-1.0
2018/04/11,1546.6666666666665,1546.6666666666665,1523.3333333333333,1523.3333333333333,1137000,-1.0,-1.0,-1.0
2018/04/12,1523.3333333333333,1531.6666666666665,1490.0,1501.6666666666665,1531800,-1.0,-1.0,-1.0
2018/04/13,1511.6666666666665,1511.6666666666665,1491.6666666666665,1500.0,1166100,-1.0,-1.0,-1.0
2018/04/16,1530.0,1551.6666666666665,1528.3333333333333,1548.3333333333333,1507200,-1.0,-1.0,-1.0
2018/04/17,1555.0,1575.0,1555.0,1573.3333333333333,1776300,-1.0,-1.0,-1.0
2018/04/18,1575.0,1595.0,1565.0,1580.0,2131500,-1.0,-1.0,-1.0
2018/04/19,1581.6666666666665,1610.0,1581.6666666666665,1603.3333333333333,2124600,-1.0,-1.0,-1.0
2018/04/20,1591.6666666666665,1593.3333333333333,1571.6666666666665,1583.3333333333333,2344800,-1.0,-1.0,-1.0
2018/04/23,1590.0,1590.0,1571.6666666666665,1576.6666666666665,977100,-1.0,-1.0,-1.0
2018/04/24,1586.6666666666665,1595.0,1570.0,1576.6666666666665,1161000,-1.0,-1.0,-1.0
2018/04/25,1576.6666666666665,1588.3333333333333,1570.0,1586.6666666666665,1305600,-1.0,-1.0,-1.0
2018/04/26,1588.3333333333333,1595.0,1575.0,1591.6666666666665,1415700,-1.0,-1.0,-1.0
2018/04/27,1586.6666666666665,1596.6666666666665,1570.0,1595.0,1641900,-1.0,-1.0,-1.0
2018/05/01,1583.3333333333333,1595.0,1568.3333333333333,1593.3333333333333,1199100,-1.0,-1.0,-1.0
2018/05/02,1585.0,1586.6666666666665,1571.6666666666665,1575.0,1384800,-1.0,-1.0,-1.0
2018/05/07,1581.6666666666665,1591.6666666666665,1571.6666666666665,1588.3333333333333,1200900,-1.0,-1.0,-1.0
2018/05/08,1588.3333333333333,1598.3333333333333,1581.6666666666665,1590.0,1116000,-1.0,-1.0,-1.0
2018/05/09,1583.3333333333333,1595.0,1555.0,1558.3333333333333,1489500,-1.0,-1.0,-1.0
2018/05/10,1558.3333333333333,1570.0,1555.0,1565.0,1008600,-1.0,-1.0,-1.0
2018/05/11,1491.6666666666665,1511.6666666666665,1463.3333333333333,1490.0,3753600,-1.0,-1.0,-1.0
2018/05/14,1490.0,1518.3333333333333,1488.3333333333333,1515.0,1559400,-1.0,-1.0,-1.0
2018/05/15,1530.0,1571.6666666666665,1526.6666666666665,1555.0,2125800,-1.0,-1.0,-1.0
2018/05/16,1546.6666666666665,1556.6666666666665,1538.3333333333333,1543.3333333333333,1055400,-1.0,-1.0,-1.0
2018/05/17,1543.3333333333333,1565.0,1541.6666666666665,1555.0,1126800,-1.0,-1.0,-1.0
2018/05/18,1565.0,1565.0,1553.3333333333333,1556.6666666666665,1163100,-1.0,-1.0,-1.0
2018/05/21,1553.3333333333333,1556.6666666666665,1536.6666666666665,1538.3333333333333,956700,-1.0,-1.0,-1.0
2018/05/22,1538.3333333333333,1538.3333333333333,1521.6666666666665,1528.3333333333333,1205700,-1.0,-1.0,-1.0
2018/05/23,1523.3333333333333,1526.6666666666665,1506.6666666666665,1515.0,1376100,-1.0,-1.0,-1.0
2018/05/24,1505.0,1513.3333333333333,1483.3333333333333,1490.0,2260800,-1.0,-1.0,-1.0
2018/05/25,1491.6666666666665,1503.3333333333333,1485.0,1491.6666666666665,1573200,-1.0,-1.0,-1.0
2018/05/28,1490.0,1496.6666666666665,1471.6666666666665,1496.6666666666665,1154100,-1.0,-1.0,-1.0
2018/05/29,1475.0,1496.6666666666665,1473.3333333333333,1493.3333333333333,1378800,-1.0,-1.0,-1.0
2018/05/30,1486.6666666666665,1500.0,1478.3333333333333,1500.0,1968900,-1.0,-1.0,-1.0
2018/05/31,1491.6666666666665,1493.3333333333333,1461.6666666666665,1491.6666666666665,6957300,-1.0,-1.0,-1.0
2018/06/01,1478.3333333333333,1506.6666666666665,1473.3333333333333,1496.6666666666665,2329200,-1.0,-1.0,-1.0
2018/06/04,1496.6666666666665,1505.0,1485.0,1485.0,1614900,-1.0,-1.0,-1.0
2018/06/05,1483.3333333333333,1495.0,1475.0,1493.3333333333333,1352400,-1.0,-1.0,-1.0
2018/06/06,1481.6666666666665,1496.6666666666665,1475.0,1491.6666666666665,1640100,-1.0,-1.0,-1.0
2018/06/07,1483.3333333333333,1485.0,1465.0,1471.6666666666665,1920000,-1.0,-1.0,-1.0
2018/06/08,1468.3333333333333,1493.3333333333333,1466.6666666666665,1485.0,2031000,-1.0,-1.0,-1.0
2018/06/11,1488.3333333333333,1490.0,1480.0,1481.6666666666665,991800,-1.0,-1.0,-1.0
2018/06/12,1491.6666666666665,1496.6666666666665,1480.0,1490.0,1404300,-1.0,-1.0,-1.0
2018/06/13,1491.6666666666665,1513.3333333333333,1488.3333333333333,1501.6666666666665,1041600,-1.0,-1.0,-1.0
2018/06/14,1501.6666666666665,1510.0,1495.0,1495.0,852300,-1.0,-1.0,-1.0
2018/06/15,1513.3333333333333,1513.3333333333333,1495.0,1511.6666666666665,1310700,-1.0,-1.0,-1.0
2018/06/18,1506.6666666666665,1508.3333333333333,1471.6666666666665,1476.6666666666665,1339800,-1.0,-1.0,-1.0
2018/06/19,1470.0,1471.6666666666665,1446.6666666666665,1458.3333333333333,1614300,-1.0,-1.0,-1.0
2018/06/20,1458.3333333333333,1470.0,1443.3333333333333,1470.0,1671600,-1.0,-1.0,-1.0
2018/06/21,1465.0,1475.0,1460.0,1470.0,1225200,-1.0,-1.0,-1.0
2018/06/22,1463.3333333333333,1466.6666666666665,1445.0,1455.0,1143000,-1.0,-1.0,-1.0
2018/06/25,1453.3333333333333,1466.6666666666665,1445.0,1465.0,1015800,-1.0,-1.0,-1.0
2018/06/26,1465.0,1505.0,1460.0,1496.6666666666665,1515900,-1.0,-1.0,-1.0
2018/06/27,1486.6666666666665,1486.6666666666665,1453.3333333333333,1468.3333333333333,1621800,-1.0,-1.0,-1.0
2018/06/28,1461.6666666666665,1463.3333333333333,1445.0,1460.0,1264200,-1.0,-1.0,-1.0
2018/06/29,1466.6666666666665,1495.0,1463.3333333333333,1491.6666666666665,1566900,-1.0,-1.0,-1.0
2018/07/02,1486.6666666666665,1491.6666666666665,1440.0,1441.6666666666665,1344000,-1.0,-1.0,-1.0
2018/07/03,1450.0,1453.3333333333333,1401.6666666666665,1416.6666666666665,1879500,-1.0,-1.0,-1.0
2018/07/04,1401.6666666666665,1436.6666666666665,1400.0,1435.0,1052400,-1.0,-1.0,-1.0
2018/07/05,1438.3333333333333,1443.3333333333333,1416.6666666666665,1426.6666666666665,1281600,-1.0,-1.0,-1.0
2018/07/06,1426.6666666666665,1446.6666666666665,1420.0,1428.3333333333333,1395300,-1.0,-1.0,-1.0
2018/07/09,1426.6666666666665,1441.6666666666665,1420.0,1431.6666666666665,1005000,-1.0,-1.0,-1.0
2018/07/10,1446.6666666666665,1446.6666666666665,1420.0,1420.0,1100100,-1.0,-1.0,-1.0
2018/07/11,1408.3333333333333,1413.3333333333333,1366.6666666666665,1378.3333333333333,2034300,-1.0,-1.0,-1.0
2018/07/12,1380.0,1393.3333333333333,1378.3333333333333,1383.3333333333333,1550400,-1.0,-1.0,-1.0
2018/07/13,1386.6666666666665,1408.3333333333333,1385.0,1403.3333333333333,1534200,-1.0,-1.0,-1.0
2018/07/17,1413.3333333333333,1441.6666666666665,1410.0,1436.6666666666665,1089900,-1.0,-1.0,-1.0
2018/07/18,1450.0,1456.6666666666665,1433.3333333333333,1435.0,710400,-1.0,-1.0,-1.0
2018/07/19,1428.3333333333333,1430.0,1415.0,1421.6666666666665,874800,-1.0,-1.0,-1.0
2018/07/20,1433.3333333333333,1446.6666666666665,1421.6666666666665,1435.0,1780800,-1.0,-1.0,-1.0
2018/07/23,1430.0,1435.0,1423.3333333333333,1431.6666666666665,807600,-1.0,-1.0,-1.0
2018/07/24,1435.0,1436.6666666666665,1413.3333333333333,1416.6666666666665,703500,-1.0,-1.0,-1.0
2018/07/25,1423.3333333333333,1428.3333333333333,1410.0,1413.3333333333333,898200,-1.0,-1.0,-1.0
2018/07/26,1428.3333333333333,1440.0,1426.6666666666665,1436.6666666666665,970200,-1.0,-1.0,-1.0
2018/07/27,1443.3333333333333,1443.3333333333333,1428.3333333333333,1440.0,924600,-1.0,-1.0,-1.0
2018/07/30,1440.0,1443.3333333333333,1426.6666666666665,1431.6666666666665,1022700,-1.0,-1.0,-1.0
2018/07/31,1436.6666666666665,1508.3333333333333,1436.6666666666665,1480.0,3277200,-1.0,-1.0,-1.0
2018/08/01,1436.6666666666665,1438.3333333333333,1390.0,1408.3333333333333,2133000,-1.0,-1.0,-1.0
2018/08/02,1406.6666666666665,1418.3333333333333,1381.6666666666665,1386.6666666666665,2181900,-1.0,-1.0,-1.0
2018/08/03,1386.6666666666665,1391.6666666666665,1375.0,1380.0,1175100,-1.0,-1.0,-1.0
2018/08/06,1386.6666666666665,1388.3333333333333,1376.6666666666665,1378.3333333333333,681000,-1.0,-1.0,-1.0
2018/08/07,1376.6666666666665,1393.3333333333333,1376.6666666666665,1388.3333333333333,710400,-1.0,-1.0,-1.0
2018/08/08,1386.6666666666665,1395.0,1378.3333333333333,1380.0,1084500,-1.0,-1.0,-1.0
2018/08/09,1381.6666666666665,1383.3333333333333,1373.3333333333333,1376.6666666666665,821400,-1.0,-1.0,-1.0
2018/08/10,1385.0,1386.6666666666665,1356.6666666666665,1358.3333333333333,1795200,-1.0,-1.0,-1.0
2018/08/13,1350.0,1350.0,1326.6666666666665,1328.3333333333333,1478100,-1.0,-1.0,-1.0
2018/08/14,1336.6666666666665,1346.6666666666665,1326.6666666666665,1346.6666666666665,1285500,-1.0,-1.0,-1.0
2018/08/15,1358.3333333333333,1373.3333333333333,1343.3333333333333,1345.0,1365900,-1.0,-1.0,-1.0
2018/08/16,1336.6666666666665,1350.0,1323.3333333333333,1343.3333333333333,1382400,-1.0,-1.0,-1.0
2018/08/17,1353.3333333333333,1361.6666666666665,1346.6666666666665,1355.0,637500,-1.0,-1.0,-1.0
2018/08/20,1360.0,1363.3333333333333,1341.6666666666665,1343.3333333333333,791100,-1.0,-1.0,-1.0
2018/08/21,1346.6666666666665,1351.6666666666665,1335.0,1346.6666666666665,878400,-1.0,-1.0,-1.0
2018/08/22,1335.0,1338.3333333333333,1326.6666666666665,1330.0,1111800,-1.0,-1.0,-1.0
2018/08/23,1340.0,1345.0,1335.0,1338.3333333333333,756600,-1.0,-1.0,-1.0
2018/08/24,1346.6666666666665,1361.6666666666665,1345.0,1356.6666666666665,689400,-1.0,-1.0,-1.0
2018/08/27,1366.6666666666665,1366.6666666666665,1353.3333333333333,1353.3333333333333,517200,-1.0,-1.0,-1.0
2018/08/28,1350.0,1353.3333333333333,1335.0,1340.0,966000,-1.0,-1.0,-1.0
2018/08/29,1340.0,1358.3333333333333,1340.0,1348.3333333333333,855900,-1.0,-1.0,-1.0
2018/08/30,1371.6666666666665,1381.6666666666665,1368.3333333333333,1376.6666666666665,1632300,-1.0,-1.0,-1.0
2018/08/31,1358.3333333333333,1361.6666666666665,1340.0,1351.6666666666665,1348200,-1.0,-1.0,-1.0
2018/09/03,1353.3333333333333,1360.0,1350.0,1356.6666666666665,553200,-1.0,-1.0,-1.0
2018/09/04,1351.6666666666665,1353.3333333333333,1343.3333333333333,1343.3333333333333,990900,-1.0,-1.0,-1.0
2018/09/05,1338.3333333333333,1343.3333333333333,1330.0,1335.0,1082700,-1.0,-1.0,-1.0
2018/09/06,1333.3333333333333,1343.3333333333333,1326.6666666666665,1326.6666666666665,1237800,-1.0,-1.0,-1.0
2018/09/07,1318.3333333333333,1321.6666666666665,1303.3333333333333,1315.0,1345500,-1.0,-1.0,-1.0
2018/09/10,1280.0,1281.6666666666665,1243.3333333333333,1275.0,2348100,-1.0,-1.0,-1.0
2018/09/11,1283.3333333333333,1293.3333333333333,1275.0,1280.0,1187400,-1.0,-1.0,-1.0
2018/09/12,1286.6666666666665,1291.6666666666665,1268.3333333333333,1290.0,1105500,-1.0,-1.0,-1.0
2018/09/13,1290.0,1303.3333333333333,1283.3333333333333,1293.3333333333333,912000,-1.0,-1.0,-1.0
2018/09/14,1295.0,1303.3333333333333,1285.0,1286.6666666666665,2104800,-1.0,-1.0,-1.0
2018/09/18,1301.6666666666665,1348.3333333333333,1296.6666666666665,1345.0,1408500,-1.0,-1.0,-1.0
2018/09/19,1348.3333333333333,1358.3333333333333,1341.6666666666665,1350.0,1360800,-1.0,-1.0,-1.0
2018/09/20,1356.6666666666665,1358.3333333333333,1340.0,1350.0,1376100,-1.0,-1.0,-1.0
2018/09/21,1365.0,1393.3333333333333,1358.3333333333333,1383.3333333333333,2055600,-1.0,-1.0,-1.0
2018/09/25,1383.3333333333333,1398.3333333333333,1375.0,1393.3333333333333,1869000,-1.0,-1.0,-1.0
2018/09/26,1383.3333333333333,1395.0,1373.3333333333333,1393.3333333333333,1141800,-1.0,-1.0,-1.0
2018/09/27,1390.0,1400.0,1383.3333333333333,1388.3333333333333,1117200,-1.0,-1.0,-1.0
2018/09/28,1398.3333333333333,1418.3333333333333,1388.3333333333333,1398.3333333333333,1674600,-1.0,-1.0,-1.0
2018/10/01,1396.6666666666665,1403.3333333333333,1385.0,1388.3333333333333,1041900,-1.0,-1.0,-1.0
2018/10/02,1386.6666666666665,1413.3333333333333,1380.0,1408.3333333333333,1525800,-1.0,-1.0,-1.0
2018/10/03,1398.3333333333333,1406.6666666666665,1388.3333333333333,1395.0,958500,-1.0,-1.0,-1.0
2018/10/04,1391.6666666666665,1401.6666666666665,1380.0,1391.6666666666665,1528500,-1.0,-1.0,-1.0
2018/10/05,1390.0,1396.6666666666665,1375.0,1388.3333333333333,1332600,-1.0,-1.0,-1.0
2018/10/09,1383.3333333333333,1395.0,1368.3333333333333,1386.6666666666665,1407600,-1.0,-1.0,-1.0
2018/10/10,1396.6666666666665,1405.0,1385.0,1388.3333333333333,897300,-1.0,-1.0,-1.0
2018/10/11,1365.0,1380.0,1355.0,1373.3333333333333,1768500,-1.0,-1.0,-1.0
2018/10/12,1355.0,1376.6666666666665,1350.0,1373.3333333333333,1964100,-1.0,-1.0,-1.0
2018/10/15,1368.3333333333333,1373.3333333333333,1351.6666666666665,1353.3333333333333,1072500,-1.0,-1.0,-1.0
2018/10/16,1335.0,1341.6666666666665,1316.6666666666665,1333.3333333333333,1568400,-1.0,-1.0,-1.0
2018/10/17,1340.0,1351.6666666666665,1328.3333333333333,1350.0,1315200,-1.0,-1.0,-1.0
2018/10/18,1350.0,1361.6666666666665,1345.0,1355.0,825600,-1.0,-1.0,-1.0
2018/10/19,1340.0,1358.3333333333333,1338.3333333333333,1353.3333333333333,1009200,-1.0,-1.0,-1.0
2018/10/22,1366.6666666666665,1385.0,1355.0,1380.0,810900,-1.0,-1.0,-1.0
2018/10/23,1366.6666666666665,1366.6666666666665,1328.3333333333333,1331.6666666666665,1484400,-1.0,-1.0,-1.0
2018/10/24,1350.0,1365.0,1333.3333333333333,1360.0,1365600,-1.0,-1.0,-1.0
2018/10/25,1338.3333333333333,1348.3333333333333,1325.0,1330.0,1320300,-1.0,-1.0,-1.0
2018/10/26,1333.3333333333333,1346.6666666666665,1326.6666666666665,1340.0,1430700,-1.0,-1.0,-1.0
2018/10/29,1333.3333333333333,1353.3333333333333,1243.3333333333333,1286.6666666666665,3424500,-1.0,-1.0,-1.0
2018/10/30,1263.3333333333333,1278.3333333333333,1245.0,1255.0,2418300,-1.0,-1.0,-1.0
2018/10/31,1240.0,1305.0,1218.3333333333333,1300.0,3342900,-1.0,-1.0,-1.0
2018/11/01,1306.6666666666665,1328.3333333333333,1290.0,1295.0,1396500,-1.0,-1.0,-1.0
2018/11/02,1288.3333333333333,1311.6666666666665,1275.0,1305.0,1874400,-1.0,-1.0,-1.0
2018/11/05,1300.0,1310.0,1295.0,1305.0,1064100,-1.0,-1.0,-1.0
2018/11/06,1310.0,1343.3333333333333,1310.0,1340.0,1162200,-1.0,-1.0,-1.0
2018/11/07,1345.0,1378.3333333333333,1343.3333333333333,1358.3333333333333,1629000,-1.0,-1.0,-1.0
2018/11/08,1376.6666666666665,1390.0,1371.6666666666665,1388.3333333333333,1223700,-1.0,-1.0,-1.0
2018/11/09,1393.3333333333333,1410.0,1378.3333333333333,1380.0,1521300,-1.0,-1.0,-1.0
2018/11/12,1378.3333333333333,1415.0,1378.3333333333333,1415.0,1056000,-1.0,-1.0,-1.0
2018/11/13,1391.6666666666665,1393.3333333333333,1356.6666666666665,1383.3333333333333,1414800,-1.0,-1.0,-1.0
2018/11/14,1383.3333333333333,1393.3333333333333,1376.6666666666665,1386.6666666666665,888000,-1.0,-1.0,-1.0
2018/11/15,1365.0,1378.3333333333333,1356.6666666666665,1376.6666666666665,1062300,-1.0,-1.0,-1.0
2018/11/16,1373.3333333333333,1393.3333333333333,1370.0,1388.3333333333333,1216200,-1.0,-1.0,-1.0
2018/11/19,1393.3333333333333,1396.6666666666665,1380.0,1391.6666666666665,617400,-1.0,-1.0,-1.0
2018/11/20,1390.0,1400.0,1378.3333333333333,1400.0,936300,-1.0,-1.0,-1.0
2018/11/21,1391.6666666666665,1395.0,1370.0,1376.6666666666665,1118100,-1.0,-1.0,-1.0
2018/11/22,1381.6666666666665,1400.0,1378.3333333333333,1398.3333333333333,1070700,-1.0,-1.0,-1.0
2018/11/26,1398.3333333333333,1428.3333333333333,1396.6666666666665,1416.6666666666665,1820100,-1.0,-1.0,-1.0
2018/11/27,1428.3333333333333,1428.3333333333333,1403.3333333333333,1416.6666666666665,1011300,-1.0,-1.0,-1.0
2018/11/28,1426.6666666666665,1426.6666666666665,1410.0,1420.0,950100,-1.0,-1.0,-1.0
2018/11/29,1433.3333333333333,1435.0,1391.6666666666665,1398.3333333333333,1074300,-1.0,-1.0,-1.0
2018/11/30,1411.6666666666665,1423.3333333333333,1390.0,1403.3333333333333,3686400,-1.0,-1.0,-1.0
2018/12/03,1403.3333333333333,1418.3333333333333,1403.3333333333333,1411.6666666666665,912300,-1.0,-1.0,-1.0
2018/12/04,1406.6666666666665,1406.6666666666665,1383.3333333333333,1385.0,1116600,-1.0,-1.0,-1.0
2018/12/05,1366.6666666666665,1401.6666666666665,1365.0,1401.6666666666665,967500,-1.0,-1.0,-1.0
2018/12/06,1401.6666666666665,1405.0,1371.6666666666665,1383.3333333333333,1466100,-1.0,-1.0,-1.0
2018/12/07,1375.0,1395.0,1350.0,1390.0,1487400,-1.0,-1.0,-1.0
2018/12/10,1375.0,1375.0,1348.3333333333333,1355.0,1136700,-1.0,-1.0,-1.0
2018/12/11,1355.0,1366.6666666666665,1345.0,1348.3333333333333,1267200,-1.0,-1.0,-1.0
2018/12/12,1363.3333333333333,1380.0,1355.0,1378.3333333333333,1623000,-1.0,-1.0,-1.0
2018/12/13,1375.0,1398.3333333333333,1370.0,1395.0,1123800,-1.0,-1.0,-1.0
2018/12/14,1383.3333333333333,1406.6666666666665,1380.0,1383.3333333333333,2535000,-1.0,-1.0,-1.0
2018/12/17,1418.3333333333333,1456.6666666666665,1418.3333333333333,1445.0,3511800,-1.0,-1.0,-1.0
2018/12/18,1445.0,1460.0,1433.3333333333333,1451.6666666666665,2356500,-1.0,-1.0,-1.0
2018/12/19,1435.0,1443.3333333333333,1405.0,1420.0,2384700,-1.0,-1.0,-1.0
2018/12/20,1415.0,1431.6666666666665,1401.6666666666665,1415.0,1918500,-1.0,-1.0,-1.0
2018/12/21,1401.6666666666665,1406.6666666666665,1355.0,1366.6666666666665,1988700,-1.0,-1.0,-1.0
2018/12/25,1330.0,1338.3333333333333,1296.6666666666665,1296.6666666666665,1950000,-1.0,-1.0,-1.0
2018/12/26,1293.3333333333333,1318.3333333333333,1278.3333333333333,1296.6666666666665,1827600,-1.0,-1.0,-1.0
2018/12/27,1320.0,1371.6666666666665,1311.6666666666665,1361.6666666666665,1758300,-1.0,-1.0,-1.0
2018/12/28,1353.3333333333333,1388.3333333333333,1353.3333333333333,1378.3333333333333,1510500,-1.0,-1.0,-1.0
2019/01/04,1378.3333333333333,1411.6666666666665,1378.3333333333333,1406.6666666666665,3243600,-1.0,-1.0,-1.0
2019/01/07,1428.3333333333333,1456.6666666666665,1415.0,1443.3333333333333,2672100,-1.0,-1.0,-1.0
2019/01/08,1453.3333333333333,1466.6666666666665,1441.6666666666665,1461.6666666666665,2421000,-1.0,-1.0,-1.0
2019/01/09,1465.0,1481.6666666666665,1461.6666666666665,1478.3333333333333,1818000,-1.0,-1.0,-1.0
2019/01/10,1478.3333333333333,1495.0,1471.6666666666665,1495.0,2023200,-1.0,-1.0,-1.0
2019/01/11,1500.0,1505.0,1485.0,1495.0,2017800,-1.0,-1.0,-1.0
2019/01/15,1488.3333333333333,1501.6666666666665,1473.3333333333333,1493.3333333333333,1435200,-1.0,-1.0,-1.0
2019/01/16,1503.3333333333333,1511.6666666666665,1496.6666666666665,1510.0,1487400,-1.0,-1.0,-1.0
2019/01/17,1505.0,1506.6666666666665,1481.6666666666665,1491.6666666666665,1630500,-1.0,-1.0,-1.0
2019/01/18,1513.3333333333333,1520.0,1505.0,1505.0,1522800,-1.0,-1.0,-1.0
2019/01/21,1513.3333333333333,1520.0,1500.0,1518.3333333333333,1131600,-1.0,-1.0,-1.0
2019/01/22,1525.0,1528.3333333333333,1513.3333333333333,1526.6666666666665,1333200,-1.0,-1.0,-1.0
2019/01/23,1516.6666666666665,1523.3333333333333,1508.3333333333333,1515.0,1382400,-1.0,-1.0,-1.0
2019/01/24,1526.6666666666665,1531.6666666666665,1511.6666666666665,1531.6666666666665,1460100,-1.0,-1.0,-1.0
2019/01/25,1516.6666666666665,1538.3333333333333,1516.6666666666665,1533.3333333333333,2048400,-1.0,-1.0,-1.0
2019/01/28,1533.3333333333333,1533.3333333333333,1511.6666666666665,1518.3333333333333,1533300,-1.0,-1.0,-1.0
2019/01/29,1521.6666666666665,1531.6666666666665,1510.0,1531.6666666666665,1626300,-1.0,-1.0,-1.0
2019/01/30,1533.3333333333333,1535.0,1501.6666666666665,1513.3333333333333,1838100,-1.0,-1.0,-1.0
2019/01/31,1513.3333333333333,1528.3333333333333,1425.0,1433.3333333333333,5026500,-1.0,-1.0,-1.0
2019/02/01,1438.3333333333333,1460.0,1433.3333333333333,1441.6666666666665,2831400,-1.0,-1.0,-1.0
2019/02/04,1426.6666666666665,1430.0,1408.3333333333333,1411.6666666666665,2427600,-1.0,-1.0,-1.0
2019/02/05,1410.0,1435.0,1405.0,1423.3333333333333,1925400,-1.0,-1.0,-1.0
2019/02/06,1428.3333333333333,1446.6666666666665,1423.3333333333333,1441.6666666666665,1821600,-1.0,-1.0,-1.0
2019/02/07,1433.3333333333333,1456.6666666666665,1431.6666666666665,1446.6666666666665,1680900,-1.0,-1.0,-1.0
2019/02/08,1445.0,1456.6666666666665,1431.6666666666665,1431.6666666666665,2370300,-1.0,-1.0,-1.0
2019/02/12,1421.6666666666665,1451.6666666666665,1420.0,1438.3333333333333,1862700,-1.0,-1.0,-1.0
2019/02/13,1440.0,1458.3333333333333,1430.0,1438.3333333333333,2040300,-1.0,-1.0,-1.0
2019/02/14,1433.3333333333333,1453.3333333333333,1418.3333333333333,1443.3333333333333,1769700,-1.0,-1.0,-1.0
2019/02/15,1446.6666666666665,1450.0,1421.6666666666665,1430.0,2005500,-1.0,-1.0,-1.0
2019/02/18,1450.0,1455.0,1438.3333333333333,1450.0,1110000,-1.0,-1.0,-1.0
2019/02/19,1436.6666666666665,1443.3333333333333,1430.0,1431.6666666666665,1809600,-1.0,-1.0,-1.0
2019/02/20,1428.3333333333333,1436.6666666666665,1418.3333333333333,1425.0,1619400,-1.0,-1.0,-1.0
2019/02/21,1423.3333333333333,1453.3333333333333,1423.3333333333333,1443.3333333333333,1515000,-1.0,-1.0,-1.0
2019/02/22,1436.6666666666665,1445.0,1428.3333333333333,1430.0,981900,-1.0,-1.0,-1.0
2019/02/25,1413.3333333333333,1415.0,1351.6666666666665,1351.6666666666665,3854100,-1.0,-1.0,-1.0
2019/02/26,1360.0,1370.0,1348.3333333333333,1353.3333333333333,1972800,-1.0,-1.0,-1.0
2019/02/27,1351.6666666666665,1371.6666666666665,1351.6666666666665,1356.6666666666665,1572300,-1.0,-1.0,-1.0
2019/02/28,1358.3333333333333,1365.0,1355.0,1355.0,1393800,-1.0,-1.0,-1.0
2019/03/01,1353.3333333333333,1358.3333333333333,1345.0,1348.3333333333333,933300,-1.0,-1.0,-1.0
2019/03/04,1355.0,1356.6666666666665,1323.3333333333333,1328.3333333333333,2498100,-1.0,-1.0,-1.0
2019/03/05,1335.0,1343.3333333333333,1326.6666666666665,1330.0,1032900,-1.0,-1.0,-1.0
2019/03/06,1326.6666666666665,1333.3333333333333,1320.0,1323.3333333333333,1072800,-1.0,-1.0,-1.0
2019/03/07,1316.6666666666665,1321.6666666666665,1306.6666666666665,1310.0,1319700,-1.0,-1.0,-1.0
2019/03/08,1306.6666666666665,1311.6666666666665,1290.0,1291.6666666666665,2227800,-1.0,-1.0,-1.0
2019/03/11,1293.3333333333333,1306.6666666666665,1286.6666666666665,1300.0,1021500,-1.0,-1.0,-1.0
2019/03/12,1301.6666666666665,1315.0,1300.0,1311.6666666666665,971100,-1.0,-1.0,-1.0
2019/03/13,1311.6666666666665,1316.6666666666665,1298.3333333333333,1300.0,856200,-1.0,-1.0,-1.0
2019/03/14,1310.0,1313.3333333333333,1300.0,1300.0,1040400,-1.0,-1.0,-1.0
2019/03/15,1296.6666666666665,1315.0,1293.3333333333333,1313.3333333333333,1701900,-1.0,-1.0,-1.0
2019/03/18,1311.6666666666665,1330.0,1311.6666666666665,1325.0,868800,-1.0,-1.0,-1.0
2019/03/19,1330.0,1330.0,1318.3333333333333,1321.6666666666665,892200,-1.0,-1.0,-1.0
2019/03/20,1321.6666666666665,1331.6666666666665,1318.3333333333333,1330.0,1036800,-1.0,-1.0,-1.0
2019/03/22,1341.6666666666665,1343.3333333333333,1330.0,1338.3333333333333,1614900,-1.0,-1.0,-1.0
2019/03/25,1328.3333333333333,1330.0,1313.3333333333333,1321.6666666666665,1412100,-1.0,-1.0,-1.0
2019/03/26,1336.6666666666665,1361.6666666666665,1333.3333333333333,1361.6666666666665,2000700,-1.0,-1.0,-1.0
2019/03/27,1341.6666666666665,1343.3333333333333,1318.3333333333333,1326.6666666666665,1558200,-1.0,-1.0,-1.0
2019/03/28,1321.6666666666665,1328.3333333333333,1306.6666666666665,1318.3333333333333,1519200,-1.0,-1.0,-1.0
2019/03/29,1325.0,1338.3333333333333,1321.6666666666665,1328.3333333333333,1606200,-1.0,-1.0,-1.0
2019/04/01,1348.3333333333333,1358.3333333333333,1345.0,1353.3333333333333,1495500,-1.0,-1.0,-1.0
2019/04/02,1346.6666666666665,1351.6666666666665,1326.6666666666665,1333.3333333333333,1156800,-1.0,-1.0,-1.0
2019/04/03,1341.6666666666665,1343.3333333333333,1320.0,1330.0,1434000,-1.0,-1.0,-1.0
2019/04/04,1351.6666666666665,1351.6666666666665,1335.0,1346.6666666666665,1094400,-1.0,-1.0,-1.0
2019/04/05,1348.3333333333333,1361.6666666666665,1343.3333333333333,1361.6666666666665,957300,-1.0,-1.0,-1.0
2019/04/08,1373.3333333333333,1373.3333333333333,1356.6666666666665,1358.3333333333333,771000,-1.0,-1.0,-1.0
2019/04/09,1371.6666666666665,1371.6666666666665,1358.3333333333333,1371.6666666666665,1030800,-1.0,-1.0,-1.0
2019/04/10,1368.3333333333333,1388.3333333333333,1366.6666666666665,1380.0,1174500,-1.0,-1.0,-1.0
2019/04/11,1378.3333333333333,1386.6666666666665,1371.6666666666665,1383.3333333333333,843000,-1.0,-1.0,-1.0
2019/04/12,1396.6666666666665,1396.6666666666665,1380.0,1391.6666666666665,1673700,-1.0,-1.0,-1.0
2019/04/15,1411.6666666666665,1425.0,1406.6666666666665,1421.6666666666665,1395600,-1.0,-1.0,-1.0
2019/04/16,1426.6666666666665,1440.0,1423.3333333333333,1431.6666666666665,1060800,-1.0,-1.0,-1.0
2019/04/17,1440.0,1455.0,1436.6666666666665,1453.3333333333333,1558200,-1.0,-1.0,-1.0
2019/04/18,1451.6666666666665,1451.6666666666665,1413.3333333333333,1418.3333333333333,1440300,-1.0,-1.0,-1.0
2019/04/19,1438.3333333333333,1441.6666666666665,1426.6666666666665,1441.6666666666665,625200,-1.0,-1.0,-1.0
2019/04/22,1436.6666666666665,1450.0,1430.0,1450.0,532500,-1.0,-1.0,-1.0
2019/04/23,1453.3333333333333,1463.3333333333333,1446.6666666666665,1451.6666666666665,747300,-1.0,-1.0,-1.0
2019/04/24,1458.3333333333333,1473.3333333333333,1450.0,1471.6666666666665,1383300,-1.0,-1.0,-1.0
2019/04/25,1475.0,1493.3333333333333,1471.6666666666665,1491.6666666666665,1685400,-1.0,-1.0,-1.0
2019/04/26,1476.6666666666665,1495.0,1476.6666666666665,1490.0,1252800,-1.0,-1.0,-1.0
2019/05/07,1496.6666666666665,1503.3333333333333,1483.3333333333333,1501.6666666666665,2080500,-1.0,-1.0,-1.0
2019/05/08,1488.3333333333333,1496.6666666666665,1483.3333333333333,1495.0,1090200,-1.0,-1.0,-1.0
2019/05/09,1476.6666666666665,1476.6666666666665,1453.3333333333333,1465.0,1608600,-1.0,-1.0,-1.0
2019/05/10,1480.0,1485.0,1455.0,1473.3333333333333,1728000,-1.0,-1.0,-1.0
2019/05/13,1453.3333333333333,1461.6666666666665,1446.6666666666665,1460.0,1344300,-1.0,-1.0,-1.0
2019/05/14,1443.3333333333333,1460.0,1433.3333333333333,1458.3333333333333,1251600,-1.0,-1.0,-1.0
2019/05/15,1470.0,1526.6666666666665,1406.6666666666665,1463.3333333333333,3631500,-1.0,-1.0,-1.0
2019/05/16,1505.0,1536.6666666666665,1501.6666666666665,1516.6666666666665,2456100,-1.0,-1.0,-1.0
2019/05/17,1516.6666666666665,1538.3333333333333,1511.6666666666665,1513.3333333333333,1797300,-1.0,-1.0,-1.0
2019/05/20,1518.3333333333333,1525.0,1513.3333333333333,1516.6666666666665,934800,-1.0,-1.0,-1.0
2019/05/21,1501.6666666666665,1520.0,1493.3333333333333,1520.0,1698000,-1.0,-1.0,-1.0
2019/05/22,1508.3333333333333,1513.3333333333333,1473.3333333333333,1483.3333333333333,2163000,-1.0,-1.0,-1.0
2019/05/23,1491.6666666666665,1503.3333333333333,1483.3333333333333,1501.6666666666665,974400,-1.0,-1.0,-1.0
2019/05/24,1503.3333333333333,1526.6666666666665,1493.3333333333333,1526.6666666666665,1338300,-1.0,-1.0,-1.0
2019/05/27,1526.6666666666665,1530.0,1513.3333333333333,1520.0,755400,-1.0,-1.0,-1.0
2019/05/28,1508.3333333333333,1516.6666666666665,1501.6666666666665,1505.0,1937400,-1.0,-1.0,-1.0
2019/05/29,1500.0,1505.0,1473.3333333333333,1475.0,1353900,-1.0,-1.0,-1.0
2019/05/30,1455.0,1456.6666666666665,1436.6666666666665,1451.6666666666665,1111800,-1.0,-1.0,-1.0
2019/05/31,1453.3333333333333,1476.6666666666665,1450.0,1463.3333333333333,1473900,-1.0,-1.0,-1.0
2019/06/03,1448.3333333333333,1465.0,1440.0,1465.0,941700,-1.0,-1.0,-1.0
2019/06/04,1466.6666666666665,1470.0,1440.0,1448.3333333333333,897600,-1.0,-1.0,-1.0
2019/06/05,1456.6666666666665,1481.6666666666665,1455.0,1481.6666666666665,1029600,-1.0,-1.0,-1.0
2019/06/06,1481.6666666666665,1481.6666666666665,1465.0,1465.0,1135200,-1.0,-1.0,-1.0
2019/06/07,1473.3333333333333,1506.6666666666665,1466.6666666666665,1501.6666666666665,1085400,-1.0,-1.0,-1.0
2019/06/10,1520.0,1543.3333333333333,1520.0,1540.0,1467000,-1.0,-1.0,-1.0
2019/06/11,1541.6666666666665,1545.0,1530.0,1543.3333333333333,848700,-1.0,-1.0,-1.0
2019/06/12,1543.3333333333333,1556.6666666666665,1536.6666666666665,1551.6666666666665,1071300,-1.0,-1.0,-1.0
2019/06/13,1575.0,1593.3333333333333,1553.3333333333333,1563.3333333333333,1834800,-1.0,-1.0,-1.0
2019/06/14,1575.0,1575.0,1548.3333333333333,1570.0,1592400,-1.0,-1.0,-1.0
2019/06/17,1566.6666666666665,1578.3333333333333,1558.3333333333333,1566.6666666666665,897900,-1.0,-1.0,-1.0
2019/06/18,1551.6666666666665,1566.6666666666665,1545.0,1550.0,1136400,-1.0,-1.0,-1.0
2019/06/19,1581.6666666666665,1586.6666666666665,1561.6666666666665,1563.3333333333333,1125600,-1.0,-1.0,-1.0
2019/06/20,1593.3333333333333,1600.0,1578.3333333333333,1581.6666666666665,2065800,-1.0,-1.0,-1.0
2019/06/21,1581.6666666666665,1593.3333333333333,1571.6666666666665,1581.6666666666665,1987800,-1.0,-1.0,-1.0
2019/06/24,1580.0,1580.0,1548.3333333333333,1548.3333333333333,878400,-1.0,-1.0,-1.0
2019/06/25,1550.0,1570.0,1546.6666666666665,1551.6666666666665,843600,-1.0,-1.0,-1.0
2019/06/26,1546.6666666666665,1560.0,1538.3333333333333,1560.0,634800,-1.0,-1.0,-1.0
2019/06/27,1543.3333333333333,1543.3333333333333,1523.3333333333333,1533.3333333333333,1206300,-1.0,-1.0,-1.0
2019/06/28,1533.3333333333333,1546.6666666666665,1526.6666666666665,1538.3333333333333,1270500,-1.0,-1.0,-1.0
2019/07/01,1548.3333333333333,1568.3333333333333,1548.3333333333333,1565.0,917100,-1.0,-1.0,-1.0
2019/07/02,1575.0,1581.6666666666665,1548.3333333333333,1550.0,1126500,-1.0,-1.0,-1.0
2019/07/03,1561.6666666666665,1566.6666666666665,1545.0,1550.0,1117200,-1.0,-1.0,-1.0
2019/07/04,1560.0,1568.3333333333333,1543.3333333333333,1546.6666666666665,819900,-1.0,-1.0,-1.0
2019/07/05,1553.3333333333333,1553.3333333333333,1530.0,1540.0,1065600,-1.0,-1.0,-1.0
2019/07/08,1528.3333333333333,1530.0,1511.6666666666665,1513.3333333333333,1544700,-1.0,-1.0,-1.0
2019/07/09,1528.3333333333333,1561.6666666666665,1528.3333333333333,1541.6666666666665,1258800,-1.0,-1.0,-1.0
2019/07/10,1535.0,1540.0,1520.0,1535.0,1185900,-1.0,-1.0,-1.0
2019/07/11,1528.3333333333333,1536.6666666666665,1525.0,1528.3333333333333,666900,-1.0,-1.0,-1.0
2019/07/12,1536.6666666666665,1536.6666666666665,1513.3333333333333,1523.3333333333333,816900,-1.0,-1.0,-1.0
2019/07/16,1523.3333333333333,1526.6666666666665,1506.6666666666665,1515.0,679800,-1.0,-1.0,-1.0
2019/07/17,1515.0,1523.3333333333333,1505.0,1505.0,695400,-1.0,-1.0,-1.0
2019/07/18,1498.3333333333333,1498.3333333333333,1456.6666666666665,1460.0,1140000,-1.0,-1.0,-1.0
2019/07/19,1463.3333333333333,1481.6666666666665,1461.6666666666665,1481.6666666666665,918300,-1.0,-1.0,-1.0
2019/07/22,1463.3333333333333,1466.6666666666665,1430.0,1433.3333333333333,1097700,-1.0,-1.0,-1.0
2019/07/23,1423.3333333333333,1430.0,1403.3333333333333,1405.0,1185900,-1.0,-1.0,-1.0
2019/07/24,1406.6666666666665,1411.6666666666665,1386.6666666666665,1400.0,1217100,-1.0,-1.0,-1.0
2019/07/25,1393.3333333333333,1411.6666666666665,1388.3333333333333,1400.0,975000,-1.0,-1.0,-1.0
2019/07/26,1411.6666666666665,1411.6666666666665,1381.6666666666665,1381.6666666666665,1097700,-1.0,-1.0,-1.0
2019/07/29,1381.6666666666665,1386.6666666666665,1356.6666666666665,1368.3333333333333,1017000,-1.0,-1.0,-1.0
2019/07/30,1383.3333333333333,1383.3333333333333,1361.6666666666665,1371.6666666666665,1125000,-1.0,-1.0,-1.0
2019/07/31,1355.0,1411.6666666666665,1345.0,1351.6666666666665,2635500,-1.0,-1.0,-1.0
2019/08/01,1343.3333333333333,1343.3333333333333,1305.0,1306.6666666666665,1994100,-1.0,-1.0,-1.0
2019/08/02,1316.6666666666665,1318.3333333333333,1280.0,1285.0,2025600,-1.0,-1.0,-1.0
2019/08/05,1278.3333333333333,1291.6666666666665,1253.3333333333333,1261.6666666666665,1887000,-1.0,-1.0,-1.0
2019/08/06,1233.3333333333333,1298.3333333333333,1233.3333333333333,1295.0,2073600,-1.0,-1.0,-1.0
2019/08/07,1298.3333333333333,1300.0,1275.0,1288.3333333333333,1503900,-1.0,-1.0,-1.0
2019/08/08,1288.3333333333333,1291.6666666666665,1275.0,1281.6666666666665,924900,-1.0,-1.0,-1.0
2019/08/09,1295.0,1296.6666666666665,1275.0,1283.3333333333333,1159500,-1.0,-1.0,-1.0
2019/08/13,1266.6666666666665,1290.0,1265.0,1286.6666666666665,1191000,-1.0,-1.0,-1.0
2019/08/14,1286.6666666666665,1295.0,1278.3333333333333,1283.3333333333333,998100,-1.0,-1.0,-1.0
2019/08/15,1265.0,1285.0,1258.3333333333333,1278.3333333333333,1289100,-1.0,-1.0,-1.0
2019/08/16,1275.0,1295.0,1275.0,1286.6666666666665,1063500,-1.0,-1.0,-1.0
2019/08/19,1305.0,1306.6666666666665,1295.0,1298.3333333333333,778800,-1.0,-1.0,-1.0
2019/08/20,1291.6666666666665,1313.3333333333333,1291.6666666666665,1308.3333333333333,901200,-1.0,-1.0,-1.0
2019/08/21,1301.6666666666665,1311.6666666666665,1296.6666666666665,1308.3333333333333,683100,-1.0,-1.0,-1.0
2019/08/22,1308.3333333333333,1330.0,1305.0,1325.0,1126500,-1.0,-1.0,-1.0
2019/08/23,1328.3333333333333,1341.6666666666665,1323.3333333333333,1325.0,1051500,-1.0,-1.0,-1.0
2019/08/26,1295.0,1318.3333333333333,1290.0,1316.6666666666665,1162200,-1.0,-1.0,-1.0
2019/08/27,1331.6666666666665,1331.6666666666665,1316.6666666666665,1328.3333333333333,1713600,-1.0,-1.0,-1.0
2019/08/28,1321.6666666666665,1335.0,1315.0,1331.6666666666665,897600,-1.0,-1.0,-1.0
2019/08/29,1335.0,1340.0,1328.3333333333333,1328.3333333333333,1218900,-1.0,-1.0,-1.0
2019/08/30,1346.6666666666665,1365.0,1341.6666666666665,1360.0,1771800,-1.0,-1.0,-1.0
2019/09/02,1363.3333333333333,1366.6666666666665,1343.3333333333333,1346.6666666666665,1047900,-1.0,-1.0,-1.0
2019/09/03,1340.0,1345.0,1326.6666666666665,1343.3333333333333,974700,-1.0,-1.0,-1.0
2019/09/04,1345.0,1355.0,1335.0,1351.6666666666665,1099500,-1.0,-1.0,-1.0
2019/09/05,1350.0,1366.6666666666665,1343.3333333333333,1360.0,1553100,-1.0,-1.0,-1.0
2019/09/06,1361.6666666666665,1371.6666666666665,1348.3333333333333,1351.6666666666665,1257300,-1.0,-1.0,-1.0
2019/09/09,1365.0,1390.0,1358.3333333333333,1385.0,1138800,-1.0,-1.0,-1.0
2019/09/10,1385.0,1395.0,1371.6666666666665,1391.6666666666665,891300,-1.0,-1.0,-1.0
2019/09/11,1396.6666666666665,1413.3333333333333,1391.6666666666665,1410.0,1046100,-1.0,-1.0,-1.0
2019/09/12,1420.0,1445.0,1418.3333333333333,1431.6666666666665,1526400,-1.0,-1.0,-1.0
2019/09/13,1436.6666666666665,1450.0,1415.0,1445.0,2277900,-1.0,-1.0,-1.0
2019/09/17,1450.0,1473.3333333333333,1441.6666666666665,1463.3333333333333,1147200,-1.0,-1.0,-1.0
2019/09/18,1463.3333333333333,1491.6666666666665,1461.6666666666665,1465.0,1176600,-1.0,-1.0,-1.0
2019/09/19,1466.6666666666665,1493.3333333333333,1465.0,1470.0,1280100,-1.0,-1.0,-1.0
2019/09/20,1475.0,1490.0,1460.0,1466.6666666666665,2152800,-1.0,-1.0,-1.0
2019/09/24,1463.3333333333333,1475.0,1456.6666666666665,1458.3333333333333,1121100,-1.0,-1.0,-1.0
2019/09/25,1453.3333333333333,1473.3333333333333,1446.6666666666665,1466.6666666666665,1128000,-1.0,-1.0,-1.0
2019/09/26,1471.6666666666665,1483.3333333333333,1465.0,1475.0,1508100,-1.0,-1.0,-1.0
2019/09/27,1466.6666666666665,1478.3333333333333,1441.6666666666665,1453.3333333333333,1491300,-1.0,-1.0,-1.0
2019/09/30,1450.0,1456.6666666666665,1438.3333333333333,1448.3333333333333,1259400,-1.0,-1.0,-1.0
2019/10/01,1448.3333333333333,1465.0,1446.6666666666665,1461.6666666666665,700800,-1.0,-1.0,-1.0
2019/10/02,1460.0,1483.3333333333333,1458.3333333333333,1471.6666666666665,1075800,-1.0,-1.0,-1.0
2019/10/03,1450.0,1458.3333333333333,1440.0,1446.6666666666665,1044300,-1.0,-1.0,-1.0
2019/10/04,1468.3333333333333,1501.6666666666665,1458.3333333333333,1501.6666666666665,1770900,-1.0,-1.0,-1.0
2019/10/07,1508.3333333333333,1511.6666666666665,1486.6666666666665,1498.3333333333333,990600,-1.0,-1.0,-1.0
2019/10/08,1496.6666666666665,1515.0,1495.0,1510.0,1207800,-1.0,-1.0,-1.0
2019/10/09,1510.0,1520.0,1505.0,1518.3333333333333,923700,-1.0,-1.0,-1.0
2019/10/10,1521.6666666666665,1528.3333333333333,1488.3333333333333,1508.3333333333333,1080600,-1.0,-1.0,-1.0
2019/10/11,1531.6666666666665,1536.6666666666665,1520.0,1526.6666666666665,1748700,-1.0,-1.0,-1.0
2019/10/15,1540.0,1563.3333333333333,1533.3333333333333,1560.0,1165800,-1.0,-1.0,-1.0
2019/10/16,1566.6666666666665,1578.3333333333333,1556.6666666666665,1570.0,1394400,-1.0,-1.0,-1.0
2019/10/17,1571.6666666666665,1576.6666666666665,1565.0,1570.0,1199400,-1.0,-1.0,-1.0
2019/10/18,1561.6666666666665,1570.0,1528.3333333333333,1531.6666666666665,1239900,-1.0,-1.0,-1.0
2019/10/21,1540.0,1563.3333333333333,1538.3333333333333,1558.3333333333333,1145100,-1.0,-1.0,-1.0
2019/10/23,1566.6666666666665,1573.3333333333333,1553.3333333333333,1573.3333333333333,1183800,-1.0,-1.0,-1.0
2019/10/24,1561.6666666666665,1565.0,1555.0,1560.0,832500,-1.0,-1.0,-1.0
2019/10/25,1555.0,1558.3333333333333,1543.3333333333333,1555.0,852600,-1.0,-1.0,-1.0
2019/10/28,1545.0,1551.6666666666665,1535.0,1535.0,756600,-1.0,-1.0,-1.0
2019/10/29,1541.6666666666665,1545.0,1520.0,1526.6666666666665,1311900,-1.0,-1.0,-1.0
2019/10/30,1525.0,1545.0,1525.0,1530.0,2103300,-1.0,-1.0,-1.0
2019/10/31,1543.3333333333333,1545.0,1506.6666666666665,1515.0,1756200,-1.0,-1.0,-1.0
2019/11/01,1543.3333333333333,1596.6666666666665,1543.3333333333333,1596.6666666666665,2174400,-1.0,-1.0,-1.0
2019/11/05,1573.3333333333333,1633.3333333333333,1566.6666666666665,1628.3333333333333,2096400,-1.0,-1.0,-1.0
2019/11/06,1621.6666666666665,1623.3333333333333,1603.3333333333333,1608.3333333333333,1035000,-1.0,-1.0,-1.0
2019/11/07,1611.6666666666665,1623.3333333333333,1606.6666666666665,1620.0,771300,-1.0,-1.0,-1.0
2019/11/08,1633.3333333333333,1638.3333333333333,1613.3333333333333,1616.6666666666665,1646400,-1.0,-1.0,-1.0
2019/11/11,1616.6666666666665,1638.3333333333333,1616.6666666666665,1633.3333333333333,935100,-1.0,-1.0,-1.0
2019/11/12,1635.0,1640.0,1613.3333333333333,1630.0,813900,-1.0,-1.0,-1.0
2019/11/13,1628.3333333333333,1635.0,1618.3333333333333,1626.6666666666665,628500,-1.0,-1.0,-1.0
2019/11/14,1630.0,1636.6666666666665,1611.6666666666665,1621.6666666666665,686400,-1.0,-1.0,-1.0
2019/11/15,1613.3333333333333,1621.6666666666665,1608.3333333333333,1616.6666666666665,799200,-1.0,-1.0,-1.0
2019/11/18,1603.3333333333333,1610.0,1596.6666666666665,1603.3333333333333,641100,-1.0,-1.0,-1.0
2019/11/19,1610.0,1618.3333333333333,1590.0,1598.3333333333333,697200,-1.0,-1.0,-1.0
2019/11/20,1600.0,1605.0,1568.3333333333333,1575.0,1128300,-1.0,-1.0,-1.0
2019/11/21,1563.3333333333333,1575.0,1545.0,1570.0,1383000,-1.0,-1.0,-1.0
2019/11/22,1568.3333333333333,1568.3333333333333,1538.3333333333333,1543.3333333333333,1184700,-1.0,-1.0,-1.0
2019/11/25,1560.0,1571.6666666666665,1555.0,1565.0,759300,-1.0,-1.0,-1.0
2019/11/26,1586.6666666666665,1590.0,1560.0,1563.3333333333333,1669500,-1.0,-1.0,-1.0
2019/11/27,1573.3333333333333,1578.3333333333333,1541.6666666666665,1543.3333333333333,1041900,-1.0,-1.0,-1.0
2019/11/28,1545.0,1551.6666666666665,1536.6666666666665,1543.3333333333333,627900,-1.0,-1.0,-1.0
2019/11/29,1545.0,1551.6666666666665,1528.3333333333333,1530.0,902400,-1.0,-1.0,-1.0
2019/12/02,1536.6666666666665,1555.0,1535.0,1550.0,711600,-1.0,-1.0,-1.0
2019/12/03,1526.6666666666665,1536.6666666666665,1513.3333333333333,1521.6666666666665,962700,-1.0,-1.0,-1.0
2019/12/04,1516.6666666666665,1541.6666666666665,1506.6666666666665,1535.0,1074900,-1.0,-1.0,-1.0
2019/12/05,1533.3333333333333,1538.3333333333333,1518.3333333333333,1530.0,675900,-1.0,-1.0,-1.0
2019/12/06,1576.6666666666665,1583.3333333333333,1553.3333333333333,1561.6666666666665,1794900,-1.0,-1.0,-1.0
2019/12/09,1566.6666666666665,1568.3333333333333,1551.6666666666665,1558.3333333333333,707700,-1.0,-1.0,-1.0
2019/12/10,1546.6666666666665,1551.6666666666665,1535.0,1540.0,807600,-1.0,-1.0,-1.0
2019/12/11,1533.3333333333333,1536.6666666666665,1518.3333333333333,1521.6666666666665,894300,-1.0,-1.0,-1.0
2019/12/12,1515.0,1518.3333333333333,1503.3333333333333,1503.3333333333333,654900,-1.0,-1.0,-1.0
2019/12/13,1526.6666666666665,1543.3333333333333,1523.3333333333333,1540.0,2042700,-1.0,-1.0,-1.0
2019/12/16,1531.6666666666665,1538.3333333333333,1521.6666666666665,1526.6666666666665,914700,-1.0,-1.0,-1.0
2019/12/17,1540.0,1550.0,1530.0,1545.0,1061100,-1.0,-1.0,-1.0
2019/12/18,1538.3333333333333,1541.6666666666665,1518.3333333333333,1533.3333333333333,708300,-1.0,-1.0,-1.0
2019/12/19,1528.3333333333333,1540.0,1525.0,1526.6666666666665,637800,-1.0,-1.0,-1.0
2019/12/20,1533.3333333333333,1533.3333333333333,1511.6666666666665,1513.3333333333333,893400,-1.0,-1.0,-1.0
2019/12/23,1515.0,1533.3333333333333,1515.0,1531.6666666666665,577800,-1.0,-1.0,-1.0
2019/12/24,1528.3333333333333,1535.0,1521.6666666666665,1530.0,339300,-1.0,-1.0,-1.0
2019/12/25,1528.3333333333333,1531.6666666666665,1515.0,1516.6666666666665,256200,-1.0,-1.0,-1.0
2019/12/26,1511.6666666666665,1523.3333333333333,1510.0,1523.3333333333333,390600,-1.0,-1.0,-1.0
2019/12/27,1515.0,1530.0,1515.0,1523.3333333333333,504000,-1.0,-1.0,-1.0
2019/12/30,1525.0,1526.6666666666665,1503.3333333333333,1503.3333333333333,641100,-1.0,-1.0,-1.0
2020/01/06,1466.6666666666665,1475.0,1453.3333333333333,1456.6666666666665,1152300,-1.0,-1.0,-1.0
2020/01/07,1461.6666666666665,1491.6666666666665,1461.6666666666665,1486.6666666666665,1167900,-1.0,-1.0,-1.0
2020/01/08,1463.3333333333333,1505.0,1463.3333333333333,1496.6666666666665,1437300,-1.0,-1.0,-1.0
2020/01/09,1511.6666666666665,1541.6666666666665,1511.6666666666665,1538.3333333333333,1160700,-1.0,-1.0,-1.0
2020/01/10,1553.3333333333333,1583.3333333333333,1551.6666666666665,1581.6666666666665,1751400,-1.0,-1.0,-1.0
2020/01/14,1588.3333333333333,1588.3333333333333,1556.6666666666665,1560.0,1164000,-1.0,-1.0,-1.0
2020/01/15,1590.0,1601.6666666666665,1575.0,1600.0,1707300,-1.0,-1.0,-1.0
2020/01/16,1615.0,1640.0,1611.6666666666665,1618.3333333333333,2021700,-1.0,-1.0,-1.0
2020/01/17,1646.6666666666665,1646.6666666666665,1578.3333333333333,1583.3333333333333,1824300,-1.0,-1.0,-1.0
2020/01/20,1570.0,1585.0,1566.6666666666665,1575.0,648900,-1.0,-1.0,-1.0
2020/01/21,1576.6666666666665,1595.0,1573.3333333333333,1578.3333333333333,1019700,-1.0,-1.0,-1.0
2020/01/22,1575.0,1605.0,1571.6666666666665,1598.3333333333333,980700,-1.0,-1.0,-1.0
2020/01/23,1575.0,1600.0,1575.0,1593.3333333333333,767400,-1.0,-1.0,-1.0
2020/01/24,1586.6666666666665,1586.6666666666665,1575.0,1581.6666666666665,544500,-1.0,-1.0,-1.0
2020/01/27,1558.3333333333333,1596.6666666666665,1555.0,1590.0,796500,-1.0,-1.0,-1.0
2020/01/28,1573.3333333333333,1591.6666666666665,1573.3333333333333,1581.6666666666665,853200,-1.0,-1.0,-1.0
2020/01/29,1575.0,1585.0,1563.3333333333333,1571.6666666666665,1146300,-1.0,-1.0,-1.0
2020/01/30,1563.3333333333333,1580.0,1551.6666666666665,1555.0,1093800,-1.0,-1.0,-1.0
2020/01/31,1561.6666666666665,1638.3333333333333,1535.0,1608.3333333333333,2550600,-1.0,-1.0,-1.0
2020/02/03,1595.0,1608.3333333333333,1571.6666666666665,1575.0,1389300,-1.0,-1.0,-1.0
2020/02/04,1575.0,1603.3333333333333,1570.0,1603.3333333333333,1242000,-1.0,-1.0,-1.0
2020/02/05,1610.0,1623.3333333333333,1606.6666666666665,1620.0,700800,-1.0,-1.0,-1.0
2020/02/06,1626.6666666666665,1630.0,1608.3333333333333,1608.3333333333333,1286100,-1.0,-1.0,-1.0
2020/02/07,1600.0,1613.3333333333333,1585.0,1595.0,773100,-1.0,-1.0,-1.0
2020/02/10,1596.6666666666665,1616.6666666666665,1586.6666666666665,1606.6666666666665,802200,-1.0,-1.0,-1.0
2020/02/12,1615.0,1626.6666666666665,1605.0,1610.0,1012200,-1.0,-1.0,-1.0
2020/02/13,1591.6666666666665,1595.0,1573.3333333333333,1585.0,1247400,-1.0,-1.0,-1.0
2020/02/14,1586.6666666666665,1593.3333333333333,1578.3333333333333,1591.6666666666665,1009800,-1.0,-1.0,-1.0
2020/02/17,1578.3333333333333,1590.0,1560.0,1580.0,558900,-1.0,-1.0,-1.0
2020/02/18,1581.6666666666665,1585.0,1553.3333333333333,1565.0,926100,-1.0,-1.0,-1.0
2020/02/19,1546.6666666666665,1556.6666666666665,1531.6666666666665,1550.0,1502400,-1.0,-1.0,-1.0
2020/02/20,1550.0,1568.3333333333333,1550.0,1553.3333333333333,784800,-1.0,-1.0,-1.0
2020/02/21,1541.6666666666665,1546.6666666666665,1520.0,1520.0,941100,-1.0,-1.0,-1.0
2020/02/25,1485.0,1491.6666666666665,1468.3333333333333,1471.6666666666665,1210800,-1.0,-1.0,-1.0
2020/02/26,1450.0,1456.6666666666665,1433.3333333333333,1450.0,1310100,-1.0,-1.0,-1.0
2020/02/27,1438.3333333333333,1438.3333333333333,1411.6666666666665,1413.3333333333333,1565100,-1.0,-1.0,-1.0
2020/02/28,1375.0,1391.6666666666665,1345.0,1356.6666666666665,2204400,-1.0,-1.0,-1.0
2020/03/02,1341.6666666666665,1393.3333333333333,1336.6666666666665,1383.3333333333333,1601400,-1.0,-1.0,-1.0
2020/03/03,1403.3333333333333,1408.3333333333333,1351.6666666666665,1351.6666666666665,1312200,-1.0,-1.0,-1.0
2020/03/04,1333.3333333333333,1356.6666666666665,1331.6666666666665,1345.0,1156800,-1.0,-1.0,-1.0
2020/03/05,1368.3333333333333,1375.0,1350.0,1361.6666666666665,1516800,-1.0,-1.0,-1.0
2020/03/06,1346.6666666666665,1346.6666666666665,1316.6666666666665,1323.3333333333333,1894800,-1.0,-1.0,-1.0
2020/03/09,1293.3333333333333,1301.6666666666665,1273.3333333333333,1293.3333333333333,2148600,-1.0,-1.0,-1.0
2020/03/10,1270.0,1301.6666666666665,1226.6666666666665,1293.3333333333333,2737800,-1.0,-1.0,-1.0
2020/03/11,1293.3333333333333,1315.0,1283.3333333333333,1286.6666666666665,2006700,-1.0,-1.0,-1.0
2020/03/12,1263.3333333333333,1266.6666666666665,1208.3333333333333,1225.0,2514900,-1.0,-1.0,-1.0
2020/03/13,1113.3333333333333,1163.3333333333333,1090.0,1120.0,3052500,-1.0,-1.0,-1.0
2020/03/16,1130.0,1151.6666666666665,1088.3333333333333,1095.0,1857300,-1.0,-1.0,-1.0
2020/03/17,1080.0,1116.6666666666665,1053.3333333333333,1086.6666666666665,2983200,-1.0,-1.0,-1.0
2020/03/18,1101.6666666666665,1105.0,1026.6666666666665,1031.6666666666665,3778800,-1.0,-1.0,-1.0
2020/03/19,1065.0,1065.0,966.6666666666666,975.6666666666666,4374300,-1.0,-1.0,-1.0
2020/03/23,1010.0,1058.3333333333333,1006.6666666666666,1050.0,3960300,-1.0,-1.0,-1.0
2020/03/24,1096.6666666666665,1150.0,1083.3333333333333,1145.0,3174300,-1.0,-1.0,-1.0
2020/03/25,1210.0,1260.0,1176.6666666666665,1256.6666666666665,3031800,-1.0,-1.0,-1.0
2020/03/26,1253.3333333333333,1296.6666666666665,1238.3333333333333,1263.3333333333333,2918100,-1.0,-1.0,-1.0
2020/03/27,1286.6666666666665,1328.3333333333333,1265.0,1293.3333333333333,3792300,-1.0,-1.0,-1.0
2020/03/30,1261.6666666666665,1326.6666666666665,1248.3333333333333,1326.6666666666665,2437200,-1.0,-1.0,-1.0
2020/03/31,1310.0,1328.3333333333333,1253.3333333333333,1255.0,2617800,-1.0,-1.0,-1.0
2020/04/01,1216.6666666666665,1220.0,1141.6666666666665,1153.3333333333333,2081100,-1.0,-1.0,-1.0
2020/04/02,1146.6666666666665,1180.0,1126.6666666666665,1128.3333333333333,2397000,-1.0,-1.0,-1.0
2020/04/03,1108.3333333333333,1125.0,1073.3333333333333,1090.0,2036700,-1.0,-1.0,-1.0
2020/04/06,1090.0,1166.6666666666665,1085.0,1150.0,1508100,-1.0,-1.0,-1.0
2020/04/07,1173.3333333333333,1198.3333333333333,1138.3333333333333,1168.3333333333333,1484700,-1.0,-1.0,-1.0
2020/04/08,1178.3333333333333,1198.3333333333333,1151.6666666666665,1190.0,1520400,-1.0,-1.0,-1.0
2020/04/09,1213.3333333333333,1213.3333333333333,1160.0,1165.0,1110000,-1.0,-1.0,-1.0
2020/04/10,1203.3333333333333,1203.3333333333333,1143.3333333333333,1173.3333333333333,1585200,-1.0,-1.0,-1.0
2020/04/13,1150.0,1163.3333333333333,1141.6666666666665,1146.6666666666665,983700,-1.0,-1.0,-1.0
2020/04/14,1155.0,1191.6666666666665,1150.0,1188.3333333333333,1191600,-1.0,-1.0,-1.0
2020/04/15,1178.3333333333333,1181.6666666666665,1158.3333333333333,1163.3333333333333,1683600,-1.0,-1.0,-1.0
2020/04/16,1146.6666666666665,1150.0,1130.0,1138.3333333333333,1754400,-1.0,-1.0,-1.0
2020/04/17,1155.0,1166.6666666666665,1130.0,1165.0,1285200,-1.0,-1.0,-1.0
2020/04/20,1145.0,1161.6666666666665,1141.6666666666665,1153.3333333333333,1002300,-1.0,-1.0,-1.0
2020/04/21,1150.0,1160.0,1138.3333333333333,1155.0,903900,-1.0,-1.0,-1.0
2020/04/22,1140.0,1153.3333333333333,1123.3333333333333,1135.0,1207200,-1.0,-1.0,-1.0
2020/04/23,1141.6666666666665,1176.6666666666665,1141.6666666666665,1176.6666666666665,1223100,-1.0,-1.0,-1.0
2020/04/24,1166.6666666666665,1173.3333333333333,1160.0,1168.3333333333333,840900,-1.0,-1.0,-1.0
2020/04/27,1221.6666666666665,1250.0,1208.3333333333333,1225.0,1761300,-1.0,-1.0,-1.0
2020/04/28,1253.3333333333333,1280.0,1241.6666666666665,1271.6666666666665,2170800,-1.0,-1.0,-1.0
2020/04/30,1300.0,1306.6666666666665,1270.0,1285.0,1591200,-1.0,-1.0,-1.0
2020/05/01,1278.3333333333333,1298.3333333333333,1273.3333333333333,1278.3333333333333,2126400,-1.0,-1.0,-1.0
2020/05/07,1258.3333333333333,1266.6666666666665,1236.6666666666665,1263.3333333333333,1420200,-1.0,-1.0,-1.0
2020/05/08,1286.6666666666665,1298.3333333333333,1275.0,1298.3333333333333,1503000,-1.0,-1.0,-1.0
2020/05/11,1303.3333333333333,1303.3333333333333,1245.0,1256.6666666666665,2923500,-1.0,-1.0,-1.0
2020/05/12,1256.6666666666665,1261.6666666666665,1226.6666666666665,1260.0,2187900,-1.0,-1.0,-1.0
2020/05/13,1256.6666666666665,1261.6666666666665,1240.0,1253.3333333333333,1380900,-1.0,-1.0,-1.0
2020/05/14,1250.0,1256.6666666666665,1210.0,1213.3333333333333,1282500,-1.0,-1.0,-1.0
2020/05/15,1243.3333333333333,1245.0,1198.3333333333333,1221.6666666666665,1199700,-1.0,-1.0,-1.0
2020/05/18,1221.6666666666665,1253.3333333333333,1216.6666666666665,1246.6666666666665,994500,-1.0,-1.0,-1.0
2020/05/19,1276.6666666666665,1291.6666666666665,1271.6666666666665,1283.3333333333333,1405500,-1.0,-1.0,-1.0
2020/05/20,1283.3333333333333,1288.3333333333333,1255.0,1256.6666666666665,1226700,-1.0,-1.0,-1.0
2020/05/21,1268.3333333333333,1280.0,1260.0,1271.6666666666665,912300,-1.0,-1.0,-1.0
2020/05/22,1263.3333333333333,1270.0,1253.3333333333333,1258.3333333333333,884100,-1.0,-1.0,-1.0
2020/05/25,1265.0,1283.3333333333333,1263.3333333333333,1283.3333333333333,735900,-1.0,-1.0,-1.0
2020/05/26,1295.0,1321.6666666666665,1281.6666666666665,1318.3333333333333,1279500,-1.0,-1.0,-1.0
2020/05/27,1286.6666666666665,1321.6666666666665,1283.3333333333333,1316.6666666666665,1343400,-1.0,-1.0,-1.0
2020/05/28,1340.0,1356.6666666666665,1330.0,1345.0,1392300,-1.0,-1.0,-1.0
2020/05/29,1350.0,1355.0,1318.3333333333333,1326.6666666666665,3792600,-1.0,-1.0,-1.0
2020/06/01,1333.3333333333333,1346.6666666666665,1318.3333333333333,1330.0,1257600,-1.0,-1.0,-1.0
2020/06/02,1350.0,1386.6666666666665,1345.0,1380.0,1350900,-1.0,-1.0,-1.0
2020/06/03,1403.3333333333333,1403.3333333333333,1373.3333333333333,1380.0,1496100,-1.0,-1.0,-1.0
2020/06/04,1403.3333333333333,1406.6666666666665,1365.0,1380.0,1100100,-1.0,-1.0,-1.0
2020/06/05,1398.3333333333333,1420.0,1385.0,1415.0,1354200,-1.0,-1.0,-1.0
2020/06/08,1445.0,1453.3333333333333,1428.3333333333333,1431.6666666666665,1529100,-1.0,-1.0,-1.0
2020/06/09,1446.6666666666665,1461.6666666666665,1430.0,1440.0,1319100,-1.0,-1.0,-1.0
2020/06/10,1445.0,1453.3333333333333,1426.6666666666665,1443.3333333333333,1260300,-1.0,-1.0,-1.0
2020/06/11,1428.3333333333333,1440.0,1398.3333333333333,1398.3333333333333,1332000,-1.0,-1.0,-1.0
2020/06/12,1401.6666666666665,1411.6666666666665,1366.6666666666665,1408.3333333333333,2266200,-1.0,-1.0,-1.0
2020/06/15,1408.3333333333333,1428.3333333333333,1358.3333333333333,1358.3333333333333,1294800,-1.0,-1.0,-1.0
2020/06/16,1400.0,1443.3333333333333,1378.3333333333333,1436.6666666666665,1612800,-1.0,-1.0,-1.0
2020/06/17,1423.3333333333333,1426.6666666666665,1403.3333333333333,1415.0,1024800,-1.0,-1.0,-1.0
2020/06/18,1428.3333333333333,1431.6666666666665,1410.0,1420.0,1098900,-1.0,-1.0,-1.0
2020/06/19,1463.3333333333333,1466.6666666666665,1420.0,1433.3333333333333,2688000,-1.0,-1.0,-1.0
2020/06/22,1426.6666666666665,1451.6666666666665,1426.6666666666665,1438.3333333333333,1032300,-1.0,-1.0,-1.0
2020/06/23,1456.6666666666665,1460.0,1430.0,1453.3333333333333,1034700,-1.0,-1.0,-1.0
2020/06/24,1448.3333333333333,1455.0,1426.6666666666665,1430.0,1098000,-1.0,-1.0,-1.0
2020/06/25,1420.0,1430.0,1405.0,1411.6666666666665,1047300,-1.0,-1.0,-1.0
2020/06/26,1435.0,1438.3333333333333,1415.0,1428.3333333333333,1129500,-1.0,-1.0,-1.0
2020/06/29,1408.3333333333333,1418.3333333333333,1396.6666666666665,1400.0,974400,-1.0,-1.0,-1.0
2020/06/30,1423.3333333333333,1456.6666666666665,1421.6666666666665,1441.6666666666665,1233600,-1.0,-1.0,-1.0
2020/07/01,1435.0,1440.0,1405.0,1418.3333333333333,934800,-1.0,-1.0,-1.0
2020/07/02,1425.0,1428.3333333333333,1406.6666666666665,1413.3333333333333,858300,-1.0,-1.0,-1.0
2020/07/03,1438.3333333333333,1443.3333333333333,1418.3333333333333,1430.0,815700,-1.0,-1.0,-1.0
2020/07/06,1441.6666666666665,1480.0,1436.6666666666665,1478.3333333333333,1142100,-1.0,-1.0,-1.0
2020/07/07,1470.0,1470.0,1445.0,1453.3333333333333,950400,-1.0,-1.0,-1.0
2020/07/08,1448.3333333333333,1455.0,1428.3333333333333,1428.3333333333333,1190100,-1.0,-1.0,-1.0
2020/07/09,1421.6666666666665,1441.6666666666665,1408.3333333333333,1425.0,818100,-1.0,-1.0,-1.0
2020/07/10,1430.0,1436.6666666666665,1418.3333333333333,1418.3333333333333,1112100,-1.0,-1.0,-1.0
2020/07/13,1445.0,1478.3333333333333,1436.6666666666665,1473.3333333333333,900600,-1.0,-1.0,-1.0
2020/07/14,1448.3333333333333,1455.0,1443.3333333333333,1450.0,945600,-1.0,-1.0,-1.0
2020/07/15,1466.6666666666665,1475.0,1446.6666666666665,1448.3333333333333,951600,-1.0,-1.0,-1.0
2020/07/16,1471.6666666666665,1478.3333333333333,1456.6666666666665,1460.0,1066200,-1.0,-1.0,-1.0
2020/07/17,1465.0,1471.6666666666665,1448.3333333333333,1450.0,764700,-1.0,-1.0,-1.0
2020/07/20,1450.0,1453.3333333333333,1435.0,1450.0,498900,-1.0,-1.0,-1.0
2020/07/21,1436.6666666666665,1441.6666666666665,1425.0,1431.6666666666665,1039500,-1.0,-1.0,-1.0
2020/07/22,1443.3333333333333,1460.0,1435.0,1450.0,956100,-1.0,-1.0,-1.0
2020/07/27,1433.3333333333333,1443.3333333333333,1413.3333333333333,1441.6666666666665,903900,-1.0,-1.0,-1.0
2020/07/28,1446.6666666666665,1461.6666666666665,1435.0,1448.3333333333333,893400,-1.0,-1.0,-1.0
2020/07/29,1451.6666666666665,1455.0,1438.3333333333333,1450.0,841500,-1.0,-1.0,-1.0
2020/07/30,1446.6666666666665,1468.3333333333333,1440.0,1460.0,943200,-1.0,-1.0,-1.0
2020/07/31,1458.3333333333333,1553.3333333333333,1438.3333333333333,1541.6666666666665,2974800,-1.0,-1.0,-1.0
2020/08/03,1533.3333333333333,1575.0,1526.6666666666665,1561.6666666666665,2207400,-1.0,-1.0,-1.0
2020/08/04,1565.0,1610.0,1565.0,1606.6666666666665,1478100,-1.0,-1.0,-1.0
2020/08/05,1603.3333333333333,1615.0,1585.0,1605.0,1267200,-1.0,-1.0,-1.0
2020/08/06,1591.6666666666665,1600.0,1570.0,1585.0,794100,-1.0,-1.0,-1.0
2020/08/07,1600.0,1603.3333333333333,1563.3333333333333,1578.3333333333333,993600,-1.0,-1.0,-1.0
2020/08/11,1600.0,1600.0,1576.6666666666665,1580.0,953100,-1.0,-1.0,-1.0
2020/08/12,1583.3333333333333,1603.3333333333333,1575.0,1591.6666666666665,873900,-1.0,-1.0,-1.0
2020/08/13,1621.6666666666665,1625.0,1606.6666666666665,1606.6666666666665,1010100,-1.0,-1.0,-1.0
2020/08/14,1615.0,1618.3333333333333,1600.0,1618.3333333333333,979200,-1.0,-1.0,-1.0
2020/08/17,1613.3333333333333,1621.6666666666665,1595.0,1601.6666666666665,814800,-1.0,-1.0,-1.0
2020/08/18,1618.3333333333333,1625.0,1603.3333333333333,1608.3333333333333,771900,-1.0,-1.0,-1.0
2020/08/19,1621.6666666666665,1636.6666666666665,1611.6666666666665,1631.6666666666665,785700,-1.0,-1.0,-1.0
2020/08/20,1633.3333333333333,1641.6666666666665,1625.0,1633.3333333333333,1032000,-1.0,-1.0,-1.0
2020/08/21,1635.0,1653.3333333333333,1626.6666666666665,1633.3333333333333,963600,-1.0,-1.0,-1.0
2020/08/24,1645.0,1648.3333333333333,1631.6666666666665,1641.6666666666665,718200,-1.0,-1.0,-1.0
2020/08/25,1650.0,1665.0,1648.3333333333333,1660.0,918900,-1.0,-1.0,-1.0
2020/08/26,1665.0,1665.0,1638.3333333333333,1648.3333333333333,800100,-1.0,-1.0,-1.0
2020/08/27,1640.0,1650.0,1628.3333333333333,1633.3333333333333,964800,-1.0,-1.0,-1.0
2020/08/28,1635.0,1643.3333333333333,1588.3333333333333,1618.3333333333333,1249200,-1.0,-1.0,-1.0
2020/08/31,1618.3333333333333,1621.6666666666665,1593.3333333333333,1601.6666666666665,1471500,-1.0,-1.0,-1.0
2020/09/01,1588.3333333333333,1588.3333333333333,1561.6666666666665,1571.6666666666665,1215300,-1.0,-1.0,-1.0
2020/09/02,1575.0,1583.3333333333333,1568.3333333333333,1578.3333333333333,758400,-1.0,-1.0,-1.0
2020/09/03,1588.3333333333333,1600.0,1581.6666666666665,1593.3333333333333,865800,-1.0,-1.0,-1.0
2020/09/04,1576.6666666666665,1586.6666666666665,1570.0,1571.6666666666665,599100,-1.0,-1.0,-1.0
2020/09/07,1571.6666666666665,1581.6666666666665,1558.3333333333333,1566.6666666666665,493500,-1.0,-1.0,-1.0
2020/09/08,1560.0,1565.0,1551.6666666666665,1561.6666666666665,652800,-1.0,-1.0,-1.0
2020/09/09,1545.0,1555.0,1536.6666666666665,1551.6666666666665,836400,-1.0,-1.0,-1.0
2020/09/10,1553.3333333333333,1576.6666666666665,1548.3333333333333,1571.6666666666665,857100,-1.0,-1.0,-1.0
2020/09/11,1588.3333333333333,1593.3333333333333,1553.3333333333333,1581.6666666666665,1509000,-1.0,-1.0,-1.0
2020/09/14,1573.3333333333333,1575.0,1551.6666666666665,1556.6666666666665,973800,-1.0,-1.0,-1.0
2020/09/15,1561.6666666666665,1561.6666666666665,1546.6666666666665,1556.6666666666665,646800,-1.0,-1.0,-1.0
2020/09/16,1558.3333333333333,1578.3333333333333,1550.0,1575.0,946800,-1.0,-1.0,-1.0
2020/09/17,1566.6666666666665,1570.0,1551.6666666666665,1561.6666666666665,1063200,-1.0,-1.0,-1.0
2020/09/18,1571.6666666666665,1585.0,1563.3333333333333,1570.0,1499400,-1.0,-1.0,-1.0
2020/09/23,1560.0,1570.0,1550.0,1560.0,1153500,-1.0,-1.0,-1.0
2020/09/24,1548.3333333333333,1560.0,1541.6666666666665,1548.3333333333333,1027800,-1.0,-1.0,-1.0
2020/09/25,1558.3333333333333,1583.3333333333333,1555.0,1568.3333333333333,1124400,-1.0,-1.0,-1.0
2020/09/28,1581.6666666666665,1608.3333333333333,1576.6666666666665,1606.6666666666665,1714500,-1.0,-1.0,-1.0
2020/09/29,1598.3333333333333,1605.0,1573.3333333333333,1598.3333333333333,1013100,-1.0,-1.0,-1.0
2020/09/30,1598.3333333333333,1610.0,1561.6666666666665,1563.3333333333333,1172700,-1.0,-1.0,-1.0
2020/10/02,1545.0,1553.3333333333333,1495.0,1510.0,1196700,-1.0,-1.0,-1.0
2020/10/05,1486.6666666666665,1515.0,1471.6666666666665,1505.0,1210200,-1.0,-1.0,-1.0
2020/10/06,1520.0,1526.6666666666665,1506.6666666666665,1516.6666666666665,745800,-1.0,-1.0,-1.0
2020/10/07,1505.0,1520.0,1500.0,1503.3333333333333,855000,-1.0,-1.0,-1.0
2020/10/08,1510.0,1516.6666666666665,1503.3333333333333,1511.6666666666665,672600,-1.0,-1.0,-1.0
2020/10/09,1516.6666666666665,1521.6666666666665,1491.6666666666665,1498.3333333333333,1326300,-1.0,-1.0,-1.0
2020/10/12,1491.6666666666665,1493.3333333333333,1478.3333333333333,1486.6666666666665,620700,-1.0,-1.0,-1.0
2020/10/13,1476.6666666666665,1490.0,1471.6666666666665,1481.6666666666665,696300,-1.0,-1.0,-1.0
2020/10/14,1483.3333333333333,1491.6666666666665,1471.6666666666665,1490.0,668400,-1.0,-1.0,-1.0
2020/10/15,1490.0,1505.0,1480.0,1485.0,743400,-1.0,-1.0,-1.0
2020/10/16,1480.0,1486.6666666666665,1470.0,1475.0,640500,-1.0,-1.0,-1.0
2020/10/19,1470.0,1486.6666666666665,1470.0,1481.6666666666665,502500,-1.0,-1.0,-1.0
2020/10/20,1488.3333333333333,1498.3333333333333,1476.6666666666665,1478.3333333333333,537600,-1.0,-1.0,-1.0
2020/10/21,1476.6666666666665,1485.0,1475.0,1481.6666666666665,441000,-1.0,-1.0,-1.0
2020/10/22,1491.6666666666665,1493.3333333333333,1473.3333333333333,1480.0,359100,-1.0,-1.0,-1.0
2020/10/23,1466.6666666666665,1471.6666666666665,1446.6666666666665,1453.3333333333333,694500,-1.0,-1.0,-1.0
2020/10/26,1446.6666666666665,1458.3333333333333,1438.3333333333333,1445.0,560100,-1.0,-1.0,-1.0
2020/10/27,1446.6666666666665,1448.3333333333333,1418.3333333333333,1433.3333333333333,667200,-1.0,-1.0,-1.0
2020/10/28,1415.0,1433.3333333333333,1403.3333333333333,1431.6666666666665,923100,-1.0,-1.0,-1.0
2020/10/29,1420.0,1453.3333333333333,1416.6666666666665,1440.0,812700,-1.0,-1.0,-1.0
2020/10/30,1445.0,1450.0,1413.3333333333333,1423.3333333333333,1491000,-1.0,-1.0,-1.0
2020/11/02,1425.0,1476.6666666666665,1420.0,1463.3333333333333,1691100,-1.0,-1.0,-1.0
2020/11/04,1486.6666666666665,1511.6666666666665,1468.3333333333333,1493.3333333333333,1591500,-1.0,-1.0,-1.0
2020/11/05,1483.3333333333333,1505.0,1473.3333333333333,1488.3333333333333,1138500,-1.0,-1.0,-1.0
2020/11/06,1473.3333333333333,1495.0,1470.0,1490.0,1038600,-1.0,-1.0,-1.0
2020/11/09,1503.3333333333333,1515.0,1483.3333333333333,1498.3333333333333,1313700,-1.0,-1.0,-1.0
2020/11/10,1531.6666666666665,1531.6666666666665,1473.3333333333333,1483.3333333333333,1504200,-1.0,-1.0,-1.0
2020/11/11,1506.6666666666665,1511.6666666666665,1478.3333333333333,1488.3333333333333,1356900,-1.0,-1.0,-1.0
2020/11/12,1495.0,1495.0,1460.0,1463.3333333333333,1660800,-1.0,-1.0,-1.0
2020/11/13,1451.6666666666665,1455.0,1423.3333333333333,1446.6666666666665,1791900,-1.0,-1.0,-1.0
2020/11/16,1463.3333333333333,1483.3333333333333,1461.6666666666665,1471.6666666666665,1006500,-1.0,-1.0,-1.0
2020/11/17,1475.0,1475.0,1456.6666666666665,1466.6666666666665,1024500,-1.0,-1.0,-1.0
2020/11/18,1466.6666666666665,1471.6666666666665,1451.6666666666665,1466.6666666666665,867000,-1.0,-1.0,-1.0
2020/11/19,1458.3333333333333,1458.3333333333333,1441.6666666666665,1451.6666666666665,839100,-1.0,-1.0,-1.0
2020/11/20,1455.0,1481.6666666666665,1455.0,1480.0,973500,-1.0,-1.0,-1.0
2020/11/24,1511.6666666666665,1541.6666666666665,1500.0,1538.3333333333333,1299900,-1.0,-1.0,-1.0
2020/11/25,1550.0,1556.6666666666665,1513.3333333333333,1513.3333333333333,968400,-1.0,-1.0,-1.0
2020/11/26,1520.0,1531.6666666666665,1505.0,1523.3333333333333,671400,-1.0,-1.0,-1.0
2020/11/27,1521.6666666666665,1530.0,1495.0,1496.6666666666665,1060500,-1.0,-1.0,-1.0
2020/11/30,1505.0,1506.6666666666665,1461.6666666666665,1485.0,2879700,-1.0,-1.0,-1.0
2020/12/01,1506.6666666666665,1523.3333333333333,1496.6666666666665,1516.6666666666665,1176900,-1.0,-1.0,-1.0
2020/12/02,1523.3333333333333,1540.0,1506.6666666666665,1536.6666666666665,1341000,-1.0,-1.0,-1.0
2020/12/03,1533.3333333333333,1540.0,1493.3333333333333,1503.3333333333333,931200,-1.0,-1.0,-1.0
2020/12/04,1505.0,1553.3333333333333,1503.3333333333333,1553.3333333333333,898500,-1.0,-1.0,-1.0
2020/12/07,1556.6666666666665,1575.0,1555.0,1568.3333333333333,828300,-1.0,-1.0,-1.0
2020/12/08,1570.0,1576.6666666666665,1556.6666666666665,1565.0,862500,-1.0,-1.0,-1.0
2020/12/09,1576.6666666666665,1603.3333333333333,1571.6666666666665,1591.6666666666665,1096500,-1.0,-1.0,-1.0
2020/12/10,1600.0,1621.6666666666665,1573.3333333333333,1578.3333333333333,1096800,-1.0,-1.0,-1.0
2020/12/11,1590.0,1600.0,1573.3333333333333,1576.6666666666665,976500,-1.0,-1.0,-1.0
2020/12/14,1565.0,1590.0,1563.3333333333333,1575.0,598800,-1.0,-1.0,-1.0
2020/12/15,1568.3333333333333,1583.3333333333333,1566.6666666666665,1571.6666666666665,512400,-1.0,-1.0,-1.0
2020/12/16,1578.3333333333333,1596.6666666666665,1573.3333333333333,1586.6666666666665,584100,-1.0,-1.0,-1.0
2020/12/17,1583.3333333333333,1585.0,1558.3333333333333,1558.3333333333333,835200,-1.0,-1.0,-1.0
2020/12/18,1553.3333333333333,1560.0,1538.3333333333333,1553.3333333333333,1067700,-1.0,-1.0,-1.0
2020/12/21,1550.0,1565.0,1530.0,1531.6666666666665,478200,-1.0,-1.0,-1.0
2020/12/22,1525.0,1530.0,1511.6666666666665,1513.3333333333333,603600,-1.0,-1.0,-1.0
2020/12/23,1516.6666666666665,1523.3333333333333,1510.0,1513.3333333333333,367200,-1.0,-1.0,-1.0
2020/12/24,1528.3333333333333,1543.3333333333333,1520.0,1523.3333333333333,416700,-1.0,-1.0,-1.0
2020/12/25,1531.6666666666665,1538.3333333333333,1526.6666666666665,1528.3333333333333,275400,-1.0,-1.0,-1.0
2020/12/28,1528.3333333333333,1535.0,1498.3333333333333,1510.0,562500,-1.0,-1.0,-1.0
2020/12/29,1510.0,1528.3333333333333,1501.6666666666665,1526.6666666666665,575100,-1.0,-1.0,-1.0
2020/12/30,1536.6666666666665,1536.6666666666665,1501.6666666666665,1513.3333333333333,757800,-1.0,-1.0,-1.0
2021/01/04,1521.6666666666665,1523.3333333333333,1488.3333333333333,1503.3333333333333,610800,-1.0,-1.0,-1.0
2021/01/05,1493.3333333333333,1503.3333333333333,1485.0,1495.0,498300,-1.0,-1.0,-1.0
2021/01/06,1488.3333333333333,1500.0,1488.3333333333333,1500.0,452400,-1.0,-1.0,-1.0
2021/01/07,1523.3333333333333,1536.6666666666665,1515.0,1526.6666666666665,1031700,-1.0,-1.0,-1.0
2021/01/08,1536.6666666666665,1541.6666666666665,1516.6666666666665,1541.6666666666665,1091100,-1.0,-1.0,-1.0
2021/01/12,1521.6666666666665,1543.3333333333333,1516.6666666666665,1536.6666666666665,577200,-1.0,-1.0,-1.0
2021/01/13,1526.6666666666665,1535.0,1515.0,1530.0,624300,-1.0,-1.0,-1.0
2021/01/14,1528.3333333333333,1553.3333333333333,1520.0,1535.0,685200,-1.0,-1.0,-1.0
2021/01/15,1536.6666666666665,1541.6666666666665,1511.6666666666665,1515.0,675900,-1.0,-1.0,-1.0
2021/01/18,1501.6666666666665,1510.0,1470.0,1471.6666666666665,876900,-1.0,-1.0,-1.0
2021/01/19,1466.6666666666665,1475.0,1451.6666666666665,1451.6666666666665,840300,-1.0,-1.0,-1.0
2021/01/20,1456.6666666666665,1460.0,1433.3333333333333,1433.3333333333333,973800,-1.0,-1.0,-1.0
2021/01/21,1441.6666666666665,1455.0,1420.0,1421.6666666666665,1069800,-1.0,-1.0,-1.0
2021/01/22,1418.3333333333333,1438.3333333333333,1411.6666666666665,1425.0,933300,-1.0,-1.0,-1.0
2021/01/25,1430.0,1473.3333333333333,1425.0,1470.0,984000,-1.0,-1.0,-1.0
2021/01/26,1493.3333333333333,1515.0,1491.6666666666665,1515.0,1563600,-1.0,-1.0,-1.0
2021/01/27,1526.6666666666665,1531.6666666666665,1491.6666666666665,1495.0,817800,-1.0,-1.0,-1.0
2021/01/28,1490.0,1491.6666666666665,1475.0,1483.3333333333333,944400,-1.0,-1.0,-1.0
2021/01/29,1488.3333333333333,1530.0,1483.3333333333333,1493.3333333333333,1215900,-1.0,-1.0,-1.0
2021/02/01,1491.6666666666665,1526.6666666666665,1480.0,1496.6666666666665,2043600,-1.0,-1.0,-1.0
2021/02/02,1538.3333333333333,1545.0,1496.6666666666665,1513.3333333333333,1672800,-1.0,-1.0,-1.0
2021/02/03,1503.3333333333333,1511.6666666666665,1496.6666666666665,1501.6666666666665,1005600,-1.0,-1.0,-1.0
2021/02/04,1515.0,1543.3333333333333,1506.6666666666665,1508.3333333333333,734700,-1.0,-1.0,-1.0
2021/02/05,1520.0,1546.6666666666665,1513.3333333333333,1543.3333333333333,687000,-1.0,-1.0,-1.0
2021/02/08,1538.3333333333333,1566.6666666666665,1536.6666666666665,1560.0,900600,-1.0,-1.0,-1.0
2021/02/09,1566.6666666666665,1566.6666666666665,1526.6666666666665,1531.6666666666665,858600,-1.0,-1.0,-1.0
2021/02/10,1550.0,1566.6666666666665,1543.3333333333333,1561.6666666666665,795000,-1.0,-1.0,-1.0
2021/02/12,1551.6666666666665,1555.0,1525.0,1530.0,1048800,-1.0,-1.0,-1.0
2021/02/15,1546.6666666666665,1566.6666666666665,1540.0,1565.0,588600,-1.0,-1.0,-1.0
2021/02/16,1551.6666666666665,1595.0,1545.0,1588.3333333333333,993900,-1.0,-1.0,-1.0
2021/02/17,1586.6666666666665,1586.6666666666665,1565.0,1565.0,750600,-1.0,-1.0,-1.0
2021/02/18,1585.0,1585.0,1563.3333333333333,1570.0,724800,-1.0,-1.0,-1.0
2021/02/19,1588.3333333333333,1591.6666666666665,1550.0,1560.0,683700,-1.0,-1.0,-1.0
2021/02/22,1561.6666666666665,1576.6666666666665,1551.6666666666665,1555.0,501600,-1.0,-1.0,-1.0
2021/02/24,1560.0,1568.3333333333333,1546.6666666666665,1551.6666666666665,963300,-1.0,-1.0,-1.0
2021/02/25,1550.0,1551.6666666666665,1535.0,1535.0,793500,-1.0,-1.0,-1.0
2021/02/26,1531.6666666666665,1531.6666666666665,1493.3333333333333,1495.0,1059000,-1.0,-1.0,-1.0
2021/03/01,1528.3333333333333,1553.3333333333333,1523.3333333333333,1543.3333333333333,885000,-1.0,-1.0,-1.0
2021/03/02,1551.6666666666665,1570.0,1543.3333333333333,1551.6666666666665,861600,-1.0,-1.0,-1.0
2021/03/03,1571.6666666666665,1580.0,1553.3333333333333,1573.3333333333333,726000,-1.0,-1.0,-1.0
2021/03/04,1578.3333333333333,1583.3333333333333,1563.3333333333333,1580.0,605400,-1.0,-1.0,-1.0
2021/03/05,1590.0,1613.3333333333333,1585.0,1613.3333333333333,981000,-1.0,-1.0,-1.0
2021/03/08,1621.6666666666665,1658.3333333333333,1620.0,1651.6666666666665,1011300,-1.0,-1.0,-1.0
2021/03/09,1653.3333333333333,1661.6666666666665,1633.3333333333333,1650.0,1037400,-1.0,-1.0,-1.0
2021/03/10,1636.6666666666665,1641.6666666666665,1616.6666666666665,1633.3333333333333,840300,-1.0,-1.0,-1.0
2021/03/11,1635.0,1661.6666666666665,1626.6666666666665,1643.3333333333333,870600,-1.0,-1.0,-1.0
2021/03/12,1643.3333333333333,1673.3333333333333,1623.3333333333333,1670.0,1874100,-1.0,-1.0,-1.0
2021/03/15,1673.3333333333333,1700.0,1673.3333333333333,1700.0,762300,-1.0,-1.0,-1.0
2021/03/16,1680.0,1686.6666666666665,1665.0,1673.3333333333333,734100,-1.0,-1.0,-1.0
2021/03/17,1683.3333333333333,1683.3333333333333,1663.3333333333333,1673.3333333333333,561900,-1.0,-1.0,-1.0
2021/03/18,1670.0,1696.6666666666665,1666.6666666666665,1690.0,754500,-1.0,-1.0,-1.0
2021/03/19,1673.3333333333333,1693.3333333333333,1665.0,1670.0,1485300,-1.0,-1.0,-1.0
2021/03/22,1645.0,1655.0,1631.6666666666665,1636.6666666666665,1374600,-1.0,-1.0,-1.0
2021/03/23,1650.0,1661.6666666666665,1638.3333333333333,1643.3333333333333,890400,-1.0,-1.0,-1.0
2021/03/24,1638.3333333333333,1643.3333333333333,1605.0,1608.3333333333333,1039500,-1.0,-1.0,-1.0
2021/03/25,1606.6666666666665,1645.0,1603.3333333333333,1636.6666666666665,894900,-1.0,-1.0,-1.0
2021/03/26,1646.6666666666665,1656.6666666666665,1636.6666666666665,1645.0,969300,-1.0,-1.0,-1.0
2021/03/29,1646.6666666666665,1663.3333333333333,1635.0,1640.0,1383600,-1.0,-1.0,-1.0
2021/03/30,1611.6666666666665,1633.3333333333333,1606.6666666666665,1626.6666666666665,961500,-1.0,-1.0,-1.0
2021/03/31,1603.3333333333333,1613.3333333333333,1581.6666666666665,1581.6666666666665,1986600,-1.0,-1.0,-1.0
2021/04/01,1588.3333333333333,1598.3333333333333,1563.3333333333333,1565.0,871200,-1.0,-1.0,-1.0
2021/04/02,1575.0,1585.0,1570.0,1580.0,578100,-1.0,-1.0,-1.0
2021/04/05,1595.0,1608.3333333333333,1586.6666666666665,1605.0,617700,-1.0,-1.0,-1.0
2021/04/06,1620.0,1645.0,1605.0,1608.3333333333333,986400,-1.0,-1.0,-1.0
2021/04/07,1631.6666666666665,1648.3333333333333,1616.6666666666665,1648.3333333333333,1053900,-1.0,-1.0,-1.0
2021/04/08,1648.3333333333333,1648.3333333333333,1616.6666666666665,1618.3333333333333,867900,-1.0,-1.0,-1.0
2021/04/09,1638.3333333333333,1658.3333333333333,1635.0,1646.6666666666665,1245300,-1.0,-1.0,-1.0
2021/04/12,1661.6666666666665,1661.6666666666665,1646.6666666666665,1658.3333333333333,525300,-1.0,-1.0,-1.0
2021/04/13,1666.6666666666665,1673.3333333333333,1655.0,1660.0,787200,-1.0,-1.0,-1.0
2021/04/14,1653.3333333333333,1653.3333333333333,1628.3333333333333,1645.0,599700,-1.0,-1.0,-1.0
2021/04/15,1650.0,1666.6666666666665,1650.0,1658.3333333333333,445800,-1.0,-1.0,-1.0
2021/04/16,1666.6666666666665,1670.0,1653.3333333333333,1660.0,746700,-1.0,-1.0,-1.0
2021/04/19,1666.6666666666665,1670.0,1638.3333333333333,1643.3333333333333,768600,-1.0,-1.0,-1.0
2021/04/20,1626.6666666666665,1628.3333333333333,1591.6666666666665,1593.3333333333333,994200,-1.0,-1.0,-1.0
2021/04/21,1586.6666666666665,1605.0,1581.6666666666665,1593.3333333333333,1014900,-1.0,-1.0,-1.0
2021/04/22,1600.0,1625.0,1600.0,1621.6666666666665,801600,-1.0,-1.0,-1.0
2021/04/23,1608.3333333333333,1628.3333333333333,1605.0,1625.0,534000,-1.0,-1.0,-1.0
2021/04/26,1628.3333333333333,1628.3333333333333,1608.3333333333333,1620.0,719700,-1.0,-1.0,-1.0
2021/04/27,1621.6666666666665,1633.3333333333333,1610.0,1631.6666666666665,673500,-1.0,-1.0,-1.0
2021/04/28,1635.0,1636.6666666666665,1603.3333333333333,1606.6666666666665,653700,-1.0,-1.0,-1.0
2021/04/30,1605.0,1638.3333333333333,1601.6666666666665,1625.0,1001400,-1.0,-1.0,-1.0
2021/05/06,1643.3333333333333,1676.6666666666665,1638.3333333333333,1661.6666666666665,1247100,-1.0,-1.0,-1.0
2021/05/07,1661.6666666666665,1670.0,1650.0,1670.0,768600,-1.0,-1.0,-1.0
2021/05/10,1680.0,1700.0,1601.6666666666665,1610.0,2220900,-1.0,-1.0,-1.0
2021/05/11,1590.0,1593.3333333333333,1540.0,1560.0,2082600,-1.0,-1.0,-1.0
2021/05/12,1548.3333333333333,1556.6666666666665,1533.3333333333333,1548.3333333333333,1285800,-1.0,-1.0,-1.0
2021/05/13,1551.6666666666665,1566.6666666666665,1541.6666666666665,1551.6666666666665,952200,-1.0,-1.0,-1.0
2021/05/14,1566.6666666666665,1583.3333333333333,1561.6666666666665,1576.6666666666665,1305900,-1.0,-1.0,-1.0
2021/05/17,1578.3333333333333,1580.0,1523.3333333333333,1528.3333333333333,1096500,-1.0,-1.0,-1.0
2021/05/18,1516.6666666666665,1536.6666666666665,1495.0,1533.3333333333333,1537800,-1.0,-1.0,-1.0
2021/05/19,1516.6666666666665,1520.0,1488.3333333333333,1490.0,1408500,-1.0,-1.0,-1.0
2021/05/20,1480.0,1496.6666666666665,1468.3333333333333,1488.3333333333333,1254900,-1.0,-1.0,-1.0
2021/05/21,1493.3333333333333,1510.0,1486.6666666666665,1510.0,1016400,-1.0,-1.0,-1.0
2021/05/24,1501.6666666666665,1531.6666666666665,1501.6666666666665,1520.0,999000,-1.0,-1.0,-1.0
2021/05/25,1498.3333333333333,1501.6666666666665,1475.0,1475.0,1304100,-1.0,-1.0,-1.0
2021/05/26,1468.3333333333333,1488.3333333333333,1466.6666666666665,1476.6666666666665,952200,-1.0,-1.0,-1.0
2021/05/27,1478.3333333333333,1481.6666666666665,1441.6666666666665,1453.3333333333333,2213100,-1.0,-1.0,-1.0
2021/05/28,1461.6666666666665,1485.0,1460.0,1481.6666666666665,1071900,-1.0,-1.0,-1.0
2021/05/31,1475.0,1483.3333333333333,1455.0,1458.3333333333333,733500,-1.0,-1.0,-1.0
2021/06/01,1480.0,1483.3333333333333,1456.6666666666665,1463.3333333333333,658500,-1.0,-1.0,-1.0
2021/06/02,1450.0,1488.3333333333333,1450.0,1473.3333333333333,1225500,-1.0,-1.0,-1.0
2021/06/03,1476.6666666666665,1485.0,1470.0,1471.6666666666665,1132500,-1.0,-1.0,-1.0
2021/06/04,1495.0,1496.6666666666665,1476.6666666666665,1486.6666666666665,1155900,-1.0,-1.0,-1.0
2021/06/07,1503.3333333333333,1506.6666666666665,1496.6666666666665,1500.0,835800,-1.0,-1.0,-1.0
2021/06/08,1501.6666666666665,1510.0,1491.6666666666665,1508.3333333333333,952800,-1.0,-1.0,-1.0
2021/06/09,1520.0,1525.0,1503.3333333333333,1508.3333333333333,884100,-1.0,-1.0,-1.0
2021/06/10,1461.6666666666665,1468.3333333333333,1435.0,1455.0,1905900,-1.0,-1.0,-1.0
2021/06/11,1470.0,1475.0,1458.3333333333333,1471.6666666666665,1448400,-1.0,-1.0,-1.0
2021/06/14,1473.3333333333333,1481.6666666666665,1468.3333333333333,1473.3333333333333,699000,-1.0,-1.0,-1.0
2021/06/15,1473.3333333333333,1483.3333333333333,1470.0,1481.6666666666665,1002000,-1.0,-1.0,-1.0
2021/06/16,1491.6666666666665,1505.0,1491.6666666666665,1500.0,751800,-1.0,-1.0,-1.0
2021/06/17,1493.3333333333333,1496.6666666666665,1468.3333333333333,1473.3333333333333,803100,-1.0,-1.0,-1.0
2021/06/18,1473.3333333333333,1473.3333333333333,1460.0,1470.0,1477200,-1.0,-1.0,-1.0
2021/06/21,1436.6666666666665,1440.0,1413.3333333333333,1418.3333333333333,1605300,-1.0,-1.0,-1.0
2021/06/22,1455.0,1473.3333333333333,1443.3333333333333,1466.6666666666665,1319400,-1.0,-1.0,-1.0
2021/06/23,1471.6666666666665,1480.0,1460.0,1461.6666666666665,694500,-1.0,-1.0,-1.0
2021/06/24,1438.3333333333333,1460.0,1436.6666666666665,1460.0,657300,-1.0,-1.0,-1.0
2021/06/25,1465.0,1475.0,1460.0,1475.0,816900,-1.0,-1.0,-1.0
2021/06/28,1461.6666666666665,1471.6666666666665,1453.3333333333333,1470.0,825300,-1.0,-1.0,-1.0
2021/06/29,1465.0,1468.3333333333333,1451.6666666666665,1458.3333333333333,964800,-1.0,-1.0,-1.0
2021/06/30,1450.0,1456.6666666666665,1440.0,1440.0,952500,-1.0,-1.0,-1.0
2021/07/01,1445.0,1451.6666666666665,1440.0,1443.3333333333333,717000,-1.0,-1.0,-1.0
2021/07/02,1448.3333333333333,1456.6666666666665,1440.0,1450.0,993600,-1.0,-1.0,-1.0
2021/07/05,1443.3333333333333,1446.6666666666665,1436.6666666666665,1438.3333333333333,605700,-1.0,-1.0,-1.0
2021/07/06,1450.0,1450.0,1431.6666666666665,1441.6666666666665,784800,-1.0,-1.0,-1.0
2021/07/07,1418.3333333333333,1438.3333333333333,1415.0,1435.0,1067400,-1.0,-1.0,-1.0
2021/07/08,1415.0,1425.0,1408.3333333333333,1413.3333333333333,1345800,-1.0,-1.0,-1.0
2021/07/09,1411.6666666666665,1426.6666666666665,1405.0,1421.6666666666665,1662900,-1.0,-1.0,-1.0
2021/07/12,1438.3333333333333,1446.6666666666665,1433.3333333333333,1441.6666666666665,887400,-1.0,-1.0,-1.0
2021/07/13,1453.3333333333333,1461.6666666666665,1450.0,1460.0,566100,-1.0,-1.0,-1.0
2021/07/14,1443.3333333333333,1475.0,1443.3333333333333,1471.6666666666665,768600,-1.0,-1.0,-1.0
2021/07/15,1490.0,1503.3333333333333,1466.6666666666665,1471.6666666666665,1156200,-1.0,-1.0,-1.0
2021/07/16,1468.3333333333333,1475.0,1458.3333333333333,1463.3333333333333,765300,-1.0,-1.0,-1.0
2021/07/19,1451.6666666666665,1463.3333333333333,1443.3333333333333,1458.3333333333333,591600,-1.0,-1.0,-1.0
2021/07/20,1443.3333333333333,1466.6666666666665,1435.0,1465.0,746100,-1.0,-1.0,-1.0
2021/07/21,1471.6666666666665,1485.0,1468.3333333333333,1480.0,956400,-1.0,-1.0,-1.0
2021/07/26,1510.0,1511.6666666666665,1475.0,1486.6666666666665,732900,-1.0,-1.0,-1.0
2021/07/27,1486.6666666666665,1510.0,1485.0,1501.6666666666665,903600,-1.0,-1.0,-1.0
2021/07/28,1510.0,1518.3333333333333,1488.3333333333333,1491.6666666666665,1053900,-1.0,-1.0,-1.0
2021/07/29,1491.6666666666665,1503.3333333333333,1480.0,1481.6666666666665,831900,-1.0,-1.0,-1.0
2021/07/30,1480.0,1486.6666666666665,1468.3333333333333,1471.6666666666665,1244400,-1.0,-1.0,-1.0
2021/08/02,1510.0,1540.0,1498.3333333333333,1503.3333333333333,2133900,-1.0,-1.0,-1.0
2021/08/03,1480.0,1490.0,1445.0,1445.0,1688400,-1.0,-1.0,-1.0
2021/08/04,1446.6666666666665,1450.0,1411.6666666666665,1413.3333333333333,1656600,-1.0,-1.0,-1.0
2021/08/05,1393.3333333333333,1406.6666666666665,1378.3333333333333,1400.0,1528500,-1.0,-1.0,-1.0
2021/08/06,1376.6666666666665,1393.3333333333333,1375.0,1378.3333333333333,1195200,-1.0,-1.0,-1.0
2021/08/10,1393.3333333333333,1400.0,1363.3333333333333,1365.0,1446000,-1.0,-1.0,-1.0
2021/08/11,1366.6666666666665,1381.6666666666665,1365.0,1366.6666666666665,1138800,-1.0,-1.0,-1.0
2021/08/12,1380.0,1391.6666666666665,1373.3333333333333,1376.6666666666665,994500,-1.0,-1.0,-1.0
2021/08/13,1385.0,1390.0,1376.6666666666665,1378.3333333333333,968100,-1.0,-1.0,-1.0
2021/08/16,1381.6666666666665,1388.3333333333333,1373.3333333333333,1383.3333333333333,922800,-1.0,-1.0,-1.0
2021/08/17,1398.3333333333333,1413.3333333333333,1391.6666666666665,1401.6666666666665,945900,-1.0,-1.0,-1.0
2021/08/18,1403.3333333333333,1416.6666666666665,1403.3333333333333,1411.6666666666665,791400,-1.0,-1.0,-1.0
2021/08/19,1400.0,1410.0,1393.3333333333333,1398.3333333333333,832500,-1.0,-1.0,-1.0
2021/08/20,1413.3333333333333,1415.0,1401.6666666666665,1406.6666666666665,1072200,-1.0,-1.0,-1.0
2021/08/23,1421.6666666666665,1430.0,1415.0,1426.6666666666665,764700,-1.0,-1.0,-1.0
2021/08/24,1423.3333333333333,1430.0,1408.3333333333333,1420.0,906000,-1.0,-1.0,-1.0
2021/08/25,1423.3333333333333,1430.0,1416.6666666666665,1423.3333333333333,580200,-1.0,-1.0,-1.0
2021/08/26,1431.6666666666665,1431.6666666666665,1410.0,1421.6666666666665,819000,-1.0,-1.0,-1.0
2021/08/27,1411.6666666666665,1423.3333333333333,1411.6666666666665,1420.0,653700,-1.0,-1.0,-1.0
2021/08/30,1428.3333333333333,1430.0,1413.3333333333333,1430.0,944400,-1.0,-1.0,-1.0
2021/08/31,1413.3333333333333,1430.0,1408.3333333333333,1421.6666666666665,1456500,-1.0,-1.0,-1.0
2021/09/01,1438.3333333333333,1448.3333333333333,1435.0,1448.3333333333333,1105200,-1.0,-1.0,-1.0
2021/09/02,1435.0,1448.3333333333333,1435.0,1441.6666666666665,831000,-1.0,-1.0,-1.0
2021/09/03,1436.6666666666665,1461.6666666666665,1436.6666666666665,1455.0,1358400,-1.0,-1.0,-1.0
2021/09/06,1463.3333333333333,1478.3333333333333,1460.0,1473.3333333333333,1119300,-1.0,-1.0,-1.0
2021/09/07,1485.0,1491.6666666666665,1476.6666666666665,1476.6666666666665,1167600,-1.0,-1.0,-1.0
2021/09/08,1488.3333333333333,1510.0,1483.3333333333333,1506.6666666666665,1700700,-1.0,-1.0,-1.0
2021/09/09,1500.0,1510.0,1496.6666666666665,1503.3333333333333,1023000,-1.0,-1.0,-1.0
2021/09/10,1496.6666666666665,1516.6666666666665,1493.3333333333333,1516.6666666666665,1948200,-1.0,-1.0,-1.0
2021/09/13,1505.0,1505.0,1493.3333333333333,1505.0,785100,-1.0,-1.0,-1.0
2021/09/14,1503.3333333333333,1506.6666666666665,1490.0,1500.0,1051200,-1.0,-1.0,-1.0
2021/09/15,1490.0,1506.6666666666665,1490.0,1496.6666666666665,901500,-1.0,-1.0,-1.0
2021/09/16,1508.3333333333333,1510.0,1493.3333333333333,1501.6666666666665,1066800,-1.0,-1.0,-1.0
2021/09/17,1493.3333333333333,1493.3333333333333,1480.0,1486.6666666666665,1663200,-1.0,-1.0,-1.0
2021/09/21,1460.0,1480.0,1456.6666666666665,1460.0,1251000,-1.0,-1.0,-1.0
2021/09/22,1453.3333333333333,1453.3333333333333,1421.6666666666665,1421.6666666666665,1342500,-1.0,-1.0,-1.0
2021/09/24,1460.0,1463.3333333333333,1435.0,1441.6666666666665,2009400,-1.0,-1.0,-1.0
2021/09/27,1433.3333333333333,1455.0,1425.0,1425.0,1676100,-1.0,-1.0,-1.0
2021/09/28,1421.6666666666665,1443.3333333333333,1418.3333333333333,1441.6666666666665,2288700,-1.0,-1.0,-1.0
2021/09/29,1438.3333333333333,1450.0,1418.3333333333333,1430.0,1537500,-1.0,-1.0,-1.0
2021/09/30,1443.3333333333333,1446.6666666666665,1410.0,1410.0,2062200,-1.0,-1.0,-1.0
2021/10/01,1401.6666666666665,1405.0,1371.6666666666665,1373.3333333333333,1525800,-1.0,-1.0,-1.0
2021/10/04,1383.3333333333333,1391.6666666666665,1370.0,1371.6666666666665,1162500,-1.0,-1.0,-1.0
2021/10/05,1366.6666666666665,1378.3333333333333,1341.6666666666665,1345.0,1655700,-1.0,-1.0,-1.0
2021/10/06,1351.6666666666665,1375.0,1336.6666666666665,1356.6666666666665,1695600,-1.0,-1.0,-1.0
2021/10/07,1365.0,1378.3333333333333,1343.3333333333333,1346.6666666666665,1219800,-1.0,-1.0,-1.0
2021/10/08,1348.3333333333333,1370.0,1346.6666666666665,1351.6666666666665,1611300,-1.0,-1.0,-1.0
2021/10/11,1346.6666666666665,1365.0,1346.6666666666665,1353.3333333333333,1082400,-1.0,-1.0,-1.0
2021/10/12,1355.0,1365.0,1333.3333333333333,1333.3333333333333,1497900,-1.0,-1.0,-1.0
2021/10/13,1333.3333333333333,1350.0,1333.3333333333333,1336.6666666666665,1216500,-1.0,-1.0,-1.0
2021/10/14,1346.6666666666665,1370.0,1345.0,1358.3333333333333,1409400,-1.0,-1.0,-1.0
2021/10/15,1361.6666666666665,1373.3333333333333,1353.3333333333333,1361.6666666666665,1770000,-1.0,-1.0,-1.0
2021/10/18,1376.6666666666665,1378.3333333333333,1360.0,1363.3333333333333,1176900,-1.0,-1.0,-1.0
2021/10/19,1350.0,1360.0,1346.6666666666665,1356.6666666666665,906600,-1.0,-1.0,-1.0
2021/10/20,1363.3333333333333,1376.6666666666665,1346.6666666666665,1353.3333333333333,1149300,-1.0,-1.0,-1.0
2021/10/21,1346.6666666666665,1358.3333333333333,1336.6666666666665,1338.3333333333333,1203300,-1.0,-1.0,-1.0
2021/10/22,1336.6666666666665,1348.3333333333333,1335.0,1336.6666666666665,1121400,-1.0,-1.0,-1.0
2021/10/25,1348.3333333333333,1350.0,1333.3333333333333,1333.3333333333333,999600,-1.0,-1.0,-1.0
2021/10/26,1348.3333333333333,1360.0,1340.0,1340.0,1255500,-1.0,-1.0,-1.0
2021/10/27,1340.0,1346.6666666666665,1323.3333333333333,1330.0,1300500,-1.0,-1.0,-1.0
2021/10/28,1330.0,1341.6666666666665,1325.0,1336.6666666666665,1112700,-1.0,-1.0,-1.0
2021/10/29,1323.3333333333333,1338.3333333333333,1301.6666666666665,1335.0,2013900,-1.0,-1.0,-1.0
2021/11/01,1358.3333333333333,1390.0,1351.6666666666665,1363.3333333333333,3088800,-1.0,-1.0,-1.0
2021/11/02,1331.6666666666665,1333.3333333333333,1311.6666666666665,1311.6666666666665,2831100,-1.0,-1.0,-1.0
2021/11/04,1335.0,1340.0,1321.6666666666665,1331.6666666666665,2480700,-1.0,-1.0,-1.0
2021/11/05,1343.3333333333333,1366.6666666666665,1338.3333333333333,1366.6666666666665,1716300,-1.0,-1.0,-1.0
2021/11/08,1400.0,1400.0,1353.3333333333333,1356.6666666666665,2025000,-1.0,-1.0,-1.0
2021/11/09,1361.6666666666665,1375.0,1353.3333333333333,1368.3333333333333,1413000,-1.0,-1.0,-1.0
2021/11/10,1358.3333333333333,1373.3333333333333,1341.6666666666665,1370.0,1836900,-1.0,-1.0,-1.0
2021/11/11,1380.0,1380.0,1360.0,1363.3333333333333,2059200,-1.0,-1.0,-1.0
2021/11/12,1356.6666666666665,1376.6666666666665,1330.0,1350.0,3530100,-1.0,-1.0,-1.0
2021/11/15,1353.3333333333333,1373.3333333333333,1346.6666666666665,1371.6666666666665,2000400,-1.0,-1.0,-1.0
2021/11/16,1386.6666666666665,1393.3333333333333,1360.0,1361.6666666666665,1867200,-1.0,-1.0,-1.0
2021/11/17,1351.6666666666665,1353.3333333333333,1330.0,1333.3333333333333,1707900,-1.0,-1.0,-1.0
2021/11/18,1320.0,1328.3333333333333,1306.6666666666665,1323.3333333333333,1654500,-1.0,-1.0,-1.0
2021/11/19,1323.3333333333333,1335.0,1315.0,1320.0,1664100,-1.0,-1.0,-1.0
2021/11/22,1310.0,1310.0,1283.3333333333333,1296.6666666666665,2104800,-1.0,-1.0,-1.0
2021/11/24,1300.0,1311.6666666666665,1288.3333333333333,1296.6666666666665,2291100,-1.0,-1.0,-1.0
2021/11/25,1313.3333333333333,1326.6666666666665,1305.0,1321.6666666666665,2343000,-1.0,-1.0,-1.0
2021/11/26,1306.6666666666665,1316.6666666666665,1300.0,1313.3333333333333,2839800,-1.0,-1.0,-1.0
2021/11/29,1296.6666666666665,1315.0,1288.3333333333333,1300.0,3859800,-1.0,-1.0,-1.0
2021/11/30,1293.3333333333333,1306.6666666666665,1271.6666666666665,1290.0,23916600,-1.0,-1.0,-1.0
2021/12/01,1268.3333333333333,1293.3333333333333,1266.6666666666665,1268.3333333333333,3084000,-1.0,-1.0,-1.0
2021/12/02,1270.0,1315.0,1263.3333333333333,1290.0,3057000,-1.0,-1.0,-1.0
2021/12/03,1283.3333333333333,1300.0,1270.0,1295.0,1531200,-1.0,-1.0,-1.0
2021/12/06,1308.3333333333333,1318.3333333333333,1303.3333333333333,1306.6666666666665,1243200,-1.0,-1.0,-1.0
2021/12/07,1313.3333333333333,1321.6666666666665,1296.6666666666665,1313.3333333333333,1926900,-1.0,-1.0,-1.0
2021/12/08,1313.3333333333333,1313.3333333333333,1296.6666666666665,1300.0,1221000,-1.0,-1.0,-1.0
2021/12/09,1310.0,1318.3333333333333,1306.6666666666665,1308.3333333333333,1123800,-1.0,-1.0,-1.0
2021/12/10,1336.6666666666665,1350.0,1333.3333333333333,1340.0,2701200,-1.0,-1.0,-1.0
2021/12/13,1351.6666666666665,1355.0,1333.3333333333333,1338.3333333333333,857400,-1.0,-1.0,-1.0
2021/12/14,1338.3333333333333,1345.0,1333.3333333333333,1341.6666666666665,973800,-1.0,-1.0,-1.0
2021/12/15,1333.3333333333333,1346.6666666666665,1333.3333333333333,1341.6666666666665,928800,-1.0,-1.0,-1.0
2021/12/16,1358.3333333333333,1358.3333333333333,1341.6666666666665,1356.6666666666665,955200,-1.0,-1.0,-1.0
2021/12/17,1361.6666666666665,1363.3333333333333,1338.3333333333333,1343.3333333333333,1347000,-1.0,-1.0,-1.0
2021/12/20,1333.3333333333333,1355.0,1333.3333333333333,1353.3333333333333,1366200,-1.0,-1.0,-1.0
2021/12/21,1363.3333333333333,1363.3333333333333,1350.0,1360.0,922500,-1.0,-1.0,-1.0
2021/12/22,1365.0,1385.0,1363.3333333333333,1383.3333333333333,1715100,-1.0,-1.0,-1.0
2021/12/23,1383.3333333333333,1383.3333333333333,1368.3333333333333,1371.6666666666665,1079100,-1.0,-1.0,-1.0
2021/12/24,1383.3333333333333,1396.6666666666665,1378.3333333333333,1395.0,1069500,-1.0,-1.0,-1.0
2021/12/27,1396.6666666666665,1396.6666666666665,1373.3333333333333,1373.3333333333333,757200,-1.0,-1.0,-1.0
2021/12/28,1385.0,1410.0,1381.6666666666665,1410.0,1302600,-1.0,-1.0,-1.0
2021/12/29,1408.3333333333333,1413.3333333333333,1386.6666666666665,1391.6666666666665,986700,-1.0,-1.0,-1.0
2021/12/30,1391.6666666666665,1393.3333333333333,1373.3333333333333,1380.0,923100,-1.0,-1.0,-1.0
2022/01/04,1393.3333333333333,1403.3333333333333,1390.0,1400.0,900300,-1.0,-1.0,-1.0
2022/01/05,1393.3333333333333,1405.0,1388.3333333333333,1405.0,981900,-1.0,-1.0,-1.0
2022/01/06,1410.0,1415.0,1386.6666666666665,1390.0,1138200,-1.0,-1.0,-1.0
2022/01/07,1413.3333333333333,1413.3333333333333,1385.0,1395.0,929100,-1.0,-1.0,-1.0
2022/01/11,1423.3333333333333,1433.3333333333333,1410.0,1420.0,1537500,-1.0,-1.0,-1.0
2022/01/12,1435.0,1440.0,1411.6666666666665,1415.0,1303500,-1.0,-1.0,-1.0
2022/01/13,1426.6666666666665,1428.3333333333333,1415.0,1428.3333333333333,875100,-1.0,-1.0,-1.0
2022/01/14,1426.6666666666665,1440.0,1413.3333333333333,1438.3333333333333,1755600,-1.0,-1.0,-1.0
2022/01/17,1458.3333333333333,1498.3333333333333,1455.0,1490.0,2160300,-1.0,-1.0,-1.0
2022/01/18,1486.6666666666665,1493.3333333333333,1460.0,1460.0,1226100,-1.0,-1.0,-1.0
2022/01/19,1446.6666666666665,1458.3333333333333,1426.6666666666665,1435.0,1235400,-1.0,-1.0,-1.0
2022/01/20,1436.6666666666665,1456.6666666666665,1431.6666666666665,1438.3333333333333,1095000,-1.0,-1.0,-1.0
2022/01/21,1425.0,1455.0,1415.0,1453.3333333333333,1061100,-1.0,-1.0,-1.0
2022/01/24,1476.6666666666665,1483.3333333333333,1466.6666666666665,1476.6666666666665,1626300,-1.0,-1.0,-1.0
2022/01/25,1483.3333333333333,1498.3333333333333,1465.0,1496.6666666666665,1681800,-1.0,-1.0,-1.0
2022/01/26,1498.3333333333333,1500.0,1471.6666666666665,1476.6666666666665,1240500,-1.0,-1.0,-1.0
2022/01/27,1478.3333333333333,1485.0,1458.3333333333333,1471.6666666666665,1238700,-1.0,-1.0,-1.0
2022/01/28,1453.3333333333333,1476.6666666666665,1453.3333333333333,1470.0,1304700,-1.0,-1.0,-1.0
2022/01/31,1470.0,1476.6666666666665,1458.3333333333333,1470.0,929400,-1.0,-1.0,-1.0
2022/02/01,1460.0,1470.0,1443.3333333333333,1445.0,1542900,-1.0,-1.0,-1.0
2022/02/02,1433.3333333333333,1508.3333333333333,1415.0,1485.0,3078600,-1.0,-1.0,-1.0
2022/02/03,1368.3333333333333,1393.3333333333333,1335.0,1355.0,6430200,-1.0,-1.0,-1.0
2022/02/04,1363.3333333333333,1400.0,1361.6666666666665,1391.6666666666665,3049800,-1.0,-1.0,-1.0
2022/02/07,1391.6666666666665,1408.3333333333333,1381.6666666666665,1403.3333333333333,1267200,-1.0,-1.0,-1.0
2022/02/08,1413.3333333333333,1441.6666666666665,1413.3333333333333,1435.0,1231500,-1.0,-1.0,-1.0
2022/02/09,1428.3333333333333,1430.0,1408.3333333333333,1408.3333333333333,1288800,-1.0,-1.0,-1.0
2022/02/10,1436.6666666666665,1466.6666666666665,1425.0,1463.3333333333333,2363100,-1.0,-1.0,-1.0
2022/02/14,1440.0,1460.0,1431.6666666666665,1451.6666666666665,1194300,-1.0,-1.0,-1.0
2022/02/15,1458.3333333333333,1460.0,1446.6666666666665,1458.3333333333333,882300,-1.0,-1.0,-1.0
2022/02/16,1478.3333333333333,1485.0,1468.3333333333333,1476.6666666666665,982500,-1.0,-1.0,-1.0
2022/02/17,1488.3333333333333,1491.6666666666665,1451.6666666666665,1463.3333333333333,893100,-1.0,-1.0,-1.0
2022/02/18,1461.6666666666665,1478.3333333333333,1458.3333333333333,1473.3333333333333,779700,-1.0,-1.0,-1.0
2022/02/21,1465.0,1466.6666666666665,1453.3333333333333,1466.6666666666665,600600,-1.0,-1.0,-1.0
2022/02/22,1450.0,1450.0,1433.3333333333333,1450.0,911400,-1.0,-1.0,-1.0
2022/02/24,1451.6666666666665,1458.3333333333333,1426.6666666666665,1453.3333333333333,1102800,-1.0,-1.0,-1.0
2022/02/25,1431.6666666666665,1450.0,1405.0,1420.0,1320300,-1.0,-1.0,-1.0
2022/02/28,1428.3333333333333,1443.3333333333333,1420.0,1440.0,930900,-1.0,-1.0,-1.0
2022/03/01,1456.6666666666665,1463.3333333333333,1441.6666666666665,1445.0,888000,-1.0,-1.0,-1.0
2022/03/02,1416.6666666666665,1418.3333333333333,1391.6666666666665,1400.0,1422300,-1.0,-1.0,-1.0
2022/03/03,1396.6666666666665,1406.6666666666665,1390.0,1403.3333333333333,951000,-1.0,-1.0,-1.0
2022/03/04,1410.0,1410.0,1371.6666666666665,1380.0,1486200,-1.0,-1.0,-1.0
2022/03/07,1390.0,1403.3333333333333,1378.3333333333333,1391.6666666666665,1418700,-1.0,-1.0,-1.0
2022/03/08,1380.0,1413.3333333333333,1368.3333333333333,1373.3333333333333,1720800,-1.0,-1.0,-1.0
2022/03/09,1376.6666666666665,1381.6666666666665,1341.6666666666665,1348.3333333333333,1296300,-1.0,-1.0,-1.0
2022/03/10,1361.6666666666665,1383.3333333333333,1356.6666666666665,1380.0,1363800,-1.0,-1.0,-1.0
2022/03/11,1370.0,1390.0,1368.3333333333333,1383.3333333333333,1427400,-1.0,-1.0,-1.0
2022/03/14,1398.3333333333333,1398.3333333333333,1373.3333333333333,1373.3333333333333,1035000,-1.0,-1.0,-1.0
2022/03/15,1373.3333333333333,1401.6666666666665,1373.3333333333333,1396.6666666666665,674400,-1.0,-1.0,-1.0
2022/03/16,1395.0,1400.0,1378.3333333333333,1380.0,1151700,-1.0,-1.0,-1.0
2022/03/17,1403.3333333333333,1408.3333333333333,1383.3333333333333,1403.3333333333333,923700,-1.0,-1.0,-1.0
2022/03/18,1400.0,1406.6666666666665,1386.6666666666665,1396.6666666666665,1246200,-1.0,-1.0,-1.0
2022/03/22,1411.6666666666665,1416.6666666666665,1403.3333333333333,1403.3333333333333,838500,-1.0,-1.0,-1.0
2022/03/23,1410.0,1421.6666666666665,1396.6666666666665,1418.3333333333333,885900,-1.0,-1.0,-1.0
2022/03/24,1400.0,1413.3333333333333,1395.0,1408.3333333333333,872400,-1.0,-1.0,-1.0
2022/03/25,1423.3333333333333,1423.3333333333333,1401.6666666666665,1421.6666666666665,975900,-1.0,-1.0,-1.0
2022/03/28,1426.6666666666665,1435.0,1421.6666666666665,1433.3333333333333,783900,-1.0,-1.0,-1.0
2022/03/29,1448.3333333333333,1451.6666666666665,1431.6666666666665,1450.0,1741800,-1.0,-1.0,-1.0
2022/03/30,1408.3333333333333,1410.0,1378.3333333333333,1391.6666666666665,1719900,-1.0,-1.0,-1.0
2022/03/31,1378.3333333333333,1393.3333333333333,1368.3333333333333,1383.3333333333333,1604100,-1.0,-1.0,-1.0
2022/04/01,1370.0,1388.3333333333333,1358.3333333333333,1380.0,1160400,-1.0,-1.0,-1.0
2022/04/04,1391.6666666666665,1393.3333333333333,1378.3333333333333,1391.6666666666665,581400,-1.0,-1.0,-1.0
2022/04/05,1391.6666666666665,1400.0,1380.0,1398.3333333333333,1028700,-1.0,-1.0,-1.0
2022/04/06,1393.3333333333333,1401.6666666666665,1363.3333333333333,1363.3333333333333,984000,-1.0,-1.0,-1.0
2022/04/07,1360.0,1400.0,1356.6666666666665,1388.3333333333333,1435800,-1.0,-1.0,-1.0
2022/04/08,1388.3333333333333,1395.0,1375.0,1388.3333333333333,1175100,-1.0,-1.0,-1.0
2022/04/11,1395.0,1396.6666666666665,1380.0,1388.3333333333333,697500,-1.0,-1.0,-1.0
2022/04/12,1383.3333333333333,1400.0,1383.3333333333333,1386.6666666666665,824400,-1.0,-1.0,-1.0
2022/04/13,1378.3333333333333,1380.0,1365.0,1373.3333333333333,937200,-1.0,-1.0,-1.0
2022/04/14,1370.0,1393.3333333333333,1366.6666666666665,1386.6666666666665,510900,-1.0,-1.0,-1.0
2022/04/15,1376.6666666666665,1381.6666666666665,1366.6666666666665,1371.6666666666665,538800,-1.0,-1.0,-1.0
2022/04/18,1358.3333333333333,1360.0,1328.3333333333333,1336.6666666666665,782100,-1.0,-1.0,-1.0
2022/04/19,1348.3333333333333,1351.6666666666665,1336.6666666666665,1340.0,857400,-1.0,-1.0,-1.0
2022/04/20,1341.6666666666665,1370.0,1341.6666666666665,1370.0,810900,-1.0,-1.0,-1.0
2022/04/21,1373.3333333333333,1380.0,1365.0,1373.3333333333333,634200,-1.0,-1.0,-1.0
2022/04/22,1351.6666666666665,1370.0,1348.3333333333333,1365.0,675600,-1.0,-1.0,-1.0
2022/04/25,1365.0,1386.6666666666665,1363.3333333333333,1381.6666666666665,1022400,-1.0,-1.0,-1.0
2022/04/26,1383.3333333333333,1386.6666666666665,1368.3333333333333,1375.0,1170000,-1.0,-1.0,-1.0
2022/04/27,1360.0,1363.3333333333333,1328.3333333333333,1330.0,1478700,-1.0,-1.0,-1.0
2022/04/28,1333.3333333333333,1373.3333333333333,1331.6666666666665,1368.3333333333333,1112100,-1.0,-1.0,-1.0
2022/05/02,1345.0,1358.3333333333333,1331.6666666666665,1358.3333333333333,798600,-1.0,-1.0,-1.0
2022/05/06,1356.6666666666665,1370.0,1348.3333333333333,1368.3333333333333,960300,-1.0,-1.0,-1.0
2022/05/09,1351.6666666666665,1353.3333333333333,1331.6666666666665,1338.3333333333333,1030800,-1.0,-1.0,-1.0
2022/05/10,1333.3333333333333,1370.0,1316.6666666666665,1350.0,2594700,-1.0,-1.0,-1.0
2022/05/11,1348.3333333333333,1370.0,1336.6666666666665,1355.0,1079400,-1.0,-1.0,-1.0
2022/05/12,1336.6666666666665,1350.0,1323.3333333333333,1346.6666666666665,1008900,-1.0,-1.0,-1.0
2022/05/13,1355.0,1368.3333333333333,1338.3333333333333,1366.6666666666665,1134600,-1.0,-1.0,-1.0
2022/05/16,1375.0,1375.0,1343.3333333333333,1346.6666666666665,773400,-1.0,-1.0,-1.0
2022/05/17,1346.6666666666665,1361.6666666666665,1343.3333333333333,1348.3333333333333,595200,-1.0,-1.0,-1.0
2022/05/18,1340.0,1343.3333333333333,1323.3333333333333,1328.3333333333333,1154100,-1.0,-1.0,-1.0
2022/05/19,1316.6666666666665,1325.0,1311.6666666666665,1321.6666666666665,863700,-1.0,-1.0,-1.0
2022/05/20,1316.6666666666665,1331.6666666666665,1313.3333333333333,1320.0,934500,-1.0,-1.0,-1.0
2022/05/23,1330.0,1340.0,1321.6666666666665,1330.0,677100,-1.0,-1.0,-1.0
2022/05/24,1325.0,1325.0,1311.6666666666665,1313.3333333333333,855600,-1.0,-1.0,-1.0
2022/05/25,1320.0,1320.0,1303.3333333333333,1305.0,925500,-1.0,-1.0,-1.0
2022/05/26,1308.3333333333333,1325.0,1308.3333333333333,1311.6666666666665,963000,-1.0,-1.0,-1.0
2022/05/27,1311.6666666666665,1311.6666666666665,1298.3333333333333,1305.0,940800,-1.0,-1.0,-1.0
2022/05/30,1311.6666666666665,1326.6666666666665,1306.6666666666665,1321.6666666666665,957900,-1.0,-1.0,-1.0
2022/05/31,1315.0,1323.3333333333333,1306.6666666666665,1306.6666666666665,1322100,-1.0,-1.0,-1.0
2022/06/01,1303.3333333333333,1331.6666666666665,1303.3333333333333,1326.6666666666665,923100,-1.0,-1.0,-1.0
2022/06/02,1316.6666666666665,1318.3333333333333,1310.0,1311.6666666666665,821100,-1.0,-1.0,-1.0
2022/06/03,1328.3333333333333,1330.0,1318.3333333333333,1328.3333333333333,1022100,-1.0,-1.0,-1.0
2022/06/06,1315.0,1340.0,1313.3333333333333,1331.6666666666665,1116000,-1.0,-1.0,-1.0
2022/06/07,1333.3333333333333,1336.6666666666665,1323.3333333333333,1328.3333333333333,855900,-1.0,-1.0,-1.0
2022/06/08,1350.0,1366.6666666666665,1348.3333333333333,1363.3333333333333,1332300,-1.0,-1.0,-1.0
2022/06/09,1366.6666666666665,1371.6666666666665,1360.0,1361.6666666666665,995400,-1.0,-1.0,-1.0
2022/06/10,1358.3333333333333,1358.3333333333333,1338.3333333333333,1340.0,1455900,-1.0,-1.0,-1.0
2022/06/13,1333.3333333333333,1353.3333333333333,1328.3333333333333,1351.6666666666665,898800,-1.0,-1.0,-1.0
2022/06/14,1340.0,1346.6666666666665,1335.0,1340.0,763200,-1.0,-1.0,-1.0
2022/06/15,1351.6666666666665,1355.0,1338.3333333333333,1343.3333333333333,1059600,-1.0,-1.0,-1.0
2022/06/16,1366.6666666666665,1391.6666666666665,1366.6666666666665,1383.3333333333333,1762500,-1.0,-1.0,-1.0
2022/06/17,1360.0,1413.3333333333333,1360.0,1408.3333333333333,2204400,-1.0,-1.0,-1.0
2022/06/20,1408.3333333333333,1408.3333333333333,1373.3333333333333,1381.6666666666665,815100,-1.0,-1.0,-1.0
2022/06/21,1400.0,1405.0,1383.3333333333333,1391.6666666666665,968400,-1.0,-1.0,-1.0
2022/06/22,1400.0,1416.6666666666665,1388.3333333333333,1410.0,716100,-1.0,-1.0,-1.0
2022/06/23,1416.6666666666665,1431.6666666666665,1410.0,1430.0,962100,-1.0,-1.0,-1.0
2022/06/24,1410.0,1418.3333333333333,1396.6666666666665,1413.3333333333333,1279800,-1.0,-1.0,-1.0
2022/06/27,1411.6666666666665,1425.0,1391.6666666666665,1393.3333333333333,1277100,-1.0,-1.0,-1.0
2022/06/28,1406.6666666666665,1416.6666666666665,1398.3333333333333,1410.0,1314600,-1.0,-1.0,-1.0
2022/06/29,1406.6666666666665,1431.6666666666665,1403.3333333333333,1418.3333333333333,3324000,-1.0,-1.0,-1.0
2022/06/30,1416.6666666666665,1426.6666666666665,1410.0,1415.0,3055500,-1.0,-1.0,-1.0
2022/07/01,1415.0,1438.3333333333333,1403.3333333333333,1411.6666666666665,1417500,-1.0,-1.0,-1.0
2022/07/04,1426.6666666666665,1435.0,1408.3333333333333,1416.6666666666665,1355100,-1.0,-1.0,-1.0
2022/07/05,1435.0,1443.3333333333333,1423.3333333333333,1436.6666666666665,1015800,-1.0,-1.0,-1.0
2022/07/06,1416.6666666666665,1436.6666666666665,1411.6666666666665,1431.6666666666665,1389900,-1.0,-1.0,-1.0
2022/07/07,1441.6666666666665,1456.6666666666665,1435.0,1451.6666666666665,1371000,-1.0,-1.0,-1.0
2022/07/08,1443.3333333333333,1443.3333333333333,1418.3333333333333,1433.3333333333333,1440900,-1.0,-1.0,-1.0
2022/07/11,1440.0,1441.6666666666665,1426.6666666666665,1428.3333333333333,918000,-1.0,-1.0,-1.0
2022/07/12,1428.3333333333333,1430.0,1398.3333333333333,1403.3333333333333,1210200,-1.0,-1.0,-1.0
2022/07/13,1411.6666666666665,1411.6666666666665,1395.0,1395.0,771900,-1.0,-1.0,-1.0
2022/07/14,1390.0,1395.0,1378.3333333333333,1390.0,752700,-1.0,-1.0,-1.0
2022/07/15,1383.3333333333333,1391.6666666666665,1363.3333333333333,1371.6666666666665,1391400,-1.0,-1.0,-1.0
2022/07/19,1375.0,1375.0,1353.3333333333333,1365.0,780000,-1.0,-1.0,-1.0
2022/07/20,1366.6666666666665,1375.0,1358.3333333333333,1370.0,1161600,-1.0,-1.0,-1.0
2022/07/21,1356.6666666666665,1393.3333333333333,1356.6666666666665,1385.0,890400,-1.0,-1.0,-1.0
2022/07/22,1395.0,1395.0,1376.6666666666665,1381.6666666666665,680700,-1.0,-1.0,-1.0
2022/07/25,1381.6666666666665,1393.3333333333333,1376.6666666666665,1386.6666666666665,701400,-1.0,-1.0,-1.0
2022/07/26,1393.3333333333333,1395.0,1380.0,1386.6666666666665,832800,-1.0,-1.0,-1.0
2022/07/27,1385.0,1388.3333333333333,1370.0,1371.6666666666665,877500,-1.0,-1.0,-1.0
2022/07/28,1363.3333333333333,1366.6666666666665,1351.6666666666665,1353.3333333333333,1229700,-1.0,-1.0,-1.0
2022/07/29,1343.3333333333333,1346.6666666666665,1330.0,1341.6666666666665,2161800,-1.0,-1.0,-1.0
2022/08/01,1346.6666666666665,1363.3333333333333,1303.3333333333333,1318.3333333333333,3222000,-1.0,-1.0,-1.0
2022/08/02,1328.3333333333333,1355.0,1321.6666666666665,1333.3333333333333,2374500,-1.0,-1.0,-1.0
2022/08/03,1333.3333333333333,1345.0,1323.3333333333333,1328.3333333333333,1504500,-1.0,-1.0,-1.0
2022/08/04,1333.3333333333333,1335.0,1316.6666666666665,1316.6666666666665,1496100,-1.0,-1.0,-1.0
2022/08/05,1316.6666666666665,1328.3333333333333,1311.6666666666665,1328.3333333333333,1414800,-1.0,-1.0,-1.0
2022/08/08,1326.6666666666665,1345.0,1326.6666666666665,1335.0,1258500,-1.0,-1.0,-1.0
2022/08/09,1340.0,1346.6666666666665,1330.0,1331.6666666666665,1181700,-1.0,-1.0,-1.0
2022/08/10,1338.3333333333333,1345.0,1328.3333333333333,1345.0,1131000,-1.0,-1.0,-1.0
2022/08/12,1363.3333333333333,1366.6666666666665,1341.6666666666665,1346.6666666666665,1723200,-1.0,-1.0,-1.0
2022/08/15,1345.0,1350.0,1338.3333333333333,1346.6666666666665,555300,-1.0,-1.0,-1.0
2022/08/16,1350.0,1351.6666666666665,1345.0,1348.3333333333333,520200,-1.0,-1.0,-1.0
2022/08/17,1356.6666666666665,1363.3333333333333,1348.3333333333333,1361.6666666666665,1154400,-1.0,-1.0,-1.0
2022/08/18,1353.3333333333333,1356.6666666666665,1346.6666666666665,1350.0,650400,-1.0,-1.0,-1.0
2022/08/19,1348.3333333333333,1350.0,1340.0,1343.3333333333333,627900,-1.0,-1.0,-1.0
2022/08/22,1336.6666666666665,1355.0,1330.0,1351.6666666666665,976200,-1.0,-1.0,-1.0
2022/08/23,1351.6666666666665,1351.6666666666665,1340.0,1341.6666666666665,723300,-1.0,-1.0,-1.0
2022/08/24,1340.0,1341.6666666666665,1331.6666666666665,1336.6666666666665,672600,-1.0,-1.0,-1.0
2022/08/25,1335.0,1346.6666666666665,1335.0,1343.3333333333333,694200,-1.0,-1.0,-1.0
2022/08/26,1341.6666666666665,1343.3333333333333,1336.6666666666665,1340.0,700800,-1.0,-1.0,-1.0
2022/08/29,1331.6666666666665,1340.0,1326.6666666666665,1331.6666666666665,1022400,-1.0,-1.0,-1.0
2022/08/30,1336.6666666666665,1345.0,1336.6666666666665,1340.0,551400,-1.0,-1.0,-1.0
2022/08/31,1333.3333333333333,1338.3333333333333,1330.0,1330.0,895500,-1.0,-1.0,-1.0
2022/09/01,1325.0,1331.6666666666665,1321.6666666666665,1326.6666666666665,1333800,-1.0,-1.0,-1.0
2022/09/02,1330.0,1333.3333333333333,1320.0,1328.3333333333333,810000,-1.0,-1.0,-1.0
2022/09/05,1326.6666666666665,1326.6666666666665,1316.6666666666665,1316.6666666666665,786900,-1.0,-1.0,-1.0
2022/09/06,1318.3333333333333,1320.0,1305.0,1308.3333333333333,1539900,-1.0,-1.0,-1.0
2022/09/07,1300.0,1308.3333333333333,1290.0,1290.0,1617900,-1.0,-1.0,-1.0
2022/09/08,1301.6666666666665,1311.6666666666665,1298.3333333333333,1305.0,921000,-1.0,-1.0,-1.0
2022/09/09,1306.6666666666665,1315.0,1303.3333333333333,1311.6666666666665,1527000,-1.0,-1.0,-1.0
2022/09/12,1315.0,1321.6666666666665,1313.3333333333333,1316.6666666666665,684900,-1.0,-1.0,-1.0
2022/09/13,1318.3333333333333,1328.3333333333333,1315.0,1323.3333333333333,767400,-1.0,-1.0,-1.0
2022/09/14,1311.6666666666665,1315.0,1301.6666666666665,1303.3333333333333,1468200,-1.0,-1.0,-1.0
2022/09/15,1291.6666666666665,1301.6666666666665,1291.6666666666665,1300.0,1097400,-1.0,-1.0,-1.0
2022/09/16,1300.0,1306.6666666666665,1296.6666666666665,1306.6666666666665,1430100,-1.0,-1.0,-1.0
2022/09/20,1300.0,1308.3333333333333,1291.6666666666665,1300.0,1272000,-1.0,-1.0,-1.0
2022/09/21,1291.6666666666665,1303.3333333333333,1290.0,1301.6666666666665,994200,-1.0,-1.0,-1.0
2022/09/22,1305.0,1305.0,1293.3333333333333,1295.0,1012200,-1.0,-1.0,-1.0
2022/09/26,1291.6666666666665,1305.0,1288.3333333333333,1291.6666666666665,1654500,-1.0,-1.0,-1.0
2022/09/27,1295.0,1303.3333333333333,1290.0,1295.0,1373100,-1.0,-1.0,-1.0
2022/09/28,1288.3333333333333,1295.0,1278.3333333333333,1285.0,2348700,-1.0,-1.0,-1.0
2022/09/29,1281.6666666666665,1303.3333333333333,1275.0,1300.0,1481400,-1.0,-1.0,-1.0
2022/09/30,1293.3333333333333,1293.3333333333333,1266.6666666666665,1270.0,2654400,-1.0,-1.0,-1.0
2022/10/03,1256.6666666666665,1258.3333333333333,1226.6666666666665,1236.6666666666665,2203200,-1.0,-1.0,-1.0
2022/10/04,1255.0,1273.3333333333333,1251.6666666666665,1266.6666666666665,1665900,-1.0,-1.0,-1.0
2022/10/05,1270.0,1273.3333333333333,1251.6666666666665,1255.0,1423200,-1.0,-1.0,-1.0
2022/10/06,1251.6666666666665,1258.3333333333333,1243.3333333333333,1243.3333333333333,1464600,-1.0,-1.0,-1.0
2022/10/07,1226.6666666666665,1245.0,1225.0,1238.3333333333333,1592700,-1.0,-1.0,-1.0
2022/10/11,1236.6666666666665,1243.3333333333333,1230.0,1233.3333333333333,1353900,-1.0,-1.0,-1.0
2022/10/12,1223.3333333333333,1238.3333333333333,1221.6666666666665,1230.0,1304100,-1.0,-1.0,-1.0
2022/10/13,1230.0,1233.3333333333333,1215.0,1216.6666666666665,1373100,-1.0,-1.0,-1.0
2022/10/14,1200.0,1218.3333333333333,1196.6666666666665,1215.0,2685900,-1.0,-1.0,-1.0
2022/10/17,1220.0,1226.6666666666665,1206.6666666666665,1206.6666666666665,1429500,-1.0,-1.0,-1.0
2022/10/18,1210.0,1213.3333333333333,1196.6666666666665,1201.6666666666665,2040000,-1.0,-1.0,-1.0
2022/10/19,1213.3333333333333,1216.6666666666665,1205.0,1213.3333333333333,1078800,-1.0,-1.0,-1.0
2022/10/20,1213.3333333333333,1216.6666666666665,1205.0,1208.3333333333333,1270500,-1.0,-1.0,-1.0
2022/10/21,1203.3333333333333,1206.6666666666665,1198.3333333333333,1201.6666666666665,1145700,-1.0,-1.0,-1.0
2022/10/24,1206.6666666666665,1210.0,1186.6666666666665,1186.6666666666665,1647300,-1.0,-1.0,-1.0
2022/10/25,1196.6666666666665,1203.3333333333333,1191.6666666666665,1201.6666666666665,1215900,-1.0,-1.0,-1.0
2022/10/26,1201.6666666666665,1213.3333333333333,1198.3333333333333,1206.6666666666665,1088400,-1.0,-1.0,-1.0
2022/10/27,1210.0,1211.6666666666665,1201.6666666666665,1203.3333333333333,936300,-1.0,-1.0,-1.0
2022/10/28,1193.3333333333333,1201.6666666666665,1191.6666666666665,1193.3333333333333,1881600,-1.0,-1.0,-1.0
2022/10/31,1195.0,1198.3333333333333,1180.0,1181.6666666666665,2674800,-1.0,-1.0,-1.0
2022/11/01,1190.0,1196.6666666666665,1180.0,1185.0,1523400,-1.0,-1.0,-1.0
2022/11/02,1185.0,1188.3333333333333,1175.0,1186.6666666666665,1560000,-1.0,-1.0,-1.0
2022/11/04,1175.0,1181.6666666666665,1163.3333333333333,1168.3333333333333,1968900,-1.0,-1.0,-1.0
2022/11/07,1175.0,1181.6666666666665,1166.6666666666665,1181.6666666666665,1317300,-1.0,-1.0,-1.0
2022/11/08,1186.6666666666665,1195.0,1178.3333333333333,1190.0,1325400,-1.0,-1.0,-1.0
2022/11/09,1191.6666666666665,1203.3333333333333,1191.6666666666665,1203.3333333333333,1243500,-1.0,-1.0,-1.0
2022/11/10,1195.0,1211.6666666666665,1188.3333333333333,1211.6666666666665,1223700,-1.0,-1.0,-1.0
2022/11/11,1216.6666666666665,1221.6666666666665,1196.6666666666665,1210.0,2545500,-1.0,-1.0,-1.0
2022/11/14,1205.0,1211.6666666666665,1200.0,1210.0,1274700,-1.0,-1.0,-1.0
2022/11/15,1213.3333333333333,1215.0,1201.6666666666665,1201.6666666666665,777300,-1.0,-1.0,-1.0
2022/11/16,1201.6666666666665,1208.3333333333333,1195.0,1208.3333333333333,1071900,-1.0,-1.0,-1.0
2022/11/17,1206.6666666666665,1220.0,1203.3333333333333,1220.0,997500,-1.0,-1.0,-1.0
2022/11/18,1223.3333333333333,1236.6666666666665,1220.0,1235.0,1287900,-1.0,-1.0,-1.0
2022/11/21,1236.6666666666665,1241.6666666666665,1230.0,1238.3333333333333,731400,-1.0,-1.0,-1.0
2022/11/22,1243.3333333333333,1256.6666666666665,1241.6666666666665,1250.0,1076700,-1.0,-1.0,-1.0
2022/11/24,1256.6666666666665,1258.3333333333333,1245.0,1256.6666666666665,863400,-1.0,-1.0,-1.0
2022/11/25,1256.6666666666665,1268.3333333333333,1253.3333333333333,1263.3333333333333,731400,-1.0,-1.0,-1.0
2022/11/28,1261.6666666666665,1265.0,1245.0,1250.0,1147200,-1.0,-1.0,-1.0
2022/11/29,1251.6666666666665,1251.6666666666665,1241.6666666666665,1243.3333333333333,903600,-1.0,-1.0,-1.0
2022/11/30,1241.6666666666665,1245.0,1233.3333333333333,1233.3333333333333,1223400,-1.0,-1.0,-1.0
2022/12/01,1236.6666666666665,1238.3333333333333,1228.3333333333333,1233.3333333333333,912000,-1.0,-1.0,-1.0
2022/12/02,1230.0,1243.3333333333333,1223.3333333333333,1241.6666666666665,1208400,-1.0,-1.0,-1.0
2022/12/05,1231.6666666666665,1233.3333333333333,1215.0,1223.3333333333333,1404600,-1.0,-1.0,-1.0
2022/12/06,1220.0,1235.0,1220.0,1231.6666666666665,852300,-1.0,-1.0,-1.0
2022/12/07,1228.3333333333333,1236.6666666666665,1223.3333333333333,1225.0,918000,-1.0,-1.0,-1.0
2022/12/08,1223.3333333333333,1225.0,1213.3333333333333,1218.3333333333333,1127100,-1.0,-1.0,-1.0
2022/12/09,1211.6666666666665,1230.0,1211.6666666666665,1226.6666666666665,1214700,-1.0,-1.0,-1.0
2022/12/12,1216.6666666666665,1218.3333333333333,1210.0,1210.0,1115400,-1.0,-1.0,-1.0
2022/12/13,1211.6666666666665,1226.6666666666665,1211.6666666666665,1221.6666666666665,1070100,-1.0,-1.0,-1.0
2022/12/14,1221.6666666666665,1228.3333333333333,1220.0,1221.6666666666665,821400,-1.0,-1.0,-1.0
2022/12/15,1221.6666666666665,1226.6666666666665,1218.3333333333333,1218.3333333333333,533400,-1.0,-1.0,-1.0
2022/12/16,1216.6666666666665,1228.3333333333333,1210.0,1221.6666666666665,2182800,-1.0,-1.0,-1.0
2022/12/19,1221.6666666666665,1225.0,1215.0,1221.6666666666665,972000,-1.0,-1.0,-1.0
2022/12/20,1221.6666666666665,1221.6666666666665,1198.3333333333333,1211.6666666666665,1698900,-1.0,-1.0,-1.0
2022/12/21,1216.6666666666665,1228.3333333333333,1213.3333333333333,1226.6666666666665,1290600,-1.0,-1.0,-1.0
2022/12/22,1220.0,1223.3333333333333,1215.0,1223.3333333333333,862800,-1.0,-1.0,-1.0
2022/12/23,1216.6666666666665,1225.0,1215.0,1223.3333333333333,726900,-1.0,-1.0,-1.0
2022/12/26,1223.3333333333333,1225.0,1215.0,1225.0,771000,-1.0,-1.0,-1.0
2022/12/27,1228.3333333333333,1233.3333333333333,1223.3333333333333,1230.0,919800,-1.0,-1.0,-1.0
2022/12/28,1228.3333333333333,1246.6666666666665,1226.6666666666665,1245.0,1174500,-1.0,-1.0,-1.0
2022/12/29,1243.3333333333333,1243.3333333333333,1226.6666666666665,1233.3333333333333,963300,-1.0,-1.0,-1.0
2022/12/30,1226.6666666666665,1231.6666666666665,1223.3333333333333,1225.0,994500,-1.0,-1.0,-1.0
2023/01/04,1228.3333333333333,1228.3333333333333,1213.3333333333333,1218.3333333333333,1098600,-1.0,-1.0,-1.0
2023/01/05,1216.6666666666665,1221.6666666666665,1210.0,1215.0,961500,-1.0,-1.0,-1.0
2023/01/06,1210.0,1223.3333333333333,1208.3333333333333,1216.6666666666665,1031100,-1.0,-1.0,-1.0
2023/01/10,1208.3333333333333,1215.0,1195.0,1198.3333333333333,1600200,-1.0,-1.0,-1.0
2023/01/11,1198.3333333333333,1203.3333333333333,1191.6666666666665,1191.6666666666665,1293300,-1.0,-1.0,-1.0
2023/01/12,1190.0,1198.3333333333333,1186.6666666666665,1198.3333333333333,897000,-1.0,-1.0,-1.0
2023/01/13,1186.6666666666665,1200.0,1186.6666666666665,1190.0,1162800,-1.0,-1.0,-1.0
2023/01/16,1185.0,1213.3333333333333,1185.0,1210.0,1506300,-1.0,-1.0,-1.0
2023/01/17,1205.0,1208.3333333333333,1198.3333333333333,1201.6666666666665,1047600,-1.0,-1.0,-1.0
2023/01/18,1208.3333333333333,1220.0,1196.6666666666665,1215.0,1509000,-1.0,-1.0,-1.0
2023/01/19,1211.6666666666665,1215.0,1205.0,1211.6666666666665,1419300,-1.0,-1.0,-1.0
2023/01/20,1218.3333333333333,1226.6666666666665,1215.0,1221.6666666666665,927600,-1.0,-1.0,-1.0
2023/01/23,1225.0,1231.6666666666665,1223.3333333333333,1223.3333333333333,828900,-1.0,-1.0,-1.0
2023/01/24,1233.3333333333333,1245.0,1233.3333333333333,1243.3333333333333,1293300,-1.0,-1.0,-1.0
2023/01/25,1243.3333333333333,1263.3333333333333,1243.3333333333333,1260.0,1349700,-1.0,-1.0,-1.0
2023/01/26,1260.0,1263.3333333333333,1253.3333333333333,1258.3333333333333,1155300,-1.0,-1.0,-1.0
2023/01/27,1263.3333333333333,1263.3333333333333,1258.3333333333333,1260.0,755100,-1.0,-1.0,-1.0
2023/01/30,1236.6666666666665,1271.6666666666665,1236.6666666666665,1268.3333333333333,1984500,-1.0,-1.0,-1.0
2023/01/31,1273.3333333333333,1310.0,1265.0,1300.0,3088500,-1.0,-1.0,-1.0
2023/02/01,1300.0,1320.0,1266.6666666666665,1275.0,1985100,-1.0,-1.0,-1.0
2023/02/02,1266.6666666666665,1271.6666666666665,1245.0,1250.0,1763100,-1.0,-1.0,-1.0
2023/02/03,1235.0,1236.6666666666665,1213.3333333333333,1218.3333333333333,2790600,-1.0,-1.0,-1.0
2023/02/06,1213.3333333333333,1225.0,1213.3333333333333,1223.3333333333333,1784100,-1.0,-1.0,-1.0
2023/02/07,1225.0,1226.6666666666665,1216.6666666666665,1218.3333333333333,850200,-1.0,-1.0,-1.0
2023/02/08,1216.6666666666665,1225.0,1210.0,1223.3333333333333,1032600,-1.0,-1.0,-1.0
2023/02/09,1221.6666666666665,1228.3333333333333,1215.0,1215.0,1189500,-1.0,-1.0,-1.0
2023/02/10,1215.0,1221.6666666666665,1213.3333333333333,1221.6666666666665,1599600,-1.0,-1.0,-1.0
2023/02/13,1223.3333333333333,1230.0,1221.6666666666665,1230.0,860400,-1.0,-1.0,-1.0
2023/02/14,1236.6666666666665,1238.3333333333333,1228.3333333333333,1233.3333333333333,672000,-1.0,-1.0,-1.0
2023/02/15,1233.3333333333333,1240.0,1230.0,1231.6666666666665,728400,-1.0,-1.0,-1.0
2023/02/16,1230.0,1231.6666666666665,1223.3333333333333,1225.0,878400,-1.0,-1.0,-1.0
2023/02/17,1223.3333333333333,1238.3333333333333,1221.6666666666665,1236.6666666666665,1125900,-1.0,-1.0,-1.0
2023/02/20,1251.6666666666665,1256.6666666666665,1248.3333333333333,1256.6666666666665,1338000,-1.0,-1.0,-1.0
2023/02/21,1250.0,1261.6666666666665,1248.3333333333333,1258.3333333333333,985500,-1.0,-1.0,-1.0
2023/02/22,1260.0,1260.0,1243.3333333333333,1245.0,1298400,-1.0,-1.0,-1.0
2023/02/24,1246.6666666666665,1261.6666666666665,1246.6666666666665,1258.3333333333333,1183500,-1.0,-1.0,-1.0
2023/02/27,1265.0,1280.0,1263.3333333333333,1278.3333333333333,1378200,-1.0,-1.0,-1.0
2023/02/28,1275.0,1281.6666666666665,1251.6666666666665,1253.3333333333333,1610400,-1.0,-1.0,-1.0
2023/03/01,1250.0,1250.0,1238.3333333333333,1240.0,1199400,-1.0,-1.0,-1.0
2023/03/02,1243.3333333333333,1248.3333333333333,1236.6666666666665,1238.3333333333333,1178700,-1.0,-1.0,-1.0
2023/03/03,1246.6666666666665,1256.6666666666665,1238.3333333333333,1251.6666666666665,1552200,-1.0,-1.0,-1.0
2023/03/06,1253.3333333333333,1265.0,1253.3333333333333,1255.0,910200,-1.0,-1.0,-1.0
2023/03/07,1256.6666666666665,1263.3333333333333,1256.6666666666665,1258.3333333333333,861300,-1.0,-1.0,-1.0
2023/03/08,1258.3333333333333,1268.3333333333333,1258.3333333333333,1268.3333333333333,676200,-1.0,-1.0,-1.0
2023/03/09,1273.3333333333333,1283.3333333333333,1273.3333333333333,1280.0,1175700,-1.0,-1.0,-1.0
2023/03/10,1281.6666666666665,1286.6666666666665,1273.3333333333333,1280.0,2094300,-1.0,-1.0,-1.0
2023/03/13,1276.6666666666665,1286.6666666666665,1258.3333333333333,1268.3333333333333,1805100,-1.0,-1.0,-1.0
2023/03/14,1261.6666666666665,1270.0,1255.0,1261.6666666666665,1394400,-1.0,-1.0,-1.0
2023/03/15,1261.6666666666665,1271.6666666666665,1260.0,1268.3333333333333,1040700,-1.0,-1.0,-1.0
2023/03/16,1261.6666666666665,1278.3333333333333,1260.0,1273.3333333333333,1581000,-1.0,-1.0,-1.0
2023/03/17,1271.6666666666665,1275.0,1265.0,1268.3333333333333,1399500,-1.0,-1.0,-1.0
2023/03/20,1273.3333333333333,1280.0,1261.6666666666665,1261.6666666666665,1024800,-1.0,-1.0,-1.0
2023/03/22,1268.3333333333333,1278.3333333333333,1266.6666666666665,1275.0,1056000,-1.0,-1.0,-1.0
2023/03/23,1285.0,1313.3333333333333,1281.6666666666665,1308.3333333333333,2132100,-1.0,-1.0,-1.0
2023/03/24,1303.3333333333333,1316.6666666666665,1303.3333333333333,1315.0,1474800,-1.0,-1.0,-1.0
2023/03/27,1321.6666666666665,1323.3333333333333,1310.0,1310.0,1178100,-1.0,-1.0,-1.0
2023/03/28,1313.3333333333333,1313.3333333333333,1303.3333333333333,1308.3333333333333,1110600,-1.0,-1.0,-1.0
2023/03/29,1308.3333333333333,1321.6666666666665,1301.6666666666665,1318.3333333333333,1932000,-1.0,-1.0,-1.0
2023/03/30,1270.0,1283.3333333333333,1266.6666666666665,1283.3333333333333,1483800,-1.0,-1.0,-1.0
2023/03/31,1286.6666666666665,1290.0,1276.6666666666665,1278.3333333333333,1713000,-1.0,-1.0,-1.0
2023/04/03,1283.3333333333333,1298.3333333333333,1280.0,1295.0,1076700,-1.0,-1.0,-1.0
2023/04/04,1300.0,1313.3333333333333,1293.3333333333333,1313.3333333333333,1202400,-1.0,-1.0,-1.0
2023/04/05,1313.3333333333333,1313.3333333333333,1291.6666666666665,1291.6666666666665,1119900,-1.0,-1.0,-1.0
2023/04/06,1296.6666666666665,1310.0,1290.0,1303.3333333333333,1419300,-1.0,-1.0,-1.0
2023/04/07,1306.6666666666665,1306.6666666666665,1291.6666666666665,1298.3333333333333,631800,-1.0,-1.0,-1.0
2023/04/10,1306.6666666666665,1306.6666666666665,1291.6666666666665,1295.0,733500,-1.0,-1.0,-1.0
2023/04/11,1293.3333333333333,1301.6666666666665,1290.0,1295.0,1129200,-1.0,-1.0,-1.0
2023/04/12,1300.0,1303.3333333333333,1290.0,1293.3333333333333,862500,-1.0,-1.0,-1.0
2023/04/13,1296.6666666666665,1298.3333333333333,1288.3333333333333,1295.0,939900,-1.0,-1.0,-1.0
2023/04/14,1285.0,1301.6666666666665,1283.3333333333333,1300.0,1482000,-1.0,-1.0,-1.0
2023/04/17,1298.3333333333333,1298.3333333333333,1286.6666666666665,1291.6666666666665,808200,-1.0,-1.0,-1.0
2023/04/18,1296.6666666666665,1306.6666666666665,1293.3333333333333,1305.0,891000,-1.0,-1.0,-1.0
2023/04/19,1303.3333333333333,1303.3333333333333,1291.6666666666665,1296.6666666666665,925200,-1.0,-1.0,-1.0
2023/04/20,1296.6666666666665,1305.0,1293.3333333333333,1303.3333333333333,706500,-1.0,-1.0,-1.0
2023/04/21,1306.6666666666665,1306.6666666666665,1296.6666666666665,1298.3333333333333,820500,-1.0,-1.0,-1.0
2023/04/24,1306.6666666666665,1310.0,1296.6666666666665,1310.0,825900,-1.0,-1.0,-1.0
2023/04/25,1308.3333333333333,1316.6666666666665,1308.3333333333333,1313.3333333333333,765600,-1.0,-1.0,-1.0
2023/04/26,1316.6666666666665,1323.3333333333333,1311.6666666666665,1316.6666666666665,1158300,-1.0,-1.0,-1.0
2023/04/27,1313.3333333333333,1313.3333333333333,1300.0,1306.6666666666665,1112700,-1.0,-1.0,-1.0
2023/04/28,1318.3333333333333,1323.3333333333333,1311.6666666666665,1323.3333333333333,1235400,-1.0,-1.0,-1.0
2023/05/01,1330.0,1336.6666666666665,1328.3333333333333,1333.3333333333333,1357500,-1.0,-1.0,-1.0
2023/05/02,1335.0,1335.0,1318.3333333333333,1330.0,1068900,-1.0,-1.0,-1.0
2023/05/08,1316.6666666666665,1331.6666666666665,1311.6666666666665,1320.0,1251300,-1.0,-1.0,-1.0
2023/05/09,1323.3333333333333,1333.3333333333333,1320.0,1328.3333333333333,1304400,-1.0,-1.0,-1.0
2023/05/10,1333.3333333333333,1341.6666666666665,1310.0,1315.0,2151600,-1.0,-1.0,-1.0
2023/05/11,1308.3333333333333,1321.6666666666665,1268.3333333333333,1268.3333333333333,2560800,-1.0,-1.0,-1.0
2023/05/12,1265.0,1285.0,1255.0,1278.3333333333333,2244600,-1.0,-1.0,-1.0
2023/05/15,1286.6666666666665,1300.0,1285.0,1300.0,1027200,-1.0,-1.0,-1.0
2023/05/16,1298.3333333333333,1316.6666666666665,1298.3333333333333,1300.0,1401000,-1.0,-1.0,-1.0
2023/05/17,1306.6666666666665,1310.0,1278.3333333333333,1280.0,1997400,-1.0,-1.0,-1.0
2023/05/18,1281.6666666666665,1290.0,1266.6666666666665,1266.6666666666665,1761300,-1.0,-1.0,-1.0
2023/05/19,1270.0,1281.6666666666665,1270.0,1273.3333333333333,1015200,-1.0,-1.0,-1.0
2023/05/22,1280.0,1298.3333333333333,1280.0,1293.3333333333333,993300,-1.0,-1.0,-1.0
2023/05/23,1293.3333333333333,1303.3333333333333,1288.3333333333333,1291.6666666666665,1116600,-1.0,-1.0,-1.0
2023/05/24,1293.3333333333333,1300.0,1286.6666666666665,1290.0,933000,-1.0,-1.0,-1.0
2023/05/25,1283.3333333333333,1288.3333333333333,1278.3333333333333,1286.6666666666665,987900,-1.0,-1.0,-1.0
2023/05/26,1288.3333333333333,1296.6666666666665,1285.0,1286.6666666666665,930300,-1.0,-1.0,-1.0
2023/05/29,1293.3333333333333,1298.3333333333333,1276.6666666666665,1276.6666666666665,1020300,-1.0,-1.0,-1.0
2023/05/30,1273.3333333333333,1286.6666666666665,1273.3333333333333,1280.0,686400,-1.0,-1.0,-1.0
2023/05/31,1270.0,1278.3333333333333,1266.6666666666665,1266.6666666666665,1092600,-1.0,-1.0,-1.0
2023/06/01,1278.3333333333333,1283.3333333333333,1271.6666666666665,1275.0,745200,-1.0,-1.0,-1.0
2023/06/02,1271.6666666666665,1280.0,1271.6666666666665,1273.3333333333333,666000,-1.0,-1.0,-1.0
2023/06/05,1285.3333333333333,1290.3333333333333,1279.3333333333333,1284.0,1039800,-1.0,-1.0,-1.0
2023/06/06,1284.0,1302.6666666666665,1280.6666666666665,1300.6666666666665,931500,-1.0,-1.0,-1.0
2023/06/07,1302.6666666666665,1306.6666666666665,1285.6666666666665,1285.6666666666665,1186800,-1.0,-1.0,-1.0
2023/06/08,1294.0,1299.0,1288.6666666666665,1292.6666666666665,782100,-1.0,-1.0,-1.0
2023/06/09,1303.0,1309.6666666666665,1295.0,1307.6666666666665,1367100,-1.0,-1.0,-1.0
2023/06/12,1312.0,1312.6666666666665,1300.6666666666665,1307.0,600900,-1.0,-1.0,-1.0
2023/06/13,1307.6666666666665,1310.6666666666665,1302.6666666666665,1304.6666666666665,570000,-1.0,-1.0,-1.0
2023/06/14,1311.6666666666665,1326.0,1308.3333333333333,1323.0,1076100,-1.0,-1.0,-1.0
2023/06/15,1326.3333333333333,1339.6666666666665,1322.6666666666665,1335.6666666666665,1349400,-1.0,-1.0,-1.0
2023/06/16,1328.0,1342.3333333333333,1318.3333333333333,1341.6666666666665,1461300,-1.0,-1.0,-1.0
2023/06/19,1341.6666666666665,1345.6666666666665,1310.0,1311.6666666666665,1265400,-1.0,-1.0,-1.0
2023/06/20,1318.0,1323.3333333333333,1300.6666666666665,1305.3333333333333,1001700,-1.0,-1.0,-1.0
2023/06/21,1304.3333333333333,1313.6666666666665,1303.0,1311.3333333333333,978600,-1.0,-1.0,-1.0
2023/06/22,1319.0,1323.0,1308.6666666666665,1311.6666666666665,650400,-1.0,-1.0,-1.0
2023/06/23,1310.0,1315.6666666666665,1299.3333333333333,1304.6666666666665,903000,-1.0,-1.0,-1.0
2023/06/26,1306.0,1308.3333333333333,1295.0,1299.6666666666665,832500,-1.0,-1.0,-1.0
2023/06/27,1300.6666666666665,1309.3333333333333,1297.0,1307.0,972300,-1.0,-1.0,-1.0
2023/06/28,1303.0,1317.0,1302.3333333333333,1315.6666666666665,1025400,-1.0,-1.0,-1.0
2023/06/29,1303.3333333333333,1311.3333333333333,1298.0,1299.3333333333333,1129200,-1.0,-1.0,-1.0
2023/06/30,1301.0,1308.0,1297.0,1300.3333333333333,1147200,-1.0,-1.0,-1.0
2023/07/03,1305.0,1319.6666666666665,1305.0,1316.0,848400,-1.0,-1.0,-1.0
2023/07/04,1316.0,1319.0,1308.0,1308.6666666666665,712200,-1.0,-1.0,-1.0
2023/07/05,1308.6666666666665,1314.0,1302.3333333333333,1313.3333333333333,849300,-1.0,-1.0,-1.0
2023/07/06,1313.3333333333333,1316.6666666666665,1298.3333333333333,1305.3333333333333,1143900,-1.0,-1.0,-1.0
2023/07/07,1307.0,1313.6666666666665,1298.6666666666665,1305.3333333333333,1149600,-1.0,-1.0,-1.0
2023/07/10,1307.0,1316.6666666666665,1300.6666666666665,1312.3333333333333,1068300,-1.0,-1.0,-1.0
2023/07/11,1313.6666666666665,1316.6666666666665,1308.0,1308.3333333333333,651600,-1.0,-1.0,-1.0
2023/07/12,1316.3333333333333,1318.3333333333333,1312.0,1318.3333333333333,822000,-1.0,-1.0,-1.0
2023/07/13,1321.3333333333333,1323.0,1314.3333333333333,1315.3333333333333,750600,-1.0,-1.0,-1.0
2023/07/14,1313.3333333333333,1322.6666666666665,1308.3333333333333,1312.6666666666665,1247100,-1.0,-1.0,-1.0
2023/07/18,1310.6666666666665,1322.3333333333333,1308.0,1315.0,612000,-1.0,-1.0,-1.0
2023/07/19,1322.0,1325.0,1315.0,1324.0,736500,-1.0,-1.0,-1.0
2023/07/20,1330.0,1340.6666666666665,1328.0,1340.3333333333333,1211700,-1.0,-1.0,-1.0
2023/07/21,1340.6666666666665,1372.0,1334.6666666666665,1367.6666666666665,1780800,-1.0,-1.0,-1.0
2023/07/24,1372.6666666666665,1373.0,1359.3333333333333,1361.3333333333333,1237200,-1.0,-1.0,-1.0
2023/07/25,1363.6666666666665,1368.3333333333333,1352.0,1360.6666666666665,1063800,-1.0,-1.0,-1.0
2023/07/26,1362.0,1370.6666666666665,1352.0,1370.6666666666665,865800,-1.0,-1.0,-1.0
2023/07/27,1372.0,1374.3333333333333,1361.0,1371.6666666666665,830400,-1.0,-1.0,-1.0
2023/07/28,1350.0,1368.0,1347.0,1360.0,1940100,-1.0,-1.0,-1.0
2023/07/31,1375.0,1376.6666666666665,1360.6666666666665,1368.0,1323600,-1.0,-1.0,-1.0
2023/08/01,1359.0,1460.3333333333333,1356.3333333333333,1451.6666666666665,4245600,-1.0,-1.0,-1.0
2023/08/02,1441.6666666666665,1455.6666666666665,1424.0,1438.0,3220200,-1.0,-1.0,-1.0
2023/08/03,1442.6666666666665,1457.6666666666665,1428.3333333333333,1450.6666666666665,2214300,-1.0,-1.0,-1.0
2023/08/04,1443.3333333333333,1446.6666666666665,1434.3333333333333,1439.3333333333333,994500,-1.0,-1.0,-1.0
2023/08/07,1433.3333333333333,1443.3333333333333,1424.6666666666665,1436.0,1005000,-1.0,-1.0,-1.0
2023/08/08,1443.3333333333333,1460.0,1439.6666666666665,1460.0,1097700,-1.0,-1.0,-1.0
2023/08/09,1460.3333333333333,1463.3333333333333,1448.6666666666665,1463.0,1162200,-1.0,-1.0,-1.0
2023/08/10,1458.6666666666665,1467.0,1457.0,1464.6666666666665,1168800,-1.0,-1.0,-1.0
2023/08/14,1461.6666666666665,1474.0,1457.3333333333333,1473.0,1004100,-1.0,-1.0,-1.0
2023/08/15,1467.0,1472.0,1460.3333333333333,1469.3333333333333,768600,-1.0,-1.0,-1.0
2023/08/16,1463.6666666666665,1480.6666666666665,1460.0,1478.6666666666665,1065000,-1.0,-1.0,-1.0
2023/08/17,1483.3333333333333,1484.0,1467.0,1475.6666666666665,1015500,-1.0,-1.0,-1.0
2023/08/18,1490.0,1491.6666666666665,1458.3333333333333,1465.3333333333333,1162200,-1.0,-1.0,-1.0
2023/08/21,1467.0,1484.6666666666665,1463.0,1479.6666666666665,1203900,-1.0,-1.0,-1.0
2023/08/22,1472.0,1497.0,1470.6666666666665,1495.0,858600,-1.0,-1.0,-1.0
2023/08/23,1489.6666666666665,1498.3333333333333,1488.0,1495.6666666666665,690600,-1.0,-1.0,-1.0
2023/08/24,1490.6666666666665,1499.6666666666665,1487.6666666666665,1499.6666666666665,641400,-1.0,-1.0,-1.0
2023/08/25,1496.3333333333333,1498.0,1483.3333333333333,1491.3333333333333,758400,-1.0,-1.0,-1.0
2023/08/28,1497.3333333333333,1510.6666666666665,1496.0,1509.3333333333333,926100,-1.0,-1.0,-1.0
2023/08/29,1516.6666666666665,1526.6666666666665,1509.6666666666665,1511.6666666666665,812400,-1.0,-1.0,-1.0
2023/08/30,1506.6666666666665,1513.0,1497.0,1506.3333333333333,1020000,-1.0,-1.0,-1.0
2023/08/31,1508.3333333333333,1512.6666666666665,1498.6666666666665,1506.0,1216800,-1.0,-1.0,-1.0
2023/09/01,1509.6666666666665,1532.3333333333333,1505.6666666666665,1526.6666666666665,1086300,-1.0,-1.0,-1.0
2023/09/04,1522.0,1532.3333333333333,1518.0,1528.0,771300,-1.0,-1.0,-1.0
2023/09/05,1528.3333333333333,1533.0,1514.6666666666665,1519.6666666666665,869400,-1.0,-1.0,-1.0
2023/09/06,1521.6666666666665,1524.6666666666665,1517.3333333333333,1521.3333333333333,610500,-1.0,-1.0,-1.0
2023/09/07,1528.3333333333333,1537.6666666666665,1526.3333333333333,1527.0,1049100,-1.0,-1.0,-1.0
2023/09/08,1536.3333333333333,1543.0,1514.3333333333333,1524.3333333333333,1594500,-1.0,-1.0,-1.0
2023/09/11,1527.6666666666665,1532.0,1513.3333333333333,1518.3333333333333,711000,-1.0,-1.0,-1.0
2023/09/12,1523.0,1535.3333333333333,1518.3333333333333,1535.0,777300,-1.0,-1.0,-1.0
2023/09/13,1537.0,1545.6666666666665,1530.0,1533.3333333333333,852300,-1.0,-1.0,-1.0
2023/09/14,1533.3333333333333,1542.0,1533.0,1535.0,801000,-1.0,-1.0,-1.0
2023/09/15,1543.3333333333333,1543.3333333333333,1530.6666666666665,1530.6666666666665,1152000,-1.0,-1.0,-1.0
2023/09/19,1529.6666666666665,1538.3333333333333,1520.0,1531.6666666666665,1126500,-1.0,-1.0,-1.0
2023/09/20,1531.6666666666665,1535.3333333333333,1518.6666666666665,1518.6666666666665,894900,-1.0,-1.0,-1.0
2023/09/21,1517.6666666666665,1530.0,1491.3333333333333,1499.0,1333200,-1.0,-1.0,-1.0
2023/09/22,1494.3333333333333,1500.6666666666665,1487.0,1490.6666666666665,1192500,-1.0,-1.0,-1.0
2023/09/25,1497.6666666666665,1508.3333333333333,1491.0,1504.0,1461300,-1.0,-1.0,-1.0
2023/09/26,1496.3333333333333,1514.3333333333333,1495.0,1507.6666666666665,1123800,-1.0,-1.0,-1.0
2023/09/27,1506.6666666666665,1517.3333333333333,1497.6666666666665,1517.3333333333333,1727100,-1.0,-1.0,-1.0
2023/09/28,1507.6666666666665,1512.0,1490.0,1501.0,1195500,-1.0,-1.0,-1.0
2023/09/29,1494.0,1501.3333333333333,1477.6666666666665,1490.3333333333333,1697400,-1.0,-1.0,-1.0
2023/10/02,1491.6666666666665,1519.0,1483.0,1483.0,963900,-1.0,-1.0,-1.0
2023/10/03,1483.3333333333333,1484.0,1465.0,1469.0,1120200,-1.0,-1.0,-1.0
2023/10/04,1460.0,1463.3333333333333,1430.0,1432.0,1468800,-1.0,-1.0,-1.0
2023/10/05,1431.6666666666665,1462.6666666666665,1430.0,1460.0,1494600,-1.0,-1.0,-1.0
2023/10/06,1456.3333333333333,1479.0,1454.0,1470.6666666666665,1060500,-1.0,-1.0,-1.0
2023/10/10,1487.6666666666665,1494.0,1471.6666666666665,1478.3333333333333,1022700,-1.0,-1.0,-1.0
2023/10/11,1478.0,1483.3333333333333,1472.3333333333333,1478.3333333333333,1040700,-1.0,-1.0,-1.0
2023/10/12,1485.0,1486.6666666666665,1458.3333333333333,1460.0,1336800,-1.0,-1.0,-1.0
2023/10/13,1455.3333333333333,1459.3333333333333,1445.6666666666665,1453.0,1423200,-1.0,-1.0,-1.0
2023/10/16,1448.3333333333333,1456.0,1422.6666666666665,1430.0,1080000,-1.0,-1.0,-1.0
2023/10/17,1450.0,1451.6666666666665,1414.3333333333333,1422.0,1328400,-1.0,-1.0,-1.0
2023/10/18,1425.6666666666665,1432.0,1405.3333333333333,1424.6666666666665,880800,-1.0,-1.0,-1.0
2023/10/19,1418.6666666666665,1434.0,1415.0,1425.0,971700,-1.0,-1.0,-1.0
2023/10/20,1440.3333333333333,1440.3333333333333,1423.0,1424.3333333333333,707100,-1.0,-1.0,-1.0
2023/10/23,1424.3333333333333,1445.3333333333333,1424.3333333333333,1440.3333333333333,999300,-1.0,-1.0,-1.0
2023/10/24,1443.3333333333333,1446.0,1420.3333333333333,1438.3333333333333,1170300,-1.0,-1.0,-1.0
2023/10/25,1453.3333333333333,1456.3333333333333,1444.3333333333333,1447.0,930000,-1.0,-1.0,-1.0
2023/10/26,1451.3333333333333,1459.0,1445.6666666666665,1451.6666666666665,903000,-1.0,-1.0,-1.0
2023/10/27,1460.0,1488.6666666666665,1457.6666666666665,1486.0,1911900,-1.0,-1.0,-1.0
2023/10/30,1478.0,1483.0,1450.3333333333333,1462.6666666666665,3817800,-1.0,-1.0,-1.0
2023/10/31,1464.0,1513.6666666666665,1460.3333333333333,1510.0,2729700,-1.0,-1.0,-1.0
2023/11/01,1463.3333333333333,1485.0,1435.3333333333333,1438.0,3728100,-1.0,-1.0,-1.0
2023/11/02,1461.0,1464.6666666666665,1447.6666666666665,1463.0,1926600,-1.0,-1.0,-1.0
2023/11/06,1470.0,1480.3333333333333,1438.6666666666665,1446.0,2061900,-1.0,-1.0,-1.0
2023/11/07,1443.6666666666665,1457.0,1438.3333333333333,1443.0,1131300,-1.0,-1.0,-1.0
2023/11/08,1457.3333333333333,1470.0,1435.0,1453.3333333333333,1352700,-1.0,-1.0,-1.0
2023/11/09,1440.0,1450.6666666666665,1436.3333333333333,1441.3333333333333,1488900,-1.0,-1.0,-1.0
2023/11/10,1456.0,1463.0,1442.0,1457.6666666666665,1337700,-1.0,-1.0,-1.0
2023/11/13,1458.6666666666665,1470.3333333333333,1441.3333333333333,1446.6666666666665,1045200,-1.0,-1.0,-1.0
2023/11/14,1453.6666666666665,1454.6666666666665,1435.0,1436.3333333333333,905700,-1.0,-1.0,-1.0
2023/11/15,1437.3333333333333,1451.3333333333333,1435.3333333333333,1445.6666666666665,1116000,-1.0,-1.0,-1.0
2023/11/16,1440.3333333333333,1446.0,1424.0,1424.3333333333333,1010400,-1.0,-1.0,-1.0
2023/11/17,1430.3333333333333,1456.0,1428.0,1453.3333333333333,1373700,-1.0,-1.0,-1.0
2023/11/20,1451.0,1459.0,1437.0,1440.6666666666665,845700,-1.0,-1.0,-1.0
2023/11/21,1435.6666666666665,1447.3333333333333,1426.0,1435.3333333333333,1007700,-1.0,-1.0,-1.0
2023/11/22,1435.6666666666665,1446.6666666666665,1435.0,1446.3333333333333,669600,-1.0,-1.0,-1.0
2023/11/24,1458.3333333333333,1458.6666666666665,1444.3333333333333,1446.6666666666665,801600,-1.0,-1.0,-1.0
2023/11/27,1460.3333333333333,1470.3333333333333,1450.0,1462.6666666666665,827400,-1.0,-1.0,-1.0
2023/11/28,1469.6666666666665,1476.3333333333333,1467.0,1473.6666666666665,1088100,-1.0,-1.0,-1.0
2023/11/29,1470.0,1473.3333333333333,1456.6666666666665,1464.6666666666665,734100,-1.0,-1.0,-1.0
2023/11/30,1459.0,1473.3333333333333,1445.6666666666665,1464.6666666666665,1184400,-1.0,-1.0,-1.0
2023/12/01,1476.0,1481.6666666666665,1468.6666666666665,1470.0,805200,-1.0,-1.0,-1.0
2023/12/04,1465.6666666666665,1467.0,1456.3333333333333,1456.3333333333333,1076700,-1.0,-1.0,-1.0
2023/12/05,1469.6666666666665,1489.0,1463.3333333333333,1484.3333333333333,1729500,-1.0,-1.0,-1.0
2023/12/06,1480.0,1503.3333333333333,1474.3333333333333,1501.3333333333333,1066500,-1.0,-1.0,-1.0
2023/12/07,1495.6666666666665,1507.3333333333333,1491.3333333333333,1500.3333333333333,1193400,-1.0,-1.0,-1.0
2023/12/08,1494.0,1506.6666666666665,1488.3333333333333,1506.3333333333333,1815600,-1.0,-1.0,-1.0
2023/12/11,1509.0,1517.0,1506.6666666666665,1513.6666666666665,875100,-1.0,-1.0,-1.0
2023/12/12,1521.6666666666665,1526.6666666666665,1511.6666666666665,1518.0,952200,-1.0,-1.0,-1.0
2023/12/13,1515.3333333333333,1521.0,1494.3333333333333,1497.0,931800,-1.0,-1.0,-1.0
2023/12/14,1506.0,1514.6666666666665,1485.3333333333333,1510.6666666666665,1076100,-1.0,-1.0,-1.0
2023/12/15,1498.6666666666665,1504.6666666666665,1482.0,1488.6666666666665,1485300,-1.0,-1.0,-1.0
2023/12/18,1478.6666666666665,1486.0,1467.0,1478.6666666666665,919500,-1.0,-1.0,-1.0
2023/12/19,1502.0,1546.3333333333333,1502.0,1520.6666666666665,1932000,-1.0,-1.0,-1.0
2023/12/20,1533.3333333333333,1545.6666666666665,1528.6666666666665,1537.6666666666665,1333500,-1.0,-1.0,-1.0
2023/12/21,1539.3333333333333,1549.0,1521.0,1521.3333333333333,1236000,-1.0,-1.0,-1.0
2023/12/22,1527.0,1530.0,1514.6666666666665,1529.6666666666665,887700,-1.0,-1.0,-1.0
2023/12/25,1543.3333333333333,1568.6666666666665,1541.6666666666665,1567.3333333333333,1466400,-1.0,-1.0,-1.0
2023/12/26,1580.0,1593.3333333333333,1572.3333333333333,1589.6666666666665,1392300,-1.0,-1.0,-1.0
2023/12/27,1596.0,1607.6666666666665,1592.0,1601.3333333333333,1340700,-1.0,-1.0,-1.0
2023/12/28,1601.6666666666665,1604.6666666666665,1587.6666666666665,1589.3333333333333,815400,-1.0,-1.0,-1.0
2023/12/29,1590.0,1599.6666666666665,1587.3333333333333,1593.3333333333333,976200,-1.0,-1.0,-1.0
2024/01/04,1600.0,1611.0,1588.0,1607.6666666666665,1016100,-1.0,-1.0,-1.0
2024/01/05,1606.6666666666665,1611.0,1600.6666666666665,1604.0,912300,-1.0,-1.0,-1.0
2024/01/09,1616.6666666666665,1642.3333333333333,1611.6666666666665,1640.6666666666665,1358100,-1.0,-1.0,-1.0
2024/01/10,1641.6666666666665,1658.6666666666665,1641.0,1650.0,1549200,-1.0,-1.0,-1.0
2024/01/11,1653.3333333333333,1655.0,1625.3333333333333,1628.6666666666665,1447800,-1.0,-1.0,-1.0
2024/01/12,1662.0,1662.0,1620.6666666666665,1628.0,1680000,-1.0,-1.0,-1.0
2024/01/15,1621.6666666666665,1644.6666666666665,1619.6666666666665,1640.0,973800,-1.0,-1.0,-1.0
2024/01/16,1639.6666666666665,1644.3333333333333,1628.3333333333333,1635.6666666666665,1070400,-1.0,-1.0,-1.0
2024/01/17,1637.0,1657.0,1626.6666666666665,1626.6666666666665,1175400,-1.0,-1.0,-1.0
2024/01/18,1639.0,1668.3333333333333,1634.6666666666665,1658.6666666666665,2217300,-1.0,-1.0,-1.0
2024/01/19,1652.0,1658.3333333333333,1626.6666666666665,1634.3333333333333,1102500,-1.0,-1.0,-1.0
2024/01/22,1641.3333333333333,1651.0,1634.3333333333333,1648.0,879300,-1.0,-1.0,-1.0
2024/01/23,1652.3333333333333,1670.0,1651.6666666666665,1657.0,1088700,-1.0,-1.0,-1.0
2024/01/24,1653.6666666666665,1659.3333333333333,1642.0,1644.6666666666665,814500,-1.0,-1.0,-1.0
2024/01/25,1645.0,1663.6666666666665,1641.6666666666665,1657.3333333333333,762900,-1.0,-1.0,-1.0
2024/01/26,1650.0,1652.6666666666665,1637.3333333333333,1647.6666666666665,847500,-1.0,-1.0,-1.0
2024/01/29,1656.0,1680.0,1656.0,1668.3333333333333,1257000,-1.0,-1.0,-1.0
2024/01/30,1669.0,1684.3333333333333,1656.3333333333333,1663.3333333333333,1241700,-1.0,-1.0,-1.0
2024/01/31,1674.3333333333333,1686.3333333333333,1660.0,1686.0,1134000,-1.0,-1.0,-1.0
2024/02/01,1686.6666666666665,1739.0,1578.0,1720.3333333333333,8299800,-1.0,-1.0,-1.0
2024/02/02,1780.6666666666665,1799.3333333333333,1708.6666666666665,1719.3333333333333,3664500,-1.0,-1.0,-1.0
2024/02/05,1721.0,1730.0,1694.3333333333333,1702.3333333333333,1574400,-1.0,-1.0,-1.0
2024/02/06,1696.0,1732.6666666666665,1695.6666666666665,1726.6666666666665,1328100,-1.0,-1.0,-1.0
2024/02/07,1720.6666666666665,1743.0,1711.6666666666665,1739.3333333333333,1085100,-1.0,-1.0,-1.0
2024/02/08,1733.0,1744.0,1711.6666666666665,1733.6666666666665,1123200,-1.0,-1.0,-1.0
2024/02/09,1739.6666666666665,1748.6666666666665,1726.6666666666665,1741.0,1211700,-1.0,-1.0,-1.0
2024/02/13,1741.0,1759.0,1715.0,1748.3333333333333,1269300,-1.0,-1.0,-1.0
2024/02/14,1759.6666666666665,1768.3333333333333,1744.3333333333333,1749.3333333333333,837000,-1.0,-1.0,-1.0
2024/02/15,1753.3333333333333,1759.6666666666665,1740.3333333333333,1746.3333333333333,776400,-1.0,-1.0,-1.0
2024/02/16,1740.6666666666665,1770.6666666666665,1740.6666666666665,1751.6666666666665,1097400,-1.0,-1.0,-1.0
2024/02/19,1750.3333333333333,1767.3333333333333,1748.3333333333333,1761.3333333333333,642300,-1.0,-1.0,-1.0
2024/02/20,1761.6666666666665,1768.6666666666665,1750.6666666666665,1752.6666666666665,666300,-1.0,-1.0,-1.0
2024/02/21,1765.0,1784.0,1761.3333333333333,1770.3333333333333,965100,-1.0,-1.0,-1.0
2024/02/22,1781.6666666666665,1805.3333333333333,1776.6666666666665,1796.6666666666665,1395000,-1.0,-1.0,-1.0
2024/02/26,1806.6666666666665,1816.3333333333333,1768.6666666666665,1778.3333333333333,971400,-1.0,-1.0,-1.0
2024/02/27,1773.3333333333333,1790.3333333333333,1761.0,1774.6666666666665,1182000,-1.0,-1.0,-1.0
2024/02/28,1773.6666666666665,1781.0,1762.3333333333333,1768.6666666666665,961800,-1.0,-1.0,-1.0
2024/02/29,1762.0,1770.0,1744.6666666666665,1748.6666666666665,1465500,-1.0,-1.0,-1.0
2024/03/01,1746.6666666666665,1775.6666666666665,1745.3333333333333,1770.0,982800,-1.0,-1.0,-1.0
2024/03/04,1760.3333333333333,1778.6666666666665,1748.3333333333333,1755.0,952800,-1.0,-1.0,-1.0
2024/03/05,1751.0,1775.6666666666665,1746.3333333333333,1769.0,1021800,-1.0,-1.0,-1.0
2024/03/06,1775.0,1787.3333333333333,1769.0,1770.3333333333333,1147800,-1.0,-1.0,-1.0
2024/03/07,1782.3333333333333,1789.6666666666665,1769.0,1775.6666666666665,959700,-1.0,-1.0,-1.0
2024/03/08,1780.3333333333333,1786.0,1751.0,1758.0,1793100,-1.0,-1.0,-1.0
2024/03/11,1750.0,1758.6666666666665,1718.6666666666665,1726.6666666666665,1385400,-1.0,-1.0,-1.0
2024/03/12,1730.0,1731.3333333333333,1705.0,1709.0,1130400,-1.0,-1.0,-1.0
2024/03/13,1710.6666666666665,1735.0,1705.6666666666665,1730.6666666666665,1638900,-1.0,-1.0,-1.0
2024/03/14,1731.3333333333333,1737.6666666666665,1722.3333333333333,1735.0,1151700,-1.0,-1.0,-1.0
2024/03/15,1737.3333333333333,1753.0,1732.6666666666665,1747.0,1472700,-1.0,-1.0,-1.0
2024/03/18,1751.3333333333333,1766.3333333333333,1746.3333333333333,1761.6666666666665,1380600,-1.0,-1.0,-1.0
2024/03/19,1750.0,1757.6666666666665,1732.0,1757.6666666666665,2027400,-1.0,-1.0,-1.0
2024/03/21,1755.6666666666665,1779.3333333333333,1747.0,1752.3333333333333,1793700,-1.0,-1.0,-1.0
2024/03/22,1746.0,1756.6666666666665,1738.3333333333333,1753.0,1378500,-1.0,-1.0,-1.0
2024/03/25,1753.6666666666665,1754.3333333333333,1735.3333333333333,1742.0,1536000,-1.0,-1.0,-1.0
2024/03/26,1735.0,1758.3333333333333,1731.6666666666665,1751.3333333333333,1259100,-1.0,-1.0,-1.0
2024/03/27,1755.6666666666665,1766.6666666666665,1753.6666666666665,1758.3333333333333,1665300,-1.0,-1.0,-1.0
2024/03/28,1719.6666666666665,1722.0,1677.0,1687.0,1722300,-1.0,-1.0,-1.0
2024/03/29,1689.6666666666665,1703.0,1681.3333333333333,1696.0,1659000,-1.0,-1.0,-1.0
2024/04/01,1703.3333333333333,1708.3333333333333,1671.0,1672.0,931800,-1.0,-1.0,-1.0
2024/04/02,1670.0,1688.3333333333333,1651.6666666666665,1655.6666666666665,1073400,-1.0,-1.0,-1.0
2024/04/03,1646.6666666666665,1666.3333333333333,1639.0,1661.0,961500,-1.0,-1.0,-1.0
2024/04/04,1661.6666666666665,1666.6666666666665,1651.3333333333333,1658.0,1124700,-1.0,-1.0,-1.0
2024/04/05,1639.0,1657.0,1631.3333333333333,1651.0,1114500,-1.0,-1.0,-1.0
2024/04/08,1665.6666666666665,1684.3333333333333,1662.6666666666665,1676.3333333333333,815700,-1.0,-1.0,-1.0
2024/04/09,1676.6666666666665,1697.3333333333333,1672.0,1689.6666666666665,921900,-1.0,-1.0,-1.0
2024/04/10,1693.0,1707.3333333333333,1689.0,1697.3333333333333,675600,-1.0,-1.0,-1.0
2024/04/11,1673.3333333333333,1685.3333333333333,1666.6666666666665,1682.0,663300,-1.0,-1.0,-1.0
2024/04/12,1700.0,1707.6666666666665,1687.6666666666665,1702.0,1061100,-1.0,-1.0,-1.0
2024/04/15,1688.0,1720.6666666666665,1684.6666666666665,1717.6666666666665,1010700,-1.0,-1.0,-1.0
2024/04/16,1719.3333333333333,1724.0,1690.6666666666665,1698.6666666666665,837000,-1.0,-1.0,-1.0
2024/04/17,1693.3333333333333,1698.3333333333333,1672.6666666666665,1678.0,866100,-1.0,-1.0,-1.0
2024/04/18,1688.0,1728.6666666666665,1681.3333333333333,1721.6666666666665,1190400,-1.0,-1.0,-1.0
2024/04/19,1719.3333333333333,1730.6666666666665,1705.6666666666665,1716.3333333333333,1325400,-1.0,-1.0,-1.0
2024/04/22,1741.3333333333333,1757.3333333333333,1728.3333333333333,1743.6666666666665,1212600,-1.0,-1.0,-1.0
2024/04/23,1743.3333333333333,1749.6666666666665,1727.6666666666665,1748.0,814500,-1.0,-1.0,-1.0
2024/04/24,1743.6666666666665,1746.3333333333333,1720.3333333333333,1731.3333333333333,1143900,-1.0,-1.0,-1.0
2024/04/25,1729.6666666666665,1729.6666666666665,1709.3333333333333,1715.3333333333333,858600,-1.0,-1.0,-1.0
2024/04/26,1700.0,1718.6666666666665,1693.3333333333333,1718.6666666666665,1014000,-1.0,-1.0,-1.0
2024/04/30,1733.3333333333333,1744.3333333333333,1718.3333333333333,1728.3333333333333,639600,-1.0,-1.0,-1.0
2024/05/01,1718.3333333333333,1729.3333333333333,1710.0,1725.6666666666665,693600,-1.0,-1.0,-1.0
2024/05/02,1721.6666666666665,1730.3333333333333,1712.6666666666665,1728.6666666666665,642900,-1.0,-1.0,-1.0
2024/05/07,1720.3333333333333,1720.3333333333333,1691.3333333333333,1704.3333333333333,900600,-1.0,-1.0,-1.0
2024/05/08,1704.3333333333333,1705.0,1682.3333333333333,1695.0,1034700,-1.0,-1.0,-1.0
2024/05/09,1694.6666666666665,1724.0,1686.3333333333333,1709.3333333333333,879000,-1.0,-1.0,-1.0
2024/05/10,1717.6666666666665,1776.0,1618.6666666666665,1663.0,7107300,-1.0,-1.0,-1.0
2024/05/13,1666.6666666666665,1728.3333333333333,1666.6666666666665,1708.6666666666665,1569600,-1.0,-1.0,-1.0
2024/05/14,1699.3333333333333,1720.0,1670.0,1673.0,1064100,-1.0,-1.0,-1.0
2024/05/15,1658.0,1658.0,1626.6666666666665,1634.0,1744200,-1.0,-1.0,-1.0
2024/05/16,1625.6666666666665,1627.3333333333333,1588.0,1615.3333333333333,1617900,-1.0,-1.0,-1.0
2024/05/17,1593.3333333333333,1643.0,1592.3333333333333,1640.0,1472700,-1.0,-1.0,-1.0
2024/05/20,1639.0,1673.0,1630.6666666666665,1647.0,1175100,-1.0,-1.0,-1.0
2024/05/21,1640.3333333333333,1650.6666666666665,1620.0,1620.3333333333333,914400,-1.0,-1.0,-1.0
2024/05/22,1621.3333333333333,1642.6666666666665,1619.0,1627.3333333333333,998400,-1.0,-1.0,-1.0
2024/05/23,1633.3333333333333,1644.0,1620.3333333333333,1639.6666666666665,717600,-1.0,-1.0,-1.0
2024/05/24,1620.3333333333333,1643.6666666666665,1620.3333333333333,1630.3333333333333,574500,-1.0,-1.0,-1.0
2024/05/27,1631.3333333333333,1643.0,1626.0,1635.3333333333333,507000,-1.0,-1.0,-1.0
2024/05/28,1635.3333333333333,1636.3333333333333,1607.0,1607.0,843000,-1.0,-1.0,-1.0
2024/05/29,1600.0,1605.0,1586.0,1595.3333333333333,1017600,-1.0,-1.0,-1.0
2024/05/30,1582.6666666666665,1605.6666666666665,1579.0,1596.0,778500,-1.0,-1.0,-1.0
2024/05/31,1598.0,1610.0,1591.0,1605.6666666666665,1245300,-1.0,-1.0,-1.0
2024/06/03,1611.6666666666665,1627.0,1611.6666666666665,1616.0,624000,-1.0,-1.0,-1.0
2024/06/04,1607.0,1613.3333333333333,1596.6666666666665,1605.0,987300,-1.0,-1.0,-1.0
2024/06/05,1596.3333333333333,1617.3333333333333,1586.6666666666665,1607.6666666666665,926700,-1.0,-1.0,-1.0
2024/06/06,1626.0,1626.0,1601.6666666666665,1602.3333333333333,734700,-1.0,-1.0,-1.0
2024/06/07,1608.3333333333333,1620.6666666666665,1600.3333333333333,1619.6666666666665,775800,-1.0,-1.0,-1.0
2024/06/10,1622.3333333333333,1626.6666666666665,1610.3333333333333,1625.3333333333333,608100,-1.0,-1.0,-1.0
2024/06/11,1626.3333333333333,1649.6666666666665,1622.3333333333333,1627.0,741300,-1.0,-1.0,-1.0
2024/06/12,1628.6666666666665,1633.0,1592.6666666666665,1593.6666666666665,953100,-1.0,-1.0,-1.0
2024/06/13,1593.0,1594.0,1562.3333333333333,1566.0,940500,-1.0,-1.0,-1.0
2024/06/14,1562.3333333333333,1580.3333333333333,1552.0,1565.0,1957200,-1.0,-1.0,-1.0
2024/06/17,1555.6666666666665,1558.0,1533.3333333333333,1544.6666666666665,1228500,-1.0,-1.0,-1.0
2024/06/18,1556.6666666666665,1560.0,1522.3333333333333,1523.3333333333333,1533300,-1.0,-1.0,-1.0
2024/06/19,1526.3333333333333,1540.0,1524.3333333333333,1540.0,1023900,-1.0,-1.0,-1.0
2024/06/20,1529.0,1533.3333333333333,1511.3333333333333,1519.6666666666665,949800,-1.0,-1.0,-1.0
2024/06/21,1503.3333333333333,1525.3333333333333,1502.3333333333333,1515.3333333333333,1299600,-1.0,-1.0,-1.0
2024/06/24,1589.6666666666665,1603.0,1576.3333333333333,1598.0,2263800,-1.0,-1.0,-1.0
2024/06/25,1614.0,1636.0,1610.6666666666665,1636.0,1340400,-1.0,-1.0,-1.0
2024/06/26,1625.3333333333333,1633.3333333333333,1606.6666666666665,1609.0,1549200,-1.0,-1.0,-1.0
2024/06/27,1600.6666666666665,1615.3333333333333,1592.6666666666665,1611.0,972000,-1.0,-1.0,-1.0
2024/06/28,1595.0,1608.3333333333333,1595.0,1603.3333333333333,986100,-1.0,-1.0,-1.0
2024/07/01,1606.3333333333333,1620.0,1592.3333333333333,1599.3333333333333,874200,-1.0,-1.0,-1.0
2024/07/02,1593.6666666666665,1603.6666666666665,1590.3333333333333,1600.0,959100,-1.0,-1.0,-1.0
2024/07/03,1591.6666666666665,1606.6666666666665,1579.0,1598.6666666666665,794100,-1.0,-1.0,-1.0
2024/07/04,1591.0,1600.3333333333333,1584.6666666666665,1589.0,651300,-1.0,-1.0,-1.0
2024/07/05,1599.3333333333333,1600.3333333333333,1572.0,1573.6666666666665,707700,-1.0,-1.0,-1.0
2024/07/08,1578.0,1578.0,1562.0,1573.0,705600,-1.0,-1.0,-1.0
2024/07/09,1567.6666666666665,1584.3333333333333,1561.6666666666665,1577.3333333333333,891900,-1.0,-1.0,-1.0
2024/07/10,1583.3333333333333,1607.0,1581.0,1602.6666666666665,1251900,-1.0,-1.0,-1.0
2024/07/11,1605.6666666666665,1616.3333333333333,1602.0,1606.3333333333333,1060200,-1.0,-1.0,-1.0
2024/07/12,1600.0,1625.6666666666665,1596.3333333333333,1624.0,1894500,-1.0,-1.0,-1.0
2024/07/16,1623.3333333333333,1637.3333333333333,1619.6666666666665,1630.0,872400,-1.0,-1.0,-1.0
2024/07/17,1641.6666666666665,1643.6666666666665,1624.6666666666665,1627.6666666666665,714000,-1.0,-1.0,-1.0
2024/07/18,1636.6666666666665,1671.6666666666665,1625.0,1663.3333333333333,988500,-1.0,-1.0,-1.0
2024/07/19,1659.6666666666665,1659.6666666666665,1632.0,1643.6666666666665,593100,-1.0,-1.0,-1.0
2024/07/22,1643.6666666666665,1651.6666666666665,1634.0,1649.3333333333333,581700,-1.0,-1.0,-1.0
2024/07/23,1636.0,1654.3333333333333,1636.0,1646.6666666666665,724800,-1.0,-1.0,-1.0
2024/07/24,1646.6666666666665,1653.0,1618.3333333333333,1628.3333333333333,787800,-1.0,-1.0,-1.0
2024/07/25,1616.6666666666665,1660.6666666666665,1610.0,1644.3333333333333,1287900,-1.0,-1.0,-1.0
2024/07/26,1648.0,1653.3333333333333,1622.0,1626.6666666666665,1009200,-1.0,-1.0,-1.0
2024/07/29,1650.0,1661.0,1637.6666666666665,1637.6666666666665,783300,-1.0,-1.0,-1.0
2024/07/30,1644.3333333333333,1647.0,1630.3333333333333,1634.6666666666665,936000,-1.0,-1.0,-1.0
2024/07/31,1611.3333333333333,1668.0,1608.3333333333333,1658.6666666666665,1279500,-1.0,-1.0,-1.0
2024/08/01,1635.3333333333333,1651.3333333333333,1556.0,1574.3333333333333,2007900,-1.0,-1.0,-1.0
2024/08/02,1734.3333333333333,1760.0,1667.0,1684.3333333333333,5269500,-1.0,-1.0,-1.0
2024/08/05,1670.0,1696.3333333333333,1561.0,1585.6666666666665,4062300,-1.0,-1.0,-1.0
2024/08/06,1632.3333333333333,1666.3333333333333,1614.3333333333333,1653.6666666666665,2974800,-1.0,-1.0,-1.0
2024/08/07,1630.3333333333333,1700.0,1625.6666666666665,1656.3333333333333,1755000,-1.0,-1.0,-1.0
2024/08/08,1662.3333333333333,1723.3333333333333,1656.6666666666665,1687.3333333333333,1491600,-1.0,-1.0,-1.0
2024/08/09,1690.3333333333333,1720.3333333333333,1667.6666666666665,1713.0,2310300,-1.0,-1.0,-1.0
2024/08/13,1684.6666666666665,1716.6666666666665,1664.0,1716.6666666666665,1635300,-1.0,-1.0,-1.0
2024/08/14,1750.0,1770.0,1717.3333333333333,1740.0,1929900,-1.0,-1.0,-1.0
2024/08/15,1736.6666666666665,1745.3333333333333,1716.3333333333333,1741.6666666666665,1329900,-1.0,-1.0,-1.0
2024/08/16,1732.0,1754.0,1720.3333333333333,1742.0,1577100,-1.0,-1.0,-1.0
2024/08/19,1755.0,1756.6666666666665,1734.0,1744.3333333333333,1447800,-1.0,-1.0,-1.0
2024/08/20,1744.3333333333333,1781.6666666666665,1739.3333333333333,1771.3333333333333,1340100,-1.0,-1.0,-1.0
2024/08/21,1766.6666666666665,1783.0,1761.3333333333333,1761.3333333333333,806100,-1.0,-1.0,-1.0
2024/08/22,1761.3333333333333,1775.6666666666665,1758.6666666666665,1775.6666666666665,904800,-1.0,-1.0,-1.0
2024/08/23,1775.6666666666665,1790.0,1771.3333333333333,1777.6666666666665,912000,-1.0,-1.0,-1.0
2024/08/26,1783.3333333333333,1826.0,1777.0,1824.6666666666665,1459500,-1.0,-1.0,-1.0
2024/08/27,1826.0,1843.0,1812.0,1843.0,1189800,-1.0,-1.0,-1.0
2024/08/28,1851.6666666666665,1859.6666666666665,1822.3333333333333,1826.3333333333333,961200,-1.0,-1.0,-1.0
2024/08/29,1830.6666666666665,1844.0,1820.3333333333333,1844.0,914700,-1.0,-1.0,-1.0
2024/08/30,1833.0,1838.0,1818.0,1821.3333333333333,1200900,-1.0,-1.0,-1.0
2024/09/02,1816.6666666666665,1831.0,1812.3333333333333,1831.0,762900,-1.0,-1.0,-1.0
2024/09/03,1831.0,1856.0,1830.0,1848.3333333333333,952200,-1.0,-1.0,-1.0
2024/09/04,1837.6666666666665,1854.6666666666665,1800.3333333333333,1805.0,1511400,-1.0,-1.0,-1.0
2024/09/05,1796.3333333333333,1831.0,1787.3333333333333,1822.0,917100,-1.0,-1.0,-1.0
2024/09/06,1846.6666666666665,1859.0,1834.0,1835.6666666666665,1197600,-1.0,-1.0,-1.0
2024/09/09,1824.6666666666665,1849.0,1817.6666666666665,1837.0,1038300,-1.0,-1.0,-1.0
2024/09/10,1844.3333333333333,1873.0,1844.3333333333333,1855.0,1190700,-1.0,-1.0,-1.0
2024/09/11,1853.3333333333333,1853.3333333333333,1789.0,1800.6666666666665,1335600,-1.0,-1.0,-1.0
2024/09/12,1804.0,1819.3333333333333,1790.6666666666665,1810.6666666666665,1116900,-1.0,-1.0,-1.0
2024/09/13,1814.6666666666665,1814.6666666666665,1785.6666666666665,1794.6666666666665,1214700,-1.0,-1.0,-1.0
2024/09/17,1811.3333333333333,1821.6666666666665,1798.6666666666665,1809.3333333333333,936300,-1.0,-1.0,-1.0
2024/09/18,1807.3333333333333,1824.6666666666665,1798.0,1814.0,811800,-1.0,-1.0,-1.0
2024/09/19,1814.0,1830.3333333333333,1800.6666666666665,1809.0,996900,-1.0,-1.0,-1.0
2024/09/20,1815.0,1819.6666666666665,1784.3333333333333,1795.6666666666665,2147400,-1.0,-1.0,-1.0
2024/09/24,1803.3333333333333,1805.6666666666665,1789.6666666666665,1790.6666666666665,1319100,-1.0,-1.0,-1.0
2024/09/25,1784.0,1784.3333333333333,1761.0,1784.0,977100,-1.0,-1.0,-1.0
2024/09/26,1791.6666666666665,1809.0,1791.6666666666665,1800.0,1965300,-1.0,-1.0,-1.0
2024/09/27,1811.3333333333333,1820.0,1797.3333333333333,1813.6666666666665,1251300,-1.0,-1.0,-1.0
2024/09/30,1764.3333333333333,1801.6666666666665,1762.0,1777.6666666666665,1479300,-1.0,-1.0,-1.0
2024/10/01,1778.3333333333333,1781.3333333333333,1761.0,1774.6666666666665,950700,-1.0,-1.0,-1.0
2024/10/02,1780.0,1794.6666666666665,1759.6666666666665,1763.3333333333333,990900,-1.0,-1.0,-1.0
2024/10/03,1796.6666666666665,1806.0,1776.6666666666665,1780.6666666666665,1162800,-1.0,-1.0,-1.0
2024/10/04,1770.3333333333333,1790.6666666666665,1769.6666666666665,1783.3333333333333,769200,-1.0,-1.0,-1.0
2024/10/07,1794.3333333333333,1804.3333333333333,1772.0,1773.3333333333333,918300,-1.0,-1.0,-1.0
2024/10/08,1759.3333333333333,1770.3333333333333,1751.3333333333333,1759.3333333333333,778800,-1.0,-1.0,-1.0
2024/10/09,1760.0,1774.6666666666665,1756.3333333333333,1766.6666666666665,641700,-1.0,-1.0,-1.0
2024/10/10,1766.6666666666665,1772.3333333333333,1760.3333333333333,1760.6666666666665,647100,-1.0,-1.0,-1.0
2024/10/11,1764.0,1767.0,1749.3333333333333,1753.6666666666665,1021500,-1.0,-1.0,-1.0
2024/10/15,1757.6666666666665,1773.0,1750.0,1763.3333333333333,867600,-1.0,-1.0,-1.0
2024/10/16,1764.3333333333333,1783.6666666666665,1750.0,1751.0,1002300,-1.0,-1.0,-1.0
2024/10/17,1749.3333333333333,1758.6666666666665,1735.0,1735.0,904800,-1.0,-1.0,-1.0
2024/10/18,1740.3333333333333,1751.3333333333333,1730.6666666666665,1736.6666666666665,642000,-1.0,-1.0,-1.0
2024/10/21,1736.6666666666665,1739.6666666666665,1728.0,1738.6666666666665,816900,-1.0,-1.0,-1.0
2024/10/22,1734.3333333333333,1743.6666666666665,1719.3333333333333,1743.3333333333333,1254600,-1.0,-1.0,-1.0
2024/10/23,1743.3333333333333,1753.3333333333333,1727.0,1727.0,735900,-1.0,-1.0,-1.0
2024/10/24,1727.0,1732.3333333333333,1714.6666666666665,1718.3333333333333,1149000,-1.0,-1.0,-1.0
2024/10/25,1715.3333333333333,1725.3333333333333,1701.6666666666665,1720.6666666666665,919800,-1.0,-1.0,-1.0
2024/10/28,1718.0,1733.0,1708.6666666666665,1720.0,848700,-1.0,-1.0,-1.0
2024/10/29,1709.0,1745.6666666666665,1708.3333333333333,1735.6666666666665,839100,-1.0,-1.0,-1.0
2024/10/30,1739.6666666666665,1756.6666666666665,1736.6666666666665,1752.0,1476300,-1.0,-1.0,-1.0
2024/10/31,1764.3333333333333,1769.6666666666665,1755.0,1764.3333333333333,1018500,-1.0,-1.0,-1.0
2024/11/01,1772.6666666666665,1782.3333333333333,1744.6666666666665,1756.6666666666665,1787100,-1.0,-1.0,-1.0
2024/11/05,1563.3333333333333,1609.6666666666665,1556.6666666666665,1584.6666666666665,5475000,-1.0,-1.0,-1.0
2024/11/06,1598.3333333333333,1613.3333333333333,1585.6666666666665,1586.6666666666665,2968500,-1.0,-1.0,-1.0
2024/11/07,1584.6666666666665,1600.3333333333333,1577.3333333333333,1588.0,2222700,-1.0,-1.0,-1.0
2024/11/08,1604.3333333333333,1632.0,1594.3333333333333,1623.6666666666665,2729400,-1.0,-1.0,-1.0
2024/11/11,1626.6666666666665,1650.0,1618.3333333333333,1646.3333333333333,1725600,-1.0,-1.0,-1.0
2024/11/12,1650.0,1659.6666666666665,1642.0,1646.3333333333333,1997700,-1.0,-1.0,-1.0
2024/11/13,1643.6666666666665,1664.0,1642.6666666666665,1654.6666666666665,1454100,-1.0,-1.0,-1.0
2024/11/14,1651.6666666666665,1664.6666666666665,1647.6666666666665,1658.0,1252800,-1.0,-1.0,-1.0
2024/11/15,1658.0,1677.6666666666665,1652.3333333333333,1669.6666666666665,1260900,-1.0,-1.0,-1.0
2024/11/18,1669.6666666666665,1684.0,1661.6666666666665,1676.6666666666665,1335600,-1.0,-1.0,-1.0
2024/11/19,1683.6666666666665,1683.6666666666665,1651.0,1659.6666666666665,1469400,-1.0,-1.0,-1.0
2024/11/20,1652.3333333333333,1677.0,1648.6666666666665,1677.0,1175400,-1.0,-1.0,-1.0
2024/11/21,1680.3333333333333,1694.0,1678.0,1684.0,908400,-1.0,-1.0,-1.0
2024/11/22,1679.3333333333333,1704.0,1666.6666666666665,1695.3333333333333,1260900,-1.0,-1.0,-1.0
2024/11/25,1706.6666666666665,1709.6666666666665,1694.3333333333333,1694.3333333333333,1082400,-1.0,-1.0,-1.0
2024/11/26,1695.0,1710.0,1692.6666666666665,1703.6666666666665,813900,-1.0,-1.0,-1.0
2024/11/27,1703.6666666666665,1709.6666666666665,1698.0,1700.3333333333333,690300,-1.0,-1.0,-1.0
2024/11/28,1705.3333333333333,1730.6666666666665,1705.0,1727.0,840300,-1.0,-1.0,-1.0
2024/11/29,1716.0,1720.6666666666665,1701.6666666666665,1715.0,939000,-1.0,-1.0,-1.0
2024/12/02,1715.0,1723.3333333333333,1710.6666666666665,1715.3333333333333,981000,-1.0,-1.0,-1.0
2024/12/03,1705.0,1729.0,1700.0,1717.3333333333333,1413900,-1.0,-1.0,-1.0
2024/12/04,1717.3333333333333,1730.6666666666665,1703.3333333333333,1709.0,1046100,-1.0,-1.0,-1.0
2024/12/05,1707.6666666666665,1707.6666666666665,1689.6666666666665,1703.6666666666665,1110300,-1.0,-1.0,-1.0
2024/12/06,1704.0,1717.6666666666665,1702.6666666666665,1706.6666666666665,981000,-1.0,-1.0,-1.0
2024/12/09,1706.6666666666665,1706.6666666666665,1690.0,1706.6666666666665,1097700,-1.0,-1.0,-1.0
2024/12/10,1715.0,1716.3333333333333,1690.0,1693.6666666666665,1076700,-1.0,-1.0,-1.0
2024/12/11,1700.0,1707.3333333333333,1697.3333333333333,1698.3333333333333,685200,-1.0,-1.0,-1.0
2024/12/12,1705.3333333333333,1723.3333333333333,1698.3333333333333,1714.0,1028700,-1.0,-1.0,-1.0
2024/12/13,1702.6666666666665,1721.6666666666665,1694.6666666666665,1707.6666666666665,1147500,-1.0,-1.0,-1.0
2024/12/16,1707.6666666666665,1714.0,1692.3333333333333,1692.3333333333333,645300,-1.0,-1.0,-1.0
2024/12/17,1692.3333333333333,1710.3333333333333,1687.6666666666665,1698.0,698400,-1.0,-1.0,-1.0
2024/12/18,1700.0,1703.6666666666665,1688.0,1688.0,567000,-1.0,-1.0,-1.0
2024/12/19,1686.6666666666665,1690.0,1662.6666666666665,1666.0,1277700,-1.0,-1.0,-1.0
2024/12/20,1670.3333333333333,1676.3333333333333,1646.6666666666665,1646.6666666666665,1078800,-1.0,-1.0,-1.0
2024/12/23,1654.0,1661.3333333333333,1642.0,1650.3333333333333,1108200,-1.0,-1.0,-1.0
2024/12/24,1649.6666666666665,1673.3333333333333,1632.0,1668.0,1303500,-1.0,-1.0,-1.0
2024/12/25,1681.6666666666665,1681.6666666666665,1658.0,1666.0,1030200,-1.0,-1.0,-1.0
2024/12/26,1669.6666666666665,1688.6666666666665,1666.6666666666665,1685.3333333333333,792900,-1.0,-1.0,-1.0
2024/12/27,1686.6666666666665,1695.6666666666665,1677.0,1690.6666666666665,923400,-1.0,-1.0,-1.0
2024/12/30,1693.6666666666665,1703.0,1687.0,1698.0,916500,-1.0,-1.0,-1.0
2025/01/06,1674.3333333333333,1690.0,1644.0,1654.6666666666665,1501800,-1.0,-1.0,-1.0
2025/01/07,1656.6666666666665,1660.0,1647.0,1659.3333333333333,1057200,-1.0,-1.0,-1.0
2025/01/08,1659.3333333333333,1659.3333333333333,1632.3333333333333,1632.3333333333333,1053000,-1.0,-1.0,-1.0
2025/01/09,1632.0,1636.3333333333333,1622.0,1634.0,762300,-1.0,-1.0,-1.0
2025/01/10,1642.6666666666665,1647.3333333333333,1623.6666666666665,1625.0,1393800,-1.0,-1.0,-1.0
2025/01/14,1624.0,1627.6666666666665,1611.3333333333333,1619.3333333333333,1328700,-1.0,-1.0,-1.0
2025/01/15,1625.3333333333333,1628.3333333333333,1613.3333333333333,1615.6666666666665,961500,-1.0,-1.0,-1.0
2025/01/16,1611.3333333333333,1619.6666666666665,1607.6666666666665,1612.0,1159200,-1.0,-1.0,-1.0
2025/01/17,1613.3333333333333,1627.3333333333333,1613.3333333333333,1615.3333333333333,1220700,-1.0,-1.0,-1.0
2025/01/20,1611.6666666666665,1649.6666666666665,1611.6666666666665,1636.6666666666665,1222200,-1.0,-1.0,-1.0
2025/01/21,1636.6666666666665,1640.6666666666665,1622.3333333333333,1633.0,792000,-1.0,-1.0,-1.0
2025/01/22,1628.0,1641.0,1628.0,1634.3333333333333,909600,-1.0,-1.0,-1.0
2025/01/23,1616.3333333333333,1647.3333333333333,1611.6666666666665,1640.3333333333333,1266000,-1.0,-1.0,-1.0
2025/01/24,1656.6666666666665,1664.0,1644.0,1654.0,1026000,-1.0,-1.0,-1.0
2025/01/27,1685.3333333333333,1693.3333333333333,1673.3333333333333,1686.0,1029000,-1.0,-1.0,-1.0
2025/01/28,1702.3333333333333,1708.3333333333333,1689.6666666666665,1689.6666666666665,790500,-1.0,-1.0,-1.0
2025/01/29,1683.3333333333333,1698.6666666666665,1680.0,1691.3333333333333,883500,-1.0,-1.0,-1.0
2025/01/30,1700.3333333333333,1710.6666666666665,1693.6666666666665,1709.3333333333333,906900,-1.0,-1.0,-1.0
2025/01/31,1687.0,1709.6666666666665,1674.0,1690.3333333333333,1719600,-1.0,-1.0,-1.0
2025/02/03,1493.6666666666665,1531.0,1467.3333333333333,1505.0,8163600,-1.0,-1.0,-1.0
2025/02/04,1506.6666666666665,1511.0,1478.3333333333333,1480.0,3708600,-1.0,-1.0,-1.0
2025/02/05,1467.3333333333333,1488.0,1464.3333333333333,1477.0,2315400,-1.0,-1.0,-1.0
2025/02/06,1477.0,1492.3333333333333,1476.6666666666665,1488.3333333333333,1591200,-1.0,-1.0,-1.0
2025/02/07,1489.0,1492.6666666666665,1473.6666666666665,1480.3333333333333,1257600,-1.0,-1.0,-1.0
2025/02/10,1483.3333333333333,1498.0,1477.6666666666665,1498.0,1009800,-1.0,-1.0,-1.0
2025/02/12,1506.0,1506.0,1467.0,1473.0,2207400,-1.0,-1.0,-1.0
2025/02/13,1487.3333333333333,1493.6666666666665,1479.3333333333333,1493.6666666666665,1552500,-1.0,-1.0,-1.0
2025/02/14,1497.0,1499.3333333333333,1483.3333333333333,1498.3333333333333,1398000,-1.0,-1.0,-1.0
2025/02/17,1501.0,1506.3333333333333,1481.6666666666665,1483.0,1382400,-1.0,-1.0,-1.0
2025/02/18,1483.0,1483.3333333333333,1462.6666666666665,1476.0,1197600,-1.0,-1.0,-1.0
2025/02/19,1486.3333333333333,1501.0,1483.0,1491.6666666666665,1044600,-1.0,-1.0,-1.0
2025/02/20,1493.3333333333333,1497.6666666666665,1482.0,1497.6666666666665,1023300,-1.0,-1.0,-1.0
2025/02/21,1497.6666666666665,1504.0,1489.3333333333333,1493.6666666666665,1093800,-1.0,-1.0,-1.0
2025/02/25,1500.0,1502.0,1489.0,1499.6666666666665,1053900,-1.0,-1.0,-1.0
2025/02/26,1504.6666666666665,1514.3333333333333,1500.0,1512.6666666666665,1431900,-1.0,-1.0,-1.0
2025/02/27,1514.3333333333333,1523.0,1503.6666666666665,1520.3333333333333,1230000,-1.0,-1.0,-1.0
2025/02/28,1522.6666666666665,1531.3333333333333,1510.3333333333333,1514.0,1589400,-1.0,-1.0,-1.0
2025/03/03,1527.3333333333333,1538.0,1521.0,1538.0,974100,-1.0,-1.0,-1.0
2025/03/04,1545.0,1559.0,1536.3333333333333,1552.3333333333333,1316400,-1.0,-1.0,-1.0
2025/03/05,1542.3333333333333,1558.6666666666665,1541.0,1558.6666666666665,1140600,-1.0,-1.0,-1.0
2025/03/06,1561.6666666666665,1572.6666666666665,1558.6666666666665,1566.6666666666665,1029000,-1.0,-1.0,-1.0
2025/03/07,1568.6666666666665,1577.6666666666665,1561.3333333333333,1575.6666666666665,1068000,-1.0,-1.0,-1.0
2025/03/10,1592.3333333333333,1592.3333333333333,1573.3333333333333,1574.6666666666665,774600,-1.0,-1.0,-1.0
2025/03/11,1572.6666666666665,1577.6666666666665,1567.3333333333333,1575.6666666666665,984000,-1.0,-1.0,-1.0
2025/03/12,1556.0,1595.0,1551.6666666666665,1588.0,1254000,-1.0,-1.0,-1.0
2025/03/13,1590.0,1605.3333333333333,1587.0,1592.3333333333333,1132800,-1.0,-1.0,-1.0
2025/03/14,1581.3333333333333,1602.3333333333333,1581.0,1590.3333333333333,1376100,-1.0,-1.0,-1.0
2025/03/17,1593.0,1613.6666666666665,1591.0,1607.6666666666665,923100,-1.0,-1.0,-1.0
2025/03/18,1633.0,1653.3333333333333,1630.0,1647.3333333333333,1401300,-1.0,-1.0,-1.0
2025/03/19,1646.6666666666665,1666.3333333333333,1645.3333333333333,1661.0,1237500,-1.0,-1.0,-1.0
2025/03/21,1650.3333333333333,1672.3333333333333,1650.3333333333333,1672.3333333333333,2718900,-1.0,-1.0,-1.0
2025/03/24,1682.3333333333333,1700.6666666666665,1672.3333333333333,1692.0,1248000,-1.0,-1.0,-1.0
2025/03/25,1690.0,1703.3333333333333,1685.3333333333333,1699.0,1351200,-1.0,-1.0,-1.0
2025/03/26,1696.6666666666665,1701.6666666666665,1679.0,1679.0,1654200,-1.0,-1.0,-1.0
2025/03/27,1700.3333333333333,1708.0,1692.6666666666665,1703.6666666666665,1874400,-1.0,-1.0,-1.0
2025/03/28,1666.6666666666665,1689.3333333333333,1656.6666666666665,1687.6666666666665,2462700,-1.0,-1.0,-1.0
2025/03/31,1637.3333333333333,1680.0,1636.6666666666665,1670.6666666666665,1995600,-1.0,-1.0,-1.0
2025/04/01,1681.6666666666665,1702.6666666666665,1679.6666666666665,1684.3333333333333,1809900,-1.0,-1.0,-1.0
2025/04/02,1685.3333333333333,1690.3333333333333,1663.3333333333333,1673.3333333333333,1123800,-1.0,-1.0,-1.0
2025/04/03,1640.0,1690.0,1638.3333333333333,1686.3333333333333,1990800,-1.0,-1.0,-1.0
2025/04/04,1693.3333333333333,1717.6666666666665,1688.6666666666665,1701.0,1907100,-1.0,-1.0,-1.0
2025/04/07,1617.3333333333333,1663.0,1593.6666666666665,1619.3333333333333,2370300,-1.0,-1.0,-1.0
2025/04/08,1621.6666666666665,1681.0,1610.0,1674.0,1488300,-1.0,-1.0,-1.0
2025/04/09,1657.6666666666665,1666.6666666666665,1633.3333333333333,1651.0,1422300,-1.0,-1.0,-1.0
2025/04/10,1699.3333333333333,1723.6666666666665,1666.6666666666665,1723.6666666666665,2014500,-1.0,-1.0,-1.0
2025/04/11,1670.6666666666665,1718.3333333333333,1667.6666666666665,1698.6666666666665,1790400,-1.0,-1.0,-1.0
2025/04/14,1710.0,1744.6666666666665,1709.3333333333333,1726.0,1402500,-1.0,-1.0,-1.0
2025/04/15,1728.0,1739.0,1723.0,1731.0,723600,-1.0,-1.0,-1.0
2025/04/16,1744.0,1756.0,1737.3333333333333,1749.0,926100,-1.0,-1.0,-1.0
2025/04/17,1752.3333333333333,1765.0,1743.6666666666665,1753.3333333333333,813000,-1.0,-1.0,-1.0
2025/04/18,1766.6666666666665,1776.6666666666665,1756.6666666666665,1776.6666666666665,655800,-1.0,-1.0,-1.0
2025/04/21,1778.6666666666665,1821.6666666666665,1775.3333333333333,1807.6666666666665,1225500,-1.0,-1.0,-1.0
2025/04/22,1816.6666666666665,1843.0,1809.3333333333333,1832.3333333333333,1326600,-1.0,-1.0,-1.0
2025/04/23,1840.0,1846.3333333333333,1826.0,1831.6666666666665,1219800,-1.0,-1.0,-1.0
2025/04/24,1817.3333333333333,1817.6666666666665,1770.6666666666665,1778.3333333333333,1531500,-1.0,-1.0,-1.0
2025/04/25,1756.6666666666665,1781.3333333333333,1748.0,1770.3333333333333,1452600,-1.0,-1.0,-1.0
2025/04/28,1756.6666666666665,1785.6666666666665,1752.0,1785.6666666666665,1227900,-1.0,-1.0,-1.0
2025/04/30,1776.6666666666665,1795.0,1762.6666666666665,1795.0,1533300,-1.0,-1.0,-1.0
2025/05/01,1798.3333333333333,1820.0,1791.3333333333333,1809.0,1197600,-1.0,-1.0,-1.0
2025/05/02,1799.6666666666665,1824.3333333333333,1797.6666666666665,1820.6666666666665,1126200,-1.0,-1.0,-1.0
2025/05/07,1822.6666666666665,1843.3333333333333,1819.3333333333333,1833.0,1440600,-1.0,-1.0,-1.0
2025/05/08,1840.0,1841.0,1814.6666666666665,1833.3333333333333,1346100,-1.0,-1.0,-1.0
2025/05/09,1834.6666666666665,1840.6666666666665,1813.0,1834.6666666666665,1960200,-1.0,-1.0,-1.0
2025/05/12,1808.6666666666665,1813.0,1752.3333333333333,1774.6666666666665,3803400,-1.0,-1.0,-1.0
2025/05/13,1769.3333333333333,1773.6666666666665,1735.3333333333333,1761.6666666666665,2473500,-1.0,-1.0,-1.0
2025/05/14,1739.6666666666665,1747.0,1711.0,1726.6666666666665,1583700,-1.0,-1.0,-1.0
2025/05/15,1708.3333333333333,1750.0,1707.3333333333333,1737.6666666666665,1342800,-1.0,-1.0,-1.0
2025/05/16,1757.0,1760.6666666666665,1728.6666666666665,1736.0,1047600,-1.0,-1.0,-1.0
2025/05/19,1746.6666666666665,1783.0,1740.6666666666665,1774.6666666666665,1323300,-1.0,-1.0,-1.0
2025/05/20,1758.3333333333333,1764.0,1721.3333333333333,1727.0,1178700,-1.0,-1.0,-1.0
2025/05/21,1730.0,1735.3333333333333,1722.0,1724.3333333333333,1195500,-1.0,-1.0,-1.0
2025/05/22,1716.0,1726.6666666666665,1692.6666666666665,1696.0,1276800,-1.0,-1.0,-1.0
2025/05/23,1692.0,1697.0,1683.0,1686.3333333333333,1018200,-1.0,-1.0,-1.0
2025/05/26,1690.0,1705.0,1683.0,1685.3333333333333,602400,-1.0,-1.0,-1.0
2025/05/27,1679.3333333333333,1685.3333333333333,1675.6666666666665,1680.3333333333333,866400,-1.0,-1.0,-1.0
2025/05/28,1690.3333333333333,1694.0,1679.3333333333333,1683.3333333333333,831300,-1.0,-1.0,-1.0
2025/05/29,1678.3333333333333,1686.3333333333333,1674.6666666666665,1683.3333333333333,882300,-1.0,-1.0,-1.0
2025/05/30,1680.0,1694.3333333333333,1675.3333333333333,1694.3333333333333,1276500,-1.0,-1.0,-1.0
2025/06/02,1683.3333333333333,1697.6666666666665,1681.6666666666665,1695.0,811500,-1.0,-1.0,-1.0
2025/06/03,1695.0,1706.3333333333333,1687.3333333333333,1699.6666666666665,732600,-1.0,-1.0,-1.0
2025/06/04,1693.6666666666665,1718.6666666666665,1693.6666666666665,1703.3333333333333,1172700,-1.0,-1.0,-1.0
2025/06/05,1700.6666666666665,1708.3333333333333,1687.3333333333333,1688.3333333333333,885600,-1.0,-1.0,-1.0
2025/06/06,1688.3333333333333,1698.0,1677.6666666666665,1684.6666666666665,867000,-1.0,-1.0,-1.0
2025/06/09,1687.3333333333333,1695.0,1680.6666666666665,1687.6666666666665,936000,-1.0,-1.0,-1.0
2025/06/10,1700.0,1701.3333333333333,1686.6666666666665,1689.6666666666665,993600,-1.0,-1.0,-1.0
2025/06/11,1687.0,1697.3333333333333,1686.6666666666665,1694.3333333333333,621000,-1.0,-1.0,-1.0
2025/06/12,1688.0,1696.6666666666665,1666.3333333333333,1676.6666666666665,1101300,-1.0,-1.0,-1.0
2025/06/13,1680.6666666666665,1684.0,1664.3333333333333,1675.3333333333333,1343400,-1.0,-1.0,-1.0
2025/06/16,1697.0,1714.3333333333333,1693.0,1708.3333333333333,1226400,-1.0,-1.0,-1.0
2025/06/17,1693.3333333333333,1704.3333333333333,1691.6666666666665,1698.3333333333333,655800,-1.0,-1.0,-1.0
2025/06/18,1692.0,1702.3333333333333,1688.6666666666665,1690.3333333333333,814500,-1.0,-1.0,-1.0
2025/06/19,1697.6666666666665,1699.6666666666665,1673.6666666666665,1680.0,659400,-1.0,-1.0,-1.0
2025/06/20,1696.0,1696.0,1664.6666666666665,1664.6666666666665,1614600,-1.0,-1.0,-1.0
2025/06/23,1661.3333333333333,1663.3333333333333,1648.6666666666665,1652.3333333333333,807600,-1.0,-1.0,-1.0
2025/06/24,1660.0,1664.0,1649.3333333333333,1659.3333333333333,901500,-1.0,-1.0,-1.0
2025/06/25,1644.0,1655.0,1634.0,1650.0,1095900,-1.0,-1.0,-1.0
2025/06/26,1646.0,1661.6666666666665,1646.0,1659.3333333333333,1120200,-1.0,-1.0,-1.0
2025/06/27,1661.0,1663.6666666666665,1650.3333333333333,1651.6666666666665,1045200,-1.0,-1.0,-1.0
2025/06/30,1667.6666666666665,1671.0,1659.6666666666665,1664.0,1290300,-1.0,-1.0,-1.0
2025/07/01,1673.6666666666665,1683.0,1657.6666666666665,1667.0,1243800,-1.0,-1.0,-1.0
2025/07/02,1673.3333333333333,1725.6666666666665,1669.0,1720.3333333333333,2249100,-1.0,-1.0,-1.0
2025/07/03,1653.6666666666665,1657.6666666666665,1634.0,1638.6666666666665,4099500,-1.0,-1.0,-1.0
2025/07/04,1642.0,1659.6666666666665,1637.0,1652.3333333333333,2084700,-1.0,-1.0,-1.0
2025/07/07,1657.0,1664.0,1649.6666666666665,1650.3333333333333,1248300,-1.0,-1.0,-1.0
2025/07/08,1667.0,1673.0,1631.6666666666665,1632.3333333333333,1876200,-1.0,-1.0,-1.0
2025/07/09,1630.6666666666665,1642.6666666666665,1627.6666666666665,1640.6666666666665,1228800,-1.0,-1.0,-1.0
2025/07/10,1649.0,1649.3333333333333,1623.3333333333333,1625.3333333333333,1453800,-1.0,-1.0,-1.0
2025/07/11,1636.0,1641.0,1627.0,1630.3333333333333,1298400,-1.0,-1.0,-1.0
2025/07/14,1630.0,1637.6666666666665,1622.0,1623.3333333333333,1767000,-1.0,-1.0,-1.0
2025/07/15,1623.0,1662.3333333333333,1618.6666666666665,1652.6666666666665,3765000,-1.0,-1.0,-1.0
2025/07/16,1610.0,1634.0,1594.3333333333333,1628.3333333333333,10416900,-1.0,-1.0,-1.0
2025/07/17,1641.6666666666665,1642.0,1620.3333333333333,1631.0,2532600,-1.0,-1.0,-1.0
2025/07/18,1638.3333333333333,1651.0,1634.3333333333333,1649.6666666666665,3123300,-1.0,-1.0,-1.0
2025/07/22,1636.3333333333333,1661.0,1619.0,1624.0,6329400,-1.0,-1.0,-1.0
2025/07/23,1629.0,1654.3333333333333,1622.6666666666665,1643.3333333333333,2809500,-1.0,-1.0,-1.0
2025/07/24,1646.6666666666665,1654.3333333333333,1639.0,1639.0,1610400,-1.0,-1.0,-1.0
2025/07/25,1650.0,1656.0,1643.3333333333333,1644.6666666666665,1369800,-1.0,-1.0,-1.0
2025/07/28,1653.3333333333333,1673.6666666666665,1650.3333333333333,1659.6666666666665,2036100,-1.0,-1.0,-1.0
2025/07/29,1659.6666666666665,1667.6666666666665,1651.6666666666665,1653.6666666666665,1902900,-1.0,-1.0,-1.0
2025/07/30,1652.0,1674.3333333333333,1647.6666666666665,1674.3333333333333,1656300,-1.0,-1.0,-1.0
2025/07/31,1684.3333333333333,1703.3333333333333,1675.3333333333333,1699.3333333333333,2873700,-1.0,-1.0,-1.0
2025/08/01,1709.0,1722.0,1703.6666666666665,1712.3333333333333,2061300,-1.0,-1.0,-1.0
2025/08/04,1668.3333333333333,1734.0,1666.6666666666665,1711.0,4241700,-1.0,-1.0,-1.0
2025/08/05,1711.0,1760.0,1705.6666666666665,1749.6666666666665,3343500,-1.0,-1.0,-1.0
2025/08/06,1749.6666666666665,1774.3333333333333,1740.3333333333333,1763.6666666666665,2512500,-1.0,-1.0,-1.0
2025/08/07,1766.6666666666665,1780.6666666666665,1761.3333333333333,1774.6666666666665,2332800,-1.0,-1.0,-1.0
2025/08/08,1781.6666666666665,1821.3333333333333,1776.0,1817.3333333333333,2323500,-1.0,-1.0,-1.0
2025/08/12,1813.3333333333333,1845.3333333333333,1810.3333333333333,1828.3333333333333,1821000,-1.0,-1.0,-1.0
2025/08/13,1824.6666666666665,1824.6666666666665,1805.0,1818.6666666666665,1483800,-1.0,-1.0,-1.0
2025/08/14,1818.6666666666665,1835.0,1817.6666666666665,1822.0,1225500,-1.0,-1.0,-1.0
2025/08/15,1817.6666666666665,1825.0,1800.0,1824.3333333333333,1055100,-1.0,-1.0,-1.0
2025/08/18,1825.0,1853.3333333333333,1825.0,1832.6666666666665,1114500,-1.0,-1.0,-1.0
2025/08/19,1833.3333333333333,1855.0,1831.0,1851.6666666666665,956400,-1.0,-1.0,-1.0
2025/08/20,1866.6666666666665,1916.6666666666665,1856.6666666666665,1894.0,2576100,-1.0,-1.0,-1.0
2025/08/21,1900.0,1904.0,1868.3333333333333,1875.3333333333333,1173900,-1.0,-1.0,-1.0
2025/08/22,1875.3333333333333,1896.6666666666665,1872.0,1889.6666666666665,1046400,-1.0,-1.0,-1.0
2025/08/25,1887.6666666666665,1891.3333333333333,1870.3333333333333,1879.0,1175400,-1.0,-1.0,-1.0
2025/08/26,1880.6666666666665,1885.0,1863.0,1870.3333333333333,1293900,-1.0,-1.0,-1.0
2025/08/27,1870.0,1876.6666666666665,1861.0,1863.6666666666665,1221900,-1.0,-1.0,-1.0
2025/08/28,1876.6666666666665,1890.0,1863.6666666666665,1884.6666666666665,2573400,-1.0,-1.0,-1.0
2025/08/29,1869.6666666666665,1880.6666666666665,1849.0,1855.0,1160400,-1.0,-1.0,-1.0
2025/09/01,1851.0,1893.0,1850.6666666666665,1878.0,1144800,-1.0,-1.0,-1.0
2025/09/02,1878.0,1893.6666666666665,1867.3333333333333,1891.6666666666665,1107600,-1.0,-1.0,-1.0
2025/09/03,1895.0,1920.0,1889.3333333333333,1911.3333333333333,1407600,-1.0,-1.0,-1.0
2025/09/04,1914.3333333333333,1932.6666666666665,1907.0,1932.6666666666665,1105200,-1.0,-1.0,-1.0
2025/09/05,1922.6666666666665,1932.6666666666665,1910.3333333333333,1916.3333333333333,1212000,-1.0,-1.0,-1.0
2025/09/08,1931.6666666666665,1946.3333333333333,1923.0,1931.0,1329300,-1.0,-1.0,-1.0
2025/09/09,1933.3333333333333,1946.6666666666665,1919.6666666666665,1927.0,1150200,-1.0,-1.0,-1.0
2025/09/10,1950.0,1959.0,1939.3333333333333,1958.0,1470000,-1.0,-1.0,-1.0
2025/09/11,1954.3333333333333,1972.3333333333333,1939.3333333333333,1956.0,1261200,-1.0,-1.0,-1.0
2025/09/12,1971.3333333333333,1971.3333333333333,1939.0,1946.3333333333333,2019600,-1.0,-1.0,-1.0
2025/09/16,1934.3333333333333,1946.3333333333333,1916.0,1936.0,1629300,-1.0,-1.0,-1.0
2025/09/17,1945.0,1959.6666666666665,1928.3333333333333,1928.3333333333333,861600,-1.0,-1.0,-1.0
2025/09/18,1954.3333333333333,1959.3333333333333,1935.3333333333333,1948.6666666666665,1301700,-1.0,-1.0,-1.0
2025/09/19,1948.3333333333333,1956.6666666666665,1932.3333333333333,1932.6666666666665,1942500,-1.0,-1.0,-1.0
2025/09/22,1931.3333333333333,1945.0,1923.6666666666665,1934.6666666666665,1056600,-1.0,-1.0,-1.0
2025/09/24,1965.0,1970.6666666666665,1929.0,1929.0,1256100,-1.0,-1.0,-1.0
2025/09/25,1958.0,1958.0,1934.6666666666665,1936.6666666666665,1188900,-1.0,-1.0,-1.0
2025/09/26,1944.3333333333333,1981.6666666666665,1937.6666666666665,1981.6666666666665,1920900,-1.0,-1.0,-1.0
2025/09/29,1960.3333333333333,1977.6666666666665,1948.3333333333333,1956.3333333333333,1389000,-1.0,-1.0,-1.0
2025/09/30,1946.6666666666665,1955.0,1936.6666666666665,1954.6666666666665,1128000,-1.0,-1.0,-1.0
2025/10/01,1955.3333333333333,1977.0,1949.6666666666665,1973.6666666666665,1743900,-1.0,-1.0,-1.0
2025/10/02,1983.3333333333333,1996.0,1967.0,1985.3333333333333,1491600,-1.0,-1.0,-1.0
2025/10/03,1962.0,1981.3333333333333,1954.3333333333333,1954.6666666666665,1193400,-1.0,-1.0,-1.0
2025/10/06,1983.3333333333333,1999.3333333333333,1976.0,1978.6666666666665,1525500,-1.0,-1.0,-1.0
2025/10/07,1978.6666666666665,2007.6666666666665,1969.0,1993.6666666666665,1598100,-1.0,-1.0,-1.0
2025/10/08,2011.6666666666665,2022.3333333333333,1995.6666666666665,1995.6666666666665,1110000,-1.0,-1.0,-1.0
2025/10/09,1987.0,1987.6666666666665,1941.6666666666665,1943.3333333333333,1311000,-1.0,-1.0,-1.0
2025/10/10,1945.6666666666665,1954.0,1925.0,1941.3333333333333,1588800,-1.0,-1.0,-1.0
2025/10/14,1908.0,1933.3333333333333,1893.6666666666665,1915.0,1453800,-1.0,-1.0,-1.0
2025/10/15,1927.3333333333333,1939.6666666666665,1917.6666666666665,1926.0,1042200,-1.0,-1.0,-1.0
2025/10/16,1923.3333333333333,1929.3333333333333,1890.0,1891.0,1104300,-1.0,-1.0,-1.0
2025/10/17,1883.6666666666665,1901.3333333333333,1876.6666666666665,1893.6666666666665,1194900,-1.0,-1.0,-1.0
2025/10/20,1925.0,1933.3333333333333,1911.3333333333333,1914.3333333333333,1071600,-1.0,-1.0,-1.0
2025/10/21,1914.3333333333333,1921.6666666666665,1900.0,1900.0,939600,-1.0,-1.0,-1.0
2025/10/22,1893.6666666666665,1934.3333333333333,1893.3333333333333,1914.6666666666665,1204800,-1.0,-1.0,-1.0
2025/10/23,1926.6666666666665,1940.0,1917.0,1924.6666666666665,1051800,-1.0,-1.0,-1.0
2025/10/24,1925.6666666666665,1933.0,1914.3333333333333,1927.0,995400,-1.0,-1.0,-1.0
2025/10/27,1927.6666666666665,1941.3333333333333,1925.6666666666665,1926.0,992400,-1.0,-1.0,-1.0
2025/10/28,1925.3333333333333,1932.0,1912.0,1915.3333333333333,1021200,-1.0,-1.0,-1.0
2025/10/29,1907.0,1926.3333333333333,1869.6666666666665,1869.6666666666665,1069800,-1.0,-1.0,-1.0
2025/10/30,1856.3333333333333,1896.3333333333333,1849.0,1896.3333333333333,2965800,-1.0,-1.0,-1.0
2025/10/31,1907.6666666666665,1914.6666666666665,1891.3333333333333,1893.3333333333333,1197900,-1.0,-1.0,-1.0
2025/11/04,1891.6666666666665,1924.6666666666665,1887.3333333333333,1897.6666666666665,2599200,-1.0,-1.0,-1.0
2025/11/05,2097.6666666666665,2164.6666666666665,2033.0,2145.6666666666665,7937400,-1.0,-1.0,-1.0
2025/11/06,2131.0,2192.333333333333,2130.0,2142.6666666666665,3226500,-1.0,-1.0,-1.0
2025/11/07,2176.0,2193.333333333333,2142.6666666666665,2190.6666666666665,1899600,-1.0,-1.0,-1.0
2025/11/10,2196.6666666666665,2203.333333333333,2170.0,2183.0,1544100,-1.0,-1.0,-1.0
2025/11/11,2166.6666666666665,2174.333333333333,2140.6666666666665,2174.0,1151700,-1.0,-1.0,-1.0
2025/11/12,2193.333333333333,2215.0,2176.333333333333,2185.6666666666665,1107000,-1.0,-1.0,-1.0
2025/11/13,2195.6666666666665,2216.6666666666665,2190.0,2216.6666666666665,1159200,-1.0,-1.0,-1.0
2025/11/14,2234.333333333333,2260.0,2212.6666666666665,2259.6666666666665,1712400,-1.0,-1.0,-1.0
2025/11/17,2246.333333333333,2266.333333333333,2242.333333333333,2242.333333333333,1377600,-1.0,-1.0,-1.0
2025/11/18,2263.0,2289.333333333333,2247.333333333333,2278.333333333333,1683900,-1.0,-1.0,-1.0
2025/11/19,2299.6666666666665,2345.0,2294.0,2319.333333333333,2310300,-1.0,-1.0,-1.0
2025/11/20,2304.0,2326.0,2291.0,2293.0,1386300,-1.0,-1.0,-1.0
2025/11/21,2333.333333333333,2340.0,2309.333333333333,2313.0,1707000,-1.0,-1.0,-1.0
2025/11/25,2319.333333333333,2330.0,2294.6666666666665,2314.0,1290600,-1.0,-1.0,-1.0
2025/11/26,2314.0,2353.333333333333,2307.0,2353.333333333333,1196400,-1.0,-1.0,-1.0
2025/11/27,2345.0,2354.333333333333,2311.6666666666665,2311.6666666666665,1087200,-1.0,-1.0,-1.0
2025/11/28,2318.6666666666665,2335.0,2302.0,2302.0,1149600,-1.0,-1.0,-1.0
2025/12/01,2307.333333333333,2318.6666666666665,2280.0,2293.6666666666665,1713600,-1.0,-1.0,-1.0
2025/12/02,2293.333333333333,2312.0,2270.333333333333,2311.6666666666665,942600,-1.0,-1.0,-1.0
2025/12/03,2288.6666666666665,2307.0,2276.6666666666665,2287.6666666666665,830400,-1.0,-1.0,-1.0
2025/12/04,2267.0,2280.0,2245.0,2245.6666666666665,1606500,-1.0,-1.0,-1.0
2025/12/05,2255.0,2260.6666666666665,2224.0,2224.0,1245600,-1.0,-1.0,-1.0
2025/12/08,2231.6666666666665,2247.333333333333,2218.6666666666665,2225.333333333333,959400,-1.0,-1.0,-1.0
2025/12/09,2230.0,2238.0,2211.333333333333,2212.333333333333,951000,-1.0,-1.0,-1.0
2025/12/10,2245.6666666666665,2247.0,2225.6666666666665,2239.6666666666665,1056600,-1.0,-1.0,-1.0
2025/12/11,2247.333333333333,2255.333333333333,2221.6666666666665,2234.6666666666665,1095300,-1.0,-1.0,-1.0
2025/12/12,2233.333333333333,2242.333333333333,2214.6666666666665,2236.6666666666665,1167600,-1.0,-1.0,-1.0
2025/12/15,2240.0,2260.0,2234.333333333333,2248.6666666666665,1156200,-1.0,-1.0,-1.0
2025/12/16,2259.0,2278.333333333333,2247.6666666666665,2274.0,1122000,-1.0,-1.0,-1.0
2025/12/17,2293.333333333333,2312.6666666666665,2255.0,2258.6666666666665,1116600,-1.0,-1.0,-1.0
2025/12/18,2278.333333333333,2289.333333333333,2270.6666666666665,2276.333333333333,940500,-1.0,-1.0,-1.0
2025/12/19,2276.6666666666665,2288.333333333333,2267.0,2275.333333333333,1239300,-1.0,-1.0,-1.0
2025/12/22,2247.0,2270.0,2169.333333333333,2201.0,2201700,-1.0,-1.0,-1.0
2025/12/23,2214.333333333333,2219.6666666666665,2201.0,2208.0,1405200,-1.0,-1.0,-1.0
2025/12/24,2226.0,2231.6666666666665,2185.0,2195.6666666666665,1106400,-1.0,-1.0,-1.0
2025/12/25,2202.0,2202.0,2177.0,2177.6666666666665,720000,-1.0,-1.0,-1.0
2025/12/26,2177.333333333333,2187.333333333333,2174.0,2178.6666666666665,791100,-1.0,-1.0,-1.0
2025/12/29,2180.6666666666665,2181.333333333333,2155.0,2176.333333333333,1036500,-1.0,-1.0,-1.0
2025/12/30,2173.0,2190.6666666666665,2170.6666666666665,2185.6666666666665,1158300,-1.0,-1.0,-1.0
2026/01/05,2185.6666666666665,2222.0,2185.6666666666665,2211.0,1455300,-1.0,-1.0,-1.0
2026/01/06,2195.333333333333,2228.6666666666665,2187.333333333333,2220.0,1634400,-1.0,-1.0,-1.0
2026/01/07,2206.333333333333,2232.333333333333,2194.6666666666665,2217.6666666666665,1758600,-1.0,-1.0,-1.0
2026/01/08,2206.6666666666665,2250.0,2196.0,2234.6666666666665,1664700,-1.0,-1.0,-1.0
2026/01/09,2247.333333333333,2264.0,2234.6666666666665,2250.6666666666665,1502400,-1.0,-1.0,-1.0
2026/01/13,2253.6666666666665,2313.333333333333,2252.0,2287.333333333333,1677000,-1.0,-1.0,-1.0
2026/01/14,2297.6666666666665,2328.0,2280.0,2299.0,1603500,-1.0,-1.0,-1.0
2026/01/15,2303.333333333333,2328.333333333333,2290.0,2302.6666666666665,1167900,-1.0,-1.0,-1.0
2026/01/16,2276.6666666666665,2301.333333333333,2256.6666666666665,2285.333333333333,1195500,-1.0,-1.0,-1.0
2026/01/19,2311.6666666666665,2361.333333333333,2305.6666666666665,2354.0,1796400,-1.0,-1.0,-1.0
2026/01/20,2361.6666666666665,2415.6666666666665,2355.0,2406.333333333333,1589100,-1.0,-1.0,-1.0
2026/01/21,2392.0,2411.333333333333,2374.0,2376.6666666666665,1719900,-1.0,-1.0,-1.0
2026/01/22,2329.333333333333,2355.6666666666665,2308.333333333333,2348.6666666666665,2259000,-1.0,-1.0,-1.0
2026/01/23,2341.6666666666665,2358.0,2300.333333333333,2323.333333333333,1456500,-1.0,-1.0,-1.0
2026/01/26,2332.0,2346.0,2315.0,2328.6666666666665,1155600,-1.0,-1.0,-1.0
2026/01/27,2323.6666666666665,2344.333333333333,2316.6666666666665,2332.6666666666665,921300,-1.0,-1.0,-1.0
2026/01/28,2329.6666666666665,2330.6666666666665,2294.333333333333,2297.6666666666665,1289100,-1.0,-1.0,-1.0
2026/01/29,2274.0,2307.333333333333,2264.333333333333,2305.333333333333,1091100,-1.0,-1.0,-1.0
2026/01/30,2324.6666666666665,2328.333333333333,2306.333333333333,2322.6666666666665,1208100,-1.0,-1.0,-1.0
2026/02/02,2392.333333333333,2398.333333333333,2350.0,2388.0,2362800,-1.0,-1.0,-1.0
2026/02/03,2260.6666666666665,2343.6666666666665,2243.6666666666665,2310.333333333333,3441900,-1.0,-1.0,-1.0
2026/02/04,2300.0,2306.0,2257.333333333333,2258.333333333333,2922900,-1.0,-1.0,-1.0
2026/02/05,2307.0,2309.0,2265.6666666666665,2269.0,2009400,-1.0,-1.0,-1.0
2026/02/06,2300.0,2308.6666666666665,2264.333333333333,2271.6666666666665,2020500,-1.0,-1.0,-1.0
2026/02/09,2305.0,2344.0,2290.0,2300.333333333333,2684400,-1.0,-1.0,-1.0
2026/02/10,2294.0,2303.333333333333,2268.6666666666665,2271.6666666666665,2233500,-1.0,-1.0,-1.0
2026/02/12,2281.6666666666665,2299.0,2274.333333333333,2275.333333333333,1529100,-1.0,-1.0,-1.0
2026/02/13,2300.0,2329.0,2275.6666666666665,2325.0,2643900,-1.0,-1.0,-1.0
2026/02/16,2333.333333333333,2352.6666666666665,2316.6666666666665,2319.6666666666665,1366500,-1.0,-1.0,-1.0
2026/02/17,2316.6666666666665,2316.6666666666665,2288.6666666666665,2300.6666666666665,837900,-1.0,-1.0,-1.0
2026/02/18,2287.6666666666665,2312.6666666666665,2283.333333333333,2302.0,1253400,-1.0,-1.0,-1.0
2026/02/19,2300.333333333333,2332.333333333333,2271.6666666666665,2325.6666666666665,1107000,-1.0,-1.0,-1.0
2026/02/20,2325.6666666666665,2327.6666666666665,2296.6666666666665,2302.0,1080900,-1.0,-1.0,-1.0
2026/02/24,2320.6666666666665,2352.6666666666665,2308.333333333333,2352.333333333333,1374300,-1.0,-1.0,-1.0
2026/02/25,2352.333333333333,2360.6666666666665,2334.0,2350.333333333333,1015500,-1.0,-1.0,-1.0
2026/02/26,2347.6666666666665,2359.0,2332.0,2332.0,1197300,-1.0,-1.0,-1.0
2026/02/27,2360.0,2384.333333333333,2344.0,2383.0,1354500,-1.0,-1.0,-1.0
2026/03/02,2383.6666666666665,2416.0,2365.6666666666665,2388.0,1277100,-1.0,-1.0,-1.0
2026/03/02,2383.6666666666665,2416.0,2365.6666666666665,2388.0,1277100,-1.0,-1.0,-1.0
2026/03/02,2383.6666666666665,2416.0,2365.6666666666665,2388.0,1277100,-1.0,-1.0,-1.0
2026/03/02,2383.6666666666665,2416.0,2365.6666666666665,2388.0,1277100,-1.0,-1.0,-1.0
2026/03/03,2366.6666666666665,2382.6666666666665,2341.6666666666665,2366.6666666666665,1265400,-1.0,-1.0,-1.0
2026/03/04,2320.333333333333,2332.6666666666665,2286.6666666666665,2317.0,1482600,-1.0,-1.0,-1.0
2026/03/05,2340.0,2370.6666666666665,2295.6666666666665,2295.6666666666665,1506300,-1.0,-1.0,-1.0
2026/03/06,2275.6666666666665,2294.333333333333,2253.333333333333,2285.6666666666665,1443000,-1.0,-1.0,-1.0
2026/03/09,2244.0,2266.6666666666665,2223.333333333333,2251.0,1756200,-1.0,-1.0,-1.0
2026/03/10,2284.333333333333,2284.333333333333,2236.6666666666665,2253.0,1634400,-1.0,-1.0,-1.0
2026/03/11,2262.6666666666665,2281.333333333333,2256.333333333333,2265.0,1382400,-1.0,-1.0,-1.0
2026/03/12,2236.6666666666665,2240.333333333333,2173.333333333333,2195.333333333333,1772700,-1.0,-1.0,-1.0
2026/03/13,2179.6666666666665,2213.0,2177.333333333333,2183.0,1532400,-1.0,-1.0,-1.0
2026/03/16,2223.333333333333,2246.333333333333,2214.0,2239.6666666666665,1704900,-1.0,-1.0,-1.0
2026/03/17,2239.6666666666665,2287.6666666666665,2236.6666666666665,2282.333333333333,2086800,-1.0,-1.0,-1.0
2026/03/18,2280.0,2300.0,2268.333333333333,2299.6666666666665,1261800,-1.0,-1.0,-1.0
2026/03/19,2270.0,2303.333333333333,2259.6666666666665,2267.6666666666665,2238000,-1.0,-1.0,-1.0
2026/03/23,2244.0,2252.0,2213.6666666666665,2237.0,1721400,-1.0,-1.0,-1.0
2026/03/24,2265.6666666666665,2292.333333333333,2259.0,2279.333333333333,1191300,-1.0,-1.0,-1.0
2026/03/25,2290.333333333333,2316.0,2279.333333333333,2302.333333333333,1104000,-1.0,-1.0,-1.0
2026/03/26,2312.0,2321.333333333333,2298.0,2313.0,1108200,-1.0,-1.0,-1.0
2026/03/27,2330.0,2372.0,2318.0,2356.333333333333,2011500,-1.0,-1.0,-1.0
2026/03/30,2269.6666666666665,2336.6666666666665,2248.333333333333,2333.0,1725300,-1.0,-1.0,-1.0
2026/03/31,2355.0,2383.0,2342.333333333333,2343.333333333333,1682700,-1.0,-1.0,-1.0
2026/04/01,2368.6666666666665,2430.0,2364.333333333333,2430.0,1988400,-1.0,-1.0,-1.0
2026/04/02,2433.333333333333,2470.6666666666665,2427.0,2458.6666666666665,1647600,-1.0,-1.0,-1.0
2026/04/03,2436.0,2473.333333333333,2432.333333333333,2470.333333333333,1121700,-1.0,-1.0,-1.0
2026/04/06,2470.0,2470.333333333333,2427.0,2441.0,1064700,-1.0,-1.0,-1.0
2026/04/07,2453.333333333333,2463.333333333333,2400.333333333333,2414.333333333333,1233000,-1.0,-1.0,-1.0
2026/04/08,2451.6666666666665,2461.0,2418.0,2422.6666666666665,1467900,-1.0,-1.0,-1.0
2026/04/09,2418.333333333333,2440.0,2400.333333333333,2409.0,1333200,-1.0,-1.0,-1.0
2026/04/10,2411.0,2416.6666666666665,2347.333333333333,2347.6666666666665,1364400,-1.0,-1.0,-1.0
2026/04/13,2347.333333333333,2369.333333333333,2335.6666666666665,2352.0,712500,-1.0,-1.0,-1.0
2026/04/14,2334.333333333333,2348.6666666666665,2306.6666666666665,2315.333333333333,768000,-1.0,-1.0,-1.0
2026/04/15,2300.0,2353.333333333333,2300.0,2348.6666666666665,772500,-1.0,-1.0,-1.0
2026/04/16,2327.6666666666665,2337.333333333333,2298.0,2299.0,1098900,-1.0,-1.0,-1.0
2026/04/17,2299.0,2309.6666666666665,2290.333333333333,2294.0,978900,-1.0,-1.0,-1.0
2026/04/20,2301.333333333333,2309.0,2271.333333333333,2271.333333333333,810600,-1.0,-1.0,-1.0
2026/04/21,2266.333333333333,2278.0,2237.6666666666665,2241.6666666666665,919800,-1.0,-1.0,-1.0
2026/04/22,2241.0,2245.333333333333,2201.333333333333,2205.0,740400,-1.0,-1.0,-1.0
2026/04/23,2171.6666666666665,2192.6666666666665,2150.333333333333,2179.6666666666665,1290300,-1.0,-1.0,-1.0
2026/04/24,2178.0,2208.333333333333,2154.6666666666665,2197.0,1175400,-1.0,-1.0,-1.0
2026/04/27,2156.333333333333,2186.333333333333,2154.0,2161.0,925500,-1.0,-1.0,-1.0
2026/04/28,2176.6666666666665,2189.333333333333,2160.0,2189.333333333333,864600,-1.0,-1.0,-1.0
2026/04/30,2181.0,2186.0,2143.333333333333,2164.0,1356900,-1.0,-1.0,-1.0
2026/05/01,2156.6666666666665,2182.333333333333,2147.333333333333,2175.6666666666665,1221600,-1.0,-1.0,-1.0
2026/05/07,2148.6666666666665,2221.6666666666665,2141.0,2199.0,2505900,-1.0,-1.0,-1.0
2026/05/08,2232.333333333333,2237.333333333333,2166.333333333333,2189.333333333333,2877300,-1.0,-1.0,-1.0
2026/05/11,2100.6666666666665,2141.333333333333,2026.0,2026.0,5509200,-1.0,-1.0,-1.0
2026/05/12,2011.6666666666665,2040.3333333333333,1995.6666666666665,2026.6666666666665,2327400,-1.0,-1.0,-1.0
2026/05/13,2052.6666666666665,2112.0,2044.6666666666665,2079.0,2010300,-1.0,-1.0,-1.0
2026/05/14,2090.0,2096.0,2031.6666666666665,2056.333333333333,1578000,-1.0,-1.0,-1.0
2026/05/15,2023.0,2057.333333333333,2008.6666666666665,2036.0,2116200,-1.0,-1.0,-1.0
2026/05/18,2047.3333333333333,2074.6666666666665,2019.0,2033.0,1654800,-1.0,-1.0,-1.0
2026/05/19,2062.333333333333,2118.333333333333,2047.6666666666665,2113.6666666666665,2008800,-1.0,-1.0,-1.0
2026/05/20,2113.6666666666665,2148.333333333333,2095.333333333333,2105.0,1522200,-1.0,-1.0,-1.0
2026/05/21,2105.0,2114.6666666666665,2076.6666666666665,2076.6666666666665,1251300,-1.0,-1.0,-1.0
2026/05/22,2043.3333333333333,2049.333333333333,2005.6666666666665,2022.0,1732500,-1.0,-1.0,-1.0
2026/05/25,2013.6666666666665,2019.6666666666665,1999.0,2004.0,1400400,-1.0,-1.0,-1.0
2026/05/26,2001.3333333333333,2001.3333333333333,1969.6666666666665,1973.6666666666665,1763400,-1.0,-1.0,-1.0
2026/05/27,1974.6666666666665,2007.3333333333333,1952.6666666666665,1995.6666666666665,2480100,-1.0,-1.0,-1.0
2026/05/28,2016.3333333333333,2038.0,2001.6666666666665,2012.3333333333333,2556000,-1.0,-1.0,-1.0
2026/05/29,1993.3333333333333,2055.0,1993.3333333333333,2035.3333333333333,2294400,-1.0,-1.0,-1.0
2026/06/01,2005.0,2015.6666666666665,1964.3333333333333,1975.0,2712600,-1.0,-1.0,-1.0
2026/06/02,1952.6666666666665,1979.0,1905.3333333333333,1944.6666666666665,2072400,-1.0,-1.0,-1.0
2026/06/03,1931.6666666666665,1975.6666666666665,1927.3333333333333,1970.0,1764600,-1.0,-1.0,-1.0
2026/06/04,1970.0,1984.3333333333333,1945.3333333333333,1945.3333333333333,1347900,-1.0,-1.0,-1.0
2026/06/05,1962.0,1996.6666666666665,1959.3333333333333,1981.0,1577100,-1.0,-1.0,-1.0
2026/06/08,2014.3333333333333,2037.3333333333333,2004.0,2037.3333333333333,1777800,-1.0,-1.0,-1.0
2026/06/09,2013.3333333333333,2050.0,2004.0,2006.0,1694100,-1.0,-1.0,-1.0
2026/06/10,2010.6666666666665,2028.3333333333333,1983.6666666666665,2028.3333333333333,1936800,-1.0,-1.0,-1.0
2026/06/11,2053.333333333333,2065.333333333333,2009.6666666666665,2019.0,1371900,-1.0,-1.0,-1.0
2026/06/12,2049.0,2049.333333333333,2008.3333333333333,2022.3333333333333,2165700,-1.0,-1.0,-1.0
2026/06/15,2025.0,2060.6666666666665,2020.0,2029.6666666666665,1199700,-1.0,-1.0,-1.0
2026/06/16,2026.3333333333333,2038.3333333333333,2000.6666666666665,2016.6666666666665,1083300,-1.0,-1.0,-1.0
2026/06/17,2003.3333333333333,2016.6666666666665,1966.0,1970.0,1997400,-1.0,-1.0,-1.0
2026/06/18,1966.6666666666665,1984.3333333333333,1955.6666666666665,1971.3333333333333,1300500,-1.0,-1.0,-1.0
2026/06/19,1950.0,1981.3333333333333,1933.6666666666665,1976.0,1589100,-1.0,-1.0,-1.0
2026/06/22,1981.3333333333333,1985.0,1959.6666666666665,1959.6666666666665,1134000,-1.0,-1.0,-1.0
2026/06/23,1959.6666666666665,2006.0,1958.3333333333333,1990.0,1689600,-1.0,-1.0,-1.0
2026/06/24,1993.3333333333333,2014.3333333333333,1973.0,1996.6666666666665,1063200,-1.0,-1.0,-1.0
2026/06/25,1997.6666666666665,2020.6666666666665,1991.6666666666665,1993.0,1347000,-1.0,-1.0,-1.0
2026/06/26,2004.3333333333333,2039.0,1985.6666666666665,2030.3333333333333,1335900,-1.0,-1.0,-1.0
2026/06/29,2006.6666666666665,2056.6666666666665,2003.3333333333333,2014.6666666666665,1752900,-1.0,-1.0,-1.0
2026/06/30,2016.6666666666665,2031.0,1984.3333333333333,1984.3333333333333,2349600,-1.0,-1.0,-1.0
2026/07/01,1981.0,2009.3333333333333,1968.0,1989.6666666666665,1989600,-1.0,-1.0,-1.0
2026/07/02,2023.0,2035.0,2008.0,2028.0,1201200,-1.0,-1.0,-1.0
2026/07/03,2060.0,2086.6666666666665,2039.0,2039.0,1516200,-1.0,-1.0,-1.0
2026/07/06,2050.333333333333,2075.333333333333,2048.0,2070.333333333333,940200,-1.0,-1.0,-1.0
2026/07/07,2083.333333333333,2115.0,2063.0,2106.6666666666665,1777500,-1.0,-1.0,-1.0
2026/07/08,2108.333333333333,2119.0,2086.333333333333,2105.333333333333,1830900,-1.0,-1.0,-1.0
2026/07/09,2086.6666666666665,2087.0,2058.6666666666665,2073.333333333333,1185000,-1.0,-1.0,-1.0
2026/07/10,2087.6666666666665,2087.6666666666665,2050.0,2055.333333333333,1404600,-1.0,-1.0,-1.0
2026/07/13,2062.333333333333,2069.333333333333,2041.6666666666665,2052.6666666666665,1024500,-1.0,-1.0,-1.0
2026/07/14,2066.6666666666665,2088.333333333333,2052.0,2061.0,1237200,-1.0,-1.0,-1.0
2026/07/15,2061.0,2071.333333333333,2031.6666666666665,2035.0,1406100,-1.0,-1.0,-1.0
2026/07/16,2044.6666666666665,2063.6666666666665,2040.6666666666665,2051.0,1184400,-1.0,-1.0,-1.0
2026/07/17,2075.6666666666665,2115.333333333333,2075.333333333333,2087.0,1815900,-1.0,-1.0,-1.0
2026/07/21,2098.0,2125.0,2073.0,2083.6666666666665,1599000,-1.0,-1.0,-1.0
2026/07/22,2056.0,2081.0,2047.6666666666665,2076.333333333333,1555200,-1.0,-1.0,-1.0
2026/07/23,2056.6666666666665,2063.333333333333,2047.6666666666665,2058.0,1152000,-1.0,-1.0,-1.0
2026/07/24,2054.0,2086.6666666666665,2047.3333333333333,2083.6666666666665,1170600,-1.0,-1.0,-1.0
2026/07/27,2110.333333333333,2128.333333333333,2096.0,2128.333333333333,1332900,-1.0,-1.0,-1.0
2026/07/28,2150.0,2175.0,2139.6666666666665,2158.333333333333,1429200,-1.0,-1.0,-1.0
2026/07/29,2191.6666666666665,2240.6666666666665,2161.6666666666665,2223.333333333333,1754700,-1.0,-1.0,-1.0
2026/07/30,2223.333333333333,2240.6666666666665,2176.6666666666665,2192.0,1752600,-1.0,-1.0,-1.0
2026/07/31,2125.333333333333,2145.6666666666665,2081.6666666666665,2083.333333333333,2642400,-1.0,-1.0,-1.0
2026/08/03,2104.333333333333,2131.333333333333,2084.6666666666665,2109.333333333333,2697600,-1.0,-1.0,-1.0
2026/08/04,1988.3333333333333,1991.6666666666665,1914.3333333333333,1932.0,6500400,-1.0,-1.0,-1.0
2026/08/05,1923.6666666666665,1983.0,1918.6666666666665,1953.3333333333333,2907000,-1.0,-1.0,-1.0
2026/08/06,1953.3333333333333,2000.6666666666665,1953.3333333333333,1999.3333333333333,2523000,-1.0,-1.0,-1.0
2026/08/07,2018.0,2042.6666666666665,2004.6666666666665,2036.6666666666665,1846800,-1.0,-1.0,-1.0
2026/08/10,2006.0,2046.6666666666665,2000.0,2032.6666666666665,1336500,-1.0,-1.0,-1.0
2026/08/12,2056.6666666666665,2075.0,2050.0,2062.0,1538400,-1.0,-1.0,-1.0
2026/08/13,2082.0,2086.333333333333,2047.6666666666665,2075.0,1766700,-1.0,-1.0,-1.0
2026/08/14,2079.0,2110.333333333333,2066.6666666666665,2102.333333333333,1826100,-1.0,-1.0,-1.0
2026/08/17,2116.6666666666665,2116.6666666666665,2091.0,2102.0,1300200,-1.0,-1.0,-1.0
2026/08/18,2074.333333333333,2110.6666666666665,2063.6666666666665,2108.0,2148000,-1.0,-1.0,-1.0
2026/08/19,2136.0,2143.0,2082.6666666666665,2108.333333333333,1949100,-1.0,-1.0,-1.0
2026/08/20,2139.0,2142.6666666666665,2114.0,2138.0,1919400,-1.0,-1.0,-1.0
2026/08/21,2128.333333333333,2169.333333333333,2128.333333333333,2141.0,2424000,-1.0,-1.0,-1.0
2026/08/24,2144.0,2148.333333333333,2117.333333333333,2130.333333333333,1317300,-1.0,-1.0,-1.0
2026/08/25,2162.333333333333,2168.6666666666665,2132.333333333333,2135.6666666666665,1029600,-1.0,-1.0,-1.0
2026/08/26,2133.0,2143.6666666666665,2113.333333333333,2122.0,901800,-1.0,-1.0,-1.0
2026/08/27,2115.6666666666665,2136.6666666666665,2106.0,2110.6666666666665,1056900,-1.0,-1.0,-1.0
2026/08/28,2103.333333333333,2126.333333333333,2099.6666666666665,2121.6666666666665,1265100,-1.0,-1.0,-1.0
2026/08/31,2118.0,2126.333333333333,2093.6666666666665,2101.0,1502700,-1.0,-1.0,-1.0
2026/09/01,2100.0,2131.6666666666665,2099.6666666666665,2124.333333333333,998700,-1.0,-1.0,-1.0
2026/09/02,2103.333333333333,2134.333333333333,2100.333333333333,2108.6666666666665,1340400,-1.0,-1.0,-1.0
2026/09/03,2069.0,2087.6666666666665,2039.3333333333333,2039.3333333333333,2495400,-1.0,-1.0,-1.0
2026/09/04,2033.3333333333333,2044.6666666666665,2005.6666666666665,2030.0,2062200,-1.0,-1.0,-1.0
2026/09/07,2030.0,2040.3333333333333,2019.3333333333333,2025.3333333333333,1473000,-1.0,-1.0,-1.0
2026/09/08,2026.6666666666665,2073.6666666666665,2024.0,2069.6666666666665,1848600,-1.0,-1.0,-1.0
2026/09/09,2055.6666666666665,2062.6666666666665,2037.6666666666665,2047.3333333333333,1847100,-1.0,-1.0,-1.0
2026/09/10,2034.6666666666665,2056.333333333333,2029.3333333333333,2047.6666666666665,1750500,-1.0,-1.0,-1.0
2026/09/11,2017.6666666666665,2082.333333333333,2017.6666666666665,2082.333333333333,2418000,-1.0,-1.0,-1.0
2026/09/14,2103.6666666666665,2112.0,2084.0,2098.0,1503300,-1.0,-1.0,-1.0
2026/09/15,2117.0,2121.333333333333,2075.0,2083.6666666666665,1273800,-1.0,-1.0,-1.0
2026/09/16,2115.333333333333,2116.333333333333,2070.333333333333,2070.333333333333,1167900,-1.0,-1.0,-1.0
2026/09/17,2096.333333333333,2106.0,2085.333333333333,2097.333333333333,1035900,-1.0,-1.0,-1.0
2026/09/18,2083.333333333333,2083.333333333333,2026.0,2026.0,3679500,-1.0,-1.0,-1.0
2026/09/24,2043.3333333333333,2043.3333333333333,2002.6666666666665,2013.0,1577400,-1.0,-1.0,-1.0
2026/09/25,2007.3333333333333,2021.6666666666665,2004.0,2014.6666666666665,1246800,-1.0,-1.0,-1.0
2026/09/28,6045.0,6092.0,6039.0,6054.0,560700,-1.0,-1.0,-1.0
2026/09/29,2007.0,2013.5,1941.0,1955.5,1367500,-1.0,-1.0,-1.0
2026/09/30,1952.5,1992.5,1941.0,1986.5,1847600,-1.0,-1.0,-1.0
2026/10/01,1986.5,2033.5,1974.0,2008.0,2066400,-1.0,-1.0,-1.0
2026/10/02,2000.0,2014.0,1985.0,1997.0,2067800,-1.0,-1.0,-1.0
