date,open,high,low,close,volume,rs_nikkei,rs_topix,rs
2016/03/17,591.6666666666666,645.0,587.0,600.6666666666666,10479600,-1.0,-1.0,-1.0
2016/03/18,591.6666666666666,595.3333333333333,502.0,515.0,3169800,-1.0,-1.0,-1.0
2016/03/22,528.3333333333333,648.3333333333333,516.6666666666666,648.3333333333333,5130000,-1.0,-1.0,-1.0
2016/03/23,683.3333333333333,781.0,661.6666666666666,707.6666666666666,22608900,-1.0,-1.0,-1.0
2016/03/24,751.0,781.6666666666666,673.3333333333333,706.6666666666666,8102100,-1.0,-1.0,-1.0
2016/03/25,666.6666666666666,729.0,659.3333333333333,659.3333333333333,3774300,-1.0,-1.0,-1.0
2016/03/28,685.0,756.3333333333333,663.0,740.6666666666666,7177500,-1.0,-1.0,-1.0
2016/03/29,801.6666666666666,851.3333333333333,774.3333333333333,789.3333333333333,13410000,-1.0,-1.0,-1.0
2016/03/30,816.6666666666666,956.0,776.6666666666666,949.3333333333333,11452200,-1.0,-1.0,-1.0
2016/03/31,1033.3333333333333,1116.6666666666665,1028.3333333333333,1116.6666666666665,2844600,-1.0,-1.0,-1.0
2016/04/01,1210.0,1350.0,1150.0,1350.0,16879800,-1.0,-1.0,-1.0
2016/04/04,1366.6666666666665,1465.0,1185.0,1326.6666666666665,18822600,-1.0,-1.0,-1.0
2016/04/05,1256.6666666666665,1353.3333333333333,1093.3333333333333,1093.3333333333333,8654100,-1.0,-1.0,-1.0
2016/04/06,1033.3333333333333,1093.3333333333333,877.0,920.0,14111400,-1.0,-1.0,-1.0
2016/04/07,945.6666666666666,1086.6666666666665,924.0,1086.6666666666665,13527900,-1.0,-1.0,-1.0
2016/04/08,1055.0,1313.3333333333333,1040.0,1233.3333333333333,19331400,-1.0,-1.0,-1.0
2016/04/11,1336.6666666666665,1366.6666666666665,1241.6666666666665,1290.0,8371200,-1.0,-1.0,-1.0
2016/04/12,1303.3333333333333,1356.6666666666665,1206.6666666666665,1311.6666666666665,9156900,-1.0,-1.0,-1.0
2016/04/13,1298.3333333333333,1516.6666666666665,1266.6666666666665,1495.0,15579000,-1.0,-1.0,-1.0
2016/04/14,1448.3333333333333,1626.6666666666665,1436.6666666666665,1523.3333333333333,14466600,-1.0,-1.0,-1.0
2016/04/15,1476.6666666666665,1561.6666666666665,1301.6666666666665,1310.0,8586900,-1.0,-1.0,-1.0
2016/04/18,1310.0,1441.6666666666665,1228.3333333333333,1363.3333333333333,7786200,-1.0,-1.0,-1.0
2016/04/19,1400.0,1473.3333333333333,1366.6666666666665,1366.6666666666665,7018200,-1.0,-1.0,-1.0
2016/04/20,1343.3333333333333,1400.0,1290.0,1371.6666666666665,4075500,-1.0,-1.0,-1.0
2016/04/21,1403.3333333333333,1458.3333333333333,1368.3333333333333,1458.3333333333333,4637400,-1.0,-1.0,-1.0
2016/04/22,1473.3333333333333,1615.0,1421.6666666666665,1566.6666666666665,13502400,-1.0,-1.0,-1.0
2016/04/25,1611.6666666666665,1676.6666666666665,1516.6666666666665,1516.6666666666665,8648700,-1.0,-1.0,-1.0
2016/04/26,1470.0,1541.6666666666665,1305.0,1500.0,5277300,-1.0,-1.0,-1.0
2016/04/27,1543.3333333333333,1606.6666666666665,1491.6666666666665,1528.3333333333333,7323300,-1.0,-1.0,-1.0
2016/04/28,1496.6666666666665,1523.3333333333333,1366.6666666666665,1396.6666666666665,3749700,-1.0,-1.0,-1.0
2016/05/02,1345.0,1475.0,1345.0,1393.3333333333333,3069300,-1.0,-1.0,-1.0
2016/05/06,1426.6666666666665,1496.6666666666665,1383.3333333333333,1493.3333333333333,2709600,-1.0,-1.0,-1.0
2016/05/09,1506.6666666666665,1533.3333333333333,1436.6666666666665,1443.3333333333333,2061300,-1.0,-1.0,-1.0
2016/05/10,1443.3333333333333,1471.6666666666665,1405.0,1413.3333333333333,1142700,-1.0,-1.0,-1.0
2016/05/11,1443.3333333333333,1520.0,1426.6666666666665,1520.0,2187600,-1.0,-1.0,-1.0
2016/05/12,1500.0,1605.0,1470.0,1541.6666666666665,4454100,-1.0,-1.0,-1.0
2016/05/13,1716.6666666666665,1776.6666666666665,1660.0,1776.6666666666665,3681000,-1.0,-1.0,-1.0
2016/05/16,2110.0,2110.0,1796.6666666666665,1850.0,4441200,-1.0,-1.0,-1.0
2016/05/17,1916.6666666666665,2183.333333333333,1873.3333333333333,2183.333333333333,8816400,-1.0,-1.0,-1.0
2016/05/18,2400.0,2476.6666666666665,1850.0,2200.0,24706800,-1.0,-1.0,-1.0
2016/05/19,2166.6666666666665,2206.6666666666665,1916.6666666666665,1940.0,10182300,-1.0,-1.0,-1.0
2016/05/20,1873.3333333333333,2060.0,1733.3333333333333,2013.3333333333333,11907600,-1.0,-1.0,-1.0
2016/05/23,1946.6666666666665,2050.0,1850.0,1850.0,5581800,-1.0,-1.0,-1.0
2016/05/24,1866.6666666666665,1930.0,1780.0,1796.6666666666665,4470000,-1.0,-1.0,-1.0
2016/05/25,1823.3333333333333,1850.0,1653.3333333333333,1663.3333333333333,5169000,-1.0,-1.0,-1.0
2016/05/26,1640.0,1650.0,1430.0,1430.0,8983800,-1.0,-1.0,-1.0
2016/05/27,1463.3333333333333,1566.6666666666665,1376.6666666666665,1396.6666666666665,8716200,-1.0,-1.0,-1.0
2016/05/30,1453.3333333333333,1630.0,1426.6666666666665,1610.0,13995000,-1.0,-1.0,-1.0
2016/05/31,1700.0,1750.0,1613.3333333333333,1658.3333333333333,10131300,-1.0,-1.0,-1.0
2016/06/01,1598.3333333333333,1616.6666666666665,1483.3333333333333,1510.0,4447800,-1.0,-1.0,-1.0
2016/06/02,1486.6666666666665,1523.3333333333333,1383.3333333333333,1398.3333333333333,2916600,-1.0,-1.0,-1.0
2016/06/03,1411.6666666666665,1493.3333333333333,1401.6666666666665,1446.6666666666665,3184800,-1.0,-1.0,-1.0
2016/06/06,1400.0,1473.3333333333333,1360.0,1436.6666666666665,3152100,-1.0,-1.0,-1.0
2016/06/07,1486.6666666666665,1495.0,1423.3333333333333,1433.3333333333333,2061600,-1.0,-1.0,-1.0
2016/06/08,1443.3333333333333,1476.6666666666665,1410.0,1416.6666666666665,1890300,-1.0,-1.0,-1.0
2016/06/09,1423.3333333333333,1486.6666666666665,1365.0,1423.3333333333333,3429000,-1.0,-1.0,-1.0
2016/06/10,1440.0,1590.0,1406.6666666666665,1573.3333333333333,8061300,-1.0,-1.0,-1.0
2016/06/13,1573.3333333333333,1651.6666666666665,1510.0,1605.0,9846000,-1.0,-1.0,-1.0
2016/06/14,1666.6666666666665,1703.3333333333333,1385.0,1433.3333333333333,11997000,-1.0,-1.0,-1.0
2016/06/15,1410.0,1466.6666666666665,1283.3333333333333,1363.3333333333333,7062300,-1.0,-1.0,-1.0
2016/06/16,1365.0,1370.0,1130.0,1130.0,5727000,-1.0,-1.0,-1.0
2016/06/17,1206.6666666666665,1208.3333333333333,1055.0,1098.3333333333333,3823800,-1.0,-1.0,-1.0
2016/06/20,1118.3333333333333,1273.3333333333333,1106.6666666666665,1206.6666666666665,5968200,-1.0,-1.0,-1.0
2016/06/21,1166.6666666666665,1200.0,1123.3333333333333,1150.0,3122400,-1.0,-1.0,-1.0
2016/06/22,1158.3333333333333,1173.3333333333333,1083.3333333333333,1090.0,1666200,-1.0,-1.0,-1.0
2016/06/23,1086.6666666666665,1098.3333333333333,1026.6666666666665,1075.0,1548300,-1.0,-1.0,-1.0
2016/06/24,1126.6666666666665,1165.0,846.3333333333333,937.3333333333333,4824600,-1.0,-1.0,-1.0
2016/06/27,970.6666666666666,1048.3333333333333,944.3333333333333,1001.6666666666666,4532400,-1.0,-1.0,-1.0
2016/06/28,1125.0,1180.0,1050.0,1116.6666666666665,5229000,-1.0,-1.0,-1.0
2016/06/29,1151.6666666666665,1166.6666666666665,1098.3333333333333,1108.3333333333333,1699500,-1.0,-1.0,-1.0
2016/06/30,1143.3333333333333,1206.6666666666665,1121.6666666666665,1176.6666666666665,2758800,-1.0,-1.0,-1.0
2016/07/01,1200.0,1256.6666666666665,1170.0,1183.3333333333333,3564900,-1.0,-1.0,-1.0
2016/07/04,1136.6666666666665,1176.6666666666665,1120.0,1145.0,2006700,-1.0,-1.0,-1.0
2016/07/05,1161.6666666666665,1161.6666666666665,1076.6666666666665,1095.0,1043700,-1.0,-1.0,-1.0
2016/07/06,1040.0,1070.0,993.3333333333333,1058.3333333333333,1382400,-1.0,-1.0,-1.0
2016/07/07,1053.3333333333333,1055.0,998.3333333333333,1005.0,1005000,-1.0,-1.0,-1.0
2016/07/08,1108.3333333333333,1120.0,1035.0,1058.3333333333333,3637200,-1.0,-1.0,-1.0
2016/07/11,1186.6666666666665,1218.3333333333333,1143.3333333333333,1165.0,3906300,-1.0,-1.0,-1.0
2016/07/12,1178.3333333333333,1210.0,1100.0,1101.6666666666665,2463600,-1.0,-1.0,-1.0
2016/07/13,1116.6666666666665,1118.3333333333333,1060.0,1101.6666666666665,1243800,-1.0,-1.0,-1.0
2016/07/14,1098.3333333333333,1101.6666666666665,1063.3333333333333,1083.3333333333333,801600,-1.0,-1.0,-1.0
2016/07/15,1040.0,1090.0,1011.6666666666666,1043.3333333333333,1059900,-1.0,-1.0,-1.0
2016/07/19,1003.3333333333333,1018.3333333333333,934.0,950.0,1409100,-1.0,-1.0,-1.0
2016/07/20,958.0,1073.3333333333333,956.6666666666666,1073.3333333333333,1972200,-1.0,-1.0,-1.0
2016/07/21,1043.3333333333333,1090.0,1023.3333333333333,1036.6666666666665,958500,-1.0,-1.0,-1.0
2016/07/22,1000.0,1028.3333333333333,971.6666666666666,983.3333333333333,728400,-1.0,-1.0,-1.0
2016/07/25,995.3333333333333,1018.3333333333333,972.6666666666666,993.0,630000,-1.0,-1.0,-1.0
2016/07/26,990.0,1003.3333333333333,968.0,976.6666666666666,393900,-1.0,-1.0,-1.0
2016/07/27,976.3333333333333,1041.6666666666665,970.0,997.0,721800,-1.0,-1.0,-1.0
2016/07/28,983.3333333333333,1013.3333333333333,978.3333333333333,1006.6666666666666,406500,-1.0,-1.0,-1.0
2016/07/29,983.3333333333333,1016.6666666666666,970.0,1016.6666666666666,570900,-1.0,-1.0,-1.0
2016/08/01,1000.0,1070.0,991.6666666666666,1070.0,767400,-1.0,-1.0,-1.0
2016/08/02,1101.6666666666665,1115.0,1073.3333333333333,1083.3333333333333,974700,-1.0,-1.0,-1.0
2016/08/03,1066.6666666666665,1083.3333333333333,1010.0,1016.6666666666666,679800,-1.0,-1.0,-1.0
2016/08/04,1030.0,1058.3333333333333,1010.0,1036.6666666666665,359400,-1.0,-1.0,-1.0
2016/08/05,1060.0,1076.6666666666665,1043.3333333333333,1060.0,524100,-1.0,-1.0,-1.0
2016/08/08,1070.0,1090.0,1028.3333333333333,1033.3333333333333,563100,-1.0,-1.0,-1.0
2016/08/09,1016.6666666666666,1026.6666666666665,993.6666666666666,1021.6666666666666,452700,-1.0,-1.0,-1.0
2016/08/10,1026.6666666666665,1026.6666666666665,1001.6666666666666,1010.0,218700,-1.0,-1.0,-1.0
2016/08/12,1033.3333333333333,1121.6666666666665,1033.3333333333333,1118.3333333333333,1184100,-1.0,-1.0,-1.0
2016/08/15,1066.6666666666665,1098.3333333333333,1028.3333333333333,1083.3333333333333,1225500,-1.0,-1.0,-1.0
2016/08/16,1093.3333333333333,1161.6666666666665,1071.6666666666665,1150.0,1759500,-1.0,-1.0,-1.0
2016/08/17,1160.0,1170.0,1078.3333333333333,1100.0,1020900,-1.0,-1.0,-1.0
2016/08/18,1083.3333333333333,1093.3333333333333,1038.3333333333333,1050.0,526500,-1.0,-1.0,-1.0
2016/08/19,1043.3333333333333,1063.3333333333333,1030.0,1043.3333333333333,406500,-1.0,-1.0,-1.0
2016/08/22,1038.3333333333333,1041.6666666666665,1011.6666666666666,1020.0,355200,-1.0,-1.0,-1.0
2016/08/23,1010.0,1093.3333333333333,1005.0,1073.3333333333333,636900,-1.0,-1.0,-1.0
2016/08/24,1070.0,1075.0,1040.0,1043.3333333333333,260700,-1.0,-1.0,-1.0
2016/08/25,1040.0,1050.0,1031.6666666666665,1033.3333333333333,160500,-1.0,-1.0,-1.0
2016/08/26,1020.0,1025.0,1013.3333333333333,1016.6666666666666,257700,-1.0,-1.0,-1.0
2016/08/29,1031.6666666666665,1045.0,1020.0,1043.3333333333333,183600,-1.0,-1.0,-1.0
2016/08/30,1035.0,1043.3333333333333,1023.3333333333333,1033.3333333333333,146100,-1.0,-1.0,-1.0
2016/08/31,1038.3333333333333,1070.0,1033.3333333333333,1038.3333333333333,321900,-1.0,-1.0,-1.0
2016/09/01,1058.3333333333333,1091.6666666666665,1045.0,1068.3333333333333,646200,-1.0,-1.0,-1.0
2016/09/02,1051.6666666666665,1065.0,1033.3333333333333,1035.0,397800,-1.0,-1.0,-1.0
2016/09/05,1033.3333333333333,1070.0,1025.0,1060.0,538500,-1.0,-1.0,-1.0
2016/09/06,1063.3333333333333,1063.3333333333333,1038.3333333333333,1043.3333333333333,246000,-1.0,-1.0,-1.0
2016/09/07,1036.6666666666665,1071.6666666666665,1036.6666666666665,1070.0,371700,-1.0,-1.0,-1.0
2016/09/08,1063.3333333333333,1080.0,1045.0,1050.0,342900,-1.0,-1.0,-1.0
2016/09/09,1050.0,1061.6666666666665,1045.0,1061.6666666666665,233700,-1.0,-1.0,-1.0
2016/09/12,1043.3333333333333,1053.3333333333333,1028.3333333333333,1041.6666666666665,306600,-1.0,-1.0,-1.0
2016/09/13,1051.6666666666665,1065.0,1026.6666666666665,1033.3333333333333,460800,-1.0,-1.0,-1.0
2016/09/14,1025.0,1031.6666666666665,1000.0,1010.0,421200,-1.0,-1.0,-1.0
2016/09/15,1001.6666666666666,1011.6666666666666,973.3333333333333,975.3333333333333,439200,-1.0,-1.0,-1.0
2016/09/16,967.6666666666666,989.3333333333333,953.3333333333333,963.0,382500,-1.0,-1.0,-1.0
2016/09/20,943.3333333333333,946.0,870.6666666666666,891.6666666666666,1001400,-1.0,-1.0,-1.0
2016/09/21,891.6666666666666,891.6666666666666,813.3333333333333,845.6666666666666,1928700,-1.0,-1.0,-1.0
2016/09/23,879.0,905.6666666666666,858.6666666666666,883.3333333333333,1370700,-1.0,-1.0,-1.0
2016/09/26,891.6666666666666,909.3333333333333,842.6666666666666,844.0,1153800,-1.0,-1.0,-1.0
2016/09/27,835.0,875.6666666666666,818.3333333333333,861.6666666666666,798000,-1.0,-1.0,-1.0
2016/09/28,847.3333333333333,865.6666666666666,841.0,846.3333333333333,583200,-1.0,-1.0,-1.0
2016/09/29,783.3333333333333,820.0,772.0,809.0,1888500,-1.0,-1.0,-1.0
2016/09/30,825.6666666666666,826.6666666666666,805.3333333333333,806.6666666666666,476700,-1.0,-1.0,-1.0
2016/10/03,803.3333333333333,804.0,782.0,786.0,571800,-1.0,-1.0,-1.0
2016/10/04,775.0,814.6666666666666,762.0,793.0,1250400,-1.0,-1.0,-1.0
2016/10/05,786.6666666666666,826.6666666666666,785.6666666666666,815.3333333333333,574200,-1.0,-1.0,-1.0
2016/10/06,820.0,845.6666666666666,800.6666666666666,802.3333333333333,703500,-1.0,-1.0,-1.0
2016/10/07,801.0,811.3333333333333,785.6666666666666,796.0,304500,-1.0,-1.0,-1.0
2016/10/11,795.0,850.0,794.3333333333333,846.0,729600,-1.0,-1.0,-1.0
2016/10/12,835.0,843.0,800.0,805.6666666666666,522600,-1.0,-1.0,-1.0
2016/10/13,805.0,815.3333333333333,790.6666666666666,794.3333333333333,282900,-1.0,-1.0,-1.0
2016/10/14,790.0,808.3333333333333,776.6666666666666,791.6666666666666,243000,-1.0,-1.0,-1.0
2016/10/17,791.6666666666666,798.3333333333333,783.3333333333333,789.0,174600,-1.0,-1.0,-1.0
2016/10/18,791.6666666666666,815.0,790.0,810.6666666666666,397200,-1.0,-1.0,-1.0
2016/10/19,813.3333333333333,828.0,798.3333333333333,820.6666666666666,370500,-1.0,-1.0,-1.0
2016/10/20,813.6666666666666,816.3333333333333,806.0,809.0,206700,-1.0,-1.0,-1.0
2016/10/21,815.0,830.0,808.3333333333333,809.6666666666666,408900,-1.0,-1.0,-1.0
2016/10/24,809.6666666666666,878.3333333333333,809.6666666666666,874.6666666666666,992700,-1.0,-1.0,-1.0
2016/10/25,905.0,936.3333333333333,876.6666666666666,880.0,4705200,-1.0,-1.0,-1.0
2016/10/26,880.6666666666666,923.3333333333333,876.6666666666666,896.6666666666666,1155000,-1.0,-1.0,-1.0
2016/10/27,910.0,914.0,886.6666666666666,900.0,399600,-1.0,-1.0,-1.0
2016/10/28,900.0,902.6666666666666,859.0,875.0,525300,-1.0,-1.0,-1.0
2016/10/31,866.0,873.3333333333333,843.3333333333333,857.6666666666666,278400,-1.0,-1.0,-1.0
2016/11/01,857.0,883.0,856.3333333333333,868.6666666666666,228600,-1.0,-1.0,-1.0
2016/11/02,848.3333333333333,859.6666666666666,816.6666666666666,827.0,380400,-1.0,-1.0,-1.0
2016/11/04,800.0,816.0,795.0,813.3333333333333,284400,-1.0,-1.0,-1.0
2016/11/07,833.3333333333333,877.3333333333333,829.0,874.3333333333333,381000,-1.0,-1.0,-1.0
2016/11/08,867.0,908.6666666666666,866.6666666666666,895.0,561600,-1.0,-1.0,-1.0
2016/11/09,885.0,906.3333333333333,796.6666666666666,837.0,1008300,-1.0,-1.0,-1.0
2016/11/10,887.0,910.0,865.6666666666666,905.0,813000,-1.0,-1.0,-1.0
2016/11/11,914.3333333333333,943.3333333333333,903.6666666666666,906.6666666666666,856800,-1.0,-1.0,-1.0
2016/11/14,932.0,970.0,919.0,970.0,1071600,-1.0,-1.0,-1.0
2016/11/15,886.6666666666666,891.6666666666666,831.6666666666666,854.6666666666666,1793400,-1.0,-1.0,-1.0
2016/11/16,846.6666666666666,868.6666666666666,825.0,834.6666666666666,902700,-1.0,-1.0,-1.0
2016/11/17,827.6666666666666,833.3333333333333,817.3333333333333,826.6666666666666,483900,-1.0,-1.0,-1.0
2016/11/18,826.6666666666666,855.0,821.6666666666666,827.3333333333333,761700,-1.0,-1.0,-1.0
2016/11/21,823.0,829.0,816.6666666666666,824.0,415200,-1.0,-1.0,-1.0
2016/11/22,816.6666666666666,823.3333333333333,810.0,818.0,496200,-1.0,-1.0,-1.0
2016/11/24,824.3333333333333,841.0,818.6666666666666,820.3333333333333,454500,-1.0,-1.0,-1.0
2016/11/25,816.6666666666666,821.3333333333333,804.0,807.6666666666666,328800,-1.0,-1.0,-1.0
2016/11/28,803.6666666666666,808.3333333333333,792.0,802.6666666666666,394200,-1.0,-1.0,-1.0
2016/11/29,796.6666666666666,797.6666666666666,786.6666666666666,787.3333333333333,414300,-1.0,-1.0,-1.0
2016/11/30,785.0,785.6666666666666,754.0,756.6666666666666,894600,-1.0,-1.0,-1.0
2016/12/01,755.0,758.6666666666666,726.6666666666666,733.6666666666666,686700,-1.0,-1.0,-1.0
2016/12/02,733.3333333333333,760.0,733.3333333333333,737.3333333333333,478800,-1.0,-1.0,-1.0
2016/12/05,737.3333333333333,739.0,707.0,711.6666666666666,462000,-1.0,-1.0,-1.0
2016/12/06,710.0,722.6666666666666,704.0,707.6666666666666,483000,-1.0,-1.0,-1.0
2016/12/07,710.6666666666666,748.3333333333333,709.6666666666666,741.3333333333333,723900,-1.0,-1.0,-1.0
2016/12/08,724.6666666666666,735.3333333333333,720.0,720.0,426300,-1.0,-1.0,-1.0
2016/12/09,710.0,738.0,708.3333333333333,734.0,333900,-1.0,-1.0,-1.0
2016/12/12,760.0,900.6666666666666,753.3333333333333,900.6666666666666,2531400,-1.0,-1.0,-1.0
2016/12/13,1000.0,1068.3333333333333,983.3333333333333,1023.3333333333333,10483200,-1.0,-1.0,-1.0
2016/12/14,1045.0,1046.6666666666665,960.3333333333333,978.0,5527200,-1.0,-1.0,-1.0
2016/12/15,967.3333333333333,1008.3333333333333,967.0,987.6666666666666,1983900,-1.0,-1.0,-1.0
2016/12/16,1026.6666666666665,1155.0,1020.0,1155.0,5466900,-1.0,-1.0,-1.0
2016/12/19,1248.3333333333333,1353.3333333333333,1216.6666666666665,1291.6666666666665,13215000,-1.0,-1.0,-1.0
2016/12/20,1273.3333333333333,1320.0,1231.6666666666665,1306.6666666666665,3924900,-1.0,-1.0,-1.0
2016/12/21,1368.3333333333333,1395.0,1285.0,1293.3333333333333,4817100,-1.0,-1.0,-1.0
2016/12/22,1246.6666666666665,1363.3333333333333,1166.6666666666665,1351.6666666666665,4622700,-1.0,-1.0,-1.0
2016/12/26,1383.3333333333333,1423.3333333333333,1295.0,1303.3333333333333,5121900,-1.0,-1.0,-1.0
2016/12/27,1260.0,1298.3333333333333,1251.6666666666665,1273.3333333333333,1221900,-1.0,-1.0,-1.0
2016/12/28,1273.3333333333333,1316.6666666666665,1253.3333333333333,1260.0,660900,-1.0,-1.0,-1.0
2016/12/29,1246.6666666666665,1275.0,1190.0,1260.0,1018800,-1.0,-1.0,-1.0
2016/12/30,1233.3333333333333,1315.0,1218.3333333333333,1260.0,1006800,-1.0,-1.0,-1.0
2017/01/04,1283.3333333333333,1325.0,1260.0,1260.0,844500,-1.0,-1.0,-1.0
2017/01/05,1236.6666666666665,1260.0,1211.6666666666665,1213.3333333333333,695100,-1.0,-1.0,-1.0
2017/01/06,1190.0,1256.6666666666665,1173.3333333333333,1238.3333333333333,995700,-1.0,-1.0,-1.0
2017/01/10,1216.6666666666665,1233.3333333333333,1188.3333333333333,1200.0,482700,-1.0,-1.0,-1.0
2017/01/11,1200.0,1203.3333333333333,1088.3333333333333,1111.6666666666665,1191000,-1.0,-1.0,-1.0
2017/01/12,1095.0,1128.3333333333333,1056.6666666666665,1096.6666666666665,1131900,-1.0,-1.0,-1.0
2017/01/13,1075.0,1190.0,1068.3333333333333,1160.0,1176600,-1.0,-1.0,-1.0
2017/01/16,1146.6666666666665,1153.3333333333333,1105.0,1113.3333333333333,518700,-1.0,-1.0,-1.0
2017/01/17,1151.6666666666665,1240.0,1113.3333333333333,1123.3333333333333,2558100,-1.0,-1.0,-1.0
2017/01/18,1100.0,1115.0,1068.3333333333333,1088.3333333333333,865500,-1.0,-1.0,-1.0
2017/01/19,1111.6666666666665,1118.3333333333333,1051.6666666666665,1060.0,639000,-1.0,-1.0,-1.0
2017/01/20,1050.0,1100.0,1035.0,1083.3333333333333,611400,-1.0,-1.0,-1.0
2017/01/23,1061.6666666666665,1115.0,1061.6666666666665,1103.3333333333333,588000,-1.0,-1.0,-1.0
2017/01/24,1115.0,1166.6666666666665,1111.6666666666665,1163.3333333333333,977400,-1.0,-1.0,-1.0
2017/01/25,1183.3333333333333,1185.0,1128.3333333333333,1135.0,643800,-1.0,-1.0,-1.0
2017/01/26,1123.3333333333333,1140.0,1098.3333333333333,1113.3333333333333,623100,-1.0,-1.0,-1.0
2017/01/27,1110.0,1125.0,1066.6666666666665,1083.3333333333333,560400,-1.0,-1.0,-1.0
2017/01/30,1083.3333333333333,1120.0,1066.6666666666665,1105.0,434700,-1.0,-1.0,-1.0
2017/01/31,1095.0,1268.3333333333333,1083.3333333333333,1265.0,3244200,-1.0,-1.0,-1.0
2017/02/01,1261.6666666666665,1391.6666666666665,1193.3333333333333,1303.3333333333333,10142700,-1.0,-1.0,-1.0
2017/02/02,1366.6666666666665,1388.3333333333333,1298.3333333333333,1340.0,5365500,-1.0,-1.0,-1.0
2017/02/03,1316.6666666666665,1336.6666666666665,1206.6666666666665,1241.6666666666665,2865300,-1.0,-1.0,-1.0
2017/02/06,1263.3333333333333,1296.6666666666665,1196.6666666666665,1285.0,2078700,-1.0,-1.0,-1.0
2017/02/07,1293.3333333333333,1355.0,1251.6666666666665,1318.3333333333333,2508600,-1.0,-1.0,-1.0
2017/02/08,1300.0,1346.6666666666665,1275.0,1320.0,2375700,-1.0,-1.0,-1.0
2017/02/09,1321.6666666666665,1338.3333333333333,1301.6666666666665,1316.6666666666665,739200,-1.0,-1.0,-1.0
2017/02/10,1310.0,1333.3333333333333,1280.0,1293.3333333333333,1107900,-1.0,-1.0,-1.0
2017/02/13,1290.0,1321.6666666666665,1243.3333333333333,1308.3333333333333,1039200,-1.0,-1.0,-1.0
2017/02/14,1541.6666666666665,1541.6666666666665,1531.6666666666665,1541.6666666666665,1828800,-1.0,-1.0,-1.0
2017/02/15,1580.0,1630.0,1508.3333333333333,1550.0,7489500,-1.0,-1.0,-1.0
2017/02/16,1550.0,1706.6666666666665,1528.3333333333333,1641.6666666666665,8288100,-1.0,-1.0,-1.0
2017/02/17,1620.0,1636.6666666666665,1541.6666666666665,1545.0,4541700,-1.0,-1.0,-1.0
2017/02/20,1683.3333333333333,1780.0,1663.3333333333333,1780.0,7954500,-1.0,-1.0,-1.0
2017/02/21,1833.3333333333333,1976.6666666666665,1820.0,1936.6666666666665,15591000,-1.0,-1.0,-1.0
2017/02/22,1906.6666666666665,1976.6666666666665,1843.3333333333333,1870.0,7072200,-1.0,-1.0,-1.0
2017/02/23,1823.3333333333333,1873.3333333333333,1790.0,1836.6666666666665,3057900,-1.0,-1.0,-1.0
2017/02/24,1820.0,1900.0,1783.3333333333333,1823.3333333333333,2661600,-1.0,-1.0,-1.0
2017/02/27,1856.6666666666665,1893.3333333333333,1786.6666666666665,1793.3333333333333,2121900,-1.0,-1.0,-1.0
2017/02/28,1780.0,1803.3333333333333,1683.3333333333333,1686.6666666666665,2425500,-1.0,-1.0,-1.0
2017/03/01,1680.0,1776.6666666666665,1655.0,1760.0,2211000,-1.0,-1.0,-1.0
2017/03/02,1783.3333333333333,1786.6666666666665,1693.3333333333333,1706.6666666666665,1402800,-1.0,-1.0,-1.0
2017/03/03,1826.6666666666665,1896.6666666666665,1753.3333333333333,1770.0,6852000,-1.0,-1.0,-1.0
2017/03/06,1736.6666666666665,1790.0,1726.6666666666665,1746.6666666666665,1314300,-1.0,-1.0,-1.0
2017/03/07,1743.3333333333333,1786.6666666666665,1726.6666666666665,1780.0,1006800,-1.0,-1.0,-1.0
2017/03/08,1783.3333333333333,1803.3333333333333,1740.0,1750.0,948900,-1.0,-1.0,-1.0
2017/03/09,1736.6666666666665,1750.0,1706.6666666666665,1723.3333333333333,667800,-1.0,-1.0,-1.0
2017/03/10,1700.0,1736.6666666666665,1661.6666666666665,1670.0,955200,-1.0,-1.0,-1.0
2017/03/13,1683.3333333333333,1756.6666666666665,1676.6666666666665,1696.6666666666665,1316400,-1.0,-1.0,-1.0
2017/03/14,1696.6666666666665,1773.3333333333333,1663.3333333333333,1726.6666666666665,1586100,-1.0,-1.0,-1.0
2017/03/15,1746.6666666666665,1786.6666666666665,1683.3333333333333,1706.6666666666665,1548600,-1.0,-1.0,-1.0
2017/03/16,1700.0,1800.0,1696.6666666666665,1800.0,1359900,-1.0,-1.0,-1.0
2017/03/17,1826.6666666666665,1850.0,1733.3333333333333,1763.3333333333333,1824300,-1.0,-1.0,-1.0
2017/03/21,1790.0,1860.0,1773.3333333333333,1856.6666666666665,2168400,-1.0,-1.0,-1.0
2017/03/22,1800.0,1843.3333333333333,1793.3333333333333,1796.6666666666665,1560900,-1.0,-1.0,-1.0
2017/03/23,1813.3333333333333,1850.0,1750.0,1766.6666666666665,1382100,-1.0,-1.0,-1.0
2017/03/24,1790.0,1793.3333333333333,1690.0,1720.0,1325700,-1.0,-1.0,-1.0
2017/03/27,1686.6666666666665,1690.0,1633.3333333333333,1641.6666666666665,1121700,-1.0,-1.0,-1.0
2017/03/28,1645.0,1646.6666666666665,1550.0,1558.3333333333333,2125500,-1.0,-1.0,-1.0
2017/03/29,1570.0,1605.0,1543.3333333333333,1586.6666666666665,829500,-1.0,-1.0,-1.0
2017/03/30,1586.6666666666665,1626.6666666666665,1570.0,1570.0,730200,-1.0,-1.0,-1.0
2017/03/31,1575.0,1588.3333333333333,1550.0,1560.0,449100,-1.0,-1.0,-1.0
2017/04/03,1666.6666666666665,1666.6666666666665,1590.0,1590.0,1782900,-1.0,-1.0,-1.0
2017/04/04,1633.3333333333333,1706.6666666666665,1570.0,1616.6666666666665,2934600,-1.0,-1.0,-1.0
2017/04/05,1618.3333333333333,1630.0,1510.0,1615.0,2064300,-1.0,-1.0,-1.0
2017/04/06,1596.6666666666665,1596.6666666666665,1520.0,1520.0,1327800,-1.0,-1.0,-1.0
2017/04/07,1528.3333333333333,1576.6666666666665,1335.0,1530.0,3145200,-1.0,-1.0,-1.0
2017/04/10,1535.0,1560.0,1470.0,1481.6666666666665,1035300,-1.0,-1.0,-1.0
2017/04/11,1466.6666666666665,1533.3333333333333,1418.3333333333333,1503.3333333333333,1549200,-1.0,-1.0,-1.0
2017/04/12,1456.6666666666665,1478.3333333333333,1395.0,1396.6666666666665,1392600,-1.0,-1.0,-1.0
2017/04/13,1371.6666666666665,1443.3333333333333,1351.6666666666665,1423.3333333333333,1298100,-1.0,-1.0,-1.0
2017/04/14,1400.0,1483.3333333333333,1390.0,1436.6666666666665,1136400,-1.0,-1.0,-1.0
2017/04/17,1551.6666666666665,1670.0,1510.0,1670.0,3218100,-1.0,-1.0,-1.0
2017/04/18,1740.0,1833.3333333333333,1676.6666666666665,1700.0,7149600,-1.0,-1.0,-1.0
2017/04/19,1670.0,1860.0,1670.0,1816.6666666666665,5504400,-1.0,-1.0,-1.0
2017/04/20,1850.0,1956.6666666666665,1783.3333333333333,1783.3333333333333,7997700,-1.0,-1.0,-1.0
2017/04/21,1850.0,1860.0,1746.6666666666665,1823.3333333333333,2184900,-1.0,-1.0,-1.0
2017/04/24,1820.0,1840.0,1753.3333333333333,1756.6666666666665,1291800,-1.0,-1.0,-1.0
2017/04/25,1753.3333333333333,1853.3333333333333,1726.6666666666665,1836.6666666666665,2409000,-1.0,-1.0,-1.0
2017/04/26,1866.6666666666665,1933.3333333333333,1836.6666666666665,1846.6666666666665,4027800,-1.0,-1.0,-1.0
2017/04/27,1913.3333333333333,2086.6666666666665,1906.6666666666665,1966.6666666666665,10733700,-1.0,-1.0,-1.0
2017/04/28,1996.6666666666665,2036.6666666666665,1930.0,1996.6666666666665,4317600,-1.0,-1.0,-1.0
2017/05/01,2063.333333333333,2150.0,2046.6666666666665,2140.0,5984100,-1.0,-1.0,-1.0
2017/05/02,2123.333333333333,2126.6666666666665,2063.333333333333,2096.6666666666665,2725200,-1.0,-1.0,-1.0
2017/05/08,2130.0,2203.333333333333,2103.333333333333,2183.333333333333,3201000,-1.0,-1.0,-1.0
2017/05/09,2163.333333333333,2240.0,2150.0,2173.333333333333,3156300,-1.0,-1.0,-1.0
2017/05/10,2173.333333333333,2186.6666666666665,2093.333333333333,2146.6666666666665,2115300,-1.0,-1.0,-1.0
2017/05/11,2093.333333333333,2180.0,2053.333333333333,2166.6666666666665,2352000,-1.0,-1.0,-1.0
2017/05/12,2200.0,2206.6666666666665,1926.6666666666665,1936.6666666666665,6723000,-1.0,-1.0,-1.0
2017/05/15,1903.3333333333333,2060.0,1900.0,2060.0,3231600,-1.0,-1.0,-1.0
2017/05/16,2063.333333333333,2106.6666666666665,2003.3333333333333,2033.3333333333333,2115600,-1.0,-1.0,-1.0
2017/05/17,2016.6666666666665,2046.6666666666665,2000.0,2023.3333333333333,965100,-1.0,-1.0,-1.0
2017/05/18,1966.6666666666665,2096.6666666666665,1926.6666666666665,2090.0,2546700,-1.0,-1.0,-1.0
2017/05/19,2086.6666666666665,2140.0,2023.3333333333333,2053.333333333333,2697600,-1.0,-1.0,-1.0
2017/05/22,2093.333333333333,2103.333333333333,2056.6666666666665,2070.0,1022100,-1.0,-1.0,-1.0
2017/05/23,2080.0,2110.0,2036.6666666666665,2056.6666666666665,1317000,-1.0,-1.0,-1.0
2017/05/24,2056.6666666666665,2116.6666666666665,2056.6666666666665,2093.333333333333,1325700,-1.0,-1.0,-1.0
2017/05/25,2083.333333333333,2090.0,2050.0,2060.0,924300,-1.0,-1.0,-1.0
2017/05/26,2043.3333333333333,2076.6666666666665,2020.0,2050.0,1291800,-1.0,-1.0,-1.0
2017/05/29,2060.0,2063.333333333333,1936.6666666666665,1940.0,1835700,-1.0,-1.0,-1.0
2017/05/30,1946.6666666666665,1970.0,1880.0,1930.0,1178400,-1.0,-1.0,-1.0
2017/05/31,1943.3333333333333,2040.0,1913.3333333333333,2040.0,1414800,-1.0,-1.0,-1.0
2017/06/01,2040.0,2070.0,2006.6666666666665,2020.0,1210800,-1.0,-1.0,-1.0
2017/06/02,2046.6666666666665,2106.6666666666665,1986.6666666666665,2000.0,2279100,-1.0,-1.0,-1.0
2017/06/05,2026.6666666666665,2116.6666666666665,2003.3333333333333,2116.6666666666665,2109900,-1.0,-1.0,-1.0
2017/06/06,2120.0,2123.333333333333,2036.6666666666665,2050.0,1480500,-1.0,-1.0,-1.0
2017/06/07,2100.0,2383.333333333333,2080.0,2383.333333333333,10255200,-1.0,-1.0,-1.0
2017/06/08,2433.333333333333,2486.6666666666665,2350.0,2360.0,5198100,-1.0,-1.0,-1.0
2017/06/09,2416.6666666666665,2473.333333333333,2330.0,2433.333333333333,3857100,-1.0,-1.0,-1.0
2017/06/12,2390.0,2463.333333333333,2346.6666666666665,2406.6666666666665,2724000,-1.0,-1.0,-1.0
2017/06/13,2436.6666666666665,2636.6666666666665,2426.6666666666665,2590.0,7474800,-1.0,-1.0,-1.0
2017/06/14,2580.0,2790.0,2550.0,2756.6666666666665,7159500,-1.0,-1.0,-1.0
2017/06/15,2733.333333333333,2746.6666666666665,2636.6666666666665,2660.0,3240300,-1.0,-1.0,-1.0
2017/06/16,2683.333333333333,2826.6666666666665,2666.6666666666665,2763.333333333333,3987900,-1.0,-1.0,-1.0
2017/06/19,2746.6666666666665,2890.0,2736.6666666666665,2856.6666666666665,3060600,-1.0,-1.0,-1.0
2017/06/20,2910.0,2986.6666666666665,2890.0,2940.0,2955000,-1.0,-1.0,-1.0
2017/06/21,2900.0,2963.333333333333,2900.0,2923.333333333333,1716000,-1.0,-1.0,-1.0
2017/06/22,2960.0,3080.0,2903.333333333333,3080.0,3606900,-1.0,-1.0,-1.0
2017/06/23,3150.0,3193.333333333333,2790.0,2943.333333333333,5772900,-1.0,-1.0,-1.0
2017/06/26,2923.333333333333,3133.333333333333,2870.0,3110.0,3828000,-1.0,-1.0,-1.0
2017/06/27,3116.6666666666665,3146.6666666666665,2976.6666666666665,3066.6666666666665,2868900,-1.0,-1.0,-1.0
2017/06/28,3000.0,3023.333333333333,2803.333333333333,2813.333333333333,3993000,-1.0,-1.0,-1.0
2017/06/29,2913.333333333333,2966.6666666666665,2863.333333333333,2920.0,2462400,-1.0,-1.0,-1.0
2017/06/30,2770.0,2930.0,2766.6666666666665,2923.333333333333,2078700,-1.0,-1.0,-1.0
2017/07/03,2973.333333333333,3000.0,2870.0,2873.333333333333,1458300,-1.0,-1.0,-1.0
2017/07/04,2883.333333333333,2930.0,2760.0,2783.333333333333,1606500,-1.0,-1.0,-1.0
2017/07/05,2800.0,2886.6666666666665,2780.0,2856.6666666666665,1346700,-1.0,-1.0,-1.0
2017/07/06,2866.6666666666665,2883.333333333333,2720.0,2783.333333333333,1306500,-1.0,-1.0,-1.0
2017/07/07,2733.333333333333,2823.333333333333,2723.333333333333,2796.6666666666665,1104300,-1.0,-1.0,-1.0
2017/07/10,2960.0,2963.333333333333,2873.333333333333,2936.6666666666665,1769400,-1.0,-1.0,-1.0
2017/07/11,2930.0,2953.333333333333,2870.0,2903.333333333333,952200,-1.0,-1.0,-1.0
2017/07/12,2900.0,2946.6666666666665,2870.0,2890.0,860100,-1.0,-1.0,-1.0
2017/07/13,2913.333333333333,2966.6666666666665,2886.6666666666665,2946.6666666666665,1049400,-1.0,-1.0,-1.0
2017/07/14,2953.333333333333,2953.333333333333,2903.333333333333,2910.0,639600,-1.0,-1.0,-1.0
2017/07/18,2840.0,2913.333333333333,2833.333333333333,2836.6666666666665,926400,-1.0,-1.0,-1.0
2017/07/19,2833.333333333333,2933.333333333333,2826.6666666666665,2876.6666666666665,1002000,-1.0,-1.0,-1.0
2017/07/20,2870.0,2916.6666666666665,2846.6666666666665,2850.0,629100,-1.0,-1.0,-1.0
2017/07/21,2850.0,2873.333333333333,2826.6666666666665,2840.0,446400,-1.0,-1.0,-1.0
2017/07/24,2823.333333333333,2843.333333333333,2760.0,2780.0,648000,-1.0,-1.0,-1.0
2017/07/25,2756.6666666666665,2796.6666666666665,2740.0,2786.6666666666665,542100,-1.0,-1.0,-1.0
2017/07/26,2796.6666666666665,2853.333333333333,2783.333333333333,2823.333333333333,503700,-1.0,-1.0,-1.0
2017/07/27,3066.6666666666665,3233.333333333333,3046.6666666666665,3070.0,4847400,-1.0,-1.0,-1.0
2017/07/28,3060.0,3300.0,3046.6666666666665,3250.0,5194500,-1.0,-1.0,-1.0
2017/07/31,3326.6666666666665,3346.6666666666665,3183.333333333333,3306.6666666666665,3786900,-1.0,-1.0,-1.0
2017/08/01,3286.6666666666665,3300.0,2946.6666666666665,3026.6666666666665,3711600,-1.0,-1.0,-1.0
2017/08/02,3066.6666666666665,3216.6666666666665,3063.333333333333,3200.0,1888800,-1.0,-1.0,-1.0
2017/08/03,3200.0,3223.333333333333,3080.0,3143.333333333333,1936800,-1.0,-1.0,-1.0
2017/08/04,3113.333333333333,3270.0,3083.333333333333,3253.333333333333,2092200,-1.0,-1.0,-1.0
2017/08/07,3300.0,3426.6666666666665,3263.333333333333,3296.6666666666665,4084200,-1.0,-1.0,-1.0
2017/08/08,3296.6666666666665,3410.0,3276.6666666666665,3390.0,2339700,-1.0,-1.0,-1.0
2017/08/09,3383.333333333333,3383.333333333333,3123.333333333333,3270.0,3984900,-1.0,-1.0,-1.0
2017/08/10,3266.6666666666665,3353.333333333333,3173.333333333333,3240.0,2001300,-1.0,-1.0,-1.0
2017/08/14,3266.6666666666665,3663.333333333333,3266.6666666666665,3576.6666666666665,7038900,-1.0,-1.0,-1.0
2017/08/15,3573.333333333333,3690.0,3440.0,3476.6666666666665,3398100,-1.0,-1.0,-1.0
2017/08/16,3563.333333333333,3613.333333333333,3503.333333333333,3526.6666666666665,1688100,-1.0,-1.0,-1.0
2017/08/17,3550.0,3580.0,3473.333333333333,3500.0,987300,-1.0,-1.0,-1.0
2017/08/18,3440.0,3576.6666666666665,3426.6666666666665,3540.0,1509600,-1.0,-1.0,-1.0
2017/08/21,3550.0,3570.0,3333.333333333333,3390.0,1987800,-1.0,-1.0,-1.0
2017/08/22,3423.333333333333,3490.0,3383.333333333333,3396.6666666666665,1058700,-1.0,-1.0,-1.0
2017/08/23,3463.333333333333,3466.6666666666665,3370.0,3373.333333333333,786000,-1.0,-1.0,-1.0
2017/08/24,3343.333333333333,3353.333333333333,3236.6666666666665,3253.333333333333,1584000,-1.0,-1.0,-1.0
2017/08/25,3283.333333333333,3350.0,3273.333333333333,3296.6666666666665,809700,-1.0,-1.0,-1.0
2017/08/28,3283.333333333333,3290.0,3196.6666666666665,3270.0,989700,-1.0,-1.0,-1.0
2017/08/29,3230.0,3266.6666666666665,3200.0,3226.6666666666665,659700,-1.0,-1.0,-1.0
2017/08/30,3266.6666666666665,3270.0,3096.6666666666665,3200.0,1243800,-1.0,-1.0,-1.0
2017/08/31,3306.6666666666665,3420.0,3276.6666666666665,3406.6666666666665,2043600,-1.0,-1.0,-1.0
2017/09/01,3453.333333333333,3463.333333333333,3226.6666666666665,3256.6666666666665,1762200,-1.0,-1.0,-1.0
2017/09/04,3173.333333333333,3180.0,3036.6666666666665,3096.6666666666665,1708500,-1.0,-1.0,-1.0
2017/09/05,3100.0,3110.0,2863.333333333333,2883.333333333333,2331300,-1.0,-1.0,-1.0
2017/09/06,2743.333333333333,2963.333333333333,2736.6666666666665,2946.6666666666665,1892700,-1.0,-1.0,-1.0
2017/09/07,2996.6666666666665,3003.333333333333,2823.333333333333,2833.333333333333,1774200,-1.0,-1.0,-1.0
2017/09/08,3006.6666666666665,3103.333333333333,2913.333333333333,2966.6666666666665,3813600,-1.0,-1.0,-1.0
2017/09/11,3006.6666666666665,3066.6666666666665,2983.333333333333,3010.0,1379400,-1.0,-1.0,-1.0
2017/09/12,3040.0,3053.333333333333,2996.6666666666665,3020.0,737400,-1.0,-1.0,-1.0
2017/09/13,3016.6666666666665,3130.0,2976.6666666666665,3116.6666666666665,1370100,-1.0,-1.0,-1.0
2017/09/14,3110.0,3110.0,3010.0,3040.0,948900,-1.0,-1.0,-1.0
2017/09/15,3016.6666666666665,3060.0,3003.333333333333,3056.6666666666665,774000,-1.0,-1.0,-1.0
2017/09/19,3116.6666666666665,3116.6666666666665,3066.6666666666665,3096.6666666666665,879900,-1.0,-1.0,-1.0
2017/09/20,3096.6666666666665,3106.6666666666665,3033.333333333333,3070.0,645600,-1.0,-1.0,-1.0
2017/09/21,3063.333333333333,3126.6666666666665,3036.6666666666665,3090.0,867600,-1.0,-1.0,-1.0
2017/09/22,3076.6666666666665,3096.6666666666665,3020.0,3043.333333333333,679500,-1.0,-1.0,-1.0
2017/09/25,3043.333333333333,3216.6666666666665,3040.0,3166.6666666666665,1350600,-1.0,-1.0,-1.0
2017/09/26,3160.0,3166.6666666666665,3066.6666666666665,3103.333333333333,757200,-1.0,-1.0,-1.0
2017/09/27,3103.333333333333,3136.6666666666665,3070.0,3080.0,493800,-1.0,-1.0,-1.0
2017/09/28,3090.0,3100.0,2993.333333333333,3003.333333333333,956400,-1.0,-1.0,-1.0
2017/09/29,2990.0,2990.0,2846.6666666666665,2933.333333333333,1439400,-1.0,-1.0,-1.0
2017/10/02,2883.333333333333,2993.333333333333,2883.333333333333,2990.0,681000,-1.0,-1.0,-1.0
2017/10/03,3000.0,3006.6666666666665,2886.6666666666665,2890.0,1062900,-1.0,-1.0,-1.0
2017/10/04,2886.6666666666665,2886.6666666666665,2803.333333333333,2860.0,936900,-1.0,-1.0,-1.0
2017/10/05,2843.333333333333,2853.333333333333,2640.0,2663.333333333333,1827600,-1.0,-1.0,-1.0
2017/10/06,2640.0,2746.6666666666665,2640.0,2693.333333333333,1489200,-1.0,-1.0,-1.0
2017/10/10,2710.0,2826.6666666666665,2670.0,2823.333333333333,1196400,-1.0,-1.0,-1.0
2017/10/11,2823.333333333333,2836.6666666666665,2776.6666666666665,2833.333333333333,915300,-1.0,-1.0,-1.0
2017/10/12,2836.6666666666665,2896.6666666666665,2820.0,2826.6666666666665,804600,-1.0,-1.0,-1.0
2017/10/13,2823.333333333333,2890.0,2806.6666666666665,2873.333333333333,690600,-1.0,-1.0,-1.0
2017/10/16,2923.333333333333,2990.0,2900.0,2966.6666666666665,1162500,-1.0,-1.0,-1.0
2017/10/17,2966.6666666666665,2976.6666666666665,2820.0,2833.333333333333,1355700,-1.0,-1.0,-1.0
2017/10/18,2830.0,2893.333333333333,2786.6666666666665,2876.6666666666665,772200,-1.0,-1.0,-1.0
2017/10/19,2886.6666666666665,2933.333333333333,2866.6666666666665,2883.333333333333,678600,-1.0,-1.0,-1.0
2017/10/20,2876.6666666666665,2906.6666666666665,2846.6666666666665,2886.6666666666665,451500,-1.0,-1.0,-1.0
2017/10/23,2890.0,2930.0,2853.333333333333,2926.6666666666665,525900,-1.0,-1.0,-1.0
2017/10/24,2926.6666666666665,2933.333333333333,2890.0,2930.0,465600,-1.0,-1.0,-1.0
2017/10/25,2930.0,3013.333333333333,2906.6666666666665,2926.6666666666665,1110000,-1.0,-1.0,-1.0
2017/10/26,2930.0,3050.0,2926.6666666666665,3040.0,984600,-1.0,-1.0,-1.0
2017/10/27,3056.6666666666665,3100.0,3033.333333333333,3100.0,883800,-1.0,-1.0,-1.0
2017/10/30,3160.0,3196.6666666666665,3060.0,3116.6666666666665,1912800,-1.0,-1.0,-1.0
2017/10/31,3116.6666666666665,3236.6666666666665,3096.6666666666665,3233.333333333333,1090500,-1.0,-1.0,-1.0
2017/11/01,3233.333333333333,3240.0,3093.333333333333,3103.333333333333,1452300,-1.0,-1.0,-1.0
2017/11/02,3130.0,3133.333333333333,3053.333333333333,3123.333333333333,719700,-1.0,-1.0,-1.0
2017/11/06,3086.6666666666665,3170.0,3073.333333333333,3086.6666666666665,569100,-1.0,-1.0,-1.0
2017/11/07,3100.0,3123.333333333333,3016.6666666666665,3043.333333333333,682500,-1.0,-1.0,-1.0
2017/11/08,3036.6666666666665,3066.6666666666665,2996.6666666666665,3026.6666666666665,579900,-1.0,-1.0,-1.0
2017/11/09,3016.6666666666665,3020.0,2876.6666666666665,2933.333333333333,1475400,-1.0,-1.0,-1.0
2017/11/10,2900.0,2953.333333333333,2856.6666666666665,2950.0,876600,-1.0,-1.0,-1.0
2017/11/13,2956.6666666666665,3083.333333333333,2946.6666666666665,3066.6666666666665,1006200,-1.0,-1.0,-1.0
2017/11/14,3000.0,3000.0,2686.6666666666665,2690.0,4478100,-1.0,-1.0,-1.0
2017/11/15,2706.6666666666665,2750.0,2190.0,2190.0,2713200,-1.0,-1.0,-1.0
2017/11/16,2516.6666666666665,2523.333333333333,2480.0,2523.333333333333,1269300,-1.0,-1.0,-1.0
2017/11/17,2673.333333333333,2740.0,2553.333333333333,2600.0,3882300,-1.0,-1.0,-1.0
2017/11/20,2580.0,2673.333333333333,2540.0,2550.0,1047000,-1.0,-1.0,-1.0
2017/11/21,2513.333333333333,2540.0,2383.333333333333,2533.333333333333,1744200,-1.0,-1.0,-1.0
2017/11/22,2576.6666666666665,2583.333333333333,2486.6666666666665,2493.333333333333,840900,-1.0,-1.0,-1.0
2017/11/24,2416.6666666666665,2500.0,2403.333333333333,2433.333333333333,1332600,-1.0,-1.0,-1.0
2017/11/27,2466.6666666666665,2560.0,2440.0,2533.333333333333,1187400,-1.0,-1.0,-1.0
2017/11/28,2566.6666666666665,2643.333333333333,2500.0,2643.333333333333,1323300,-1.0,-1.0,-1.0
2017/11/29,2683.333333333333,2700.0,2543.333333333333,2566.6666666666665,1470900,-1.0,-1.0,-1.0
2017/11/30,2576.6666666666665,2596.6666666666665,2483.333333333333,2566.6666666666665,882900,-1.0,-1.0,-1.0
2017/12/01,2566.6666666666665,2576.6666666666665,2503.333333333333,2523.333333333333,537600,-1.0,-1.0,-1.0
2017/12/04,2513.333333333333,2520.0,2386.6666666666665,2390.0,1130700,-1.0,-1.0,-1.0
2017/12/05,2333.333333333333,2416.6666666666665,2326.6666666666665,2376.6666666666665,1101600,-1.0,-1.0,-1.0
2017/12/06,2466.6666666666665,2490.0,2366.6666666666665,2420.0,1311000,-1.0,-1.0,-1.0
2017/12/07,2436.6666666666665,2503.333333333333,2433.333333333333,2463.333333333333,808500,-1.0,-1.0,-1.0
2017/12/08,2483.333333333333,2483.333333333333,2383.333333333333,2386.6666666666665,897300,-1.0,-1.0,-1.0
2017/12/11,2356.6666666666665,2436.6666666666665,2333.333333333333,2406.6666666666665,947400,-1.0,-1.0,-1.0
2017/12/12,2410.0,2416.6666666666665,2353.333333333333,2366.6666666666665,750300,-1.0,-1.0,-1.0
2017/12/13,2373.333333333333,2496.6666666666665,2366.6666666666665,2436.6666666666665,1242900,-1.0,-1.0,-1.0
2017/12/14,2433.333333333333,2460.0,2380.0,2400.0,614700,-1.0,-1.0,-1.0
2017/12/15,2393.333333333333,2413.333333333333,2370.0,2403.333333333333,369900,-1.0,-1.0,-1.0
2017/12/18,2403.333333333333,2410.0,2356.6666666666665,2373.333333333333,573300,-1.0,-1.0,-1.0
2017/12/19,2356.6666666666665,2360.0,2316.6666666666665,2336.6666666666665,717300,-1.0,-1.0,-1.0
2017/12/20,2350.0,2350.0,2210.0,2230.0,1542600,-1.0,-1.0,-1.0
2017/12/21,2206.6666666666665,2263.333333333333,2193.333333333333,2256.6666666666665,850200,-1.0,-1.0,-1.0
2017/12/22,2266.6666666666665,2270.0,2226.6666666666665,2240.0,735000,-1.0,-1.0,-1.0
2017/12/25,2213.333333333333,2233.333333333333,2186.6666666666665,2193.333333333333,1690500,-1.0,-1.0,-1.0
2017/12/26,2193.333333333333,2250.0,2183.333333333333,2186.6666666666665,1422900,-1.0,-1.0,-1.0
2017/12/27,2186.6666666666665,2356.6666666666665,2180.0,2356.6666666666665,1800600,-1.0,-1.0,-1.0
2017/12/28,2350.0,2366.6666666666665,2213.333333333333,2223.333333333333,1336500,-1.0,-1.0,-1.0
2017/12/29,2233.333333333333,2260.0,2190.0,2210.0,715200,-1.0,-1.0,-1.0
2018/01/04,2233.333333333333,2256.6666666666665,2200.0,2256.6666666666665,613200,-1.0,-1.0,-1.0
2018/01/05,2256.6666666666665,2303.333333333333,2210.0,2250.0,918300,-1.0,-1.0,-1.0
2018/01/09,2276.6666666666665,2323.333333333333,2250.0,2306.6666666666665,624900,-1.0,-1.0,-1.0
2018/01/10,2326.6666666666665,2390.0,2296.6666666666665,2383.333333333333,833700,-1.0,-1.0,-1.0
2018/01/11,2373.333333333333,2420.0,2333.333333333333,2383.333333333333,816300,-1.0,-1.0,-1.0
2018/01/12,2416.6666666666665,2450.0,2403.333333333333,2423.333333333333,811800,-1.0,-1.0,-1.0
2018/01/15,2453.333333333333,2453.333333333333,2370.0,2406.6666666666665,546300,-1.0,-1.0,-1.0
2018/01/16,2386.6666666666665,2400.0,2350.0,2366.6666666666665,489000,-1.0,-1.0,-1.0
2018/01/17,2333.333333333333,2360.0,2310.0,2326.6666666666665,563100,-1.0,-1.0,-1.0
2018/01/18,2340.0,2370.0,2316.6666666666665,2316.6666666666665,430500,-1.0,-1.0,-1.0
2018/01/19,2326.6666666666665,2353.333333333333,2316.6666666666665,2343.333333333333,438000,-1.0,-1.0,-1.0
2018/01/22,2356.6666666666665,2356.6666666666665,2286.6666666666665,2306.6666666666665,777900,-1.0,-1.0,-1.0
2018/01/23,2306.6666666666665,2350.0,2296.6666666666665,2346.6666666666665,489600,-1.0,-1.0,-1.0
2018/01/24,2346.6666666666665,2406.6666666666665,2336.6666666666665,2360.0,680100,-1.0,-1.0,-1.0
2018/01/25,2343.333333333333,2370.0,2320.0,2330.0,408900,-1.0,-1.0,-1.0
2018/01/26,2340.0,2356.6666666666665,2323.333333333333,2343.333333333333,361200,-1.0,-1.0,-1.0
2018/01/29,2346.6666666666665,2350.0,2290.0,2313.333333333333,771300,-1.0,-1.0,-1.0
2018/01/30,2293.333333333333,2296.6666666666665,2196.6666666666665,2230.0,1140300,-1.0,-1.0,-1.0
2018/01/31,2196.6666666666665,2246.6666666666665,2176.6666666666665,2210.0,543300,-1.0,-1.0,-1.0
2018/02/01,2236.6666666666665,2300.0,2210.0,2293.333333333333,745800,-1.0,-1.0,-1.0
2018/02/02,2283.333333333333,2310.0,2236.6666666666665,2303.333333333333,646500,-1.0,-1.0,-1.0
2018/02/05,2203.333333333333,2340.0,2203.333333333333,2326.6666666666665,722100,-1.0,-1.0,-1.0
2018/02/06,2166.6666666666665,2233.333333333333,1993.3333333333333,2043.3333333333333,1815900,-1.0,-1.0,-1.0
2018/02/07,2166.6666666666665,2203.333333333333,2036.6666666666665,2043.3333333333333,1088400,-1.0,-1.0,-1.0
2018/02/08,2056.6666666666665,2090.0,2033.3333333333333,2073.333333333333,596100,-1.0,-1.0,-1.0
2018/02/09,1906.6666666666665,1990.0,1883.3333333333333,1956.6666666666665,1436700,-1.0,-1.0,-1.0
2018/02/13,2006.6666666666665,2070.0,1966.6666666666665,2046.6666666666665,1431600,-1.0,-1.0,-1.0
2018/02/14,2100.0,2126.6666666666665,1966.6666666666665,1966.6666666666665,1213200,-1.0,-1.0,-1.0
2018/02/15,1980.0,2010.0,1823.3333333333333,1826.6666666666665,1641600,-1.0,-1.0,-1.0
2018/02/16,1850.0,1900.0,1813.3333333333333,1850.0,1024800,-1.0,-1.0,-1.0
2018/02/19,1873.3333333333333,1956.6666666666665,1856.6666666666665,1940.0,912900,-1.0,-1.0,-1.0
2018/02/20,1953.3333333333333,2096.6666666666665,1950.0,2076.6666666666665,1315800,-1.0,-1.0,-1.0
2018/02/21,2123.333333333333,2156.6666666666665,2040.0,2073.333333333333,1078800,-1.0,-1.0,-1.0
2018/02/22,2066.6666666666665,2066.6666666666665,1993.3333333333333,2003.3333333333333,692700,-1.0,-1.0,-1.0
2018/02/23,2020.0,2050.0,1996.6666666666665,2006.6666666666665,439500,-1.0,-1.0,-1.0
2018/02/26,2040.0,2063.333333333333,2013.3333333333333,2043.3333333333333,545100,-1.0,-1.0,-1.0
2018/02/27,2063.333333333333,2070.0,2010.0,2013.3333333333333,420900,-1.0,-1.0,-1.0
2018/02/28,2003.3333333333333,2036.6666666666665,2000.0,2030.0,436500,-1.0,-1.0,-1.0
2018/03/01,2003.3333333333333,2010.0,1970.0,1986.6666666666665,434700,-1.0,-1.0,-1.0
2018/03/02,1920.0,1933.3333333333333,1900.0,1920.0,509100,-1.0,-1.0,-1.0
2018/03/05,1916.6666666666665,1933.3333333333333,1813.3333333333333,1830.0,712500,-1.0,-1.0,-1.0
2018/03/06,1896.6666666666665,1923.3333333333333,1856.6666666666665,1916.6666666666665,407400,-1.0,-1.0,-1.0
2018/03/07,1910.0,1983.3333333333333,1900.0,1900.0,486000,-1.0,-1.0,-1.0
2018/03/08,1916.6666666666665,1943.3333333333333,1910.0,1926.6666666666665,250800,-1.0,-1.0,-1.0
2018/03/09,1936.6666666666665,1966.6666666666665,1933.3333333333333,1963.3333333333333,275400,-1.0,-1.0,-1.0
2018/03/12,1993.3333333333333,2043.3333333333333,1986.6666666666665,2040.0,486900,-1.0,-1.0,-1.0
2018/03/13,2040.0,2080.0,2013.3333333333333,2053.333333333333,592200,-1.0,-1.0,-1.0
2018/03/14,2033.3333333333333,2060.0,2030.0,2046.6666666666665,276000,-1.0,-1.0,-1.0
2018/03/15,2050.0,2086.6666666666665,2050.0,2056.6666666666665,418200,-1.0,-1.0,-1.0
2018/03/16,2003.3333333333333,2016.6666666666665,1930.0,1936.6666666666665,1550400,-1.0,-1.0,-1.0
2018/03/19,1920.0,1973.3333333333333,1836.6666666666665,1836.6666666666665,972000,-1.0,-1.0,-1.0
2018/03/20,1810.0,1836.6666666666665,1786.6666666666665,1806.6666666666665,779100,-1.0,-1.0,-1.0
2018/03/22,1796.6666666666665,1806.6666666666665,1720.0,1743.3333333333333,1141800,-1.0,-1.0,-1.0
2018/03/23,1666.6666666666665,1693.3333333333333,1596.6666666666665,1633.3333333333333,1704900,-1.0,-1.0,-1.0
2018/03/26,1608.3333333333333,1665.0,1570.0,1641.6666666666665,942000,-1.0,-1.0,-1.0
2018/03/27,1658.3333333333333,1716.6666666666665,1658.3333333333333,1700.0,570900,-1.0,-1.0,-1.0
2018/03/28,1658.3333333333333,1703.3333333333333,1658.3333333333333,1673.3333333333333,368100,-1.0,-1.0,-1.0
2018/03/29,1696.6666666666665,1743.3333333333333,1693.3333333333333,1716.6666666666665,495600,-1.0,-1.0,-1.0
2018/03/30,1696.6666666666665,1706.6666666666665,1663.3333333333333,1683.3333333333333,831300,-1.0,-1.0,-1.0
2018/04/02,1656.6666666666665,1670.0,1580.0,1580.0,1310700,-1.0,-1.0,-1.0
2018/04/03,1543.3333333333333,1548.3333333333333,1491.6666666666665,1513.3333333333333,1742400,-1.0,-1.0,-1.0
2018/04/04,1518.3333333333333,1553.3333333333333,1505.0,1531.6666666666665,792900,-1.0,-1.0,-1.0
2018/04/05,1543.3333333333333,1560.0,1528.3333333333333,1550.0,400500,-1.0,-1.0,-1.0
2018/04/06,1543.3333333333333,1553.3333333333333,1506.6666666666665,1521.6666666666665,426600,-1.0,-1.0,-1.0
2018/04/09,1503.3333333333333,1545.0,1500.0,1540.0,409500,-1.0,-1.0,-1.0
2018/04/10,1525.0,1541.6666666666665,1510.0,1533.3333333333333,269100,-1.0,-1.0,-1.0
2018/04/11,1526.6666666666665,1528.3333333333333,1495.0,1506.6666666666665,332700,-1.0,-1.0,-1.0
2018/04/12,1491.6666666666665,1540.0,1481.6666666666665,1510.0,372000,-1.0,-1.0,-1.0
2018/04/13,1515.0,1531.6666666666665,1491.6666666666665,1496.6666666666665,285300,-1.0,-1.0,-1.0
2018/04/16,1496.6666666666665,1531.6666666666665,1496.6666666666665,1520.0,303600,-1.0,-1.0,-1.0
2018/04/17,1520.0,1538.3333333333333,1461.6666666666665,1475.0,448200,-1.0,-1.0,-1.0
2018/04/18,1485.0,1526.6666666666665,1485.0,1506.6666666666665,315600,-1.0,-1.0,-1.0
2018/04/19,1526.6666666666665,1528.3333333333333,1481.6666666666665,1483.3333333333333,303900,-1.0,-1.0,-1.0
2018/04/20,1475.0,1603.3333333333333,1475.0,1598.3333333333333,756000,-1.0,-1.0,-1.0
2018/04/23,1650.0,1650.0,1571.6666666666665,1628.3333333333333,679800,-1.0,-1.0,-1.0
2018/04/24,1633.3333333333333,1635.0,1598.3333333333333,1600.0,325800,-1.0,-1.0,-1.0
2018/04/25,1573.3333333333333,1615.0,1571.6666666666665,1603.3333333333333,320400,-1.0,-1.0,-1.0
2018/04/26,1603.3333333333333,1665.0,1603.3333333333333,1633.3333333333333,807600,-1.0,-1.0,-1.0
2018/04/27,1653.3333333333333,1656.6666666666665,1575.0,1576.6666666666665,419700,-1.0,-1.0,-1.0
2018/05/01,1556.6666666666665,1598.3333333333333,1541.6666666666665,1561.6666666666665,242400,-1.0,-1.0,-1.0
2018/05/02,1570.0,1603.3333333333333,1570.0,1591.6666666666665,209400,-1.0,-1.0,-1.0
2018/05/07,1591.6666666666665,1610.0,1580.0,1585.0,159900,-1.0,-1.0,-1.0
2018/05/08,1608.3333333333333,1638.3333333333333,1601.6666666666665,1628.3333333333333,360900,-1.0,-1.0,-1.0
2018/05/09,1630.0,1648.3333333333333,1610.0,1646.6666666666665,307200,-1.0,-1.0,-1.0
2018/05/10,1656.6666666666665,1656.6666666666665,1593.3333333333333,1596.6666666666665,494100,-1.0,-1.0,-1.0
2018/05/11,1700.0,1830.0,1608.3333333333333,1638.3333333333333,3800400,-1.0,-1.0,-1.0
2018/05/14,1618.3333333333333,1638.3333333333333,1533.3333333333333,1623.3333333333333,1196400,-1.0,-1.0,-1.0
2018/05/15,1623.3333333333333,1623.3333333333333,1561.6666666666665,1566.6666666666665,764100,-1.0,-1.0,-1.0
2018/05/16,1568.3333333333333,1623.3333333333333,1551.6666666666665,1606.6666666666665,637200,-1.0,-1.0,-1.0
2018/05/17,1585.0,1621.6666666666665,1580.0,1606.6666666666665,567000,-1.0,-1.0,-1.0
2018/05/18,1593.3333333333333,1656.6666666666665,1585.0,1633.3333333333333,671100,-1.0,-1.0,-1.0
2018/05/21,1650.0,1746.6666666666665,1640.0,1726.6666666666665,897000,-1.0,-1.0,-1.0
2018/05/22,1746.6666666666665,1750.0,1686.6666666666665,1696.6666666666665,459000,-1.0,-1.0,-1.0
2018/05/23,1706.6666666666665,1706.6666666666665,1661.6666666666665,1670.0,292200,-1.0,-1.0,-1.0
2018/05/24,1663.3333333333333,1666.6666666666665,1618.3333333333333,1628.3333333333333,454800,-1.0,-1.0,-1.0
2018/05/25,1616.6666666666665,1651.6666666666665,1606.6666666666665,1636.6666666666665,339600,-1.0,-1.0,-1.0
2018/05/28,1643.3333333333333,1651.6666666666665,1625.0,1635.0,258000,-1.0,-1.0,-1.0
2018/05/29,1626.6666666666665,1638.3333333333333,1576.6666666666665,1586.6666666666665,389100,-1.0,-1.0,-1.0
2018/05/30,1551.6666666666665,1586.6666666666665,1536.6666666666665,1575.0,406500,-1.0,-1.0,-1.0
2018/05/31,1598.3333333333333,1598.3333333333333,1565.0,1581.6666666666665,402000,-1.0,-1.0,-1.0
2018/06/01,1570.0,1588.3333333333333,1560.0,1573.3333333333333,268500,-1.0,-1.0,-1.0
2018/06/04,1578.3333333333333,1596.6666666666665,1571.6666666666665,1596.6666666666665,240000,-1.0,-1.0,-1.0
2018/06/05,1596.6666666666665,1598.3333333333333,1556.6666666666665,1566.6666666666665,262800,-1.0,-1.0,-1.0
2018/06/06,1560.0,1563.3333333333333,1541.6666666666665,1550.0,264900,-1.0,-1.0,-1.0
2018/06/07,1545.0,1570.0,1545.0,1561.6666666666665,194100,-1.0,-1.0,-1.0
2018/06/08,1556.6666666666665,1610.0,1551.6666666666665,1590.0,499500,-1.0,-1.0,-1.0
2018/06/11,1583.3333333333333,1590.0,1515.0,1518.3333333333333,921600,-1.0,-1.0,-1.0
2018/06/12,1526.6666666666665,1545.0,1506.6666666666665,1536.6666666666665,368100,-1.0,-1.0,-1.0
2018/06/13,1535.0,1566.6666666666665,1533.3333333333333,1538.3333333333333,361500,-1.0,-1.0,-1.0
2018/06/14,1535.0,1556.6666666666665,1515.0,1516.6666666666665,353700,-1.0,-1.0,-1.0
2018/06/15,1526.6666666666665,1540.0,1510.0,1511.6666666666665,337500,-1.0,-1.0,-1.0
2018/06/18,1506.6666666666665,1511.6666666666665,1461.6666666666665,1470.0,495600,-1.0,-1.0,-1.0
2018/06/19,1461.6666666666665,1471.6666666666665,1395.0,1408.3333333333333,649500,-1.0,-1.0,-1.0
2018/06/20,1386.6666666666665,1446.6666666666665,1360.0,1440.0,550800,-1.0,-1.0,-1.0
2018/06/21,1441.6666666666665,1468.3333333333333,1436.6666666666665,1461.6666666666665,267000,-1.0,-1.0,-1.0
2018/06/22,1441.6666666666665,1460.0,1433.3333333333333,1441.6666666666665,159300,-1.0,-1.0,-1.0
2018/06/25,1431.6666666666665,1448.3333333333333,1346.6666666666665,1348.3333333333333,400200,-1.0,-1.0,-1.0
2018/06/26,1300.0,1440.0,1293.3333333333333,1355.0,861900,-1.0,-1.0,-1.0
2018/06/27,1371.6666666666665,1468.3333333333333,1360.0,1461.6666666666665,619800,-1.0,-1.0,-1.0
2018/06/28,1441.6666666666665,1466.6666666666665,1401.6666666666665,1460.0,362700,-1.0,-1.0,-1.0
2018/06/29,1471.6666666666665,1471.6666666666665,1385.0,1395.0,360000,-1.0,-1.0,-1.0
2018/07/02,1403.3333333333333,1453.3333333333333,1398.3333333333333,1411.6666666666665,355800,-1.0,-1.0,-1.0
2018/07/03,1425.0,1463.3333333333333,1366.6666666666665,1386.6666666666665,373500,-1.0,-1.0,-1.0
2018/07/04,1385.0,1386.6666666666665,1318.3333333333333,1328.3333333333333,482100,-1.0,-1.0,-1.0
2018/07/05,1318.3333333333333,1353.3333333333333,1246.6666666666665,1263.3333333333333,693600,-1.0,-1.0,-1.0
2018/07/06,1276.6666666666665,1301.6666666666665,1263.3333333333333,1290.0,475200,-1.0,-1.0,-1.0
2018/07/09,1290.0,1341.6666666666665,1281.6666666666665,1336.6666666666665,445200,-1.0,-1.0,-1.0
2018/07/10,1360.0,1411.6666666666665,1340.0,1403.3333333333333,566100,-1.0,-1.0,-1.0
2018/07/11,1385.0,1390.0,1336.6666666666665,1340.0,477900,-1.0,-1.0,-1.0
2018/07/12,1345.0,1353.3333333333333,1316.6666666666665,1316.6666666666665,291900,-1.0,-1.0,-1.0
2018/07/13,1340.0,1343.3333333333333,1316.6666666666665,1330.0,195900,-1.0,-1.0,-1.0
2018/07/17,1330.0,1396.6666666666665,1328.3333333333333,1385.0,369900,-1.0,-1.0,-1.0
2018/07/18,1390.0,1401.6666666666665,1353.3333333333333,1356.6666666666665,222300,-1.0,-1.0,-1.0
2018/07/19,1366.6666666666665,1385.0,1358.3333333333333,1361.6666666666665,181200,-1.0,-1.0,-1.0
2018/07/20,1355.0,1358.3333333333333,1316.6666666666665,1338.3333333333333,464700,-1.0,-1.0,-1.0
2018/07/23,1323.3333333333333,1350.0,1318.3333333333333,1320.0,267600,-1.0,-1.0,-1.0
2018/07/24,1328.3333333333333,1346.6666666666665,1320.0,1341.6666666666665,222000,-1.0,-1.0,-1.0
2018/07/25,1351.6666666666665,1395.0,1348.3333333333333,1373.3333333333333,512100,-1.0,-1.0,-1.0
2018/07/26,1383.3333333333333,1395.0,1366.6666666666665,1393.3333333333333,257100,-1.0,-1.0,-1.0
2018/07/27,1393.3333333333333,1395.0,1361.6666666666665,1375.0,271200,-1.0,-1.0,-1.0
2018/07/30,1378.3333333333333,1421.6666666666665,1378.3333333333333,1416.6666666666665,545400,-1.0,-1.0,-1.0
2018/07/31,1428.3333333333333,1428.3333333333333,1360.0,1413.3333333333333,581700,-1.0,-1.0,-1.0
2018/08/01,1426.6666666666665,1436.6666666666665,1378.3333333333333,1390.0,478800,-1.0,-1.0,-1.0
2018/08/02,1383.3333333333333,1386.6666666666665,1333.3333333333333,1335.0,626400,-1.0,-1.0,-1.0
2018/08/03,1101.6666666666665,1188.3333333333333,1101.6666666666665,1126.6666666666665,3454200,-1.0,-1.0,-1.0
2018/08/06,1111.6666666666665,1160.0,1111.6666666666665,1128.3333333333333,735900,-1.0,-1.0,-1.0
2018/08/07,1128.3333333333333,1156.6666666666665,1120.0,1148.3333333333333,687300,-1.0,-1.0,-1.0
2018/08/08,1136.6666666666665,1155.0,1120.0,1153.3333333333333,600900,-1.0,-1.0,-1.0
2018/08/09,1153.3333333333333,1183.3333333333333,1148.3333333333333,1181.6666666666665,490800,-1.0,-1.0,-1.0
2018/08/10,1173.3333333333333,1180.0,1130.0,1133.3333333333333,462600,-1.0,-1.0,-1.0
2018/08/13,1111.6666666666665,1121.6666666666665,1058.3333333333333,1066.6666666666665,542400,-1.0,-1.0,-1.0
2018/08/14,1078.3333333333333,1111.6666666666665,1078.3333333333333,1100.0,343200,-1.0,-1.0,-1.0
2018/08/15,1093.3333333333333,1095.0,1075.0,1083.3333333333333,304800,-1.0,-1.0,-1.0
2018/08/16,1060.0,1076.6666666666665,1050.0,1061.6666666666665,261600,-1.0,-1.0,-1.0
2018/08/17,1070.0,1101.6666666666665,1050.0,1090.0,453600,-1.0,-1.0,-1.0
2018/08/20,1083.3333333333333,1091.6666666666665,1058.3333333333333,1058.3333333333333,258900,-1.0,-1.0,-1.0
2018/08/21,1046.6666666666665,1056.6666666666665,1025.0,1038.3333333333333,274200,-1.0,-1.0,-1.0
2018/08/22,1035.0,1095.0,1035.0,1086.6666666666665,372300,-1.0,-1.0,-1.0
2018/08/23,1106.6666666666665,1183.3333333333333,1106.6666666666665,1155.0,879900,-1.0,-1.0,-1.0
2018/08/24,1165.0,1173.3333333333333,1113.3333333333333,1160.0,696900,-1.0,-1.0,-1.0
2018/08/27,1176.6666666666665,1223.3333333333333,1161.6666666666665,1200.0,705900,-1.0,-1.0,-1.0
2018/08/28,1208.3333333333333,1281.6666666666665,1208.3333333333333,1215.0,779700,-1.0,-1.0,-1.0
2018/08/29,1216.6666666666665,1280.0,1216.6666666666665,1280.0,532800,-1.0,-1.0,-1.0
2018/08/30,1320.0,1338.3333333333333,1276.6666666666665,1300.0,774000,-1.0,-1.0,-1.0
2018/08/31,1275.0,1295.0,1245.0,1280.0,525900,-1.0,-1.0,-1.0
2018/09/03,1296.6666666666665,1298.3333333333333,1250.0,1256.6666666666665,373200,-1.0,-1.0,-1.0
2018/09/04,1256.6666666666665,1278.3333333333333,1236.6666666666665,1273.3333333333333,236100,-1.0,-1.0,-1.0
2018/09/05,1276.6666666666665,1278.3333333333333,1223.3333333333333,1265.0,296700,-1.0,-1.0,-1.0
2018/09/06,1250.0,1260.0,1213.3333333333333,1223.3333333333333,205800,-1.0,-1.0,-1.0
2018/09/07,1216.6666666666665,1235.0,1191.6666666666665,1201.6666666666665,249900,-1.0,-1.0,-1.0
2018/09/10,1200.0,1220.0,1163.3333333333333,1171.6666666666665,241800,-1.0,-1.0,-1.0
2018/09/11,1175.0,1180.0,1131.6666666666665,1140.0,267000,-1.0,-1.0,-1.0
2018/09/12,1160.0,1168.3333333333333,1096.6666666666665,1100.0,267900,-1.0,-1.0,-1.0
2018/09/13,1086.6666666666665,1136.6666666666665,1086.6666666666665,1135.0,250800,-1.0,-1.0,-1.0
2018/09/14,1125.0,1150.0,1118.3333333333333,1133.3333333333333,221700,-1.0,-1.0,-1.0
2018/09/18,1108.3333333333333,1143.3333333333333,1108.3333333333333,1138.3333333333333,206700,-1.0,-1.0,-1.0
2018/09/19,1156.6666666666665,1178.3333333333333,1146.6666666666665,1163.3333333333333,195000,-1.0,-1.0,-1.0
2018/09/20,1150.0,1396.6666666666665,1138.3333333333333,1318.3333333333333,6772800,-1.0,-1.0,-1.0
2018/09/21,1315.0,1348.3333333333333,1228.3333333333333,1268.3333333333333,1976100,-1.0,-1.0,-1.0
2018/09/25,1268.3333333333333,1331.6666666666665,1253.3333333333333,1320.0,878700,-1.0,-1.0,-1.0
2018/09/26,1320.0,1421.6666666666665,1318.3333333333333,1410.0,1672800,-1.0,-1.0,-1.0
2018/09/27,1415.0,1490.0,1388.3333333333333,1411.6666666666665,1368600,-1.0,-1.0,-1.0
2018/09/28,1440.0,1591.6666666666665,1440.0,1565.0,2223300,-1.0,-1.0,-1.0
2018/10/01,1541.6666666666665,1550.0,1490.0,1513.3333333333333,1185000,-1.0,-1.0,-1.0
2018/10/02,1530.0,1530.0,1416.6666666666665,1428.3333333333333,1053300,-1.0,-1.0,-1.0
2018/10/03,1413.3333333333333,1505.0,1410.0,1456.6666666666665,1035300,-1.0,-1.0,-1.0
2018/10/04,1478.3333333333333,1513.3333333333333,1446.6666666666665,1508.3333333333333,599100,-1.0,-1.0,-1.0
2018/10/05,1485.0,1503.3333333333333,1440.0,1481.6666666666665,766500,-1.0,-1.0,-1.0
2018/10/09,1496.6666666666665,1546.6666666666665,1446.6666666666665,1513.3333333333333,1006800,-1.0,-1.0,-1.0
2018/10/10,1530.0,1620.0,1523.3333333333333,1561.6666666666665,1316700,-1.0,-1.0,-1.0
2018/10/11,1468.3333333333333,1520.0,1445.0,1506.6666666666665,1023300,-1.0,-1.0,-1.0
2018/10/12,1500.0,1563.3333333333333,1495.0,1558.3333333333333,655800,-1.0,-1.0,-1.0
2018/10/15,1573.3333333333333,1611.6666666666665,1535.0,1543.3333333333333,1005900,-1.0,-1.0,-1.0
2018/10/16,1550.0,1595.0,1473.3333333333333,1490.0,1031400,-1.0,-1.0,-1.0
2018/10/17,1533.3333333333333,1556.6666666666665,1518.3333333333333,1533.3333333333333,705600,-1.0,-1.0,-1.0
2018/10/18,1533.3333333333333,1538.3333333333333,1500.0,1525.0,358200,-1.0,-1.0,-1.0
2018/10/19,1501.6666666666665,1525.0,1475.0,1496.6666666666665,270000,-1.0,-1.0,-1.0
2018/10/22,1480.0,1481.6666666666665,1433.3333333333333,1470.0,421800,-1.0,-1.0,-1.0
2018/10/23,1456.6666666666665,1471.6666666666665,1421.6666666666665,1463.3333333333333,348300,-1.0,-1.0,-1.0
2018/10/24,1475.0,1518.3333333333333,1440.0,1496.6666666666665,442800,-1.0,-1.0,-1.0
2018/10/25,1441.6666666666665,1446.6666666666665,1388.3333333333333,1395.0,612000,-1.0,-1.0,-1.0
2018/10/26,1433.3333333333333,1446.6666666666665,1358.3333333333333,1393.3333333333333,604500,-1.0,-1.0,-1.0
2018/10/29,1393.3333333333333,1445.0,1383.3333333333333,1395.0,390600,-1.0,-1.0,-1.0
2018/10/30,1395.0,1483.3333333333333,1391.6666666666665,1461.6666666666665,966300,-1.0,-1.0,-1.0
2018/10/31,1498.3333333333333,1511.6666666666665,1440.0,1473.3333333333333,399300,-1.0,-1.0,-1.0
2018/11/01,1473.3333333333333,1491.6666666666665,1421.6666666666665,1431.6666666666665,641100,-1.0,-1.0,-1.0
2018/11/02,1416.6666666666665,1521.6666666666665,1411.6666666666665,1485.0,756300,-1.0,-1.0,-1.0
2018/11/05,1625.0,1720.0,1605.0,1716.6666666666665,2875200,-1.0,-1.0,-1.0
2018/11/06,1750.0,1900.0,1740.0,1833.3333333333333,1960800,-1.0,-1.0,-1.0
2018/11/07,1800.0,1873.3333333333333,1733.3333333333333,1836.6666666666665,1246800,-1.0,-1.0,-1.0
2018/11/08,1893.3333333333333,1910.0,1850.0,1863.3333333333333,573300,-1.0,-1.0,-1.0
2018/11/09,1843.3333333333333,1873.3333333333333,1796.6666666666665,1863.3333333333333,604200,-1.0,-1.0,-1.0
2018/11/12,1860.0,1870.0,1820.0,1863.3333333333333,429000,-1.0,-1.0,-1.0
2018/11/13,1850.0,1916.6666666666665,1810.0,1906.6666666666665,750900,-1.0,-1.0,-1.0
2018/11/14,1913.3333333333333,1926.6666666666665,1860.0,1906.6666666666665,485100,-1.0,-1.0,-1.0
2018/11/15,1900.0,1903.3333333333333,1770.0,1810.0,731400,-1.0,-1.0,-1.0
2018/11/16,1810.0,1860.0,1793.3333333333333,1830.0,496500,-1.0,-1.0,-1.0
2018/11/19,1826.6666666666665,1843.3333333333333,1783.3333333333333,1836.6666666666665,344400,-1.0,-1.0,-1.0
2018/11/20,1803.3333333333333,1853.3333333333333,1793.3333333333333,1836.6666666666665,270900,-1.0,-1.0,-1.0
2018/11/21,1800.0,1820.0,1786.6666666666665,1816.6666666666665,281100,-1.0,-1.0,-1.0
2018/11/22,1816.6666666666665,1880.0,1813.3333333333333,1873.3333333333333,542100,-1.0,-1.0,-1.0
2018/11/26,1853.3333333333333,1913.3333333333333,1830.0,1863.3333333333333,386100,-1.0,-1.0,-1.0
2018/11/27,1873.3333333333333,1890.0,1820.0,1823.3333333333333,259500,-1.0,-1.0,-1.0
2018/11/28,1846.6666666666665,1923.3333333333333,1830.0,1893.3333333333333,789900,-1.0,-1.0,-1.0
2018/11/29,1930.0,1960.0,1883.3333333333333,1883.3333333333333,477900,-1.0,-1.0,-1.0
2018/11/30,1886.6666666666665,1916.6666666666665,1836.6666666666665,1846.6666666666665,648000,-1.0,-1.0,-1.0
2018/12/03,1846.6666666666665,1936.6666666666665,1833.3333333333333,1913.3333333333333,701400,-1.0,-1.0,-1.0
2018/12/04,1963.3333333333333,1970.0,1856.6666666666665,1866.6666666666665,597000,-1.0,-1.0,-1.0
2018/12/05,1833.3333333333333,1940.0,1783.3333333333333,1890.0,837600,-1.0,-1.0,-1.0
2018/12/06,1933.3333333333333,1970.0,1753.3333333333333,1776.6666666666665,1386600,-1.0,-1.0,-1.0
2018/12/07,1833.3333333333333,1843.3333333333333,1703.3333333333333,1716.6666666666665,906900,-1.0,-1.0,-1.0
2018/12/10,1750.0,1873.3333333333333,1736.6666666666665,1853.3333333333333,1796700,-1.0,-1.0,-1.0
2018/12/11,1890.0,1896.6666666666665,1683.3333333333333,1693.3333333333333,1369200,-1.0,-1.0,-1.0
2018/12/12,1693.3333333333333,1776.6666666666665,1683.3333333333333,1766.6666666666665,701100,-1.0,-1.0,-1.0
2018/12/13,1800.0,1976.6666666666665,1776.6666666666665,1950.0,1533600,-1.0,-1.0,-1.0
2018/12/14,1926.6666666666665,2066.6666666666665,1916.6666666666665,2003.3333333333333,2002800,-1.0,-1.0,-1.0
2018/12/17,1996.6666666666665,2016.6666666666665,1883.3333333333333,1980.0,1004100,-1.0,-1.0,-1.0
2018/12/18,1923.3333333333333,2006.6666666666665,1906.6666666666665,1923.3333333333333,814200,-1.0,-1.0,-1.0
2018/12/19,1946.6666666666665,1946.6666666666665,1850.0,1860.0,624000,-1.0,-1.0,-1.0
2018/12/20,1826.6666666666665,1913.3333333333333,1806.6666666666665,1823.3333333333333,544200,-1.0,-1.0,-1.0
2018/12/21,1830.0,1883.3333333333333,1776.6666666666665,1830.0,637800,-1.0,-1.0,-1.0
2018/12/25,1716.6666666666665,1760.0,1635.0,1643.3333333333333,737100,-1.0,-1.0,-1.0
2018/12/26,1680.0,1720.0,1518.3333333333333,1586.6666666666665,950700,-1.0,-1.0,-1.0
2018/12/27,1680.0,1713.3333333333333,1608.3333333333333,1713.3333333333333,711000,-1.0,-1.0,-1.0
2018/12/28,1713.3333333333333,1746.6666666666665,1661.6666666666665,1683.3333333333333,619800,-1.0,-1.0,-1.0
2019/01/04,1650.0,2016.6666666666665,1641.6666666666665,1960.0,2091900,-1.0,-1.0,-1.0
2019/01/07,2010.0,2160.0,2003.3333333333333,2143.333333333333,1698900,-1.0,-1.0,-1.0
2019/01/08,2193.333333333333,2243.333333333333,2056.6666666666665,2113.333333333333,1775100,-1.0,-1.0,-1.0
2019/01/09,2126.6666666666665,2176.6666666666665,2073.333333333333,2093.333333333333,905400,-1.0,-1.0,-1.0
2019/01/10,2093.333333333333,2193.333333333333,2080.0,2160.0,950700,-1.0,-1.0,-1.0
2019/01/11,2210.0,2250.0,2160.0,2200.0,842100,-1.0,-1.0,-1.0
2019/01/15,2186.6666666666665,2286.6666666666665,2186.6666666666665,2276.6666666666665,897300,-1.0,-1.0,-1.0
2019/01/16,2266.6666666666665,2276.6666666666665,2173.333333333333,2196.6666666666665,889200,-1.0,-1.0,-1.0
2019/01/17,2206.6666666666665,2243.333333333333,2123.333333333333,2166.6666666666665,815700,-1.0,-1.0,-1.0
2019/01/18,2166.6666666666665,2260.0,2160.0,2236.6666666666665,592800,-1.0,-1.0,-1.0
2019/01/21,2263.333333333333,2306.6666666666665,2196.6666666666665,2223.333333333333,693600,-1.0,-1.0,-1.0
2019/01/22,2200.0,2206.6666666666665,2120.0,2160.0,513600,-1.0,-1.0,-1.0
2019/01/23,2163.333333333333,2163.333333333333,2060.0,2116.6666666666665,562800,-1.0,-1.0,-1.0
2019/01/24,2106.6666666666665,2156.6666666666665,2106.6666666666665,2136.6666666666665,289800,-1.0,-1.0,-1.0
2019/01/25,2113.333333333333,2126.6666666666665,2040.0,2073.333333333333,585300,-1.0,-1.0,-1.0
2019/01/28,2076.6666666666665,2123.333333333333,2003.3333333333333,2030.0,821400,-1.0,-1.0,-1.0
2019/01/29,2006.6666666666665,2073.333333333333,1990.0,2066.6666666666665,805800,-1.0,-1.0,-1.0
2019/01/30,2036.6666666666665,2063.333333333333,1980.0,2006.6666666666665,675600,-1.0,-1.0,-1.0
2019/01/31,2040.0,2106.6666666666665,2036.6666666666665,2080.0,938700,-1.0,-1.0,-1.0
2019/02/01,1933.3333333333333,1960.0,1746.6666666666665,1750.0,2679000,-1.0,-1.0,-1.0
2019/02/04,1773.3333333333333,1776.6666666666665,1646.6666666666665,1670.0,1445400,-1.0,-1.0,-1.0
2019/02/05,1726.6666666666665,1793.3333333333333,1710.0,1750.0,1755000,-1.0,-1.0,-1.0
2019/02/06,1743.3333333333333,1890.0,1716.6666666666665,1870.0,1955700,-1.0,-1.0,-1.0
2019/02/07,1870.0,2030.0,1870.0,1973.3333333333333,2189400,-1.0,-1.0,-1.0
2019/02/08,1916.6666666666665,1966.6666666666665,1843.3333333333333,1846.6666666666665,1128300,-1.0,-1.0,-1.0
2019/02/12,1866.6666666666665,1920.0,1826.6666666666665,1850.0,954300,-1.0,-1.0,-1.0
2019/02/13,1866.6666666666665,1926.6666666666665,1833.3333333333333,1903.3333333333333,637800,-1.0,-1.0,-1.0
2019/02/14,1900.0,1926.6666666666665,1833.3333333333333,1850.0,447300,-1.0,-1.0,-1.0
2019/02/15,1836.6666666666665,1836.6666666666665,1760.0,1766.6666666666665,525000,-1.0,-1.0,-1.0
2019/02/18,1826.6666666666665,1826.6666666666665,1776.6666666666665,1793.3333333333333,309300,-1.0,-1.0,-1.0
2019/02/19,1796.6666666666665,1850.0,1770.0,1833.3333333333333,451200,-1.0,-1.0,-1.0
2019/02/20,1850.0,1910.0,1826.6666666666665,1896.6666666666665,720600,-1.0,-1.0,-1.0
2019/02/21,1926.6666666666665,2000.0,1906.6666666666665,1983.3333333333333,715500,-1.0,-1.0,-1.0
2019/02/22,2000.0,2046.6666666666665,1913.3333333333333,1926.6666666666665,1341000,-1.0,-1.0,-1.0
2019/02/25,1936.6666666666665,2006.6666666666665,1926.6666666666665,1990.0,497100,-1.0,-1.0,-1.0
2019/02/26,1990.0,2033.3333333333333,1936.6666666666665,1993.3333333333333,485100,-1.0,-1.0,-1.0
2019/02/27,2000.0,2100.0,2000.0,2090.0,820200,-1.0,-1.0,-1.0
2019/02/28,2100.0,2163.333333333333,2080.0,2143.333333333333,874800,-1.0,-1.0,-1.0
2019/03/01,2163.333333333333,2196.6666666666665,2136.6666666666665,2183.333333333333,646800,-1.0,-1.0,-1.0
2019/03/04,2213.333333333333,2223.333333333333,2186.6666666666665,2200.0,545400,-1.0,-1.0,-1.0
2019/03/05,2166.6666666666665,2223.333333333333,2150.0,2193.333333333333,448200,-1.0,-1.0,-1.0
2019/03/06,2196.6666666666665,2280.0,2186.6666666666665,2263.333333333333,922200,-1.0,-1.0,-1.0
2019/03/07,2243.333333333333,2256.6666666666665,2216.6666666666665,2243.333333333333,384600,-1.0,-1.0,-1.0
2019/03/08,2210.0,2210.0,2126.6666666666665,2156.6666666666665,532800,-1.0,-1.0,-1.0
2019/03/11,2113.333333333333,2203.333333333333,2056.6666666666665,2156.6666666666665,568500,-1.0,-1.0,-1.0
2019/03/12,2190.0,2233.333333333333,2186.6666666666665,2233.333333333333,316200,-1.0,-1.0,-1.0
2019/03/13,2216.6666666666665,2250.0,2183.333333333333,2246.6666666666665,400500,-1.0,-1.0,-1.0
2019/03/14,2233.333333333333,2250.0,2090.0,2120.0,1200300,-1.0,-1.0,-1.0
2019/03/15,2090.0,2120.0,1986.6666666666665,2030.0,1970700,-1.0,-1.0,-1.0
2019/03/18,2050.0,2076.6666666666665,1970.0,2060.0,786000,-1.0,-1.0,-1.0
2019/03/19,2073.333333333333,2113.333333333333,2000.0,2013.3333333333333,702000,-1.0,-1.0,-1.0
2019/03/20,2016.6666666666665,2050.0,2000.0,2030.0,348600,-1.0,-1.0,-1.0
2019/03/22,2033.3333333333333,2050.0,1980.0,1993.3333333333333,282000,-1.0,-1.0,-1.0
2019/03/25,1923.3333333333333,1963.3333333333333,1916.6666666666665,1946.6666666666665,275700,-1.0,-1.0,-1.0
2019/03/26,1963.3333333333333,2003.3333333333333,1926.6666666666665,1960.0,593700,-1.0,-1.0,-1.0
2019/03/27,1973.3333333333333,2003.3333333333333,1933.3333333333333,1990.0,566100,-1.0,-1.0,-1.0
2019/03/28,1986.6666666666665,2096.6666666666665,1973.3333333333333,2073.333333333333,799800,-1.0,-1.0,-1.0
2019/03/29,2123.333333333333,2133.333333333333,2060.0,2120.0,634800,-1.0,-1.0,-1.0
2019/04/01,2136.6666666666665,2170.0,2113.333333333333,2153.333333333333,690300,-1.0,-1.0,-1.0
2019/04/02,2143.333333333333,2170.0,2083.333333333333,2093.333333333333,514200,-1.0,-1.0,-1.0
2019/04/03,2086.6666666666665,2133.333333333333,2063.333333333333,2086.6666666666665,423300,-1.0,-1.0,-1.0
2019/04/04,2086.6666666666665,2086.6666666666665,2000.0,2006.6666666666665,493200,-1.0,-1.0,-1.0
2019/04/05,2020.0,2040.0,2000.0,2010.0,248700,-1.0,-1.0,-1.0
2019/04/08,2020.0,2030.0,1973.3333333333333,2003.3333333333333,255300,-1.0,-1.0,-1.0
2019/04/09,2010.0,2026.6666666666665,1983.3333333333333,1993.3333333333333,366300,-1.0,-1.0,-1.0
2019/04/10,1970.0,2006.6666666666665,1970.0,1976.6666666666665,221400,-1.0,-1.0,-1.0
2019/04/11,1966.6666666666665,1976.6666666666665,1913.3333333333333,1920.0,529500,-1.0,-1.0,-1.0
2019/04/12,1946.6666666666665,1963.3333333333333,1856.6666666666665,1863.3333333333333,636000,-1.0,-1.0,-1.0
2019/04/15,1863.3333333333333,1896.6666666666665,1863.3333333333333,1880.0,460800,-1.0,-1.0,-1.0
2019/04/16,1880.0,1880.0,1816.6666666666665,1826.6666666666665,505800,-1.0,-1.0,-1.0
2019/04/17,1836.6666666666665,1873.3333333333333,1833.3333333333333,1850.0,696300,-1.0,-1.0,-1.0
2019/04/18,1883.3333333333333,1883.3333333333333,1803.3333333333333,1816.6666666666665,429900,-1.0,-1.0,-1.0
2019/04/19,1836.6666666666665,1853.3333333333333,1816.6666666666665,1823.3333333333333,311100,-1.0,-1.0,-1.0
2019/04/22,1850.0,1860.0,1820.0,1823.3333333333333,268800,-1.0,-1.0,-1.0
2019/04/23,1823.3333333333333,1836.6666666666665,1760.0,1820.0,896700,-1.0,-1.0,-1.0
2019/04/24,1833.3333333333333,1853.3333333333333,1823.3333333333333,1850.0,455700,-1.0,-1.0,-1.0
2019/04/25,1853.3333333333333,1876.6666666666665,1800.0,1866.6666666666665,990600,-1.0,-1.0,-1.0
2019/04/26,1883.3333333333333,1883.3333333333333,1683.3333333333333,1700.0,2669400,-1.0,-1.0,-1.0
2019/05/07,1716.6666666666665,1810.0,1716.6666666666665,1783.3333333333333,1223700,-1.0,-1.0,-1.0
2019/05/08,1783.3333333333333,1803.3333333333333,1773.3333333333333,1796.6666666666665,577800,-1.0,-1.0,-1.0
2019/05/09,1796.6666666666665,1796.6666666666665,1673.3333333333333,1683.3333333333333,822000,-1.0,-1.0,-1.0
2019/05/10,1696.6666666666665,1750.0,1686.6666666666665,1730.0,556200,-1.0,-1.0,-1.0
2019/05/13,1716.6666666666665,1743.3333333333333,1696.6666666666665,1713.3333333333333,222000,-1.0,-1.0,-1.0
2019/05/14,1650.0,1690.0,1641.6666666666665,1680.0,380700,-1.0,-1.0,-1.0
2019/05/15,1706.6666666666665,1766.6666666666665,1700.0,1756.6666666666665,475500,-1.0,-1.0,-1.0
2019/05/16,1756.6666666666665,1763.3333333333333,1716.6666666666665,1733.3333333333333,245700,-1.0,-1.0,-1.0
2019/05/17,1753.3333333333333,1793.3333333333333,1743.3333333333333,1793.3333333333333,331200,-1.0,-1.0,-1.0
2019/05/20,1806.6666666666665,1843.3333333333333,1770.0,1783.3333333333333,261300,-1.0,-1.0,-1.0
2019/05/21,1800.0,1836.6666666666665,1753.3333333333333,1780.0,408900,-1.0,-1.0,-1.0
2019/05/22,1810.0,1926.6666666666665,1803.3333333333333,1893.3333333333333,829200,-1.0,-1.0,-1.0
2019/05/23,1870.0,1883.3333333333333,1816.6666666666665,1836.6666666666665,412200,-1.0,-1.0,-1.0
2019/05/24,1833.3333333333333,1873.3333333333333,1830.0,1850.0,243900,-1.0,-1.0,-1.0
2019/05/27,1883.3333333333333,1920.0,1860.0,1880.0,349200,-1.0,-1.0,-1.0
2019/05/28,1906.6666666666665,1993.3333333333333,1896.6666666666665,1973.3333333333333,933000,-1.0,-1.0,-1.0
2019/05/29,1963.3333333333333,1980.0,1926.6666666666665,1950.0,350100,-1.0,-1.0,-1.0
2019/05/30,1943.3333333333333,1956.6666666666665,1893.3333333333333,1956.6666666666665,256500,-1.0,-1.0,-1.0
2019/05/31,1956.6666666666665,1993.3333333333333,1936.6666666666665,1960.0,560100,-1.0,-1.0,-1.0
2019/06/03,1900.0,1910.0,1796.6666666666665,1833.3333333333333,617100,-1.0,-1.0,-1.0
2019/06/04,1830.0,1830.0,1713.3333333333333,1750.0,537600,-1.0,-1.0,-1.0
2019/06/05,1816.6666666666665,1826.6666666666665,1793.3333333333333,1826.6666666666665,255000,-1.0,-1.0,-1.0
2019/06/06,1843.3333333333333,1926.6666666666665,1836.6666666666665,1890.0,532800,-1.0,-1.0,-1.0
2019/06/07,1933.3333333333333,1950.0,1896.6666666666665,1930.0,389100,-1.0,-1.0,-1.0
2019/06/10,1976.6666666666665,1996.6666666666665,1960.0,1983.3333333333333,444600,-1.0,-1.0,-1.0
2019/06/11,1990.0,2003.3333333333333,1893.3333333333333,1903.3333333333333,536400,-1.0,-1.0,-1.0
2019/06/12,1903.3333333333333,1913.3333333333333,1853.3333333333333,1866.6666666666665,345900,-1.0,-1.0,-1.0
2019/06/13,1833.3333333333333,1846.6666666666665,1800.0,1816.6666666666665,435600,-1.0,-1.0,-1.0
2019/06/14,1830.0,1850.0,1810.0,1843.3333333333333,324900,-1.0,-1.0,-1.0
2019/06/17,1863.3333333333333,1880.0,1810.0,1836.6666666666665,423600,-1.0,-1.0,-1.0
2019/06/18,1813.3333333333333,1850.0,1786.6666666666665,1810.0,388500,-1.0,-1.0,-1.0
2019/06/19,1796.6666666666665,1850.0,1796.6666666666665,1846.6666666666665,323700,-1.0,-1.0,-1.0
2019/06/20,1833.3333333333333,1863.3333333333333,1823.3333333333333,1843.3333333333333,236100,-1.0,-1.0,-1.0
2019/06/21,1856.6666666666665,1856.6666666666665,1796.6666666666665,1816.6666666666665,383100,-1.0,-1.0,-1.0
2019/06/24,1800.0,1800.0,1750.0,1786.6666666666665,393000,-1.0,-1.0,-1.0
2019/06/25,1806.6666666666665,1893.3333333333333,1806.6666666666665,1886.6666666666665,675900,-1.0,-1.0,-1.0
2019/06/26,1853.3333333333333,1920.0,1803.3333333333333,1906.6666666666665,702600,-1.0,-1.0,-1.0
2019/06/27,1920.0,1966.6666666666665,1906.6666666666665,1950.0,627300,-1.0,-1.0,-1.0
2019/06/28,1956.6666666666665,1970.0,1916.6666666666665,1930.0,342600,-1.0,-1.0,-1.0
2019/07/01,1963.3333333333333,1963.3333333333333,1916.6666666666665,1940.0,305400,-1.0,-1.0,-1.0
2019/07/02,1940.0,2040.0,1940.0,2030.0,802500,-1.0,-1.0,-1.0
2019/07/03,2026.6666666666665,2033.3333333333333,1980.0,2013.3333333333333,299100,-1.0,-1.0,-1.0
2019/07/04,2056.6666666666665,2166.6666666666665,2053.333333333333,2156.6666666666665,1028100,-1.0,-1.0,-1.0
2019/07/05,2156.6666666666665,2306.6666666666665,2153.333333333333,2300.0,1672200,-1.0,-1.0,-1.0
2019/07/08,2333.333333333333,2370.0,2230.0,2280.0,1073400,-1.0,-1.0,-1.0
2019/07/09,2256.6666666666665,2293.333333333333,2220.0,2290.0,409500,-1.0,-1.0,-1.0
2019/07/10,2316.6666666666665,2353.333333333333,2266.6666666666665,2296.6666666666665,602100,-1.0,-1.0,-1.0
2019/07/11,2333.333333333333,2373.333333333333,2316.6666666666665,2353.333333333333,724500,-1.0,-1.0,-1.0
2019/07/12,2356.6666666666665,2413.333333333333,2340.0,2363.333333333333,678900,-1.0,-1.0,-1.0
2019/07/16,2340.0,2366.6666666666665,2320.0,2356.6666666666665,347400,-1.0,-1.0,-1.0
2019/07/17,2376.6666666666665,2470.0,2370.0,2463.333333333333,866100,-1.0,-1.0,-1.0
2019/07/18,2416.6666666666665,2493.333333333333,2396.6666666666665,2446.6666666666665,893100,-1.0,-1.0,-1.0
2019/07/19,2463.333333333333,2526.6666666666665,2423.333333333333,2496.6666666666665,840900,-1.0,-1.0,-1.0
2019/07/22,2496.6666666666665,2533.333333333333,2360.0,2403.333333333333,792300,-1.0,-1.0,-1.0
2019/07/23,2423.333333333333,2473.333333333333,2400.0,2406.6666666666665,610200,-1.0,-1.0,-1.0
2019/07/24,2410.0,2423.333333333333,2363.333333333333,2363.333333333333,449100,-1.0,-1.0,-1.0
2019/07/25,2353.333333333333,2403.333333333333,2316.6666666666665,2383.333333333333,564300,-1.0,-1.0,-1.0
2019/07/26,2413.333333333333,2426.6666666666665,2350.0,2386.6666666666665,425100,-1.0,-1.0,-1.0
2019/07/29,2393.333333333333,2393.333333333333,2353.333333333333,2373.333333333333,183600,-1.0,-1.0,-1.0
2019/07/30,2373.333333333333,2443.333333333333,2373.333333333333,2426.6666666666665,486600,-1.0,-1.0,-1.0
2019/07/31,2413.333333333333,2443.333333333333,2383.333333333333,2443.333333333333,485700,-1.0,-1.0,-1.0
2019/08/01,2226.6666666666665,2326.6666666666665,2186.6666666666665,2296.6666666666665,1529400,-1.0,-1.0,-1.0
2019/08/02,2300.0,2383.333333333333,2300.0,2376.6666666666665,769500,-1.0,-1.0,-1.0
2019/08/05,2400.0,2480.0,2390.0,2430.0,888900,-1.0,-1.0,-1.0
2019/08/06,2380.0,2423.333333333333,2293.333333333333,2346.6666666666665,873900,-1.0,-1.0,-1.0
2019/08/07,2363.333333333333,2440.0,2320.0,2353.333333333333,783600,-1.0,-1.0,-1.0
2019/08/08,2366.6666666666665,2366.6666666666665,2260.0,2263.333333333333,686400,-1.0,-1.0,-1.0
2019/08/09,2286.6666666666665,2343.333333333333,2260.0,2300.0,697500,-1.0,-1.0,-1.0
2019/08/13,2283.333333333333,2360.0,2243.333333333333,2270.0,632400,-1.0,-1.0,-1.0
2019/08/14,2303.333333333333,2310.0,2270.0,2293.333333333333,229500,-1.0,-1.0,-1.0
2019/08/15,2236.6666666666665,2256.6666666666665,2203.333333333333,2243.333333333333,459300,-1.0,-1.0,-1.0
2019/08/16,2246.6666666666665,2343.333333333333,2246.6666666666665,2300.0,403200,-1.0,-1.0,-1.0
2019/08/19,2300.0,2330.0,2276.6666666666665,2300.0,207300,-1.0,-1.0,-1.0
2019/08/20,2303.333333333333,2383.333333333333,2300.0,2380.0,360000,-1.0,-1.0,-1.0
2019/08/21,2380.0,2420.0,2356.6666666666665,2406.6666666666665,424800,-1.0,-1.0,-1.0
2019/08/22,2430.0,2470.0,2430.0,2443.333333333333,360600,-1.0,-1.0,-1.0
2019/08/23,2413.333333333333,2426.6666666666665,2350.0,2396.6666666666665,396300,-1.0,-1.0,-1.0
2019/08/26,2396.6666666666665,2466.6666666666665,2386.6666666666665,2403.333333333333,436800,-1.0,-1.0,-1.0
2019/08/27,2440.0,2440.0,2393.333333333333,2416.6666666666665,252900,-1.0,-1.0,-1.0
2019/08/28,2400.0,2420.0,2336.6666666666665,2353.333333333333,384300,-1.0,-1.0,-1.0
2019/08/29,2350.0,2350.0,2273.333333333333,2300.0,584400,-1.0,-1.0,-1.0
2019/08/30,2323.333333333333,2343.333333333333,2266.6666666666665,2343.333333333333,304200,-1.0,-1.0,-1.0
2019/09/02,2350.0,2373.333333333333,2300.0,2300.0,222600,-1.0,-1.0,-1.0
2019/09/03,2300.0,2346.6666666666665,2283.333333333333,2336.6666666666665,174900,-1.0,-1.0,-1.0
2019/09/04,2366.6666666666665,2466.6666666666665,2366.6666666666665,2440.0,753300,-1.0,-1.0,-1.0
2019/09/05,2456.6666666666665,2483.333333333333,2403.333333333333,2410.0,522600,-1.0,-1.0,-1.0
2019/09/06,2413.333333333333,2446.6666666666665,2400.0,2440.0,242100,-1.0,-1.0,-1.0
2019/09/09,2453.333333333333,2466.6666666666665,2410.0,2430.0,275700,-1.0,-1.0,-1.0
2019/09/10,2446.6666666666665,2446.6666666666665,2363.333333333333,2366.6666666666665,303900,-1.0,-1.0,-1.0
2019/09/11,2366.6666666666665,2413.333333333333,2333.333333333333,2393.333333333333,207600,-1.0,-1.0,-1.0
2019/09/12,2396.6666666666665,2396.6666666666665,2346.6666666666665,2360.0,346800,-1.0,-1.0,-1.0
2019/09/13,2376.6666666666665,2453.333333333333,2363.333333333333,2376.6666666666665,689100,-1.0,-1.0,-1.0
2019/09/17,2386.6666666666665,2450.0,2370.0,2443.333333333333,423600,-1.0,-1.0,-1.0
2019/09/18,2453.333333333333,2570.0,2453.333333333333,2550.0,882300,-1.0,-1.0,-1.0
2019/09/19,2580.0,2636.6666666666665,2530.0,2543.333333333333,732900,-1.0,-1.0,-1.0
2019/09/20,2556.6666666666665,2600.0,2543.333333333333,2563.333333333333,389400,-1.0,-1.0,-1.0
2019/09/24,2583.333333333333,2593.333333333333,2326.6666666666665,2390.0,2489400,-1.0,-1.0,-1.0
2019/09/25,2420.0,2440.0,2350.0,2370.0,979200,-1.0,-1.0,-1.0
2019/09/26,2366.6666666666665,2376.6666666666665,2340.0,2350.0,876000,-1.0,-1.0,-1.0
2019/09/27,2333.333333333333,2333.333333333333,2160.0,2186.6666666666665,2529600,-1.0,-1.0,-1.0
2019/09/30,2190.0,2230.0,2123.333333333333,2226.6666666666665,1344300,-1.0,-1.0,-1.0
2019/10/01,2226.6666666666665,2236.6666666666665,2166.6666666666665,2200.0,828600,-1.0,-1.0,-1.0
2019/10/02,2190.0,2266.6666666666665,2190.0,2253.333333333333,734700,-1.0,-1.0,-1.0
2019/10/03,2220.0,2250.0,2180.0,2196.6666666666665,784800,-1.0,-1.0,-1.0
2019/10/04,2223.333333333333,2266.6666666666665,2213.333333333333,2220.0,759000,-1.0,-1.0,-1.0
2019/10/07,2250.0,2316.6666666666665,2236.6666666666665,2316.6666666666665,698100,-1.0,-1.0,-1.0
2019/10/08,2320.0,2343.333333333333,2280.0,2283.333333333333,660900,-1.0,-1.0,-1.0
2019/10/09,2276.6666666666665,2316.6666666666665,2253.333333333333,2296.6666666666665,392700,-1.0,-1.0,-1.0
2019/10/10,2283.333333333333,2283.333333333333,2210.0,2223.333333333333,627000,-1.0,-1.0,-1.0
2019/10/11,2220.0,2226.6666666666665,2186.6666666666665,2210.0,293700,-1.0,-1.0,-1.0
2019/10/15,2213.333333333333,2216.6666666666665,2146.6666666666665,2150.0,656400,-1.0,-1.0,-1.0
2019/10/16,2146.6666666666665,2146.6666666666665,2050.0,2060.0,1033200,-1.0,-1.0,-1.0
2019/10/17,2083.333333333333,2150.0,2073.333333333333,2126.6666666666665,448500,-1.0,-1.0,-1.0
2019/10/18,2110.0,2150.0,2080.0,2093.333333333333,290400,-1.0,-1.0,-1.0
2019/10/21,2073.333333333333,2133.333333333333,2073.333333333333,2113.333333333333,215700,-1.0,-1.0,-1.0
2019/10/23,2146.6666666666665,2190.0,2146.6666666666665,2176.6666666666665,625800,-1.0,-1.0,-1.0
2019/10/24,2210.0,2230.0,2186.6666666666665,2210.0,475800,-1.0,-1.0,-1.0
2019/10/25,2193.333333333333,2196.6666666666665,2143.333333333333,2153.333333333333,286800,-1.0,-1.0,-1.0
2019/10/28,2126.6666666666665,2146.6666666666665,2100.0,2106.6666666666665,260100,-1.0,-1.0,-1.0
2019/10/29,2106.6666666666665,2113.333333333333,2040.0,2046.6666666666665,586200,-1.0,-1.0,-1.0
2019/10/30,2060.0,2060.0,2010.0,2056.6666666666665,516600,-1.0,-1.0,-1.0
2019/10/31,2030.0,2030.0,1990.0,2013.3333333333333,621300,-1.0,-1.0,-1.0
2019/11/01,1983.3333333333333,2143.333333333333,1970.0,2066.6666666666665,1166100,-1.0,-1.0,-1.0
2019/11/05,2133.333333333333,2153.333333333333,2110.0,2120.0,794100,-1.0,-1.0,-1.0
2019/11/06,2103.333333333333,2103.333333333333,1976.6666666666665,1993.3333333333333,1359000,-1.0,-1.0,-1.0
2019/11/07,1983.3333333333333,2026.6666666666665,1983.3333333333333,2013.3333333333333,364200,-1.0,-1.0,-1.0
2019/11/08,2026.6666666666665,2056.6666666666665,2016.6666666666665,2030.0,419700,-1.0,-1.0,-1.0
2019/11/11,2050.0,2076.6666666666665,2023.3333333333333,2033.3333333333333,274800,-1.0,-1.0,-1.0
2019/11/12,2036.6666666666665,2050.0,2013.3333333333333,2043.3333333333333,320400,-1.0,-1.0,-1.0
2019/11/13,2053.333333333333,2053.333333333333,2020.0,2023.3333333333333,192300,-1.0,-1.0,-1.0
2019/11/14,2056.6666666666665,2056.6666666666665,2006.6666666666665,2010.0,301500,-1.0,-1.0,-1.0
2019/11/15,2020.0,2020.0,1986.6666666666665,1993.3333333333333,271500,-1.0,-1.0,-1.0
2019/11/18,1996.6666666666665,2040.0,1990.0,2020.0,359700,-1.0,-1.0,-1.0
2019/11/19,2046.6666666666665,2066.6666666666665,2030.0,2053.333333333333,294000,-1.0,-1.0,-1.0
2019/11/20,2060.0,2113.333333333333,2056.6666666666665,2076.6666666666665,511200,-1.0,-1.0,-1.0
2019/11/21,2093.333333333333,2116.6666666666665,2040.0,2066.6666666666665,272400,-1.0,-1.0,-1.0
2019/11/22,2073.333333333333,2093.333333333333,2053.333333333333,2073.333333333333,225600,-1.0,-1.0,-1.0
2019/11/25,2100.0,2100.0,2070.0,2070.0,137700,-1.0,-1.0,-1.0
2019/11/26,2090.0,2123.333333333333,2070.0,2116.6666666666665,270300,-1.0,-1.0,-1.0
2019/11/27,2133.333333333333,2160.0,2116.6666666666665,2153.333333333333,340800,-1.0,-1.0,-1.0
2019/11/28,2173.333333333333,2176.6666666666665,2116.6666666666665,2116.6666666666665,270300,-1.0,-1.0,-1.0
2019/11/29,2126.6666666666665,2136.6666666666665,2106.6666666666665,2136.6666666666665,172200,-1.0,-1.0,-1.0
2019/12/02,2133.333333333333,2150.0,2130.0,2140.0,230100,-1.0,-1.0,-1.0
2019/12/03,2113.333333333333,2140.0,2090.0,2110.0,295200,-1.0,-1.0,-1.0
2019/12/04,2100.0,2106.6666666666665,2033.3333333333333,2050.0,510600,-1.0,-1.0,-1.0
2019/12/05,2046.6666666666665,2046.6666666666665,1990.0,2020.0,574500,-1.0,-1.0,-1.0
2019/12/06,2023.3333333333333,2040.0,2000.0,2033.3333333333333,305400,-1.0,-1.0,-1.0
2019/12/09,2066.6666666666665,2073.333333333333,2043.3333333333333,2070.0,241200,-1.0,-1.0,-1.0
2019/12/10,2043.3333333333333,2076.6666666666665,2043.3333333333333,2056.6666666666665,207900,-1.0,-1.0,-1.0
2019/12/11,2050.0,2070.0,2030.0,2033.3333333333333,187200,-1.0,-1.0,-1.0
2019/12/12,2010.0,2016.6666666666665,1970.0,1970.0,573900,-1.0,-1.0,-1.0
2019/12/13,1993.3333333333333,1993.3333333333333,1953.3333333333333,1953.3333333333333,315900,-1.0,-1.0,-1.0
2019/12/16,1953.3333333333333,1963.3333333333333,1940.0,1940.0,214800,-1.0,-1.0,-1.0
2019/12/17,1940.0,1950.0,1903.3333333333333,1950.0,415500,-1.0,-1.0,-1.0
2019/12/18,1960.0,1970.0,1900.0,1913.3333333333333,434100,-1.0,-1.0,-1.0
2019/12/19,1916.6666666666665,1946.6666666666665,1916.6666666666665,1940.0,224100,-1.0,-1.0,-1.0
2019/12/20,1943.3333333333333,1946.6666666666665,1916.6666666666665,1940.0,401700,-1.0,-1.0,-1.0
2019/12/23,1950.0,1953.3333333333333,1916.6666666666665,1933.3333333333333,240600,-1.0,-1.0,-1.0
2019/12/24,1933.3333333333333,1963.3333333333333,1926.6666666666665,1960.0,197700,-1.0,-1.0,-1.0
2019/12/25,1960.0,1960.0,1936.6666666666665,1943.3333333333333,118800,-1.0,-1.0,-1.0
2019/12/26,1936.6666666666665,1946.6666666666665,1916.6666666666665,1936.6666666666665,187200,-1.0,-1.0,-1.0
2019/12/27,1943.3333333333333,1970.0,1936.6666666666665,1970.0,183000,-1.0,-1.0,-1.0
2019/12/30,1973.3333333333333,1976.6666666666665,1946.6666666666665,1950.0,174300,-1.0,-1.0,-1.0
2020/01/06,1930.0,1933.3333333333333,1883.3333333333333,1886.6666666666665,362100,-1.0,-1.0,-1.0
2020/01/07,1890.0,1923.3333333333333,1876.6666666666665,1886.6666666666665,322200,-1.0,-1.0,-1.0
2020/01/08,1883.3333333333333,1893.3333333333333,1816.6666666666665,1883.3333333333333,441900,-1.0,-1.0,-1.0
2020/01/09,1913.3333333333333,1946.6666666666665,1906.6666666666665,1940.0,330600,-1.0,-1.0,-1.0
2020/01/10,1923.3333333333333,1980.0,1923.3333333333333,1973.3333333333333,339900,-1.0,-1.0,-1.0
2020/01/14,1983.3333333333333,1983.3333333333333,1943.3333333333333,1966.6666666666665,196500,-1.0,-1.0,-1.0
2020/01/15,1966.6666666666665,1973.3333333333333,1946.6666666666665,1946.6666666666665,153900,-1.0,-1.0,-1.0
2020/01/16,1943.3333333333333,1943.3333333333333,1886.6666666666665,1906.6666666666665,326700,-1.0,-1.0,-1.0
2020/01/17,1900.0,1900.0,1870.0,1893.3333333333333,250800,-1.0,-1.0,-1.0
2020/01/20,1893.3333333333333,1900.0,1883.3333333333333,1890.0,107100,-1.0,-1.0,-1.0
2020/01/21,1890.0,1903.3333333333333,1876.6666666666665,1886.6666666666665,97200,-1.0,-1.0,-1.0
2020/01/22,1880.0,1900.0,1876.6666666666665,1883.3333333333333,124500,-1.0,-1.0,-1.0
2020/01/23,1883.3333333333333,1930.0,1880.0,1900.0,425700,-1.0,-1.0,-1.0
2020/01/24,1890.0,1900.0,1823.3333333333333,1836.6666666666665,307800,-1.0,-1.0,-1.0
2020/01/27,1783.3333333333333,1800.0,1746.6666666666665,1756.6666666666665,364200,-1.0,-1.0,-1.0
2020/01/28,1723.3333333333333,1750.0,1723.3333333333333,1746.6666666666665,240000,-1.0,-1.0,-1.0
2020/01/29,1720.0,1733.3333333333333,1700.0,1700.0,284400,-1.0,-1.0,-1.0
2020/01/30,1690.0,1720.0,1676.6666666666665,1710.0,387300,-1.0,-1.0,-1.0
2020/01/31,1733.3333333333333,1740.0,1663.3333333333333,1680.0,360900,-1.0,-1.0,-1.0
2020/02/03,1663.3333333333333,1913.3333333333333,1663.3333333333333,1853.3333333333333,1356600,-1.0,-1.0,-1.0
2020/02/04,1866.6666666666665,1916.6666666666665,1840.0,1910.0,457200,-1.0,-1.0,-1.0
2020/02/05,1943.3333333333333,1956.6666666666665,1830.0,1833.3333333333333,619500,-1.0,-1.0,-1.0
2020/02/06,1823.3333333333333,1823.3333333333333,1736.6666666666665,1756.6666666666665,557400,-1.0,-1.0,-1.0
2020/02/07,1790.0,1813.3333333333333,1756.6666666666665,1763.3333333333333,494400,-1.0,-1.0,-1.0
2020/02/10,1766.6666666666665,1770.0,1730.0,1746.6666666666665,181800,-1.0,-1.0,-1.0
2020/02/12,1726.6666666666665,1750.0,1623.3333333333333,1631.6666666666665,1053900,-1.0,-1.0,-1.0
2020/02/13,1625.0,1625.0,1555.0,1588.3333333333333,875100,-1.0,-1.0,-1.0
2020/02/14,1588.3333333333333,1635.0,1583.3333333333333,1628.3333333333333,430800,-1.0,-1.0,-1.0
2020/02/17,1610.0,1616.6666666666665,1568.3333333333333,1600.0,233400,-1.0,-1.0,-1.0
2020/02/18,1600.0,1600.0,1545.0,1548.3333333333333,241500,-1.0,-1.0,-1.0
2020/02/19,1571.6666666666665,1613.3333333333333,1571.6666666666665,1600.0,344400,-1.0,-1.0,-1.0
2020/02/20,1600.0,1613.3333333333333,1566.6666666666665,1576.6666666666665,333300,-1.0,-1.0,-1.0
2020/02/21,1566.6666666666665,1603.3333333333333,1558.3333333333333,1586.6666666666665,258000,-1.0,-1.0,-1.0
2020/02/25,1470.0,1520.0,1470.0,1510.0,522600,-1.0,-1.0,-1.0
2020/02/26,1506.6666666666665,1548.3333333333333,1485.0,1538.3333333333333,414600,-1.0,-1.0,-1.0
2020/02/27,1561.6666666666665,1561.6666666666665,1471.6666666666665,1481.6666666666665,482100,-1.0,-1.0,-1.0
2020/02/28,1408.3333333333333,1451.6666666666665,1365.0,1376.6666666666665,937200,-1.0,-1.0,-1.0
2020/03/02,1363.3333333333333,1496.6666666666665,1363.3333333333333,1438.3333333333333,975600,-1.0,-1.0,-1.0
2020/03/03,1485.0,1505.0,1431.6666666666665,1431.6666666666665,521700,-1.0,-1.0,-1.0
2020/03/04,1401.6666666666665,1471.6666666666665,1401.6666666666665,1446.6666666666665,336000,-1.0,-1.0,-1.0
2020/03/05,1470.0,1486.6666666666665,1438.3333333333333,1450.0,437400,-1.0,-1.0,-1.0
2020/03/06,1426.6666666666665,1436.6666666666665,1385.0,1390.0,384300,-1.0,-1.0,-1.0
2020/03/09,1320.0,1340.0,1281.6666666666665,1283.3333333333333,705600,-1.0,-1.0,-1.0
2020/03/10,1236.6666666666665,1298.3333333333333,1188.3333333333333,1286.6666666666665,1017300,-1.0,-1.0,-1.0
2020/03/11,1291.6666666666665,1291.6666666666665,1188.3333333333333,1188.3333333333333,583200,-1.0,-1.0,-1.0
2020/03/12,1165.0,1211.6666666666665,1125.0,1138.3333333333333,805800,-1.0,-1.0,-1.0
2020/03/13,1021.6666666666666,1111.6666666666665,995.0,1093.3333333333333,824700,-1.0,-1.0,-1.0
2020/03/16,1116.6666666666665,1140.0,1061.6666666666665,1061.6666666666665,421200,-1.0,-1.0,-1.0
2020/03/17,1025.0,1138.3333333333333,1018.3333333333333,1130.0,748800,-1.0,-1.0,-1.0
2020/03/18,1126.6666666666665,1131.6666666666665,1016.6666666666666,1018.3333333333333,813300,-1.0,-1.0,-1.0
2020/03/19,1058.3333333333333,1065.0,1025.0,1061.6666666666665,381600,-1.0,-1.0,-1.0
2020/03/23,1061.6666666666665,1133.3333333333333,1045.0,1123.3333333333333,581400,-1.0,-1.0,-1.0
2020/03/24,1170.0,1218.3333333333333,1151.6666666666665,1198.3333333333333,468300,-1.0,-1.0,-1.0
2020/03/25,1268.3333333333333,1270.0,1213.3333333333333,1245.0,389700,-1.0,-1.0,-1.0
2020/03/26,1228.3333333333333,1228.3333333333333,1123.3333333333333,1140.0,402600,-1.0,-1.0,-1.0
2020/03/27,1185.0,1198.3333333333333,1121.6666666666665,1153.3333333333333,417300,-1.0,-1.0,-1.0
2020/03/30,1158.3333333333333,1193.3333333333333,1121.6666666666665,1191.6666666666665,319500,-1.0,-1.0,-1.0
2020/03/31,1211.6666666666665,1260.0,1200.0,1205.0,394200,-1.0,-1.0,-1.0
2020/04/01,1216.6666666666665,1233.3333333333333,1178.3333333333333,1185.0,267300,-1.0,-1.0,-1.0
2020/04/02,1186.6666666666665,1215.0,1168.3333333333333,1203.3333333333333,234300,-1.0,-1.0,-1.0
2020/04/03,1216.6666666666665,1216.6666666666665,1135.0,1146.6666666666665,351600,-1.0,-1.0,-1.0
2020/04/06,1133.3333333333333,1178.3333333333333,1115.0,1173.3333333333333,254400,-1.0,-1.0,-1.0
2020/04/07,1206.6666666666665,1215.0,1165.0,1200.0,273900,-1.0,-1.0,-1.0
2020/04/08,1181.6666666666665,1198.3333333333333,1146.6666666666665,1190.0,266400,-1.0,-1.0,-1.0
2020/04/09,1193.3333333333333,1221.6666666666665,1190.0,1215.0,244500,-1.0,-1.0,-1.0
2020/04/10,1211.6666666666665,1233.3333333333333,1173.3333333333333,1226.6666666666665,283200,-1.0,-1.0,-1.0
2020/04/13,1211.6666666666665,1246.6666666666665,1208.3333333333333,1233.3333333333333,256500,-1.0,-1.0,-1.0
2020/04/14,1243.3333333333333,1298.3333333333333,1218.3333333333333,1285.0,331200,-1.0,-1.0,-1.0
2020/04/15,1296.6666666666665,1340.0,1245.0,1308.3333333333333,562500,-1.0,-1.0,-1.0
2020/04/16,1285.0,1323.3333333333333,1270.0,1310.0,355800,-1.0,-1.0,-1.0
2020/04/17,1331.6666666666665,1341.6666666666665,1305.0,1333.3333333333333,297600,-1.0,-1.0,-1.0
2020/04/20,1333.3333333333333,1398.3333333333333,1328.3333333333333,1366.6666666666665,490200,-1.0,-1.0,-1.0
2020/04/21,1335.0,1336.6666666666665,1246.6666666666665,1251.6666666666665,489000,-1.0,-1.0,-1.0
2020/04/22,1233.3333333333333,1245.0,1200.0,1233.3333333333333,343800,-1.0,-1.0,-1.0
2020/04/23,1280.0,1301.6666666666665,1265.0,1281.6666666666665,315900,-1.0,-1.0,-1.0
2020/04/24,1271.6666666666665,1295.0,1260.0,1280.0,225000,-1.0,-1.0,-1.0
2020/04/27,1296.6666666666665,1355.0,1280.0,1333.3333333333333,381000,-1.0,-1.0,-1.0
2020/04/28,1346.6666666666665,1366.6666666666665,1310.0,1355.0,341700,-1.0,-1.0,-1.0
2020/04/30,1401.6666666666665,1416.6666666666665,1358.3333333333333,1361.6666666666665,334800,-1.0,-1.0,-1.0
2020/05/01,1350.0,1365.0,1328.3333333333333,1346.6666666666665,308700,-1.0,-1.0,-1.0
2020/05/07,1348.3333333333333,1428.3333333333333,1348.3333333333333,1410.0,352800,-1.0,-1.0,-1.0
2020/05/08,1430.0,1441.6666666666665,1395.0,1408.3333333333333,290400,-1.0,-1.0,-1.0
2020/05/11,1406.6666666666665,1446.6666666666665,1398.3333333333333,1433.3333333333333,330600,-1.0,-1.0,-1.0
2020/05/12,1446.6666666666665,1468.3333333333333,1428.3333333333333,1461.6666666666665,286500,-1.0,-1.0,-1.0
2020/05/13,1460.0,1465.0,1406.6666666666665,1453.3333333333333,465900,-1.0,-1.0,-1.0
2020/05/14,1383.3333333333333,1410.0,1343.3333333333333,1350.0,554700,-1.0,-1.0,-1.0
2020/05/15,1366.6666666666665,1388.3333333333333,1316.6666666666665,1363.3333333333333,378600,-1.0,-1.0,-1.0
2020/05/18,1383.3333333333333,1423.3333333333333,1370.0,1415.0,296100,-1.0,-1.0,-1.0
2020/05/19,1453.3333333333333,1453.3333333333333,1406.6666666666665,1431.6666666666665,268800,-1.0,-1.0,-1.0
2020/05/20,1445.0,1461.6666666666665,1428.3333333333333,1456.6666666666665,204900,-1.0,-1.0,-1.0
2020/05/21,1463.3333333333333,1463.3333333333333,1396.6666666666665,1403.3333333333333,273000,-1.0,-1.0,-1.0
2020/05/22,1403.3333333333333,1431.6666666666665,1396.6666666666665,1418.3333333333333,157200,-1.0,-1.0,-1.0
2020/05/25,1435.0,1435.0,1418.3333333333333,1430.0,107700,-1.0,-1.0,-1.0
2020/05/26,1420.0,1420.0,1366.6666666666665,1388.3333333333333,427800,-1.0,-1.0,-1.0
2020/05/27,1380.0,1420.0,1363.3333333333333,1418.3333333333333,244200,-1.0,-1.0,-1.0
2020/05/28,1406.6666666666665,1406.6666666666665,1343.3333333333333,1365.0,516600,-1.0,-1.0,-1.0
2020/05/29,1348.3333333333333,1370.0,1348.3333333333333,1358.3333333333333,282600,-1.0,-1.0,-1.0
2020/06/01,1358.3333333333333,1408.3333333333333,1353.3333333333333,1396.6666666666665,331500,-1.0,-1.0,-1.0
2020/06/02,1413.3333333333333,1453.3333333333333,1410.0,1411.6666666666665,359400,-1.0,-1.0,-1.0
2020/06/03,1435.0,1491.6666666666665,1425.0,1450.0,552000,-1.0,-1.0,-1.0
2020/06/04,1473.3333333333333,1528.3333333333333,1451.6666666666665,1470.0,559500,-1.0,-1.0,-1.0
2020/06/05,1470.0,1470.0,1411.6666666666665,1431.6666666666665,432600,-1.0,-1.0,-1.0
2020/06/08,1455.0,1470.0,1433.3333333333333,1443.3333333333333,319500,-1.0,-1.0,-1.0
2020/06/09,1446.6666666666665,1446.6666666666665,1405.0,1425.0,200100,-1.0,-1.0,-1.0
2020/06/10,1401.6666666666665,1436.6666666666665,1391.6666666666665,1416.6666666666665,405900,-1.0,-1.0,-1.0
2020/06/11,1400.0,1408.3333333333333,1370.0,1388.3333333333333,350100,-1.0,-1.0,-1.0
2020/06/12,1308.3333333333333,1325.0,1280.0,1318.3333333333333,739800,-1.0,-1.0,-1.0
2020/06/15,1318.3333333333333,1338.3333333333333,1261.6666666666665,1261.6666666666665,396900,-1.0,-1.0,-1.0
2020/06/16,1285.0,1316.6666666666665,1278.3333333333333,1301.6666666666665,288900,-1.0,-1.0,-1.0
2020/06/17,1316.6666666666665,1335.0,1308.3333333333333,1316.6666666666665,192600,-1.0,-1.0,-1.0
2020/06/18,1308.3333333333333,1325.0,1286.6666666666665,1320.0,201600,-1.0,-1.0,-1.0
2020/06/19,1318.3333333333333,1318.3333333333333,1290.0,1301.6666666666665,296100,-1.0,-1.0,-1.0
2020/06/22,1315.0,1331.6666666666665,1296.6666666666665,1328.3333333333333,181200,-1.0,-1.0,-1.0
2020/06/23,1351.6666666666665,1366.6666666666665,1313.3333333333333,1331.6666666666665,203100,-1.0,-1.0,-1.0
2020/06/24,1340.0,1380.0,1325.0,1375.0,288900,-1.0,-1.0,-1.0
2020/06/25,1365.0,1378.3333333333333,1346.6666666666665,1351.6666666666665,172800,-1.0,-1.0,-1.0
2020/06/26,1370.0,1370.0,1320.0,1343.3333333333333,239700,-1.0,-1.0,-1.0
2020/06/29,1326.6666666666665,1328.3333333333333,1248.3333333333333,1260.0,463800,-1.0,-1.0,-1.0
2020/06/30,1296.6666666666665,1296.6666666666665,1255.0,1275.0,193500,-1.0,-1.0,-1.0
2020/07/01,1290.0,1300.0,1260.0,1271.6666666666665,257400,-1.0,-1.0,-1.0
2020/07/02,1286.6666666666665,1290.0,1253.3333333333333,1286.6666666666665,374400,-1.0,-1.0,-1.0
2020/07/03,1270.0,1273.3333333333333,1230.0,1246.6666666666665,293700,-1.0,-1.0,-1.0
2020/07/06,1261.6666666666665,1308.3333333333333,1256.6666666666665,1301.6666666666665,347100,-1.0,-1.0,-1.0
2020/07/07,1303.3333333333333,1328.3333333333333,1285.0,1328.3333333333333,253800,-1.0,-1.0,-1.0
2020/07/08,1321.6666666666665,1348.3333333333333,1305.0,1340.0,216900,-1.0,-1.0,-1.0
2020/07/09,1340.0,1388.3333333333333,1318.3333333333333,1353.3333333333333,306300,-1.0,-1.0,-1.0
2020/07/10,1340.0,1340.0,1255.0,1263.3333333333333,590700,-1.0,-1.0,-1.0
2020/07/13,1273.3333333333333,1281.6666666666665,1243.3333333333333,1266.6666666666665,377700,-1.0,-1.0,-1.0
2020/07/14,1246.6666666666665,1268.3333333333333,1231.6666666666665,1258.3333333333333,303900,-1.0,-1.0,-1.0
2020/07/15,1258.3333333333333,1290.0,1258.3333333333333,1278.3333333333333,238800,-1.0,-1.0,-1.0
2020/07/16,1275.0,1288.3333333333333,1246.6666666666665,1248.3333333333333,179400,-1.0,-1.0,-1.0
2020/07/17,1251.6666666666665,1261.6666666666665,1236.6666666666665,1255.0,224700,-1.0,-1.0,-1.0
2020/07/20,1270.0,1290.0,1258.3333333333333,1278.3333333333333,198000,-1.0,-1.0,-1.0
2020/07/21,1283.3333333333333,1301.6666666666665,1281.6666666666665,1296.6666666666665,226200,-1.0,-1.0,-1.0
2020/07/22,1286.6666666666665,1303.3333333333333,1283.3333333333333,1300.0,135900,-1.0,-1.0,-1.0
2020/07/27,1283.3333333333333,1306.6666666666665,1278.3333333333333,1291.6666666666665,175500,-1.0,-1.0,-1.0
2020/07/28,1306.6666666666665,1306.6666666666665,1255.0,1263.3333333333333,181500,-1.0,-1.0,-1.0
2020/07/29,1263.3333333333333,1263.3333333333333,1223.3333333333333,1231.6666666666665,227400,-1.0,-1.0,-1.0
2020/07/30,1233.3333333333333,1266.6666666666665,1233.3333333333333,1256.6666666666665,191100,-1.0,-1.0,-1.0
2020/07/31,1260.0,1270.0,1226.6666666666665,1226.6666666666665,276300,-1.0,-1.0,-1.0
2020/08/03,1273.3333333333333,1363.3333333333333,1265.0,1323.3333333333333,620100,-1.0,-1.0,-1.0
2020/08/04,1338.3333333333333,1398.3333333333333,1338.3333333333333,1355.0,377100,-1.0,-1.0,-1.0
2020/08/05,1331.6666666666665,1380.0,1331.6666666666665,1378.3333333333333,221100,-1.0,-1.0,-1.0
2020/08/06,1390.0,1400.0,1356.6666666666665,1380.0,311400,-1.0,-1.0,-1.0
2020/08/07,1403.3333333333333,1403.3333333333333,1363.3333333333333,1368.3333333333333,262800,-1.0,-1.0,-1.0
2020/08/11,1376.6666666666665,1376.6666666666665,1341.6666666666665,1360.0,236400,-1.0,-1.0,-1.0
2020/08/12,1350.0,1393.3333333333333,1346.6666666666665,1388.3333333333333,164400,-1.0,-1.0,-1.0
2020/08/13,1390.0,1396.6666666666665,1373.3333333333333,1380.0,185100,-1.0,-1.0,-1.0
2020/08/14,1380.0,1398.3333333333333,1373.3333333333333,1376.6666666666665,126000,-1.0,-1.0,-1.0
2020/08/17,1366.6666666666665,1366.6666666666665,1341.6666666666665,1361.6666666666665,180000,-1.0,-1.0,-1.0
2020/08/18,1361.6666666666665,1390.0,1345.0,1383.3333333333333,168900,-1.0,-1.0,-1.0
2020/08/19,1381.6666666666665,1383.3333333333333,1360.0,1371.6666666666665,120600,-1.0,-1.0,-1.0
2020/08/20,1365.0,1365.0,1323.3333333333333,1330.0,183600,-1.0,-1.0,-1.0
2020/08/21,1350.0,1371.6666666666665,1341.6666666666665,1365.0,138300,-1.0,-1.0,-1.0
2020/08/24,1365.0,1370.0,1340.0,1370.0,123600,-1.0,-1.0,-1.0
2020/08/25,1370.0,1395.0,1358.3333333333333,1366.6666666666665,158400,-1.0,-1.0,-1.0
2020/08/26,1363.3333333333333,1376.6666666666665,1350.0,1350.0,161400,-1.0,-1.0,-1.0
2020/08/27,1348.3333333333333,1350.0,1315.0,1326.6666666666665,293700,-1.0,-1.0,-1.0
2020/08/28,1330.0,1366.6666666666665,1300.0,1315.0,382500,-1.0,-1.0,-1.0
2020/08/31,1361.6666666666665,1385.0,1351.6666666666665,1351.6666666666665,416700,-1.0,-1.0,-1.0
2020/09/01,1350.0,1385.0,1330.0,1385.0,241800,-1.0,-1.0,-1.0
2020/09/02,1390.0,1426.6666666666665,1366.6666666666665,1385.0,353700,-1.0,-1.0,-1.0
2020/09/03,1395.0,1416.6666666666665,1386.6666666666665,1395.0,221700,-1.0,-1.0,-1.0
2020/09/04,1366.6666666666665,1371.6666666666665,1346.6666666666665,1358.3333333333333,223500,-1.0,-1.0,-1.0
2020/09/07,1366.6666666666665,1368.3333333333333,1340.0,1350.0,171600,-1.0,-1.0,-1.0
2020/09/08,1361.6666666666665,1405.0,1358.3333333333333,1403.3333333333333,321600,-1.0,-1.0,-1.0
2020/09/09,1366.6666666666665,1415.0,1358.3333333333333,1415.0,285300,-1.0,-1.0,-1.0
2020/09/10,1403.3333333333333,1421.6666666666665,1360.0,1373.3333333333333,279900,-1.0,-1.0,-1.0
2020/09/11,1381.6666666666665,1406.6666666666665,1363.3333333333333,1405.0,284700,-1.0,-1.0,-1.0
2020/09/14,1411.6666666666665,1426.6666666666665,1391.6666666666665,1403.3333333333333,189900,-1.0,-1.0,-1.0
2020/09/15,1396.6666666666665,1473.3333333333333,1373.3333333333333,1446.6666666666665,476100,-1.0,-1.0,-1.0
2020/09/16,1446.6666666666665,1495.0,1416.6666666666665,1473.3333333333333,644100,-1.0,-1.0,-1.0
2020/09/17,1496.6666666666665,1531.6666666666665,1490.0,1521.6666666666665,359100,-1.0,-1.0,-1.0
2020/09/18,1530.0,1530.0,1478.3333333333333,1483.3333333333333,262500,-1.0,-1.0,-1.0
2020/09/23,1478.3333333333333,1503.3333333333333,1456.6666666666665,1493.3333333333333,360900,-1.0,-1.0,-1.0
2020/09/24,1490.0,1490.0,1435.0,1441.6666666666665,255000,-1.0,-1.0,-1.0
2020/09/25,1450.0,1503.3333333333333,1443.3333333333333,1501.6666666666665,269700,-1.0,-1.0,-1.0
2020/09/28,1503.3333333333333,1503.3333333333333,1451.6666666666665,1476.6666666666665,276900,-1.0,-1.0,-1.0
2020/09/29,1463.3333333333333,1538.3333333333333,1446.6666666666665,1526.6666666666665,303000,-1.0,-1.0,-1.0
2020/09/30,1538.3333333333333,1570.0,1531.6666666666665,1540.0,342900,-1.0,-1.0,-1.0
2020/10/02,1556.6666666666665,1560.0,1460.0,1470.0,334500,-1.0,-1.0,-1.0
2020/10/05,1493.3333333333333,1543.3333333333333,1483.3333333333333,1526.6666666666665,295500,-1.0,-1.0,-1.0
2020/10/06,1561.6666666666665,1620.0,1561.6666666666665,1591.6666666666665,512700,-1.0,-1.0,-1.0
2020/10/07,1586.6666666666665,1623.3333333333333,1563.3333333333333,1615.0,292800,-1.0,-1.0,-1.0
2020/10/08,1616.6666666666665,1683.3333333333333,1601.6666666666665,1658.3333333333333,494400,-1.0,-1.0,-1.0
2020/10/09,1663.3333333333333,1690.0,1638.3333333333333,1665.0,289800,-1.0,-1.0,-1.0
2020/10/12,1665.0,1686.6666666666665,1625.0,1660.0,322200,-1.0,-1.0,-1.0
2020/10/13,1665.0,1673.3333333333333,1653.3333333333333,1656.6666666666665,134100,-1.0,-1.0,-1.0
2020/10/14,1661.6666666666665,1673.3333333333333,1621.6666666666665,1631.6666666666665,368100,-1.0,-1.0,-1.0
2020/10/15,1638.3333333333333,1661.6666666666665,1630.0,1636.6666666666665,281400,-1.0,-1.0,-1.0
2020/10/16,1658.3333333333333,1673.3333333333333,1615.0,1635.0,392700,-1.0,-1.0,-1.0
2020/10/19,1630.0,1630.0,1606.6666666666665,1620.0,114300,-1.0,-1.0,-1.0
2020/10/20,1603.3333333333333,1618.3333333333333,1593.3333333333333,1605.0,128700,-1.0,-1.0,-1.0
2020/10/21,1611.6666666666665,1620.0,1583.3333333333333,1583.3333333333333,98400,-1.0,-1.0,-1.0
2020/10/22,1566.6666666666665,1571.6666666666665,1525.0,1558.3333333333333,177300,-1.0,-1.0,-1.0
2020/10/23,1535.0,1595.0,1533.3333333333333,1580.0,203400,-1.0,-1.0,-1.0
2020/10/26,1595.0,1608.3333333333333,1566.6666666666665,1566.6666666666665,206100,-1.0,-1.0,-1.0
2020/10/27,1541.6666666666665,1580.0,1536.6666666666665,1580.0,172500,-1.0,-1.0,-1.0
2020/10/28,1571.6666666666665,1593.3333333333333,1558.3333333333333,1590.0,175200,-1.0,-1.0,-1.0
2020/10/29,1570.0,1611.6666666666665,1558.3333333333333,1611.6666666666665,222600,-1.0,-1.0,-1.0
2020/10/30,1623.3333333333333,1626.6666666666665,1535.0,1545.0,237600,-1.0,-1.0,-1.0
2020/11/02,1615.0,1780.0,1598.3333333333333,1656.6666666666665,1586100,-1.0,-1.0,-1.0
2020/11/04,1680.0,1716.6666666666665,1581.6666666666665,1593.3333333333333,730200,-1.0,-1.0,-1.0
2020/11/05,1613.3333333333333,1625.0,1535.0,1546.6666666666665,583200,-1.0,-1.0,-1.0
2020/11/06,1611.6666666666665,1733.3333333333333,1593.3333333333333,1690.0,916500,-1.0,-1.0,-1.0
2020/11/09,1710.0,1730.0,1686.6666666666665,1716.6666666666665,457200,-1.0,-1.0,-1.0
2020/11/10,1700.0,1716.6666666666665,1638.3333333333333,1653.3333333333333,477600,-1.0,-1.0,-1.0
2020/11/11,1653.3333333333333,1660.0,1613.3333333333333,1625.0,382200,-1.0,-1.0,-1.0
2020/11/12,1631.6666666666665,1680.0,1626.6666666666665,1633.3333333333333,244800,-1.0,-1.0,-1.0
2020/11/13,1620.0,1633.3333333333333,1606.6666666666665,1623.3333333333333,207000,-1.0,-1.0,-1.0
2020/11/16,1633.3333333333333,1633.3333333333333,1586.6666666666665,1588.3333333333333,208500,-1.0,-1.0,-1.0
2020/11/17,1591.6666666666665,1615.0,1573.3333333333333,1590.0,200100,-1.0,-1.0,-1.0
2020/11/18,1600.0,1608.3333333333333,1571.6666666666665,1590.0,189300,-1.0,-1.0,-1.0
2020/11/19,1598.3333333333333,1646.6666666666665,1596.6666666666665,1636.6666666666665,290100,-1.0,-1.0,-1.0
2020/11/20,1633.3333333333333,1641.6666666666665,1610.0,1640.0,108900,-1.0,-1.0,-1.0
2020/11/24,1663.3333333333333,1690.0,1643.3333333333333,1660.0,235800,-1.0,-1.0,-1.0
2020/11/25,1426.6666666666665,1435.0,1426.6666666666665,1426.6666666666665,1285800,-1.0,-1.0,-1.0
2020/11/26,1453.3333333333333,1465.0,1405.0,1450.0,2550900,-1.0,-1.0,-1.0
2020/11/27,1473.3333333333333,1486.6666666666665,1446.6666666666665,1480.0,1373100,-1.0,-1.0,-1.0
2020/11/30,1496.6666666666665,1523.3333333333333,1488.3333333333333,1495.0,907200,-1.0,-1.0,-1.0
2020/12/01,1525.0,1561.6666666666665,1516.6666666666665,1553.3333333333333,821100,-1.0,-1.0,-1.0
2020/12/02,1553.3333333333333,1553.3333333333333,1481.6666666666665,1521.6666666666665,594000,-1.0,-1.0,-1.0
2020/12/03,1516.6666666666665,1531.6666666666665,1485.0,1505.0,456300,-1.0,-1.0,-1.0
2020/12/04,1500.0,1511.6666666666665,1458.3333333333333,1498.3333333333333,395400,-1.0,-1.0,-1.0
2020/12/07,1496.6666666666665,1500.0,1455.0,1465.0,223200,-1.0,-1.0,-1.0
2020/12/08,1450.0,1476.6666666666665,1440.0,1473.3333333333333,210900,-1.0,-1.0,-1.0
2020/12/09,1461.6666666666665,1493.3333333333333,1461.6666666666665,1481.6666666666665,202200,-1.0,-1.0,-1.0
2020/12/10,1468.3333333333333,1473.3333333333333,1455.0,1460.0,236700,-1.0,-1.0,-1.0
2020/12/11,1471.6666666666665,1488.3333333333333,1458.3333333333333,1468.3333333333333,188700,-1.0,-1.0,-1.0
2020/12/14,1483.3333333333333,1491.6666666666665,1473.3333333333333,1476.6666666666665,161100,-1.0,-1.0,-1.0
2020/12/15,1493.3333333333333,1505.0,1465.0,1466.6666666666665,260400,-1.0,-1.0,-1.0
2020/12/16,1476.6666666666665,1478.3333333333333,1433.3333333333333,1465.0,305100,-1.0,-1.0,-1.0
2020/12/17,1470.0,1475.0,1451.6666666666665,1451.6666666666665,254100,-1.0,-1.0,-1.0
2020/12/18,1468.3333333333333,1480.0,1445.0,1448.3333333333333,329100,-1.0,-1.0,-1.0
2020/12/21,1456.6666666666665,1456.6666666666665,1428.3333333333333,1440.0,192300,-1.0,-1.0,-1.0
2020/12/22,1433.3333333333333,1433.3333333333333,1363.3333333333333,1373.3333333333333,432300,-1.0,-1.0,-1.0
2020/12/23,1388.3333333333333,1398.3333333333333,1376.6666666666665,1383.3333333333333,201600,-1.0,-1.0,-1.0
2020/12/24,1385.0,1388.3333333333333,1366.6666666666665,1380.0,209400,-1.0,-1.0,-1.0
2020/12/25,1376.6666666666665,1381.6666666666665,1360.0,1370.0,147600,-1.0,-1.0,-1.0
2020/12/28,1355.0,1361.6666666666665,1308.3333333333333,1320.0,537900,-1.0,-1.0,-1.0
2020/12/29,1331.6666666666665,1391.6666666666665,1321.6666666666665,1378.3333333333333,405300,-1.0,-1.0,-1.0
2020/12/30,1378.3333333333333,1393.3333333333333,1351.6666666666665,1378.3333333333333,297600,-1.0,-1.0,-1.0
2021/01/04,1378.3333333333333,1378.3333333333333,1323.3333333333333,1336.6666666666665,316500,-1.0,-1.0,-1.0
2021/01/05,1326.6666666666665,1336.6666666666665,1316.6666666666665,1330.0,184800,-1.0,-1.0,-1.0
2021/01/06,1335.0,1368.3333333333333,1328.3333333333333,1330.0,262200,-1.0,-1.0,-1.0
2021/01/07,1340.0,1355.0,1331.6666666666665,1331.6666666666665,201300,-1.0,-1.0,-1.0
2021/01/08,1348.3333333333333,1356.6666666666665,1336.6666666666665,1350.0,187500,-1.0,-1.0,-1.0
2021/01/12,1373.3333333333333,1438.3333333333333,1373.3333333333333,1430.0,613500,-1.0,-1.0,-1.0
2021/01/13,1453.3333333333333,1490.0,1453.3333333333333,1480.0,684600,-1.0,-1.0,-1.0
2021/01/14,1480.0,1513.3333333333333,1480.0,1508.3333333333333,615300,-1.0,-1.0,-1.0
2021/01/15,1516.6666666666665,1553.3333333333333,1516.6666666666665,1541.6666666666665,468000,-1.0,-1.0,-1.0
2021/01/18,1541.6666666666665,1563.3333333333333,1536.6666666666665,1553.3333333333333,480000,-1.0,-1.0,-1.0
2021/01/19,1576.6666666666665,1611.6666666666665,1518.3333333333333,1526.6666666666665,500400,-1.0,-1.0,-1.0
2021/01/20,1550.0,1561.6666666666665,1511.6666666666665,1543.3333333333333,258900,-1.0,-1.0,-1.0
2021/01/21,1560.0,1575.0,1541.6666666666665,1553.3333333333333,253800,-1.0,-1.0,-1.0
2021/01/22,1553.3333333333333,1585.0,1546.6666666666665,1580.0,264300,-1.0,-1.0,-1.0
2021/01/25,1598.3333333333333,1610.0,1588.3333333333333,1605.0,188700,-1.0,-1.0,-1.0
2021/01/26,1583.3333333333333,1595.0,1558.3333333333333,1583.3333333333333,229500,-1.0,-1.0,-1.0
2021/01/27,1608.3333333333333,1640.0,1606.6666666666665,1621.6666666666665,309600,-1.0,-1.0,-1.0
2021/01/28,1598.3333333333333,1646.6666666666665,1595.0,1638.3333333333333,557100,-1.0,-1.0,-1.0
2021/01/29,1616.6666666666665,1631.6666666666665,1573.3333333333333,1586.6666666666665,374700,-1.0,-1.0,-1.0
2021/02/01,1516.6666666666665,1516.6666666666665,1426.6666666666665,1460.0,680400,-1.0,-1.0,-1.0
2021/02/02,1463.3333333333333,1483.3333333333333,1435.0,1443.3333333333333,444000,-1.0,-1.0,-1.0
2021/02/03,1448.3333333333333,1473.3333333333333,1433.3333333333333,1448.3333333333333,299700,-1.0,-1.0,-1.0
2021/02/04,1456.6666666666665,1500.0,1448.3333333333333,1476.6666666666665,332100,-1.0,-1.0,-1.0
2021/02/05,1460.0,1468.3333333333333,1446.6666666666665,1451.6666666666665,254700,-1.0,-1.0,-1.0
2021/02/08,1451.6666666666665,1458.3333333333333,1435.0,1446.6666666666665,279000,-1.0,-1.0,-1.0
2021/02/09,1450.0,1466.6666666666665,1436.6666666666665,1465.0,321900,-1.0,-1.0,-1.0
2021/02/10,1466.6666666666665,1496.6666666666665,1448.3333333333333,1460.0,290400,-1.0,-1.0,-1.0
2021/02/12,1483.3333333333333,1485.0,1441.6666666666665,1443.3333333333333,183900,-1.0,-1.0,-1.0
2021/02/15,1446.6666666666665,1455.0,1428.3333333333333,1435.0,185700,-1.0,-1.0,-1.0
2021/02/16,1440.0,1463.3333333333333,1428.3333333333333,1440.0,218400,-1.0,-1.0,-1.0
2021/02/17,1440.0,1453.3333333333333,1430.0,1440.0,223500,-1.0,-1.0,-1.0
2021/02/18,1440.0,1456.6666666666665,1410.0,1411.6666666666665,246600,-1.0,-1.0,-1.0
2021/02/19,1415.0,1450.0,1406.6666666666665,1443.3333333333333,288300,-1.0,-1.0,-1.0
2021/02/22,1435.0,1476.6666666666665,1435.0,1446.6666666666665,258000,-1.0,-1.0,-1.0
2021/02/24,1466.6666666666665,1483.3333333333333,1436.6666666666665,1451.6666666666665,387300,-1.0,-1.0,-1.0
2021/02/25,1451.6666666666665,1463.3333333333333,1410.0,1410.0,262800,-1.0,-1.0,-1.0
2021/02/26,1405.0,1405.0,1376.6666666666665,1383.3333333333333,238200,-1.0,-1.0,-1.0
2021/03/01,1396.6666666666665,1396.6666666666665,1373.3333333333333,1390.0,136800,-1.0,-1.0,-1.0
2021/03/02,1400.0,1408.3333333333333,1363.3333333333333,1375.0,200400,-1.0,-1.0,-1.0
2021/03/03,1371.6666666666665,1378.3333333333333,1360.0,1366.6666666666665,131700,-1.0,-1.0,-1.0
2021/03/04,1358.3333333333333,1363.3333333333333,1331.6666666666665,1353.3333333333333,202500,-1.0,-1.0,-1.0
2021/03/05,1353.3333333333333,1375.0,1326.6666666666665,1368.3333333333333,247500,-1.0,-1.0,-1.0
2021/03/08,1371.6666666666665,1393.3333333333333,1363.3333333333333,1380.0,204600,-1.0,-1.0,-1.0
2021/03/09,1368.3333333333333,1406.6666666666665,1368.3333333333333,1403.3333333333333,348300,-1.0,-1.0,-1.0
2021/03/10,1410.0,1420.0,1400.0,1408.3333333333333,172200,-1.0,-1.0,-1.0
2021/03/11,1416.6666666666665,1435.0,1408.3333333333333,1430.0,155700,-1.0,-1.0,-1.0
2021/03/12,1440.0,1458.3333333333333,1421.6666666666665,1453.3333333333333,240900,-1.0,-1.0,-1.0
2021/03/15,1476.6666666666665,1515.0,1471.6666666666665,1496.6666666666665,505500,-1.0,-1.0,-1.0
2021/03/16,1533.3333333333333,1623.3333333333333,1531.6666666666665,1600.0,590700,-1.0,-1.0,-1.0
2021/03/17,1615.0,1618.3333333333333,1588.3333333333333,1608.3333333333333,211800,-1.0,-1.0,-1.0
2021/03/18,1603.3333333333333,1651.6666666666665,1600.0,1621.6666666666665,397500,-1.0,-1.0,-1.0
2021/03/19,1598.3333333333333,1683.3333333333333,1585.0,1683.3333333333333,460200,-1.0,-1.0,-1.0
2021/03/22,1640.0,1653.3333333333333,1586.6666666666665,1595.0,306000,-1.0,-1.0,-1.0
2021/03/23,1600.0,1600.0,1553.3333333333333,1553.3333333333333,232800,-1.0,-1.0,-1.0
2021/03/24,1530.0,1535.0,1446.6666666666665,1451.6666666666665,444300,-1.0,-1.0,-1.0
2021/03/25,1456.6666666666665,1471.6666666666665,1430.0,1460.0,232500,-1.0,-1.0,-1.0
2021/03/26,1451.6666666666665,1505.0,1451.6666666666665,1501.6666666666665,195600,-1.0,-1.0,-1.0
2021/03/29,1525.0,1526.6666666666665,1473.3333333333333,1490.0,184800,-1.0,-1.0,-1.0
2021/03/30,1475.0,1498.3333333333333,1460.0,1493.3333333333333,98100,-1.0,-1.0,-1.0
2021/03/31,1513.3333333333333,1513.3333333333333,1481.6666666666665,1491.6666666666665,140400,-1.0,-1.0,-1.0
2021/04/01,1500.0,1500.0,1461.6666666666665,1465.0,141600,-1.0,-1.0,-1.0
2021/04/02,1480.0,1486.6666666666665,1468.3333333333333,1483.3333333333333,85800,-1.0,-1.0,-1.0
2021/04/05,1496.6666666666665,1496.6666666666665,1470.0,1476.6666666666665,91200,-1.0,-1.0,-1.0
2021/04/06,1471.6666666666665,1480.0,1450.0,1460.0,147000,-1.0,-1.0,-1.0
2021/04/07,1455.0,1491.6666666666665,1455.0,1490.0,107700,-1.0,-1.0,-1.0
2021/04/08,1486.6666666666665,1486.6666666666665,1460.0,1470.0,117600,-1.0,-1.0,-1.0
2021/04/09,1471.6666666666665,1491.6666666666665,1470.0,1486.6666666666665,138300,-1.0,-1.0,-1.0
2021/04/12,1486.6666666666665,1491.6666666666665,1463.3333333333333,1470.0,94500,-1.0,-1.0,-1.0
2021/04/13,1466.6666666666665,1491.6666666666665,1466.6666666666665,1488.3333333333333,83100,-1.0,-1.0,-1.0
2021/04/14,1485.0,1498.3333333333333,1483.3333333333333,1491.6666666666665,85200,-1.0,-1.0,-1.0
2021/04/15,1491.6666666666665,1491.6666666666665,1466.6666666666665,1480.0,104700,-1.0,-1.0,-1.0
2021/04/16,1488.3333333333333,1490.0,1466.6666666666665,1476.6666666666665,87600,-1.0,-1.0,-1.0
2021/04/19,1476.6666666666665,1488.3333333333333,1470.0,1471.6666666666665,133500,-1.0,-1.0,-1.0
2021/04/20,1466.6666666666665,1475.0,1443.3333333333333,1446.6666666666665,139800,-1.0,-1.0,-1.0
2021/04/21,1426.6666666666665,1426.6666666666665,1380.0,1388.3333333333333,300300,-1.0,-1.0,-1.0
2021/04/22,1400.0,1408.3333333333333,1368.3333333333333,1380.0,224400,-1.0,-1.0,-1.0
2021/04/23,1383.3333333333333,1396.6666666666665,1363.3333333333333,1368.3333333333333,210900,-1.0,-1.0,-1.0
2021/04/26,1371.6666666666665,1385.0,1353.3333333333333,1385.0,224100,-1.0,-1.0,-1.0
2021/04/27,1391.6666666666665,1391.6666666666665,1360.0,1363.3333333333333,191100,-1.0,-1.0,-1.0
2021/04/28,1363.3333333333333,1378.3333333333333,1348.3333333333333,1353.3333333333333,298500,-1.0,-1.0,-1.0
2021/04/30,1413.3333333333333,1421.6666666666665,1333.3333333333333,1336.6666666666665,793800,-1.0,-1.0,-1.0
2021/05/06,1340.0,1351.6666666666665,1306.6666666666665,1320.0,504900,-1.0,-1.0,-1.0
2021/05/07,1321.6666666666665,1351.6666666666665,1316.6666666666665,1336.6666666666665,275400,-1.0,-1.0,-1.0
2021/05/10,1336.6666666666665,1355.0,1335.0,1345.0,191700,-1.0,-1.0,-1.0
2021/05/11,1326.6666666666665,1330.0,1288.3333333333333,1293.3333333333333,560700,-1.0,-1.0,-1.0
2021/05/12,1285.0,1308.3333333333333,1255.0,1263.3333333333333,384600,-1.0,-1.0,-1.0
2021/05/13,1240.0,1246.6666666666665,1218.3333333333333,1218.3333333333333,370500,-1.0,-1.0,-1.0
2021/05/14,1230.0,1236.6666666666665,1210.0,1226.6666666666665,409500,-1.0,-1.0,-1.0
2021/05/17,1243.3333333333333,1268.3333333333333,1206.6666666666665,1208.3333333333333,436800,-1.0,-1.0,-1.0
2021/05/18,1205.0,1225.0,1205.0,1215.0,333900,-1.0,-1.0,-1.0
2021/05/19,1215.0,1223.3333333333333,1191.6666666666665,1206.6666666666665,429300,-1.0,-1.0,-1.0
2021/05/20,1206.6666666666665,1215.0,1188.3333333333333,1201.6666666666665,249900,-1.0,-1.0,-1.0
2021/05/21,1211.6666666666665,1211.6666666666665,1185.0,1198.3333333333333,327900,-1.0,-1.0,-1.0
2021/05/24,1196.6666666666665,1211.6666666666665,1183.3333333333333,1185.0,369000,-1.0,-1.0,-1.0
2021/05/25,1190.0,1201.6666666666665,1185.0,1193.3333333333333,233700,-1.0,-1.0,-1.0
2021/05/26,1195.0,1198.3333333333333,1180.0,1180.0,309600,-1.0,-1.0,-1.0
2021/05/27,1178.3333333333333,1193.3333333333333,1173.3333333333333,1183.3333333333333,292800,-1.0,-1.0,-1.0
2021/05/28,1195.0,1200.0,1173.3333333333333,1188.3333333333333,342300,-1.0,-1.0,-1.0
2021/05/31,1200.0,1205.0,1168.3333333333333,1170.0,464400,-1.0,-1.0,-1.0
2021/06/01,1178.3333333333333,1211.6666666666665,1175.0,1205.0,387300,-1.0,-1.0,-1.0
2021/06/02,1216.6666666666665,1223.3333333333333,1195.0,1196.6666666666665,341700,-1.0,-1.0,-1.0
2021/06/03,1205.0,1210.0,1193.3333333333333,1200.0,202800,-1.0,-1.0,-1.0
2021/06/04,1200.0,1206.6666666666665,1188.3333333333333,1190.0,216600,-1.0,-1.0,-1.0
2021/06/07,1193.3333333333333,1200.0,1185.0,1191.6666666666665,200400,-1.0,-1.0,-1.0
2021/06/08,1193.3333333333333,1211.6666666666665,1191.6666666666665,1208.3333333333333,146100,-1.0,-1.0,-1.0
2021/06/09,1218.3333333333333,1223.3333333333333,1208.3333333333333,1213.3333333333333,167400,-1.0,-1.0,-1.0
2021/06/10,1210.0,1235.0,1210.0,1233.3333333333333,219300,-1.0,-1.0,-1.0
2021/06/11,1235.0,1241.6666666666665,1205.0,1205.0,373800,-1.0,-1.0,-1.0
2021/06/14,1215.0,1230.0,1208.3333333333333,1223.3333333333333,194400,-1.0,-1.0,-1.0
2021/06/15,1231.6666666666665,1255.0,1226.6666666666665,1250.0,337200,-1.0,-1.0,-1.0
2021/06/16,1246.6666666666665,1255.0,1226.6666666666665,1235.0,236700,-1.0,-1.0,-1.0
2021/06/17,1230.0,1251.6666666666665,1228.3333333333333,1230.0,203400,-1.0,-1.0,-1.0
2021/06/18,1230.0,1245.0,1213.3333333333333,1213.3333333333333,474600,-1.0,-1.0,-1.0
2021/06/21,1191.6666666666665,1196.6666666666665,1173.3333333333333,1196.6666666666665,381300,-1.0,-1.0,-1.0
2021/06/22,1208.3333333333333,1216.6666666666665,1196.6666666666665,1198.3333333333333,250200,-1.0,-1.0,-1.0
2021/06/23,1201.6666666666665,1205.0,1190.0,1191.6666666666665,195900,-1.0,-1.0,-1.0
2021/06/24,1191.6666666666665,1198.3333333333333,1181.6666666666665,1183.3333333333333,146400,-1.0,-1.0,-1.0
2021/06/25,1183.3333333333333,1190.0,1175.0,1175.0,156300,-1.0,-1.0,-1.0
2021/06/28,1175.0,1186.6666666666665,1171.6666666666665,1176.6666666666665,199500,-1.0,-1.0,-1.0
2021/06/29,1176.6666666666665,1203.3333333333333,1176.6666666666665,1195.0,282300,-1.0,-1.0,-1.0
2021/06/30,1208.3333333333333,1213.3333333333333,1181.6666666666665,1185.0,199500,-1.0,-1.0,-1.0
2021/07/01,1183.3333333333333,1183.3333333333333,1160.0,1161.6666666666665,388800,-1.0,-1.0,-1.0
2021/07/02,1168.3333333333333,1175.0,1156.6666666666665,1175.0,198600,-1.0,-1.0,-1.0
2021/07/05,1175.0,1181.6666666666665,1163.3333333333333,1163.3333333333333,140400,-1.0,-1.0,-1.0
2021/07/06,1160.0,1175.0,1156.6666666666665,1160.0,213300,-1.0,-1.0,-1.0
2021/07/07,1153.3333333333333,1160.0,1143.3333333333333,1151.6666666666665,213300,-1.0,-1.0,-1.0
2021/07/08,1145.0,1158.3333333333333,1118.3333333333333,1118.3333333333333,287700,-1.0,-1.0,-1.0
2021/07/09,1103.3333333333333,1128.3333333333333,1093.3333333333333,1126.6666666666665,291300,-1.0,-1.0,-1.0
2021/07/12,1143.3333333333333,1148.3333333333333,1133.3333333333333,1138.3333333333333,214800,-1.0,-1.0,-1.0
2021/07/13,1146.6666666666665,1170.0,1146.6666666666665,1163.3333333333333,240300,-1.0,-1.0,-1.0
2021/07/14,1166.6666666666665,1191.6666666666665,1160.0,1185.0,277200,-1.0,-1.0,-1.0
2021/07/15,1200.0,1213.3333333333333,1185.0,1186.6666666666665,271500,-1.0,-1.0,-1.0
2021/07/16,1186.6666666666665,1193.3333333333333,1175.0,1191.6666666666665,155100,-1.0,-1.0,-1.0
2021/07/19,1183.3333333333333,1186.6666666666665,1163.3333333333333,1166.6666666666665,168300,-1.0,-1.0,-1.0
2021/07/20,1163.3333333333333,1163.3333333333333,1131.6666666666665,1131.6666666666665,173700,-1.0,-1.0,-1.0
2021/07/21,1136.6666666666665,1153.3333333333333,1125.0,1130.0,285000,-1.0,-1.0,-1.0
2021/07/26,1148.3333333333333,1148.3333333333333,1128.3333333333333,1135.0,187500,-1.0,-1.0,-1.0
2021/07/27,1148.3333333333333,1148.3333333333333,1133.3333333333333,1145.0,179700,-1.0,-1.0,-1.0
2021/07/28,1148.3333333333333,1148.3333333333333,1115.0,1116.6666666666665,163500,-1.0,-1.0,-1.0
2021/07/29,1123.3333333333333,1126.6666666666665,1110.0,1123.3333333333333,121800,-1.0,-1.0,-1.0
2021/07/30,1126.6666666666665,1126.6666666666665,1081.6666666666665,1088.3333333333333,404100,-1.0,-1.0,-1.0
2021/08/02,1030.0,1101.6666666666665,1028.3333333333333,1086.6666666666665,573600,-1.0,-1.0,-1.0
2021/08/03,1096.6666666666665,1116.6666666666665,1076.6666666666665,1093.3333333333333,266700,-1.0,-1.0,-1.0
2021/08/04,1090.0,1090.0,1043.3333333333333,1048.3333333333333,275400,-1.0,-1.0,-1.0
2021/08/05,1053.3333333333333,1065.0,1036.6666666666665,1036.6666666666665,181800,-1.0,-1.0,-1.0
2021/08/06,1036.6666666666665,1040.0,1006.6666666666666,1031.6666666666665,370800,-1.0,-1.0,-1.0
2021/08/10,1028.3333333333333,1031.6666666666665,1021.6666666666666,1028.3333333333333,201000,-1.0,-1.0,-1.0
2021/08/11,1023.3333333333333,1040.0,1023.3333333333333,1038.3333333333333,143700,-1.0,-1.0,-1.0
2021/08/12,1035.0,1040.0,1018.3333333333333,1021.6666666666666,169500,-1.0,-1.0,-1.0
2021/08/13,1021.6666666666666,1031.6666666666665,1011.6666666666666,1028.3333333333333,169800,-1.0,-1.0,-1.0
2021/08/16,1023.3333333333333,1028.3333333333333,1010.0,1011.6666666666666,169500,-1.0,-1.0,-1.0
2021/08/17,1028.3333333333333,1028.3333333333333,1008.3333333333333,1011.6666666666666,190200,-1.0,-1.0,-1.0
2021/08/18,1020.0,1070.0,1020.0,1060.0,386400,-1.0,-1.0,-1.0
2021/08/19,1050.0,1061.6666666666665,1041.6666666666665,1041.6666666666665,150000,-1.0,-1.0,-1.0
2021/08/20,1041.6666666666665,1055.0,1036.6666666666665,1040.0,88800,-1.0,-1.0,-1.0
2021/08/23,1045.0,1060.0,1045.0,1060.0,100800,-1.0,-1.0,-1.0
2021/08/24,1083.3333333333333,1101.6666666666665,1066.6666666666665,1076.6666666666665,203400,-1.0,-1.0,-1.0
2021/08/25,1066.6666666666665,1083.3333333333333,1061.6666666666665,1078.3333333333333,115500,-1.0,-1.0,-1.0
2021/08/26,1085.0,1090.0,1080.0,1086.6666666666665,83400,-1.0,-1.0,-1.0
2021/08/27,1078.3333333333333,1078.3333333333333,1056.6666666666665,1063.3333333333333,151500,-1.0,-1.0,-1.0
2021/08/30,1076.6666666666665,1095.0,1076.6666666666665,1093.3333333333333,164400,-1.0,-1.0,-1.0
2021/08/31,1101.6666666666665,1101.6666666666665,1070.0,1076.6666666666665,181500,-1.0,-1.0,-1.0
2021/09/01,1076.6666666666665,1091.6666666666665,1068.3333333333333,1091.6666666666665,168000,-1.0,-1.0,-1.0
2021/09/02,1083.3333333333333,1090.0,1071.6666666666665,1081.6666666666665,120000,-1.0,-1.0,-1.0
2021/09/03,1066.6666666666665,1088.3333333333333,1065.0,1071.6666666666665,148200,-1.0,-1.0,-1.0
2021/09/06,1088.3333333333333,1098.3333333333333,1086.6666666666665,1096.6666666666665,120300,-1.0,-1.0,-1.0
2021/09/07,1105.0,1113.3333333333333,1096.6666666666665,1096.6666666666665,149400,-1.0,-1.0,-1.0
2021/09/08,1113.3333333333333,1126.6666666666665,1105.0,1126.6666666666665,187200,-1.0,-1.0,-1.0
2021/09/09,1118.3333333333333,1123.3333333333333,1093.3333333333333,1103.3333333333333,225900,-1.0,-1.0,-1.0
2021/09/10,1106.6666666666665,1125.0,1105.0,1125.0,131100,-1.0,-1.0,-1.0
2021/09/13,1125.0,1136.6666666666665,1120.0,1123.3333333333333,159900,-1.0,-1.0,-1.0
2021/09/14,1115.0,1115.0,1103.3333333333333,1111.6666666666665,129000,-1.0,-1.0,-1.0
2021/09/15,1096.6666666666665,1103.3333333333333,1085.0,1091.6666666666665,207300,-1.0,-1.0,-1.0
2021/09/16,1080.0,1098.3333333333333,1063.3333333333333,1076.6666666666665,223500,-1.0,-1.0,-1.0
2021/09/17,1085.0,1106.6666666666665,1085.0,1095.0,207600,-1.0,-1.0,-1.0
2021/09/21,1066.6666666666665,1083.3333333333333,1060.0,1076.6666666666665,135300,-1.0,-1.0,-1.0
2021/09/22,1071.6666666666665,1080.0,1060.0,1060.0,153900,-1.0,-1.0,-1.0
2021/09/24,1076.6666666666665,1096.6666666666665,1075.0,1091.6666666666665,168600,-1.0,-1.0,-1.0
2021/09/27,1095.0,1096.6666666666665,1075.0,1075.0,114900,-1.0,-1.0,-1.0
2021/09/28,1083.3333333333333,1108.3333333333333,1081.6666666666665,1096.6666666666665,208500,-1.0,-1.0,-1.0
2021/09/29,1068.3333333333333,1081.6666666666665,1065.0,1076.6666666666665,213300,-1.0,-1.0,-1.0
2021/09/30,1080.0,1081.6666666666665,1070.0,1070.0,159300,-1.0,-1.0,-1.0
2021/10/01,1070.0,1075.0,1058.3333333333333,1068.3333333333333,144600,-1.0,-1.0,-1.0
2021/10/04,1065.0,1065.0,1020.0,1028.3333333333333,192300,-1.0,-1.0,-1.0
2021/10/05,1016.6666666666666,1028.3333333333333,1008.3333333333333,1015.0,217800,-1.0,-1.0,-1.0
2021/10/06,1021.6666666666666,1046.6666666666665,1018.3333333333333,1018.3333333333333,162300,-1.0,-1.0,-1.0
2021/10/07,1031.6666666666665,1053.3333333333333,1031.6666666666665,1036.6666666666665,132300,-1.0,-1.0,-1.0
2021/10/08,1046.6666666666665,1065.0,1043.3333333333333,1063.3333333333333,156600,-1.0,-1.0,-1.0
2021/10/11,1058.3333333333333,1078.3333333333333,1053.3333333333333,1078.3333333333333,87900,-1.0,-1.0,-1.0
2021/10/12,1070.0,1075.0,1060.0,1063.3333333333333,87600,-1.0,-1.0,-1.0
2021/10/13,1065.0,1065.0,1045.0,1045.0,94800,-1.0,-1.0,-1.0
2021/10/14,1043.3333333333333,1046.6666666666665,1033.3333333333333,1040.0,106800,-1.0,-1.0,-1.0
2021/10/15,1051.6666666666665,1056.6666666666665,1046.6666666666665,1050.0,78900,-1.0,-1.0,-1.0
2021/10/18,1050.0,1065.0,1050.0,1065.0,118200,-1.0,-1.0,-1.0
2021/10/19,1065.0,1076.6666666666665,1063.3333333333333,1071.6666666666665,110100,-1.0,-1.0,-1.0
2021/10/20,1078.3333333333333,1088.3333333333333,1065.0,1071.6666666666665,98400,-1.0,-1.0,-1.0
2021/10/21,1071.6666666666665,1075.0,1058.3333333333333,1058.3333333333333,112500,-1.0,-1.0,-1.0
2021/10/22,1058.3333333333333,1065.0,1056.6666666666665,1063.3333333333333,88500,-1.0,-1.0,-1.0
2021/10/25,1046.6666666666665,1051.6666666666665,1035.0,1040.0,141900,-1.0,-1.0,-1.0
2021/10/26,1041.6666666666665,1060.0,1041.6666666666665,1058.3333333333333,145800,-1.0,-1.0,-1.0
2021/10/27,1068.3333333333333,1073.3333333333333,1061.6666666666665,1065.0,177600,-1.0,-1.0,-1.0
2021/10/28,1061.6666666666665,1068.3333333333333,1053.3333333333333,1066.6666666666665,456300,-1.0,-1.0,-1.0
2021/10/29,1071.6666666666665,1071.6666666666665,1033.3333333333333,1033.3333333333333,237900,-1.0,-1.0,-1.0
2021/11/01,1018.3333333333333,1076.6666666666665,1016.6666666666666,1053.3333333333333,270600,-1.0,-1.0,-1.0
2021/11/02,1056.6666666666665,1081.6666666666665,1055.0,1076.6666666666665,274800,-1.0,-1.0,-1.0
2021/11/04,1073.3333333333333,1073.3333333333333,1028.3333333333333,1043.3333333333333,465600,-1.0,-1.0,-1.0
2021/11/05,1051.6666666666665,1065.0,1043.3333333333333,1060.0,232800,-1.0,-1.0,-1.0
2021/11/08,1065.0,1080.0,1053.3333333333333,1078.3333333333333,177300,-1.0,-1.0,-1.0
2021/11/09,1080.0,1080.0,1058.3333333333333,1060.0,145500,-1.0,-1.0,-1.0
2021/11/10,1076.6666666666665,1083.3333333333333,1066.6666666666665,1073.3333333333333,126900,-1.0,-1.0,-1.0
2021/11/11,1061.6666666666665,1096.6666666666665,1058.3333333333333,1073.3333333333333,194400,-1.0,-1.0,-1.0
2021/11/12,1073.3333333333333,1090.0,1065.0,1065.0,151800,-1.0,-1.0,-1.0
2021/11/15,1060.0,1063.3333333333333,1035.0,1040.0,238500,-1.0,-1.0,-1.0
2021/11/16,1046.6666666666665,1046.6666666666665,1026.6666666666665,1041.6666666666665,195900,-1.0,-1.0,-1.0
2021/11/17,1035.0,1035.0,1016.6666666666666,1030.0,204300,-1.0,-1.0,-1.0
2021/11/18,1021.6666666666666,1021.6666666666666,996.0,1010.0,329400,-1.0,-1.0,-1.0
2021/11/19,995.0,1001.6666666666666,974.0,998.3333333333333,391500,-1.0,-1.0,-1.0
2021/11/22,982.6666666666666,988.6666666666666,974.3333333333333,974.3333333333333,196800,-1.0,-1.0,-1.0
2021/11/24,973.3333333333333,982.6666666666666,960.3333333333333,960.3333333333333,262800,-1.0,-1.0,-1.0
2021/11/25,972.6666666666666,985.6666666666666,943.0,944.3333333333333,278700,-1.0,-1.0,-1.0
2021/11/26,943.0,943.0,897.6666666666666,911.6666666666666,439200,-1.0,-1.0,-1.0
2021/11/29,897.6666666666666,946.0,897.0,911.6666666666666,327900,-1.0,-1.0,-1.0
2021/11/30,937.3333333333333,956.3333333333333,889.0,912.6666666666666,1548300,-1.0,-1.0,-1.0
2021/12/01,900.6666666666666,900.6666666666666,874.0,886.0,309300,-1.0,-1.0,-1.0
2021/12/02,886.0,898.3333333333333,860.3333333333333,865.3333333333333,337200,-1.0,-1.0,-1.0
2021/12/03,873.6666666666666,881.3333333333333,862.6666666666666,875.6666666666666,269700,-1.0,-1.0,-1.0
2021/12/06,885.3333333333333,888.3333333333333,865.0,878.6666666666666,202800,-1.0,-1.0,-1.0
2021/12/07,890.0,908.3333333333333,888.3333333333333,903.6666666666666,173400,-1.0,-1.0,-1.0
2021/12/08,913.3333333333333,922.3333333333333,903.6666666666666,921.6666666666666,188700,-1.0,-1.0,-1.0
2021/12/09,921.6666666666666,922.6666666666666,900.3333333333333,912.6666666666666,189300,-1.0,-1.0,-1.0
2021/12/10,913.6666666666666,913.6666666666666,893.0,897.0,167100,-1.0,-1.0,-1.0
2021/12/13,897.0,900.6666666666666,876.6666666666666,881.0,171300,-1.0,-1.0,-1.0
2021/12/14,877.6666666666666,877.6666666666666,852.0,856.3333333333333,187200,-1.0,-1.0,-1.0
2021/12/15,851.0,872.3333333333333,850.3333333333333,866.3333333333333,173100,-1.0,-1.0,-1.0
2021/12/16,883.0,883.0,854.6666666666666,857.0,222900,-1.0,-1.0,-1.0
2021/12/17,851.0,851.6666666666666,836.0,845.0,260400,-1.0,-1.0,-1.0
2021/12/20,846.6666666666666,853.6666666666666,836.6666666666666,848.3333333333333,230700,-1.0,-1.0,-1.0
2021/12/21,862.6666666666666,894.0,858.6666666666666,888.3333333333333,387300,-1.0,-1.0,-1.0
2021/12/22,888.3333333333333,900.0,884.3333333333333,890.0,149100,-1.0,-1.0,-1.0
2021/12/23,890.0,890.0,878.0,879.3333333333333,108300,-1.0,-1.0,-1.0
2021/12/24,886.6666666666666,896.3333333333333,880.6666666666666,884.6666666666666,170400,-1.0,-1.0,-1.0
2021/12/27,884.6666666666666,884.6666666666666,860.0,864.6666666666666,161700,-1.0,-1.0,-1.0
2021/12/28,898.0,936.0,888.6666666666666,925.6666666666666,654300,-1.0,-1.0,-1.0
2021/12/29,950.0,976.6666666666666,943.3333333333333,965.0,505200,-1.0,-1.0,-1.0
2021/12/30,968.0,971.3333333333333,942.3333333333333,961.0,281400,-1.0,-1.0,-1.0
2022/01/04,968.0,981.0,949.3333333333333,973.0,266700,-1.0,-1.0,-1.0
2022/01/05,976.6666666666666,978.0,947.6666666666666,952.3333333333333,268500,-1.0,-1.0,-1.0
2022/01/06,945.0,960.0,937.0,940.3333333333333,213300,-1.0,-1.0,-1.0
2022/01/07,942.0,952.0,923.3333333333333,935.0,221400,-1.0,-1.0,-1.0
2022/01/11,936.6666666666666,936.6666666666666,912.6666666666666,923.3333333333333,269700,-1.0,-1.0,-1.0
2022/01/12,954.6666666666666,964.3333333333333,936.0,954.0,183000,-1.0,-1.0,-1.0
2022/01/13,943.6666666666666,955.6666666666666,930.3333333333333,931.0,196200,-1.0,-1.0,-1.0
2022/01/14,925.6666666666666,932.0,912.6666666666666,927.0,162300,-1.0,-1.0,-1.0
2022/01/17,931.6666666666666,935.6666666666666,919.3333333333333,919.3333333333333,89400,-1.0,-1.0,-1.0
2022/01/18,928.6666666666666,928.6666666666666,906.0,908.6666666666666,148800,-1.0,-1.0,-1.0
2022/01/19,899.3333333333333,907.0,878.3333333333333,883.3333333333333,246000,-1.0,-1.0,-1.0
2022/01/20,902.6666666666666,928.3333333333333,902.3333333333333,920.6666666666666,303000,-1.0,-1.0,-1.0
2022/01/21,910.0,910.0,886.6666666666666,908.6666666666666,222000,-1.0,-1.0,-1.0
2022/01/24,893.3333333333333,909.6666666666666,884.0,906.6666666666666,230400,-1.0,-1.0,-1.0
2022/01/25,894.3333333333333,897.0,873.6666666666666,882.3333333333333,212100,-1.0,-1.0,-1.0
2022/01/26,899.0,920.0,898.3333333333333,906.3333333333333,385200,-1.0,-1.0,-1.0
2022/01/27,890.0,897.3333333333333,857.0,868.0,282000,-1.0,-1.0,-1.0
2022/01/28,858.6666666666666,876.6666666666666,857.3333333333333,862.3333333333333,222300,-1.0,-1.0,-1.0
2022/01/31,854.0,899.3333333333333,854.0,886.3333333333333,378000,-1.0,-1.0,-1.0
2022/02/01,933.3333333333333,951.6666666666666,908.3333333333333,913.3333333333333,306600,-1.0,-1.0,-1.0
2022/02/02,921.3333333333333,959.0,921.3333333333333,955.6666666666666,291600,-1.0,-1.0,-1.0
2022/02/03,949.3333333333333,962.6666666666666,944.6666666666666,957.6666666666666,276000,-1.0,-1.0,-1.0
2022/02/04,957.6666666666666,976.6666666666666,954.0,973.0,182400,-1.0,-1.0,-1.0
2022/02/07,980.0,989.0,965.3333333333333,981.0,203100,-1.0,-1.0,-1.0
2022/02/08,974.3333333333333,983.0,956.3333333333333,964.3333333333333,160200,-1.0,-1.0,-1.0
2022/02/09,965.0,975.3333333333333,952.6666666666666,974.6666666666666,146400,-1.0,-1.0,-1.0
2022/02/10,986.3333333333333,988.3333333333333,966.6666666666666,975.6666666666666,145800,-1.0,-1.0,-1.0
2022/02/14,962.3333333333333,962.3333333333333,938.3333333333333,952.0,251700,-1.0,-1.0,-1.0
2022/02/15,952.0,969.3333333333333,949.0,960.0,179100,-1.0,-1.0,-1.0
2022/02/16,976.3333333333333,983.3333333333333,959.3333333333333,965.0,121500,-1.0,-1.0,-1.0
2022/02/17,960.0,979.3333333333333,954.6666666666666,959.3333333333333,172200,-1.0,-1.0,-1.0
2022/02/18,934.3333333333333,947.0,929.6666666666666,940.0,212100,-1.0,-1.0,-1.0
2022/02/21,928.6666666666666,934.6666666666666,920.3333333333333,927.6666666666666,114300,-1.0,-1.0,-1.0
2022/02/22,910.6666666666666,919.0,891.6666666666666,898.6666666666666,129600,-1.0,-1.0,-1.0
2022/02/24,892.3333333333333,917.3333333333333,886.6666666666666,904.3333333333333,225900,-1.0,-1.0,-1.0
2022/02/25,937.6666666666666,950.0,928.3333333333333,948.0,183300,-1.0,-1.0,-1.0
2022/02/28,950.3333333333333,982.6666666666666,949.3333333333333,977.6666666666666,385500,-1.0,-1.0,-1.0
2022/03/01,982.3333333333333,997.3333333333333,982.3333333333333,992.6666666666666,219900,-1.0,-1.0,-1.0
2022/03/02,990.0,998.3333333333333,971.3333333333333,974.6666666666666,184200,-1.0,-1.0,-1.0
2022/03/03,974.6666666666666,985.3333333333333,943.0,944.0,145800,-1.0,-1.0,-1.0
2022/03/04,929.6666666666666,946.6666666666666,923.3333333333333,942.3333333333333,220200,-1.0,-1.0,-1.0
2022/03/07,926.0,939.0,898.0,912.6666666666666,199200,-1.0,-1.0,-1.0
2022/03/08,896.0,900.6666666666666,866.6666666666666,869.6666666666666,285300,-1.0,-1.0,-1.0
2022/03/09,866.6666666666666,893.6666666666666,866.6666666666666,875.0,245700,-1.0,-1.0,-1.0
2022/03/10,913.6666666666666,920.3333333333333,895.0,914.3333333333333,224100,-1.0,-1.0,-1.0
2022/03/11,897.6666666666666,911.0,880.3333333333333,891.6666666666666,141600,-1.0,-1.0,-1.0
2022/03/14,908.3333333333333,922.0,906.6666666666666,908.3333333333333,122700,-1.0,-1.0,-1.0
2022/03/15,907.0,917.3333333333333,895.6666666666666,905.0,116100,-1.0,-1.0,-1.0
2022/03/16,929.0,952.0,919.0,950.3333333333333,294600,-1.0,-1.0,-1.0
2022/03/17,973.6666666666666,975.0,945.3333333333333,959.3333333333333,193800,-1.0,-1.0,-1.0
2022/03/18,958.3333333333333,958.3333333333333,929.6666666666666,941.6666666666666,213000,-1.0,-1.0,-1.0
2022/03/22,945.6666666666666,949.0,924.3333333333333,927.6666666666666,174300,-1.0,-1.0,-1.0
2022/03/23,945.3333333333333,964.0,942.3333333333333,951.3333333333333,163800,-1.0,-1.0,-1.0
2022/03/24,955.6666666666666,966.3333333333333,941.0,960.0,128700,-1.0,-1.0,-1.0
2022/03/25,966.3333333333333,966.3333333333333,950.3333333333333,950.3333333333333,144000,-1.0,-1.0,-1.0
2022/03/28,960.6666666666666,963.6666666666666,947.3333333333333,958.3333333333333,142800,-1.0,-1.0,-1.0
2022/03/29,961.3333333333333,977.6666666666666,959.0,977.6666666666666,184500,-1.0,-1.0,-1.0
2022/03/30,978.3333333333333,1003.3333333333333,975.6666666666666,1003.3333333333333,168300,-1.0,-1.0,-1.0
2022/03/31,990.6666666666666,996.3333333333333,968.3333333333333,968.6666666666666,184800,-1.0,-1.0,-1.0
2022/04/01,958.3333333333333,993.0,948.0,983.0,187800,-1.0,-1.0,-1.0
2022/04/04,998.3333333333333,1035.0,993.3333333333333,1033.3333333333333,236400,-1.0,-1.0,-1.0
2022/04/05,1045.0,1056.6666666666665,1028.3333333333333,1048.3333333333333,202800,-1.0,-1.0,-1.0
2022/04/06,1065.0,1066.6666666666665,1040.0,1056.6666666666665,168300,-1.0,-1.0,-1.0
2022/04/07,1045.0,1061.6666666666665,1038.3333333333333,1053.3333333333333,256800,-1.0,-1.0,-1.0
2022/04/08,1055.0,1065.0,1025.0,1033.3333333333333,188400,-1.0,-1.0,-1.0
2022/04/11,1030.0,1040.0,1013.3333333333333,1021.6666666666666,140400,-1.0,-1.0,-1.0
2022/04/12,1023.3333333333333,1066.6666666666665,1023.3333333333333,1058.3333333333333,193800,-1.0,-1.0,-1.0
2022/04/13,1036.6666666666665,1060.0,1036.6666666666665,1056.6666666666665,162600,-1.0,-1.0,-1.0
2022/04/14,1056.6666666666665,1076.6666666666665,1045.0,1070.0,192900,-1.0,-1.0,-1.0
2022/04/15,1070.0,1070.0,1046.6666666666665,1046.6666666666665,73200,-1.0,-1.0,-1.0
2022/04/18,1038.3333333333333,1055.0,1033.3333333333333,1046.6666666666665,109800,-1.0,-1.0,-1.0
2022/04/19,1046.6666666666665,1048.3333333333333,1028.3333333333333,1028.3333333333333,74700,-1.0,-1.0,-1.0
2022/04/20,1038.3333333333333,1046.6666666666665,1028.3333333333333,1028.3333333333333,111600,-1.0,-1.0,-1.0
2022/04/21,1035.0,1045.0,1013.3333333333333,1021.6666666666666,109500,-1.0,-1.0,-1.0
2022/04/22,1023.3333333333333,1028.3333333333333,1011.6666666666666,1018.3333333333333,85200,-1.0,-1.0,-1.0
2022/04/25,996.3333333333333,1008.3333333333333,984.6666666666666,995.0,224700,-1.0,-1.0,-1.0
2022/04/26,995.0,1011.6666666666666,990.0,1006.6666666666666,75900,-1.0,-1.0,-1.0
2022/04/27,991.0,1020.0,984.3333333333333,1015.0,219000,-1.0,-1.0,-1.0
2022/04/28,1026.6666666666665,1026.6666666666665,996.3333333333333,1008.3333333333333,96600,-1.0,-1.0,-1.0
2022/05/02,1000.0,1038.3333333333333,1000.0,1021.6666666666666,157800,-1.0,-1.0,-1.0
2022/05/06,1021.6666666666666,1030.0,1003.3333333333333,1025.0,117600,-1.0,-1.0,-1.0
2022/05/09,986.6666666666666,1001.6666666666666,985.3333333333333,989.0,111600,-1.0,-1.0,-1.0
2022/05/10,983.3333333333333,983.3333333333333,955.0,961.6666666666666,218700,-1.0,-1.0,-1.0
2022/05/11,950.0,979.3333333333333,943.0,973.0,143700,-1.0,-1.0,-1.0
2022/05/12,973.0,973.0,946.6666666666666,951.6666666666666,108600,-1.0,-1.0,-1.0
2022/05/13,948.0,955.6666666666666,940.0,944.0,136800,-1.0,-1.0,-1.0
2022/05/16,940.3333333333333,941.3333333333333,910.6666666666666,919.6666666666666,159600,-1.0,-1.0,-1.0
2022/05/17,903.6666666666666,940.3333333333333,903.6666666666666,940.3333333333333,88500,-1.0,-1.0,-1.0
2022/05/18,923.6666666666666,949.6666666666666,923.6666666666666,946.3333333333333,119700,-1.0,-1.0,-1.0
2022/05/19,920.3333333333333,942.6666666666666,919.3333333333333,932.0,104100,-1.0,-1.0,-1.0
2022/05/20,932.0,953.0,932.0,952.0,88800,-1.0,-1.0,-1.0
2022/05/23,966.6666666666666,1013.3333333333333,966.6666666666666,1001.6666666666666,184800,-1.0,-1.0,-1.0
2022/05/24,998.3333333333333,1008.3333333333333,977.0,979.6666666666666,95400,-1.0,-1.0,-1.0
2022/05/25,963.0,963.0,900.6666666666666,916.6666666666666,505800,-1.0,-1.0,-1.0
2022/05/26,920.3333333333333,954.3333333333333,920.3333333333333,940.6666666666666,159600,-1.0,-1.0,-1.0
2022/05/27,956.6666666666666,958.3333333333333,926.0,935.6666666666666,269700,-1.0,-1.0,-1.0
2022/05/30,941.0,986.6666666666666,940.3333333333333,982.0,216600,-1.0,-1.0,-1.0
2022/05/31,979.6666666666666,980.6666666666666,956.3333333333333,961.0,111600,-1.0,-1.0,-1.0
2022/06/01,962.6666666666666,976.6666666666666,961.0,974.6666666666666,78600,-1.0,-1.0,-1.0
2022/06/02,968.0,991.6666666666666,960.0,962.0,87300,-1.0,-1.0,-1.0
2022/06/03,962.0,972.3333333333333,946.3333333333333,955.6666666666666,64200,-1.0,-1.0,-1.0
2022/06/06,940.0,951.6666666666666,935.6666666666666,947.0,79800,-1.0,-1.0,-1.0
2022/06/07,962.6666666666666,962.6666666666666,942.3333333333333,943.0,67800,-1.0,-1.0,-1.0
2022/06/08,934.6666666666666,946.0,924.6666666666666,945.6666666666666,146400,-1.0,-1.0,-1.0
2022/06/09,945.6666666666666,968.0,935.3333333333333,957.0,141300,-1.0,-1.0,-1.0
2022/06/10,947.6666666666666,978.0,940.0,972.0,117300,-1.0,-1.0,-1.0
2022/06/13,951.6666666666666,959.3333333333333,937.0,940.0,86100,-1.0,-1.0,-1.0
2022/06/14,923.3333333333333,940.0,916.3333333333333,935.6666666666666,119400,-1.0,-1.0,-1.0
2022/06/15,927.3333333333333,939.0,910.3333333333333,914.6666666666666,96300,-1.0,-1.0,-1.0
2022/06/16,926.3333333333333,932.3333333333333,913.6666666666666,923.0,92400,-1.0,-1.0,-1.0
2022/06/17,903.3333333333333,906.3333333333333,883.3333333333333,897.0,154500,-1.0,-1.0,-1.0
2022/06/20,894.0,905.0,860.0,864.3333333333333,216000,-1.0,-1.0,-1.0
2022/06/21,875.6666666666666,885.3333333333333,866.3333333333333,879.6666666666666,148800,-1.0,-1.0,-1.0
2022/06/22,882.6666666666666,882.6666666666666,863.3333333333333,873.0,114600,-1.0,-1.0,-1.0
2022/06/23,870.3333333333333,895.6666666666666,869.3333333333333,887.3333333333333,66900,-1.0,-1.0,-1.0
2022/06/24,892.0,910.0,892.0,900.0,67200,-1.0,-1.0,-1.0
2022/06/27,923.6666666666666,941.3333333333333,914.3333333333333,924.3333333333333,139200,-1.0,-1.0,-1.0
2022/06/28,907.6666666666666,930.6666666666666,906.6666666666666,915.0,149100,-1.0,-1.0,-1.0
2022/06/29,900.0,911.6666666666666,887.3333333333333,909.0,230100,-1.0,-1.0,-1.0
2022/06/30,919.6666666666666,919.6666666666666,900.3333333333333,907.0,104700,-1.0,-1.0,-1.0
2022/07/01,900.0,900.0,868.3333333333333,873.6666666666666,132900,-1.0,-1.0,-1.0
2022/07/04,886.3333333333333,891.3333333333333,879.3333333333333,888.6666666666666,62100,-1.0,-1.0,-1.0
2022/07/05,886.6666666666666,897.3333333333333,883.6666666666666,892.3333333333333,100500,-1.0,-1.0,-1.0
2022/07/06,884.3333333333333,909.0,884.3333333333333,898.0,102300,-1.0,-1.0,-1.0
2022/07/07,897.0,897.6666666666666,877.0,887.0,98100,-1.0,-1.0,-1.0
2022/07/08,878.6666666666666,892.6666666666666,873.6666666666666,877.3333333333333,211800,-1.0,-1.0,-1.0
2022/07/11,893.3333333333333,896.0,875.0,890.3333333333333,167400,-1.0,-1.0,-1.0
2022/07/12,877.3333333333333,880.0,865.0,872.3333333333333,160500,-1.0,-1.0,-1.0
2022/07/13,867.6666666666666,883.3333333333333,867.6666666666666,883.3333333333333,74100,-1.0,-1.0,-1.0
2022/07/14,874.3333333333333,880.0,867.3333333333333,867.3333333333333,98700,-1.0,-1.0,-1.0
2022/07/15,869.0,877.3333333333333,863.3333333333333,866.6666666666666,141600,-1.0,-1.0,-1.0
2022/07/19,872.3333333333333,877.0,863.6666666666666,866.6666666666666,151800,-1.0,-1.0,-1.0
2022/07/20,874.6666666666666,888.6666666666666,872.3333333333333,888.6666666666666,150600,-1.0,-1.0,-1.0
2022/07/21,891.3333333333333,905.0,890.3333333333333,903.6666666666666,156000,-1.0,-1.0,-1.0
2022/07/22,903.6666666666666,909.6666666666666,898.3333333333333,900.6666666666666,126900,-1.0,-1.0,-1.0
2022/07/25,900.0,900.0,888.0,892.6666666666666,78900,-1.0,-1.0,-1.0
2022/07/26,890.6666666666666,899.6666666666666,887.6666666666666,890.3333333333333,65400,-1.0,-1.0,-1.0
2022/07/27,882.3333333333333,882.3333333333333,873.6666666666666,881.6666666666666,129900,-1.0,-1.0,-1.0
2022/07/28,887.3333333333333,890.3333333333333,871.6666666666666,884.3333333333333,195900,-1.0,-1.0,-1.0
2022/07/29,886.0,886.6666666666666,873.0,875.6666666666666,299700,-1.0,-1.0,-1.0
2022/08/01,873.6666666666666,894.6666666666666,869.3333333333333,890.3333333333333,176700,-1.0,-1.0,-1.0
2022/08/02,888.3333333333333,890.6666666666666,872.3333333333333,874.3333333333333,144300,-1.0,-1.0,-1.0
2022/08/03,880.0,881.0,866.3333333333333,872.6666666666666,172800,-1.0,-1.0,-1.0
2022/08/04,872.6666666666666,880.0,865.0,877.6666666666666,169800,-1.0,-1.0,-1.0
2022/08/05,875.6666666666666,882.3333333333333,872.6666666666666,874.6666666666666,108000,-1.0,-1.0,-1.0
2022/08/08,873.3333333333333,873.3333333333333,855.3333333333333,862.0,181500,-1.0,-1.0,-1.0
2022/08/09,863.3333333333333,881.0,860.0,877.6666666666666,327600,-1.0,-1.0,-1.0
2022/08/10,821.0,833.6666666666666,790.3333333333333,806.6666666666666,819300,-1.0,-1.0,-1.0
2022/08/12,809.3333333333333,809.3333333333333,791.0,798.6666666666666,453300,-1.0,-1.0,-1.0
2022/08/15,796.3333333333333,799.3333333333333,791.3333333333333,795.3333333333333,223500,-1.0,-1.0,-1.0
2022/08/16,791.3333333333333,797.6666666666666,785.3333333333333,792.0,220200,-1.0,-1.0,-1.0
2022/08/17,797.3333333333333,823.3333333333333,794.0,820.6666666666666,321000,-1.0,-1.0,-1.0
2022/08/18,821.3333333333333,848.3333333333333,821.0,847.0,272400,-1.0,-1.0,-1.0
2022/08/19,848.3333333333333,851.6666666666666,837.6666666666666,841.0,145800,-1.0,-1.0,-1.0
2022/08/22,830.6666666666666,838.0,822.3333333333333,836.6666666666666,133500,-1.0,-1.0,-1.0
2022/08/23,822.6666666666666,845.6666666666666,821.6666666666666,844.3333333333333,145200,-1.0,-1.0,-1.0
2022/08/24,845.0,848.6666666666666,837.0,845.6666666666666,104400,-1.0,-1.0,-1.0
2022/08/25,842.3333333333333,854.3333333333333,841.6666666666666,842.6666666666666,102300,-1.0,-1.0,-1.0
2022/08/26,834.0,840.0,819.0,820.6666666666666,255300,-1.0,-1.0,-1.0
2022/08/29,808.0,808.0,796.0,802.3333333333333,236400,-1.0,-1.0,-1.0
2022/08/30,797.3333333333333,806.0,794.0,806.0,519900,-1.0,-1.0,-1.0
2022/08/31,801.6666666666666,804.3333333333333,791.3333333333333,791.6666666666666,253200,-1.0,-1.0,-1.0
2022/09/01,786.0,790.0,774.6666666666666,778.6666666666666,366900,-1.0,-1.0,-1.0
2022/09/02,780.0,780.0,760.3333333333333,763.0,326700,-1.0,-1.0,-1.0
2022/09/05,761.6666666666666,773.0,761.0,773.0,186600,-1.0,-1.0,-1.0
2022/09/06,777.0,786.6666666666666,764.6666666666666,767.6666666666666,192300,-1.0,-1.0,-1.0
2022/09/07,763.6666666666666,764.0,741.6666666666666,748.6666666666666,539100,-1.0,-1.0,-1.0
2022/09/08,754.6666666666666,765.6666666666666,753.6666666666666,758.3333333333333,232800,-1.0,-1.0,-1.0
2022/09/09,755.3333333333333,763.0,749.0,752.3333333333333,466800,-1.0,-1.0,-1.0
2022/09/12,759.6666666666666,769.6666666666666,755.6666666666666,767.3333333333333,262200,-1.0,-1.0,-1.0
2022/09/13,770.0,777.6666666666666,763.3333333333333,763.6666666666666,234000,-1.0,-1.0,-1.0
2022/09/14,752.0,758.6666666666666,748.6666666666666,753.6666666666666,186000,-1.0,-1.0,-1.0
2022/09/15,756.3333333333333,756.3333333333333,748.3333333333333,748.3333333333333,163800,-1.0,-1.0,-1.0
2022/09/16,744.0,750.3333333333333,737.0,737.0,273600,-1.0,-1.0,-1.0
2022/09/20,751.6666666666666,754.3333333333333,742.0,747.3333333333333,282000,-1.0,-1.0,-1.0
2022/09/21,742.6666666666666,748.0,730.3333333333333,739.3333333333333,269400,-1.0,-1.0,-1.0
2022/09/22,726.0,728.0,716.0,720.3333333333333,242700,-1.0,-1.0,-1.0
2022/09/26,711.0,711.0,695.6666666666666,703.3333333333333,315900,-1.0,-1.0,-1.0
2022/09/27,708.0,713.3333333333333,703.6666666666666,707.0,172200,-1.0,-1.0,-1.0
2022/09/28,705.3333333333333,708.0,688.0,696.0,261300,-1.0,-1.0,-1.0
2022/09/29,700.0,706.6666666666666,694.0,699.6666666666666,319200,-1.0,-1.0,-1.0
2022/09/30,699.0,708.0,685.6666666666666,694.0,394500,-1.0,-1.0,-1.0
2022/10/03,686.6666666666666,690.3333333333333,671.0,690.0,360000,-1.0,-1.0,-1.0
2022/10/04,700.0,706.6666666666666,697.3333333333333,698.6666666666666,237600,-1.0,-1.0,-1.0
2022/10/05,708.3333333333333,712.0,689.6666666666666,690.3333333333333,181800,-1.0,-1.0,-1.0
2022/10/06,691.6666666666666,711.3333333333333,691.6666666666666,702.3333333333333,230400,-1.0,-1.0,-1.0
2022/10/07,696.0,709.6666666666666,696.0,703.0,174300,-1.0,-1.0,-1.0
2022/10/11,693.3333333333333,697.3333333333333,688.6666666666666,694.6666666666666,177000,-1.0,-1.0,-1.0
2022/10/12,687.6666666666666,692.6666666666666,682.6666666666666,685.0,127500,-1.0,-1.0,-1.0
2022/10/13,681.0,689.6666666666666,669.3333333333333,670.3333333333333,144900,-1.0,-1.0,-1.0
2022/10/14,679.6666666666666,695.0,679.6666666666666,688.6666666666666,237300,-1.0,-1.0,-1.0
2022/10/17,680.0,691.3333333333333,680.0,688.3333333333333,90900,-1.0,-1.0,-1.0
2022/10/18,688.3333333333333,701.3333333333333,688.3333333333333,695.3333333333333,113100,-1.0,-1.0,-1.0
2022/10/19,687.6666666666666,693.6666666666666,686.3333333333333,689.6666666666666,98100,-1.0,-1.0,-1.0
2022/10/20,686.6666666666666,691.3333333333333,679.6666666666666,683.6666666666666,117000,-1.0,-1.0,-1.0
2022/10/21,683.0,683.3333333333333,678.6666666666666,680.0,81600,-1.0,-1.0,-1.0
2022/10/24,685.3333333333333,695.3333333333333,685.3333333333333,688.6666666666666,128400,-1.0,-1.0,-1.0
2022/10/25,690.0,700.3333333333333,688.6666666666666,692.6666666666666,171300,-1.0,-1.0,-1.0
2022/10/26,692.6666666666666,714.0,692.6666666666666,713.3333333333333,190800,-1.0,-1.0,-1.0
2022/10/27,716.3333333333333,719.6666666666666,711.0,718.3333333333333,146400,-1.0,-1.0,-1.0
2022/10/28,718.6666666666666,723.0,705.3333333333333,707.3333333333333,309300,-1.0,-1.0,-1.0
2022/10/31,722.6666666666666,725.6666666666666,715.0,720.3333333333333,149400,-1.0,-1.0,-1.0
2022/11/01,717.0,725.3333333333333,715.3333333333333,722.0,110100,-1.0,-1.0,-1.0
2022/11/02,718.3333333333333,724.6666666666666,715.0,716.3333333333333,241800,-1.0,-1.0,-1.0
2022/11/04,712.6666666666666,716.0,701.6666666666666,706.6666666666666,195000,-1.0,-1.0,-1.0
2022/11/07,706.0,727.0,706.0,724.3333333333333,164100,-1.0,-1.0,-1.0
2022/11/08,721.6666666666666,737.0,721.6666666666666,733.0,234900,-1.0,-1.0,-1.0
2022/11/09,733.3333333333333,736.0,723.3333333333333,735.3333333333333,510300,-1.0,-1.0,-1.0
2022/11/10,750.0,771.3333333333333,745.3333333333333,754.0,927900,-1.0,-1.0,-1.0
2022/11/11,751.0,769.0,747.0,752.6666666666666,385800,-1.0,-1.0,-1.0
2022/11/14,752.6666666666666,752.6666666666666,736.6666666666666,748.3333333333333,225600,-1.0,-1.0,-1.0
2022/11/15,739.3333333333333,755.6666666666666,739.3333333333333,747.6666666666666,370500,-1.0,-1.0,-1.0
2022/11/16,751.6666666666666,764.6666666666666,747.6666666666666,756.3333333333333,372000,-1.0,-1.0,-1.0
2022/11/17,754.6666666666666,761.6666666666666,748.3333333333333,748.3333333333333,205500,-1.0,-1.0,-1.0
2022/11/18,751.3333333333333,751.3333333333333,731.6666666666666,742.6666666666666,275100,-1.0,-1.0,-1.0
2022/11/21,744.3333333333333,746.0,733.0,734.6666666666666,174900,-1.0,-1.0,-1.0
2022/11/22,730.3333333333333,738.6666666666666,730.0,731.3333333333333,371400,-1.0,-1.0,-1.0
2022/11/24,734.0,754.3333333333333,734.0,747.0,341700,-1.0,-1.0,-1.0
2022/11/25,754.6666666666666,768.3333333333333,753.0,758.0,217200,-1.0,-1.0,-1.0
2022/11/28,758.0,758.0,742.3333333333333,745.0,290100,-1.0,-1.0,-1.0
2022/11/29,743.3333333333333,755.0,740.3333333333333,751.6666666666666,179400,-1.0,-1.0,-1.0
2022/11/30,758.6666666666666,760.0,750.3333333333333,758.0,313800,-1.0,-1.0,-1.0
2022/12/01,763.3333333333333,771.0,755.0,755.0,220500,-1.0,-1.0,-1.0
2022/12/02,752.6666666666666,756.3333333333333,743.6666666666666,756.0,177600,-1.0,-1.0,-1.0
2022/12/05,756.0,756.0,734.0,737.6666666666666,174000,-1.0,-1.0,-1.0
2022/12/06,732.3333333333333,732.6666666666666,725.3333333333333,730.6666666666666,134400,-1.0,-1.0,-1.0
2022/12/07,726.3333333333333,737.3333333333333,725.3333333333333,734.6666666666666,90000,-1.0,-1.0,-1.0
2022/12/08,730.3333333333333,730.3333333333333,713.6666666666666,723.6666666666666,142200,-1.0,-1.0,-1.0
2022/12/09,728.6666666666666,736.3333333333333,725.6666666666666,731.0,156300,-1.0,-1.0,-1.0
2022/12/12,733.3333333333333,736.3333333333333,725.6666666666666,733.3333333333333,245100,-1.0,-1.0,-1.0
2022/12/13,734.0,740.0,729.0,734.3333333333333,150900,-1.0,-1.0,-1.0
2022/12/14,734.6666666666666,748.0,734.6666666666666,742.3333333333333,168000,-1.0,-1.0,-1.0
2022/12/15,740.0,749.0,739.6666666666666,746.3333333333333,148200,-1.0,-1.0,-1.0
2022/12/16,740.0,747.0,739.0,743.3333333333333,179100,-1.0,-1.0,-1.0
2022/12/19,734.3333333333333,740.0,733.3333333333333,737.0,87000,-1.0,-1.0,-1.0
2022/12/20,736.3333333333333,737.0,716.0,722.3333333333333,213900,-1.0,-1.0,-1.0
2022/12/21,719.6666666666666,727.6666666666666,712.3333333333333,712.6666666666666,130200,-1.0,-1.0,-1.0
2022/12/22,716.6666666666666,726.0,715.6666666666666,724.0,120600,-1.0,-1.0,-1.0
2022/12/23,720.3333333333333,720.3333333333333,711.6666666666666,713.6666666666666,77400,-1.0,-1.0,-1.0
2022/12/26,713.6666666666666,715.0,700.0,708.6666666666666,145200,-1.0,-1.0,-1.0
2022/12/27,714.0,721.3333333333333,714.0,714.0,126900,-1.0,-1.0,-1.0
2022/12/28,711.3333333333333,716.6666666666666,700.3333333333333,716.6666666666666,200400,-1.0,-1.0,-1.0
2022/12/29,716.6666666666666,728.3333333333333,712.6666666666666,728.3333333333333,108600,-1.0,-1.0,-1.0
2022/12/30,735.6666666666666,743.6666666666666,733.0,737.3333333333333,160800,-1.0,-1.0,-1.0
2023/01/04,737.0,744.6666666666666,730.0,734.6666666666666,121200,-1.0,-1.0,-1.0
2023/01/05,737.3333333333333,744.6666666666666,734.6666666666666,738.0,123600,-1.0,-1.0,-1.0
2023/01/06,735.0,735.0,726.0,727.3333333333333,101100,-1.0,-1.0,-1.0
2023/01/10,735.3333333333333,735.3333333333333,724.3333333333333,725.6666666666666,81900,-1.0,-1.0,-1.0
2023/01/11,729.3333333333333,742.0,728.0,739.0,160200,-1.0,-1.0,-1.0
2023/01/12,744.6666666666666,751.0,732.6666666666666,740.0,179400,-1.0,-1.0,-1.0
2023/01/13,733.3333333333333,740.0,728.3333333333333,732.3333333333333,176700,-1.0,-1.0,-1.0
2023/01/16,730.6666666666666,747.0,728.3333333333333,730.0,173400,-1.0,-1.0,-1.0
2023/01/17,736.0,739.6666666666666,729.3333333333333,737.3333333333333,136800,-1.0,-1.0,-1.0
2023/01/18,740.0,764.0,740.0,756.6666666666666,234600,-1.0,-1.0,-1.0
2023/01/19,740.0,740.0,721.0,733.6666666666666,409200,-1.0,-1.0,-1.0
2023/01/20,739.3333333333333,739.3333333333333,730.6666666666666,735.0,125700,-1.0,-1.0,-1.0
2023/01/23,740.0,754.6666666666666,733.6666666666666,748.0,147300,-1.0,-1.0,-1.0
2023/01/24,756.3333333333333,768.3333333333333,750.6666666666666,766.0,189900,-1.0,-1.0,-1.0
2023/01/25,766.0,767.6666666666666,757.3333333333333,760.0,92400,-1.0,-1.0,-1.0
2023/01/26,759.6666666666666,776.6666666666666,758.3333333333333,772.3333333333333,186600,-1.0,-1.0,-1.0
2023/01/27,781.3333333333333,781.3333333333333,769.6666666666666,769.6666666666666,119400,-1.0,-1.0,-1.0
2023/01/30,768.3333333333333,773.3333333333333,764.6666666666666,764.6666666666666,126000,-1.0,-1.0,-1.0
2023/01/31,764.3333333333333,769.3333333333333,762.0,767.3333333333333,88200,-1.0,-1.0,-1.0
2023/02/01,767.6666666666666,774.3333333333333,766.0,768.0,76200,-1.0,-1.0,-1.0
2023/02/02,773.6666666666666,777.0,771.3333333333333,774.6666666666666,96600,-1.0,-1.0,-1.0
2023/02/03,775.0,778.3333333333333,772.3333333333333,778.3333333333333,113100,-1.0,-1.0,-1.0
2023/02/06,778.0,786.0,775.3333333333333,776.0,143700,-1.0,-1.0,-1.0
2023/02/07,776.0,784.0,772.3333333333333,783.0,93900,-1.0,-1.0,-1.0
2023/02/08,785.3333333333333,794.3333333333333,780.6666666666666,794.0,200700,-1.0,-1.0,-1.0
2023/02/09,787.0,793.3333333333333,785.3333333333333,791.0,93000,-1.0,-1.0,-1.0
2023/02/10,783.6666666666666,787.0,754.6666666666666,761.6666666666666,334200,-1.0,-1.0,-1.0
2023/02/13,748.6666666666666,751.0,709.3333333333333,710.6666666666666,485400,-1.0,-1.0,-1.0
2023/02/14,716.6666666666666,721.3333333333333,696.3333333333333,705.0,387000,-1.0,-1.0,-1.0
2023/02/15,704.6666666666666,710.3333333333333,696.0,709.0,167100,-1.0,-1.0,-1.0
2023/02/16,712.0,714.0,704.3333333333333,713.3333333333333,97200,-1.0,-1.0,-1.0
2023/02/17,706.6666666666666,718.3333333333333,705.6666666666666,710.6666666666666,124500,-1.0,-1.0,-1.0
2023/02/20,711.0,721.3333333333333,706.0,720.0,130800,-1.0,-1.0,-1.0
2023/02/21,720.0,725.6666666666666,712.6666666666666,714.3333333333333,95700,-1.0,-1.0,-1.0
2023/02/22,706.3333333333333,710.3333333333333,705.0,709.0,112800,-1.0,-1.0,-1.0
2023/02/24,709.0,710.0,701.3333333333333,702.3333333333333,170100,-1.0,-1.0,-1.0
2023/02/27,708.3333333333333,716.0,704.0,715.3333333333333,126600,-1.0,-1.0,-1.0
2023/02/28,720.6666666666666,735.6666666666666,720.6666666666666,723.6666666666666,249000,-1.0,-1.0,-1.0
2023/03/01,720.0,726.0,713.3333333333333,718.0,164700,-1.0,-1.0,-1.0
2023/03/02,723.6666666666666,723.6666666666666,716.6666666666666,721.0,83400,-1.0,-1.0,-1.0
2023/03/03,721.3333333333333,741.0,721.3333333333333,739.3333333333333,188700,-1.0,-1.0,-1.0
2023/03/06,746.0,751.3333333333333,740.0,743.0,126300,-1.0,-1.0,-1.0
2023/03/07,745.3333333333333,745.3333333333333,734.3333333333333,737.6666666666666,114600,-1.0,-1.0,-1.0
2023/03/08,733.3333333333333,746.3333333333333,731.0,744.6666666666666,120600,-1.0,-1.0,-1.0
2023/03/09,746.6666666666666,752.3333333333333,741.0,750.6666666666666,161100,-1.0,-1.0,-1.0
2023/03/10,745.6666666666666,750.3333333333333,740.0,746.0,249900,-1.0,-1.0,-1.0
2023/03/13,740.0,749.3333333333333,731.6666666666666,735.3333333333333,106500,-1.0,-1.0,-1.0
2023/03/14,725.3333333333333,725.3333333333333,709.3333333333333,714.0,173400,-1.0,-1.0,-1.0
2023/03/15,728.0,728.0,716.6666666666666,725.3333333333333,140100,-1.0,-1.0,-1.0
2023/03/16,708.6666666666666,720.3333333333333,707.0,718.3333333333333,115800,-1.0,-1.0,-1.0
2023/03/17,718.6666666666666,734.0,718.6666666666666,734.0,90000,-1.0,-1.0,-1.0
2023/03/20,740.3333333333333,742.6666666666666,722.0,726.0,111600,-1.0,-1.0,-1.0
2023/03/22,730.3333333333333,737.6666666666666,726.3333333333333,730.3333333333333,95700,-1.0,-1.0,-1.0
2023/03/23,734.6666666666666,736.3333333333333,724.6666666666666,736.3333333333333,48000,-1.0,-1.0,-1.0
2023/03/24,741.3333333333333,743.3333333333333,736.3333333333333,738.0,85200,-1.0,-1.0,-1.0
2023/03/27,743.3333333333333,754.0,740.3333333333333,747.3333333333333,146700,-1.0,-1.0,-1.0
2023/03/28,748.0,749.3333333333333,732.6666666666666,742.6666666666666,166500,-1.0,-1.0,-1.0
2023/03/29,747.0,751.6666666666666,735.3333333333333,751.6666666666666,197400,-1.0,-1.0,-1.0
2023/03/30,755.0,756.6666666666666,741.3333333333333,745.0,130200,-1.0,-1.0,-1.0
2023/03/31,752.3333333333333,752.3333333333333,736.0,741.3333333333333,152700,-1.0,-1.0,-1.0
2023/04/03,749.6666666666666,761.6666666666666,743.0,756.3333333333333,232200,-1.0,-1.0,-1.0
2023/04/04,756.6666666666666,760.6666666666666,752.0,757.6666666666666,99600,-1.0,-1.0,-1.0
2023/04/05,746.6666666666666,753.6666666666666,746.6666666666666,749.0,110100,-1.0,-1.0,-1.0
2023/04/06,744.0,744.0,731.3333333333333,734.3333333333333,115500,-1.0,-1.0,-1.0
2023/04/07,733.3333333333333,741.0,728.6666666666666,738.6666666666666,92100,-1.0,-1.0,-1.0
2023/04/10,735.3333333333333,746.3333333333333,735.3333333333333,744.3333333333333,85200,-1.0,-1.0,-1.0
2023/04/11,745.6666666666666,756.3333333333333,745.6666666666666,751.0,134100,-1.0,-1.0,-1.0
2023/04/12,751.0,751.0,739.3333333333333,749.3333333333333,93600,-1.0,-1.0,-1.0
2023/04/13,749.0,750.0,743.3333333333333,743.3333333333333,66600,-1.0,-1.0,-1.0
2023/04/14,743.3333333333333,752.0,743.3333333333333,748.3333333333333,72300,-1.0,-1.0,-1.0
2023/04/17,748.3333333333333,749.3333333333333,735.0,740.0,77400,-1.0,-1.0,-1.0
2023/04/18,740.0,746.3333333333333,739.6666666666666,746.0,69900,-1.0,-1.0,-1.0
2023/04/19,739.6666666666666,741.3333333333333,731.3333333333333,736.6666666666666,88200,-1.0,-1.0,-1.0
2023/04/20,733.6666666666666,741.3333333333333,733.3333333333333,737.3333333333333,75600,-1.0,-1.0,-1.0
2023/04/21,734.3333333333333,737.3333333333333,729.6666666666666,732.6666666666666,66900,-1.0,-1.0,-1.0
2023/04/24,732.6666666666666,737.3333333333333,731.0,732.0,61500,-1.0,-1.0,-1.0
2023/04/25,730.0,736.0,728.6666666666666,730.3333333333333,94500,-1.0,-1.0,-1.0
2023/04/26,728.0,739.3333333333333,723.6666666666666,734.3333333333333,121800,-1.0,-1.0,-1.0
2023/04/27,733.3333333333333,748.6666666666666,731.6666666666666,739.3333333333333,140400,-1.0,-1.0,-1.0
2023/04/28,749.0,753.0,741.0,750.3333333333333,172500,-1.0,-1.0,-1.0
2023/05/01,752.0,755.3333333333333,750.6666666666666,752.3333333333333,109500,-1.0,-1.0,-1.0
2023/05/02,756.0,758.6666666666666,750.6666666666666,754.6666666666666,110100,-1.0,-1.0,-1.0
2023/05/08,756.6666666666666,762.6666666666666,751.3333333333333,757.0,107700,-1.0,-1.0,-1.0
2023/05/09,754.3333333333333,767.3333333333333,752.3333333333333,754.3333333333333,146700,-1.0,-1.0,-1.0
2023/05/10,753.0,760.3333333333333,752.0,757.0,91800,-1.0,-1.0,-1.0
2023/05/11,758.3333333333333,764.0,752.0,756.3333333333333,97800,-1.0,-1.0,-1.0
2023/05/12,720.6666666666666,724.6666666666666,711.3333333333333,719.0,483900,-1.0,-1.0,-1.0
2023/05/15,722.3333333333333,722.3333333333333,712.0,713.6666666666666,184800,-1.0,-1.0,-1.0
2023/05/16,725.0,729.6666666666666,717.0,728.0,236400,-1.0,-1.0,-1.0
2023/05/17,731.0,776.0,731.0,766.3333333333333,388500,-1.0,-1.0,-1.0
2023/05/18,769.6666666666666,769.6666666666666,745.6666666666666,754.3333333333333,178800,-1.0,-1.0,-1.0
2023/05/19,750.6666666666666,763.0,750.0,760.0,81300,-1.0,-1.0,-1.0
2023/05/22,760.6666666666666,761.6666666666666,740.0,742.3333333333333,127200,-1.0,-1.0,-1.0
2023/05/23,740.6666666666666,748.3333333333333,731.6666666666666,735.3333333333333,169500,-1.0,-1.0,-1.0
2023/05/24,731.0,738.0,727.6666666666666,730.6666666666666,118500,-1.0,-1.0,-1.0
2023/05/25,730.6666666666666,734.0,727.6666666666666,728.3333333333333,196800,-1.0,-1.0,-1.0
2023/05/26,728.0,730.6666666666666,723.6666666666666,723.6666666666666,196200,-1.0,-1.0,-1.0
2023/05/29,728.6666666666666,729.3333333333333,723.0,726.6666666666666,273000,-1.0,-1.0,-1.0
2023/05/30,726.6666666666666,734.3333333333333,718.0,722.6666666666666,168000,-1.0,-1.0,-1.0
2023/05/31,722.6666666666666,723.6666666666666,699.0,699.6666666666666,236400,-1.0,-1.0,-1.0
2023/06/01,698.3333333333333,698.3333333333333,688.6666666666666,690.0,135900,-1.0,-1.0,-1.0
2023/06/02,694.3333333333333,694.3333333333333,679.0,691.3333333333333,154800,-1.0,-1.0,-1.0
2023/06/05,700.0,708.6666666666666,696.6666666666666,706.6666666666666,124500,-1.0,-1.0,-1.0
2023/06/06,701.3333333333333,714.3333333333333,698.6666666666666,712.0,130500,-1.0,-1.0,-1.0
2023/06/07,716.6666666666666,718.3333333333333,700.3333333333333,703.0,229200,-1.0,-1.0,-1.0
2023/06/08,706.6666666666666,706.6666666666666,690.0,692.3333333333333,216900,-1.0,-1.0,-1.0
2023/06/09,701.0,704.3333333333333,692.3333333333333,701.3333333333333,236100,-1.0,-1.0,-1.0
2023/06/12,706.6666666666666,715.6666666666666,706.6666666666666,709.6666666666666,128100,-1.0,-1.0,-1.0
2023/06/13,714.3333333333333,721.0,706.3333333333333,710.0,199500,-1.0,-1.0,-1.0
2023/06/14,716.0,716.0,696.0,696.6666666666666,174000,-1.0,-1.0,-1.0
2023/06/15,700.0,700.0,683.6666666666666,683.6666666666666,193500,-1.0,-1.0,-1.0
2023/06/16,685.3333333333333,691.0,680.6666666666666,684.0,220200,-1.0,-1.0,-1.0
2023/06/19,688.0,697.6666666666666,686.6666666666666,696.6666666666666,185400,-1.0,-1.0,-1.0
2023/06/20,698.3333333333333,698.3333333333333,685.0,692.0,219000,-1.0,-1.0,-1.0
2023/06/21,689.6666666666666,693.0,685.3333333333333,687.0,174300,-1.0,-1.0,-1.0
2023/06/22,685.0,691.0,682.3333333333333,684.6666666666666,172200,-1.0,-1.0,-1.0
2023/06/23,685.0,687.0,673.6666666666666,675.3333333333333,251100,-1.0,-1.0,-1.0
2023/06/26,675.3333333333333,679.3333333333333,667.3333333333333,670.6666666666666,166800,-1.0,-1.0,-1.0
2023/06/27,668.3333333333333,670.6666666666666,662.3333333333333,669.0,350100,-1.0,-1.0,-1.0
2023/06/28,676.3333333333333,688.0,673.6666666666666,688.0,287100,-1.0,-1.0,-1.0
2023/06/29,688.6666666666666,691.6666666666666,681.6666666666666,685.0,128700,-1.0,-1.0,-1.0
2023/06/30,687.0,687.0,673.0,679.3333333333333,201300,-1.0,-1.0,-1.0
2023/07/03,683.3333333333333,695.0,683.3333333333333,686.3333333333333,150900,-1.0,-1.0,-1.0
2023/07/04,686.0,686.3333333333333,680.3333333333333,683.3333333333333,100200,-1.0,-1.0,-1.0
2023/07/05,677.3333333333333,683.0,674.3333333333333,681.6666666666666,103200,-1.0,-1.0,-1.0
2023/07/06,679.6666666666666,680.3333333333333,672.0,673.3333333333333,137700,-1.0,-1.0,-1.0
2023/07/07,669.0,677.3333333333333,668.0,672.6666666666666,112800,-1.0,-1.0,-1.0
2023/07/10,680.0,681.6666666666666,673.6666666666666,675.0,121200,-1.0,-1.0,-1.0
2023/07/11,682.0,689.0,679.0,685.6666666666666,189300,-1.0,-1.0,-1.0
2023/07/12,692.6666666666666,699.6666666666666,681.0,681.6666666666666,213600,-1.0,-1.0,-1.0
2023/07/13,685.0,691.6666666666666,681.6666666666666,691.6666666666666,99900,-1.0,-1.0,-1.0
2023/07/14,698.3333333333333,698.3333333333333,686.3333333333333,694.6666666666666,83100,-1.0,-1.0,-1.0
2023/07/18,695.0,697.0,686.6666666666666,690.3333333333333,106800,-1.0,-1.0,-1.0
2023/07/19,696.0,697.0,687.3333333333333,696.6666666666666,84300,-1.0,-1.0,-1.0
2023/07/20,694.6666666666666,699.0,688.3333333333333,688.3333333333333,76200,-1.0,-1.0,-1.0
2023/07/21,688.6666666666666,695.3333333333333,687.3333333333333,693.0,95100,-1.0,-1.0,-1.0
2023/07/24,692.0,704.0,692.0,697.3333333333333,151500,-1.0,-1.0,-1.0
2023/07/25,703.3333333333333,703.3333333333333,695.3333333333333,698.6666666666666,71700,-1.0,-1.0,-1.0
2023/07/26,699.0,699.0,692.0,696.6666666666666,94200,-1.0,-1.0,-1.0
2023/07/27,692.0,697.0,691.0,696.3333333333333,117600,-1.0,-1.0,-1.0
2023/07/28,690.6666666666666,700.0,688.3333333333333,695.0,138300,-1.0,-1.0,-1.0
2023/07/31,705.0,705.0,696.0,704.3333333333333,129300,-1.0,-1.0,-1.0
2023/08/01,707.6666666666666,715.0,703.0,706.0,89400,-1.0,-1.0,-1.0
2023/08/02,703.0,703.0,696.0,698.3333333333333,90600,-1.0,-1.0,-1.0
2023/08/03,689.0,690.6666666666666,680.6666666666666,681.3333333333333,162600,-1.0,-1.0,-1.0
2023/08/04,681.6666666666666,686.6666666666666,678.3333333333333,685.6666666666666,92400,-1.0,-1.0,-1.0
2023/08/07,685.0,696.3333333333333,681.0,696.3333333333333,141900,-1.0,-1.0,-1.0
2023/08/08,697.0,700.0,688.6666666666666,692.6666666666666,167700,-1.0,-1.0,-1.0
2023/08/09,700.6666666666666,701.0,684.6666666666666,688.3333333333333,282900,-1.0,-1.0,-1.0
2023/08/10,676.3333333333333,676.3333333333333,627.3333333333333,634.3333333333333,955800,-1.0,-1.0,-1.0
2023/08/14,631.3333333333333,649.3333333333333,627.3333333333333,637.0,295800,-1.0,-1.0,-1.0
2023/08/15,640.0,640.3333333333333,623.3333333333333,636.0,268500,-1.0,-1.0,-1.0
2023/08/16,630.3333333333333,630.3333333333333,621.0,622.3333333333333,215100,-1.0,-1.0,-1.0
2023/08/17,629.0,629.0,608.6666666666666,624.6666666666666,281400,-1.0,-1.0,-1.0
2023/08/18,618.0,628.3333333333333,614.3333333333333,626.0,111900,-1.0,-1.0,-1.0
2023/08/21,626.3333333333333,641.3333333333333,626.3333333333333,636.0,194400,-1.0,-1.0,-1.0
2023/08/22,636.0,643.3333333333333,633.3333333333333,642.0,79800,-1.0,-1.0,-1.0
2023/08/23,641.6666666666666,644.0,639.6666666666666,642.6666666666666,85800,-1.0,-1.0,-1.0
2023/08/24,642.6666666666666,648.3333333333333,642.0,642.6666666666666,99300,-1.0,-1.0,-1.0
2023/08/25,638.3333333333333,646.0,633.6666666666666,643.3333333333333,125100,-1.0,-1.0,-1.0
2023/08/28,647.6666666666666,652.6666666666666,644.6666666666666,650.3333333333333,147600,-1.0,-1.0,-1.0
2023/08/29,655.0,675.6666666666666,653.6666666666666,669.3333333333333,314700,-1.0,-1.0,-1.0
2023/08/30,673.6666666666666,693.0,672.0,687.3333333333333,236700,-1.0,-1.0,-1.0
2023/08/31,693.0,723.0,693.0,700.0,435000,-1.0,-1.0,-1.0
2023/09/01,701.0,725.6666666666666,700.3333333333333,721.0,392700,-1.0,-1.0,-1.0
2023/09/04,726.6666666666666,728.3333333333333,706.6666666666666,712.0,350100,-1.0,-1.0,-1.0
2023/09/05,709.6666666666666,715.3333333333333,697.0,710.3333333333333,253200,-1.0,-1.0,-1.0
2023/09/06,713.0,724.6666666666666,708.6666666666666,721.0,294600,-1.0,-1.0,-1.0
2023/09/07,714.0,729.3333333333333,710.3333333333333,726.3333333333333,235500,-1.0,-1.0,-1.0
2023/09/08,729.3333333333333,744.3333333333333,725.3333333333333,727.0,293100,-1.0,-1.0,-1.0
2023/09/11,726.6666666666666,735.6666666666666,717.0,723.3333333333333,214800,-1.0,-1.0,-1.0
2023/09/12,721.3333333333333,746.3333333333333,721.3333333333333,739.6666666666666,415500,-1.0,-1.0,-1.0
2023/09/13,739.6666666666666,739.6666666666666,727.0,734.0,168600,-1.0,-1.0,-1.0
2023/09/14,732.0,739.0,722.3333333333333,723.3333333333333,166800,-1.0,-1.0,-1.0
2023/09/15,729.3333333333333,751.6666666666666,726.3333333333333,738.3333333333333,644100,-1.0,-1.0,-1.0
2023/09/19,748.6666666666666,776.0,748.6666666666666,772.3333333333333,389100,-1.0,-1.0,-1.0
2023/09/20,766.3333333333333,771.0,754.3333333333333,762.3333333333333,452400,-1.0,-1.0,-1.0
2023/09/21,763.3333333333333,771.0,756.6666666666666,760.0,292200,-1.0,-1.0,-1.0
2023/09/22,759.3333333333333,777.6666666666666,755.0,771.3333333333333,353100,-1.0,-1.0,-1.0
2023/09/25,804.6666666666666,834.0,792.0,797.0,1200600,-1.0,-1.0,-1.0
2023/09/26,780.6666666666666,784.3333333333333,756.0,757.0,655200,-1.0,-1.0,-1.0
2023/09/27,745.3333333333333,755.6666666666666,738.6666666666666,755.6666666666666,419100,-1.0,-1.0,-1.0
2023/09/28,736.6666666666666,746.3333333333333,731.0,733.6666666666666,288600,-1.0,-1.0,-1.0
2023/09/29,733.3333333333333,745.3333333333333,702.0,713.6666666666666,570900,-1.0,-1.0,-1.0
2023/10/02,726.3333333333333,734.6666666666666,709.6666666666666,710.6666666666666,311100,-1.0,-1.0,-1.0
2023/10/03,721.3333333333333,721.3333333333333,698.3333333333333,698.3333333333333,247800,-1.0,-1.0,-1.0
2023/10/04,683.3333333333333,690.3333333333333,675.0,675.0,373800,-1.0,-1.0,-1.0
2023/10/05,690.0,694.3333333333333,682.0,687.0,298500,-1.0,-1.0,-1.0
2023/10/06,691.0,693.3333333333333,679.6666666666666,689.0,186600,-1.0,-1.0,-1.0
2023/10/10,691.6666666666666,706.3333333333333,683.6666666666666,694.3333333333333,425700,-1.0,-1.0,-1.0
2023/10/11,706.6666666666666,710.3333333333333,696.6666666666666,700.6666666666666,214800,-1.0,-1.0,-1.0
2023/10/12,693.3333333333333,693.3333333333333,670.0,679.6666666666666,502800,-1.0,-1.0,-1.0
2023/10/13,672.0,675.0,655.6666666666666,658.0,319200,-1.0,-1.0,-1.0
2023/10/16,652.6666666666666,664.0,645.0,650.6666666666666,204900,-1.0,-1.0,-1.0
2023/10/17,663.0,668.0,656.6666666666666,667.6666666666666,171900,-1.0,-1.0,-1.0
2023/10/18,659.3333333333333,681.6666666666666,658.0,681.0,144600,-1.0,-1.0,-1.0
2023/10/19,667.3333333333333,684.3333333333333,666.6666666666666,681.3333333333333,123900,-1.0,-1.0,-1.0
2023/10/20,678.3333333333333,688.0,672.0,684.6666666666666,153900,-1.0,-1.0,-1.0
2023/10/23,677.0,693.3333333333333,675.6666666666666,678.0,249000,-1.0,-1.0,-1.0
2023/10/24,678.3333333333333,692.3333333333333,668.0,690.0,171300,-1.0,-1.0,-1.0
2023/10/25,702.6666666666666,702.6666666666666,685.0,686.6666666666666,177000,-1.0,-1.0,-1.0
2023/10/26,674.3333333333333,685.6666666666666,674.3333333333333,678.3333333333333,117600,-1.0,-1.0,-1.0
2023/10/27,680.6666666666666,686.3333333333333,674.0,682.3333333333333,132900,-1.0,-1.0,-1.0
2023/10/30,676.6666666666666,684.6666666666666,675.0,680.3333333333333,179100,-1.0,-1.0,-1.0
2023/10/31,684.0,695.3333333333333,678.3333333333333,693.3333333333333,174900,-1.0,-1.0,-1.0
2023/11/01,701.0,703.0,686.6666666666666,693.6666666666666,140100,-1.0,-1.0,-1.0
2023/11/02,690.0,703.6666666666666,690.0,703.6666666666666,119100,-1.0,-1.0,-1.0
2023/11/06,708.6666666666666,711.3333333333333,698.0,700.6666666666666,156600,-1.0,-1.0,-1.0
2023/11/07,701.3333333333333,711.0,701.3333333333333,711.0,146700,-1.0,-1.0,-1.0
2023/11/08,708.6666666666666,713.0,699.0,702.0,105600,-1.0,-1.0,-1.0
2023/11/09,701.0,707.0,698.0,705.0,91800,-1.0,-1.0,-1.0
2023/11/10,705.0,705.0,690.3333333333333,703.0,154200,-1.0,-1.0,-1.0
2023/11/13,690.0,732.6666666666666,689.0,729.0,334500,-1.0,-1.0,-1.0
2023/11/14,733.3333333333333,743.0,729.3333333333333,739.0,259200,-1.0,-1.0,-1.0
2023/11/15,743.3333333333333,755.0,734.0,738.6666666666666,207900,-1.0,-1.0,-1.0
2023/11/16,738.6666666666666,738.6666666666666,719.0,725.0,182700,-1.0,-1.0,-1.0
2023/11/17,720.0,729.0,714.6666666666666,724.0,175200,-1.0,-1.0,-1.0
2023/11/20,721.3333333333333,723.3333333333333,710.0,714.6666666666666,186900,-1.0,-1.0,-1.0
2023/11/21,712.3333333333333,722.3333333333333,712.3333333333333,719.0,80400,-1.0,-1.0,-1.0
2023/11/22,715.6666666666666,723.3333333333333,714.0,718.6666666666666,77100,-1.0,-1.0,-1.0
2023/11/24,723.3333333333333,737.3333333333333,722.3333333333333,737.0,159900,-1.0,-1.0,-1.0
2023/11/27,740.0,774.6666666666666,740.0,766.0,431700,-1.0,-1.0,-1.0
2023/11/28,764.3333333333333,770.0,757.0,770.0,203400,-1.0,-1.0,-1.0
2023/11/29,766.6666666666666,782.0,766.6666666666666,770.3333333333333,183000,-1.0,-1.0,-1.0
2023/11/30,778.3333333333333,784.6666666666666,763.3333333333333,770.6666666666666,275400,-1.0,-1.0,-1.0
2023/12/01,772.0,778.3333333333333,766.3333333333333,772.6666666666666,136800,-1.0,-1.0,-1.0
2023/12/04,775.0,781.3333333333333,770.3333333333333,772.3333333333333,177000,-1.0,-1.0,-1.0
2023/12/05,768.6666666666666,773.0,749.6666666666666,750.3333333333333,158100,-1.0,-1.0,-1.0
2023/12/06,753.0,768.0,752.6666666666666,758.3333333333333,216600,-1.0,-1.0,-1.0
2023/12/07,754.0,763.0,754.0,759.0,173100,-1.0,-1.0,-1.0
2023/12/08,733.6666666666666,747.0,703.0,707.3333333333333,486600,-1.0,-1.0,-1.0
2023/12/11,707.0,717.3333333333333,707.0,715.3333333333333,201600,-1.0,-1.0,-1.0
2023/12/12,723.0,735.0,709.6666666666666,709.6666666666666,152700,-1.0,-1.0,-1.0
2023/12/13,716.6666666666666,720.3333333333333,706.0,717.0,99300,-1.0,-1.0,-1.0
2023/12/14,717.0,726.3333333333333,703.0,704.0,96000,-1.0,-1.0,-1.0
2023/12/15,706.6666666666666,707.0,699.3333333333333,699.3333333333333,110400,-1.0,-1.0,-1.0
2023/12/18,696.0,699.0,690.6666666666666,696.3333333333333,62100,-1.0,-1.0,-1.0
2023/12/19,700.6666666666666,706.0,698.3333333333333,704.3333333333333,79500,-1.0,-1.0,-1.0
2023/12/20,706.6666666666666,711.0,698.6666666666666,698.6666666666666,121200,-1.0,-1.0,-1.0
2023/12/21,848.6666666666666,865.3333333333333,842.3333333333333,865.3333333333333,1716000,-1.0,-1.0,-1.0
2023/12/22,865.0,875.0,826.3333333333333,830.6666666666666,2633700,-1.0,-1.0,-1.0
2023/12/25,847.3333333333333,853.6666666666666,797.0,808.6666666666666,1083000,-1.0,-1.0,-1.0
2023/12/26,816.0,841.6666666666666,815.3333333333333,833.3333333333333,466500,-1.0,-1.0,-1.0
2023/12/27,831.6666666666666,870.0,831.6666666666666,860.0,529800,-1.0,-1.0,-1.0
2023/12/28,843.3333333333333,853.6666666666666,839.6666666666666,850.3333333333333,294300,-1.0,-1.0,-1.0
2023/12/29,851.6666666666666,863.0,839.6666666666666,844.0,280800,-1.0,-1.0,-1.0
2024/01/04,833.3333333333333,849.0,823.6666666666666,848.0,232500,-1.0,-1.0,-1.0
2024/01/05,850.0,856.0,826.0,826.3333333333333,177300,-1.0,-1.0,-1.0
2024/01/09,834.3333333333333,841.6666666666666,828.3333333333333,839.6666666666666,199200,-1.0,-1.0,-1.0
2024/01/10,840.0,840.0,824.3333333333333,824.3333333333333,203100,-1.0,-1.0,-1.0
2024/01/11,827.6666666666666,832.0,810.3333333333333,810.6666666666666,209400,-1.0,-1.0,-1.0
2024/01/12,810.6666666666666,817.3333333333333,807.3333333333333,811.6666666666666,156300,-1.0,-1.0,-1.0
2024/01/15,812.3333333333333,821.3333333333333,803.3333333333333,804.3333333333333,149100,-1.0,-1.0,-1.0
2024/01/16,802.3333333333333,813.3333333333333,795.0,797.6666666666666,244800,-1.0,-1.0,-1.0
2024/01/17,808.3333333333333,820.0,801.6666666666666,806.3333333333333,251100,-1.0,-1.0,-1.0
2024/01/18,800.0,815.6666666666666,800.0,810.3333333333333,136800,-1.0,-1.0,-1.0
2024/01/19,820.0,821.0,807.6666666666666,815.0,184800,-1.0,-1.0,-1.0
2024/01/22,848.3333333333333,886.0,839.3333333333333,882.3333333333333,931500,-1.0,-1.0,-1.0
2024/01/23,886.6666666666666,919.0,886.6666666666666,912.6666666666666,774600,-1.0,-1.0,-1.0
2024/01/24,900.0,907.0,893.0,895.0,254100,-1.0,-1.0,-1.0
2024/01/25,906.6666666666666,915.0,894.0,914.0,254400,-1.0,-1.0,-1.0
2024/01/26,900.6666666666666,907.0,881.6666666666666,885.3333333333333,231600,-1.0,-1.0,-1.0
2024/01/29,902.0,906.6666666666666,888.3333333333333,892.0,201600,-1.0,-1.0,-1.0
2024/01/30,896.6666666666666,896.6666666666666,886.0,893.6666666666666,154200,-1.0,-1.0,-1.0
2024/01/31,892.3333333333333,892.3333333333333,878.0,885.0,304500,-1.0,-1.0,-1.0
2024/02/01,867.3333333333333,869.0,841.3333333333333,841.3333333333333,391500,-1.0,-1.0,-1.0
2024/02/02,843.3333333333333,876.6666666666666,842.3333333333333,858.0,277800,-1.0,-1.0,-1.0
2024/02/05,859.6666666666666,875.3333333333333,856.6666666666666,861.3333333333333,180300,-1.0,-1.0,-1.0
2024/02/06,856.6666666666666,863.0,849.0,851.0,141000,-1.0,-1.0,-1.0
2024/02/07,850.0,851.3333333333333,829.0,834.6666666666666,260100,-1.0,-1.0,-1.0
2024/02/08,831.3333333333333,831.3333333333333,814.0,823.0,277200,-1.0,-1.0,-1.0
2024/02/09,817.6666666666666,835.0,815.3333333333333,822.3333333333333,324300,-1.0,-1.0,-1.0
2024/02/13,786.0,808.3333333333333,762.3333333333333,787.3333333333333,1009500,-1.0,-1.0,-1.0
2024/02/14,786.6666666666666,791.0,758.6666666666666,787.0,376800,-1.0,-1.0,-1.0
2024/02/15,793.3333333333333,793.3333333333333,764.3333333333333,772.6666666666666,321900,-1.0,-1.0,-1.0
2024/02/16,765.0,784.3333333333333,759.3333333333333,777.0,408600,-1.0,-1.0,-1.0
2024/02/19,790.0,836.6666666666666,788.3333333333333,831.3333333333333,363600,-1.0,-1.0,-1.0
2024/02/20,817.0,833.3333333333333,814.6666666666666,820.3333333333333,292200,-1.0,-1.0,-1.0
2024/02/21,820.0,824.3333333333333,800.0,800.0,168300,-1.0,-1.0,-1.0
2024/02/22,816.6666666666666,835.0,806.6666666666666,824.6666666666666,342900,-1.0,-1.0,-1.0
2024/02/26,840.3333333333333,865.3333333333333,840.3333333333333,859.3333333333333,444000,-1.0,-1.0,-1.0
2024/02/27,866.3333333333333,878.3333333333333,851.0,873.3333333333333,354600,-1.0,-1.0,-1.0
2024/02/28,874.6666666666666,901.0,872.3333333333333,889.3333333333333,405000,-1.0,-1.0,-1.0
2024/02/29,880.0,882.0,852.6666666666666,858.0,258000,-1.0,-1.0,-1.0
2024/03/01,861.3333333333333,870.3333333333333,848.6666666666666,851.3333333333333,179100,-1.0,-1.0,-1.0
2024/03/04,849.6666666666666,853.3333333333333,833.6666666666666,833.6666666666666,191100,-1.0,-1.0,-1.0
2024/03/05,824.6666666666666,824.6666666666666,801.3333333333333,806.3333333333333,425700,-1.0,-1.0,-1.0
2024/03/06,806.3333333333333,830.3333333333333,806.3333333333333,823.3333333333333,217800,-1.0,-1.0,-1.0
2024/03/07,823.3333333333333,824.0,801.0,803.3333333333333,173100,-1.0,-1.0,-1.0
2024/03/08,798.6666666666666,830.3333333333333,789.6666666666666,801.0,546000,-1.0,-1.0,-1.0
2024/03/11,784.3333333333333,815.6666666666666,783.0,813.3333333333333,405300,-1.0,-1.0,-1.0
2024/03/12,813.3333333333333,864.6666666666666,813.3333333333333,856.0,470700,-1.0,-1.0,-1.0
2024/03/13,867.0,867.0,827.0,835.6666666666666,394800,-1.0,-1.0,-1.0
2024/03/14,826.6666666666666,849.3333333333333,826.6666666666666,838.3333333333333,309300,-1.0,-1.0,-1.0
2024/03/15,830.6666666666666,842.6666666666666,827.0,837.6666666666666,724200,-1.0,-1.0,-1.0
2024/03/18,842.6666666666666,854.0,839.6666666666666,846.6666666666666,128100,-1.0,-1.0,-1.0
2024/03/19,839.3333333333333,860.0,839.3333333333333,848.6666666666666,119400,-1.0,-1.0,-1.0
2024/03/21,860.0,862.0,846.6666666666666,851.0,198900,-1.0,-1.0,-1.0
2024/03/22,852.6666666666666,852.6666666666666,841.3333333333333,851.3333333333333,109200,-1.0,-1.0,-1.0
2024/03/25,883.3333333333333,884.3333333333333,857.0,857.3333333333333,205200,-1.0,-1.0,-1.0
2024/03/26,850.0,871.6666666666666,841.3333333333333,859.6666666666666,138600,-1.0,-1.0,-1.0
2024/03/27,855.0,873.6666666666666,854.6666666666666,869.6666666666666,225000,-1.0,-1.0,-1.0
2024/03/28,868.3333333333333,869.6666666666666,836.0,841.6666666666666,178800,-1.0,-1.0,-1.0
2024/03/29,845.6666666666666,864.3333333333333,836.6666666666666,859.6666666666666,151200,-1.0,-1.0,-1.0
2024/04/01,863.3333333333333,876.6666666666666,853.0,867.6666666666666,118200,-1.0,-1.0,-1.0
2024/04/02,866.3333333333333,866.3333333333333,840.6666666666666,845.6666666666666,127800,-1.0,-1.0,-1.0
2024/04/03,845.6666666666666,845.6666666666666,829.3333333333333,834.3333333333333,175200,-1.0,-1.0,-1.0
2024/04/04,834.3333333333333,835.0,807.0,811.6666666666666,190200,-1.0,-1.0,-1.0
2024/04/05,800.3333333333333,810.0,796.0,804.6666666666666,114300,-1.0,-1.0,-1.0
2024/04/08,816.6666666666666,819.3333333333333,808.0,817.3333333333333,107400,-1.0,-1.0,-1.0
2024/04/09,820.3333333333333,820.3333333333333,806.0,813.3333333333333,88500,-1.0,-1.0,-1.0
2024/04/10,810.3333333333333,821.6666666666666,810.3333333333333,816.6666666666666,45300,-1.0,-1.0,-1.0
2024/04/11,816.0,816.0,802.0,803.6666666666666,88500,-1.0,-1.0,-1.0
2024/04/12,808.3333333333333,811.6666666666666,798.3333333333333,804.6666666666666,107400,-1.0,-1.0,-1.0
2024/04/15,807.3333333333333,815.3333333333333,800.0,807.6666666666666,78000,-1.0,-1.0,-1.0
2024/04/16,797.0,800.0,783.6666666666666,787.6666666666666,174900,-1.0,-1.0,-1.0
2024/04/17,795.3333333333333,796.0,774.6666666666666,774.6666666666666,159600,-1.0,-1.0,-1.0
2024/04/18,788.3333333333333,792.0,777.3333333333333,786.3333333333333,466800,-1.0,-1.0,-1.0
2024/04/19,774.6666666666666,777.3333333333333,747.6666666666666,747.6666666666666,361200,-1.0,-1.0,-1.0
2024/04/22,758.6666666666666,763.0,742.6666666666666,758.6666666666666,153600,-1.0,-1.0,-1.0
2024/04/23,758.6666666666666,762.6666666666666,748.3333333333333,759.0,148500,-1.0,-1.0,-1.0
2024/04/24,763.0,771.0,758.3333333333333,763.3333333333333,125100,-1.0,-1.0,-1.0
2024/04/25,757.0,762.3333333333333,747.3333333333333,749.0,163800,-1.0,-1.0,-1.0
2024/04/26,746.6666666666666,755.0,741.0,754.3333333333333,146100,-1.0,-1.0,-1.0
2024/04/30,765.0,769.6666666666666,750.3333333333333,769.6666666666666,180900,-1.0,-1.0,-1.0
2024/05/01,770.3333333333333,773.6666666666666,761.6666666666666,770.6666666666666,116400,-1.0,-1.0,-1.0
2024/05/02,770.6666666666666,773.3333333333333,761.0,768.6666666666666,86100,-1.0,-1.0,-1.0
2024/05/07,771.0,777.0,766.6666666666666,771.3333333333333,127200,-1.0,-1.0,-1.0
2024/05/08,768.0,784.6666666666666,763.6666666666666,772.3333333333333,251100,-1.0,-1.0,-1.0
2024/05/09,774.6666666666666,809.0,773.3333333333333,805.0,246900,-1.0,-1.0,-1.0
2024/05/10,755.0,770.3333333333333,724.0,726.3333333333333,702900,-1.0,-1.0,-1.0
2024/05/13,720.0,728.6666666666666,712.6666666666666,715.0,306000,-1.0,-1.0,-1.0
2024/05/14,722.3333333333333,734.6666666666666,716.6666666666666,734.0,193200,-1.0,-1.0,-1.0
2024/05/15,734.3333333333333,736.0,720.0,728.3333333333333,123600,-1.0,-1.0,-1.0
2024/05/16,730.0,730.0,703.0,704.3333333333333,233100,-1.0,-1.0,-1.0
2024/05/17,700.0,705.0,694.0,699.0,153900,-1.0,-1.0,-1.0
2024/05/20,700.6666666666666,709.3333333333333,700.0,704.0,104400,-1.0,-1.0,-1.0
2024/05/21,704.3333333333333,709.6666666666666,700.6666666666666,702.0,80700,-1.0,-1.0,-1.0
2024/05/22,709.6666666666666,709.6666666666666,699.3333333333333,699.3333333333333,96600,-1.0,-1.0,-1.0
2024/05/23,699.3333333333333,715.6666666666666,699.0,712.3333333333333,71400,-1.0,-1.0,-1.0
2024/05/24,712.6666666666666,718.0,706.0,708.0,126000,-1.0,-1.0,-1.0
2024/05/27,706.0,706.6666666666666,676.3333333333333,680.6666666666666,261300,-1.0,-1.0,-1.0
2024/05/28,678.3333333333333,692.6666666666666,671.6666666666666,676.3333333333333,188100,-1.0,-1.0,-1.0
2024/05/29,671.6666666666666,677.3333333333333,669.0,672.3333333333333,133800,-1.0,-1.0,-1.0
2024/05/30,670.0,685.0,666.6666666666666,684.3333333333333,150900,-1.0,-1.0,-1.0
2024/05/31,684.6666666666666,686.6666666666666,676.3333333333333,684.6666666666666,165300,-1.0,-1.0,-1.0
2024/06/03,693.3333333333333,697.3333333333333,686.6666666666666,686.6666666666666,110400,-1.0,-1.0,-1.0
2024/06/04,689.0,706.0,689.0,703.0,117300,-1.0,-1.0,-1.0
2024/06/05,690.3333333333333,709.6666666666666,690.3333333333333,695.3333333333333,107100,-1.0,-1.0,-1.0
2024/06/06,691.6666666666666,704.3333333333333,689.3333333333333,701.6666666666666,90600,-1.0,-1.0,-1.0
2024/06/07,706.0,713.0,701.0,705.6666666666666,88500,-1.0,-1.0,-1.0
2024/06/10,700.3333333333333,720.0,699.3333333333333,714.6666666666666,106500,-1.0,-1.0,-1.0
2024/06/11,717.0,721.6666666666666,712.3333333333333,718.6666666666666,107100,-1.0,-1.0,-1.0
2024/06/12,721.6666666666666,729.3333333333333,721.0,724.6666666666666,115500,-1.0,-1.0,-1.0
2024/06/13,721.6666666666666,731.6666666666666,715.6666666666666,725.6666666666666,125700,-1.0,-1.0,-1.0
2024/06/14,726.3333333333333,747.3333333333333,715.3333333333333,747.0,200400,-1.0,-1.0,-1.0
2024/06/17,753.0,769.6666666666666,750.0,767.3333333333333,253200,-1.0,-1.0,-1.0
2024/06/18,772.0,816.3333333333333,772.0,807.3333333333333,695700,-1.0,-1.0,-1.0
2024/06/19,811.3333333333333,840.0,805.3333333333333,816.0,614400,-1.0,-1.0,-1.0
2024/06/20,818.0,834.3333333333333,806.3333333333333,829.0,324900,-1.0,-1.0,-1.0
2024/06/21,829.3333333333333,844.3333333333333,818.3333333333333,824.0,408000,-1.0,-1.0,-1.0
2024/06/24,825.3333333333333,828.3333333333333,807.3333333333333,810.0,274800,-1.0,-1.0,-1.0
2024/06/25,807.3333333333333,818.3333333333333,806.6666666666666,813.6666666666666,127500,-1.0,-1.0,-1.0
2024/06/26,814.3333333333333,862.6666666666666,814.3333333333333,852.6666666666666,451500,-1.0,-1.0,-1.0
2024/06/27,862.3333333333333,894.6666666666666,862.3333333333333,894.0,510900,-1.0,-1.0,-1.0
2024/06/28,902.3333333333333,902.3333333333333,870.0,883.6666666666666,384900,-1.0,-1.0,-1.0
2024/07/01,882.0,882.3333333333333,860.0,860.0,206100,-1.0,-1.0,-1.0
2024/07/02,859.6666666666666,874.3333333333333,855.0,856.6666666666666,286500,-1.0,-1.0,-1.0
2024/07/03,860.3333333333333,868.6666666666666,847.6666666666666,852.0,326100,-1.0,-1.0,-1.0
2024/07/04,843.3333333333333,850.3333333333333,834.0,847.3333333333333,229500,-1.0,-1.0,-1.0
2024/07/05,855.3333333333333,866.6666666666666,841.3333333333333,849.0,169800,-1.0,-1.0,-1.0
2024/07/08,849.0,855.6666666666666,844.6666666666666,848.6666666666666,109200,-1.0,-1.0,-1.0
2024/07/09,848.6666666666666,861.6666666666666,848.0,850.6666666666666,135900,-1.0,-1.0,-1.0
2024/07/10,850.6666666666666,853.0,840.6666666666666,844.6666666666666,144300,-1.0,-1.0,-1.0
2024/07/11,844.6666666666666,852.0,840.3333333333333,850.6666666666666,84900,-1.0,-1.0,-1.0
2024/07/12,838.3333333333333,857.6666666666666,838.3333333333333,843.3333333333333,115800,-1.0,-1.0,-1.0
2024/07/16,853.3333333333333,856.6666666666666,847.3333333333333,852.3333333333333,78000,-1.0,-1.0,-1.0
2024/07/17,858.3333333333333,867.3333333333333,846.0,848.3333333333333,111900,-1.0,-1.0,-1.0
2024/07/18,843.6666666666666,846.0,823.0,823.3333333333333,156600,-1.0,-1.0,-1.0
2024/07/19,830.0,839.6666666666666,826.6666666666666,831.0,165600,-1.0,-1.0,-1.0
2024/07/22,829.0,830.6666666666666,808.3333333333333,820.0,165300,-1.0,-1.0,-1.0
2024/07/23,820.6666666666666,826.6666666666666,817.3333333333333,817.3333333333333,70800,-1.0,-1.0,-1.0
2024/07/24,805.3333333333333,813.6666666666666,792.6666666666666,796.0,171600,-1.0,-1.0,-1.0
2024/07/25,789.3333333333333,792.6666666666666,778.3333333333333,783.3333333333333,110100,-1.0,-1.0,-1.0
2024/07/26,783.3333333333333,790.6666666666666,775.0,780.0,101400,-1.0,-1.0,-1.0
2024/07/29,786.6666666666666,803.6666666666666,780.6666666666666,795.6666666666666,94800,-1.0,-1.0,-1.0
2024/07/30,793.3333333333333,793.3333333333333,781.0,782.0,74100,-1.0,-1.0,-1.0
2024/07/31,778.6666666666666,792.0,778.3333333333333,792.0,69300,-1.0,-1.0,-1.0
2024/08/01,789.3333333333333,789.3333333333333,759.6666666666666,761.6666666666666,84300,-1.0,-1.0,-1.0
2024/08/02,740.3333333333333,757.3333333333333,732.0,732.0,209400,-1.0,-1.0,-1.0
2024/08/05,700.0,700.0,626.6666666666666,657.3333333333333,316800,-1.0,-1.0,-1.0
2024/08/06,694.0,716.6666666666666,677.3333333333333,716.6666666666666,250500,-1.0,-1.0,-1.0
2024/08/07,715.0,716.3333333333333,689.6666666666666,689.6666666666666,184800,-1.0,-1.0,-1.0
2024/08/08,684.0,720.6666666666666,684.0,701.6666666666666,129000,-1.0,-1.0,-1.0
2024/08/09,718.0,724.3333333333333,685.3333333333333,719.6666666666666,217800,-1.0,-1.0,-1.0
2024/08/13,690.6666666666666,730.3333333333333,690.6666666666666,720.0,151500,-1.0,-1.0,-1.0
2024/08/14,720.0,720.0,700.3333333333333,709.6666666666666,84300,-1.0,-1.0,-1.0
2024/08/15,711.3333333333333,714.3333333333333,699.0,699.3333333333333,102000,-1.0,-1.0,-1.0
2024/08/16,710.6666666666666,723.0,702.0,718.6666666666666,72600,-1.0,-1.0,-1.0
2024/08/19,722.0,725.0,703.6666666666666,704.0,80700,-1.0,-1.0,-1.0
2024/08/20,706.0,714.0,705.0,710.0,127500,-1.0,-1.0,-1.0
2024/08/21,701.3333333333333,705.3333333333333,694.3333333333333,698.3333333333333,93600,-1.0,-1.0,-1.0
2024/08/22,707.0,707.0,686.3333333333333,691.6666666666666,133500,-1.0,-1.0,-1.0
2024/08/23,686.3333333333333,693.0,680.3333333333333,688.0,139500,-1.0,-1.0,-1.0
2024/08/26,687.6666666666666,696.0,686.6666666666666,694.6666666666666,78600,-1.0,-1.0,-1.0
2024/08/27,699.6666666666666,709.0,698.6666666666666,706.6666666666666,68100,-1.0,-1.0,-1.0
2024/08/28,700.0,702.3333333333333,691.0,692.3333333333333,108600,-1.0,-1.0,-1.0
2024/08/29,693.3333333333333,697.0,684.3333333333333,684.3333333333333,122700,-1.0,-1.0,-1.0
2024/08/30,687.6666666666666,698.3333333333333,685.0,696.3333333333333,98400,-1.0,-1.0,-1.0
2024/09/02,700.3333333333333,700.3333333333333,687.3333333333333,692.0,89400,-1.0,-1.0,-1.0
2024/09/03,692.3333333333333,715.3333333333333,692.3333333333333,713.0,144300,-1.0,-1.0,-1.0
2024/09/04,701.3333333333333,705.6666666666666,683.3333333333333,689.0,187200,-1.0,-1.0,-1.0
2024/09/05,680.3333333333333,692.3333333333333,676.0,677.3333333333333,141000,-1.0,-1.0,-1.0
2024/09/06,687.3333333333333,694.3333333333333,670.3333333333333,673.0,166800,-1.0,-1.0,-1.0
2024/09/09,667.6666666666666,678.6666666666666,665.3333333333333,672.6666666666666,159600,-1.0,-1.0,-1.0
2024/09/10,672.6666666666666,680.0,669.6666666666666,671.3333333333333,79500,-1.0,-1.0,-1.0
2024/09/11,667.6666666666666,669.3333333333333,651.3333333333333,652.6666666666666,200100,-1.0,-1.0,-1.0
2024/09/12,669.6666666666666,680.3333333333333,667.3333333333333,677.0,99900,-1.0,-1.0,-1.0
2024/09/13,671.0,673.6666666666666,654.6666666666666,667.0,158400,-1.0,-1.0,-1.0
2024/09/17,671.6666666666666,671.6666666666666,660.3333333333333,664.6666666666666,119700,-1.0,-1.0,-1.0
2024/09/18,666.6666666666666,670.6666666666666,654.0,659.0,137400,-1.0,-1.0,-1.0
2024/09/19,666.3333333333333,684.6666666666666,666.3333333333333,683.0,136500,-1.0,-1.0,-1.0
2024/09/20,683.0,691.6666666666666,679.3333333333333,686.3333333333333,243000,-1.0,-1.0,-1.0
2024/09/24,697.0,699.3333333333333,685.0,688.6666666666666,156900,-1.0,-1.0,-1.0
2024/09/25,690.6666666666666,697.6666666666666,686.6666666666666,691.6666666666666,195900,-1.0,-1.0,-1.0
2024/09/26,690.6666666666666,716.3333333333333,690.6666666666666,714.3333333333333,154800,-1.0,-1.0,-1.0
2024/09/27,700.3333333333333,712.6666666666666,700.3333333333333,704.0,119700,-1.0,-1.0,-1.0
2024/09/30,683.3333333333333,689.3333333333333,675.6666666666666,679.3333333333333,149100,-1.0,-1.0,-1.0
2024/10/01,683.6666666666666,691.6666666666666,680.0,688.3333333333333,56700,-1.0,-1.0,-1.0
2024/10/02,684.6666666666666,684.6666666666666,674.0,677.0,64800,-1.0,-1.0,-1.0
2024/10/03,689.3333333333333,690.6666666666666,681.0,685.6666666666666,46800,-1.0,-1.0,-1.0
2024/10/04,690.6666666666666,694.3333333333333,684.3333333333333,689.3333333333333,38700,-1.0,-1.0,-1.0
2024/10/07,696.6666666666666,701.0,692.0,697.3333333333333,55800,-1.0,-1.0,-1.0
2024/10/08,697.0,697.3333333333333,682.0,685.6666666666666,91200,-1.0,-1.0,-1.0
2024/10/09,695.0,695.0,680.0,681.0,43500,-1.0,-1.0,-1.0
2024/10/10,681.3333333333333,691.6666666666666,681.3333333333333,684.0,93300,-1.0,-1.0,-1.0
2024/10/11,686.6666666666666,690.6666666666666,681.6666666666666,686.0,60900,-1.0,-1.0,-1.0
2024/10/15,690.0,690.0,681.6666666666666,683.0,51000,-1.0,-1.0,-1.0
2024/10/16,677.0,685.3333333333333,669.6666666666666,669.6666666666666,60300,-1.0,-1.0,-1.0
2024/10/17,669.6666666666666,677.3333333333333,668.3333333333333,671.3333333333333,81900,-1.0,-1.0,-1.0
2024/10/18,676.3333333333333,676.3333333333333,668.6666666666666,672.3333333333333,60900,-1.0,-1.0,-1.0
2024/10/21,672.6666666666666,675.0,670.6666666666666,671.3333333333333,40500,-1.0,-1.0,-1.0
2024/10/22,674.0,675.3333333333333,661.0,661.6666666666666,131700,-1.0,-1.0,-1.0
2024/10/23,664.6666666666666,665.0,650.6666666666666,650.6666666666666,138300,-1.0,-1.0,-1.0
2024/10/24,650.0,661.6666666666666,645.3333333333333,659.0,104400,-1.0,-1.0,-1.0
2024/10/25,659.0,664.0,652.6666666666666,660.0,100200,-1.0,-1.0,-1.0
2024/10/28,660.0,677.6666666666666,660.0,675.0,75000,-1.0,-1.0,-1.0
2024/10/29,682.6666666666666,706.0,682.6666666666666,703.6666666666666,152700,-1.0,-1.0,-1.0
2024/10/30,706.3333333333333,709.3333333333333,694.6666666666666,697.6666666666666,187500,-1.0,-1.0,-1.0
2024/10/31,703.3333333333333,710.0,697.6666666666666,708.3333333333333,127800,-1.0,-1.0,-1.0
2024/11/01,698.6666666666666,719.0,696.6666666666666,716.0,156900,-1.0,-1.0,-1.0
2024/11/05,725.0,725.0,699.3333333333333,699.3333333333333,105600,-1.0,-1.0,-1.0
2024/11/06,709.6666666666666,711.0,694.6666666666666,702.3333333333333,117900,-1.0,-1.0,-1.0
2024/11/07,702.6666666666666,711.3333333333333,694.3333333333333,709.6666666666666,92700,-1.0,-1.0,-1.0
2024/11/08,694.0,709.6666666666666,684.6666666666666,688.3333333333333,63900,-1.0,-1.0,-1.0
2024/11/11,733.3333333333333,763.3333333333333,733.3333333333333,738.3333333333333,346500,-1.0,-1.0,-1.0
2024/11/12,732.6666666666666,737.3333333333333,726.0,733.0,159600,-1.0,-1.0,-1.0
2024/11/13,725.3333333333333,736.0,716.3333333333333,723.3333333333333,121500,-1.0,-1.0,-1.0
2024/11/14,718.0,726.0,711.3333333333333,721.3333333333333,135300,-1.0,-1.0,-1.0
2024/11/15,721.3333333333333,729.0,713.6666666666666,727.6666666666666,98400,-1.0,-1.0,-1.0
2024/11/18,717.0,732.0,717.0,728.3333333333333,66000,-1.0,-1.0,-1.0
2024/11/19,733.0,736.6666666666666,726.6666666666666,736.6666666666666,142500,-1.0,-1.0,-1.0
2024/11/20,740.0,816.3333333333333,738.3333333333333,812.6666666666666,649200,-1.0,-1.0,-1.0
2024/11/21,811.0,825.0,792.6666666666666,796.3333333333333,265200,-1.0,-1.0,-1.0
2024/11/22,793.3333333333333,801.0,776.6666666666666,790.3333333333333,174300,-1.0,-1.0,-1.0
2024/11/25,790.3333333333333,796.6666666666666,776.0,779.6666666666666,205200,-1.0,-1.0,-1.0
2024/11/26,780.0,811.3333333333333,780.0,811.0,160500,-1.0,-1.0,-1.0
2024/11/27,826.6666666666666,832.0,786.3333333333333,811.6666666666666,313200,-1.0,-1.0,-1.0
2024/11/28,795.0,813.3333333333333,795.0,809.3333333333333,109200,-1.0,-1.0,-1.0
2024/11/29,809.3333333333333,812.6666666666666,798.0,807.6666666666666,68700,-1.0,-1.0,-1.0
2024/12/02,802.6666666666666,816.3333333333333,801.3333333333333,816.0,120300,-1.0,-1.0,-1.0
2024/12/03,819.6666666666666,827.0,814.6666666666666,822.0,69000,-1.0,-1.0,-1.0
2024/12/04,826.6666666666666,830.0,803.3333333333333,806.0,73800,-1.0,-1.0,-1.0
2024/12/05,810.6666666666666,815.3333333333333,800.0,813.0,90300,-1.0,-1.0,-1.0
2024/12/06,821.0,851.3333333333333,815.3333333333333,825.3333333333333,154800,-1.0,-1.0,-1.0
2024/12/09,832.6666666666666,853.3333333333333,832.6666666666666,852.6666666666666,213900,-1.0,-1.0,-1.0
2024/12/10,866.3333333333333,868.3333333333333,845.3333333333333,851.6666666666666,204600,-1.0,-1.0,-1.0
2024/12/11,847.3333333333333,860.0,847.3333333333333,854.3333333333333,128400,-1.0,-1.0,-1.0
2024/12/12,855.0,893.0,855.0,883.6666666666666,268800,-1.0,-1.0,-1.0
2024/12/13,875.0,894.3333333333333,875.0,886.6666666666666,197400,-1.0,-1.0,-1.0
2024/12/16,895.6666666666666,902.6666666666666,881.3333333333333,900.0,246600,-1.0,-1.0,-1.0
2024/12/17,900.0,918.0,893.3333333333333,905.3333333333333,196200,-1.0,-1.0,-1.0
2024/12/18,910.0,943.0,909.3333333333333,927.6666666666666,352200,-1.0,-1.0,-1.0
2024/12/19,911.3333333333333,940.3333333333333,900.0,924.0,266100,-1.0,-1.0,-1.0
2024/12/20,917.0,945.0,917.0,930.6666666666666,349500,-1.0,-1.0,-1.0
2024/12/23,927.0,937.3333333333333,923.6666666666666,932.3333333333333,126300,-1.0,-1.0,-1.0
2024/12/24,939.6666666666666,939.6666666666666,923.6666666666666,930.0,135000,-1.0,-1.0,-1.0
2024/12/25,932.6666666666666,938.6666666666666,904.3333333333333,920.3333333333333,200100,-1.0,-1.0,-1.0
2024/12/26,915.0,943.6666666666666,912.3333333333333,934.6666666666666,242100,-1.0,-1.0,-1.0
2024/12/27,949.6666666666666,958.6666666666666,938.6666666666666,955.6666666666666,240000,-1.0,-1.0,-1.0
2024/12/30,966.3333333333333,966.3333333333333,951.0,960.6666666666666,213900,-1.0,-1.0,-1.0
2025/01/06,966.6666666666666,990.3333333333333,966.6666666666666,980.0,542400,-1.0,-1.0,-1.0
2025/01/07,993.0,1010.0,983.0,991.6666666666666,316800,-1.0,-1.0,-1.0
2025/01/08,975.0,980.0,951.3333333333333,961.6666666666666,469500,-1.0,-1.0,-1.0
2025/01/09,966.3333333333333,974.0,945.0,959.3333333333333,386100,-1.0,-1.0,-1.0
2025/01/10,945.3333333333333,961.6666666666666,938.6666666666666,941.3333333333333,152700,-1.0,-1.0,-1.0
2025/01/14,941.3333333333333,947.0,939.3333333333333,942.0,247800,-1.0,-1.0,-1.0
2025/01/15,954.3333333333333,966.6666666666666,947.3333333333333,956.3333333333333,168600,-1.0,-1.0,-1.0
2025/01/16,966.6666666666666,966.6666666666666,941.3333333333333,948.0,123000,-1.0,-1.0,-1.0
2025/01/17,948.0,948.3333333333333,929.3333333333333,943.6666666666666,140700,-1.0,-1.0,-1.0
2025/01/20,950.3333333333333,953.0,941.0,941.0,73800,-1.0,-1.0,-1.0
2025/01/21,952.3333333333333,956.0,946.6666666666666,949.6666666666666,99300,-1.0,-1.0,-1.0
2025/01/22,934.0,949.6666666666666,933.3333333333333,939.0,129600,-1.0,-1.0,-1.0
2025/01/23,951.3333333333333,961.6666666666666,938.0,945.6666666666666,116700,-1.0,-1.0,-1.0
2025/01/24,962.3333333333333,965.0,945.3333333333333,957.6666666666666,246300,-1.0,-1.0,-1.0
2025/01/27,962.0,967.6666666666666,952.6666666666666,962.3333333333333,173400,-1.0,-1.0,-1.0
2025/01/28,956.6666666666666,1008.3333333333333,953.0,990.0,282600,-1.0,-1.0,-1.0
2025/01/29,990.0,1000.0,979.3333333333333,979.3333333333333,145800,-1.0,-1.0,-1.0
2025/01/30,973.3333333333333,1000.0,966.6666666666666,994.0,208200,-1.0,-1.0,-1.0
2025/01/31,999.0,1001.6666666666666,983.3333333333333,991.0,117900,-1.0,-1.0,-1.0
2025/02/03,994.0,994.3333333333333,972.6666666666666,984.0,144000,-1.0,-1.0,-1.0
2025/02/04,996.0,999.6666666666666,985.6666666666666,990.6666666666666,148800,-1.0,-1.0,-1.0
2025/02/05,991.3333333333333,991.3333333333333,990.6666666666666,990.6666666666666,1800,-1.0,-1.0,-1.0
2025/02/06,1021.6666666666666,1050.0,1016.6666666666666,1046.6666666666665,232500,-1.0,-1.0,-1.0
2025/02/07,1038.3333333333333,1043.3333333333333,1018.3333333333333,1021.6666666666666,126300,-1.0,-1.0,-1.0
2025/02/10,1021.6666666666666,1048.3333333333333,1015.0,1026.6666666666665,251700,-1.0,-1.0,-1.0
2025/02/12,945.0,1036.6666666666665,911.3333333333333,1036.6666666666665,583500,-1.0,-1.0,-1.0
2025/02/13,1021.6666666666666,1021.6666666666666,996.3333333333333,1010.0,123000,-1.0,-1.0,-1.0
2025/02/14,995.6666666666666,1011.6666666666666,976.3333333333333,980.3333333333333,301200,-1.0,-1.0,-1.0
2025/02/17,988.3333333333333,1018.3333333333333,988.3333333333333,1000.0,140100,-1.0,-1.0,-1.0
2025/02/18,997.0,1015.0,989.3333333333333,993.3333333333333,207600,-1.0,-1.0,-1.0
2025/02/19,993.3333333333333,999.0,980.6666666666666,992.3333333333333,174600,-1.0,-1.0,-1.0
2025/02/20,997.6666666666666,1010.0,975.0,978.6666666666666,199500,-1.0,-1.0,-1.0
2025/02/21,966.6666666666666,1058.3333333333333,958.6666666666666,1030.0,425100,-1.0,-1.0,-1.0
2025/02/25,993.3333333333333,1021.6666666666666,984.0,985.6666666666666,251400,-1.0,-1.0,-1.0
2025/02/26,986.0,988.6666666666666,970.6666666666666,988.6666666666666,156600,-1.0,-1.0,-1.0
2025/02/27,1006.6666666666666,1056.6666666666665,1000.0,1051.6666666666665,351000,-1.0,-1.0,-1.0
2025/02/28,1053.3333333333333,1063.3333333333333,1038.3333333333333,1041.6666666666665,321300,-1.0,-1.0,-1.0
2025/03/03,1061.6666666666665,1061.6666666666665,1033.3333333333333,1046.6666666666665,306300,-1.0,-1.0,-1.0
2025/03/04,1043.3333333333333,1053.3333333333333,1028.3333333333333,1048.3333333333333,231000,-1.0,-1.0,-1.0
2025/03/05,1056.6666666666665,1060.0,1023.3333333333333,1041.6666666666665,303300,-1.0,-1.0,-1.0
2025/03/06,1046.6666666666665,1046.6666666666665,975.3333333333333,984.6666666666666,336600,-1.0,-1.0,-1.0
2025/03/07,968.0,971.3333333333333,940.0,948.6666666666666,358800,-1.0,-1.0,-1.0
2025/03/10,946.6666666666666,946.6666666666666,920.0,932.6666666666666,300600,-1.0,-1.0,-1.0
2025/03/11,912.6666666666666,913.3333333333333,893.3333333333333,902.0,231300,-1.0,-1.0,-1.0
2025/03/12,902.0,945.6666666666666,902.0,937.0,282000,-1.0,-1.0,-1.0
2025/03/13,932.3333333333333,932.3333333333333,898.3333333333333,906.6666666666666,284100,-1.0,-1.0,-1.0
2025/03/14,906.6666666666666,939.0,903.6666666666666,931.3333333333333,169500,-1.0,-1.0,-1.0
2025/03/17,936.3333333333333,936.3333333333333,919.6666666666666,929.3333333333333,174600,-1.0,-1.0,-1.0
2025/03/18,933.3333333333333,958.6666666666666,928.6666666666666,958.6666666666666,176700,-1.0,-1.0,-1.0
2025/03/19,962.3333333333333,968.0,954.3333333333333,959.3333333333333,157800,-1.0,-1.0,-1.0
2025/03/21,951.6666666666666,992.6666666666666,951.6666666666666,982.0,173700,-1.0,-1.0,-1.0
2025/03/24,1005.0,1036.6666666666665,997.6666666666666,1036.6666666666665,234300,-1.0,-1.0,-1.0
2025/03/25,1040.0,1045.0,1011.6666666666666,1028.3333333333333,219900,-1.0,-1.0,-1.0
2025/03/26,1031.6666666666665,1081.6666666666665,1020.0,1061.6666666666665,286500,-1.0,-1.0,-1.0
2025/03/27,1040.0,1053.3333333333333,1023.3333333333333,1053.3333333333333,202800,-1.0,-1.0,-1.0
2025/03/28,1035.0,1055.0,1035.0,1053.3333333333333,153000,-1.0,-1.0,-1.0
2025/03/31,1040.0,1053.3333333333333,1011.6666666666666,1038.3333333333333,176400,-1.0,-1.0,-1.0
2025/04/01,1038.3333333333333,1075.0,1038.3333333333333,1068.3333333333333,291600,-1.0,-1.0,-1.0
2025/04/02,1080.0,1080.0,1051.6666666666665,1080.0,162000,-1.0,-1.0,-1.0
2025/04/03,1035.0,1053.3333333333333,1016.6666666666666,1033.3333333333333,221400,-1.0,-1.0,-1.0
2025/04/04,1010.0,1010.0,957.3333333333333,998.3333333333333,256500,-1.0,-1.0,-1.0
2025/04/07,931.6666666666666,980.0,905.3333333333333,951.3333333333333,438600,-1.0,-1.0,-1.0
2025/04/08,983.0,1013.3333333333333,976.0,1005.0,210600,-1.0,-1.0,-1.0
2025/04/09,997.3333333333333,997.3333333333333,938.3333333333333,964.6666666666666,256200,-1.0,-1.0,-1.0
2025/04/10,1038.3333333333333,1046.6666666666665,1015.0,1033.3333333333333,148800,-1.0,-1.0,-1.0
2025/04/11,1030.0,1033.3333333333333,993.0,1033.3333333333333,131100,-1.0,-1.0,-1.0
2025/04/14,1033.3333333333333,1046.6666666666665,1023.3333333333333,1035.0,173700,-1.0,-1.0,-1.0
2025/04/15,1030.0,1058.3333333333333,1030.0,1040.0,102300,-1.0,-1.0,-1.0
2025/04/16,1056.6666666666665,1090.0,1038.3333333333333,1083.3333333333333,205200,-1.0,-1.0,-1.0
2025/04/17,1093.3333333333333,1095.0,1068.3333333333333,1081.6666666666665,145500,-1.0,-1.0,-1.0
2025/04/18,1088.3333333333333,1161.6666666666665,1088.3333333333333,1155.0,266100,-1.0,-1.0,-1.0
2025/04/21,1131.6666666666665,1141.6666666666665,1123.3333333333333,1123.3333333333333,152100,-1.0,-1.0,-1.0
2025/04/22,1123.3333333333333,1150.0,1106.6666666666665,1115.0,139800,-1.0,-1.0,-1.0
2025/04/23,1128.3333333333333,1143.3333333333333,1115.0,1120.0,134400,-1.0,-1.0,-1.0
2025/04/24,1115.0,1123.3333333333333,1080.0,1091.6666666666665,111300,-1.0,-1.0,-1.0
2025/04/25,1098.3333333333333,1110.0,1091.6666666666665,1093.3333333333333,85500,-1.0,-1.0,-1.0
2025/04/28,1101.6666666666665,1123.3333333333333,1090.0,1090.0,147300,-1.0,-1.0,-1.0
2025/04/30,1091.6666666666665,1178.3333333333333,1083.3333333333333,1160.0,346500,-1.0,-1.0,-1.0
2025/05/01,1158.3333333333333,1160.0,1125.0,1138.3333333333333,154500,-1.0,-1.0,-1.0
2025/05/02,1128.3333333333333,1148.3333333333333,1116.6666666666665,1145.0,114900,-1.0,-1.0,-1.0
2025/05/07,1150.0,1173.3333333333333,1128.3333333333333,1141.6666666666665,247800,-1.0,-1.0,-1.0
2025/05/08,1141.6666666666665,1156.6666666666665,1116.6666666666665,1145.0,227100,-1.0,-1.0,-1.0
2025/05/09,1125.0,1163.3333333333333,1115.0,1131.6666666666665,185400,-1.0,-1.0,-1.0
2025/05/12,1038.3333333333333,1090.0,1000.0,1035.0,787200,-1.0,-1.0,-1.0
2025/05/13,1035.0,1041.6666666666665,997.3333333333333,1001.6666666666666,381900,-1.0,-1.0,-1.0
2025/05/14,993.6666666666666,1005.0,971.6666666666666,988.6666666666666,272400,-1.0,-1.0,-1.0
2025/05/15,979.0,1021.6666666666666,976.6666666666666,1005.0,347100,-1.0,-1.0,-1.0
2025/05/16,996.6666666666666,1045.0,995.6666666666666,1020.0,235200,-1.0,-1.0,-1.0
2025/05/19,1010.0,1013.3333333333333,986.6666666666666,1001.6666666666666,207900,-1.0,-1.0,-1.0
2025/05/20,997.3333333333333,999.3333333333333,980.0,980.0,194400,-1.0,-1.0,-1.0
2025/05/21,975.0,980.3333333333333,962.3333333333333,963.0,120000,-1.0,-1.0,-1.0
2025/05/22,958.3333333333333,983.3333333333333,953.6666666666666,976.3333333333333,120600,-1.0,-1.0,-1.0
2025/05/23,979.3333333333333,985.0,963.3333333333333,985.0,220500,-1.0,-1.0,-1.0
2025/05/26,983.3333333333333,996.3333333333333,970.6666666666666,974.3333333333333,157500,-1.0,-1.0,-1.0
2025/05/27,982.3333333333333,993.0,977.0,981.3333333333333,168000,-1.0,-1.0,-1.0
2025/05/28,996.6666666666666,1020.0,988.6666666666666,1011.6666666666666,181500,-1.0,-1.0,-1.0
2025/05/29,1023.3333333333333,1031.6666666666665,992.6666666666666,998.6666666666666,225000,-1.0,-1.0,-1.0
2025/05/30,982.0,988.3333333333333,968.0,968.0,319500,-1.0,-1.0,-1.0
2025/06/02,965.3333333333333,985.0,950.6666666666666,979.0,200700,-1.0,-1.0,-1.0
2025/06/03,986.6666666666666,986.6666666666666,960.0,961.6666666666666,135000,-1.0,-1.0,-1.0
2025/06/04,963.3333333333333,983.0,963.3333333333333,978.3333333333333,97200,-1.0,-1.0,-1.0
2025/06/05,977.6666666666666,996.3333333333333,977.6666666666666,992.6666666666666,137700,-1.0,-1.0,-1.0
2025/06/06,1003.3333333333333,1011.6666666666666,995.3333333333333,998.3333333333333,169500,-1.0,-1.0,-1.0
2025/06/09,1001.6666666666666,1023.3333333333333,998.3333333333333,1013.3333333333333,140700,-1.0,-1.0,-1.0
2025/06/10,1005.0,1013.3333333333333,988.6666666666666,993.3333333333333,131400,-1.0,-1.0,-1.0
2025/06/11,986.6666666666666,1008.3333333333333,983.6666666666666,991.3333333333333,142200,-1.0,-1.0,-1.0
2025/06/12,999.3333333333333,999.3333333333333,986.3333333333333,995.0,80100,-1.0,-1.0,-1.0
2025/06/13,999.3333333333333,1001.6666666666666,971.3333333333333,983.0,141900,-1.0,-1.0,-1.0
2025/06/16,996.3333333333333,1013.3333333333333,982.0,1011.6666666666666,210900,-1.0,-1.0,-1.0
2025/06/17,1000.0,1003.3333333333333,989.6666666666666,994.3333333333333,87000,-1.0,-1.0,-1.0
2025/06/18,998.6666666666666,1025.0,996.0,1015.0,179100,-1.0,-1.0,-1.0
2025/06/19,996.3333333333333,1023.3333333333333,996.3333333333333,1011.6666666666666,168900,-1.0,-1.0,-1.0
2025/06/20,1010.0,1031.6666666666665,1003.3333333333333,1006.6666666666666,402600,-1.0,-1.0,-1.0
2025/06/23,1000.0,1018.3333333333333,992.6666666666666,1016.6666666666666,106500,-1.0,-1.0,-1.0
2025/06/24,1025.0,1026.6666666666665,998.3333333333333,1013.3333333333333,94200,-1.0,-1.0,-1.0
2025/06/25,1006.6666666666666,1025.0,989.3333333333333,1013.3333333333333,152400,-1.0,-1.0,-1.0
2025/06/26,1003.3333333333333,1008.3333333333333,994.0,996.6666666666666,129300,-1.0,-1.0,-1.0
2025/06/27,999.6666666666666,1011.6666666666666,999.6666666666666,1008.3333333333333,113700,-1.0,-1.0,-1.0
2025/06/30,1008.3333333333333,1015.0,1006.6666666666666,1008.3333333333333,136500,-1.0,-1.0,-1.0
2025/07/01,1018.3333333333333,1018.3333333333333,986.6666666666666,986.6666666666666,107100,-1.0,-1.0,-1.0
2025/07/02,970.0,984.0,963.3333333333333,973.0,130800,-1.0,-1.0,-1.0
2025/07/03,973.3333333333333,975.0,960.3333333333333,964.3333333333333,129600,-1.0,-1.0,-1.0
2025/07/04,974.0,974.3333333333333,960.0,964.6666666666666,80400,-1.0,-1.0,-1.0
2025/07/07,961.0,969.3333333333333,959.3333333333333,962.3333333333333,112500,-1.0,-1.0,-1.0
2025/07/08,971.6666666666666,978.3333333333333,969.3333333333333,970.0,90000,-1.0,-1.0,-1.0
2025/07/09,976.3333333333333,990.6666666666666,975.0,986.3333333333333,99000,-1.0,-1.0,-1.0
2025/07/10,986.3333333333333,992.6666666666666,970.3333333333333,975.6666666666666,110700,-1.0,-1.0,-1.0
2025/07/11,984.6666666666666,998.0,984.6666666666666,990.0,98700,-1.0,-1.0,-1.0
2025/07/14,990.0,1005.0,984.3333333333333,986.0,132000,-1.0,-1.0,-1.0
2025/07/15,988.0,991.6666666666666,968.6666666666666,971.0,85500,-1.0,-1.0,-1.0
2025/07/16,966.6666666666666,987.3333333333333,966.6666666666666,972.3333333333333,110400,-1.0,-1.0,-1.0
2025/07/17,976.6666666666666,989.3333333333333,975.0,984.3333333333333,54600,-1.0,-1.0,-1.0
2025/07/18,990.6666666666666,995.0,981.3333333333333,983.3333333333333,68400,-1.0,-1.0,-1.0
2025/07/22,982.3333333333333,989.3333333333333,973.3333333333333,975.3333333333333,97500,-1.0,-1.0,-1.0
2025/07/23,980.0,985.6666666666666,964.3333333333333,985.0,110400,-1.0,-1.0,-1.0
2025/07/24,988.3333333333333,995.0,980.0,983.3333333333333,67800,-1.0,-1.0,-1.0
2025/07/25,993.3333333333333,1003.3333333333333,982.6666666666666,982.6666666666666,126000,-1.0,-1.0,-1.0
2025/07/28,984.0,984.0,970.0,973.0,64500,-1.0,-1.0,-1.0
2025/07/29,978.0,999.6666666666666,976.6666666666666,996.3333333333333,116700,-1.0,-1.0,-1.0
2025/07/30,996.3333333333333,1001.6666666666666,986.6666666666666,1001.6666666666666,95700,-1.0,-1.0,-1.0
2025/07/31,1001.6666666666666,1001.6666666666666,989.3333333333333,999.3333333333333,62700,-1.0,-1.0,-1.0
2025/08/01,999.3333333333333,1010.0,997.3333333333333,1006.6666666666666,70800,-1.0,-1.0,-1.0
2025/08/04,1000.0,1008.3333333333333,994.3333333333333,1006.6666666666666,84900,-1.0,-1.0,-1.0
2025/08/05,1021.6666666666666,1043.3333333333333,1016.6666666666666,1020.0,143700,-1.0,-1.0,-1.0
2025/08/06,1030.0,1036.6666666666665,1021.6666666666666,1035.0,118500,-1.0,-1.0,-1.0
2025/08/07,1031.6666666666665,1053.3333333333333,1031.6666666666665,1053.3333333333333,109500,-1.0,-1.0,-1.0
2025/08/08,1048.3333333333333,1051.6666666666665,1033.3333333333333,1033.3333333333333,233400,-1.0,-1.0,-1.0
2025/08/12,1010.0,1056.6666666666665,958.0,959.3333333333333,583500,-1.0,-1.0,-1.0
2025/08/13,964.3333333333333,978.0,960.3333333333333,969.6666666666666,176700,-1.0,-1.0,-1.0
2025/08/14,969.6666666666666,975.6666666666666,956.6666666666666,968.0,174900,-1.0,-1.0,-1.0
2025/08/15,971.0,971.0,954.3333333333333,958.3333333333333,173400,-1.0,-1.0,-1.0
2025/08/18,969.3333333333333,1018.3333333333333,963.6666666666666,1006.6666666666666,275100,-1.0,-1.0,-1.0
2025/08/19,1016.6666666666666,1043.3333333333333,1011.6666666666666,1040.0,186000,-1.0,-1.0,-1.0
2025/08/20,1035.0,1050.0,1033.3333333333333,1040.0,157500,-1.0,-1.0,-1.0
2025/08/21,1045.0,1045.0,1025.0,1038.3333333333333,104100,-1.0,-1.0,-1.0
2025/08/22,1041.6666666666665,1045.0,1033.3333333333333,1040.0,93300,-1.0,-1.0,-1.0
2025/08/25,1041.6666666666665,1053.3333333333333,1035.0,1046.6666666666665,210600,-1.0,-1.0,-1.0
2025/08/26,1046.6666666666665,1046.6666666666665,1005.0,1008.3333333333333,180000,-1.0,-1.0,-1.0
2025/08/27,1008.3333333333333,1008.3333333333333,996.0,1000.0,210600,-1.0,-1.0,-1.0
2025/08/28,1008.3333333333333,1008.3333333333333,990.3333333333333,1008.3333333333333,167700,-1.0,-1.0,-1.0
2025/08/29,1006.6666666666666,1006.6666666666666,992.0,999.3333333333333,157800,-1.0,-1.0,-1.0
2025/09/01,998.3333333333333,1005.0,965.0,971.3333333333333,436200,-1.0,-1.0,-1.0
2025/09/02,971.6666666666666,976.0,921.6666666666666,924.3333333333333,504300,-1.0,-1.0,-1.0
2025/09/03,923.3333333333333,948.6666666666666,923.3333333333333,936.6666666666666,460200,-1.0,-1.0,-1.0
2025/09/04,936.6666666666666,961.6666666666666,936.6666666666666,955.0,232500,-1.0,-1.0,-1.0
2025/09/05,950.6666666666666,958.3333333333333,941.6666666666666,954.0,217800,-1.0,-1.0,-1.0
2025/09/08,960.0,968.3333333333333,956.6666666666666,963.3333333333333,220200,-1.0,-1.0,-1.0
2025/09/09,963.3333333333333,980.0,961.0,975.0,323700,-1.0,-1.0,-1.0
2025/09/10,980.6666666666666,1030.0,980.3333333333333,1030.0,487800,-1.0,-1.0,-1.0
2025/09/11,1030.0,1030.0,984.3333333333333,987.0,359100,-1.0,-1.0,-1.0
2025/09/12,987.0,987.0,967.0,969.6666666666666,268200,-1.0,-1.0,-1.0
2025/09/16,967.3333333333333,972.6666666666666,950.3333333333333,965.0,309900,-1.0,-1.0,-1.0
2025/09/17,959.3333333333333,972.6666666666666,958.3333333333333,964.6666666666666,212400,-1.0,-1.0,-1.0
2025/09/18,963.3333333333333,980.0,963.3333333333333,972.0,143700,-1.0,-1.0,-1.0
2025/09/19,972.0,972.0,934.6666666666666,935.0,313800,-1.0,-1.0,-1.0
2025/09/22,943.3333333333333,948.3333333333333,928.6666666666666,928.6666666666666,211800,-1.0,-1.0,-1.0
2025/09/24,933.6666666666666,935.3333333333333,927.0,928.0,122700,-1.0,-1.0,-1.0
2025/09/25,933.0,942.6666666666666,924.3333333333333,928.6666666666666,153300,-1.0,-1.0,-1.0
2025/09/26,926.3333333333333,940.0,925.0,932.0,131700,-1.0,-1.0,-1.0
2025/09/29,916.6666666666666,916.6666666666666,896.6666666666666,897.6666666666666,273000,-1.0,-1.0,-1.0
2025/09/30,900.6666666666666,908.0,891.6666666666666,899.6666666666666,156300,-1.0,-1.0,-1.0
2025/10/01,892.0,896.3333333333333,873.3333333333333,877.3333333333333,320400,-1.0,-1.0,-1.0
2025/10/02,883.6666666666666,888.0,872.0,880.3333333333333,149700,-1.0,-1.0,-1.0
2025/10/03,880.3333333333333,902.0,873.3333333333333,897.3333333333333,150900,-1.0,-1.0,-1.0
2025/10/06,910.6666666666666,920.3333333333333,902.0,918.0,172200,-1.0,-1.0,-1.0
2025/10/07,912.0,928.6666666666666,912.0,922.6666666666666,135000,-1.0,-1.0,-1.0
2025/10/08,918.3333333333333,929.3333333333333,916.6666666666666,916.6666666666666,97500,-1.0,-1.0,-1.0
2025/10/09,910.6666666666666,918.3333333333333,893.0,895.0,129900,-1.0,-1.0,-1.0
2025/10/10,895.0,913.0,882.6666666666666,890.3333333333333,192300,-1.0,-1.0,-1.0
2025/10/14,875.3333333333333,884.3333333333333,867.0,874.6666666666666,172200,-1.0,-1.0,-1.0
2025/10/15,879.6666666666666,887.0,871.3333333333333,878.6666666666666,102300,-1.0,-1.0,-1.0
2025/10/16,882.3333333333333,888.6666666666666,869.6666666666666,876.6666666666666,84000,-1.0,-1.0,-1.0
2025/10/17,869.6666666666666,873.3333333333333,859.0,867.6666666666666,111000,-1.0,-1.0,-1.0
2025/10/20,878.6666666666666,891.0,878.0,890.6666666666666,106500,-1.0,-1.0,-1.0
2025/10/21,891.3333333333333,898.6666666666666,883.6666666666666,893.3333333333333,93300,-1.0,-1.0,-1.0
2025/10/22,893.6666666666666,901.3333333333333,893.6666666666666,897.0,56700,-1.0,-1.0,-1.0
2025/10/23,897.0,898.0,881.6666666666666,881.6666666666666,89400,-1.0,-1.0,-1.0
2025/10/24,882.0,882.0,872.3333333333333,874.0,94500,-1.0,-1.0,-1.0
2025/10/27,884.6666666666666,894.3333333333333,876.3333333333333,884.0,100200,-1.0,-1.0,-1.0
2025/10/28,881.6666666666666,881.6666666666666,856.6666666666666,858.6666666666666,140100,-1.0,-1.0,-1.0
2025/10/29,864.6666666666666,870.0,855.0,859.3333333333333,216900,-1.0,-1.0,-1.0
2025/10/30,854.3333333333333,865.3333333333333,854.3333333333333,859.3333333333333,152400,-1.0,-1.0,-1.0
2025/10/31,872.0,880.6666666666666,867.3333333333333,876.6666666666666,214500,-1.0,-1.0,-1.0
2025/11/04,876.6666666666666,888.6666666666666,873.3333333333333,883.3333333333333,137100,-1.0,-1.0,-1.0
2025/11/05,892.6666666666666,892.6666666666666,867.6666666666666,876.0,167100,-1.0,-1.0,-1.0
2025/11/06,876.0,885.6666666666666,869.0,869.6666666666666,108600,-1.0,-1.0,-1.0
2025/11/07,867.3333333333333,884.3333333333333,867.3333333333333,884.3333333333333,72300,-1.0,-1.0,-1.0
2025/11/10,882.0,893.3333333333333,880.6666666666666,890.3333333333333,117300,-1.0,-1.0,-1.0
2025/11/11,898.6666666666666,901.6666666666666,888.6666666666666,898.3333333333333,144000,-1.0,-1.0,-1.0
2025/11/12,898.3333333333333,926.0,896.0,908.0,331200,-1.0,-1.0,-1.0
2025/11/13,920.6666666666666,924.3333333333333,881.0,910.3333333333333,449100,-1.0,-1.0,-1.0
2025/11/14,906.3333333333333,911.0,881.0,884.0,293700,-1.0,-1.0,-1.0
2025/11/17,880.3333333333333,887.0,864.3333333333333,865.3333333333333,185400,-1.0,-1.0,-1.0
2025/11/18,858.0,863.6666666666666,847.6666666666666,847.6666666666666,164400,-1.0,-1.0,-1.0
2025/11/19,839.6666666666666,859.6666666666666,839.6666666666666,844.0,116100,-1.0,-1.0,-1.0
2025/11/20,845.0,858.3333333333333,845.0,850.3333333333333,98400,-1.0,-1.0,-1.0
2025/11/21,840.0,873.3333333333333,840.0,873.3333333333333,140100,-1.0,-1.0,-1.0
2025/11/25,874.0,882.0,863.6666666666666,869.3333333333333,108900,-1.0,-1.0,-1.0
2025/11/26,866.6666666666666,901.3333333333333,866.6666666666666,896.0,210900,-1.0,-1.0,-1.0
2025/11/27,890.6666666666666,904.3333333333333,885.0,900.3333333333333,149100,-1.0,-1.0,-1.0
2025/11/28,900.0,906.3333333333333,892.3333333333333,895.6666666666666,166500,-1.0,-1.0,-1.0
2025/12/01,893.3333333333333,902.0,879.0,882.0,180900,-1.0,-1.0,-1.0
2025/12/02,882.3333333333333,895.3333333333333,880.6666666666666,892.0,123000,-1.0,-1.0,-1.0
2025/12/03,885.6666666666666,888.3333333333333,867.6666666666666,871.0,204000,-1.0,-1.0,-1.0
2025/12/04,867.0,875.0,862.6666666666666,871.3333333333333,165900,-1.0,-1.0,-1.0
2025/12/05,862.0,867.3333333333333,855.0,860.3333333333333,188400,-1.0,-1.0,-1.0
2025/12/08,869.3333333333333,877.3333333333333,864.0,870.3333333333333,100500,-1.0,-1.0,-1.0
2025/12/09,868.3333333333333,868.3333333333333,856.3333333333333,857.0,135000,-1.0,-1.0,-1.0
2025/12/10,858.6666666666666,864.3333333333333,854.6666666666666,861.0,104100,-1.0,-1.0,-1.0
2025/12/11,861.0,861.6666666666666,830.0,835.0,175800,-1.0,-1.0,-1.0
2025/12/12,851.6666666666666,879.0,851.6666666666666,879.0,190500,-1.0,-1.0,-1.0
2025/12/15,879.6666666666666,900.0,879.6666666666666,886.0,132000,-1.0,-1.0,-1.0
2025/12/16,882.0,892.3333333333333,876.6666666666666,880.6666666666666,144000,-1.0,-1.0,-1.0
2025/12/17,885.3333333333333,895.0,880.6666666666666,893.3333333333333,149400,-1.0,-1.0,-1.0
2025/12/18,887.6666666666666,913.6666666666666,887.6666666666666,909.0,180000,-1.0,-1.0,-1.0
2025/12/19,908.6666666666666,918.3333333333333,902.3333333333333,911.6666666666666,230100,-1.0,-1.0,-1.0
2025/12/22,920.6666666666666,921.3333333333333,893.3333333333333,897.6666666666666,274800,-1.0,-1.0,-1.0
2025/12/23,897.6666666666666,909.3333333333333,894.0,903.0,105000,-1.0,-1.0,-1.0
2025/12/24,895.6666666666666,900.3333333333333,875.0,875.0,115200,-1.0,-1.0,-1.0
2025/12/25,889.3333333333333,891.6666666666666,879.3333333333333,886.0,91800,-1.0,-1.0,-1.0
2025/12/26,886.6666666666666,894.0,881.3333333333333,888.0,144000,-1.0,-1.0,-1.0
2025/12/29,888.0,892.6666666666666,881.6666666666666,890.6666666666666,137400,-1.0,-1.0,-1.0
2025/12/30,890.6666666666666,891.0,881.3333333333333,884.0,97200,-1.0,-1.0,-1.0
2026/01/05,885.6666666666666,902.3333333333333,885.3333333333333,885.3333333333333,157200,-1.0,-1.0,-1.0
2026/01/06,891.3333333333333,894.0,881.6666666666666,884.6666666666666,111600,-1.0,-1.0,-1.0
2026/01/07,886.3333333333333,893.0,876.6666666666666,890.6666666666666,123900,-1.0,-1.0,-1.0
2026/01/08,891.3333333333333,896.0,886.6666666666666,889.0,85200,-1.0,-1.0,-1.0
2026/01/09,896.6666666666666,904.3333333333333,886.6666666666666,887.3333333333333,198300,-1.0,-1.0,-1.0
2026/01/13,889.6666666666666,893.6666666666666,875.3333333333333,887.0,211200,-1.0,-1.0,-1.0
2026/01/14,887.0,897.6666666666666,885.0,886.0,97200,-1.0,-1.0,-1.0
2026/01/15,885.0,898.3333333333333,883.3333333333333,896.0,135600,-1.0,-1.0,-1.0
2026/01/16,893.6666666666666,898.6666666666666,885.6666666666666,892.0,92100,-1.0,-1.0,-1.0
2026/01/19,895.3333333333333,900.0,892.6666666666666,892.6666666666666,77100,-1.0,-1.0,-1.0
2026/01/20,888.6666666666666,893.3333333333333,881.6666666666666,882.3333333333333,81000,-1.0,-1.0,-1.0
2026/01/21,876.6666666666666,880.0,864.3333333333333,868.0,186000,-1.0,-1.0,-1.0
2026/01/22,869.3333333333333,875.0,866.6666666666666,868.0,109800,-1.0,-1.0,-1.0
2026/01/23,881.3333333333333,897.6666666666666,880.0,888.3333333333333,231000,-1.0,-1.0,-1.0
2026/01/26,877.6666666666666,882.6666666666666,871.6666666666666,873.3333333333333,232500,-1.0,-1.0,-1.0
2026/01/27,874.3333333333333,875.3333333333333,864.0,873.0,117900,-1.0,-1.0,-1.0
2026/01/28,866.6666666666666,866.6666666666666,855.0,858.6666666666666,129300,-1.0,-1.0,-1.0
2026/01/29,857.3333333333333,865.3333333333333,842.0,849.6666666666666,142800,-1.0,-1.0,-1.0
2026/01/30,849.6666666666666,857.3333333333333,845.3333333333333,849.0,125400,-1.0,-1.0,-1.0
2026/02/02,862.3333333333333,862.3333333333333,835.3333333333333,835.3333333333333,169800,-1.0,-1.0,-1.0
2026/02/03,837.3333333333333,858.0,837.3333333333333,854.3333333333333,118200,-1.0,-1.0,-1.0
2026/02/04,846.0,863.3333333333333,838.0,840.3333333333333,382800,-1.0,-1.0,-1.0
2026/02/05,841.6666666666666,849.6666666666666,837.0,845.6666666666666,205200,-1.0,-1.0,-1.0
2026/02/06,839.3333333333333,841.0,826.6666666666666,834.0,401700,-1.0,-1.0,-1.0
2026/02/09,849.6666666666666,855.0,843.0,843.6666666666666,250200,-1.0,-1.0,-1.0
2026/02/10,883.6666666666666,921.0,880.3333333333333,915.0,722100,-1.0,-1.0,-1.0
2026/02/12,920.3333333333333,939.6666666666666,916.6666666666666,926.0,318300,-1.0,-1.0,-1.0
2026/02/13,927.0,929.3333333333333,902.3333333333333,905.3333333333333,178800,-1.0,-1.0,-1.0
2026/02/16,909.6666666666666,929.0,908.3333333333333,924.6666666666666,177300,-1.0,-1.0,-1.0
2026/02/17,921.3333333333333,958.0,916.6666666666666,957.6666666666666,281400,-1.0,-1.0,-1.0
2026/02/18,974.3333333333333,1021.6666666666666,966.6666666666666,1011.6666666666666,586800,-1.0,-1.0,-1.0
2026/02/19,1011.6666666666666,1028.3333333333333,991.6666666666666,1025.0,473700,-1.0,-1.0,-1.0
2026/02/20,1021.6666666666666,1035.0,1006.6666666666666,1018.3333333333333,376500,-1.0,-1.0,-1.0
2026/02/24,1021.6666666666666,1025.0,996.3333333333333,1011.6666666666666,323400,-1.0,-1.0,-1.0
2026/02/25,1016.6666666666666,1025.0,1000.0,1008.3333333333333,195300,-1.0,-1.0,-1.0
2026/02/26,1008.3333333333333,1020.0,1000.0,1013.3333333333333,270900,-1.0,-1.0,-1.0
2026/02/27,1023.3333333333333,1040.0,1011.6666666666666,1026.6666666666665,317400,-1.0,-1.0,-1.0
2026/03/02,1003.3333333333333,1046.6666666666665,993.3333333333333,1043.3333333333333,247500,-1.0,-1.0,-1.0
2026/03/02,1003.3333333333333,1046.6666666666665,993.3333333333333,1043.3333333333333,247500,-1.0,-1.0,-1.0
2026/03/02,1003.3333333333333,1046.6666666666665,993.3333333333333,1043.3333333333333,247500,-1.0,-1.0,-1.0
2026/03/02,1003.3333333333333,1046.6666666666665,993.3333333333333,1043.3333333333333,247500,-1.0,-1.0,-1.0
2026/03/03,1038.3333333333333,1050.0,998.0,1013.3333333333333,399300,-1.0,-1.0,-1.0
2026/03/04,1008.3333333333333,1008.3333333333333,961.3333333333333,970.6666666666666,461700,-1.0,-1.0,-1.0
2026/03/05,1005.0,1010.0,979.0,991.6666666666666,204900,-1.0,-1.0,-1.0
2026/03/06,983.3333333333333,1023.3333333333333,982.3333333333333,1018.3333333333333,202200,-1.0,-1.0,-1.0
2026/03/09,982.3333333333333,1006.6666666666666,977.0,1000.0,201600,-1.0,-1.0,-1.0
2026/03/10,1023.3333333333333,1036.6666666666665,1006.6666666666666,1033.3333333333333,197400,-1.0,-1.0,-1.0
2026/03/11,1033.3333333333333,1073.3333333333333,1033.3333333333333,1060.0,218700,-1.0,-1.0,-1.0
2026/03/12,1040.0,1048.3333333333333,1021.6666666666666,1035.0,304200,-1.0,-1.0,-1.0
2026/03/13,1020.0,1048.3333333333333,1020.0,1036.6666666666665,109500,-1.0,-1.0,-1.0
2026/03/16,1056.6666666666665,1060.0,1035.0,1041.6666666666665,114300,-1.0,-1.0,-1.0
2026/03/17,1041.6666666666665,1048.3333333333333,1021.6666666666666,1025.0,86100,-1.0,-1.0,-1.0
2026/03/18,1036.6666666666665,1036.6666666666665,1020.0,1033.3333333333333,78600,-1.0,-1.0,-1.0
2026/03/19,1015.0,1026.6666666666665,1005.0,1008.3333333333333,177300,-1.0,-1.0,-1.0
2026/03/23,990.3333333333333,990.3333333333333,961.3333333333333,965.0,227400,-1.0,-1.0,-1.0
2026/03/24,981.6666666666666,986.3333333333333,967.6666666666666,978.3333333333333,170400,-1.0,-1.0,-1.0
2026/03/25,979.6666666666666,993.6666666666666,979.6666666666666,986.3333333333333,275400,-1.0,-1.0,-1.0
2026/03/26,980.0,981.3333333333333,935.6666666666666,945.6666666666666,297300,-1.0,-1.0,-1.0
2026/03/27,944.6666666666666,966.3333333333333,938.3333333333333,960.3333333333333,489900,-1.0,-1.0,-1.0
2026/03/30,925.3333333333333,928.0,901.0,905.3333333333333,270900,-1.0,-1.0,-1.0
2026/03/31,907.3333333333333,919.3333333333333,899.6666666666666,903.6666666666666,202200,-1.0,-1.0,-1.0
2026/04/01,918.6666666666666,933.3333333333333,908.0,933.3333333333333,287700,-1.0,-1.0,-1.0
2026/04/02,938.3333333333333,954.0,927.3333333333333,930.3333333333333,181800,-1.0,-1.0,-1.0
2026/04/03,930.3333333333333,946.3333333333333,930.3333333333333,941.3333333333333,118200,-1.0,-1.0,-1.0
2026/04/06,938.3333333333333,941.6666666666666,920.6666666666666,920.6666666666666,172200,-1.0,-1.0,-1.0
2026/04/07,924.3333333333333,943.3333333333333,924.3333333333333,936.6666666666666,216300,-1.0,-1.0,-1.0
2026/04/08,952.6666666666666,960.3333333333333,950.3333333333333,953.6666666666666,170700,-1.0,-1.0,-1.0
2026/04/09,953.3333333333333,955.3333333333333,938.3333333333333,948.3333333333333,136500,-1.0,-1.0,-1.0
2026/04/10,947.3333333333333,952.0,923.6666666666666,928.3333333333333,225000,-1.0,-1.0,-1.0
2026/04/13,933.3333333333333,956.3333333333333,930.6666666666666,956.3333333333333,278700,-1.0,-1.0,-1.0
2026/04/14,970.6666666666666,973.3333333333333,960.3333333333333,968.3333333333333,181800,-1.0,-1.0,-1.0
2026/04/15,975.0,985.0,960.3333333333333,963.3333333333333,135300,-1.0,-1.0,-1.0
2026/04/16,963.3333333333333,987.6666666666666,963.3333333333333,974.0,85500,-1.0,-1.0,-1.0
2026/04/17,974.0,980.6666666666666,964.6666666666666,965.3333333333333,154800,-1.0,-1.0,-1.0
2026/04/20,966.6666666666666,973.3333333333333,950.3333333333333,960.6666666666666,132900,-1.0,-1.0,-1.0
2026/04/21,965.0,971.6666666666666,945.6666666666666,945.6666666666666,153900,-1.0,-1.0,-1.0
2026/04/22,944.6666666666666,947.3333333333333,933.6666666666666,937.6666666666666,98400,-1.0,-1.0,-1.0
2026/04/23,938.3333333333333,941.6666666666666,918.3333333333333,934.6666666666666,261600,-1.0,-1.0,-1.0
2026/04/24,926.0,942.3333333333333,921.0,936.0,180000,-1.0,-1.0,-1.0
2026/04/27,936.6666666666666,948.6666666666666,912.0,918.0,246600,-1.0,-1.0,-1.0
2026/04/28,919.6666666666666,920.6666666666666,908.0,919.3333333333333,180300,-1.0,-1.0,-1.0
2026/04/30,907.3333333333333,921.3333333333333,895.0,919.3333333333333,204000,-1.0,-1.0,-1.0
2026/05/01,926.6666666666666,926.6666666666666,905.0,908.6666666666666,137100,-1.0,-1.0,-1.0
2026/05/07,922.3333333333333,941.3333333333333,914.0,916.6666666666666,284700,-1.0,-1.0,-1.0
2026/05/08,929.0,943.3333333333333,927.0,937.0,174300,-1.0,-1.0,-1.0
2026/05/11,944.0,952.0,929.6666666666666,929.6666666666666,153000,-1.0,-1.0,-1.0
2026/05/12,929.6666666666666,938.0,922.3333333333333,924.6666666666666,99900,-1.0,-1.0,-1.0
2026/05/13,924.6666666666666,930.3333333333333,904.0,904.0,290100,-1.0,-1.0,-1.0
2026/05/14,954.0,1010.0,949.0,982.0,1149900,-1.0,-1.0,-1.0
2026/05/15,998.6666666666666,1001.6666666666666,962.6666666666666,998.0,439200,-1.0,-1.0,-1.0
2026/05/18,998.3333333333333,1005.0,978.3333333333333,989.6666666666666,267600,-1.0,-1.0,-1.0
2026/05/19,984.6666666666666,1006.6666666666666,983.6666666666666,1001.6666666666666,260100,-1.0,-1.0,-1.0
2026/05/20,1001.6666666666666,1030.0,977.0,1026.6666666666665,379800,-1.0,-1.0,-1.0
2026/05/21,1050.0,1130.0,1050.0,1116.6666666666665,583200,-1.0,-1.0,-1.0
2026/05/22,1100.0,1115.0,1091.6666666666665,1106.6666666666665,323700,-1.0,-1.0,-1.0
2026/05/25,1100.0,1100.0,1048.3333333333333,1068.3333333333333,237600,-1.0,-1.0,-1.0
2026/05/26,1075.0,1088.3333333333333,1068.3333333333333,1085.0,161400,-1.0,-1.0,-1.0
2026/05/27,1085.0,1095.0,1050.0,1058.3333333333333,208800,-1.0,-1.0,-1.0
2026/05/28,1058.3333333333333,1066.6666666666665,1028.3333333333333,1048.3333333333333,247500,-1.0,-1.0,-1.0
2026/05/29,1053.3333333333333,1091.6666666666665,1053.3333333333333,1053.3333333333333,175500,-1.0,-1.0,-1.0
2026/06/01,1046.6666666666665,1103.3333333333333,1041.6666666666665,1093.3333333333333,247500,-1.0,-1.0,-1.0
2026/06/02,1070.0,1070.0,1023.3333333333333,1043.3333333333333,197700,-1.0,-1.0,-1.0
2026/06/03,1043.3333333333333,1046.6666666666665,1010.0,1021.6666666666666,198600,-1.0,-1.0,-1.0
2026/06/04,1010.0,1025.0,1001.6666666666666,1001.6666666666666,151200,-1.0,-1.0,-1.0
2026/06/05,1010.0,1046.6666666666665,1010.0,1021.6666666666666,142500,-1.0,-1.0,-1.0
2026/06/08,1001.6666666666666,1026.6666666666665,995.0,1011.6666666666666,208200,-1.0,-1.0,-1.0
2026/06/09,1033.3333333333333,1041.6666666666665,1015.0,1020.0,185700,-1.0,-1.0,-1.0
2026/06/10,1008.3333333333333,1013.3333333333333,991.6666666666666,1006.6666666666666,171300,-1.0,-1.0,-1.0
2026/06/11,993.6666666666666,1005.0,977.3333333333333,977.3333333333333,145500,-1.0,-1.0,-1.0
2026/06/12,972.0,976.6666666666666,961.3333333333333,971.3333333333333,200700,-1.0,-1.0,-1.0
2026/06/15,979.3333333333333,979.3333333333333,938.3333333333333,945.0,183600,-1.0,-1.0,-1.0
2026/06/16,941.6666666666666,951.3333333333333,932.0,938.3333333333333,227100,-1.0,-1.0,-1.0
2026/06/17,932.6666666666666,953.0,932.6666666666666,937.6666666666666,102000,-1.0,-1.0,-1.0
2026/06/18,937.6666666666666,947.0,931.6666666666666,939.0,152700,-1.0,-1.0,-1.0
2026/06/19,943.0,947.6666666666666,933.3333333333333,942.3333333333333,668700,-1.0,-1.0,-1.0
2026/06/22,934.6666666666666,952.3333333333333,929.3333333333333,945.6666666666666,139200,-1.0,-1.0,-1.0
2026/06/23,942.0,948.6666666666666,933.3333333333333,937.0,127500,-1.0,-1.0,-1.0
2026/06/24,933.6666666666666,947.3333333333333,931.0,939.0,207900,-1.0,-1.0,-1.0
2026/06/25,939.6666666666666,961.3333333333333,933.6666666666666,953.0,180000,-1.0,-1.0,-1.0
2026/06/26,951.3333333333333,960.6666666666666,948.3333333333333,958.0,719400,-1.0,-1.0,-1.0
2026/06/29,964.6666666666666,985.0,954.6666666666666,974.6666666666666,182100,-1.0,-1.0,-1.0
2026/06/30,966.6666666666666,966.6666666666666,943.3333333333333,961.6666666666666,203400,-1.0,-1.0,-1.0
2026/07/01,963.6666666666666,972.3333333333333,956.3333333333333,968.0,141300,-1.0,-1.0,-1.0
2026/07/02,979.3333333333333,998.3333333333333,978.0,986.6666666666666,202800,-1.0,-1.0,-1.0
2026/07/03,1015.0,1045.0,1011.6666666666666,1028.3333333333333,385200,-1.0,-1.0,-1.0
2026/07/06,1018.3333333333333,1031.6666666666665,1006.6666666666666,1006.6666666666666,177900,-1.0,-1.0,-1.0
2026/07/07,1006.6666666666666,1023.3333333333333,993.6666666666666,997.6666666666666,138300,-1.0,-1.0,-1.0
2026/07/08,1005.0,1005.0,981.0,983.0,133200,-1.0,-1.0,-1.0
2026/07/09,982.6666666666666,987.0,970.3333333333333,975.3333333333333,102000,-1.0,-1.0,-1.0
2026/07/10,977.3333333333333,979.0,971.0,971.6666666666666,98400,-1.0,-1.0,-1.0
2026/07/13,975.6666666666666,982.0,964.6666666666666,969.0,131100,-1.0,-1.0,-1.0
2026/07/14,963.3333333333333,969.3333333333333,951.6666666666666,959.0,225000,-1.0,-1.0,-1.0
2026/07/15,974.0,981.6666666666666,953.3333333333333,974.3333333333333,155100,-1.0,-1.0,-1.0
2026/07/16,971.6666666666666,975.3333333333333,956.3333333333333,956.3333333333333,138600,-1.0,-1.0,-1.0
2026/07/17,959.6666666666666,972.3333333333333,948.6666666666666,960.6666666666666,231000,-1.0,-1.0,-1.0
2026/07/21,969.3333333333333,971.6666666666666,958.3333333333333,963.3333333333333,165000,-1.0,-1.0,-1.0
2026/07/22,980.0,980.0,960.3333333333333,963.6666666666666,235500,-1.0,-1.0,-1.0
2026/07/23,960.0,971.0,952.3333333333333,966.0,189300,-1.0,-1.0,-1.0
2026/07/24,965.3333333333333,971.0,956.3333333333333,968.3333333333333,174900,-1.0,-1.0,-1.0
2026/07/27,980.0,992.0,980.0,986.0,144300,-1.0,-1.0,-1.0
2026/07/28,992.6666666666666,992.6666666666666,973.3333333333333,977.3333333333333,135300,-1.0,-1.0,-1.0
2026/07/29,978.3333333333333,1010.0,977.0,1006.6666666666666,210000,-1.0,-1.0,-1.0
2026/07/30,993.3333333333333,1030.0,993.3333333333333,1015.0,232500,-1.0,-1.0,-1.0
2026/07/31,1016.6666666666666,1023.3333333333333,1003.3333333333333,1016.6666666666666,212700,-1.0,-1.0,-1.0
2026/08/03,1006.6666666666666,1031.6666666666665,996.3333333333333,1025.0,162000,-1.0,-1.0,-1.0
2026/08/04,1035.0,1043.3333333333333,1006.6666666666666,1006.6666666666666,131400,-1.0,-1.0,-1.0
2026/08/05,1008.3333333333333,1025.0,1008.3333333333333,1015.0,140700,-1.0,-1.0,-1.0
2026/08/06,1020.0,1041.6666666666665,1020.0,1040.0,141600,-1.0,-1.0,-1.0
2026/08/07,1051.6666666666665,1073.3333333333333,1041.6666666666665,1066.6666666666665,197400,-1.0,-1.0,-1.0
2026/08/10,1073.3333333333333,1086.6666666666665,1065.0,1078.3333333333333,201300,-1.0,-1.0,-1.0
2026/08/12,1078.3333333333333,1090.0,1068.3333333333333,1076.6666666666665,282300,-1.0,-1.0,-1.0
2026/08/13,1100.0,1125.0,1070.0,1100.0,535500,-1.0,-1.0,-1.0
2026/08/14,1100.0,1155.0,1080.0,1120.0,480900,-1.0,-1.0,-1.0
2026/08/17,1113.3333333333333,1173.3333333333333,1095.0,1140.0,395700,-1.0,-1.0,-1.0
2026/08/18,1125.0,1151.6666666666665,1116.6666666666665,1135.0,172200,-1.0,-1.0,-1.0
2026/08/19,1126.6666666666665,1138.3333333333333,1098.3333333333333,1101.6666666666665,257100,-1.0,-1.0,-1.0
2026/08/20,1125.0,1213.3333333333333,1123.3333333333333,1203.3333333333333,501300,-1.0,-1.0,-1.0
2026/08/21,1208.3333333333333,1273.3333333333333,1203.3333333333333,1243.3333333333333,815400,-1.0,-1.0,-1.0
2026/08/24,1246.6666666666665,1293.3333333333333,1246.6666666666665,1273.3333333333333,549000,-1.0,-1.0,-1.0
2026/08/25,1276.6666666666665,1288.3333333333333,1230.0,1265.0,459000,-1.0,-1.0,-1.0
2026/08/26,1266.6666666666665,1318.3333333333333,1266.6666666666665,1288.3333333333333,457200,-1.0,-1.0,-1.0
2026/08/27,1286.6666666666665,1303.3333333333333,1260.0,1283.3333333333333,312000,-1.0,-1.0,-1.0
2026/08/28,1296.6666666666665,1318.3333333333333,1285.0,1290.0,313500,-1.0,-1.0,-1.0
2026/08/31,1313.3333333333333,1331.6666666666665,1280.0,1320.0,300300,-1.0,-1.0,-1.0
2026/09/01,1328.3333333333333,1341.6666666666665,1316.6666666666665,1328.3333333333333,273000,-1.0,-1.0,-1.0
2026/09/02,1308.3333333333333,1321.6666666666665,1266.6666666666665,1276.6666666666665,361800,-1.0,-1.0,-1.0
2026/09/03,1266.6666666666665,1271.6666666666665,1225.0,1226.6666666666665,465900,-1.0,-1.0,-1.0
2026/09/04,1226.6666666666665,1236.6666666666665,1206.6666666666665,1228.3333333333333,237900,-1.0,-1.0,-1.0
2026/09/07,1226.6666666666665,1228.3333333333333,1176.6666666666665,1183.3333333333333,323400,-1.0,-1.0,-1.0
2026/09/08,1188.3333333333333,1193.3333333333333,1160.0,1160.0,190500,-1.0,-1.0,-1.0
2026/09/09,1160.0,1163.3333333333333,1123.3333333333333,1126.6666666666665,261000,-1.0,-1.0,-1.0
2026/09/10,1126.6666666666665,1140.0,1111.6666666666665,1126.6666666666665,241500,-1.0,-1.0,-1.0
2026/09/11,1115.0,1150.0,1100.0,1140.0,234900,-1.0,-1.0,-1.0
2026/09/14,1150.0,1203.3333333333333,1143.3333333333333,1196.6666666666665,239400,-1.0,-1.0,-1.0
2026/09/15,1210.0,1243.3333333333333,1200.0,1231.6666666666665,381000,-1.0,-1.0,-1.0
2026/09/16,1233.3333333333333,1250.0,1206.6666666666665,1225.0,270600,-1.0,-1.0,-1.0
2026/09/17,1230.0,1308.3333333333333,1230.0,1300.0,314700,-1.0,-1.0,-1.0
2026/09/18,1291.6666666666665,1291.6666666666665,1261.6666666666665,1275.0,260700,-1.0,-1.0,-1.0
2026/09/24,1281.6666666666665,1306.6666666666665,1280.0,1281.6666666666665,260700,-1.0,-1.0,-1.0
2026/09/25,1283.3333333333333,1301.6666666666665,1275.0,1286.6666666666665,184200,-1.0,-1.0,-1.0
2026/09/28,3870.0,3955.0,3865.0,3900.0,73200,-1.0,-1.0,-1.0
2026/09/29,1300.0,1305.0,1238.0,1238.0,194400,-1.0,-1.0,-1.0
2026/09/30,1238.0,1270.0,1205.0,1243.0,330400,-1.0,-1.0,-1.0
2026/10/01,1243.0,1300.0,1216.0,1288.0,285700,-1.0,-1.0,-1.0
2026/10/02,1275.0,1323.0,1264.0,1315.0,281200,-1.0,-1.0,-1.0
2026/10/05,1315.0,1329.0,1289.0,1322.0,207900,-1.0,-1.0,-1.0
2026/10/06,1318.0,1350.0,1307.0,1341.0,217700,-1.0,-1.0,-1.0
2026/10/07,1333.0,1336.0,1267.0,1273.0,274800,-1.0,-1.0,-1.0
