date,open,high,low,close,volume,rs_nikkei,rs_topix,rs
2014/03/25,1453.3333333333333,1493.3333333333333,1433.3333333333333,1433.3333333333333,16194000,-1.0,-1.0,-1.0
2014/03/26,1426.6666666666665,1440.0,1396.6666666666665,1410.0,11280000,-1.0,-1.0,-1.0
2014/03/27,1376.6666666666665,1413.3333333333333,1356.6666666666665,1410.0,11448000,-1.0,-1.0,-1.0
2014/03/28,1410.0,1413.3333333333333,1383.3333333333333,1403.3333333333333,9210000,-1.0,-1.0,-1.0
2014/03/31,1423.3333333333333,1433.3333333333333,1410.0,1423.3333333333333,7635000,-1.0,-1.0,-1.0
2014/04/01,1426.6666666666665,1470.0,1426.6666666666665,1450.0,11463000,-1.0,-1.0,-1.0
2014/04/02,1443.3333333333333,1443.3333333333333,1413.3333333333333,1420.0,13233000,-1.0,-1.0,-1.0
2014/04/03,1423.3333333333333,1426.6666666666665,1403.3333333333333,1416.6666666666665,10644000,-1.0,-1.0,-1.0
2014/04/04,1413.3333333333333,1423.3333333333333,1400.0,1413.3333333333333,9546000,-1.0,-1.0,-1.0
2014/04/07,1396.6666666666665,1403.3333333333333,1390.0,1396.6666666666665,5997000,-1.0,-1.0,-1.0
2014/04/08,1396.6666666666665,1480.0,1396.6666666666665,1396.6666666666665,25512000,-1.0,-1.0,-1.0
2014/04/09,1376.6666666666665,1376.6666666666665,1330.0,1350.0,20889000,-1.0,-1.0,-1.0
2014/04/10,1386.6666666666665,1390.0,1360.0,1373.3333333333333,9567000,-1.0,-1.0,-1.0
2014/04/11,1346.6666666666665,1383.3333333333333,1346.6666666666665,1370.0,12999000,-1.0,-1.0,-1.0
2014/04/14,1360.0,1370.0,1350.0,1350.0,9849000,-1.0,-1.0,-1.0
2014/04/15,1366.6666666666665,1380.0,1353.3333333333333,1360.0,14742000,-1.0,-1.0,-1.0
2014/04/16,1356.6666666666665,1376.6666666666665,1346.6666666666665,1373.3333333333333,9246000,-1.0,-1.0,-1.0
2014/04/17,1366.6666666666665,1400.0,1366.6666666666665,1400.0,14313000,-1.0,-1.0,-1.0
2014/04/18,1406.6666666666665,1426.6666666666665,1393.3333333333333,1420.0,8124000,-1.0,-1.0,-1.0
2014/04/21,1423.3333333333333,1433.3333333333333,1410.0,1413.3333333333333,5250000,-1.0,-1.0,-1.0
2014/04/22,1420.0,1430.0,1410.0,1410.0,4338000,-1.0,-1.0,-1.0
2014/04/23,1416.6666666666665,1420.0,1386.6666666666665,1390.0,6036000,-1.0,-1.0,-1.0
2014/04/24,1393.3333333333333,1406.6666666666665,1383.3333333333333,1396.6666666666665,5478000,-1.0,-1.0,-1.0
2014/04/25,1396.6666666666665,1396.6666666666665,1373.3333333333333,1380.0,6756000,-1.0,-1.0,-1.0
2014/04/28,1363.3333333333333,1373.3333333333333,1350.0,1350.0,3687000,-1.0,-1.0,-1.0
2014/04/30,1366.6666666666665,1373.3333333333333,1350.0,1353.3333333333333,7368000,-1.0,-1.0,-1.0
2014/05/01,1360.0,1370.0,1350.0,1363.3333333333333,9114000,-1.0,-1.0,-1.0
2014/05/02,1366.6666666666665,1380.0,1360.0,1366.6666666666665,4005000,-1.0,-1.0,-1.0
2014/05/07,1353.3333333333333,1360.0,1333.3333333333333,1333.3333333333333,8091000,-1.0,-1.0,-1.0
2014/05/08,1340.0,1346.6666666666665,1330.0,1336.6666666666665,7392000,-1.0,-1.0,-1.0
2014/05/09,1330.0,1346.6666666666665,1320.0,1326.6666666666665,7686000,-1.0,-1.0,-1.0
2014/05/12,1330.0,1343.3333333333333,1323.3333333333333,1333.3333333333333,6720000,-1.0,-1.0,-1.0
2014/05/13,1356.6666666666665,1363.3333333333333,1323.3333333333333,1333.3333333333333,10815000,-1.0,-1.0,-1.0
2014/05/14,1310.0,1320.0,1260.0,1276.6666666666665,25518000,-1.0,-1.0,-1.0
2014/05/15,1253.3333333333333,1280.0,1246.6666666666665,1256.6666666666665,15366000,-1.0,-1.0,-1.0
2014/05/16,1250.0,1250.0,1223.3333333333333,1230.0,13290000,-1.0,-1.0,-1.0
2014/05/19,1233.3333333333333,1246.6666666666665,1223.3333333333333,1233.3333333333333,10509000,-1.0,-1.0,-1.0
2014/05/20,1216.6666666666665,1236.6666666666665,1203.3333333333333,1226.6666666666665,12045000,-1.0,-1.0,-1.0
2014/05/21,1210.0,1236.6666666666665,1210.0,1223.3333333333333,9621000,-1.0,-1.0,-1.0
2014/05/22,1240.0,1243.3333333333333,1223.3333333333333,1236.6666666666665,8697000,-1.0,-1.0,-1.0
2014/05/23,1230.0,1233.3333333333333,1216.6666666666665,1216.6666666666665,9234000,-1.0,-1.0,-1.0
2014/05/26,1233.3333333333333,1243.3333333333333,1223.3333333333333,1233.3333333333333,6225000,-1.0,-1.0,-1.0
2014/05/27,1233.3333333333333,1246.6666666666665,1226.6666666666665,1236.6666666666665,5412000,-1.0,-1.0,-1.0
2014/05/28,1236.6666666666665,1246.6666666666665,1230.0,1233.3333333333333,5745000,-1.0,-1.0,-1.0
2014/05/29,1226.6666666666665,1236.6666666666665,1223.3333333333333,1233.3333333333333,4182000,-1.0,-1.0,-1.0
2014/05/30,1230.0,1236.6666666666665,1220.0,1223.3333333333333,7089000,-1.0,-1.0,-1.0
2014/06/02,1226.6666666666665,1266.6666666666665,1226.6666666666665,1256.6666666666665,12294000,-1.0,-1.0,-1.0
2014/06/03,1263.3333333333333,1263.3333333333333,1243.3333333333333,1246.6666666666665,12612000,-1.0,-1.0,-1.0
2014/06/04,1246.6666666666665,1263.3333333333333,1243.3333333333333,1260.0,7269000,-1.0,-1.0,-1.0
2014/06/05,1263.3333333333333,1266.6666666666665,1250.0,1250.0,3462000,-1.0,-1.0,-1.0
2014/06/06,1256.6666666666665,1276.6666666666665,1250.0,1270.0,6963000,-1.0,-1.0,-1.0
2014/06/09,1280.0,1300.0,1280.0,1290.0,7848000,-1.0,-1.0,-1.0
2014/06/10,1296.6666666666665,1296.6666666666665,1276.6666666666665,1276.6666666666665,4833000,-1.0,-1.0,-1.0
2014/06/11,1286.6666666666665,1306.6666666666665,1283.3333333333333,1303.3333333333333,8436000,-1.0,-1.0,-1.0
2014/06/12,1296.6666666666665,1306.6666666666665,1290.0,1300.0,5037000,-1.0,-1.0,-1.0
2014/06/13,1290.0,1300.0,1283.3333333333333,1293.3333333333333,8991000,-1.0,-1.0,-1.0
2014/06/16,1303.3333333333333,1313.3333333333333,1290.0,1293.3333333333333,5559000,-1.0,-1.0,-1.0
2014/06/17,1306.6666666666665,1306.6666666666665,1283.3333333333333,1283.3333333333333,4758000,-1.0,-1.0,-1.0
2014/06/18,1280.0,1290.0,1273.3333333333333,1286.6666666666665,5439000,-1.0,-1.0,-1.0
2014/06/19,1296.6666666666665,1310.0,1290.0,1300.0,6525000,-1.0,-1.0,-1.0
2014/06/20,1290.0,1300.0,1286.6666666666665,1286.6666666666665,6234000,-1.0,-1.0,-1.0
2014/06/23,1290.0,1300.0,1286.6666666666665,1290.0,5037000,-1.0,-1.0,-1.0
2014/06/24,1280.0,1293.3333333333333,1270.0,1286.6666666666665,6426000,-1.0,-1.0,-1.0
2014/06/25,1283.3333333333333,1290.0,1276.6666666666665,1280.0,3660000,-1.0,-1.0,-1.0
2014/06/26,1290.0,1290.0,1280.0,1280.0,2670000,-1.0,-1.0,-1.0
2014/06/27,1273.3333333333333,1283.3333333333333,1263.3333333333333,1263.3333333333333,4839000,-1.0,-1.0,-1.0
2014/06/30,1256.6666666666665,1286.6666666666665,1256.6666666666665,1283.3333333333333,4368000,-1.0,-1.0,-1.0
2014/07/01,1286.6666666666665,1303.3333333333333,1283.3333333333333,1300.0,6024000,-1.0,-1.0,-1.0
2014/07/02,1300.0,1300.0,1270.0,1270.0,9507000,-1.0,-1.0,-1.0
2014/07/03,1273.3333333333333,1280.0,1266.6666666666665,1266.6666666666665,5067000,-1.0,-1.0,-1.0
2014/07/04,1273.3333333333333,1280.0,1270.0,1270.0,2442000,-1.0,-1.0,-1.0
2014/07/07,1266.6666666666665,1270.0,1260.0,1263.3333333333333,3636000,-1.0,-1.0,-1.0
2014/07/08,1256.6666666666665,1260.0,1243.3333333333333,1250.0,6129000,-1.0,-1.0,-1.0
2014/07/09,1243.3333333333333,1246.6666666666665,1230.0,1240.0,10059000,-1.0,-1.0,-1.0
2014/07/10,1250.0,1260.0,1243.3333333333333,1246.6666666666665,8706000,-1.0,-1.0,-1.0
2014/07/11,1230.0,1256.6666666666665,1230.0,1250.0,9375000,-1.0,-1.0,-1.0
2014/07/14,1250.0,1256.6666666666665,1243.3333333333333,1256.6666666666665,3756000,-1.0,-1.0,-1.0
2014/07/15,1236.6666666666665,1246.6666666666665,1233.3333333333333,1233.3333333333333,9165000,-1.0,-1.0,-1.0
2014/07/16,1226.6666666666665,1240.0,1226.6666666666665,1230.0,5115000,-1.0,-1.0,-1.0
2014/07/17,1230.0,1233.3333333333333,1220.0,1220.0,6138000,-1.0,-1.0,-1.0
2014/07/18,1213.3333333333333,1216.6666666666665,1203.3333333333333,1210.0,6078000,-1.0,-1.0,-1.0
2014/07/22,1210.0,1226.6666666666665,1210.0,1223.3333333333333,6858000,-1.0,-1.0,-1.0
2014/07/23,1216.6666666666665,1226.6666666666665,1206.6666666666665,1210.0,6528000,-1.0,-1.0,-1.0
2014/07/24,1206.6666666666665,1223.3333333333333,1206.6666666666665,1216.6666666666665,6579000,-1.0,-1.0,-1.0
2014/07/25,1220.0,1223.3333333333333,1203.3333333333333,1210.0,10086000,-1.0,-1.0,-1.0
2014/07/28,1210.0,1220.0,1206.6666666666665,1213.3333333333333,6372000,-1.0,-1.0,-1.0
2014/07/29,1223.3333333333333,1236.6666666666665,1220.0,1233.3333333333333,6801000,-1.0,-1.0,-1.0
2014/07/30,1226.6666666666665,1243.3333333333333,1220.0,1240.0,5757000,-1.0,-1.0,-1.0
2014/07/31,1243.3333333333333,1246.6666666666665,1233.3333333333333,1246.6666666666665,5709000,-1.0,-1.0,-1.0
2014/08/01,1240.0,1250.0,1233.3333333333333,1243.3333333333333,5124000,-1.0,-1.0,-1.0
2014/08/04,1236.6666666666665,1243.3333333333333,1230.0,1233.3333333333333,3837000,-1.0,-1.0,-1.0
2014/08/05,1220.0,1233.3333333333333,1170.0,1170.0,22269000,-1.0,-1.0,-1.0
2014/08/06,1186.6666666666665,1210.0,1163.3333333333333,1173.3333333333333,16509000,-1.0,-1.0,-1.0
2014/08/07,1160.0,1173.3333333333333,1150.0,1160.0,10071000,-1.0,-1.0,-1.0
2014/08/08,1133.3333333333333,1140.0,1113.3333333333333,1116.6666666666665,18447000,-1.0,-1.0,-1.0
2014/08/11,1136.6666666666665,1140.0,1120.0,1126.6666666666665,10245000,-1.0,-1.0,-1.0
2014/08/12,1130.0,1140.0,1123.3333333333333,1126.6666666666665,5883000,-1.0,-1.0,-1.0
2014/08/13,1130.0,1140.0,1123.3333333333333,1136.6666666666665,4947000,-1.0,-1.0,-1.0
2014/08/14,1143.3333333333333,1153.3333333333333,1136.6666666666665,1150.0,5469000,-1.0,-1.0,-1.0
2014/08/15,1160.0,1183.3333333333333,1150.0,1180.0,10518000,-1.0,-1.0,-1.0
2014/08/18,1180.0,1183.3333333333333,1170.0,1170.0,4698000,-1.0,-1.0,-1.0
2014/08/19,1186.6666666666665,1190.0,1176.6666666666665,1180.0,6417000,-1.0,-1.0,-1.0
2014/08/20,1180.0,1180.0,1150.0,1153.3333333333333,13194000,-1.0,-1.0,-1.0
2014/08/21,1156.6666666666665,1160.0,1143.3333333333333,1150.0,8334000,-1.0,-1.0,-1.0
2014/08/22,1150.0,1150.0,1140.0,1140.0,3150000,-1.0,-1.0,-1.0
2014/08/25,1150.0,1153.3333333333333,1140.0,1143.3333333333333,4716000,-1.0,-1.0,-1.0
2014/08/26,1136.6666666666665,1146.6666666666665,1133.3333333333333,1143.3333333333333,7500000,-1.0,-1.0,-1.0
2014/08/27,1150.0,1200.0,1150.0,1193.3333333333333,27663000,-1.0,-1.0,-1.0
2014/08/28,1193.3333333333333,1223.3333333333333,1176.6666666666665,1213.3333333333333,30369000,-1.0,-1.0,-1.0
2014/08/29,1213.3333333333333,1223.3333333333333,1200.0,1223.3333333333333,16218000,-1.0,-1.0,-1.0
2014/09/01,1230.0,1246.6666666666665,1220.0,1240.0,15168000,-1.0,-1.0,-1.0
2014/09/02,1260.0,1283.3333333333333,1256.6666666666665,1270.0,25746000,-1.0,-1.0,-1.0
2014/09/03,1283.3333333333333,1296.6666666666665,1270.0,1276.6666666666665,23703000,-1.0,-1.0,-1.0
2014/09/04,1276.6666666666665,1280.0,1260.0,1263.3333333333333,10638000,-1.0,-1.0,-1.0
2014/09/05,1276.6666666666665,1283.3333333333333,1250.0,1256.6666666666665,14100000,-1.0,-1.0,-1.0
2014/09/08,1260.0,1280.0,1256.6666666666665,1273.3333333333333,9120000,-1.0,-1.0,-1.0
2014/09/09,1280.0,1280.0,1260.0,1263.3333333333333,6852000,-1.0,-1.0,-1.0
2014/09/10,1253.3333333333333,1256.6666666666665,1236.6666666666665,1243.3333333333333,14619000,-1.0,-1.0,-1.0
2014/09/11,1243.3333333333333,1243.3333333333333,1213.3333333333333,1223.3333333333333,14784000,-1.0,-1.0,-1.0
2014/09/12,1203.3333333333333,1230.0,1200.0,1220.0,18885000,-1.0,-1.0,-1.0
2014/09/16,1213.3333333333333,1230.0,1213.3333333333333,1213.3333333333333,5808000,-1.0,-1.0,-1.0
2014/09/17,1216.6666666666665,1220.0,1203.3333333333333,1206.6666666666665,4422000,-1.0,-1.0,-1.0
2014/09/18,1210.0,1220.0,1203.3333333333333,1206.6666666666665,6792000,-1.0,-1.0,-1.0
2014/09/19,1216.6666666666665,1236.6666666666665,1216.6666666666665,1230.0,11844000,-1.0,-1.0,-1.0
2014/09/22,1233.3333333333333,1236.6666666666665,1223.3333333333333,1233.3333333333333,6348000,-1.0,-1.0,-1.0
2014/09/24,1223.3333333333333,1240.0,1220.0,1233.3333333333333,7257000,-1.0,-1.0,-1.0
2014/09/25,1243.3333333333333,1256.6666666666665,1236.6666666666665,1243.3333333333333,7512000,-1.0,-1.0,-1.0
2014/09/26,1230.0,1236.6666666666665,1220.0,1230.0,5868000,-1.0,-1.0,-1.0
2014/09/29,1240.0,1240.0,1210.0,1220.0,7440000,-1.0,-1.0,-1.0
2014/09/30,1213.3333333333333,1216.6666666666665,1190.0,1200.0,7158000,-1.0,-1.0,-1.0
2014/10/01,1196.6666666666665,1216.6666666666665,1190.0,1193.3333333333333,7044000,-1.0,-1.0,-1.0
2014/10/02,1180.0,1190.0,1170.0,1170.0,11031000,-1.0,-1.0,-1.0
2014/10/03,1173.3333333333333,1193.3333333333333,1156.6666666666665,1160.0,12333000,-1.0,-1.0,-1.0
2014/10/06,1166.6666666666665,1180.0,1163.3333333333333,1173.3333333333333,6609000,-1.0,-1.0,-1.0
2014/10/07,1173.3333333333333,1190.0,1170.0,1170.0,7173000,-1.0,-1.0,-1.0
2014/10/08,1156.6666666666665,1186.6666666666665,1153.3333333333333,1180.0,7929000,-1.0,-1.0,-1.0
2014/10/09,1183.3333333333333,1186.6666666666665,1163.3333333333333,1163.3333333333333,7890000,-1.0,-1.0,-1.0
2014/10/10,1150.0,1163.3333333333333,1136.6666666666665,1140.0,14034000,-1.0,-1.0,-1.0
2014/10/14,1110.0,1116.6666666666665,1086.6666666666665,1086.6666666666665,26889000,-1.0,-1.0,-1.0
2014/10/15,1096.6666666666665,1106.6666666666665,1080.0,1100.0,11370000,-1.0,-1.0,-1.0
2014/10/16,1073.3333333333333,1076.6666666666665,1060.0,1060.0,8526000,-1.0,-1.0,-1.0
2014/10/17,1060.0,1086.6666666666665,1060.0,1070.0,12780000,-1.0,-1.0,-1.0
2014/10/20,1086.6666666666665,1110.0,1083.3333333333333,1096.6666666666665,7680000,-1.0,-1.0,-1.0
2014/10/21,1100.0,1103.3333333333333,1080.0,1080.0,8283000,-1.0,-1.0,-1.0
2014/10/22,1090.0,1103.3333333333333,1086.6666666666665,1103.3333333333333,5898000,-1.0,-1.0,-1.0
2014/10/23,1096.6666666666665,1120.0,1096.6666666666665,1106.6666666666665,5208000,-1.0,-1.0,-1.0
2014/10/24,1123.3333333333333,1140.0,1113.3333333333333,1136.6666666666665,10911000,-1.0,-1.0,-1.0
2014/10/27,1136.6666666666665,1143.3333333333333,1120.0,1126.6666666666665,7767000,-1.0,-1.0,-1.0
2014/10/28,1116.6666666666665,1116.6666666666665,1096.6666666666665,1100.0,6930000,-1.0,-1.0,-1.0
2014/10/29,1113.3333333333333,1123.3333333333333,1106.6666666666665,1110.0,6993000,-1.0,-1.0,-1.0
2014/10/30,1110.0,1123.3333333333333,1110.0,1113.3333333333333,5364000,-1.0,-1.0,-1.0
2014/10/31,1126.6666666666665,1156.6666666666665,1113.3333333333333,1146.6666666666665,12390000,-1.0,-1.0,-1.0
2014/11/04,1200.0,1203.3333333333333,1163.3333333333333,1163.3333333333333,16944000,-1.0,-1.0,-1.0
2014/11/05,1163.3333333333333,1186.6666666666665,1163.3333333333333,1176.6666666666665,12774000,-1.0,-1.0,-1.0
2014/11/06,1173.3333333333333,1200.0,1160.0,1170.0,14874000,-1.0,-1.0,-1.0
2014/11/07,1176.6666666666665,1236.6666666666665,1166.6666666666665,1220.0,20154000,-1.0,-1.0,-1.0
2014/11/10,1213.3333333333333,1233.3333333333333,1206.6666666666665,1213.3333333333333,9171000,-1.0,-1.0,-1.0
2014/11/11,1210.0,1236.6666666666665,1203.3333333333333,1230.0,11709000,-1.0,-1.0,-1.0
2014/11/12,1240.0,1263.3333333333333,1233.3333333333333,1240.0,14313000,-1.0,-1.0,-1.0
2014/11/13,1240.0,1240.0,1190.0,1200.0,21339000,-1.0,-1.0,-1.0
2014/11/14,1200.0,1203.3333333333333,1163.3333333333333,1173.3333333333333,24108000,-1.0,-1.0,-1.0
2014/11/17,1156.6666666666665,1160.0,1116.6666666666665,1123.3333333333333,20589000,-1.0,-1.0,-1.0
2014/11/18,1133.3333333333333,1153.3333333333333,1130.0,1153.3333333333333,15444000,-1.0,-1.0,-1.0
2014/11/19,1156.6666666666665,1170.0,1153.3333333333333,1156.6666666666665,19569000,-1.0,-1.0,-1.0
2014/11/20,1160.0,1160.0,1136.6666666666665,1143.3333333333333,7659000,-1.0,-1.0,-1.0
2014/11/21,1136.6666666666665,1140.0,1113.3333333333333,1133.3333333333333,12030000,-1.0,-1.0,-1.0
2014/11/25,1140.0,1146.6666666666665,1130.0,1136.6666666666665,6699000,-1.0,-1.0,-1.0
2014/11/26,1126.6666666666665,1130.0,1103.3333333333333,1123.3333333333333,12738000,-1.0,-1.0,-1.0
2014/11/27,1116.6666666666665,1123.3333333333333,1106.6666666666665,1110.0,7563000,-1.0,-1.0,-1.0
2014/11/28,1110.0,1126.6666666666665,1110.0,1116.6666666666665,11976000,-1.0,-1.0,-1.0
2014/12/01,1123.3333333333333,1143.3333333333333,1120.0,1143.3333333333333,7479000,-1.0,-1.0,-1.0
2014/12/02,1136.6666666666665,1153.3333333333333,1130.0,1150.0,5625000,-1.0,-1.0,-1.0
2014/12/03,1153.3333333333333,1156.6666666666665,1133.3333333333333,1140.0,8103000,-1.0,-1.0,-1.0
2014/12/04,1193.3333333333333,1203.3333333333333,1180.0,1190.0,22959000,-1.0,-1.0,-1.0
2014/12/05,1193.3333333333333,1216.6666666666665,1186.6666666666665,1213.3333333333333,15219000,-1.0,-1.0,-1.0
2014/12/08,1223.3333333333333,1230.0,1206.6666666666665,1223.3333333333333,8160000,-1.0,-1.0,-1.0
2014/12/09,1210.0,1216.6666666666665,1196.6666666666665,1203.3333333333333,6207000,-1.0,-1.0,-1.0
2014/12/10,1196.6666666666665,1210.0,1193.3333333333333,1200.0,6120000,-1.0,-1.0,-1.0
2014/12/11,1206.6666666666665,1216.6666666666665,1190.0,1210.0,10761000,-1.0,-1.0,-1.0
2014/12/12,1213.3333333333333,1213.3333333333333,1186.6666666666665,1186.6666666666665,18738000,-1.0,-1.0,-1.0
2014/12/15,1176.6666666666665,1190.0,1170.0,1180.0,5406000,-1.0,-1.0,-1.0
2014/12/16,1166.6666666666665,1166.6666666666665,1133.3333333333333,1133.3333333333333,14550000,-1.0,-1.0,-1.0
2014/12/17,1130.0,1150.0,1126.6666666666665,1143.3333333333333,6360000,-1.0,-1.0,-1.0
2014/12/18,1166.6666666666665,1166.6666666666665,1120.0,1123.3333333333333,13434000,-1.0,-1.0,-1.0
2014/12/19,1136.6666666666665,1143.3333333333333,1123.3333333333333,1140.0,13152000,-1.0,-1.0,-1.0
2014/12/22,1150.0,1166.6666666666665,1143.3333333333333,1163.3333333333333,8151000,-1.0,-1.0,-1.0
2014/12/24,1173.3333333333333,1176.6666666666665,1153.3333333333333,1160.0,5688000,-1.0,-1.0,-1.0
2014/12/25,1150.0,1160.0,1140.0,1150.0,5526000,-1.0,-1.0,-1.0
2014/12/26,1150.0,1160.0,1146.6666666666665,1153.3333333333333,4125000,-1.0,-1.0,-1.0
2014/12/29,1156.6666666666665,1160.0,1140.0,1150.0,5688000,-1.0,-1.0,-1.0
2014/12/30,1143.3333333333333,1160.0,1140.0,1150.0,3780000,-1.0,-1.0,-1.0
2015/01/05,1146.6666666666665,1163.3333333333333,1140.0,1143.3333333333333,5145000,-1.0,-1.0,-1.0
2015/01/06,1133.3333333333333,1133.3333333333333,1113.3333333333333,1120.0,8451000,-1.0,-1.0,-1.0
2015/01/07,1113.3333333333333,1123.3333333333333,1110.0,1113.3333333333333,5127000,-1.0,-1.0,-1.0
2015/01/08,1126.6666666666665,1143.3333333333333,1120.0,1136.6666666666665,5874000,-1.0,-1.0,-1.0
2015/01/09,1153.3333333333333,1153.3333333333333,1126.6666666666665,1133.3333333333333,11676000,-1.0,-1.0,-1.0
2015/01/13,1123.3333333333333,1126.6666666666665,1106.6666666666665,1126.6666666666665,8997000,-1.0,-1.0,-1.0
2015/01/14,1120.0,1156.6666666666665,1116.6666666666665,1143.3333333333333,14310000,-1.0,-1.0,-1.0
2015/01/15,1150.0,1176.6666666666665,1146.6666666666665,1170.0,15804000,-1.0,-1.0,-1.0
2015/01/16,1160.0,1166.6666666666665,1123.3333333333333,1153.3333333333333,16908000,-1.0,-1.0,-1.0
2015/01/19,1160.0,1163.3333333333333,1143.3333333333333,1146.6666666666665,6399000,-1.0,-1.0,-1.0
2015/01/20,1143.3333333333333,1156.6666666666665,1130.0,1136.6666666666665,10452000,-1.0,-1.0,-1.0
2015/01/21,1133.3333333333333,1136.6666666666665,1113.3333333333333,1123.3333333333333,7140000,-1.0,-1.0,-1.0
2015/01/22,1120.0,1140.0,1113.3333333333333,1136.6666666666665,6693000,-1.0,-1.0,-1.0
2015/01/23,1140.0,1143.3333333333333,1133.3333333333333,1140.0,4491000,-1.0,-1.0,-1.0
2015/01/26,1130.0,1140.0,1126.6666666666665,1140.0,6387000,-1.0,-1.0,-1.0
2015/01/27,1143.3333333333333,1160.0,1140.0,1150.0,5727000,-1.0,-1.0,-1.0
2015/01/28,1140.0,1146.6666666666665,1130.0,1136.6666666666665,7188000,-1.0,-1.0,-1.0
2015/01/29,1130.0,1153.3333333333333,1126.6666666666665,1143.3333333333333,8493000,-1.0,-1.0,-1.0
2015/01/30,1146.6666666666665,1160.0,1143.3333333333333,1146.6666666666665,7983000,-1.0,-1.0,-1.0
2015/02/02,1140.0,1150.0,1136.6666666666665,1143.3333333333333,7671000,-1.0,-1.0,-1.0
2015/02/03,1150.0,1176.6666666666665,1146.6666666666665,1163.3333333333333,9807000,-1.0,-1.0,-1.0
2015/02/04,1176.6666666666665,1203.3333333333333,1173.3333333333333,1200.0,14514000,-1.0,-1.0,-1.0
2015/02/05,1190.0,1190.0,1163.3333333333333,1180.0,9393000,-1.0,-1.0,-1.0
2015/02/06,1183.3333333333333,1190.0,1173.3333333333333,1190.0,7080000,-1.0,-1.0,-1.0
2015/02/09,1203.3333333333333,1203.3333333333333,1173.3333333333333,1183.3333333333333,8286000,-1.0,-1.0,-1.0
2015/02/10,1183.3333333333333,1200.0,1176.6666666666665,1196.6666666666665,9753000,-1.0,-1.0,-1.0
2015/02/12,1186.6666666666665,1193.3333333333333,1176.6666666666665,1176.6666666666665,9831000,-1.0,-1.0,-1.0
2015/02/13,1183.3333333333333,1196.6666666666665,1173.3333333333333,1193.3333333333333,8841000,-1.0,-1.0,-1.0
2015/02/16,1186.6666666666665,1210.0,1186.6666666666665,1206.6666666666665,10671000,-1.0,-1.0,-1.0
2015/02/17,1193.3333333333333,1193.3333333333333,1180.0,1183.3333333333333,8793000,-1.0,-1.0,-1.0
2015/02/18,1190.0,1196.6666666666665,1183.3333333333333,1190.0,11295000,-1.0,-1.0,-1.0
2015/02/19,1183.3333333333333,1186.6666666666665,1173.3333333333333,1176.6666666666665,9069000,-1.0,-1.0,-1.0
2015/02/20,1180.0,1196.6666666666665,1176.6666666666665,1190.0,7248000,-1.0,-1.0,-1.0
2015/02/23,1196.6666666666665,1203.3333333333333,1183.3333333333333,1193.3333333333333,8100000,-1.0,-1.0,-1.0
2015/02/24,1203.3333333333333,1240.0,1200.0,1230.0,17061000,-1.0,-1.0,-1.0
2015/02/25,1246.6666666666665,1283.3333333333333,1233.3333333333333,1233.3333333333333,25950000,-1.0,-1.0,-1.0
2015/02/26,1240.0,1250.0,1230.0,1236.6666666666665,9207000,-1.0,-1.0,-1.0
2015/02/27,1226.6666666666665,1233.3333333333333,1220.0,1223.3333333333333,8322000,-1.0,-1.0,-1.0
2015/03/02,1220.0,1266.6666666666665,1220.0,1246.6666666666665,12159000,-1.0,-1.0,-1.0
2015/03/03,1243.3333333333333,1250.0,1226.6666666666665,1250.0,8010000,-1.0,-1.0,-1.0
2015/03/04,1246.6666666666665,1276.6666666666665,1236.6666666666665,1263.3333333333333,10872000,-1.0,-1.0,-1.0
2015/03/05,1246.6666666666665,1250.0,1236.6666666666665,1236.6666666666665,5676000,-1.0,-1.0,-1.0
2015/03/06,1240.0,1253.3333333333333,1240.0,1246.6666666666665,4947000,-1.0,-1.0,-1.0
2015/03/09,1233.3333333333333,1236.6666666666665,1216.6666666666665,1220.0,9726000,-1.0,-1.0,-1.0
2015/03/10,1216.6666666666665,1220.0,1193.3333333333333,1200.0,10638000,-1.0,-1.0,-1.0
2015/03/11,1186.6666666666665,1196.6666666666665,1186.6666666666665,1186.6666666666665,7857000,-1.0,-1.0,-1.0
2015/03/12,1190.0,1193.3333333333333,1173.3333333333333,1190.0,11523000,-1.0,-1.0,-1.0
2015/03/13,1186.6666666666665,1200.0,1176.6666666666665,1193.3333333333333,14658000,-1.0,-1.0,-1.0
2015/03/16,1196.6666666666665,1206.6666666666665,1183.3333333333333,1190.0,10731000,-1.0,-1.0,-1.0
2015/03/17,1193.3333333333333,1193.3333333333333,1183.3333333333333,1186.6666666666665,6453000,-1.0,-1.0,-1.0
2015/03/18,1186.6666666666665,1190.0,1176.6666666666665,1180.0,6804000,-1.0,-1.0,-1.0
2015/03/19,1180.0,1193.3333333333333,1176.6666666666665,1186.6666666666665,11055000,-1.0,-1.0,-1.0
2015/03/20,1190.0,1200.0,1186.6666666666665,1200.0,6141000,-1.0,-1.0,-1.0
2015/03/23,1200.0,1206.6666666666665,1190.0,1206.6666666666665,6633000,-1.0,-1.0,-1.0
2015/03/24,1206.6666666666665,1216.6666666666665,1196.6666666666665,1200.0,7386000,-1.0,-1.0,-1.0
2015/03/25,1210.0,1240.0,1206.6666666666665,1233.3333333333333,20739000,-1.0,-1.0,-1.0
2015/03/26,1226.6666666666665,1233.3333333333333,1216.6666666666665,1223.3333333333333,7041000,-1.0,-1.0,-1.0
2015/03/27,1216.6666666666665,1230.0,1183.3333333333333,1196.6666666666665,10308000,-1.0,-1.0,-1.0
2015/03/30,1196.6666666666665,1210.0,1183.3333333333333,1206.6666666666665,8067000,-1.0,-1.0,-1.0
2015/03/31,1223.3333333333333,1236.6666666666665,1216.6666666666665,1230.0,12621000,-1.0,-1.0,-1.0
2015/04/01,1223.3333333333333,1243.3333333333333,1220.0,1230.0,15594000,-1.0,-1.0,-1.0
2015/04/02,1226.6666666666665,1246.6666666666665,1220.0,1243.3333333333333,10656000,-1.0,-1.0,-1.0
2015/04/03,1250.0,1276.6666666666665,1246.6666666666665,1273.3333333333333,19956000,-1.0,-1.0,-1.0
2015/04/06,1263.3333333333333,1280.0,1256.6666666666665,1276.6666666666665,7326000,-1.0,-1.0,-1.0
2015/04/07,1276.6666666666665,1313.3333333333333,1273.3333333333333,1303.3333333333333,19275000,-1.0,-1.0,-1.0
2015/04/08,1306.6666666666665,1313.3333333333333,1283.3333333333333,1286.6666666666665,11721000,-1.0,-1.0,-1.0
2015/04/09,1290.0,1293.3333333333333,1276.6666666666665,1283.3333333333333,6357000,-1.0,-1.0,-1.0
2015/04/10,1273.3333333333333,1283.3333333333333,1260.0,1276.6666666666665,6432000,-1.0,-1.0,-1.0
2015/04/13,1290.0,1323.3333333333333,1290.0,1313.3333333333333,15885000,-1.0,-1.0,-1.0
2015/04/14,1313.3333333333333,1323.3333333333333,1303.3333333333333,1313.3333333333333,6909000,-1.0,-1.0,-1.0
2015/04/15,1296.6666666666665,1316.6666666666665,1296.6666666666665,1310.0,4332000,-1.0,-1.0,-1.0
2015/04/16,1300.0,1330.0,1300.0,1326.6666666666665,8865000,-1.0,-1.0,-1.0
2015/04/17,1316.6666666666665,1340.0,1303.3333333333333,1320.0,9909000,-1.0,-1.0,-1.0
2015/04/20,1300.0,1326.6666666666665,1293.3333333333333,1323.3333333333333,5655000,-1.0,-1.0,-1.0
2015/04/21,1323.3333333333333,1340.0,1316.6666666666665,1330.0,9252000,-1.0,-1.0,-1.0
2015/04/22,1326.6666666666665,1353.3333333333333,1326.6666666666665,1353.3333333333333,10983000,-1.0,-1.0,-1.0
2015/04/23,1343.3333333333333,1380.0,1343.3333333333333,1366.6666666666665,10476000,-1.0,-1.0,-1.0
2015/04/24,1366.6666666666665,1373.3333333333333,1336.6666666666665,1343.3333333333333,12369000,-1.0,-1.0,-1.0
2015/04/27,1330.0,1336.6666666666665,1320.0,1330.0,7371000,-1.0,-1.0,-1.0
2015/04/28,1336.6666666666665,1353.3333333333333,1326.6666666666665,1333.3333333333333,7878000,-1.0,-1.0,-1.0
2015/04/30,1316.6666666666665,1323.3333333333333,1293.3333333333333,1303.3333333333333,7689000,-1.0,-1.0,-1.0
2015/05/01,1296.6666666666665,1306.6666666666665,1286.6666666666665,1293.3333333333333,4398000,-1.0,-1.0,-1.0
2015/05/07,1296.6666666666665,1346.6666666666665,1296.6666666666665,1330.0,16143000,-1.0,-1.0,-1.0
2015/05/08,1333.3333333333333,1370.0,1326.6666666666665,1346.6666666666665,9756000,-1.0,-1.0,-1.0
2015/05/11,1366.6666666666665,1370.0,1353.3333333333333,1363.3333333333333,5463000,-1.0,-1.0,-1.0
2015/05/12,1346.6666666666665,1386.6666666666665,1346.6666666666665,1380.0,7629000,-1.0,-1.0,-1.0
2015/05/13,1366.6666666666665,1376.6666666666665,1343.3333333333333,1373.3333333333333,7170000,-1.0,-1.0,-1.0
2015/05/14,1350.0,1483.3333333333333,1330.0,1413.3333333333333,29964000,-1.0,-1.0,-1.0
2015/05/15,1436.6666666666665,1443.3333333333333,1403.3333333333333,1403.3333333333333,18777000,-1.0,-1.0,-1.0
2015/05/18,1410.0,1413.3333333333333,1390.0,1406.6666666666665,13308000,-1.0,-1.0,-1.0
2015/05/19,1406.6666666666665,1406.6666666666665,1386.6666666666665,1386.6666666666665,12153000,-1.0,-1.0,-1.0
2015/05/20,1386.6666666666665,1406.6666666666665,1386.6666666666665,1390.0,13380000,-1.0,-1.0,-1.0
2015/05/21,1386.6666666666665,1400.0,1376.6666666666665,1393.3333333333333,7977000,-1.0,-1.0,-1.0
2015/05/22,1396.6666666666665,1406.6666666666665,1393.3333333333333,1400.0,7269000,-1.0,-1.0,-1.0
2015/05/25,1410.0,1416.6666666666665,1396.6666666666665,1400.0,6780000,-1.0,-1.0,-1.0
2015/05/26,1403.3333333333333,1423.3333333333333,1400.0,1416.6666666666665,6303000,-1.0,-1.0,-1.0
2015/05/27,1420.0,1433.3333333333333,1413.3333333333333,1430.0,6951000,-1.0,-1.0,-1.0
2015/05/28,1466.6666666666665,1506.6666666666665,1463.3333333333333,1500.0,22137000,-1.0,-1.0,-1.0
2015/05/29,1490.0,1503.3333333333333,1486.6666666666665,1486.6666666666665,12222000,-1.0,-1.0,-1.0
2015/06/01,1460.0,1513.3333333333333,1460.0,1503.3333333333333,10065000,-1.0,-1.0,-1.0
2015/06/02,1513.3333333333333,1536.6666666666665,1503.3333333333333,1510.0,8853000,-1.0,-1.0,-1.0
2015/06/03,1493.3333333333333,1510.0,1490.0,1493.3333333333333,8529000,-1.0,-1.0,-1.0
2015/06/04,1490.0,1543.3333333333333,1490.0,1526.6666666666665,11178000,-1.0,-1.0,-1.0
2015/06/05,1540.0,1556.6666666666665,1516.6666666666665,1533.3333333333333,18171000,-1.0,-1.0,-1.0
2015/06/08,1550.0,1563.3333333333333,1523.3333333333333,1540.0,11154000,-1.0,-1.0,-1.0
2015/06/09,1526.6666666666665,1526.6666666666665,1496.6666666666665,1503.3333333333333,10671000,-1.0,-1.0,-1.0
2015/06/10,1476.6666666666665,1480.0,1436.6666666666665,1460.0,26259000,-1.0,-1.0,-1.0
2015/06/11,1486.6666666666665,1513.3333333333333,1483.3333333333333,1513.3333333333333,11871000,-1.0,-1.0,-1.0
2015/06/12,1526.6666666666665,1530.0,1500.0,1516.6666666666665,10380000,-1.0,-1.0,-1.0
2015/06/15,1513.3333333333333,1526.6666666666665,1500.0,1523.3333333333333,5913000,-1.0,-1.0,-1.0
2015/06/16,1523.3333333333333,1530.0,1493.3333333333333,1516.6666666666665,8598000,-1.0,-1.0,-1.0
2015/06/17,1516.6666666666665,1523.3333333333333,1500.0,1513.3333333333333,6672000,-1.0,-1.0,-1.0
2015/06/18,1513.3333333333333,1516.6666666666665,1496.6666666666665,1510.0,5073000,-1.0,-1.0,-1.0
2015/06/19,1516.6666666666665,1536.6666666666665,1506.6666666666665,1533.3333333333333,10386000,-1.0,-1.0,-1.0
2015/06/22,1536.6666666666665,1543.3333333333333,1513.3333333333333,1530.0,7323000,-1.0,-1.0,-1.0
2015/06/23,1560.0,1576.6666666666665,1530.0,1550.0,10383000,-1.0,-1.0,-1.0
2015/06/24,1563.3333333333333,1576.6666666666665,1543.3333333333333,1553.3333333333333,9639000,-1.0,-1.0,-1.0
2015/06/25,1556.6666666666665,1566.6666666666665,1543.3333333333333,1560.0,5478000,-1.0,-1.0,-1.0
2015/06/26,1563.3333333333333,1563.3333333333333,1526.6666666666665,1536.6666666666665,5694000,-1.0,-1.0,-1.0
2015/06/29,1500.0,1520.0,1476.6666666666665,1496.6666666666665,4995000,-1.0,-1.0,-1.0
2015/06/30,1493.3333333333333,1513.3333333333333,1483.3333333333333,1510.0,4890000,-1.0,-1.0,-1.0
2015/07/01,1510.0,1520.0,1493.3333333333333,1506.6666666666665,9102000,-1.0,-1.0,-1.0
2015/07/02,1510.0,1526.6666666666665,1496.6666666666665,1506.6666666666665,9933000,-1.0,-1.0,-1.0
2015/07/03,1506.6666666666665,1510.0,1483.3333333333333,1493.3333333333333,6081000,-1.0,-1.0,-1.0
2015/07/06,1470.0,1493.3333333333333,1450.0,1466.6666666666665,7947000,-1.0,-1.0,-1.0
2015/07/07,1473.3333333333333,1496.6666666666665,1463.3333333333333,1470.0,8010000,-1.0,-1.0,-1.0
2015/07/08,1473.3333333333333,1510.0,1460.0,1493.3333333333333,23292000,-1.0,-1.0,-1.0
2015/07/09,1470.0,1520.0,1430.0,1513.3333333333333,18975000,-1.0,-1.0,-1.0
2015/07/10,1510.0,1510.0,1480.0,1493.3333333333333,10035000,-1.0,-1.0,-1.0
2015/07/13,1506.6666666666665,1560.0,1506.6666666666665,1540.0,9951000,-1.0,-1.0,-1.0
2015/07/14,1550.0,1560.0,1536.6666666666665,1550.0,7380000,-1.0,-1.0,-1.0
2015/07/15,1566.6666666666665,1580.0,1550.0,1556.6666666666665,9282000,-1.0,-1.0,-1.0
2015/07/16,1556.6666666666665,1590.0,1553.3333333333333,1576.6666666666665,7599000,-1.0,-1.0,-1.0
2015/07/17,1576.6666666666665,1583.3333333333333,1556.6666666666665,1560.0,5913000,-1.0,-1.0,-1.0
2015/07/21,1573.3333333333333,1580.0,1566.6666666666665,1576.6666666666665,6921000,-1.0,-1.0,-1.0
2015/07/22,1563.3333333333333,1566.6666666666665,1553.3333333333333,1563.3333333333333,5898000,-1.0,-1.0,-1.0
2015/07/23,1566.6666666666665,1590.0,1550.0,1580.0,7227000,-1.0,-1.0,-1.0
2015/07/24,1596.6666666666665,1610.0,1560.0,1566.6666666666665,6447000,-1.0,-1.0,-1.0
2015/07/27,1550.0,1556.6666666666665,1516.6666666666665,1523.3333333333333,8886000,-1.0,-1.0,-1.0
2015/07/28,1520.0,1543.3333333333333,1510.0,1536.6666666666665,5088000,-1.0,-1.0,-1.0
2015/07/29,1540.0,1540.0,1516.6666666666665,1536.6666666666665,4668000,-1.0,-1.0,-1.0
2015/07/30,1543.3333333333333,1563.3333333333333,1536.6666666666665,1540.0,6192000,-1.0,-1.0,-1.0
2015/07/31,1533.3333333333333,1563.3333333333333,1530.0,1550.0,7734000,-1.0,-1.0,-1.0
2015/08/03,1556.6666666666665,1563.3333333333333,1546.6666666666665,1556.6666666666665,2928000,-1.0,-1.0,-1.0
2015/08/04,1553.3333333333333,1563.3333333333333,1516.6666666666665,1526.6666666666665,5877000,-1.0,-1.0,-1.0
2015/08/05,1530.0,1546.6666666666665,1516.6666666666665,1540.0,5862000,-1.0,-1.0,-1.0
2015/08/06,1560.0,1610.0,1553.3333333333333,1600.0,9129000,-1.0,-1.0,-1.0
2015/08/07,1586.6666666666665,1660.0,1586.6666666666665,1636.6666666666665,15687000,-1.0,-1.0,-1.0
2015/08/10,1646.6666666666665,1690.0,1636.6666666666665,1683.3333333333333,12330000,-1.0,-1.0,-1.0
2015/08/11,1690.0,1706.6666666666665,1663.3333333333333,1683.3333333333333,8625000,-1.0,-1.0,-1.0
2015/08/12,1683.3333333333333,1703.3333333333333,1666.6666666666665,1673.3333333333333,8151000,-1.0,-1.0,-1.0
2015/08/13,1683.3333333333333,1703.3333333333333,1666.6666666666665,1696.6666666666665,7809000,-1.0,-1.0,-1.0
2015/08/14,1713.3333333333333,1736.6666666666665,1700.0,1723.3333333333333,12165000,-1.0,-1.0,-1.0
2015/08/17,1730.0,1746.6666666666665,1706.6666666666665,1743.3333333333333,6303000,-1.0,-1.0,-1.0
2015/08/18,1733.3333333333333,1740.0,1713.3333333333333,1716.6666666666665,5970000,-1.0,-1.0,-1.0
2015/08/19,1693.3333333333333,1726.6666666666665,1686.6666666666665,1716.6666666666665,7182000,-1.0,-1.0,-1.0
2015/08/20,1710.0,1746.6666666666665,1700.0,1703.3333333333333,6426000,-1.0,-1.0,-1.0
2015/08/21,1670.0,1700.0,1666.6666666666665,1673.3333333333333,7896000,-1.0,-1.0,-1.0
2015/08/24,1640.0,1646.6666666666665,1593.3333333333333,1596.6666666666665,9723000,-1.0,-1.0,-1.0
2015/08/25,1566.6666666666665,1620.0,1540.0,1556.6666666666665,22818000,-1.0,-1.0,-1.0
2015/08/26,1610.0,1623.3333333333333,1546.6666666666665,1573.3333333333333,23352000,-1.0,-1.0,-1.0
2015/08/27,1593.3333333333333,1606.6666666666665,1566.6666666666665,1586.6666666666665,14094000,-1.0,-1.0,-1.0
2015/08/28,1626.6666666666665,1626.6666666666665,1576.6666666666665,1586.6666666666665,14046000,-1.0,-1.0,-1.0
2015/08/31,1586.6666666666665,1593.3333333333333,1536.6666666666665,1570.0,19530000,-1.0,-1.0,-1.0
2015/09/01,1570.0,1583.3333333333333,1543.3333333333333,1546.6666666666665,11520000,-1.0,-1.0,-1.0
2015/09/02,1533.3333333333333,1576.6666666666665,1520.0,1546.6666666666665,14598000,-1.0,-1.0,-1.0
2015/09/03,1570.0,1596.6666666666665,1563.3333333333333,1573.3333333333333,12597000,-1.0,-1.0,-1.0
2015/09/04,1566.6666666666665,1570.0,1513.3333333333333,1523.3333333333333,10980000,-1.0,-1.0,-1.0
2015/09/07,1510.0,1516.6666666666665,1490.0,1503.3333333333333,8481000,-1.0,-1.0,-1.0
2015/09/08,1530.0,1543.3333333333333,1490.0,1493.3333333333333,8454000,-1.0,-1.0,-1.0
2015/09/09,1533.3333333333333,1543.3333333333333,1503.3333333333333,1533.3333333333333,13173000,-1.0,-1.0,-1.0
2015/09/10,1540.0,1576.6666666666665,1523.3333333333333,1576.6666666666665,9996000,-1.0,-1.0,-1.0
2015/09/11,1590.0,1633.3333333333333,1583.3333333333333,1610.0,17604000,-1.0,-1.0,-1.0
2015/09/14,1606.6666666666665,1623.3333333333333,1580.0,1596.6666666666665,6441000,-1.0,-1.0,-1.0
2015/09/15,1603.3333333333333,1616.6666666666665,1573.3333333333333,1586.6666666666665,6450000,-1.0,-1.0,-1.0
2015/09/16,1596.6666666666665,1600.0,1530.0,1530.0,10767000,-1.0,-1.0,-1.0
2015/09/17,1550.0,1553.3333333333333,1513.3333333333333,1526.6666666666665,9639000,-1.0,-1.0,-1.0
2015/09/18,1526.6666666666665,1526.6666666666665,1483.3333333333333,1510.0,13404000,-1.0,-1.0,-1.0
2015/09/24,1490.0,1526.6666666666665,1483.3333333333333,1500.0,8796000,-1.0,-1.0,-1.0
2015/09/25,1503.3333333333333,1520.0,1476.6666666666665,1493.3333333333333,10836000,-1.0,-1.0,-1.0
2015/09/28,1493.3333333333333,1500.0,1473.3333333333333,1483.3333333333333,7995000,-1.0,-1.0,-1.0
2015/09/29,1466.6666666666665,1466.6666666666665,1413.3333333333333,1420.0,10647000,-1.0,-1.0,-1.0
2015/09/30,1436.6666666666665,1446.6666666666665,1396.6666666666665,1413.3333333333333,14229000,-1.0,-1.0,-1.0
2015/10/01,1440.0,1440.0,1396.6666666666665,1410.0,9867000,-1.0,-1.0,-1.0
2015/10/02,1423.3333333333333,1486.6666666666665,1410.0,1480.0,18384000,-1.0,-1.0,-1.0
2015/10/05,1490.0,1493.3333333333333,1443.3333333333333,1460.0,9159000,-1.0,-1.0,-1.0
2015/10/06,1460.0,1480.0,1453.3333333333333,1466.6666666666665,7392000,-1.0,-1.0,-1.0
2015/10/07,1473.3333333333333,1486.6666666666665,1453.3333333333333,1460.0,10620000,-1.0,-1.0,-1.0
2015/10/08,1470.0,1470.0,1446.6666666666665,1456.6666666666665,6330000,-1.0,-1.0,-1.0
2015/10/09,1450.0,1480.0,1430.0,1480.0,14739000,-1.0,-1.0,-1.0
2015/10/13,1476.6666666666665,1493.3333333333333,1460.0,1483.3333333333333,12435000,-1.0,-1.0,-1.0
2015/10/14,1480.0,1513.3333333333333,1476.6666666666665,1506.6666666666665,13137000,-1.0,-1.0,-1.0
2015/10/15,1506.6666666666665,1570.0,1503.3333333333333,1556.6666666666665,21084000,-1.0,-1.0,-1.0
2015/10/16,1553.3333333333333,1590.0,1550.0,1576.6666666666665,15762000,-1.0,-1.0,-1.0
2015/10/19,1573.3333333333333,1573.3333333333333,1543.3333333333333,1560.0,8787000,-1.0,-1.0,-1.0
2015/10/20,1563.3333333333333,1566.6666666666665,1543.3333333333333,1550.0,6039000,-1.0,-1.0,-1.0
2015/10/21,1546.6666666666665,1630.0,1543.3333333333333,1613.3333333333333,14439000,-1.0,-1.0,-1.0
2015/10/22,1616.6666666666665,1623.3333333333333,1573.3333333333333,1583.3333333333333,7689000,-1.0,-1.0,-1.0
2015/10/23,1603.3333333333333,1603.3333333333333,1563.3333333333333,1590.0,9597000,-1.0,-1.0,-1.0
2015/10/26,1600.0,1600.0,1556.6666666666665,1560.0,10197000,-1.0,-1.0,-1.0
2015/10/27,1583.3333333333333,1583.3333333333333,1546.6666666666665,1550.0,8106000,-1.0,-1.0,-1.0
2015/10/28,1576.6666666666665,1580.0,1540.0,1556.6666666666665,8826000,-1.0,-1.0,-1.0
2015/10/29,1556.6666666666665,1556.6666666666665,1526.6666666666665,1543.3333333333333,11268000,-1.0,-1.0,-1.0
2015/10/30,1556.6666666666665,1566.6666666666665,1540.0,1560.0,8793000,-1.0,-1.0,-1.0
2015/11/02,1553.3333333333333,1573.3333333333333,1543.3333333333333,1553.3333333333333,8166000,-1.0,-1.0,-1.0
2015/11/04,1580.0,1580.0,1526.6666666666665,1526.6666666666665,11055000,-1.0,-1.0,-1.0
2015/11/05,1526.6666666666665,1573.3333333333333,1520.0,1573.3333333333333,7596000,-1.0,-1.0,-1.0
2015/11/06,1616.6666666666665,1723.3333333333333,1610.0,1710.0,29319000,-1.0,-1.0,-1.0
2015/11/09,1696.6666666666665,1706.6666666666665,1683.3333333333333,1696.6666666666665,13104000,-1.0,-1.0,-1.0
2015/11/10,1686.6666666666665,1726.6666666666665,1686.6666666666665,1713.3333333333333,9858000,-1.0,-1.0,-1.0
2015/11/11,1693.3333333333333,1720.0,1690.0,1713.3333333333333,9672000,-1.0,-1.0,-1.0
2015/11/12,1713.3333333333333,1730.0,1700.0,1703.3333333333333,8232000,-1.0,-1.0,-1.0
2015/11/13,1676.6666666666665,1716.6666666666665,1666.6666666666665,1706.6666666666665,6429000,-1.0,-1.0,-1.0
2015/11/16,1680.0,1710.0,1676.6666666666665,1686.6666666666665,3807000,-1.0,-1.0,-1.0
2015/11/17,1720.0,1730.0,1703.3333333333333,1703.3333333333333,8073000,-1.0,-1.0,-1.0
2015/11/18,1706.6666666666665,1713.3333333333333,1646.6666666666665,1650.0,12936000,-1.0,-1.0,-1.0
2015/11/19,1656.6666666666665,1666.6666666666665,1643.3333333333333,1660.0,9282000,-1.0,-1.0,-1.0
2015/11/20,1673.3333333333333,1686.6666666666665,1643.3333333333333,1686.6666666666665,7080000,-1.0,-1.0,-1.0
2015/11/24,1706.6666666666665,1713.3333333333333,1673.3333333333333,1680.0,8229000,-1.0,-1.0,-1.0
2015/11/25,1670.0,1676.6666666666665,1650.0,1660.0,5430000,-1.0,-1.0,-1.0
2015/11/26,1660.0,1673.3333333333333,1646.6666666666665,1653.3333333333333,8457000,-1.0,-1.0,-1.0
2015/11/27,1626.6666666666665,1640.0,1573.3333333333333,1590.0,19935000,-1.0,-1.0,-1.0
2015/11/30,1600.0,1600.0,1573.3333333333333,1580.0,9477000,-1.0,-1.0,-1.0
2015/12/01,1580.0,1580.0,1536.6666666666665,1550.0,20382000,-1.0,-1.0,-1.0
2015/12/02,1536.6666666666665,1543.3333333333333,1503.3333333333333,1513.3333333333333,19320000,-1.0,-1.0,-1.0
2015/12/03,1513.3333333333333,1513.3333333333333,1480.0,1496.6666666666665,14298000,-1.0,-1.0,-1.0
2015/12/04,1496.6666666666665,1516.6666666666665,1490.0,1496.6666666666665,15408000,-1.0,-1.0,-1.0
2015/12/07,1520.0,1520.0,1503.3333333333333,1513.3333333333333,12021000,-1.0,-1.0,-1.0
2015/12/08,1486.6666666666665,1506.6666666666665,1466.6666666666665,1473.3333333333333,14478000,-1.0,-1.0,-1.0
2015/12/09,1473.3333333333333,1486.6666666666665,1450.0,1460.0,15177000,-1.0,-1.0,-1.0
2015/12/10,1446.6666666666665,1470.0,1443.3333333333333,1446.6666666666665,6906000,-1.0,-1.0,-1.0
2015/12/11,1470.0,1480.0,1450.0,1460.0,16203000,-1.0,-1.0,-1.0
2015/12/14,1453.3333333333333,1473.3333333333333,1436.6666666666665,1470.0,14544000,-1.0,-1.0,-1.0
2015/12/15,1490.0,1500.0,1460.0,1470.0,15186000,-1.0,-1.0,-1.0
2015/12/16,1466.6666666666665,1490.0,1456.6666666666665,1480.0,9123000,-1.0,-1.0,-1.0
2015/12/17,1506.6666666666665,1526.6666666666665,1490.0,1523.3333333333333,10764000,-1.0,-1.0,-1.0
2015/12/18,1526.6666666666665,1556.6666666666665,1506.6666666666665,1523.3333333333333,23610000,-1.0,-1.0,-1.0
2015/12/21,1513.3333333333333,1526.6666666666665,1493.3333333333333,1523.3333333333333,8088000,-1.0,-1.0,-1.0
2015/12/22,1533.3333333333333,1540.0,1530.0,1533.3333333333333,7260000,-1.0,-1.0,-1.0
2015/12/24,1560.0,1586.6666666666665,1543.3333333333333,1546.6666666666665,15177000,-1.0,-1.0,-1.0
2015/12/25,1530.0,1530.0,1463.3333333333333,1470.0,12438000,-1.0,-1.0,-1.0
2015/12/28,1480.0,1483.3333333333333,1463.3333333333333,1476.6666666666665,13218000,-1.0,-1.0,-1.0
2015/12/29,1480.0,1493.3333333333333,1470.0,1490.0,7659000,-1.0,-1.0,-1.0
2015/12/30,1493.3333333333333,1500.0,1476.6666666666665,1483.3333333333333,4488000,-1.0,-1.0,-1.0
2016/01/04,1460.0,1490.0,1456.6666666666665,1456.6666666666665,8076000,-1.0,-1.0,-1.0
2016/01/05,1470.0,1536.6666666666665,1466.6666666666665,1520.0,18090000,-1.0,-1.0,-1.0
2016/01/06,1533.3333333333333,1553.3333333333333,1513.3333333333333,1523.3333333333333,13482000,-1.0,-1.0,-1.0
2016/01/07,1516.6666666666665,1533.3333333333333,1493.3333333333333,1506.6666666666665,10437000,-1.0,-1.0,-1.0
2016/01/08,1493.3333333333333,1553.3333333333333,1493.3333333333333,1530.0,16584000,-1.0,-1.0,-1.0
2016/01/12,1533.3333333333333,1550.0,1503.3333333333333,1506.6666666666665,17253000,-1.0,-1.0,-1.0
2016/01/13,1516.6666666666665,1530.0,1470.0,1523.3333333333333,23085000,-1.0,-1.0,-1.0
2016/01/14,1500.0,1530.0,1473.3333333333333,1526.6666666666665,20811000,-1.0,-1.0,-1.0
2016/01/15,1540.0,1583.3333333333333,1533.3333333333333,1553.3333333333333,28974000,-1.0,-1.0,-1.0
2016/01/18,1540.0,1540.0,1516.6666666666665,1533.3333333333333,13800000,-1.0,-1.0,-1.0
2016/01/19,1560.0,1606.6666666666665,1556.6666666666665,1603.3333333333333,23565000,-1.0,-1.0,-1.0
2016/01/20,1600.0,1603.3333333333333,1523.3333333333333,1530.0,16971000,-1.0,-1.0,-1.0
2016/01/21,1530.0,1560.0,1503.3333333333333,1506.6666666666665,18654000,-1.0,-1.0,-1.0
2016/01/22,1523.3333333333333,1560.0,1473.3333333333333,1506.6666666666665,26727000,-1.0,-1.0,-1.0
2016/01/25,1523.3333333333333,1526.6666666666665,1476.6666666666665,1483.3333333333333,24516000,-1.0,-1.0,-1.0
2016/01/26,1526.6666666666665,1566.6666666666665,1490.0,1553.3333333333333,37596000,-1.0,-1.0,-1.0
2016/01/27,1563.3333333333333,1583.3333333333333,1550.0,1560.0,15270000,-1.0,-1.0,-1.0
2016/01/28,1540.0,1606.6666666666665,1540.0,1593.3333333333333,14589000,-1.0,-1.0,-1.0
2016/01/29,1606.6666666666665,1630.0,1566.6666666666665,1630.0,15195000,-1.0,-1.0,-1.0
2016/02/01,1636.6666666666665,1666.6666666666665,1636.6666666666665,1640.0,14454000,-1.0,-1.0,-1.0
2016/02/02,1616.6666666666665,1630.0,1550.0,1560.0,17301000,-1.0,-1.0,-1.0
2016/02/03,1533.3333333333333,1536.6666666666665,1506.6666666666665,1523.3333333333333,11691000,-1.0,-1.0,-1.0
2016/02/04,1510.0,1526.6666666666665,1493.3333333333333,1513.3333333333333,9099000,-1.0,-1.0,-1.0
2016/02/05,1490.0,1510.0,1470.0,1486.6666666666665,7692000,-1.0,-1.0,-1.0
2016/02/08,1463.3333333333333,1496.6666666666665,1446.6666666666665,1493.3333333333333,9045000,-1.0,-1.0,-1.0
2016/02/09,1433.3333333333333,1450.0,1410.0,1423.3333333333333,12024000,-1.0,-1.0,-1.0
2016/02/10,1533.3333333333333,1533.3333333333333,1403.3333333333333,1416.6666666666665,25089000,-1.0,-1.0,-1.0
2016/02/12,1373.3333333333333,1420.0,1320.0,1376.6666666666665,31854000,-1.0,-1.0,-1.0
2016/02/15,1450.0,1453.3333333333333,1393.3333333333333,1436.6666666666665,12612000,-1.0,-1.0,-1.0
2016/02/16,1416.6666666666665,1436.6666666666665,1386.6666666666665,1403.3333333333333,11856000,-1.0,-1.0,-1.0
2016/02/17,1400.0,1416.6666666666665,1366.6666666666665,1380.0,17307000,-1.0,-1.0,-1.0
2016/02/18,1406.6666666666665,1416.6666666666665,1383.3333333333333,1396.6666666666665,9681000,-1.0,-1.0,-1.0
2016/02/19,1370.0,1376.6666666666665,1333.3333333333333,1363.3333333333333,11628000,-1.0,-1.0,-1.0
2016/02/22,1350.0,1386.6666666666665,1343.3333333333333,1373.3333333333333,11586000,-1.0,-1.0,-1.0
2016/02/23,1366.6666666666665,1373.3333333333333,1330.0,1356.6666666666665,15735000,-1.0,-1.0,-1.0
2016/02/24,1340.0,1376.6666666666665,1326.6666666666665,1363.3333333333333,8151000,-1.0,-1.0,-1.0
2016/02/25,1383.3333333333333,1420.0,1370.0,1410.0,10422000,-1.0,-1.0,-1.0
2016/02/26,1416.6666666666665,1430.0,1370.0,1373.3333333333333,10284000,-1.0,-1.0,-1.0
2016/02/29,1386.6666666666665,1386.6666666666665,1366.6666666666665,1373.3333333333333,9459000,-1.0,-1.0,-1.0
2016/03/01,1386.6666666666665,1386.6666666666665,1366.6666666666665,1383.3333333333333,6348000,-1.0,-1.0,-1.0
2016/03/02,1410.0,1413.3333333333333,1373.3333333333333,1383.3333333333333,14736000,-1.0,-1.0,-1.0
2016/03/03,1376.6666666666665,1376.6666666666665,1336.6666666666665,1350.0,22920000,-1.0,-1.0,-1.0
2016/03/04,1353.3333333333333,1423.3333333333333,1350.0,1420.0,14298000,-1.0,-1.0,-1.0
2016/03/07,1416.6666666666665,1423.3333333333333,1400.0,1416.6666666666665,8160000,-1.0,-1.0,-1.0
2016/03/08,1423.3333333333333,1443.3333333333333,1406.6666666666665,1433.3333333333333,10278000,-1.0,-1.0,-1.0
2016/03/09,1420.0,1440.0,1413.3333333333333,1420.0,11805000,-1.0,-1.0,-1.0
2016/03/10,1440.0,1470.0,1426.6666666666665,1460.0,13596000,-1.0,-1.0,-1.0
2016/03/11,1440.0,1460.0,1433.3333333333333,1453.3333333333333,12447000,-1.0,-1.0,-1.0
2016/03/14,1466.6666666666665,1490.0,1446.6666666666665,1483.3333333333333,8424000,-1.0,-1.0,-1.0
2016/03/15,1500.0,1540.0,1486.6666666666665,1506.6666666666665,17622000,-1.0,-1.0,-1.0
2016/03/16,1506.6666666666665,1533.3333333333333,1503.3333333333333,1523.3333333333333,13785000,-1.0,-1.0,-1.0
2016/03/17,1526.6666666666665,1553.3333333333333,1520.0,1536.6666666666665,12666000,-1.0,-1.0,-1.0
2016/03/18,1523.3333333333333,1536.6666666666665,1500.0,1520.0,8259000,-1.0,-1.0,-1.0
2016/03/22,1553.3333333333333,1570.0,1526.6666666666665,1553.3333333333333,8169000,-1.0,-1.0,-1.0
2016/03/23,1550.0,1553.3333333333333,1530.0,1546.6666666666665,8136000,-1.0,-1.0,-1.0
2016/03/24,1553.3333333333333,1566.6666666666665,1540.0,1556.6666666666665,9783000,-1.0,-1.0,-1.0
2016/03/25,1563.3333333333333,1563.3333333333333,1470.0,1476.6666666666665,13812000,-1.0,-1.0,-1.0
2016/03/28,1456.6666666666665,1473.3333333333333,1436.6666666666665,1473.3333333333333,16293000,-1.0,-1.0,-1.0
2016/03/29,1453.3333333333333,1470.0,1430.0,1466.6666666666665,8436000,-1.0,-1.0,-1.0
2016/03/30,1476.6666666666665,1486.6666666666665,1450.0,1476.6666666666665,11535000,-1.0,-1.0,-1.0
2016/03/31,1480.0,1493.3333333333333,1466.6666666666665,1473.3333333333333,8574000,-1.0,-1.0,-1.0
2016/04/01,1476.6666666666665,1476.6666666666665,1436.6666666666665,1440.0,9489000,-1.0,-1.0,-1.0
2016/04/04,1440.0,1463.3333333333333,1423.3333333333333,1450.0,7965000,-1.0,-1.0,-1.0
2016/04/05,1436.6666666666665,1456.6666666666665,1396.6666666666665,1403.3333333333333,10032000,-1.0,-1.0,-1.0
2016/04/06,1430.0,1480.0,1423.3333333333333,1470.0,19836000,-1.0,-1.0,-1.0
2016/04/07,1473.3333333333333,1523.3333333333333,1463.3333333333333,1496.6666666666665,17325000,-1.0,-1.0,-1.0
2016/04/08,1486.6666666666665,1530.0,1473.3333333333333,1510.0,13464000,-1.0,-1.0,-1.0
2016/04/11,1516.6666666666665,1536.6666666666665,1500.0,1536.6666666666665,9621000,-1.0,-1.0,-1.0
2016/04/12,1533.3333333333333,1550.0,1516.6666666666665,1526.6666666666665,10635000,-1.0,-1.0,-1.0
2016/04/13,1546.6666666666665,1570.0,1540.0,1566.6666666666665,9054000,-1.0,-1.0,-1.0
2016/04/14,1576.6666666666665,1600.0,1573.3333333333333,1593.3333333333333,10272000,-1.0,-1.0,-1.0
2016/04/15,1620.0,1633.3333333333333,1596.6666666666665,1610.0,11343000,-1.0,-1.0,-1.0
2016/04/18,1593.3333333333333,1676.6666666666665,1583.3333333333333,1626.6666666666665,22242000,-1.0,-1.0,-1.0
2016/04/19,1626.6666666666665,1636.6666666666665,1596.6666666666665,1636.6666666666665,8574000,-1.0,-1.0,-1.0
2016/04/20,1646.6666666666665,1660.0,1626.6666666666665,1636.6666666666665,8712000,-1.0,-1.0,-1.0
2016/04/21,1660.0,1660.0,1636.6666666666665,1643.3333333333333,7566000,-1.0,-1.0,-1.0
2016/04/22,1633.3333333333333,1640.0,1613.3333333333333,1640.0,11373000,-1.0,-1.0,-1.0
2016/04/25,1646.6666666666665,1653.3333333333333,1623.3333333333333,1630.0,6663000,-1.0,-1.0,-1.0
2016/04/26,1630.0,1633.3333333333333,1593.3333333333333,1603.3333333333333,6765000,-1.0,-1.0,-1.0
2016/04/27,1616.6666666666665,1646.6666666666665,1613.3333333333333,1633.3333333333333,5001000,-1.0,-1.0,-1.0
2016/04/28,1633.3333333333333,1633.3333333333333,1566.6666666666665,1566.6666666666665,9468000,-1.0,-1.0,-1.0
2016/05/02,1523.3333333333333,1560.0,1516.6666666666665,1533.3333333333333,7995000,-1.0,-1.0,-1.0
2016/05/06,1523.3333333333333,1550.0,1510.0,1516.6666666666665,8076000,-1.0,-1.0,-1.0
2016/05/09,1513.3333333333333,1533.3333333333333,1506.6666666666665,1513.3333333333333,7770000,-1.0,-1.0,-1.0
2016/05/10,1523.3333333333333,1550.0,1520.0,1546.6666666666665,6393000,-1.0,-1.0,-1.0
2016/05/11,1556.6666666666665,1563.3333333333333,1540.0,1543.3333333333333,4506000,-1.0,-1.0,-1.0
2016/05/12,1533.3333333333333,1583.3333333333333,1483.3333333333333,1490.0,19500000,-1.0,-1.0,-1.0
2016/05/13,1480.0,1493.3333333333333,1456.6666666666665,1463.3333333333333,21135000,-1.0,-1.0,-1.0
2016/05/16,1463.3333333333333,1500.0,1460.0,1466.6666666666665,11109000,-1.0,-1.0,-1.0
2016/05/17,1466.6666666666665,1476.6666666666665,1446.6666666666665,1453.3333333333333,9927000,-1.0,-1.0,-1.0
2016/05/18,1450.0,1460.0,1433.3333333333333,1443.3333333333333,13272000,-1.0,-1.0,-1.0
2016/05/19,1440.0,1443.3333333333333,1423.3333333333333,1430.0,10953000,-1.0,-1.0,-1.0
2016/05/20,1420.0,1443.3333333333333,1420.0,1436.6666666666665,10146000,-1.0,-1.0,-1.0
2016/05/23,1436.6666666666665,1446.6666666666665,1416.6666666666665,1423.3333333333333,10215000,-1.0,-1.0,-1.0
2016/05/24,1423.3333333333333,1450.0,1416.6666666666665,1440.0,11586000,-1.0,-1.0,-1.0
2016/05/25,1460.0,1473.3333333333333,1440.0,1446.6666666666665,8058000,-1.0,-1.0,-1.0
2016/05/26,1433.3333333333333,1470.0,1410.0,1460.0,11238000,-1.0,-1.0,-1.0
2016/05/27,1470.0,1473.3333333333333,1456.6666666666665,1463.3333333333333,5517000,-1.0,-1.0,-1.0
2016/05/30,1486.6666666666665,1530.0,1483.3333333333333,1523.3333333333333,15405000,-1.0,-1.0,-1.0
2016/05/31,1523.3333333333333,1523.3333333333333,1496.6666666666665,1503.3333333333333,7311000,-1.0,-1.0,-1.0
2016/06/01,1496.6666666666665,1506.6666666666665,1476.6666666666665,1483.3333333333333,8541000,-1.0,-1.0,-1.0
2016/06/02,1470.0,1473.3333333333333,1426.6666666666665,1440.0,9033000,-1.0,-1.0,-1.0
2016/06/03,1450.0,1470.0,1443.3333333333333,1463.3333333333333,8022000,-1.0,-1.0,-1.0
2016/06/06,1426.6666666666665,1446.6666666666665,1426.6666666666665,1440.0,6762000,-1.0,-1.0,-1.0
2016/06/07,1460.0,1466.6666666666665,1440.0,1446.6666666666665,5922000,-1.0,-1.0,-1.0
2016/06/08,1453.3333333333333,1460.0,1446.6666666666665,1453.3333333333333,6825000,-1.0,-1.0,-1.0
2016/06/09,1436.6666666666665,1453.3333333333333,1436.6666666666665,1450.0,7572000,-1.0,-1.0,-1.0
2016/06/10,1470.0,1470.0,1443.3333333333333,1463.3333333333333,14019000,-1.0,-1.0,-1.0
2016/06/13,1440.0,1443.3333333333333,1420.0,1423.3333333333333,10128000,-1.0,-1.0,-1.0
2016/06/14,1410.0,1430.0,1403.3333333333333,1426.6666666666665,10656000,-1.0,-1.0,-1.0
2016/06/15,1410.0,1433.3333333333333,1403.3333333333333,1423.3333333333333,12069000,-1.0,-1.0,-1.0
2016/06/16,1430.0,1443.3333333333333,1386.6666666666665,1390.0,9870000,-1.0,-1.0,-1.0
2016/06/17,1406.6666666666665,1426.6666666666665,1390.0,1393.3333333333333,13554000,-1.0,-1.0,-1.0
2016/06/20,1416.6666666666665,1430.0,1410.0,1423.3333333333333,11850000,-1.0,-1.0,-1.0
2016/06/21,1403.3333333333333,1426.6666666666665,1390.0,1423.3333333333333,10110000,-1.0,-1.0,-1.0
2016/06/22,1420.0,1423.3333333333333,1393.3333333333333,1410.0,11346000,-1.0,-1.0,-1.0
2016/06/23,1406.6666666666665,1426.6666666666665,1390.0,1416.6666666666665,4863000,-1.0,-1.0,-1.0
2016/06/24,1423.3333333333333,1436.6666666666665,1330.0,1340.0,10845000,-1.0,-1.0,-1.0
2016/06/27,1360.0,1416.6666666666665,1360.0,1416.6666666666665,9972000,-1.0,-1.0,-1.0
2016/06/28,1390.0,1466.6666666666665,1386.6666666666665,1456.6666666666665,16266000,-1.0,-1.0,-1.0
2016/06/29,1466.6666666666665,1486.6666666666665,1456.6666666666665,1463.3333333333333,7665000,-1.0,-1.0,-1.0
2016/06/30,1466.6666666666665,1480.0,1456.6666666666665,1463.3333333333333,9612000,-1.0,-1.0,-1.0
2016/07/01,1480.0,1516.6666666666665,1460.0,1510.0,10176000,-1.0,-1.0,-1.0
2016/07/04,1493.3333333333333,1530.0,1493.3333333333333,1526.6666666666665,11931000,-1.0,-1.0,-1.0
2016/07/05,1520.0,1526.6666666666665,1500.0,1516.6666666666665,5751000,-1.0,-1.0,-1.0
2016/07/06,1483.3333333333333,1516.6666666666665,1466.6666666666665,1510.0,8514000,-1.0,-1.0,-1.0
2016/07/07,1510.0,1526.6666666666665,1503.3333333333333,1516.6666666666665,7275000,-1.0,-1.0,-1.0
2016/07/08,1510.0,1526.6666666666665,1486.6666666666665,1493.3333333333333,10032000,-1.0,-1.0,-1.0
2016/07/11,1533.3333333333333,1576.6666666666665,1526.6666666666665,1570.0,10413000,-1.0,-1.0,-1.0
2016/07/12,1580.0,1610.0,1546.6666666666665,1546.6666666666665,13959000,-1.0,-1.0,-1.0
2016/07/13,1570.0,1576.6666666666665,1546.6666666666665,1560.0,10173000,-1.0,-1.0,-1.0
2016/07/14,1546.6666666666665,1560.0,1540.0,1543.3333333333333,13830000,-1.0,-1.0,-1.0
2016/07/15,1550.0,1556.6666666666665,1526.6666666666665,1543.3333333333333,14520000,-1.0,-1.0,-1.0
2016/07/19,1556.6666666666665,1606.6666666666665,1556.6666666666665,1600.0,9351000,-1.0,-1.0,-1.0
2016/07/20,1613.3333333333333,1656.6666666666665,1600.0,1616.6666666666665,15120000,-1.0,-1.0,-1.0
2016/07/21,1643.3333333333333,1643.3333333333333,1610.0,1626.6666666666665,8580000,-1.0,-1.0,-1.0
2016/07/22,1600.0,1633.3333333333333,1593.3333333333333,1620.0,10200000,-1.0,-1.0,-1.0
2016/07/25,1643.3333333333333,1673.3333333333333,1626.6666666666665,1660.0,14826000,-1.0,-1.0,-1.0
2016/07/26,1653.3333333333333,1663.3333333333333,1636.6666666666665,1653.3333333333333,13482000,-1.0,-1.0,-1.0
2016/07/27,1653.3333333333333,1680.0,1646.6666666666665,1673.3333333333333,13776000,-1.0,-1.0,-1.0
2016/07/28,1660.0,1676.6666666666665,1650.0,1663.3333333333333,8838000,-1.0,-1.0,-1.0
2016/07/29,1646.6666666666665,1646.6666666666665,1600.0,1640.0,17790000,-1.0,-1.0,-1.0
2016/08/01,1613.3333333333333,1613.3333333333333,1580.0,1590.0,13605000,-1.0,-1.0,-1.0
2016/08/02,1583.3333333333333,1610.0,1583.3333333333333,1600.0,8346000,-1.0,-1.0,-1.0
2016/08/03,1586.6666666666665,1603.3333333333333,1573.3333333333333,1583.3333333333333,12405000,-1.0,-1.0,-1.0
2016/08/04,1580.0,1586.6666666666665,1563.3333333333333,1580.0,9114000,-1.0,-1.0,-1.0
2016/08/05,1586.6666666666665,1606.6666666666665,1550.0,1553.3333333333333,8196000,-1.0,-1.0,-1.0
2016/08/08,1546.6666666666665,1596.6666666666665,1546.6666666666665,1586.6666666666665,12693000,-1.0,-1.0,-1.0
2016/08/09,1583.3333333333333,1626.6666666666665,1570.0,1613.3333333333333,7587000,-1.0,-1.0,-1.0
2016/08/10,1606.6666666666665,1653.3333333333333,1606.6666666666665,1633.3333333333333,8595000,-1.0,-1.0,-1.0
2016/08/12,1660.0,1666.6666666666665,1636.6666666666665,1650.0,9072000,-1.0,-1.0,-1.0
2016/08/15,1643.3333333333333,1663.3333333333333,1640.0,1643.3333333333333,4371000,-1.0,-1.0,-1.0
2016/08/16,1640.0,1663.3333333333333,1636.6666666666665,1640.0,5742000,-1.0,-1.0,-1.0
2016/08/17,1616.6666666666665,1633.3333333333333,1576.6666666666665,1580.0,9858000,-1.0,-1.0,-1.0
2016/08/18,1566.6666666666665,1570.0,1533.3333333333333,1546.6666666666665,16278000,-1.0,-1.0,-1.0
2016/08/19,1566.6666666666665,1566.6666666666665,1520.0,1540.0,10998000,-1.0,-1.0,-1.0
2016/08/22,1533.3333333333333,1546.6666666666665,1506.6666666666665,1530.0,13311000,-1.0,-1.0,-1.0
2016/08/23,1520.0,1566.6666666666665,1516.6666666666665,1546.6666666666665,10782000,-1.0,-1.0,-1.0
2016/08/24,1546.6666666666665,1570.0,1540.0,1566.6666666666665,5733000,-1.0,-1.0,-1.0
2016/08/25,1550.0,1556.6666666666665,1533.3333333333333,1540.0,8493000,-1.0,-1.0,-1.0
2016/08/26,1546.6666666666665,1583.3333333333333,1543.3333333333333,1563.3333333333333,10305000,-1.0,-1.0,-1.0
2016/08/29,1580.0,1603.3333333333333,1563.3333333333333,1576.6666666666665,9084000,-1.0,-1.0,-1.0
2016/08/30,1566.6666666666665,1573.3333333333333,1540.0,1543.3333333333333,17355000,-1.0,-1.0,-1.0
2016/08/31,1563.3333333333333,1566.6666666666665,1546.6666666666665,1560.0,8613000,-1.0,-1.0,-1.0
2016/09/01,1563.3333333333333,1570.0,1546.6666666666665,1560.0,3921000,-1.0,-1.0,-1.0
2016/09/02,1556.6666666666665,1573.3333333333333,1546.6666666666665,1550.0,4062000,-1.0,-1.0,-1.0
2016/09/05,1546.6666666666665,1550.0,1506.6666666666665,1513.3333333333333,12717000,-1.0,-1.0,-1.0
2016/09/06,1516.6666666666665,1576.6666666666665,1516.6666666666665,1566.6666666666665,9333000,-1.0,-1.0,-1.0
2016/09/07,1550.0,1563.3333333333333,1543.3333333333333,1553.3333333333333,5361000,-1.0,-1.0,-1.0
2016/09/08,1550.0,1560.0,1540.0,1543.3333333333333,3894000,-1.0,-1.0,-1.0
2016/09/09,1540.0,1556.6666666666665,1536.6666666666665,1550.0,7014000,-1.0,-1.0,-1.0
2016/09/12,1536.6666666666665,1550.0,1530.0,1540.0,6252000,-1.0,-1.0,-1.0
2016/09/13,1546.6666666666665,1560.0,1540.0,1553.3333333333333,4689000,-1.0,-1.0,-1.0
2016/09/14,1543.3333333333333,1556.6666666666665,1540.0,1546.6666666666665,5499000,-1.0,-1.0,-1.0
2016/09/15,1533.3333333333333,1556.6666666666665,1530.0,1553.3333333333333,4644000,-1.0,-1.0,-1.0
2016/09/16,1553.3333333333333,1560.0,1516.6666666666665,1526.6666666666665,6768000,-1.0,-1.0,-1.0
2016/09/20,1523.3333333333333,1553.3333333333333,1513.3333333333333,1540.0,5562000,-1.0,-1.0,-1.0
2016/09/21,1546.6666666666665,1586.6666666666665,1543.3333333333333,1586.6666666666665,9783000,-1.0,-1.0,-1.0
2016/09/23,1586.6666666666665,1593.3333333333333,1570.0,1586.6666666666665,5034000,-1.0,-1.0,-1.0
2016/09/26,1580.0,1600.0,1563.3333333333333,1566.6666666666665,4416000,-1.0,-1.0,-1.0
2016/09/27,1556.6666666666665,1583.3333333333333,1553.3333333333333,1583.3333333333333,5529000,-1.0,-1.0,-1.0
2016/09/28,1553.3333333333333,1573.3333333333333,1553.3333333333333,1570.0,2916000,-1.0,-1.0,-1.0
2016/09/29,1570.0,1583.3333333333333,1560.0,1576.6666666666665,3162000,-1.0,-1.0,-1.0
2016/09/30,1593.3333333333333,1593.3333333333333,1556.6666666666665,1560.0,8415000,-1.0,-1.0,-1.0
2016/10/03,1576.6666666666665,1576.6666666666665,1530.0,1533.3333333333333,5697000,-1.0,-1.0,-1.0
2016/10/04,1530.0,1540.0,1516.6666666666665,1533.3333333333333,8574000,-1.0,-1.0,-1.0
2016/10/05,1536.6666666666665,1540.0,1516.6666666666665,1530.0,5826000,-1.0,-1.0,-1.0
2016/10/06,1536.6666666666665,1540.0,1513.3333333333333,1516.6666666666665,8556000,-1.0,-1.0,-1.0
2016/10/07,1506.6666666666665,1510.0,1460.0,1470.0,15867000,-1.0,-1.0,-1.0
2016/10/11,1480.0,1493.3333333333333,1476.6666666666665,1483.3333333333333,9387000,-1.0,-1.0,-1.0
2016/10/12,1466.6666666666665,1476.6666666666665,1450.0,1456.6666666666665,10245000,-1.0,-1.0,-1.0
2016/10/13,1453.3333333333333,1463.3333333333333,1433.3333333333333,1436.6666666666665,7458000,-1.0,-1.0,-1.0
2016/10/14,1426.6666666666665,1436.6666666666665,1406.6666666666665,1433.3333333333333,12243000,-1.0,-1.0,-1.0
2016/10/17,1416.6666666666665,1456.6666666666665,1416.6666666666665,1453.3333333333333,9699000,-1.0,-1.0,-1.0
2016/10/18,1453.3333333333333,1466.6666666666665,1443.3333333333333,1453.3333333333333,6033000,-1.0,-1.0,-1.0
2016/10/19,1443.3333333333333,1463.3333333333333,1433.3333333333333,1440.0,7521000,-1.0,-1.0,-1.0
2016/10/20,1436.6666666666665,1460.0,1430.0,1456.6666666666665,8436000,-1.0,-1.0,-1.0
2016/10/21,1463.3333333333333,1463.3333333333333,1426.6666666666665,1430.0,9909000,-1.0,-1.0,-1.0
2016/10/24,1430.0,1446.6666666666665,1426.6666666666665,1436.6666666666665,6549000,-1.0,-1.0,-1.0
2016/10/25,1436.6666666666665,1456.6666666666665,1436.6666666666665,1453.3333333333333,7647000,-1.0,-1.0,-1.0
2016/10/26,1476.6666666666665,1490.0,1460.0,1486.6666666666665,20067000,-1.0,-1.0,-1.0
2016/10/27,1483.3333333333333,1496.6666666666665,1480.0,1483.3333333333333,6888000,-1.0,-1.0,-1.0
2016/10/28,1483.3333333333333,1486.6666666666665,1440.0,1443.3333333333333,19155000,-1.0,-1.0,-1.0
2016/10/31,1443.3333333333333,1453.3333333333333,1433.3333333333333,1450.0,10434000,-1.0,-1.0,-1.0
2016/11/01,1440.0,1443.3333333333333,1426.6666666666665,1433.3333333333333,6888000,-1.0,-1.0,-1.0
2016/11/02,1416.6666666666665,1416.6666666666665,1380.0,1390.0,15096000,-1.0,-1.0,-1.0
2016/11/04,1396.6666666666665,1406.6666666666665,1380.0,1403.3333333333333,8832000,-1.0,-1.0,-1.0
2016/11/07,1403.3333333333333,1420.0,1403.3333333333333,1410.0,6468000,-1.0,-1.0,-1.0
2016/11/08,1410.0,1423.3333333333333,1303.3333333333333,1313.3333333333333,29739000,-1.0,-1.0,-1.0
2016/11/09,1313.3333333333333,1313.3333333333333,1223.3333333333333,1233.3333333333333,29169000,-1.0,-1.0,-1.0
2016/11/10,1280.0,1306.6666666666665,1263.3333333333333,1266.6666666666665,33540000,-1.0,-1.0,-1.0
2016/11/11,1280.0,1313.3333333333333,1266.6666666666665,1280.0,20313000,-1.0,-1.0,-1.0
2016/11/14,1283.3333333333333,1296.6666666666665,1273.3333333333333,1293.3333333333333,15477000,-1.0,-1.0,-1.0
2016/11/15,1303.3333333333333,1303.3333333333333,1286.6666666666665,1293.3333333333333,10044000,-1.0,-1.0,-1.0
2016/11/16,1310.0,1336.6666666666665,1303.3333333333333,1336.6666666666665,12246000,-1.0,-1.0,-1.0
2016/11/17,1316.6666666666665,1326.6666666666665,1306.6666666666665,1316.6666666666665,12399000,-1.0,-1.0,-1.0
2016/11/18,1333.3333333333333,1333.3333333333333,1320.0,1323.3333333333333,7635000,-1.0,-1.0,-1.0
2016/11/21,1330.0,1350.0,1330.0,1350.0,10107000,-1.0,-1.0,-1.0
2016/11/22,1353.3333333333333,1353.3333333333333,1343.3333333333333,1350.0,7620000,-1.0,-1.0,-1.0
2016/11/24,1353.3333333333333,1353.3333333333333,1333.3333333333333,1336.6666666666665,11781000,-1.0,-1.0,-1.0
2016/11/25,1333.3333333333333,1353.3333333333333,1323.3333333333333,1330.0,10566000,-1.0,-1.0,-1.0
2016/11/28,1326.6666666666665,1340.0,1313.3333333333333,1330.0,12129000,-1.0,-1.0,-1.0
2016/11/29,1326.6666666666665,1330.0,1306.6666666666665,1313.3333333333333,9723000,-1.0,-1.0,-1.0
2016/11/30,1320.0,1353.3333333333333,1316.6666666666665,1346.6666666666665,13701000,-1.0,-1.0,-1.0
2016/12/01,1363.3333333333333,1400.0,1346.6666666666665,1346.6666666666665,16782000,-1.0,-1.0,-1.0
2016/12/02,1343.3333333333333,1360.0,1333.3333333333333,1343.3333333333333,9945000,-1.0,-1.0,-1.0
2016/12/05,1333.3333333333333,1343.3333333333333,1320.0,1340.0,13335000,-1.0,-1.0,-1.0
2016/12/06,1350.0,1353.3333333333333,1323.3333333333333,1340.0,14043000,-1.0,-1.0,-1.0
2016/12/07,1350.0,1416.6666666666665,1340.0,1413.3333333333333,23838000,-1.0,-1.0,-1.0
2016/12/08,1436.6666666666665,1463.3333333333333,1416.6666666666665,1460.0,28308000,-1.0,-1.0,-1.0
2016/12/09,1473.3333333333333,1473.3333333333333,1433.3333333333333,1440.0,19032000,-1.0,-1.0,-1.0
2016/12/12,1450.0,1450.0,1416.6666666666665,1436.6666666666665,13047000,-1.0,-1.0,-1.0
2016/12/13,1400.0,1413.3333333333333,1390.0,1410.0,14838000,-1.0,-1.0,-1.0
2016/12/14,1400.0,1420.0,1386.6666666666665,1416.6666666666665,14907000,-1.0,-1.0,-1.0
2016/12/15,1413.3333333333333,1426.6666666666665,1390.0,1400.0,9648000,-1.0,-1.0,-1.0
2016/12/16,1413.3333333333333,1420.0,1400.0,1406.6666666666665,8625000,-1.0,-1.0,-1.0
2016/12/19,1413.3333333333333,1416.6666666666665,1403.3333333333333,1410.0,7575000,-1.0,-1.0,-1.0
2016/12/20,1413.3333333333333,1453.3333333333333,1413.3333333333333,1446.6666666666665,18726000,-1.0,-1.0,-1.0
2016/12/21,1446.6666666666665,1460.0,1436.6666666666665,1440.0,13011000,-1.0,-1.0,-1.0
2016/12/22,1443.3333333333333,1483.3333333333333,1430.0,1476.6666666666665,20898000,-1.0,-1.0,-1.0
2016/12/26,1470.0,1493.3333333333333,1456.6666666666665,1486.6666666666665,15756000,-1.0,-1.0,-1.0
2016/12/27,1500.0,1510.0,1476.6666666666665,1480.0,13167000,-1.0,-1.0,-1.0
2016/12/28,1486.6666666666665,1486.6666666666665,1473.3333333333333,1480.0,6756000,-1.0,-1.0,-1.0
2016/12/29,1483.3333333333333,1486.6666666666665,1473.3333333333333,1476.6666666666665,8910000,-1.0,-1.0,-1.0
2016/12/30,1466.6666666666665,1483.3333333333333,1460.0,1470.0,10326000,-1.0,-1.0,-1.0
2017/01/04,1483.3333333333333,1503.3333333333333,1476.6666666666665,1500.0,12513000,-1.0,-1.0,-1.0
2017/01/05,1516.6666666666665,1516.6666666666665,1486.6666666666665,1496.6666666666665,17118000,-1.0,-1.0,-1.0
2017/01/06,1470.0,1506.6666666666665,1463.3333333333333,1506.6666666666665,17691000,-1.0,-1.0,-1.0
2017/01/10,1493.3333333333333,1520.0,1483.3333333333333,1510.0,11454000,-1.0,-1.0,-1.0
2017/01/11,1523.3333333333333,1530.0,1510.0,1526.6666666666665,9111000,-1.0,-1.0,-1.0
2017/01/12,1526.6666666666665,1543.3333333333333,1510.0,1526.6666666666665,15099000,-1.0,-1.0,-1.0
2017/01/13,1516.6666666666665,1533.3333333333333,1506.6666666666665,1530.0,15399000,-1.0,-1.0,-1.0
2017/01/16,1536.6666666666665,1546.6666666666665,1530.0,1533.3333333333333,13197000,-1.0,-1.0,-1.0
2017/01/17,1546.6666666666665,1546.6666666666665,1513.3333333333333,1516.6666666666665,13824000,-1.0,-1.0,-1.0
2017/01/18,1516.6666666666665,1533.3333333333333,1510.0,1533.3333333333333,12978000,-1.0,-1.0,-1.0
2017/01/19,1536.6666666666665,1553.3333333333333,1530.0,1543.3333333333333,9969000,-1.0,-1.0,-1.0
2017/01/20,1536.6666666666665,1546.6666666666665,1526.6666666666665,1543.3333333333333,5685000,-1.0,-1.0,-1.0
2017/01/23,1526.6666666666665,1536.6666666666665,1516.6666666666665,1520.0,13401000,-1.0,-1.0,-1.0
2017/01/24,1520.0,1540.0,1510.0,1520.0,13434000,-1.0,-1.0,-1.0
2017/01/25,1533.3333333333333,1540.0,1513.3333333333333,1523.3333333333333,13074000,-1.0,-1.0,-1.0
2017/01/26,1536.6666666666665,1543.3333333333333,1520.0,1540.0,14766000,-1.0,-1.0,-1.0
2017/01/27,1540.0,1560.0,1523.3333333333333,1550.0,13218000,-1.0,-1.0,-1.0
2017/01/30,1560.0,1560.0,1530.0,1540.0,7014000,-1.0,-1.0,-1.0
2017/01/31,1526.6666666666665,1530.0,1513.3333333333333,1516.6666666666665,9669000,-1.0,-1.0,-1.0
2017/02/01,1520.0,1533.3333333333333,1513.3333333333333,1520.0,9747000,-1.0,-1.0,-1.0
2017/02/02,1516.6666666666665,1523.3333333333333,1496.6666666666665,1500.0,15507000,-1.0,-1.0,-1.0
2017/02/03,1513.3333333333333,1523.3333333333333,1500.0,1516.6666666666665,11070000,-1.0,-1.0,-1.0
2017/02/06,1533.3333333333333,1540.0,1510.0,1520.0,8067000,-1.0,-1.0,-1.0
2017/02/07,1510.0,1530.0,1510.0,1520.0,5760000,-1.0,-1.0,-1.0
2017/02/08,1523.3333333333333,1533.3333333333333,1496.6666666666665,1510.0,9918000,-1.0,-1.0,-1.0
2017/02/09,1503.3333333333333,1526.6666666666665,1500.0,1516.6666666666665,10077000,-1.0,-1.0,-1.0
2017/02/10,1530.0,1530.0,1503.3333333333333,1516.6666666666665,14574000,-1.0,-1.0,-1.0
2017/02/13,1523.3333333333333,1560.0,1520.0,1540.0,13785000,-1.0,-1.0,-1.0
2017/02/14,1536.6666666666665,1546.6666666666665,1513.3333333333333,1513.3333333333333,8670000,-1.0,-1.0,-1.0
2017/02/15,1523.3333333333333,1523.3333333333333,1513.3333333333333,1523.3333333333333,10236000,-1.0,-1.0,-1.0
2017/02/16,1533.3333333333333,1556.6666666666665,1526.6666666666665,1543.3333333333333,12261000,-1.0,-1.0,-1.0
2017/02/17,1536.6666666666665,1543.3333333333333,1526.6666666666665,1533.3333333333333,8136000,-1.0,-1.0,-1.0
2017/02/20,1536.6666666666665,1543.3333333333333,1520.0,1536.6666666666665,9825000,-1.0,-1.0,-1.0
2017/02/21,1546.6666666666665,1563.3333333333333,1546.6666666666665,1553.3333333333333,7338000,-1.0,-1.0,-1.0
2017/02/22,1556.6666666666665,1556.6666666666665,1536.6666666666665,1546.6666666666665,10233000,-1.0,-1.0,-1.0
2017/02/23,1550.0,1556.6666666666665,1530.0,1546.6666666666665,11958000,-1.0,-1.0,-1.0
2017/02/24,1536.6666666666665,1536.6666666666665,1493.3333333333333,1503.3333333333333,13251000,-1.0,-1.0,-1.0
2017/02/27,1506.6666666666665,1530.0,1503.3333333333333,1530.0,12369000,-1.0,-1.0,-1.0
2017/02/28,1546.6666666666665,1580.0,1546.6666666666665,1556.6666666666665,15984000,-1.0,-1.0,-1.0
2017/03/01,1553.3333333333333,1566.6666666666665,1546.6666666666665,1566.6666666666665,10950000,-1.0,-1.0,-1.0
2017/03/02,1580.0,1623.3333333333333,1576.6666666666665,1616.6666666666665,20283000,-1.0,-1.0,-1.0
2017/03/03,1596.6666666666665,1600.0,1573.3333333333333,1583.3333333333333,18318000,-1.0,-1.0,-1.0
2017/03/06,1573.3333333333333,1593.3333333333333,1570.0,1586.6666666666665,11718000,-1.0,-1.0,-1.0
2017/03/07,1583.3333333333333,1590.0,1580.0,1583.3333333333333,8808000,-1.0,-1.0,-1.0
2017/03/08,1583.3333333333333,1593.3333333333333,1573.3333333333333,1586.6666666666665,8772000,-1.0,-1.0,-1.0
2017/03/09,1600.0,1603.3333333333333,1580.0,1593.3333333333333,5625000,-1.0,-1.0,-1.0
2017/03/10,1593.3333333333333,1606.6666666666665,1590.0,1600.0,7635000,-1.0,-1.0,-1.0
2017/03/13,1600.0,1606.6666666666665,1590.0,1600.0,7284000,-1.0,-1.0,-1.0
2017/03/14,1610.0,1613.3333333333333,1593.3333333333333,1603.3333333333333,3918000,-1.0,-1.0,-1.0
2017/03/15,1600.0,1603.3333333333333,1593.3333333333333,1600.0,2979000,-1.0,-1.0,-1.0
2017/03/16,1576.6666666666665,1606.6666666666665,1570.0,1603.3333333333333,5736000,-1.0,-1.0,-1.0
2017/03/17,1600.0,1603.3333333333333,1593.3333333333333,1596.6666666666665,6456000,-1.0,-1.0,-1.0
2017/03/21,1583.3333333333333,1603.3333333333333,1583.3333333333333,1586.6666666666665,6570000,-1.0,-1.0,-1.0
2017/03/22,1566.6666666666665,1610.0,1566.6666666666665,1600.0,11361000,-1.0,-1.0,-1.0
2017/03/23,1596.6666666666665,1610.0,1590.0,1603.3333333333333,8220000,-1.0,-1.0,-1.0
2017/03/24,1616.6666666666665,1646.6666666666665,1610.0,1630.0,9714000,-1.0,-1.0,-1.0
2017/03/27,1616.6666666666665,1633.3333333333333,1606.6666666666665,1620.0,7155000,-1.0,-1.0,-1.0
2017/03/28,1630.0,1640.0,1616.6666666666665,1623.3333333333333,7641000,-1.0,-1.0,-1.0
2017/03/29,1610.0,1613.3333333333333,1583.3333333333333,1603.3333333333333,10047000,-1.0,-1.0,-1.0
2017/03/30,1603.3333333333333,1606.6666666666665,1580.0,1593.3333333333333,8199000,-1.0,-1.0,-1.0
2017/03/31,1590.0,1593.3333333333333,1543.3333333333333,1543.3333333333333,14508000,-1.0,-1.0,-1.0
2017/04/03,1550.0,1573.3333333333333,1543.3333333333333,1556.6666666666665,10659000,-1.0,-1.0,-1.0
2017/04/04,1553.3333333333333,1563.3333333333333,1543.3333333333333,1553.3333333333333,8049000,-1.0,-1.0,-1.0
2017/04/05,1540.0,1550.0,1516.6666666666665,1526.6666666666665,13188000,-1.0,-1.0,-1.0
2017/04/06,1520.0,1526.6666666666665,1496.6666666666665,1500.0,7044000,-1.0,-1.0,-1.0
2017/04/07,1503.3333333333333,1520.0,1500.0,1506.6666666666665,8655000,-1.0,-1.0,-1.0
2017/04/10,1526.6666666666665,1533.3333333333333,1516.6666666666665,1530.0,5706000,-1.0,-1.0,-1.0
2017/04/11,1523.3333333333333,1536.6666666666665,1510.0,1523.3333333333333,6126000,-1.0,-1.0,-1.0
2017/04/12,1520.0,1523.3333333333333,1500.0,1513.3333333333333,7689000,-1.0,-1.0,-1.0
2017/04/13,1500.0,1513.3333333333333,1490.0,1510.0,6243000,-1.0,-1.0,-1.0
2017/04/14,1533.3333333333333,1533.3333333333333,1486.6666666666665,1490.0,6810000,-1.0,-1.0,-1.0
2017/04/17,1473.3333333333333,1490.0,1473.3333333333333,1486.6666666666665,5775000,-1.0,-1.0,-1.0
2017/04/18,1500.0,1510.0,1483.3333333333333,1493.3333333333333,5499000,-1.0,-1.0,-1.0
2017/04/19,1490.0,1496.6666666666665,1473.3333333333333,1490.0,7131000,-1.0,-1.0,-1.0
2017/04/20,1490.0,1503.3333333333333,1483.3333333333333,1500.0,7128000,-1.0,-1.0,-1.0
2017/04/21,1553.3333333333333,1586.6666666666665,1533.3333333333333,1556.6666666666665,17400000,-1.0,-1.0,-1.0
2017/04/24,1573.3333333333333,1580.0,1563.3333333333333,1570.0,5895000,-1.0,-1.0,-1.0
2017/04/25,1566.6666666666665,1593.3333333333333,1560.0,1590.0,7545000,-1.0,-1.0,-1.0
2017/04/26,1590.0,1603.3333333333333,1580.0,1603.3333333333333,7560000,-1.0,-1.0,-1.0
2017/04/27,1590.0,1606.6666666666665,1583.3333333333333,1596.6666666666665,5598000,-1.0,-1.0,-1.0
2017/04/28,1600.0,1616.6666666666665,1593.3333333333333,1613.3333333333333,7998000,-1.0,-1.0,-1.0
2017/05/01,1620.0,1636.6666666666665,1616.6666666666665,1636.6666666666665,4653000,-1.0,-1.0,-1.0
2017/05/02,1640.0,1650.0,1633.3333333333333,1643.3333333333333,6315000,-1.0,-1.0,-1.0
2017/05/08,1653.3333333333333,1683.3333333333333,1650.0,1683.3333333333333,8574000,-1.0,-1.0,-1.0
2017/05/09,1680.0,1696.6666666666665,1670.0,1696.6666666666665,10179000,-1.0,-1.0,-1.0
2017/05/10,1696.6666666666665,1703.3333333333333,1666.6666666666665,1696.6666666666665,10113000,-1.0,-1.0,-1.0
2017/05/11,1693.3333333333333,1693.3333333333333,1560.0,1570.0,21423000,-1.0,-1.0,-1.0
2017/05/12,1613.3333333333333,1653.3333333333333,1596.6666666666665,1620.0,20589000,-1.0,-1.0,-1.0
2017/05/15,1603.3333333333333,1630.0,1600.0,1623.3333333333333,5064000,-1.0,-1.0,-1.0
2017/05/16,1626.6666666666665,1640.0,1623.3333333333333,1633.3333333333333,6231000,-1.0,-1.0,-1.0
2017/05/17,1636.6666666666665,1670.0,1633.3333333333333,1656.6666666666665,10461000,-1.0,-1.0,-1.0
2017/05/18,1633.3333333333333,1656.6666666666665,1626.6666666666665,1646.6666666666665,8289000,-1.0,-1.0,-1.0
2017/05/19,1643.3333333333333,1646.6666666666665,1626.6666666666665,1643.3333333333333,6276000,-1.0,-1.0,-1.0
2017/05/22,1643.3333333333333,1680.0,1636.6666666666665,1663.3333333333333,7809000,-1.0,-1.0,-1.0
2017/05/23,1653.3333333333333,1670.0,1653.3333333333333,1660.0,4362000,-1.0,-1.0,-1.0
2017/05/24,1673.3333333333333,1683.3333333333333,1663.3333333333333,1673.3333333333333,4431000,-1.0,-1.0,-1.0
2017/05/25,1676.6666666666665,1686.6666666666665,1670.0,1680.0,4098000,-1.0,-1.0,-1.0
2017/05/26,1680.0,1680.0,1650.0,1650.0,5907000,-1.0,-1.0,-1.0
2017/05/29,1656.6666666666665,1663.3333333333333,1643.3333333333333,1646.6666666666665,3201000,-1.0,-1.0,-1.0
2017/05/30,1653.3333333333333,1653.3333333333333,1633.3333333333333,1643.3333333333333,3297000,-1.0,-1.0,-1.0
2017/05/31,1636.6666666666665,1640.0,1606.6666666666665,1613.3333333333333,6906000,-1.0,-1.0,-1.0
2017/06/01,1626.6666666666665,1646.6666666666665,1623.3333333333333,1630.0,7413000,-1.0,-1.0,-1.0
2017/06/02,1626.6666666666665,1633.3333333333333,1616.6666666666665,1626.6666666666665,8748000,-1.0,-1.0,-1.0
2017/06/05,1603.3333333333333,1630.0,1600.0,1626.6666666666665,6612000,-1.0,-1.0,-1.0
2017/06/06,1626.6666666666665,1630.0,1613.3333333333333,1620.0,4773000,-1.0,-1.0,-1.0
2017/06/07,1626.6666666666665,1630.0,1616.6666666666665,1626.6666666666665,5334000,-1.0,-1.0,-1.0
2017/06/08,1626.6666666666665,1646.6666666666665,1623.3333333333333,1626.6666666666665,5172000,-1.0,-1.0,-1.0
2017/06/09,1636.6666666666665,1636.6666666666665,1613.3333333333333,1626.6666666666665,6540000,-1.0,-1.0,-1.0
2017/06/12,1626.6666666666665,1640.0,1626.6666666666665,1633.3333333333333,2967000,-1.0,-1.0,-1.0
2017/06/13,1626.6666666666665,1636.6666666666665,1620.0,1623.3333333333333,3915000,-1.0,-1.0,-1.0
2017/06/14,1626.6666666666665,1636.6666666666665,1623.3333333333333,1633.3333333333333,4554000,-1.0,-1.0,-1.0
2017/06/15,1626.6666666666665,1646.6666666666665,1623.3333333333333,1626.6666666666665,5016000,-1.0,-1.0,-1.0
2017/06/16,1656.6666666666665,1663.3333333333333,1636.6666666666665,1643.3333333333333,8670000,-1.0,-1.0,-1.0
2017/06/19,1626.6666666666665,1636.6666666666665,1616.6666666666665,1636.6666666666665,5007000,-1.0,-1.0,-1.0
2017/06/20,1650.0,1693.3333333333333,1646.6666666666665,1683.3333333333333,8679000,-1.0,-1.0,-1.0
2017/06/21,1690.0,1776.6666666666665,1686.6666666666665,1750.0,18339000,-1.0,-1.0,-1.0
2017/06/22,1756.6666666666665,1776.6666666666665,1746.6666666666665,1760.0,9615000,-1.0,-1.0,-1.0
2017/06/23,1793.3333333333333,1826.6666666666665,1793.3333333333333,1816.6666666666665,11916000,-1.0,-1.0,-1.0
2017/06/26,1820.0,1863.3333333333333,1820.0,1856.6666666666665,11031000,-1.0,-1.0,-1.0
2017/06/27,1850.0,1853.3333333333333,1813.3333333333333,1820.0,9672000,-1.0,-1.0,-1.0
2017/06/28,1826.6666666666665,1826.6666666666665,1796.6666666666665,1810.0,8769000,-1.0,-1.0,-1.0
2017/06/29,1800.0,1813.3333333333333,1786.6666666666665,1810.0,8916000,-1.0,-1.0,-1.0
2017/06/30,1806.6666666666665,1806.6666666666665,1766.6666666666665,1776.6666666666665,11349000,-1.0,-1.0,-1.0
2017/07/03,1780.0,1820.0,1773.3333333333333,1790.0,6459000,-1.0,-1.0,-1.0
2017/07/04,1813.3333333333333,1833.3333333333333,1780.0,1793.3333333333333,10182000,-1.0,-1.0,-1.0
2017/07/05,1780.0,1813.3333333333333,1780.0,1803.3333333333333,5307000,-1.0,-1.0,-1.0
2017/07/06,1793.3333333333333,1826.6666666666665,1793.3333333333333,1806.6666666666665,5229000,-1.0,-1.0,-1.0
2017/07/07,1796.6666666666665,1806.6666666666665,1786.6666666666665,1790.0,5256000,-1.0,-1.0,-1.0
2017/07/10,1800.0,1813.3333333333333,1793.3333333333333,1813.3333333333333,4623000,-1.0,-1.0,-1.0
2017/07/11,1813.3333333333333,1823.3333333333333,1803.3333333333333,1820.0,3921000,-1.0,-1.0,-1.0
2017/07/12,1806.6666666666665,1820.0,1793.3333333333333,1806.6666666666665,3915000,-1.0,-1.0,-1.0
2017/07/13,1806.6666666666665,1813.3333333333333,1793.3333333333333,1800.0,5109000,-1.0,-1.0,-1.0
2017/07/14,1806.6666666666665,1833.3333333333333,1790.0,1830.0,5895000,-1.0,-1.0,-1.0
2017/07/18,1803.3333333333333,1813.3333333333333,1786.6666666666665,1796.6666666666665,4851000,-1.0,-1.0,-1.0
2017/07/19,1796.6666666666665,1810.0,1790.0,1796.6666666666665,3630000,-1.0,-1.0,-1.0
2017/07/20,1793.3333333333333,1806.6666666666665,1786.6666666666665,1800.0,5514000,-1.0,-1.0,-1.0
2017/07/21,1790.0,1810.0,1790.0,1800.0,3306000,-1.0,-1.0,-1.0
2017/07/24,1803.3333333333333,1810.0,1776.6666666666665,1786.6666666666665,3129000,-1.0,-1.0,-1.0
2017/07/25,1783.3333333333333,1790.0,1750.0,1773.3333333333333,5805000,-1.0,-1.0,-1.0
2017/07/26,1783.3333333333333,1783.3333333333333,1753.3333333333333,1763.3333333333333,5226000,-1.0,-1.0,-1.0
2017/07/27,1736.6666666666665,1763.3333333333333,1733.3333333333333,1743.3333333333333,5706000,-1.0,-1.0,-1.0
2017/07/28,1733.3333333333333,1750.0,1730.0,1746.6666666666665,4644000,-1.0,-1.0,-1.0
2017/07/31,1740.0,1750.0,1720.0,1723.3333333333333,7572000,-1.0,-1.0,-1.0
2017/08/01,1730.0,1763.3333333333333,1723.3333333333333,1760.0,8052000,-1.0,-1.0,-1.0
2017/08/02,1760.0,1760.0,1736.6666666666665,1746.6666666666665,4386000,-1.0,-1.0,-1.0
2017/08/03,1760.0,1773.3333333333333,1753.3333333333333,1763.3333333333333,5232000,-1.0,-1.0,-1.0
2017/08/04,1760.0,1790.0,1743.3333333333333,1786.6666666666665,7686000,-1.0,-1.0,-1.0
2017/08/07,1780.0,1786.6666666666665,1770.0,1783.3333333333333,3597000,-1.0,-1.0,-1.0
2017/08/08,1803.3333333333333,1816.6666666666665,1770.0,1790.0,8364000,-1.0,-1.0,-1.0
2017/08/09,1680.0,1690.0,1610.0,1676.6666666666665,19560000,-1.0,-1.0,-1.0
2017/08/10,1680.0,1680.0,1656.6666666666665,1660.0,6048000,-1.0,-1.0,-1.0
2017/08/14,1636.6666666666665,1646.6666666666665,1626.6666666666665,1630.0,10140000,-1.0,-1.0,-1.0
2017/08/15,1636.6666666666665,1653.3333333333333,1633.3333333333333,1643.3333333333333,4926000,-1.0,-1.0,-1.0
2017/08/16,1656.6666666666665,1656.6666666666665,1633.3333333333333,1633.3333333333333,6519000,-1.0,-1.0,-1.0
2017/08/17,1633.3333333333333,1646.6666666666665,1606.6666666666665,1606.6666666666665,10872000,-1.0,-1.0,-1.0
2017/08/18,1600.0,1630.0,1593.3333333333333,1620.0,12261000,-1.0,-1.0,-1.0
2017/08/21,1616.6666666666665,1633.3333333333333,1616.6666666666665,1623.3333333333333,7020000,-1.0,-1.0,-1.0
2017/08/22,1616.6666666666665,1633.3333333333333,1616.6666666666665,1616.6666666666665,5793000,-1.0,-1.0,-1.0
2017/08/23,1626.6666666666665,1630.0,1610.0,1623.3333333333333,6564000,-1.0,-1.0,-1.0
2017/08/24,1620.0,1633.3333333333333,1596.6666666666665,1600.0,6030000,-1.0,-1.0,-1.0
2017/08/25,1613.3333333333333,1633.3333333333333,1606.6666666666665,1623.3333333333333,9051000,-1.0,-1.0,-1.0
2017/08/28,1610.0,1640.0,1606.6666666666665,1633.3333333333333,6906000,-1.0,-1.0,-1.0
2017/08/29,1606.6666666666665,1630.0,1600.0,1630.0,9894000,-1.0,-1.0,-1.0
2017/08/30,1626.6666666666665,1640.0,1610.0,1626.6666666666665,4809000,-1.0,-1.0,-1.0
2017/08/31,1640.0,1660.0,1636.6666666666665,1643.3333333333333,5517000,-1.0,-1.0,-1.0
2017/09/01,1643.3333333333333,1646.6666666666665,1613.3333333333333,1630.0,9474000,-1.0,-1.0,-1.0
2017/09/04,1616.6666666666665,1620.0,1596.6666666666665,1606.6666666666665,10197000,-1.0,-1.0,-1.0
2017/09/05,1603.3333333333333,1633.3333333333333,1596.6666666666665,1623.3333333333333,9603000,-1.0,-1.0,-1.0
2017/09/06,1610.0,1636.6666666666665,1606.6666666666665,1633.3333333333333,5691000,-1.0,-1.0,-1.0
2017/09/07,1633.3333333333333,1646.6666666666665,1626.6666666666665,1640.0,5889000,-1.0,-1.0,-1.0
2017/09/08,1650.0,1656.6666666666665,1603.3333333333333,1610.0,12087000,-1.0,-1.0,-1.0
2017/09/11,1623.3333333333333,1650.0,1610.0,1646.6666666666665,7875000,-1.0,-1.0,-1.0
2017/09/12,1660.0,1663.3333333333333,1646.6666666666665,1650.0,3975000,-1.0,-1.0,-1.0
2017/09/13,1650.0,1660.0,1643.3333333333333,1656.6666666666665,2997000,-1.0,-1.0,-1.0
2017/09/14,1650.0,1663.3333333333333,1646.6666666666665,1653.3333333333333,5238000,-1.0,-1.0,-1.0
2017/09/15,1650.0,1660.0,1633.3333333333333,1643.3333333333333,6774000,-1.0,-1.0,-1.0
2017/09/19,1656.6666666666665,1673.3333333333333,1643.3333333333333,1666.6666666666665,5313000,-1.0,-1.0,-1.0
2017/09/20,1666.6666666666665,1696.6666666666665,1666.6666666666665,1680.0,6423000,-1.0,-1.0,-1.0
2017/09/21,1700.0,1703.3333333333333,1683.3333333333333,1696.6666666666665,7029000,-1.0,-1.0,-1.0
2017/09/22,1716.6666666666665,1716.6666666666665,1693.3333333333333,1713.3333333333333,7419000,-1.0,-1.0,-1.0
2017/09/25,1726.6666666666665,1730.0,1703.3333333333333,1710.0,6087000,-1.0,-1.0,-1.0
2017/09/26,1686.6666666666665,1700.0,1680.0,1690.0,7143000,-1.0,-1.0,-1.0
2017/09/27,1680.0,1690.0,1656.6666666666665,1660.0,6312000,-1.0,-1.0,-1.0
2017/09/28,1626.6666666666665,1640.0,1606.6666666666665,1633.3333333333333,13287000,-1.0,-1.0,-1.0
2017/09/29,1633.3333333333333,1670.0,1630.0,1660.0,9408000,-1.0,-1.0,-1.0
2017/10/02,1666.6666666666665,1673.3333333333333,1650.0,1656.6666666666665,5778000,-1.0,-1.0,-1.0
2017/10/03,1653.3333333333333,1666.6666666666665,1646.6666666666665,1663.3333333333333,6207000,-1.0,-1.0,-1.0
2017/10/04,1666.6666666666665,1670.0,1643.3333333333333,1646.6666666666665,6252000,-1.0,-1.0,-1.0
2017/10/05,1653.3333333333333,1666.6666666666665,1643.3333333333333,1653.3333333333333,6312000,-1.0,-1.0,-1.0
2017/10/06,1656.6666666666665,1666.6666666666665,1650.0,1656.6666666666665,6930000,-1.0,-1.0,-1.0
2017/10/10,1660.0,1690.0,1653.3333333333333,1683.3333333333333,8184000,-1.0,-1.0,-1.0
2017/10/11,1690.0,1706.6666666666665,1683.3333333333333,1686.6666666666665,8130000,-1.0,-1.0,-1.0
2017/10/12,1686.6666666666665,1690.0,1663.3333333333333,1663.3333333333333,5757000,-1.0,-1.0,-1.0
2017/10/13,1666.6666666666665,1683.3333333333333,1663.3333333333333,1673.3333333333333,10908000,-1.0,-1.0,-1.0
2017/10/16,1680.0,1683.3333333333333,1663.3333333333333,1673.3333333333333,5109000,-1.0,-1.0,-1.0
2017/10/17,1683.3333333333333,1683.3333333333333,1663.3333333333333,1670.0,7110000,-1.0,-1.0,-1.0
2017/10/18,1683.3333333333333,1686.6666666666665,1673.3333333333333,1683.3333333333333,6849000,-1.0,-1.0,-1.0
2017/10/19,1683.3333333333333,1700.0,1683.3333333333333,1690.0,6201000,-1.0,-1.0,-1.0
2017/10/20,1690.0,1703.3333333333333,1676.6666666666665,1683.3333333333333,7308000,-1.0,-1.0,-1.0
2017/10/23,1703.3333333333333,1713.3333333333333,1696.6666666666665,1710.0,6084000,-1.0,-1.0,-1.0
2017/10/24,1713.3333333333333,1740.0,1713.3333333333333,1726.6666666666665,7368000,-1.0,-1.0,-1.0
2017/10/25,1730.0,1740.0,1713.3333333333333,1720.0,6096000,-1.0,-1.0,-1.0
2017/10/26,1716.6666666666665,1743.3333333333333,1716.6666666666665,1736.6666666666665,6039000,-1.0,-1.0,-1.0
2017/10/27,1750.0,1760.0,1730.0,1740.0,5268000,-1.0,-1.0,-1.0
2017/10/30,1733.3333333333333,1736.6666666666665,1710.0,1720.0,7527000,-1.0,-1.0,-1.0
2017/10/31,1713.3333333333333,1730.0,1706.6666666666665,1726.6666666666665,5292000,-1.0,-1.0,-1.0
2017/11/01,1716.6666666666665,1730.0,1703.3333333333333,1730.0,6714000,-1.0,-1.0,-1.0
2017/11/02,1730.0,1730.0,1696.6666666666665,1713.3333333333333,9900000,-1.0,-1.0,-1.0
2017/11/06,1680.0,1693.3333333333333,1663.3333333333333,1683.3333333333333,13278000,-1.0,-1.0,-1.0
2017/11/07,1656.6666666666665,1690.0,1613.3333333333333,1650.0,28158000,-1.0,-1.0,-1.0
2017/11/08,1636.6666666666665,1650.0,1603.3333333333333,1643.3333333333333,16263000,-1.0,-1.0,-1.0
2017/11/09,1630.0,1643.3333333333333,1613.3333333333333,1630.0,14133000,-1.0,-1.0,-1.0
2017/11/10,1646.6666666666665,1650.0,1616.6666666666665,1623.3333333333333,12051000,-1.0,-1.0,-1.0
2017/11/13,1686.6666666666665,1723.3333333333333,1686.6666666666665,1696.6666666666665,22353000,-1.0,-1.0,-1.0
2017/11/14,1700.0,1723.3333333333333,1693.3333333333333,1696.6666666666665,11556000,-1.0,-1.0,-1.0
2017/11/15,1683.3333333333333,1683.3333333333333,1646.6666666666665,1656.6666666666665,13596000,-1.0,-1.0,-1.0
2017/11/16,1736.6666666666665,1773.3333333333333,1720.0,1766.6666666666665,25875000,-1.0,-1.0,-1.0
2017/11/17,1786.6666666666665,1813.3333333333333,1766.6666666666665,1776.6666666666665,16218000,-1.0,-1.0,-1.0
2017/11/20,1793.3333333333333,1836.6666666666665,1776.6666666666665,1826.6666666666665,15621000,-1.0,-1.0,-1.0
2017/11/21,1833.3333333333333,1846.6666666666665,1816.6666666666665,1833.3333333333333,8889000,-1.0,-1.0,-1.0
2017/11/22,1826.6666666666665,1833.3333333333333,1776.6666666666665,1786.6666666666665,11457000,-1.0,-1.0,-1.0
2017/11/24,1773.3333333333333,1780.0,1750.0,1750.0,7821000,-1.0,-1.0,-1.0
2017/11/27,1750.0,1750.0,1713.3333333333333,1736.6666666666665,7800000,-1.0,-1.0,-1.0
2017/11/28,1743.3333333333333,1760.0,1716.6666666666665,1723.3333333333333,7125000,-1.0,-1.0,-1.0
2017/11/29,1743.3333333333333,1756.6666666666665,1730.0,1750.0,6867000,-1.0,-1.0,-1.0
2017/11/30,1766.6666666666665,1766.6666666666665,1733.3333333333333,1753.3333333333333,7407000,-1.0,-1.0,-1.0
2017/12/01,1760.0,1763.3333333333333,1726.6666666666665,1750.0,8130000,-1.0,-1.0,-1.0
2017/12/04,1763.3333333333333,1796.6666666666665,1756.6666666666665,1790.0,7107000,-1.0,-1.0,-1.0
2017/12/05,1780.0,1800.0,1773.3333333333333,1786.6666666666665,4179000,-1.0,-1.0,-1.0
2017/12/06,1783.3333333333333,1786.6666666666665,1743.3333333333333,1746.6666666666665,7956000,-1.0,-1.0,-1.0
2017/12/07,1760.0,1790.0,1756.6666666666665,1786.6666666666665,6312000,-1.0,-1.0,-1.0
2017/12/08,1796.6666666666665,1813.3333333333333,1793.3333333333333,1806.6666666666665,9405000,-1.0,-1.0,-1.0
2017/12/11,1813.3333333333333,1826.6666666666665,1806.6666666666665,1823.3333333333333,5838000,-1.0,-1.0,-1.0
2017/12/12,1796.6666666666665,1810.0,1786.6666666666665,1793.3333333333333,5814000,-1.0,-1.0,-1.0
2017/12/13,1796.6666666666665,1796.6666666666665,1766.6666666666665,1766.6666666666665,4032000,-1.0,-1.0,-1.0
2017/12/14,1780.0,1793.3333333333333,1763.3333333333333,1783.3333333333333,4338000,-1.0,-1.0,-1.0
2017/12/15,1773.3333333333333,1780.0,1753.3333333333333,1760.0,7395000,-1.0,-1.0,-1.0
2017/12/18,1776.6666666666665,1780.0,1750.0,1770.0,3858000,-1.0,-1.0,-1.0
2017/12/19,1766.6666666666665,1776.6666666666665,1753.3333333333333,1766.6666666666665,5760000,-1.0,-1.0,-1.0
2017/12/20,1796.6666666666665,1806.6666666666665,1773.3333333333333,1776.6666666666665,9645000,-1.0,-1.0,-1.0
2017/12/21,1756.6666666666665,1766.6666666666665,1743.3333333333333,1760.0,6825000,-1.0,-1.0,-1.0
2017/12/22,1750.0,1763.3333333333333,1736.6666666666665,1763.3333333333333,5982000,-1.0,-1.0,-1.0
2017/12/25,1770.0,1776.6666666666665,1760.0,1776.6666666666665,2526000,-1.0,-1.0,-1.0
2017/12/26,1783.3333333333333,1803.3333333333333,1780.0,1786.6666666666665,5895000,-1.0,-1.0,-1.0
2017/12/27,1796.6666666666665,1813.3333333333333,1790.0,1806.6666666666665,3363000,-1.0,-1.0,-1.0
2017/12/28,1806.6666666666665,1816.6666666666665,1783.3333333333333,1800.0,6078000,-1.0,-1.0,-1.0
2017/12/29,1800.0,1816.6666666666665,1800.0,1810.0,3174000,-1.0,-1.0,-1.0
2018/01/04,1843.3333333333333,1856.6666666666665,1836.6666666666665,1843.3333333333333,8115000,-1.0,-1.0,-1.0
2018/01/05,1853.3333333333333,1873.3333333333333,1850.0,1860.0,7947000,-1.0,-1.0,-1.0
2018/01/09,1866.6666666666665,1900.0,1863.3333333333333,1893.3333333333333,8907000,-1.0,-1.0,-1.0
2018/01/10,1896.6666666666665,1923.3333333333333,1883.3333333333333,1896.6666666666665,7944000,-1.0,-1.0,-1.0
2018/01/11,1893.3333333333333,1936.6666666666665,1886.6666666666665,1913.3333333333333,9219000,-1.0,-1.0,-1.0
2018/01/12,1943.3333333333333,1946.6666666666665,1880.0,1886.6666666666665,9720000,-1.0,-1.0,-1.0
2018/01/15,1896.6666666666665,1903.3333333333333,1860.0,1866.6666666666665,4317000,-1.0,-1.0,-1.0
2018/01/16,1846.6666666666665,1866.6666666666665,1843.3333333333333,1853.3333333333333,4914000,-1.0,-1.0,-1.0
2018/01/17,1833.3333333333333,1836.6666666666665,1810.0,1816.6666666666665,7344000,-1.0,-1.0,-1.0
2018/01/18,1826.6666666666665,1833.3333333333333,1763.3333333333333,1763.3333333333333,12465000,-1.0,-1.0,-1.0
2018/01/19,1766.6666666666665,1793.3333333333333,1763.3333333333333,1790.0,4608000,-1.0,-1.0,-1.0
2018/01/22,1766.6666666666665,1786.6666666666665,1766.6666666666665,1780.0,3456000,-1.0,-1.0,-1.0
2018/01/23,1796.6666666666665,1803.3333333333333,1786.6666666666665,1790.0,4230000,-1.0,-1.0,-1.0
2018/01/24,1780.0,1796.6666666666665,1780.0,1790.0,4464000,-1.0,-1.0,-1.0
2018/01/25,1790.0,1790.0,1773.3333333333333,1773.3333333333333,3789000,-1.0,-1.0,-1.0
2018/01/26,1770.0,1773.3333333333333,1733.3333333333333,1733.3333333333333,9198000,-1.0,-1.0,-1.0
2018/01/29,1750.0,1756.6666666666665,1736.6666666666665,1740.0,6519000,-1.0,-1.0,-1.0
2018/01/30,1730.0,1736.6666666666665,1713.3333333333333,1720.0,5985000,-1.0,-1.0,-1.0
2018/01/31,1740.0,1753.3333333333333,1710.0,1713.3333333333333,7203000,-1.0,-1.0,-1.0
2018/02/01,1716.6666666666665,1740.0,1693.3333333333333,1736.6666666666665,6615000,-1.0,-1.0,-1.0
2018/02/02,1733.3333333333333,1750.0,1723.3333333333333,1743.3333333333333,6207000,-1.0,-1.0,-1.0
2018/02/05,1713.3333333333333,1733.3333333333333,1706.6666666666665,1720.0,6942000,-1.0,-1.0,-1.0
2018/02/06,1663.3333333333333,1676.6666666666665,1613.3333333333333,1646.6666666666665,12168000,-1.0,-1.0,-1.0
2018/02/07,1706.6666666666665,1713.3333333333333,1663.3333333333333,1666.6666666666665,8808000,-1.0,-1.0,-1.0
2018/02/08,1666.6666666666665,1710.0,1666.6666666666665,1706.6666666666665,7332000,-1.0,-1.0,-1.0
2018/02/09,1656.6666666666665,1676.6666666666665,1600.0,1616.6666666666665,16002000,-1.0,-1.0,-1.0
2018/02/13,1510.0,1570.0,1506.6666666666665,1553.3333333333333,17268000,-1.0,-1.0,-1.0
2018/02/14,1543.3333333333333,1556.6666666666665,1533.3333333333333,1540.0,12654000,-1.0,-1.0,-1.0
2018/02/15,1573.3333333333333,1576.6666666666665,1553.3333333333333,1563.3333333333333,10032000,-1.0,-1.0,-1.0
2018/02/16,1560.0,1590.0,1550.0,1583.3333333333333,9348000,-1.0,-1.0,-1.0
2018/02/19,1590.0,1606.6666666666665,1576.6666666666665,1603.3333333333333,5847000,-1.0,-1.0,-1.0
2018/02/20,1580.0,1613.3333333333333,1580.0,1603.3333333333333,6429000,-1.0,-1.0,-1.0
2018/02/21,1606.6666666666665,1626.6666666666665,1606.6666666666665,1623.3333333333333,6951000,-1.0,-1.0,-1.0
2018/02/22,1630.0,1636.6666666666665,1606.6666666666665,1633.3333333333333,7620000,-1.0,-1.0,-1.0
2018/02/23,1643.3333333333333,1660.0,1640.0,1650.0,6024000,-1.0,-1.0,-1.0
2018/02/26,1683.3333333333333,1686.6666666666665,1643.3333333333333,1650.0,9453000,-1.0,-1.0,-1.0
2018/02/27,1646.6666666666665,1660.0,1633.3333333333333,1650.0,9411000,-1.0,-1.0,-1.0
2018/02/28,1640.0,1660.0,1640.0,1650.0,9750000,-1.0,-1.0,-1.0
2018/03/01,1636.6666666666665,1640.0,1610.0,1630.0,12192000,-1.0,-1.0,-1.0
2018/03/02,1583.3333333333333,1593.3333333333333,1556.6666666666665,1586.6666666666665,16455000,-1.0,-1.0,-1.0
2018/03/05,1573.3333333333333,1610.0,1560.0,1603.3333333333333,13380000,-1.0,-1.0,-1.0
2018/03/06,1616.6666666666665,1620.0,1580.0,1590.0,9261000,-1.0,-1.0,-1.0
2018/03/07,1580.0,1616.6666666666665,1576.6666666666665,1603.3333333333333,10146000,-1.0,-1.0,-1.0
2018/03/08,1596.6666666666665,1600.0,1583.3333333333333,1600.0,8658000,-1.0,-1.0,-1.0
2018/03/09,1603.3333333333333,1633.3333333333333,1586.6666666666665,1596.6666666666665,11508000,-1.0,-1.0,-1.0
2018/03/12,1566.6666666666665,1593.3333333333333,1540.0,1580.0,14748000,-1.0,-1.0,-1.0
2018/03/13,1576.6666666666665,1596.6666666666665,1573.3333333333333,1593.3333333333333,8259000,-1.0,-1.0,-1.0
2018/03/14,1600.0,1603.3333333333333,1580.0,1593.3333333333333,6024000,-1.0,-1.0,-1.0
2018/03/15,1580.0,1586.6666666666665,1556.6666666666665,1563.3333333333333,8031000,-1.0,-1.0,-1.0
2018/03/16,1566.6666666666665,1566.6666666666665,1546.6666666666665,1550.0,9405000,-1.0,-1.0,-1.0
2018/03/19,1536.6666666666665,1553.3333333333333,1523.3333333333333,1550.0,8958000,-1.0,-1.0,-1.0
2018/03/20,1553.3333333333333,1580.0,1526.6666666666665,1576.6666666666665,10269000,-1.0,-1.0,-1.0
2018/03/22,1573.3333333333333,1576.6666666666665,1530.0,1536.6666666666665,11325000,-1.0,-1.0,-1.0
2018/03/23,1513.3333333333333,1536.6666666666665,1500.0,1503.3333333333333,13704000,-1.0,-1.0,-1.0
2018/03/26,1493.3333333333333,1506.6666666666665,1486.6666666666665,1506.6666666666665,7290000,-1.0,-1.0,-1.0
2018/03/27,1520.0,1546.6666666666665,1520.0,1543.3333333333333,7350000,-1.0,-1.0,-1.0
2018/03/28,1516.6666666666665,1530.0,1503.3333333333333,1526.6666666666665,9174000,-1.0,-1.0,-1.0
2018/03/29,1543.3333333333333,1566.6666666666665,1533.3333333333333,1553.3333333333333,6768000,-1.0,-1.0,-1.0
2018/03/30,1570.0,1583.3333333333333,1560.0,1573.3333333333333,5718000,-1.0,-1.0,-1.0
2018/04/02,1556.6666666666665,1563.3333333333333,1536.6666666666665,1536.6666666666665,3714000,-1.0,-1.0,-1.0
2018/04/03,1530.0,1573.3333333333333,1523.3333333333333,1566.6666666666665,7779000,-1.0,-1.0,-1.0
2018/04/04,1563.3333333333333,1586.6666666666665,1553.3333333333333,1576.6666666666665,5376000,-1.0,-1.0,-1.0
2018/04/05,1596.6666666666665,1636.6666666666665,1586.6666666666665,1616.6666666666665,7086000,-1.0,-1.0,-1.0
2018/04/06,1620.0,1620.0,1590.0,1593.3333333333333,7314000,-1.0,-1.0,-1.0
2018/04/09,1586.6666666666665,1613.3333333333333,1583.3333333333333,1593.3333333333333,6435000,-1.0,-1.0,-1.0
2018/04/10,1586.6666666666665,1623.3333333333333,1586.6666666666665,1610.0,6795000,-1.0,-1.0,-1.0
2018/04/11,1613.3333333333333,1616.6666666666665,1593.3333333333333,1603.3333333333333,2997000,-1.0,-1.0,-1.0
2018/04/12,1586.6666666666665,1586.6666666666665,1533.3333333333333,1543.3333333333333,8256000,-1.0,-1.0,-1.0
2018/04/13,1550.0,1583.3333333333333,1543.3333333333333,1576.6666666666665,5568000,-1.0,-1.0,-1.0
2018/04/16,1576.6666666666665,1583.3333333333333,1566.6666666666665,1580.0,5169000,-1.0,-1.0,-1.0
2018/04/17,1556.6666666666665,1600.0,1556.6666666666665,1593.3333333333333,5691000,-1.0,-1.0,-1.0
2018/04/18,1593.3333333333333,1620.0,1583.3333333333333,1606.6666666666665,7299000,-1.0,-1.0,-1.0
2018/04/19,1606.6666666666665,1646.6666666666665,1606.6666666666665,1626.6666666666665,7413000,-1.0,-1.0,-1.0
2018/04/20,1620.0,1630.0,1610.0,1620.0,5283000,-1.0,-1.0,-1.0
2018/04/23,1623.3333333333333,1626.6666666666665,1606.6666666666665,1610.0,4305000,-1.0,-1.0,-1.0
2018/04/24,1620.0,1630.0,1613.3333333333333,1620.0,3903000,-1.0,-1.0,-1.0
2018/04/25,1610.0,1636.6666666666665,1606.6666666666665,1620.0,3924000,-1.0,-1.0,-1.0
2018/04/26,1630.0,1636.6666666666665,1613.3333333333333,1626.6666666666665,3114000,-1.0,-1.0,-1.0
2018/04/27,1633.3333333333333,1673.3333333333333,1630.0,1670.0,9021000,-1.0,-1.0,-1.0
2018/05/01,1666.6666666666665,1680.0,1646.6666666666665,1676.6666666666665,4362000,-1.0,-1.0,-1.0
2018/05/02,1680.0,1700.0,1673.3333333333333,1693.3333333333333,4176000,-1.0,-1.0,-1.0
2018/05/07,1673.3333333333333,1683.3333333333333,1643.3333333333333,1656.6666666666665,5010000,-1.0,-1.0,-1.0
2018/05/08,1646.6666666666665,1676.6666666666665,1640.0,1653.3333333333333,6300000,-1.0,-1.0,-1.0
2018/05/09,1653.3333333333333,1673.3333333333333,1633.3333333333333,1633.3333333333333,5145000,-1.0,-1.0,-1.0
2018/05/10,1640.0,1696.6666666666665,1590.0,1680.0,16008000,-1.0,-1.0,-1.0
2018/05/11,1696.6666666666665,1713.3333333333333,1660.0,1663.3333333333333,9648000,-1.0,-1.0,-1.0
2018/05/14,1676.6666666666665,1693.3333333333333,1653.3333333333333,1663.3333333333333,4764000,-1.0,-1.0,-1.0
2018/05/15,1680.0,1680.0,1633.3333333333333,1640.0,6090000,-1.0,-1.0,-1.0
2018/05/16,1643.3333333333333,1666.6666666666665,1640.0,1656.6666666666665,2811000,-1.0,-1.0,-1.0
2018/05/17,1660.0,1696.6666666666665,1660.0,1690.0,3777000,-1.0,-1.0,-1.0
2018/05/18,1703.3333333333333,1713.3333333333333,1680.0,1686.6666666666665,3327000,-1.0,-1.0,-1.0
2018/05/21,1683.3333333333333,1700.0,1680.0,1680.0,2943000,-1.0,-1.0,-1.0
2018/05/22,1670.0,1680.0,1660.0,1670.0,3120000,-1.0,-1.0,-1.0
2018/05/23,1646.6666666666665,1673.3333333333333,1640.0,1653.3333333333333,6246000,-1.0,-1.0,-1.0
2018/05/24,1656.6666666666665,1660.0,1620.0,1626.6666666666665,3846000,-1.0,-1.0,-1.0
2018/05/25,1640.0,1663.3333333333333,1633.3333333333333,1646.6666666666665,4659000,-1.0,-1.0,-1.0
2018/05/28,1630.0,1656.6666666666665,1626.6666666666665,1650.0,4761000,-1.0,-1.0,-1.0
2018/05/29,1643.3333333333333,1653.3333333333333,1626.6666666666665,1633.3333333333333,3261000,-1.0,-1.0,-1.0
2018/05/30,1616.6666666666665,1630.0,1600.0,1606.6666666666665,4386000,-1.0,-1.0,-1.0
2018/05/31,1720.0,1753.3333333333333,1696.6666666666665,1703.3333333333333,30957000,-1.0,-1.0,-1.0
2018/06/01,1706.6666666666665,1730.0,1693.3333333333333,1693.3333333333333,9570000,-1.0,-1.0,-1.0
2018/06/04,1706.6666666666665,1730.0,1696.6666666666665,1700.0,5859000,-1.0,-1.0,-1.0
2018/06/05,1706.6666666666665,1710.0,1670.0,1676.6666666666665,5556000,-1.0,-1.0,-1.0
2018/06/06,1673.3333333333333,1703.3333333333333,1670.0,1686.6666666666665,5229000,-1.0,-1.0,-1.0
2018/06/07,1693.3333333333333,1753.3333333333333,1690.0,1743.3333333333333,10473000,-1.0,-1.0,-1.0
2018/06/08,1733.3333333333333,1760.0,1720.0,1753.3333333333333,10251000,-1.0,-1.0,-1.0
2018/06/11,1756.6666666666665,1790.0,1743.3333333333333,1776.6666666666665,8019000,-1.0,-1.0,-1.0
2018/06/12,1786.6666666666665,1816.6666666666665,1776.6666666666665,1810.0,9312000,-1.0,-1.0,-1.0
2018/06/13,1810.0,1813.3333333333333,1786.6666666666665,1790.0,7362000,-1.0,-1.0,-1.0
2018/06/14,1780.0,1780.0,1750.0,1760.0,7011000,-1.0,-1.0,-1.0
2018/06/15,1766.6666666666665,1776.6666666666665,1756.6666666666665,1766.6666666666665,6516000,-1.0,-1.0,-1.0
2018/06/18,1786.6666666666665,1833.3333333333333,1783.3333333333333,1823.3333333333333,14607000,-1.0,-1.0,-1.0
2018/06/19,1820.0,1820.0,1746.6666666666665,1750.0,9018000,-1.0,-1.0,-1.0
2018/06/20,1743.3333333333333,1743.3333333333333,1673.3333333333333,1686.6666666666665,18579000,-1.0,-1.0,-1.0
2018/06/21,1690.0,1730.0,1690.0,1710.0,12333000,-1.0,-1.0,-1.0
2018/06/22,1710.0,1723.3333333333333,1693.3333333333333,1703.3333333333333,9783000,-1.0,-1.0,-1.0
2018/06/25,1706.6666666666665,1726.6666666666665,1683.3333333333333,1696.6666666666665,6072000,-1.0,-1.0,-1.0
2018/06/26,1693.3333333333333,1706.6666666666665,1680.0,1703.3333333333333,5913000,-1.0,-1.0,-1.0
2018/06/27,1693.3333333333333,1733.3333333333333,1690.0,1723.3333333333333,5298000,-1.0,-1.0,-1.0
2018/06/28,1776.6666666666665,1780.0,1713.3333333333333,1743.3333333333333,12510000,-1.0,-1.0,-1.0
2018/06/29,1743.3333333333333,1756.6666666666665,1726.6666666666665,1730.0,8400000,-1.0,-1.0,-1.0
2018/07/02,1730.0,1750.0,1713.3333333333333,1716.6666666666665,8439000,-1.0,-1.0,-1.0
2018/07/03,1716.6666666666665,1733.3333333333333,1716.6666666666665,1723.3333333333333,8400000,-1.0,-1.0,-1.0
2018/07/04,1720.0,1736.6666666666665,1706.6666666666665,1720.0,7788000,-1.0,-1.0,-1.0
2018/07/05,1720.0,1730.0,1700.0,1710.0,9603000,-1.0,-1.0,-1.0
2018/07/06,1710.0,1716.6666666666665,1696.6666666666665,1703.3333333333333,10548000,-1.0,-1.0,-1.0
2018/07/09,1720.0,1733.3333333333333,1710.0,1713.3333333333333,8673000,-1.0,-1.0,-1.0
2018/07/10,1726.6666666666665,1776.6666666666665,1723.3333333333333,1770.0,11706000,-1.0,-1.0,-1.0
2018/07/11,1786.6666666666665,1823.3333333333333,1780.0,1806.6666666666665,15837000,-1.0,-1.0,-1.0
2018/07/12,1806.6666666666665,1820.0,1783.3333333333333,1800.0,9252000,-1.0,-1.0,-1.0
2018/07/13,1820.0,1833.3333333333333,1810.0,1820.0,9495000,-1.0,-1.0,-1.0
2018/07/17,1820.0,1846.6666666666665,1816.6666666666665,1833.3333333333333,6672000,-1.0,-1.0,-1.0
2018/07/18,1840.0,1843.3333333333333,1803.3333333333333,1803.3333333333333,7269000,-1.0,-1.0,-1.0
2018/07/19,1806.6666666666665,1806.6666666666665,1780.0,1786.6666666666665,6330000,-1.0,-1.0,-1.0
2018/07/20,1793.3333333333333,1793.3333333333333,1763.3333333333333,1786.6666666666665,9420000,-1.0,-1.0,-1.0
2018/07/23,1783.3333333333333,1806.6666666666665,1776.6666666666665,1800.0,7785000,-1.0,-1.0,-1.0
2018/07/24,1813.3333333333333,1813.3333333333333,1800.0,1803.3333333333333,4917000,-1.0,-1.0,-1.0
2018/07/25,1803.3333333333333,1810.0,1750.0,1753.3333333333333,13608000,-1.0,-1.0,-1.0
2018/07/26,1766.6666666666665,1796.6666666666665,1763.3333333333333,1776.6666666666665,9270000,-1.0,-1.0,-1.0
2018/07/27,1776.6666666666665,1786.6666666666665,1736.6666666666665,1746.6666666666665,11862000,-1.0,-1.0,-1.0
2018/07/30,1746.6666666666665,1766.6666666666665,1736.6666666666665,1750.0,8202000,-1.0,-1.0,-1.0
2018/07/31,1753.3333333333333,1780.0,1753.3333333333333,1773.3333333333333,6315000,-1.0,-1.0,-1.0
2018/08/01,1780.0,1803.3333333333333,1773.3333333333333,1793.3333333333333,6498000,-1.0,-1.0,-1.0
2018/08/02,1793.3333333333333,1810.0,1773.3333333333333,1780.0,5763000,-1.0,-1.0,-1.0
2018/08/03,1783.3333333333333,1783.3333333333333,1750.0,1763.3333333333333,5118000,-1.0,-1.0,-1.0
2018/08/06,1740.0,1750.0,1683.3333333333333,1690.0,11154000,-1.0,-1.0,-1.0
2018/08/07,1663.3333333333333,1703.3333333333333,1626.6666666666665,1690.0,11535000,-1.0,-1.0,-1.0
2018/08/08,1550.0,1650.0,1520.0,1640.0,19563000,-1.0,-1.0,-1.0
2018/08/09,1643.3333333333333,1650.0,1623.3333333333333,1633.3333333333333,5151000,-1.0,-1.0,-1.0
2018/08/10,1633.3333333333333,1643.3333333333333,1610.0,1613.3333333333333,7560000,-1.0,-1.0,-1.0
2018/08/13,1593.3333333333333,1596.6666666666665,1566.6666666666665,1576.6666666666665,6654000,-1.0,-1.0,-1.0
2018/08/14,1576.6666666666665,1600.0,1566.6666666666665,1593.3333333333333,5136000,-1.0,-1.0,-1.0
2018/08/15,1593.3333333333333,1593.3333333333333,1543.3333333333333,1563.3333333333333,5409000,-1.0,-1.0,-1.0
2018/08/16,1543.3333333333333,1553.3333333333333,1523.3333333333333,1550.0,4995000,-1.0,-1.0,-1.0
2018/08/17,1543.3333333333333,1573.3333333333333,1540.0,1570.0,4791000,-1.0,-1.0,-1.0
2018/08/20,1573.3333333333333,1596.6666666666665,1573.3333333333333,1580.0,5343000,-1.0,-1.0,-1.0
2018/08/21,1570.0,1593.3333333333333,1563.3333333333333,1583.3333333333333,3753000,-1.0,-1.0,-1.0
2018/08/22,1596.6666666666665,1620.0,1593.3333333333333,1606.6666666666665,4698000,-1.0,-1.0,-1.0
2018/08/23,1606.6666666666665,1620.0,1600.0,1606.6666666666665,3873000,-1.0,-1.0,-1.0
2018/08/24,1616.6666666666665,1620.0,1603.3333333333333,1606.6666666666665,3315000,-1.0,-1.0,-1.0
2018/08/27,1606.6666666666665,1616.6666666666665,1593.3333333333333,1600.0,4980000,-1.0,-1.0,-1.0
2018/08/28,1573.3333333333333,1620.0,1573.3333333333333,1603.3333333333333,5292000,-1.0,-1.0,-1.0
2018/08/29,1573.3333333333333,1586.6666666666665,1563.3333333333333,1570.0,8316000,-1.0,-1.0,-1.0
2018/08/30,1573.3333333333333,1580.0,1553.3333333333333,1566.6666666666665,17979000,-1.0,-1.0,-1.0
2018/08/31,1583.3333333333333,1600.0,1573.3333333333333,1586.6666666666665,8616000,-1.0,-1.0,-1.0
2018/09/03,1580.0,1583.3333333333333,1543.3333333333333,1560.0,5463000,-1.0,-1.0,-1.0
2018/09/04,1546.6666666666665,1566.6666666666665,1540.0,1550.0,5805000,-1.0,-1.0,-1.0
2018/09/05,1546.6666666666665,1563.3333333333333,1536.6666666666665,1553.3333333333333,5622000,-1.0,-1.0,-1.0
2018/09/06,1543.3333333333333,1583.3333333333333,1543.3333333333333,1576.6666666666665,5121000,-1.0,-1.0,-1.0
2018/09/07,1566.6666666666665,1566.6666666666665,1533.3333333333333,1536.6666666666665,6069000,-1.0,-1.0,-1.0
2018/09/10,1526.6666666666665,1546.6666666666665,1523.3333333333333,1526.6666666666665,3708000,-1.0,-1.0,-1.0
2018/09/11,1483.3333333333333,1533.3333333333333,1483.3333333333333,1526.6666666666665,7197000,-1.0,-1.0,-1.0
2018/09/12,1516.6666666666665,1530.0,1496.6666666666665,1520.0,4230000,-1.0,-1.0,-1.0
2018/09/13,1533.3333333333333,1556.6666666666665,1530.0,1533.3333333333333,4050000,-1.0,-1.0,-1.0
2018/09/14,1540.0,1566.6666666666665,1533.3333333333333,1553.3333333333333,6579000,-1.0,-1.0,-1.0
2018/09/18,1566.6666666666665,1616.6666666666665,1563.3333333333333,1613.3333333333333,7809000,-1.0,-1.0,-1.0
2018/09/19,1626.6666666666665,1636.6666666666665,1616.6666666666665,1623.3333333333333,3648000,-1.0,-1.0,-1.0
2018/09/20,1623.3333333333333,1633.3333333333333,1603.3333333333333,1610.0,4554000,-1.0,-1.0,-1.0
2018/09/21,1610.0,1636.6666666666665,1610.0,1633.3333333333333,6405000,-1.0,-1.0,-1.0
2018/09/25,1643.3333333333333,1676.6666666666665,1640.0,1676.6666666666665,6066000,-1.0,-1.0,-1.0
2018/09/26,1643.3333333333333,1663.3333333333333,1625.0,1651.6666666666665,1140600,-1.0,-1.0,-1.0
2018/09/27,1656.6666666666665,1676.6666666666665,1608.3333333333333,1613.3333333333333,698700,-1.0,-1.0,-1.0
2018/09/28,1623.3333333333333,1641.6666666666665,1561.6666666666665,1570.0,1125000,-1.0,-1.0,-1.0
2018/10/01,1581.6666666666665,1588.3333333333333,1561.6666666666665,1571.6666666666665,561000,-1.0,-1.0,-1.0
2018/10/02,1590.0,1610.0,1580.0,1585.0,643800,-1.0,-1.0,-1.0
2018/10/03,1596.6666666666665,1616.6666666666665,1581.6666666666665,1596.6666666666665,772200,-1.0,-1.0,-1.0
2018/10/04,1606.6666666666665,1618.3333333333333,1590.0,1605.0,564600,-1.0,-1.0,-1.0
2018/10/05,1610.0,1630.0,1600.0,1621.6666666666665,660300,-1.0,-1.0,-1.0
2018/10/09,1635.0,1676.6666666666665,1605.0,1608.3333333333333,1032900,-1.0,-1.0,-1.0
2018/10/10,1593.3333333333333,1598.3333333333333,1541.6666666666665,1556.6666666666665,1077600,-1.0,-1.0,-1.0
2018/10/11,1533.3333333333333,1550.0,1506.6666666666665,1518.3333333333333,954600,-1.0,-1.0,-1.0
2018/10/12,1500.0,1536.6666666666665,1498.3333333333333,1526.6666666666665,668400,-1.0,-1.0,-1.0
2018/10/15,1503.3333333333333,1513.3333333333333,1475.0,1478.3333333333333,601500,-1.0,-1.0,-1.0
2018/10/16,1448.3333333333333,1468.3333333333333,1428.3333333333333,1446.6666666666665,1082700,-1.0,-1.0,-1.0
2018/10/17,1458.3333333333333,1466.6666666666665,1441.6666666666665,1465.0,600300,-1.0,-1.0,-1.0
2018/10/18,1463.3333333333333,1490.0,1461.6666666666665,1480.0,496200,-1.0,-1.0,-1.0
2018/10/19,1461.6666666666665,1485.0,1453.3333333333333,1478.3333333333333,447000,-1.0,-1.0,-1.0
2018/10/22,1468.3333333333333,1478.3333333333333,1443.3333333333333,1461.6666666666665,473400,-1.0,-1.0,-1.0
2018/10/23,1455.0,1458.3333333333333,1421.6666666666665,1438.3333333333333,667800,-1.0,-1.0,-1.0
2018/10/24,1443.3333333333333,1450.0,1415.0,1431.6666666666665,404700,-1.0,-1.0,-1.0
2018/10/25,1385.0,1406.6666666666665,1380.0,1385.0,489300,-1.0,-1.0,-1.0
2018/10/26,1391.6666666666665,1401.6666666666665,1373.3333333333333,1386.6666666666665,586500,-1.0,-1.0,-1.0
2018/10/29,1400.0,1410.0,1383.3333333333333,1395.0,410700,-1.0,-1.0,-1.0
2018/10/30,1380.0,1428.3333333333333,1380.0,1406.6666666666665,1325100,-1.0,-1.0,-1.0
2018/10/31,1406.6666666666665,1428.3333333333333,1391.6666666666665,1400.0,571200,-1.0,-1.0,-1.0
2018/11/01,1398.3333333333333,1416.6666666666665,1398.3333333333333,1413.3333333333333,522000,-1.0,-1.0,-1.0
2018/11/02,1426.6666666666665,1448.3333333333333,1416.6666666666665,1440.0,633900,-1.0,-1.0,-1.0
2018/11/05,1436.6666666666665,1436.6666666666665,1416.6666666666665,1428.3333333333333,407700,-1.0,-1.0,-1.0
2018/11/06,1435.0,1450.0,1415.0,1445.0,790200,-1.0,-1.0,-1.0
2018/11/07,1463.3333333333333,1520.0,1366.6666666666665,1490.0,2934900,-1.0,-1.0,-1.0
2018/11/08,1513.3333333333333,1546.6666666666665,1453.3333333333333,1473.3333333333333,1435500,-1.0,-1.0,-1.0
2018/11/09,1476.6666666666665,1556.6666666666665,1466.6666666666665,1531.6666666666665,1225200,-1.0,-1.0,-1.0
2018/11/12,1508.3333333333333,1541.6666666666665,1503.3333333333333,1526.6666666666665,636900,-1.0,-1.0,-1.0
2018/11/13,1503.3333333333333,1520.0,1470.0,1516.6666666666665,859200,-1.0,-1.0,-1.0
2018/11/14,1515.0,1561.6666666666665,1505.0,1550.0,750300,-1.0,-1.0,-1.0
2018/11/15,1556.6666666666665,1583.3333333333333,1555.0,1583.3333333333333,533400,-1.0,-1.0,-1.0
2018/11/16,1585.0,1600.0,1563.3333333333333,1580.0,583500,-1.0,-1.0,-1.0
2018/11/19,1576.6666666666665,1600.0,1573.3333333333333,1595.0,418200,-1.0,-1.0,-1.0
2018/11/20,1583.3333333333333,1623.3333333333333,1583.3333333333333,1621.6666666666665,579600,-1.0,-1.0,-1.0
2018/11/21,1603.3333333333333,1620.0,1593.3333333333333,1615.0,540900,-1.0,-1.0,-1.0
2018/11/22,1621.6666666666665,1641.6666666666665,1605.0,1638.3333333333333,463500,-1.0,-1.0,-1.0
2018/11/26,1650.0,1713.3333333333333,1646.6666666666665,1700.0,1402500,-1.0,-1.0,-1.0
2018/11/27,1703.3333333333333,1723.3333333333333,1666.6666666666665,1720.0,857700,-1.0,-1.0,-1.0
2018/11/28,1720.0,1720.0,1686.6666666666665,1706.6666666666665,531000,-1.0,-1.0,-1.0
2018/11/29,1716.6666666666665,1726.6666666666665,1700.0,1716.6666666666665,662100,-1.0,-1.0,-1.0
2018/11/30,1720.0,1730.0,1696.6666666666665,1700.0,832800,-1.0,-1.0,-1.0
2018/12/03,1710.0,1720.0,1658.3333333333333,1680.0,1022100,-1.0,-1.0,-1.0
2018/12/04,1683.3333333333333,1696.6666666666665,1665.0,1666.6666666666665,676500,-1.0,-1.0,-1.0
2018/12/05,1666.6666666666665,1700.0,1666.6666666666665,1686.6666666666665,808500,-1.0,-1.0,-1.0
2018/12/06,1680.0,1686.6666666666665,1661.6666666666665,1666.6666666666665,624900,-1.0,-1.0,-1.0
2018/12/07,1690.0,1693.3333333333333,1625.0,1633.3333333333333,1055100,-1.0,-1.0,-1.0
2018/12/10,1601.6666666666665,1610.0,1563.3333333333333,1568.3333333333333,1344300,-1.0,-1.0,-1.0
2018/12/11,1561.6666666666665,1575.0,1548.3333333333333,1558.3333333333333,1502400,-1.0,-1.0,-1.0
2018/12/12,1545.0,1575.0,1525.0,1565.0,1408200,-1.0,-1.0,-1.0
2018/12/13,1578.3333333333333,1591.6666666666665,1566.6666666666665,1578.3333333333333,863100,-1.0,-1.0,-1.0
2018/12/14,1566.6666666666665,1581.6666666666665,1550.0,1566.6666666666665,1039200,-1.0,-1.0,-1.0
2018/12/17,1563.3333333333333,1585.0,1550.0,1556.6666666666665,791100,-1.0,-1.0,-1.0
2018/12/18,1545.0,1576.6666666666665,1545.0,1553.3333333333333,789900,-1.0,-1.0,-1.0
2018/12/19,1553.3333333333333,1561.6666666666665,1538.3333333333333,1553.3333333333333,618000,-1.0,-1.0,-1.0
2018/12/20,1536.6666666666665,1548.3333333333333,1505.0,1508.3333333333333,483900,-1.0,-1.0,-1.0
2018/12/21,1503.3333333333333,1503.3333333333333,1470.0,1480.0,702300,-1.0,-1.0,-1.0
2018/12/25,1438.3333333333333,1441.6666666666665,1423.3333333333333,1431.6666666666665,568500,-1.0,-1.0,-1.0
2018/12/26,1438.3333333333333,1468.3333333333333,1438.3333333333333,1463.3333333333333,653700,-1.0,-1.0,-1.0
2018/12/27,1486.6666666666665,1518.3333333333333,1485.0,1513.3333333333333,745500,-1.0,-1.0,-1.0
2018/12/28,1506.6666666666665,1513.3333333333333,1493.3333333333333,1503.3333333333333,422700,-1.0,-1.0,-1.0
2019/01/04,1461.6666666666665,1486.6666666666665,1441.6666666666665,1485.0,459000,-1.0,-1.0,-1.0
2019/01/07,1528.3333333333333,1536.6666666666665,1508.3333333333333,1526.6666666666665,558600,-1.0,-1.0,-1.0
2019/01/08,1543.3333333333333,1546.6666666666665,1503.3333333333333,1503.3333333333333,543000,-1.0,-1.0,-1.0
2019/01/09,1521.6666666666665,1526.6666666666665,1495.0,1515.0,519300,-1.0,-1.0,-1.0
2019/01/10,1510.0,1528.3333333333333,1493.3333333333333,1523.3333333333333,484200,-1.0,-1.0,-1.0
2019/01/11,1533.3333333333333,1536.6666666666665,1508.3333333333333,1516.6666666666665,1072800,-1.0,-1.0,-1.0
2019/01/15,1516.6666666666665,1535.0,1508.3333333333333,1535.0,638400,-1.0,-1.0,-1.0
2019/01/16,1553.3333333333333,1560.0,1525.0,1531.6666666666665,491100,-1.0,-1.0,-1.0
2019/01/17,1555.0,1586.6666666666665,1538.3333333333333,1571.6666666666665,572100,-1.0,-1.0,-1.0
2019/01/18,1588.3333333333333,1596.6666666666665,1576.6666666666665,1581.6666666666665,420900,-1.0,-1.0,-1.0
2019/01/21,1603.3333333333333,1615.0,1590.0,1603.3333333333333,305400,-1.0,-1.0,-1.0
2019/01/22,1615.0,1615.0,1591.6666666666665,1605.0,328500,-1.0,-1.0,-1.0
2019/01/23,1601.6666666666665,1601.6666666666665,1576.6666666666665,1585.0,477300,-1.0,-1.0,-1.0
2019/01/24,1588.3333333333333,1593.3333333333333,1575.0,1590.0,189300,-1.0,-1.0,-1.0
2019/01/25,1605.0,1615.0,1591.6666666666665,1610.0,496200,-1.0,-1.0,-1.0
2019/01/28,1596.6666666666665,1613.3333333333333,1591.6666666666665,1606.6666666666665,378300,-1.0,-1.0,-1.0
2019/01/29,1601.6666666666665,1613.3333333333333,1600.0,1603.3333333333333,443700,-1.0,-1.0,-1.0
2019/01/30,1601.6666666666665,1601.6666666666665,1573.3333333333333,1578.3333333333333,661500,-1.0,-1.0,-1.0
2019/01/31,1600.0,1620.0,1593.3333333333333,1606.6666666666665,681600,-1.0,-1.0,-1.0
2019/02/01,1601.6666666666665,1601.6666666666665,1575.0,1593.3333333333333,477600,-1.0,-1.0,-1.0
2019/02/04,1608.3333333333333,1616.6666666666665,1595.0,1616.6666666666665,377100,-1.0,-1.0,-1.0
2019/02/05,1623.3333333333333,1628.3333333333333,1603.3333333333333,1618.3333333333333,423300,-1.0,-1.0,-1.0
2019/02/06,1620.0,1630.0,1603.3333333333333,1615.0,431100,-1.0,-1.0,-1.0
2019/02/07,1615.0,1616.6666666666665,1596.6666666666665,1603.3333333333333,453900,-1.0,-1.0,-1.0
2019/02/08,1595.0,1603.3333333333333,1566.6666666666665,1573.3333333333333,580200,-1.0,-1.0,-1.0
2019/02/12,1480.0,1511.6666666666665,1480.0,1496.6666666666665,1145100,-1.0,-1.0,-1.0
2019/02/13,1506.6666666666665,1546.6666666666665,1488.3333333333333,1536.6666666666665,1091100,-1.0,-1.0,-1.0
2019/02/14,1540.0,1570.0,1540.0,1561.6666666666665,430800,-1.0,-1.0,-1.0
2019/02/15,1561.6666666666665,1566.6666666666665,1546.6666666666665,1556.6666666666665,288900,-1.0,-1.0,-1.0
2019/02/18,1580.0,1591.6666666666665,1570.0,1581.6666666666665,259500,-1.0,-1.0,-1.0
2019/02/19,1570.0,1578.3333333333333,1565.0,1576.6666666666665,252600,-1.0,-1.0,-1.0
2019/02/20,1566.6666666666665,1581.6666666666665,1563.3333333333333,1571.6666666666665,333900,-1.0,-1.0,-1.0
2019/02/21,1565.0,1580.0,1553.3333333333333,1575.0,466500,-1.0,-1.0,-1.0
2019/02/22,1565.0,1571.6666666666665,1548.3333333333333,1558.3333333333333,553200,-1.0,-1.0,-1.0
2019/02/25,1555.0,1565.0,1545.0,1555.0,497100,-1.0,-1.0,-1.0
2019/02/26,1536.6666666666665,1545.0,1525.0,1535.0,661500,-1.0,-1.0,-1.0
2019/02/27,1533.3333333333333,1560.0,1533.3333333333333,1543.3333333333333,943500,-1.0,-1.0,-1.0
2019/02/28,1536.6666666666665,1550.0,1525.0,1525.0,759000,-1.0,-1.0,-1.0
2019/03/01,1533.3333333333333,1538.3333333333333,1515.0,1528.3333333333333,587400,-1.0,-1.0,-1.0
2019/03/04,1528.3333333333333,1535.0,1515.0,1523.3333333333333,405900,-1.0,-1.0,-1.0
2019/03/05,1521.6666666666665,1545.0,1518.3333333333333,1535.0,603300,-1.0,-1.0,-1.0
2019/03/06,1525.0,1540.0,1521.6666666666665,1525.0,385500,-1.0,-1.0,-1.0
2019/03/07,1503.3333333333333,1513.3333333333333,1491.6666666666665,1495.0,608400,-1.0,-1.0,-1.0
2019/03/08,1480.0,1495.0,1465.0,1481.6666666666665,807000,-1.0,-1.0,-1.0
2019/03/11,1475.0,1488.3333333333333,1461.6666666666665,1470.0,424500,-1.0,-1.0,-1.0
2019/03/12,1470.0,1493.3333333333333,1470.0,1485.0,549000,-1.0,-1.0,-1.0
2019/03/13,1476.6666666666665,1488.3333333333333,1461.6666666666665,1471.6666666666665,621000,-1.0,-1.0,-1.0
2019/03/14,1475.0,1481.6666666666665,1465.0,1465.0,386100,-1.0,-1.0,-1.0
2019/03/15,1475.0,1475.0,1455.0,1465.0,805200,-1.0,-1.0,-1.0
2019/03/18,1465.0,1475.0,1458.3333333333333,1471.6666666666665,528000,-1.0,-1.0,-1.0
2019/03/19,1473.3333333333333,1475.0,1455.0,1471.6666666666665,300300,-1.0,-1.0,-1.0
2019/03/20,1473.3333333333333,1486.6666666666665,1463.3333333333333,1473.3333333333333,334200,-1.0,-1.0,-1.0
2019/03/22,1476.6666666666665,1480.0,1463.3333333333333,1473.3333333333333,305700,-1.0,-1.0,-1.0
2019/03/25,1450.0,1453.3333333333333,1416.6666666666665,1428.3333333333333,465600,-1.0,-1.0,-1.0
2019/03/26,1433.3333333333333,1465.0,1430.0,1463.3333333333333,651600,-1.0,-1.0,-1.0
2019/03/27,1451.6666666666665,1460.0,1440.0,1456.6666666666665,485400,-1.0,-1.0,-1.0
2019/03/28,1456.6666666666665,1461.6666666666665,1440.0,1440.0,440400,-1.0,-1.0,-1.0
2019/03/29,1458.3333333333333,1460.0,1438.3333333333333,1453.3333333333333,438300,-1.0,-1.0,-1.0
2019/04/01,1485.0,1520.0,1481.6666666666665,1508.3333333333333,743100,-1.0,-1.0,-1.0
2019/04/02,1515.0,1515.0,1496.6666666666665,1505.0,543900,-1.0,-1.0,-1.0
2019/04/03,1505.0,1515.0,1495.0,1515.0,462000,-1.0,-1.0,-1.0
2019/04/04,1516.6666666666665,1528.3333333333333,1513.3333333333333,1516.6666666666665,290400,-1.0,-1.0,-1.0
2019/04/05,1520.0,1525.0,1510.0,1518.3333333333333,353100,-1.0,-1.0,-1.0
2019/04/08,1530.0,1531.6666666666665,1505.0,1515.0,370200,-1.0,-1.0,-1.0
2019/04/09,1518.3333333333333,1518.3333333333333,1493.3333333333333,1500.0,286500,-1.0,-1.0,-1.0
2019/04/10,1495.0,1506.6666666666665,1493.3333333333333,1505.0,268500,-1.0,-1.0,-1.0
2019/04/11,1496.6666666666665,1513.3333333333333,1483.3333333333333,1508.3333333333333,360900,-1.0,-1.0,-1.0
2019/04/12,1501.6666666666665,1505.0,1488.3333333333333,1500.0,521100,-1.0,-1.0,-1.0
2019/04/15,1525.0,1545.0,1525.0,1543.3333333333333,467700,-1.0,-1.0,-1.0
2019/04/16,1535.0,1568.3333333333333,1531.6666666666665,1545.0,486900,-1.0,-1.0,-1.0
2019/04/17,1546.6666666666665,1576.6666666666665,1545.0,1555.0,335400,-1.0,-1.0,-1.0
2019/04/18,1555.0,1555.0,1535.0,1540.0,254700,-1.0,-1.0,-1.0
2019/04/19,1550.0,1550.0,1533.3333333333333,1536.6666666666665,245100,-1.0,-1.0,-1.0
2019/04/22,1525.0,1535.0,1518.3333333333333,1530.0,213900,-1.0,-1.0,-1.0
2019/04/23,1533.3333333333333,1540.0,1523.3333333333333,1531.6666666666665,174900,-1.0,-1.0,-1.0
2019/04/24,1543.3333333333333,1556.6666666666665,1523.3333333333333,1525.0,612900,-1.0,-1.0,-1.0
2019/04/25,1525.0,1545.0,1520.0,1536.6666666666665,352200,-1.0,-1.0,-1.0
2019/04/26,1520.0,1526.6666666666665,1501.6666666666665,1506.6666666666665,474300,-1.0,-1.0,-1.0
2019/05/07,1476.6666666666665,1485.0,1461.6666666666665,1461.6666666666665,606300,-1.0,-1.0,-1.0
2019/05/08,1451.6666666666665,1458.3333333333333,1438.3333333333333,1440.0,599400,-1.0,-1.0,-1.0
2019/05/09,1420.0,1428.3333333333333,1406.6666666666665,1423.3333333333333,385800,-1.0,-1.0,-1.0
2019/05/10,1410.0,1460.0,1405.0,1448.3333333333333,630900,-1.0,-1.0,-1.0
2019/05/13,1448.3333333333333,1473.3333333333333,1446.6666666666665,1465.0,414000,-1.0,-1.0,-1.0
2019/05/14,1438.3333333333333,1448.3333333333333,1428.3333333333333,1445.0,481200,-1.0,-1.0,-1.0
2019/05/15,1430.0,1458.3333333333333,1300.0,1348.3333333333333,1981800,-1.0,-1.0,-1.0
2019/05/16,1351.6666666666665,1368.3333333333333,1330.0,1366.6666666666665,1250400,-1.0,-1.0,-1.0
2019/05/17,1380.0,1415.0,1380.0,1403.3333333333333,836100,-1.0,-1.0,-1.0
2019/05/20,1410.0,1448.3333333333333,1410.0,1443.3333333333333,455700,-1.0,-1.0,-1.0
2019/05/21,1441.6666666666665,1486.6666666666665,1440.0,1478.3333333333333,657900,-1.0,-1.0,-1.0
2019/05/22,1500.0,1523.3333333333333,1500.0,1508.3333333333333,1035300,-1.0,-1.0,-1.0
2019/05/23,1506.6666666666665,1540.0,1506.6666666666665,1523.3333333333333,978000,-1.0,-1.0,-1.0
2019/05/24,1510.0,1535.0,1506.6666666666665,1535.0,777000,-1.0,-1.0,-1.0
2019/05/27,1500.0,1511.6666666666665,1476.6666666666665,1503.3333333333333,562200,-1.0,-1.0,-1.0
2019/05/28,1495.0,1500.0,1453.3333333333333,1470.0,574500,-1.0,-1.0,-1.0
2019/05/29,1450.0,1465.0,1430.0,1451.6666666666665,446400,-1.0,-1.0,-1.0
2019/05/30,1438.3333333333333,1448.3333333333333,1428.3333333333333,1438.3333333333333,329100,-1.0,-1.0,-1.0
2019/05/31,1431.6666666666665,1431.6666666666665,1405.0,1406.6666666666665,637500,-1.0,-1.0,-1.0
2019/06/03,1390.0,1396.6666666666665,1373.3333333333333,1386.6666666666665,406200,-1.0,-1.0,-1.0
2019/06/04,1393.3333333333333,1423.3333333333333,1380.0,1423.3333333333333,407100,-1.0,-1.0,-1.0
2019/06/05,1465.0,1478.3333333333333,1461.6666666666665,1478.3333333333333,730500,-1.0,-1.0,-1.0
2019/06/06,1475.0,1491.6666666666665,1466.6666666666665,1475.0,464100,-1.0,-1.0,-1.0
2019/06/07,1481.6666666666665,1523.3333333333333,1478.3333333333333,1503.3333333333333,710400,-1.0,-1.0,-1.0
2019/06/10,1505.0,1515.0,1485.0,1490.0,498000,-1.0,-1.0,-1.0
2019/06/11,1488.3333333333333,1498.3333333333333,1478.3333333333333,1495.0,448200,-1.0,-1.0,-1.0
2019/06/12,1485.0,1491.6666666666665,1476.6666666666665,1480.0,268500,-1.0,-1.0,-1.0
2019/06/13,1463.3333333333333,1470.0,1448.3333333333333,1460.0,708900,-1.0,-1.0,-1.0
2019/06/14,1463.3333333333333,1476.6666666666665,1460.0,1463.3333333333333,432300,-1.0,-1.0,-1.0
2019/06/17,1460.0,1465.0,1451.6666666666665,1460.0,305100,-1.0,-1.0,-1.0
2019/06/18,1463.3333333333333,1478.3333333333333,1456.6666666666665,1458.3333333333333,305100,-1.0,-1.0,-1.0
2019/06/19,1475.0,1481.6666666666665,1453.3333333333333,1458.3333333333333,465900,-1.0,-1.0,-1.0
2019/06/20,1470.0,1470.0,1443.3333333333333,1445.0,321600,-1.0,-1.0,-1.0
2019/06/21,1446.6666666666665,1448.3333333333333,1423.3333333333333,1423.3333333333333,495300,-1.0,-1.0,-1.0
2019/06/24,1426.6666666666665,1431.6666666666665,1416.6666666666665,1420.0,307200,-1.0,-1.0,-1.0
2019/06/25,1426.6666666666665,1453.3333333333333,1425.0,1450.0,598800,-1.0,-1.0,-1.0
2019/06/26,1433.3333333333333,1456.6666666666665,1433.3333333333333,1453.3333333333333,340200,-1.0,-1.0,-1.0
2019/06/27,1456.6666666666665,1463.3333333333333,1441.6666666666665,1448.3333333333333,424500,-1.0,-1.0,-1.0
2019/06/28,1435.0,1441.6666666666665,1411.6666666666665,1426.6666666666665,586500,-1.0,-1.0,-1.0
2019/07/01,1461.6666666666665,1466.6666666666665,1445.0,1463.3333333333333,409200,-1.0,-1.0,-1.0
2019/07/02,1458.3333333333333,1471.6666666666665,1456.6666666666665,1468.3333333333333,450000,-1.0,-1.0,-1.0
2019/07/03,1451.6666666666665,1458.3333333333333,1438.3333333333333,1451.6666666666665,396900,-1.0,-1.0,-1.0
2019/07/04,1451.6666666666665,1456.6666666666665,1436.6666666666665,1441.6666666666665,301500,-1.0,-1.0,-1.0
2019/07/05,1443.3333333333333,1443.3333333333333,1420.0,1421.6666666666665,418800,-1.0,-1.0,-1.0
2019/07/08,1416.6666666666665,1416.6666666666665,1378.3333333333333,1383.3333333333333,598200,-1.0,-1.0,-1.0
2019/07/09,1380.0,1396.6666666666665,1370.0,1381.6666666666665,580200,-1.0,-1.0,-1.0
2019/07/10,1380.0,1385.0,1370.0,1371.6666666666665,551700,-1.0,-1.0,-1.0
2019/07/11,1368.3333333333333,1381.6666666666665,1360.0,1381.6666666666665,476400,-1.0,-1.0,-1.0
2019/07/12,1388.3333333333333,1391.6666666666665,1368.3333333333333,1376.6666666666665,340500,-1.0,-1.0,-1.0
2019/07/16,1378.3333333333333,1386.6666666666665,1368.3333333333333,1373.3333333333333,231000,-1.0,-1.0,-1.0
2019/07/17,1385.0,1393.3333333333333,1375.0,1386.6666666666665,555300,-1.0,-1.0,-1.0
2019/07/18,1376.6666666666665,1376.6666666666665,1346.6666666666665,1350.0,608100,-1.0,-1.0,-1.0
2019/07/19,1358.3333333333333,1378.3333333333333,1346.6666666666665,1376.6666666666665,424800,-1.0,-1.0,-1.0
2019/07/22,1366.6666666666665,1376.6666666666665,1356.6666666666665,1361.6666666666665,510900,-1.0,-1.0,-1.0
2019/07/23,1375.0,1391.6666666666665,1366.6666666666665,1386.6666666666665,356700,-1.0,-1.0,-1.0
2019/07/24,1400.0,1405.0,1391.6666666666665,1395.0,339300,-1.0,-1.0,-1.0
2019/07/25,1400.0,1406.6666666666665,1391.6666666666665,1396.6666666666665,291900,-1.0,-1.0,-1.0
2019/07/26,1398.3333333333333,1408.3333333333333,1393.3333333333333,1405.0,346500,-1.0,-1.0,-1.0
2019/07/29,1398.3333333333333,1416.6666666666665,1398.3333333333333,1405.0,324600,-1.0,-1.0,-1.0
2019/07/30,1401.6666666666665,1410.0,1395.0,1408.3333333333333,358200,-1.0,-1.0,-1.0
2019/07/31,1400.0,1405.0,1390.0,1390.0,672600,-1.0,-1.0,-1.0
2019/08/01,1366.6666666666665,1396.6666666666665,1365.0,1396.6666666666665,544200,-1.0,-1.0,-1.0
2019/08/02,1363.3333333333333,1375.0,1360.0,1366.6666666666665,626700,-1.0,-1.0,-1.0
2019/08/05,1360.0,1360.0,1328.3333333333333,1340.0,646200,-1.0,-1.0,-1.0
2019/08/06,1293.3333333333333,1343.3333333333333,1291.6666666666665,1341.6666666666665,762000,-1.0,-1.0,-1.0
2019/08/07,1320.0,1348.3333333333333,1320.0,1336.6666666666665,549600,-1.0,-1.0,-1.0
2019/08/08,1453.3333333333333,1480.0,1405.0,1451.6666666666665,2578200,-1.0,-1.0,-1.0
2019/08/09,1475.0,1478.3333333333333,1445.0,1446.6666666666665,1046100,-1.0,-1.0,-1.0
2019/08/13,1413.3333333333333,1418.3333333333333,1390.0,1410.0,697500,-1.0,-1.0,-1.0
2019/08/14,1423.3333333333333,1461.6666666666665,1421.6666666666665,1461.6666666666665,912300,-1.0,-1.0,-1.0
2019/08/15,1430.0,1496.6666666666665,1430.0,1470.0,991800,-1.0,-1.0,-1.0
2019/08/16,1458.3333333333333,1485.0,1450.0,1478.3333333333333,696600,-1.0,-1.0,-1.0
2019/08/19,1490.0,1508.3333333333333,1475.0,1488.3333333333333,554100,-1.0,-1.0,-1.0
2019/08/20,1526.6666666666665,1528.3333333333333,1493.3333333333333,1513.3333333333333,722100,-1.0,-1.0,-1.0
2019/08/21,1495.0,1515.0,1488.3333333333333,1491.6666666666665,447600,-1.0,-1.0,-1.0
2019/08/22,1515.0,1515.0,1483.3333333333333,1490.0,518400,-1.0,-1.0,-1.0
2019/08/23,1483.3333333333333,1496.6666666666665,1468.3333333333333,1478.3333333333333,395400,-1.0,-1.0,-1.0
2019/08/26,1440.0,1470.0,1440.0,1466.6666666666665,471600,-1.0,-1.0,-1.0
2019/08/27,1466.6666666666665,1478.3333333333333,1460.0,1463.3333333333333,473700,-1.0,-1.0,-1.0
2019/08/28,1470.0,1481.6666666666665,1458.3333333333333,1473.3333333333333,338700,-1.0,-1.0,-1.0
2019/08/29,1491.6666666666665,1503.3333333333333,1483.3333333333333,1490.0,387900,-1.0,-1.0,-1.0
2019/08/30,1506.6666666666665,1515.0,1476.6666666666665,1478.3333333333333,570300,-1.0,-1.0,-1.0
2019/09/02,1470.0,1478.3333333333333,1465.0,1471.6666666666665,198900,-1.0,-1.0,-1.0
2019/09/03,1475.0,1493.3333333333333,1461.6666666666665,1491.6666666666665,448500,-1.0,-1.0,-1.0
2019/09/04,1478.3333333333333,1486.6666666666665,1468.3333333333333,1481.6666666666665,294600,-1.0,-1.0,-1.0
2019/09/05,1483.3333333333333,1490.0,1458.3333333333333,1458.3333333333333,787500,-1.0,-1.0,-1.0
2019/09/06,1466.6666666666665,1506.6666666666665,1465.0,1498.3333333333333,779100,-1.0,-1.0,-1.0
2019/09/09,1490.0,1508.3333333333333,1476.6666666666665,1503.3333333333333,414000,-1.0,-1.0,-1.0
2019/09/10,1516.6666666666665,1546.6666666666665,1515.0,1541.6666666666665,403800,-1.0,-1.0,-1.0
2019/09/11,1561.6666666666665,1568.3333333333333,1541.6666666666665,1561.6666666666665,520800,-1.0,-1.0,-1.0
2019/09/12,1576.6666666666665,1576.6666666666665,1550.0,1558.3333333333333,690600,-1.0,-1.0,-1.0
2019/09/13,1573.3333333333333,1573.3333333333333,1556.6666666666665,1570.0,856500,-1.0,-1.0,-1.0
2019/09/17,1571.6666666666665,1585.0,1556.6666666666665,1570.0,584400,-1.0,-1.0,-1.0
2019/09/18,1578.3333333333333,1586.6666666666665,1563.3333333333333,1571.6666666666665,533100,-1.0,-1.0,-1.0
2019/09/19,1576.6666666666665,1610.0,1571.6666666666665,1578.3333333333333,658800,-1.0,-1.0,-1.0
2019/09/20,1580.0,1580.0,1551.6666666666665,1555.0,768300,-1.0,-1.0,-1.0
2019/09/24,1553.3333333333333,1571.6666666666665,1538.3333333333333,1550.0,608400,-1.0,-1.0,-1.0
2019/09/25,1540.0,1563.3333333333333,1535.0,1551.6666666666665,538500,-1.0,-1.0,-1.0
2019/09/26,1561.6666666666665,1595.0,1561.6666666666665,1581.6666666666665,841200,-1.0,-1.0,-1.0
2019/09/27,1583.3333333333333,1583.3333333333333,1545.0,1566.6666666666665,489600,-1.0,-1.0,-1.0
2019/09/30,1563.3333333333333,1576.6666666666665,1535.0,1541.6666666666665,708000,-1.0,-1.0,-1.0
2019/10/01,1545.0,1565.0,1545.0,1550.0,330900,-1.0,-1.0,-1.0
2019/10/02,1538.3333333333333,1551.6666666666665,1530.0,1550.0,497700,-1.0,-1.0,-1.0
2019/10/03,1516.6666666666665,1535.0,1513.3333333333333,1520.0,487800,-1.0,-1.0,-1.0
2019/10/04,1508.3333333333333,1526.6666666666665,1495.0,1513.3333333333333,588300,-1.0,-1.0,-1.0
2019/10/07,1506.6666666666665,1518.3333333333333,1490.0,1503.3333333333333,351300,-1.0,-1.0,-1.0
2019/10/08,1515.0,1523.3333333333333,1510.0,1516.6666666666665,289500,-1.0,-1.0,-1.0
2019/10/09,1506.6666666666665,1516.6666666666665,1503.3333333333333,1510.0,286800,-1.0,-1.0,-1.0
2019/10/10,1528.3333333333333,1538.3333333333333,1511.6666666666665,1530.0,522900,-1.0,-1.0,-1.0
2019/10/11,1538.3333333333333,1550.0,1521.6666666666665,1541.6666666666665,442200,-1.0,-1.0,-1.0
2019/10/15,1578.3333333333333,1590.0,1563.3333333333333,1585.0,554400,-1.0,-1.0,-1.0
2019/10/16,1598.3333333333333,1626.6666666666665,1591.6666666666665,1625.0,593400,-1.0,-1.0,-1.0
2019/10/17,1616.6666666666665,1628.3333333333333,1608.3333333333333,1615.0,730800,-1.0,-1.0,-1.0
2019/10/18,1620.0,1638.3333333333333,1618.3333333333333,1630.0,558600,-1.0,-1.0,-1.0
2019/10/21,1636.6666666666665,1645.0,1628.3333333333333,1633.3333333333333,397200,-1.0,-1.0,-1.0
2019/10/23,1613.3333333333333,1626.6666666666665,1601.6666666666665,1620.0,526200,-1.0,-1.0,-1.0
2019/10/24,1630.0,1631.6666666666665,1616.6666666666665,1621.6666666666665,347700,-1.0,-1.0,-1.0
2019/10/25,1615.0,1655.0,1610.0,1641.6666666666665,545100,-1.0,-1.0,-1.0
2019/10/28,1651.6666666666665,1655.0,1613.3333333333333,1615.0,393600,-1.0,-1.0,-1.0
2019/10/29,1621.6666666666665,1638.3333333333333,1620.0,1630.0,325500,-1.0,-1.0,-1.0
2019/10/30,1626.6666666666665,1635.0,1613.3333333333333,1633.3333333333333,576900,-1.0,-1.0,-1.0
2019/10/31,1621.6666666666665,1626.6666666666665,1585.0,1586.6666666666665,785400,-1.0,-1.0,-1.0
2019/11/01,1573.3333333333333,1595.0,1568.3333333333333,1586.6666666666665,666000,-1.0,-1.0,-1.0
2019/11/05,1591.6666666666665,1615.0,1580.0,1596.6666666666665,738000,-1.0,-1.0,-1.0
2019/11/06,1610.0,1618.3333333333333,1603.3333333333333,1606.6666666666665,491700,-1.0,-1.0,-1.0
2019/11/07,1610.0,1618.3333333333333,1570.0,1601.6666666666665,1331700,-1.0,-1.0,-1.0
2019/11/08,1621.6666666666665,1676.6666666666665,1606.6666666666665,1653.3333333333333,1030500,-1.0,-1.0,-1.0
2019/11/11,1665.0,1673.3333333333333,1641.6666666666665,1650.0,445200,-1.0,-1.0,-1.0
2019/11/12,1651.6666666666665,1651.6666666666665,1620.0,1623.3333333333333,390600,-1.0,-1.0,-1.0
2019/11/13,1621.6666666666665,1631.6666666666665,1603.3333333333333,1608.3333333333333,500100,-1.0,-1.0,-1.0
2019/11/14,1615.0,1615.0,1591.6666666666665,1596.6666666666665,389100,-1.0,-1.0,-1.0
2019/11/15,1595.0,1613.3333333333333,1586.6666666666665,1603.3333333333333,478500,-1.0,-1.0,-1.0
2019/11/18,1591.6666666666665,1593.3333333333333,1573.3333333333333,1580.0,605100,-1.0,-1.0,-1.0
2019/11/19,1588.3333333333333,1603.3333333333333,1578.3333333333333,1578.3333333333333,928200,-1.0,-1.0,-1.0
2019/11/20,1580.0,1613.3333333333333,1580.0,1593.3333333333333,762900,-1.0,-1.0,-1.0
2019/11/21,1583.3333333333333,1583.3333333333333,1540.0,1573.3333333333333,522000,-1.0,-1.0,-1.0
2019/11/22,1561.6666666666665,1581.6666666666665,1561.6666666666665,1565.0,434100,-1.0,-1.0,-1.0
2019/11/25,1588.3333333333333,1596.6666666666665,1573.3333333333333,1580.0,300600,-1.0,-1.0,-1.0
2019/11/26,1581.6666666666665,1588.3333333333333,1550.0,1550.0,411600,-1.0,-1.0,-1.0
2019/11/27,1570.0,1583.3333333333333,1568.3333333333333,1575.0,323100,-1.0,-1.0,-1.0
2019/11/28,1573.3333333333333,1575.0,1551.6666666666665,1553.3333333333333,438000,-1.0,-1.0,-1.0
2019/11/29,1546.6666666666665,1555.0,1518.3333333333333,1521.6666666666665,653400,-1.0,-1.0,-1.0
2019/12/02,1531.6666666666665,1573.3333333333333,1530.0,1563.3333333333333,500400,-1.0,-1.0,-1.0
2019/12/03,1556.6666666666665,1578.3333333333333,1543.3333333333333,1576.6666666666665,563400,-1.0,-1.0,-1.0
2019/12/04,1580.0,1605.0,1558.3333333333333,1573.3333333333333,585300,-1.0,-1.0,-1.0
2019/12/05,1590.0,1641.6666666666665,1576.6666666666665,1636.6666666666665,914100,-1.0,-1.0,-1.0
2019/12/06,1625.0,1630.0,1615.0,1625.0,514800,-1.0,-1.0,-1.0
2019/12/09,1645.0,1648.3333333333333,1611.6666666666665,1615.0,317400,-1.0,-1.0,-1.0
2019/12/10,1615.0,1625.0,1610.0,1616.6666666666665,386100,-1.0,-1.0,-1.0
2019/12/11,1616.6666666666665,1620.0,1606.6666666666665,1613.3333333333333,352800,-1.0,-1.0,-1.0
2019/12/12,1631.6666666666665,1640.0,1608.3333333333333,1611.6666666666665,510000,-1.0,-1.0,-1.0
2019/12/13,1643.3333333333333,1643.3333333333333,1623.3333333333333,1628.3333333333333,661500,-1.0,-1.0,-1.0
2019/12/16,1630.0,1641.6666666666665,1623.3333333333333,1623.3333333333333,303900,-1.0,-1.0,-1.0
2019/12/17,1636.6666666666665,1638.3333333333333,1615.0,1625.0,527100,-1.0,-1.0,-1.0
2019/12/18,1630.0,1640.0,1620.0,1640.0,388200,-1.0,-1.0,-1.0
2019/12/19,1630.0,1646.6666666666665,1623.3333333333333,1633.3333333333333,437700,-1.0,-1.0,-1.0
2019/12/20,1626.6666666666665,1643.3333333333333,1618.3333333333333,1638.3333333333333,470100,-1.0,-1.0,-1.0
2019/12/23,1625.0,1630.0,1616.6666666666665,1618.3333333333333,305100,-1.0,-1.0,-1.0
2019/12/24,1613.3333333333333,1625.0,1610.0,1613.3333333333333,161400,-1.0,-1.0,-1.0
2019/12/25,1623.3333333333333,1623.3333333333333,1598.3333333333333,1603.3333333333333,282900,-1.0,-1.0,-1.0
2019/12/26,1600.0,1616.6666666666665,1596.6666666666665,1616.6666666666665,261600,-1.0,-1.0,-1.0
2019/12/27,1626.6666666666665,1630.0,1613.3333333333333,1615.0,189000,-1.0,-1.0,-1.0
2019/12/30,1601.6666666666665,1605.0,1588.3333333333333,1591.6666666666665,463200,-1.0,-1.0,-1.0
2020/01/06,1560.0,1561.6666666666665,1550.0,1556.6666666666665,350700,-1.0,-1.0,-1.0
2020/01/07,1571.6666666666665,1576.6666666666665,1556.6666666666665,1576.6666666666665,385800,-1.0,-1.0,-1.0
2020/01/08,1556.6666666666665,1568.3333333333333,1538.3333333333333,1551.6666666666665,486300,-1.0,-1.0,-1.0
2020/01/09,1578.3333333333333,1585.0,1563.3333333333333,1571.6666666666665,303900,-1.0,-1.0,-1.0
2020/01/10,1581.6666666666665,1581.6666666666665,1555.0,1561.6666666666665,362700,-1.0,-1.0,-1.0
2020/01/14,1571.6666666666665,1571.6666666666665,1531.6666666666665,1543.3333333333333,595800,-1.0,-1.0,-1.0
2020/01/15,1540.0,1555.0,1520.0,1536.6666666666665,675600,-1.0,-1.0,-1.0
2020/01/16,1533.3333333333333,1555.0,1533.3333333333333,1551.6666666666665,304800,-1.0,-1.0,-1.0
2020/01/17,1563.3333333333333,1573.3333333333333,1551.6666666666665,1558.3333333333333,539100,-1.0,-1.0,-1.0
2020/01/20,1571.6666666666665,1585.0,1560.0,1580.0,258900,-1.0,-1.0,-1.0
2020/01/21,1575.0,1580.0,1555.0,1556.6666666666665,242400,-1.0,-1.0,-1.0
2020/01/22,1560.0,1580.0,1555.0,1575.0,336000,-1.0,-1.0,-1.0
2020/01/23,1556.6666666666665,1561.6666666666665,1536.6666666666665,1538.3333333333333,314100,-1.0,-1.0,-1.0
2020/01/24,1543.3333333333333,1543.3333333333333,1526.6666666666665,1535.0,229500,-1.0,-1.0,-1.0
2020/01/27,1501.6666666666665,1520.0,1498.3333333333333,1516.6666666666665,236700,-1.0,-1.0,-1.0
2020/01/28,1500.0,1515.0,1490.0,1511.6666666666665,326400,-1.0,-1.0,-1.0
2020/01/29,1511.6666666666665,1516.6666666666665,1500.0,1508.3333333333333,259200,-1.0,-1.0,-1.0
2020/01/30,1500.0,1510.0,1481.6666666666665,1486.6666666666665,304200,-1.0,-1.0,-1.0
2020/01/31,1501.6666666666665,1515.0,1495.0,1500.0,319800,-1.0,-1.0,-1.0
2020/02/03,1473.3333333333333,1485.0,1473.3333333333333,1481.6666666666665,326700,-1.0,-1.0,-1.0
2020/02/04,1466.6666666666665,1498.3333333333333,1463.3333333333333,1495.0,508800,-1.0,-1.0,-1.0
2020/02/05,1505.0,1511.6666666666665,1495.0,1500.0,543000,-1.0,-1.0,-1.0
2020/02/06,1536.6666666666665,1548.3333333333333,1518.3333333333333,1526.6666666666665,537900,-1.0,-1.0,-1.0
2020/02/07,1541.6666666666665,1541.6666666666665,1501.6666666666665,1513.3333333333333,460800,-1.0,-1.0,-1.0
2020/02/10,1466.6666666666665,1495.0,1463.3333333333333,1486.6666666666665,738900,-1.0,-1.0,-1.0
2020/02/12,1470.0,1475.0,1408.3333333333333,1418.3333333333333,899400,-1.0,-1.0,-1.0
2020/02/13,1413.3333333333333,1420.0,1400.0,1415.0,673500,-1.0,-1.0,-1.0
2020/02/14,1403.3333333333333,1415.0,1398.3333333333333,1411.6666666666665,630000,-1.0,-1.0,-1.0
2020/02/17,1408.3333333333333,1410.0,1386.6666666666665,1398.3333333333333,233400,-1.0,-1.0,-1.0
2020/02/18,1385.0,1386.6666666666665,1376.6666666666665,1380.0,342900,-1.0,-1.0,-1.0
2020/02/19,1381.6666666666665,1385.0,1366.6666666666665,1375.0,486000,-1.0,-1.0,-1.0
2020/02/20,1388.3333333333333,1406.6666666666665,1383.3333333333333,1390.0,419100,-1.0,-1.0,-1.0
2020/02/21,1385.0,1396.6666666666665,1381.6666666666665,1381.6666666666665,435000,-1.0,-1.0,-1.0
2020/02/25,1313.3333333333333,1345.0,1311.6666666666665,1328.3333333333333,752100,-1.0,-1.0,-1.0
2020/02/26,1300.0,1313.3333333333333,1290.0,1313.3333333333333,538800,-1.0,-1.0,-1.0
2020/02/27,1296.6666666666665,1300.0,1278.3333333333333,1286.6666666666665,624600,-1.0,-1.0,-1.0
2020/02/28,1236.6666666666665,1241.6666666666665,1210.0,1231.6666666666665,1379100,-1.0,-1.0,-1.0
2020/03/02,1226.6666666666665,1273.3333333333333,1218.3333333333333,1250.0,756600,-1.0,-1.0,-1.0
2020/03/03,1263.3333333333333,1263.3333333333333,1215.0,1215.0,519300,-1.0,-1.0,-1.0
2020/03/04,1203.3333333333333,1243.3333333333333,1201.6666666666665,1230.0,613200,-1.0,-1.0,-1.0
2020/03/05,1248.3333333333333,1251.6666666666665,1225.0,1230.0,778500,-1.0,-1.0,-1.0
2020/03/06,1211.6666666666665,1213.3333333333333,1188.3333333333333,1198.3333333333333,809400,-1.0,-1.0,-1.0
2020/03/09,1158.3333333333333,1171.6666666666665,1131.6666666666665,1156.6666666666665,1051500,-1.0,-1.0,-1.0
2020/03/10,1141.6666666666665,1191.6666666666665,1116.6666666666665,1181.6666666666665,887700,-1.0,-1.0,-1.0
2020/03/11,1180.0,1211.6666666666665,1175.0,1180.0,833700,-1.0,-1.0,-1.0
2020/03/12,1156.6666666666665,1181.6666666666665,1136.6666666666665,1150.0,1030800,-1.0,-1.0,-1.0
2020/03/13,1088.3333333333333,1141.6666666666665,1063.3333333333333,1106.6666666666665,1620300,-1.0,-1.0,-1.0
2020/03/16,1115.0,1125.0,1063.3333333333333,1066.6666666666665,846900,-1.0,-1.0,-1.0
2020/03/17,1050.0,1106.6666666666665,1030.0,1085.0,1151400,-1.0,-1.0,-1.0
2020/03/18,1096.6666666666665,1146.6666666666665,1078.3333333333333,1090.0,718200,-1.0,-1.0,-1.0
2020/03/19,1113.3333333333333,1128.3333333333333,1080.0,1095.0,938700,-1.0,-1.0,-1.0
2020/03/23,1048.3333333333333,1086.6666666666665,1018.3333333333333,1051.6666666666665,1236300,-1.0,-1.0,-1.0
2020/03/24,1076.6666666666665,1133.3333333333333,1060.0,1126.6666666666665,664800,-1.0,-1.0,-1.0
2020/03/25,1151.6666666666665,1170.0,1103.3333333333333,1166.6666666666665,1153800,-1.0,-1.0,-1.0
2020/03/26,1153.3333333333333,1168.3333333333333,1116.6666666666665,1155.0,611400,-1.0,-1.0,-1.0
2020/03/27,1175.0,1188.3333333333333,1136.6666666666665,1168.3333333333333,908400,-1.0,-1.0,-1.0
2020/03/30,1125.0,1125.0,1071.6666666666665,1123.3333333333333,603300,-1.0,-1.0,-1.0
2020/03/31,1105.0,1126.6666666666665,1078.3333333333333,1080.0,789300,-1.0,-1.0,-1.0
2020/04/01,1070.0,1090.0,1025.0,1033.3333333333333,654300,-1.0,-1.0,-1.0
2020/04/02,1003.3333333333333,1023.3333333333333,996.3333333333333,1008.3333333333333,728700,-1.0,-1.0,-1.0
2020/04/03,1001.6666666666666,1021.6666666666666,978.6666666666666,989.0,730500,-1.0,-1.0,-1.0
2020/04/06,958.6666666666666,1026.6666666666665,952.3333333333333,1015.0,809400,-1.0,-1.0,-1.0
2020/04/07,1043.3333333333333,1076.6666666666665,1035.0,1070.0,1002900,-1.0,-1.0,-1.0
2020/04/08,1080.0,1126.6666666666665,1066.6666666666665,1115.0,708600,-1.0,-1.0,-1.0
2020/04/09,1128.3333333333333,1133.3333333333333,1113.3333333333333,1123.3333333333333,582000,-1.0,-1.0,-1.0
2020/04/10,1136.6666666666665,1168.3333333333333,1118.3333333333333,1163.3333333333333,770100,-1.0,-1.0,-1.0
2020/04/13,1161.6666666666665,1168.3333333333333,1100.0,1103.3333333333333,574800,-1.0,-1.0,-1.0
2020/04/14,1095.0,1095.0,1048.3333333333333,1080.0,906000,-1.0,-1.0,-1.0
2020/04/15,1066.6666666666665,1066.6666666666665,1040.0,1051.6666666666665,727200,-1.0,-1.0,-1.0
2020/04/16,1045.0,1093.3333333333333,1045.0,1091.6666666666665,720000,-1.0,-1.0,-1.0
2020/04/17,1083.3333333333333,1113.3333333333333,1076.6666666666665,1105.0,532500,-1.0,-1.0,-1.0
2020/04/20,1110.0,1140.0,1110.0,1133.3333333333333,783600,-1.0,-1.0,-1.0
2020/04/21,1110.0,1136.6666666666665,1101.6666666666665,1133.3333333333333,688800,-1.0,-1.0,-1.0
2020/04/22,1126.6666666666665,1148.3333333333333,1111.6666666666665,1128.3333333333333,682500,-1.0,-1.0,-1.0
2020/04/23,1148.3333333333333,1176.6666666666665,1143.3333333333333,1173.3333333333333,912600,-1.0,-1.0,-1.0
2020/04/24,1181.6666666666665,1183.3333333333333,1160.0,1171.6666666666665,827700,-1.0,-1.0,-1.0
2020/04/27,1188.3333333333333,1210.0,1178.3333333333333,1196.6666666666665,723000,-1.0,-1.0,-1.0
2020/04/28,1190.0,1203.3333333333333,1181.6666666666665,1195.0,550200,-1.0,-1.0,-1.0
2020/04/30,1233.3333333333333,1243.3333333333333,1178.3333333333333,1181.6666666666665,570300,-1.0,-1.0,-1.0
2020/05/01,1176.6666666666665,1183.3333333333333,1160.0,1168.3333333333333,363300,-1.0,-1.0,-1.0
2020/05/07,1145.0,1171.6666666666665,1138.3333333333333,1151.6666666666665,729900,-1.0,-1.0,-1.0
2020/05/08,1163.3333333333333,1213.3333333333333,1150.0,1208.3333333333333,666300,-1.0,-1.0,-1.0
2020/05/11,1201.6666666666665,1225.0,1201.6666666666665,1225.0,303300,-1.0,-1.0,-1.0
2020/05/12,1221.6666666666665,1221.6666666666665,1190.0,1190.0,243000,-1.0,-1.0,-1.0
2020/05/13,1171.6666666666665,1186.6666666666665,1160.0,1180.0,379800,-1.0,-1.0,-1.0
2020/05/14,1173.3333333333333,1178.3333333333333,1146.6666666666665,1146.6666666666665,367200,-1.0,-1.0,-1.0
2020/05/15,1178.3333333333333,1191.6666666666665,1166.6666666666665,1190.0,536100,-1.0,-1.0,-1.0
2020/05/18,1206.6666666666665,1213.3333333333333,1196.6666666666665,1213.3333333333333,533700,-1.0,-1.0,-1.0
2020/05/19,1248.3333333333333,1253.3333333333333,1226.6666666666665,1235.0,729300,-1.0,-1.0,-1.0
2020/05/20,1233.3333333333333,1265.0,1231.6666666666665,1251.6666666666665,544500,-1.0,-1.0,-1.0
2020/05/21,1266.6666666666665,1303.3333333333333,1255.0,1283.3333333333333,786900,-1.0,-1.0,-1.0
2020/05/22,1275.0,1295.0,1226.6666666666665,1258.3333333333333,982200,-1.0,-1.0,-1.0
2020/05/25,1305.0,1328.3333333333333,1251.6666666666665,1260.0,1402200,-1.0,-1.0,-1.0
2020/05/26,1280.0,1286.6666666666665,1256.6666666666665,1270.0,1033800,-1.0,-1.0,-1.0
2020/05/27,1271.6666666666665,1281.6666666666665,1260.0,1278.3333333333333,540600,-1.0,-1.0,-1.0
2020/05/28,1308.3333333333333,1325.0,1263.3333333333333,1283.3333333333333,550800,-1.0,-1.0,-1.0
2020/05/29,1266.6666666666665,1270.0,1251.6666666666665,1263.3333333333333,615600,-1.0,-1.0,-1.0
2020/06/01,1261.6666666666665,1266.6666666666665,1245.0,1256.6666666666665,281100,-1.0,-1.0,-1.0
2020/06/02,1266.6666666666665,1285.0,1253.3333333333333,1266.6666666666665,544800,-1.0,-1.0,-1.0
2020/06/03,1290.0,1303.3333333333333,1255.0,1303.3333333333333,938700,-1.0,-1.0,-1.0
2020/06/04,1326.6666666666665,1336.6666666666665,1291.6666666666665,1295.0,567900,-1.0,-1.0,-1.0
2020/06/05,1308.3333333333333,1325.0,1295.0,1320.0,459900,-1.0,-1.0,-1.0
2020/06/08,1306.6666666666665,1326.6666666666665,1290.0,1323.3333333333333,552600,-1.0,-1.0,-1.0
2020/06/09,1323.3333333333333,1323.3333333333333,1300.0,1315.0,437400,-1.0,-1.0,-1.0
2020/06/10,1298.3333333333333,1303.3333333333333,1286.6666666666665,1296.6666666666665,503400,-1.0,-1.0,-1.0
2020/06/11,1268.3333333333333,1283.3333333333333,1250.0,1256.6666666666665,605100,-1.0,-1.0,-1.0
2020/06/12,1235.0,1251.6666666666665,1216.6666666666665,1245.0,886500,-1.0,-1.0,-1.0
2020/06/15,1230.0,1236.6666666666665,1205.0,1210.0,598800,-1.0,-1.0,-1.0
2020/06/16,1245.0,1290.0,1243.3333333333333,1286.6666666666665,762000,-1.0,-1.0,-1.0
2020/06/17,1295.0,1295.0,1238.3333333333333,1245.0,640800,-1.0,-1.0,-1.0
2020/06/18,1235.0,1251.6666666666665,1228.3333333333333,1238.3333333333333,564600,-1.0,-1.0,-1.0
2020/06/19,1250.0,1251.6666666666665,1226.6666666666665,1246.6666666666665,481800,-1.0,-1.0,-1.0
2020/06/22,1245.0,1256.6666666666665,1235.0,1246.6666666666665,322200,-1.0,-1.0,-1.0
2020/06/23,1263.3333333333333,1270.0,1238.3333333333333,1261.6666666666665,537600,-1.0,-1.0,-1.0
2020/06/24,1248.3333333333333,1251.6666666666665,1231.6666666666665,1235.0,485400,-1.0,-1.0,-1.0
2020/06/25,1235.0,1246.6666666666665,1226.6666666666665,1235.0,546300,-1.0,-1.0,-1.0
2020/06/26,1256.6666666666665,1265.0,1241.6666666666665,1261.6666666666665,522900,-1.0,-1.0,-1.0
2020/06/29,1255.0,1286.6666666666665,1240.0,1268.3333333333333,744900,-1.0,-1.0,-1.0
2020/06/30,1296.6666666666665,1296.6666666666665,1260.0,1261.6666666666665,551100,-1.0,-1.0,-1.0
2020/07/01,1266.6666666666665,1271.6666666666665,1246.6666666666665,1255.0,488100,-1.0,-1.0,-1.0
2020/07/02,1245.0,1261.6666666666665,1231.6666666666665,1243.3333333333333,464100,-1.0,-1.0,-1.0
2020/07/03,1258.3333333333333,1258.3333333333333,1223.3333333333333,1235.0,399600,-1.0,-1.0,-1.0
2020/07/06,1236.6666666666665,1265.0,1230.0,1256.6666666666665,487500,-1.0,-1.0,-1.0
2020/07/07,1253.3333333333333,1253.3333333333333,1215.0,1238.3333333333333,445800,-1.0,-1.0,-1.0
2020/07/08,1253.3333333333333,1253.3333333333333,1225.0,1225.0,407700,-1.0,-1.0,-1.0
2020/07/09,1215.0,1225.0,1211.6666666666665,1211.6666666666665,338700,-1.0,-1.0,-1.0
2020/07/10,1211.6666666666665,1211.6666666666665,1185.0,1185.0,443700,-1.0,-1.0,-1.0
2020/07/13,1216.6666666666665,1246.6666666666665,1216.6666666666665,1246.6666666666665,393600,-1.0,-1.0,-1.0
2020/07/14,1236.6666666666665,1248.3333333333333,1230.0,1231.6666666666665,323700,-1.0,-1.0,-1.0
2020/07/15,1255.0,1275.0,1246.6666666666665,1275.0,528300,-1.0,-1.0,-1.0
2020/07/16,1263.3333333333333,1280.0,1256.6666666666665,1265.0,373500,-1.0,-1.0,-1.0
2020/07/17,1261.6666666666665,1265.0,1250.0,1260.0,379800,-1.0,-1.0,-1.0
2020/07/20,1270.0,1290.0,1261.6666666666665,1285.0,450000,-1.0,-1.0,-1.0
2020/07/21,1283.3333333333333,1283.3333333333333,1250.0,1255.0,396300,-1.0,-1.0,-1.0
2020/07/22,1265.0,1276.6666666666665,1248.3333333333333,1250.0,465600,-1.0,-1.0,-1.0
2020/07/27,1238.3333333333333,1246.6666666666665,1220.0,1246.6666666666665,389700,-1.0,-1.0,-1.0
2020/07/28,1245.0,1290.0,1238.3333333333333,1268.3333333333333,786300,-1.0,-1.0,-1.0
2020/07/29,1256.6666666666665,1278.3333333333333,1256.6666666666665,1263.3333333333333,535500,-1.0,-1.0,-1.0
2020/07/30,1256.6666666666665,1258.3333333333333,1230.0,1230.0,362700,-1.0,-1.0,-1.0
2020/07/31,1216.6666666666665,1226.6666666666665,1178.3333333333333,1181.6666666666665,445500,-1.0,-1.0,-1.0
2020/08/03,1205.0,1241.6666666666665,1205.0,1230.0,509700,-1.0,-1.0,-1.0
2020/08/04,1241.6666666666665,1265.0,1235.0,1260.0,452400,-1.0,-1.0,-1.0
2020/08/05,1251.6666666666665,1266.6666666666665,1243.3333333333333,1265.0,394800,-1.0,-1.0,-1.0
2020/08/06,1280.0,1293.3333333333333,1266.6666666666665,1281.6666666666665,814800,-1.0,-1.0,-1.0
2020/08/07,1265.0,1265.0,1195.0,1218.3333333333333,1026900,-1.0,-1.0,-1.0
2020/08/11,1220.0,1236.6666666666665,1210.0,1233.3333333333333,832800,-1.0,-1.0,-1.0
2020/08/12,1235.0,1258.3333333333333,1231.6666666666665,1255.0,546900,-1.0,-1.0,-1.0
2020/08/13,1266.6666666666665,1280.0,1248.3333333333333,1255.0,610500,-1.0,-1.0,-1.0
2020/08/14,1256.6666666666665,1256.6666666666665,1236.6666666666665,1238.3333333333333,434100,-1.0,-1.0,-1.0
2020/08/17,1236.6666666666665,1240.0,1211.6666666666665,1216.6666666666665,623100,-1.0,-1.0,-1.0
2020/08/18,1200.0,1208.3333333333333,1188.3333333333333,1208.3333333333333,645300,-1.0,-1.0,-1.0
2020/08/19,1195.0,1195.0,1178.3333333333333,1181.6666666666665,543300,-1.0,-1.0,-1.0
2020/08/20,1170.0,1171.6666666666665,1141.6666666666665,1146.6666666666665,718800,-1.0,-1.0,-1.0
2020/08/21,1146.6666666666665,1156.6666666666665,1140.0,1140.0,519900,-1.0,-1.0,-1.0
2020/08/24,1138.3333333333333,1138.3333333333333,1116.6666666666665,1133.3333333333333,648300,-1.0,-1.0,-1.0
2020/08/25,1146.6666666666665,1155.0,1136.6666666666665,1151.6666666666665,683400,-1.0,-1.0,-1.0
2020/08/26,1140.0,1160.0,1138.3333333333333,1160.0,627900,-1.0,-1.0,-1.0
2020/08/27,1165.0,1168.3333333333333,1153.3333333333333,1158.3333333333333,310800,-1.0,-1.0,-1.0
2020/08/28,1161.6666666666665,1183.3333333333333,1140.0,1148.3333333333333,509400,-1.0,-1.0,-1.0
2020/08/31,1166.6666666666665,1170.0,1146.6666666666665,1146.6666666666665,410700,-1.0,-1.0,-1.0
2020/09/01,1145.0,1160.0,1143.3333333333333,1155.0,420000,-1.0,-1.0,-1.0
2020/09/02,1173.3333333333333,1178.3333333333333,1151.6666666666665,1173.3333333333333,586200,-1.0,-1.0,-1.0
2020/09/03,1195.0,1208.3333333333333,1175.0,1180.0,545100,-1.0,-1.0,-1.0
2020/09/04,1170.0,1173.3333333333333,1155.0,1168.3333333333333,455400,-1.0,-1.0,-1.0
2020/09/07,1173.3333333333333,1180.0,1166.6666666666665,1170.0,313800,-1.0,-1.0,-1.0
2020/09/08,1175.0,1180.0,1170.0,1178.3333333333333,263100,-1.0,-1.0,-1.0
2020/09/09,1161.6666666666665,1186.6666666666665,1160.0,1181.6666666666665,399000,-1.0,-1.0,-1.0
2020/09/10,1183.3333333333333,1200.0,1180.0,1196.6666666666665,290100,-1.0,-1.0,-1.0
2020/09/11,1206.6666666666665,1206.6666666666665,1193.3333333333333,1198.3333333333333,553200,-1.0,-1.0,-1.0
2020/09/14,1193.3333333333333,1203.3333333333333,1185.0,1201.6666666666665,279300,-1.0,-1.0,-1.0
2020/09/15,1200.0,1200.0,1176.6666666666665,1181.6666666666665,249000,-1.0,-1.0,-1.0
2020/09/16,1190.0,1195.0,1178.3333333333333,1188.3333333333333,401400,-1.0,-1.0,-1.0
2020/09/17,1196.6666666666665,1210.0,1190.0,1198.3333333333333,333300,-1.0,-1.0,-1.0
2020/09/18,1205.0,1206.6666666666665,1193.3333333333333,1198.3333333333333,776700,-1.0,-1.0,-1.0
2020/09/23,1188.3333333333333,1208.3333333333333,1185.0,1203.3333333333333,646200,-1.0,-1.0,-1.0
2020/09/24,1195.0,1203.3333333333333,1181.6666666666665,1185.0,471000,-1.0,-1.0,-1.0
2020/09/25,1186.6666666666665,1196.6666666666665,1178.3333333333333,1191.6666666666665,381600,-1.0,-1.0,-1.0
2020/09/28,1198.3333333333333,1215.0,1188.3333333333333,1213.3333333333333,543300,-1.0,-1.0,-1.0
2020/09/29,1201.6666666666665,1201.6666666666665,1176.6666666666665,1180.0,511200,-1.0,-1.0,-1.0
2020/09/30,1176.6666666666665,1176.6666666666665,1131.6666666666665,1131.6666666666665,723300,-1.0,-1.0,-1.0
2020/10/02,1145.0,1160.0,1123.3333333333333,1128.3333333333333,653700,-1.0,-1.0,-1.0
2020/10/05,1151.6666666666665,1173.3333333333333,1146.6666666666665,1158.3333333333333,337200,-1.0,-1.0,-1.0
2020/10/06,1161.6666666666665,1178.3333333333333,1158.3333333333333,1161.6666666666665,271200,-1.0,-1.0,-1.0
2020/10/07,1150.0,1160.0,1145.0,1156.6666666666665,289500,-1.0,-1.0,-1.0
2020/10/08,1160.0,1170.0,1156.6666666666665,1160.0,268500,-1.0,-1.0,-1.0
2020/10/09,1155.0,1155.0,1138.3333333333333,1141.6666666666665,391500,-1.0,-1.0,-1.0
2020/10/12,1130.0,1135.0,1121.6666666666665,1128.3333333333333,169200,-1.0,-1.0,-1.0
2020/10/13,1133.3333333333333,1143.3333333333333,1131.6666666666665,1140.0,210600,-1.0,-1.0,-1.0
2020/10/14,1143.3333333333333,1150.0,1136.6666666666665,1138.3333333333333,318000,-1.0,-1.0,-1.0
2020/10/15,1136.6666666666665,1141.6666666666665,1123.3333333333333,1123.3333333333333,174300,-1.0,-1.0,-1.0
2020/10/16,1113.3333333333333,1121.6666666666665,1106.6666666666665,1113.3333333333333,315000,-1.0,-1.0,-1.0
2020/10/19,1121.6666666666665,1136.6666666666665,1120.0,1133.3333333333333,476400,-1.0,-1.0,-1.0
2020/10/20,1113.3333333333333,1121.6666666666665,1105.0,1108.3333333333333,224100,-1.0,-1.0,-1.0
2020/10/21,1111.6666666666665,1123.3333333333333,1106.6666666666665,1123.3333333333333,452100,-1.0,-1.0,-1.0
2020/10/22,1116.6666666666665,1121.6666666666665,1100.0,1101.6666666666665,241800,-1.0,-1.0,-1.0
2020/10/23,1101.6666666666665,1111.6666666666665,1093.3333333333333,1106.6666666666665,377400,-1.0,-1.0,-1.0
2020/10/26,1098.3333333333333,1111.6666666666665,1096.6666666666665,1101.6666666666665,225600,-1.0,-1.0,-1.0
2020/10/27,1095.0,1095.0,1076.6666666666665,1090.0,277500,-1.0,-1.0,-1.0
2020/10/28,1080.0,1081.6666666666665,1061.6666666666665,1076.6666666666665,370200,-1.0,-1.0,-1.0
2020/10/29,1058.3333333333333,1078.3333333333333,1056.6666666666665,1070.0,255600,-1.0,-1.0,-1.0
2020/10/30,1080.0,1083.3333333333333,1053.3333333333333,1056.6666666666665,473100,-1.0,-1.0,-1.0
2020/11/02,1061.6666666666665,1091.6666666666665,1061.6666666666665,1091.6666666666665,314400,-1.0,-1.0,-1.0
2020/11/04,1103.3333333333333,1108.3333333333333,1090.0,1093.3333333333333,351600,-1.0,-1.0,-1.0
2020/11/05,1078.3333333333333,1085.0,1056.6666666666665,1073.3333333333333,539100,-1.0,-1.0,-1.0
2020/11/06,1061.6666666666665,1086.6666666666665,1036.6666666666665,1083.3333333333333,534600,-1.0,-1.0,-1.0
2020/11/09,1096.6666666666665,1103.3333333333333,1081.6666666666665,1098.3333333333333,553800,-1.0,-1.0,-1.0
2020/11/10,1121.6666666666665,1173.3333333333333,1105.0,1151.6666666666665,1171200,-1.0,-1.0,-1.0
2020/11/11,1158.3333333333333,1170.0,1111.6666666666665,1121.6666666666665,1189800,-1.0,-1.0,-1.0
2020/11/12,1100.0,1111.6666666666665,1070.0,1110.0,885600,-1.0,-1.0,-1.0
2020/11/13,1090.0,1105.0,1083.3333333333333,1093.3333333333333,552000,-1.0,-1.0,-1.0
2020/11/16,1115.0,1123.3333333333333,1098.3333333333333,1113.3333333333333,408000,-1.0,-1.0,-1.0
2020/11/17,1131.6666666666665,1140.0,1116.6666666666665,1133.3333333333333,505500,-1.0,-1.0,-1.0
2020/11/18,1150.0,1151.6666666666665,1110.0,1111.6666666666665,505800,-1.0,-1.0,-1.0
2020/11/19,1105.0,1113.3333333333333,1098.3333333333333,1101.6666666666665,275700,-1.0,-1.0,-1.0
2020/11/20,1095.0,1095.0,1080.0,1091.6666666666665,291300,-1.0,-1.0,-1.0
2020/11/24,1121.6666666666665,1126.6666666666665,1113.3333333333333,1116.6666666666665,458400,-1.0,-1.0,-1.0
2020/11/25,1138.3333333333333,1150.0,1098.3333333333333,1098.3333333333333,712500,-1.0,-1.0,-1.0
2020/11/26,1095.0,1100.0,1065.0,1080.0,600000,-1.0,-1.0,-1.0
2020/11/27,1078.3333333333333,1078.3333333333333,1063.3333333333333,1068.3333333333333,682500,-1.0,-1.0,-1.0
2020/11/30,1075.0,1075.0,1021.6666666666666,1030.0,1042500,-1.0,-1.0,-1.0
2020/12/01,1035.0,1078.3333333333333,1035.0,1060.0,1108800,-1.0,-1.0,-1.0
2020/12/02,1065.0,1066.6666666666665,1046.6666666666665,1060.0,720600,-1.0,-1.0,-1.0
2020/12/03,1053.3333333333333,1071.6666666666665,1051.6666666666665,1071.6666666666665,479400,-1.0,-1.0,-1.0
2020/12/04,1080.0,1091.6666666666665,1068.3333333333333,1088.3333333333333,531600,-1.0,-1.0,-1.0
2020/12/07,1111.6666666666665,1115.0,1081.6666666666665,1085.0,552600,-1.0,-1.0,-1.0
2020/12/08,1081.6666666666665,1091.6666666666665,1076.6666666666665,1080.0,285000,-1.0,-1.0,-1.0
2020/12/09,1076.6666666666665,1085.0,1076.6666666666665,1080.0,298500,-1.0,-1.0,-1.0
2020/12/10,1085.0,1088.3333333333333,1060.0,1060.0,385200,-1.0,-1.0,-1.0
2020/12/11,1056.6666666666665,1063.3333333333333,1021.6666666666666,1028.3333333333333,1077000,-1.0,-1.0,-1.0
2020/12/14,1021.6666666666666,1040.0,1018.3333333333333,1031.6666666666665,666000,-1.0,-1.0,-1.0
2020/12/15,1031.6666666666665,1053.3333333333333,1031.6666666666665,1048.3333333333333,408600,-1.0,-1.0,-1.0
2020/12/16,1048.3333333333333,1056.6666666666665,1043.3333333333333,1043.3333333333333,317400,-1.0,-1.0,-1.0
2020/12/17,1043.3333333333333,1045.0,1025.0,1030.0,516900,-1.0,-1.0,-1.0
2020/12/18,1045.0,1048.3333333333333,1035.0,1043.3333333333333,546600,-1.0,-1.0,-1.0
2020/12/21,1045.0,1050.0,1021.6666666666666,1033.3333333333333,408000,-1.0,-1.0,-1.0
2020/12/22,1028.3333333333333,1028.3333333333333,1015.0,1020.0,486600,-1.0,-1.0,-1.0
2020/12/23,1013.3333333333333,1018.3333333333333,999.3333333333333,1003.3333333333333,448200,-1.0,-1.0,-1.0
2020/12/24,1001.6666666666666,1011.6666666666666,999.0,1008.3333333333333,486600,-1.0,-1.0,-1.0
2020/12/25,1015.0,1020.0,1005.0,1018.3333333333333,415500,-1.0,-1.0,-1.0
2020/12/28,1020.0,1020.0,999.3333333333333,1003.3333333333333,422100,-1.0,-1.0,-1.0
2020/12/29,999.3333333333333,1015.0,993.6666666666666,1015.0,748800,-1.0,-1.0,-1.0
2020/12/30,1016.6666666666666,1016.6666666666666,1001.6666666666666,1005.0,473100,-1.0,-1.0,-1.0
2021/01/04,1013.3333333333333,1013.3333333333333,990.3333333333333,1000.0,513300,-1.0,-1.0,-1.0
2021/01/05,993.3333333333333,1006.6666666666666,984.6666666666666,1003.3333333333333,601500,-1.0,-1.0,-1.0
2021/01/06,1005.0,1026.6666666666665,1003.3333333333333,1018.3333333333333,513000,-1.0,-1.0,-1.0
2021/01/07,1040.0,1063.3333333333333,1030.0,1048.3333333333333,794100,-1.0,-1.0,-1.0
2021/01/08,1051.6666666666665,1056.6666666666665,1040.0,1040.0,631800,-1.0,-1.0,-1.0
2021/01/12,1023.3333333333333,1033.3333333333333,1015.0,1021.6666666666666,1074900,-1.0,-1.0,-1.0
2021/01/13,1020.0,1023.3333333333333,1008.3333333333333,1016.6666666666666,996900,-1.0,-1.0,-1.0
2021/01/14,1020.0,1063.3333333333333,1018.3333333333333,1058.3333333333333,1574100,-1.0,-1.0,-1.0
2021/01/15,1061.6666666666665,1073.3333333333333,1053.3333333333333,1058.3333333333333,905400,-1.0,-1.0,-1.0
2021/01/18,1055.0,1056.6666666666665,1028.3333333333333,1028.3333333333333,385800,-1.0,-1.0,-1.0
2021/01/19,1035.0,1036.6666666666665,1011.6666666666666,1011.6666666666666,565800,-1.0,-1.0,-1.0
2021/01/20,1018.3333333333333,1018.3333333333333,1003.3333333333333,1010.0,720600,-1.0,-1.0,-1.0
2021/01/21,1018.3333333333333,1026.6666666666665,1006.6666666666666,1010.0,667800,-1.0,-1.0,-1.0
2021/01/22,1015.0,1025.0,1010.0,1018.3333333333333,778500,-1.0,-1.0,-1.0
2021/01/25,1023.3333333333333,1046.6666666666665,1021.6666666666666,1038.3333333333333,626700,-1.0,-1.0,-1.0
2021/01/26,1043.3333333333333,1050.0,1036.6666666666665,1043.3333333333333,452400,-1.0,-1.0,-1.0
2021/01/27,1041.6666666666665,1051.6666666666665,1035.0,1041.6666666666665,509400,-1.0,-1.0,-1.0
2021/01/28,1020.0,1043.3333333333333,1018.3333333333333,1036.6666666666665,579900,-1.0,-1.0,-1.0
2021/01/29,1046.6666666666665,1055.0,1041.6666666666665,1055.0,784800,-1.0,-1.0,-1.0
2021/02/01,1053.3333333333333,1070.0,1046.6666666666665,1060.0,780300,-1.0,-1.0,-1.0
2021/02/02,1066.6666666666665,1071.6666666666665,1056.6666666666665,1063.3333333333333,388800,-1.0,-1.0,-1.0
2021/02/03,1063.3333333333333,1078.3333333333333,1061.6666666666665,1078.3333333333333,487500,-1.0,-1.0,-1.0
2021/02/04,1071.6666666666665,1081.6666666666665,1065.0,1071.6666666666665,366900,-1.0,-1.0,-1.0
2021/02/05,1086.6666666666665,1093.3333333333333,1075.0,1093.3333333333333,666300,-1.0,-1.0,-1.0
2021/02/08,1090.0,1121.6666666666665,1088.3333333333333,1116.6666666666665,660300,-1.0,-1.0,-1.0
2021/02/09,1126.6666666666665,1140.0,1110.0,1121.6666666666665,974700,-1.0,-1.0,-1.0
2021/02/10,1206.6666666666665,1248.3333333333333,1188.3333333333333,1218.3333333333333,2419200,-1.0,-1.0,-1.0
2021/02/12,1210.0,1211.6666666666665,1186.6666666666665,1200.0,1350300,-1.0,-1.0,-1.0
2021/02/15,1216.6666666666665,1223.3333333333333,1205.0,1205.0,617400,-1.0,-1.0,-1.0
2021/02/16,1206.6666666666665,1208.3333333333333,1191.6666666666665,1195.0,681900,-1.0,-1.0,-1.0
2021/02/17,1188.3333333333333,1195.0,1166.6666666666665,1185.0,1032900,-1.0,-1.0,-1.0
2021/02/18,1185.0,1186.6666666666665,1156.6666666666665,1165.0,948300,-1.0,-1.0,-1.0
2021/02/19,1163.3333333333333,1181.6666666666665,1145.0,1166.6666666666665,1003500,-1.0,-1.0,-1.0
2021/02/22,1198.3333333333333,1211.6666666666665,1185.0,1186.6666666666665,647100,-1.0,-1.0,-1.0
2021/02/24,1198.3333333333333,1216.6666666666665,1186.6666666666665,1203.3333333333333,931200,-1.0,-1.0,-1.0
2021/02/25,1223.3333333333333,1230.0,1215.0,1218.3333333333333,845700,-1.0,-1.0,-1.0
2021/02/26,1200.0,1203.3333333333333,1173.3333333333333,1173.3333333333333,1183800,-1.0,-1.0,-1.0
2021/03/01,1178.3333333333333,1190.0,1171.6666666666665,1185.0,855900,-1.0,-1.0,-1.0
2021/03/02,1188.3333333333333,1195.0,1176.6666666666665,1188.3333333333333,565500,-1.0,-1.0,-1.0
2021/03/03,1200.0,1203.3333333333333,1186.6666666666665,1196.6666666666665,781200,-1.0,-1.0,-1.0
2021/03/04,1196.6666666666665,1205.0,1188.3333333333333,1198.3333333333333,792300,-1.0,-1.0,-1.0
2021/03/05,1205.0,1206.6666666666665,1175.0,1183.3333333333333,747000,-1.0,-1.0,-1.0
2021/03/08,1183.3333333333333,1191.6666666666665,1161.6666666666665,1166.6666666666665,872400,-1.0,-1.0,-1.0
2021/03/09,1185.0,1231.6666666666665,1173.3333333333333,1228.3333333333333,1103100,-1.0,-1.0,-1.0
2021/03/10,1226.6666666666665,1236.6666666666665,1211.6666666666665,1235.0,872400,-1.0,-1.0,-1.0
2021/03/11,1213.3333333333333,1233.3333333333333,1210.0,1220.0,635400,-1.0,-1.0,-1.0
2021/03/12,1220.0,1220.0,1185.0,1205.0,968100,-1.0,-1.0,-1.0
2021/03/15,1218.3333333333333,1230.0,1213.3333333333333,1221.6666666666665,609300,-1.0,-1.0,-1.0
2021/03/16,1211.6666666666665,1228.3333333333333,1205.0,1223.3333333333333,565800,-1.0,-1.0,-1.0
2021/03/17,1213.3333333333333,1218.3333333333333,1198.3333333333333,1205.0,856800,-1.0,-1.0,-1.0
2021/03/18,1206.6666666666665,1235.0,1205.0,1233.3333333333333,835200,-1.0,-1.0,-1.0
2021/03/19,1241.6666666666665,1261.6666666666665,1231.6666666666665,1251.6666666666665,2475300,-1.0,-1.0,-1.0
2021/03/22,1245.0,1253.3333333333333,1230.0,1246.6666666666665,647400,-1.0,-1.0,-1.0
2021/03/23,1246.6666666666665,1263.3333333333333,1243.3333333333333,1243.3333333333333,823800,-1.0,-1.0,-1.0
2021/03/24,1241.6666666666665,1243.3333333333333,1196.6666666666665,1198.3333333333333,963600,-1.0,-1.0,-1.0
2021/03/25,1216.6666666666665,1256.6666666666665,1216.6666666666665,1233.3333333333333,789000,-1.0,-1.0,-1.0
2021/03/26,1253.3333333333333,1258.3333333333333,1240.0,1246.6666666666665,464400,-1.0,-1.0,-1.0
2021/03/29,1253.3333333333333,1261.6666666666665,1208.3333333333333,1218.3333333333333,893700,-1.0,-1.0,-1.0
2021/03/30,1201.6666666666665,1210.0,1191.6666666666665,1196.6666666666665,943800,-1.0,-1.0,-1.0
2021/03/31,1173.3333333333333,1190.0,1160.0,1175.0,913500,-1.0,-1.0,-1.0
2021/04/01,1180.0,1203.3333333333333,1168.3333333333333,1173.3333333333333,982500,-1.0,-1.0,-1.0
2021/04/02,1173.3333333333333,1191.6666666666665,1166.6666666666665,1190.0,634800,-1.0,-1.0,-1.0
2021/04/05,1205.0,1221.6666666666665,1195.0,1206.6666666666665,572100,-1.0,-1.0,-1.0
2021/04/06,1211.6666666666665,1215.0,1180.0,1193.3333333333333,506400,-1.0,-1.0,-1.0
2021/04/07,1193.3333333333333,1216.6666666666665,1193.3333333333333,1215.0,489000,-1.0,-1.0,-1.0
2021/04/08,1210.0,1210.0,1181.6666666666665,1190.0,507600,-1.0,-1.0,-1.0
2021/04/09,1198.3333333333333,1213.3333333333333,1193.3333333333333,1206.6666666666665,641100,-1.0,-1.0,-1.0
2021/04/12,1210.0,1230.0,1206.6666666666665,1225.0,617700,-1.0,-1.0,-1.0
2021/04/13,1223.3333333333333,1240.0,1220.0,1230.0,668100,-1.0,-1.0,-1.0
2021/04/14,1218.3333333333333,1220.0,1188.3333333333333,1198.3333333333333,590100,-1.0,-1.0,-1.0
2021/04/15,1206.6666666666665,1213.3333333333333,1190.0,1193.3333333333333,360000,-1.0,-1.0,-1.0
2021/04/16,1198.3333333333333,1210.0,1186.6666666666665,1201.6666666666665,479100,-1.0,-1.0,-1.0
2021/04/19,1201.6666666666665,1226.6666666666665,1200.0,1218.3333333333333,503700,-1.0,-1.0,-1.0
2021/04/20,1208.3333333333333,1225.0,1205.0,1218.3333333333333,447300,-1.0,-1.0,-1.0
2021/04/21,1186.6666666666665,1191.6666666666665,1170.0,1181.6666666666665,694800,-1.0,-1.0,-1.0
2021/04/22,1196.6666666666665,1196.6666666666665,1180.0,1195.0,534600,-1.0,-1.0,-1.0
2021/04/23,1193.3333333333333,1205.0,1188.3333333333333,1196.6666666666665,450000,-1.0,-1.0,-1.0
2021/04/26,1200.0,1201.6666666666665,1176.6666666666665,1178.3333333333333,408300,-1.0,-1.0,-1.0
2021/04/27,1178.3333333333333,1191.6666666666665,1171.6666666666665,1185.0,450000,-1.0,-1.0,-1.0
2021/04/28,1185.0,1185.0,1150.0,1156.6666666666665,806700,-1.0,-1.0,-1.0
2021/04/30,1155.0,1163.3333333333333,1148.3333333333333,1155.0,701700,-1.0,-1.0,-1.0
2021/05/06,1156.6666666666665,1205.0,1156.6666666666665,1198.3333333333333,887100,-1.0,-1.0,-1.0
2021/05/07,1178.3333333333333,1210.0,1171.6666666666665,1205.0,862200,-1.0,-1.0,-1.0
2021/05/10,1213.3333333333333,1228.3333333333333,1210.0,1225.0,675300,-1.0,-1.0,-1.0
2021/05/11,1218.3333333333333,1225.0,1195.0,1203.3333333333333,517800,-1.0,-1.0,-1.0
2021/05/12,1193.3333333333333,1205.0,1166.6666666666665,1175.0,601200,-1.0,-1.0,-1.0
2021/05/13,1165.0,1195.0,1063.3333333333333,1090.0,2308200,-1.0,-1.0,-1.0
2021/05/14,1098.3333333333333,1120.0,1076.6666666666665,1093.3333333333333,1158900,-1.0,-1.0,-1.0
2021/05/17,1110.0,1116.6666666666665,1080.0,1103.3333333333333,679200,-1.0,-1.0,-1.0
2021/05/18,1095.0,1105.0,1083.3333333333333,1085.0,612300,-1.0,-1.0,-1.0
2021/05/19,1063.3333333333333,1076.6666666666665,1051.6666666666665,1055.0,780300,-1.0,-1.0,-1.0
2021/05/20,1055.0,1065.0,1046.6666666666665,1051.6666666666665,483300,-1.0,-1.0,-1.0
2021/05/21,1045.0,1053.3333333333333,1038.3333333333333,1051.6666666666665,509100,-1.0,-1.0,-1.0
2021/05/24,1050.0,1068.3333333333333,1048.3333333333333,1065.0,390000,-1.0,-1.0,-1.0
2021/05/25,1068.3333333333333,1073.3333333333333,1040.0,1050.0,589500,-1.0,-1.0,-1.0
2021/05/26,1040.0,1046.6666666666665,1035.0,1041.6666666666665,426600,-1.0,-1.0,-1.0
2021/05/27,1036.6666666666665,1041.6666666666665,1013.3333333333333,1013.3333333333333,1207500,-1.0,-1.0,-1.0
2021/05/28,1026.6666666666665,1045.0,1025.0,1040.0,969600,-1.0,-1.0,-1.0
2021/05/31,1020.0,1031.6666666666665,1008.3333333333333,1010.0,830700,-1.0,-1.0,-1.0
2021/06/01,1003.3333333333333,1016.6666666666666,1000.0,1011.6666666666666,834000,-1.0,-1.0,-1.0
2021/06/02,1010.0,1021.6666666666666,1005.0,1006.6666666666666,828000,-1.0,-1.0,-1.0
2021/06/03,1005.0,1030.0,1000.0,1016.6666666666666,698700,-1.0,-1.0,-1.0
2021/06/04,1010.0,1020.0,1005.0,1015.0,573900,-1.0,-1.0,-1.0
2021/06/07,979.6666666666666,1011.6666666666666,974.6666666666666,1006.6666666666666,1159200,-1.0,-1.0,-1.0
2021/06/08,1015.0,1016.6666666666666,1003.3333333333333,1015.0,566100,-1.0,-1.0,-1.0
2021/06/09,1018.3333333333333,1030.0,1016.6666666666666,1020.0,429600,-1.0,-1.0,-1.0
2021/06/10,1028.3333333333333,1028.3333333333333,1013.3333333333333,1015.0,370800,-1.0,-1.0,-1.0
2021/06/11,1008.3333333333333,1018.3333333333333,1006.6666666666666,1011.6666666666666,562200,-1.0,-1.0,-1.0
2021/06/14,1016.6666666666666,1018.3333333333333,1003.3333333333333,1006.6666666666666,342300,-1.0,-1.0,-1.0
2021/06/15,1008.3333333333333,1020.0,1008.3333333333333,1013.3333333333333,453300,-1.0,-1.0,-1.0
2021/06/16,1013.3333333333333,1023.3333333333333,1011.6666666666666,1013.3333333333333,344100,-1.0,-1.0,-1.0
2021/06/17,1015.0,1021.6666666666666,1010.0,1015.0,524400,-1.0,-1.0,-1.0
2021/06/18,1011.6666666666666,1018.3333333333333,1005.0,1015.0,603600,-1.0,-1.0,-1.0
2021/06/21,1005.0,1010.0,1000.0,1005.0,600900,-1.0,-1.0,-1.0
2021/06/22,1026.6666666666665,1030.0,1015.0,1021.6666666666666,817800,-1.0,-1.0,-1.0
2021/06/23,1021.6666666666666,1030.0,1018.3333333333333,1021.6666666666666,411900,-1.0,-1.0,-1.0
2021/06/24,1026.6666666666665,1031.6666666666665,1018.3333333333333,1020.0,531900,-1.0,-1.0,-1.0
2021/06/25,1035.0,1040.0,1030.0,1036.6666666666665,437700,-1.0,-1.0,-1.0
2021/06/28,1038.3333333333333,1043.3333333333333,1025.0,1043.3333333333333,415800,-1.0,-1.0,-1.0
2021/06/29,1035.0,1038.3333333333333,1016.6666666666666,1021.6666666666666,656700,-1.0,-1.0,-1.0
2021/06/30,1023.3333333333333,1028.3333333333333,1005.0,1006.6666666666666,542700,-1.0,-1.0,-1.0
2021/07/01,1008.3333333333333,1010.0,1000.0,1003.3333333333333,465900,-1.0,-1.0,-1.0
2021/07/02,999.6666666666666,1006.6666666666666,995.0,1003.3333333333333,506700,-1.0,-1.0,-1.0
2021/07/05,1001.6666666666666,1011.6666666666666,1001.6666666666666,1008.3333333333333,312000,-1.0,-1.0,-1.0
2021/07/06,1010.0,1010.0,1001.6666666666666,1003.3333333333333,408900,-1.0,-1.0,-1.0
2021/07/07,993.3333333333333,1001.6666666666666,988.0,994.6666666666666,1088400,-1.0,-1.0,-1.0
2021/07/08,993.3333333333333,995.3333333333333,986.6666666666666,986.6666666666666,681600,-1.0,-1.0,-1.0
2021/07/09,975.3333333333333,995.6666666666666,971.3333333333333,994.0,1023600,-1.0,-1.0,-1.0
2021/07/12,1008.3333333333333,1010.0,997.3333333333333,1000.0,742800,-1.0,-1.0,-1.0
2021/07/13,1010.0,1030.0,1006.6666666666666,1020.0,822300,-1.0,-1.0,-1.0
2021/07/14,1025.0,1025.0,1015.0,1015.0,513900,-1.0,-1.0,-1.0
2021/07/15,1028.3333333333333,1035.0,1020.0,1020.0,621600,-1.0,-1.0,-1.0
2021/07/16,1015.0,1026.6666666666665,1011.6666666666666,1020.0,387900,-1.0,-1.0,-1.0
2021/07/19,1013.3333333333333,1015.0,1001.6666666666666,1010.0,392100,-1.0,-1.0,-1.0
2021/07/20,993.3333333333333,1006.6666666666666,993.3333333333333,1000.0,513900,-1.0,-1.0,-1.0
2021/07/21,1011.6666666666666,1025.0,1006.6666666666666,1015.0,561600,-1.0,-1.0,-1.0
2021/07/26,1028.3333333333333,1033.3333333333333,1020.0,1026.6666666666665,498900,-1.0,-1.0,-1.0
2021/07/27,1028.3333333333333,1035.0,1021.6666666666666,1030.0,381900,-1.0,-1.0,-1.0
2021/07/28,1030.0,1043.3333333333333,1028.3333333333333,1040.0,608700,-1.0,-1.0,-1.0
2021/07/29,1041.6666666666665,1046.6666666666665,1035.0,1038.3333333333333,398700,-1.0,-1.0,-1.0
2021/07/30,1045.0,1046.6666666666665,1033.3333333333333,1040.0,1168800,-1.0,-1.0,-1.0
2021/08/02,1038.3333333333333,1053.3333333333333,1035.0,1050.0,468300,-1.0,-1.0,-1.0
2021/08/03,1041.6666666666665,1043.3333333333333,1031.6666666666665,1035.0,434400,-1.0,-1.0,-1.0
2021/08/04,1036.6666666666665,1040.0,1025.0,1031.6666666666665,429300,-1.0,-1.0,-1.0
2021/08/05,1026.6666666666665,1043.3333333333333,1023.3333333333333,1038.3333333333333,426900,-1.0,-1.0,-1.0
2021/08/06,1016.6666666666666,1041.6666666666665,1000.0,1031.6666666666665,1257600,-1.0,-1.0,-1.0
2021/08/10,1038.3333333333333,1040.0,1008.3333333333333,1016.6666666666666,683700,-1.0,-1.0,-1.0
2021/08/11,1025.0,1045.0,1023.3333333333333,1038.3333333333333,711000,-1.0,-1.0,-1.0
2021/08/12,1060.0,1065.0,1045.0,1045.0,522600,-1.0,-1.0,-1.0
2021/08/13,1051.6666666666665,1058.3333333333333,1045.0,1053.3333333333333,275400,-1.0,-1.0,-1.0
2021/08/16,1041.6666666666665,1041.6666666666665,1021.6666666666666,1025.0,542400,-1.0,-1.0,-1.0
2021/08/17,1025.0,1031.6666666666665,1015.0,1015.0,308100,-1.0,-1.0,-1.0
2021/08/18,1020.0,1030.0,1016.6666666666666,1023.3333333333333,265500,-1.0,-1.0,-1.0
2021/08/19,1020.0,1021.6666666666666,1013.3333333333333,1013.3333333333333,344100,-1.0,-1.0,-1.0
2021/08/20,996.6666666666666,1001.6666666666666,990.6666666666666,992.3333333333333,816600,-1.0,-1.0,-1.0
2021/08/23,970.0,982.6666666666666,970.0,977.0,956400,-1.0,-1.0,-1.0
2021/08/24,970.6666666666666,978.0,964.0,975.3333333333333,864900,-1.0,-1.0,-1.0
2021/08/25,968.6666666666666,986.3333333333333,968.6666666666666,979.0,911700,-1.0,-1.0,-1.0
2021/08/26,985.3333333333333,990.0,982.6666666666666,988.6666666666666,431100,-1.0,-1.0,-1.0
2021/08/27,987.3333333333333,992.3333333333333,983.0,992.3333333333333,354000,-1.0,-1.0,-1.0
2021/08/30,998.3333333333333,1003.3333333333333,994.6666666666666,1001.6666666666666,440700,-1.0,-1.0,-1.0
2021/08/31,997.3333333333333,1003.3333333333333,994.0,995.6666666666666,559500,-1.0,-1.0,-1.0
2021/09/01,1003.3333333333333,1020.0,999.0,1016.6666666666666,760200,-1.0,-1.0,-1.0
2021/09/02,1020.0,1021.6666666666666,1006.6666666666666,1010.0,413400,-1.0,-1.0,-1.0
2021/09/03,1013.3333333333333,1025.0,1008.3333333333333,1025.0,492300,-1.0,-1.0,-1.0
2021/09/06,1028.3333333333333,1041.6666666666665,1026.6666666666665,1033.3333333333333,573300,-1.0,-1.0,-1.0
2021/09/07,1041.6666666666665,1053.3333333333333,1033.3333333333333,1033.3333333333333,535800,-1.0,-1.0,-1.0
2021/09/08,1026.6666666666665,1053.3333333333333,1026.6666666666665,1053.3333333333333,767400,-1.0,-1.0,-1.0
2021/09/09,1050.0,1061.6666666666665,1046.6666666666665,1060.0,469200,-1.0,-1.0,-1.0
2021/09/10,1063.3333333333333,1071.6666666666665,1058.3333333333333,1065.0,641700,-1.0,-1.0,-1.0
2021/09/13,1058.3333333333333,1058.3333333333333,1046.6666666666665,1058.3333333333333,479700,-1.0,-1.0,-1.0
2021/09/14,1051.6666666666665,1065.0,1051.6666666666665,1061.6666666666665,604200,-1.0,-1.0,-1.0
2021/09/15,1045.0,1045.0,1031.6666666666665,1038.3333333333333,774600,-1.0,-1.0,-1.0
2021/09/16,1045.0,1066.6666666666665,1043.3333333333333,1066.6666666666665,721500,-1.0,-1.0,-1.0
2021/09/17,1070.0,1073.3333333333333,1058.3333333333333,1066.6666666666665,672300,-1.0,-1.0,-1.0
2021/09/21,1053.3333333333333,1068.3333333333333,1046.6666666666665,1051.6666666666665,896700,-1.0,-1.0,-1.0
2021/09/22,1046.6666666666665,1058.3333333333333,1045.0,1045.0,568500,-1.0,-1.0,-1.0
2021/09/24,1068.3333333333333,1070.0,1055.0,1060.0,612000,-1.0,-1.0,-1.0
2021/09/27,1060.0,1065.0,1051.6666666666665,1051.6666666666665,722400,-1.0,-1.0,-1.0
2021/09/28,1060.0,1071.6666666666665,1055.0,1068.3333333333333,761700,-1.0,-1.0,-1.0
2021/09/29,1050.0,1055.0,1033.3333333333333,1038.3333333333333,1116600,-1.0,-1.0,-1.0
2021/09/30,1048.3333333333333,1063.3333333333333,1041.6666666666665,1041.6666666666665,1093500,-1.0,-1.0,-1.0
2021/10/01,1018.3333333333333,1033.3333333333333,1013.3333333333333,1013.3333333333333,1007700,-1.0,-1.0,-1.0
2021/10/04,1028.3333333333333,1028.3333333333333,1013.3333333333333,1025.0,696900,-1.0,-1.0,-1.0
2021/10/05,1011.6666666666666,1025.0,1006.6666666666666,1021.6666666666666,879000,-1.0,-1.0,-1.0
2021/10/06,1098.3333333333333,1163.3333333333333,1095.0,1150.0,4460100,-1.0,-1.0,-1.0
2021/10/07,1143.3333333333333,1143.3333333333333,1088.3333333333333,1096.6666666666665,1958400,-1.0,-1.0,-1.0
2021/10/08,1106.6666666666665,1113.3333333333333,1096.6666666666665,1103.3333333333333,608400,-1.0,-1.0,-1.0
2021/10/11,1106.6666666666665,1130.0,1106.6666666666665,1130.0,531000,-1.0,-1.0,-1.0
2021/10/12,1116.6666666666665,1135.0,1113.3333333333333,1131.6666666666665,580800,-1.0,-1.0,-1.0
2021/10/13,1108.3333333333333,1126.6666666666665,1105.0,1113.3333333333333,483900,-1.0,-1.0,-1.0
2021/10/14,1108.3333333333333,1118.3333333333333,1096.6666666666665,1113.3333333333333,497400,-1.0,-1.0,-1.0
2021/10/15,1133.3333333333333,1133.3333333333333,1113.3333333333333,1115.0,352500,-1.0,-1.0,-1.0
2021/10/18,1126.6666666666665,1130.0,1113.3333333333333,1118.3333333333333,443400,-1.0,-1.0,-1.0
2021/10/19,1121.6666666666665,1123.3333333333333,1106.6666666666665,1108.3333333333333,316200,-1.0,-1.0,-1.0
2021/10/20,1111.6666666666665,1113.3333333333333,1105.0,1108.3333333333333,315300,-1.0,-1.0,-1.0
2021/10/21,1130.0,1133.3333333333333,1116.6666666666665,1116.6666666666665,415200,-1.0,-1.0,-1.0
2021/10/22,1106.6666666666665,1125.0,1100.0,1100.0,691800,-1.0,-1.0,-1.0
2021/10/25,1081.6666666666665,1095.0,1075.0,1080.0,842100,-1.0,-1.0,-1.0
2021/10/26,1095.0,1115.0,1091.6666666666665,1093.3333333333333,525900,-1.0,-1.0,-1.0
2021/10/27,1083.3333333333333,1090.0,1071.6666666666665,1075.0,659400,-1.0,-1.0,-1.0
2021/10/28,1063.3333333333333,1075.0,1058.3333333333333,1068.3333333333333,840000,-1.0,-1.0,-1.0
2021/10/29,1073.3333333333333,1073.3333333333333,1060.0,1063.3333333333333,755700,-1.0,-1.0,-1.0
2021/11/01,1073.3333333333333,1105.0,1068.3333333333333,1101.6666666666665,813000,-1.0,-1.0,-1.0
2021/11/02,1083.3333333333333,1098.3333333333333,1081.6666666666665,1085.0,714000,-1.0,-1.0,-1.0
2021/11/04,1076.6666666666665,1116.6666666666665,1075.0,1110.0,741900,-1.0,-1.0,-1.0
2021/11/05,1088.3333333333333,1116.6666666666665,1088.3333333333333,1103.3333333333333,451500,-1.0,-1.0,-1.0
2021/11/08,1125.0,1136.6666666666665,1120.0,1121.6666666666665,596100,-1.0,-1.0,-1.0
2021/11/09,1131.6666666666665,1135.0,1106.6666666666665,1115.0,437400,-1.0,-1.0,-1.0
2021/11/10,1116.6666666666665,1116.6666666666665,1098.3333333333333,1108.3333333333333,441900,-1.0,-1.0,-1.0
2021/11/11,1113.3333333333333,1180.0,1086.6666666666665,1158.3333333333333,1984200,-1.0,-1.0,-1.0
2021/11/12,1153.3333333333333,1200.0,1153.3333333333333,1166.6666666666665,1207800,-1.0,-1.0,-1.0
2021/11/15,1165.0,1165.0,1136.6666666666665,1153.3333333333333,618900,-1.0,-1.0,-1.0
2021/11/16,1163.3333333333333,1170.0,1148.3333333333333,1148.3333333333333,396900,-1.0,-1.0,-1.0
2021/11/17,1148.3333333333333,1153.3333333333333,1101.6666666666665,1115.0,686400,-1.0,-1.0,-1.0
2021/11/18,1096.6666666666665,1113.3333333333333,1086.6666666666665,1111.6666666666665,958500,-1.0,-1.0,-1.0
2021/11/19,1091.6666666666665,1125.0,1090.0,1123.3333333333333,912300,-1.0,-1.0,-1.0
2021/11/22,1116.6666666666665,1135.0,1110.0,1125.0,345600,-1.0,-1.0,-1.0
2021/11/24,1136.6666666666665,1146.6666666666665,1110.0,1111.6666666666665,386100,-1.0,-1.0,-1.0
2021/11/25,1110.0,1118.3333333333333,1105.0,1110.0,327000,-1.0,-1.0,-1.0
2021/11/26,1226.6666666666665,1230.0,1193.3333333333333,1208.3333333333333,2934900,-1.0,-1.0,-1.0
2021/11/29,1200.0,1205.0,1158.3333333333333,1158.3333333333333,1136100,-1.0,-1.0,-1.0
2021/11/30,1166.6666666666665,1183.3333333333333,1150.0,1150.0,1097700,-1.0,-1.0,-1.0
2021/12/01,1135.0,1151.6666666666665,1121.6666666666665,1148.3333333333333,853200,-1.0,-1.0,-1.0
2021/12/02,1130.0,1176.6666666666665,1130.0,1173.3333333333333,1236300,-1.0,-1.0,-1.0
2021/12/03,1220.0,1228.3333333333333,1191.6666666666665,1220.0,1371600,-1.0,-1.0,-1.0
2021/12/06,1201.6666666666665,1223.3333333333333,1196.6666666666665,1198.3333333333333,867900,-1.0,-1.0,-1.0
2021/12/07,1210.0,1220.0,1183.3333333333333,1213.3333333333333,699300,-1.0,-1.0,-1.0
2021/12/08,1201.6666666666665,1211.6666666666665,1188.3333333333333,1203.3333333333333,477300,-1.0,-1.0,-1.0
2021/12/09,1203.3333333333333,1206.6666666666665,1195.0,1200.0,398100,-1.0,-1.0,-1.0
2021/12/10,1210.0,1218.3333333333333,1203.3333333333333,1208.3333333333333,419400,-1.0,-1.0,-1.0
2021/12/13,1216.6666666666665,1218.3333333333333,1208.3333333333333,1211.6666666666665,315600,-1.0,-1.0,-1.0
2021/12/14,1211.6666666666665,1220.0,1211.6666666666665,1216.6666666666665,377700,-1.0,-1.0,-1.0
2021/12/15,1216.6666666666665,1218.3333333333333,1205.0,1206.6666666666665,350100,-1.0,-1.0,-1.0
2021/12/16,1218.3333333333333,1218.3333333333333,1201.6666666666665,1218.3333333333333,427200,-1.0,-1.0,-1.0
2021/12/17,1206.6666666666665,1215.0,1190.0,1196.6666666666665,676800,-1.0,-1.0,-1.0
2021/12/20,1185.0,1193.3333333333333,1170.0,1178.3333333333333,425700,-1.0,-1.0,-1.0
2021/12/21,1193.3333333333333,1196.6666666666665,1170.0,1176.6666666666665,491700,-1.0,-1.0,-1.0
2021/12/22,1166.6666666666665,1188.3333333333333,1166.6666666666665,1180.0,391200,-1.0,-1.0,-1.0
2021/12/23,1180.0,1180.0,1170.0,1180.0,319500,-1.0,-1.0,-1.0
2021/12/24,1188.3333333333333,1191.6666666666665,1171.6666666666665,1181.6666666666665,235500,-1.0,-1.0,-1.0
2021/12/27,1181.6666666666665,1200.0,1173.3333333333333,1193.3333333333333,344100,-1.0,-1.0,-1.0
2021/12/28,1203.3333333333333,1211.6666666666665,1191.6666666666665,1196.6666666666665,288300,-1.0,-1.0,-1.0
2021/12/29,1196.6666666666665,1213.3333333333333,1186.6666666666665,1196.6666666666665,377100,-1.0,-1.0,-1.0
2021/12/30,1191.6666666666665,1193.3333333333333,1175.0,1178.3333333333333,475200,-1.0,-1.0,-1.0
2022/01/04,1180.0,1190.0,1170.0,1190.0,430200,-1.0,-1.0,-1.0
2022/01/05,1183.3333333333333,1185.0,1170.0,1176.6666666666665,659400,-1.0,-1.0,-1.0
2022/01/06,1176.6666666666665,1195.0,1171.6666666666665,1176.6666666666665,757500,-1.0,-1.0,-1.0
2022/01/07,1180.0,1198.3333333333333,1178.3333333333333,1188.3333333333333,492900,-1.0,-1.0,-1.0
2022/01/11,1188.3333333333333,1215.0,1188.3333333333333,1213.3333333333333,586200,-1.0,-1.0,-1.0
2022/01/12,1226.6666666666665,1233.3333333333333,1213.3333333333333,1230.0,907500,-1.0,-1.0,-1.0
2022/01/13,1233.3333333333333,1241.6666666666665,1213.3333333333333,1216.6666666666665,581100,-1.0,-1.0,-1.0
2022/01/14,1213.3333333333333,1216.6666666666665,1165.0,1175.0,721200,-1.0,-1.0,-1.0
2022/01/17,1188.3333333333333,1203.3333333333333,1183.3333333333333,1190.0,564000,-1.0,-1.0,-1.0
2022/01/18,1200.0,1200.0,1175.0,1181.6666666666665,459000,-1.0,-1.0,-1.0
2022/01/19,1168.3333333333333,1180.0,1163.3333333333333,1171.6666666666665,531000,-1.0,-1.0,-1.0
2022/01/20,1166.6666666666665,1190.0,1161.6666666666665,1176.6666666666665,588600,-1.0,-1.0,-1.0
2022/01/21,1173.3333333333333,1190.0,1161.6666666666665,1188.3333333333333,368100,-1.0,-1.0,-1.0
2022/01/24,1183.3333333333333,1200.0,1180.0,1195.0,343500,-1.0,-1.0,-1.0
2022/01/25,1183.3333333333333,1183.3333333333333,1153.3333333333333,1170.0,558300,-1.0,-1.0,-1.0
2022/01/26,1168.3333333333333,1170.0,1150.0,1155.0,553800,-1.0,-1.0,-1.0
2022/01/27,1166.6666666666665,1178.3333333333333,1155.0,1173.3333333333333,714000,-1.0,-1.0,-1.0
2022/01/28,1188.3333333333333,1191.6666666666665,1171.6666666666665,1178.3333333333333,621000,-1.0,-1.0,-1.0
2022/01/31,1176.6666666666665,1180.0,1148.3333333333333,1170.0,612600,-1.0,-1.0,-1.0
2022/02/01,1161.6666666666665,1170.0,1146.6666666666665,1160.0,562200,-1.0,-1.0,-1.0
2022/02/02,1158.3333333333333,1173.3333333333333,1141.6666666666665,1168.3333333333333,511500,-1.0,-1.0,-1.0
2022/02/03,1170.0,1190.0,1168.3333333333333,1188.3333333333333,707100,-1.0,-1.0,-1.0
2022/02/04,1188.3333333333333,1190.0,1170.0,1178.3333333333333,489900,-1.0,-1.0,-1.0
2022/02/07,1166.6666666666665,1185.0,1165.0,1178.3333333333333,371700,-1.0,-1.0,-1.0
2022/02/08,1185.0,1188.3333333333333,1176.6666666666665,1180.0,391200,-1.0,-1.0,-1.0
2022/02/09,1161.6666666666665,1166.6666666666665,1150.0,1158.3333333333333,876300,-1.0,-1.0,-1.0
2022/02/10,1158.3333333333333,1168.3333333333333,1150.0,1161.6666666666665,705300,-1.0,-1.0,-1.0
2022/02/14,1115.0,1180.0,1115.0,1176.6666666666665,1416600,-1.0,-1.0,-1.0
2022/02/15,1185.0,1190.0,1163.3333333333333,1180.0,1014000,-1.0,-1.0,-1.0
2022/02/16,1200.0,1226.6666666666665,1198.3333333333333,1226.6666666666665,1077000,-1.0,-1.0,-1.0
2022/02/17,1226.6666666666665,1236.6666666666665,1186.6666666666665,1191.6666666666665,693900,-1.0,-1.0,-1.0
2022/02/18,1193.3333333333333,1196.6666666666665,1180.0,1185.0,512700,-1.0,-1.0,-1.0
2022/02/21,1185.0,1188.3333333333333,1175.0,1181.6666666666665,313800,-1.0,-1.0,-1.0
2022/02/22,1166.6666666666665,1166.6666666666665,1151.6666666666665,1163.3333333333333,571800,-1.0,-1.0,-1.0
2022/02/24,1158.3333333333333,1165.0,1133.3333333333333,1146.6666666666665,457500,-1.0,-1.0,-1.0
2022/02/25,1126.6666666666665,1140.0,1110.0,1118.3333333333333,748800,-1.0,-1.0,-1.0
2022/02/28,1116.6666666666665,1146.6666666666665,1116.6666666666665,1141.6666666666665,800400,-1.0,-1.0,-1.0
2022/03/01,1136.6666666666665,1151.6666666666665,1135.0,1136.6666666666665,753900,-1.0,-1.0,-1.0
2022/03/02,1110.0,1123.3333333333333,1103.3333333333333,1103.3333333333333,1000200,-1.0,-1.0,-1.0
2022/03/03,1110.0,1141.6666666666665,1106.6666666666665,1138.3333333333333,634500,-1.0,-1.0,-1.0
2022/03/04,1115.0,1126.6666666666665,1110.0,1113.3333333333333,715200,-1.0,-1.0,-1.0
2022/03/07,1103.3333333333333,1125.0,1098.3333333333333,1108.3333333333333,1029300,-1.0,-1.0,-1.0
2022/03/08,1085.0,1086.6666666666665,1050.0,1053.3333333333333,1522500,-1.0,-1.0,-1.0
2022/03/09,1040.0,1083.3333333333333,1036.6666666666665,1071.6666666666665,964200,-1.0,-1.0,-1.0
2022/03/10,1085.0,1111.6666666666665,1085.0,1101.6666666666665,986100,-1.0,-1.0,-1.0
2022/03/11,1068.3333333333333,1101.6666666666665,1065.0,1095.0,1724100,-1.0,-1.0,-1.0
2022/03/14,1110.0,1135.0,1110.0,1125.0,893400,-1.0,-1.0,-1.0
2022/03/15,1130.0,1148.3333333333333,1126.6666666666665,1141.6666666666665,689700,-1.0,-1.0,-1.0
2022/03/16,1138.3333333333333,1138.3333333333333,1125.0,1126.6666666666665,753900,-1.0,-1.0,-1.0
2022/03/17,1125.0,1125.0,1103.3333333333333,1125.0,936000,-1.0,-1.0,-1.0
2022/03/18,1121.6666666666665,1141.6666666666665,1118.3333333333333,1138.3333333333333,905700,-1.0,-1.0,-1.0
2022/03/22,1153.3333333333333,1153.3333333333333,1135.0,1145.0,582300,-1.0,-1.0,-1.0
2022/03/23,1145.0,1145.0,1121.6666666666665,1141.6666666666665,1276200,-1.0,-1.0,-1.0
2022/03/24,1141.6666666666665,1148.3333333333333,1130.0,1138.3333333333333,532200,-1.0,-1.0,-1.0
2022/03/25,1143.3333333333333,1150.0,1131.6666666666665,1131.6666666666665,539400,-1.0,-1.0,-1.0
2022/03/28,1151.6666666666665,1156.6666666666665,1136.6666666666665,1143.3333333333333,522000,-1.0,-1.0,-1.0
2022/03/29,1130.0,1151.6666666666665,1126.6666666666665,1146.6666666666665,538200,-1.0,-1.0,-1.0
2022/03/30,1130.0,1133.3333333333333,1103.3333333333333,1111.6666666666665,881700,-1.0,-1.0,-1.0
2022/03/31,1091.6666666666665,1130.0,1088.3333333333333,1120.0,910200,-1.0,-1.0,-1.0
2022/04/01,1131.6666666666665,1140.0,1121.6666666666665,1138.3333333333333,845100,-1.0,-1.0,-1.0
2022/04/04,1126.6666666666665,1135.0,1120.0,1130.0,481500,-1.0,-1.0,-1.0
2022/04/05,1128.3333333333333,1133.3333333333333,1101.6666666666665,1108.3333333333333,655200,-1.0,-1.0,-1.0
2022/04/06,1108.3333333333333,1120.0,1076.6666666666665,1076.6666666666665,1553400,-1.0,-1.0,-1.0
2022/04/07,1065.0,1085.0,1055.0,1080.0,1396200,-1.0,-1.0,-1.0
2022/04/08,1083.3333333333333,1105.0,1070.0,1073.3333333333333,1624500,-1.0,-1.0,-1.0
2022/04/11,1066.6666666666665,1088.3333333333333,1060.0,1071.6666666666665,1387800,-1.0,-1.0,-1.0
2022/04/12,1075.0,1086.6666666666665,1043.3333333333333,1065.0,1404600,-1.0,-1.0,-1.0
2022/04/13,1058.3333333333333,1070.0,1053.3333333333333,1055.0,1140300,-1.0,-1.0,-1.0
2022/04/14,1068.3333333333333,1078.3333333333333,1065.0,1071.6666666666665,764700,-1.0,-1.0,-1.0
2022/04/15,1058.3333333333333,1058.3333333333333,1036.6666666666665,1045.0,1447500,-1.0,-1.0,-1.0
2022/04/18,1046.6666666666665,1086.6666666666665,1045.0,1083.3333333333333,1442400,-1.0,-1.0,-1.0
2022/04/19,1085.0,1145.0,1081.6666666666665,1138.3333333333333,2298000,-1.0,-1.0,-1.0
2022/04/20,1283.3333333333333,1356.6666666666665,1280.0,1348.3333333333333,9076500,-1.0,-1.0,-1.0
2022/04/21,1385.0,1425.0,1341.6666666666665,1361.6666666666665,5600400,-1.0,-1.0,-1.0
2022/04/22,1360.0,1366.6666666666665,1313.3333333333333,1315.0,2458200,-1.0,-1.0,-1.0
2022/04/25,1306.6666666666665,1311.6666666666665,1261.6666666666665,1271.6666666666665,2339700,-1.0,-1.0,-1.0
2022/04/26,1293.3333333333333,1298.3333333333333,1260.0,1266.6666666666665,2152500,-1.0,-1.0,-1.0
2022/04/27,1251.6666666666665,1253.3333333333333,1221.6666666666665,1238.3333333333333,2124600,-1.0,-1.0,-1.0
2022/04/28,1223.3333333333333,1228.3333333333333,1198.3333333333333,1206.6666666666665,2286900,-1.0,-1.0,-1.0
2022/05/02,1185.0,1213.3333333333333,1175.0,1190.0,1489800,-1.0,-1.0,-1.0
2022/05/06,1166.6666666666665,1185.0,1156.6666666666665,1165.0,1539900,-1.0,-1.0,-1.0
2022/05/09,1153.3333333333333,1186.6666666666665,1148.3333333333333,1178.3333333333333,1164900,-1.0,-1.0,-1.0
2022/05/10,1166.6666666666665,1181.6666666666665,1146.6666666666665,1160.0,1073100,-1.0,-1.0,-1.0
2022/05/11,1146.6666666666665,1148.3333333333333,1128.3333333333333,1135.0,830100,-1.0,-1.0,-1.0
2022/05/12,1148.3333333333333,1160.0,1105.0,1123.3333333333333,2619000,-1.0,-1.0,-1.0
2022/05/13,1125.0,1131.6666666666665,1088.3333333333333,1118.3333333333333,2781900,-1.0,-1.0,-1.0
2022/05/16,1108.3333333333333,1118.3333333333333,1093.3333333333333,1096.6666666666665,1055400,-1.0,-1.0,-1.0
2022/05/17,1093.3333333333333,1100.0,1068.3333333333333,1075.0,1075500,-1.0,-1.0,-1.0
2022/05/18,1080.0,1090.0,1071.6666666666665,1073.3333333333333,645600,-1.0,-1.0,-1.0
2022/05/19,1056.6666666666665,1091.6666666666665,1053.3333333333333,1088.3333333333333,1351800,-1.0,-1.0,-1.0
2022/05/20,1066.6666666666665,1100.0,1060.0,1088.3333333333333,848100,-1.0,-1.0,-1.0
2022/05/23,1088.3333333333333,1108.3333333333333,1083.3333333333333,1090.0,803400,-1.0,-1.0,-1.0
2022/05/24,1093.3333333333333,1093.3333333333333,1071.6666666666665,1073.3333333333333,875400,-1.0,-1.0,-1.0
2022/05/25,1088.3333333333333,1091.6666666666665,1071.6666666666665,1080.0,983400,-1.0,-1.0,-1.0
2022/05/26,1086.6666666666665,1130.0,1086.6666666666665,1105.0,984000,-1.0,-1.0,-1.0
2022/05/27,1120.0,1120.0,1096.6666666666665,1101.6666666666665,631800,-1.0,-1.0,-1.0
2022/05/30,1108.3333333333333,1120.0,1095.0,1110.0,970200,-1.0,-1.0,-1.0
2022/05/31,1076.6666666666665,1090.0,1066.6666666666665,1066.6666666666665,1258200,-1.0,-1.0,-1.0
2022/06/01,1071.6666666666665,1088.3333333333333,1066.6666666666665,1085.0,872700,-1.0,-1.0,-1.0
2022/06/02,1086.6666666666665,1091.6666666666665,1075.0,1080.0,822300,-1.0,-1.0,-1.0
2022/06/03,1088.3333333333333,1088.3333333333333,1075.0,1076.6666666666665,614100,-1.0,-1.0,-1.0
2022/06/06,1080.0,1086.6666666666665,1073.3333333333333,1076.6666666666665,691200,-1.0,-1.0,-1.0
2022/06/07,1086.6666666666665,1091.6666666666665,1081.6666666666665,1091.6666666666665,524700,-1.0,-1.0,-1.0
2022/06/08,1091.6666666666665,1095.0,1078.3333333333333,1090.0,861900,-1.0,-1.0,-1.0
2022/06/09,1080.0,1088.3333333333333,1078.3333333333333,1086.6666666666665,595200,-1.0,-1.0,-1.0
2022/06/10,1110.0,1173.3333333333333,1093.3333333333333,1151.6666666666665,3429900,-1.0,-1.0,-1.0
2022/06/13,1123.3333333333333,1136.6666666666665,1091.6666666666665,1130.0,1569900,-1.0,-1.0,-1.0
2022/06/14,1116.6666666666665,1155.0,1113.3333333333333,1151.6666666666665,1218600,-1.0,-1.0,-1.0
2022/06/15,1173.3333333333333,1196.6666666666665,1161.6666666666665,1195.0,2443800,-1.0,-1.0,-1.0
2022/06/16,1205.0,1205.0,1168.3333333333333,1175.0,1692900,-1.0,-1.0,-1.0
2022/06/17,1158.3333333333333,1180.0,1145.0,1160.0,1359600,-1.0,-1.0,-1.0
2022/06/20,1158.3333333333333,1158.3333333333333,1136.6666666666665,1158.3333333333333,443400,-1.0,-1.0,-1.0
2022/06/21,1155.0,1163.3333333333333,1148.3333333333333,1153.3333333333333,383400,-1.0,-1.0,-1.0
2022/06/22,1156.6666666666665,1158.3333333333333,1131.6666666666665,1145.0,759600,-1.0,-1.0,-1.0
2022/06/23,1143.3333333333333,1151.6666666666665,1130.0,1131.6666666666665,523800,-1.0,-1.0,-1.0
2022/06/24,1131.6666666666665,1178.3333333333333,1125.0,1175.0,1451400,-1.0,-1.0,-1.0
2022/06/27,1185.0,1188.3333333333333,1128.3333333333333,1128.3333333333333,1283700,-1.0,-1.0,-1.0
2022/06/28,1131.6666666666665,1143.3333333333333,1118.3333333333333,1141.6666666666665,962700,-1.0,-1.0,-1.0
2022/06/29,1135.0,1141.6666666666665,1125.0,1128.3333333333333,1776000,-1.0,-1.0,-1.0
2022/06/30,1128.3333333333333,1143.3333333333333,1118.3333333333333,1121.6666666666665,824700,-1.0,-1.0,-1.0
2022/07/01,1128.3333333333333,1131.6666666666665,1093.3333333333333,1096.6666666666665,675900,-1.0,-1.0,-1.0
2022/07/04,1083.3333333333333,1101.6666666666665,1083.3333333333333,1096.6666666666665,439800,-1.0,-1.0,-1.0
2022/07/05,1103.3333333333333,1116.6666666666665,1101.6666666666665,1105.0,385200,-1.0,-1.0,-1.0
2022/07/06,1141.6666666666665,1176.6666666666665,1121.6666666666665,1140.0,1680900,-1.0,-1.0,-1.0
2022/07/07,1181.6666666666665,1200.0,1161.6666666666665,1191.6666666666665,2189700,-1.0,-1.0,-1.0
2022/07/08,1188.3333333333333,1195.0,1173.3333333333333,1183.3333333333333,966000,-1.0,-1.0,-1.0
2022/07/11,1193.3333333333333,1200.0,1180.0,1195.0,855600,-1.0,-1.0,-1.0
2022/07/12,1201.6666666666665,1208.3333333333333,1173.3333333333333,1175.0,783300,-1.0,-1.0,-1.0
2022/07/13,1171.6666666666665,1181.6666666666665,1163.3333333333333,1173.3333333333333,596100,-1.0,-1.0,-1.0
2022/07/14,1165.0,1171.6666666666665,1153.3333333333333,1158.3333333333333,533700,-1.0,-1.0,-1.0
2022/07/15,1166.6666666666665,1171.6666666666665,1145.0,1156.6666666666665,453300,-1.0,-1.0,-1.0
2022/07/19,1156.6666666666665,1158.3333333333333,1145.0,1150.0,267900,-1.0,-1.0,-1.0
2022/07/20,1166.6666666666665,1166.6666666666665,1155.0,1160.0,379200,-1.0,-1.0,-1.0
2022/07/21,1160.0,1173.3333333333333,1153.3333333333333,1165.0,522600,-1.0,-1.0,-1.0
2022/07/22,1165.0,1166.6666666666665,1156.6666666666665,1163.3333333333333,303900,-1.0,-1.0,-1.0
2022/07/25,1171.6666666666665,1190.0,1170.0,1186.6666666666665,696900,-1.0,-1.0,-1.0
2022/07/26,1181.6666666666665,1188.3333333333333,1173.3333333333333,1181.6666666666665,647700,-1.0,-1.0,-1.0
2022/07/27,1181.6666666666665,1191.6666666666665,1170.0,1188.3333333333333,737700,-1.0,-1.0,-1.0
2022/07/28,1180.0,1185.0,1168.3333333333333,1178.3333333333333,990000,-1.0,-1.0,-1.0
2022/07/29,1173.3333333333333,1185.0,1163.3333333333333,1168.3333333333333,915600,-1.0,-1.0,-1.0
2022/08/01,1170.0,1171.6666666666665,1146.6666666666665,1165.0,760200,-1.0,-1.0,-1.0
2022/08/02,1151.6666666666665,1155.0,1141.6666666666665,1141.6666666666665,476400,-1.0,-1.0,-1.0
2022/08/03,1158.3333333333333,1176.6666666666665,1153.3333333333333,1176.6666666666665,780300,-1.0,-1.0,-1.0
2022/08/04,1183.3333333333333,1210.0,1171.6666666666665,1205.0,890700,-1.0,-1.0,-1.0
2022/08/05,1193.3333333333333,1196.6666666666665,1165.0,1175.0,625200,-1.0,-1.0,-1.0
2022/08/08,1175.0,1203.3333333333333,1175.0,1200.0,604500,-1.0,-1.0,-1.0
2022/08/09,1200.0,1206.6666666666665,1183.3333333333333,1185.0,624600,-1.0,-1.0,-1.0
2022/08/10,1191.6666666666665,1203.3333333333333,1150.0,1181.6666666666665,1231800,-1.0,-1.0,-1.0
2022/08/12,1201.6666666666665,1201.6666666666665,1176.6666666666665,1185.0,620400,-1.0,-1.0,-1.0
2022/08/15,1188.3333333333333,1206.6666666666665,1186.6666666666665,1193.3333333333333,710100,-1.0,-1.0,-1.0
2022/08/16,1191.6666666666665,1198.3333333333333,1185.0,1188.3333333333333,432600,-1.0,-1.0,-1.0
2022/08/17,1195.0,1230.0,1190.0,1220.0,1114200,-1.0,-1.0,-1.0
2022/08/18,1226.6666666666665,1238.3333333333333,1213.3333333333333,1225.0,915300,-1.0,-1.0,-1.0
2022/08/19,1218.3333333333333,1218.3333333333333,1190.0,1193.3333333333333,531600,-1.0,-1.0,-1.0
2022/08/22,1185.0,1185.0,1166.6666666666665,1176.6666666666665,517500,-1.0,-1.0,-1.0
2022/08/23,1178.3333333333333,1180.0,1163.3333333333333,1171.6666666666665,388800,-1.0,-1.0,-1.0
2022/08/24,1163.3333333333333,1183.3333333333333,1163.3333333333333,1180.0,425100,-1.0,-1.0,-1.0
2022/08/25,1178.3333333333333,1188.3333333333333,1171.6666666666665,1181.6666666666665,315000,-1.0,-1.0,-1.0
2022/08/26,1186.6666666666665,1186.6666666666665,1175.0,1175.0,306300,-1.0,-1.0,-1.0
2022/08/29,1158.3333333333333,1158.3333333333333,1126.6666666666665,1126.6666666666665,617100,-1.0,-1.0,-1.0
2022/08/30,1151.6666666666665,1185.0,1151.6666666666665,1176.6666666666665,1152900,-1.0,-1.0,-1.0
2022/08/31,1181.6666666666665,1190.0,1168.3333333333333,1176.6666666666665,837600,-1.0,-1.0,-1.0
2022/09/01,1181.6666666666665,1188.3333333333333,1143.3333333333333,1153.3333333333333,703800,-1.0,-1.0,-1.0
2022/09/02,1145.0,1146.6666666666665,1128.3333333333333,1141.6666666666665,574200,-1.0,-1.0,-1.0
2022/09/05,1141.6666666666665,1145.0,1125.0,1140.0,667500,-1.0,-1.0,-1.0
2022/09/06,1146.6666666666665,1151.6666666666665,1140.0,1140.0,273000,-1.0,-1.0,-1.0
2022/09/07,1136.6666666666665,1140.0,1130.0,1135.0,381900,-1.0,-1.0,-1.0
2022/09/08,1148.3333333333333,1165.0,1143.3333333333333,1160.0,580200,-1.0,-1.0,-1.0
2022/09/09,1163.3333333333333,1180.0,1163.3333333333333,1176.6666666666665,684000,-1.0,-1.0,-1.0
2022/09/12,1180.0,1181.6666666666665,1173.3333333333333,1178.3333333333333,494700,-1.0,-1.0,-1.0
2022/09/13,1180.0,1190.0,1168.3333333333333,1180.0,571500,-1.0,-1.0,-1.0
2022/09/14,1166.6666666666665,1178.3333333333333,1166.6666666666665,1170.0,475500,-1.0,-1.0,-1.0
2022/09/15,1161.6666666666665,1161.6666666666665,1140.0,1156.6666666666665,448200,-1.0,-1.0,-1.0
2022/09/16,1163.3333333333333,1178.3333333333333,1158.3333333333333,1168.3333333333333,545100,-1.0,-1.0,-1.0
2022/09/20,1176.6666666666665,1176.6666666666665,1156.6666666666665,1165.0,636900,-1.0,-1.0,-1.0
2022/09/21,1148.3333333333333,1148.3333333333333,1126.6666666666665,1128.3333333333333,633300,-1.0,-1.0,-1.0
2022/09/22,1123.3333333333333,1133.3333333333333,1115.0,1126.6666666666665,657300,-1.0,-1.0,-1.0
2022/09/26,1108.3333333333333,1108.3333333333333,1068.3333333333333,1075.0,774900,-1.0,-1.0,-1.0
2022/09/27,1075.0,1098.3333333333333,1075.0,1083.3333333333333,631200,-1.0,-1.0,-1.0
2022/09/28,1078.3333333333333,1096.6666666666665,1073.3333333333333,1096.6666666666665,887100,-1.0,-1.0,-1.0
2022/09/29,1090.0,1093.3333333333333,1075.0,1088.3333333333333,649200,-1.0,-1.0,-1.0
2022/09/30,1095.0,1098.3333333333333,1081.6666666666665,1086.6666666666665,579000,-1.0,-1.0,-1.0
2022/10/03,1071.6666666666665,1081.6666666666665,1063.3333333333333,1081.6666666666665,476100,-1.0,-1.0,-1.0
2022/10/04,1091.6666666666665,1108.3333333333333,1090.0,1103.3333333333333,648300,-1.0,-1.0,-1.0
2022/10/05,1110.0,1113.3333333333333,1101.6666666666665,1106.6666666666665,494400,-1.0,-1.0,-1.0
2022/10/06,1110.0,1120.0,1100.0,1101.6666666666665,769500,-1.0,-1.0,-1.0
2022/10/07,1081.6666666666665,1090.0,1065.0,1070.0,965400,-1.0,-1.0,-1.0
2022/10/11,1056.6666666666665,1075.0,1055.0,1075.0,819000,-1.0,-1.0,-1.0
2022/10/12,1063.3333333333333,1066.6666666666665,1043.3333333333333,1043.3333333333333,693000,-1.0,-1.0,-1.0
2022/10/13,1043.3333333333333,1048.3333333333333,1031.6666666666665,1038.3333333333333,587700,-1.0,-1.0,-1.0
2022/10/14,1046.6666666666665,1058.3333333333333,1041.6666666666665,1050.0,750000,-1.0,-1.0,-1.0
2022/10/17,1045.0,1050.0,1041.6666666666665,1045.0,438300,-1.0,-1.0,-1.0
2022/10/18,1060.0,1071.6666666666665,1048.3333333333333,1063.3333333333333,685800,-1.0,-1.0,-1.0
2022/10/19,1080.0,1085.0,1068.3333333333333,1071.6666666666665,770700,-1.0,-1.0,-1.0
2022/10/20,1060.0,1070.0,1056.6666666666665,1065.0,463800,-1.0,-1.0,-1.0
2022/10/21,1056.6666666666665,1070.0,1045.0,1066.6666666666665,798300,-1.0,-1.0,-1.0
2022/10/24,1076.6666666666665,1081.6666666666665,1066.6666666666665,1068.3333333333333,431700,-1.0,-1.0,-1.0
2022/10/25,1073.3333333333333,1075.0,1066.6666666666665,1070.0,402900,-1.0,-1.0,-1.0
2022/10/26,1071.6666666666665,1085.0,1070.0,1083.3333333333333,483900,-1.0,-1.0,-1.0
2022/10/27,1073.3333333333333,1075.0,1056.6666666666665,1063.3333333333333,493500,-1.0,-1.0,-1.0
2022/10/28,1055.0,1065.0,1050.0,1051.6666666666665,2747400,-1.0,-1.0,-1.0
2022/10/31,1063.3333333333333,1068.3333333333333,1053.3333333333333,1055.0,594900,-1.0,-1.0,-1.0
2022/11/01,1055.0,1063.3333333333333,1053.3333333333333,1056.6666666666665,287100,-1.0,-1.0,-1.0
2022/11/02,1055.0,1066.6666666666665,1048.3333333333333,1063.3333333333333,367200,-1.0,-1.0,-1.0
2022/11/04,1046.6666666666665,1055.0,1033.3333333333333,1036.6666666666665,570000,-1.0,-1.0,-1.0
2022/11/07,1038.3333333333333,1045.0,1031.6666666666665,1035.0,546000,-1.0,-1.0,-1.0
2022/11/08,1040.0,1051.6666666666665,1035.0,1045.0,372900,-1.0,-1.0,-1.0
2022/11/09,1048.3333333333333,1066.6666666666665,1010.0,1053.3333333333333,2473200,-1.0,-1.0,-1.0
2022/11/10,1056.6666666666665,1075.0,1048.3333333333333,1055.0,1509900,-1.0,-1.0,-1.0
2022/11/11,1055.0,1065.0,1030.0,1038.3333333333333,1376400,-1.0,-1.0,-1.0
2022/11/14,1045.0,1048.3333333333333,1031.6666666666665,1035.0,625200,-1.0,-1.0,-1.0
2022/11/15,1030.0,1050.0,1030.0,1050.0,388500,-1.0,-1.0,-1.0
2022/11/16,1046.6666666666665,1053.3333333333333,1038.3333333333333,1053.3333333333333,432600,-1.0,-1.0,-1.0
2022/11/17,1051.6666666666665,1066.6666666666665,1043.3333333333333,1066.6666666666665,547500,-1.0,-1.0,-1.0
2022/11/18,1068.3333333333333,1078.3333333333333,1060.0,1068.3333333333333,394200,-1.0,-1.0,-1.0
2022/11/21,1070.0,1070.0,1055.0,1066.6666666666665,305100,-1.0,-1.0,-1.0
2022/11/22,1075.0,1096.6666666666665,1071.6666666666665,1088.3333333333333,484200,-1.0,-1.0,-1.0
2022/11/24,1088.3333333333333,1096.6666666666665,1081.6666666666665,1096.6666666666665,250800,-1.0,-1.0,-1.0
2022/11/25,1095.0,1106.6666666666665,1091.6666666666665,1105.0,359700,-1.0,-1.0,-1.0
2022/11/28,1100.0,1108.3333333333333,1086.6666666666665,1091.6666666666665,261600,-1.0,-1.0,-1.0
2022/11/29,1101.6666666666665,1126.6666666666665,1090.0,1115.0,770700,-1.0,-1.0,-1.0
2022/11/30,1115.0,1115.0,1076.6666666666665,1078.3333333333333,772800,-1.0,-1.0,-1.0
2022/12/01,1081.6666666666665,1091.6666666666665,1070.0,1075.0,532800,-1.0,-1.0,-1.0
2022/12/02,1075.0,1081.6666666666665,1060.0,1080.0,513300,-1.0,-1.0,-1.0
2022/12/05,1081.6666666666665,1091.6666666666665,1066.6666666666665,1073.3333333333333,315600,-1.0,-1.0,-1.0
2022/12/06,1068.3333333333333,1076.6666666666665,1063.3333333333333,1076.6666666666665,300900,-1.0,-1.0,-1.0
2022/12/07,1060.0,1071.6666666666665,1060.0,1061.6666666666665,404700,-1.0,-1.0,-1.0
2022/12/08,1060.0,1060.0,1043.3333333333333,1051.6666666666665,379500,-1.0,-1.0,-1.0
2022/12/09,1053.3333333333333,1065.0,1051.6666666666665,1058.3333333333333,269700,-1.0,-1.0,-1.0
2022/12/12,1063.3333333333333,1063.3333333333333,1046.6666666666665,1050.0,258300,-1.0,-1.0,-1.0
2022/12/13,1061.6666666666665,1061.6666666666665,1048.3333333333333,1051.6666666666665,320100,-1.0,-1.0,-1.0
2022/12/14,1051.6666666666665,1055.0,1046.6666666666665,1051.6666666666665,287100,-1.0,-1.0,-1.0
2022/12/15,1053.3333333333333,1060.0,1050.0,1050.0,203700,-1.0,-1.0,-1.0
2022/12/16,1045.0,1046.6666666666665,1033.3333333333333,1033.3333333333333,485100,-1.0,-1.0,-1.0
2022/12/19,1030.0,1040.0,1028.3333333333333,1035.0,263700,-1.0,-1.0,-1.0
2022/12/20,1040.0,1043.3333333333333,1021.6666666666666,1036.6666666666665,530100,-1.0,-1.0,-1.0
2022/12/21,1033.3333333333333,1051.6666666666665,1031.6666666666665,1043.3333333333333,415200,-1.0,-1.0,-1.0
2022/12/22,1043.3333333333333,1058.3333333333333,1040.0,1053.3333333333333,283200,-1.0,-1.0,-1.0
2022/12/23,1050.0,1066.6666666666665,1050.0,1066.6666666666665,385800,-1.0,-1.0,-1.0
2022/12/26,1075.0,1080.0,1066.6666666666665,1078.3333333333333,360300,-1.0,-1.0,-1.0
2022/12/27,1083.3333333333333,1086.6666666666665,1075.0,1081.6666666666665,273900,-1.0,-1.0,-1.0
2022/12/28,1076.6666666666665,1078.3333333333333,1063.3333333333333,1075.0,226200,-1.0,-1.0,-1.0
2022/12/29,1065.0,1076.6666666666665,1063.3333333333333,1076.6666666666665,337200,-1.0,-1.0,-1.0
2022/12/30,1075.0,1095.0,1075.0,1085.0,491100,-1.0,-1.0,-1.0
2023/01/04,1080.0,1080.0,1063.3333333333333,1080.0,275700,-1.0,-1.0,-1.0
2023/01/05,1086.6666666666665,1086.6666666666665,1063.3333333333333,1065.0,295200,-1.0,-1.0,-1.0
2023/01/06,1061.6666666666665,1066.6666666666665,1055.0,1061.6666666666665,241500,-1.0,-1.0,-1.0
2023/01/10,1056.6666666666665,1065.0,1046.6666666666665,1046.6666666666665,317100,-1.0,-1.0,-1.0
2023/01/11,1045.0,1050.0,1040.0,1043.3333333333333,312300,-1.0,-1.0,-1.0
2023/01/12,1043.3333333333333,1056.6666666666665,1038.3333333333333,1055.0,344400,-1.0,-1.0,-1.0
2023/01/13,1043.3333333333333,1063.3333333333333,1043.3333333333333,1056.6666666666665,428400,-1.0,-1.0,-1.0
2023/01/16,1048.3333333333333,1061.6666666666665,1046.6666666666665,1060.0,335700,-1.0,-1.0,-1.0
2023/01/17,1060.0,1060.0,1050.0,1055.0,223200,-1.0,-1.0,-1.0
2023/01/18,1056.6666666666665,1085.0,1055.0,1081.6666666666665,457200,-1.0,-1.0,-1.0
2023/01/19,1075.0,1080.0,1060.0,1061.6666666666665,268200,-1.0,-1.0,-1.0
2023/01/20,1060.0,1081.6666666666665,1058.3333333333333,1076.6666666666665,275400,-1.0,-1.0,-1.0
2023/01/23,1081.6666666666665,1090.0,1075.0,1080.0,245700,-1.0,-1.0,-1.0
2023/01/24,1088.3333333333333,1088.3333333333333,1076.6666666666665,1078.3333333333333,306300,-1.0,-1.0,-1.0
2023/01/25,1075.0,1086.6666666666665,1071.6666666666665,1080.0,188400,-1.0,-1.0,-1.0
2023/01/26,1081.6666666666665,1145.0,1080.0,1113.3333333333333,1046400,-1.0,-1.0,-1.0
2023/01/27,1121.6666666666665,1136.6666666666665,1113.3333333333333,1135.0,526500,-1.0,-1.0,-1.0
2023/01/30,1133.3333333333333,1135.0,1123.3333333333333,1128.3333333333333,247800,-1.0,-1.0,-1.0
2023/01/31,1131.6666666666665,1140.0,1125.0,1136.6666666666665,523500,-1.0,-1.0,-1.0
2023/02/01,1141.6666666666665,1143.3333333333333,1123.3333333333333,1126.6666666666665,299400,-1.0,-1.0,-1.0
2023/02/02,1131.6666666666665,1131.6666666666665,1120.0,1130.0,264600,-1.0,-1.0,-1.0
2023/02/03,1130.0,1130.0,1118.3333333333333,1121.6666666666665,200700,-1.0,-1.0,-1.0
2023/02/06,1125.0,1133.3333333333333,1118.3333333333333,1133.3333333333333,301200,-1.0,-1.0,-1.0
2023/02/07,1136.6666666666665,1143.3333333333333,1131.6666666666665,1135.0,315000,-1.0,-1.0,-1.0
2023/02/08,1131.6666666666665,1136.6666666666665,1116.6666666666665,1120.0,407400,-1.0,-1.0,-1.0
2023/02/09,1111.6666666666665,1128.3333333333333,1111.6666666666665,1120.0,403500,-1.0,-1.0,-1.0
2023/02/10,1166.6666666666665,1203.3333333333333,1126.6666666666665,1175.0,1884900,-1.0,-1.0,-1.0
2023/02/13,1151.6666666666665,1161.6666666666665,1123.3333333333333,1130.0,861900,-1.0,-1.0,-1.0
2023/02/14,1133.3333333333333,1141.6666666666665,1125.0,1133.3333333333333,391200,-1.0,-1.0,-1.0
2023/02/15,1140.0,1206.6666666666665,1136.6666666666665,1201.6666666666665,1386300,-1.0,-1.0,-1.0
2023/02/16,1206.6666666666665,1216.6666666666665,1193.3333333333333,1215.0,851100,-1.0,-1.0,-1.0
2023/02/17,1213.3333333333333,1255.0,1206.6666666666665,1253.3333333333333,1198200,-1.0,-1.0,-1.0
2023/02/20,1253.3333333333333,1276.6666666666665,1240.0,1276.6666666666665,815700,-1.0,-1.0,-1.0
2023/02/21,1276.6666666666665,1300.0,1273.3333333333333,1285.0,978600,-1.0,-1.0,-1.0
2023/02/22,1295.0,1295.0,1263.3333333333333,1270.0,639000,-1.0,-1.0,-1.0
2023/02/24,1263.3333333333333,1268.3333333333333,1236.6666666666665,1253.3333333333333,759000,-1.0,-1.0,-1.0
2023/02/27,1250.0,1258.3333333333333,1240.0,1243.3333333333333,406200,-1.0,-1.0,-1.0
2023/02/28,1266.6666666666665,1293.3333333333333,1263.3333333333333,1268.3333333333333,947100,-1.0,-1.0,-1.0
2023/03/01,1248.3333333333333,1271.6666666666665,1245.0,1260.0,599400,-1.0,-1.0,-1.0
2023/03/02,1260.0,1263.3333333333333,1250.0,1256.6666666666665,343200,-1.0,-1.0,-1.0
2023/03/03,1260.0,1275.0,1255.0,1258.3333333333333,514800,-1.0,-1.0,-1.0
2023/03/06,1263.3333333333333,1275.0,1260.0,1270.0,488700,-1.0,-1.0,-1.0
2023/03/07,1291.6666666666665,1325.0,1280.0,1283.3333333333333,950100,-1.0,-1.0,-1.0
2023/03/08,1271.6666666666665,1285.0,1263.3333333333333,1283.3333333333333,516000,-1.0,-1.0,-1.0
2023/03/09,1276.6666666666665,1311.6666666666665,1276.6666666666665,1301.6666666666665,687300,-1.0,-1.0,-1.0
2023/03/10,1311.6666666666665,1325.0,1295.0,1301.6666666666665,826500,-1.0,-1.0,-1.0
2023/03/13,1280.0,1288.3333333333333,1251.6666666666665,1255.0,473400,-1.0,-1.0,-1.0
2023/03/14,1231.6666666666665,1235.0,1208.3333333333333,1226.6666666666665,520800,-1.0,-1.0,-1.0
2023/03/15,1240.0,1250.0,1223.3333333333333,1228.3333333333333,420300,-1.0,-1.0,-1.0
2023/03/16,1181.6666666666665,1213.3333333333333,1178.3333333333333,1211.6666666666665,520200,-1.0,-1.0,-1.0
2023/03/17,1223.3333333333333,1226.6666666666665,1205.0,1216.6666666666665,498600,-1.0,-1.0,-1.0
2023/03/20,1210.0,1226.6666666666665,1203.3333333333333,1208.3333333333333,468600,-1.0,-1.0,-1.0
2023/03/22,1253.3333333333333,1256.6666666666665,1233.3333333333333,1245.0,717000,-1.0,-1.0,-1.0
2023/03/23,1238.3333333333333,1248.3333333333333,1233.3333333333333,1240.0,325200,-1.0,-1.0,-1.0
2023/03/24,1233.3333333333333,1235.0,1216.6666666666665,1226.6666666666665,542100,-1.0,-1.0,-1.0
2023/03/27,1233.3333333333333,1233.3333333333333,1218.3333333333333,1220.0,370800,-1.0,-1.0,-1.0
2023/03/28,1225.0,1233.3333333333333,1210.0,1221.6666666666665,535200,-1.0,-1.0,-1.0
2023/03/29,1233.3333333333333,1251.6666666666665,1228.3333333333333,1248.3333333333333,547200,-1.0,-1.0,-1.0
2023/03/30,1231.6666666666665,1243.3333333333333,1226.6666666666665,1241.6666666666665,494100,-1.0,-1.0,-1.0
2023/03/31,1241.6666666666665,1253.3333333333333,1240.0,1243.3333333333333,414600,-1.0,-1.0,-1.0
2023/04/03,1253.3333333333333,1255.0,1228.3333333333333,1245.0,576600,-1.0,-1.0,-1.0
2023/04/04,1248.3333333333333,1256.6666666666665,1245.0,1248.3333333333333,655200,-1.0,-1.0,-1.0
2023/04/05,1241.6666666666665,1241.6666666666665,1220.0,1223.3333333333333,524400,-1.0,-1.0,-1.0
2023/04/06,1216.6666666666665,1216.6666666666665,1183.3333333333333,1190.0,603900,-1.0,-1.0,-1.0
2023/04/07,1185.0,1191.6666666666665,1180.0,1191.6666666666665,291900,-1.0,-1.0,-1.0
2023/04/10,1196.6666666666665,1198.3333333333333,1186.6666666666665,1186.6666666666665,240300,-1.0,-1.0,-1.0
2023/04/11,1193.3333333333333,1196.6666666666665,1170.0,1186.6666666666665,447000,-1.0,-1.0,-1.0
2023/04/12,1195.0,1208.3333333333333,1193.3333333333333,1206.6666666666665,419700,-1.0,-1.0,-1.0
2023/04/13,1198.3333333333333,1210.0,1196.6666666666665,1206.6666666666665,277500,-1.0,-1.0,-1.0
2023/04/14,1221.6666666666665,1221.6666666666665,1206.6666666666665,1218.3333333333333,451800,-1.0,-1.0,-1.0
2023/04/17,1221.6666666666665,1221.6666666666665,1201.6666666666665,1215.0,298500,-1.0,-1.0,-1.0
2023/04/18,1218.3333333333333,1226.6666666666665,1215.0,1218.3333333333333,357000,-1.0,-1.0,-1.0
2023/04/19,1210.0,1213.3333333333333,1196.6666666666665,1211.6666666666665,504000,-1.0,-1.0,-1.0
2023/04/20,1216.6666666666665,1245.0,1216.6666666666665,1241.6666666666665,640800,-1.0,-1.0,-1.0
2023/04/21,1241.6666666666665,1250.0,1231.6666666666665,1236.6666666666665,392100,-1.0,-1.0,-1.0
2023/04/24,1246.6666666666665,1263.3333333333333,1243.3333333333333,1245.0,407100,-1.0,-1.0,-1.0
2023/04/25,1245.0,1251.6666666666665,1240.0,1245.0,269700,-1.0,-1.0,-1.0
2023/04/26,1241.6666666666665,1246.6666666666665,1236.6666666666665,1241.6666666666665,228300,-1.0,-1.0,-1.0
2023/04/27,1241.6666666666665,1251.6666666666665,1235.0,1251.6666666666665,427800,-1.0,-1.0,-1.0
2023/04/28,1251.6666666666665,1275.0,1248.3333333333333,1270.0,667800,-1.0,-1.0,-1.0
2023/05/01,1278.3333333333333,1278.3333333333333,1266.6666666666665,1276.6666666666665,328500,-1.0,-1.0,-1.0
2023/05/02,1276.6666666666665,1278.3333333333333,1268.3333333333333,1273.3333333333333,327000,-1.0,-1.0,-1.0
2023/05/08,1270.0,1285.0,1268.3333333333333,1285.0,474900,-1.0,-1.0,-1.0
2023/05/09,1283.3333333333333,1285.0,1270.0,1275.0,582300,-1.0,-1.0,-1.0
2023/05/10,1281.6666666666665,1291.6666666666665,1273.3333333333333,1276.6666666666665,401700,-1.0,-1.0,-1.0
2023/05/11,1265.0,1280.0,1156.6666666666665,1176.6666666666665,2615100,-1.0,-1.0,-1.0
2023/05/12,1198.3333333333333,1200.0,1158.3333333333333,1170.0,1542300,-1.0,-1.0,-1.0
2023/05/15,1183.3333333333333,1188.3333333333333,1170.0,1188.3333333333333,521100,-1.0,-1.0,-1.0
2023/05/16,1188.3333333333333,1193.3333333333333,1158.3333333333333,1161.6666666666665,700200,-1.0,-1.0,-1.0
2023/05/17,1156.6666666666665,1165.0,1148.3333333333333,1161.6666666666665,549900,-1.0,-1.0,-1.0
2023/05/18,1165.0,1168.3333333333333,1158.3333333333333,1160.0,355800,-1.0,-1.0,-1.0
2023/05/19,1163.3333333333333,1168.3333333333333,1136.6666666666665,1138.3333333333333,393000,-1.0,-1.0,-1.0
2023/05/22,1143.3333333333333,1173.3333333333333,1143.3333333333333,1168.3333333333333,741300,-1.0,-1.0,-1.0
2023/05/23,1170.0,1205.0,1168.3333333333333,1186.6666666666665,897000,-1.0,-1.0,-1.0
2023/05/24,1186.6666666666665,1188.3333333333333,1173.3333333333333,1178.3333333333333,397800,-1.0,-1.0,-1.0
2023/05/25,1160.0,1161.6666666666665,1140.0,1140.0,535200,-1.0,-1.0,-1.0
2023/05/26,1145.0,1156.6666666666665,1141.6666666666665,1141.6666666666665,370200,-1.0,-1.0,-1.0
2023/05/29,1153.3333333333333,1176.6666666666665,1151.6666666666665,1175.0,609000,-1.0,-1.0,-1.0
2023/05/30,1175.0,1175.0,1150.0,1161.6666666666665,369000,-1.0,-1.0,-1.0
2023/05/31,1153.3333333333333,1158.3333333333333,1145.0,1155.0,689400,-1.0,-1.0,-1.0
2023/06/01,1160.0,1178.3333333333333,1155.0,1173.3333333333333,720000,-1.0,-1.0,-1.0
2023/06/02,1165.0,1208.3333333333333,1165.0,1208.3333333333333,672000,-1.0,-1.0,-1.0
2023/06/05,1217.0,1227.6666666666665,1210.6666666666665,1213.3333333333333,621600,-1.0,-1.0,-1.0
2023/06/06,1200.0,1201.6666666666665,1187.6666666666665,1194.6666666666665,796200,-1.0,-1.0,-1.0
2023/06/07,1201.3333333333333,1204.0,1172.0,1187.0,818700,-1.0,-1.0,-1.0
2023/06/08,1197.6666666666665,1204.0,1188.0,1196.3333333333333,470100,-1.0,-1.0,-1.0
2023/06/09,1204.0,1213.0,1193.6666666666665,1211.3333333333333,747000,-1.0,-1.0,-1.0
2023/06/12,1226.3333333333333,1243.6666666666665,1222.3333333333333,1238.0,739500,-1.0,-1.0,-1.0
2023/06/13,1240.6666666666665,1240.6666666666665,1223.0,1234.6666666666665,636900,-1.0,-1.0,-1.0
2023/06/14,1237.6666666666665,1249.0,1223.0,1225.3333333333333,730500,-1.0,-1.0,-1.0
2023/06/15,1220.0,1236.6666666666665,1217.0,1233.6666666666665,586800,-1.0,-1.0,-1.0
2023/06/16,1216.6666666666665,1222.3333333333333,1207.0,1218.6666666666665,862200,-1.0,-1.0,-1.0
2023/06/19,1220.6666666666665,1235.3333333333333,1215.3333333333333,1222.3333333333333,792900,-1.0,-1.0,-1.0
2023/06/20,1224.6666666666665,1224.6666666666665,1199.3333333333333,1205.0,584700,-1.0,-1.0,-1.0
2023/06/21,1202.0,1225.3333333333333,1200.6666666666665,1209.0,620400,-1.0,-1.0,-1.0
2023/06/22,1215.3333333333333,1217.0,1203.6666666666665,1209.6666666666665,352200,-1.0,-1.0,-1.0
2023/06/23,1210.0,1220.3333333333333,1185.6666666666665,1195.3333333333333,629400,-1.0,-1.0,-1.0
2023/06/26,1199.3333333333333,1203.6666666666665,1180.3333333333333,1202.3333333333333,650100,-1.0,-1.0,-1.0
2023/06/27,1208.0,1209.6666666666665,1189.6666666666665,1202.3333333333333,398100,-1.0,-1.0,-1.0
2023/06/28,1213.3333333333333,1224.0,1199.6666666666665,1224.0,497700,-1.0,-1.0,-1.0
2023/06/29,1241.3333333333333,1263.3333333333333,1221.0,1228.6666666666665,1282500,-1.0,-1.0,-1.0
2023/06/30,1228.6666666666665,1271.6666666666665,1225.3333333333333,1267.6666666666665,885600,-1.0,-1.0,-1.0
2023/07/03,1263.3333333333333,1271.0,1252.0,1262.3333333333333,463800,-1.0,-1.0,-1.0
2023/07/04,1250.0,1256.6666666666665,1233.0,1239.6666666666665,549000,-1.0,-1.0,-1.0
2023/07/05,1233.3333333333333,1242.6666666666665,1225.3333333333333,1237.6666666666665,293100,-1.0,-1.0,-1.0
2023/07/06,1231.6666666666665,1232.0,1213.0,1220.6666666666665,444300,-1.0,-1.0,-1.0
2023/07/07,1211.0,1226.6666666666665,1202.6666666666665,1215.3333333333333,289800,-1.0,-1.0,-1.0
2023/07/10,1220.3333333333333,1227.6666666666665,1208.3333333333333,1213.6666666666665,315000,-1.0,-1.0,-1.0
2023/07/11,1213.6666666666665,1221.0,1209.6666666666665,1211.6666666666665,372600,-1.0,-1.0,-1.0
2023/07/12,1223.0,1227.6666666666665,1209.0,1223.3333333333333,351900,-1.0,-1.0,-1.0
2023/07/13,1224.3333333333333,1227.0,1214.3333333333333,1223.0,311100,-1.0,-1.0,-1.0
2023/07/14,1219.3333333333333,1230.0,1215.6666666666665,1220.6666666666665,473100,-1.0,-1.0,-1.0
2023/07/18,1232.6666666666665,1235.3333333333333,1223.6666666666665,1233.6666666666665,298800,-1.0,-1.0,-1.0
2023/07/19,1250.0,1266.6666666666665,1249.3333333333333,1265.0,521100,-1.0,-1.0,-1.0
2023/07/20,1265.3333333333333,1286.6666666666665,1264.6666666666665,1271.3333333333333,406200,-1.0,-1.0,-1.0
2023/07/21,1274.0,1280.6666666666665,1260.0,1268.6666666666665,340200,-1.0,-1.0,-1.0
2023/07/24,1274.6666666666665,1286.6666666666665,1272.3333333333333,1282.6666666666665,269400,-1.0,-1.0,-1.0
2023/07/25,1282.6666666666665,1298.6666666666665,1281.6666666666665,1298.6666666666665,385800,-1.0,-1.0,-1.0
2023/07/26,1299.0,1308.3333333333333,1288.0,1308.3333333333333,345000,-1.0,-1.0,-1.0
2023/07/27,1308.3333333333333,1318.3333333333333,1294.6666666666665,1313.0,399600,-1.0,-1.0,-1.0
2023/07/28,1295.6666666666665,1310.3333333333333,1289.3333333333333,1310.3333333333333,402600,-1.0,-1.0,-1.0
2023/07/31,1326.6666666666665,1335.0,1319.3333333333333,1329.0,894600,-1.0,-1.0,-1.0
2023/08/01,1326.6666666666665,1336.6666666666665,1324.0,1326.3333333333333,354300,-1.0,-1.0,-1.0
2023/08/02,1308.0,1330.3333333333333,1305.6666666666665,1321.0,418200,-1.0,-1.0,-1.0
2023/08/03,1320.0,1320.0,1290.0,1291.3333333333333,438000,-1.0,-1.0,-1.0
2023/08/04,1291.3333333333333,1314.6666666666665,1289.3333333333333,1311.0,478200,-1.0,-1.0,-1.0
2023/08/07,1309.3333333333333,1320.3333333333333,1300.3333333333333,1313.0,327000,-1.0,-1.0,-1.0
2023/08/08,1328.3333333333333,1339.0,1317.6666666666665,1326.6666666666665,1016400,-1.0,-1.0,-1.0
2023/08/09,1406.6666666666665,1459.0,1406.3333333333333,1424.0,1698600,-1.0,-1.0,-1.0
2023/08/10,1418.6666666666665,1418.6666666666665,1368.6666666666665,1387.3333333333333,1159200,-1.0,-1.0,-1.0
2023/08/14,1391.0,1402.3333333333333,1370.3333333333333,1377.3333333333333,650400,-1.0,-1.0,-1.0
2023/08/15,1370.3333333333333,1377.3333333333333,1344.6666666666665,1348.3333333333333,436200,-1.0,-1.0,-1.0
2023/08/16,1335.0,1355.3333333333333,1330.0,1351.0,421500,-1.0,-1.0,-1.0
2023/08/17,1348.3333333333333,1348.3333333333333,1301.6666666666665,1327.6666666666665,390000,-1.0,-1.0,-1.0
2023/08/18,1304.3333333333333,1316.0,1291.0,1296.6666666666665,409500,-1.0,-1.0,-1.0
2023/08/21,1295.3333333333333,1307.3333333333333,1284.0,1306.0,437700,-1.0,-1.0,-1.0
2023/08/22,1306.3333333333333,1311.0,1290.6666666666665,1301.6666666666665,336600,-1.0,-1.0,-1.0
2023/08/23,1300.6666666666665,1343.0,1296.6666666666665,1339.3333333333333,429600,-1.0,-1.0,-1.0
2023/08/24,1339.3333333333333,1347.3333333333333,1334.3333333333333,1347.3333333333333,422700,-1.0,-1.0,-1.0
2023/08/25,1340.0,1346.0,1334.0,1335.3333333333333,307200,-1.0,-1.0,-1.0
2023/08/28,1341.6666666666665,1353.3333333333333,1340.6666666666665,1353.3333333333333,222000,-1.0,-1.0,-1.0
2023/08/29,1360.6666666666665,1373.3333333333333,1353.3333333333333,1356.3333333333333,255900,-1.0,-1.0,-1.0
2023/08/30,1351.3333333333333,1351.3333333333333,1339.0,1340.0,339600,-1.0,-1.0,-1.0
2023/08/31,1339.3333333333333,1344.0,1333.3333333333333,1335.6666666666665,264600,-1.0,-1.0,-1.0
2023/09/01,1333.3333333333333,1353.0,1325.0,1347.3333333333333,373500,-1.0,-1.0,-1.0
2023/09/04,1355.0,1375.6666666666665,1348.3333333333333,1372.6666666666665,385500,-1.0,-1.0,-1.0
2023/09/05,1364.6666666666665,1364.6666666666665,1332.3333333333333,1335.0,917700,-1.0,-1.0,-1.0
2023/09/06,1326.6666666666665,1338.6666666666665,1325.0,1328.3333333333333,453300,-1.0,-1.0,-1.0
2023/09/07,1318.0,1330.6666666666665,1312.3333333333333,1319.6666666666665,453600,-1.0,-1.0,-1.0
2023/09/08,1317.6666666666665,1328.6666666666665,1304.6666666666665,1304.6666666666665,537600,-1.0,-1.0,-1.0
2023/09/11,1304.6666666666665,1309.3333333333333,1250.0,1254.3333333333333,944700,-1.0,-1.0,-1.0
2023/09/12,1253.0,1271.0,1246.6666666666665,1270.3333333333333,662400,-1.0,-1.0,-1.0
2023/09/13,1276.6666666666665,1288.3333333333333,1267.0,1270.0,537000,-1.0,-1.0,-1.0
2023/09/14,1279.0,1286.6666666666665,1276.6666666666665,1282.6666666666665,471600,-1.0,-1.0,-1.0
2023/09/15,1326.0,1326.0,1298.6666666666665,1309.0,835500,-1.0,-1.0,-1.0
2023/09/19,1309.0,1316.6666666666665,1293.0,1303.6666666666665,491100,-1.0,-1.0,-1.0
2023/09/20,1313.3333333333333,1320.6666666666665,1303.0,1310.3333333333333,594600,-1.0,-1.0,-1.0
2023/09/21,1305.3333333333333,1316.3333333333333,1287.6666666666665,1288.3333333333333,451500,-1.0,-1.0,-1.0
2023/09/22,1286.3333333333333,1297.3333333333333,1273.0,1275.3333333333333,635400,-1.0,-1.0,-1.0
2023/09/25,1265.3333333333333,1271.3333333333333,1254.6666666666665,1266.0,531900,-1.0,-1.0,-1.0
2023/09/26,1259.3333333333333,1264.6666666666665,1252.3333333333333,1257.3333333333333,491400,-1.0,-1.0,-1.0
2023/09/27,1261.6666666666665,1261.6666666666665,1241.6666666666665,1261.6666666666665,417600,-1.0,-1.0,-1.0
2023/09/28,1241.6666666666665,1241.6666666666665,1220.3333333333333,1226.6666666666665,832200,-1.0,-1.0,-1.0
2023/09/29,1230.6666666666665,1239.6666666666665,1216.6666666666665,1224.3333333333333,855000,-1.0,-1.0,-1.0
2023/10/02,1231.0,1260.6666666666665,1231.0,1232.3333333333333,618900,-1.0,-1.0,-1.0
2023/10/03,1222.6666666666665,1223.0,1188.6666666666665,1190.0,826500,-1.0,-1.0,-1.0
2023/10/04,1185.3333333333333,1191.6666666666665,1167.3333333333333,1169.6666666666665,726600,-1.0,-1.0,-1.0
2023/10/05,1173.6666666666665,1195.3333333333333,1171.3333333333333,1195.3333333333333,427200,-1.0,-1.0,-1.0
2023/10/06,1196.3333333333333,1204.0,1186.6666666666665,1186.6666666666665,363900,-1.0,-1.0,-1.0
2023/10/10,1210.0,1218.6666666666665,1205.0,1208.0,560700,-1.0,-1.0,-1.0
2023/10/11,1201.6666666666665,1213.0,1195.6666666666665,1202.3333333333333,372900,-1.0,-1.0,-1.0
2023/10/12,1200.0,1215.6666666666665,1194.3333333333333,1210.6666666666665,399900,-1.0,-1.0,-1.0
2023/10/13,1200.3333333333333,1206.0,1184.6666666666665,1186.0,561900,-1.0,-1.0,-1.0
2023/10/16,1188.3333333333333,1196.3333333333333,1175.0,1181.3333333333333,391800,-1.0,-1.0,-1.0
2023/10/17,1184.6666666666665,1195.0,1176.0,1184.3333333333333,327900,-1.0,-1.0,-1.0
2023/10/18,1195.3333333333333,1198.6666666666665,1169.6666666666665,1184.6666666666665,326700,-1.0,-1.0,-1.0
2023/10/19,1165.6666666666665,1179.3333333333333,1163.3333333333333,1170.0,307200,-1.0,-1.0,-1.0
2023/10/20,1167.3333333333333,1176.6666666666665,1156.6666666666665,1167.0,359100,-1.0,-1.0,-1.0
2023/10/23,1160.3333333333333,1164.0,1139.0,1146.0,615600,-1.0,-1.0,-1.0
2023/10/24,1148.3333333333333,1153.6666666666665,1115.3333333333333,1148.3333333333333,751800,-1.0,-1.0,-1.0
2023/10/25,1159.6666666666665,1164.6666666666665,1150.6666666666665,1156.3333333333333,547500,-1.0,-1.0,-1.0
2023/10/26,1153.0,1156.3333333333333,1136.3333333333333,1137.0,595800,-1.0,-1.0,-1.0
2023/10/27,1151.6666666666665,1165.6666666666665,1149.0,1164.3333333333333,596400,-1.0,-1.0,-1.0
2023/10/30,1154.0,1159.0,1141.6666666666665,1143.6666666666665,2121600,-1.0,-1.0,-1.0
2023/10/31,1152.0,1169.0,1139.0,1164.3333333333333,727200,-1.0,-1.0,-1.0
2023/11/01,1180.0,1188.6666666666665,1175.0,1188.3333333333333,549000,-1.0,-1.0,-1.0
2023/11/02,1211.6666666666665,1217.0,1203.6666666666665,1211.0,914400,-1.0,-1.0,-1.0
2023/11/06,1223.6666666666665,1232.3333333333333,1210.0,1225.3333333333333,660900,-1.0,-1.0,-1.0
2023/11/07,1230.3333333333333,1238.0,1225.0,1236.0,617700,-1.0,-1.0,-1.0
2023/11/08,1238.0,1243.3333333333333,1201.6666666666665,1207.6666666666665,728400,-1.0,-1.0,-1.0
2023/11/09,1216.6666666666665,1241.3333333333333,1162.3333333333333,1175.0,2412600,-1.0,-1.0,-1.0
2023/11/10,1161.3333333333333,1218.6666666666665,1158.3333333333333,1218.6666666666665,1623000,-1.0,-1.0,-1.0
2023/11/13,1219.3333333333333,1238.0,1208.6666666666665,1227.6666666666665,843300,-1.0,-1.0,-1.0
2023/11/14,1232.6666666666665,1233.3333333333333,1195.6666666666665,1197.6666666666665,832200,-1.0,-1.0,-1.0
2023/11/15,1198.6666666666665,1206.0,1189.3333333333333,1201.6666666666665,525300,-1.0,-1.0,-1.0
2023/11/16,1200.3333333333333,1205.3333333333333,1182.0,1183.6666666666665,499800,-1.0,-1.0,-1.0
2023/11/17,1179.0,1195.6666666666665,1177.3333333333333,1195.6666666666665,476400,-1.0,-1.0,-1.0
2023/11/20,1195.0,1208.3333333333333,1187.3333333333333,1187.3333333333333,331200,-1.0,-1.0,-1.0
2023/11/21,1186.6666666666665,1201.3333333333333,1181.0,1196.6666666666665,492600,-1.0,-1.0,-1.0
2023/11/22,1198.0,1213.0,1198.0,1207.3333333333333,354300,-1.0,-1.0,-1.0
2023/11/24,1223.3333333333333,1223.3333333333333,1207.6666666666665,1210.0,373800,-1.0,-1.0,-1.0
2023/11/27,1216.6666666666665,1221.3333333333333,1199.0,1201.3333333333333,352800,-1.0,-1.0,-1.0
2023/11/28,1215.3333333333333,1220.0,1205.0,1209.0,470400,-1.0,-1.0,-1.0
2023/11/29,1199.6666666666665,1215.6666666666665,1199.6666666666665,1212.0,373500,-1.0,-1.0,-1.0
2023/11/30,1203.6666666666665,1209.0,1199.3333333333333,1202.6666666666665,518400,-1.0,-1.0,-1.0
2023/12/01,1200.0,1210.3333333333333,1197.6666666666665,1204.0,299700,-1.0,-1.0,-1.0
2023/12/04,1194.6666666666665,1197.6666666666665,1175.3333333333333,1176.6666666666665,941100,-1.0,-1.0,-1.0
2023/12/05,1178.0,1185.0,1164.3333333333333,1167.0,645000,-1.0,-1.0,-1.0
2023/12/06,1168.3333333333333,1190.0,1168.3333333333333,1186.0,521100,-1.0,-1.0,-1.0
2023/12/07,1176.6666666666665,1184.0,1165.6666666666665,1171.0,510900,-1.0,-1.0,-1.0
2023/12/08,1170.0,1182.0,1162.0,1170.6666666666665,624900,-1.0,-1.0,-1.0
2023/12/11,1179.0,1189.0,1177.0,1182.6666666666665,534300,-1.0,-1.0,-1.0
2023/12/12,1192.0,1198.3333333333333,1189.0,1193.6666666666665,713700,-1.0,-1.0,-1.0
2023/12/13,1191.6666666666665,1202.0,1187.0,1195.6666666666665,657300,-1.0,-1.0,-1.0
2023/12/14,1202.6666666666665,1209.0,1197.6666666666665,1202.3333333333333,720600,-1.0,-1.0,-1.0
2023/12/15,1209.3333333333333,1212.3333333333333,1198.3333333333333,1209.3333333333333,591600,-1.0,-1.0,-1.0
2023/12/18,1198.6666666666665,1211.3333333333333,1197.6666666666665,1207.3333333333333,439800,-1.0,-1.0,-1.0
2023/12/19,1211.6666666666665,1213.6666666666665,1200.0,1204.3333333333333,617700,-1.0,-1.0,-1.0
2023/12/20,1206.6666666666665,1220.0,1206.3333333333333,1217.6666666666665,548400,-1.0,-1.0,-1.0
2023/12/21,1211.6666666666665,1217.6666666666665,1204.3333333333333,1206.3333333333333,457200,-1.0,-1.0,-1.0
2023/12/22,1208.3333333333333,1220.6666666666665,1208.3333333333333,1216.0,477600,-1.0,-1.0,-1.0
2023/12/25,1226.6666666666665,1228.0,1215.0,1215.0,413700,-1.0,-1.0,-1.0
2023/12/26,1215.0,1220.0,1214.3333333333333,1220.0,346800,-1.0,-1.0,-1.0
2023/12/27,1223.3333333333333,1235.0,1223.3333333333333,1234.6666666666665,517800,-1.0,-1.0,-1.0
2023/12/28,1237.0,1243.6666666666665,1234.0,1240.0,316200,-1.0,-1.0,-1.0
2023/12/29,1241.6666666666665,1251.3333333333333,1229.6666666666665,1236.6666666666665,444300,-1.0,-1.0,-1.0
2024/01/04,1260.0,1275.0,1244.6666666666665,1273.3333333333333,1050000,-1.0,-1.0,-1.0
2024/01/05,1278.6666666666665,1281.0,1267.0,1273.0,719100,-1.0,-1.0,-1.0
2024/01/09,1275.0,1287.6666666666665,1252.6666666666665,1260.0,937500,-1.0,-1.0,-1.0
2024/01/10,1255.0,1270.0,1248.0,1261.3333333333333,666900,-1.0,-1.0,-1.0
2024/01/11,1270.0,1270.0,1256.0,1256.0,447300,-1.0,-1.0,-1.0
2024/01/12,1279.3333333333333,1280.0,1252.6666666666665,1256.3333333333333,803400,-1.0,-1.0,-1.0
2024/01/15,1246.3333333333333,1269.6666666666665,1244.0,1260.0,363900,-1.0,-1.0,-1.0
2024/01/16,1253.6666666666665,1257.0,1234.6666666666665,1241.3333333333333,458100,-1.0,-1.0,-1.0
2024/01/17,1242.3333333333333,1251.0,1228.3333333333333,1228.3333333333333,652800,-1.0,-1.0,-1.0
2024/01/18,1230.3333333333333,1238.6666666666665,1227.3333333333333,1229.6666666666665,349800,-1.0,-1.0,-1.0
2024/01/19,1230.6666666666665,1240.0,1228.6666666666665,1232.6666666666665,442200,-1.0,-1.0,-1.0
2024/01/22,1236.3333333333333,1240.3333333333333,1227.3333333333333,1238.0,605100,-1.0,-1.0,-1.0
2024/01/23,1235.0,1237.6666666666665,1214.6666666666665,1219.6666666666665,726300,-1.0,-1.0,-1.0
2024/01/24,1216.6666666666665,1219.6666666666665,1201.6666666666665,1211.0,627600,-1.0,-1.0,-1.0
2024/01/25,1208.3333333333333,1227.6666666666665,1204.3333333333333,1224.0,511200,-1.0,-1.0,-1.0
2024/01/26,1222.0,1231.0,1216.6666666666665,1218.6666666666665,459600,-1.0,-1.0,-1.0
2024/01/29,1226.6666666666665,1230.0,1217.3333333333333,1222.3333333333333,502200,-1.0,-1.0,-1.0
2024/01/30,1219.0,1226.6666666666665,1218.3333333333333,1223.3333333333333,315000,-1.0,-1.0,-1.0
2024/01/31,1218.3333333333333,1244.0,1214.0,1242.3333333333333,633000,-1.0,-1.0,-1.0
2024/02/01,1238.6666666666665,1250.3333333333333,1231.6666666666665,1234.6666666666665,603900,-1.0,-1.0,-1.0
2024/02/02,1233.3333333333333,1238.6666666666665,1222.0,1234.3333333333333,561900,-1.0,-1.0,-1.0
2024/02/05,1233.3333333333333,1248.0,1230.6666666666665,1235.3333333333333,692400,-1.0,-1.0,-1.0
2024/02/06,1239.3333333333333,1254.0,1232.3333333333333,1234.6666666666665,924600,-1.0,-1.0,-1.0
2024/02/07,1236.3333333333333,1250.0,1234.3333333333333,1248.3333333333333,673800,-1.0,-1.0,-1.0
2024/02/08,1236.6666666666665,1245.6666666666665,1225.3333333333333,1237.0,851400,-1.0,-1.0,-1.0
2024/02/09,1230.6666666666665,1256.6666666666665,1225.0,1248.3333333333333,1127100,-1.0,-1.0,-1.0
2024/02/13,1255.6666666666665,1263.0,1200.3333333333333,1206.6666666666665,1776600,-1.0,-1.0,-1.0
2024/02/14,1190.0,1193.6666666666665,1166.0,1181.3333333333333,1498800,-1.0,-1.0,-1.0
2024/02/15,1189.0,1195.6666666666665,1167.0,1175.6666666666665,1044900,-1.0,-1.0,-1.0
2024/02/16,1178.0,1209.6666666666665,1178.0,1202.3333333333333,941700,-1.0,-1.0,-1.0
2024/02/19,1203.3333333333333,1222.3333333333333,1202.3333333333333,1221.6666666666665,590400,-1.0,-1.0,-1.0
2024/02/20,1222.6666666666665,1222.6666666666665,1196.3333333333333,1199.6666666666665,590700,-1.0,-1.0,-1.0
2024/02/21,1202.3333333333333,1210.6666666666665,1196.6666666666665,1208.0,722700,-1.0,-1.0,-1.0
2024/02/22,1208.0,1215.3333333333333,1186.0,1199.6666666666665,765900,-1.0,-1.0,-1.0
2024/02/26,1196.6666666666665,1201.3333333333333,1186.6666666666665,1191.6666666666665,783600,-1.0,-1.0,-1.0
2024/02/27,1192.6666666666665,1206.3333333333333,1189.3333333333333,1193.3333333333333,880800,-1.0,-1.0,-1.0
2024/02/28,1200.3333333333333,1201.0,1181.6666666666665,1188.3333333333333,802200,-1.0,-1.0,-1.0
2024/02/29,1184.6666666666665,1194.0,1176.0,1186.6666666666665,893400,-1.0,-1.0,-1.0
2024/03/01,1181.0,1212.3333333333333,1180.3333333333333,1208.3333333333333,1437900,-1.0,-1.0,-1.0
2024/03/04,1194.6666666666665,1203.6666666666665,1182.6666666666665,1191.6666666666665,1149600,-1.0,-1.0,-1.0
2024/03/05,1200.3333333333333,1231.3333333333333,1188.3333333333333,1218.3333333333333,2232300,-1.0,-1.0,-1.0
2024/03/06,1212.0,1235.3333333333333,1208.0,1227.6666666666665,1379400,-1.0,-1.0,-1.0
2024/03/07,1227.0,1231.6666666666665,1201.6666666666665,1222.0,1188000,-1.0,-1.0,-1.0
2024/03/08,1222.6666666666665,1262.6666666666665,1221.0,1253.3333333333333,1256400,-1.0,-1.0,-1.0
2024/03/11,1296.0,1309.3333333333333,1264.6666666666665,1279.0,2019300,-1.0,-1.0,-1.0
2024/03/12,1273.6666666666665,1302.6666666666665,1257.0,1298.3333333333333,1017600,-1.0,-1.0,-1.0
2024/03/13,1289.6666666666665,1296.3333333333333,1253.0,1271.3333333333333,930300,-1.0,-1.0,-1.0
2024/03/14,1276.0,1290.0,1260.3333333333333,1289.3333333333333,859200,-1.0,-1.0,-1.0
2024/03/15,1287.3333333333333,1297.3333333333333,1279.0,1290.3333333333333,655500,-1.0,-1.0,-1.0
2024/03/18,1299.3333333333333,1304.6666666666665,1288.0,1294.0,907800,-1.0,-1.0,-1.0
2024/03/19,1284.3333333333333,1286.0,1268.6666666666665,1281.0,957900,-1.0,-1.0,-1.0
2024/03/21,1299.3333333333333,1302.6666666666665,1271.6666666666665,1278.6666666666665,1130700,-1.0,-1.0,-1.0
2024/03/22,1291.3333333333333,1321.6666666666665,1285.6666666666665,1314.6666666666665,945600,-1.0,-1.0,-1.0
2024/03/25,1314.6666666666665,1321.3333333333333,1302.6666666666665,1303.3333333333333,689100,-1.0,-1.0,-1.0
2024/03/26,1302.0,1306.0,1292.0,1298.3333333333333,923400,-1.0,-1.0,-1.0
2024/03/27,1302.0,1309.3333333333333,1288.6666666666665,1306.6666666666665,1022400,-1.0,-1.0,-1.0
2024/03/28,1296.6666666666665,1298.0,1255.0,1261.0,854100,-1.0,-1.0,-1.0
2024/03/29,1247.0,1287.3333333333333,1246.3333333333333,1284.0,7179900,-1.0,-1.0,-1.0
2024/04/01,1296.6666666666665,1296.6666666666665,1261.6666666666665,1270.6666666666665,824700,-1.0,-1.0,-1.0
2024/04/02,1260.3333333333333,1260.3333333333333,1240.6666666666665,1252.6666666666665,840900,-1.0,-1.0,-1.0
2024/04/03,1252.6666666666665,1282.6666666666665,1249.3333333333333,1272.0,1083300,-1.0,-1.0,-1.0
2024/04/04,1271.6666666666665,1279.0,1253.3333333333333,1257.3333333333333,867600,-1.0,-1.0,-1.0
2024/04/05,1243.0,1257.6666666666665,1236.6666666666665,1246.6666666666665,504000,-1.0,-1.0,-1.0
2024/04/08,1254.6666666666665,1261.3333333333333,1244.0,1253.3333333333333,401400,-1.0,-1.0,-1.0
2024/04/09,1258.6666666666665,1273.0,1253.3333333333333,1271.0,506100,-1.0,-1.0,-1.0
2024/04/10,1279.3333333333333,1287.6666666666665,1271.6666666666665,1275.3333333333333,510000,-1.0,-1.0,-1.0
2024/04/11,1270.0,1278.6666666666665,1256.6666666666665,1268.6666666666665,462300,-1.0,-1.0,-1.0
2024/04/12,1267.3333333333333,1288.3333333333333,1267.3333333333333,1276.3333333333333,601800,-1.0,-1.0,-1.0
2024/04/15,1267.0,1291.0,1257.0,1284.3333333333333,710400,-1.0,-1.0,-1.0
2024/04/16,1290.0,1307.0,1281.6666666666665,1294.3333333333333,931200,-1.0,-1.0,-1.0
2024/04/17,1295.3333333333333,1295.3333333333333,1251.3333333333333,1266.0,995100,-1.0,-1.0,-1.0
2024/04/18,1274.6666666666665,1302.0,1268.6666666666665,1298.3333333333333,936300,-1.0,-1.0,-1.0
2024/04/19,1288.6666666666665,1297.6666666666665,1266.0,1278.6666666666665,623100,-1.0,-1.0,-1.0
2024/04/22,1286.6666666666665,1297.3333333333333,1278.6666666666665,1292.3333333333333,540000,-1.0,-1.0,-1.0
2024/04/23,1280.0,1284.6666666666665,1264.3333333333333,1276.3333333333333,533700,-1.0,-1.0,-1.0
2024/04/24,1274.0,1284.0,1270.3333333333333,1279.3333333333333,426600,-1.0,-1.0,-1.0
2024/04/25,1276.6666666666665,1280.6666666666665,1266.3333333333333,1267.6666666666665,542100,-1.0,-1.0,-1.0
2024/04/26,1265.6666666666665,1288.6666666666665,1261.0,1281.6666666666665,588900,-1.0,-1.0,-1.0
2024/04/30,1293.3333333333333,1322.6666666666665,1289.6666666666665,1307.3333333333333,825300,-1.0,-1.0,-1.0
2024/05/01,1296.6666666666665,1304.6666666666665,1290.3333333333333,1302.3333333333333,451500,-1.0,-1.0,-1.0
2024/05/02,1313.3333333333333,1313.3333333333333,1296.6666666666665,1299.6666666666665,404700,-1.0,-1.0,-1.0
2024/05/07,1296.0,1307.3333333333333,1295.3333333333333,1303.3333333333333,291600,-1.0,-1.0,-1.0
2024/05/08,1296.6666666666665,1310.0,1292.0,1293.3333333333333,382800,-1.0,-1.0,-1.0
2024/05/09,1293.3333333333333,1305.3333333333333,1288.0,1293.0,464100,-1.0,-1.0,-1.0
2024/05/10,1333.0,1353.3333333333333,1312.6666666666665,1322.0,801000,-1.0,-1.0,-1.0
2024/05/13,1324.6666666666665,1331.3333333333333,1316.3333333333333,1327.3333333333333,802800,-1.0,-1.0,-1.0
2024/05/14,1331.0,1345.3333333333333,1241.0,1293.0,2719800,-1.0,-1.0,-1.0
2024/05/15,1326.6666666666665,1333.0,1299.6666666666665,1315.6666666666665,1527900,-1.0,-1.0,-1.0
2024/05/16,1300.0,1309.0,1271.0,1271.0,1231800,-1.0,-1.0,-1.0
2024/05/17,1271.0,1303.0,1270.6666666666665,1290.6666666666665,855900,-1.0,-1.0,-1.0
2024/05/20,1284.3333333333333,1292.3333333333333,1282.0,1289.6666666666665,730800,-1.0,-1.0,-1.0
2024/05/21,1283.6666666666665,1298.3333333333333,1281.6666666666665,1294.6666666666665,682500,-1.0,-1.0,-1.0
2024/05/22,1298.6666666666665,1303.6666666666665,1277.0,1277.0,600900,-1.0,-1.0,-1.0
2024/05/23,1274.6666666666665,1279.0,1250.0,1270.0,612600,-1.0,-1.0,-1.0
2024/05/24,1263.6666666666665,1278.0,1261.6666666666665,1272.6666666666665,569400,-1.0,-1.0,-1.0
2024/05/27,1286.6666666666665,1288.0,1277.3333333333333,1287.6666666666665,480600,-1.0,-1.0,-1.0
2024/05/28,1287.3333333333333,1303.0,1287.0,1298.0,567600,-1.0,-1.0,-1.0
2024/05/29,1297.6666666666665,1298.3333333333333,1275.3333333333333,1286.3333333333333,624900,-1.0,-1.0,-1.0
2024/05/30,1288.3333333333333,1290.6666666666665,1271.0,1284.6666666666665,486900,-1.0,-1.0,-1.0
2024/05/31,1284.6666666666665,1298.3333333333333,1284.6666666666665,1296.3333333333333,503100,-1.0,-1.0,-1.0
2024/06/03,1288.3333333333333,1305.6666666666665,1288.3333333333333,1305.3333333333333,609300,-1.0,-1.0,-1.0
2024/06/04,1300.0,1300.3333333333333,1284.6666666666665,1294.0,582000,-1.0,-1.0,-1.0
2024/06/05,1283.6666666666665,1292.3333333333333,1270.0,1270.0,375300,-1.0,-1.0,-1.0
2024/06/06,1268.6666666666665,1279.6666666666665,1262.0,1279.6666666666665,472500,-1.0,-1.0,-1.0
2024/06/07,1279.6666666666665,1286.6666666666665,1275.3333333333333,1280.0,280500,-1.0,-1.0,-1.0
2024/06/10,1278.3333333333333,1288.3333333333333,1274.3333333333333,1285.0,280800,-1.0,-1.0,-1.0
2024/06/11,1287.0,1296.3333333333333,1281.3333333333333,1283.3333333333333,481200,-1.0,-1.0,-1.0
2024/06/12,1286.6666666666665,1299.3333333333333,1286.0,1294.3333333333333,526200,-1.0,-1.0,-1.0
2024/06/13,1300.0,1300.3333333333333,1279.6666666666665,1279.6666666666665,640200,-1.0,-1.0,-1.0
2024/06/14,1300.0,1342.0,1294.3333333333333,1334.0,1176300,-1.0,-1.0,-1.0
2024/06/17,1340.0,1344.3333333333333,1311.0,1329.3333333333333,1052100,-1.0,-1.0,-1.0
2024/06/18,1327.3333333333333,1339.3333333333333,1321.6666666666665,1335.6666666666665,521700,-1.0,-1.0,-1.0
2024/06/19,1335.6666666666665,1335.6666666666665,1312.6666666666665,1315.3333333333333,219000,-1.0,-1.0,-1.0
2024/06/20,1315.3333333333333,1335.0,1314.0,1318.3333333333333,380100,-1.0,-1.0,-1.0
2024/06/21,1325.0,1325.0,1298.3333333333333,1303.0,526800,-1.0,-1.0,-1.0
2024/06/24,1305.3333333333333,1305.6666666666665,1286.6666666666665,1297.0,332700,-1.0,-1.0,-1.0
2024/06/25,1307.0,1313.3333333333333,1300.0,1302.3333333333333,327300,-1.0,-1.0,-1.0
2024/06/26,1293.3333333333333,1300.3333333333333,1292.3333333333333,1298.3333333333333,321600,-1.0,-1.0,-1.0
2024/06/27,1300.0,1321.6666666666665,1295.0,1314.3333333333333,555300,-1.0,-1.0,-1.0
2024/06/28,1315.3333333333333,1322.6666666666665,1305.3333333333333,1311.6666666666665,504300,-1.0,-1.0,-1.0
2024/07/01,1320.3333333333333,1325.0,1308.3333333333333,1314.3333333333333,634800,-1.0,-1.0,-1.0
2024/07/02,1311.6666666666665,1345.3333333333333,1298.6666666666665,1336.3333333333333,1098600,-1.0,-1.0,-1.0
2024/07/03,1336.6666666666665,1366.6666666666665,1336.0,1360.3333333333333,601200,-1.0,-1.0,-1.0
2024/07/04,1355.0,1362.0,1340.6666666666665,1344.0,421500,-1.0,-1.0,-1.0
2024/07/05,1350.0,1359.6666666666665,1343.6666666666665,1349.0,449700,-1.0,-1.0,-1.0
2024/07/08,1349.0,1352.0,1336.3333333333333,1344.6666666666665,591900,-1.0,-1.0,-1.0
2024/07/09,1344.6666666666665,1362.6666666666665,1343.0,1343.6666666666665,526800,-1.0,-1.0,-1.0
2024/07/10,1325.0,1344.0,1325.0,1333.0,788100,-1.0,-1.0,-1.0
2024/07/11,1377.6666666666665,1409.3333333333333,1372.6666666666665,1405.3333333333333,980700,-1.0,-1.0,-1.0
2024/07/12,1409.6666666666665,1418.6666666666665,1370.3333333333333,1371.3333333333333,657900,-1.0,-1.0,-1.0
2024/07/16,1383.3333333333333,1398.6666666666665,1369.6666666666665,1384.3333333333333,544500,-1.0,-1.0,-1.0
2024/07/17,1385.3333333333333,1396.3333333333333,1381.0,1393.6666666666665,418200,-1.0,-1.0,-1.0
2024/07/18,1398.6666666666665,1417.0,1395.3333333333333,1403.0,493800,-1.0,-1.0,-1.0
2024/07/19,1413.6666666666665,1437.0,1408.6666666666665,1417.6666666666665,763500,-1.0,-1.0,-1.0
2024/07/22,1409.3333333333333,1416.6666666666665,1386.3333333333333,1392.6666666666665,361200,-1.0,-1.0,-1.0
2024/07/23,1397.0,1419.3333333333333,1397.0,1410.3333333333333,266100,-1.0,-1.0,-1.0
2024/07/24,1408.0,1420.3333333333333,1385.6666666666665,1389.6666666666665,535800,-1.0,-1.0,-1.0
2024/07/25,1383.6666666666665,1385.6666666666665,1355.3333333333333,1369.0,555600,-1.0,-1.0,-1.0
2024/07/26,1376.3333333333333,1379.3333333333333,1359.6666666666665,1372.3333333333333,389700,-1.0,-1.0,-1.0
2024/07/29,1389.6666666666665,1407.3333333333333,1385.0,1402.0,485100,-1.0,-1.0,-1.0
2024/07/30,1402.0,1403.0,1376.3333333333333,1383.6666666666665,789300,-1.0,-1.0,-1.0
2024/07/31,1383.6666666666665,1413.3333333333333,1378.3333333333333,1409.3333333333333,539400,-1.0,-1.0,-1.0
2024/08/01,1395.0,1400.0,1364.3333333333333,1380.6666666666665,658800,-1.0,-1.0,-1.0
2024/08/02,1351.0,1353.3333333333333,1318.0,1325.0,893400,-1.0,-1.0,-1.0
2024/08/05,1278.3333333333333,1278.3333333333333,1149.6666666666665,1153.3333333333333,1391700,-1.0,-1.0,-1.0
2024/08/06,1262.0,1309.3333333333333,1239.0,1280.3333333333333,745800,-1.0,-1.0,-1.0
2024/08/07,1191.0,1224.0,1153.3333333333333,1166.6666666666665,1561800,-1.0,-1.0,-1.0
2024/08/08,1150.0,1192.3333333333333,1136.3333333333333,1163.6666666666665,1122300,-1.0,-1.0,-1.0
2024/08/09,1177.3333333333333,1183.3333333333333,1134.3333333333333,1156.0,884100,-1.0,-1.0,-1.0
2024/08/13,1199.3333333333333,1206.3333333333333,1175.3333333333333,1202.3333333333333,795300,-1.0,-1.0,-1.0
2024/08/14,1211.3333333333333,1253.0,1198.3333333333333,1242.6666666666665,1029600,-1.0,-1.0,-1.0
2024/08/15,1242.6666666666665,1268.3333333333333,1240.3333333333333,1260.0,753000,-1.0,-1.0,-1.0
2024/08/16,1270.0,1278.6666666666665,1260.6666666666665,1277.6666666666665,526500,-1.0,-1.0,-1.0
2024/08/19,1276.0,1308.3333333333333,1274.0,1300.3333333333333,591600,-1.0,-1.0,-1.0
2024/08/20,1308.3333333333333,1313.3333333333333,1288.3333333333333,1309.3333333333333,629700,-1.0,-1.0,-1.0
2024/08/21,1310.0,1323.0,1305.3333333333333,1310.0,559200,-1.0,-1.0,-1.0
2024/08/22,1319.6666666666665,1319.6666666666665,1296.6666666666665,1316.3333333333333,454500,-1.0,-1.0,-1.0
2024/08/23,1303.0,1322.6666666666665,1301.0,1313.6666666666665,325800,-1.0,-1.0,-1.0
2024/08/26,1313.6666666666665,1324.3333333333333,1305.3333333333333,1314.0,615000,-1.0,-1.0,-1.0
2024/08/27,1319.0,1319.0,1295.0,1314.3333333333333,514800,-1.0,-1.0,-1.0
2024/08/28,1300.0,1300.0,1281.3333333333333,1293.3333333333333,463800,-1.0,-1.0,-1.0
2024/08/29,1293.3333333333333,1300.6666666666665,1285.3333333333333,1292.0,343500,-1.0,-1.0,-1.0
2024/08/30,1290.0,1304.6666666666665,1281.0,1292.0,408300,-1.0,-1.0,-1.0
2024/09/02,1310.0,1315.0,1297.0,1313.6666666666665,368700,-1.0,-1.0,-1.0
2024/09/03,1317.6666666666665,1323.3333333333333,1308.0,1317.3333333333333,187200,-1.0,-1.0,-1.0
2024/09/04,1286.6666666666665,1296.3333333333333,1269.3333333333333,1273.6666666666665,464700,-1.0,-1.0,-1.0
2024/09/05,1267.0,1287.3333333333333,1260.3333333333333,1262.0,290400,-1.0,-1.0,-1.0
2024/09/06,1255.6666666666665,1266.3333333333333,1248.6666666666665,1261.6666666666665,311700,-1.0,-1.0,-1.0
2024/09/09,1236.0,1254.3333333333333,1234.3333333333333,1248.3333333333333,334800,-1.0,-1.0,-1.0
2024/09/10,1251.3333333333333,1261.3333333333333,1251.3333333333333,1257.3333333333333,232200,-1.0,-1.0,-1.0
2024/09/11,1257.3333333333333,1266.0,1234.6666666666665,1242.0,329700,-1.0,-1.0,-1.0
2024/09/12,1266.6666666666665,1271.3333333333333,1243.3333333333333,1256.3333333333333,388800,-1.0,-1.0,-1.0
2024/09/13,1258.0,1262.0,1248.6666666666665,1256.0,409200,-1.0,-1.0,-1.0
2024/09/17,1274.6666666666665,1293.0,1272.3333333333333,1288.0,666600,-1.0,-1.0,-1.0
2024/09/18,1296.6666666666665,1304.3333333333333,1288.6666666666665,1304.3333333333333,318900,-1.0,-1.0,-1.0
2024/09/19,1315.6666666666665,1329.6666666666665,1312.6666666666665,1326.3333333333333,362700,-1.0,-1.0,-1.0
2024/09/20,1339.0,1350.0,1333.6666666666665,1338.0,616800,-1.0,-1.0,-1.0
2024/09/24,1349.6666666666665,1353.0,1328.6666666666665,1338.0,374400,-1.0,-1.0,-1.0
2024/09/25,1322.3333333333333,1336.6666666666665,1320.0,1329.0,348600,-1.0,-1.0,-1.0
2024/09/26,1346.0,1363.3333333333333,1330.3333333333333,1358.0,596700,-1.0,-1.0,-1.0
2024/09/27,1348.3333333333333,1365.3333333333333,1345.3333333333333,1358.0,579300,-1.0,-1.0,-1.0
2024/09/30,1326.3333333333333,1376.6666666666665,1326.3333333333333,1362.0,608100,-1.0,-1.0,-1.0
2024/10/01,1363.0,1375.3333333333333,1360.0,1369.0,501600,-1.0,-1.0,-1.0
2024/10/02,1348.6666666666665,1371.6666666666665,1346.0,1366.6666666666665,655200,-1.0,-1.0,-1.0
2024/10/03,1374.6666666666665,1379.6666666666665,1360.3333333333333,1362.0,443400,-1.0,-1.0,-1.0
2024/10/04,1359.3333333333333,1372.0,1350.0,1371.3333333333333,537900,-1.0,-1.0,-1.0
2024/10/07,1380.0,1380.0,1352.3333333333333,1353.6666666666665,639000,-1.0,-1.0,-1.0
2024/10/08,1348.3333333333333,1375.0,1347.0,1355.3333333333333,427200,-1.0,-1.0,-1.0
2024/10/09,1362.0,1362.0,1342.0,1357.3333333333333,372300,-1.0,-1.0,-1.0
2024/10/10,1366.6666666666665,1367.6666666666665,1356.3333333333333,1365.0,293700,-1.0,-1.0,-1.0
2024/10/11,1356.6666666666665,1358.0,1339.3333333333333,1344.0,501300,-1.0,-1.0,-1.0
2024/10/15,1357.0,1357.3333333333333,1336.6666666666665,1347.3333333333333,426000,-1.0,-1.0,-1.0
2024/10/16,1341.0,1350.0,1334.3333333333333,1334.3333333333333,263700,-1.0,-1.0,-1.0
2024/10/17,1330.3333333333333,1343.3333333333333,1325.3333333333333,1338.3333333333333,367500,-1.0,-1.0,-1.0
2024/10/18,1349.3333333333333,1354.3333333333333,1335.3333333333333,1338.0,312900,-1.0,-1.0,-1.0
2024/10/21,1338.0,1343.3333333333333,1319.3333333333333,1322.6666666666665,318600,-1.0,-1.0,-1.0
2024/10/22,1325.0,1327.3333333333333,1302.3333333333333,1306.0,356400,-1.0,-1.0,-1.0
2024/10/23,1291.6666666666665,1302.6666666666665,1279.3333333333333,1279.3333333333333,221400,-1.0,-1.0,-1.0
2024/10/24,1266.6666666666665,1266.6666666666665,1247.3333333333333,1250.3333333333333,429600,-1.0,-1.0,-1.0
2024/10/25,1248.6666666666665,1248.6666666666665,1228.0,1233.3333333333333,423900,-1.0,-1.0,-1.0
2024/10/28,1244.6666666666665,1254.6666666666665,1232.0,1245.0,275400,-1.0,-1.0,-1.0
2024/10/29,1253.0,1266.6666666666665,1242.6666666666665,1246.6666666666665,598500,-1.0,-1.0,-1.0
2024/10/30,1263.3333333333333,1263.3333333333333,1251.0,1251.0,763500,-1.0,-1.0,-1.0
2024/10/31,1253.0,1261.0,1242.0,1258.6666666666665,444000,-1.0,-1.0,-1.0
2024/11/01,1247.6666666666665,1253.0,1221.0,1226.0,408900,-1.0,-1.0,-1.0
2024/11/05,1221.0,1237.6666666666665,1218.0,1229.0,411600,-1.0,-1.0,-1.0
2024/11/06,1245.6666666666665,1248.6666666666665,1224.6666666666665,1224.6666666666665,464700,-1.0,-1.0,-1.0
2024/11/07,1241.3333333333333,1255.6666666666665,1233.0,1239.0,713400,-1.0,-1.0,-1.0
2024/11/08,1232.3333333333333,1232.3333333333333,1200.6666666666665,1204.3333333333333,400500,-1.0,-1.0,-1.0
2024/11/11,1199.0,1203.6666666666665,1174.6666666666665,1180.0,618600,-1.0,-1.0,-1.0
2024/11/12,1182.3333333333333,1207.0,1081.0,1127.0,2221200,-1.0,-1.0,-1.0
2024/11/13,1058.0,1106.6666666666665,1058.0,1078.3333333333333,1099200,-1.0,-1.0,-1.0
2024/11/14,1076.6666666666665,1083.0,1046.6666666666665,1048.6666666666665,946800,-1.0,-1.0,-1.0
2024/11/15,1068.3333333333333,1087.6666666666665,1056.0,1083.3333333333333,800100,-1.0,-1.0,-1.0
2024/11/18,1083.3333333333333,1098.0,1076.3333333333333,1086.6666666666665,645300,-1.0,-1.0,-1.0
2024/11/19,1106.6666666666665,1110.6666666666665,1090.6666666666665,1100.0,646200,-1.0,-1.0,-1.0
2024/11/20,1089.3333333333333,1094.3333333333333,1062.0,1066.0,1009200,-1.0,-1.0,-1.0
2024/11/21,1089.3333333333333,1103.6666666666665,1082.3333333333333,1096.3333333333333,994500,-1.0,-1.0,-1.0
2024/11/22,1106.6666666666665,1126.3333333333333,1104.0,1121.0,724800,-1.0,-1.0,-1.0
2024/11/25,1123.3333333333333,1134.6666666666665,1119.3333333333333,1121.0,556500,-1.0,-1.0,-1.0
2024/11/26,1120.0,1132.3333333333333,1106.3333333333333,1113.3333333333333,498000,-1.0,-1.0,-1.0
2024/11/27,1112.6666666666665,1125.6666666666665,1103.6666666666665,1109.6666666666665,564000,-1.0,-1.0,-1.0
2024/11/28,1110.6666666666665,1121.6666666666665,1105.6666666666665,1111.6666666666665,342900,-1.0,-1.0,-1.0
2024/11/29,1110.0,1116.0,1103.6666666666665,1110.6666666666665,320400,-1.0,-1.0,-1.0
2024/12/02,1113.6666666666665,1118.0,1101.0,1113.3333333333333,240000,-1.0,-1.0,-1.0
2024/12/03,1122.3333333333333,1146.0,1122.0,1139.0,594300,-1.0,-1.0,-1.0
2024/12/04,1128.3333333333333,1137.6666666666665,1117.6666666666665,1120.6666666666665,303000,-1.0,-1.0,-1.0
2024/12/05,1120.6666666666665,1129.3333333333333,1120.6666666666665,1121.0,310800,-1.0,-1.0,-1.0
2024/12/06,1125.6666666666665,1129.0,1121.6666666666665,1121.6666666666665,206100,-1.0,-1.0,-1.0
2024/12/09,1120.3333333333333,1126.6666666666665,1114.3333333333333,1117.6666666666665,256800,-1.0,-1.0,-1.0
2024/12/10,1116.6666666666665,1125.3333333333333,1112.0,1116.6666666666665,235800,-1.0,-1.0,-1.0
2024/12/11,1116.6666666666665,1123.3333333333333,1105.3333333333333,1114.3333333333333,505500,-1.0,-1.0,-1.0
2024/12/12,1118.3333333333333,1126.6666666666665,1109.3333333333333,1109.3333333333333,504300,-1.0,-1.0,-1.0
2024/12/13,1103.3333333333333,1119.0,1098.6666666666665,1113.0,516900,-1.0,-1.0,-1.0
2024/12/16,1110.0,1115.0,1086.3333333333333,1090.3333333333333,374400,-1.0,-1.0,-1.0
2024/12/17,1083.3333333333333,1083.3333333333333,1064.0,1071.0,600900,-1.0,-1.0,-1.0
2024/12/18,1066.6666666666665,1089.3333333333333,1066.0,1081.3333333333333,484200,-1.0,-1.0,-1.0
2024/12/19,1064.3333333333333,1095.0,1064.3333333333333,1090.6666666666665,523500,-1.0,-1.0,-1.0
2024/12/20,1090.0,1102.0,1089.6666666666665,1094.0,576000,-1.0,-1.0,-1.0
2024/12/23,1089.6666666666665,1092.6666666666665,1070.3333333333333,1084.3333333333333,828600,-1.0,-1.0,-1.0
2024/12/24,1079.0,1088.3333333333333,1075.6666666666665,1087.3333333333333,599400,-1.0,-1.0,-1.0
2024/12/25,1088.3333333333333,1096.6666666666665,1081.0,1096.6666666666665,447300,-1.0,-1.0,-1.0
2024/12/26,1096.6666666666665,1097.6666666666665,1090.6666666666665,1092.0,287700,-1.0,-1.0,-1.0
2024/12/27,1097.3333333333333,1111.3333333333333,1095.0,1108.3333333333333,339900,-1.0,-1.0,-1.0
2024/12/30,1110.0,1114.0,1098.0,1105.6666666666665,250500,-1.0,-1.0,-1.0
2025/01/06,1101.6666666666665,1105.3333333333333,1098.6666666666665,1100.0,309900,-1.0,-1.0,-1.0
2025/01/07,1100.0,1113.6666666666665,1098.6666666666665,1110.3333333333333,571200,-1.0,-1.0,-1.0
2025/01/08,1103.6666666666665,1110.6666666666665,1101.0,1101.0,302400,-1.0,-1.0,-1.0
2025/01/09,1100.0,1101.6666666666665,1088.3333333333333,1097.3333333333333,285000,-1.0,-1.0,-1.0
2025/01/10,1096.6666666666665,1099.0,1079.6666666666665,1083.0,279300,-1.0,-1.0,-1.0
2025/01/14,1086.6666666666665,1088.0,1068.0,1074.3333333333333,556500,-1.0,-1.0,-1.0
2025/01/15,1075.6666666666665,1080.6666666666665,1070.6666666666665,1074.3333333333333,873000,-1.0,-1.0,-1.0
2025/01/16,1097.6666666666665,1097.6666666666665,1078.0,1078.0,512700,-1.0,-1.0,-1.0
2025/01/17,1088.3333333333333,1105.3333333333333,1078.0,1103.6666666666665,529200,-1.0,-1.0,-1.0
2025/01/20,1110.0,1142.0,1108.0,1123.0,802800,-1.0,-1.0,-1.0
2025/01/21,1125.3333333333333,1134.6666666666665,1110.3333333333333,1114.3333333333333,470100,-1.0,-1.0,-1.0
2025/01/22,1109.0,1111.3333333333333,1100.0,1105.0,445500,-1.0,-1.0,-1.0
2025/01/23,1099.3333333333333,1112.0,1097.6666666666665,1102.0,307200,-1.0,-1.0,-1.0
2025/01/24,1105.0,1109.6666666666665,1100.0,1100.0,246300,-1.0,-1.0,-1.0
2025/01/27,1116.0,1122.3333333333333,1108.0,1121.6666666666665,306600,-1.0,-1.0,-1.0
2025/01/28,1121.6666666666665,1123.3333333333333,1108.0,1110.6666666666665,269100,-1.0,-1.0,-1.0
2025/01/29,1110.3333333333333,1110.6666666666665,1099.3333333333333,1104.3333333333333,448200,-1.0,-1.0,-1.0
2025/01/30,1100.6666666666665,1109.6666666666665,1098.0,1109.6666666666665,640200,-1.0,-1.0,-1.0
2025/01/31,1113.3333333333333,1113.3333333333333,1101.6666666666665,1106.0,221400,-1.0,-1.0,-1.0
2025/02/03,1105.0,1105.0,1081.3333333333333,1082.6666666666665,453000,-1.0,-1.0,-1.0
2025/02/04,1099.3333333333333,1100.6666666666665,1084.6666666666665,1096.3333333333333,621600,-1.0,-1.0,-1.0
2025/02/05,1097.0,1104.0,1096.3333333333333,1102.0,35100,-1.0,-1.0,-1.0
2025/02/06,1099.3333333333333,1107.0,1095.3333333333333,1106.0,210900,-1.0,-1.0,-1.0
2025/02/07,1108.3333333333333,1117.0,1106.3333333333333,1109.3333333333333,276600,-1.0,-1.0,-1.0
2025/02/10,1113.0,1113.0,1100.0,1109.3333333333333,223800,-1.0,-1.0,-1.0
2025/02/12,1115.0,1147.3333333333333,1097.3333333333333,1140.3333333333333,695400,-1.0,-1.0,-1.0
2025/02/13,1126.3333333333333,1193.0,1111.0,1175.0,1973400,-1.0,-1.0,-1.0
2025/02/14,1208.6666666666665,1242.0,1176.0,1191.3333333333333,1946700,-1.0,-1.0,-1.0
2025/02/17,1185.0,1199.6666666666665,1166.6666666666665,1166.6666666666665,468300,-1.0,-1.0,-1.0
2025/02/18,1165.3333333333333,1170.0,1144.3333333333333,1167.0,432000,-1.0,-1.0,-1.0
2025/02/19,1166.0,1169.0,1156.3333333333333,1163.3333333333333,328200,-1.0,-1.0,-1.0
2025/02/20,1165.0,1176.0,1160.3333333333333,1167.3333333333333,431400,-1.0,-1.0,-1.0
2025/02/21,1161.3333333333333,1181.0,1156.6666666666665,1165.3333333333333,438300,-1.0,-1.0,-1.0
2025/02/25,1164.3333333333333,1166.6666666666665,1155.3333333333333,1165.0,457500,-1.0,-1.0,-1.0
2025/02/26,1165.0,1171.0,1146.0,1153.6666666666665,395100,-1.0,-1.0,-1.0
2025/02/27,1158.6666666666665,1168.0,1153.3333333333333,1168.0,471900,-1.0,-1.0,-1.0
2025/02/28,1162.6666666666665,1168.3333333333333,1155.3333333333333,1167.3333333333333,654300,-1.0,-1.0,-1.0
2025/03/03,1178.6666666666665,1197.0,1178.6666666666665,1190.6666666666665,484200,-1.0,-1.0,-1.0
2025/03/04,1190.6666666666665,1199.0,1180.3333333333333,1194.3333333333333,432600,-1.0,-1.0,-1.0
2025/03/05,1194.3333333333333,1199.6666666666665,1183.3333333333333,1195.3333333333333,398700,-1.0,-1.0,-1.0
2025/03/06,1209.6666666666665,1233.3333333333333,1205.6666666666665,1228.6666666666665,405000,-1.0,-1.0,-1.0
2025/03/07,1216.6666666666665,1223.0,1204.3333333333333,1220.0,372900,-1.0,-1.0,-1.0
2025/03/10,1224.0,1234.6666666666665,1205.0,1205.0,530100,-1.0,-1.0,-1.0
2025/03/11,1200.0,1209.6666666666665,1188.6666666666665,1198.0,654300,-1.0,-1.0,-1.0
2025/03/12,1184.3333333333333,1221.0,1184.3333333333333,1216.0,569400,-1.0,-1.0,-1.0
2025/03/13,1222.3333333333333,1231.0,1206.6666666666665,1210.3333333333333,491700,-1.0,-1.0,-1.0
2025/03/14,1204.6666666666665,1217.0,1201.6666666666665,1204.6666666666665,615300,-1.0,-1.0,-1.0
2025/03/17,1216.6666666666665,1232.3333333333333,1208.6666666666665,1222.0,474600,-1.0,-1.0,-1.0
2025/03/18,1233.3333333333333,1244.6666666666665,1230.0,1239.0,643200,-1.0,-1.0,-1.0
2025/03/19,1236.6666666666665,1266.6666666666665,1233.6666666666665,1260.6666666666665,534300,-1.0,-1.0,-1.0
2025/03/21,1263.0,1281.6666666666665,1263.0,1272.0,459600,-1.0,-1.0,-1.0
2025/03/24,1272.0,1273.0,1255.0,1264.6666666666665,339000,-1.0,-1.0,-1.0
2025/03/25,1268.6666666666665,1285.3333333333333,1259.6666666666665,1276.3333333333333,436500,-1.0,-1.0,-1.0
2025/03/26,1283.6666666666665,1295.3333333333333,1270.3333333333333,1275.0,442200,-1.0,-1.0,-1.0
2025/03/27,1270.6666666666665,1283.3333333333333,1269.3333333333333,1281.6666666666665,435600,-1.0,-1.0,-1.0
2025/03/28,1259.3333333333333,1265.3333333333333,1233.6666666666665,1245.0,517500,-1.0,-1.0,-1.0
2025/03/31,1227.0,1228.0,1196.0,1200.0,423600,-1.0,-1.0,-1.0
2025/04/01,1208.6666666666665,1210.0,1194.3333333333333,1194.3333333333333,263700,-1.0,-1.0,-1.0
2025/04/02,1208.3333333333333,1218.0,1190.0,1194.6666666666665,342900,-1.0,-1.0,-1.0
2025/04/03,1165.0,1184.3333333333333,1151.6666666666665,1184.3333333333333,567300,-1.0,-1.0,-1.0
2025/04/04,1181.0,1205.3333333333333,1173.6666666666665,1204.6666666666665,1218000,-1.0,-1.0,-1.0
2025/04/07,1145.0,1148.0,1093.3333333333333,1121.0,1107300,-1.0,-1.0,-1.0
2025/04/08,1144.3333333333333,1170.3333333333333,1139.6666666666665,1160.6666666666665,676500,-1.0,-1.0,-1.0
2025/04/09,1137.3333333333333,1152.6666666666665,1126.0,1148.3333333333333,606300,-1.0,-1.0,-1.0
2025/04/10,1218.3333333333333,1234.3333333333333,1188.3333333333333,1230.3333333333333,813000,-1.0,-1.0,-1.0
2025/04/11,1160.3333333333333,1198.6666666666665,1150.0,1196.0,661500,-1.0,-1.0,-1.0
2025/04/14,1211.6666666666665,1226.0,1197.0,1211.0,610200,-1.0,-1.0,-1.0
2025/04/15,1218.3333333333333,1218.3333333333333,1183.6666666666665,1183.6666666666665,656400,-1.0,-1.0,-1.0
2025/04/16,1197.0,1205.0,1189.0,1203.6666666666665,483600,-1.0,-1.0,-1.0
2025/04/17,1215.0,1240.0,1209.6666666666665,1240.0,549000,-1.0,-1.0,-1.0
2025/04/18,1252.3333333333333,1260.0,1241.0,1260.0,388200,-1.0,-1.0,-1.0
2025/04/21,1269.3333333333333,1306.0,1263.0,1304.3333333333333,727500,-1.0,-1.0,-1.0
2025/04/22,1308.3333333333333,1344.6666666666665,1306.3333333333333,1326.0,780300,-1.0,-1.0,-1.0
2025/04/23,1336.6666666666665,1348.6666666666665,1318.6666666666665,1334.0,856500,-1.0,-1.0,-1.0
2025/04/24,1334.0,1349.3333333333333,1326.0,1326.0,630600,-1.0,-1.0,-1.0
2025/04/25,1311.6666666666665,1334.3333333333333,1301.0,1313.0,590100,-1.0,-1.0,-1.0
2025/04/28,1306.3333333333333,1310.0,1291.6666666666665,1301.6666666666665,494100,-1.0,-1.0,-1.0
2025/04/30,1314.0,1319.6666666666665,1290.0,1302.6666666666665,686400,-1.0,-1.0,-1.0
2025/05/01,1300.0,1312.0,1288.6666666666665,1299.6666666666665,534900,-1.0,-1.0,-1.0
2025/05/02,1304.0,1310.6666666666665,1286.3333333333333,1287.6666666666665,536400,-1.0,-1.0,-1.0
2025/05/07,1296.3333333333333,1296.3333333333333,1275.6666666666665,1286.0,531000,-1.0,-1.0,-1.0
2025/05/08,1286.3333333333333,1291.3333333333333,1274.6666666666665,1280.6666666666665,375000,-1.0,-1.0,-1.0
2025/05/09,1283.3333333333333,1290.0,1276.0,1284.0,464700,-1.0,-1.0,-1.0
2025/05/12,1296.3333333333333,1296.3333333333333,1275.0,1281.6666666666665,555000,-1.0,-1.0,-1.0
2025/05/13,1280.0,1362.6666666666665,1248.6666666666665,1318.0,2874900,-1.0,-1.0,-1.0
2025/05/14,1271.3333333333333,1301.0,1258.0,1282.6666666666665,1627800,-1.0,-1.0,-1.0
2025/05/15,1250.0,1254.3333333333333,1224.3333333333333,1238.6666666666665,1612500,-1.0,-1.0,-1.0
2025/05/16,1248.0,1259.3333333333333,1235.0,1241.6666666666665,828300,-1.0,-1.0,-1.0
2025/05/19,1238.3333333333333,1258.6666666666665,1235.6666666666665,1251.0,733200,-1.0,-1.0,-1.0
2025/05/20,1251.0,1256.3333333333333,1240.3333333333333,1246.0,626100,-1.0,-1.0,-1.0
2025/05/21,1254.6666666666665,1268.0,1238.6666666666665,1241.0,528900,-1.0,-1.0,-1.0
2025/05/22,1236.6666666666665,1255.0,1229.0,1229.0,518100,-1.0,-1.0,-1.0
2025/05/23,1230.0,1252.6666666666665,1230.0,1240.6666666666665,449700,-1.0,-1.0,-1.0
2025/05/26,1248.6666666666665,1253.0,1235.0,1251.3333333333333,423900,-1.0,-1.0,-1.0
2025/05/27,1253.0,1265.0,1245.3333333333333,1256.6666666666665,468000,-1.0,-1.0,-1.0
2025/05/28,1326.6666666666665,1365.6666666666665,1300.6666666666665,1303.6666666666665,2672700,-1.0,-1.0,-1.0
2025/05/29,1287.3333333333333,1299.3333333333333,1272.0,1281.3333333333333,788100,-1.0,-1.0,-1.0
2025/05/30,1276.6666666666665,1287.6666666666665,1274.3333333333333,1282.6666666666665,738300,-1.0,-1.0,-1.0
2025/06/02,1270.3333333333333,1276.6666666666665,1255.0,1258.0,412200,-1.0,-1.0,-1.0
2025/06/03,1272.3333333333333,1286.0,1259.3333333333333,1259.3333333333333,712200,-1.0,-1.0,-1.0
2025/06/04,1282.6666666666665,1293.0,1273.6666666666665,1288.3333333333333,522600,-1.0,-1.0,-1.0
2025/06/05,1280.6666666666665,1290.0,1261.0,1272.0,497700,-1.0,-1.0,-1.0
2025/06/06,1277.6666666666665,1277.6666666666665,1264.6666666666665,1264.6666666666665,273600,-1.0,-1.0,-1.0
2025/06/09,1265.0,1270.6666666666665,1253.3333333333333,1257.6666666666665,332400,-1.0,-1.0,-1.0
2025/06/10,1273.0,1276.6666666666665,1265.0,1266.0,453600,-1.0,-1.0,-1.0
2025/06/11,1273.6666666666665,1298.3333333333333,1270.0,1295.0,522300,-1.0,-1.0,-1.0
2025/06/12,1292.3333333333333,1292.6666666666665,1271.3333333333333,1280.6666666666665,374400,-1.0,-1.0,-1.0
2025/06/13,1280.6666666666665,1293.0,1272.0,1292.3333333333333,433500,-1.0,-1.0,-1.0
2025/06/16,1291.3333333333333,1294.0,1270.0,1272.0,524700,-1.0,-1.0,-1.0
2025/06/17,1274.0,1282.6666666666665,1271.6666666666665,1272.3333333333333,301200,-1.0,-1.0,-1.0
2025/06/18,1262.6666666666665,1274.0,1258.3333333333333,1268.6666666666665,333600,-1.0,-1.0,-1.0
2025/06/19,1266.3333333333333,1266.3333333333333,1255.0,1266.3333333333333,369600,-1.0,-1.0,-1.0
2025/06/20,1260.0,1262.3333333333333,1250.3333333333333,1250.3333333333333,485100,-1.0,-1.0,-1.0
2025/06/23,1246.3333333333333,1247.6666666666665,1233.6666666666665,1242.6666666666665,461100,-1.0,-1.0,-1.0
2025/06/24,1253.6666666666665,1253.6666666666665,1236.6666666666665,1236.6666666666665,339600,-1.0,-1.0,-1.0
2025/06/25,1246.0,1246.0,1229.6666666666665,1240.3333333333333,380700,-1.0,-1.0,-1.0
2025/06/26,1239.3333333333333,1245.0,1238.0,1245.0,324300,-1.0,-1.0,-1.0
2025/06/27,1250.0,1266.0,1246.0,1256.3333333333333,485400,-1.0,-1.0,-1.0
2025/06/30,1261.0,1269.3333333333333,1257.6666666666665,1261.0,431400,-1.0,-1.0,-1.0
2025/07/01,1248.6666666666665,1253.6666666666665,1236.0,1250.3333333333333,617400,-1.0,-1.0,-1.0
2025/07/02,1246.0,1267.3333333333333,1235.0,1261.6666666666665,588300,-1.0,-1.0,-1.0
2025/07/03,1258.6666666666665,1269.0,1253.0,1266.6666666666665,546900,-1.0,-1.0,-1.0
2025/07/04,1264.3333333333333,1267.3333333333333,1258.6666666666665,1266.6666666666665,649500,-1.0,-1.0,-1.0
2025/07/07,1257.3333333333333,1259.0,1244.0,1244.0,612600,-1.0,-1.0,-1.0
2025/07/08,1236.0,1266.0,1234.3333333333333,1266.0,814200,-1.0,-1.0,-1.0
2025/07/09,1262.3333333333333,1271.6666666666665,1260.0,1261.0,488700,-1.0,-1.0,-1.0
2025/07/10,1261.0,1265.3333333333333,1255.3333333333333,1263.6666666666665,418800,-1.0,-1.0,-1.0
2025/07/11,1264.6666666666665,1272.3333333333333,1258.0,1261.6666666666665,506400,-1.0,-1.0,-1.0
2025/07/14,1266.3333333333333,1288.6666666666665,1266.3333333333333,1279.3333333333333,1067100,-1.0,-1.0,-1.0
2025/07/15,1268.0,1280.0,1267.6666666666665,1274.6666666666665,616500,-1.0,-1.0,-1.0
2025/07/16,1275.6666666666665,1278.6666666666665,1255.3333333333333,1257.3333333333333,526500,-1.0,-1.0,-1.0
2025/07/17,1258.3333333333333,1271.0,1255.0,1268.6666666666665,377700,-1.0,-1.0,-1.0
2025/07/18,1265.0,1282.6666666666665,1260.3333333333333,1276.6666666666665,871500,-1.0,-1.0,-1.0
2025/07/22,1268.3333333333333,1283.0,1263.3333333333333,1277.0,660900,-1.0,-1.0,-1.0
2025/07/23,1280.3333333333333,1290.3333333333333,1266.0,1286.3333333333333,1065900,-1.0,-1.0,-1.0
2025/07/24,1289.3333333333333,1301.3333333333333,1286.6666666666665,1295.0,477300,-1.0,-1.0,-1.0
2025/07/25,1294.3333333333333,1303.3333333333333,1285.0,1288.3333333333333,804600,-1.0,-1.0,-1.0
2025/07/28,1290.0,1296.3333333333333,1285.0,1295.3333333333333,469500,-1.0,-1.0,-1.0
2025/07/29,1285.6666666666665,1299.3333333333333,1283.3333333333333,1299.3333333333333,460200,-1.0,-1.0,-1.0
2025/07/30,1289.6666666666665,1303.0,1289.0,1302.0,498900,-1.0,-1.0,-1.0
2025/07/31,1300.0,1323.6666666666665,1298.0,1321.3333333333333,796200,-1.0,-1.0,-1.0
2025/08/01,1315.0,1329.0,1308.6666666666665,1323.0,530100,-1.0,-1.0,-1.0
2025/08/04,1300.3333333333333,1326.6666666666665,1297.3333333333333,1324.3333333333333,1010400,-1.0,-1.0,-1.0
2025/08/05,1322.3333333333333,1328.6666666666665,1262.3333333333333,1271.6666666666665,2746800,-1.0,-1.0,-1.0
2025/08/06,1271.6666666666665,1281.0,1251.0,1264.3333333333333,1614000,-1.0,-1.0,-1.0
2025/08/07,1260.6666666666665,1279.0,1259.0,1277.3333333333333,927600,-1.0,-1.0,-1.0
2025/08/08,1280.0,1297.0,1272.0,1295.3333333333333,1248000,-1.0,-1.0,-1.0
2025/08/12,1298.3333333333333,1307.3333333333333,1283.3333333333333,1307.3333333333333,941700,-1.0,-1.0,-1.0
2025/08/13,1294.0,1311.0,1289.0,1297.3333333333333,753600,-1.0,-1.0,-1.0
2025/08/14,1291.6666666666665,1306.6666666666665,1288.3333333333333,1306.6666666666665,604800,-1.0,-1.0,-1.0
2025/08/15,1298.3333333333333,1311.0,1294.6666666666665,1310.3333333333333,555300,-1.0,-1.0,-1.0
2025/08/18,1307.6666666666665,1326.0,1301.3333333333333,1325.0,737400,-1.0,-1.0,-1.0
2025/08/19,1341.0,1347.3333333333333,1333.0,1341.6666666666665,914100,-1.0,-1.0,-1.0
2025/08/20,1340.0,1344.3333333333333,1312.0,1317.3333333333333,903000,-1.0,-1.0,-1.0
2025/08/21,1318.6666666666665,1320.6666666666665,1304.0,1316.3333333333333,594900,-1.0,-1.0,-1.0
2025/08/22,1311.6666666666665,1319.0,1300.6666666666665,1311.6666666666665,701100,-1.0,-1.0,-1.0
2025/08/25,1314.6666666666665,1319.0,1306.6666666666665,1319.0,786900,-1.0,-1.0,-1.0
2025/08/26,1306.3333333333333,1318.6666666666665,1303.6666666666665,1312.3333333333333,718800,-1.0,-1.0,-1.0
2025/08/27,1310.0,1318.0,1300.0,1301.6666666666665,633600,-1.0,-1.0,-1.0
2025/08/28,1301.0,1323.3333333333333,1293.0,1317.0,1053300,-1.0,-1.0,-1.0
2025/08/29,1308.6666666666665,1321.3333333333333,1297.0,1315.0,725100,-1.0,-1.0,-1.0
2025/09/01,1313.3333333333333,1330.6666666666665,1311.0,1327.6666666666665,580500,-1.0,-1.0,-1.0
2025/09/02,1331.3333333333333,1360.6666666666665,1331.3333333333333,1344.0,708000,-1.0,-1.0,-1.0
2025/09/03,1331.3333333333333,1346.3333333333333,1330.3333333333333,1335.6666666666665,544800,-1.0,-1.0,-1.0
2025/09/04,1324.6666666666665,1345.0,1320.0,1340.0,671100,-1.0,-1.0,-1.0
2025/09/05,1342.6666666666665,1359.3333333333333,1340.6666666666665,1359.3333333333333,900300,-1.0,-1.0,-1.0
2025/09/08,1362.6666666666665,1363.3333333333333,1344.6666666666665,1352.3333333333333,613500,-1.0,-1.0,-1.0
2025/09/09,1359.0,1370.0,1355.0,1359.6666666666665,586500,-1.0,-1.0,-1.0
2025/09/10,1362.3333333333333,1364.6666666666665,1351.6666666666665,1353.3333333333333,572700,-1.0,-1.0,-1.0
2025/09/11,1352.6666666666665,1352.6666666666665,1323.0,1326.6666666666665,728100,-1.0,-1.0,-1.0
2025/09/12,1336.6666666666665,1350.0,1334.6666666666665,1337.6666666666665,721500,-1.0,-1.0,-1.0
2025/09/16,1336.6666666666665,1337.3333333333333,1324.6666666666665,1337.3333333333333,808500,-1.0,-1.0,-1.0
2025/09/17,1341.3333333333333,1344.6666666666665,1327.3333333333333,1338.3333333333333,807900,-1.0,-1.0,-1.0
2025/09/18,1345.0,1345.0,1332.3333333333333,1336.6666666666665,430500,-1.0,-1.0,-1.0
2025/09/19,1341.6666666666665,1351.0,1329.3333333333333,1338.3333333333333,543600,-1.0,-1.0,-1.0
2025/09/22,1334.6666666666665,1337.3333333333333,1328.0,1330.0,337500,-1.0,-1.0,-1.0
2025/09/24,1330.3333333333333,1331.3333333333333,1319.6666666666665,1326.0,406800,-1.0,-1.0,-1.0
2025/09/25,1333.3333333333333,1351.0,1326.6666666666665,1347.0,409800,-1.0,-1.0,-1.0
2025/09/26,1336.6666666666665,1346.3333333333333,1335.3333333333333,1346.0,342000,-1.0,-1.0,-1.0
2025/09/29,1330.0,1338.3333333333333,1316.6666666666665,1323.3333333333333,487800,-1.0,-1.0,-1.0
2025/09/30,1326.0,1326.0,1287.6666666666665,1296.6666666666665,558900,-1.0,-1.0,-1.0
2025/10/01,1288.0,1294.3333333333333,1256.3333333333333,1260.3333333333333,449100,-1.0,-1.0,-1.0
2025/10/02,1261.0,1268.3333333333333,1237.6666666666665,1253.6666666666665,420900,-1.0,-1.0,-1.0
2025/10/03,1255.0,1257.6666666666665,1245.3333333333333,1251.3333333333333,514200,-1.0,-1.0,-1.0
2025/10/06,1274.6666666666665,1283.6666666666665,1268.0,1276.6666666666665,454200,-1.0,-1.0,-1.0
2025/10/07,1272.0,1291.3333333333333,1265.3333333333333,1284.6666666666665,489300,-1.0,-1.0,-1.0
2025/10/08,1285.3333333333333,1292.6666666666665,1278.3333333333333,1286.3333333333333,360600,-1.0,-1.0,-1.0
2025/10/09,1284.6666666666665,1291.6666666666665,1282.6666666666665,1285.6666666666665,378900,-1.0,-1.0,-1.0
2025/10/10,1278.6666666666665,1279.3333333333333,1269.6666666666665,1271.6666666666665,416100,-1.0,-1.0,-1.0
2025/10/14,1250.3333333333333,1254.3333333333333,1229.3333333333333,1237.3333333333333,570900,-1.0,-1.0,-1.0
2025/10/15,1249.0,1252.6666666666665,1242.0,1251.0,278400,-1.0,-1.0,-1.0
2025/10/16,1265.3333333333333,1272.6666666666665,1254.3333333333333,1254.3333333333333,297600,-1.0,-1.0,-1.0
2025/10/17,1250.0,1257.6666666666665,1244.3333333333333,1255.6666666666665,403800,-1.0,-1.0,-1.0
2025/10/20,1273.0,1275.0,1264.0,1269.0,288300,-1.0,-1.0,-1.0
2025/10/21,1272.0,1285.3333333333333,1266.6666666666665,1279.3333333333333,504600,-1.0,-1.0,-1.0
2025/10/22,1280.6666666666665,1330.3333333333333,1280.6666666666665,1328.0,810300,-1.0,-1.0,-1.0
2025/10/23,1327.3333333333333,1358.0,1322.0,1345.3333333333333,899700,-1.0,-1.0,-1.0
2025/10/24,1355.3333333333333,1356.0,1343.0,1346.0,351900,-1.0,-1.0,-1.0
2025/10/27,1347.0,1383.0,1343.3333333333333,1378.0,524400,-1.0,-1.0,-1.0
2025/10/28,1366.6666666666665,1367.0,1299.0,1299.6666666666665,936600,-1.0,-1.0,-1.0
2025/10/29,1309.0,1314.0,1271.6666666666665,1271.6666666666665,834600,-1.0,-1.0,-1.0
2025/10/30,1283.0,1289.6666666666665,1268.3333333333333,1288.6666666666665,404400,-1.0,-1.0,-1.0
2025/10/31,1298.0,1298.0,1276.3333333333333,1285.0,278400,-1.0,-1.0,-1.0
2025/11/04,1283.3333333333333,1300.3333333333333,1278.0,1279.3333333333333,357000,-1.0,-1.0,-1.0
2025/11/05,1279.6666666666665,1288.3333333333333,1260.6666666666665,1288.3333333333333,395700,-1.0,-1.0,-1.0
2025/11/06,1294.0,1296.6666666666665,1281.3333333333333,1283.0,254100,-1.0,-1.0,-1.0
2025/11/07,1283.0,1289.0,1267.0,1286.0,222300,-1.0,-1.0,-1.0
2025/11/10,1301.0,1322.3333333333333,1293.0,1315.3333333333333,586800,-1.0,-1.0,-1.0
2025/11/11,1332.6666666666665,1358.6666666666665,1206.3333333333333,1238.0,2246700,-1.0,-1.0,-1.0
2025/11/12,1243.3333333333333,1280.3333333333333,1236.6666666666665,1265.0,1022100,-1.0,-1.0,-1.0
2025/11/13,1262.6666666666665,1267.6666666666665,1252.3333333333333,1263.3333333333333,396000,-1.0,-1.0,-1.0
2025/11/14,1258.3333333333333,1269.3333333333333,1250.0,1269.3333333333333,403500,-1.0,-1.0,-1.0
2025/11/17,1269.3333333333333,1278.3333333333333,1261.3333333333333,1267.0,274500,-1.0,-1.0,-1.0
2025/11/18,1267.0,1276.0,1249.6666666666665,1250.6666666666665,412200,-1.0,-1.0,-1.0
2025/11/19,1253.6666666666665,1260.0,1239.0,1243.6666666666665,448800,-1.0,-1.0,-1.0
2025/11/20,1256.6666666666665,1262.6666666666665,1250.0,1257.3333333333333,266100,-1.0,-1.0,-1.0
2025/11/21,1265.6666666666665,1290.6666666666665,1261.6666666666665,1285.6666666666665,492000,-1.0,-1.0,-1.0
2025/11/25,1262.6666666666665,1285.6666666666665,1249.3333333333333,1251.6666666666665,387900,-1.0,-1.0,-1.0
2025/11/26,1269.6666666666665,1272.3333333333333,1254.0,1271.0,379200,-1.0,-1.0,-1.0
2025/11/27,1273.3333333333333,1281.3333333333333,1269.3333333333333,1278.6666666666665,375300,-1.0,-1.0,-1.0
2025/11/28,1271.6666666666665,1289.0,1271.6666666666665,1283.0,333900,-1.0,-1.0,-1.0
2025/12/01,1283.3333333333333,1283.3333333333333,1252.3333333333333,1253.6666666666665,374100,-1.0,-1.0,-1.0
2025/12/02,1253.6666666666665,1253.6666666666665,1239.6666666666665,1250.3333333333333,563100,-1.0,-1.0,-1.0
2025/12/03,1246.6666666666665,1249.0,1233.6666666666665,1233.6666666666665,403800,-1.0,-1.0,-1.0
2025/12/04,1233.6666666666665,1245.6666666666665,1230.0,1238.3333333333333,335700,-1.0,-1.0,-1.0
2025/12/05,1231.3333333333333,1241.6666666666665,1225.3333333333333,1229.6666666666665,353400,-1.0,-1.0,-1.0
2025/12/08,1237.0,1247.6666666666665,1232.6666666666665,1247.6666666666665,305400,-1.0,-1.0,-1.0
2025/12/09,1247.6666666666665,1253.3333333333333,1242.6666666666665,1253.3333333333333,369300,-1.0,-1.0,-1.0
2025/12/10,1263.6666666666665,1263.6666666666665,1243.0,1245.3333333333333,313500,-1.0,-1.0,-1.0
2025/12/11,1256.6666666666665,1256.6666666666665,1232.3333333333333,1236.3333333333333,243000,-1.0,-1.0,-1.0
2025/12/12,1249.0,1252.3333333333333,1244.0,1249.6666666666665,273600,-1.0,-1.0,-1.0
2025/12/15,1251.6666666666665,1263.0,1246.6666666666665,1256.0,391200,-1.0,-1.0,-1.0
2025/12/16,1250.3333333333333,1250.3333333333333,1233.6666666666665,1236.3333333333333,221100,-1.0,-1.0,-1.0
2025/12/17,1235.0,1239.0,1224.6666666666665,1231.6666666666665,381900,-1.0,-1.0,-1.0
2025/12/18,1240.0,1243.6666666666665,1228.6666666666665,1243.3333333333333,305700,-1.0,-1.0,-1.0
2025/12/19,1241.0,1253.3333333333333,1239.0,1249.3333333333333,407400,-1.0,-1.0,-1.0
2025/12/22,1256.6666666666665,1272.0,1256.3333333333333,1269.6666666666665,588900,-1.0,-1.0,-1.0
2025/12/23,1276.3333333333333,1285.6666666666665,1266.0,1282.0,542400,-1.0,-1.0,-1.0
2025/12/24,1282.0,1291.3333333333333,1276.3333333333333,1278.3333333333333,284400,-1.0,-1.0,-1.0
2025/12/25,1290.0,1290.0,1277.0,1281.6666666666665,194100,-1.0,-1.0,-1.0
2025/12/26,1273.6666666666665,1284.3333333333333,1273.3333333333333,1279.0,275400,-1.0,-1.0,-1.0
2025/12/29,1284.3333333333333,1288.3333333333333,1277.6666666666665,1288.3333333333333,238800,-1.0,-1.0,-1.0
2025/12/30,1289.0,1290.0,1266.6666666666665,1266.6666666666665,391500,-1.0,-1.0,-1.0
2026/01/05,1266.6666666666665,1287.3333333333333,1259.0,1278.3333333333333,428400,-1.0,-1.0,-1.0
2026/01/06,1278.3333333333333,1295.0,1278.3333333333333,1290.6666666666665,375900,-1.0,-1.0,-1.0
2026/01/07,1285.0,1301.0,1278.6666666666665,1296.3333333333333,428700,-1.0,-1.0,-1.0
2026/01/08,1292.3333333333333,1300.0,1272.6666666666665,1276.6666666666665,400200,-1.0,-1.0,-1.0
2026/01/09,1294.6666666666665,1298.3333333333333,1286.3333333333333,1295.6666666666665,369300,-1.0,-1.0,-1.0
2026/01/13,1317.3333333333333,1324.3333333333333,1298.0,1323.0,468300,-1.0,-1.0,-1.0
2026/01/14,1320.3333333333333,1341.0,1314.0,1324.0,612300,-1.0,-1.0,-1.0
2026/01/15,1323.6666666666665,1351.3333333333333,1317.6666666666665,1343.0,504900,-1.0,-1.0,-1.0
2026/01/16,1341.3333333333333,1369.3333333333333,1339.6666666666665,1369.0,585300,-1.0,-1.0,-1.0
2026/01/19,1352.6666666666665,1368.3333333333333,1343.3333333333333,1363.6666666666665,414300,-1.0,-1.0,-1.0
2026/01/20,1352.3333333333333,1365.6666666666665,1347.6666666666665,1357.3333333333333,253500,-1.0,-1.0,-1.0
2026/01/21,1334.3333333333333,1356.3333333333333,1331.3333333333333,1342.3333333333333,300900,-1.0,-1.0,-1.0
2026/01/22,1365.6666666666665,1383.3333333333333,1336.0,1383.3333333333333,532200,-1.0,-1.0,-1.0
2026/01/23,1386.6666666666665,1410.0,1385.0,1394.6666666666665,625200,-1.0,-1.0,-1.0
2026/01/26,1376.6666666666665,1398.0,1367.6666666666665,1375.3333333333333,615600,-1.0,-1.0,-1.0
2026/01/27,1372.6666666666665,1387.6666666666665,1364.0,1378.0,405000,-1.0,-1.0,-1.0
2026/01/28,1372.0,1373.6666666666665,1349.6666666666665,1363.3333333333333,405300,-1.0,-1.0,-1.0
2026/01/29,1362.3333333333333,1379.3333333333333,1351.6666666666665,1379.3333333333333,727500,-1.0,-1.0,-1.0
2026/01/30,1391.3333333333333,1398.3333333333333,1376.0,1389.6666666666665,433500,-1.0,-1.0,-1.0
2026/02/02,1396.3333333333333,1422.3333333333333,1392.0,1395.6666666666665,643200,-1.0,-1.0,-1.0
2026/02/03,1395.6666666666665,1421.6666666666665,1386.3333333333333,1421.6666666666665,384900,-1.0,-1.0,-1.0
2026/02/04,1423.3333333333333,1450.6666666666665,1413.6666666666665,1443.0,441300,-1.0,-1.0,-1.0
2026/02/05,1466.3333333333333,1468.3333333333333,1440.6666666666665,1447.3333333333333,444600,-1.0,-1.0,-1.0
2026/02/06,1447.6666666666665,1456.0,1433.3333333333333,1448.0,277800,-1.0,-1.0,-1.0
2026/02/09,1490.0,1490.0,1464.3333333333333,1474.6666666666665,489900,-1.0,-1.0,-1.0
2026/02/10,1473.3333333333333,1500.6666666666665,1380.3333333333333,1404.6666666666665,1548600,-1.0,-1.0,-1.0
2026/02/12,1407.0,1479.3333333333333,1400.0,1455.6666666666665,1310400,-1.0,-1.0,-1.0
2026/02/13,1446.3333333333333,1460.0,1403.6666666666665,1417.0,814500,-1.0,-1.0,-1.0
2026/02/16,1416.0,1437.0,1406.6666666666665,1433.3333333333333,533700,-1.0,-1.0,-1.0
2026/02/17,1433.3333333333333,1445.3333333333333,1421.0,1426.0,289200,-1.0,-1.0,-1.0
2026/02/18,1441.6666666666665,1454.0,1435.0,1444.0,518100,-1.0,-1.0,-1.0
2026/02/19,1444.0,1455.0,1416.6666666666665,1431.6666666666665,699600,-1.0,-1.0,-1.0
2026/02/20,1439.6666666666665,1478.3333333333333,1422.6666666666665,1469.6666666666665,1038000,-1.0,-1.0,-1.0
2026/02/24,1505.0,1542.3333333333333,1483.6666666666665,1533.3333333333333,1244100,-1.0,-1.0,-1.0
2026/02/25,1533.3333333333333,1533.3333333333333,1495.6666666666665,1516.0,642300,-1.0,-1.0,-1.0
2026/02/26,1528.0,1539.3333333333333,1511.6666666666665,1521.3333333333333,489900,-1.0,-1.0,-1.0
2026/02/27,1529.6666666666665,1547.3333333333333,1522.6666666666665,1547.3333333333333,536400,-1.0,-1.0,-1.0
2026/03/02,1514.0,1546.6666666666665,1501.3333333333333,1546.0,549000,-1.0,-1.0,-1.0
2026/03/02,1514.0,1546.6666666666665,1501.3333333333333,1546.0,549000,-1.0,-1.0,-1.0
2026/03/02,1514.0,1546.6666666666665,1501.3333333333333,1546.0,549000,-1.0,-1.0,-1.0
2026/03/02,1514.0,1546.6666666666665,1501.3333333333333,1546.0,549000,-1.0,-1.0,-1.0
2026/03/03,1535.0,1565.0,1501.0,1504.6666666666665,637800,-1.0,-1.0,-1.0
2026/03/04,1450.3333333333333,1474.6666666666665,1393.3333333333333,1405.6666666666665,825600,-1.0,-1.0,-1.0
2026/03/05,1451.6666666666665,1463.3333333333333,1404.3333333333333,1407.6666666666665,779400,-1.0,-1.0,-1.0
2026/03/06,1407.6666666666665,1435.3333333333333,1396.6666666666665,1421.6666666666665,548700,-1.0,-1.0,-1.0
2026/03/09,1335.0,1355.0,1304.3333333333333,1332.0,644700,-1.0,-1.0,-1.0
2026/03/10,1359.3333333333333,1383.6666666666665,1341.0,1347.3333333333333,509700,-1.0,-1.0,-1.0
2026/03/11,1370.6666666666665,1394.3333333333333,1361.3333333333333,1363.6666666666665,367200,-1.0,-1.0,-1.0
2026/03/12,1353.3333333333333,1355.6666666666665,1335.6666666666665,1344.3333333333333,386400,-1.0,-1.0,-1.0
2026/03/13,1321.0,1340.6666666666665,1319.0,1325.6666666666665,433200,-1.0,-1.0,-1.0
2026/03/16,1326.0,1335.0,1307.0,1314.3333333333333,306900,-1.0,-1.0,-1.0
2026/03/17,1328.0,1336.3333333333333,1317.0,1321.0,264000,-1.0,-1.0,-1.0
2026/03/18,1326.3333333333333,1355.0,1326.3333333333333,1355.0,336000,-1.0,-1.0,-1.0
2026/03/19,1305.3333333333333,1313.3333333333333,1266.0,1267.3333333333333,1265100,-1.0,-1.0,-1.0
2026/03/23,1237.3333333333333,1258.3333333333333,1222.3333333333333,1233.0,731100,-1.0,-1.0,-1.0
2026/03/24,1265.6666666666665,1274.0,1256.6666666666665,1273.0,510300,-1.0,-1.0,-1.0
2026/03/25,1314.6666666666665,1314.6666666666665,1293.3333333333333,1303.6666666666665,797100,-1.0,-1.0,-1.0
2026/03/26,1306.3333333333333,1323.3333333333333,1301.0,1319.0,1013700,-1.0,-1.0,-1.0
2026/03/27,1307.0,1318.3333333333333,1294.0,1311.6666666666665,602400,-1.0,-1.0,-1.0
2026/03/30,1236.0,1267.6666666666665,1228.0,1266.0,531000,-1.0,-1.0,-1.0
2026/03/31,1260.0,1280.6666666666665,1242.0,1267.6666666666665,467100,-1.0,-1.0,-1.0
2026/04/01,1291.0,1301.0,1279.3333333333333,1301.0,372300,-1.0,-1.0,-1.0
2026/04/02,1302.3333333333333,1308.0,1262.6666666666665,1262.6666666666665,738900,-1.0,-1.0,-1.0
2026/04/03,1262.6666666666665,1273.3333333333333,1254.6666666666665,1254.6666666666665,475800,-1.0,-1.0,-1.0
2026/04/06,1254.6666666666665,1257.6666666666665,1240.6666666666665,1240.6666666666665,674700,-1.0,-1.0,-1.0
2026/04/07,1245.0,1260.3333333333333,1244.6666666666665,1256.6666666666665,449400,-1.0,-1.0,-1.0
2026/04/08,1289.3333333333333,1372.3333333333333,1287.0,1370.0,1497300,-1.0,-1.0,-1.0
2026/04/09,1357.0,1373.0,1344.0,1348.6666666666665,542100,-1.0,-1.0,-1.0
2026/04/10,1366.6666666666665,1407.6666666666665,1364.0,1382.3333333333333,945000,-1.0,-1.0,-1.0
2026/04/13,1367.6666666666665,1431.0,1366.6666666666665,1398.6666666666665,1020000,-1.0,-1.0,-1.0
2026/04/14,1411.6666666666665,1449.0,1403.6666666666665,1413.0,928500,-1.0,-1.0,-1.0
2026/04/15,1431.6666666666665,1481.6666666666665,1414.3333333333333,1414.3333333333333,1123800,-1.0,-1.0,-1.0
2026/04/16,1419.6666666666665,1431.0,1376.3333333333333,1379.3333333333333,678300,-1.0,-1.0,-1.0
2026/04/17,1377.3333333333333,1379.3333333333333,1342.3333333333333,1352.3333333333333,652500,-1.0,-1.0,-1.0
2026/04/20,1379.6666666666665,1379.6666666666665,1357.6666666666665,1361.3333333333333,399000,-1.0,-1.0,-1.0
2026/04/21,1370.0,1379.6666666666665,1358.0,1358.0,360600,-1.0,-1.0,-1.0
2026/04/22,1354.0,1355.0,1314.0,1314.0,329700,-1.0,-1.0,-1.0
2026/04/23,1308.6666666666665,1313.0,1278.6666666666665,1289.3333333333333,576300,-1.0,-1.0,-1.0
2026/04/24,1300.6666666666665,1311.3333333333333,1293.0,1311.3333333333333,504000,-1.0,-1.0,-1.0
2026/04/27,1309.0,1316.3333333333333,1297.6666666666665,1308.0,604200,-1.0,-1.0,-1.0
2026/04/28,1311.3333333333333,1319.0,1299.6666666666665,1301.6666666666665,448800,-1.0,-1.0,-1.0
2026/04/30,1297.6666666666665,1315.0,1284.0,1299.6666666666665,459600,-1.0,-1.0,-1.0
2026/05/01,1298.3333333333333,1312.3333333333333,1280.0,1303.3333333333333,447300,-1.0,-1.0,-1.0
2026/05/07,1326.6666666666665,1355.3333333333333,1325.6666666666665,1353.0,775800,-1.0,-1.0,-1.0
2026/05/08,1338.6666666666665,1354.6666666666665,1320.6666666666665,1327.3333333333333,537300,-1.0,-1.0,-1.0
2026/05/11,1323.3333333333333,1347.6666666666665,1312.6666666666665,1339.3333333333333,561000,-1.0,-1.0,-1.0
2026/05/12,1348.6666666666665,1387.0,1333.6666666666665,1377.0,1024500,-1.0,-1.0,-1.0
2026/05/13,1392.6666666666665,1566.3333333333333,1360.0,1537.6666666666665,2510100,-1.0,-1.0,-1.0
2026/05/14,1549.3333333333333,1731.6666666666665,1528.0,1726.6666666666665,3228600,-1.0,-1.0,-1.0
2026/05/15,1693.3333333333333,1775.6666666666665,1620.0,1632.6666666666665,1437600,-1.0,-1.0,-1.0
2026/05/18,1625.0,1625.0,1565.3333333333333,1574.0,994800,-1.0,-1.0,-1.0
2026/05/19,1586.6666666666665,1602.6666666666665,1533.3333333333333,1601.3333333333333,728700,-1.0,-1.0,-1.0
2026/05/20,1601.0,1622.0,1552.3333333333333,1584.0,725100,-1.0,-1.0,-1.0
2026/05/21,1607.3333333333333,1626.0,1597.6666666666665,1612.0,469800,-1.0,-1.0,-1.0
2026/05/22,1621.6666666666665,1660.3333333333333,1612.6666666666665,1637.0,630600,-1.0,-1.0,-1.0
2026/05/25,1673.3333333333333,1754.3333333333333,1667.6666666666665,1740.3333333333333,1022700,-1.0,-1.0,-1.0
2026/05/26,1751.6666666666665,1776.6666666666665,1735.3333333333333,1749.6666666666665,799800,-1.0,-1.0,-1.0
2026/05/27,1736.6666666666665,1796.3333333333333,1733.3333333333333,1784.3333333333333,867900,-1.0,-1.0,-1.0
2026/05/28,1770.0,1790.3333333333333,1733.6666666666665,1748.6666666666665,1009500,-1.0,-1.0,-1.0
2026/05/29,1763.0,1833.0,1736.6666666666665,1813.0,1266600,-1.0,-1.0,-1.0
2026/06/01,1831.6666666666665,1832.6666666666665,1773.6666666666665,1800.0,823800,-1.0,-1.0,-1.0
2026/06/02,1768.0,1781.0,1685.3333333333333,1721.3333333333333,1241100,-1.0,-1.0,-1.0
2026/06/03,1754.0,1889.6666666666665,1746.6666666666665,1835.3333333333333,1339200,-1.0,-1.0,-1.0
2026/06/04,1853.3333333333333,1944.0,1831.3333333333333,1850.0,1295700,-1.0,-1.0,-1.0
2026/06/05,1850.0,1857.6666666666665,1782.3333333333333,1809.6666666666665,1448400,-1.0,-1.0,-1.0
2026/06/08,1619.6666666666665,1703.6666666666665,1592.3333333333333,1667.6666666666665,1536600,-1.0,-1.0,-1.0
2026/06/09,1726.6666666666665,1776.6666666666665,1699.6666666666665,1753.3333333333333,1022700,-1.0,-1.0,-1.0
2026/06/10,1755.0,1793.3333333333333,1740.3333333333333,1755.3333333333333,1109700,-1.0,-1.0,-1.0
2026/06/11,1739.3333333333333,1739.3333333333333,1669.6666666666665,1729.0,821100,-1.0,-1.0,-1.0
2026/06/12,1810.3333333333333,1939.6666666666665,1806.0,1873.6666666666665,1896000,-1.0,-1.0,-1.0
2026/06/15,1925.6666666666665,1961.0,1902.3333333333333,1934.6666666666665,1572300,-1.0,-1.0,-1.0
2026/06/16,1933.3333333333333,1943.3333333333333,1909.6666666666665,1909.6666666666665,557100,-1.0,-1.0,-1.0
2026/06/17,2017.0,2068.333333333333,1971.6666666666665,2048.0,1482300,-1.0,-1.0,-1.0
2026/06/18,2053.0,2172.333333333333,2016.6666666666665,2016.6666666666665,1491300,-1.0,-1.0,-1.0
2026/06/19,2050.0,2083.333333333333,2014.0,2014.6666666666665,1314900,-1.0,-1.0,-1.0
2026/06/22,2010.0,2048.0,2008.6666666666665,2016.6666666666665,695100,-1.0,-1.0,-1.0
2026/06/23,2026.3333333333333,2054.6666666666665,1998.3333333333333,1998.3333333333333,1088100,-1.0,-1.0,-1.0
2026/06/24,1967.0,2007.6666666666665,1960.3333333333333,1992.3333333333333,808200,-1.0,-1.0,-1.0
2026/06/25,2082.6666666666665,2144.6666666666665,2034.3333333333333,2124.0,1162200,-1.0,-1.0,-1.0
2026/06/26,2123.0,2127.6666666666665,2025.3333333333333,2070.6666666666665,695100,-1.0,-1.0,-1.0
2026/06/29,2085.0,2085.333333333333,2011.0,2059.333333333333,927300,-1.0,-1.0,-1.0
2026/06/30,2055.0,2066.6666666666665,2023.6666666666665,2023.6666666666665,716700,-1.0,-1.0,-1.0
2026/07/01,2057.0,2088.6666666666665,2019.0,2030.3333333333333,853500,-1.0,-1.0,-1.0
2026/07/02,2003.0,2011.0,1940.3333333333333,1958.3333333333333,765300,-1.0,-1.0,-1.0
2026/07/03,1933.3333333333333,1996.0,1930.0,1981.3333333333333,937200,-1.0,-1.0,-1.0
2026/07/06,1980.0,1999.6666666666665,1945.6666666666665,1959.3333333333333,993900,-1.0,-1.0,-1.0
2026/07/07,1959.6666666666665,1972.0,1897.3333333333333,1908.0,631800,-1.0,-1.0,-1.0
2026/07/08,1874.6666666666665,1902.3333333333333,1847.0,1847.0,602400,-1.0,-1.0,-1.0
2026/07/09,1859.3333333333333,1868.6666666666665,1792.6666666666665,1808.0,643800,-1.0,-1.0,-1.0
2026/07/10,1818.3333333333333,1849.3333333333333,1793.0,1801.6666666666665,717600,-1.0,-1.0,-1.0
2026/07/13,1828.6666666666665,1834.3333333333333,1783.6666666666665,1793.6666666666665,724800,-1.0,-1.0,-1.0
2026/07/14,1803.3333333333333,1843.0,1770.0,1842.6666666666665,661500,-1.0,-1.0,-1.0
2026/07/15,1854.6666666666665,1900.0,1834.6666666666665,1890.3333333333333,631500,-1.0,-1.0,-1.0
2026/07/16,1864.0,1911.0,1847.0,1884.3333333333333,750300,-1.0,-1.0,-1.0
2026/07/17,1851.0,1851.0,1755.0,1787.6666666666665,919500,-1.0,-1.0,-1.0
2026/07/21,1821.0,1909.3333333333333,1801.0,1909.3333333333333,1036500,-1.0,-1.0,-1.0
2026/07/22,1922.0,1954.6666666666665,1900.0,1905.0,729600,-1.0,-1.0,-1.0
2026/07/23,1906.6666666666665,1923.6666666666665,1895.0,1916.6666666666665,511500,-1.0,-1.0,-1.0
2026/07/24,1894.0,1902.0,1854.6666666666665,1897.3333333333333,692400,-1.0,-1.0,-1.0
2026/07/27,1909.3333333333333,1909.3333333333333,1861.0,1901.3333333333333,670500,-1.0,-1.0,-1.0
2026/07/28,1888.6666666666665,1905.0,1834.0,1856.0,656700,-1.0,-1.0,-1.0
2026/07/29,1877.0,1897.0,1781.0,1811.6666666666665,1050300,-1.0,-1.0,-1.0
2026/07/30,1790.0,1853.6666666666665,1773.6666666666665,1807.0,902100,-1.0,-1.0,-1.0
2026/07/31,1833.6666666666665,1890.0,1788.6666666666665,1818.3333333333333,972300,-1.0,-1.0,-1.0
2026/08/03,1797.3333333333333,1834.0,1767.3333333333333,1800.6666666666665,997800,-1.0,-1.0,-1.0
2026/08/04,1792.6666666666665,1965.3333333333333,1717.6666666666665,1832.6666666666665,5623800,-1.0,-1.0,-1.0
2026/08/05,1966.0,2023.0,1905.0,1922.6666666666665,2238900,-1.0,-1.0,-1.0
2026/08/06,1946.6666666666665,2028.0,1946.6666666666665,2008.6666666666665,1456500,-1.0,-1.0,-1.0
2026/08/07,1988.6666666666665,2023.3333333333333,1907.0,1939.0,1178700,-1.0,-1.0,-1.0
2026/08/10,1939.6666666666665,1946.3333333333333,1903.0,1923.3333333333333,679200,-1.0,-1.0,-1.0
2026/08/12,1946.6666666666665,1946.6666666666665,1890.3333333333333,1902.3333333333333,423300,-1.0,-1.0,-1.0
2026/08/13,1900.0,1920.3333333333333,1880.0,1903.0,654900,-1.0,-1.0,-1.0
2026/08/14,1911.3333333333333,1988.3333333333333,1890.0,1970.6666666666665,977400,-1.0,-1.0,-1.0
2026/08/17,1973.0,2001.3333333333333,1941.6666666666665,1948.3333333333333,529200,-1.0,-1.0,-1.0
2026/08/18,1957.6666666666665,1999.3333333333333,1941.0,1953.3333333333333,492000,-1.0,-1.0,-1.0
2026/08/19,1920.0,1942.6666666666665,1837.3333333333333,1844.0,702600,-1.0,-1.0,-1.0
2026/08/20,1864.0,1872.6666666666665,1793.3333333333333,1863.6666666666665,859200,-1.0,-1.0,-1.0
2026/08/21,1830.3333333333333,1855.0,1825.6666666666665,1843.6666666666665,520200,-1.0,-1.0,-1.0
2026/08/24,1856.0,1907.6666666666665,1856.0,1878.6666666666665,639900,-1.0,-1.0,-1.0
2026/08/25,1900.0,1906.3333333333333,1858.6666666666665,1873.6666666666665,372300,-1.0,-1.0,-1.0
2026/08/26,1884.0,1897.0,1867.6666666666665,1891.3333333333333,340800,-1.0,-1.0,-1.0
2026/08/27,1916.0,1932.3333333333333,1892.0,1923.0,432900,-1.0,-1.0,-1.0
2026/08/28,1906.3333333333333,1928.6666666666665,1871.0,1875.6666666666665,497400,-1.0,-1.0,-1.0
2026/08/31,1867.0,1909.3333333333333,1861.6666666666665,1902.3333333333333,558300,-1.0,-1.0,-1.0
2026/09/01,1870.3333333333333,1912.6666666666665,1870.3333333333333,1912.6666666666665,396300,-1.0,-1.0,-1.0
2026/09/02,1879.6666666666665,1891.6666666666665,1806.0,1810.6666666666665,677100,-1.0,-1.0,-1.0
2026/09/03,1831.3333333333333,1834.3333333333333,1795.3333333333333,1802.6666666666665,472200,-1.0,-1.0,-1.0
2026/09/04,1805.0,1812.3333333333333,1763.3333333333333,1792.0,566400,-1.0,-1.0,-1.0
2026/09/07,1825.3333333333333,1857.3333333333333,1825.3333333333333,1848.3333333333333,505200,-1.0,-1.0,-1.0
2026/09/08,1815.0,1867.0,1798.3333333333333,1832.3333333333333,543600,-1.0,-1.0,-1.0
2026/09/09,1840.6666666666665,1878.6666666666665,1824.3333333333333,1878.3333333333333,741600,-1.0,-1.0,-1.0
2026/09/10,1879.0,1884.0,1824.3333333333333,1850.6666666666665,627000,-1.0,-1.0,-1.0
2026/09/11,1809.3333333333333,1879.6666666666665,1801.0,1863.3333333333333,598800,-1.0,-1.0,-1.0
2026/09/14,1858.6666666666665,1879.6666666666665,1835.6666666666665,1864.0,447300,-1.0,-1.0,-1.0
2026/09/15,1870.3333333333333,1903.3333333333333,1851.3333333333333,1878.0,457800,-1.0,-1.0,-1.0
2026/09/16,1866.6666666666665,1916.3333333333333,1866.6666666666665,1905.3333333333333,496200,-1.0,-1.0,-1.0
2026/09/17,1929.0,1930.6666666666665,1898.6666666666665,1923.6666666666665,417000,-1.0,-1.0,-1.0
2026/09/18,1933.3333333333333,1943.6666666666665,1913.3333333333333,1921.0,508800,-1.0,-1.0,-1.0
2026/09/24,1946.3333333333333,1948.3333333333333,1911.3333333333333,1919.6666666666665,472200,-1.0,-1.0,-1.0
2026/09/25,1910.0,1924.0,1890.0,1915.0,614700,-1.0,-1.0,-1.0
2026/09/28,5750.0,5779.0,5661.0,5661.0,149400,-1.0,-1.0,-1.0
2026/09/29,1867.0,1897.0,1786.0,1824.0,564400,-1.0,-1.0,-1.0
2026/09/30,1842.5,1876.0,1823.5,1869.5,666200,-1.0,-1.0,-1.0
2026/10/01,1844.5,1887.5,1820.5,1877.5,520500,-1.0,-1.0,-1.0
2026/10/02,1857.0,1887.5,1851.0,1866.0,610400,-1.0,-1.0,-1.0
