date,open,high,low,close,volume,rs_nikkei,rs_topix,rs
2014/03/25,118.0,119.5,116.74000000000001,117.24000000000001,400000,-1.0,-1.0,-1.0
2014/03/26,116.74000000000001,120.74000000000001,116.74000000000001,120.5,435000,-1.0,-1.0,-1.0
2014/03/27,119.24000000000001,119.24000000000001,116.5,118.74000000000001,465000,-1.0,-1.0,-1.0
2014/03/28,118.0,119.24000000000001,117.74000000000001,118.24000000000001,355000,-1.0,-1.0,-1.0
2014/03/31,118.24000000000001,120.0,118.24000000000001,120.0,385000,-1.0,-1.0,-1.0
2014/04/01,120.0,121.74000000000001,120.0,121.74000000000001,650000,-1.0,-1.0,-1.0
2014/04/02,123.0,123.74000000000001,121.74000000000001,122.74000000000001,970000,-1.0,-1.0,-1.0
2014/04/03,121.74000000000001,123.5,121.24000000000001,122.74000000000001,790000,-1.0,-1.0,-1.0
2014/04/04,122.5,122.5,120.0,120.5,435000,-1.0,-1.0,-1.0
2014/04/07,120.5,122.5,120.24000000000001,121.0,325000,-1.0,-1.0,-1.0
2014/04/08,120.5,122.24000000000001,120.0,121.74000000000001,750000,-1.0,-1.0,-1.0
2014/04/09,121.74000000000001,122.24000000000001,120.74000000000001,120.74000000000001,840000,-1.0,-1.0,-1.0
2014/04/10,120.74000000000001,122.24000000000001,120.74000000000001,121.0,505000,-1.0,-1.0,-1.0
2014/04/11,120.5,120.74000000000001,119.0,119.74000000000001,710000,-1.0,-1.0,-1.0
2014/04/14,118.74000000000001,121.0,118.74000000000001,120.24000000000001,330000,-1.0,-1.0,-1.0
2014/04/15,120.24000000000001,121.74000000000001,120.24000000000001,121.24000000000001,430000,-1.0,-1.0,-1.0
2014/04/16,121.24000000000001,122.24000000000001,121.24000000000001,122.0,600000,-1.0,-1.0,-1.0
2014/04/17,122.5,124.0,122.5,123.0,760000,-1.0,-1.0,-1.0
2014/04/18,122.24000000000001,122.74000000000001,121.24000000000001,121.24000000000001,350000,-1.0,-1.0,-1.0
2014/04/21,122.0,123.24000000000001,121.5,122.0,280000,-1.0,-1.0,-1.0
2014/04/22,121.5,124.24000000000001,121.5,123.5,845000,-1.0,-1.0,-1.0
2014/04/23,123.5,123.74000000000001,122.5,123.0,465000,-1.0,-1.0,-1.0
2014/04/24,122.74000000000001,123.74000000000001,122.24000000000001,123.74000000000001,315000,-1.0,-1.0,-1.0
2014/04/25,123.24000000000001,123.74000000000001,123.0,123.74000000000001,460000,-1.0,-1.0,-1.0
2014/04/28,122.5,123.0,121.0,122.0,1040000,-1.0,-1.0,-1.0
2014/04/30,123.0,123.0,121.0,121.5,550000,-1.0,-1.0,-1.0
2014/05/01,122.24000000000001,122.74000000000001,121.24000000000001,122.74000000000001,750000,-1.0,-1.0,-1.0
2014/05/02,122.5,123.74000000000001,122.5,123.5,435000,-1.0,-1.0,-1.0
2014/05/07,122.5,123.24000000000001,121.5,121.74000000000001,430000,-1.0,-1.0,-1.0
2014/05/08,123.0,123.0,121.74000000000001,121.74000000000001,720000,-1.0,-1.0,-1.0
2014/05/09,121.74000000000001,122.5,121.5,122.24000000000001,110000,-1.0,-1.0,-1.0
2014/05/12,121.74000000000001,122.74000000000001,121.0,122.5,260000,-1.0,-1.0,-1.0
2014/05/13,122.0,123.24000000000001,120.74000000000001,120.74000000000001,210000,-1.0,-1.0,-1.0
2014/05/14,121.24000000000001,122.24000000000001,121.0,121.24000000000001,355000,-1.0,-1.0,-1.0
2014/05/15,120.74000000000001,120.74000000000001,119.0,120.0,330000,-1.0,-1.0,-1.0
2014/05/16,118.5,119.24000000000001,117.0,117.0,480000,-1.0,-1.0,-1.0
2014/05/19,116.74000000000001,117.74000000000001,116.24000000000001,116.5,220000,-1.0,-1.0,-1.0
2014/05/20,117.5,117.5,116.0,116.24000000000001,110000,-1.0,-1.0,-1.0
2014/05/21,116.0,116.24000000000001,114.74000000000001,115.5,230000,-1.0,-1.0,-1.0
2014/05/22,115.5,116.24000000000001,115.0,115.74000000000001,295000,-1.0,-1.0,-1.0
2014/05/23,117.0,117.5,115.5,116.24000000000001,395000,-1.0,-1.0,-1.0
2014/05/26,118.0,118.74000000000001,115.74000000000001,118.5,245000,-1.0,-1.0,-1.0
2014/05/27,118.24000000000001,120.0,118.24000000000001,119.24000000000001,200000,-1.0,-1.0,-1.0
2014/05/28,118.0,120.24000000000001,117.74000000000001,119.5,275000,-1.0,-1.0,-1.0
2014/05/29,119.5,119.5,118.24000000000001,118.74000000000001,175000,-1.0,-1.0,-1.0
2014/05/30,120.0,122.0,119.5,121.24000000000001,515000,-1.0,-1.0,-1.0
2014/06/02,123.24000000000001,126.5,123.24000000000001,124.24000000000001,545000,-1.0,-1.0,-1.0
2014/06/03,125.74000000000001,125.74000000000001,124.24000000000001,125.74000000000001,685000,-1.0,-1.0,-1.0
2014/06/04,125.0,125.0,123.74000000000001,125.0,185000,-1.0,-1.0,-1.0
2014/06/05,124.0,125.0,123.5,124.74000000000001,295000,-1.0,-1.0,-1.0
2014/06/06,123.74000000000001,125.0,122.74000000000001,124.74000000000001,235000,-1.0,-1.0,-1.0
2014/06/09,125.24000000000001,125.24000000000001,123.74000000000001,124.74000000000001,275000,-1.0,-1.0,-1.0
2014/06/10,124.74000000000001,125.5,124.24000000000001,124.74000000000001,105000,-1.0,-1.0,-1.0
2014/06/11,124.74000000000001,130.74,124.5,127.24000000000001,2780000,-1.0,-1.0,-1.0
2014/06/12,124.74000000000001,128.24,124.74000000000001,128.24,1015000,-1.0,-1.0,-1.0
2014/06/13,128.24,128.74,126.5,127.24000000000001,790000,-1.0,-1.0,-1.0
2014/06/16,127.24000000000001,128.0,125.24000000000001,125.74000000000001,190000,-1.0,-1.0,-1.0
2014/06/17,127.0,127.5,126.0,127.0,240000,-1.0,-1.0,-1.0
2014/06/18,127.5,128.0,125.74000000000001,127.5,420000,-1.0,-1.0,-1.0
2014/06/19,127.5,129.24,127.5,129.24,555000,-1.0,-1.0,-1.0
2014/06/20,129.0,129.0,127.74000000000001,127.74000000000001,315000,-1.0,-1.0,-1.0
2014/06/23,127.0,127.0,126.0,126.0,285000,-1.0,-1.0,-1.0
2014/06/24,126.74000000000001,129.5,126.24000000000001,129.24,620000,-1.0,-1.0,-1.0
2014/06/25,126.74000000000001,128.74,126.74000000000001,127.5,325000,-1.0,-1.0,-1.0
2014/06/26,128.24,128.74,127.5,128.74,110000,-1.0,-1.0,-1.0
2014/06/27,129.0,129.0,126.74000000000001,128.0,210000,-1.0,-1.0,-1.0
2014/06/30,128.5,129.24,127.5,129.24,395000,-1.0,-1.0,-1.0
2014/07/01,128.5,130.24,128.5,130.0,505000,-1.0,-1.0,-1.0
2014/07/02,131.0,131.5,130.24,130.5,635000,-1.0,-1.0,-1.0
2014/07/03,130.5,131.74,130.5,131.24,520000,-1.0,-1.0,-1.0
2014/07/04,131.74,133.24,130.5,131.0,690000,-1.0,-1.0,-1.0
2014/07/07,130.5,131.5,130.24,131.5,205000,-1.0,-1.0,-1.0
2014/07/08,131.74,132.5,131.24,131.24,545000,-1.0,-1.0,-1.0
2014/07/09,131.24,131.74,130.5,131.74,235000,-1.0,-1.0,-1.0
2014/07/10,133.5,133.5,132.0,132.5,990000,-1.0,-1.0,-1.0
2014/07/11,132.5,132.5,128.5,128.74,290000,-1.0,-1.0,-1.0
2014/07/14,130.5,131.5,129.0,130.0,250000,-1.0,-1.0,-1.0
2014/07/15,129.24,130.24,129.24,129.24,235000,-1.0,-1.0,-1.0
2014/07/16,129.24,129.74,128.24,129.24,285000,-1.0,-1.0,-1.0
2014/07/17,127.74000000000001,129.74,127.74000000000001,129.74,290000,-1.0,-1.0,-1.0
2014/07/18,129.0,132.0,127.74000000000001,131.5,550000,-1.0,-1.0,-1.0
2014/07/22,130.5,130.5,129.24,130.5,290000,-1.0,-1.0,-1.0
2014/07/23,131.24,135.24,131.0,133.74,765000,-1.0,-1.0,-1.0
2014/07/24,132.74,134.74,132.74,133.24,340000,-1.0,-1.0,-1.0
2014/07/25,133.24,134.5,132.74,134.24,275000,-1.0,-1.0,-1.0
2014/07/28,134.74,135.0,130.24,132.5,1020000,-1.0,-1.0,-1.0
2014/07/29,132.74,133.74,132.5,133.5,200000,-1.0,-1.0,-1.0
2014/07/30,131.74,132.24,130.5,130.74,315000,-1.0,-1.0,-1.0
2014/07/31,132.5,132.5,128.24,128.5,565000,-1.0,-1.0,-1.0
2014/08/01,127.74000000000001,128.74,122.5,124.24000000000001,920000,-1.0,-1.0,-1.0
2014/08/04,124.5,125.24000000000001,121.74000000000001,122.24000000000001,785000,-1.0,-1.0,-1.0
2014/08/05,122.0,122.5,120.24000000000001,120.5,610000,-1.0,-1.0,-1.0
2014/08/06,120.74000000000001,123.24000000000001,120.0,123.24000000000001,715000,-1.0,-1.0,-1.0
2014/08/07,124.24000000000001,124.24000000000001,120.5,121.74000000000001,365000,-1.0,-1.0,-1.0
2014/08/08,121.74000000000001,122.0,120.5,120.74000000000001,290000,-1.0,-1.0,-1.0
2014/08/11,123.0,124.0,122.24000000000001,122.74000000000001,255000,-1.0,-1.0,-1.0
2014/08/12,123.5,123.5,122.24000000000001,123.24000000000001,200000,-1.0,-1.0,-1.0
2014/08/13,122.5,123.74000000000001,122.24000000000001,123.0,225000,-1.0,-1.0,-1.0
2014/08/14,124.24000000000001,124.5,123.5,124.0,240000,-1.0,-1.0,-1.0
2014/08/15,124.0,124.24000000000001,123.5,124.0,135000,-1.0,-1.0,-1.0
2014/08/18,124.0,124.24000000000001,122.74000000000001,122.74000000000001,95000,-1.0,-1.0,-1.0
2014/08/19,122.74000000000001,124.24000000000001,122.74000000000001,123.5,280000,-1.0,-1.0,-1.0
2014/08/20,123.5,124.24000000000001,123.5,123.74000000000001,180000,-1.0,-1.0,-1.0
2014/08/21,123.5,126.24000000000001,123.5,126.24000000000001,410000,-1.0,-1.0,-1.0
2014/08/22,126.24000000000001,126.24000000000001,123.74000000000001,124.0,235000,-1.0,-1.0,-1.0
2014/08/25,124.74000000000001,125.0,123.74000000000001,124.0,110000,-1.0,-1.0,-1.0
2014/08/26,124.74000000000001,125.0,124.0,124.0,110000,-1.0,-1.0,-1.0
2014/08/27,125.0,125.0,122.5,123.74000000000001,120000,-1.0,-1.0,-1.0
2014/08/28,123.5,123.5,122.74000000000001,123.5,120000,-1.0,-1.0,-1.0
2014/08/29,122.74000000000001,124.0,122.74000000000001,123.74000000000001,95000,-1.0,-1.0,-1.0
2014/09/01,124.0,124.5,123.74000000000001,124.24000000000001,100000,-1.0,-1.0,-1.0
2014/09/02,124.5,125.0,123.74000000000001,124.5,285000,-1.0,-1.0,-1.0
2014/09/03,123.74000000000001,125.5,123.74000000000001,124.74000000000001,225000,-1.0,-1.0,-1.0
2014/09/04,124.24000000000001,124.74000000000001,123.24000000000001,123.5,195000,-1.0,-1.0,-1.0
2014/09/05,124.0,125.5,123.0,124.24000000000001,195000,-1.0,-1.0,-1.0
2014/09/08,125.5,125.5,124.5,124.74000000000001,170000,-1.0,-1.0,-1.0
2014/09/09,124.74000000000001,125.74000000000001,123.5,123.5,240000,-1.0,-1.0,-1.0
2014/09/10,124.24000000000001,125.0,123.74000000000001,124.74000000000001,240000,-1.0,-1.0,-1.0
2014/09/11,125.5,127.24000000000001,125.5,126.24000000000001,350000,-1.0,-1.0,-1.0
2014/09/12,127.0,127.0,125.74000000000001,126.24000000000001,420000,-1.0,-1.0,-1.0
2014/09/16,126.24000000000001,126.24000000000001,125.0,125.0,100000,-1.0,-1.0,-1.0
2014/09/17,125.0,125.24000000000001,124.0,124.24000000000001,160000,-1.0,-1.0,-1.0
2014/09/18,125.5,125.5,124.0,124.24000000000001,215000,-1.0,-1.0,-1.0
2014/09/19,124.5,127.0,124.5,127.0,305000,-1.0,-1.0,-1.0
2014/09/22,126.74000000000001,126.74000000000001,125.0,125.74000000000001,175000,-1.0,-1.0,-1.0
2014/09/24,125.74000000000001,126.0,125.5,125.5,140000,-1.0,-1.0,-1.0
2014/09/25,125.5,127.0,125.5,126.24000000000001,315000,-1.0,-1.0,-1.0
2014/09/26,126.24000000000001,126.24000000000001,125.24000000000001,125.74000000000001,180000,-1.0,-1.0,-1.0
2014/09/29,127.0,127.0,125.74000000000001,127.0,185000,-1.0,-1.0,-1.0
2014/09/30,127.24000000000001,127.24000000000001,125.24000000000001,125.5,215000,-1.0,-1.0,-1.0
2014/10/01,126.74000000000001,126.74000000000001,125.24000000000001,126.5,320000,-1.0,-1.0,-1.0
2014/10/02,126.24000000000001,126.24000000000001,123.0,123.0,365000,-1.0,-1.0,-1.0
2014/10/03,122.74000000000001,124.5,122.5,123.24000000000001,185000,-1.0,-1.0,-1.0
2014/10/06,123.24000000000001,124.24000000000001,122.74000000000001,122.74000000000001,310000,-1.0,-1.0,-1.0
2014/10/07,123.74000000000001,124.0,122.5,122.74000000000001,270000,-1.0,-1.0,-1.0
2014/10/08,122.0,125.5,122.0,123.5,560000,-1.0,-1.0,-1.0
2014/10/09,123.5,124.0,122.0,123.0,805000,-1.0,-1.0,-1.0
2014/10/10,122.74000000000001,122.74000000000001,120.5,121.0,295000,-1.0,-1.0,-1.0
2014/10/14,119.5,119.74000000000001,118.5,118.5,315000,-1.0,-1.0,-1.0
2014/10/15,118.5,119.74000000000001,117.5,119.5,370000,-1.0,-1.0,-1.0
2014/10/16,117.74000000000001,118.74000000000001,115.24000000000001,117.24000000000001,715000,-1.0,-1.0,-1.0
2014/10/17,117.24000000000001,117.5,115.0,116.0,510000,-1.0,-1.0,-1.0
2014/10/20,117.74000000000001,118.74000000000001,117.24000000000001,118.74000000000001,200000,-1.0,-1.0,-1.0
2014/10/21,119.0,119.74000000000001,117.74000000000001,119.5,310000,-1.0,-1.0,-1.0
2014/10/22,121.24000000000001,121.24000000000001,118.74000000000001,119.24000000000001,515000,-1.0,-1.0,-1.0
2014/10/23,119.24000000000001,120.5,118.24000000000001,119.5,245000,-1.0,-1.0,-1.0
2014/10/24,119.74000000000001,120.74000000000001,119.0,119.5,545000,-1.0,-1.0,-1.0
2014/10/27,123.5,123.5,121.24000000000001,122.24000000000001,245000,-1.0,-1.0,-1.0
2014/10/28,121.5,121.5,117.5,119.0,475000,-1.0,-1.0,-1.0
2014/10/29,119.0,120.5,118.74000000000001,119.74000000000001,320000,-1.0,-1.0,-1.0
2014/10/30,119.74000000000001,120.5,116.74000000000001,116.74000000000001,1735000,-1.0,-1.0,-1.0
2014/10/31,118.24000000000001,120.0,117.5,119.74000000000001,650000,-1.0,-1.0,-1.0
2014/11/04,123.24000000000001,123.24000000000001,118.74000000000001,118.74000000000001,875000,-1.0,-1.0,-1.0
2014/11/05,120.5,121.0,118.74000000000001,120.5,510000,-1.0,-1.0,-1.0
2014/11/06,120.5,123.74000000000001,120.5,121.74000000000001,750000,-1.0,-1.0,-1.0
2014/11/07,122.24000000000001,122.74000000000001,120.74000000000001,122.0,665000,-1.0,-1.0,-1.0
2014/11/10,120.5,120.74000000000001,119.74000000000001,120.0,1035000,-1.0,-1.0,-1.0
2014/11/11,120.0,123.74000000000001,120.0,122.24000000000001,625000,-1.0,-1.0,-1.0
2014/11/12,122.0,122.5,119.24000000000001,119.5,1045000,-1.0,-1.0,-1.0
2014/11/13,119.74000000000001,119.74000000000001,119.0,119.74000000000001,325000,-1.0,-1.0,-1.0
2014/11/14,120.24000000000001,120.5,119.74000000000001,120.24000000000001,365000,-1.0,-1.0,-1.0
2014/11/17,121.24000000000001,121.5,120.0,120.0,315000,-1.0,-1.0,-1.0
2014/11/18,120.0,121.5,119.24000000000001,121.24000000000001,355000,-1.0,-1.0,-1.0
2014/11/19,121.24000000000001,122.5,119.5,119.5,375000,-1.0,-1.0,-1.0
2014/11/20,119.5,120.24000000000001,119.24000000000001,119.74000000000001,940000,-1.0,-1.0,-1.0
2014/11/21,120.74000000000001,120.74000000000001,119.5,119.5,1550000,-1.0,-1.0,-1.0
2014/11/25,121.24000000000001,121.24000000000001,119.74000000000001,120.24000000000001,1030000,-1.0,-1.0,-1.0
2014/11/26,119.74000000000001,120.24000000000001,119.74000000000001,119.74000000000001,350000,-1.0,-1.0,-1.0
2014/11/27,120.24000000000001,120.24000000000001,119.74000000000001,119.74000000000001,325000,-1.0,-1.0,-1.0
2014/11/28,120.0,120.24000000000001,119.5,120.0,565000,-1.0,-1.0,-1.0
2014/12/01,119.74000000000001,120.24000000000001,119.5,119.74000000000001,550000,-1.0,-1.0,-1.0
2014/12/02,119.74000000000001,121.0,119.74000000000001,120.24000000000001,450000,-1.0,-1.0,-1.0
2014/12/03,121.0,121.0,120.0,121.0,710000,-1.0,-1.0,-1.0
2014/12/04,121.5,122.24000000000001,121.24000000000001,121.24000000000001,650000,-1.0,-1.0,-1.0
2014/12/05,120.74000000000001,121.5,120.74000000000001,120.74000000000001,645000,-1.0,-1.0,-1.0
2014/12/08,120.74000000000001,121.5,119.5,119.74000000000001,1150000,-1.0,-1.0,-1.0
2014/12/09,119.24000000000001,120.24000000000001,119.24000000000001,119.5,375000,-1.0,-1.0,-1.0
2014/12/10,119.5,119.5,119.0,119.0,355000,-1.0,-1.0,-1.0
2014/12/11,119.0,119.5,117.74000000000001,119.0,360000,-1.0,-1.0,-1.0
2014/12/12,119.74000000000001,119.74000000000001,119.0,119.0,465000,-1.0,-1.0,-1.0
2014/12/15,118.0,119.5,117.74000000000001,118.0,435000,-1.0,-1.0,-1.0
2014/12/16,117.5,117.5,115.74000000000001,115.74000000000001,470000,-1.0,-1.0,-1.0
2014/12/17,115.5,115.74000000000001,115.24000000000001,115.5,590000,-1.0,-1.0,-1.0
2014/12/18,117.5,117.5,113.74000000000001,116.24000000000001,4195000,-1.0,-1.0,-1.0
2014/12/19,117.24000000000001,117.5,116.5,117.0,955000,-1.0,-1.0,-1.0
2014/12/22,117.0,117.5,116.5,117.0,980000,-1.0,-1.0,-1.0
2014/12/24,117.5,118.0,116.74000000000001,117.5,1310000,-1.0,-1.0,-1.0
2014/12/25,117.5,118.0,116.74000000000001,117.5,605000,-1.0,-1.0,-1.0
2014/12/26,117.74000000000001,118.74000000000001,117.5,118.5,310000,-1.0,-1.0,-1.0
2014/12/29,119.74000000000001,120.74000000000001,119.74000000000001,120.5,670000,-1.0,-1.0,-1.0
2014/12/30,120.5,120.74000000000001,119.5,119.74000000000001,400000,-1.0,-1.0,-1.0
2015/01/05,119.74000000000001,121.0,119.24000000000001,119.5,920000,-1.0,-1.0,-1.0
2015/01/06,119.24000000000001,119.5,118.5,118.74000000000001,640000,-1.0,-1.0,-1.0
2015/01/07,118.24000000000001,118.74000000000001,117.74000000000001,118.0,360000,-1.0,-1.0,-1.0
2015/01/08,118.74000000000001,119.24000000000001,118.5,118.74000000000001,215000,-1.0,-1.0,-1.0
2015/01/09,118.74000000000001,119.5,118.24000000000001,119.5,515000,-1.0,-1.0,-1.0
2015/01/13,119.24000000000001,119.24000000000001,117.5,119.24000000000001,340000,-1.0,-1.0,-1.0
2015/01/14,119.0,119.74000000000001,116.74000000000001,117.0,320000,-1.0,-1.0,-1.0
2015/01/15,116.5,118.5,116.5,118.24000000000001,315000,-1.0,-1.0,-1.0
2015/01/16,117.5,117.74000000000001,115.74000000000001,116.0,280000,-1.0,-1.0,-1.0
2015/01/19,116.24000000000001,116.5,115.74000000000001,116.5,150000,-1.0,-1.0,-1.0
2015/01/20,116.5,117.74000000000001,116.5,117.74000000000001,245000,-1.0,-1.0,-1.0
2015/01/21,117.74000000000001,117.74000000000001,116.74000000000001,117.0,115000,-1.0,-1.0,-1.0
2015/01/22,117.0,117.0,116.24000000000001,116.24000000000001,170000,-1.0,-1.0,-1.0
2015/01/23,117.24000000000001,117.24000000000001,116.5,117.24000000000001,125000,-1.0,-1.0,-1.0
2015/01/26,116.5,117.5,116.5,117.24000000000001,180000,-1.0,-1.0,-1.0
2015/01/27,118.0,118.5,117.5,118.5,220000,-1.0,-1.0,-1.0
2015/01/28,118.5,119.24000000000001,117.5,119.24000000000001,295000,-1.0,-1.0,-1.0
2015/01/29,118.24000000000001,119.24000000000001,117.74000000000001,118.5,350000,-1.0,-1.0,-1.0
2015/01/30,118.5,119.0,118.5,119.0,195000,-1.0,-1.0,-1.0
2015/02/02,118.0,119.24000000000001,117.74000000000001,118.5,380000,-1.0,-1.0,-1.0
2015/02/03,119.24000000000001,120.0,118.0,118.0,455000,-1.0,-1.0,-1.0
2015/02/04,118.5,120.74000000000001,118.5,119.0,345000,-1.0,-1.0,-1.0
2015/02/05,119.0,119.74000000000001,117.24000000000001,118.0,345000,-1.0,-1.0,-1.0
2015/02/06,119.24000000000001,119.24000000000001,118.24000000000001,119.24000000000001,195000,-1.0,-1.0,-1.0
2015/02/09,119.5,120.5,119.24000000000001,120.24000000000001,195000,-1.0,-1.0,-1.0
2015/02/10,120.24000000000001,120.5,119.5,119.74000000000001,175000,-1.0,-1.0,-1.0
2015/02/12,120.5,120.5,119.5,119.5,350000,-1.0,-1.0,-1.0
2015/02/13,121.24000000000001,121.24000000000001,119.5,119.5,260000,-1.0,-1.0,-1.0
2015/02/16,119.74000000000001,121.24000000000001,119.5,121.0,490000,-1.0,-1.0,-1.0
2015/02/17,120.5,120.5,119.74000000000001,120.0,385000,-1.0,-1.0,-1.0
2015/02/18,120.74000000000001,121.24000000000001,119.5,119.74000000000001,445000,-1.0,-1.0,-1.0
2015/02/19,120.24000000000001,121.24000000000001,119.74000000000001,121.0,495000,-1.0,-1.0,-1.0
2015/02/20,121.24000000000001,121.24000000000001,120.0,120.74000000000001,430000,-1.0,-1.0,-1.0
2015/02/23,120.74000000000001,121.0,120.0,120.24000000000001,180000,-1.0,-1.0,-1.0
2015/02/24,120.24000000000001,121.5,120.0,120.5,490000,-1.0,-1.0,-1.0
2015/02/25,121.24000000000001,121.74000000000001,120.74000000000001,121.0,395000,-1.0,-1.0,-1.0
2015/02/26,121.74000000000001,124.5,120.74000000000001,124.24000000000001,830000,-1.0,-1.0,-1.0
2015/02/27,123.5,124.74000000000001,122.74000000000001,124.24000000000001,570000,-1.0,-1.0,-1.0
2015/03/02,124.74000000000001,125.0,123.5,124.0,390000,-1.0,-1.0,-1.0
2015/03/03,124.74000000000001,124.74000000000001,122.74000000000001,123.5,470000,-1.0,-1.0,-1.0
2015/03/04,123.0,123.0,121.24000000000001,122.24000000000001,265000,-1.0,-1.0,-1.0
2015/03/05,123.0,123.0,121.5,121.74000000000001,170000,-1.0,-1.0,-1.0
2015/03/06,122.24000000000001,122.74000000000001,121.74000000000001,122.24000000000001,210000,-1.0,-1.0,-1.0
2015/03/09,121.74000000000001,122.0,120.24000000000001,121.0,490000,-1.0,-1.0,-1.0
2015/03/10,121.24000000000001,121.5,120.24000000000001,120.24000000000001,465000,-1.0,-1.0,-1.0
2015/03/11,119.74000000000001,121.0,119.74000000000001,120.74000000000001,265000,-1.0,-1.0,-1.0
2015/03/12,122.0,122.24000000000001,121.0,122.24000000000001,385000,-1.0,-1.0,-1.0
2015/03/13,123.74000000000001,123.74000000000001,122.0,122.74000000000001,500000,-1.0,-1.0,-1.0
2015/03/16,123.0,123.24000000000001,122.5,123.24000000000001,165000,-1.0,-1.0,-1.0
2015/03/17,123.74000000000001,123.74000000000001,122.74000000000001,123.24000000000001,265000,-1.0,-1.0,-1.0
2015/03/18,123.74000000000001,124.24000000000001,122.5,124.24000000000001,290000,-1.0,-1.0,-1.0
2015/03/19,124.24000000000001,124.24000000000001,122.5,123.0,215000,-1.0,-1.0,-1.0
2015/03/20,123.74000000000001,123.74000000000001,122.0,123.0,250000,-1.0,-1.0,-1.0
2015/03/23,124.24000000000001,124.5,122.74000000000001,124.5,240000,-1.0,-1.0,-1.0
2015/03/24,124.5,125.0,124.0,125.0,255000,-1.0,-1.0,-1.0
2015/03/25,125.0,126.0,124.74000000000001,124.74000000000001,350000,-1.0,-1.0,-1.0
2015/03/26,125.24000000000001,130.74,122.74000000000001,130.24,1790000,-1.0,-1.0,-1.0
2015/03/27,132.74,137.5,132.24,135.5,3310000,-1.0,-1.0,-1.0
2015/03/30,135.5,136.74,132.74,135.74,1500000,-1.0,-1.0,-1.0
2015/03/31,135.24,135.5,133.74,134.5,1345000,-1.0,-1.0,-1.0
2015/04/01,133.0,134.74,128.74,131.24,1940000,-1.0,-1.0,-1.0
2015/04/02,132.5,135.24,130.5,133.5,660000,-1.0,-1.0,-1.0
2015/04/03,135.5,136.0,134.74,134.74,695000,-1.0,-1.0,-1.0
2015/04/06,134.74,134.74,133.0,133.74,270000,-1.0,-1.0,-1.0
2015/04/07,134.74,134.74,132.24,132.74,415000,-1.0,-1.0,-1.0
2015/04/08,131.5,134.5,131.5,134.24,525000,-1.0,-1.0,-1.0
2015/04/09,134.24,134.74,133.24,134.24,385000,-1.0,-1.0,-1.0
2015/04/10,133.24,133.74,131.74,133.0,540000,-1.0,-1.0,-1.0
2015/04/13,134.24,134.24,130.74,132.0,235000,-1.0,-1.0,-1.0
2015/04/14,133.24,134.24,132.0,133.0,495000,-1.0,-1.0,-1.0
2015/04/15,132.0,132.74,132.0,132.74,290000,-1.0,-1.0,-1.0
2015/04/16,132.5,132.74,129.74,132.0,420000,-1.0,-1.0,-1.0
2015/04/17,130.74,132.74,130.24,130.5,595000,-1.0,-1.0,-1.0
2015/04/20,128.74,129.74,128.74,129.24,240000,-1.0,-1.0,-1.0
2015/04/21,128.0,129.24,127.74000000000001,129.24,385000,-1.0,-1.0,-1.0
2015/04/22,129.5,131.5,129.5,131.5,405000,-1.0,-1.0,-1.0
2015/04/23,131.74,131.74,129.5,130.24,305000,-1.0,-1.0,-1.0
2015/04/24,130.24,130.24,129.24,129.5,310000,-1.0,-1.0,-1.0
2015/04/27,131.24,133.74,130.0,133.5,425000,-1.0,-1.0,-1.0
2015/04/28,133.0,133.74,132.24,133.74,630000,-1.0,-1.0,-1.0
2015/04/30,133.0,134.24,132.5,134.24,555000,-1.0,-1.0,-1.0
2015/05/01,134.24,135.74,133.5,135.74,690000,-1.0,-1.0,-1.0
2015/05/07,135.74,138.5,133.24,134.24,1240000,-1.0,-1.0,-1.0
2015/05/08,134.5,135.74,133.0,134.0,430000,-1.0,-1.0,-1.0
2015/05/11,135.74,135.74,134.5,135.74,275000,-1.0,-1.0,-1.0
2015/05/12,135.24,137.24,134.74,137.24,425000,-1.0,-1.0,-1.0
2015/05/13,136.5,139.74,135.5,139.74,1530000,-1.0,-1.0,-1.0
2015/05/14,140.24,140.74,139.5,139.74,455000,-1.0,-1.0,-1.0
2015/05/15,139.74,141.0,138.24,138.24,480000,-1.0,-1.0,-1.0
2015/05/18,136.74,137.5,135.5,137.24,430000,-1.0,-1.0,-1.0
2015/05/19,135.5,137.5,135.5,137.5,400000,-1.0,-1.0,-1.0
2015/05/20,136.0,136.74,135.5,136.0,450000,-1.0,-1.0,-1.0
2015/05/21,136.24,137.0,135.5,136.5,265000,-1.0,-1.0,-1.0
2015/05/22,137.5,141.74,136.74,141.5,1430000,-1.0,-1.0,-1.0
2015/05/25,142.5,147.0,142.5,146.5,1690000,-1.0,-1.0,-1.0
2015/05/26,146.74,149.24,144.24,145.5,1020000,-1.0,-1.0,-1.0
2015/05/27,144.74,144.74,142.24,143.0,440000,-1.0,-1.0,-1.0
2015/05/28,143.0,143.0,141.74,142.24,500000,-1.0,-1.0,-1.0
2015/05/29,142.24,142.5,140.24,142.24,870000,-1.0,-1.0,-1.0
2015/06/01,143.0,143.5,141.5,142.5,565000,-1.0,-1.0,-1.0
2015/06/02,142.5,143.0,141.5,143.0,380000,-1.0,-1.0,-1.0
2015/06/03,143.24,143.24,140.5,143.0,655000,-1.0,-1.0,-1.0
2015/06/04,142.0,143.74,141.74,142.0,435000,-1.0,-1.0,-1.0
2015/06/05,141.5,142.24,140.74,141.24,235000,-1.0,-1.0,-1.0
2015/06/08,141.5,141.5,140.0,141.0,310000,-1.0,-1.0,-1.0
2015/06/09,141.24,141.74,138.5,138.5,520000,-1.0,-1.0,-1.0
2015/06/10,138.24,138.74,136.5,137.5,415000,-1.0,-1.0,-1.0
2015/06/11,138.5,138.74,137.5,138.0,240000,-1.0,-1.0,-1.0
2015/06/12,138.74,139.24,137.74,139.24,595000,-1.0,-1.0,-1.0
2015/06/15,138.5,139.0,138.0,138.24,315000,-1.0,-1.0,-1.0
2015/06/16,138.24,138.5,136.74,136.74,305000,-1.0,-1.0,-1.0
2015/06/17,138.24,138.24,136.5,137.5,195000,-1.0,-1.0,-1.0
2015/06/18,137.24,137.74,135.5,135.5,370000,-1.0,-1.0,-1.0
2015/06/19,135.5,136.0,134.5,134.5,620000,-1.0,-1.0,-1.0
2015/06/22,134.5,135.24,134.24,134.5,335000,-1.0,-1.0,-1.0
2015/06/23,134.5,135.5,134.24,135.5,725000,-1.0,-1.0,-1.0
2015/06/24,135.5,135.5,134.74,135.0,475000,-1.0,-1.0,-1.0
2015/06/25,134.24,135.0,134.24,134.5,365000,-1.0,-1.0,-1.0
2015/06/26,134.24,134.5,133.0,133.5,430000,-1.0,-1.0,-1.0
2015/06/29,131.0,132.5,129.24,129.24,885000,-1.0,-1.0,-1.0
2015/06/30,129.24,130.5,128.74,130.0,520000,-1.0,-1.0,-1.0
2015/07/01,130.5,132.0,130.5,131.24,320000,-1.0,-1.0,-1.0
2015/07/02,133.24,133.24,131.0,131.24,405000,-1.0,-1.0,-1.0
2015/07/03,131.0,131.0,129.5,130.0,195000,-1.0,-1.0,-1.0
2015/07/06,129.74,129.74,125.24000000000001,127.0,860000,-1.0,-1.0,-1.0
2015/07/07,129.5,130.0,127.24000000000001,128.5,330000,-1.0,-1.0,-1.0
2015/07/08,127.74000000000001,128.5,126.5,126.74000000000001,465000,-1.0,-1.0,-1.0
2015/07/09,126.0,129.0,124.74000000000001,129.0,760000,-1.0,-1.0,-1.0
2015/07/10,127.5,130.24,126.74000000000001,127.0,415000,-1.0,-1.0,-1.0
2015/07/13,127.74000000000001,129.74,127.5,129.5,365000,-1.0,-1.0,-1.0
2015/07/14,132.24,132.24,130.24,131.24,360000,-1.0,-1.0,-1.0
2015/07/15,130.24,131.74,129.24,129.5,565000,-1.0,-1.0,-1.0
2015/07/16,130.74,130.74,128.5,129.0,275000,-1.0,-1.0,-1.0
2015/07/17,129.5,129.5,128.24,128.24,220000,-1.0,-1.0,-1.0
2015/07/21,128.5,129.0,127.5,129.0,260000,-1.0,-1.0,-1.0
2015/07/22,128.0,128.74,127.5,127.74000000000001,240000,-1.0,-1.0,-1.0
2015/07/23,128.74,129.24,127.24000000000001,128.74,395000,-1.0,-1.0,-1.0
2015/07/24,129.24,129.24,128.0,128.0,160000,-1.0,-1.0,-1.0
2015/07/27,127.24000000000001,128.0,126.74000000000001,126.74000000000001,270000,-1.0,-1.0,-1.0
2015/07/28,126.5,127.5,126.0,126.5,350000,-1.0,-1.0,-1.0
2015/07/29,126.5,126.74000000000001,125.5,125.74000000000001,380000,-1.0,-1.0,-1.0
2015/07/30,126.0,126.24000000000001,125.5,125.5,300000,-1.0,-1.0,-1.0
2015/07/31,125.24000000000001,126.74000000000001,125.24000000000001,126.0,295000,-1.0,-1.0,-1.0
2015/08/03,126.24000000000001,132.0,126.24000000000001,130.74,830000,-1.0,-1.0,-1.0
2015/08/04,130.5,130.5,125.74000000000001,126.5,785000,-1.0,-1.0,-1.0
2015/08/05,126.0,127.24000000000001,125.0,125.74000000000001,430000,-1.0,-1.0,-1.0
2015/08/06,126.0,126.5,125.5,126.24000000000001,300000,-1.0,-1.0,-1.0
2015/08/07,126.0,126.24000000000001,125.5,126.0,175000,-1.0,-1.0,-1.0
2015/08/10,126.0,126.24000000000001,125.5,125.74000000000001,315000,-1.0,-1.0,-1.0
2015/08/11,126.0,126.74000000000001,126.0,126.24000000000001,235000,-1.0,-1.0,-1.0
2015/08/12,125.74000000000001,126.24000000000001,125.74000000000001,125.74000000000001,190000,-1.0,-1.0,-1.0
2015/08/13,125.24000000000001,126.0,125.0,125.5,345000,-1.0,-1.0,-1.0
2015/08/14,125.5,126.74000000000001,125.5,126.74000000000001,315000,-1.0,-1.0,-1.0
2015/08/17,127.0,127.24000000000001,126.0,127.24000000000001,195000,-1.0,-1.0,-1.0
2015/08/18,127.5,127.74000000000001,126.5,127.5,180000,-1.0,-1.0,-1.0
2015/08/19,127.74000000000001,127.74000000000001,125.5,125.5,205000,-1.0,-1.0,-1.0
2015/08/20,125.24000000000001,125.5,124.74000000000001,124.74000000000001,250000,-1.0,-1.0,-1.0
2015/08/21,122.24000000000001,123.0,121.74000000000001,121.74000000000001,385000,-1.0,-1.0,-1.0
2015/08/24,119.5,120.24000000000001,116.74000000000001,116.74000000000001,855000,-1.0,-1.0,-1.0
2015/08/25,113.0,115.5,111.24000000000001,112.24000000000001,850000,-1.0,-1.0,-1.0
2015/08/26,113.24000000000001,117.5,113.0,116.74000000000001,640000,-1.0,-1.0,-1.0
2015/08/27,118.0,118.0,115.74000000000001,115.74000000000001,320000,-1.0,-1.0,-1.0
2015/08/28,118.0,120.0,117.0,119.24000000000001,255000,-1.0,-1.0,-1.0
2015/08/31,121.24000000000001,121.24000000000001,118.24000000000001,120.24000000000001,360000,-1.0,-1.0,-1.0
2015/09/01,120.24000000000001,120.24000000000001,114.24000000000001,114.24000000000001,385000,-1.0,-1.0,-1.0
2015/09/02,113.74000000000001,115.24000000000001,112.74000000000001,113.74000000000001,670000,-1.0,-1.0,-1.0
2015/09/03,114.24000000000001,114.5,113.5,113.74000000000001,325000,-1.0,-1.0,-1.0
2015/09/04,113.74000000000001,114.74000000000001,112.0,112.74000000000001,595000,-1.0,-1.0,-1.0
2015/09/07,112.5,113.24000000000001,111.5,113.0,255000,-1.0,-1.0,-1.0
2015/09/08,112.74000000000001,112.74000000000001,111.24000000000001,111.24000000000001,215000,-1.0,-1.0,-1.0
2015/09/09,114.5,115.5,113.0,113.74000000000001,420000,-1.0,-1.0,-1.0
2015/09/10,112.74000000000001,114.0,112.5,113.24000000000001,210000,-1.0,-1.0,-1.0
2015/09/11,113.24000000000001,114.74000000000001,113.0,114.0,565000,-1.0,-1.0,-1.0
2015/09/14,115.0,115.0,112.5,114.0,310000,-1.0,-1.0,-1.0
2015/09/15,115.5,115.5,113.5,114.24000000000001,190000,-1.0,-1.0,-1.0
2015/09/16,114.24000000000001,114.74000000000001,112.74000000000001,112.74000000000001,315000,-1.0,-1.0,-1.0
2015/09/17,113.24000000000001,116.0,113.24000000000001,115.0,245000,-1.0,-1.0,-1.0
2015/09/18,115.0,115.24000000000001,113.0,113.0,420000,-1.0,-1.0,-1.0
2015/09/24,111.5,112.0,111.0,111.0,385000,-1.0,-1.0,-1.0
2015/09/25,111.0,112.74000000000001,110.24000000000001,112.24000000000001,490000,-1.0,-1.0,-1.0
2015/09/28,111.24000000000001,112.0,110.5,110.5,330000,-1.0,-1.0,-1.0
2015/09/29,110.24000000000001,111.5,107.74000000000001,108.0,705000,-1.0,-1.0,-1.0
2015/09/30,108.74000000000001,110.5,108.5,109.0,460000,-1.0,-1.0,-1.0
2015/10/01,109.5,110.0,107.5,108.5,780000,-1.0,-1.0,-1.0
2015/10/02,108.24000000000001,108.74000000000001,107.5,108.24000000000001,325000,-1.0,-1.0,-1.0
2015/10/05,108.74000000000001,109.74000000000001,108.5,108.74000000000001,405000,-1.0,-1.0,-1.0
2015/10/06,109.74000000000001,110.0,109.24000000000001,109.5,340000,-1.0,-1.0,-1.0
2015/10/07,111.5,113.24000000000001,109.5,110.5,1800000,-1.0,-1.0,-1.0
2015/10/08,111.24000000000001,114.5,110.5,113.74000000000001,1585000,-1.0,-1.0,-1.0
2015/10/09,115.5,116.0,114.24000000000001,114.5,760000,-1.0,-1.0,-1.0
2015/10/13,114.5,114.74000000000001,113.24000000000001,114.24000000000001,375000,-1.0,-1.0,-1.0
2015/10/14,113.0,113.74000000000001,112.0,112.0,420000,-1.0,-1.0,-1.0
2015/10/15,112.0,113.74000000000001,111.5,113.0,265000,-1.0,-1.0,-1.0
2015/10/16,114.5,114.5,112.5,113.0,405000,-1.0,-1.0,-1.0
2015/10/19,113.24000000000001,113.5,112.24000000000001,113.0,250000,-1.0,-1.0,-1.0
2015/10/20,112.74000000000001,113.5,112.74000000000001,113.24000000000001,205000,-1.0,-1.0,-1.0
2015/10/21,113.0,114.5,113.0,114.5,245000,-1.0,-1.0,-1.0
2015/10/22,114.5,115.0,114.24000000000001,114.5,130000,-1.0,-1.0,-1.0
2015/10/23,115.24000000000001,115.74000000000001,114.5,114.74000000000001,490000,-1.0,-1.0,-1.0
2015/10/26,115.74000000000001,125.74000000000001,115.74000000000001,124.5,2150000,-1.0,-1.0,-1.0
2015/10/27,124.74000000000001,125.5,122.74000000000001,123.74000000000001,1715000,-1.0,-1.0,-1.0
2015/10/28,122.5,124.74000000000001,120.24000000000001,124.74000000000001,915000,-1.0,-1.0,-1.0
2015/10/29,124.74000000000001,124.74000000000001,122.0,124.24000000000001,1095000,-1.0,-1.0,-1.0
2015/10/30,123.0,126.24000000000001,123.0,124.5,675000,-1.0,-1.0,-1.0
2015/11/02,125.5,126.5,122.74000000000001,123.24000000000001,960000,-1.0,-1.0,-1.0
2015/11/04,123.5,124.24000000000001,121.0,121.0,1365000,-1.0,-1.0,-1.0
2015/11/05,121.0,123.0,121.0,121.74000000000001,425000,-1.0,-1.0,-1.0
2015/11/06,121.5,122.0,120.0,120.24000000000001,580000,-1.0,-1.0,-1.0
2015/11/09,120.74000000000001,123.24000000000001,120.0,122.24000000000001,550000,-1.0,-1.0,-1.0
2015/11/10,120.24000000000001,122.0,120.24000000000001,121.5,430000,-1.0,-1.0,-1.0
2015/11/11,120.24000000000001,121.74000000000001,120.24000000000001,121.24000000000001,380000,-1.0,-1.0,-1.0
2015/11/12,120.24000000000001,121.24000000000001,120.0,120.74000000000001,360000,-1.0,-1.0,-1.0
2015/11/13,119.74000000000001,123.24000000000001,119.5,123.24000000000001,650000,-1.0,-1.0,-1.0
2015/11/16,120.74000000000001,122.0,120.5,121.24000000000001,350000,-1.0,-1.0,-1.0
2015/11/17,122.24000000000001,123.0,121.0,122.74000000000001,600000,-1.0,-1.0,-1.0
2015/11/18,123.5,123.5,120.5,121.24000000000001,525000,-1.0,-1.0,-1.0
2015/11/19,120.74000000000001,122.24000000000001,120.74000000000001,122.24000000000001,495000,-1.0,-1.0,-1.0
2015/11/20,122.24000000000001,122.5,121.5,122.5,195000,-1.0,-1.0,-1.0
2015/11/24,122.5,123.24000000000001,121.24000000000001,121.5,390000,-1.0,-1.0,-1.0
2015/11/25,121.24000000000001,121.24000000000001,120.5,121.0,300000,-1.0,-1.0,-1.0
2015/11/26,121.0,121.74000000000001,120.5,120.74000000000001,525000,-1.0,-1.0,-1.0
2015/11/27,120.74000000000001,121.24000000000001,120.74000000000001,120.74000000000001,350000,-1.0,-1.0,-1.0
2015/11/30,120.74000000000001,121.24000000000001,120.5,120.74000000000001,315000,-1.0,-1.0,-1.0
2015/12/01,121.24000000000001,122.5,120.74000000000001,122.24000000000001,355000,-1.0,-1.0,-1.0
2015/12/02,122.74000000000001,123.0,121.5,123.0,530000,-1.0,-1.0,-1.0
2015/12/03,123.0,124.5,122.24000000000001,124.5,575000,-1.0,-1.0,-1.0
2015/12/04,123.5,124.74000000000001,122.74000000000001,124.24000000000001,575000,-1.0,-1.0,-1.0
2015/12/07,125.0,126.24000000000001,125.0,126.24000000000001,740000,-1.0,-1.0,-1.0
2015/12/08,126.24000000000001,128.0,125.5,127.24000000000001,825000,-1.0,-1.0,-1.0
2015/12/09,126.24000000000001,128.0,124.24000000000001,124.5,700000,-1.0,-1.0,-1.0
2015/12/10,124.0,124.0,121.24000000000001,122.24000000000001,660000,-1.0,-1.0,-1.0
2015/12/11,121.5,122.5,121.24000000000001,121.74000000000001,585000,-1.0,-1.0,-1.0
2015/12/14,120.24000000000001,121.0,118.24000000000001,120.5,550000,-1.0,-1.0,-1.0
2015/12/15,120.0,121.74000000000001,118.5,118.74000000000001,460000,-1.0,-1.0,-1.0
2015/12/16,120.74000000000001,121.24000000000001,120.0,121.0,535000,-1.0,-1.0,-1.0
2015/12/17,122.0,123.0,121.0,122.24000000000001,675000,-1.0,-1.0,-1.0
2015/12/18,122.24000000000001,122.24000000000001,119.24000000000001,121.0,705000,-1.0,-1.0,-1.0
2015/12/21,119.24000000000001,120.0,118.5,119.24000000000001,510000,-1.0,-1.0,-1.0
2015/12/22,118.74000000000001,119.0,117.5,118.24000000000001,880000,-1.0,-1.0,-1.0
2015/12/24,118.74000000000001,118.74000000000001,114.5,115.0,825000,-1.0,-1.0,-1.0
2015/12/25,113.74000000000001,113.74000000000001,112.0,113.24000000000001,1225000,-1.0,-1.0,-1.0
2015/12/28,113.74000000000001,115.74000000000001,113.74000000000001,115.5,180000,-1.0,-1.0,-1.0
2015/12/29,115.0,116.74000000000001,114.74000000000001,116.5,195000,-1.0,-1.0,-1.0
2015/12/30,118.0,119.24000000000001,117.0,119.0,420000,-1.0,-1.0,-1.0
2016/01/04,118.74000000000001,119.0,116.5,116.74000000000001,390000,-1.0,-1.0,-1.0
2016/01/05,117.0,119.0,116.74000000000001,118.5,270000,-1.0,-1.0,-1.0
2016/01/06,117.74000000000001,118.0,116.24000000000001,116.24000000000001,205000,-1.0,-1.0,-1.0
2016/01/07,115.5,115.5,113.74000000000001,113.74000000000001,270000,-1.0,-1.0,-1.0
2016/01/08,113.0,114.5,112.74000000000001,112.74000000000001,370000,-1.0,-1.0,-1.0
2016/01/12,112.74000000000001,112.74000000000001,110.5,110.5,410000,-1.0,-1.0,-1.0
2016/01/13,110.74000000000001,112.24000000000001,110.5,112.0,265000,-1.0,-1.0,-1.0
2016/01/14,110.74000000000001,111.0,109.5,110.74000000000001,480000,-1.0,-1.0,-1.0
2016/01/15,111.0,111.24000000000001,109.74000000000001,110.0,320000,-1.0,-1.0,-1.0
2016/01/18,107.74000000000001,109.24000000000001,107.74000000000001,109.0,295000,-1.0,-1.0,-1.0
2016/01/19,110.0,111.0,108.24000000000001,109.5,280000,-1.0,-1.0,-1.0
2016/01/20,109.24000000000001,109.74000000000001,107.24000000000001,107.5,445000,-1.0,-1.0,-1.0
2016/01/21,106.74000000000001,108.74000000000001,105.5,105.5,555000,-1.0,-1.0,-1.0
2016/01/22,106.74000000000001,110.0,106.5,109.5,280000,-1.0,-1.0,-1.0
2016/01/25,110.0,110.74000000000001,109.24000000000001,109.74000000000001,190000,-1.0,-1.0,-1.0
2016/01/26,109.74000000000001,110.74000000000001,109.0,109.74000000000001,305000,-1.0,-1.0,-1.0
2016/01/27,110.5,111.5,110.0,111.24000000000001,200000,-1.0,-1.0,-1.0
2016/01/28,110.24000000000001,112.24000000000001,110.24000000000001,112.24000000000001,255000,-1.0,-1.0,-1.0
2016/01/29,112.24000000000001,113.24000000000001,110.0,112.74000000000001,370000,-1.0,-1.0,-1.0
2016/02/01,113.74000000000001,114.5,113.24000000000001,114.0,365000,-1.0,-1.0,-1.0
2016/02/02,113.74000000000001,113.74000000000001,112.24000000000001,113.5,305000,-1.0,-1.0,-1.0
2016/02/03,110.74000000000001,115.5,110.24000000000001,113.24000000000001,625000,-1.0,-1.0,-1.0
2016/02/04,112.0,113.0,109.0,110.24000000000001,585000,-1.0,-1.0,-1.0
2016/02/05,109.5,109.74000000000001,108.5,109.0,240000,-1.0,-1.0,-1.0
2016/02/08,107.24000000000001,112.0,107.24000000000001,111.74000000000001,280000,-1.0,-1.0,-1.0
2016/02/09,109.0,109.0,106.74000000000001,107.0,325000,-1.0,-1.0,-1.0
2016/02/10,107.74000000000001,107.74000000000001,102.24000000000001,104.0,480000,-1.0,-1.0,-1.0
2016/02/12,100.5,101.74000000000001,98.74000000000001,99.0,575000,-1.0,-1.0,-1.0
2016/02/15,102.5,105.74000000000001,102.0,105.24000000000001,280000,-1.0,-1.0,-1.0
2016/02/16,103.5,105.74000000000001,103.5,104.0,235000,-1.0,-1.0,-1.0
2016/02/17,104.0,104.0,102.0,103.0,150000,-1.0,-1.0,-1.0
2016/02/18,105.0,105.24000000000001,103.24000000000001,104.5,150000,-1.0,-1.0,-1.0
2016/02/19,102.5,103.24000000000001,101.74000000000001,102.74000000000001,160000,-1.0,-1.0,-1.0
2016/02/22,103.24000000000001,104.0,102.5,103.24000000000001,190000,-1.0,-1.0,-1.0
2016/02/23,104.5,104.5,102.5,102.74000000000001,150000,-1.0,-1.0,-1.0
2016/02/24,101.24000000000001,103.74000000000001,101.24000000000001,103.0,195000,-1.0,-1.0,-1.0
2016/02/25,103.0,104.74000000000001,102.74000000000001,103.5,155000,-1.0,-1.0,-1.0
2016/02/26,103.74000000000001,105.24000000000001,103.5,103.5,225000,-1.0,-1.0,-1.0
2016/02/29,105.5,105.5,101.5,101.5,380000,-1.0,-1.0,-1.0
2016/03/01,102.24000000000001,102.24000000000001,100.5,101.24000000000001,200000,-1.0,-1.0,-1.0
2016/03/02,102.74000000000001,103.5,101.24000000000001,103.24000000000001,225000,-1.0,-1.0,-1.0
2016/03/03,102.5,104.24000000000001,102.5,104.0,200000,-1.0,-1.0,-1.0
2016/03/04,103.5,106.74000000000001,103.24000000000001,106.0,265000,-1.0,-1.0,-1.0
2016/03/07,106.0,107.74000000000001,105.74000000000001,107.24000000000001,430000,-1.0,-1.0,-1.0
2016/03/08,106.24000000000001,107.5,104.5,106.24000000000001,265000,-1.0,-1.0,-1.0
2016/03/09,104.5,105.5,103.5,104.5,215000,-1.0,-1.0,-1.0
2016/03/10,104.5,106.0,104.5,106.0,150000,-1.0,-1.0,-1.0
2016/03/11,106.5,107.0,106.0,106.5,290000,-1.0,-1.0,-1.0
2016/03/14,107.5,109.0,107.24000000000001,107.74000000000001,215000,-1.0,-1.0,-1.0
2016/03/15,108.0,108.74000000000001,107.74000000000001,108.74000000000001,190000,-1.0,-1.0,-1.0
2016/03/16,108.5,109.5,106.74000000000001,106.74000000000001,190000,-1.0,-1.0,-1.0
2016/03/17,107.0,108.0,105.24000000000001,105.24000000000001,300000,-1.0,-1.0,-1.0
2016/03/18,105.0,106.5,103.74000000000001,103.74000000000001,395000,-1.0,-1.0,-1.0
2016/03/22,104.5,107.5,104.5,107.24000000000001,320000,-1.0,-1.0,-1.0
2016/03/23,108.24000000000001,108.24000000000001,107.24000000000001,107.5,120000,-1.0,-1.0,-1.0
2016/03/24,107.74000000000001,108.24000000000001,107.24000000000001,107.74000000000001,245000,-1.0,-1.0,-1.0
2016/03/25,107.24000000000001,108.0,106.0,107.74000000000001,255000,-1.0,-1.0,-1.0
2016/03/28,108.0,108.74000000000001,107.0,108.5,305000,-1.0,-1.0,-1.0
2016/03/29,106.74000000000001,107.0,105.5,106.74000000000001,265000,-1.0,-1.0,-1.0
2016/03/30,105.74000000000001,106.74000000000001,104.74000000000001,105.0,145000,-1.0,-1.0,-1.0
2016/03/31,105.0,105.24000000000001,104.0,104.0,140000,-1.0,-1.0,-1.0
2016/04/01,103.5,103.5,101.0,101.0,455000,-1.0,-1.0,-1.0
2016/04/04,102.24000000000001,104.0,102.24000000000001,103.0,225000,-1.0,-1.0,-1.0
2016/04/05,101.5,102.5,100.0,101.5,565000,-1.0,-1.0,-1.0
2016/04/06,100.74000000000001,101.24000000000001,100.0,100.0,205000,-1.0,-1.0,-1.0
2016/04/07,100.0,100.5,100.0,100.0,155000,-1.0,-1.0,-1.0
2016/04/08,99.5,101.5,99.0,100.74000000000001,335000,-1.0,-1.0,-1.0
2016/04/11,101.5,101.5,100.24000000000001,100.5,90000,-1.0,-1.0,-1.0
2016/04/12,100.5,102.5,100.5,101.74000000000001,235000,-1.0,-1.0,-1.0
2016/04/13,103.5,103.5,102.5,102.5,255000,-1.0,-1.0,-1.0
2016/04/14,102.74000000000001,105.24000000000001,102.74000000000001,105.24000000000001,245000,-1.0,-1.0,-1.0
2016/04/15,104.0,105.0,103.24000000000001,103.74000000000001,140000,-1.0,-1.0,-1.0
2016/04/18,102.24000000000001,103.5,101.74000000000001,103.0,155000,-1.0,-1.0,-1.0
2016/04/19,105.5,105.5,104.0,104.74000000000001,215000,-1.0,-1.0,-1.0
2016/04/20,105.74000000000001,108.0,105.0,106.74000000000001,310000,-1.0,-1.0,-1.0
2016/04/21,107.0,107.24000000000001,106.24000000000001,106.74000000000001,235000,-1.0,-1.0,-1.0
2016/04/22,106.74000000000001,107.74000000000001,106.5,107.5,245000,-1.0,-1.0,-1.0
2016/04/25,106.5,107.5,106.24000000000001,107.0,125000,-1.0,-1.0,-1.0
2016/04/26,105.74000000000001,107.0,105.5,107.0,150000,-1.0,-1.0,-1.0
2016/04/27,107.24000000000001,107.24000000000001,105.5,106.24000000000001,200000,-1.0,-1.0,-1.0
2016/04/28,105.74000000000001,106.74000000000001,103.0,104.24000000000001,290000,-1.0,-1.0,-1.0
2016/05/02,101.0,102.24000000000001,100.74000000000001,100.74000000000001,370000,-1.0,-1.0,-1.0
2016/05/06,100.5,101.74000000000001,99.5,101.5,415000,-1.0,-1.0,-1.0
2016/05/09,100.74000000000001,102.74000000000001,100.5,101.74000000000001,430000,-1.0,-1.0,-1.0
2016/05/10,101.0,104.0,100.74000000000001,103.74000000000001,410000,-1.0,-1.0,-1.0
2016/05/11,104.74000000000001,106.74000000000001,100.5,101.5,875000,-1.0,-1.0,-1.0
2016/05/12,101.0,101.24000000000001,100.0,100.24000000000001,595000,-1.0,-1.0,-1.0
2016/05/13,100.24000000000001,101.5,100.0,100.24000000000001,655000,-1.0,-1.0,-1.0
2016/05/16,100.24000000000001,101.0,99.74000000000001,101.0,280000,-1.0,-1.0,-1.0
2016/05/17,101.24000000000001,103.24000000000001,101.24000000000001,103.0,600000,-1.0,-1.0,-1.0
2016/05/18,103.24000000000001,105.5,103.0,105.5,535000,-1.0,-1.0,-1.0
2016/05/19,105.0,105.0,102.74000000000001,105.0,265000,-1.0,-1.0,-1.0
2016/05/20,104.74000000000001,104.74000000000001,103.5,104.5,215000,-1.0,-1.0,-1.0
2016/05/23,104.5,105.0,103.0,104.5,190000,-1.0,-1.0,-1.0
2016/05/24,104.24000000000001,105.0,103.74000000000001,104.5,115000,-1.0,-1.0,-1.0
2016/05/25,104.74000000000001,106.5,103.74000000000001,106.24000000000001,275000,-1.0,-1.0,-1.0
2016/05/26,107.0,107.0,105.24000000000001,105.74000000000001,180000,-1.0,-1.0,-1.0
2016/05/27,105.74000000000001,106.24000000000001,105.0,105.74000000000001,135000,-1.0,-1.0,-1.0
2016/05/30,105.74000000000001,107.24000000000001,105.74000000000001,107.0,270000,-1.0,-1.0,-1.0
2016/05/31,107.24000000000001,108.0,106.5,108.0,135000,-1.0,-1.0,-1.0
2016/06/01,107.74000000000001,107.74000000000001,106.5,106.74000000000001,80000,-1.0,-1.0,-1.0
2016/06/02,106.74000000000001,106.74000000000001,105.0,105.24000000000001,75000,-1.0,-1.0,-1.0
2016/06/03,105.0,106.24000000000001,105.0,106.0,90000,-1.0,-1.0,-1.0
2016/06/06,104.5,105.5,103.74000000000001,105.0,160000,-1.0,-1.0,-1.0
2016/06/07,104.5,105.0,104.5,104.5,65000,-1.0,-1.0,-1.0
2016/06/08,104.24000000000001,106.0,104.24000000000001,106.0,145000,-1.0,-1.0,-1.0
2016/06/09,105.24000000000001,106.24000000000001,104.0,104.5,205000,-1.0,-1.0,-1.0
2016/06/10,104.5,104.5,102.0,103.0,395000,-1.0,-1.0,-1.0
2016/06/13,102.5,102.5,100.74000000000001,100.74000000000001,345000,-1.0,-1.0,-1.0
2016/06/14,100.74000000000001,101.0,99.74000000000001,100.0,270000,-1.0,-1.0,-1.0
2016/06/15,100.0,100.5,99.5,100.24000000000001,435000,-1.0,-1.0,-1.0
2016/06/16,100.24000000000001,100.24000000000001,98.24000000000001,98.24000000000001,430000,-1.0,-1.0,-1.0
2016/06/17,99.0,99.74000000000001,97.74000000000001,99.0,510000,-1.0,-1.0,-1.0
2016/06/20,99.0,102.0,98.74000000000001,101.5,350000,-1.0,-1.0,-1.0
2016/06/21,101.5,101.5,100.0,101.0,200000,-1.0,-1.0,-1.0
2016/06/22,101.0,101.0,99.0,99.5,345000,-1.0,-1.0,-1.0
2016/06/23,99.74000000000001,100.24000000000001,99.5,99.5,255000,-1.0,-1.0,-1.0
2016/06/24,101.24000000000001,101.24000000000001,94.24000000000001,94.74000000000001,690000,-1.0,-1.0,-1.0
2016/06/27,94.74000000000001,96.0,94.24000000000001,95.74000000000001,380000,-1.0,-1.0,-1.0
2016/06/28,95.74000000000001,96.24000000000001,94.74000000000001,94.74000000000001,295000,-1.0,-1.0,-1.0
2016/06/29,96.74000000000001,96.74000000000001,95.5,96.0,125000,-1.0,-1.0,-1.0
2016/06/30,97.0,97.74000000000001,96.0,96.24000000000001,300000,-1.0,-1.0,-1.0
2016/07/01,96.5,96.74000000000001,96.0,96.0,250000,-1.0,-1.0,-1.0
2016/07/04,97.0,97.0,96.0,96.5,190000,-1.0,-1.0,-1.0
2016/07/05,96.5,96.5,95.5,96.0,250000,-1.0,-1.0,-1.0
2016/07/06,95.5,95.5,94.74000000000001,95.0,260000,-1.0,-1.0,-1.0
2016/07/07,94.5,96.0,94.5,95.24000000000001,200000,-1.0,-1.0,-1.0
2016/07/08,95.24000000000001,95.24000000000001,94.24000000000001,94.24000000000001,285000,-1.0,-1.0,-1.0
2016/07/11,95.24000000000001,97.5,95.0,96.74000000000001,350000,-1.0,-1.0,-1.0
2016/07/12,96.74000000000001,99.24000000000001,96.74000000000001,98.24000000000001,195000,-1.0,-1.0,-1.0
2016/07/13,98.0,99.24000000000001,98.0,99.0,260000,-1.0,-1.0,-1.0
2016/07/14,98.24000000000001,99.24000000000001,98.24000000000001,99.0,180000,-1.0,-1.0,-1.0
2016/07/15,99.0,99.74000000000001,98.5,99.5,270000,-1.0,-1.0,-1.0
2016/07/19,99.5,99.74000000000001,99.0,99.0,165000,-1.0,-1.0,-1.0
2016/07/20,99.0,99.0,98.24000000000001,99.0,150000,-1.0,-1.0,-1.0
2016/07/21,98.74000000000001,99.0,98.24000000000001,99.0,130000,-1.0,-1.0,-1.0
2016/07/22,98.74000000000001,99.5,98.24000000000001,99.0,160000,-1.0,-1.0,-1.0
2016/07/25,99.5,99.5,98.5,99.0,135000,-1.0,-1.0,-1.0
2016/07/26,98.0,99.0,98.0,98.5,295000,-1.0,-1.0,-1.0
2016/07/27,99.0,99.0,97.5,98.74000000000001,310000,-1.0,-1.0,-1.0
2016/07/28,98.74000000000001,100.0,98.74000000000001,99.5,215000,-1.0,-1.0,-1.0
2016/07/29,99.5,100.24000000000001,98.74000000000001,100.24000000000001,165000,-1.0,-1.0,-1.0
2016/08/01,99.74000000000001,99.74000000000001,99.0,99.5,95000,-1.0,-1.0,-1.0
2016/08/02,99.74000000000001,101.5,99.74000000000001,100.74000000000001,300000,-1.0,-1.0,-1.0
2016/08/03,100.5,107.0,100.24000000000001,105.5,805000,-1.0,-1.0,-1.0
2016/08/04,105.24000000000001,105.24000000000001,100.74000000000001,102.74000000000001,410000,-1.0,-1.0,-1.0
2016/08/05,102.24000000000001,102.24000000000001,100.0,100.5,225000,-1.0,-1.0,-1.0
2016/08/08,100.74000000000001,102.74000000000001,100.74000000000001,102.5,240000,-1.0,-1.0,-1.0
2016/08/09,103.0,103.0,102.0,102.5,200000,-1.0,-1.0,-1.0
2016/08/10,102.5,103.5,102.5,103.24000000000001,80000,-1.0,-1.0,-1.0
2016/08/12,103.74000000000001,104.24000000000001,103.74000000000001,104.24000000000001,75000,-1.0,-1.0,-1.0
2016/08/15,104.24000000000001,107.0,104.24000000000001,106.24000000000001,190000,-1.0,-1.0,-1.0
2016/08/16,105.74000000000001,106.5,105.0,106.0,165000,-1.0,-1.0,-1.0
2016/08/17,106.0,108.0,105.24000000000001,106.74000000000001,270000,-1.0,-1.0,-1.0
2016/08/18,105.5,107.24000000000001,105.0,105.74000000000001,180000,-1.0,-1.0,-1.0
2016/08/19,106.74000000000001,106.74000000000001,105.0,106.0,125000,-1.0,-1.0,-1.0
2016/08/22,104.74000000000001,105.0,104.0,104.5,190000,-1.0,-1.0,-1.0
2016/08/23,104.5,105.0,103.74000000000001,104.24000000000001,120000,-1.0,-1.0,-1.0
2016/08/24,105.5,105.5,103.74000000000001,104.74000000000001,65000,-1.0,-1.0,-1.0
2016/08/25,103.74000000000001,103.74000000000001,102.74000000000001,103.0,135000,-1.0,-1.0,-1.0
2016/08/26,103.0,103.5,102.5,102.74000000000001,55000,-1.0,-1.0,-1.0
2016/08/29,105.0,105.5,102.24000000000001,102.5,200000,-1.0,-1.0,-1.0
2016/08/30,103.24000000000001,105.0,103.24000000000001,104.74000000000001,125000,-1.0,-1.0,-1.0
2016/08/31,104.74000000000001,104.74000000000001,103.0,103.0,210000,-1.0,-1.0,-1.0
2016/09/01,104.0,104.24000000000001,102.74000000000001,104.0,130000,-1.0,-1.0,-1.0
2016/09/02,104.74000000000001,104.74000000000001,103.24000000000001,103.5,135000,-1.0,-1.0,-1.0
2016/09/05,103.5,104.24000000000001,103.5,103.74000000000001,195000,-1.0,-1.0,-1.0
2016/09/06,104.74000000000001,104.74000000000001,103.24000000000001,104.0,170000,-1.0,-1.0,-1.0
2016/09/07,102.24000000000001,102.5,102.0,102.24000000000001,340000,-1.0,-1.0,-1.0
2016/09/08,103.0,103.5,102.0,103.5,260000,-1.0,-1.0,-1.0
2016/09/09,102.74000000000001,103.24000000000001,102.24000000000001,102.74000000000001,245000,-1.0,-1.0,-1.0
2016/09/12,101.5,103.24000000000001,101.24000000000001,102.24000000000001,135000,-1.0,-1.0,-1.0
2016/09/13,102.74000000000001,104.5,102.5,103.74000000000001,175000,-1.0,-1.0,-1.0
2016/09/14,103.24000000000001,104.5,102.24000000000001,102.24000000000001,190000,-1.0,-1.0,-1.0
2016/09/15,101.74000000000001,102.0,101.5,101.74000000000001,115000,-1.0,-1.0,-1.0
2016/09/16,101.74000000000001,102.24000000000001,101.24000000000001,102.24000000000001,280000,-1.0,-1.0,-1.0
2016/09/20,102.0,102.5,101.24000000000001,101.24000000000001,185000,-1.0,-1.0,-1.0
2016/09/21,101.24000000000001,103.0,101.24000000000001,101.5,350000,-1.0,-1.0,-1.0
2016/09/23,101.74000000000001,102.24000000000001,101.5,102.0,405000,-1.0,-1.0,-1.0
2016/09/26,102.74000000000001,103.24000000000001,102.0,102.0,100000,-1.0,-1.0,-1.0
2016/09/27,102.0,103.5,101.0,103.5,345000,-1.0,-1.0,-1.0
2016/09/28,102.74000000000001,102.74000000000001,101.74000000000001,102.74000000000001,130000,-1.0,-1.0,-1.0
2016/09/29,103.0,104.24000000000001,102.5,104.24000000000001,265000,-1.0,-1.0,-1.0
2016/09/30,103.5,104.0,102.5,103.24000000000001,165000,-1.0,-1.0,-1.0
2016/10/03,104.0,104.74000000000001,102.74000000000001,103.24000000000001,165000,-1.0,-1.0,-1.0
2016/10/04,103.5,104.0,103.5,104.0,120000,-1.0,-1.0,-1.0
2016/10/05,103.74000000000001,104.74000000000001,103.5,104.5,175000,-1.0,-1.0,-1.0
2016/10/06,104.74000000000001,105.0,104.24000000000001,105.0,170000,-1.0,-1.0,-1.0
2016/10/07,104.5,104.5,103.0,104.0,190000,-1.0,-1.0,-1.0
2016/10/11,104.5,106.0,104.24000000000001,106.0,210000,-1.0,-1.0,-1.0
2016/10/12,105.5,105.74000000000001,104.0,104.0,210000,-1.0,-1.0,-1.0
2016/10/13,105.5,106.24000000000001,105.0,106.24000000000001,200000,-1.0,-1.0,-1.0
2016/10/14,105.24000000000001,106.0,105.24000000000001,106.0,160000,-1.0,-1.0,-1.0
2016/10/17,105.0,107.0,105.0,105.24000000000001,130000,-1.0,-1.0,-1.0
2016/10/18,105.24000000000001,107.0,105.24000000000001,106.24000000000001,195000,-1.0,-1.0,-1.0
2016/10/19,105.74000000000001,107.0,105.74000000000001,106.74000000000001,205000,-1.0,-1.0,-1.0
2016/10/20,106.24000000000001,108.5,106.24000000000001,107.74000000000001,225000,-1.0,-1.0,-1.0
2016/10/21,107.74000000000001,107.74000000000001,106.24000000000001,106.74000000000001,220000,-1.0,-1.0,-1.0
2016/10/24,107.5,108.5,107.5,108.24000000000001,170000,-1.0,-1.0,-1.0
2016/10/25,108.24000000000001,108.5,107.24000000000001,107.74000000000001,270000,-1.0,-1.0,-1.0
2016/10/26,108.24000000000001,115.24000000000001,107.5,114.74000000000001,1595000,-1.0,-1.0,-1.0
2016/10/27,115.0,115.0,112.24000000000001,113.74000000000001,940000,-1.0,-1.0,-1.0
2016/10/28,113.74000000000001,114.24000000000001,112.0,112.5,1340000,-1.0,-1.0,-1.0
2016/10/31,113.5,113.5,112.24000000000001,113.24000000000001,320000,-1.0,-1.0,-1.0
2016/11/01,113.24000000000001,113.24000000000001,109.74000000000001,112.24000000000001,490000,-1.0,-1.0,-1.0
2016/11/02,111.74000000000001,112.5,110.5,111.24000000000001,355000,-1.0,-1.0,-1.0
2016/11/04,111.24000000000001,112.5,111.0,111.5,390000,-1.0,-1.0,-1.0
2016/11/07,111.74000000000001,112.0,110.74000000000001,110.74000000000001,340000,-1.0,-1.0,-1.0
2016/11/08,110.5,110.5,108.5,109.24000000000001,340000,-1.0,-1.0,-1.0
2016/11/09,108.74000000000001,110.74000000000001,105.5,106.0,450000,-1.0,-1.0,-1.0
2016/11/10,109.0,111.5,108.5,111.0,675000,-1.0,-1.0,-1.0
2016/11/11,111.0,112.24000000000001,110.24000000000001,110.74000000000001,335000,-1.0,-1.0,-1.0
2016/11/14,111.5,112.5,110.5,112.5,240000,-1.0,-1.0,-1.0
2016/11/15,113.0,116.0,112.24000000000001,115.24000000000001,695000,-1.0,-1.0,-1.0
2016/11/16,115.24000000000001,115.74000000000001,113.5,115.74000000000001,590000,-1.0,-1.0,-1.0
2016/11/17,114.0,116.5,114.0,116.5,440000,-1.0,-1.0,-1.0
2016/11/18,116.74000000000001,117.24000000000001,116.0,117.0,330000,-1.0,-1.0,-1.0
2016/11/21,117.24000000000001,117.5,116.74000000000001,117.0,235000,-1.0,-1.0,-1.0
2016/11/22,116.74000000000001,117.0,115.74000000000001,116.5,225000,-1.0,-1.0,-1.0
2016/11/24,117.0,117.0,114.24000000000001,115.0,270000,-1.0,-1.0,-1.0
2016/11/25,115.24000000000001,115.74000000000001,114.5,115.5,220000,-1.0,-1.0,-1.0
2016/11/28,115.5,116.5,112.74000000000001,116.5,585000,-1.0,-1.0,-1.0
2016/11/29,116.5,117.74000000000001,116.5,117.74000000000001,360000,-1.0,-1.0,-1.0
2016/11/30,117.74000000000001,118.5,116.74000000000001,118.0,435000,-1.0,-1.0,-1.0
2016/12/01,119.5,120.0,118.74000000000001,119.5,515000,-1.0,-1.0,-1.0
2016/12/02,119.5,120.74000000000001,118.0,120.5,430000,-1.0,-1.0,-1.0
2016/12/05,118.74000000000001,118.74000000000001,116.74000000000001,117.5,270000,-1.0,-1.0,-1.0
2016/12/06,117.74000000000001,118.74000000000001,117.74000000000001,118.74000000000001,235000,-1.0,-1.0,-1.0
2016/12/07,119.5,119.5,118.24000000000001,119.5,305000,-1.0,-1.0,-1.0
2016/12/08,120.0,122.0,119.74000000000001,122.0,490000,-1.0,-1.0,-1.0
2016/12/09,120.5,121.74000000000001,119.24000000000001,121.74000000000001,590000,-1.0,-1.0,-1.0
2016/12/12,121.74000000000001,121.74000000000001,119.0,120.0,435000,-1.0,-1.0,-1.0
2016/12/13,118.74000000000001,118.74000000000001,117.24000000000001,118.74000000000001,335000,-1.0,-1.0,-1.0
2016/12/14,118.5,118.5,117.0,117.74000000000001,500000,-1.0,-1.0,-1.0
2016/12/15,118.74000000000001,121.24000000000001,118.74000000000001,120.74000000000001,565000,-1.0,-1.0,-1.0
2016/12/16,120.0,120.24000000000001,117.74000000000001,118.0,430000,-1.0,-1.0,-1.0
2016/12/19,118.24000000000001,118.24000000000001,116.0,116.5,360000,-1.0,-1.0,-1.0
2016/12/20,117.0,118.5,116.24000000000001,117.5,345000,-1.0,-1.0,-1.0
2016/12/21,116.5,116.74000000000001,114.74000000000001,115.0,400000,-1.0,-1.0,-1.0
2016/12/22,115.74000000000001,115.74000000000001,114.24000000000001,115.0,345000,-1.0,-1.0,-1.0
2016/12/26,115.74000000000001,115.74000000000001,113.24000000000001,113.5,370000,-1.0,-1.0,-1.0
2016/12/27,113.74000000000001,114.0,112.5,113.5,585000,-1.0,-1.0,-1.0
2016/12/28,113.24000000000001,116.0,113.24000000000001,115.24000000000001,420000,-1.0,-1.0,-1.0
2016/12/29,115.5,116.74000000000001,114.5,116.74000000000001,295000,-1.0,-1.0,-1.0
2016/12/30,116.74000000000001,118.0,116.24000000000001,117.74000000000001,275000,-1.0,-1.0,-1.0
2017/01/04,117.74000000000001,122.74000000000001,117.74000000000001,122.5,735000,-1.0,-1.0,-1.0
2017/01/05,121.24000000000001,121.74000000000001,120.5,121.0,240000,-1.0,-1.0,-1.0
2017/01/06,119.0,122.0,119.0,121.74000000000001,465000,-1.0,-1.0,-1.0
2017/01/10,121.24000000000001,121.74000000000001,119.5,121.5,290000,-1.0,-1.0,-1.0
2017/01/11,120.24000000000001,121.74000000000001,120.24000000000001,121.74000000000001,185000,-1.0,-1.0,-1.0
2017/01/12,121.74000000000001,122.0,119.5,120.0,310000,-1.0,-1.0,-1.0
2017/01/13,120.0,120.5,119.5,120.0,155000,-1.0,-1.0,-1.0
2017/01/16,119.24000000000001,120.0,119.0,120.0,210000,-1.0,-1.0,-1.0
2017/01/17,120.0,120.5,119.5,120.0,265000,-1.0,-1.0,-1.0
2017/01/18,119.0,120.74000000000001,118.5,120.74000000000001,335000,-1.0,-1.0,-1.0
2017/01/19,120.74000000000001,121.0,119.74000000000001,120.24000000000001,190000,-1.0,-1.0,-1.0
2017/01/20,119.5,121.5,119.24000000000001,121.5,175000,-1.0,-1.0,-1.0
2017/01/23,120.24000000000001,121.0,120.0,120.24000000000001,140000,-1.0,-1.0,-1.0
2017/01/24,120.74000000000001,120.74000000000001,120.0,120.5,325000,-1.0,-1.0,-1.0
2017/01/25,120.74000000000001,122.24000000000001,120.5,121.74000000000001,250000,-1.0,-1.0,-1.0
2017/01/26,122.24000000000001,122.24000000000001,121.24000000000001,122.0,185000,-1.0,-1.0,-1.0
2017/01/27,122.24000000000001,122.74000000000001,121.5,121.5,210000,-1.0,-1.0,-1.0
2017/01/30,121.24000000000001,122.0,120.74000000000001,121.5,275000,-1.0,-1.0,-1.0
2017/01/31,120.5,121.0,120.24000000000001,120.74000000000001,95000,-1.0,-1.0,-1.0
2017/02/01,120.5,123.0,120.5,122.74000000000001,365000,-1.0,-1.0,-1.0
2017/02/02,123.24000000000001,123.74000000000001,121.0,121.74000000000001,685000,-1.0,-1.0,-1.0
2017/02/03,121.74000000000001,124.5,119.0,120.24000000000001,1235000,-1.0,-1.0,-1.0
2017/02/06,120.5,121.24000000000001,119.5,119.74000000000001,585000,-1.0,-1.0,-1.0
2017/02/07,119.74000000000001,120.74000000000001,119.5,119.74000000000001,365000,-1.0,-1.0,-1.0
2017/02/08,120.24000000000001,120.5,119.5,120.0,185000,-1.0,-1.0,-1.0
2017/02/09,120.0,121.0,118.74000000000001,120.5,240000,-1.0,-1.0,-1.0
2017/02/10,121.74000000000001,124.24000000000001,121.74000000000001,124.24000000000001,660000,-1.0,-1.0,-1.0
2017/02/13,124.0,126.5,123.24000000000001,126.0,385000,-1.0,-1.0,-1.0
2017/02/14,126.0,129.0,125.24000000000001,127.0,720000,-1.0,-1.0,-1.0
2017/02/15,127.0,127.0,125.24000000000001,126.24000000000001,210000,-1.0,-1.0,-1.0
2017/02/16,126.24000000000001,126.24000000000001,125.5,125.74000000000001,160000,-1.0,-1.0,-1.0
2017/02/17,125.5,125.5,123.74000000000001,124.74000000000001,165000,-1.0,-1.0,-1.0
2017/02/20,124.74000000000001,125.0,123.74000000000001,124.5,135000,-1.0,-1.0,-1.0
2017/02/21,124.5,125.24000000000001,124.5,124.5,160000,-1.0,-1.0,-1.0
2017/02/22,124.74000000000001,124.74000000000001,123.74000000000001,124.24000000000001,245000,-1.0,-1.0,-1.0
2017/02/23,124.0,124.0,123.24000000000001,123.5,185000,-1.0,-1.0,-1.0
2017/02/24,124.0,124.0,122.5,123.0,245000,-1.0,-1.0,-1.0
2017/02/27,123.0,123.0,120.5,122.5,355000,-1.0,-1.0,-1.0
2017/02/28,123.74000000000001,125.24000000000001,123.74000000000001,124.74000000000001,310000,-1.0,-1.0,-1.0
2017/03/01,125.24000000000001,126.0,124.5,125.24000000000001,275000,-1.0,-1.0,-1.0
2017/03/02,126.5,126.74000000000001,125.24000000000001,125.74000000000001,370000,-1.0,-1.0,-1.0
2017/03/03,125.74000000000001,127.0,124.74000000000001,126.5,310000,-1.0,-1.0,-1.0
2017/03/06,125.5,126.0,125.0,125.5,255000,-1.0,-1.0,-1.0
2017/03/07,125.0,126.5,125.0,126.5,230000,-1.0,-1.0,-1.0
2017/03/08,125.74000000000001,127.0,125.24000000000001,126.24000000000001,320000,-1.0,-1.0,-1.0
2017/03/09,126.24000000000001,126.24000000000001,125.5,126.0,125000,-1.0,-1.0,-1.0
2017/03/10,127.5,128.0,127.0,127.5,745000,-1.0,-1.0,-1.0
2017/03/13,127.24000000000001,127.24000000000001,126.74000000000001,127.24000000000001,140000,-1.0,-1.0,-1.0
2017/03/14,127.5,127.5,125.5,127.0,295000,-1.0,-1.0,-1.0
2017/03/15,127.0,127.0,125.5,125.5,190000,-1.0,-1.0,-1.0
2017/03/16,125.5,125.74000000000001,123.74000000000001,125.74000000000001,240000,-1.0,-1.0,-1.0
2017/03/17,125.5,126.24000000000001,125.0,126.24000000000001,280000,-1.0,-1.0,-1.0
2017/03/21,126.5,130.0,126.24000000000001,129.5,655000,-1.0,-1.0,-1.0
2017/03/22,126.74000000000001,127.0,125.5,126.0,400000,-1.0,-1.0,-1.0
2017/03/23,125.74000000000001,128.5,125.74000000000001,128.0,415000,-1.0,-1.0,-1.0
2017/03/24,128.24,129.0,127.24000000000001,127.74000000000001,320000,-1.0,-1.0,-1.0
2017/03/27,127.0,127.0,125.5,126.5,265000,-1.0,-1.0,-1.0
2017/03/28,127.24000000000001,128.5,127.0,128.5,370000,-1.0,-1.0,-1.0
2017/03/29,128.5,130.5,125.74000000000001,129.24,510000,-1.0,-1.0,-1.0
2017/03/30,128.0,129.24,126.24000000000001,126.24000000000001,415000,-1.0,-1.0,-1.0
2017/03/31,127.74000000000001,127.74000000000001,124.5,125.0,380000,-1.0,-1.0,-1.0
2017/04/03,125.74000000000001,125.74000000000001,124.74000000000001,124.74000000000001,305000,-1.0,-1.0,-1.0
2017/04/04,125.0,125.0,122.0,123.5,450000,-1.0,-1.0,-1.0
2017/04/05,122.5,123.74000000000001,122.5,123.0,190000,-1.0,-1.0,-1.0
2017/04/06,123.0,123.0,120.74000000000001,120.74000000000001,375000,-1.0,-1.0,-1.0
2017/04/07,120.74000000000001,122.0,120.5,121.5,250000,-1.0,-1.0,-1.0
2017/04/10,122.0,122.24000000000001,121.24000000000001,121.5,110000,-1.0,-1.0,-1.0
2017/04/11,121.0,121.0,119.74000000000001,120.0,305000,-1.0,-1.0,-1.0
2017/04/12,120.0,120.0,117.0,117.5,370000,-1.0,-1.0,-1.0
2017/04/13,116.5,118.24000000000001,115.74000000000001,116.74000000000001,420000,-1.0,-1.0,-1.0
2017/04/14,117.0,117.24000000000001,116.24000000000001,117.0,190000,-1.0,-1.0,-1.0
2017/04/17,117.0,118.24000000000001,117.0,117.5,115000,-1.0,-1.0,-1.0
2017/04/18,117.5,119.0,116.74000000000001,117.24000000000001,275000,-1.0,-1.0,-1.0
2017/04/19,117.24000000000001,118.0,116.74000000000001,117.0,150000,-1.0,-1.0,-1.0
2017/04/20,116.24000000000001,118.5,116.24000000000001,118.0,195000,-1.0,-1.0,-1.0
2017/04/21,119.5,120.0,118.74000000000001,119.5,245000,-1.0,-1.0,-1.0
2017/04/24,121.24000000000001,121.24000000000001,120.5,121.0,220000,-1.0,-1.0,-1.0
2017/04/25,121.24000000000001,123.74000000000001,120.74000000000001,123.5,325000,-1.0,-1.0,-1.0
2017/04/26,123.5,125.5,123.24000000000001,125.5,210000,-1.0,-1.0,-1.0
2017/04/27,125.5,128.74,124.74000000000001,128.74,660000,-1.0,-1.0,-1.0
2017/04/28,127.5,129.74,126.24000000000001,127.74000000000001,1230000,-1.0,-1.0,-1.0
2017/05/01,130.0,132.0,128.5,131.74,960000,-1.0,-1.0,-1.0
2017/05/02,131.74,131.74,129.0,129.74,785000,-1.0,-1.0,-1.0
2017/05/08,129.5,130.74,128.24,130.5,820000,-1.0,-1.0,-1.0
2017/05/09,130.5,130.74,129.5,130.0,625000,-1.0,-1.0,-1.0
2017/05/10,130.5,132.0,130.0,132.0,355000,-1.0,-1.0,-1.0
2017/05/11,129.5,130.24,123.5,123.5,1195000,-1.0,-1.0,-1.0
2017/05/12,125.0,126.0,123.74000000000001,124.5,945000,-1.0,-1.0,-1.0
2017/05/15,123.5,124.5,123.5,124.24000000000001,455000,-1.0,-1.0,-1.0
2017/05/16,123.5,127.5,123.5,127.24000000000001,560000,-1.0,-1.0,-1.0
2017/05/17,125.24000000000001,129.0,125.24000000000001,128.74,630000,-1.0,-1.0,-1.0
2017/05/18,126.24000000000001,128.0,125.74000000000001,128.0,565000,-1.0,-1.0,-1.0
2017/05/19,128.0,129.74,127.5,129.74,530000,-1.0,-1.0,-1.0
2017/05/22,129.5,130.74,129.5,130.24,335000,-1.0,-1.0,-1.0
2017/05/23,130.0,132.24,130.0,132.0,730000,-1.0,-1.0,-1.0
2017/05/24,131.24,132.24,130.74,132.0,840000,-1.0,-1.0,-1.0
2017/05/25,131.0,134.5,130.5,134.5,735000,-1.0,-1.0,-1.0
2017/05/26,134.5,134.5,132.74,133.5,420000,-1.0,-1.0,-1.0
2017/05/29,133.5,137.5,132.74,136.74,735000,-1.0,-1.0,-1.0
2017/05/30,135.74,136.74,135.0,136.0,355000,-1.0,-1.0,-1.0
2017/05/31,136.24,139.0,134.74,139.0,960000,-1.0,-1.0,-1.0
2017/06/01,137.74,138.0,136.0,136.5,425000,-1.0,-1.0,-1.0
2017/06/02,137.24,139.24,137.0,139.24,525000,-1.0,-1.0,-1.0
2017/06/05,138.74,138.74,136.5,138.0,385000,-1.0,-1.0,-1.0
2017/06/06,136.74,137.74,135.74,136.24,450000,-1.0,-1.0,-1.0
2017/06/07,136.24,138.5,136.24,138.24,335000,-1.0,-1.0,-1.0
2017/06/08,138.24,138.24,136.5,137.5,395000,-1.0,-1.0,-1.0
2017/06/09,136.74,137.24,136.0,137.0,395000,-1.0,-1.0,-1.0
2017/06/12,135.24,137.0,134.5,136.24,425000,-1.0,-1.0,-1.0
2017/06/13,135.5,139.0,135.5,138.0,510000,-1.0,-1.0,-1.0
2017/06/14,138.0,138.5,137.0,137.0,285000,-1.0,-1.0,-1.0
2017/06/15,137.74,138.5,137.0,137.5,315000,-1.0,-1.0,-1.0
2017/06/16,138.0,138.0,135.5,135.74,525000,-1.0,-1.0,-1.0
2017/06/19,135.74,138.24,135.74,137.24,380000,-1.0,-1.0,-1.0
2017/06/20,138.74,140.0,137.74,139.74,865000,-1.0,-1.0,-1.0
2017/06/21,140.0,140.74,139.5,140.0,405000,-1.0,-1.0,-1.0
2017/06/22,138.5,139.74,137.24,139.24,415000,-1.0,-1.0,-1.0
2017/06/23,138.24,139.74,138.24,139.5,375000,-1.0,-1.0,-1.0
2017/06/26,139.74,141.5,139.5,141.24,515000,-1.0,-1.0,-1.0
2017/06/27,141.74,141.74,140.0,141.0,505000,-1.0,-1.0,-1.0
2017/06/28,141.5,141.5,137.0,137.24,330000,-1.0,-1.0,-1.0
2017/06/29,138.5,141.24,138.5,141.0,365000,-1.0,-1.0,-1.0
2017/06/30,138.5,139.74,136.5,137.74,315000,-1.0,-1.0,-1.0
2017/07/03,136.24,142.5,136.24,141.5,520000,-1.0,-1.0,-1.0
2017/07/04,141.74,142.0,140.24,141.5,475000,-1.0,-1.0,-1.0
2017/07/05,140.24,141.5,140.0,141.5,230000,-1.0,-1.0,-1.0
2017/07/06,140.0,140.74,140.0,140.24,95000,-1.0,-1.0,-1.0
2017/07/07,138.74,140.74,137.5,139.0,285000,-1.0,-1.0,-1.0
2017/07/10,139.0,142.0,139.0,140.24,270000,-1.0,-1.0,-1.0
2017/07/11,140.24,141.74,140.24,141.0,250000,-1.0,-1.0,-1.0
2017/07/12,141.5,141.74,140.24,140.74,180000,-1.0,-1.0,-1.0
2017/07/13,141.24,141.5,139.0,140.5,285000,-1.0,-1.0,-1.0
2017/07/14,141.24,141.74,140.24,141.74,180000,-1.0,-1.0,-1.0
2017/07/18,141.74,141.74,140.0,141.5,185000,-1.0,-1.0,-1.0
2017/07/19,141.24,141.24,139.24,140.0,280000,-1.0,-1.0,-1.0
2017/07/20,140.74,143.74,140.74,142.0,730000,-1.0,-1.0,-1.0
2017/07/21,141.74,143.74,141.24,143.74,450000,-1.0,-1.0,-1.0
2017/07/24,143.74,149.74,143.24,149.24,935000,-1.0,-1.0,-1.0
2017/07/25,148.5,148.74,146.5,148.5,365000,-1.0,-1.0,-1.0
2017/07/26,147.74,148.74,145.5,147.0,205000,-1.0,-1.0,-1.0
2017/07/27,147.0,147.0,144.0,145.0,390000,-1.0,-1.0,-1.0
2017/07/28,145.74,147.5,145.24,147.5,460000,-1.0,-1.0,-1.0
2017/07/31,147.74,148.24,145.74,147.0,360000,-1.0,-1.0,-1.0
2017/08/01,145.24,146.0,143.5,144.24,440000,-1.0,-1.0,-1.0
2017/08/02,146.24,146.5,145.74,146.5,80000,-1.0,-1.0,-1.0
2017/08/03,146.24,147.0,136.0,142.0,1170000,-1.0,-1.0,-1.0
2017/08/04,138.0,139.74,136.5,138.0,765000,-1.0,-1.0,-1.0
2017/08/07,137.24,138.5,137.24,137.74,340000,-1.0,-1.0,-1.0
2017/08/08,139.24,141.5,137.0,137.5,290000,-1.0,-1.0,-1.0
2017/08/09,138.0,138.0,133.74,134.74,465000,-1.0,-1.0,-1.0
2017/08/10,134.74,135.24,132.74,133.24,310000,-1.0,-1.0,-1.0
2017/08/14,132.74,133.0,130.5,130.74,525000,-1.0,-1.0,-1.0
2017/08/15,133.24,135.74,131.74,133.24,320000,-1.0,-1.0,-1.0
2017/08/16,134.0,134.74,133.0,133.24,185000,-1.0,-1.0,-1.0
2017/08/17,134.74,135.74,134.5,135.0,240000,-1.0,-1.0,-1.0
2017/08/18,134.24,135.0,132.5,134.5,405000,-1.0,-1.0,-1.0
2017/08/21,134.24,134.74,132.74,132.74,400000,-1.0,-1.0,-1.0
2017/08/22,134.24,136.0,133.74,133.74,215000,-1.0,-1.0,-1.0
2017/08/23,135.0,136.5,133.5,134.0,265000,-1.0,-1.0,-1.0
2017/08/24,135.24,136.0,134.0,134.74,295000,-1.0,-1.0,-1.0
2017/08/25,134.74,135.74,133.74,134.24,200000,-1.0,-1.0,-1.0
2017/08/28,135.0,136.0,134.5,135.0,325000,-1.0,-1.0,-1.0
2017/08/29,134.74,135.24,133.0,133.0,370000,-1.0,-1.0,-1.0
2017/08/30,134.24,134.74,132.74,133.24,295000,-1.0,-1.0,-1.0
2017/08/31,133.74,135.0,133.24,134.0,580000,-1.0,-1.0,-1.0
2017/09/01,136.0,136.24,133.74,134.74,465000,-1.0,-1.0,-1.0
2017/09/04,135.0,135.0,131.24,133.0,390000,-1.0,-1.0,-1.0
2017/09/05,133.24,134.0,130.74,131.5,230000,-1.0,-1.0,-1.0
2017/09/06,130.74,133.74,130.74,132.24,430000,-1.0,-1.0,-1.0
2017/09/07,134.74,135.24,133.5,135.24,400000,-1.0,-1.0,-1.0
2017/09/08,133.24,135.74,132.74,132.74,540000,-1.0,-1.0,-1.0
2017/09/11,133.74,134.5,132.5,133.24,200000,-1.0,-1.0,-1.0
2017/09/12,133.24,135.0,133.24,133.74,155000,-1.0,-1.0,-1.0
2017/09/13,136.24,140.74,136.24,139.0,1060000,-1.0,-1.0,-1.0
2017/09/14,141.5,141.5,137.5,138.0,480000,-1.0,-1.0,-1.0
2017/09/15,138.0,149.0,138.0,148.0,1670000,-1.0,-1.0,-1.0
2017/09/19,148.0,151.0,145.74,147.5,885000,-1.0,-1.0,-1.0
2017/09/20,148.24,150.0,144.24,146.0,650000,-1.0,-1.0,-1.0
2017/09/21,146.74,147.74,145.24,147.74,445000,-1.0,-1.0,-1.0
2017/09/22,146.24,146.74,143.74,145.74,390000,-1.0,-1.0,-1.0
2017/09/25,146.0,146.74,142.74,143.74,445000,-1.0,-1.0,-1.0
2017/09/26,144.5,145.74,142.24,145.24,585000,-1.0,-1.0,-1.0
2017/09/27,146.44000000000003,150.0,138.0,141.24,95000,-1.0,-1.0,-1.0
2017/09/28,140.5,142.6,139.1,141.70000000000002,81500,-1.0,-1.0,-1.0
2017/09/29,142.04000000000002,142.04000000000002,139.04000000000002,139.04000000000002,86000,-1.0,-1.0,-1.0
2017/10/02,139.24,139.70000000000002,136.44000000000003,138.94000000000003,199500,-1.0,-1.0,-1.0
2017/10/03,138.94000000000003,139.14000000000001,137.9,138.20000000000002,54500,-1.0,-1.0,-1.0
2017/10/04,138.9,138.9,135.70000000000002,136.4,96000,-1.0,-1.0,-1.0
2017/10/05,135.3,136.0,134.8,134.8,62500,-1.0,-1.0,-1.0
2017/10/06,134.5,136.74,134.5,136.54000000000002,71500,-1.0,-1.0,-1.0
2017/10/10,137.4,137.84,136.04000000000002,137.0,66500,-1.0,-1.0,-1.0
2017/10/11,136.94000000000003,136.94000000000003,135.5,136.20000000000002,66000,-1.0,-1.0,-1.0
2017/10/12,135.04000000000002,135.8,134.04000000000002,134.54000000000002,99500,-1.0,-1.0,-1.0
2017/10/13,135.8,137.20000000000002,134.70000000000002,136.94000000000003,90500,-1.0,-1.0,-1.0
2017/10/16,137.9,138.64000000000001,134.8,136.54000000000002,80000,-1.0,-1.0,-1.0
2017/10/17,137.9,146.44000000000003,136.74,145.8,305000,-1.0,-1.0,-1.0
2017/10/18,145.8,145.8,144.0,144.84,94000,-1.0,-1.0,-1.0
2017/10/19,144.04000000000002,144.8,140.74,141.1,87000,-1.0,-1.0,-1.0
2017/10/20,141.14000000000001,142.14000000000001,138.54000000000002,139.1,76000,-1.0,-1.0,-1.0
2017/10/23,141.64000000000001,141.64000000000001,139.6,141.1,60000,-1.0,-1.0,-1.0
2017/10/24,141.5,141.70000000000002,140.24,140.6,47500,-1.0,-1.0,-1.0
2017/10/25,141.24,144.54000000000002,141.24,143.20000000000002,118000,-1.0,-1.0,-1.0
2017/10/26,143.44000000000003,144.5,141.54000000000002,142.70000000000002,102000,-1.0,-1.0,-1.0
2017/10/27,143.64000000000001,144.54000000000002,142.0,142.74,163000,-1.0,-1.0,-1.0
2017/10/30,142.5,147.44000000000003,140.3,146.94000000000003,333000,-1.0,-1.0,-1.0
2017/10/31,146.74,150.0,145.84,150.0,165500,-1.0,-1.0,-1.0
2017/11/01,150.0,150.0,141.5,147.5,160500,-1.0,-1.0,-1.0
2017/11/02,146.20000000000002,149.04000000000002,144.3,145.84,98000,-1.0,-1.0,-1.0
2017/11/06,145.04000000000002,145.84,143.4,144.0,80000,-1.0,-1.0,-1.0
2017/11/07,143.5,143.5,141.8,142.0,76500,-1.0,-1.0,-1.0
2017/11/08,142.14000000000001,145.94000000000003,142.0,145.94000000000003,90500,-1.0,-1.0,-1.0
2017/11/09,145.94000000000003,145.94000000000003,142.14000000000001,143.9,60500,-1.0,-1.0,-1.0
2017/11/10,142.04000000000002,143.24,142.04000000000002,142.3,54500,-1.0,-1.0,-1.0
2017/11/13,143.9,143.9,141.84,142.8,69500,-1.0,-1.0,-1.0
2017/11/14,144.0,145.74,143.44000000000003,144.20000000000002,61500,-1.0,-1.0,-1.0
2017/11/15,144.04000000000002,144.04000000000002,141.0,141.84,117500,-1.0,-1.0,-1.0
2017/11/16,141.3,143.54000000000002,141.3,142.9,53500,-1.0,-1.0,-1.0
2017/11/17,142.14000000000001,144.8,142.14000000000001,143.74,75500,-1.0,-1.0,-1.0
2017/11/20,143.34,143.74,142.3,142.6,38500,-1.0,-1.0,-1.0
2017/11/21,143.0,145.0,143.0,144.34,36500,-1.0,-1.0,-1.0
2017/11/22,144.34,145.84,144.34,145.0,44500,-1.0,-1.0,-1.0
2017/11/24,145.0,146.34,145.0,145.54000000000002,95500,-1.0,-1.0,-1.0
2017/11/27,147.5,148.54000000000002,146.5,148.24,63000,-1.0,-1.0,-1.0
2017/11/28,148.24,149.0,147.1,148.6,114000,-1.0,-1.0,-1.0
2017/11/29,148.04000000000002,148.8,147.44000000000003,148.04000000000002,64000,-1.0,-1.0,-1.0
2017/11/30,148.64000000000001,148.64000000000001,145.74,146.54000000000002,72500,-1.0,-1.0,-1.0
2017/12/01,146.5,151.5,146.20000000000002,151.24,291500,-1.0,-1.0,-1.0
2017/12/04,151.0,158.24,150.0,155.5,246500,-1.0,-1.0,-1.0
2017/12/05,155.5,156.74,152.5,155.24,120000,-1.0,-1.0,-1.0
2017/12/06,154.5,154.74,151.74,152.5,70500,-1.0,-1.0,-1.0
2017/12/07,153.24,157.24,152.74,155.0,74000,-1.0,-1.0,-1.0
2017/12/08,151.5,153.5,151.0,151.74,124000,-1.0,-1.0,-1.0
2017/12/11,152.5,154.0,152.5,154.0,45000,-1.0,-1.0,-1.0
2017/12/12,154.5,155.74,154.0,155.0,79000,-1.0,-1.0,-1.0
2017/12/13,155.0,156.0,153.74,154.5,77500,-1.0,-1.0,-1.0
2017/12/14,154.5,157.24,154.5,156.24,89000,-1.0,-1.0,-1.0
2017/12/15,155.0,156.0,153.0,153.74,121000,-1.0,-1.0,-1.0
2017/12/18,155.5,162.5,155.5,162.0,188000,-1.0,-1.0,-1.0
2017/12/19,162.5,166.24,162.5,166.0,165000,-1.0,-1.0,-1.0
2017/12/20,167.0,167.5,166.0,167.24,100500,-1.0,-1.0,-1.0
2017/12/21,166.24,168.24,166.0,167.0,59000,-1.0,-1.0,-1.0
2017/12/22,167.0,173.24,166.74,172.24,128500,-1.0,-1.0,-1.0
2017/12/25,177.0,179.5,169.5,171.74,218500,-1.0,-1.0,-1.0
2017/12/26,170.0,171.74,164.5,165.0,154000,-1.0,-1.0,-1.0
2017/12/27,167.0,170.24,165.0,165.74,136500,-1.0,-1.0,-1.0
2017/12/28,165.24,168.74,164.5,164.5,67000,-1.0,-1.0,-1.0
2017/12/29,165.5,167.5,164.74,164.74,59500,-1.0,-1.0,-1.0
2018/01/04,165.74,171.24,164.5,170.0,108000,-1.0,-1.0,-1.0
2018/01/05,170.0,170.0,168.0,169.24,70500,-1.0,-1.0,-1.0
2018/01/09,169.5,170.24,169.0,169.74,57000,-1.0,-1.0,-1.0
2018/01/10,170.0,178.5,168.74,177.24,117500,-1.0,-1.0,-1.0
2018/01/11,178.5,185.74,178.5,181.0,344500,-1.0,-1.0,-1.0
2018/01/12,181.5,187.24,181.5,186.24,219500,-1.0,-1.0,-1.0
2018/01/15,187.74,189.74,180.0,180.5,161500,-1.0,-1.0,-1.0
2018/01/16,180.0,183.5,178.5,182.5,81500,-1.0,-1.0,-1.0
2018/01/17,186.0,192.5,185.0,190.0,287500,-1.0,-1.0,-1.0
2018/01/18,191.0,192.0,188.24,188.74,213500,-1.0,-1.0,-1.0
2018/01/19,191.24,195.0,191.24,194.0,201000,-1.0,-1.0,-1.0
2018/01/22,192.5,193.5,188.5,191.24,137500,-1.0,-1.0,-1.0
2018/01/23,191.24,191.24,189.74,190.0,78000,-1.0,-1.0,-1.0
2018/01/24,190.0,190.0,186.24,186.24,102500,-1.0,-1.0,-1.0
2018/01/25,186.24,190.5,185.5,186.74,86000,-1.0,-1.0,-1.0
2018/01/26,190.0,192.5,185.74,186.0,108500,-1.0,-1.0,-1.0
2018/01/29,188.74,188.74,185.24,186.0,69500,-1.0,-1.0,-1.0
2018/01/30,186.0,187.5,185.5,185.5,129000,-1.0,-1.0,-1.0
2018/01/31,184.24,185.0,180.24,180.24,143500,-1.0,-1.0,-1.0
2018/02/01,181.24,184.5,181.0,181.5,95500,-1.0,-1.0,-1.0
2018/02/02,180.24,181.24,178.24,180.0,98500,-1.0,-1.0,-1.0
2018/02/05,173.0,175.74,173.0,174.0,110500,-1.0,-1.0,-1.0
2018/02/06,149.5,167.24,148.24,165.0,194500,-1.0,-1.0,-1.0
2018/02/07,166.5,176.0,166.5,168.5,248000,-1.0,-1.0,-1.0
2018/02/08,168.74,171.0,165.0,166.74,78500,-1.0,-1.0,-1.0
2018/02/09,160.24,166.24,160.24,165.74,77000,-1.0,-1.0,-1.0
2018/02/13,167.24,168.74,160.0,161.24,230000,-1.0,-1.0,-1.0
2018/02/14,161.24,162.24,154.5,156.74,123000,-1.0,-1.0,-1.0
2018/02/15,160.0,160.24,156.5,157.74,80000,-1.0,-1.0,-1.0
2018/02/16,160.0,160.74,158.74,159.5,60000,-1.0,-1.0,-1.0
2018/02/19,162.5,164.0,161.0,163.74,31000,-1.0,-1.0,-1.0
2018/02/20,163.74,167.0,162.74,166.24,51000,-1.0,-1.0,-1.0
2018/02/21,165.5,166.5,163.74,164.5,26500,-1.0,-1.0,-1.0
2018/02/22,164.74,165.0,161.5,163.5,37000,-1.0,-1.0,-1.0
2018/02/23,162.5,163.74,162.5,163.24,23000,-1.0,-1.0,-1.0
2018/02/26,165.74,168.0,164.5,166.24,32000,-1.0,-1.0,-1.0
2018/02/27,167.74,173.0,167.74,171.74,110500,-1.0,-1.0,-1.0
2018/02/28,170.74,173.5,170.74,171.5,45500,-1.0,-1.0,-1.0
2018/03/01,172.24,172.5,166.5,166.74,48500,-1.0,-1.0,-1.0
2018/03/02,162.5,164.24,160.5,163.0,83500,-1.0,-1.0,-1.0
2018/03/05,162.74,163.74,158.0,159.0,60000,-1.0,-1.0,-1.0
2018/03/06,161.0,164.74,156.0,158.0,81000,-1.0,-1.0,-1.0
2018/03/07,158.24,159.74,155.5,156.74,67500,-1.0,-1.0,-1.0
2018/03/08,156.74,157.5,155.5,157.0,49000,-1.0,-1.0,-1.0
2018/03/09,158.24,160.5,155.74,158.24,81000,-1.0,-1.0,-1.0
2018/03/12,159.74,162.24,155.5,161.5,68000,-1.0,-1.0,-1.0
2018/03/13,160.5,168.5,160.5,168.5,86500,-1.0,-1.0,-1.0
2018/03/14,167.5,170.5,167.5,169.5,57000,-1.0,-1.0,-1.0
2018/03/15,172.24,179.0,172.0,172.24,144000,-1.0,-1.0,-1.0
2018/03/16,174.0,176.24,172.24,173.74,113000,-1.0,-1.0,-1.0
2018/03/19,173.74,175.24,168.5,169.0,70500,-1.0,-1.0,-1.0
2018/03/20,166.5,166.5,163.0,163.74,111500,-1.0,-1.0,-1.0
2018/03/22,163.74,165.74,162.74,164.24,61000,-1.0,-1.0,-1.0
2018/03/23,161.0,161.0,156.5,157.0,109500,-1.0,-1.0,-1.0
2018/03/26,157.0,157.24,152.5,157.24,66000,-1.0,-1.0,-1.0
2018/03/27,160.74,163.5,159.5,163.24,109500,-1.0,-1.0,-1.0
2018/03/28,161.74,161.74,157.74,160.74,39500,-1.0,-1.0,-1.0
2018/03/29,161.5,162.24,157.74,159.5,54000,-1.0,-1.0,-1.0
2018/03/30,161.74,161.74,159.24,160.5,20500,-1.0,-1.0,-1.0
2018/04/02,160.5,161.5,159.24,160.0,28000,-1.0,-1.0,-1.0
2018/04/03,158.24,160.0,156.24,156.24,58500,-1.0,-1.0,-1.0
2018/04/04,156.5,159.5,156.5,158.24,47500,-1.0,-1.0,-1.0
2018/04/05,159.74,161.74,158.0,161.5,63000,-1.0,-1.0,-1.0
2018/04/06,162.24,162.24,158.74,161.24,66000,-1.0,-1.0,-1.0
2018/04/09,161.24,161.24,158.24,160.5,37500,-1.0,-1.0,-1.0
2018/04/10,160.5,161.74,159.5,161.5,68000,-1.0,-1.0,-1.0
2018/04/11,160.5,160.5,158.74,159.5,35000,-1.0,-1.0,-1.0
2018/04/12,160.5,161.0,157.74,159.5,31000,-1.0,-1.0,-1.0
2018/04/13,159.74,161.0,157.0,157.0,47500,-1.0,-1.0,-1.0
2018/04/16,157.24,157.24,153.74,156.74,72500,-1.0,-1.0,-1.0
2018/04/17,155.24,156.24,153.5,154.24,69000,-1.0,-1.0,-1.0
2018/04/18,155.74,158.5,155.74,157.74,62500,-1.0,-1.0,-1.0
2018/04/19,157.74,161.5,157.74,160.0,40000,-1.0,-1.0,-1.0
2018/04/20,159.74,159.74,157.74,158.0,44500,-1.0,-1.0,-1.0
2018/04/23,159.5,161.0,158.5,159.5,29000,-1.0,-1.0,-1.0
2018/04/24,161.24,163.74,160.74,162.24,41500,-1.0,-1.0,-1.0
2018/04/25,159.5,160.5,159.24,159.24,48000,-1.0,-1.0,-1.0
2018/04/26,161.0,166.5,158.74,164.0,190000,-1.0,-1.0,-1.0
2018/04/27,165.5,171.5,164.74,171.24,137000,-1.0,-1.0,-1.0
2018/05/01,171.5,174.0,169.74,170.24,59000,-1.0,-1.0,-1.0
2018/05/02,170.5,170.5,164.74,165.74,51000,-1.0,-1.0,-1.0
2018/05/07,166.0,166.24,164.74,166.0,33000,-1.0,-1.0,-1.0
2018/05/08,166.5,167.74,163.5,163.5,54000,-1.0,-1.0,-1.0
2018/05/09,164.0,166.0,162.0,163.5,41500,-1.0,-1.0,-1.0
2018/05/10,163.24,176.24,162.5,175.24,137500,-1.0,-1.0,-1.0
2018/05/11,176.0,184.5,174.74,184.24,162000,-1.0,-1.0,-1.0
2018/05/14,182.24,182.24,179.74,179.74,75000,-1.0,-1.0,-1.0
2018/05/15,176.74,182.0,176.74,180.5,76000,-1.0,-1.0,-1.0
2018/05/16,178.0,181.0,176.5,179.5,31500,-1.0,-1.0,-1.0
2018/05/17,178.0,179.24,176.24,177.0,58000,-1.0,-1.0,-1.0
2018/05/18,177.0,177.0,173.24,174.24,50000,-1.0,-1.0,-1.0
2018/05/21,173.0,174.5,172.24,173.5,35000,-1.0,-1.0,-1.0
2018/05/22,171.5,172.0,170.24,170.24,30000,-1.0,-1.0,-1.0
2018/05/23,170.24,171.74,165.5,168.0,53500,-1.0,-1.0,-1.0
2018/05/24,169.0,169.0,165.5,165.5,25000,-1.0,-1.0,-1.0
2018/05/25,165.0,165.0,160.74,161.74,78000,-1.0,-1.0,-1.0
2018/05/28,161.74,163.24,160.5,161.5,45000,-1.0,-1.0,-1.0
2018/05/29,161.5,163.24,160.0,160.5,24500,-1.0,-1.0,-1.0
2018/05/30,160.0,160.0,156.24,157.0,57500,-1.0,-1.0,-1.0
2018/05/31,159.0,159.5,154.0,154.0,133500,-1.0,-1.0,-1.0
2018/06/01,155.24,158.5,152.5,156.74,77500,-1.0,-1.0,-1.0
2018/06/04,158.24,160.0,157.5,160.0,63000,-1.0,-1.0,-1.0
2018/06/05,160.0,160.0,156.24,157.0,64500,-1.0,-1.0,-1.0
2018/06/06,157.0,157.0,153.74,155.0,62500,-1.0,-1.0,-1.0
2018/06/07,155.24,158.5,155.24,158.5,33500,-1.0,-1.0,-1.0
2018/06/08,155.5,158.74,154.5,156.24,93000,-1.0,-1.0,-1.0
2018/06/11,155.74,156.5,155.5,155.5,32500,-1.0,-1.0,-1.0
2018/06/12,155.74,157.0,154.0,154.0,58500,-1.0,-1.0,-1.0
2018/06/13,154.0,155.0,154.0,154.74,22500,-1.0,-1.0,-1.0
2018/06/14,155.0,155.0,153.0,154.0,58000,-1.0,-1.0,-1.0
2018/06/15,154.0,155.24,153.74,154.24,58000,-1.0,-1.0,-1.0
2018/06/18,154.24,154.24,149.9,149.94000000000003,68000,-1.0,-1.0,-1.0
2018/06/19,149.8,150.74,146.14000000000001,146.64000000000001,67000,-1.0,-1.0,-1.0
2018/06/20,146.64000000000001,149.24,143.1,148.34,57500,-1.0,-1.0,-1.0
2018/06/21,148.1,149.20000000000002,145.0,145.44000000000003,40500,-1.0,-1.0,-1.0
2018/06/22,145.4,166.5,144.54000000000002,165.74,349500,-1.0,-1.0,-1.0
2018/06/25,165.0,165.0,154.5,154.74,160500,-1.0,-1.0,-1.0
2018/06/26,152.5,159.5,150.74,156.5,104500,-1.0,-1.0,-1.0
2018/06/27,157.24,159.0,154.5,157.0,89500,-1.0,-1.0,-1.0
2018/06/28,156.5,159.74,156.5,158.24,68000,-1.0,-1.0,-1.0
2018/06/29,159.74,160.74,158.0,158.24,53500,-1.0,-1.0,-1.0
2018/07/02,158.5,161.5,155.0,155.24,125500,-1.0,-1.0,-1.0
2018/07/03,156.0,156.0,151.0,152.24,53500,-1.0,-1.0,-1.0
2018/07/04,151.74,151.74,150.0,150.0,31500,-1.0,-1.0,-1.0
2018/07/05,150.0,150.24,144.54000000000002,146.54000000000002,99500,-1.0,-1.0,-1.0
2018/07/06,145.44000000000003,148.44000000000003,145.44000000000003,147.0,70500,-1.0,-1.0,-1.0
2018/07/09,147.0,148.5,146.24,148.34,26000,-1.0,-1.0,-1.0
2018/07/10,151.0,152.0,146.9,146.9,71500,-1.0,-1.0,-1.0
2018/07/11,147.5,148.24,144.70000000000002,147.74,63500,-1.0,-1.0,-1.0
2018/07/12,148.44000000000003,148.44000000000003,146.4,147.84,32000,-1.0,-1.0,-1.0
2018/07/13,147.20000000000002,147.44000000000003,145.54000000000002,147.44000000000003,42000,-1.0,-1.0,-1.0
2018/07/17,147.20000000000002,149.3,146.5,147.9,41000,-1.0,-1.0,-1.0
2018/07/18,147.9,150.24,147.9,148.74,26500,-1.0,-1.0,-1.0
2018/07/19,149.84,150.0,148.70000000000002,148.70000000000002,15500,-1.0,-1.0,-1.0
2018/07/20,148.6,150.24,147.0,147.94000000000003,33000,-1.0,-1.0,-1.0
2018/07/23,146.54000000000002,149.20000000000002,146.54000000000002,146.54000000000002,29000,-1.0,-1.0,-1.0
2018/07/24,149.04000000000002,149.64000000000001,146.9,149.64000000000001,19000,-1.0,-1.0,-1.0
2018/07/25,149.64000000000001,150.5,148.74,149.54000000000002,45500,-1.0,-1.0,-1.0
2018/07/26,150.24,152.5,149.14000000000001,150.5,34500,-1.0,-1.0,-1.0
2018/07/27,152.24,153.0,150.74,151.0,49000,-1.0,-1.0,-1.0
2018/07/30,151.24,151.74,148.74,150.24,41500,-1.0,-1.0,-1.0
2018/07/31,151.74,151.74,143.04000000000002,145.70000000000002,122000,-1.0,-1.0,-1.0
2018/08/01,148.20000000000002,149.4,146.64000000000001,148.8,54500,-1.0,-1.0,-1.0
2018/08/02,150.0,157.0,150.0,152.0,144500,-1.0,-1.0,-1.0
2018/08/03,153.0,155.74,153.0,153.74,110500,-1.0,-1.0,-1.0
2018/08/06,153.74,153.74,151.0,151.74,29000,-1.0,-1.0,-1.0
2018/08/07,150.74,153.5,150.74,153.0,29000,-1.0,-1.0,-1.0
2018/08/08,152.74,152.74,149.5,152.0,54000,-1.0,-1.0,-1.0
2018/08/09,150.24,153.0,150.24,153.0,35000,-1.0,-1.0,-1.0
2018/08/10,153.5,153.5,151.5,151.5,49000,-1.0,-1.0,-1.0
2018/08/13,151.0,151.24,147.5,148.34,67000,-1.0,-1.0,-1.0
2018/08/14,149.84,153.24,148.84,150.74,22500,-1.0,-1.0,-1.0
2018/08/15,150.5,150.5,147.34,147.8,20000,-1.0,-1.0,-1.0
2018/08/16,146.8,149.54000000000002,145.24,147.54000000000002,41500,-1.0,-1.0,-1.0
2018/08/17,146.9,149.9,146.04000000000002,147.70000000000002,26000,-1.0,-1.0,-1.0
2018/08/20,149.44000000000003,149.5,145.20000000000002,146.6,52500,-1.0,-1.0,-1.0
2018/08/21,145.24,145.84,144.84,144.84,34000,-1.0,-1.0,-1.0
2018/08/22,144.8,147.4,144.6,144.70000000000002,48000,-1.0,-1.0,-1.0
2018/08/23,144.70000000000002,147.34,144.70000000000002,144.74,26000,-1.0,-1.0,-1.0
2018/08/24,146.54000000000002,147.20000000000002,144.5,146.04000000000002,61500,-1.0,-1.0,-1.0
2018/08/27,149.9,150.0,146.24,149.9,63000,-1.0,-1.0,-1.0
2018/08/28,149.84,153.5,149.3,152.74,55000,-1.0,-1.0,-1.0
2018/08/29,152.74,153.74,151.74,152.74,26500,-1.0,-1.0,-1.0
2018/08/30,153.74,161.74,152.74,160.0,181000,-1.0,-1.0,-1.0
2018/08/31,157.74,160.0,156.0,156.74,78000,-1.0,-1.0,-1.0
2018/09/03,155.74,156.5,153.24,155.0,47500,-1.0,-1.0,-1.0
2018/09/04,153.5,160.0,153.5,158.0,69500,-1.0,-1.0,-1.0
2018/09/05,156.5,158.0,154.0,154.5,104500,-1.0,-1.0,-1.0
2018/09/06,154.5,155.5,152.24,154.74,48500,-1.0,-1.0,-1.0
2018/09/07,153.24,156.5,152.5,155.74,47500,-1.0,-1.0,-1.0
2018/09/10,159.24,162.24,157.0,158.5,119500,-1.0,-1.0,-1.0
2018/09/11,158.5,163.0,156.5,162.0,115000,-1.0,-1.0,-1.0
2018/09/12,162.74,162.74,157.74,161.24,74000,-1.0,-1.0,-1.0
2018/09/13,161.0,163.74,159.74,161.24,57500,-1.0,-1.0,-1.0
2018/09/14,163.5,170.0,162.5,166.24,153000,-1.0,-1.0,-1.0
2018/09/18,167.0,168.24,164.5,165.74,75000,-1.0,-1.0,-1.0
2018/09/19,166.24,172.5,166.24,168.24,94500,-1.0,-1.0,-1.0
2018/09/20,168.0,170.0,166.0,167.5,80500,-1.0,-1.0,-1.0
2018/09/21,169.0,170.24,168.0,169.74,71500,-1.0,-1.0,-1.0
2018/09/25,170.5,170.5,164.0,169.74,113500,-1.0,-1.0,-1.0
2018/09/26,168.24,168.24,164.5,165.74,80000,-1.0,-1.0,-1.0
2018/09/27,165.74,165.74,160.5,160.5,44000,-1.0,-1.0,-1.0
2018/09/28,160.5,162.24,158.0,158.24,57000,-1.0,-1.0,-1.0
2018/10/01,159.24,161.0,158.24,158.74,36000,-1.0,-1.0,-1.0
2018/10/02,160.74,163.0,159.5,161.0,59000,-1.0,-1.0,-1.0
2018/10/03,161.24,162.74,157.74,158.0,84000,-1.0,-1.0,-1.0
2018/10/04,159.74,160.74,159.5,160.0,50500,-1.0,-1.0,-1.0
2018/10/05,160.24,160.24,158.74,159.74,44500,-1.0,-1.0,-1.0
2018/10/09,159.74,159.74,147.54000000000002,148.1,92500,-1.0,-1.0,-1.0
2018/10/10,151.74,155.74,151.74,153.5,80500,-1.0,-1.0,-1.0
2018/10/11,151.0,152.74,149.5,149.70000000000002,127000,-1.0,-1.0,-1.0
2018/10/12,149.70000000000002,150.24,148.14000000000001,148.54000000000002,78500,-1.0,-1.0,-1.0
2018/10/15,148.4,149.94000000000003,148.0,149.24,70000,-1.0,-1.0,-1.0
2018/10/16,149.24,149.24,145.70000000000002,146.04000000000002,77000,-1.0,-1.0,-1.0
2018/10/17,146.44000000000003,149.3,146.14000000000001,148.44000000000003,73000,-1.0,-1.0,-1.0
2018/10/18,149.4,149.4,147.20000000000002,148.20000000000002,49500,-1.0,-1.0,-1.0
2018/10/19,146.44000000000003,148.54000000000002,144.34,146.9,92000,-1.0,-1.0,-1.0
2018/10/22,147.5,151.5,146.54000000000002,149.6,94000,-1.0,-1.0,-1.0
2018/10/23,149.64000000000001,151.0,147.54000000000002,148.14000000000001,89500,-1.0,-1.0,-1.0
2018/10/24,148.14000000000001,150.5,145.6,146.44000000000003,103500,-1.0,-1.0,-1.0
2018/10/25,143.0,145.6,140.4,141.74,96500,-1.0,-1.0,-1.0
2018/10/26,141.74,151.24,137.74,149.0,375000,-1.0,-1.0,-1.0
2018/10/29,155.0,155.74,149.5,150.5,234000,-1.0,-1.0,-1.0
2018/10/30,148.14000000000001,156.74,148.04000000000002,155.74,129000,-1.0,-1.0,-1.0
2018/10/31,155.5,157.0,151.24,157.0,122500,-1.0,-1.0,-1.0
2018/11/01,155.0,157.5,152.5,155.5,111000,-1.0,-1.0,-1.0
2018/11/02,155.24,164.0,155.24,163.24,153000,-1.0,-1.0,-1.0
2018/11/05,164.5,168.0,158.24,159.5,140500,-1.0,-1.0,-1.0
2018/11/06,159.74,163.0,158.24,161.5,70000,-1.0,-1.0,-1.0
2018/11/07,163.74,163.74,155.5,156.5,70000,-1.0,-1.0,-1.0
2018/11/08,158.24,158.24,155.74,156.5,64500,-1.0,-1.0,-1.0
2018/11/09,157.24,157.24,154.0,156.24,104000,-1.0,-1.0,-1.0
2018/11/12,156.0,156.0,152.74,154.5,58000,-1.0,-1.0,-1.0
2018/11/13,152.74,153.74,150.5,153.0,85500,-1.0,-1.0,-1.0
2018/11/14,152.0,152.5,149.8,149.8,120000,-1.0,-1.0,-1.0
2018/11/15,148.3,150.74,148.3,150.0,92500,-1.0,-1.0,-1.0
2018/11/16,149.70000000000002,151.0,147.5,148.84,77500,-1.0,-1.0,-1.0
2018/11/19,150.5,151.24,148.5,150.74,43000,-1.0,-1.0,-1.0
2018/11/20,150.74,151.0,149.24,150.24,32500,-1.0,-1.0,-1.0
2018/11/21,148.8,148.8,147.3,147.74,79500,-1.0,-1.0,-1.0
2018/11/22,147.74,147.74,145.54000000000002,146.4,56500,-1.0,-1.0,-1.0
2018/11/26,144.5,145.8,141.94000000000003,144.3,141500,-1.0,-1.0,-1.0
2018/11/27,146.8,148.6,144.5,148.5,116000,-1.0,-1.0,-1.0
2018/11/28,150.74,155.0,148.5,154.0,86000,-1.0,-1.0,-1.0
2018/11/29,156.24,157.5,154.5,155.24,73000,-1.0,-1.0,-1.0
2018/11/30,155.0,157.5,151.0,157.0,153000,-1.0,-1.0,-1.0
2018/12/03,159.0,164.24,159.0,164.0,182000,-1.0,-1.0,-1.0
2018/12/04,164.0,164.74,159.5,161.0,93000,-1.0,-1.0,-1.0
2018/12/05,160.74,160.74,156.0,159.5,80500,-1.0,-1.0,-1.0
2018/12/06,159.5,159.5,152.74,154.74,82000,-1.0,-1.0,-1.0
2018/12/07,152.74,154.74,150.24,151.5,91000,-1.0,-1.0,-1.0
2018/12/10,149.5,151.74,146.1,146.54000000000002,85000,-1.0,-1.0,-1.0
2018/12/11,146.24,147.34,144.24,144.64000000000001,72000,-1.0,-1.0,-1.0
2018/12/12,145.0,145.5,142.84,144.74,94000,-1.0,-1.0,-1.0
2018/12/13,146.44000000000003,147.0,144.1,145.1,78000,-1.0,-1.0,-1.0
2018/12/14,141.0,143.44000000000003,140.0,140.20000000000002,206500,-1.0,-1.0,-1.0
2018/12/17,137.70000000000002,138.70000000000002,134.24,135.70000000000002,189000,-1.0,-1.0,-1.0
2018/12/18,135.70000000000002,137.84,134.20000000000002,135.54000000000002,102000,-1.0,-1.0,-1.0
2018/12/19,135.4,139.34,134.8,138.34,111000,-1.0,-1.0,-1.0
2018/12/20,138.1,138.1,131.24,131.34,99500,-1.0,-1.0,-1.0
2018/12/21,130.54000000000002,133.14000000000001,124.74000000000001,133.14000000000001,157000,-1.0,-1.0,-1.0
2018/12/25,122.5,125.04000000000002,121.14000000000001,121.94000000000001,143000,-1.0,-1.0,-1.0
2018/12/26,122.74000000000001,127.7,121.5,123.04000000000002,114000,-1.0,-1.0,-1.0
2018/12/27,129.20000000000002,130.64000000000001,128.1,130.5,70500,-1.0,-1.0,-1.0
2018/12/28,130.64000000000001,133.4,129.74,130.84,38000,-1.0,-1.0,-1.0
2019/01/04,126.60000000000001,126.9,123.7,126.5,137500,-1.0,-1.0,-1.0
2019/01/07,129.0,131.0,126.54000000000002,126.74000000000001,79000,-1.0,-1.0,-1.0
2019/01/08,126.74000000000001,129.1,126.34000000000002,128.5,97000,-1.0,-1.0,-1.0
2019/01/09,128.44000000000003,129.94000000000003,125.64000000000001,125.84000000000002,85000,-1.0,-1.0,-1.0
2019/01/10,125.04000000000002,126.34000000000002,124.0,126.2,50500,-1.0,-1.0,-1.0
2019/01/11,126.04000000000002,127.64000000000001,125.0,125.0,73500,-1.0,-1.0,-1.0
2019/01/15,123.5,126.0,123.5,124.2,69000,-1.0,-1.0,-1.0
2019/01/16,125.44000000000001,127.34000000000002,124.94000000000001,125.60000000000001,46500,-1.0,-1.0,-1.0
2019/01/17,125.4,128.4,124.2,127.54000000000002,110500,-1.0,-1.0,-1.0
2019/01/18,126.34000000000002,128.84,126.04000000000002,126.30000000000001,90500,-1.0,-1.0,-1.0
2019/01/21,127.5,128.0,126.24000000000001,126.9,48000,-1.0,-1.0,-1.0
2019/01/22,128.34,128.34,126.10000000000001,126.84000000000002,32500,-1.0,-1.0,-1.0
2019/01/23,126.14000000000001,126.7,125.0,125.54000000000002,69000,-1.0,-1.0,-1.0
2019/01/24,125.54000000000002,129.20000000000002,125.5,129.0,69000,-1.0,-1.0,-1.0
2019/01/25,128.6,132.74,128.6,129.74,108500,-1.0,-1.0,-1.0
2019/01/28,130.1,131.8,129.4,129.8,72500,-1.0,-1.0,-1.0
2019/01/29,129.0,129.74,125.94000000000001,129.4,61500,-1.0,-1.0,-1.0
2019/01/30,129.4,129.4,126.04000000000002,126.24000000000001,79000,-1.0,-1.0,-1.0
2019/01/31,126.9,128.0,125.94000000000001,127.64000000000001,56500,-1.0,-1.0,-1.0
2019/02/01,127.5,132.14000000000001,127.5,130.9,111000,-1.0,-1.0,-1.0
2019/02/04,132.4,134.24,130.54000000000002,133.70000000000002,62000,-1.0,-1.0,-1.0
2019/02/05,135.0,136.34,133.84,135.74,78000,-1.0,-1.0,-1.0
2019/02/06,136.04000000000002,141.34,136.0,139.14000000000001,290500,-1.0,-1.0,-1.0
2019/02/07,140.04000000000002,140.5,137.9,139.4,70500,-1.0,-1.0,-1.0
2019/02/08,138.04000000000002,139.1,135.1,136.3,68000,-1.0,-1.0,-1.0
2019/02/12,136.24,142.20000000000002,136.24,141.6,103000,-1.0,-1.0,-1.0
2019/02/13,142.14000000000001,143.5,139.0,143.5,78500,-1.0,-1.0,-1.0
2019/02/14,142.14000000000001,147.0,141.20000000000002,145.9,149500,-1.0,-1.0,-1.0
2019/02/15,144.54000000000002,146.54000000000002,142.1,146.4,45000,-1.0,-1.0,-1.0
2019/02/18,148.5,155.0,148.5,154.5,148500,-1.0,-1.0,-1.0
2019/02/19,153.5,159.5,152.74,158.24,187000,-1.0,-1.0,-1.0
2019/02/20,156.74,161.74,156.74,157.74,114000,-1.0,-1.0,-1.0
2019/02/21,157.0,159.5,152.24,152.5,143500,-1.0,-1.0,-1.0
2019/02/22,152.5,156.74,151.5,154.24,81500,-1.0,-1.0,-1.0
2019/02/25,156.24,162.0,156.24,160.5,149000,-1.0,-1.0,-1.0
2019/02/26,160.5,162.0,155.5,157.5,84500,-1.0,-1.0,-1.0
2019/02/27,159.0,160.74,156.0,157.5,133500,-1.0,-1.0,-1.0
2019/02/28,157.5,161.24,156.0,158.0,172500,-1.0,-1.0,-1.0
2019/03/01,157.5,160.74,157.24,159.74,68500,-1.0,-1.0,-1.0
2019/03/04,161.24,161.74,159.5,161.74,56000,-1.0,-1.0,-1.0
2019/03/05,160.24,161.24,158.24,160.74,67000,-1.0,-1.0,-1.0
2019/03/06,160.0,160.0,158.24,159.24,43500,-1.0,-1.0,-1.0
2019/03/07,157.5,158.0,155.74,157.74,70500,-1.0,-1.0,-1.0
2019/03/08,153.0,154.24,150.74,151.0,111000,-1.0,-1.0,-1.0
2019/03/11,150.0,153.74,150.0,151.74,47500,-1.0,-1.0,-1.0
2019/03/12,152.0,158.24,152.0,156.0,73500,-1.0,-1.0,-1.0
2019/03/13,154.0,156.5,152.0,154.74,39500,-1.0,-1.0,-1.0
2019/03/14,155.0,156.5,150.24,151.0,58000,-1.0,-1.0,-1.0
2019/03/15,151.5,156.74,151.5,156.24,87000,-1.0,-1.0,-1.0
2019/03/18,155.74,158.74,155.74,158.5,78500,-1.0,-1.0,-1.0
2019/03/19,157.5,159.0,156.5,157.74,38000,-1.0,-1.0,-1.0
2019/03/20,157.5,159.74,157.5,159.0,99500,-1.0,-1.0,-1.0
2019/03/22,159.0,160.5,157.74,159.5,96500,-1.0,-1.0,-1.0
2019/03/25,158.24,158.24,150.24,153.74,72000,-1.0,-1.0,-1.0
2019/03/26,157.24,161.74,155.0,159.5,182000,-1.0,-1.0,-1.0
2019/03/27,159.0,159.74,156.24,159.24,120000,-1.0,-1.0,-1.0
2019/03/28,158.74,158.74,154.24,156.5,79000,-1.0,-1.0,-1.0
2019/03/29,158.0,158.0,154.0,156.74,38000,-1.0,-1.0,-1.0
2019/04/01,157.24,161.5,156.5,160.0,75000,-1.0,-1.0,-1.0
2019/04/02,161.0,162.5,160.5,162.0,93500,-1.0,-1.0,-1.0
2019/04/03,161.5,162.24,159.5,162.0,82500,-1.0,-1.0,-1.0
2019/04/04,162.0,162.0,159.24,160.0,80500,-1.0,-1.0,-1.0
2019/04/05,160.0,160.5,159.0,160.0,44000,-1.0,-1.0,-1.0
2019/04/08,160.0,160.0,158.0,159.24,36000,-1.0,-1.0,-1.0
2019/04/09,159.24,159.24,157.24,159.24,20500,-1.0,-1.0,-1.0
2019/04/10,156.74,160.0,156.74,158.5,31500,-1.0,-1.0,-1.0
2019/04/11,158.0,159.5,156.5,158.5,44000,-1.0,-1.0,-1.0
2019/04/12,158.5,159.0,157.0,157.24,32500,-1.0,-1.0,-1.0
2019/04/15,159.24,162.5,159.0,162.5,113500,-1.0,-1.0,-1.0
2019/04/16,159.0,163.24,159.0,159.74,43000,-1.0,-1.0,-1.0
2019/04/17,159.74,162.24,159.74,162.0,34500,-1.0,-1.0,-1.0
2019/04/18,162.0,162.0,157.0,158.5,73000,-1.0,-1.0,-1.0
2019/04/19,159.74,161.5,159.74,159.74,40500,-1.0,-1.0,-1.0
2019/04/22,159.74,161.0,157.74,158.0,29000,-1.0,-1.0,-1.0
2019/04/23,159.5,162.74,158.0,159.24,102000,-1.0,-1.0,-1.0
2019/04/24,161.74,165.0,161.0,162.24,89500,-1.0,-1.0,-1.0
2019/04/25,163.0,163.24,160.5,162.0,85000,-1.0,-1.0,-1.0
2019/04/26,162.0,167.24,162.0,165.24,139000,-1.0,-1.0,-1.0
2019/05/07,166.74,166.74,162.74,164.24,93000,-1.0,-1.0,-1.0
2019/05/08,163.0,163.24,160.24,160.24,72000,-1.0,-1.0,-1.0
2019/05/09,165.0,177.0,164.24,176.74,467500,-1.0,-1.0,-1.0
2019/05/10,162.74,169.24,157.24,162.5,479000,-1.0,-1.0,-1.0
2019/05/13,161.0,164.74,157.5,164.0,61000,-1.0,-1.0,-1.0
2019/05/14,160.5,163.74,158.24,163.0,65500,-1.0,-1.0,-1.0
2019/05/15,164.74,166.24,161.5,163.24,63500,-1.0,-1.0,-1.0
2019/05/16,166.74,168.5,164.5,168.0,65000,-1.0,-1.0,-1.0
2019/05/17,171.5,173.0,169.24,171.0,119500,-1.0,-1.0,-1.0
2019/05/20,171.0,171.24,166.5,169.0,56000,-1.0,-1.0,-1.0
2019/05/21,168.24,169.0,165.5,166.5,76000,-1.0,-1.0,-1.0
2019/05/22,168.0,171.74,166.0,169.74,53500,-1.0,-1.0,-1.0
2019/05/23,169.74,170.74,167.0,168.5,36000,-1.0,-1.0,-1.0
2019/05/24,168.24,169.74,167.0,168.74,26500,-1.0,-1.0,-1.0
2019/05/27,169.24,172.24,169.0,172.0,63500,-1.0,-1.0,-1.0
2019/05/28,171.74,171.74,168.0,170.5,49500,-1.0,-1.0,-1.0
2019/05/29,167.24,170.74,165.5,168.0,86500,-1.0,-1.0,-1.0
2019/05/30,167.0,169.0,164.24,167.0,72500,-1.0,-1.0,-1.0
2019/05/31,167.0,167.0,162.24,162.24,57500,-1.0,-1.0,-1.0
2019/06/03,158.0,159.0,155.24,156.5,102000,-1.0,-1.0,-1.0
2019/06/04,157.5,165.0,156.5,165.0,48500,-1.0,-1.0,-1.0
2019/06/05,167.0,170.74,165.74,170.24,68500,-1.0,-1.0,-1.0
2019/06/06,169.0,170.5,167.5,168.5,32000,-1.0,-1.0,-1.0
2019/06/07,168.5,172.5,166.0,172.5,61000,-1.0,-1.0,-1.0
2019/06/10,172.5,178.5,172.5,177.74,114500,-1.0,-1.0,-1.0
2019/06/11,175.74,176.5,173.74,175.0,98500,-1.0,-1.0,-1.0
2019/06/12,173.74,174.0,171.5,172.5,49500,-1.0,-1.0,-1.0
2019/06/13,171.5,177.24,169.0,174.0,91500,-1.0,-1.0,-1.0
2019/06/14,177.24,177.24,174.74,176.74,127500,-1.0,-1.0,-1.0
2019/06/17,176.74,177.5,173.5,173.74,103500,-1.0,-1.0,-1.0
2019/06/18,174.74,176.24,170.5,172.0,88000,-1.0,-1.0,-1.0
2019/06/19,172.74,175.5,172.24,173.5,99000,-1.0,-1.0,-1.0
2019/06/20,174.74,177.24,173.0,176.0,106500,-1.0,-1.0,-1.0
2019/06/21,176.24,177.5,172.5,172.5,233000,-1.0,-1.0,-1.0
2019/06/24,176.0,177.5,173.74,176.5,86500,-1.0,-1.0,-1.0
2019/06/25,177.5,182.5,176.74,179.24,174500,-1.0,-1.0,-1.0
2019/06/26,178.0,181.24,177.5,177.74,167500,-1.0,-1.0,-1.0
2019/06/27,177.5,181.74,177.5,180.5,144000,-1.0,-1.0,-1.0
2019/06/28,179.5,182.0,177.74,179.24,113000,-1.0,-1.0,-1.0
2019/07/01,180.5,183.74,180.5,181.24,176500,-1.0,-1.0,-1.0
2019/07/02,181.0,187.24,178.0,183.5,210000,-1.0,-1.0,-1.0
2019/07/03,183.0,188.24,182.24,188.24,171000,-1.0,-1.0,-1.0
2019/07/04,189.0,189.5,185.0,186.0,148500,-1.0,-1.0,-1.0
2019/07/05,186.74,187.0,182.5,183.24,130500,-1.0,-1.0,-1.0
2019/07/08,181.5,186.24,180.5,183.74,123500,-1.0,-1.0,-1.0
2019/07/09,181.0,183.0,178.5,178.74,107000,-1.0,-1.0,-1.0
2019/07/10,178.5,178.74,175.0,178.0,66000,-1.0,-1.0,-1.0
2019/07/11,179.0,182.24,178.5,181.74,125500,-1.0,-1.0,-1.0
2019/07/12,182.0,186.24,180.5,185.24,150000,-1.0,-1.0,-1.0
2019/07/16,185.0,191.0,184.74,189.0,204000,-1.0,-1.0,-1.0
2019/07/17,188.74,191.24,187.5,189.74,165500,-1.0,-1.0,-1.0
2019/07/18,189.0,189.24,180.5,181.0,146500,-1.0,-1.0,-1.0
2019/07/19,182.24,189.74,182.0,189.5,113500,-1.0,-1.0,-1.0
2019/07/22,190.5,196.24,189.5,193.5,233500,-1.0,-1.0,-1.0
2019/07/23,192.5,200.0,192.5,194.74,285500,-1.0,-1.0,-1.0
2019/07/24,195.74,200.0,195.0,198.24,234500,-1.0,-1.0,-1.0
2019/07/25,196.74,199.24,194.0,198.0,148500,-1.0,-1.0,-1.0
2019/07/26,197.0,200.0,196.74,199.0,95000,-1.0,-1.0,-1.0
2019/07/29,199.0,206.5,198.74,204.24,512000,-1.0,-1.0,-1.0
2019/07/30,204.24,204.24,198.5,199.24,155500,-1.0,-1.0,-1.0
2019/07/31,198.5,198.5,193.5,193.5,203500,-1.0,-1.0,-1.0
2019/08/01,193.24,204.24,193.24,204.0,256000,-1.0,-1.0,-1.0
2019/08/02,201.0,228.74,194.24,212.5,1213000,-1.0,-1.0,-1.0
2019/08/05,211.5,216.5,200.5,203.74,446500,-1.0,-1.0,-1.0
2019/08/06,194.24,201.5,190.5,199.5,343000,-1.0,-1.0,-1.0
2019/08/07,200.0,200.5,190.74,193.5,307500,-1.0,-1.0,-1.0
2019/08/08,193.5,195.5,188.74,192.0,203500,-1.0,-1.0,-1.0
2019/08/09,192.0,192.5,187.5,189.5,242000,-1.0,-1.0,-1.0
2019/08/13,186.0,187.24,181.0,186.24,191000,-1.0,-1.0,-1.0
2019/08/14,186.5,193.0,186.5,191.74,135500,-1.0,-1.0,-1.0
2019/08/15,186.24,188.0,185.5,187.5,85500,-1.0,-1.0,-1.0
2019/08/16,187.5,190.0,186.74,188.24,91000,-1.0,-1.0,-1.0
2019/08/19,192.5,194.5,191.5,192.24,104500,-1.0,-1.0,-1.0
2019/08/20,194.0,203.74,193.5,201.74,268500,-1.0,-1.0,-1.0
2019/08/21,198.74,205.5,196.24,203.5,249500,-1.0,-1.0,-1.0
2019/08/22,206.24,206.5,196.74,197.74,170500,-1.0,-1.0,-1.0
2019/08/23,198.0,201.5,196.24,200.24,96000,-1.0,-1.0,-1.0
2019/08/26,191.0,199.5,190.5,197.0,148000,-1.0,-1.0,-1.0
2019/08/27,198.74,203.24,198.74,201.0,110000,-1.0,-1.0,-1.0
2019/08/28,201.74,203.5,199.74,203.5,132500,-1.0,-1.0,-1.0
2019/08/29,203.74,204.0,198.24,200.0,163500,-1.0,-1.0,-1.0
2019/08/30,202.5,204.24,201.24,203.24,98000,-1.0,-1.0,-1.0
2019/09/02,202.74,212.5,202.74,208.74,250500,-1.0,-1.0,-1.0
2019/09/03,207.0,217.0,207.0,213.5,197500,-1.0,-1.0,-1.0
2019/09/04,212.5,214.5,210.24,210.5,164500,-1.0,-1.0,-1.0
2019/09/05,212.74,214.24,210.74,213.74,131000,-1.0,-1.0,-1.0
2019/09/06,213.0,214.74,211.0,213.74,93000,-1.0,-1.0,-1.0
2019/09/09,212.24,218.74,212.24,218.5,162000,-1.0,-1.0,-1.0
2019/09/10,219.74,227.0,218.74,225.74,391500,-1.0,-1.0,-1.0
2019/09/11,227.24,228.5,223.5,225.5,186500,-1.0,-1.0,-1.0
2019/09/12,226.5,231.0,225.74,229.5,233000,-1.0,-1.0,-1.0
2019/09/13,230.0,230.0,221.5,225.0,202000,-1.0,-1.0,-1.0
2019/09/17,226.74,230.74,223.74,225.5,162500,-1.0,-1.0,-1.0
2019/09/18,224.5,227.24,218.74,227.24,152000,-1.0,-1.0,-1.0
2019/09/19,227.24,232.74,227.24,230.74,259500,-1.0,-1.0,-1.0
2019/09/20,232.0,237.24,228.0,236.74,355500,-1.0,-1.0,-1.0
2019/09/24,237.5,244.74,234.5,244.24,330500,-1.0,-1.0,-1.0
2019/09/25,241.5,247.5,240.24,245.0,371000,-1.0,-1.0,-1.0
2019/09/26,245.5,246.74,241.0,242.74,251500,-1.0,-1.0,-1.0
2019/09/27,242.74,245.5,238.24,243.5,223000,-1.0,-1.0,-1.0
2019/09/30,240.0,243.74,237.5,239.5,196000,-1.0,-1.0,-1.0
2019/10/01,238.5,243.74,238.24,243.5,249500,-1.0,-1.0,-1.0
2019/10/02,241.0,244.74,239.24,243.5,267000,-1.0,-1.0,-1.0
2019/10/03,240.0,244.24,238.5,243.74,237000,-1.0,-1.0,-1.0
2019/10/04,241.74,248.5,241.74,248.24,384000,-1.0,-1.0,-1.0
2019/10/07,251.0,253.0,247.74,249.5,227500,-1.0,-1.0,-1.0
2019/10/08,250.0,252.5,246.24,249.5,245000,-1.0,-1.0,-1.0
2019/10/09,248.5,252.5,248.0,250.0,151500,-1.0,-1.0,-1.0
2019/10/10,250.0,250.5,244.74,246.74,175500,-1.0,-1.0,-1.0
2019/10/11,249.0,249.0,243.24,246.5,316500,-1.0,-1.0,-1.0
2019/10/15,248.74,255.0,248.74,253.5,307500,-1.0,-1.0,-1.0
2019/10/16,255.0,260.5,255.0,258.0,378500,-1.0,-1.0,-1.0
2019/10/17,259.0,266.0,259.0,260.5,337000,-1.0,-1.0,-1.0
2019/10/18,260.5,275.0,260.5,268.0,878000,-1.0,-1.0,-1.0
2019/10/21,267.5,275.0,267.0,273.5,242500,-1.0,-1.0,-1.0
2019/10/23,274.5,276.0,270.5,272.0,170000,-1.0,-1.0,-1.0
2019/10/24,274.0,288.5,265.0,287.0,609000,-1.0,-1.0,-1.0
2019/10/25,286.0,294.0,284.5,290.5,552500,-1.0,-1.0,-1.0
2019/10/28,295.0,298.5,291.5,298.5,478500,-1.0,-1.0,-1.0
2019/10/29,298.5,304.0,296.0,297.5,351000,-1.0,-1.0,-1.0
2019/10/30,302.0,307.0,297.0,307.0,617500,-1.0,-1.0,-1.0
2019/10/31,309.0,310.0,295.5,297.0,382000,-1.0,-1.0,-1.0
2019/11/01,295.0,309.5,293.0,307.5,459000,-1.0,-1.0,-1.0
2019/11/05,307.5,314.5,293.0,295.0,765500,-1.0,-1.0,-1.0
2019/11/06,292.0,302.5,286.5,296.0,669500,-1.0,-1.0,-1.0
2019/11/07,297.5,307.5,293.5,306.0,707000,-1.0,-1.0,-1.0
2019/11/08,310.0,316.0,304.5,310.0,691000,-1.0,-1.0,-1.0
2019/11/11,314.5,320.0,311.5,319.0,485500,-1.0,-1.0,-1.0
2019/11/12,318.5,319.5,310.0,312.5,370500,-1.0,-1.0,-1.0
2019/11/13,310.0,327.5,308.5,321.0,797000,-1.0,-1.0,-1.0
2019/11/14,317.5,322.0,315.5,315.5,285500,-1.0,-1.0,-1.0
2019/11/15,318.0,334.0,318.0,329.5,558500,-1.0,-1.0,-1.0
2019/11/18,334.5,335.5,327.5,331.0,507500,-1.0,-1.0,-1.0
2019/11/19,341.0,343.5,338.0,340.5,609000,-1.0,-1.0,-1.0
2019/11/20,340.0,341.0,333.0,339.0,563000,-1.0,-1.0,-1.0
2019/11/21,333.5,342.0,333.0,339.0,552000,-1.0,-1.0,-1.0
2019/11/22,337.0,338.5,326.5,331.5,427500,-1.0,-1.0,-1.0
2019/11/25,335.0,335.0,327.5,328.5,458000,-1.0,-1.0,-1.0
2019/11/26,328.5,334.5,326.5,334.0,429500,-1.0,-1.0,-1.0
2019/11/27,336.0,337.5,332.0,333.0,401000,-1.0,-1.0,-1.0
2019/11/28,333.0,333.5,327.5,329.5,277000,-1.0,-1.0,-1.0
2019/11/29,331.0,333.5,324.0,332.0,318000,-1.0,-1.0,-1.0
2019/12/02,331.5,331.5,325.5,327.0,179500,-1.0,-1.0,-1.0
2019/12/03,321.5,331.0,320.5,327.0,302500,-1.0,-1.0,-1.0
2019/12/04,322.0,326.5,322.0,325.0,218000,-1.0,-1.0,-1.0
2019/12/05,326.5,329.0,321.5,322.5,238500,-1.0,-1.0,-1.0
2019/12/06,322.5,328.0,317.0,326.5,356500,-1.0,-1.0,-1.0
2019/12/09,331.5,333.5,325.0,328.0,263500,-1.0,-1.0,-1.0
2019/12/10,330.5,342.5,328.5,337.5,638000,-1.0,-1.0,-1.0
2019/12/11,339.0,339.0,331.0,332.5,342000,-1.0,-1.0,-1.0
2019/12/12,335.5,335.5,326.5,330.5,176000,-1.0,-1.0,-1.0
2019/12/13,335.5,338.5,332.5,336.5,289000,-1.0,-1.0,-1.0
2019/12/16,334.5,341.5,334.0,338.5,350000,-1.0,-1.0,-1.0
2019/12/17,342.0,345.5,335.0,336.5,472000,-1.0,-1.0,-1.0
2019/12/18,336.5,336.5,328.0,332.5,322500,-1.0,-1.0,-1.0
2019/12/19,331.5,332.5,325.5,327.5,209000,-1.0,-1.0,-1.0
2019/12/20,325.5,330.5,322.5,329.5,341500,-1.0,-1.0,-1.0
2019/12/23,329.5,332.0,325.0,330.5,175500,-1.0,-1.0,-1.0
2019/12/24,335.0,339.0,333.5,334.0,301500,-1.0,-1.0,-1.0
2019/12/25,332.5,332.5,326.5,328.0,185500,-1.0,-1.0,-1.0
2019/12/26,325.5,334.5,325.5,333.5,173000,-1.0,-1.0,-1.0
2019/12/27,333.5,341.0,333.5,338.5,267000,-1.0,-1.0,-1.0
2019/12/30,335.5,337.5,331.0,336.5,191500,-1.0,-1.0,-1.0
2020/01/06,330.0,344.5,329.5,337.5,371500,-1.0,-1.0,-1.0
2020/01/07,337.0,361.0,335.5,359.0,771000,-1.0,-1.0,-1.0
2020/01/08,359.0,369.0,350.5,360.5,703000,-1.0,-1.0,-1.0
2020/01/09,371.0,376.0,366.0,367.0,515000,-1.0,-1.0,-1.0
2020/01/10,369.5,377.5,369.5,373.0,342000,-1.0,-1.0,-1.0
2020/01/14,384.0,386.5,378.0,383.5,588000,-1.0,-1.0,-1.0
2020/01/15,383.5,388.5,375.0,375.0,535000,-1.0,-1.0,-1.0
2020/01/16,370.0,371.5,357.5,368.5,454000,-1.0,-1.0,-1.0
2020/01/17,373.5,373.5,362.5,365.0,240500,-1.0,-1.0,-1.0
2020/01/20,365.0,372.5,365.0,371.5,187500,-1.0,-1.0,-1.0
2020/01/21,371.5,378.0,368.5,376.0,295000,-1.0,-1.0,-1.0
2020/01/22,377.5,382.0,376.5,380.0,285000,-1.0,-1.0,-1.0
2020/01/23,380.0,385.0,378.0,384.0,287500,-1.0,-1.0,-1.0
2020/01/24,386.0,387.0,377.5,379.5,310500,-1.0,-1.0,-1.0
2020/01/27,372.0,377.0,368.5,370.0,229500,-1.0,-1.0,-1.0
2020/01/28,362.5,369.5,360.5,367.5,273000,-1.0,-1.0,-1.0
2020/01/29,372.5,372.5,361.0,363.5,173500,-1.0,-1.0,-1.0
2020/01/30,363.5,363.5,342.5,345.0,494000,-1.0,-1.0,-1.0
2020/01/31,341.0,349.0,340.5,346.5,434500,-1.0,-1.0,-1.0
2020/02/03,326.5,345.5,326.5,343.0,399500,-1.0,-1.0,-1.0
2020/02/04,345.5,351.5,341.5,351.0,504500,-1.0,-1.0,-1.0
2020/02/05,358.0,359.5,350.5,358.0,444000,-1.0,-1.0,-1.0
2020/02/06,360.5,390.5,358.0,377.0,1386000,-1.0,-1.0,-1.0
2020/02/07,387.0,396.5,367.5,369.5,1285000,-1.0,-1.0,-1.0
2020/02/10,376.5,388.0,370.5,371.5,639500,-1.0,-1.0,-1.0
2020/02/12,376.5,382.5,374.0,374.5,370500,-1.0,-1.0,-1.0
2020/02/13,379.5,379.5,366.5,367.5,355500,-1.0,-1.0,-1.0
2020/02/14,362.5,366.0,356.0,361.5,320500,-1.0,-1.0,-1.0
2020/02/17,359.0,359.0,350.0,354.5,187500,-1.0,-1.0,-1.0
2020/02/18,349.0,356.5,349.0,354.5,254500,-1.0,-1.0,-1.0
2020/02/19,355.0,363.5,355.0,356.0,224500,-1.0,-1.0,-1.0
2020/02/20,358.0,363.0,344.0,344.5,443500,-1.0,-1.0,-1.0
2020/02/21,343.0,349.5,340.0,346.0,400500,-1.0,-1.0,-1.0
2020/02/25,331.0,339.5,330.0,337.0,387500,-1.0,-1.0,-1.0
2020/02/26,337.0,342.5,330.5,341.0,344000,-1.0,-1.0,-1.0
2020/02/27,346.0,349.0,329.0,332.0,614000,-1.0,-1.0,-1.0
2020/02/28,320.0,325.5,315.5,318.0,594500,-1.0,-1.0,-1.0
2020/03/02,313.0,337.5,311.5,327.0,502000,-1.0,-1.0,-1.0
2020/03/03,331.5,334.5,310.0,310.0,623500,-1.0,-1.0,-1.0
2020/03/04,307.5,316.0,305.5,309.5,294500,-1.0,-1.0,-1.0
2020/03/05,314.5,314.5,303.0,307.0,216500,-1.0,-1.0,-1.0
2020/03/06,302.0,302.0,291.5,294.0,308000,-1.0,-1.0,-1.0
2020/03/09,284.0,285.5,266.5,268.5,498500,-1.0,-1.0,-1.0
2020/03/10,253.5,269.0,248.74,269.0,834000,-1.0,-1.0,-1.0
2020/03/11,266.0,270.5,254.5,254.5,576000,-1.0,-1.0,-1.0
2020/03/12,249.5,256.5,242.0,243.0,565500,-1.0,-1.0,-1.0
2020/03/13,229.0,236.5,219.24,228.24,578500,-1.0,-1.0,-1.0
2020/03/16,234.74,241.74,225.24,225.74,415500,-1.0,-1.0,-1.0
2020/03/17,220.0,245.74,216.24,244.0,490500,-1.0,-1.0,-1.0
2020/03/18,247.0,248.24,237.24,240.5,486000,-1.0,-1.0,-1.0
2020/03/19,243.24,253.0,235.5,252.5,705000,-1.0,-1.0,-1.0
2020/03/23,257.5,257.5,237.74,243.5,684000,-1.0,-1.0,-1.0
2020/03/24,247.0,256.0,247.0,254.5,316500,-1.0,-1.0,-1.0
2020/03/25,273.0,273.0,260.5,272.0,261000,-1.0,-1.0,-1.0
2020/03/26,261.5,271.5,261.0,266.5,296500,-1.0,-1.0,-1.0
2020/03/27,278.0,284.0,272.0,284.0,363500,-1.0,-1.0,-1.0
2020/03/30,276.5,280.5,260.5,273.5,524500,-1.0,-1.0,-1.0
2020/03/31,274.5,284.0,269.5,274.0,336000,-1.0,-1.0,-1.0
2020/04/01,264.0,267.5,253.5,255.5,289500,-1.0,-1.0,-1.0
2020/04/02,253.0,259.5,250.5,253.0,218500,-1.0,-1.0,-1.0
2020/04/03,253.0,258.0,245.74,249.0,236500,-1.0,-1.0,-1.0
2020/04/06,250.5,263.5,249.24,262.5,227500,-1.0,-1.0,-1.0
2020/04/07,262.0,270.0,254.0,262.5,371500,-1.0,-1.0,-1.0
2020/04/08,262.5,268.5,259.0,268.0,303500,-1.0,-1.0,-1.0
2020/04/09,271.5,271.5,261.5,267.0,218000,-1.0,-1.0,-1.0
2020/04/10,266.5,271.0,260.5,270.5,197000,-1.0,-1.0,-1.0
2020/04/13,265.5,268.5,259.0,260.5,191000,-1.0,-1.0,-1.0
2020/04/14,259.0,267.5,256.0,266.5,196500,-1.0,-1.0,-1.0
2020/04/15,266.5,266.5,259.5,261.5,229500,-1.0,-1.0,-1.0
2020/04/16,259.5,267.0,259.0,266.0,242000,-1.0,-1.0,-1.0
2020/04/17,272.5,279.0,268.5,271.0,299000,-1.0,-1.0,-1.0
2020/04/20,271.5,276.0,266.0,268.0,252000,-1.0,-1.0,-1.0
2020/04/21,268.5,272.5,263.5,266.5,241000,-1.0,-1.0,-1.0
2020/04/22,263.5,267.5,258.5,265.5,224500,-1.0,-1.0,-1.0
2020/04/23,270.5,272.5,267.5,272.5,197000,-1.0,-1.0,-1.0
2020/04/24,267.5,274.0,263.5,274.0,305500,-1.0,-1.0,-1.0
2020/04/27,276.0,278.5,271.5,278.5,192500,-1.0,-1.0,-1.0
2020/04/28,279.5,279.5,276.0,277.5,130000,-1.0,-1.0,-1.0
2020/04/30,285.0,289.5,280.0,288.0,316500,-1.0,-1.0,-1.0
2020/05/01,287.5,290.0,275.5,277.5,290000,-1.0,-1.0,-1.0
2020/05/07,274.0,282.0,274.0,280.5,286500,-1.0,-1.0,-1.0
2020/05/08,283.0,288.0,283.0,286.5,267000,-1.0,-1.0,-1.0
2020/05/11,291.5,294.0,287.5,293.0,344500,-1.0,-1.0,-1.0
2020/05/12,296.5,302.0,295.5,301.5,366000,-1.0,-1.0,-1.0
2020/05/13,291.5,329.0,290.0,328.0,670000,-1.0,-1.0,-1.0
2020/05/14,328.0,329.5,320.5,322.5,330000,-1.0,-1.0,-1.0
2020/05/15,328.0,331.5,323.0,328.0,300500,-1.0,-1.0,-1.0
2020/05/18,328.5,330.0,318.5,320.5,226500,-1.0,-1.0,-1.0
2020/05/19,316.0,322.5,313.5,321.0,324500,-1.0,-1.0,-1.0
2020/05/20,320.5,323.5,318.0,323.5,169500,-1.0,-1.0,-1.0
2020/05/21,321.0,323.5,315.0,316.0,198500,-1.0,-1.0,-1.0
2020/05/22,316.0,316.0,304.0,307.0,347500,-1.0,-1.0,-1.0
2020/05/25,306.0,311.0,303.0,306.0,291500,-1.0,-1.0,-1.0
2020/05/26,304.5,306.5,299.0,302.0,236000,-1.0,-1.0,-1.0
2020/05/27,305.0,308.0,300.0,305.0,215500,-1.0,-1.0,-1.0
2020/05/28,309.0,309.0,299.0,305.5,220000,-1.0,-1.0,-1.0
2020/05/29,301.0,307.5,301.0,303.0,353500,-1.0,-1.0,-1.0
2020/06/01,301.5,304.5,300.5,303.0,114000,-1.0,-1.0,-1.0
2020/06/02,301.0,310.0,300.0,308.5,328000,-1.0,-1.0,-1.0
2020/06/03,313.5,314.0,302.0,304.0,306500,-1.0,-1.0,-1.0
2020/06/04,303.0,303.0,286.5,291.5,586000,-1.0,-1.0,-1.0
2020/06/05,291.5,296.0,287.5,288.0,288500,-1.0,-1.0,-1.0
2020/06/08,293.5,293.5,282.0,287.5,488000,-1.0,-1.0,-1.0
2020/06/09,288.0,292.5,284.0,292.0,209000,-1.0,-1.0,-1.0
2020/06/10,289.0,295.5,286.0,294.0,318000,-1.0,-1.0,-1.0
2020/06/11,289.5,293.5,283.0,283.0,396500,-1.0,-1.0,-1.0
2020/06/12,278.0,278.0,273.0,273.5,397000,-1.0,-1.0,-1.0
2020/06/15,273.0,273.0,262.5,262.5,385500,-1.0,-1.0,-1.0
2020/06/16,270.0,282.5,267.5,280.5,332000,-1.0,-1.0,-1.0
2020/06/17,282.5,283.0,279.0,279.5,194000,-1.0,-1.0,-1.0
2020/06/18,279.5,282.5,276.0,282.0,188000,-1.0,-1.0,-1.0
2020/06/19,286.5,292.5,281.5,290.0,394500,-1.0,-1.0,-1.0
2020/06/22,290.0,293.5,284.5,286.5,203000,-1.0,-1.0,-1.0
2020/06/23,286.5,290.0,283.0,288.5,262500,-1.0,-1.0,-1.0
2020/06/24,289.0,289.5,282.0,284.0,168500,-1.0,-1.0,-1.0
2020/06/25,280.5,282.0,276.5,278.0,254500,-1.0,-1.0,-1.0
2020/06/26,282.0,287.0,280.0,286.0,189500,-1.0,-1.0,-1.0
2020/06/29,287.0,289.5,284.0,286.5,250000,-1.0,-1.0,-1.0
2020/06/30,293.5,295.5,290.5,291.0,348000,-1.0,-1.0,-1.0
2020/07/01,296.0,296.0,283.5,285.0,300500,-1.0,-1.0,-1.0
2020/07/02,285.5,286.0,277.5,283.5,223500,-1.0,-1.0,-1.0
2020/07/03,284.0,286.5,281.5,285.0,83500,-1.0,-1.0,-1.0
2020/07/06,282.0,288.0,282.0,286.0,102500,-1.0,-1.0,-1.0
2020/07/07,286.0,287.0,280.5,283.5,140500,-1.0,-1.0,-1.0
2020/07/08,283.0,284.5,278.5,280.0,234500,-1.0,-1.0,-1.0
2020/07/09,278.0,281.0,271.5,278.0,310000,-1.0,-1.0,-1.0
2020/07/10,276.0,278.5,272.0,272.0,207000,-1.0,-1.0,-1.0
2020/07/13,277.0,282.0,274.0,282.0,123500,-1.0,-1.0,-1.0
2020/07/14,276.5,278.5,274.5,277.5,173500,-1.0,-1.0,-1.0
2020/07/15,276.5,283.5,276.5,281.0,233000,-1.0,-1.0,-1.0
2020/07/16,277.5,278.0,267.0,269.5,342500,-1.0,-1.0,-1.0
2020/07/17,270.0,281.0,270.0,278.5,204000,-1.0,-1.0,-1.0
2020/07/20,281.5,283.5,271.0,278.5,151500,-1.0,-1.0,-1.0
2020/07/21,275.5,279.0,273.5,278.0,106000,-1.0,-1.0,-1.0
2020/07/22,277.5,277.5,273.5,273.5,95500,-1.0,-1.0,-1.0
2020/07/27,273.5,280.5,268.5,279.5,269500,-1.0,-1.0,-1.0
2020/07/28,279.5,286.0,279.5,283.0,203500,-1.0,-1.0,-1.0
2020/07/29,283.0,284.5,277.0,282.0,218000,-1.0,-1.0,-1.0
2020/07/30,283.0,304.0,274.5,300.0,938500,-1.0,-1.0,-1.0
2020/07/31,297.5,297.5,256.0,265.0,980000,-1.0,-1.0,-1.0
2020/08/03,265.5,265.5,256.5,260.5,353500,-1.0,-1.0,-1.0
2020/08/04,264.5,277.0,264.5,272.5,325000,-1.0,-1.0,-1.0
2020/08/05,273.0,275.5,266.5,271.0,214000,-1.0,-1.0,-1.0
2020/08/06,270.0,272.5,266.5,269.5,137500,-1.0,-1.0,-1.0
2020/08/07,269.5,271.0,265.0,268.5,206500,-1.0,-1.0,-1.0
2020/08/11,271.5,276.5,267.0,276.0,186500,-1.0,-1.0,-1.0
2020/08/12,277.5,280.0,273.0,275.5,173500,-1.0,-1.0,-1.0
2020/08/13,277.0,282.5,275.0,281.5,127000,-1.0,-1.0,-1.0
2020/08/14,284.0,284.0,279.0,281.5,173500,-1.0,-1.0,-1.0
2020/08/17,282.5,287.5,281.0,285.5,164500,-1.0,-1.0,-1.0
2020/08/18,285.0,285.0,276.0,283.5,161000,-1.0,-1.0,-1.0
2020/08/19,281.5,281.5,275.5,280.0,102000,-1.0,-1.0,-1.0
2020/08/20,280.0,280.0,272.5,276.0,120000,-1.0,-1.0,-1.0
2020/08/21,274.0,275.5,270.5,270.5,161000,-1.0,-1.0,-1.0
2020/08/24,274.0,274.0,267.0,272.5,188000,-1.0,-1.0,-1.0
2020/08/25,274.0,276.5,272.5,272.5,111500,-1.0,-1.0,-1.0
2020/08/26,270.5,277.0,267.5,277.0,218500,-1.0,-1.0,-1.0
2020/08/27,275.0,277.0,272.5,276.0,111500,-1.0,-1.0,-1.0
2020/08/28,276.0,278.5,269.5,271.5,220500,-1.0,-1.0,-1.0
2020/08/31,276.5,283.0,275.5,281.0,167000,-1.0,-1.0,-1.0
2020/09/01,281.0,281.0,273.5,273.5,106500,-1.0,-1.0,-1.0
2020/09/02,276.0,277.0,273.0,276.5,275000,-1.0,-1.0,-1.0
2020/09/03,280.0,282.0,274.5,280.5,124000,-1.0,-1.0,-1.0
2020/09/04,273.5,278.0,272.5,276.5,135000,-1.0,-1.0,-1.0
2020/09/07,279.5,282.5,275.0,276.0,132000,-1.0,-1.0,-1.0
2020/09/08,279.5,279.5,271.5,277.0,174500,-1.0,-1.0,-1.0
2020/09/09,277.0,282.0,273.5,279.5,132000,-1.0,-1.0,-1.0
2020/09/10,282.5,282.5,278.0,281.0,87000,-1.0,-1.0,-1.0
2020/09/11,280.5,281.0,276.0,280.0,135500,-1.0,-1.0,-1.0
2020/09/14,284.5,284.5,280.0,283.5,122500,-1.0,-1.0,-1.0
2020/09/15,283.5,283.5,278.0,280.5,79000,-1.0,-1.0,-1.0
2020/09/16,280.5,289.0,280.5,285.5,173500,-1.0,-1.0,-1.0
2020/09/17,286.0,288.0,279.5,287.5,134000,-1.0,-1.0,-1.0
2020/09/18,285.0,289.5,284.0,288.0,151500,-1.0,-1.0,-1.0
2020/09/23,284.0,285.0,278.5,281.5,162500,-1.0,-1.0,-1.0
2020/09/24,279.5,280.0,273.0,275.5,180500,-1.0,-1.0,-1.0
2020/09/25,278.0,282.5,277.5,279.5,222500,-1.0,-1.0,-1.0
2020/09/28,283.0,286.5,280.5,283.0,190000,-1.0,-1.0,-1.0
2020/09/29,278.5,282.0,277.0,281.5,101500,-1.0,-1.0,-1.0
2020/09/30,281.5,291.5,277.0,285.0,236000,-1.0,-1.0,-1.0
2020/10/02,289.5,289.5,275.5,275.5,271500,-1.0,-1.0,-1.0
2020/10/05,279.0,285.5,279.0,285.5,172500,-1.0,-1.0,-1.0
2020/10/06,285.5,285.5,278.5,279.5,130000,-1.0,-1.0,-1.0
2020/10/07,279.5,279.5,274.0,276.5,215500,-1.0,-1.0,-1.0
2020/10/08,276.5,281.5,274.5,280.5,192000,-1.0,-1.0,-1.0
2020/10/09,280.5,282.0,276.0,282.0,156500,-1.0,-1.0,-1.0
2020/10/12,279.0,286.0,278.5,284.5,157500,-1.0,-1.0,-1.0
2020/10/13,284.5,287.5,282.0,286.5,87500,-1.0,-1.0,-1.0
2020/10/14,285.5,286.5,283.0,283.5,75500,-1.0,-1.0,-1.0
2020/10/15,281.5,283.5,277.5,281.0,104500,-1.0,-1.0,-1.0
2020/10/16,278.5,279.5,273.0,275.0,149000,-1.0,-1.0,-1.0
2020/10/19,275.0,286.5,275.0,284.5,162500,-1.0,-1.0,-1.0
2020/10/20,280.0,285.0,278.0,278.0,80500,-1.0,-1.0,-1.0
2020/10/21,282.0,282.0,278.0,281.5,59500,-1.0,-1.0,-1.0
2020/10/22,278.5,278.5,275.0,276.5,122500,-1.0,-1.0,-1.0
2020/10/23,276.5,292.0,271.5,288.0,669500,-1.0,-1.0,-1.0
2020/10/26,290.0,295.0,274.0,290.0,537000,-1.0,-1.0,-1.0
2020/10/27,285.0,285.0,276.0,280.0,251500,-1.0,-1.0,-1.0
2020/10/28,280.5,280.5,276.0,279.0,109000,-1.0,-1.0,-1.0
2020/10/29,275.5,280.0,275.5,276.5,143000,-1.0,-1.0,-1.0
2020/10/30,279.5,281.5,265.5,272.0,509000,-1.0,-1.0,-1.0
2020/11/02,270.0,274.5,267.0,271.0,176500,-1.0,-1.0,-1.0
2020/11/04,276.0,279.5,273.0,274.5,233500,-1.0,-1.0,-1.0
2020/11/05,275.0,276.0,272.0,276.0,279500,-1.0,-1.0,-1.0
2020/11/06,277.0,281.0,274.0,277.5,211000,-1.0,-1.0,-1.0
2020/11/09,278.5,278.5,273.5,278.0,226500,-1.0,-1.0,-1.0
2020/11/10,276.0,279.5,272.5,277.5,228000,-1.0,-1.0,-1.0
2020/11/11,279.5,280.0,276.0,278.5,156000,-1.0,-1.0,-1.0
2020/11/12,279.5,281.5,273.5,274.0,257000,-1.0,-1.0,-1.0
2020/11/13,273.5,274.0,268.0,270.0,220500,-1.0,-1.0,-1.0
2020/11/16,270.5,275.0,266.5,274.0,289500,-1.0,-1.0,-1.0
2020/11/17,275.0,277.0,271.5,273.5,161000,-1.0,-1.0,-1.0
2020/11/18,275.0,279.0,272.0,275.0,375500,-1.0,-1.0,-1.0
2020/11/19,273.5,279.0,273.5,278.0,308500,-1.0,-1.0,-1.0
2020/11/20,276.5,281.5,276.5,278.0,133000,-1.0,-1.0,-1.0
2020/11/24,282.0,287.5,282.0,282.5,140000,-1.0,-1.0,-1.0
2020/11/25,284.0,287.0,282.5,284.5,200000,-1.0,-1.0,-1.0
2020/11/26,285.0,289.0,282.0,286.5,146500,-1.0,-1.0,-1.0
2020/11/27,290.0,299.5,288.0,298.0,415000,-1.0,-1.0,-1.0
2020/11/30,296.0,305.0,292.0,296.5,398500,-1.0,-1.0,-1.0
2020/12/01,296.5,301.5,296.5,297.5,229500,-1.0,-1.0,-1.0
2020/12/02,302.0,302.0,295.0,296.5,220500,-1.0,-1.0,-1.0
2020/12/03,295.5,300.0,295.0,299.0,100000,-1.0,-1.0,-1.0
2020/12/04,298.5,304.5,298.5,303.5,119000,-1.0,-1.0,-1.0
2020/12/07,305.0,309.5,300.5,302.0,219000,-1.0,-1.0,-1.0
2020/12/08,300.0,309.0,300.0,308.0,193500,-1.0,-1.0,-1.0
2020/12/09,309.5,311.5,309.0,310.0,104500,-1.0,-1.0,-1.0
2020/12/10,308.5,308.5,300.5,303.0,183000,-1.0,-1.0,-1.0
2020/12/11,303.0,304.5,297.0,299.5,158000,-1.0,-1.0,-1.0
2020/12/14,300.5,307.5,300.5,304.0,331500,-1.0,-1.0,-1.0
2020/12/15,304.5,313.0,302.0,309.0,370500,-1.0,-1.0,-1.0
2020/12/16,314.0,315.0,305.0,309.5,181000,-1.0,-1.0,-1.0
2020/12/17,309.5,309.5,301.5,302.5,119500,-1.0,-1.0,-1.0
2020/12/18,305.0,306.0,301.0,304.0,133000,-1.0,-1.0,-1.0
2020/12/21,301.5,305.0,295.5,304.0,165000,-1.0,-1.0,-1.0
2020/12/22,300.0,303.5,296.5,300.0,144000,-1.0,-1.0,-1.0
2020/12/23,300.0,300.5,296.5,298.5,91000,-1.0,-1.0,-1.0
2020/12/24,294.0,304.0,294.0,298.0,154500,-1.0,-1.0,-1.0
2020/12/25,301.0,302.5,297.0,302.5,66000,-1.0,-1.0,-1.0
2020/12/28,301.0,302.5,296.5,301.0,115000,-1.0,-1.0,-1.0
2020/12/29,301.5,303.5,298.0,302.5,114500,-1.0,-1.0,-1.0
2020/12/30,304.0,312.0,298.5,306.5,185500,-1.0,-1.0,-1.0
2021/01/04,308.0,308.0,299.5,301.0,116000,-1.0,-1.0,-1.0
2021/01/05,303.0,309.0,301.0,307.5,149000,-1.0,-1.0,-1.0
2021/01/06,305.5,312.5,305.5,310.0,184500,-1.0,-1.0,-1.0
2021/01/07,313.0,314.5,309.0,309.5,171000,-1.0,-1.0,-1.0
2021/01/08,314.5,319.0,311.0,316.0,256500,-1.0,-1.0,-1.0
2021/01/12,311.0,311.0,301.5,302.0,452500,-1.0,-1.0,-1.0
2021/01/13,304.0,312.0,301.0,311.5,238000,-1.0,-1.0,-1.0
2021/01/14,314.0,328.0,313.5,319.5,439000,-1.0,-1.0,-1.0
2021/01/15,328.0,340.0,325.0,325.5,658000,-1.0,-1.0,-1.0
2021/01/18,320.5,336.0,316.5,335.0,335000,-1.0,-1.0,-1.0
2021/01/19,337.5,340.0,329.0,335.0,186000,-1.0,-1.0,-1.0
2021/01/20,335.0,339.5,327.5,337.0,331500,-1.0,-1.0,-1.0
2021/01/21,335.5,354.5,335.5,340.0,461500,-1.0,-1.0,-1.0
2021/01/22,337.0,343.5,332.5,340.5,283500,-1.0,-1.0,-1.0
2021/01/25,339.0,344.0,331.5,343.0,263000,-1.0,-1.0,-1.0
2021/01/26,343.0,351.5,343.0,351.0,300500,-1.0,-1.0,-1.0
2021/01/27,349.0,356.0,346.5,351.0,256000,-1.0,-1.0,-1.0
2021/01/28,344.5,363.0,344.5,357.0,516500,-1.0,-1.0,-1.0
2021/01/29,357.5,358.0,347.5,347.5,429500,-1.0,-1.0,-1.0
2021/02/01,350.0,355.5,332.5,335.5,731500,-1.0,-1.0,-1.0
2021/02/02,335.5,353.0,329.5,344.0,482000,-1.0,-1.0,-1.0
2021/02/03,341.5,346.5,333.5,335.5,204000,-1.0,-1.0,-1.0
2021/02/04,332.0,333.0,327.5,330.5,161000,-1.0,-1.0,-1.0
2021/02/05,327.0,328.0,319.0,324.5,225000,-1.0,-1.0,-1.0
2021/02/08,321.5,330.5,318.5,324.5,454000,-1.0,-1.0,-1.0
2021/02/09,321.0,329.0,316.5,326.5,262500,-1.0,-1.0,-1.0
2021/02/10,326.5,326.5,318.0,319.0,425000,-1.0,-1.0,-1.0
2021/02/12,323.0,323.0,318.0,319.5,165000,-1.0,-1.0,-1.0
2021/02/15,319.5,321.0,315.0,315.5,133000,-1.0,-1.0,-1.0
2021/02/16,319.0,319.5,314.5,316.5,134000,-1.0,-1.0,-1.0
2021/02/17,315.5,321.0,313.5,318.5,197000,-1.0,-1.0,-1.0
2021/02/18,316.0,316.0,302.5,304.0,229000,-1.0,-1.0,-1.0
2021/02/19,300.0,305.0,299.5,302.0,156000,-1.0,-1.0,-1.0
2021/02/22,308.5,313.5,307.5,309.5,348500,-1.0,-1.0,-1.0
2021/02/24,304.5,304.5,291.5,292.5,345500,-1.0,-1.0,-1.0
2021/02/25,300.0,308.0,299.0,306.0,273000,-1.0,-1.0,-1.0
2021/02/26,300.0,304.5,297.0,300.0,314000,-1.0,-1.0,-1.0
2021/03/01,303.5,313.5,300.0,310.0,195000,-1.0,-1.0,-1.0
2021/03/02,315.0,317.5,310.0,311.5,274000,-1.0,-1.0,-1.0
2021/03/03,313.5,319.5,311.5,318.0,176500,-1.0,-1.0,-1.0
2021/03/04,314.0,317.5,311.5,316.0,102500,-1.0,-1.0,-1.0
2021/03/05,313.5,314.5,306.5,314.0,199000,-1.0,-1.0,-1.0
2021/03/08,310.5,319.0,310.5,315.5,266000,-1.0,-1.0,-1.0
2021/03/09,315.0,318.5,310.0,311.0,285000,-1.0,-1.0,-1.0
2021/03/10,311.0,316.0,310.0,312.0,222500,-1.0,-1.0,-1.0
2021/03/11,312.0,312.0,306.5,309.5,159000,-1.0,-1.0,-1.0
2021/03/12,308.5,311.5,307.0,308.5,171000,-1.0,-1.0,-1.0
2021/03/15,305.0,307.0,301.5,305.0,113000,-1.0,-1.0,-1.0
2021/03/16,305.0,310.0,302.5,304.5,223000,-1.0,-1.0,-1.0
2021/03/17,306.5,307.0,303.0,307.0,72500,-1.0,-1.0,-1.0
2021/03/18,308.0,308.5,304.5,306.0,162500,-1.0,-1.0,-1.0
2021/03/19,302.5,311.5,302.0,308.5,374500,-1.0,-1.0,-1.0
2021/03/22,308.5,310.0,305.5,307.5,112000,-1.0,-1.0,-1.0
2021/03/23,306.5,311.0,303.0,303.0,138000,-1.0,-1.0,-1.0
2021/03/24,301.0,305.0,300.5,302.0,278000,-1.0,-1.0,-1.0
2021/03/25,302.0,310.5,302.0,306.0,122500,-1.0,-1.0,-1.0
2021/03/26,308.0,313.5,306.5,313.5,169000,-1.0,-1.0,-1.0
2021/03/29,317.0,331.0,314.0,322.5,659000,-1.0,-1.0,-1.0
2021/03/30,323.0,332.5,322.5,328.5,547500,-1.0,-1.0,-1.0
2021/03/31,332.5,337.0,325.0,332.0,566000,-1.0,-1.0,-1.0
2021/04/01,340.0,347.5,337.0,346.0,843500,-1.0,-1.0,-1.0
2021/04/02,347.5,357.0,346.5,351.5,638000,-1.0,-1.0,-1.0
2021/04/05,354.0,354.0,343.0,347.5,427500,-1.0,-1.0,-1.0
2021/04/06,348.0,357.0,347.0,347.5,517500,-1.0,-1.0,-1.0
2021/04/07,349.5,366.5,349.0,366.0,578000,-1.0,-1.0,-1.0
2021/04/08,358.5,362.0,354.5,359.0,291000,-1.0,-1.0,-1.0
2021/04/09,361.5,366.5,358.0,363.0,267000,-1.0,-1.0,-1.0
2021/04/12,369.5,370.5,361.0,366.0,300500,-1.0,-1.0,-1.0
2021/04/13,364.0,371.5,361.5,369.0,272000,-1.0,-1.0,-1.0
2021/04/14,366.5,376.5,365.0,374.0,269500,-1.0,-1.0,-1.0
2021/04/15,373.0,386.5,373.0,382.0,384000,-1.0,-1.0,-1.0
2021/04/16,382.0,388.0,380.0,382.0,306000,-1.0,-1.0,-1.0
2021/04/19,382.0,392.0,381.5,387.5,389000,-1.0,-1.0,-1.0
2021/04/20,387.0,389.0,382.0,383.0,210500,-1.0,-1.0,-1.0
2021/04/21,377.5,379.0,369.5,374.5,423000,-1.0,-1.0,-1.0
2021/04/22,376.0,382.0,373.0,382.0,352000,-1.0,-1.0,-1.0
2021/04/23,382.0,385.5,379.5,382.5,222500,-1.0,-1.0,-1.0
2021/04/26,376.5,379.5,374.0,376.5,292000,-1.0,-1.0,-1.0
2021/04/27,373.0,374.5,367.0,367.5,249500,-1.0,-1.0,-1.0
2021/04/28,367.5,369.5,364.5,366.5,230000,-1.0,-1.0,-1.0
2021/04/30,367.0,371.5,362.0,366.0,337500,-1.0,-1.0,-1.0
2021/05/06,364.0,366.0,360.5,362.5,373500,-1.0,-1.0,-1.0
2021/05/07,361.5,363.5,359.5,363.5,248500,-1.0,-1.0,-1.0
2021/05/10,357.0,368.5,354.0,368.5,282000,-1.0,-1.0,-1.0
2021/05/11,361.0,370.5,354.5,359.5,374000,-1.0,-1.0,-1.0
2021/05/12,339.0,345.0,333.0,338.5,577500,-1.0,-1.0,-1.0
2021/05/13,328.5,330.0,319.0,319.5,507000,-1.0,-1.0,-1.0
2021/05/14,324.0,324.0,313.0,317.0,247500,-1.0,-1.0,-1.0
2021/05/17,322.0,322.0,308.5,310.0,153500,-1.0,-1.0,-1.0
2021/05/18,305.0,311.5,303.5,310.5,440000,-1.0,-1.0,-1.0
2021/05/19,310.0,311.0,307.5,308.5,154500,-1.0,-1.0,-1.0
2021/05/20,312.0,317.0,311.5,313.0,171500,-1.0,-1.0,-1.0
2021/05/21,314.0,319.5,313.0,319.0,201000,-1.0,-1.0,-1.0
2021/05/24,314.0,321.5,312.5,319.5,194500,-1.0,-1.0,-1.0
2021/05/25,319.5,321.0,314.0,315.0,203000,-1.0,-1.0,-1.0
2021/05/26,316.5,318.5,313.5,316.0,87000,-1.0,-1.0,-1.0
2021/05/27,317.5,321.5,314.5,321.5,238000,-1.0,-1.0,-1.0
2021/05/28,322.5,328.0,321.5,326.0,257000,-1.0,-1.0,-1.0
2021/05/31,322.0,322.0,316.5,320.0,273000,-1.0,-1.0,-1.0
2021/06/01,321.0,321.0,315.5,318.0,135000,-1.0,-1.0,-1.0
2021/06/02,319.5,320.0,313.5,316.5,170500,-1.0,-1.0,-1.0
2021/06/03,313.5,319.0,313.0,319.0,182500,-1.0,-1.0,-1.0
2021/06/04,316.0,319.0,313.5,313.5,159000,-1.0,-1.0,-1.0
2021/06/07,315.5,323.0,315.0,320.0,203000,-1.0,-1.0,-1.0
2021/06/08,319.0,321.5,316.5,316.5,143000,-1.0,-1.0,-1.0
2021/06/09,321.5,321.5,315.5,317.0,121000,-1.0,-1.0,-1.0
2021/06/10,313.5,314.0,307.5,310.5,271500,-1.0,-1.0,-1.0
2021/06/11,313.0,315.0,309.5,312.0,136500,-1.0,-1.0,-1.0
2021/06/14,311.5,313.5,306.0,309.0,235500,-1.0,-1.0,-1.0
2021/06/15,308.5,308.5,302.5,305.5,307500,-1.0,-1.0,-1.0
2021/06/16,309.0,312.0,306.5,310.5,227500,-1.0,-1.0,-1.0
2021/06/17,311.0,311.5,307.5,308.0,129500,-1.0,-1.0,-1.0
2021/06/18,311.0,311.0,307.0,308.0,248500,-1.0,-1.0,-1.0
2021/06/21,304.5,304.5,300.5,301.5,184500,-1.0,-1.0,-1.0
2021/06/22,307.5,314.5,306.5,314.0,274000,-1.0,-1.0,-1.0
2021/06/23,314.0,319.0,312.0,318.5,286500,-1.0,-1.0,-1.0
2021/06/24,319.0,321.5,314.5,315.5,186000,-1.0,-1.0,-1.0
2021/06/25,319.0,323.5,316.5,321.5,241000,-1.0,-1.0,-1.0
2021/06/28,325.0,327.0,322.5,323.5,141000,-1.0,-1.0,-1.0
2021/06/29,319.5,322.0,313.5,313.5,177000,-1.0,-1.0,-1.0
2021/06/30,314.5,316.0,309.5,311.5,187000,-1.0,-1.0,-1.0
2021/07/01,311.5,313.5,309.5,311.5,144000,-1.0,-1.0,-1.0
2021/07/02,310.5,315.0,310.5,313.0,145000,-1.0,-1.0,-1.0
2021/07/05,311.0,312.0,308.0,308.0,97000,-1.0,-1.0,-1.0
2021/07/06,306.5,307.5,305.5,306.5,79000,-1.0,-1.0,-1.0
2021/07/07,305.0,306.5,301.0,303.5,124500,-1.0,-1.0,-1.0
2021/07/08,302.5,305.0,298.5,299.0,168000,-1.0,-1.0,-1.0
2021/07/09,297.0,299.5,291.5,299.0,209500,-1.0,-1.0,-1.0
2021/07/12,304.0,308.0,302.0,305.0,199000,-1.0,-1.0,-1.0
2021/07/13,306.5,312.5,305.0,311.5,184000,-1.0,-1.0,-1.0
2021/07/14,312.0,317.0,310.5,313.5,168500,-1.0,-1.0,-1.0
2021/07/15,312.5,314.5,310.0,311.0,153000,-1.0,-1.0,-1.0
2021/07/16,309.5,314.0,308.5,309.5,88000,-1.0,-1.0,-1.0
2021/07/19,306.0,306.0,300.5,302.0,135000,-1.0,-1.0,-1.0
2021/07/20,299.0,301.0,297.5,298.0,142500,-1.0,-1.0,-1.0
2021/07/21,302.5,304.0,299.0,300.0,69500,-1.0,-1.0,-1.0
2021/07/26,305.0,305.0,299.0,299.5,76000,-1.0,-1.0,-1.0
2021/07/27,301.0,302.5,298.5,301.0,85000,-1.0,-1.0,-1.0
2021/07/28,301.5,308.5,300.0,302.5,270500,-1.0,-1.0,-1.0
2021/07/29,302.0,306.5,302.0,306.5,107500,-1.0,-1.0,-1.0
2021/07/30,305.5,320.0,299.0,313.5,788500,-1.0,-1.0,-1.0
2021/08/02,313.5,315.0,303.0,311.5,438500,-1.0,-1.0,-1.0
2021/08/03,309.0,309.0,302.5,308.0,126000,-1.0,-1.0,-1.0
2021/08/04,308.0,312.5,303.0,304.0,140000,-1.0,-1.0,-1.0
2021/08/05,304.5,308.0,303.5,305.0,70500,-1.0,-1.0,-1.0
2021/08/06,306.5,306.5,301.0,302.0,81500,-1.0,-1.0,-1.0
2021/08/10,302.5,305.0,301.5,304.0,75500,-1.0,-1.0,-1.0
2021/08/11,303.0,305.5,303.0,305.0,56500,-1.0,-1.0,-1.0
2021/08/12,309.0,310.5,306.0,306.5,121500,-1.0,-1.0,-1.0
2021/08/13,306.0,308.5,304.0,307.0,110500,-1.0,-1.0,-1.0
2021/08/16,305.5,308.0,303.0,307.0,80500,-1.0,-1.0,-1.0
2021/08/17,314.0,314.0,305.0,307.5,162000,-1.0,-1.0,-1.0
2021/08/18,307.5,309.5,303.5,303.5,88500,-1.0,-1.0,-1.0
2021/08/19,302.5,304.0,300.0,303.5,128000,-1.0,-1.0,-1.0
2021/08/20,300.0,305.0,298.0,298.0,260500,-1.0,-1.0,-1.0
2021/08/23,299.5,301.5,298.0,301.0,146500,-1.0,-1.0,-1.0
2021/08/24,303.5,308.0,301.5,305.0,140000,-1.0,-1.0,-1.0
2021/08/25,306.5,309.5,304.0,304.5,50000,-1.0,-1.0,-1.0
2021/08/26,304.5,304.5,303.0,304.5,58500,-1.0,-1.0,-1.0
2021/08/27,304.5,306.0,302.0,303.5,101500,-1.0,-1.0,-1.0
2021/08/30,304.0,313.5,303.5,313.5,270000,-1.0,-1.0,-1.0
2021/08/31,312.5,322.0,310.5,318.0,260000,-1.0,-1.0,-1.0
2021/09/01,318.0,320.0,312.0,314.5,389500,-1.0,-1.0,-1.0
2021/09/02,315.0,322.5,314.5,322.0,170500,-1.0,-1.0,-1.0
2021/09/03,319.5,330.5,319.5,329.5,243000,-1.0,-1.0,-1.0
2021/09/06,330.0,330.0,325.0,327.5,172000,-1.0,-1.0,-1.0
2021/09/07,331.5,337.5,324.0,330.5,224000,-1.0,-1.0,-1.0
2021/09/08,335.5,342.0,333.5,342.0,245500,-1.0,-1.0,-1.0
2021/09/09,339.0,346.5,337.0,342.0,323500,-1.0,-1.0,-1.0
2021/09/10,343.0,350.0,342.0,348.5,230000,-1.0,-1.0,-1.0
2021/09/13,348.0,352.0,348.0,352.0,115500,-1.0,-1.0,-1.0
2021/09/14,352.0,362.0,351.5,360.5,261000,-1.0,-1.0,-1.0
2021/09/15,353.0,363.5,351.5,361.0,254000,-1.0,-1.0,-1.0
2021/09/16,361.0,364.5,352.0,355.0,269000,-1.0,-1.0,-1.0
2021/09/17,349.0,355.0,348.0,353.0,245500,-1.0,-1.0,-1.0
2021/09/21,341.0,353.0,340.0,348.5,184500,-1.0,-1.0,-1.0
2021/09/22,347.0,353.0,342.5,345.0,178000,-1.0,-1.0,-1.0
2021/09/24,354.5,356.5,351.0,355.5,165000,-1.0,-1.0,-1.0
2021/09/27,357.0,357.0,347.0,349.0,233000,-1.0,-1.0,-1.0
2021/09/28,347.0,348.5,343.0,346.5,195500,-1.0,-1.0,-1.0
2021/09/29,341.0,345.0,337.5,344.0,239500,-1.0,-1.0,-1.0
2021/09/30,346.0,348.0,340.5,343.5,131500,-1.0,-1.0,-1.0
2021/10/01,337.5,338.0,328.0,330.5,187000,-1.0,-1.0,-1.0
2021/10/04,333.5,334.0,329.0,329.5,135500,-1.0,-1.0,-1.0
2021/10/05,326.5,330.0,320.5,327.5,178000,-1.0,-1.0,-1.0
2021/10/06,329.0,333.5,322.5,323.5,135000,-1.0,-1.0,-1.0
2021/10/07,323.5,327.5,320.5,320.5,61000,-1.0,-1.0,-1.0
2021/10/08,317.5,321.5,313.0,317.5,265500,-1.0,-1.0,-1.0
2021/10/11,318.0,320.5,316.0,319.5,126000,-1.0,-1.0,-1.0
2021/10/12,317.0,323.5,316.5,319.0,178000,-1.0,-1.0,-1.0
2021/10/13,317.0,322.0,316.0,319.0,124000,-1.0,-1.0,-1.0
2021/10/14,318.0,321.0,315.0,318.0,117500,-1.0,-1.0,-1.0
2021/10/15,319.5,332.0,319.5,330.0,199500,-1.0,-1.0,-1.0
2021/10/18,331.0,339.5,329.0,339.5,237000,-1.0,-1.0,-1.0
2021/10/19,339.0,340.0,335.0,339.5,120000,-1.0,-1.0,-1.0
2021/10/20,342.5,343.5,337.5,339.0,106500,-1.0,-1.0,-1.0
2021/10/21,335.0,339.0,334.0,336.5,115000,-1.0,-1.0,-1.0
2021/10/22,334.0,340.5,333.5,338.5,163000,-1.0,-1.0,-1.0
2021/10/25,340.0,340.0,334.0,336.0,121500,-1.0,-1.0,-1.0
2021/10/26,338.5,360.0,337.0,351.5,828000,-1.0,-1.0,-1.0
2021/10/27,351.5,351.5,345.5,346.5,178500,-1.0,-1.0,-1.0
2021/10/28,343.5,353.0,341.5,353.0,470000,-1.0,-1.0,-1.0
2021/10/29,350.5,362.0,350.5,361.0,319000,-1.0,-1.0,-1.0
2021/11/01,364.0,365.0,355.5,363.5,429500,-1.0,-1.0,-1.0
2021/11/02,359.5,363.0,348.0,348.5,377000,-1.0,-1.0,-1.0
2021/11/04,352.0,361.0,351.0,353.0,292000,-1.0,-1.0,-1.0
2021/11/05,351.0,352.5,346.0,346.0,114500,-1.0,-1.0,-1.0
2021/11/08,346.5,347.0,339.5,341.0,164000,-1.0,-1.0,-1.0
2021/11/09,344.5,353.5,341.0,345.0,207000,-1.0,-1.0,-1.0
2021/11/10,347.5,351.0,343.5,344.5,171000,-1.0,-1.0,-1.0
2021/11/11,343.5,355.5,343.0,351.5,170000,-1.0,-1.0,-1.0
2021/11/12,355.0,363.0,355.0,361.0,183500,-1.0,-1.0,-1.0
2021/11/15,363.0,366.0,359.5,365.0,207500,-1.0,-1.0,-1.0
2021/11/16,362.5,368.0,359.5,359.5,167500,-1.0,-1.0,-1.0
2021/11/17,359.0,359.5,354.0,354.5,161000,-1.0,-1.0,-1.0
2021/11/18,351.0,353.0,346.0,351.0,119000,-1.0,-1.0,-1.0
2021/11/19,348.0,359.0,347.5,356.5,197000,-1.0,-1.0,-1.0
2021/11/22,352.5,356.0,350.5,356.0,84500,-1.0,-1.0,-1.0
2021/11/24,356.0,358.5,352.0,353.5,94500,-1.0,-1.0,-1.0
2021/11/25,353.5,354.0,348.0,348.0,83000,-1.0,-1.0,-1.0
2021/11/26,348.0,349.0,340.0,341.5,148500,-1.0,-1.0,-1.0
2021/11/29,338.5,345.5,335.5,337.5,183500,-1.0,-1.0,-1.0
2021/11/30,348.0,348.5,340.5,341.0,182000,-1.0,-1.0,-1.0
2021/12/01,345.5,351.5,340.0,351.5,164500,-1.0,-1.0,-1.0
2021/12/02,349.0,355.5,345.5,349.0,173500,-1.0,-1.0,-1.0
2021/12/03,351.5,352.0,346.0,346.5,154000,-1.0,-1.0,-1.0
2021/12/06,351.5,354.0,350.5,352.0,125500,-1.0,-1.0,-1.0
2021/12/07,359.5,366.5,358.0,362.5,258500,-1.0,-1.0,-1.0
2021/12/08,369.5,372.5,363.0,372.5,259500,-1.0,-1.0,-1.0
2021/12/09,374.5,383.0,372.5,375.0,267000,-1.0,-1.0,-1.0
2021/12/10,376.0,381.5,373.5,378.5,240000,-1.0,-1.0,-1.0
2021/12/13,382.5,391.5,382.5,389.0,327500,-1.0,-1.0,-1.0
2021/12/14,391.0,396.0,386.5,393.0,440500,-1.0,-1.0,-1.0
2021/12/15,386.5,387.0,374.5,375.0,385000,-1.0,-1.0,-1.0
2021/12/16,384.0,386.0,377.0,382.5,160500,-1.0,-1.0,-1.0
2021/12/17,382.5,387.0,381.0,382.0,180500,-1.0,-1.0,-1.0
2021/12/20,377.5,385.0,377.0,378.5,196000,-1.0,-1.0,-1.0
2021/12/21,376.5,382.5,373.0,380.5,253000,-1.0,-1.0,-1.0
2021/12/22,385.0,389.0,378.5,381.0,74500,-1.0,-1.0,-1.0
2021/12/23,381.0,382.0,376.5,380.5,83000,-1.0,-1.0,-1.0
2021/12/24,386.5,394.0,385.0,387.0,177000,-1.0,-1.0,-1.0
2021/12/27,392.5,393.5,385.5,391.5,117500,-1.0,-1.0,-1.0
2021/12/28,396.5,404.5,390.5,404.5,320500,-1.0,-1.0,-1.0
2021/12/29,408.5,417.5,407.0,413.5,419500,-1.0,-1.0,-1.0
2021/12/30,421.0,442.0,421.0,432.5,1234500,-1.0,-1.0,-1.0
2022/01/04,434.5,437.0,431.0,435.0,417500,-1.0,-1.0,-1.0
2022/01/05,432.5,438.0,431.5,433.5,274500,-1.0,-1.0,-1.0
2022/01/06,430.5,434.5,428.0,433.0,200000,-1.0,-1.0,-1.0
2022/01/07,437.0,444.0,431.5,435.0,249500,-1.0,-1.0,-1.0
2022/01/11,434.0,439.0,427.5,428.5,313000,-1.0,-1.0,-1.0
2022/01/12,436.0,449.0,436.0,445.0,475000,-1.0,-1.0,-1.0
2022/01/13,449.5,458.0,449.5,455.0,408000,-1.0,-1.0,-1.0
2022/01/14,449.0,454.0,431.5,445.5,417500,-1.0,-1.0,-1.0
2022/01/17,450.5,455.0,443.5,444.0,157000,-1.0,-1.0,-1.0
2022/01/18,450.0,452.5,437.5,437.5,240500,-1.0,-1.0,-1.0
2022/01/19,436.0,442.0,426.0,427.5,260500,-1.0,-1.0,-1.0
2022/01/20,427.5,437.5,426.5,435.0,218000,-1.0,-1.0,-1.0
2022/01/21,425.5,432.5,422.5,431.0,180000,-1.0,-1.0,-1.0
2022/01/24,425.0,431.0,418.0,426.5,218000,-1.0,-1.0,-1.0
2022/01/25,431.0,431.0,408.0,412.0,294500,-1.0,-1.0,-1.0
2022/01/26,419.5,431.5,413.5,425.0,300500,-1.0,-1.0,-1.0
2022/01/27,431.5,431.5,408.0,409.0,284500,-1.0,-1.0,-1.0
2022/01/28,413.0,414.0,402.0,411.0,368500,-1.0,-1.0,-1.0
2022/01/31,410.5,423.5,408.0,417.0,284000,-1.0,-1.0,-1.0
2022/02/01,432.0,435.0,408.5,413.5,615500,-1.0,-1.0,-1.0
2022/02/02,410.5,417.5,405.0,413.5,358000,-1.0,-1.0,-1.0
2022/02/03,416.0,416.0,393.0,403.5,235000,-1.0,-1.0,-1.0
2022/02/04,397.5,401.5,388.5,399.5,254500,-1.0,-1.0,-1.0
2022/02/07,394.0,394.5,385.5,387.5,323500,-1.0,-1.0,-1.0
2022/02/08,384.5,389.5,380.0,386.0,228000,-1.0,-1.0,-1.0
2022/02/09,396.0,402.0,393.0,400.5,122500,-1.0,-1.0,-1.0
2022/02/10,401.5,405.0,397.5,402.0,142000,-1.0,-1.0,-1.0
2022/02/14,395.0,396.5,390.0,394.5,121000,-1.0,-1.0,-1.0
2022/02/15,399.5,399.5,382.5,385.0,121500,-1.0,-1.0,-1.0
2022/02/16,397.5,397.5,388.0,394.5,155000,-1.0,-1.0,-1.0
2022/02/17,397.5,398.5,390.0,393.0,120000,-1.0,-1.0,-1.0
2022/02/18,386.5,393.0,380.0,386.5,153500,-1.0,-1.0,-1.0
2022/02/21,381.0,389.5,378.0,387.0,194000,-1.0,-1.0,-1.0
2022/02/22,383.0,390.0,381.5,383.5,168500,-1.0,-1.0,-1.0
2022/02/24,381.0,385.5,378.5,382.0,261000,-1.0,-1.0,-1.0
2022/02/25,384.5,395.0,383.5,394.0,193000,-1.0,-1.0,-1.0
2022/02/28,389.0,406.5,387.5,406.5,317000,-1.0,-1.0,-1.0
2022/03/01,409.5,417.5,406.5,408.5,298000,-1.0,-1.0,-1.0
2022/03/02,406.0,414.0,405.5,408.0,184500,-1.0,-1.0,-1.0
2022/03/03,419.0,424.0,414.5,420.0,190000,-1.0,-1.0,-1.0
2022/03/04,420.0,420.5,406.5,412.0,205000,-1.0,-1.0,-1.0
2022/03/07,404.5,409.0,392.5,396.0,325000,-1.0,-1.0,-1.0
2022/03/08,395.0,403.5,389.5,392.5,215000,-1.0,-1.0,-1.0
2022/03/09,398.0,403.5,391.5,392.0,136000,-1.0,-1.0,-1.0
2022/03/10,407.0,417.0,404.5,416.5,119000,-1.0,-1.0,-1.0
2022/03/11,409.0,421.5,409.0,421.0,189500,-1.0,-1.0,-1.0
2022/03/14,426.0,435.0,424.0,430.5,199000,-1.0,-1.0,-1.0
2022/03/15,435.0,441.0,433.0,440.0,286500,-1.0,-1.0,-1.0
2022/03/16,445.5,453.0,442.0,449.5,207500,-1.0,-1.0,-1.0
2022/03/17,462.5,470.5,459.5,468.5,382000,-1.0,-1.0,-1.0
2022/03/18,473.0,492.5,472.5,492.0,654000,-1.0,-1.0,-1.0
2022/03/22,491.5,494.0,484.5,490.0,458000,-1.0,-1.0,-1.0
2022/03/23,508.5,509.0,496.0,501.5,571000,-1.0,-1.0,-1.0
2022/03/24,502.5,509.0,498.0,507.0,408000,-1.0,-1.0,-1.0
2022/03/25,500.5,512.0,498.0,509.0,302500,-1.0,-1.0,-1.0
2022/03/28,508.5,511.0,502.5,509.0,183000,-1.0,-1.0,-1.0
2022/03/29,511.5,515.5,507.5,513.0,241000,-1.0,-1.0,-1.0
2022/03/30,513.5,517.0,500.5,509.5,160000,-1.0,-1.0,-1.0
2022/03/31,508.0,511.0,505.0,506.5,154500,-1.0,-1.0,-1.0
2022/04/01,502.0,507.0,499.5,502.5,144500,-1.0,-1.0,-1.0
2022/04/04,502.5,502.5,493.5,493.5,132500,-1.0,-1.0,-1.0
2022/04/05,492.5,499.5,490.5,496.5,189000,-1.0,-1.0,-1.0
2022/04/06,495.5,501.0,493.0,496.5,219000,-1.0,-1.0,-1.0
2022/04/07,490.0,494.0,485.5,490.0,157500,-1.0,-1.0,-1.0
2022/04/08,484.5,493.5,484.5,488.0,103500,-1.0,-1.0,-1.0
2022/04/11,489.0,490.5,480.0,480.0,111500,-1.0,-1.0,-1.0
2022/04/12,475.0,479.5,470.0,470.0,159000,-1.0,-1.0,-1.0
2022/04/13,473.5,482.0,469.5,478.5,222000,-1.0,-1.0,-1.0
2022/04/14,479.5,486.5,479.5,482.0,142000,-1.0,-1.0,-1.0
2022/04/15,479.0,479.0,464.5,465.0,144500,-1.0,-1.0,-1.0
2022/04/18,466.0,466.0,449.5,457.5,158000,-1.0,-1.0,-1.0
2022/04/19,464.5,465.0,457.5,461.5,100000,-1.0,-1.0,-1.0
2022/04/20,466.5,466.5,443.0,451.5,352500,-1.0,-1.0,-1.0
2022/04/21,451.5,461.0,448.0,458.5,178500,-1.0,-1.0,-1.0
2022/04/22,445.0,451.0,440.0,442.5,207500,-1.0,-1.0,-1.0
2022/04/25,435.0,441.5,431.0,434.5,143000,-1.0,-1.0,-1.0
2022/04/26,440.5,444.0,435.0,439.5,146500,-1.0,-1.0,-1.0
2022/04/27,441.0,444.0,434.5,440.5,184500,-1.0,-1.0,-1.0
2022/04/28,438.0,454.5,436.5,448.0,170500,-1.0,-1.0,-1.0
2022/05/02,447.5,453.0,443.5,445.5,149500,-1.0,-1.0,-1.0
2022/05/06,443.5,451.5,439.5,449.5,170500,-1.0,-1.0,-1.0
2022/05/09,444.0,450.0,437.5,438.0,158500,-1.0,-1.0,-1.0
2022/05/10,433.5,437.5,425.0,436.0,109000,-1.0,-1.0,-1.0
2022/05/11,442.0,442.0,432.5,433.0,64500,-1.0,-1.0,-1.0
2022/05/12,438.5,469.0,430.0,464.0,450500,-1.0,-1.0,-1.0
2022/05/13,464.5,472.5,450.0,457.0,296500,-1.0,-1.0,-1.0
2022/05/16,461.0,463.0,441.0,449.5,167500,-1.0,-1.0,-1.0
2022/05/17,448.5,471.0,443.0,469.5,230000,-1.0,-1.0,-1.0
2022/05/18,481.0,499.5,476.5,498.5,480500,-1.0,-1.0,-1.0
2022/05/19,483.5,514.5,482.0,514.0,318000,-1.0,-1.0,-1.0
2022/05/20,516.0,527.0,510.0,522.0,445500,-1.0,-1.0,-1.0
2022/05/23,526.5,526.5,503.5,508.0,219500,-1.0,-1.0,-1.0
2022/05/24,519.5,520.0,508.5,513.5,233000,-1.0,-1.0,-1.0
2022/05/25,517.0,524.5,510.5,511.5,229500,-1.0,-1.0,-1.0
2022/05/26,509.5,509.5,495.5,499.0,291500,-1.0,-1.0,-1.0
2022/05/27,506.5,515.0,495.5,498.5,296500,-1.0,-1.0,-1.0
2022/05/30,498.5,509.0,492.5,497.0,480000,-1.0,-1.0,-1.0
2022/05/31,492.0,497.0,487.5,490.5,322500,-1.0,-1.0,-1.0
2022/06/01,491.0,497.0,480.5,496.5,294500,-1.0,-1.0,-1.0
2022/06/02,498.5,507.5,491.0,499.0,252500,-1.0,-1.0,-1.0
2022/06/03,505.5,508.5,497.5,503.0,143500,-1.0,-1.0,-1.0
2022/06/06,500.0,517.0,498.0,512.0,280000,-1.0,-1.0,-1.0
2022/06/07,514.5,524.5,514.0,520.0,174500,-1.0,-1.0,-1.0
2022/06/08,525.0,532.0,517.5,519.0,195000,-1.0,-1.0,-1.0
2022/06/09,516.0,518.0,505.5,505.5,150000,-1.0,-1.0,-1.0
2022/06/10,501.5,506.0,492.5,502.5,190500,-1.0,-1.0,-1.0
2022/06/13,492.5,508.0,492.5,499.0,235000,-1.0,-1.0,-1.0
2022/06/14,503.0,504.5,495.0,503.5,162000,-1.0,-1.0,-1.0
2022/06/15,503.5,505.0,483.0,486.0,183000,-1.0,-1.0,-1.0
2022/06/16,492.5,496.0,480.5,480.5,158000,-1.0,-1.0,-1.0
2022/06/17,470.0,473.0,458.0,467.5,416000,-1.0,-1.0,-1.0
2022/06/20,464.0,464.0,430.0,437.0,412000,-1.0,-1.0,-1.0
2022/06/21,448.0,448.5,438.0,441.5,162000,-1.0,-1.0,-1.0
2022/06/22,446.0,446.0,419.5,422.0,257500,-1.0,-1.0,-1.0
2022/06/23,421.5,424.5,406.5,410.0,174500,-1.0,-1.0,-1.0
2022/06/24,409.0,416.5,405.5,416.5,147000,-1.0,-1.0,-1.0
2022/06/27,424.0,430.0,419.0,430.0,216500,-1.0,-1.0,-1.0
2022/06/28,434.0,442.0,430.0,440.5,299000,-1.0,-1.0,-1.0
2022/06/29,441.0,450.0,435.5,435.5,334500,-1.0,-1.0,-1.0
2022/06/30,434.5,434.5,421.0,424.5,196000,-1.0,-1.0,-1.0
2022/07/01,424.0,425.0,405.0,411.0,240000,-1.0,-1.0,-1.0
2022/07/04,410.5,420.5,407.5,413.5,456500,-1.0,-1.0,-1.0
2022/07/05,415.0,422.5,410.0,418.5,192500,-1.0,-1.0,-1.0
2022/07/06,418.5,426.5,411.0,423.5,146000,-1.0,-1.0,-1.0
2022/07/07,426.5,426.5,414.0,421.0,113000,-1.0,-1.0,-1.0
2022/07/08,420.5,429.0,420.5,424.5,197000,-1.0,-1.0,-1.0
2022/07/11,431.0,435.5,427.5,432.5,93000,-1.0,-1.0,-1.0
2022/07/12,432.5,432.5,417.5,419.5,123000,-1.0,-1.0,-1.0
2022/07/13,422.5,428.0,422.0,424.5,47000,-1.0,-1.0,-1.0
2022/07/14,423.0,430.0,420.0,428.5,71500,-1.0,-1.0,-1.0
2022/07/15,430.0,430.0,421.5,426.5,117000,-1.0,-1.0,-1.0
2022/07/19,434.0,435.5,428.5,433.0,101500,-1.0,-1.0,-1.0
2022/07/20,440.5,445.0,436.5,445.0,130000,-1.0,-1.0,-1.0
2022/07/21,446.5,452.5,443.0,451.5,101500,-1.0,-1.0,-1.0
2022/07/22,451.5,462.0,451.0,456.0,148500,-1.0,-1.0,-1.0
2022/07/25,452.5,456.5,448.0,449.5,163000,-1.0,-1.0,-1.0
2022/07/26,452.5,459.5,451.0,458.0,105000,-1.0,-1.0,-1.0
2022/07/27,462.5,482.0,459.5,482.0,256500,-1.0,-1.0,-1.0
2022/07/28,484.0,486.5,471.5,477.0,245000,-1.0,-1.0,-1.0
2022/07/29,477.0,477.0,462.0,464.0,261000,-1.0,-1.0,-1.0
2022/08/01,464.5,471.0,461.5,469.0,227000,-1.0,-1.0,-1.0
2022/08/02,489.5,501.0,475.5,491.5,707000,-1.0,-1.0,-1.0
2022/08/03,487.5,487.5,467.5,473.5,384000,-1.0,-1.0,-1.0
2022/08/04,476.0,478.5,471.0,477.0,148000,-1.0,-1.0,-1.0
2022/08/05,480.0,485.0,478.0,482.5,135000,-1.0,-1.0,-1.0
2022/08/08,478.5,479.5,469.5,479.5,165000,-1.0,-1.0,-1.0
2022/08/09,477.5,484.5,473.5,475.5,105500,-1.0,-1.0,-1.0
2022/08/10,474.0,475.0,465.0,466.5,111000,-1.0,-1.0,-1.0
2022/08/12,481.5,481.5,474.0,476.5,161500,-1.0,-1.0,-1.0
2022/08/15,481.0,481.0,473.5,479.5,121500,-1.0,-1.0,-1.0
2022/08/16,481.0,483.0,477.5,480.0,121000,-1.0,-1.0,-1.0
2022/08/17,481.5,484.0,478.0,482.5,157500,-1.0,-1.0,-1.0
2022/08/18,480.5,486.0,478.5,481.0,116500,-1.0,-1.0,-1.0
2022/08/19,484.5,489.0,482.5,483.0,110500,-1.0,-1.0,-1.0
2022/08/22,480.0,480.0,473.0,473.5,94000,-1.0,-1.0,-1.0
2022/08/23,468.0,469.5,464.5,466.0,83500,-1.0,-1.0,-1.0
2022/08/24,473.5,475.0,466.5,472.0,109500,-1.0,-1.0,-1.0
2022/08/25,472.0,479.0,471.0,476.0,103500,-1.0,-1.0,-1.0
2022/08/26,483.5,486.5,477.5,484.0,258000,-1.0,-1.0,-1.0
2022/08/29,469.0,469.0,460.0,462.5,274000,-1.0,-1.0,-1.0
2022/08/30,464.0,474.0,462.5,471.0,228500,-1.0,-1.0,-1.0
2022/08/31,467.5,470.5,465.5,466.0,112000,-1.0,-1.0,-1.0
2022/09/01,462.0,465.5,455.5,457.5,166500,-1.0,-1.0,-1.0
2022/09/02,460.5,460.5,451.0,452.0,98000,-1.0,-1.0,-1.0
2022/09/05,447.5,447.5,440.5,441.0,173000,-1.0,-1.0,-1.0
2022/09/06,440.0,444.5,436.5,438.5,141000,-1.0,-1.0,-1.0
2022/09/07,438.5,438.5,425.5,429.0,145500,-1.0,-1.0,-1.0
2022/09/08,433.0,436.5,431.0,434.5,151000,-1.0,-1.0,-1.0
2022/09/09,434.5,443.0,430.5,442.0,228000,-1.0,-1.0,-1.0
2022/09/12,447.0,454.0,445.5,451.5,141000,-1.0,-1.0,-1.0
2022/09/13,459.0,459.0,450.0,451.0,165000,-1.0,-1.0,-1.0
2022/09/14,442.0,448.5,438.5,440.5,152500,-1.0,-1.0,-1.0
2022/09/15,441.0,441.0,433.0,437.5,120500,-1.0,-1.0,-1.0
2022/09/16,437.5,445.5,435.5,439.5,227000,-1.0,-1.0,-1.0
2022/09/20,453.5,459.5,450.5,453.5,254500,-1.0,-1.0,-1.0
2022/09/21,446.0,450.5,442.0,443.5,155000,-1.0,-1.0,-1.0
2022/09/22,436.0,445.0,432.5,442.0,222500,-1.0,-1.0,-1.0
2022/09/26,439.5,442.0,431.0,434.5,332000,-1.0,-1.0,-1.0
2022/09/27,434.5,447.0,434.5,444.0,170000,-1.0,-1.0,-1.0
2022/09/28,444.5,450.5,440.0,442.0,317000,-1.0,-1.0,-1.0
2022/09/29,443.40000000000003,445.8,427.40000000000003,431.8,732500,-1.0,-1.0,-1.0
2022/09/30,423.8,423.8,409.0,410.20000000000005,863000,-1.0,-1.0,-1.0
2022/10/03,400.20000000000005,417.0,398.6,415.6,829000,-1.0,-1.0,-1.0
2022/10/04,427.0,429.0,423.40000000000003,427.0,927000,-1.0,-1.0,-1.0
2022/10/05,434.20000000000005,442.8,429.6,435.0,619000,-1.0,-1.0,-1.0
2022/10/06,436.6,444.20000000000005,436.6,439.6,435000,-1.0,-1.0,-1.0
2022/10/07,430.0,431.6,423.0,426.8,517500,-1.0,-1.0,-1.0
2022/10/11,428.40000000000003,428.40000000000003,414.6,415.8,650500,-1.0,-1.0,-1.0
2022/10/12,415.0,415.20000000000005,404.0,408.0,568000,-1.0,-1.0,-1.0
2022/10/13,405.40000000000003,405.40000000000003,396.20000000000005,396.20000000000005,581000,-1.0,-1.0,-1.0
2022/10/14,409.8,417.20000000000005,403.8,413.8,494500,-1.0,-1.0,-1.0
2022/10/17,414.20000000000005,427.20000000000005,412.0,426.40000000000003,974000,-1.0,-1.0,-1.0
2022/10/18,430.0,431.40000000000003,422.8,426.6,500000,-1.0,-1.0,-1.0
2022/10/19,427.0,429.8,421.20000000000005,426.6,577000,-1.0,-1.0,-1.0
2022/10/20,420.40000000000003,423.8,417.6,423.40000000000003,469500,-1.0,-1.0,-1.0
2022/10/21,418.6,434.20000000000005,417.0,421.8,2188000,-1.0,-1.0,-1.0
2022/10/24,435.20000000000005,461.8,433.8,453.8,2708000,-1.0,-1.0,-1.0
2022/10/25,473.6,505.40000000000003,470.0,491.6,8033500,-1.0,-1.0,-1.0
2022/10/26,488.20000000000005,509.8,486.20000000000005,505.0,4298000,-1.0,-1.0,-1.0
2022/10/27,506.20000000000005,522.6,503.40000000000003,508.40000000000003,3407000,-1.0,-1.0,-1.0
2022/10/28,498.40000000000003,514.8000000000001,495.20000000000005,511.0,3025000,-1.0,-1.0,-1.0
2022/10/31,511.6,517.4,502.8,515.0,1879000,-1.0,-1.0,-1.0
2022/11/01,512.8000000000001,537.0,508.20000000000005,530.0,2955000,-1.0,-1.0,-1.0
2022/11/02,534.6,534.6,517.6,522.4,2206000,-1.0,-1.0,-1.0
2022/11/04,517.2,520.2,501.0,507.8,1614500,-1.0,-1.0,-1.0
2022/11/07,517.4,518.8000000000001,510.40000000000003,515.2,1216000,-1.0,-1.0,-1.0
2022/11/08,521.8000000000001,535.6,520.0,533.8000000000001,1438000,-1.0,-1.0,-1.0
2022/11/09,536.0,550.8000000000001,535.6,543.4,2208500,-1.0,-1.0,-1.0
2022/11/10,540.0,548.2,536.8000000000001,541.0,1268500,-1.0,-1.0,-1.0
2022/11/11,557.4,564.0,552.0,555.6,1594000,-1.0,-1.0,-1.0
2022/11/14,559.0,559.6,539.8000000000001,541.0,1301500,-1.0,-1.0,-1.0
2022/11/15,542.2,562.6,542.2,557.6,1400500,-1.0,-1.0,-1.0
2022/11/16,564.0,577.2,562.0,573.4,1725500,-1.0,-1.0,-1.0
2022/11/17,565.2,574.6,562.2,571.2,1090000,-1.0,-1.0,-1.0
2022/11/18,578.2,585.6,571.8000000000001,572.8000000000001,1735000,-1.0,-1.0,-1.0
2022/11/21,568.2,575.0,563.2,574.8000000000001,876000,-1.0,-1.0,-1.0
2022/11/22,579.4,586.6,574.6,576.4,942000,-1.0,-1.0,-1.0
2022/11/24,582.0,587.6,580.4,584.4,983000,-1.0,-1.0,-1.0
2022/11/25,589.6,598.8000000000001,585.2,593.4,1420500,-1.0,-1.0,-1.0
2022/11/28,595.4,595.4,587.6,589.2,915500,-1.0,-1.0,-1.0
2022/11/29,579.4,581.4,573.6,575.0,999500,-1.0,-1.0,-1.0
2022/11/30,576.0,578.4,561.0,563.6,1242000,-1.0,-1.0,-1.0
2022/12/01,568.6,574.8000000000001,557.8000000000001,564.2,1680000,-1.0,-1.0,-1.0
2022/12/02,561.4,562.6,552.2,552.6,1216000,-1.0,-1.0,-1.0
2022/12/05,550.2,559.2,547.0,557.0,1530000,-1.0,-1.0,-1.0
2022/12/06,566.0,588.0,562.2,575.0,2184000,-1.0,-1.0,-1.0
2022/12/07,567.8000000000001,579.8000000000001,566.6,568.8000000000001,1356000,-1.0,-1.0,-1.0
2022/12/08,573.4,593.0,569.4,581.2,3095500,-1.0,-1.0,-1.0
2022/12/09,572.2,594.8000000000001,570.4,585.2,1367000,-1.0,-1.0,-1.0
2022/12/12,581.0,593.4,580.4,592.4,899000,-1.0,-1.0,-1.0
2022/12/13,598.0,614.0,598.0,602.0,1688500,-1.0,-1.0,-1.0
2022/12/14,606.0,611.0,601.0,607.0,936000,-1.0,-1.0,-1.0
2022/12/15,613.0,632.0,609.0,629.0,2026000,-1.0,-1.0,-1.0
2022/12/16,621.0,633.0,617.0,630.0,2138000,-1.0,-1.0,-1.0
2022/12/19,625.0,640.0,621.0,634.0,1496000,-1.0,-1.0,-1.0
2022/12/20,629.0,638.0,600.0,607.0,2033000,-1.0,-1.0,-1.0
2022/12/21,612.0,615.0,593.4,599.0,1267500,-1.0,-1.0,-1.0
2022/12/22,607.0,613.0,598.2,602.0,726000,-1.0,-1.0,-1.0
2022/12/23,588.6,593.2,577.0,582.2,1304000,-1.0,-1.0,-1.0
2022/12/26,584.0,605.0,584.0,605.0,967500,-1.0,-1.0,-1.0
2022/12/27,608.0,609.0,592.4,594.8000000000001,1025500,-1.0,-1.0,-1.0
2022/12/28,594.8000000000001,601.0,584.8000000000001,599.0,607000,-1.0,-1.0,-1.0
2022/12/29,589.0,594.8000000000001,582.2,594.8000000000001,724000,-1.0,-1.0,-1.0
2022/12/30,593.0,598.4,584.2,584.2,819500,-1.0,-1.0,-1.0
2023/01/04,587.2,587.2,563.4,563.8000000000001,1263500,-1.0,-1.0,-1.0
2023/01/05,565.4,570.0,559.0,563.6,1077500,-1.0,-1.0,-1.0
2023/01/06,561.0,569.0,561.0,566.6,909000,-1.0,-1.0,-1.0
2023/01/10,570.0,577.0,563.4,576.2,990000,-1.0,-1.0,-1.0
2023/01/11,583.0,609.0,581.2,604.0,1317000,-1.0,-1.0,-1.0
2023/01/12,610.0,612.0,595.8000000000001,601.0,782000,-1.0,-1.0,-1.0
2023/01/13,596.0,630.0,595.0,621.0,1386500,-1.0,-1.0,-1.0
2023/01/16,610.0,615.0,593.2,602.0,921500,-1.0,-1.0,-1.0
2023/01/17,602.0,610.0,600.0,601.0,536000,-1.0,-1.0,-1.0
2023/01/18,602.0,626.0,597.2,614.0,623000,-1.0,-1.0,-1.0
2023/01/19,608.0,616.0,606.0,610.0,415500,-1.0,-1.0,-1.0
2023/01/20,610.0,620.0,607.0,615.0,529500,-1.0,-1.0,-1.0
2023/01/23,620.0,629.0,615.0,624.0,610500,-1.0,-1.0,-1.0
2023/01/24,625.0,643.0,625.0,637.0,975000,-1.0,-1.0,-1.0
2023/01/25,640.0,658.0,637.0,652.0,1198000,-1.0,-1.0,-1.0
2023/01/26,650.0,653.0,633.0,639.0,701500,-1.0,-1.0,-1.0
2023/01/27,641.0,652.0,640.0,649.0,626500,-1.0,-1.0,-1.0
2023/01/30,642.0,656.0,642.0,654.0,580500,-1.0,-1.0,-1.0
2023/01/31,655.0,665.0,653.0,657.0,912500,-1.0,-1.0,-1.0
2023/02/01,664.0,665.0,608.0,630.0,3562000,-1.0,-1.0,-1.0
2023/02/02,642.0,647.0,613.0,623.0,2405500,-1.0,-1.0,-1.0
2023/02/03,624.0,627.0,611.0,621.0,1038500,-1.0,-1.0,-1.0
2023/02/06,623.0,629.0,615.0,629.0,1015000,-1.0,-1.0,-1.0
2023/02/07,630.0,651.0,627.0,648.0,1015000,-1.0,-1.0,-1.0
2023/02/08,645.0,658.0,641.0,649.0,781500,-1.0,-1.0,-1.0
2023/02/09,645.0,657.0,643.0,656.0,654000,-1.0,-1.0,-1.0
2023/02/10,656.0,671.0,654.0,660.0,923500,-1.0,-1.0,-1.0
2023/02/13,664.0,672.0,660.0,668.0,829500,-1.0,-1.0,-1.0
2023/02/14,676.0,688.0,675.0,687.0,1120500,-1.0,-1.0,-1.0
2023/02/15,689.0,707.0,684.0,684.0,1362000,-1.0,-1.0,-1.0
2023/02/16,685.0,691.0,673.0,686.0,753000,-1.0,-1.0,-1.0
2023/02/17,677.0,687.0,671.0,671.0,635000,-1.0,-1.0,-1.0
2023/02/20,675.0,677.0,667.0,676.0,339000,-1.0,-1.0,-1.0
2023/02/21,674.0,683.0,672.0,674.0,512500,-1.0,-1.0,-1.0
2023/02/22,664.0,675.0,662.0,668.0,734000,-1.0,-1.0,-1.0
2023/02/24,673.0,683.0,671.0,681.0,740500,-1.0,-1.0,-1.0
2023/02/27,678.0,689.0,674.0,683.0,703500,-1.0,-1.0,-1.0
2023/02/28,690.0,694.0,674.0,680.0,1182000,-1.0,-1.0,-1.0
2023/03/01,681.0,682.0,672.0,674.0,547000,-1.0,-1.0,-1.0
2023/03/02,682.0,685.0,673.0,673.0,431500,-1.0,-1.0,-1.0
2023/03/03,685.0,685.0,671.0,676.0,831500,-1.0,-1.0,-1.0
2023/03/06,683.0,683.0,668.0,679.0,845000,-1.0,-1.0,-1.0
2023/03/07,679.0,679.0,667.0,676.0,641000,-1.0,-1.0,-1.0
2023/03/08,675.0,687.0,674.0,682.0,831000,-1.0,-1.0,-1.0
2023/03/09,686.0,690.0,677.0,679.0,841500,-1.0,-1.0,-1.0
2023/03/10,670.0,675.0,666.0,671.0,926000,-1.0,-1.0,-1.0
2023/03/13,659.0,659.0,648.0,656.0,544500,-1.0,-1.0,-1.0
2023/03/14,640.0,640.0,620.0,629.0,1315000,-1.0,-1.0,-1.0
2023/03/15,642.0,657.0,638.0,653.0,697500,-1.0,-1.0,-1.0
2023/03/16,639.0,652.0,634.0,644.0,648000,-1.0,-1.0,-1.0
2023/03/17,652.0,657.0,641.0,643.0,1250000,-1.0,-1.0,-1.0
2023/03/20,643.0,643.0,629.0,632.0,455500,-1.0,-1.0,-1.0
2023/03/22,649.0,659.0,642.0,649.0,940000,-1.0,-1.0,-1.0
2023/03/23,642.0,663.0,639.0,663.0,596000,-1.0,-1.0,-1.0
2023/03/24,664.0,677.0,663.0,674.0,818500,-1.0,-1.0,-1.0
2023/03/27,676.0,685.0,670.0,681.0,1476500,-1.0,-1.0,-1.0
2023/03/28,690.0,691.0,673.0,684.0,1049500,-1.0,-1.0,-1.0
2023/03/29,686.0,690.0,681.0,690.0,874500,-1.0,-1.0,-1.0
2023/03/30,690.0,709.0,690.0,707.0,1084500,-1.0,-1.0,-1.0
2023/03/31,708.0,726.0,708.0,721.0,964500,-1.0,-1.0,-1.0
2023/04/03,734.0,735.0,695.0,705.0,1729500,-1.0,-1.0,-1.0
2023/04/04,705.0,710.0,692.0,694.0,590500,-1.0,-1.0,-1.0
2023/04/05,680.0,680.0,670.0,674.0,896000,-1.0,-1.0,-1.0
2023/04/06,665.0,665.0,649.0,649.0,815000,-1.0,-1.0,-1.0
2023/04/07,657.0,680.0,655.0,679.0,963000,-1.0,-1.0,-1.0
2023/04/10,686.0,693.0,676.0,686.0,626000,-1.0,-1.0,-1.0
2023/04/11,700.0,704.0,679.0,685.0,857000,-1.0,-1.0,-1.0
2023/04/12,682.0,683.0,668.0,671.0,919000,-1.0,-1.0,-1.0
2023/04/13,666.0,668.0,657.0,668.0,962500,-1.0,-1.0,-1.0
2023/04/14,668.0,669.0,658.0,658.0,1089000,-1.0,-1.0,-1.0
2023/04/17,658.0,658.0,639.0,640.0,1779000,-1.0,-1.0,-1.0
2023/04/18,630.0,634.0,621.0,626.0,2431500,-1.0,-1.0,-1.0
2023/04/19,623.0,651.0,620.0,650.0,2225500,-1.0,-1.0,-1.0
2023/04/20,641.0,647.0,639.0,645.0,1136000,-1.0,-1.0,-1.0
2023/04/21,648.0,663.0,646.0,654.0,1856500,-1.0,-1.0,-1.0
2023/04/24,654.0,654.0,645.0,654.0,884500,-1.0,-1.0,-1.0
2023/04/25,666.0,672.0,653.0,656.0,949000,-1.0,-1.0,-1.0
2023/04/26,650.0,650.0,638.0,640.0,982500,-1.0,-1.0,-1.0
2023/04/27,644.0,648.0,640.0,648.0,775500,-1.0,-1.0,-1.0
2023/04/28,656.0,657.0,642.0,654.0,823500,-1.0,-1.0,-1.0
2023/05/01,662.0,665.0,657.0,657.0,611500,-1.0,-1.0,-1.0
2023/05/02,662.0,662.0,654.0,659.0,639000,-1.0,-1.0,-1.0
2023/05/08,661.0,672.0,661.0,667.0,809500,-1.0,-1.0,-1.0
2023/05/09,671.0,672.0,664.0,665.0,671500,-1.0,-1.0,-1.0
2023/05/10,664.0,668.0,656.0,656.0,997000,-1.0,-1.0,-1.0
2023/05/11,655.0,661.0,652.0,657.0,624000,-1.0,-1.0,-1.0
2023/05/12,657.0,658.0,640.0,643.0,1355500,-1.0,-1.0,-1.0
2023/05/15,664.0,687.0,664.0,677.0,1917500,-1.0,-1.0,-1.0
2023/05/16,675.0,678.0,647.0,673.0,1346000,-1.0,-1.0,-1.0
2023/05/17,673.0,675.0,659.0,659.0,906000,-1.0,-1.0,-1.0
2023/05/18,661.0,700.0,656.0,698.0,2194500,-1.0,-1.0,-1.0
2023/05/19,710.0,727.0,706.0,714.0,2544000,-1.0,-1.0,-1.0
2023/05/22,726.0,746.0,723.0,745.0,2313500,-1.0,-1.0,-1.0
2023/05/23,744.0,767.0,741.0,755.0,2055000,-1.0,-1.0,-1.0
2023/05/24,756.0,762.0,731.0,742.0,1329000,-1.0,-1.0,-1.0
2023/05/25,756.0,774.0,750.0,774.0,1518500,-1.0,-1.0,-1.0
2023/05/26,780.0,784.0,770.0,783.0,1507500,-1.0,-1.0,-1.0
2023/05/29,792.0,807.0,774.0,779.0,1598000,-1.0,-1.0,-1.0
2023/05/30,774.0,783.0,763.0,777.0,976000,-1.0,-1.0,-1.0
2023/05/31,771.0,777.0,751.0,752.0,1309500,-1.0,-1.0,-1.0
2023/06/01,740.0,756.0,735.0,741.0,867500,-1.0,-1.0,-1.0
2023/06/02,744.0,763.0,742.0,758.0,598000,-1.0,-1.0,-1.0
2023/06/05,777.0,779.0,762.0,771.0,853500,-1.0,-1.0,-1.0
2023/06/06,766.0,797.0,758.0,789.0,936500,-1.0,-1.0,-1.0
2023/06/07,790.0,794.0,757.0,760.0,1804000,-1.0,-1.0,-1.0
2023/06/08,767.0,770.0,750.0,754.0,777000,-1.0,-1.0,-1.0
2023/06/09,761.0,775.0,757.0,774.0,933500,-1.0,-1.0,-1.0
2023/06/12,788.0,800.0,778.0,799.0,947000,-1.0,-1.0,-1.0
2023/06/13,801.0,819.0,796.0,811.0,1284500,-1.0,-1.0,-1.0
2023/06/14,820.0,822.0,799.0,810.0,952000,-1.0,-1.0,-1.0
2023/06/15,808.0,817.0,807.0,808.0,687500,-1.0,-1.0,-1.0
2023/06/16,806.0,808.0,792.0,804.0,799500,-1.0,-1.0,-1.0
2023/06/19,810.0,811.0,790.0,802.0,859500,-1.0,-1.0,-1.0
2023/06/20,802.0,806.0,794.0,806.0,737000,-1.0,-1.0,-1.0
2023/06/21,800.0,827.0,797.0,816.0,984000,-1.0,-1.0,-1.0
2023/06/22,815.0,816.0,794.0,797.0,633000,-1.0,-1.0,-1.0
2023/06/23,805.0,808.0,773.0,780.0,826500,-1.0,-1.0,-1.0
2023/06/26,803.0,836.0,795.0,812.0,2242500,-1.0,-1.0,-1.0
2023/06/27,818.0,818.0,794.0,807.0,832500,-1.0,-1.0,-1.0
2023/06/28,820.0,834.0,811.0,824.0,983000,-1.0,-1.0,-1.0
2023/06/29,836.0,861.0,836.0,857.0,1480500,-1.0,-1.0,-1.0
2023/06/30,860.0,866.0,845.0,847.0,1200500,-1.0,-1.0,-1.0
2023/07/03,862.0,868.0,853.0,858.0,815000,-1.0,-1.0,-1.0
2023/07/04,857.0,867.0,851.0,851.0,855500,-1.0,-1.0,-1.0
2023/07/05,841.0,858.0,840.0,850.0,723500,-1.0,-1.0,-1.0
2023/07/06,836.0,846.0,833.0,838.0,523000,-1.0,-1.0,-1.0
2023/07/07,826.0,834.0,821.0,826.0,475500,-1.0,-1.0,-1.0
2023/07/10,826.0,829.0,812.0,815.0,877500,-1.0,-1.0,-1.0
2023/07/11,829.0,832.0,815.0,817.0,514500,-1.0,-1.0,-1.0
2023/07/12,813.0,814.0,778.0,788.0,1471500,-1.0,-1.0,-1.0
2023/07/13,794.0,800.0,770.0,798.0,840000,-1.0,-1.0,-1.0
2023/07/14,802.0,804.0,787.0,799.0,649500,-1.0,-1.0,-1.0
2023/07/18,811.0,840.0,808.0,840.0,1519500,-1.0,-1.0,-1.0
2023/07/19,849.0,861.0,837.0,861.0,1049000,-1.0,-1.0,-1.0
2023/07/20,857.0,857.0,840.0,840.0,624000,-1.0,-1.0,-1.0
2023/07/21,826.0,830.0,814.0,822.0,1454500,-1.0,-1.0,-1.0
2023/07/24,828.0,835.0,818.0,821.0,874500,-1.0,-1.0,-1.0
2023/07/25,822.0,825.0,810.0,820.0,497000,-1.0,-1.0,-1.0
2023/07/26,824.0,826.0,815.0,819.0,409000,-1.0,-1.0,-1.0
2023/07/27,810.0,821.0,808.0,820.0,370000,-1.0,-1.0,-1.0
2023/07/28,808.0,831.0,805.0,822.0,973500,-1.0,-1.0,-1.0
2023/07/31,834.0,834.0,820.0,823.0,735000,-1.0,-1.0,-1.0
2023/08/01,836.0,844.0,823.0,835.0,922500,-1.0,-1.0,-1.0
2023/08/02,802.0,831.0,791.0,808.0,3407500,-1.0,-1.0,-1.0
2023/08/03,789.0,790.0,762.0,764.0,2434000,-1.0,-1.0,-1.0
2023/08/04,757.0,768.0,745.0,753.0,1181000,-1.0,-1.0,-1.0
2023/08/07,739.0,749.0,732.0,747.0,1380500,-1.0,-1.0,-1.0
2023/08/08,755.0,776.0,753.0,769.0,1317500,-1.0,-1.0,-1.0
2023/08/09,769.0,805.0,769.0,798.0,1350000,-1.0,-1.0,-1.0
2023/08/10,798.0,804.0,787.0,801.0,699500,-1.0,-1.0,-1.0
2023/08/14,796.0,797.0,775.0,776.0,736000,-1.0,-1.0,-1.0
2023/08/15,790.0,802.0,780.0,786.0,816000,-1.0,-1.0,-1.0
2023/08/16,772.0,772.0,749.0,750.0,803500,-1.0,-1.0,-1.0
2023/08/17,739.0,749.0,725.0,746.0,1140500,-1.0,-1.0,-1.0
2023/08/18,732.0,741.0,727.0,740.0,644500,-1.0,-1.0,-1.0
2023/08/21,739.0,754.0,737.0,752.0,756000,-1.0,-1.0,-1.0
2023/08/22,776.0,788.0,766.0,787.0,823000,-1.0,-1.0,-1.0
2023/08/23,781.0,804.0,773.0,801.0,1058000,-1.0,-1.0,-1.0
2023/08/24,826.0,829.0,812.0,812.0,1273000,-1.0,-1.0,-1.0
2023/08/25,798.0,809.0,794.0,805.0,510000,-1.0,-1.0,-1.0
2023/08/28,818.0,832.0,812.0,832.0,579000,-1.0,-1.0,-1.0
2023/08/29,832.0,833.0,822.0,825.0,842500,-1.0,-1.0,-1.0
2023/08/30,832.0,842.0,819.0,820.0,1967000,-1.0,-1.0,-1.0
2023/08/31,815.0,820.0,809.0,810.0,892500,-1.0,-1.0,-1.0
2023/09/01,798.0,814.0,795.0,813.0,875000,-1.0,-1.0,-1.0
2023/09/04,811.0,816.0,803.0,814.0,570500,-1.0,-1.0,-1.0
2023/09/05,806.0,820.0,802.0,819.0,574500,-1.0,-1.0,-1.0
2023/09/06,812.0,814.0,805.0,811.0,570000,-1.0,-1.0,-1.0
2023/09/07,800.0,811.0,780.0,780.0,1049500,-1.0,-1.0,-1.0
2023/09/08,766.0,784.0,764.0,780.0,1086500,-1.0,-1.0,-1.0
2023/09/11,770.0,776.0,763.0,771.0,583500,-1.0,-1.0,-1.0
2023/09/12,770.0,782.0,761.0,780.0,842000,-1.0,-1.0,-1.0
2023/09/13,782.0,786.0,775.0,780.0,848500,-1.0,-1.0,-1.0
2023/09/14,792.0,806.0,783.0,800.0,836500,-1.0,-1.0,-1.0
2023/09/15,807.0,816.0,798.0,802.0,1051000,-1.0,-1.0,-1.0
2023/09/19,790.0,800.0,781.0,793.0,1035500,-1.0,-1.0,-1.0
2023/09/20,788.0,797.0,786.0,786.0,598000,-1.0,-1.0,-1.0
2023/09/21,790.0,797.0,780.0,786.0,842500,-1.0,-1.0,-1.0
2023/09/22,776.0,799.0,774.0,792.0,532000,-1.0,-1.0,-1.0
2023/09/25,800.0,834.0,797.0,832.0,1276000,-1.0,-1.0,-1.0
2023/09/26,836.0,837.0,812.0,814.0,1000500,-1.0,-1.0,-1.0
2023/09/27,807.0,826.0,793.0,824.0,917500,-1.0,-1.0,-1.0
2023/09/28,817.0,848.0,816.0,834.0,1160000,-1.0,-1.0,-1.0
2023/09/29,836.0,864.0,835.0,840.0,1341500,-1.0,-1.0,-1.0
2023/10/02,845.0,872.0,834.0,834.0,1163500,-1.0,-1.0,-1.0
2023/10/03,834.0,835.0,804.0,805.0,690000,-1.0,-1.0,-1.0
2023/10/04,785.0,792.0,774.0,774.0,841000,-1.0,-1.0,-1.0
2023/10/05,780.0,788.0,773.0,777.0,803500,-1.0,-1.0,-1.0
2023/10/06,781.0,801.0,781.0,784.0,544000,-1.0,-1.0,-1.0
2023/10/10,808.0,825.0,799.0,824.0,1116000,-1.0,-1.0,-1.0
2023/10/11,826.0,826.0,801.0,809.0,823500,-1.0,-1.0,-1.0
2023/10/12,830.0,867.0,830.0,866.0,1253500,-1.0,-1.0,-1.0
2023/10/13,872.0,875.0,853.0,860.0,1002000,-1.0,-1.0,-1.0
2023/10/16,839.0,839.0,817.0,820.0,1242000,-1.0,-1.0,-1.0
2023/10/17,834.0,835.0,813.0,828.0,1064000,-1.0,-1.0,-1.0
2023/10/18,824.0,828.0,800.0,823.0,991000,-1.0,-1.0,-1.0
2023/10/19,800.0,800.0,779.0,780.0,1554000,-1.0,-1.0,-1.0
2023/10/20,776.0,787.0,761.0,787.0,1832500,-1.0,-1.0,-1.0
2023/10/23,778.0,779.0,766.0,766.0,761000,-1.0,-1.0,-1.0
2023/10/24,776.0,794.0,754.0,792.0,1067500,-1.0,-1.0,-1.0
2023/10/25,820.0,827.0,803.0,803.0,1698500,-1.0,-1.0,-1.0
2023/10/26,851.0,928.0,847.0,917.0,9053500,-1.0,-1.0,-1.0
2023/10/27,892.0,938.0,878.0,936.0,4746000,-1.0,-1.0,-1.0
2023/10/30,946.0,961.0,936.0,950.0,5197000,-1.0,-1.0,-1.0
2023/10/31,954.0,989.0,938.0,983.0,2996000,-1.0,-1.0,-1.0
2023/11/01,990.0,1000.0,971.0,999.0,3313000,-1.0,-1.0,-1.0
2023/11/02,1098.0,1138.0,1084.0,1118.0,7025500,-1.0,-1.0,-1.0
2023/11/06,1164.0,1174.0,1126.0,1158.0,4088500,-1.0,-1.0,-1.0
2023/11/07,1174.0,1188.0,1154.0,1160.0,3357000,-1.0,-1.0,-1.0
2023/11/08,1120.0,1132.0,1094.0,1120.0,4070000,-1.0,-1.0,-1.0
2023/11/09,1104.0,1112.0,1074.0,1082.0,3026000,-1.0,-1.0,-1.0
2023/11/10,1080.0,1106.0,1058.0,1100.0,1828500,-1.0,-1.0,-1.0
2023/11/13,1120.0,1132.0,1094.0,1100.0,1135000,-1.0,-1.0,-1.0
2023/11/14,1110.0,1126.0,1100.0,1100.0,820500,-1.0,-1.0,-1.0
2023/11/15,1128.0,1136.0,1098.0,1120.0,1455000,-1.0,-1.0,-1.0
2023/11/16,1114.0,1134.0,1102.0,1114.0,938500,-1.0,-1.0,-1.0
2023/11/17,1110.0,1146.0,1106.0,1138.0,1092500,-1.0,-1.0,-1.0
2023/11/20,1152.0,1172.0,1126.0,1126.0,1513000,-1.0,-1.0,-1.0
2023/11/21,1132.0,1222.0,1122.0,1218.0,3394000,-1.0,-1.0,-1.0
2023/11/22,1178.0,1202.0,1152.0,1172.0,3848000,-1.0,-1.0,-1.0
2023/11/24,1166.0,1192.0,1156.0,1172.0,1939000,-1.0,-1.0,-1.0
2023/11/27,1178.0,1212.0,1152.0,1162.0,1974500,-1.0,-1.0,-1.0
2023/11/28,1164.0,1172.0,1134.0,1158.0,1415500,-1.0,-1.0,-1.0
2023/11/29,1138.0,1194.0,1136.0,1184.0,1416000,-1.0,-1.0,-1.0
2023/11/30,1184.0,1214.0,1182.0,1212.0,1715500,-1.0,-1.0,-1.0
2023/12/01,1218.0,1220.0,1184.0,1192.0,1240500,-1.0,-1.0,-1.0
2023/12/04,1198.0,1204.0,1172.0,1178.0,887500,-1.0,-1.0,-1.0
2023/12/05,1160.0,1166.0,1104.0,1106.0,2159000,-1.0,-1.0,-1.0
2023/12/06,1104.0,1130.0,1104.0,1114.0,1790500,-1.0,-1.0,-1.0
2023/12/07,1106.0,1116.0,1092.0,1092.0,1230500,-1.0,-1.0,-1.0
2023/12/08,1076.0,1090.0,1062.0,1068.0,1375500,-1.0,-1.0,-1.0
2023/12/11,1086.0,1108.0,1080.0,1090.0,833500,-1.0,-1.0,-1.0
2023/12/12,1104.0,1108.0,1088.0,1092.0,758000,-1.0,-1.0,-1.0
2023/12/13,1090.0,1104.0,1080.0,1084.0,712500,-1.0,-1.0,-1.0
2023/12/14,1084.0,1086.0,1046.0,1046.0,1326500,-1.0,-1.0,-1.0
2023/12/15,1040.0,1076.0,1038.0,1066.0,1373500,-1.0,-1.0,-1.0
2023/12/18,1070.0,1108.0,1066.0,1102.0,1412000,-1.0,-1.0,-1.0
2023/12/19,1104.0,1142.0,1096.0,1124.0,1744500,-1.0,-1.0,-1.0
2023/12/20,1136.0,1170.0,1120.0,1158.0,2140500,-1.0,-1.0,-1.0
2023/12/21,1128.0,1148.0,1116.0,1140.0,1308500,-1.0,-1.0,-1.0
2023/12/22,1156.0,1170.0,1142.0,1150.0,1072500,-1.0,-1.0,-1.0
2023/12/25,1160.0,1168.0,1144.0,1160.0,939500,-1.0,-1.0,-1.0
2023/12/26,1148.0,1166.0,1138.0,1150.0,817000,-1.0,-1.0,-1.0
2023/12/27,1142.0,1164.0,1142.0,1156.0,1347000,-1.0,-1.0,-1.0
2023/12/28,1136.0,1158.0,1124.0,1148.0,1161000,-1.0,-1.0,-1.0
2023/12/29,1128.0,1168.0,1128.0,1168.0,1637000,-1.0,-1.0,-1.0
2024/01/04,1128.0,1132.0,1104.0,1116.0,1388500,-1.0,-1.0,-1.0
2024/01/05,1116.0,1122.0,1104.0,1108.0,1116000,-1.0,-1.0,-1.0
2024/01/09,1130.0,1140.0,1120.0,1134.0,1272500,-1.0,-1.0,-1.0
2024/01/10,1140.0,1190.0,1138.0,1176.0,1360500,-1.0,-1.0,-1.0
2024/01/11,1178.0,1200.0,1156.0,1190.0,1465500,-1.0,-1.0,-1.0
2024/01/12,1208.0,1214.0,1176.0,1188.0,1112500,-1.0,-1.0,-1.0
2024/01/15,1196.0,1234.0,1178.0,1234.0,1711000,-1.0,-1.0,-1.0
2024/01/16,1236.0,1236.0,1196.0,1196.0,1313500,-1.0,-1.0,-1.0
2024/01/17,1210.0,1238.0,1168.0,1168.0,1564500,-1.0,-1.0,-1.0
2024/01/18,1158.0,1182.0,1144.0,1144.0,1424000,-1.0,-1.0,-1.0
2024/01/19,1184.0,1204.0,1168.0,1184.0,2107500,-1.0,-1.0,-1.0
2024/01/22,1204.0,1262.0,1200.0,1262.0,2503500,-1.0,-1.0,-1.0
2024/01/23,1272.0,1300.0,1254.0,1264.0,2626000,-1.0,-1.0,-1.0
2024/01/24,1250.0,1258.0,1218.0,1230.0,1825000,-1.0,-1.0,-1.0
2024/01/25,1220.0,1274.0,1220.0,1258.0,1538500,-1.0,-1.0,-1.0
2024/01/26,1236.0,1254.0,1218.0,1222.0,1406500,-1.0,-1.0,-1.0
2024/01/29,1218.0,1258.0,1208.0,1258.0,1275500,-1.0,-1.0,-1.0
2024/01/30,1264.0,1268.0,1250.0,1254.0,792000,-1.0,-1.0,-1.0
2024/01/31,1244.0,1246.0,1222.0,1234.0,995500,-1.0,-1.0,-1.0
2024/02/01,1220.0,1234.0,1218.0,1224.0,918000,-1.0,-1.0,-1.0
2024/02/02,1252.0,1252.0,1236.0,1248.0,1443500,-1.0,-1.0,-1.0
2024/02/05,1328.0,1330.0,1214.0,1256.0,7561000,-1.0,-1.0,-1.0
2024/02/06,1254.0,1298.0,1224.0,1236.0,2684500,-1.0,-1.0,-1.0
2024/02/07,1230.0,1316.0,1210.0,1286.0,3594000,-1.0,-1.0,-1.0
2024/02/08,1298.0,1316.0,1274.0,1314.0,1638500,-1.0,-1.0,-1.0
2024/02/09,1312.0,1344.0,1282.0,1286.0,1710000,-1.0,-1.0,-1.0
2024/02/13,1320.0,1374.0,1310.0,1360.0,2076500,-1.0,-1.0,-1.0
2024/02/14,1354.0,1372.0,1346.0,1362.0,1072500,-1.0,-1.0,-1.0
2024/02/15,1402.0,1414.0,1364.0,1374.0,1431500,-1.0,-1.0,-1.0
2024/02/16,1398.0,1442.0,1378.0,1394.0,2410000,-1.0,-1.0,-1.0
2024/02/19,1382.0,1400.0,1352.0,1352.0,1588500,-1.0,-1.0,-1.0
2024/02/20,1350.0,1388.0,1344.0,1380.0,1141000,-1.0,-1.0,-1.0
2024/02/21,1366.0,1398.0,1358.0,1368.0,990500,-1.0,-1.0,-1.0
2024/02/22,1408.0,1472.0,1406.0,1454.0,2537500,-1.0,-1.0,-1.0
2024/02/26,1476.0,1488.0,1424.0,1424.0,2002500,-1.0,-1.0,-1.0
2024/02/27,1436.0,1470.0,1432.0,1470.0,1370000,-1.0,-1.0,-1.0
2024/02/28,1454.0,1508.0,1446.0,1502.0,1505500,-1.0,-1.0,-1.0
2024/02/29,1498.0,1538.0,1474.0,1534.0,2291500,-1.0,-1.0,-1.0
2024/03/01,1544.0,1580.0,1536.0,1580.0,2132000,-1.0,-1.0,-1.0
2024/03/04,1622.0,1678.0,1608.0,1630.0,3563000,-1.0,-1.0,-1.0
2024/03/05,1600.0,1630.0,1580.0,1608.0,2207500,-1.0,-1.0,-1.0
2024/03/06,1564.0,1614.0,1556.0,1596.0,1677500,-1.0,-1.0,-1.0
2024/03/07,1616.0,1618.0,1552.0,1568.0,2126000,-1.0,-1.0,-1.0
2024/03/08,1568.0,1618.0,1562.0,1578.0,2234500,-1.0,-1.0,-1.0
2024/03/11,1520.0,1542.0,1490.0,1512.0,1855000,-1.0,-1.0,-1.0
2024/03/12,1490.0,1556.0,1484.0,1540.0,1764500,-1.0,-1.0,-1.0
2024/03/13,1568.0,1590.0,1446.0,1468.0,2793000,-1.0,-1.0,-1.0
2024/03/14,1464.0,1482.0,1396.0,1422.0,2165000,-1.0,-1.0,-1.0
2024/03/15,1402.0,1418.0,1372.0,1386.0,2824500,-1.0,-1.0,-1.0
2024/03/18,1398.0,1460.0,1384.0,1452.0,2104000,-1.0,-1.0,-1.0
2024/03/19,1448.0,1458.0,1420.0,1456.0,1860500,-1.0,-1.0,-1.0
2024/03/21,1486.0,1504.0,1442.0,1500.0,1923000,-1.0,-1.0,-1.0
2024/03/22,1504.0,1508.0,1454.0,1474.0,1425500,-1.0,-1.0,-1.0
2024/03/25,1456.0,1470.0,1440.0,1440.0,929000,-1.0,-1.0,-1.0
2024/03/26,1436.0,1484.0,1430.0,1478.0,1187500,-1.0,-1.0,-1.0
2024/03/27,1476.0,1494.0,1456.0,1464.0,1053500,-1.0,-1.0,-1.0
2024/03/28,1452.0,1526.0,1452.0,1494.0,1754000,-1.0,-1.0,-1.0
2024/03/29,1506.0,1540.0,1488.0,1540.0,1394000,-1.0,-1.0,-1.0
2024/04/01,1552.0,1554.0,1480.0,1480.0,1949500,-1.0,-1.0,-1.0
2024/04/02,1486.0,1494.0,1450.0,1470.0,1511500,-1.0,-1.0,-1.0
2024/04/03,1424.0,1480.0,1414.0,1464.0,1737000,-1.0,-1.0,-1.0
2024/04/04,1456.0,1476.0,1440.0,1472.0,1634000,-1.0,-1.0,-1.0
2024/04/05,1422.0,1430.0,1376.0,1398.0,2379500,-1.0,-1.0,-1.0
2024/04/08,1412.0,1478.0,1412.0,1460.0,2293000,-1.0,-1.0,-1.0
2024/04/09,1456.0,1530.0,1454.0,1516.0,2623500,-1.0,-1.0,-1.0
2024/04/10,1512.0,1512.0,1436.0,1436.0,2312000,-1.0,-1.0,-1.0
2024/04/11,1420.0,1468.0,1418.0,1460.0,1663500,-1.0,-1.0,-1.0
2024/04/12,1470.0,1480.0,1452.0,1472.0,1120000,-1.0,-1.0,-1.0
2024/04/15,1438.0,1454.0,1426.0,1454.0,980000,-1.0,-1.0,-1.0
2024/04/16,1424.0,1432.0,1396.0,1396.0,1154500,-1.0,-1.0,-1.0
2024/04/17,1420.0,1442.0,1398.0,1426.0,1339000,-1.0,-1.0,-1.0
2024/04/18,1376.0,1522.0,1354.0,1500.0,2489000,-1.0,-1.0,-1.0
2024/04/19,1442.0,1484.0,1410.0,1456.0,3648500,-1.0,-1.0,-1.0
2024/04/22,1440.0,1470.0,1374.0,1406.0,2999500,-1.0,-1.0,-1.0
2024/04/23,1432.0,1470.0,1400.0,1420.0,1529000,-1.0,-1.0,-1.0
2024/04/24,1466.0,1548.0,1456.0,1512.0,3763000,-1.0,-1.0,-1.0
2024/04/25,1496.0,1514.0,1448.0,1456.0,1813000,-1.0,-1.0,-1.0
2024/04/26,1476.0,1524.0,1472.0,1512.0,1924500,-1.0,-1.0,-1.0
2024/04/30,1532.0,1548.0,1458.0,1470.0,2218500,-1.0,-1.0,-1.0
2024/05/01,1456.0,1500.0,1444.0,1488.0,1160500,-1.0,-1.0,-1.0
2024/05/02,1488.0,1610.0,1480.0,1596.0,3399500,-1.0,-1.0,-1.0
2024/05/07,1598.0,1612.0,1568.0,1600.0,2272500,-1.0,-1.0,-1.0
2024/05/08,1612.0,1624.0,1572.0,1600.0,1205000,-1.0,-1.0,-1.0
2024/05/09,1610.0,1626.0,1582.0,1604.0,1046000,-1.0,-1.0,-1.0
2024/05/10,1612.0,1700.0,1610.0,1700.0,3512500,-1.0,-1.0,-1.0
2024/05/13,1706.0,1742.0,1692.0,1736.0,2927500,-1.0,-1.0,-1.0
2024/05/14,1632.0,1664.0,1570.0,1634.0,4401500,-1.0,-1.0,-1.0
2024/05/15,1634.0,1662.0,1608.0,1652.0,1833500,-1.0,-1.0,-1.0
2024/05/16,1696.0,1696.0,1646.0,1670.0,1756500,-1.0,-1.0,-1.0
2024/05/17,1660.0,1666.0,1640.0,1650.0,1021500,-1.0,-1.0,-1.0
2024/05/20,1634.0,1672.0,1628.0,1634.0,956500,-1.0,-1.0,-1.0
2024/05/21,1650.0,1672.0,1628.0,1630.0,1014500,-1.0,-1.0,-1.0
2024/05/22,1620.0,1624.0,1576.0,1578.0,1164500,-1.0,-1.0,-1.0
2024/05/23,1608.0,1670.0,1606.0,1658.0,1936000,-1.0,-1.0,-1.0
2024/05/24,1628.0,1700.0,1618.0,1676.0,2314500,-1.0,-1.0,-1.0
2024/05/27,1666.0,1732.0,1648.0,1732.0,1753500,-1.0,-1.0,-1.0
2024/05/28,1746.0,1766.0,1712.0,1724.0,1346000,-1.0,-1.0,-1.0
2024/05/29,1712.0,1746.0,1674.0,1692.0,1347500,-1.0,-1.0,-1.0
2024/05/30,1666.0,1714.0,1656.0,1692.0,1181500,-1.0,-1.0,-1.0
2024/05/31,1714.0,1772.0,1706.0,1762.0,1728500,-1.0,-1.0,-1.0
2024/06/03,1764.0,1772.0,1736.0,1768.0,1623500,-1.0,-1.0,-1.0
2024/06/04,1760.0,1762.0,1668.0,1672.0,2046000,-1.0,-1.0,-1.0
2024/06/05,1666.0,1686.0,1610.0,1626.0,1593000,-1.0,-1.0,-1.0
2024/06/06,1676.0,1678.0,1622.0,1632.0,1166500,-1.0,-1.0,-1.0
2024/06/07,1626.0,1650.0,1616.0,1632.0,870000,-1.0,-1.0,-1.0
2024/06/10,1632.0,1682.0,1626.0,1660.0,882500,-1.0,-1.0,-1.0
2024/06/11,1684.0,1684.0,1658.0,1660.0,632500,-1.0,-1.0,-1.0
2024/06/12,1644.0,1746.0,1638.0,1686.0,2159500,-1.0,-1.0,-1.0
2024/06/13,1686.0,1722.0,1654.0,1658.0,1196000,-1.0,-1.0,-1.0
2024/06/14,1656.0,1706.0,1654.0,1694.0,1507500,-1.0,-1.0,-1.0
2024/06/17,1716.0,1756.0,1662.0,1678.0,3004000,-1.0,-1.0,-1.0
2024/06/18,1700.0,1762.0,1692.0,1728.0,2526500,-1.0,-1.0,-1.0
2024/06/19,1768.0,1788.0,1666.0,1698.0,2852500,-1.0,-1.0,-1.0
2024/06/20,1694.0,1712.0,1650.0,1682.0,1313500,-1.0,-1.0,-1.0
2024/06/21,1680.0,1684.0,1654.0,1666.0,1478000,-1.0,-1.0,-1.0
2024/06/24,1658.0,1716.0,1650.0,1702.0,1076500,-1.0,-1.0,-1.0
2024/06/25,1710.0,1710.0,1660.0,1660.0,1057000,-1.0,-1.0,-1.0
2024/06/26,1690.0,1706.0,1662.0,1676.0,1273000,-1.0,-1.0,-1.0
2024/06/27,1660.0,1684.0,1628.0,1652.0,1371000,-1.0,-1.0,-1.0
2024/06/28,1658.0,1694.0,1652.0,1652.0,1214500,-1.0,-1.0,-1.0
2024/07/01,1670.0,1688.0,1654.0,1654.0,1145000,-1.0,-1.0,-1.0
2024/07/02,1640.0,1650.0,1610.0,1628.0,1607500,-1.0,-1.0,-1.0
2024/07/03,1622.0,1672.0,1608.0,1652.0,1852000,-1.0,-1.0,-1.0
2024/07/04,1646.0,1690.0,1642.0,1650.0,1450500,-1.0,-1.0,-1.0
2024/07/05,1660.0,1664.0,1634.0,1638.0,947500,-1.0,-1.0,-1.0
2024/07/08,1630.0,1634.0,1574.0,1574.0,2015000,-1.0,-1.0,-1.0
2024/07/09,1582.0,1612.0,1570.0,1574.0,1355500,-1.0,-1.0,-1.0
2024/07/10,1574.0,1574.0,1536.0,1566.0,1423000,-1.0,-1.0,-1.0
2024/07/11,1574.0,1594.0,1546.0,1576.0,1134000,-1.0,-1.0,-1.0
2024/07/12,1546.0,1584.0,1540.0,1564.0,1276000,-1.0,-1.0,-1.0
2024/07/16,1550.0,1576.0,1542.0,1544.0,1191500,-1.0,-1.0,-1.0
2024/07/17,1566.0,1568.0,1530.0,1532.0,1364000,-1.0,-1.0,-1.0
2024/07/18,1502.0,1520.0,1478.0,1484.0,1721500,-1.0,-1.0,-1.0
2024/07/19,1476.0,1508.0,1464.0,1470.0,1582500,-1.0,-1.0,-1.0
2024/07/22,1448.0,1460.0,1424.0,1430.0,1386500,-1.0,-1.0,-1.0
2024/07/23,1454.0,1464.0,1418.0,1436.0,1151500,-1.0,-1.0,-1.0
2024/07/24,1424.0,1442.0,1408.0,1408.0,1124000,-1.0,-1.0,-1.0
2024/07/25,1378.0,1386.0,1332.0,1336.0,1796500,-1.0,-1.0,-1.0
2024/07/26,1324.0,1328.0,1296.0,1302.0,1964500,-1.0,-1.0,-1.0
2024/07/29,1328.0,1380.0,1326.0,1358.0,1813000,-1.0,-1.0,-1.0
2024/07/30,1338.0,1360.0,1330.0,1348.0,1061500,-1.0,-1.0,-1.0
2024/07/31,1312.0,1380.0,1308.0,1376.0,1721500,-1.0,-1.0,-1.0
2024/08/01,1536.0,1536.0,1418.0,1440.0,5291000,-1.0,-1.0,-1.0
2024/08/02,1350.0,1370.0,1314.0,1324.0,2738000,-1.0,-1.0,-1.0
2024/08/05,1164.0,1164.0,1124.0,1124.0,1941000,-1.0,-1.0,-1.0
2024/08/06,1198.0,1260.0,1156.0,1192.0,3165000,-1.0,-1.0,-1.0
2024/08/07,1172.0,1336.0,1168.0,1302.0,1770500,-1.0,-1.0,-1.0
2024/08/08,1258.0,1274.0,1220.0,1256.0,1825000,-1.0,-1.0,-1.0
2024/08/09,1302.0,1320.0,1250.0,1280.0,1673000,-1.0,-1.0,-1.0
2024/08/13,1320.0,1350.0,1312.0,1350.0,1533500,-1.0,-1.0,-1.0
2024/08/14,1370.0,1372.0,1326.0,1346.0,1542500,-1.0,-1.0,-1.0
2024/08/15,1338.0,1360.0,1330.0,1354.0,1094000,-1.0,-1.0,-1.0
2024/08/16,1380.0,1408.0,1362.0,1406.0,1318500,-1.0,-1.0,-1.0
2024/08/19,1376.0,1382.0,1330.0,1332.0,1658000,-1.0,-1.0,-1.0
2024/08/20,1340.0,1364.0,1340.0,1352.0,826000,-1.0,-1.0,-1.0
2024/08/21,1338.0,1352.0,1328.0,1346.0,751500,-1.0,-1.0,-1.0
2024/08/22,1358.0,1362.0,1312.0,1326.0,1135500,-1.0,-1.0,-1.0
2024/08/23,1346.0,1380.0,1306.0,1328.0,2059000,-1.0,-1.0,-1.0
2024/08/26,1310.0,1314.0,1276.0,1282.0,1250000,-1.0,-1.0,-1.0
2024/08/27,1256.0,1302.0,1246.0,1282.0,1285000,-1.0,-1.0,-1.0
2024/08/28,1282.0,1308.0,1280.0,1308.0,1226000,-1.0,-1.0,-1.0
2024/08/29,1300.0,1338.0,1288.0,1318.0,1285500,-1.0,-1.0,-1.0
2024/08/30,1318.0,1344.0,1304.0,1328.0,974500,-1.0,-1.0,-1.0
2024/09/02,1362.0,1362.0,1316.0,1326.0,627000,-1.0,-1.0,-1.0
2024/09/03,1326.0,1330.0,1294.0,1296.0,583500,-1.0,-1.0,-1.0
2024/09/04,1240.0,1266.0,1232.0,1246.0,1148500,-1.0,-1.0,-1.0
2024/09/05,1226.0,1242.0,1208.0,1230.0,1233000,-1.0,-1.0,-1.0
2024/09/06,1242.0,1254.0,1202.0,1232.0,1051500,-1.0,-1.0,-1.0
2024/09/09,1180.0,1216.0,1174.0,1216.0,1209000,-1.0,-1.0,-1.0
2024/09/10,1232.0,1258.0,1204.0,1254.0,1217000,-1.0,-1.0,-1.0
2024/09/11,1254.0,1284.0,1248.0,1260.0,969500,-1.0,-1.0,-1.0
2024/09/12,1300.0,1332.0,1280.0,1302.0,1287000,-1.0,-1.0,-1.0
2024/09/13,1322.0,1348.0,1298.0,1302.0,1235000,-1.0,-1.0,-1.0
2024/09/17,1316.0,1334.0,1300.0,1320.0,1221000,-1.0,-1.0,-1.0
2024/09/18,1338.0,1356.0,1334.0,1348.0,1269500,-1.0,-1.0,-1.0
2024/09/19,1380.0,1402.0,1368.0,1394.0,1360500,-1.0,-1.0,-1.0
2024/09/20,1422.0,1466.0,1414.0,1442.0,4033500,-1.0,-1.0,-1.0
2024/09/24,1456.0,1460.0,1398.0,1406.0,1708500,-1.0,-1.0,-1.0
2024/09/25,1402.0,1424.0,1384.0,1412.0,1168500,-1.0,-1.0,-1.0
2024/09/26,1460.0,1488.0,1450.0,1466.0,1521000,-1.0,-1.0,-1.0
2024/09/27,1482.0,1512.0,1470.0,1496.0,1687000,-1.0,-1.0,-1.0
2024/09/30,1438.0,1462.0,1400.0,1400.0,1333500,-1.0,-1.0,-1.0
2024/10/01,1430.0,1496.0,1430.0,1488.0,1513500,-1.0,-1.0,-1.0
2024/10/02,1470.0,1480.0,1452.0,1460.0,977500,-1.0,-1.0,-1.0
2024/10/03,1504.0,1510.0,1462.0,1470.0,940000,-1.0,-1.0,-1.0
2024/10/04,1482.0,1482.0,1454.0,1454.0,712000,-1.0,-1.0,-1.0
2024/10/07,1476.0,1482.0,1436.0,1444.0,1288000,-1.0,-1.0,-1.0
2024/10/08,1448.0,1514.0,1448.0,1482.0,1707500,-1.0,-1.0,-1.0
2024/10/09,1492.0,1494.0,1472.0,1488.0,924000,-1.0,-1.0,-1.0
2024/10/10,1500.0,1548.0,1490.0,1518.0,2292500,-1.0,-1.0,-1.0
2024/10/11,1520.0,1552.0,1518.0,1536.0,1467000,-1.0,-1.0,-1.0
2024/10/15,1598.0,1608.0,1498.0,1510.0,2908500,-1.0,-1.0,-1.0
2024/10/16,1488.0,1502.0,1474.0,1492.0,1032000,-1.0,-1.0,-1.0
2024/10/17,1490.0,1492.0,1446.0,1468.0,1104000,-1.0,-1.0,-1.0
2024/10/18,1484.0,1504.0,1468.0,1472.0,1112000,-1.0,-1.0,-1.0
2024/10/21,1480.0,1494.0,1468.0,1470.0,799500,-1.0,-1.0,-1.0
2024/10/22,1472.0,1476.0,1422.0,1424.0,1033500,-1.0,-1.0,-1.0
2024/10/23,1422.0,1448.0,1402.0,1406.0,957000,-1.0,-1.0,-1.0
2024/10/24,1384.0,1412.0,1382.0,1396.0,911000,-1.0,-1.0,-1.0
2024/10/25,1380.0,1386.0,1360.0,1362.0,993000,-1.0,-1.0,-1.0
2024/10/28,1356.0,1400.0,1354.0,1388.0,1044500,-1.0,-1.0,-1.0
2024/10/29,1382.0,1406.0,1376.0,1398.0,672000,-1.0,-1.0,-1.0
2024/10/30,1406.0,1442.0,1404.0,1436.0,4325500,-1.0,-1.0,-1.0
2024/10/31,1418.0,1458.0,1406.0,1454.0,1449000,-1.0,-1.0,-1.0
2024/11/01,1400.0,1404.0,1354.0,1362.0,2279000,-1.0,-1.0,-1.0
2024/11/05,1562.0,1562.0,1558.0,1562.0,2596500,-1.0,-1.0,-1.0
2024/11/06,1638.0,1694.0,1614.0,1694.0,6111000,-1.0,-1.0,-1.0
2024/11/07,1720.0,1720.0,1630.0,1654.0,3224000,-1.0,-1.0,-1.0
2024/11/08,1660.0,1712.0,1634.0,1712.0,2044500,-1.0,-1.0,-1.0
2024/11/11,1720.0,1798.0,1714.0,1796.0,2268000,-1.0,-1.0,-1.0
2024/11/12,1826.0,1872.0,1802.0,1866.0,2922500,-1.0,-1.0,-1.0
2024/11/13,1870.0,1880.0,1806.0,1822.0,2234500,-1.0,-1.0,-1.0
2024/11/14,1818.0,1838.0,1748.0,1756.0,2154500,-1.0,-1.0,-1.0
2024/11/15,1768.0,1776.0,1738.0,1764.0,1313500,-1.0,-1.0,-1.0
2024/11/18,1738.0,1750.0,1704.0,1730.0,1157000,-1.0,-1.0,-1.0
2024/11/19,1732.0,1744.0,1694.0,1724.0,941000,-1.0,-1.0,-1.0
2024/11/20,1710.0,1722.0,1692.0,1706.0,1151000,-1.0,-1.0,-1.0
2024/11/21,1700.0,1722.0,1682.0,1686.0,902500,-1.0,-1.0,-1.0
2024/11/22,1734.0,1788.0,1720.0,1742.0,1650500,-1.0,-1.0,-1.0
2024/11/25,1764.0,1764.0,1704.0,1710.0,1040500,-1.0,-1.0,-1.0
2024/11/26,1702.0,1726.0,1688.0,1716.0,1758500,-1.0,-1.0,-1.0
2024/11/27,1742.0,1780.0,1718.0,1740.0,2028000,-1.0,-1.0,-1.0
2024/11/28,1712.0,1740.0,1684.0,1730.0,979500,-1.0,-1.0,-1.0
2024/11/29,1724.0,1738.0,1698.0,1704.0,766000,-1.0,-1.0,-1.0
2024/12/02,1710.0,1774.0,1704.0,1772.0,1316500,-1.0,-1.0,-1.0
2024/12/03,1800.0,1840.0,1800.0,1824.0,1811500,-1.0,-1.0,-1.0
2024/12/04,1840.0,1846.0,1802.0,1808.0,935000,-1.0,-1.0,-1.0
2024/12/05,1838.0,1838.0,1770.0,1778.0,952500,-1.0,-1.0,-1.0
2024/12/06,1770.0,1772.0,1742.0,1760.0,744000,-1.0,-1.0,-1.0
2024/12/09,1742.0,1756.0,1710.0,1726.0,1119500,-1.0,-1.0,-1.0
2024/12/10,1690.0,1704.0,1656.0,1664.0,1777000,-1.0,-1.0,-1.0
2024/12/11,1656.0,1664.0,1634.0,1656.0,1305500,-1.0,-1.0,-1.0
2024/12/12,1682.0,1718.0,1652.0,1698.0,1766500,-1.0,-1.0,-1.0
2024/12/13,1672.0,1722.0,1670.0,1692.0,1443500,-1.0,-1.0,-1.0
2024/12/16,1694.0,1694.0,1652.0,1652.0,754000,-1.0,-1.0,-1.0
2024/12/17,1666.0,1684.0,1636.0,1644.0,834500,-1.0,-1.0,-1.0
2024/12/18,1642.0,1672.0,1640.0,1652.0,744000,-1.0,-1.0,-1.0
2024/12/19,1606.0,1656.0,1600.0,1646.0,948000,-1.0,-1.0,-1.0
2024/12/20,1676.0,1688.0,1610.0,1624.0,2121500,-1.0,-1.0,-1.0
2024/12/23,1622.0,1652.0,1614.0,1626.0,809500,-1.0,-1.0,-1.0
2024/12/24,1640.0,1642.0,1622.0,1622.0,479500,-1.0,-1.0,-1.0
2024/12/25,1622.0,1622.0,1592.0,1610.0,725500,-1.0,-1.0,-1.0
2024/12/26,1602.0,1642.0,1582.0,1636.0,1081500,-1.0,-1.0,-1.0
2024/12/27,1636.0,1662.0,1620.0,1654.0,943000,-1.0,-1.0,-1.0
2024/12/30,1652.0,1666.0,1638.0,1640.0,1054500,-1.0,-1.0,-1.0
2025/01/06,1658.0,1720.0,1656.0,1692.0,2208000,-1.0,-1.0,-1.0
2025/01/07,1720.0,1756.0,1694.0,1726.0,1984500,-1.0,-1.0,-1.0
2025/01/08,1728.0,1768.0,1720.0,1760.0,1584000,-1.0,-1.0,-1.0
2025/01/09,1778.0,1824.0,1774.0,1796.0,2345500,-1.0,-1.0,-1.0
2025/01/10,1770.0,1800.0,1754.0,1786.0,1085000,-1.0,-1.0,-1.0
2025/01/14,1784.0,1826.0,1766.0,1778.0,1920000,-1.0,-1.0,-1.0
2025/01/15,1778.0,1796.0,1726.0,1736.0,1139500,-1.0,-1.0,-1.0
2025/01/16,1762.0,1762.0,1676.0,1706.0,1433000,-1.0,-1.0,-1.0
2025/01/17,1696.0,1708.0,1660.0,1668.0,1026500,-1.0,-1.0,-1.0
2025/01/20,1690.0,1730.0,1688.0,1700.0,899000,-1.0,-1.0,-1.0
2025/01/21,1730.0,1746.0,1664.0,1688.0,1516000,-1.0,-1.0,-1.0
2025/01/22,1736.0,1786.0,1718.0,1758.0,1662500,-1.0,-1.0,-1.0
2025/01/23,1772.0,1772.0,1746.0,1762.0,815000,-1.0,-1.0,-1.0
2025/01/24,1760.0,1760.0,1722.0,1726.0,769500,-1.0,-1.0,-1.0
2025/01/27,1750.0,1750.0,1610.0,1610.0,2037500,-1.0,-1.0,-1.0
2025/01/28,1564.0,1576.0,1494.0,1510.0,3351000,-1.0,-1.0,-1.0
2025/01/29,1540.0,1566.0,1520.0,1562.0,1857000,-1.0,-1.0,-1.0
2025/01/30,1562.0,1564.0,1536.0,1548.0,1264500,-1.0,-1.0,-1.0
2025/01/31,1550.0,1564.0,1546.0,1550.0,741000,-1.0,-1.0,-1.0
2025/02/03,1522.0,1536.0,1494.0,1512.0,1620500,-1.0,-1.0,-1.0
2025/02/04,1538.0,1540.0,1516.0,1532.0,1337500,-1.0,-1.0,-1.0
2025/02/05,1540.0,1554.0,1532.0,1552.0,224500,-1.0,-1.0,-1.0
2025/02/06,1540.0,1540.0,1434.0,1452.0,5752500,-1.0,-1.0,-1.0
2025/02/07,1432.0,1452.0,1402.0,1436.0,2260500,-1.0,-1.0,-1.0
2025/02/10,1422.0,1440.0,1422.0,1428.0,1184000,-1.0,-1.0,-1.0
2025/02/12,1446.0,1458.0,1434.0,1456.0,1362500,-1.0,-1.0,-1.0
2025/02/13,1440.0,1442.0,1420.0,1426.0,1739500,-1.0,-1.0,-1.0
2025/02/14,1438.0,1446.0,1420.0,1428.0,1457000,-1.0,-1.0,-1.0
2025/02/17,1418.0,1440.0,1402.0,1410.0,1179000,-1.0,-1.0,-1.0
2025/02/18,1402.0,1402.0,1378.0,1380.0,2018000,-1.0,-1.0,-1.0
2025/02/19,1370.0,1410.0,1360.0,1392.0,1835000,-1.0,-1.0,-1.0
2025/02/20,1390.0,1482.0,1386.0,1454.0,2851500,-1.0,-1.0,-1.0
2025/02/21,1458.0,1458.0,1418.0,1422.0,1442000,-1.0,-1.0,-1.0
2025/02/25,1402.0,1412.0,1394.0,1404.0,1143500,-1.0,-1.0,-1.0
2025/02/26,1406.0,1414.0,1380.0,1400.0,970500,-1.0,-1.0,-1.0
2025/02/27,1480.0,1504.0,1464.0,1486.0,2419500,-1.0,-1.0,-1.0
2025/02/28,1438.0,1464.0,1396.0,1404.0,1363000,-1.0,-1.0,-1.0
2025/03/03,1418.0,1418.0,1396.0,1406.0,827000,-1.0,-1.0,-1.0
2025/03/04,1400.0,1462.0,1396.0,1438.0,2518000,-1.0,-1.0,-1.0
2025/03/05,1436.0,1452.0,1402.0,1410.0,1335500,-1.0,-1.0,-1.0
2025/03/06,1418.0,1442.0,1396.0,1396.0,1465000,-1.0,-1.0,-1.0
2025/03/07,1360.0,1370.0,1306.0,1314.0,2676000,-1.0,-1.0,-1.0
2025/03/10,1324.0,1332.0,1276.0,1292.0,2231500,-1.0,-1.0,-1.0
2025/03/11,1276.0,1346.0,1276.0,1336.0,2271000,-1.0,-1.0,-1.0
2025/03/12,1342.0,1418.0,1342.0,1392.0,2048500,-1.0,-1.0,-1.0
2025/03/13,1398.0,1418.0,1364.0,1364.0,1350000,-1.0,-1.0,-1.0
2025/03/14,1382.0,1424.0,1378.0,1414.0,1397500,-1.0,-1.0,-1.0
2025/03/17,1428.0,1448.0,1410.0,1412.0,1161000,-1.0,-1.0,-1.0
2025/03/18,1424.0,1428.0,1404.0,1420.0,688000,-1.0,-1.0,-1.0
2025/03/19,1424.0,1440.0,1374.0,1378.0,1402500,-1.0,-1.0,-1.0
2025/03/21,1378.0,1406.0,1378.0,1402.0,900000,-1.0,-1.0,-1.0
2025/03/24,1398.0,1412.0,1392.0,1394.0,516000,-1.0,-1.0,-1.0
2025/03/25,1400.0,1424.0,1394.0,1412.0,734500,-1.0,-1.0,-1.0
2025/03/26,1432.0,1432.0,1414.0,1428.0,621000,-1.0,-1.0,-1.0
2025/03/27,1406.0,1406.0,1384.0,1396.0,701000,-1.0,-1.0,-1.0
2025/03/28,1396.0,1396.0,1346.0,1360.0,946000,-1.0,-1.0,-1.0
2025/03/31,1326.0,1326.0,1268.0,1274.0,1872000,-1.0,-1.0,-1.0
2025/04/01,1286.0,1290.0,1268.0,1278.0,952000,-1.0,-1.0,-1.0
2025/04/02,1290.0,1290.0,1272.0,1280.0,881500,-1.0,-1.0,-1.0
2025/04/03,1212.0,1234.0,1210.0,1220.0,1922000,-1.0,-1.0,-1.0
2025/04/04,1166.0,1176.0,1120.0,1142.0,1711500,-1.0,-1.0,-1.0
2025/04/07,954.0,1048.0,954.0,1008.0,2145000,-1.0,-1.0,-1.0
2025/04/08,1150.0,1174.0,1118.0,1122.0,1825500,-1.0,-1.0,-1.0
2025/04/09,1072.0,1084.0,1044.0,1072.0,1531500,-1.0,-1.0,-1.0
2025/04/10,1252.0,1252.0,1184.0,1190.0,2282000,-1.0,-1.0,-1.0
2025/04/11,1130.0,1172.0,1110.0,1162.0,1378500,-1.0,-1.0,-1.0
2025/04/14,1192.0,1218.0,1174.0,1202.0,1826500,-1.0,-1.0,-1.0
2025/04/15,1208.0,1228.0,1200.0,1222.0,1013500,-1.0,-1.0,-1.0
2025/04/16,1208.0,1220.0,1180.0,1186.0,1292000,-1.0,-1.0,-1.0
2025/04/17,1194.0,1260.0,1188.0,1260.0,1687000,-1.0,-1.0,-1.0
2025/04/18,1248.0,1264.0,1226.0,1264.0,1020000,-1.0,-1.0,-1.0
2025/04/21,1246.0,1260.0,1234.0,1250.0,588000,-1.0,-1.0,-1.0
2025/04/22,1244.0,1290.0,1230.0,1280.0,991500,-1.0,-1.0,-1.0
2025/04/23,1310.0,1320.0,1278.0,1292.0,1150500,-1.0,-1.0,-1.0
2025/04/24,1308.0,1314.0,1298.0,1306.0,1349000,-1.0,-1.0,-1.0
2025/04/25,1342.0,1368.0,1330.0,1352.0,1410000,-1.0,-1.0,-1.0
2025/04/28,1382.0,1384.0,1340.0,1344.0,777000,-1.0,-1.0,-1.0
2025/04/30,1344.0,1366.0,1338.0,1358.0,781500,-1.0,-1.0,-1.0
2025/05/01,1368.0,1382.0,1360.0,1372.0,621000,-1.0,-1.0,-1.0
2025/05/02,1368.0,1386.0,1366.0,1370.0,932000,-1.0,-1.0,-1.0
2025/05/07,1362.0,1364.0,1336.0,1358.0,954000,-1.0,-1.0,-1.0
2025/05/08,1358.0,1402.0,1354.0,1386.0,1025000,-1.0,-1.0,-1.0
2025/05/09,1410.0,1416.0,1396.0,1400.0,1197000,-1.0,-1.0,-1.0
2025/05/12,1412.0,1482.0,1410.0,1470.0,1498500,-1.0,-1.0,-1.0
2025/05/13,1496.0,1516.0,1468.0,1476.0,1926000,-1.0,-1.0,-1.0
2025/05/14,1500.0,1516.0,1462.0,1516.0,1590000,-1.0,-1.0,-1.0
2025/05/15,1534.0,1548.0,1494.0,1524.0,1233500,-1.0,-1.0,-1.0
2025/05/16,1548.0,1548.0,1514.0,1538.0,1144000,-1.0,-1.0,-1.0
2025/05/19,1518.0,1578.0,1510.0,1578.0,1916500,-1.0,-1.0,-1.0
2025/05/20,1578.0,1586.0,1562.0,1570.0,885500,-1.0,-1.0,-1.0
2025/05/21,1566.0,1568.0,1530.0,1550.0,732000,-1.0,-1.0,-1.0
2025/05/22,1532.0,1550.0,1522.0,1550.0,464500,-1.0,-1.0,-1.0
2025/05/23,1556.0,1576.0,1548.0,1554.0,627500,-1.0,-1.0,-1.0
2025/05/26,1538.0,1564.0,1536.0,1564.0,545000,-1.0,-1.0,-1.0
2025/05/27,1554.0,1556.0,1540.0,1546.0,624500,-1.0,-1.0,-1.0
2025/05/28,1570.0,1572.0,1528.0,1534.0,841000,-1.0,-1.0,-1.0
2025/05/29,1542.0,1570.0,1538.0,1550.0,865000,-1.0,-1.0,-1.0
2025/05/30,1532.0,1562.0,1526.0,1554.0,565500,-1.0,-1.0,-1.0
2025/06/02,1548.0,1556.0,1540.0,1550.0,371000,-1.0,-1.0,-1.0
2025/06/03,1564.0,1564.0,1532.0,1536.0,766000,-1.0,-1.0,-1.0
2025/06/04,1540.0,1564.0,1528.0,1528.0,851500,-1.0,-1.0,-1.0
2025/06/05,1506.0,1538.0,1502.0,1516.0,886500,-1.0,-1.0,-1.0
2025/06/06,1510.0,1510.0,1484.0,1506.0,805500,-1.0,-1.0,-1.0
2025/06/09,1520.0,1540.0,1496.0,1540.0,1307000,-1.0,-1.0,-1.0
2025/06/10,1558.0,1586.0,1554.0,1554.0,1279500,-1.0,-1.0,-1.0
2025/06/11,1562.0,1596.0,1554.0,1580.0,1014000,-1.0,-1.0,-1.0
2025/06/12,1588.0,1628.0,1584.0,1620.0,1530000,-1.0,-1.0,-1.0
2025/06/13,1624.0,1626.0,1576.0,1590.0,887000,-1.0,-1.0,-1.0
2025/06/16,1590.0,1616.0,1576.0,1596.0,940500,-1.0,-1.0,-1.0
2025/06/17,1614.0,1636.0,1606.0,1628.0,1292000,-1.0,-1.0,-1.0
2025/06/18,1630.0,1672.0,1630.0,1648.0,1125500,-1.0,-1.0,-1.0
2025/06/19,1648.0,1676.0,1648.0,1652.0,1030000,-1.0,-1.0,-1.0
2025/06/20,1640.0,1674.0,1634.0,1662.0,1346500,-1.0,-1.0,-1.0
2025/06/23,1642.0,1672.0,1638.0,1664.0,604500,-1.0,-1.0,-1.0
2025/06/24,1684.0,1710.0,1672.0,1680.0,812000,-1.0,-1.0,-1.0
2025/06/25,1710.0,1748.0,1710.0,1740.0,1675000,-1.0,-1.0,-1.0
2025/06/26,1764.0,1788.0,1758.0,1776.0,1002500,-1.0,-1.0,-1.0
2025/06/27,1806.0,1812.0,1772.0,1786.0,1231000,-1.0,-1.0,-1.0
2025/06/30,1806.0,1824.0,1782.0,1800.0,1263500,-1.0,-1.0,-1.0
2025/07/01,1794.0,1804.0,1782.0,1792.0,667500,-1.0,-1.0,-1.0
2025/07/02,1776.0,1790.0,1760.0,1768.0,1001000,-1.0,-1.0,-1.0
2025/07/03,1772.0,1796.0,1772.0,1790.0,557500,-1.0,-1.0,-1.0
2025/07/04,1800.0,1804.0,1784.0,1790.0,723500,-1.0,-1.0,-1.0
2025/07/07,1780.0,1786.0,1744.0,1772.0,963000,-1.0,-1.0,-1.0
2025/07/08,1780.0,1836.0,1774.0,1828.0,1215500,-1.0,-1.0,-1.0
2025/07/09,1840.0,1842.0,1820.0,1840.0,1009000,-1.0,-1.0,-1.0
2025/07/10,1840.0,1850.0,1824.0,1846.0,1295500,-1.0,-1.0,-1.0
2025/07/11,1854.0,1868.0,1850.0,1852.0,1086000,-1.0,-1.0,-1.0
2025/07/14,1842.0,1850.0,1820.0,1838.0,1502500,-1.0,-1.0,-1.0
2025/07/15,1842.0,1894.0,1840.0,1882.0,919500,-1.0,-1.0,-1.0
2025/07/16,1912.0,1944.0,1892.0,1892.0,1208000,-1.0,-1.0,-1.0
2025/07/17,1872.0,1878.0,1862.0,1872.0,935500,-1.0,-1.0,-1.0
2025/07/18,1890.0,1916.0,1884.0,1904.0,1483000,-1.0,-1.0,-1.0
2025/07/22,1920.0,1922.0,1876.0,1880.0,940500,-1.0,-1.0,-1.0
2025/07/23,1890.0,1898.0,1864.0,1864.0,1280500,-1.0,-1.0,-1.0
2025/07/24,1882.0,1916.0,1872.0,1904.0,875500,-1.0,-1.0,-1.0
2025/07/25,1920.0,1924.0,1886.0,1886.0,902500,-1.0,-1.0,-1.0
2025/07/28,1886.0,1892.0,1852.0,1860.0,1217500,-1.0,-1.0,-1.0
2025/07/29,1850.0,1864.0,1842.0,1850.0,681500,-1.0,-1.0,-1.0
2025/07/30,1858.0,1864.0,1840.0,1846.0,915000,-1.0,-1.0,-1.0
2025/07/31,1840.0,1902.0,1840.0,1888.0,812000,-1.0,-1.0,-1.0
2025/08/01,1864.0,1906.0,1860.0,1872.0,1075000,-1.0,-1.0,-1.0
2025/08/04,1768.0,1822.0,1762.0,1820.0,2043500,-1.0,-1.0,-1.0
2025/08/05,2042.0,2120.0,2014.0,2120.0,5930000,-1.0,-1.0,-1.0
2025/08/06,2154.0,2306.0,2100.0,2302.0,7194000,-1.0,-1.0,-1.0
2025/08/07,2272.0,2308.0,2250.0,2268.0,2437500,-1.0,-1.0,-1.0
2025/08/08,2246.0,2374.0,2238.0,2374.0,2551500,-1.0,-1.0,-1.0
2025/08/12,2334.0,2370.0,2292.0,2356.0,2314000,-1.0,-1.0,-1.0
2025/08/13,2354.0,2424.0,2336.0,2408.0,2155500,-1.0,-1.0,-1.0
2025/08/14,2408.0,2416.0,2360.0,2384.0,982000,-1.0,-1.0,-1.0
2025/08/15,2404.0,2406.0,2344.0,2398.0,1178000,-1.0,-1.0,-1.0
2025/08/18,2412.0,2420.0,2360.0,2360.0,1392500,-1.0,-1.0,-1.0
2025/08/19,2396.0,2404.0,2326.0,2340.0,1410500,-1.0,-1.0,-1.0
2025/08/20,2300.0,2312.0,2238.0,2272.0,1701000,-1.0,-1.0,-1.0
2025/08/21,2242.0,2300.0,2234.0,2280.0,1346500,-1.0,-1.0,-1.0
2025/08/22,2272.0,2280.0,2240.0,2254.0,931500,-1.0,-1.0,-1.0
2025/08/25,2260.0,2280.0,2242.0,2242.0,805500,-1.0,-1.0,-1.0
2025/08/26,2240.0,2252.0,2216.0,2248.0,654500,-1.0,-1.0,-1.0
2025/08/27,2240.0,2256.0,2218.0,2244.0,766500,-1.0,-1.0,-1.0
2025/08/28,2258.0,2308.0,2230.0,2244.0,1239000,-1.0,-1.0,-1.0
2025/08/29,2242.0,2264.0,2228.0,2254.0,704500,-1.0,-1.0,-1.0
2025/09/01,2216.0,2242.0,2172.0,2192.0,707500,-1.0,-1.0,-1.0
2025/09/02,2200.0,2222.0,2182.0,2198.0,643000,-1.0,-1.0,-1.0
2025/09/03,2172.0,2188.0,2124.0,2164.0,1540500,-1.0,-1.0,-1.0
2025/09/04,2170.0,2212.0,2170.0,2206.0,764000,-1.0,-1.0,-1.0
2025/09/05,2244.0,2344.0,2242.0,2326.0,1651000,-1.0,-1.0,-1.0
2025/09/08,2332.0,2370.0,2318.0,2364.0,1123500,-1.0,-1.0,-1.0
2025/09/09,2386.0,2408.0,2332.0,2356.0,1006500,-1.0,-1.0,-1.0
2025/09/10,2368.0,2424.0,2366.0,2406.0,838000,-1.0,-1.0,-1.0
2025/09/11,2466.0,2518.0,2466.0,2492.0,1411500,-1.0,-1.0,-1.0
2025/09/12,2500.0,2528.0,2448.0,2450.0,1347000,-1.0,-1.0,-1.0
2025/09/16,2478.0,2500.0,2434.0,2466.0,1086500,-1.0,-1.0,-1.0
2025/09/17,2458.0,2488.0,2376.0,2400.0,1274000,-1.0,-1.0,-1.0
2025/09/18,2400.0,2446.0,2374.0,2424.0,935000,-1.0,-1.0,-1.0
2025/09/19,2434.0,2458.0,2364.0,2382.0,1876500,-1.0,-1.0,-1.0
2025/09/22,2398.0,2434.0,2398.0,2398.0,554000,-1.0,-1.0,-1.0
2025/09/24,2360.0,2372.0,2340.0,2342.0,839000,-1.0,-1.0,-1.0
2025/09/25,2336.0,2378.0,2324.0,2342.0,1007500,-1.0,-1.0,-1.0
2025/09/26,2330.0,2348.0,2274.0,2282.0,1062000,-1.0,-1.0,-1.0
2025/09/29,2270.0,2286.0,2248.0,2260.0,925000,-1.0,-1.0,-1.0
2025/09/30,2270.0,2296.0,2254.0,2268.0,877000,-1.0,-1.0,-1.0
2025/10/01,2234.0,2240.0,2196.0,2218.0,802000,-1.0,-1.0,-1.0
2025/10/02,2224.0,2268.0,2214.0,2214.0,759000,-1.0,-1.0,-1.0
2025/10/03,2214.0,2240.0,2208.0,2228.0,902000,-1.0,-1.0,-1.0
2025/10/06,2320.0,2340.0,2294.0,2324.0,1293000,-1.0,-1.0,-1.0
2025/10/07,2364.0,2372.0,2296.0,2338.0,1163000,-1.0,-1.0,-1.0
2025/10/08,2324.0,2352.0,2314.0,2350.0,921500,-1.0,-1.0,-1.0
2025/10/09,2360.0,2386.0,2336.0,2362.0,869000,-1.0,-1.0,-1.0
2025/10/10,2362.0,2412.0,2336.0,2400.0,1540000,-1.0,-1.0,-1.0
2025/10/14,2340.0,2382.0,2266.0,2276.0,1587500,-1.0,-1.0,-1.0
2025/10/15,2284.0,2398.0,2282.0,2398.0,924000,-1.0,-1.0,-1.0
2025/10/16,2428.0,2456.0,2398.0,2428.0,1154000,-1.0,-1.0,-1.0
2025/10/17,2400.0,2412.0,2326.0,2358.0,1212000,-1.0,-1.0,-1.0
2025/10/20,2392.0,2452.0,2376.0,2452.0,1071000,-1.0,-1.0,-1.0
2025/10/21,2460.0,2492.0,2434.0,2446.0,931000,-1.0,-1.0,-1.0
2025/10/22,2446.0,2484.0,2404.0,2474.0,1100500,-1.0,-1.0,-1.0
2025/10/23,2438.0,2566.0,2438.0,2504.0,1707500,-1.0,-1.0,-1.0
2025/10/24,2454.0,2550.0,2452.0,2512.0,1175000,-1.0,-1.0,-1.0
2025/10/27,2560.0,2570.0,2514.0,2556.0,1625000,-1.0,-1.0,-1.0
2025/10/28,2560.0,2610.0,2520.0,2532.0,1283000,-1.0,-1.0,-1.0
2025/10/29,2566.0,2618.0,2550.0,2588.0,1376500,-1.0,-1.0,-1.0
2025/10/30,2560.0,2600.0,2542.0,2554.0,2971500,-1.0,-1.0,-1.0
2025/10/31,2598.0,2673.0,2584.0,2656.0,2408500,-1.0,-1.0,-1.0
2025/11/04,2611.0,2819.0,2580.0,2759.0,3697500,-1.0,-1.0,-1.0
2025/11/05,2666.0,2677.0,2504.0,2591.0,1893000,-1.0,-1.0,-1.0
2025/11/06,2625.0,2658.0,2563.0,2609.0,1594000,-1.0,-1.0,-1.0
2025/11/07,2565.0,2643.0,2546.0,2636.0,1555500,-1.0,-1.0,-1.0
2025/11/10,2689.0,2800.0,2672.0,2800.0,1652500,-1.0,-1.0,-1.0
2025/11/11,2859.0,2860.0,2740.0,2754.0,2008000,-1.0,-1.0,-1.0
2025/11/12,2750.0,2836.0,2728.0,2825.0,1528000,-1.0,-1.0,-1.0
2025/11/13,2820.0,2914.0,2814.0,2870.0,1440000,-1.0,-1.0,-1.0
2025/11/14,2764.0,2811.0,2756.0,2794.0,1455500,-1.0,-1.0,-1.0
2025/11/17,2800.0,2959.0,2800.0,2876.0,2058000,-1.0,-1.0,-1.0
2025/11/18,2834.0,2837.0,2592.0,2596.0,2316500,-1.0,-1.0,-1.0
2025/11/19,2598.0,2609.0,2500.0,2542.0,1777000,-1.0,-1.0,-1.0
2025/11/20,2722.0,2722.0,2643.0,2643.0,1378000,-1.0,-1.0,-1.0
2025/11/21,2536.0,2574.0,2495.0,2517.0,1520000,-1.0,-1.0,-1.0
2025/11/25,2570.0,2613.0,2508.0,2508.0,1052500,-1.0,-1.0,-1.0
2025/11/26,2546.0,2610.0,2524.0,2585.0,906000,-1.0,-1.0,-1.0
2025/11/27,2620.0,2643.0,2604.0,2624.0,767500,-1.0,-1.0,-1.0
2025/11/28,2640.0,2670.0,2585.0,2670.0,863000,-1.0,-1.0,-1.0
2025/12/01,2646.0,2649.0,2557.0,2589.0,1077500,-1.0,-1.0,-1.0
2025/12/02,2606.0,2623.0,2548.0,2550.0,711000,-1.0,-1.0,-1.0
2025/12/03,2595.0,2657.0,2560.0,2636.0,1410000,-1.0,-1.0,-1.0
2025/12/04,2649.0,2664.0,2578.0,2597.0,896000,-1.0,-1.0,-1.0
2025/12/05,2587.0,2673.0,2587.0,2656.0,1524500,-1.0,-1.0,-1.0
2025/12/08,2676.0,2729.0,2650.0,2705.0,806000,-1.0,-1.0,-1.0
2025/12/09,2692.0,2749.0,2668.0,2733.0,1127500,-1.0,-1.0,-1.0
2025/12/10,2734.0,2738.0,2640.0,2669.0,947000,-1.0,-1.0,-1.0
2025/12/11,2658.0,2667.0,2593.0,2624.0,735500,-1.0,-1.0,-1.0
2025/12/12,2677.0,2677.0,2595.0,2620.0,635500,-1.0,-1.0,-1.0
2025/12/15,2560.0,2573.0,2501.0,2534.0,1046000,-1.0,-1.0,-1.0
2025/12/16,2526.0,2527.0,2447.0,2468.0,996500,-1.0,-1.0,-1.0
2025/12/17,2439.0,2479.0,2414.0,2445.0,891000,-1.0,-1.0,-1.0
2025/12/18,2400.0,2472.0,2400.0,2429.0,863000,-1.0,-1.0,-1.0
2025/12/19,2459.0,2467.0,2440.0,2448.0,875000,-1.0,-1.0,-1.0
2025/12/22,2538.0,2604.0,2516.0,2580.0,882000,-1.0,-1.0,-1.0
2025/12/23,2580.0,2586.0,2558.0,2572.0,577000,-1.0,-1.0,-1.0
2025/12/24,2581.0,2624.0,2565.0,2581.0,657500,-1.0,-1.0,-1.0
2025/12/25,2616.0,2629.0,2572.0,2610.0,486000,-1.0,-1.0,-1.0
2025/12/26,2620.0,2624.0,2572.0,2592.0,602500,-1.0,-1.0,-1.0
2025/12/29,2590.0,2650.0,2582.0,2617.0,769000,-1.0,-1.0,-1.0
2025/12/30,2602.0,2623.0,2585.0,2591.0,531500,-1.0,-1.0,-1.0
2026/01/05,2672.0,2761.0,2665.0,2723.0,1220500,-1.0,-1.0,-1.0
2026/01/06,2774.0,2868.0,2761.0,2762.0,1436000,-1.0,-1.0,-1.0
2026/01/07,2752.0,2929.0,2742.0,2883.0,1744500,-1.0,-1.0,-1.0
2026/01/08,2856.0,2870.0,2790.0,2791.0,1052000,-1.0,-1.0,-1.0
2026/01/09,2782.0,2802.0,2714.0,2789.0,778500,-1.0,-1.0,-1.0
2026/01/13,2920.0,2965.0,2869.0,2906.0,1348000,-1.0,-1.0,-1.0
2026/01/14,2922.0,3023.0,2902.0,3016.0,1447500,-1.0,-1.0,-1.0
2026/01/15,3031.0,3130.0,3018.0,3078.0,1172000,-1.0,-1.0,-1.0
2026/01/16,3146.0,3390.0,3146.0,3306.0,2783500,-1.0,-1.0,-1.0
2026/01/19,3265.0,3288.0,3201.0,3246.0,1255500,-1.0,-1.0,-1.0
2026/01/20,3209.0,3230.0,3114.0,3139.0,1747000,-1.0,-1.0,-1.0
2026/01/21,3067.0,3242.0,3060.0,3200.0,1177500,-1.0,-1.0,-1.0
2026/01/22,3260.0,3312.0,3252.0,3260.0,1358500,-1.0,-1.0,-1.0
2026/01/23,3302.0,3329.0,3250.0,3280.0,1058500,-1.0,-1.0,-1.0
2026/01/26,3202.0,3257.0,3151.0,3155.0,1175500,-1.0,-1.0,-1.0
2026/01/27,3179.0,3272.0,3155.0,3257.0,1215000,-1.0,-1.0,-1.0
2026/01/28,3242.0,3268.0,3192.0,3220.0,868000,-1.0,-1.0,-1.0
2026/01/29,3261.0,3296.0,3234.0,3282.0,1035500,-1.0,-1.0,-1.0
2026/01/30,3280.0,3293.0,3188.0,3246.0,1182500,-1.0,-1.0,-1.0
2026/02/02,3246.0,3300.0,3170.0,3190.0,1525500,-1.0,-1.0,-1.0
2026/02/03,3309.0,3379.0,3283.0,3340.0,1437000,-1.0,-1.0,-1.0
2026/02/04,3320.0,3327.0,3235.0,3278.0,1676500,-1.0,-1.0,-1.0
2026/02/05,2833.0,2948.0,2804.0,2948.0,5818500,-1.0,-1.0,-1.0
2026/02/06,2940.0,2946.0,2841.0,2849.0,2700500,-1.0,-1.0,-1.0
2026/02/09,2909.0,2920.0,2806.0,2866.0,2864500,-1.0,-1.0,-1.0
2026/02/10,2928.0,2964.0,2876.0,2902.0,2118000,-1.0,-1.0,-1.0
2026/02/12,3046.0,3116.0,2984.0,3056.0,3024500,-1.0,-1.0,-1.0
2026/02/13,3050.0,3198.0,2983.0,3127.0,1942000,-1.0,-1.0,-1.0
2026/02/16,3160.0,3172.0,3078.0,3130.0,1160000,-1.0,-1.0,-1.0
2026/02/17,3122.0,3129.0,3010.0,3073.0,1054000,-1.0,-1.0,-1.0
2026/02/18,3106.0,3270.0,3091.0,3233.0,1937500,-1.0,-1.0,-1.0
2026/02/19,3251.0,3372.0,3244.0,3310.0,2581000,-1.0,-1.0,-1.0
2026/02/20,3310.0,3384.0,3273.0,3324.0,1979000,-1.0,-1.0,-1.0
2026/02/24,3349.0,3446.0,3325.0,3377.0,1688500,-1.0,-1.0,-1.0
2026/02/25,3467.0,3499.0,3417.0,3419.0,2053500,-1.0,-1.0,-1.0
2026/02/26,3420.0,3464.0,3336.0,3402.0,2224000,-1.0,-1.0,-1.0
2026/02/27,3367.0,3476.0,3341.0,3470.0,1412000,-1.0,-1.0,-1.0
2026/03/02,3365.0,3555.0,3362.0,3510.0,1527000,-1.0,-1.0,-1.0
2026/03/02,3365.0,3555.0,3362.0,3510.0,1527000,-1.0,-1.0,-1.0
2026/03/02,3365.0,3555.0,3362.0,3510.0,1527000,-1.0,-1.0,-1.0
2026/03/02,3365.0,3555.0,3362.0,3510.0,1527000,-1.0,-1.0,-1.0
2026/03/03,3540.0,3652.0,3429.0,3430.0,1693500,-1.0,-1.0,-1.0
2026/03/04,3244.0,3286.0,3052.0,3102.0,2050500,-1.0,-1.0,-1.0
2026/03/05,3260.0,3364.0,3170.0,3255.0,1872500,-1.0,-1.0,-1.0
2026/03/06,3175.0,3219.0,3110.0,3196.0,928500,-1.0,-1.0,-1.0
2026/03/09,2920.0,2973.0,2807.0,2930.0,1716000,-1.0,-1.0,-1.0
2026/03/10,3100.0,3132.0,3048.0,3068.0,1309000,-1.0,-1.0,-1.0
2026/03/11,3107.0,3198.0,3090.0,3120.0,1102500,-1.0,-1.0,-1.0
2026/03/12,3054.0,3124.0,3009.0,3046.0,962000,-1.0,-1.0,-1.0
2026/03/13,2943.0,3044.0,2939.0,3028.0,980000,-1.0,-1.0,-1.0
2026/03/16,2966.0,3012.0,2900.0,2950.0,1255500,-1.0,-1.0,-1.0
2026/03/17,3010.0,3046.0,2932.0,2932.0,707500,-1.0,-1.0,-1.0
2026/03/18,2957.0,3042.0,2956.0,3041.0,744000,-1.0,-1.0,-1.0
2026/03/19,2941.0,2997.0,2900.0,2927.0,1074500,-1.0,-1.0,-1.0
2026/03/23,2760.0,2774.0,2656.0,2698.0,2027000,-1.0,-1.0,-1.0
2026/03/24,2857.0,2880.0,2745.0,2794.0,1549500,-1.0,-1.0,-1.0
2026/03/25,2900.0,2926.0,2871.0,2926.0,914500,-1.0,-1.0,-1.0
2026/03/26,2974.0,3060.0,2938.0,2986.0,1824500,-1.0,-1.0,-1.0
2026/03/27,2893.0,2990.0,2866.0,2971.0,1007000,-1.0,-1.0,-1.0
2026/03/30,2772.0,2827.0,2755.0,2808.0,1095000,-1.0,-1.0,-1.0
2026/03/31,2706.0,2782.0,2672.0,2722.0,1066500,-1.0,-1.0,-1.0
2026/04/01,2894.0,2974.0,2868.0,2974.0,1509000,-1.0,-1.0,-1.0
2026/04/02,3028.0,3044.0,2874.0,2881.0,1144000,-1.0,-1.0,-1.0
2026/04/03,2924.0,2930.0,2877.0,2885.0,509500,-1.0,-1.0,-1.0
2026/04/06,2887.0,2943.0,2876.0,2902.0,494500,-1.0,-1.0,-1.0
2026/04/07,2907.0,2932.0,2890.0,2895.0,546000,-1.0,-1.0,-1.0
2026/04/08,3080.0,3198.0,3049.0,3191.0,1389000,-1.0,-1.0,-1.0
2026/04/09,3200.0,3217.0,3153.0,3179.0,860500,-1.0,-1.0,-1.0
2026/04/10,3212.0,3267.0,3187.0,3239.0,956500,-1.0,-1.0,-1.0
2026/04/13,3236.0,3267.0,3156.0,3198.0,902500,-1.0,-1.0,-1.0
2026/04/14,3253.0,3275.0,3190.0,3192.0,877500,-1.0,-1.0,-1.0
2026/04/15,3232.0,3233.0,3070.0,3081.0,1140000,-1.0,-1.0,-1.0
2026/04/16,3084.0,3131.0,3031.0,3110.0,1493000,-1.0,-1.0,-1.0
2026/04/17,3093.0,3174.0,3046.0,3163.0,1731000,-1.0,-1.0,-1.0
2026/04/20,3141.0,3176.0,3082.0,3089.0,967000,-1.0,-1.0,-1.0
2026/04/21,3089.0,3111.0,3065.0,3082.0,793500,-1.0,-1.0,-1.0
2026/04/22,3112.0,3256.0,3112.0,3165.0,2752500,-1.0,-1.0,-1.0
2026/04/23,3212.0,3289.0,3168.0,3185.0,1931500,-1.0,-1.0,-1.0
2026/04/24,3223.0,3266.0,3163.0,3172.0,1062000,-1.0,-1.0,-1.0
2026/04/27,3306.0,3315.0,3241.0,3260.0,1315000,-1.0,-1.0,-1.0
2026/04/28,3294.0,3298.0,3226.0,3260.0,1159500,-1.0,-1.0,-1.0
2026/04/30,3206.0,3225.0,3131.0,3156.0,868500,-1.0,-1.0,-1.0
2026/05/01,3172.0,3196.0,3112.0,3112.0,789000,-1.0,-1.0,-1.0
2026/05/07,3267.0,3414.0,3234.0,3366.0,2170000,-1.0,-1.0,-1.0
2026/05/08,3366.0,3547.0,3341.0,3547.0,1692000,-1.0,-1.0,-1.0
2026/05/11,3587.0,3666.0,3556.0,3605.0,1274000,-1.0,-1.0,-1.0
2026/05/12,3680.0,3730.0,3623.0,3662.0,1338000,-1.0,-1.0,-1.0
2026/05/13,3604.0,3738.0,3591.0,3729.0,1229500,-1.0,-1.0,-1.0
2026/05/14,3840.0,4029.0,3759.0,3781.0,2935000,-1.0,-1.0,-1.0
2026/05/15,3859.0,3908.0,3632.0,3648.0,2210500,-1.0,-1.0,-1.0
2026/05/18,3700.0,3700.0,3430.0,3439.0,1731000,-1.0,-1.0,-1.0
2026/05/19,3384.0,3454.0,3277.0,3282.0,1377000,-1.0,-1.0,-1.0
2026/05/20,3272.0,3311.0,3193.0,3222.0,1357000,-1.0,-1.0,-1.0
2026/05/21,3339.0,3342.0,3225.0,3296.0,1017500,-1.0,-1.0,-1.0
2026/05/22,3353.0,3388.0,3286.0,3286.0,1316000,-1.0,-1.0,-1.0
2026/05/25,3404.0,3415.0,3304.0,3342.0,1161500,-1.0,-1.0,-1.0
2026/05/26,3397.0,3399.0,3276.0,3324.0,1012000,-1.0,-1.0,-1.0
2026/05/27,3354.0,3473.0,3213.0,3239.0,1690000,-1.0,-1.0,-1.0
2026/05/28,3212.0,3257.0,3126.0,3183.0,877500,-1.0,-1.0,-1.0
2026/05/29,3228.0,3267.0,3158.0,3192.0,1686000,-1.0,-1.0,-1.0
2026/06/01,3166.0,3212.0,3107.0,3150.0,1069500,-1.0,-1.0,-1.0
2026/06/02,3070.0,3103.0,2975.0,3039.0,1142000,-1.0,-1.0,-1.0
2026/06/03,3039.0,3200.0,3010.0,3128.0,1302000,-1.0,-1.0,-1.0
2026/06/04,3033.0,3215.0,3011.0,3119.0,1671500,-1.0,-1.0,-1.0
2026/06/05,3169.0,3175.0,3037.0,3066.0,1473500,-1.0,-1.0,-1.0
2026/06/08,2980.0,3060.0,2940.0,3003.0,2098000,-1.0,-1.0,-1.0
2026/06/09,3025.0,3051.0,2874.0,3001.0,1639500,-1.0,-1.0,-1.0
2026/06/10,2968.0,3040.0,2851.0,2875.0,1209500,-1.0,-1.0,-1.0
2026/06/11,2732.0,2891.0,2649.0,2852.0,1264500,-1.0,-1.0,-1.0
2026/06/12,2939.0,3085.0,2925.0,3032.0,1280500,-1.0,-1.0,-1.0
2026/06/15,3184.0,3260.0,3155.0,3249.0,1243500,-1.0,-1.0,-1.0
2026/06/16,3258.0,3260.0,3186.0,3219.0,830000,-1.0,-1.0,-1.0
2026/06/17,3220.0,3511.0,3185.0,3495.0,1839000,-1.0,-1.0,-1.0
2026/06/18,3534.0,3778.0,3534.0,3679.0,2447000,-1.0,-1.0,-1.0
2026/06/19,3759.0,3780.0,3496.0,3558.0,1888500,-1.0,-1.0,-1.0
2026/06/22,3527.0,3616.0,3503.0,3545.0,1251500,-1.0,-1.0,-1.0
2026/06/23,3625.0,3625.0,3365.0,3365.0,1033000,-1.0,-1.0,-1.0
2026/06/24,3346.0,3415.0,3259.0,3288.0,970500,-1.0,-1.0,-1.0
2026/06/25,3350.0,3514.0,3340.0,3420.0,1188000,-1.0,-1.0,-1.0
2026/06/26,3420.0,3420.0,3242.0,3274.0,903500,-1.0,-1.0,-1.0
2026/06/29,3274.0,3274.0,3101.0,3238.0,1761000,-1.0,-1.0,-1.0
2026/06/30,3297.0,3330.0,3208.0,3260.0,698500,-1.0,-1.0,-1.0
2026/07/01,3340.0,3454.0,3311.0,3357.0,861000,-1.0,-1.0,-1.0
2026/07/02,3286.0,3306.0,3196.0,3203.0,979000,-1.0,-1.0,-1.0
2026/07/03,3138.0,3233.0,3088.0,3225.0,695000,-1.0,-1.0,-1.0
2026/07/06,3260.0,3283.0,3122.0,3122.0,746000,-1.0,-1.0,-1.0
2026/07/07,3143.0,3167.0,3019.0,3050.0,840500,-1.0,-1.0,-1.0
2026/07/08,3001.0,3129.0,3000.0,3018.0,1072000,-1.0,-1.0,-1.0
2026/07/09,3060.0,3115.0,3042.0,3077.0,788500,-1.0,-1.0,-1.0
2026/07/10,3150.0,3232.0,3130.0,3182.0,1103500,-1.0,-1.0,-1.0
2026/07/13,3165.0,3220.0,3018.0,3052.0,1221000,-1.0,-1.0,-1.0
2026/07/14,3030.0,3050.0,2932.0,3050.0,811000,-1.0,-1.0,-1.0
2026/07/15,3098.0,3172.0,3048.0,3164.0,1037500,-1.0,-1.0,-1.0
2026/07/16,3084.0,3168.0,3010.0,3117.0,1046500,-1.0,-1.0,-1.0
2026/07/17,2990.0,3003.0,2767.0,2877.0,1712000,-1.0,-1.0,-1.0
2026/07/21,2937.0,3093.0,2890.0,3087.0,1472500,-1.0,-1.0,-1.0
2026/07/22,3200.0,3249.0,3062.0,3062.0,1143000,-1.0,-1.0,-1.0
2026/07/23,3128.0,3147.0,3080.0,3113.0,745500,-1.0,-1.0,-1.0
2026/07/24,3072.0,3097.0,2992.0,3028.0,615500,-1.0,-1.0,-1.0
2026/07/27,3042.0,3043.0,2952.0,3000.0,1841500,-1.0,-1.0,-1.0
2026/07/28,2874.0,2887.0,2697.0,2707.0,1835500,-1.0,-1.0,-1.0
2026/07/29,2700.0,2707.0,2410.0,2484.0,2218500,-1.0,-1.0,-1.0
2026/07/30,2544.0,2724.0,2512.0,2697.0,2348500,-1.0,-1.0,-1.0
2026/07/31,2850.0,2999.0,2798.0,2936.0,3215500,-1.0,-1.0,-1.0
2026/08/03,2940.0,2956.0,2838.0,2929.0,2135000,-1.0,-1.0,-1.0
2026/08/04,2905.0,3040.0,2820.0,2870.0,2687500,-1.0,-1.0,-1.0
2026/08/05,2951.0,3135.0,2854.0,3125.0,2566000,-1.0,-1.0,-1.0
2026/08/06,3032.0,3048.0,2932.0,3004.0,1261000,-1.0,-1.0,-1.0
2026/08/07,3000.0,3006.0,2826.0,2911.0,1337500,-1.0,-1.0,-1.0
2026/08/10,2893.0,2947.0,2861.0,2879.0,1232000,-1.0,-1.0,-1.0
2026/08/12,2808.0,2868.0,2781.0,2856.0,1341000,-1.0,-1.0,-1.0
2026/08/13,2890.0,2928.0,2856.0,2895.0,1111500,-1.0,-1.0,-1.0
2026/08/14,2900.0,2996.0,2900.0,2957.0,1245000,-1.0,-1.0,-1.0
2026/08/17,3017.0,3034.0,2891.0,2954.0,1344000,-1.0,-1.0,-1.0
2026/08/18,2954.0,2954.0,2796.0,2796.0,1371000,-1.0,-1.0,-1.0
2026/08/19,2625.0,2660.0,2593.0,2624.0,1538500,-1.0,-1.0,-1.0
2026/08/20,2624.0,2690.0,2602.0,2685.0,1534500,-1.0,-1.0,-1.0
2026/08/21,2630.0,2725.0,2590.0,2715.0,1490000,-1.0,-1.0,-1.0
2026/08/24,2700.0,2721.0,2631.0,2641.0,1319500,-1.0,-1.0,-1.0
2026/08/25,2620.0,2677.0,2595.0,2677.0,685500,-1.0,-1.0,-1.0
2026/08/26,2666.0,2696.0,2624.0,2683.0,739000,-1.0,-1.0,-1.0
2026/08/27,2742.0,2747.0,2636.0,2638.0,924000,-1.0,-1.0,-1.0
2026/08/28,2660.0,2682.0,2619.0,2638.0,802000,-1.0,-1.0,-1.0
2026/08/31,2527.0,2602.0,2500.0,2599.0,1300500,-1.0,-1.0,-1.0
2026/09/01,2599.0,2639.0,2568.0,2603.0,974500,-1.0,-1.0,-1.0
2026/09/02,2528.0,2556.0,2484.0,2498.0,1006500,-1.0,-1.0,-1.0
2026/09/03,2501.0,2552.0,2476.0,2511.0,876500,-1.0,-1.0,-1.0
2026/09/04,2502.0,2553.0,2485.0,2548.0,999000,-1.0,-1.0,-1.0
2026/09/07,2600.0,2630.0,2579.0,2606.0,805500,-1.0,-1.0,-1.0
2026/09/08,2582.0,2592.0,2483.0,2483.0,840500,-1.0,-1.0,-1.0
2026/09/09,2487.0,2553.0,2476.0,2510.0,1373500,-1.0,-1.0,-1.0
2026/09/10,2466.0,2481.0,2421.0,2462.0,1204500,-1.0,-1.0,-1.0
2026/09/11,2344.0,2432.0,2334.0,2410.0,1325500,-1.0,-1.0,-1.0
2026/09/14,2350.0,2388.0,2305.0,2375.0,1249000,-1.0,-1.0,-1.0
2026/09/15,2315.0,2360.0,2311.0,2339.0,1867000,-1.0,-1.0,-1.0
2026/09/16,2305.0,2364.0,2304.0,2356.0,2368000,-1.0,-1.0,-1.0
2026/09/17,2398.0,2435.0,2370.0,2406.0,2178500,-1.0,-1.0,-1.0
2026/09/18,2427.0,2479.0,2413.0,2479.0,2596500,-1.0,-1.0,-1.0
2026/09/24,2525.0,2561.0,2496.0,2535.0,1635000,-1.0,-1.0,-1.0
2026/09/25,2520.0,2540.0,2494.0,2538.0,1087500,-1.0,-1.0,-1.0
2026/09/28,12880.0,12895.0,12570.0,12595.0,211700,-1.0,-1.0,-1.0
2026/09/29,2492.0,2535.5,2473.0,2522.0,1007500,-1.0,-1.0,-1.0
2026/09/30,2551.5,2570.0,2525.0,2555.0,1608700,-1.0,-1.0,-1.0
2026/10/01,2551.5,2589.0,2504.0,2585.0,1331700,-1.0,-1.0,-1.0
2026/10/02,2585.0,2607.5,2528.0,2545.0,1285500,-1.0,-1.0,-1.0
2026/10/05,2634.5,2653.0,2611.5,2646.5,1460500,-1.0,-1.0,-1.0
2026/10/06,2649.0,2773.5,2639.0,2754.5,1987000,-1.0,-1.0,-1.0
2026/10/07,2784.5,2787.0,2693.0,2766.5,1624200,-1.0,-1.0,-1.0
