date,open,high,low,close,volume,rs_nikkei,rs_topix,rs
2014/03/25,268.3333333333333,273.66666666666663,264.0,264.66666666666663,606900,-1.0,-1.0,-1.0
2014/03/26,263.66666666666663,270.0,263.66666666666663,266.66666666666663,606300,-1.0,-1.0,-1.0
2014/03/27,259.66666666666663,260.66666666666663,256.3333333333333,257.66666666666663,517200,-1.0,-1.0,-1.0
2014/03/28,258.3333333333333,262.0,257.0,261.66666666666663,257700,-1.0,-1.0,-1.0
2014/03/31,261.66666666666663,266.66666666666663,259.66666666666663,266.3333333333333,313500,-1.0,-1.0,-1.0
2014/04/01,266.66666666666663,268.0,264.66666666666663,267.66666666666663,282900,-1.0,-1.0,-1.0
2014/04/02,267.3333333333333,267.66666666666663,264.3333333333333,265.66666666666663,417600,-1.0,-1.0,-1.0
2014/04/03,267.3333333333333,267.3333333333333,260.66666666666663,261.0,243300,-1.0,-1.0,-1.0
2014/04/04,261.3333333333333,264.0,260.66666666666663,262.3333333333333,132000,-1.0,-1.0,-1.0
2014/04/07,260.3333333333333,261.0,258.0,259.0,138900,-1.0,-1.0,-1.0
2014/04/08,258.0,258.66666666666663,256.0,256.66666666666663,323400,-1.0,-1.0,-1.0
2014/04/09,253.33333333333331,253.66666666666666,250.66666666666666,252.33333333333331,372900,-1.0,-1.0,-1.0
2014/04/10,252.66666666666666,255.0,251.0,251.0,199500,-1.0,-1.0,-1.0
2014/04/11,247.66666666666666,248.66666666666666,244.33333333333331,245.66666666666666,213300,-1.0,-1.0,-1.0
2014/04/14,245.33333333333331,247.66666666666666,244.33333333333331,244.66666666666666,169800,-1.0,-1.0,-1.0
2014/04/15,246.33333333333331,247.33333333333331,245.66666666666666,245.66666666666666,159000,-1.0,-1.0,-1.0
2014/04/16,247.33333333333331,251.66666666666666,247.33333333333331,250.66666666666666,189600,-1.0,-1.0,-1.0
2014/04/17,251.0,254.0,250.66666666666666,252.0,188400,-1.0,-1.0,-1.0
2014/04/18,254.33333333333331,255.0,251.33333333333331,254.0,90600,-1.0,-1.0,-1.0
2014/04/21,257.3333333333333,258.3333333333333,253.66666666666666,254.66666666666666,132600,-1.0,-1.0,-1.0
2014/04/22,256.3333333333333,257.0,254.66666666666666,254.66666666666666,142800,-1.0,-1.0,-1.0
2014/04/23,254.66666666666666,257.66666666666663,254.0,257.66666666666663,110700,-1.0,-1.0,-1.0
2014/04/24,258.3333333333333,258.66666666666663,255.0,258.3333333333333,166200,-1.0,-1.0,-1.0
2014/04/25,258.66666666666663,260.0,258.0,260.0,164700,-1.0,-1.0,-1.0
2014/04/28,260.0,260.0,251.66666666666666,255.33333333333331,178800,-1.0,-1.0,-1.0
2014/04/30,257.3333333333333,259.0,255.66666666666666,256.3333333333333,177900,-1.0,-1.0,-1.0
2014/05/01,258.3333333333333,259.66666666666663,256.3333333333333,258.66666666666663,184200,-1.0,-1.0,-1.0
2014/05/02,258.3333333333333,258.3333333333333,255.66666666666666,256.66666666666663,65400,-1.0,-1.0,-1.0
2014/05/07,254.0,254.0,250.0,250.0,235200,-1.0,-1.0,-1.0
2014/05/08,247.33333333333331,261.3333333333333,247.0,256.66666666666663,365400,-1.0,-1.0,-1.0
2014/05/09,261.66666666666663,267.66666666666663,259.0,267.3333333333333,757500,-1.0,-1.0,-1.0
2014/05/12,266.66666666666663,268.0,261.0,261.66666666666663,328500,-1.0,-1.0,-1.0
2014/05/13,267.3333333333333,267.3333333333333,264.0,265.66666666666663,187800,-1.0,-1.0,-1.0
2014/05/14,262.0,264.66666666666663,260.66666666666663,261.0,151800,-1.0,-1.0,-1.0
2014/05/15,261.0,261.3333333333333,258.0,259.0,120000,-1.0,-1.0,-1.0
2014/05/16,255.33333333333331,257.3333333333333,253.66666666666666,256.66666666666663,188400,-1.0,-1.0,-1.0
2014/05/19,257.0,259.0,255.33333333333331,255.66666666666666,103200,-1.0,-1.0,-1.0
2014/05/20,258.66666666666663,258.66666666666663,253.66666666666666,254.0,136800,-1.0,-1.0,-1.0
2014/05/21,253.66666666666666,254.66666666666666,252.0,252.66666666666666,90600,-1.0,-1.0,-1.0
2014/05/22,251.66666666666666,254.33333333333331,248.0,253.66666666666666,364500,-1.0,-1.0,-1.0
2014/05/23,255.0,255.0,249.0,252.0,548100,-1.0,-1.0,-1.0
2014/05/26,251.0,254.33333333333331,250.66666666666666,252.33333333333331,245400,-1.0,-1.0,-1.0
2014/05/27,253.66666666666666,256.66666666666663,252.66666666666666,255.33333333333331,128100,-1.0,-1.0,-1.0
2014/05/28,258.0,262.66666666666663,256.3333333333333,260.3333333333333,285000,-1.0,-1.0,-1.0
2014/05/29,260.3333333333333,261.3333333333333,258.3333333333333,260.66666666666663,123600,-1.0,-1.0,-1.0
2014/05/30,258.66666666666663,262.66666666666663,258.66666666666663,262.66666666666663,233400,-1.0,-1.0,-1.0
2014/06/02,263.3333333333333,265.0,262.3333333333333,265.0,197400,-1.0,-1.0,-1.0
2014/06/03,264.66666666666663,266.0,263.0,264.0,177300,-1.0,-1.0,-1.0
2014/06/04,263.0,264.3333333333333,261.3333333333333,264.0,156600,-1.0,-1.0,-1.0
2014/06/05,264.66666666666663,265.3333333333333,262.66666666666663,265.0,91800,-1.0,-1.0,-1.0
2014/06/06,265.66666666666663,266.66666666666663,264.0,266.3333333333333,200100,-1.0,-1.0,-1.0
2014/06/09,266.3333333333333,266.66666666666663,263.3333333333333,264.0,118800,-1.0,-1.0,-1.0
2014/06/10,263.66666666666663,266.66666666666663,263.0,265.3333333333333,236400,-1.0,-1.0,-1.0
2014/06/11,262.3333333333333,266.66666666666663,262.0,265.66666666666663,175200,-1.0,-1.0,-1.0
2014/06/12,262.3333333333333,264.3333333333333,260.66666666666663,261.66666666666663,155700,-1.0,-1.0,-1.0
2014/06/13,258.3333333333333,263.3333333333333,258.3333333333333,262.66666666666663,440700,-1.0,-1.0,-1.0
2014/06/16,262.66666666666663,263.3333333333333,258.66666666666663,260.3333333333333,208800,-1.0,-1.0,-1.0
2014/06/17,262.0,263.3333333333333,261.0,261.66666666666663,125100,-1.0,-1.0,-1.0
2014/06/18,263.0,266.66666666666663,261.66666666666663,266.3333333333333,185700,-1.0,-1.0,-1.0
2014/06/19,266.66666666666663,268.3333333333333,265.3333333333333,266.3333333333333,330000,-1.0,-1.0,-1.0
2014/06/20,267.3333333333333,267.3333333333333,260.3333333333333,260.3333333333333,357900,-1.0,-1.0,-1.0
2014/06/23,262.3333333333333,264.0,261.66666666666663,261.66666666666663,98700,-1.0,-1.0,-1.0
2014/06/24,263.3333333333333,265.3333333333333,261.3333333333333,265.0,131100,-1.0,-1.0,-1.0
2014/06/25,265.0,265.66666666666663,262.66666666666663,263.66666666666663,130500,-1.0,-1.0,-1.0
2014/06/26,266.0,266.0,262.3333333333333,262.3333333333333,132900,-1.0,-1.0,-1.0
2014/06/27,262.0,262.66666666666663,257.3333333333333,258.3333333333333,375600,-1.0,-1.0,-1.0
2014/06/30,260.66666666666663,265.3333333333333,260.66666666666663,264.3333333333333,260100,-1.0,-1.0,-1.0
2014/07/01,263.3333333333333,266.66666666666663,262.0,266.0,495600,-1.0,-1.0,-1.0
2014/07/02,266.66666666666663,268.0,266.0,267.3333333333333,151200,-1.0,-1.0,-1.0
2014/07/03,267.3333333333333,268.0,266.0,267.0,160500,-1.0,-1.0,-1.0
2014/07/04,268.0,269.3333333333333,267.0,269.3333333333333,312000,-1.0,-1.0,-1.0
2014/07/07,271.66666666666663,272.66666666666663,268.66666666666663,270.66666666666663,321000,-1.0,-1.0,-1.0
2014/07/08,268.3333333333333,269.3333333333333,263.66666666666663,267.66666666666663,216900,-1.0,-1.0,-1.0
2014/07/09,265.66666666666663,266.66666666666663,264.66666666666663,265.3333333333333,118200,-1.0,-1.0,-1.0
2014/07/10,266.66666666666663,269.0,262.66666666666663,262.66666666666663,182700,-1.0,-1.0,-1.0
2014/07/11,262.66666666666663,262.66666666666663,259.66666666666663,260.0,252300,-1.0,-1.0,-1.0
2014/07/14,261.3333333333333,263.0,260.3333333333333,262.0,137400,-1.0,-1.0,-1.0
2014/07/15,266.0,266.0,260.0,261.3333333333333,184500,-1.0,-1.0,-1.0
2014/07/16,263.0,263.0,259.66666666666663,260.0,171900,-1.0,-1.0,-1.0
2014/07/17,260.0,261.3333333333333,259.3333333333333,259.66666666666663,132600,-1.0,-1.0,-1.0
2014/07/18,259.0,259.3333333333333,257.66666666666663,258.0,219900,-1.0,-1.0,-1.0
2014/07/22,260.0,262.0,258.66666666666663,259.66666666666663,188100,-1.0,-1.0,-1.0
2014/07/23,260.0,262.0,258.66666666666663,260.3333333333333,189600,-1.0,-1.0,-1.0
2014/07/24,262.0,262.0,257.66666666666663,258.66666666666663,155400,-1.0,-1.0,-1.0
2014/07/25,260.66666666666663,260.66666666666663,257.66666666666663,258.66666666666663,162000,-1.0,-1.0,-1.0
2014/07/28,261.0,261.0,258.66666666666663,259.66666666666663,134700,-1.0,-1.0,-1.0
2014/07/29,261.0,262.66666666666663,259.3333333333333,262.3333333333333,108900,-1.0,-1.0,-1.0
2014/07/30,261.66666666666663,263.0,259.3333333333333,259.66666666666663,210300,-1.0,-1.0,-1.0
2014/07/31,261.3333333333333,261.3333333333333,259.0,259.66666666666663,125400,-1.0,-1.0,-1.0
2014/08/01,259.66666666666663,260.3333333333333,258.66666666666663,259.3333333333333,168900,-1.0,-1.0,-1.0
2014/08/04,257.66666666666663,259.0,256.66666666666663,256.66666666666663,262800,-1.0,-1.0,-1.0
2014/08/05,257.0,257.66666666666663,255.33333333333331,255.66666666666666,240900,-1.0,-1.0,-1.0
2014/08/06,255.0,255.0,253.33333333333331,253.33333333333331,207600,-1.0,-1.0,-1.0
2014/08/07,253.66666666666666,255.66666666666666,253.33333333333331,255.33333333333331,135600,-1.0,-1.0,-1.0
2014/08/08,254.66666666666666,256.66666666666663,252.33333333333331,252.66666666666666,205200,-1.0,-1.0,-1.0
2014/08/11,254.66666666666666,259.3333333333333,254.33333333333331,259.0,187800,-1.0,-1.0,-1.0
2014/08/12,259.66666666666663,260.0,257.66666666666663,257.66666666666663,191700,-1.0,-1.0,-1.0
2014/08/13,259.0,260.0,257.66666666666663,259.3333333333333,119400,-1.0,-1.0,-1.0
2014/08/14,260.0,261.66666666666663,259.0,261.0,142200,-1.0,-1.0,-1.0
2014/08/15,261.66666666666663,261.66666666666663,257.66666666666663,258.66666666666663,134100,-1.0,-1.0,-1.0
2014/08/18,258.66666666666663,260.3333333333333,258.3333333333333,259.0,88200,-1.0,-1.0,-1.0
2014/08/19,261.66666666666663,262.0,260.66666666666663,262.0,129900,-1.0,-1.0,-1.0
2014/08/20,262.0,262.3333333333333,260.0,261.0,150600,-1.0,-1.0,-1.0
2014/08/21,261.66666666666663,263.0,260.66666666666663,263.0,279300,-1.0,-1.0,-1.0
2014/08/22,263.0,265.0,262.0,263.3333333333333,305100,-1.0,-1.0,-1.0
2014/08/25,263.0,267.3333333333333,262.3333333333333,265.66666666666663,222900,-1.0,-1.0,-1.0
2014/08/26,267.66666666666663,267.66666666666663,266.0,267.3333333333333,153300,-1.0,-1.0,-1.0
2014/08/27,267.66666666666663,270.3333333333333,267.3333333333333,270.0,233400,-1.0,-1.0,-1.0
2014/08/28,270.0,272.3333333333333,269.3333333333333,272.3333333333333,229200,-1.0,-1.0,-1.0
2014/08/29,269.66666666666663,271.66666666666663,268.3333333333333,269.0,222900,-1.0,-1.0,-1.0
2014/09/01,268.3333333333333,270.3333333333333,268.3333333333333,269.66666666666663,64500,-1.0,-1.0,-1.0
2014/09/02,270.66666666666663,272.66666666666663,268.66666666666663,271.66666666666663,120300,-1.0,-1.0,-1.0
2014/09/03,272.3333333333333,272.3333333333333,270.66666666666663,271.3333333333333,103800,-1.0,-1.0,-1.0
2014/09/04,271.0,271.0,269.3333333333333,269.66666666666663,73500,-1.0,-1.0,-1.0
2014/09/05,270.3333333333333,270.66666666666663,268.3333333333333,269.0,76800,-1.0,-1.0,-1.0
2014/09/08,271.66666666666663,272.66666666666663,270.0,270.66666666666663,103200,-1.0,-1.0,-1.0
2014/09/09,272.3333333333333,272.3333333333333,270.0,271.0,102600,-1.0,-1.0,-1.0
2014/09/10,271.3333333333333,273.3333333333333,271.0,273.0,321000,-1.0,-1.0,-1.0
2014/09/11,274.0,274.3333333333333,272.0,273.0,203100,-1.0,-1.0,-1.0
2014/09/12,272.3333333333333,272.3333333333333,266.66666666666663,267.0,407400,-1.0,-1.0,-1.0
2014/09/16,269.66666666666663,275.0,269.66666666666663,273.66666666666663,250800,-1.0,-1.0,-1.0
2014/09/17,273.66666666666663,274.0,269.0,270.0,169800,-1.0,-1.0,-1.0
2014/09/18,273.3333333333333,273.3333333333333,271.3333333333333,273.3333333333333,226200,-1.0,-1.0,-1.0
2014/09/19,273.3333333333333,276.0,271.66666666666663,275.3333333333333,347100,-1.0,-1.0,-1.0
2014/09/22,277.3333333333333,280.3333333333333,277.0,279.3333333333333,237600,-1.0,-1.0,-1.0
2014/09/24,278.66666666666663,281.3333333333333,278.3333333333333,280.66666666666663,282600,-1.0,-1.0,-1.0
2014/09/25,281.3333333333333,281.3333333333333,277.66666666666663,280.66666666666663,367800,-1.0,-1.0,-1.0
2014/09/26,277.3333333333333,280.0,276.66666666666663,277.3333333333333,150900,-1.0,-1.0,-1.0
2014/09/29,278.0,282.0,277.66666666666663,281.66666666666663,196500,-1.0,-1.0,-1.0
2014/09/30,281.66666666666663,283.0,277.66666666666663,280.3333333333333,362700,-1.0,-1.0,-1.0
2014/10/01,281.66666666666663,281.66666666666663,274.66666666666663,275.0,192300,-1.0,-1.0,-1.0
2014/10/02,268.3333333333333,271.3333333333333,268.3333333333333,268.66666666666663,328200,-1.0,-1.0,-1.0
2014/10/03,267.3333333333333,271.0,267.0,269.3333333333333,131100,-1.0,-1.0,-1.0
2014/10/06,273.3333333333333,274.3333333333333,271.0,272.66666666666663,91200,-1.0,-1.0,-1.0
2014/10/07,273.3333333333333,275.0,272.3333333333333,272.3333333333333,157500,-1.0,-1.0,-1.0
2014/10/08,272.0,272.0,269.0,269.3333333333333,116400,-1.0,-1.0,-1.0
2014/10/09,270.3333333333333,270.66666666666663,266.66666666666663,266.66666666666663,153600,-1.0,-1.0,-1.0
2014/10/10,263.66666666666663,265.0,261.66666666666663,262.66666666666663,189600,-1.0,-1.0,-1.0
2014/10/14,258.3333333333333,265.66666666666663,257.3333333333333,257.3333333333333,326700,-1.0,-1.0,-1.0
2014/10/15,258.0,263.66666666666663,257.3333333333333,259.66666666666663,255300,-1.0,-1.0,-1.0
2014/10/16,257.66666666666663,261.3333333333333,255.33333333333331,256.0,285300,-1.0,-1.0,-1.0
2014/10/17,256.0,259.3333333333333,254.0,254.0,247500,-1.0,-1.0,-1.0
2014/10/20,261.3333333333333,263.3333333333333,259.66666666666663,262.0,153900,-1.0,-1.0,-1.0
2014/10/21,260.3333333333333,264.0,256.3333333333333,258.66666666666663,165300,-1.0,-1.0,-1.0
2014/10/22,261.0,265.0,261.0,265.0,114900,-1.0,-1.0,-1.0
2014/10/23,262.3333333333333,264.0,260.3333333333333,261.66666666666663,207300,-1.0,-1.0,-1.0
2014/10/24,265.0,267.3333333333333,262.3333333333333,264.66666666666663,194700,-1.0,-1.0,-1.0
2014/10/27,267.0,269.0,264.66666666666663,267.66666666666663,133200,-1.0,-1.0,-1.0
2014/10/28,266.66666666666663,269.0,266.0,267.3333333333333,76800,-1.0,-1.0,-1.0
2014/10/29,267.66666666666663,275.3333333333333,267.66666666666663,273.0,189900,-1.0,-1.0,-1.0
2014/10/30,274.0,278.66666666666663,273.0,274.3333333333333,209700,-1.0,-1.0,-1.0
2014/10/31,275.3333333333333,283.3333333333333,275.0,283.0,400200,-1.0,-1.0,-1.0
2014/11/04,288.66666666666663,290.0,281.3333333333333,285.3333333333333,639900,-1.0,-1.0,-1.0
2014/11/05,283.3333333333333,288.0,278.66666666666663,282.0,277200,-1.0,-1.0,-1.0
2014/11/06,283.3333333333333,289.66666666666663,270.66666666666663,276.66666666666663,466200,-1.0,-1.0,-1.0
2014/11/07,277.3333333333333,284.66666666666663,270.0,271.3333333333333,489300,-1.0,-1.0,-1.0
2014/11/10,269.66666666666663,273.3333333333333,269.66666666666663,273.0,240000,-1.0,-1.0,-1.0
2014/11/11,274.66666666666663,278.0,270.3333333333333,277.3333333333333,187200,-1.0,-1.0,-1.0
2014/11/12,279.3333333333333,279.66666666666663,268.3333333333333,268.3333333333333,381900,-1.0,-1.0,-1.0
2014/11/13,269.3333333333333,272.3333333333333,265.66666666666663,271.0,331500,-1.0,-1.0,-1.0
2014/11/14,274.66666666666663,274.66666666666663,268.66666666666663,272.66666666666663,358800,-1.0,-1.0,-1.0
2014/11/17,272.66666666666663,272.66666666666663,268.66666666666663,270.0,256800,-1.0,-1.0,-1.0
2014/11/18,271.0,274.66666666666663,271.0,272.66666666666663,221700,-1.0,-1.0,-1.0
2014/11/19,272.66666666666663,272.66666666666663,267.66666666666663,270.3333333333333,279000,-1.0,-1.0,-1.0
2014/11/20,272.0,272.0,267.66666666666663,268.3333333333333,200400,-1.0,-1.0,-1.0
2014/11/21,268.0,270.0,266.0,266.3333333333333,314400,-1.0,-1.0,-1.0
2014/11/25,268.3333333333333,268.66666666666663,266.3333333333333,267.3333333333333,261000,-1.0,-1.0,-1.0
2014/11/26,268.3333333333333,270.66666666666663,267.0,269.3333333333333,127500,-1.0,-1.0,-1.0
2014/11/27,271.66666666666663,271.66666666666663,267.0,267.3333333333333,175500,-1.0,-1.0,-1.0
2014/11/28,269.0,270.66666666666663,268.66666666666663,270.66666666666663,189300,-1.0,-1.0,-1.0
2014/12/01,270.0,270.66666666666663,267.3333333333333,268.66666666666663,216600,-1.0,-1.0,-1.0
2014/12/02,269.3333333333333,271.3333333333333,268.3333333333333,271.0,178800,-1.0,-1.0,-1.0
2014/12/03,271.3333333333333,273.3333333333333,270.3333333333333,272.66666666666663,136500,-1.0,-1.0,-1.0
2014/12/04,274.3333333333333,275.0,273.66666666666663,274.66666666666663,110400,-1.0,-1.0,-1.0
2014/12/05,274.66666666666663,274.66666666666663,270.3333333333333,272.66666666666663,248100,-1.0,-1.0,-1.0
2014/12/08,275.0,275.3333333333333,271.0,273.0,206100,-1.0,-1.0,-1.0
2014/12/09,273.0,273.66666666666663,271.3333333333333,272.0,156000,-1.0,-1.0,-1.0
2014/12/10,270.66666666666663,273.0,269.66666666666663,269.66666666666663,232200,-1.0,-1.0,-1.0
2014/12/11,269.3333333333333,270.3333333333333,268.3333333333333,268.66666666666663,154500,-1.0,-1.0,-1.0
2014/12/12,268.3333333333333,270.0,267.66666666666663,267.66666666666663,313200,-1.0,-1.0,-1.0
2014/12/15,267.66666666666663,269.3333333333333,267.66666666666663,267.66666666666663,115800,-1.0,-1.0,-1.0
2014/12/16,267.3333333333333,268.3333333333333,263.0,264.3333333333333,247200,-1.0,-1.0,-1.0
2014/12/17,262.66666666666663,265.3333333333333,261.66666666666663,261.66666666666663,279000,-1.0,-1.0,-1.0
2014/12/18,266.66666666666663,269.3333333333333,266.0,268.66666666666663,165600,-1.0,-1.0,-1.0
2014/12/19,271.3333333333333,272.66666666666663,268.3333333333333,272.0,240000,-1.0,-1.0,-1.0
2014/12/22,274.66666666666663,279.0,273.66666666666663,279.0,349500,-1.0,-1.0,-1.0
2014/12/24,279.3333333333333,282.0,279.0,282.0,175200,-1.0,-1.0,-1.0
2014/12/25,282.66666666666663,282.66666666666663,278.0,280.66666666666663,126600,-1.0,-1.0,-1.0
2014/12/26,282.3333333333333,283.3333333333333,279.3333333333333,283.0,165600,-1.0,-1.0,-1.0
2014/12/29,282.66666666666663,285.66666666666663,279.66666666666663,284.3333333333333,226200,-1.0,-1.0,-1.0
2014/12/30,285.66666666666663,286.3333333333333,280.3333333333333,281.66666666666663,154200,-1.0,-1.0,-1.0
2015/01/05,282.3333333333333,284.0,279.66666666666663,282.66666666666663,127200,-1.0,-1.0,-1.0
2015/01/06,280.0,281.3333333333333,276.0,278.0,283800,-1.0,-1.0,-1.0
2015/01/07,274.3333333333333,277.0,273.3333333333333,273.66666666666663,150600,-1.0,-1.0,-1.0
2015/01/08,276.0,277.0,274.0,276.0,181500,-1.0,-1.0,-1.0
2015/01/09,275.3333333333333,277.66666666666663,275.0,275.66666666666663,139500,-1.0,-1.0,-1.0
2015/01/13,273.66666666666663,273.66666666666663,268.0,273.0,239700,-1.0,-1.0,-1.0
2015/01/14,273.3333333333333,274.66666666666663,270.66666666666663,271.66666666666663,162300,-1.0,-1.0,-1.0
2015/01/15,273.3333333333333,278.66666666666663,273.3333333333333,278.0,199800,-1.0,-1.0,-1.0
2015/01/16,276.3333333333333,277.66666666666663,272.66666666666663,274.66666666666663,191400,-1.0,-1.0,-1.0
2015/01/19,275.3333333333333,279.0,273.66666666666663,277.66666666666663,175500,-1.0,-1.0,-1.0
2015/01/20,278.3333333333333,283.0,275.3333333333333,283.0,173400,-1.0,-1.0,-1.0
2015/01/21,280.3333333333333,283.66666666666663,279.3333333333333,280.3333333333333,132300,-1.0,-1.0,-1.0
2015/01/22,280.0,281.3333333333333,278.3333333333333,280.66666666666663,160200,-1.0,-1.0,-1.0
2015/01/23,283.3333333333333,283.66666666666663,281.0,283.66666666666663,138000,-1.0,-1.0,-1.0
2015/01/26,284.66666666666663,285.66666666666663,283.3333333333333,285.66666666666663,137700,-1.0,-1.0,-1.0
2015/01/27,286.0,288.3333333333333,281.3333333333333,288.0,404400,-1.0,-1.0,-1.0
2015/01/28,287.0,293.3333333333333,285.66666666666663,292.66666666666663,229200,-1.0,-1.0,-1.0
2015/01/29,293.0,293.3333333333333,287.0,289.66666666666663,181200,-1.0,-1.0,-1.0
2015/01/30,291.66666666666663,294.0,289.0,294.0,243600,-1.0,-1.0,-1.0
2015/02/02,292.66666666666663,295.0,291.0,294.66666666666663,135300,-1.0,-1.0,-1.0
2015/02/03,294.3333333333333,295.66666666666663,291.3333333333333,292.0,186900,-1.0,-1.0,-1.0
2015/02/04,295.0,299.0,294.0,298.3333333333333,265800,-1.0,-1.0,-1.0
2015/02/05,298.3333333333333,299.3333333333333,294.0,296.0,176700,-1.0,-1.0,-1.0
2015/02/06,296.0,297.0,293.66666666666663,295.66666666666663,161100,-1.0,-1.0,-1.0
2015/02/09,296.66666666666663,298.3333333333333,294.3333333333333,295.3333333333333,123900,-1.0,-1.0,-1.0
2015/02/10,294.0,297.3333333333333,294.0,295.66666666666663,93900,-1.0,-1.0,-1.0
2015/02/12,298.66666666666663,301.0,297.3333333333333,297.3333333333333,216300,-1.0,-1.0,-1.0
2015/02/13,298.66666666666663,302.3333333333333,298.0,300.3333333333333,220800,-1.0,-1.0,-1.0
2015/02/16,302.0,306.3333333333333,302.0,305.3333333333333,242400,-1.0,-1.0,-1.0
2015/02/17,306.0,311.3333333333333,306.0,310.66666666666663,242100,-1.0,-1.0,-1.0
2015/02/18,315.0,318.3333333333333,311.66666666666663,313.3333333333333,354600,-1.0,-1.0,-1.0
2015/02/19,313.3333333333333,320.0,313.3333333333333,320.0,327600,-1.0,-1.0,-1.0
2015/02/20,323.66666666666663,325.0,315.0,317.0,229200,-1.0,-1.0,-1.0
2015/02/23,317.0,317.66666666666663,312.3333333333333,314.0,312300,-1.0,-1.0,-1.0
2015/02/24,313.0,318.66666666666663,310.66666666666663,316.0,320700,-1.0,-1.0,-1.0
2015/02/25,320.0,324.0,311.66666666666663,321.0,418500,-1.0,-1.0,-1.0
2015/02/26,323.0,324.0,315.3333333333333,322.0,322800,-1.0,-1.0,-1.0
2015/02/27,321.66666666666663,321.66666666666663,315.0,316.66666666666663,205800,-1.0,-1.0,-1.0
2015/03/02,315.3333333333333,319.3333333333333,315.3333333333333,317.3333333333333,98400,-1.0,-1.0,-1.0
2015/03/03,317.0,318.0,315.3333333333333,316.3333333333333,82500,-1.0,-1.0,-1.0
2015/03/04,318.0,318.0,314.3333333333333,314.66666666666663,124800,-1.0,-1.0,-1.0
2015/03/05,314.66666666666663,317.3333333333333,314.3333333333333,315.66666666666663,76500,-1.0,-1.0,-1.0
2015/03/06,315.0,317.66666666666663,314.3333333333333,315.0,136800,-1.0,-1.0,-1.0
2015/03/09,314.0,317.3333333333333,311.66666666666663,316.0,150000,-1.0,-1.0,-1.0
2015/03/10,320.0,320.0,314.0,315.0,159600,-1.0,-1.0,-1.0
2015/03/11,313.66666666666663,316.66666666666663,310.66666666666663,315.3333333333333,144000,-1.0,-1.0,-1.0
2015/03/12,316.66666666666663,322.66666666666663,316.3333333333333,320.3333333333333,294300,-1.0,-1.0,-1.0
2015/03/13,320.3333333333333,320.3333333333333,316.0,318.0,443100,-1.0,-1.0,-1.0
2015/03/16,318.66666666666663,321.66666666666663,316.0,320.0,199500,-1.0,-1.0,-1.0
2015/03/17,320.0,322.0,318.66666666666663,319.3333333333333,200100,-1.0,-1.0,-1.0
2015/03/18,319.3333333333333,322.66666666666663,317.66666666666663,321.66666666666663,271800,-1.0,-1.0,-1.0
2015/03/19,321.66666666666663,325.0,319.0,321.3333333333333,156900,-1.0,-1.0,-1.0
2015/03/20,316.3333333333333,320.66666666666663,316.3333333333333,318.0,252300,-1.0,-1.0,-1.0
2015/03/23,321.0,322.3333333333333,317.66666666666663,319.66666666666663,195600,-1.0,-1.0,-1.0
2015/03/24,317.66666666666663,322.66666666666663,317.66666666666663,319.0,178800,-1.0,-1.0,-1.0
2015/03/25,317.66666666666663,321.66666666666663,316.66666666666663,320.66666666666663,206400,-1.0,-1.0,-1.0
2015/03/26,320.66666666666663,322.66666666666663,320.3333333333333,321.66666666666663,292200,-1.0,-1.0,-1.0
2015/03/27,307.0,315.66666666666663,301.66666666666663,304.66666666666663,400200,-1.0,-1.0,-1.0
2015/03/30,302.0,303.3333333333333,293.3333333333333,300.3333333333333,282300,-1.0,-1.0,-1.0
2015/03/31,300.3333333333333,303.3333333333333,294.0,295.3333333333333,312600,-1.0,-1.0,-1.0
2015/04/01,293.66666666666663,296.66666666666663,289.3333333333333,291.66666666666663,349200,-1.0,-1.0,-1.0
2015/04/02,292.0,300.66666666666663,292.0,295.3333333333333,237000,-1.0,-1.0,-1.0
2015/04/03,296.0,296.66666666666663,292.0,294.66666666666663,136800,-1.0,-1.0,-1.0
2015/04/06,289.0,291.66666666666663,288.3333333333333,289.66666666666663,234300,-1.0,-1.0,-1.0
2015/04/07,289.3333333333333,293.3333333333333,288.0,291.66666666666663,236100,-1.0,-1.0,-1.0
2015/04/08,294.0,303.0,294.0,300.66666666666663,308100,-1.0,-1.0,-1.0
2015/04/09,300.66666666666663,300.66666666666663,295.3333333333333,298.3333333333333,139500,-1.0,-1.0,-1.0
2015/04/10,298.0,298.66666666666663,294.66666666666663,295.66666666666663,165600,-1.0,-1.0,-1.0
2015/04/13,298.3333333333333,302.3333333333333,294.0,300.3333333333333,220800,-1.0,-1.0,-1.0
2015/04/14,296.3333333333333,301.3333333333333,296.3333333333333,299.66666666666663,138300,-1.0,-1.0,-1.0
2015/04/15,300.66666666666663,300.66666666666663,296.3333333333333,298.3333333333333,125700,-1.0,-1.0,-1.0
2015/04/16,300.0,300.66666666666663,294.0,298.66666666666663,125400,-1.0,-1.0,-1.0
2015/04/17,296.66666666666663,300.66666666666663,296.3333333333333,299.3333333333333,176100,-1.0,-1.0,-1.0
2015/04/20,299.0,299.66666666666663,293.66666666666663,296.3333333333333,165900,-1.0,-1.0,-1.0
2015/04/21,294.66666666666663,296.3333333333333,293.66666666666663,296.3333333333333,139200,-1.0,-1.0,-1.0
2015/04/22,297.0,298.66666666666663,295.66666666666663,297.0,94200,-1.0,-1.0,-1.0
2015/04/23,297.66666666666663,303.3333333333333,297.66666666666663,300.0,158400,-1.0,-1.0,-1.0
2015/04/24,300.3333333333333,302.0,297.66666666666663,299.3333333333333,133200,-1.0,-1.0,-1.0
2015/04/27,302.3333333333333,303.66666666666663,298.0,303.66666666666663,180000,-1.0,-1.0,-1.0
2015/04/28,304.0,307.3333333333333,299.3333333333333,307.3333333333333,367800,-1.0,-1.0,-1.0
2015/04/30,304.0,305.0,300.0,303.3333333333333,246000,-1.0,-1.0,-1.0
2015/05/01,298.66666666666663,302.0,297.3333333333333,299.66666666666663,128400,-1.0,-1.0,-1.0
2015/05/07,299.66666666666663,309.0,299.66666666666663,304.66666666666663,283500,-1.0,-1.0,-1.0
2015/05/08,304.66666666666663,311.3333333333333,298.3333333333333,309.0,305700,-1.0,-1.0,-1.0
2015/05/11,312.0,325.0,312.0,323.66666666666663,448800,-1.0,-1.0,-1.0
2015/05/12,319.66666666666663,326.66666666666663,319.66666666666663,326.3333333333333,329100,-1.0,-1.0,-1.0
2015/05/13,326.3333333333333,334.66666666666663,326.3333333333333,334.0,345900,-1.0,-1.0,-1.0
2015/05/14,333.66666666666663,334.3333333333333,331.0,333.0,413100,-1.0,-1.0,-1.0
2015/05/15,334.66666666666663,340.66666666666663,334.66666666666663,340.3333333333333,326400,-1.0,-1.0,-1.0
2015/05/18,340.0,341.66666666666663,332.3333333333333,340.3333333333333,387300,-1.0,-1.0,-1.0
2015/05/19,340.3333333333333,343.0,333.3333333333333,336.66666666666663,294600,-1.0,-1.0,-1.0
2015/05/20,339.3333333333333,339.66666666666663,332.66666666666663,337.66666666666663,231000,-1.0,-1.0,-1.0
2015/05/21,336.66666666666663,341.0,331.0,332.0,477900,-1.0,-1.0,-1.0
2015/05/22,329.3333333333333,337.3333333333333,327.3333333333333,334.66666666666663,324900,-1.0,-1.0,-1.0
2015/05/25,334.66666666666663,334.66666666666663,331.3333333333333,333.0,126600,-1.0,-1.0,-1.0
2015/05/26,334.0,335.0,329.0,330.66666666666663,133200,-1.0,-1.0,-1.0
2015/05/27,327.66666666666663,338.66666666666663,327.3333333333333,336.66666666666663,344100,-1.0,-1.0,-1.0
2015/05/28,339.0,340.66666666666663,334.66666666666663,340.66666666666663,358800,-1.0,-1.0,-1.0
2015/05/29,343.3333333333333,348.3333333333333,342.3333333333333,347.0,525600,-1.0,-1.0,-1.0
2015/06/01,348.66666666666663,349.66666666666663,345.0,349.0,278700,-1.0,-1.0,-1.0
2015/06/02,349.0,353.3333333333333,346.0,349.3333333333333,277800,-1.0,-1.0,-1.0
2015/06/03,350.66666666666663,351.3333333333333,346.66666666666663,350.0,266400,-1.0,-1.0,-1.0
2015/06/04,350.0,354.0,345.3333333333333,348.0,316200,-1.0,-1.0,-1.0
2015/06/05,350.3333333333333,357.0,349.3333333333333,354.0,311700,-1.0,-1.0,-1.0
2015/06/08,356.3333333333333,356.3333333333333,348.3333333333333,355.0,104400,-1.0,-1.0,-1.0
2015/06/09,351.3333333333333,355.66666666666663,349.0,349.66666666666663,206400,-1.0,-1.0,-1.0
2015/06/10,346.66666666666663,353.3333333333333,339.66666666666663,347.66666666666663,216000,-1.0,-1.0,-1.0
2015/06/11,351.66666666666663,354.3333333333333,347.66666666666663,352.3333333333333,143100,-1.0,-1.0,-1.0
2015/06/12,356.3333333333333,362.3333333333333,354.0,355.3333333333333,494400,-1.0,-1.0,-1.0
2015/06/15,352.66666666666663,355.3333333333333,348.66666666666663,354.0,114600,-1.0,-1.0,-1.0
2015/06/16,353.3333333333333,353.3333333333333,344.3333333333333,346.0,177000,-1.0,-1.0,-1.0
2015/06/17,345.66666666666663,353.66666666666663,345.66666666666663,352.3333333333333,231900,-1.0,-1.0,-1.0
2015/06/18,350.66666666666663,354.66666666666663,344.3333333333333,352.0,293400,-1.0,-1.0,-1.0
2015/06/19,355.0,362.66666666666663,351.3333333333333,360.66666666666663,288900,-1.0,-1.0,-1.0
2015/06/22,361.66666666666663,364.66666666666663,357.3333333333333,364.3333333333333,218700,-1.0,-1.0,-1.0
2015/06/23,366.66666666666663,371.3333333333333,362.66666666666663,367.66666666666663,272400,-1.0,-1.0,-1.0
2015/06/24,367.0,370.0,359.0,362.3333333333333,317100,-1.0,-1.0,-1.0
2015/06/25,360.0,363.0,356.0,356.3333333333333,238500,-1.0,-1.0,-1.0
2015/06/26,357.66666666666663,361.66666666666663,351.3333333333333,351.3333333333333,383700,-1.0,-1.0,-1.0
2015/06/29,345.0,353.3333333333333,327.66666666666663,348.3333333333333,335100,-1.0,-1.0,-1.0
2015/06/30,349.3333333333333,361.0,349.3333333333333,360.3333333333333,298200,-1.0,-1.0,-1.0
2015/07/01,360.3333333333333,360.3333333333333,355.0,357.3333333333333,150300,-1.0,-1.0,-1.0
2015/07/02,359.0,361.66666666666663,355.3333333333333,357.3333333333333,172500,-1.0,-1.0,-1.0
2015/07/03,359.3333333333333,359.3333333333333,352.66666666666663,354.3333333333333,158400,-1.0,-1.0,-1.0
2015/07/06,346.66666666666663,354.66666666666663,346.66666666666663,350.0,188400,-1.0,-1.0,-1.0
2015/07/07,352.0,356.3333333333333,347.3333333333333,348.66666666666663,203100,-1.0,-1.0,-1.0
2015/07/08,365.0,365.0,347.0,347.0,495900,-1.0,-1.0,-1.0
2015/07/09,341.3333333333333,343.3333333333333,333.0,341.0,423300,-1.0,-1.0,-1.0
2015/07/10,341.3333333333333,355.3333333333333,341.3333333333333,348.3333333333333,457500,-1.0,-1.0,-1.0
2015/07/13,349.66666666666663,356.0,348.3333333333333,353.3333333333333,189000,-1.0,-1.0,-1.0
2015/07/14,359.66666666666663,368.0,355.66666666666663,366.0,326400,-1.0,-1.0,-1.0
2015/07/15,368.0,370.0,363.3333333333333,369.66666666666663,354600,-1.0,-1.0,-1.0
2015/07/16,371.66666666666663,377.0,367.66666666666663,375.66666666666663,317400,-1.0,-1.0,-1.0
2015/07/17,373.66666666666663,373.66666666666663,367.0,371.3333333333333,234000,-1.0,-1.0,-1.0
2015/07/21,371.0,371.0,364.0,368.66666666666663,290100,-1.0,-1.0,-1.0
2015/07/22,362.66666666666663,363.0,359.3333333333333,359.3333333333333,337500,-1.0,-1.0,-1.0
2015/07/23,358.3333333333333,359.66666666666663,353.0,359.66666666666663,298200,-1.0,-1.0,-1.0
2015/07/24,359.66666666666663,359.66666666666663,350.66666666666663,352.3333333333333,301500,-1.0,-1.0,-1.0
2015/07/27,349.0,349.0,341.66666666666663,342.3333333333333,478200,-1.0,-1.0,-1.0
2015/07/28,340.3333333333333,344.0,335.0,336.66666666666663,628200,-1.0,-1.0,-1.0
2015/07/29,333.3333333333333,337.3333333333333,330.0,332.3333333333333,533100,-1.0,-1.0,-1.0
2015/07/30,333.66666666666663,341.3333333333333,333.66666666666663,336.66666666666663,309600,-1.0,-1.0,-1.0
2015/07/31,337.3333333333333,345.0,334.3333333333333,341.0,255900,-1.0,-1.0,-1.0
2015/08/03,347.66666666666663,348.66666666666663,333.3333333333333,341.0,323400,-1.0,-1.0,-1.0
2015/08/04,337.66666666666663,337.66666666666663,322.66666666666663,326.66666666666663,596100,-1.0,-1.0,-1.0
2015/08/05,327.3333333333333,329.3333333333333,319.3333333333333,320.3333333333333,487800,-1.0,-1.0,-1.0
2015/08/06,322.0,330.0,321.0,326.66666666666663,469500,-1.0,-1.0,-1.0
2015/08/07,326.66666666666663,327.66666666666663,325.3333333333333,325.66666666666663,251100,-1.0,-1.0,-1.0
2015/08/10,325.66666666666663,335.0,323.66666666666663,334.66666666666663,398700,-1.0,-1.0,-1.0
2015/08/11,337.3333333333333,340.0,333.3333333333333,336.3333333333333,373800,-1.0,-1.0,-1.0
2015/08/12,334.0,337.3333333333333,327.0,330.66666666666663,341700,-1.0,-1.0,-1.0
2015/08/13,331.3333333333333,347.66666666666663,331.3333333333333,342.0,551700,-1.0,-1.0,-1.0
2015/08/14,340.66666666666663,343.3333333333333,335.66666666666663,339.3333333333333,207300,-1.0,-1.0,-1.0
2015/08/17,341.3333333333333,345.66666666666663,337.66666666666663,345.0,184200,-1.0,-1.0,-1.0
2015/08/18,346.66666666666663,346.66666666666663,343.3333333333333,345.3333333333333,101700,-1.0,-1.0,-1.0
2015/08/19,344.3333333333333,344.3333333333333,339.0,341.3333333333333,167700,-1.0,-1.0,-1.0
2015/08/20,342.0,344.66666666666663,339.3333333333333,340.0,234900,-1.0,-1.0,-1.0
2015/08/21,331.66666666666663,340.0,330.3333333333333,334.66666666666663,313500,-1.0,-1.0,-1.0
2015/08/24,327.0,336.3333333333333,316.3333333333333,317.0,387300,-1.0,-1.0,-1.0
2015/08/25,297.0,324.3333333333333,297.0,309.0,564000,-1.0,-1.0,-1.0
2015/08/26,314.0,317.66666666666663,307.66666666666663,315.3333333333333,310800,-1.0,-1.0,-1.0
2015/08/27,320.3333333333333,324.0,317.0,319.0,261300,-1.0,-1.0,-1.0
2015/08/28,329.0,331.66666666666663,326.3333333333333,330.3333333333333,177600,-1.0,-1.0,-1.0
2015/08/31,329.3333333333333,334.66666666666663,323.66666666666663,329.0,248100,-1.0,-1.0,-1.0
2015/09/01,326.3333333333333,326.66666666666663,316.0,316.3333333333333,235500,-1.0,-1.0,-1.0
2015/09/02,308.3333333333333,325.0,308.3333333333333,317.66666666666663,238200,-1.0,-1.0,-1.0
2015/09/03,320.0,330.3333333333333,320.0,329.0,441000,-1.0,-1.0,-1.0
2015/09/04,331.66666666666663,331.66666666666663,315.66666666666663,317.66666666666663,174900,-1.0,-1.0,-1.0
2015/09/07,315.3333333333333,319.3333333333333,310.3333333333333,312.66666666666663,92700,-1.0,-1.0,-1.0
2015/09/08,314.3333333333333,321.3333333333333,311.0,311.66666666666663,210600,-1.0,-1.0,-1.0
2015/09/09,321.0,336.0,317.0,336.0,425100,-1.0,-1.0,-1.0
2015/09/10,328.66666666666663,334.3333333333333,325.66666666666663,331.66666666666663,183900,-1.0,-1.0,-1.0
2015/09/11,326.66666666666663,334.3333333333333,326.66666666666663,330.0,382200,-1.0,-1.0,-1.0
2015/09/14,335.0,335.66666666666663,328.3333333333333,332.0,216600,-1.0,-1.0,-1.0
2015/09/15,334.66666666666663,334.66666666666663,318.66666666666663,319.0,291300,-1.0,-1.0,-1.0
2015/09/16,322.66666666666663,322.66666666666663,316.0,318.3333333333333,199800,-1.0,-1.0,-1.0
2015/09/17,320.3333333333333,327.66666666666663,319.66666666666663,327.0,168300,-1.0,-1.0,-1.0
2015/09/18,324.0,324.0,319.3333333333333,320.0,154200,-1.0,-1.0,-1.0
2015/09/24,315.0,317.66666666666663,307.3333333333333,307.3333333333333,285900,-1.0,-1.0,-1.0
2015/09/25,307.0,321.0,307.0,319.0,186900,-1.0,-1.0,-1.0
2015/09/28,324.0,330.0,320.0,326.66666666666663,177000,-1.0,-1.0,-1.0
2015/09/29,321.66666666666663,326.0,314.66666666666663,315.3333333333333,226800,-1.0,-1.0,-1.0
2015/09/30,319.3333333333333,325.66666666666663,316.0,323.66666666666663,154800,-1.0,-1.0,-1.0
2015/10/01,326.0,326.0,314.0,322.66666666666663,183600,-1.0,-1.0,-1.0
2015/10/02,318.3333333333333,320.0,311.66666666666663,317.0,213900,-1.0,-1.0,-1.0
2015/10/05,319.66666666666663,322.66666666666663,317.0,317.66666666666663,108600,-1.0,-1.0,-1.0
2015/10/06,322.66666666666663,324.3333333333333,317.66666666666663,320.66666666666663,211200,-1.0,-1.0,-1.0
2015/10/07,322.66666666666663,330.0,317.66666666666663,326.66666666666663,375900,-1.0,-1.0,-1.0
2015/10/08,326.3333333333333,329.3333333333333,321.0,327.0,207300,-1.0,-1.0,-1.0
2015/10/09,329.66666666666663,329.66666666666663,322.0,328.3333333333333,144300,-1.0,-1.0,-1.0
2015/10/13,324.0,326.0,321.66666666666663,323.3333333333333,147300,-1.0,-1.0,-1.0
2015/10/14,323.3333333333333,323.3333333333333,316.0,318.0,182100,-1.0,-1.0,-1.0
2015/10/15,318.3333333333333,331.66666666666663,318.3333333333333,330.0,128100,-1.0,-1.0,-1.0
2015/10/16,333.3333333333333,333.3333333333333,324.3333333333333,324.66666666666663,114000,-1.0,-1.0,-1.0
2015/10/19,325.0,326.66666666666663,321.3333333333333,323.66666666666663,95400,-1.0,-1.0,-1.0
2015/10/20,323.3333333333333,326.3333333333333,318.66666666666663,321.3333333333333,79500,-1.0,-1.0,-1.0
2015/10/21,320.3333333333333,329.0,320.3333333333333,328.3333333333333,156000,-1.0,-1.0,-1.0
2015/10/22,324.66666666666663,331.0,322.0,322.3333333333333,57000,-1.0,-1.0,-1.0
2015/10/23,328.3333333333333,331.0,325.66666666666663,327.3333333333333,94200,-1.0,-1.0,-1.0
2015/10/26,334.0,334.0,328.3333333333333,329.66666666666663,97200,-1.0,-1.0,-1.0
2015/10/27,331.0,331.0,323.66666666666663,325.0,50400,-1.0,-1.0,-1.0
2015/10/28,324.66666666666663,324.66666666666663,319.66666666666663,322.66666666666663,105600,-1.0,-1.0,-1.0
2015/10/29,322.3333333333333,323.3333333333333,319.66666666666663,322.3333333333333,61800,-1.0,-1.0,-1.0
2015/10/30,323.0,328.66666666666663,321.3333333333333,325.3333333333333,129300,-1.0,-1.0,-1.0
2015/11/02,321.0,325.0,319.3333333333333,321.66666666666663,124200,-1.0,-1.0,-1.0
2015/11/04,326.66666666666663,329.66666666666663,322.66666666666663,324.3333333333333,174600,-1.0,-1.0,-1.0
2015/11/05,326.66666666666663,329.0,322.3333333333333,327.3333333333333,92400,-1.0,-1.0,-1.0
2015/11/06,329.66666666666663,329.66666666666663,322.3333333333333,324.0,117300,-1.0,-1.0,-1.0
2015/11/09,328.0,334.0,325.3333333333333,333.66666666666663,276300,-1.0,-1.0,-1.0
2015/11/10,331.66666666666663,332.66666666666663,326.0,326.66666666666663,225000,-1.0,-1.0,-1.0
2015/11/11,325.0,331.0,325.0,329.3333333333333,121500,-1.0,-1.0,-1.0
2015/11/12,329.3333333333333,334.3333333333333,328.66666666666663,333.3333333333333,118800,-1.0,-1.0,-1.0
2015/11/13,332.3333333333333,339.0,331.3333333333333,338.3333333333333,170400,-1.0,-1.0,-1.0
2015/11/16,336.3333333333333,339.0,333.3333333333333,334.0,131100,-1.0,-1.0,-1.0
2015/11/17,339.66666666666663,344.3333333333333,339.66666666666663,344.3333333333333,186900,-1.0,-1.0,-1.0
2015/11/18,347.66666666666663,347.66666666666663,339.3333333333333,340.3333333333333,109200,-1.0,-1.0,-1.0
2015/11/19,345.0,345.0,334.66666666666663,340.0,153600,-1.0,-1.0,-1.0
2015/11/20,339.3333333333333,339.3333333333333,332.3333333333333,336.66666666666663,108000,-1.0,-1.0,-1.0
2015/11/24,332.3333333333333,336.3333333333333,332.0,335.66666666666663,127500,-1.0,-1.0,-1.0
2015/11/25,335.66666666666663,336.66666666666663,332.0,335.0,153000,-1.0,-1.0,-1.0
2015/11/26,339.0,340.66666666666663,334.0,334.66666666666663,124800,-1.0,-1.0,-1.0
2015/11/27,336.66666666666663,338.0,330.3333333333333,333.66666666666663,247800,-1.0,-1.0,-1.0
2015/11/30,332.3333333333333,338.0,332.3333333333333,337.3333333333333,124800,-1.0,-1.0,-1.0
2015/12/01,337.0,346.3333333333333,337.0,346.0,144000,-1.0,-1.0,-1.0
2015/12/02,348.0,348.0,340.0,342.3333333333333,135300,-1.0,-1.0,-1.0
2015/12/03,338.3333333333333,344.66666666666663,338.3333333333333,343.0,123600,-1.0,-1.0,-1.0
2015/12/04,335.3333333333333,340.0,335.3333333333333,338.3333333333333,145200,-1.0,-1.0,-1.0
2015/12/07,340.0,343.3333333333333,339.3333333333333,341.3333333333333,188100,-1.0,-1.0,-1.0
2015/12/08,345.0,345.0,334.0,334.3333333333333,114000,-1.0,-1.0,-1.0
2015/12/09,333.3333333333333,335.3333333333333,328.66666666666663,331.0,205500,-1.0,-1.0,-1.0
2015/12/10,327.66666666666663,334.0,327.66666666666663,329.0,144900,-1.0,-1.0,-1.0
2015/12/11,332.0,336.66666666666663,329.0,332.0,299400,-1.0,-1.0,-1.0
2015/12/14,327.0,335.66666666666663,327.0,334.0,153900,-1.0,-1.0,-1.0
2015/12/15,334.0,334.3333333333333,323.3333333333333,323.66666666666663,170700,-1.0,-1.0,-1.0
2015/12/16,327.0,328.0,322.0,326.66666666666663,222000,-1.0,-1.0,-1.0
2015/12/17,327.3333333333333,338.66666666666663,322.66666666666663,337.66666666666663,410100,-1.0,-1.0,-1.0
2015/12/18,336.3333333333333,336.3333333333333,327.3333333333333,327.3333333333333,231000,-1.0,-1.0,-1.0
2015/12/21,327.3333333333333,329.0,322.66666666666663,326.66666666666663,166800,-1.0,-1.0,-1.0
2015/12/22,328.3333333333333,328.66666666666663,325.66666666666663,326.0,58800,-1.0,-1.0,-1.0
2015/12/24,333.0,333.0,325.0,327.66666666666663,82800,-1.0,-1.0,-1.0
2015/12/25,328.3333333333333,330.0,324.0,325.0,51000,-1.0,-1.0,-1.0
2015/12/28,330.0,333.66666666666663,327.0,333.0,73200,-1.0,-1.0,-1.0
2015/12/29,330.0,335.66666666666663,328.3333333333333,335.3333333333333,92100,-1.0,-1.0,-1.0
2015/12/30,335.66666666666663,336.66666666666663,329.66666666666663,332.66666666666663,54000,-1.0,-1.0,-1.0
2016/01/04,327.66666666666663,329.66666666666663,321.0,323.3333333333333,180000,-1.0,-1.0,-1.0
2016/01/05,320.3333333333333,323.3333333333333,317.3333333333333,320.66666666666663,126600,-1.0,-1.0,-1.0
2016/01/06,320.0,322.3333333333333,316.66666666666663,321.0,141000,-1.0,-1.0,-1.0
2016/01/07,319.0,322.3333333333333,317.0,319.66666666666663,122400,-1.0,-1.0,-1.0
2016/01/08,316.66666666666663,319.3333333333333,310.3333333333333,310.66666666666663,291300,-1.0,-1.0,-1.0
2016/01/12,308.66666666666663,310.0,302.66666666666663,303.0,198000,-1.0,-1.0,-1.0
2016/01/13,306.3333333333333,314.66666666666663,305.66666666666663,313.0,136200,-1.0,-1.0,-1.0
2016/01/14,305.0,311.3333333333333,303.66666666666663,309.0,152700,-1.0,-1.0,-1.0
2016/01/15,312.0,317.0,306.0,307.3333333333333,78600,-1.0,-1.0,-1.0
2016/01/18,305.0,307.3333333333333,299.0,304.66666666666663,84600,-1.0,-1.0,-1.0
2016/01/19,303.0,306.3333333333333,300.0,302.0,84600,-1.0,-1.0,-1.0
2016/01/20,302.66666666666663,304.66666666666663,291.66666666666663,291.66666666666663,152400,-1.0,-1.0,-1.0
2016/01/21,286.66666666666663,293.3333333333333,280.0,280.0,147900,-1.0,-1.0,-1.0
2016/01/22,290.0,300.66666666666663,289.66666666666663,300.3333333333333,111900,-1.0,-1.0,-1.0
2016/01/25,305.0,305.3333333333333,295.3333333333333,301.0,89400,-1.0,-1.0,-1.0
2016/01/26,301.0,302.3333333333333,288.3333333333333,289.0,180300,-1.0,-1.0,-1.0
2016/01/27,294.0,302.0,294.0,301.3333333333333,92100,-1.0,-1.0,-1.0
2016/01/28,301.3333333333333,307.66666666666663,297.3333333333333,306.66666666666663,120300,-1.0,-1.0,-1.0
2016/01/29,310.3333333333333,321.3333333333333,303.3333333333333,312.66666666666663,249600,-1.0,-1.0,-1.0
2016/02/01,314.3333333333333,316.66666666666663,308.3333333333333,312.0,281100,-1.0,-1.0,-1.0
2016/02/02,309.66666666666663,314.3333333333333,304.3333333333333,305.3333333333333,206700,-1.0,-1.0,-1.0
2016/02/03,301.0,303.0,294.3333333333333,300.3333333333333,118200,-1.0,-1.0,-1.0
2016/02/04,295.3333333333333,302.0,294.66666666666663,295.66666666666663,142200,-1.0,-1.0,-1.0
2016/02/05,292.3333333333333,299.0,287.0,289.3333333333333,190500,-1.0,-1.0,-1.0
2016/02/08,289.66666666666663,312.0,288.0,310.0,238800,-1.0,-1.0,-1.0
2016/02/09,294.66666666666663,299.3333333333333,292.3333333333333,297.3333333333333,255900,-1.0,-1.0,-1.0
2016/02/10,297.66666666666663,297.66666666666663,282.0,285.66666666666663,261600,-1.0,-1.0,-1.0
2016/02/12,276.66666666666663,284.0,272.0,272.0,267000,-1.0,-1.0,-1.0
2016/02/15,282.0,291.3333333333333,281.3333333333333,289.66666666666663,183300,-1.0,-1.0,-1.0
2016/02/16,288.66666666666663,302.0,286.3333333333333,291.66666666666663,219000,-1.0,-1.0,-1.0
2016/02/17,291.66666666666663,298.66666666666663,285.0,289.3333333333333,178200,-1.0,-1.0,-1.0
2016/02/18,299.3333333333333,308.0,298.0,298.66666666666663,220200,-1.0,-1.0,-1.0
2016/02/19,295.66666666666663,303.3333333333333,289.66666666666663,294.3333333333333,203100,-1.0,-1.0,-1.0
2016/02/22,294.3333333333333,299.3333333333333,290.66666666666663,293.3333333333333,197700,-1.0,-1.0,-1.0
2016/02/23,293.66666666666663,298.0,283.0,283.0,198000,-1.0,-1.0,-1.0
2016/02/24,279.3333333333333,283.3333333333333,275.0,275.66666666666663,288600,-1.0,-1.0,-1.0
2016/02/25,276.0,290.0,276.0,283.66666666666663,264900,-1.0,-1.0,-1.0
2016/02/26,284.0,286.0,279.0,280.66666666666663,259800,-1.0,-1.0,-1.0
2016/02/29,286.0,289.66666666666663,275.0,275.0,270000,-1.0,-1.0,-1.0
2016/03/01,275.0,277.3333333333333,269.66666666666663,270.66666666666663,373500,-1.0,-1.0,-1.0
2016/03/02,278.3333333333333,278.3333333333333,271.0,271.66666666666663,285900,-1.0,-1.0,-1.0
2016/03/03,272.3333333333333,279.3333333333333,270.66666666666663,277.3333333333333,259500,-1.0,-1.0,-1.0
2016/03/04,277.3333333333333,293.66666666666663,274.66666666666663,293.3333333333333,379500,-1.0,-1.0,-1.0
2016/03/07,294.3333333333333,295.0,289.66666666666663,290.0,183000,-1.0,-1.0,-1.0
2016/03/08,288.66666666666663,295.66666666666663,285.0,289.0,195900,-1.0,-1.0,-1.0
2016/03/09,288.3333333333333,290.0,284.0,288.66666666666663,138900,-1.0,-1.0,-1.0
2016/03/10,292.0,295.3333333333333,289.66666666666663,292.0,206700,-1.0,-1.0,-1.0
2016/03/11,289.0,298.3333333333333,289.0,295.66666666666663,305400,-1.0,-1.0,-1.0
2016/03/14,297.66666666666663,301.3333333333333,295.3333333333333,297.3333333333333,254700,-1.0,-1.0,-1.0
2016/03/15,295.0,298.3333333333333,294.0,296.3333333333333,237300,-1.0,-1.0,-1.0
2016/03/16,296.66666666666663,299.0,290.0,290.0,238500,-1.0,-1.0,-1.0
2016/03/17,293.66666666666663,296.66666666666663,290.0,292.0,274800,-1.0,-1.0,-1.0
2016/03/18,291.3333333333333,295.0,287.3333333333333,291.66666666666663,277500,-1.0,-1.0,-1.0
2016/03/22,296.3333333333333,297.3333333333333,290.3333333333333,294.66666666666663,258300,-1.0,-1.0,-1.0
2016/03/23,295.3333333333333,296.0,290.3333333333333,292.0,139200,-1.0,-1.0,-1.0
2016/03/24,289.3333333333333,292.66666666666663,288.3333333333333,289.66666666666663,132900,-1.0,-1.0,-1.0
2016/03/25,289.66666666666663,291.66666666666663,287.66666666666663,288.3333333333333,312000,-1.0,-1.0,-1.0
2016/03/28,291.3333333333333,294.3333333333333,283.3333333333333,290.66666666666663,495600,-1.0,-1.0,-1.0
2016/03/29,282.0,287.66666666666663,282.0,286.3333333333333,240000,-1.0,-1.0,-1.0
2016/03/30,286.3333333333333,287.3333333333333,282.3333333333333,283.3333333333333,240300,-1.0,-1.0,-1.0
2016/03/31,282.66666666666663,288.3333333333333,280.3333333333333,285.66666666666663,322200,-1.0,-1.0,-1.0
2016/04/01,287.66666666666663,288.0,281.66666666666663,282.3333333333333,507300,-1.0,-1.0,-1.0
2016/04/04,280.66666666666663,285.66666666666663,275.3333333333333,279.0,379200,-1.0,-1.0,-1.0
2016/04/05,275.3333333333333,276.3333333333333,264.3333333333333,264.66666666666663,275100,-1.0,-1.0,-1.0
2016/04/06,265.66666666666663,266.0,261.3333333333333,262.0,210900,-1.0,-1.0,-1.0
2016/04/07,264.66666666666663,267.66666666666663,262.66666666666663,266.3333333333333,153600,-1.0,-1.0,-1.0
2016/04/08,261.66666666666663,274.3333333333333,261.66666666666663,270.0,239400,-1.0,-1.0,-1.0
2016/04/11,269.0,269.3333333333333,259.3333333333333,261.3333333333333,264600,-1.0,-1.0,-1.0
2016/04/12,260.3333333333333,268.66666666666663,260.3333333333333,266.66666666666663,138300,-1.0,-1.0,-1.0
2016/04/13,268.0,272.3333333333333,265.66666666666663,271.3333333333333,137400,-1.0,-1.0,-1.0
2016/04/14,273.3333333333333,279.66666666666663,273.3333333333333,279.66666666666663,187200,-1.0,-1.0,-1.0
2016/04/15,277.3333333333333,279.66666666666663,274.0,278.0,163800,-1.0,-1.0,-1.0
2016/04/18,264.66666666666663,278.0,264.66666666666663,277.66666666666663,230400,-1.0,-1.0,-1.0
2016/04/19,282.0,285.66666666666663,279.66666666666663,282.3333333333333,288600,-1.0,-1.0,-1.0
2016/04/20,285.66666666666663,286.0,274.66666666666663,278.0,245700,-1.0,-1.0,-1.0
2016/04/21,286.0,286.0,280.0,283.3333333333333,233400,-1.0,-1.0,-1.0
2016/04/22,281.3333333333333,283.0,277.0,283.0,299400,-1.0,-1.0,-1.0
2016/04/25,282.66666666666663,282.66666666666663,277.66666666666663,282.0,154800,-1.0,-1.0,-1.0
2016/04/26,283.0,283.0,276.0,281.3333333333333,121500,-1.0,-1.0,-1.0
2016/04/27,282.3333333333333,283.3333333333333,278.3333333333333,281.3333333333333,190200,-1.0,-1.0,-1.0
2016/04/28,284.3333333333333,292.66666666666663,280.3333333333333,280.66666666666663,366900,-1.0,-1.0,-1.0
2016/05/02,270.66666666666663,277.0,269.66666666666663,275.66666666666663,394500,-1.0,-1.0,-1.0
2016/05/06,275.0,280.0,274.3333333333333,278.3333333333333,242400,-1.0,-1.0,-1.0
2016/05/09,280.0,281.0,276.66666666666663,277.66666666666663,80400,-1.0,-1.0,-1.0
2016/05/10,279.3333333333333,288.66666666666663,277.0,288.66666666666663,309000,-1.0,-1.0,-1.0
2016/05/11,292.0,298.0,287.0,298.0,418200,-1.0,-1.0,-1.0
2016/05/12,296.0,296.66666666666663,292.3333333333333,295.66666666666663,216900,-1.0,-1.0,-1.0
2016/05/13,293.66666666666663,293.66666666666663,286.3333333333333,288.66666666666663,248400,-1.0,-1.0,-1.0
2016/05/16,289.0,293.3333333333333,288.66666666666663,292.3333333333333,235800,-1.0,-1.0,-1.0
2016/05/17,294.3333333333333,294.3333333333333,290.3333333333333,294.0,173400,-1.0,-1.0,-1.0
2016/05/18,293.0,294.3333333333333,289.3333333333333,290.66666666666663,194700,-1.0,-1.0,-1.0
2016/05/19,293.3333333333333,296.0,286.3333333333333,290.0,224100,-1.0,-1.0,-1.0
2016/05/20,289.66666666666663,299.3333333333333,288.66666666666663,298.66666666666663,443400,-1.0,-1.0,-1.0
2016/05/23,295.66666666666663,299.66666666666663,290.0,297.66666666666663,347100,-1.0,-1.0,-1.0
2016/05/24,296.0,296.3333333333333,289.66666666666663,290.3333333333333,144900,-1.0,-1.0,-1.0
2016/05/25,295.3333333333333,296.3333333333333,292.3333333333333,293.66666666666663,131100,-1.0,-1.0,-1.0
2016/05/26,296.66666666666663,296.66666666666663,287.66666666666663,291.0,144000,-1.0,-1.0,-1.0
2016/05/27,291.3333333333333,293.0,288.66666666666663,292.66666666666663,207000,-1.0,-1.0,-1.0
2016/05/30,292.66666666666663,295.66666666666663,291.0,294.3333333333333,165000,-1.0,-1.0,-1.0
2016/05/31,291.66666666666663,291.66666666666663,287.0,290.66666666666663,330900,-1.0,-1.0,-1.0
2016/06/01,288.0,291.3333333333333,284.66666666666663,290.0,322800,-1.0,-1.0,-1.0
2016/06/02,286.0,287.0,281.3333333333333,282.0,206400,-1.0,-1.0,-1.0
2016/06/03,279.66666666666663,285.3333333333333,277.0,284.3333333333333,306600,-1.0,-1.0,-1.0
2016/06/06,277.3333333333333,281.0,277.3333333333333,278.66666666666663,148200,-1.0,-1.0,-1.0
2016/06/07,279.3333333333333,282.3333333333333,276.3333333333333,279.0,152700,-1.0,-1.0,-1.0
2016/06/08,281.66666666666663,281.66666666666663,278.3333333333333,280.66666666666663,78300,-1.0,-1.0,-1.0
2016/06/09,280.3333333333333,281.66666666666663,277.3333333333333,278.66666666666663,114000,-1.0,-1.0,-1.0
2016/06/10,277.66666666666663,278.66666666666663,272.3333333333333,277.66666666666663,355800,-1.0,-1.0,-1.0
2016/06/13,273.3333333333333,273.66666666666663,261.0,261.3333333333333,304800,-1.0,-1.0,-1.0
2016/06/14,264.66666666666663,266.0,257.66666666666663,260.3333333333333,187500,-1.0,-1.0,-1.0
2016/06/15,261.0,263.3333333333333,259.0,261.0,135300,-1.0,-1.0,-1.0
2016/06/16,261.0,261.66666666666663,251.66666666666666,251.66666666666666,173400,-1.0,-1.0,-1.0
2016/06/17,252.66666666666666,254.33333333333331,242.33333333333331,246.0,351000,-1.0,-1.0,-1.0
2016/06/20,253.33333333333331,258.66666666666663,251.33333333333331,254.0,183600,-1.0,-1.0,-1.0
2016/06/21,253.33333333333331,258.3333333333333,250.33333333333331,257.3333333333333,149100,-1.0,-1.0,-1.0
2016/06/22,255.0,256.0,247.0,251.66666666666666,225300,-1.0,-1.0,-1.0
2016/06/23,253.0,257.0,251.33333333333331,256.66666666666663,207000,-1.0,-1.0,-1.0
2016/06/24,257.0,259.3333333333333,238.0,242.33333333333331,393900,-1.0,-1.0,-1.0
2016/06/27,251.66666666666666,253.0,245.0,249.66666666666666,219900,-1.0,-1.0,-1.0
2016/06/28,252.0,261.66666666666663,248.66666666666666,259.66666666666663,460800,-1.0,-1.0,-1.0
2016/06/29,261.0,261.0,255.33333333333331,256.66666666666663,154500,-1.0,-1.0,-1.0
2016/06/30,257.66666666666663,259.0,254.33333333333331,254.66666666666666,164700,-1.0,-1.0,-1.0
2016/07/01,253.66666666666666,254.33333333333331,248.33333333333331,249.33333333333331,304800,-1.0,-1.0,-1.0
2016/07/04,257.3333333333333,257.3333333333333,252.66666666666666,255.66666666666666,292800,-1.0,-1.0,-1.0
2016/07/05,255.66666666666666,256.3333333333333,251.33333333333331,251.33333333333331,111300,-1.0,-1.0,-1.0
2016/07/06,248.0,248.0,242.0,246.33333333333331,312300,-1.0,-1.0,-1.0
2016/07/07,241.33333333333331,244.33333333333331,240.66666666666666,242.66666666666666,155700,-1.0,-1.0,-1.0
2016/07/08,239.66666666666666,243.33333333333331,235.66666666666666,240.0,273300,-1.0,-1.0,-1.0
2016/07/11,243.66666666666666,249.33333333333331,243.33333333333331,247.66666666666666,266400,-1.0,-1.0,-1.0
2016/07/12,252.66666666666666,259.0,252.66666666666666,257.3333333333333,255600,-1.0,-1.0,-1.0
2016/07/13,261.0,263.0,259.0,260.3333333333333,130500,-1.0,-1.0,-1.0
2016/07/14,259.0,260.0,252.0,255.0,271200,-1.0,-1.0,-1.0
2016/07/15,259.3333333333333,264.0,256.66666666666663,261.3333333333333,149400,-1.0,-1.0,-1.0
2016/07/19,262.0,263.3333333333333,260.3333333333333,262.3333333333333,110700,-1.0,-1.0,-1.0
2016/07/20,259.66666666666663,264.66666666666663,258.3333333333333,264.0,135900,-1.0,-1.0,-1.0
2016/07/21,265.66666666666663,268.3333333333333,261.0,263.0,95100,-1.0,-1.0,-1.0
2016/07/22,258.3333333333333,260.0,254.66666666666666,257.3333333333333,102300,-1.0,-1.0,-1.0
2016/07/25,259.66666666666663,261.66666666666663,256.66666666666663,258.3333333333333,188400,-1.0,-1.0,-1.0
2016/07/26,260.66666666666663,262.3333333333333,253.33333333333331,253.66666666666666,213900,-1.0,-1.0,-1.0
2016/07/27,255.33333333333331,260.0,253.33333333333331,256.3333333333333,127800,-1.0,-1.0,-1.0
2016/07/28,255.66666666666666,255.66666666666666,250.0,251.33333333333331,245700,-1.0,-1.0,-1.0
2016/07/29,252.0,252.0,243.66666666666666,249.33333333333331,225300,-1.0,-1.0,-1.0
2016/08/01,246.33333333333331,246.33333333333331,237.0,241.33333333333331,267300,-1.0,-1.0,-1.0
2016/08/02,240.0,242.0,237.66666666666666,237.66666666666666,211500,-1.0,-1.0,-1.0
2016/08/03,237.0,237.0,232.0,232.33333333333331,301200,-1.0,-1.0,-1.0
2016/08/04,234.0,236.0,232.0,233.0,213000,-1.0,-1.0,-1.0
2016/08/05,233.0,237.33333333333331,231.0,236.0,263700,-1.0,-1.0,-1.0
2016/08/08,236.66666666666666,237.0,233.33333333333331,234.66666666666666,405900,-1.0,-1.0,-1.0
2016/08/09,234.0,234.66666666666666,232.0,232.66666666666666,300000,-1.0,-1.0,-1.0
2016/08/10,232.33333333333331,232.66666666666666,230.66666666666666,231.66666666666666,246900,-1.0,-1.0,-1.0
2016/08/12,233.66666666666666,234.66666666666666,231.0,231.33333333333331,136200,-1.0,-1.0,-1.0
2016/08/15,233.33333333333331,233.33333333333331,231.0,231.66666666666666,175500,-1.0,-1.0,-1.0
2016/08/16,232.66666666666666,234.0,230.66666666666666,230.66666666666666,189600,-1.0,-1.0,-1.0
2016/08/17,231.33333333333331,239.66666666666666,231.33333333333331,239.0,261300,-1.0,-1.0,-1.0
2016/08/18,236.33333333333331,238.0,231.0,233.33333333333331,291000,-1.0,-1.0,-1.0
2016/08/19,234.0,240.0,234.0,238.0,231000,-1.0,-1.0,-1.0
2016/08/22,238.0,239.0,234.33333333333331,237.0,229500,-1.0,-1.0,-1.0
2016/08/23,235.66666666666666,236.33333333333331,233.33333333333331,234.0,246300,-1.0,-1.0,-1.0
2016/08/24,233.33333333333331,234.33333333333331,232.66666666666666,232.66666666666666,144300,-1.0,-1.0,-1.0
2016/08/25,233.33333333333331,236.33333333333331,233.33333333333331,234.66666666666666,94800,-1.0,-1.0,-1.0
2016/08/26,235.0,235.0,231.33333333333331,231.66666666666666,130500,-1.0,-1.0,-1.0
2016/08/29,235.0,236.0,233.66666666666666,235.0,137700,-1.0,-1.0,-1.0
2016/08/30,233.33333333333331,234.33333333333331,232.66666666666666,233.66666666666666,75900,-1.0,-1.0,-1.0
2016/08/31,235.0,235.33333333333331,233.66666666666666,234.33333333333331,157200,-1.0,-1.0,-1.0
2016/09/01,233.33333333333331,236.0,233.0,235.66666666666666,108000,-1.0,-1.0,-1.0
2016/09/02,234.66666666666666,234.66666666666666,232.33333333333331,233.33333333333331,156600,-1.0,-1.0,-1.0
2016/09/05,235.33333333333331,236.33333333333331,234.0,235.0,137700,-1.0,-1.0,-1.0
2016/09/06,235.0,241.0,234.66666666666666,240.0,207900,-1.0,-1.0,-1.0
2016/09/07,239.0,241.0,237.33333333333331,240.0,129900,-1.0,-1.0,-1.0
2016/09/08,240.0,240.66666666666666,238.66666666666666,240.66666666666666,86700,-1.0,-1.0,-1.0
2016/09/09,238.66666666666666,242.66666666666666,238.66666666666666,241.0,236700,-1.0,-1.0,-1.0
2016/09/12,238.0,241.33333333333331,237.66666666666666,240.33333333333331,134100,-1.0,-1.0,-1.0
2016/09/13,241.33333333333331,241.33333333333331,237.33333333333331,237.66666666666666,117000,-1.0,-1.0,-1.0
2016/09/14,236.66666666666666,239.66666666666666,235.0,237.66666666666666,115200,-1.0,-1.0,-1.0
2016/09/15,237.66666666666666,237.66666666666666,233.0,234.33333333333331,125100,-1.0,-1.0,-1.0
2016/09/16,235.33333333333331,236.66666666666666,233.33333333333331,234.66666666666666,108000,-1.0,-1.0,-1.0
2016/09/20,234.66666666666666,239.66666666666666,233.33333333333331,235.0,157500,-1.0,-1.0,-1.0
2016/09/21,235.0,244.66666666666666,234.0,244.33333333333331,210600,-1.0,-1.0,-1.0
2016/09/23,246.0,246.0,239.66666666666666,244.66666666666666,203400,-1.0,-1.0,-1.0
2016/09/26,245.33333333333331,245.33333333333331,240.33333333333331,241.0,125100,-1.0,-1.0,-1.0
2016/09/27,240.0,244.66666666666666,236.33333333333331,244.66666666666666,196500,-1.0,-1.0,-1.0
2016/09/28,246.0,246.33333333333331,236.66666666666666,238.0,208500,-1.0,-1.0,-1.0
2016/09/29,241.0,243.33333333333331,240.66666666666666,242.66666666666666,211500,-1.0,-1.0,-1.0
2016/09/30,238.66666666666666,240.66666666666666,236.66666666666666,239.66666666666666,237300,-1.0,-1.0,-1.0
2016/10/03,241.66666666666666,242.33333333333331,239.33333333333331,240.0,121500,-1.0,-1.0,-1.0
2016/10/04,241.66666666666666,242.66666666666666,238.66666666666666,241.0,165300,-1.0,-1.0,-1.0
2016/10/05,242.33333333333331,246.0,241.66666666666666,243.66666666666666,186300,-1.0,-1.0,-1.0
2016/10/06,245.0,247.33333333333331,245.0,246.33333333333331,111000,-1.0,-1.0,-1.0
2016/10/07,246.33333333333331,247.66666666666666,245.33333333333331,247.66666666666666,86700,-1.0,-1.0,-1.0
2016/10/11,250.0,252.33333333333331,250.0,252.0,151800,-1.0,-1.0,-1.0
2016/10/12,250.66666666666666,252.0,250.66666666666666,251.33333333333331,176400,-1.0,-1.0,-1.0
2016/10/13,252.0,252.0,248.66666666666666,251.0,195000,-1.0,-1.0,-1.0
2016/10/14,251.66666666666666,256.0,251.33333333333331,255.66666666666666,181500,-1.0,-1.0,-1.0
2016/10/17,258.0,271.3333333333333,258.0,264.3333333333333,560400,-1.0,-1.0,-1.0
2016/10/18,264.3333333333333,264.3333333333333,260.0,263.66666666666663,203400,-1.0,-1.0,-1.0
2016/10/19,263.0,263.0,245.0,255.0,645900,-1.0,-1.0,-1.0
2016/10/20,255.0,259.3333333333333,252.66666666666666,259.3333333333333,275100,-1.0,-1.0,-1.0
2016/10/21,259.0,259.66666666666663,255.66666666666666,257.3333333333333,182100,-1.0,-1.0,-1.0
2016/10/24,257.0,261.66666666666663,257.0,261.0,129600,-1.0,-1.0,-1.0
2016/10/25,259.3333333333333,260.3333333333333,257.0,259.0,328800,-1.0,-1.0,-1.0
2016/10/26,259.0,261.66666666666663,256.66666666666663,260.0,166200,-1.0,-1.0,-1.0
2016/10/27,260.66666666666663,260.66666666666663,255.0,258.3333333333333,134400,-1.0,-1.0,-1.0
2016/10/28,258.66666666666663,264.66666666666663,255.33333333333331,262.3333333333333,388500,-1.0,-1.0,-1.0
2016/10/31,261.3333333333333,262.0,259.0,259.66666666666663,195300,-1.0,-1.0,-1.0
2016/11/01,259.0,259.0,255.66666666666666,258.0,130500,-1.0,-1.0,-1.0
2016/11/02,255.33333333333331,255.66666666666666,251.66666666666666,255.0,154800,-1.0,-1.0,-1.0
2016/11/04,253.33333333333331,262.3333333333333,250.33333333333331,256.0,379800,-1.0,-1.0,-1.0
2016/11/07,259.3333333333333,259.3333333333333,254.0,258.0,226800,-1.0,-1.0,-1.0
2016/11/08,258.3333333333333,258.3333333333333,253.0,253.33333333333331,90600,-1.0,-1.0,-1.0
2016/11/09,255.66666666666666,256.0,238.66666666666666,244.66666666666666,401700,-1.0,-1.0,-1.0
2016/11/10,259.0,262.66666666666663,247.33333333333331,261.0,320700,-1.0,-1.0,-1.0
2016/11/11,261.66666666666663,263.3333333333333,258.0,262.3333333333333,309000,-1.0,-1.0,-1.0
2016/11/14,263.3333333333333,267.0,263.3333333333333,265.0,171600,-1.0,-1.0,-1.0
2016/11/15,265.66666666666663,268.66666666666663,264.3333333333333,267.66666666666663,369900,-1.0,-1.0,-1.0
2016/11/16,269.3333333333333,269.3333333333333,266.3333333333333,269.3333333333333,248100,-1.0,-1.0,-1.0
2016/11/17,268.0,272.0,268.0,271.3333333333333,218100,-1.0,-1.0,-1.0
2016/11/18,274.0,275.0,271.0,272.3333333333333,122700,-1.0,-1.0,-1.0
2016/11/21,275.0,278.3333333333333,274.0,277.3333333333333,216300,-1.0,-1.0,-1.0
2016/11/22,277.3333333333333,280.0,276.3333333333333,279.3333333333333,114900,-1.0,-1.0,-1.0
2016/11/24,282.0,282.0,275.66666666666663,276.66666666666663,153000,-1.0,-1.0,-1.0
2016/11/25,277.0,278.3333333333333,270.66666666666663,273.0,273600,-1.0,-1.0,-1.0
2016/11/28,270.0,272.0,268.3333333333333,270.66666666666663,294300,-1.0,-1.0,-1.0
2016/11/29,268.3333333333333,269.66666666666663,268.0,269.3333333333333,331800,-1.0,-1.0,-1.0
2016/11/30,270.0,271.3333333333333,267.66666666666663,269.0,653700,-1.0,-1.0,-1.0
2016/12/01,272.66666666666663,273.3333333333333,270.66666666666663,270.66666666666663,422700,-1.0,-1.0,-1.0
2016/12/02,270.66666666666663,274.0,270.66666666666663,271.66666666666663,390600,-1.0,-1.0,-1.0
2016/12/05,271.66666666666663,275.0,271.66666666666663,274.0,647700,-1.0,-1.0,-1.0
2016/12/06,275.66666666666663,278.3333333333333,275.66666666666663,277.3333333333333,547200,-1.0,-1.0,-1.0
2016/12/07,278.66666666666663,281.66666666666663,278.66666666666663,280.66666666666663,458700,-1.0,-1.0,-1.0
2016/12/08,281.0,281.66666666666663,274.66666666666663,278.66666666666663,504600,-1.0,-1.0,-1.0
2016/12/09,278.0,280.3333333333333,277.3333333333333,279.66666666666663,612300,-1.0,-1.0,-1.0
2016/12/12,282.66666666666663,282.66666666666663,276.0,280.3333333333333,373800,-1.0,-1.0,-1.0
2016/12/13,280.0,281.66666666666663,279.3333333333333,280.3333333333333,442800,-1.0,-1.0,-1.0
2016/12/14,280.3333333333333,285.0,279.66666666666663,283.0,744600,-1.0,-1.0,-1.0
2016/12/15,285.0,288.3333333333333,285.0,286.3333333333333,486900,-1.0,-1.0,-1.0
2016/12/16,290.3333333333333,292.0,288.3333333333333,290.0,882600,-1.0,-1.0,-1.0
2016/12/19,289.66666666666663,289.66666666666663,284.0,286.3333333333333,406200,-1.0,-1.0,-1.0
2016/12/20,285.66666666666663,286.0,273.3333333333333,282.66666666666663,532500,-1.0,-1.0,-1.0
2016/12/21,283.3333333333333,286.66666666666663,281.66666666666663,282.66666666666663,399300,-1.0,-1.0,-1.0
2016/12/22,282.3333333333333,285.66666666666663,281.66666666666663,283.66666666666663,371700,-1.0,-1.0,-1.0
2016/12/26,283.3333333333333,284.0,281.66666666666663,282.66666666666663,261600,-1.0,-1.0,-1.0
2016/12/27,282.66666666666663,282.66666666666663,278.3333333333333,281.0,232500,-1.0,-1.0,-1.0
2016/12/28,281.66666666666663,284.0,280.66666666666663,283.3333333333333,287700,-1.0,-1.0,-1.0
2016/12/29,282.0,283.0,278.0,283.0,360600,-1.0,-1.0,-1.0
2016/12/30,280.66666666666663,283.3333333333333,278.66666666666663,283.0,262200,-1.0,-1.0,-1.0
2017/01/04,286.0,287.3333333333333,284.66666666666663,285.3333333333333,539700,-1.0,-1.0,-1.0
2017/01/05,285.0,286.0,284.3333333333333,285.66666666666663,360000,-1.0,-1.0,-1.0
2017/01/06,283.66666666666663,285.66666666666663,281.66666666666663,284.3333333333333,536700,-1.0,-1.0,-1.0
2017/01/10,284.3333333333333,284.3333333333333,280.66666666666663,282.66666666666663,253500,-1.0,-1.0,-1.0
2017/01/11,283.66666666666663,284.66666666666663,281.66666666666663,282.3333333333333,354900,-1.0,-1.0,-1.0
2017/01/12,281.0,282.66666666666663,277.66666666666663,282.3333333333333,574500,-1.0,-1.0,-1.0
2017/01/13,282.3333333333333,283.66666666666663,280.0,282.0,495600,-1.0,-1.0,-1.0
2017/01/16,282.66666666666663,282.66666666666663,278.66666666666663,280.0,346800,-1.0,-1.0,-1.0
2017/01/17,280.0,280.0,275.66666666666663,276.0,524700,-1.0,-1.0,-1.0
2017/01/18,275.0,275.66666666666663,272.0,274.0,613800,-1.0,-1.0,-1.0
2017/01/19,275.66666666666663,278.0,274.0,275.3333333333333,318300,-1.0,-1.0,-1.0
2017/01/20,274.3333333333333,276.66666666666663,273.66666666666663,276.0,297300,-1.0,-1.0,-1.0
2017/01/23,269.3333333333333,279.0,268.0,275.66666666666663,661800,-1.0,-1.0,-1.0
2017/01/24,272.66666666666663,275.0,272.0,274.3333333333333,663000,-1.0,-1.0,-1.0
2017/01/25,275.3333333333333,276.66666666666663,271.0,272.3333333333333,587700,-1.0,-1.0,-1.0
2017/01/26,276.3333333333333,276.3333333333333,271.0,274.66666666666663,615900,-1.0,-1.0,-1.0
2017/01/27,275.0,277.0,273.3333333333333,273.66666666666663,494400,-1.0,-1.0,-1.0
2017/01/30,274.0,274.0,271.0,271.66666666666663,995400,-1.0,-1.0,-1.0
2017/01/31,270.66666666666663,271.3333333333333,269.0,269.66666666666663,633300,-1.0,-1.0,-1.0
2017/02/01,268.66666666666663,270.0,266.66666666666663,268.66666666666663,1251600,-1.0,-1.0,-1.0
2017/02/02,270.66666666666663,271.0,266.66666666666663,267.3333333333333,801300,-1.0,-1.0,-1.0
2017/02/03,267.0,270.3333333333333,265.66666666666663,267.66666666666663,1114200,-1.0,-1.0,-1.0
2017/02/06,272.66666666666663,300.0,271.3333333333333,290.3333333333333,2987700,-1.0,-1.0,-1.0
2017/02/07,291.0,295.66666666666663,284.3333333333333,293.3333333333333,1235700,-1.0,-1.0,-1.0
2017/02/08,295.0,297.0,288.0,294.66666666666663,1350300,-1.0,-1.0,-1.0
2017/02/09,292.3333333333333,293.66666666666663,286.0,293.3333333333333,892800,-1.0,-1.0,-1.0
2017/02/10,296.66666666666663,303.3333333333333,294.3333333333333,302.0,1300800,-1.0,-1.0,-1.0
2017/02/13,305.0,308.0,302.66666666666663,304.3333333333333,831000,-1.0,-1.0,-1.0
2017/02/14,304.3333333333333,306.66666666666663,301.3333333333333,302.0,516900,-1.0,-1.0,-1.0
2017/02/15,303.3333333333333,306.66666666666663,302.0,305.66666666666663,608700,-1.0,-1.0,-1.0
2017/02/16,305.66666666666663,312.3333333333333,302.66666666666663,311.66666666666663,554400,-1.0,-1.0,-1.0
2017/02/17,313.3333333333333,317.66666666666663,309.66666666666663,311.66666666666663,597900,-1.0,-1.0,-1.0
2017/02/20,311.3333333333333,311.3333333333333,305.0,310.3333333333333,636000,-1.0,-1.0,-1.0
2017/02/21,309.3333333333333,313.3333333333333,307.0,310.0,328200,-1.0,-1.0,-1.0
2017/02/22,309.66666666666663,311.66666666666663,306.0,311.0,619200,-1.0,-1.0,-1.0
2017/02/23,312.0,312.0,308.66666666666663,311.3333333333333,330000,-1.0,-1.0,-1.0
2017/02/24,310.3333333333333,312.66666666666663,307.66666666666663,310.0,276300,-1.0,-1.0,-1.0
2017/02/27,309.3333333333333,309.66666666666663,306.0,308.66666666666663,453900,-1.0,-1.0,-1.0
2017/02/28,308.66666666666663,316.0,308.66666666666663,309.3333333333333,476100,-1.0,-1.0,-1.0
2017/03/01,310.0,310.66666666666663,302.0,306.3333333333333,806100,-1.0,-1.0,-1.0
2017/03/02,310.3333333333333,310.3333333333333,306.3333333333333,306.66666666666663,374700,-1.0,-1.0,-1.0
2017/03/03,305.0,305.66666666666663,302.66666666666663,304.3333333333333,464700,-1.0,-1.0,-1.0
2017/03/06,303.3333333333333,305.3333333333333,302.3333333333333,304.66666666666663,299700,-1.0,-1.0,-1.0
2017/03/07,304.3333333333333,306.66666666666663,302.66666666666663,305.0,380100,-1.0,-1.0,-1.0
2017/03/08,306.3333333333333,306.3333333333333,302.66666666666663,305.66666666666663,382200,-1.0,-1.0,-1.0
2017/03/09,306.66666666666663,308.66666666666663,305.3333333333333,308.0,406500,-1.0,-1.0,-1.0
2017/03/10,308.0,309.3333333333333,306.0,306.3333333333333,465600,-1.0,-1.0,-1.0
2017/03/13,306.3333333333333,306.3333333333333,303.66666666666663,304.0,471900,-1.0,-1.0,-1.0
2017/03/14,303.66666666666663,304.0,300.3333333333333,302.66666666666663,561300,-1.0,-1.0,-1.0
2017/03/15,301.66666666666663,302.0,298.0,299.0,661800,-1.0,-1.0,-1.0
2017/03/16,299.0,300.3333333333333,298.0,299.3333333333333,423900,-1.0,-1.0,-1.0
2017/03/17,298.66666666666663,300.66666666666663,297.0,300.66666666666663,648900,-1.0,-1.0,-1.0
2017/03/21,300.66666666666663,300.66666666666663,294.66666666666663,296.3333333333333,642300,-1.0,-1.0,-1.0
2017/03/22,295.3333333333333,296.0,289.3333333333333,291.0,876300,-1.0,-1.0,-1.0
2017/03/23,292.3333333333333,293.66666666666663,290.0,291.3333333333333,365400,-1.0,-1.0,-1.0
2017/03/24,291.0,292.3333333333333,288.3333333333333,292.0,688200,-1.0,-1.0,-1.0
2017/03/27,292.3333333333333,292.3333333333333,289.0,290.66666666666663,551400,-1.0,-1.0,-1.0
2017/03/28,293.3333333333333,294.0,291.0,294.0,796800,-1.0,-1.0,-1.0
2017/03/29,285.0,289.0,285.0,288.3333333333333,675600,-1.0,-1.0,-1.0
2017/03/30,290.66666666666663,292.3333333333333,287.3333333333333,289.0,831000,-1.0,-1.0,-1.0
2017/03/31,291.0,291.66666666666663,282.3333333333333,282.3333333333333,615300,-1.0,-1.0,-1.0
2017/04/03,282.66666666666663,283.3333333333333,276.66666666666663,276.66666666666663,500100,-1.0,-1.0,-1.0
2017/04/04,276.66666666666663,277.3333333333333,271.66666666666663,273.66666666666663,516000,-1.0,-1.0,-1.0
2017/04/05,273.66666666666663,274.66666666666663,271.66666666666663,273.0,282600,-1.0,-1.0,-1.0
2017/04/06,271.0,272.0,267.0,267.0,371700,-1.0,-1.0,-1.0
2017/04/07,268.3333333333333,275.3333333333333,268.3333333333333,274.3333333333333,542100,-1.0,-1.0,-1.0
2017/04/10,275.0,276.3333333333333,272.3333333333333,274.66666666666663,304800,-1.0,-1.0,-1.0
2017/04/11,274.66666666666663,274.66666666666663,270.0,271.0,381900,-1.0,-1.0,-1.0
2017/04/12,269.0,271.0,267.0,270.3333333333333,359400,-1.0,-1.0,-1.0
2017/04/13,267.66666666666663,269.3333333333333,264.3333333333333,266.3333333333333,371400,-1.0,-1.0,-1.0
2017/04/14,265.0,266.0,262.3333333333333,263.3333333333333,265500,-1.0,-1.0,-1.0
2017/04/17,263.0,266.66666666666663,263.0,265.66666666666663,167700,-1.0,-1.0,-1.0
2017/04/18,267.3333333333333,268.66666666666663,267.0,267.0,240000,-1.0,-1.0,-1.0
2017/04/19,266.66666666666663,267.66666666666663,265.3333333333333,266.0,246300,-1.0,-1.0,-1.0
2017/04/20,265.3333333333333,267.3333333333333,264.0,265.66666666666663,249000,-1.0,-1.0,-1.0
2017/04/21,267.3333333333333,270.0,267.0,269.0,243900,-1.0,-1.0,-1.0
2017/04/24,273.66666666666663,274.66666666666663,271.66666666666663,272.66666666666663,217800,-1.0,-1.0,-1.0
2017/04/25,273.3333333333333,277.0,273.0,275.0,334800,-1.0,-1.0,-1.0
2017/04/26,278.3333333333333,279.0,274.66666666666663,278.66666666666663,367800,-1.0,-1.0,-1.0
2017/04/27,277.0,281.0,277.0,279.0,302100,-1.0,-1.0,-1.0
2017/04/28,280.3333333333333,281.66666666666663,277.66666666666663,277.66666666666663,447300,-1.0,-1.0,-1.0
2017/05/01,278.0,279.0,274.66666666666663,276.0,283800,-1.0,-1.0,-1.0
2017/05/02,279.0,283.3333333333333,277.0,278.66666666666663,462300,-1.0,-1.0,-1.0
2017/05/08,283.0,288.0,282.66666666666663,288.0,585900,-1.0,-1.0,-1.0
2017/05/09,288.0,288.3333333333333,285.0,287.0,376500,-1.0,-1.0,-1.0
2017/05/10,285.0,288.0,270.3333333333333,279.0,1158900,-1.0,-1.0,-1.0
2017/05/11,266.66666666666663,269.0,256.66666666666663,264.66666666666663,1455000,-1.0,-1.0,-1.0
2017/05/12,266.66666666666663,268.0,263.66666666666663,267.3333333333333,1152300,-1.0,-1.0,-1.0
2017/05/15,267.3333333333333,275.3333333333333,267.0,274.3333333333333,1169100,-1.0,-1.0,-1.0
2017/05/16,274.3333333333333,274.3333333333333,271.0,273.66666666666663,698100,-1.0,-1.0,-1.0
2017/05/17,272.0,272.3333333333333,266.66666666666663,269.3333333333333,1057500,-1.0,-1.0,-1.0
2017/05/18,266.66666666666663,269.3333333333333,265.3333333333333,267.3333333333333,666300,-1.0,-1.0,-1.0
2017/05/19,268.0,271.0,265.66666666666663,270.66666666666663,417000,-1.0,-1.0,-1.0
2017/05/22,273.3333333333333,274.3333333333333,271.66666666666663,273.3333333333333,471300,-1.0,-1.0,-1.0
2017/05/23,272.3333333333333,273.0,269.66666666666663,271.0,352500,-1.0,-1.0,-1.0
2017/05/24,276.0,276.0,270.0,272.3333333333333,399600,-1.0,-1.0,-1.0
2017/05/25,270.3333333333333,270.66666666666663,268.0,268.0,423600,-1.0,-1.0,-1.0
2017/05/26,269.3333333333333,269.3333333333333,265.66666666666663,266.3333333333333,662700,-1.0,-1.0,-1.0
2017/05/29,266.66666666666663,269.0,265.0,265.66666666666663,702300,-1.0,-1.0,-1.0
2017/05/30,266.66666666666663,270.0,264.66666666666663,269.3333333333333,520200,-1.0,-1.0,-1.0
2017/05/31,269.3333333333333,270.3333333333333,267.0,268.3333333333333,789000,-1.0,-1.0,-1.0
2017/06/01,268.3333333333333,274.0,268.0,273.3333333333333,715200,-1.0,-1.0,-1.0
2017/06/02,274.3333333333333,278.3333333333333,273.3333333333333,277.66666666666663,533700,-1.0,-1.0,-1.0
2017/06/05,278.3333333333333,280.66666666666663,275.3333333333333,278.66666666666663,557700,-1.0,-1.0,-1.0
2017/06/06,280.0,280.0,275.66666666666663,275.66666666666663,468300,-1.0,-1.0,-1.0
2017/06/07,275.3333333333333,277.0,274.3333333333333,275.0,461100,-1.0,-1.0,-1.0
2017/06/08,275.66666666666663,276.0,271.3333333333333,273.0,504000,-1.0,-1.0,-1.0
2017/06/09,273.0,274.3333333333333,271.3333333333333,271.66666666666663,330000,-1.0,-1.0,-1.0
2017/06/12,273.0,279.3333333333333,273.0,278.0,407100,-1.0,-1.0,-1.0
2017/06/13,277.3333333333333,281.3333333333333,277.3333333333333,278.66666666666663,345000,-1.0,-1.0,-1.0
2017/06/14,283.0,283.0,279.3333333333333,279.3333333333333,232800,-1.0,-1.0,-1.0
2017/06/15,279.66666666666663,281.66666666666663,278.66666666666663,280.3333333333333,396600,-1.0,-1.0,-1.0
2017/06/16,281.0,290.0,280.3333333333333,289.3333333333333,1245600,-1.0,-1.0,-1.0
2017/06/19,289.3333333333333,289.3333333333333,286.0,286.0,210000,-1.0,-1.0,-1.0
2017/06/20,287.3333333333333,288.66666666666663,285.0,285.3333333333333,378600,-1.0,-1.0,-1.0
2017/06/21,286.0,291.66666666666663,285.0,290.3333333333333,591900,-1.0,-1.0,-1.0
2017/06/22,287.66666666666663,288.3333333333333,286.0,286.66666666666663,414600,-1.0,-1.0,-1.0
2017/06/23,288.3333333333333,288.3333333333333,285.3333333333333,287.3333333333333,294300,-1.0,-1.0,-1.0
2017/06/26,288.0,288.66666666666663,284.0,284.66666666666663,371400,-1.0,-1.0,-1.0
2017/06/27,290.66666666666663,292.3333333333333,287.3333333333333,292.3333333333333,602700,-1.0,-1.0,-1.0
2017/06/28,289.3333333333333,291.66666666666663,288.66666666666663,290.0,333000,-1.0,-1.0,-1.0
2017/06/29,292.66666666666663,295.3333333333333,288.0,291.0,700200,-1.0,-1.0,-1.0
2017/06/30,291.0,291.0,287.0,289.3333333333333,276300,-1.0,-1.0,-1.0
2017/07/03,296.66666666666663,306.0,293.66666666666663,305.3333333333333,1422600,-1.0,-1.0,-1.0
2017/07/04,307.3333333333333,310.66666666666663,302.3333333333333,304.3333333333333,1248300,-1.0,-1.0,-1.0
2017/07/05,303.66666666666663,306.66666666666663,301.3333333333333,304.66666666666663,621600,-1.0,-1.0,-1.0
2017/07/06,307.0,311.66666666666663,305.3333333333333,310.3333333333333,669000,-1.0,-1.0,-1.0
2017/07/07,305.3333333333333,308.3333333333333,303.66666666666663,304.0,264600,-1.0,-1.0,-1.0
2017/07/10,307.0,309.0,301.66666666666663,304.3333333333333,436200,-1.0,-1.0,-1.0
2017/07/11,304.66666666666663,310.66666666666663,304.3333333333333,309.66666666666663,441000,-1.0,-1.0,-1.0
2017/07/12,307.3333333333333,308.3333333333333,305.0,305.66666666666663,195300,-1.0,-1.0,-1.0
2017/07/13,307.66666666666663,312.3333333333333,307.3333333333333,309.66666666666663,396900,-1.0,-1.0,-1.0
2017/07/14,310.3333333333333,314.0,310.0,312.3333333333333,526200,-1.0,-1.0,-1.0
2017/07/18,312.3333333333333,316.3333333333333,310.3333333333333,311.66666666666663,459000,-1.0,-1.0,-1.0
2017/07/19,312.66666666666663,318.3333333333333,312.66666666666663,315.66666666666663,440700,-1.0,-1.0,-1.0
2017/07/20,317.3333333333333,319.0,316.0,318.0,307500,-1.0,-1.0,-1.0
2017/07/21,316.0,318.0,314.66666666666663,318.0,226200,-1.0,-1.0,-1.0
2017/07/24,315.3333333333333,317.0,312.0,316.3333333333333,393300,-1.0,-1.0,-1.0
2017/07/25,315.66666666666663,317.3333333333333,313.3333333333333,314.3333333333333,270600,-1.0,-1.0,-1.0
2017/07/26,316.3333333333333,316.66666666666663,312.0,313.66666666666663,287100,-1.0,-1.0,-1.0
2017/07/27,314.0,315.0,310.3333333333333,311.3333333333333,307800,-1.0,-1.0,-1.0
2017/07/28,311.3333333333333,315.3333333333333,310.66666666666663,315.0,344700,-1.0,-1.0,-1.0
2017/07/31,315.3333333333333,317.66666666666663,314.0,314.3333333333333,337200,-1.0,-1.0,-1.0
2017/08/01,318.3333333333333,329.3333333333333,316.3333333333333,323.3333333333333,649800,-1.0,-1.0,-1.0
2017/08/02,323.3333333333333,327.66666666666663,322.3333333333333,326.0,532200,-1.0,-1.0,-1.0
2017/08/03,328.0,328.3333333333333,319.66666666666663,327.66666666666663,501000,-1.0,-1.0,-1.0
2017/08/04,323.66666666666663,325.0,319.3333333333333,320.66666666666663,396900,-1.0,-1.0,-1.0
2017/08/07,320.66666666666663,321.0,315.3333333333333,318.3333333333333,404100,-1.0,-1.0,-1.0
2017/08/08,319.0,319.0,312.66666666666663,316.0,431700,-1.0,-1.0,-1.0
2017/08/09,318.3333333333333,324.0,318.0,320.66666666666663,422100,-1.0,-1.0,-1.0
2017/08/10,320.0,330.0,320.0,330.0,575400,-1.0,-1.0,-1.0
2017/08/14,323.66666666666663,324.0,315.3333333333333,315.66666666666663,468300,-1.0,-1.0,-1.0
2017/08/15,318.66666666666663,318.66666666666663,314.3333333333333,315.3333333333333,368100,-1.0,-1.0,-1.0
2017/08/16,314.3333333333333,315.3333333333333,310.66666666666663,311.3333333333333,309300,-1.0,-1.0,-1.0
2017/08/17,310.66666666666663,312.0,303.0,309.0,951900,-1.0,-1.0,-1.0
2017/08/18,305.3333333333333,308.66666666666663,305.0,307.3333333333333,390900,-1.0,-1.0,-1.0
2017/08/21,308.3333333333333,311.3333333333333,302.0,309.66666666666663,400500,-1.0,-1.0,-1.0
2017/08/22,311.0,311.66666666666663,307.66666666666663,310.66666666666663,285900,-1.0,-1.0,-1.0
2017/08/23,315.66666666666663,316.0,307.3333333333333,307.66666666666663,267300,-1.0,-1.0,-1.0
2017/08/24,307.66666666666663,311.0,307.3333333333333,307.66666666666663,147300,-1.0,-1.0,-1.0
2017/08/25,308.3333333333333,309.66666666666663,306.0,308.66666666666663,176400,-1.0,-1.0,-1.0
2017/08/28,309.66666666666663,312.0,307.3333333333333,309.66666666666663,180600,-1.0,-1.0,-1.0
2017/08/29,307.0,310.66666666666663,307.0,309.66666666666663,154200,-1.0,-1.0,-1.0
2017/08/30,311.66666666666663,315.3333333333333,310.3333333333333,315.0,437400,-1.0,-1.0,-1.0
2017/08/31,314.3333333333333,314.3333333333333,310.3333333333333,311.3333333333333,204000,-1.0,-1.0,-1.0
2017/09/01,313.0,314.3333333333333,310.3333333333333,313.3333333333333,130800,-1.0,-1.0,-1.0
2017/09/04,310.3333333333333,312.3333333333333,305.0,306.0,222300,-1.0,-1.0,-1.0
2017/09/05,307.0,310.3333333333333,303.66666666666663,303.66666666666663,155100,-1.0,-1.0,-1.0
2017/09/06,302.0,307.3333333333333,301.0,306.0,171900,-1.0,-1.0,-1.0
2017/09/07,309.66666666666663,311.3333333333333,308.66666666666663,311.0,175800,-1.0,-1.0,-1.0
2017/09/08,309.0,311.0,307.66666666666663,309.66666666666663,598800,-1.0,-1.0,-1.0
2017/09/11,311.66666666666663,323.66666666666663,311.66666666666663,321.66666666666663,391800,-1.0,-1.0,-1.0
2017/09/12,323.3333333333333,327.3333333333333,321.3333333333333,322.3333333333333,261900,-1.0,-1.0,-1.0
2017/09/13,324.3333333333333,326.0,321.3333333333333,324.66666666666663,163800,-1.0,-1.0,-1.0
2017/09/14,325.0,325.66666666666663,321.3333333333333,322.0,154800,-1.0,-1.0,-1.0
2017/09/15,323.3333333333333,326.0,322.0,325.66666666666663,253800,-1.0,-1.0,-1.0
2017/09/19,325.66666666666663,327.3333333333333,320.0,326.0,304200,-1.0,-1.0,-1.0
2017/09/20,326.0,329.0,323.66666666666663,327.66666666666663,241500,-1.0,-1.0,-1.0
2017/09/21,329.3333333333333,332.0,327.0,328.3333333333333,161700,-1.0,-1.0,-1.0
2017/09/22,328.66666666666663,330.66666666666663,327.3333333333333,329.3333333333333,164100,-1.0,-1.0,-1.0
2017/09/25,330.66666666666663,334.0,328.3333333333333,332.66666666666663,280200,-1.0,-1.0,-1.0
2017/09/26,334.0,338.3333333333333,334.0,338.3333333333333,406500,-1.0,-1.0,-1.0
2017/09/27,336.0,336.66666666666663,327.3333333333333,329.3333333333333,326700,-1.0,-1.0,-1.0
2017/09/28,331.0,331.3333333333333,326.3333333333333,328.3333333333333,244500,-1.0,-1.0,-1.0
2017/09/29,326.66666666666663,330.0,326.66666666666663,329.0,179100,-1.0,-1.0,-1.0
2017/10/02,326.66666666666663,328.0,322.66666666666663,324.3333333333333,214500,-1.0,-1.0,-1.0
2017/10/03,327.3333333333333,327.3333333333333,323.0,323.66666666666663,193200,-1.0,-1.0,-1.0
2017/10/04,323.3333333333333,323.66666666666663,316.66666666666663,320.66666666666663,387300,-1.0,-1.0,-1.0
2017/10/05,320.0,321.3333333333333,317.3333333333333,318.3333333333333,201300,-1.0,-1.0,-1.0
2017/10/06,317.66666666666663,321.0,317.3333333333333,317.66666666666663,162000,-1.0,-1.0,-1.0
2017/10/10,316.0,317.66666666666663,314.3333333333333,317.66666666666663,184200,-1.0,-1.0,-1.0
2017/10/11,316.66666666666663,317.66666666666663,312.0,312.66666666666663,269700,-1.0,-1.0,-1.0
2017/10/12,316.0,316.66666666666663,313.3333333333333,313.66666666666663,128100,-1.0,-1.0,-1.0
2017/10/13,314.0,319.0,312.3333333333333,319.0,351300,-1.0,-1.0,-1.0
2017/10/16,319.0,322.0,316.0,320.66666666666663,242700,-1.0,-1.0,-1.0
2017/10/17,323.0,323.0,319.0,320.3333333333333,235500,-1.0,-1.0,-1.0
2017/10/18,318.0,319.0,315.66666666666663,317.66666666666663,165300,-1.0,-1.0,-1.0
2017/10/19,317.0,317.0,314.0,315.66666666666663,175200,-1.0,-1.0,-1.0
2017/10/20,314.0,318.0,313.66666666666663,316.66666666666663,198300,-1.0,-1.0,-1.0
2017/10/23,320.66666666666663,320.66666666666663,317.0,319.3333333333333,230700,-1.0,-1.0,-1.0
2017/10/24,317.66666666666663,320.66666666666663,317.3333333333333,320.3333333333333,162000,-1.0,-1.0,-1.0
2017/10/25,323.0,324.0,319.3333333333333,320.66666666666663,330900,-1.0,-1.0,-1.0
2017/10/26,319.3333333333333,321.66666666666663,318.0,319.3333333333333,165300,-1.0,-1.0,-1.0
2017/10/27,319.3333333333333,321.0,318.3333333333333,319.3333333333333,181200,-1.0,-1.0,-1.0
2017/10/30,319.0,321.0,316.3333333333333,320.66666666666663,494700,-1.0,-1.0,-1.0
2017/10/31,319.66666666666663,326.66666666666663,319.0,325.3333333333333,282900,-1.0,-1.0,-1.0
2017/11/01,326.3333333333333,328.0,323.66666666666663,327.0,443100,-1.0,-1.0,-1.0
2017/11/02,325.3333333333333,328.3333333333333,324.66666666666663,327.3333333333333,254100,-1.0,-1.0,-1.0
2017/11/06,327.0,371.66666666666663,326.0,369.66666666666663,1032600,-1.0,-1.0,-1.0
2017/11/07,369.3333333333333,369.3333333333333,356.66666666666663,365.66666666666663,1044000,-1.0,-1.0,-1.0
2017/11/08,360.66666666666663,375.3333333333333,358.66666666666663,375.0,1017300,-1.0,-1.0,-1.0
2017/11/09,371.0,381.3333333333333,368.0,375.3333333333333,642900,-1.0,-1.0,-1.0
2017/11/10,367.3333333333333,373.0,366.66666666666663,372.3333333333333,549000,-1.0,-1.0,-1.0
2017/11/13,373.3333333333333,377.3333333333333,371.66666666666663,371.66666666666663,452400,-1.0,-1.0,-1.0
2017/11/14,370.3333333333333,371.3333333333333,364.3333333333333,365.0,419700,-1.0,-1.0,-1.0
2017/11/15,365.0,365.0,349.3333333333333,350.66666666666663,504600,-1.0,-1.0,-1.0
2017/11/16,347.3333333333333,352.0,346.66666666666663,347.3333333333333,368100,-1.0,-1.0,-1.0
2017/11/17,350.3333333333333,351.3333333333333,345.66666666666663,346.66666666666663,240900,-1.0,-1.0,-1.0
2017/11/20,343.66666666666663,348.3333333333333,342.66666666666663,345.0,228300,-1.0,-1.0,-1.0
2017/11/21,348.3333333333333,360.66666666666663,348.3333333333333,357.66666666666663,377700,-1.0,-1.0,-1.0
2017/11/22,361.66666666666663,369.0,354.3333333333333,369.0,648300,-1.0,-1.0,-1.0
2017/11/24,365.0,367.3333333333333,359.0,365.0,375600,-1.0,-1.0,-1.0
2017/11/27,369.66666666666663,369.66666666666663,359.0,366.66666666666663,391200,-1.0,-1.0,-1.0
2017/11/28,368.66666666666663,371.66666666666663,366.0,366.66666666666663,255600,-1.0,-1.0,-1.0
2017/11/29,374.0,378.66666666666663,373.0,378.3333333333333,596700,-1.0,-1.0,-1.0
2017/11/30,383.0,389.0,376.66666666666663,379.0,589800,-1.0,-1.0,-1.0
2017/12/01,386.66666666666663,390.66666666666663,380.0,389.0,506100,-1.0,-1.0,-1.0
2017/12/04,391.66666666666663,400.66666666666663,391.3333333333333,398.3333333333333,692100,-1.0,-1.0,-1.0
2017/12/05,398.3333333333333,399.3333333333333,389.66666666666663,395.3333333333333,393300,-1.0,-1.0,-1.0
2017/12/06,393.3333333333333,405.0,390.0,397.66666666666663,610500,-1.0,-1.0,-1.0
2017/12/07,403.3333333333333,413.3333333333333,401.66666666666663,406.3333333333333,712800,-1.0,-1.0,-1.0
2017/12/08,405.3333333333333,410.3333333333333,396.66666666666663,402.0,539700,-1.0,-1.0,-1.0
2017/12/11,402.0,402.3333333333333,391.66666666666663,395.0,405900,-1.0,-1.0,-1.0
2017/12/12,400.0,405.0,393.0,396.0,510000,-1.0,-1.0,-1.0
2017/12/13,399.3333333333333,405.0,396.0,397.66666666666663,321900,-1.0,-1.0,-1.0
2017/12/14,402.66666666666663,405.3333333333333,387.66666666666663,389.3333333333333,630600,-1.0,-1.0,-1.0
2017/12/15,389.3333333333333,392.66666666666663,387.0,390.66666666666663,723600,-1.0,-1.0,-1.0
2017/12/18,390.66666666666663,394.3333333333333,387.3333333333333,391.66666666666663,279600,-1.0,-1.0,-1.0
2017/12/19,391.3333333333333,392.3333333333333,385.0,390.3333333333333,280500,-1.0,-1.0,-1.0
2017/12/20,389.3333333333333,395.0,387.66666666666663,393.66666666666663,273900,-1.0,-1.0,-1.0
2017/12/21,393.66666666666663,404.66666666666663,393.66666666666663,401.0,598800,-1.0,-1.0,-1.0
2017/12/22,400.0,406.0,398.3333333333333,401.66666666666663,331200,-1.0,-1.0,-1.0
2017/12/25,402.0,402.3333333333333,396.0,400.0,160200,-1.0,-1.0,-1.0
2017/12/26,404.3333333333333,404.66666666666663,396.66666666666663,399.0,180000,-1.0,-1.0,-1.0
2017/12/27,396.3333333333333,400.3333333333333,394.0,400.0,209100,-1.0,-1.0,-1.0
2017/12/28,390.66666666666663,399.3333333333333,390.3333333333333,395.3333333333333,263100,-1.0,-1.0,-1.0
2017/12/29,396.66666666666663,399.66666666666663,394.0,398.66666666666663,157500,-1.0,-1.0,-1.0
2018/01/04,403.0,408.3333333333333,401.66666666666663,407.66666666666663,342600,-1.0,-1.0,-1.0
2018/01/05,406.66666666666663,406.66666666666663,402.66666666666663,405.66666666666663,218700,-1.0,-1.0,-1.0
2018/01/09,406.66666666666663,407.3333333333333,399.66666666666663,401.66666666666663,320100,-1.0,-1.0,-1.0
2018/01/10,401.66666666666663,401.66666666666663,397.66666666666663,399.3333333333333,254100,-1.0,-1.0,-1.0
2018/01/11,399.0,403.0,395.66666666666663,397.3333333333333,202800,-1.0,-1.0,-1.0
2018/01/12,395.0,401.66666666666663,394.0,400.66666666666663,373500,-1.0,-1.0,-1.0
2018/01/15,400.3333333333333,403.0,396.3333333333333,397.0,189600,-1.0,-1.0,-1.0
2018/01/16,396.3333333333333,397.0,393.66666666666663,395.66666666666663,161400,-1.0,-1.0,-1.0
2018/01/17,395.66666666666663,396.0,389.66666666666663,392.0,200100,-1.0,-1.0,-1.0
2018/01/18,396.0,396.0,384.0,385.66666666666663,390900,-1.0,-1.0,-1.0
2018/01/19,390.0,392.66666666666663,387.0,391.66666666666663,292800,-1.0,-1.0,-1.0
2018/01/22,393.3333333333333,393.3333333333333,388.0,391.66666666666663,228600,-1.0,-1.0,-1.0
2018/01/23,394.66666666666663,396.66666666666663,390.3333333333333,395.0,378300,-1.0,-1.0,-1.0
2018/01/24,391.0,391.0,387.0,388.66666666666663,252600,-1.0,-1.0,-1.0
2018/01/25,387.0,387.66666666666663,381.66666666666663,382.0,330900,-1.0,-1.0,-1.0
2018/01/26,382.0,384.0,378.3333333333333,382.0,623100,-1.0,-1.0,-1.0
2018/01/29,380.0,385.0,373.66666666666663,384.66666666666663,640500,-1.0,-1.0,-1.0
2018/01/30,385.0,386.66666666666663,377.66666666666663,378.66666666666663,292500,-1.0,-1.0,-1.0
2018/01/31,378.0,381.0,374.0,375.66666666666663,416400,-1.0,-1.0,-1.0
2018/02/01,376.0,381.0,371.3333333333333,377.3333333333333,511500,-1.0,-1.0,-1.0
2018/02/02,376.66666666666663,381.66666666666663,372.66666666666663,378.66666666666663,424500,-1.0,-1.0,-1.0
2018/02/05,375.66666666666663,378.66666666666663,358.3333333333333,365.0,562800,-1.0,-1.0,-1.0
2018/02/06,333.66666666666663,343.3333333333333,330.66666666666663,335.66666666666663,981000,-1.0,-1.0,-1.0
2018/02/07,345.66666666666663,349.66666666666663,331.0,331.0,666000,-1.0,-1.0,-1.0
2018/02/08,334.3333333333333,338.0,329.3333333333333,332.3333333333333,657300,-1.0,-1.0,-1.0
2018/02/09,332.0,332.66666666666663,322.3333333333333,324.66666666666663,560700,-1.0,-1.0,-1.0
2018/02/13,332.66666666666663,332.66666666666663,321.0,322.0,606300,-1.0,-1.0,-1.0
2018/02/14,323.3333333333333,328.3333333333333,315.3333333333333,316.3333333333333,492000,-1.0,-1.0,-1.0
2018/02/15,320.3333333333333,321.3333333333333,316.66666666666663,317.66666666666663,369600,-1.0,-1.0,-1.0
2018/02/16,321.0,323.66666666666663,319.3333333333333,322.66666666666663,291300,-1.0,-1.0,-1.0
2018/02/19,325.0,337.3333333333333,324.0,337.0,663000,-1.0,-1.0,-1.0
2018/02/20,333.3333333333333,339.66666666666663,330.3333333333333,339.0,504900,-1.0,-1.0,-1.0
2018/02/21,340.0,346.3333333333333,335.0,341.0,607500,-1.0,-1.0,-1.0
2018/02/22,333.3333333333333,337.66666666666663,332.0,335.66666666666663,279600,-1.0,-1.0,-1.0
2018/02/23,340.0,343.0,338.0,340.3333333333333,192300,-1.0,-1.0,-1.0
2018/02/26,345.0,345.0,339.66666666666663,340.66666666666663,250200,-1.0,-1.0,-1.0
2018/02/27,339.0,341.0,335.66666666666663,337.3333333333333,336900,-1.0,-1.0,-1.0
2018/02/28,337.3333333333333,340.3333333333333,321.0,321.0,1301700,-1.0,-1.0,-1.0
2018/03/01,320.0,328.3333333333333,319.66666666666663,327.0,685500,-1.0,-1.0,-1.0
2018/03/02,322.0,327.3333333333333,320.3333333333333,324.0,348900,-1.0,-1.0,-1.0
2018/03/05,322.3333333333333,323.66666666666663,316.66666666666663,317.0,320100,-1.0,-1.0,-1.0
2018/03/06,320.3333333333333,328.0,320.3333333333333,325.66666666666663,304800,-1.0,-1.0,-1.0
2018/03/07,322.66666666666663,332.3333333333333,322.66666666666663,331.3333333333333,460200,-1.0,-1.0,-1.0
2018/03/08,333.3333333333333,334.3333333333333,321.0,324.0,587100,-1.0,-1.0,-1.0
2018/03/09,325.0,334.0,322.3333333333333,328.3333333333333,694500,-1.0,-1.0,-1.0
2018/03/12,332.66666666666663,332.66666666666663,329.0,331.3333333333333,238500,-1.0,-1.0,-1.0
2018/03/13,330.3333333333333,330.66666666666663,324.0,328.3333333333333,383400,-1.0,-1.0,-1.0
2018/03/14,328.3333333333333,333.3333333333333,326.66666666666663,332.66666666666663,382800,-1.0,-1.0,-1.0
2018/03/15,332.66666666666663,332.66666666666663,322.3333333333333,325.3333333333333,393900,-1.0,-1.0,-1.0
2018/03/16,329.0,332.66666666666663,325.0,325.3333333333333,361500,-1.0,-1.0,-1.0
2018/03/19,325.3333333333333,326.3333333333333,319.0,321.3333333333333,257700,-1.0,-1.0,-1.0
2018/03/20,321.3333333333333,322.0,315.3333333333333,321.66666666666663,330300,-1.0,-1.0,-1.0
2018/03/22,322.3333333333333,334.3333333333333,322.0,331.66666666666663,501000,-1.0,-1.0,-1.0
2018/03/23,321.66666666666663,323.0,316.0,316.66666666666663,600600,-1.0,-1.0,-1.0
2018/03/26,321.66666666666663,325.3333333333333,316.3333333333333,325.0,410400,-1.0,-1.0,-1.0
2018/03/27,327.3333333333333,333.3333333333333,327.0,333.3333333333333,490500,-1.0,-1.0,-1.0
2018/03/28,320.0,324.3333333333333,316.0,323.66666666666663,355200,-1.0,-1.0,-1.0
2018/03/29,324.66666666666663,324.66666666666663,317.3333333333333,321.3333333333333,291000,-1.0,-1.0,-1.0
2018/03/30,321.3333333333333,324.0,317.66666666666663,319.0,194700,-1.0,-1.0,-1.0
2018/04/02,323.0,323.0,315.66666666666663,315.66666666666663,177000,-1.0,-1.0,-1.0
2018/04/03,313.3333333333333,319.3333333333333,308.66666666666663,314.0,419100,-1.0,-1.0,-1.0
2018/04/04,316.66666666666663,324.3333333333333,315.0,321.3333333333333,466800,-1.0,-1.0,-1.0
2018/04/05,324.66666666666663,326.66666666666663,320.66666666666663,322.0,354300,-1.0,-1.0,-1.0
2018/04/06,326.3333333333333,333.3333333333333,326.3333333333333,330.66666666666663,452400,-1.0,-1.0,-1.0
2018/04/09,329.0,329.0,321.66666666666663,326.3333333333333,237600,-1.0,-1.0,-1.0
2018/04/10,325.66666666666663,332.0,324.66666666666663,330.3333333333333,316800,-1.0,-1.0,-1.0
2018/04/11,332.3333333333333,335.66666666666663,329.3333333333333,334.3333333333333,357300,-1.0,-1.0,-1.0
2018/04/12,333.3333333333333,333.3333333333333,327.3333333333333,327.66666666666663,168900,-1.0,-1.0,-1.0
2018/04/13,328.0,331.0,326.66666666666663,329.3333333333333,283800,-1.0,-1.0,-1.0
2018/04/16,331.66666666666663,332.66666666666663,327.3333333333333,329.66666666666663,192900,-1.0,-1.0,-1.0
2018/04/17,329.66666666666663,338.0,329.66666666666663,336.3333333333333,367500,-1.0,-1.0,-1.0
2018/04/18,336.3333333333333,338.66666666666663,333.0,338.0,319200,-1.0,-1.0,-1.0
2018/04/19,339.3333333333333,344.3333333333333,337.66666666666663,339.3333333333333,493500,-1.0,-1.0,-1.0
2018/04/20,332.66666666666663,337.0,330.66666666666663,332.66666666666663,429000,-1.0,-1.0,-1.0
2018/04/23,336.66666666666663,336.66666666666663,328.0,328.66666666666663,246900,-1.0,-1.0,-1.0
2018/04/24,331.0,334.3333333333333,328.3333333333333,334.3333333333333,252000,-1.0,-1.0,-1.0
2018/04/25,333.66666666666663,338.66666666666663,333.66666666666663,338.66666666666663,244200,-1.0,-1.0,-1.0
2018/04/26,340.0,341.0,333.3333333333333,336.0,288300,-1.0,-1.0,-1.0
2018/04/27,339.66666666666663,344.0,337.66666666666663,343.3333333333333,532200,-1.0,-1.0,-1.0
2018/05/01,345.0,345.0,336.66666666666663,337.3333333333333,187500,-1.0,-1.0,-1.0
2018/05/02,333.66666666666663,337.3333333333333,332.66666666666663,334.3333333333333,163800,-1.0,-1.0,-1.0
2018/05/07,335.3333333333333,341.0,334.3333333333333,340.66666666666663,241500,-1.0,-1.0,-1.0
2018/05/08,341.0,347.3333333333333,339.0,341.3333333333333,317700,-1.0,-1.0,-1.0
2018/05/09,341.3333333333333,341.3333333333333,328.66666666666663,335.66666666666663,517500,-1.0,-1.0,-1.0
2018/05/10,343.3333333333333,355.0,340.0,351.0,648600,-1.0,-1.0,-1.0
2018/05/11,353.3333333333333,362.0,351.66666666666663,356.3333333333333,627900,-1.0,-1.0,-1.0
2018/05/14,355.66666666666663,360.66666666666663,349.0,351.66666666666663,521400,-1.0,-1.0,-1.0
2018/05/15,354.3333333333333,354.3333333333333,346.66666666666663,347.3333333333333,357900,-1.0,-1.0,-1.0
2018/05/16,350.0,350.0,337.66666666666663,339.0,217800,-1.0,-1.0,-1.0
2018/05/17,337.0,340.0,332.0,340.0,316200,-1.0,-1.0,-1.0
2018/05/18,340.66666666666663,342.66666666666663,336.0,337.66666666666663,258300,-1.0,-1.0,-1.0
2018/05/21,338.3333333333333,338.3333333333333,333.3333333333333,335.0,158400,-1.0,-1.0,-1.0
2018/05/22,335.0,335.66666666666663,330.0,333.0,219300,-1.0,-1.0,-1.0
2018/05/23,330.66666666666663,331.0,325.3333333333333,328.3333333333333,336000,-1.0,-1.0,-1.0
2018/05/24,326.0,329.3333333333333,320.66666666666663,322.66666666666663,409800,-1.0,-1.0,-1.0
2018/05/25,324.0,324.3333333333333,316.66666666666663,323.66666666666663,289500,-1.0,-1.0,-1.0
2018/05/28,326.66666666666663,326.66666666666663,318.3333333333333,319.3333333333333,274200,-1.0,-1.0,-1.0
2018/05/29,318.3333333333333,319.66666666666663,314.0,319.0,297600,-1.0,-1.0,-1.0
2018/05/30,315.0,317.66666666666663,311.0,316.66666666666663,307200,-1.0,-1.0,-1.0
2018/05/31,319.66666666666663,323.3333333333333,315.66666666666663,322.3333333333333,444900,-1.0,-1.0,-1.0
2018/06/01,320.3333333333333,328.66666666666663,318.0,326.0,508800,-1.0,-1.0,-1.0
2018/06/04,328.3333333333333,334.3333333333333,326.66666666666663,334.0,371100,-1.0,-1.0,-1.0
2018/06/05,332.66666666666663,341.3333333333333,326.3333333333333,340.3333333333333,746700,-1.0,-1.0,-1.0
2018/06/06,336.3333333333333,342.66666666666663,332.66666666666663,342.66666666666663,417000,-1.0,-1.0,-1.0
2018/06/07,341.0,343.3333333333333,338.3333333333333,342.3333333333333,544200,-1.0,-1.0,-1.0
2018/06/08,342.0,345.3333333333333,340.0,344.66666666666663,585300,-1.0,-1.0,-1.0
2018/06/11,343.3333333333333,344.3333333333333,331.0,331.0,390900,-1.0,-1.0,-1.0
2018/06/12,336.0,342.66666666666663,328.0,342.0,656100,-1.0,-1.0,-1.0
2018/06/13,338.66666666666663,344.66666666666663,333.66666666666663,344.0,551400,-1.0,-1.0,-1.0
2018/06/14,344.0,345.0,336.66666666666663,343.66666666666663,517800,-1.0,-1.0,-1.0
2018/06/15,345.0,345.0,335.0,337.0,336900,-1.0,-1.0,-1.0
2018/06/18,339.3333333333333,342.0,333.66666666666663,341.66666666666663,279300,-1.0,-1.0,-1.0
2018/06/19,341.0,348.3333333333333,339.66666666666663,340.66666666666663,360300,-1.0,-1.0,-1.0
2018/06/20,345.0,346.3333333333333,341.66666666666663,343.3333333333333,417300,-1.0,-1.0,-1.0
2018/06/21,344.66666666666663,346.66666666666663,343.3333333333333,344.3333333333333,519900,-1.0,-1.0,-1.0
2018/06/22,345.0,349.0,342.3333333333333,344.3333333333333,855000,-1.0,-1.0,-1.0
2018/06/25,344.3333333333333,348.3333333333333,342.66666666666663,345.3333333333333,542700,-1.0,-1.0,-1.0
2018/06/26,395.3333333333333,395.66666666666663,359.3333333333333,361.3333333333333,843300,-1.0,-1.0,-1.0
2018/06/27,360.0,379.3333333333333,360.0,375.0,578100,-1.0,-1.0,-1.0
2018/06/28,375.0,381.66666666666663,374.66666666666663,375.66666666666663,360600,-1.0,-1.0,-1.0
2018/06/29,375.66666666666663,376.66666666666663,369.66666666666663,372.66666666666663,328800,-1.0,-1.0,-1.0
2018/07/02,366.66666666666663,369.0,356.66666666666663,357.66666666666663,322200,-1.0,-1.0,-1.0
2018/07/03,356.3333333333333,358.3333333333333,344.3333333333333,346.66666666666663,352800,-1.0,-1.0,-1.0
2018/07/04,352.3333333333333,354.66666666666663,345.66666666666663,347.0,453900,-1.0,-1.0,-1.0
2018/07/05,343.66666666666663,345.3333333333333,338.3333333333333,340.0,316500,-1.0,-1.0,-1.0
2018/07/06,339.3333333333333,345.66666666666663,339.0,345.0,338100,-1.0,-1.0,-1.0
2018/07/09,355.0,358.66666666666663,343.66666666666663,349.66666666666663,346800,-1.0,-1.0,-1.0
2018/07/10,351.3333333333333,358.3333333333333,348.66666666666663,351.3333333333333,318600,-1.0,-1.0,-1.0
2018/07/11,353.3333333333333,355.0,348.3333333333333,351.66666666666663,482100,-1.0,-1.0,-1.0
2018/07/12,352.3333333333333,354.66666666666663,348.66666666666663,349.66666666666663,427800,-1.0,-1.0,-1.0
2018/07/13,350.66666666666663,351.3333333333333,344.66666666666663,350.0,627900,-1.0,-1.0,-1.0
2018/07/17,350.0,352.0,345.66666666666663,350.66666666666663,383100,-1.0,-1.0,-1.0
2018/07/18,351.3333333333333,352.66666666666663,344.66666666666663,346.0,303600,-1.0,-1.0,-1.0
2018/07/19,347.66666666666663,354.3333333333333,344.66666666666663,352.0,200100,-1.0,-1.0,-1.0
2018/07/20,351.0,352.3333333333333,344.66666666666663,350.3333333333333,245100,-1.0,-1.0,-1.0
2018/07/23,350.3333333333333,354.3333333333333,348.66666666666663,350.3333333333333,181500,-1.0,-1.0,-1.0
2018/07/24,353.3333333333333,354.0,347.0,348.66666666666663,364800,-1.0,-1.0,-1.0
2018/07/25,349.66666666666663,351.66666666666663,345.3333333333333,350.0,366600,-1.0,-1.0,-1.0
2018/07/26,352.0,355.66666666666663,348.3333333333333,352.3333333333333,345000,-1.0,-1.0,-1.0
2018/07/27,354.3333333333333,358.66666666666663,349.0,354.3333333333333,318600,-1.0,-1.0,-1.0
2018/07/30,353.66666666666663,356.66666666666663,351.3333333333333,352.3333333333333,224700,-1.0,-1.0,-1.0
2018/07/31,351.3333333333333,352.3333333333333,344.66666666666663,351.66666666666663,470400,-1.0,-1.0,-1.0
2018/08/01,352.0,352.0,343.0,346.0,443400,-1.0,-1.0,-1.0
2018/08/02,346.0,375.3333333333333,339.66666666666663,371.0,1300800,-1.0,-1.0,-1.0
2018/08/03,371.66666666666663,376.66666666666663,360.66666666666663,363.66666666666663,850800,-1.0,-1.0,-1.0
2018/08/06,362.3333333333333,365.66666666666663,357.0,358.0,459900,-1.0,-1.0,-1.0
2018/08/07,353.66666666666663,363.0,352.3333333333333,362.0,270000,-1.0,-1.0,-1.0
2018/08/08,362.66666666666663,367.3333333333333,355.0,356.0,405600,-1.0,-1.0,-1.0
2018/08/09,352.66666666666663,355.0,348.0,348.3333333333333,408900,-1.0,-1.0,-1.0
2018/08/10,346.0,349.3333333333333,342.66666666666663,346.66666666666663,537600,-1.0,-1.0,-1.0
2018/08/13,343.3333333333333,346.0,336.66666666666663,338.3333333333333,310800,-1.0,-1.0,-1.0
2018/08/14,343.3333333333333,352.0,341.3333333333333,351.0,424500,-1.0,-1.0,-1.0
2018/08/15,351.0,351.3333333333333,346.0,346.3333333333333,268500,-1.0,-1.0,-1.0
2018/08/16,344.0,352.3333333333333,339.66666666666663,349.0,622500,-1.0,-1.0,-1.0
2018/08/17,345.66666666666663,352.3333333333333,345.66666666666663,349.66666666666663,201300,-1.0,-1.0,-1.0
2018/08/20,349.3333333333333,351.66666666666663,345.3333333333333,346.0,240900,-1.0,-1.0,-1.0
2018/08/21,342.0,349.0,340.3333333333333,343.0,348600,-1.0,-1.0,-1.0
2018/08/22,343.0,350.3333333333333,342.3333333333333,346.3333333333333,470700,-1.0,-1.0,-1.0
2018/08/23,348.0,352.0,345.3333333333333,345.66666666666663,597300,-1.0,-1.0,-1.0
2018/08/24,349.3333333333333,350.3333333333333,341.0,342.3333333333333,557700,-1.0,-1.0,-1.0
2018/08/27,346.3333333333333,348.3333333333333,343.0,343.66666666666663,227700,-1.0,-1.0,-1.0
2018/08/28,344.0,345.3333333333333,341.66666666666663,343.3333333333333,360000,-1.0,-1.0,-1.0
2018/08/29,345.0,348.66666666666663,344.3333333333333,345.66666666666663,456600,-1.0,-1.0,-1.0
2018/08/30,346.66666666666663,352.66666666666663,346.66666666666663,350.0,344400,-1.0,-1.0,-1.0
2018/08/31,348.3333333333333,351.3333333333333,346.0,347.0,323100,-1.0,-1.0,-1.0
2018/09/03,343.3333333333333,348.3333333333333,341.3333333333333,345.0,291600,-1.0,-1.0,-1.0
2018/09/04,344.66666666666663,345.3333333333333,339.3333333333333,339.3333333333333,166800,-1.0,-1.0,-1.0
2018/09/05,343.3333333333333,346.66666666666663,341.0,343.0,292200,-1.0,-1.0,-1.0
2018/09/06,342.3333333333333,346.0,339.66666666666663,343.3333333333333,211200,-1.0,-1.0,-1.0
2018/09/07,340.0,344.0,334.0,336.0,288900,-1.0,-1.0,-1.0
2018/09/10,333.66666666666663,342.3333333333333,333.0,340.66666666666663,349200,-1.0,-1.0,-1.0
2018/09/11,340.66666666666663,351.3333333333333,339.3333333333333,347.3333333333333,473700,-1.0,-1.0,-1.0
2018/09/12,347.0,351.66666666666663,337.66666666666663,339.66666666666663,254700,-1.0,-1.0,-1.0
2018/09/13,339.66666666666663,351.66666666666663,337.66666666666663,349.66666666666663,217200,-1.0,-1.0,-1.0
2018/09/14,352.0,355.66666666666663,349.0,349.3333333333333,305400,-1.0,-1.0,-1.0
2018/09/18,349.66666666666663,353.66666666666663,342.3333333333333,351.3333333333333,325200,-1.0,-1.0,-1.0
2018/09/19,358.0,365.3333333333333,355.66666666666663,359.3333333333333,226500,-1.0,-1.0,-1.0
2018/09/20,355.0,359.0,351.3333333333333,358.66666666666663,181200,-1.0,-1.0,-1.0
2018/09/21,359.0,363.66666666666663,357.66666666666663,362.0,324300,-1.0,-1.0,-1.0
2018/09/25,363.3333333333333,371.0,360.0,370.66666666666663,298200,-1.0,-1.0,-1.0
2018/09/26,371.3333333333333,376.0,365.3333333333333,376.0,280800,-1.0,-1.0,-1.0
2018/09/27,372.66666666666663,372.66666666666663,365.0,365.0,189600,-1.0,-1.0,-1.0
2018/09/28,362.3333333333333,411.66666666666663,357.66666666666663,394.0,2647500,-1.0,-1.0,-1.0
2018/10/01,386.66666666666663,389.66666666666663,377.0,384.0,682500,-1.0,-1.0,-1.0
2018/10/02,388.0,392.3333333333333,377.0,378.3333333333333,427800,-1.0,-1.0,-1.0
2018/10/03,379.3333333333333,385.3333333333333,373.0,373.3333333333333,197100,-1.0,-1.0,-1.0
2018/10/04,379.66666666666663,381.3333333333333,368.66666666666663,369.66666666666663,219300,-1.0,-1.0,-1.0
2018/10/05,369.66666666666663,369.66666666666663,362.0,366.66666666666663,307200,-1.0,-1.0,-1.0
2018/10/09,363.0,366.3333333333333,360.3333333333333,362.3333333333333,230100,-1.0,-1.0,-1.0
2018/10/10,364.66666666666663,367.66666666666663,357.66666666666663,360.66666666666663,159600,-1.0,-1.0,-1.0
2018/10/11,350.66666666666663,352.66666666666663,346.66666666666663,349.66666666666663,324900,-1.0,-1.0,-1.0
2018/10/12,351.0,356.3333333333333,348.0,351.0,322500,-1.0,-1.0,-1.0
2018/10/15,351.3333333333333,353.3333333333333,347.0,347.66666666666663,312900,-1.0,-1.0,-1.0
2018/10/16,346.66666666666663,351.66666666666663,346.0,349.3333333333333,262500,-1.0,-1.0,-1.0
2018/10/17,351.66666666666663,358.3333333333333,349.3333333333333,354.66666666666663,210300,-1.0,-1.0,-1.0
2018/10/18,353.66666666666663,355.0,351.0,352.0,193500,-1.0,-1.0,-1.0
2018/10/19,350.3333333333333,354.3333333333333,346.0,351.3333333333333,288900,-1.0,-1.0,-1.0
2018/10/22,349.3333333333333,356.0,346.0,352.0,282300,-1.0,-1.0,-1.0
2018/10/23,355.3333333333333,359.0,345.3333333333333,345.3333333333333,425100,-1.0,-1.0,-1.0
2018/10/24,344.0,350.3333333333333,342.3333333333333,347.3333333333333,301800,-1.0,-1.0,-1.0
2018/10/25,338.0,338.0,332.0,332.3333333333333,382200,-1.0,-1.0,-1.0
2018/10/26,347.3333333333333,347.3333333333333,331.0,336.66666666666663,537000,-1.0,-1.0,-1.0
2018/10/29,339.3333333333333,344.66666666666663,337.0,340.0,300300,-1.0,-1.0,-1.0
2018/10/30,336.3333333333333,348.3333333333333,336.3333333333333,348.0,921600,-1.0,-1.0,-1.0
2018/10/31,346.66666666666663,350.66666666666663,344.66666666666663,350.3333333333333,427200,-1.0,-1.0,-1.0
2018/11/01,340.3333333333333,355.0,339.0,342.0,479400,-1.0,-1.0,-1.0
2018/11/02,339.66666666666663,348.0,336.0,345.3333333333333,569400,-1.0,-1.0,-1.0
2018/11/05,347.3333333333333,383.66666666666663,342.0,372.3333333333333,1322400,-1.0,-1.0,-1.0
2018/11/06,372.0,388.3333333333333,372.0,381.66666666666663,1064400,-1.0,-1.0,-1.0
2018/11/07,381.66666666666663,381.66666666666663,372.3333333333333,373.3333333333333,224400,-1.0,-1.0,-1.0
2018/11/08,374.3333333333333,379.3333333333333,365.66666666666663,367.66666666666663,328800,-1.0,-1.0,-1.0
2018/11/09,363.66666666666663,369.0,356.66666666666663,357.0,373800,-1.0,-1.0,-1.0
2018/11/12,357.0,360.3333333333333,354.3333333333333,355.3333333333333,523200,-1.0,-1.0,-1.0
2018/11/13,348.3333333333333,351.3333333333333,337.66666666666663,338.0,459900,-1.0,-1.0,-1.0
2018/11/14,337.0,352.66666666666663,334.0,335.3333333333333,287700,-1.0,-1.0,-1.0
2018/11/15,336.0,336.0,331.3333333333333,335.0,295800,-1.0,-1.0,-1.0
2018/11/16,336.3333333333333,349.0,336.3333333333333,339.3333333333333,378000,-1.0,-1.0,-1.0
2018/11/19,338.66666666666663,347.3333333333333,337.0,345.66666666666663,240600,-1.0,-1.0,-1.0
2018/11/20,342.3333333333333,355.0,342.0,350.0,461400,-1.0,-1.0,-1.0
2018/11/21,340.0,347.66666666666663,336.3333333333333,345.66666666666663,380700,-1.0,-1.0,-1.0
2018/11/22,344.66666666666663,349.66666666666663,344.66666666666663,349.0,240000,-1.0,-1.0,-1.0
2018/11/26,348.66666666666663,353.3333333333333,347.66666666666663,351.3333333333333,168000,-1.0,-1.0,-1.0
2018/11/27,348.3333333333333,369.0,348.3333333333333,365.3333333333333,838800,-1.0,-1.0,-1.0
2018/11/28,370.0,372.3333333333333,363.66666666666663,370.3333333333333,317700,-1.0,-1.0,-1.0
2018/11/29,376.66666666666663,380.3333333333333,373.66666666666663,377.0,286500,-1.0,-1.0,-1.0
2018/11/30,377.66666666666663,387.0,375.66666666666663,384.66666666666663,456600,-1.0,-1.0,-1.0
2018/12/03,385.0,388.66666666666663,374.0,383.66666666666663,432000,-1.0,-1.0,-1.0
2018/12/04,383.66666666666663,383.66666666666663,368.66666666666663,369.3333333333333,276600,-1.0,-1.0,-1.0
2018/12/05,363.0,378.0,362.0,374.66666666666663,464700,-1.0,-1.0,-1.0
2018/12/06,371.0,384.0,370.0,380.0,504600,-1.0,-1.0,-1.0
2018/12/07,376.0,385.66666666666663,373.66666666666663,381.66666666666663,490200,-1.0,-1.0,-1.0
2018/12/10,387.0,390.66666666666663,380.0,386.3333333333333,479400,-1.0,-1.0,-1.0
2018/12/11,381.66666666666663,381.66666666666663,359.0,359.66666666666663,270000,-1.0,-1.0,-1.0
2018/12/12,355.0,365.3333333333333,351.3333333333333,361.66666666666663,410100,-1.0,-1.0,-1.0
2018/12/13,358.3333333333333,372.66666666666663,356.0,372.0,402300,-1.0,-1.0,-1.0
2018/12/14,373.0,379.66666666666663,367.0,376.3333333333333,479400,-1.0,-1.0,-1.0
2018/12/17,375.0,375.0,361.66666666666663,365.3333333333333,395100,-1.0,-1.0,-1.0
2018/12/18,359.3333333333333,360.0,351.0,354.66666666666663,565200,-1.0,-1.0,-1.0
2018/12/19,353.3333333333333,357.3333333333333,348.66666666666663,352.66666666666663,317100,-1.0,-1.0,-1.0
2018/12/20,348.3333333333333,351.66666666666663,341.0,349.66666666666663,456000,-1.0,-1.0,-1.0
2018/12/21,352.0,361.0,351.66666666666663,355.0,783600,-1.0,-1.0,-1.0
2018/12/25,346.0,349.3333333333333,339.3333333333333,341.3333333333333,620700,-1.0,-1.0,-1.0
2018/12/26,366.66666666666663,367.3333333333333,355.3333333333333,367.0,663300,-1.0,-1.0,-1.0
2018/12/27,376.3333333333333,384.66666666666663,371.66666666666663,381.66666666666663,736500,-1.0,-1.0,-1.0
2018/12/28,383.3333333333333,389.0,381.66666666666663,387.66666666666663,261300,-1.0,-1.0,-1.0
2019/01/04,377.66666666666663,384.66666666666663,368.0,381.3333333333333,564900,-1.0,-1.0,-1.0
2019/01/07,391.3333333333333,398.3333333333333,389.3333333333333,396.0,308100,-1.0,-1.0,-1.0
2019/01/08,397.66666666666663,398.0,383.66666666666663,388.3333333333333,408000,-1.0,-1.0,-1.0
2019/01/09,388.0,390.0,382.3333333333333,383.66666666666663,260100,-1.0,-1.0,-1.0
2019/01/10,381.66666666666663,388.0,381.3333333333333,385.3333333333333,309900,-1.0,-1.0,-1.0
2019/01/11,387.3333333333333,387.3333333333333,378.66666666666663,380.3333333333333,428100,-1.0,-1.0,-1.0
2019/01/15,380.0,386.66666666666663,379.66666666666663,384.66666666666663,335700,-1.0,-1.0,-1.0
2019/01/16,383.66666666666663,385.66666666666663,379.3333333333333,381.0,281700,-1.0,-1.0,-1.0
2019/01/17,380.0,385.3333333333333,378.66666666666663,383.3333333333333,453300,-1.0,-1.0,-1.0
2019/01/18,388.0,399.3333333333333,387.66666666666663,393.66666666666663,419700,-1.0,-1.0,-1.0
2019/01/21,397.3333333333333,400.0,392.66666666666663,399.66666666666663,265200,-1.0,-1.0,-1.0
2019/01/22,400.0,406.66666666666663,395.3333333333333,403.0,327900,-1.0,-1.0,-1.0
2019/01/23,402.66666666666663,406.66666666666663,396.3333333333333,396.66666666666663,396000,-1.0,-1.0,-1.0
2019/01/24,395.3333333333333,397.66666666666663,389.66666666666663,396.66666666666663,342300,-1.0,-1.0,-1.0
2019/01/25,397.3333333333333,398.0,383.66666666666663,383.66666666666663,360600,-1.0,-1.0,-1.0
2019/01/28,383.3333333333333,389.0,381.3333333333333,386.66666666666663,261600,-1.0,-1.0,-1.0
2019/01/29,383.0,388.3333333333333,381.3333333333333,388.0,367200,-1.0,-1.0,-1.0
2019/01/30,390.0,392.3333333333333,379.0,379.3333333333333,578100,-1.0,-1.0,-1.0
2019/01/31,384.3333333333333,388.3333333333333,381.66666666666663,384.3333333333333,273900,-1.0,-1.0,-1.0
2019/02/01,382.3333333333333,387.3333333333333,378.66666666666663,384.0,263100,-1.0,-1.0,-1.0
2019/02/04,390.3333333333333,421.3333333333333,389.3333333333333,417.0,696300,-1.0,-1.0,-1.0
2019/02/05,413.3333333333333,415.66666666666663,403.0,415.0,474300,-1.0,-1.0,-1.0
2019/02/06,419.0,424.0,414.3333333333333,418.66666666666663,404100,-1.0,-1.0,-1.0
2019/02/07,416.3333333333333,420.0,404.0,418.66666666666663,362700,-1.0,-1.0,-1.0
2019/02/08,413.0,413.3333333333333,405.0,408.66666666666663,357600,-1.0,-1.0,-1.0
2019/02/12,409.0,415.0,403.3333333333333,415.0,291900,-1.0,-1.0,-1.0
2019/02/13,414.66666666666663,414.66666666666663,404.0,412.66666666666663,303900,-1.0,-1.0,-1.0
2019/02/14,414.0,415.0,400.66666666666663,401.3333333333333,275400,-1.0,-1.0,-1.0
2019/02/15,398.3333333333333,398.3333333333333,387.0,394.66666666666663,303000,-1.0,-1.0,-1.0
2019/02/18,404.66666666666663,406.3333333333333,397.3333333333333,406.0,295800,-1.0,-1.0,-1.0
2019/02/19,409.0,416.66666666666663,403.0,416.0,338400,-1.0,-1.0,-1.0
2019/02/20,416.3333333333333,416.3333333333333,409.66666666666663,413.0,141600,-1.0,-1.0,-1.0
2019/02/21,412.3333333333333,413.0,407.66666666666663,412.66666666666663,102600,-1.0,-1.0,-1.0
2019/02/22,406.3333333333333,411.0,404.3333333333333,411.0,193500,-1.0,-1.0,-1.0
2019/02/25,412.3333333333333,417.3333333333333,411.3333333333333,417.3333333333333,192300,-1.0,-1.0,-1.0
2019/02/26,422.3333333333333,423.3333333333333,414.66666666666663,418.66666666666663,247200,-1.0,-1.0,-1.0
2019/02/27,421.0,421.66666666666663,410.3333333333333,412.3333333333333,314400,-1.0,-1.0,-1.0
2019/02/28,414.3333333333333,414.66666666666663,407.0,409.0,247500,-1.0,-1.0,-1.0
2019/03/01,409.3333333333333,410.0,403.66666666666663,405.0,177900,-1.0,-1.0,-1.0
2019/03/04,408.0,408.0,401.66666666666663,402.0,199800,-1.0,-1.0,-1.0
2019/03/05,401.0,407.0,397.0,406.0,286200,-1.0,-1.0,-1.0
2019/03/06,407.66666666666663,411.3333333333333,401.0,403.0,232500,-1.0,-1.0,-1.0
2019/03/07,399.3333333333333,402.3333333333333,396.0,402.3333333333333,287700,-1.0,-1.0,-1.0
2019/03/08,393.66666666666663,395.0,384.3333333333333,387.66666666666663,511500,-1.0,-1.0,-1.0
2019/03/11,390.3333333333333,395.0,389.66666666666663,394.3333333333333,197700,-1.0,-1.0,-1.0
2019/03/12,399.66666666666663,404.66666666666663,397.66666666666663,402.66666666666663,235500,-1.0,-1.0,-1.0
2019/03/13,402.0,405.0,393.66666666666663,394.66666666666663,258000,-1.0,-1.0,-1.0
2019/03/14,398.3333333333333,399.3333333333333,388.0,388.0,217200,-1.0,-1.0,-1.0
2019/03/15,389.3333333333333,391.66666666666663,386.0,386.66666666666663,344400,-1.0,-1.0,-1.0
2019/03/18,392.66666666666663,398.66666666666663,390.0,398.3333333333333,267900,-1.0,-1.0,-1.0
2019/03/19,401.3333333333333,402.0,395.3333333333333,399.66666666666663,169800,-1.0,-1.0,-1.0
2019/03/20,403.3333333333333,411.66666666666663,401.0,410.3333333333333,459900,-1.0,-1.0,-1.0
2019/03/22,411.3333333333333,411.3333333333333,402.0,407.0,276000,-1.0,-1.0,-1.0
2019/03/25,400.0,400.0,390.0,390.66666666666663,525600,-1.0,-1.0,-1.0
2019/03/26,394.3333333333333,404.66666666666663,393.0,404.66666666666663,645300,-1.0,-1.0,-1.0
2019/03/27,389.66666666666663,399.3333333333333,388.0,398.0,300900,-1.0,-1.0,-1.0
2019/03/28,394.0,394.0,387.0,387.3333333333333,295200,-1.0,-1.0,-1.0
2019/03/29,390.0,398.0,388.66666666666663,393.3333333333333,232800,-1.0,-1.0,-1.0
2019/04/01,400.0,408.66666666666663,399.0,406.66666666666663,282300,-1.0,-1.0,-1.0
2019/04/02,410.0,411.66666666666663,402.0,402.3333333333333,239700,-1.0,-1.0,-1.0
2019/04/03,404.0,404.0,392.0,402.0,307800,-1.0,-1.0,-1.0
2019/04/04,402.0,403.66666666666663,395.66666666666663,402.3333333333333,177600,-1.0,-1.0,-1.0
2019/04/05,402.66666666666663,406.0,401.0,403.3333333333333,177300,-1.0,-1.0,-1.0
2019/04/08,402.3333333333333,402.3333333333333,388.66666666666663,390.3333333333333,259200,-1.0,-1.0,-1.0
2019/04/09,390.3333333333333,390.3333333333333,383.0,386.3333333333333,322500,-1.0,-1.0,-1.0
2019/04/10,382.66666666666663,384.0,377.0,382.0,276900,-1.0,-1.0,-1.0
2019/04/11,382.3333333333333,383.3333333333333,379.0,382.0,173400,-1.0,-1.0,-1.0
2019/04/12,382.66666666666663,385.3333333333333,381.0,384.66666666666663,203100,-1.0,-1.0,-1.0
2019/04/15,394.66666666666663,395.66666666666663,390.0,393.66666666666663,237900,-1.0,-1.0,-1.0
2019/04/16,394.0,397.3333333333333,390.3333333333333,393.0,185400,-1.0,-1.0,-1.0
2019/04/17,393.0,393.66666666666663,388.66666666666663,392.0,161700,-1.0,-1.0,-1.0
2019/04/18,389.66666666666663,389.66666666666663,381.3333333333333,384.0,247800,-1.0,-1.0,-1.0
2019/04/19,387.0,389.3333333333333,383.0,384.3333333333333,138600,-1.0,-1.0,-1.0
2019/04/22,385.3333333333333,387.0,382.0,387.0,87300,-1.0,-1.0,-1.0
2019/04/23,387.66666666666663,394.3333333333333,387.66666666666663,393.0,168600,-1.0,-1.0,-1.0
2019/04/24,393.0,395.0,386.66666666666663,389.0,255300,-1.0,-1.0,-1.0
2019/04/25,389.0,391.0,386.0,389.0,165600,-1.0,-1.0,-1.0
2019/04/26,387.3333333333333,389.0,383.66666666666663,387.0,170700,-1.0,-1.0,-1.0
2019/05/07,385.0,389.66666666666663,381.0,383.3333333333333,271500,-1.0,-1.0,-1.0
2019/05/08,374.0,386.0,370.3333333333333,377.3333333333333,667200,-1.0,-1.0,-1.0
2019/05/09,383.3333333333333,401.0,378.66666666666663,390.3333333333333,712800,-1.0,-1.0,-1.0
2019/05/10,386.3333333333333,397.3333333333333,386.3333333333333,395.0,422400,-1.0,-1.0,-1.0
2019/05/13,390.66666666666663,403.66666666666663,389.0,394.3333333333333,390300,-1.0,-1.0,-1.0
2019/05/14,384.3333333333333,399.66666666666663,380.3333333333333,399.66666666666663,337500,-1.0,-1.0,-1.0
2019/05/15,402.0,411.3333333333333,397.3333333333333,400.66666666666663,416400,-1.0,-1.0,-1.0
2019/05/16,400.66666666666663,400.66666666666663,391.66666666666663,398.0,302400,-1.0,-1.0,-1.0
2019/05/17,399.66666666666663,406.0,397.66666666666663,401.3333333333333,328800,-1.0,-1.0,-1.0
2019/05/20,404.0,405.66666666666663,400.66666666666663,402.66666666666663,332700,-1.0,-1.0,-1.0
2019/05/21,402.0,411.0,399.0,410.3333333333333,249000,-1.0,-1.0,-1.0
2019/05/22,410.3333333333333,412.0,404.3333333333333,406.3333333333333,354000,-1.0,-1.0,-1.0
2019/05/23,404.0,406.0,400.66666666666663,403.3333333333333,220500,-1.0,-1.0,-1.0
2019/05/24,400.3333333333333,402.0,395.66666666666663,401.0,249600,-1.0,-1.0,-1.0
2019/05/27,402.3333333333333,404.3333333333333,392.66666666666663,392.66666666666663,193500,-1.0,-1.0,-1.0
2019/05/28,392.3333333333333,396.66666666666663,390.3333333333333,395.66666666666663,594600,-1.0,-1.0,-1.0
2019/05/29,393.0,404.66666666666663,392.3333333333333,402.3333333333333,258600,-1.0,-1.0,-1.0
2019/05/30,399.3333333333333,407.66666666666663,399.3333333333333,406.66666666666663,208500,-1.0,-1.0,-1.0
2019/05/31,404.66666666666663,405.0,400.66666666666663,402.0,183600,-1.0,-1.0,-1.0
2019/06/03,396.0,403.0,395.66666666666663,399.0,236400,-1.0,-1.0,-1.0
2019/06/04,399.0,401.3333333333333,392.66666666666663,396.3333333333333,416100,-1.0,-1.0,-1.0
2019/06/05,405.66666666666663,425.0,402.3333333333333,424.0,633300,-1.0,-1.0,-1.0
2019/06/06,429.0,439.66666666666663,427.0,434.3333333333333,489300,-1.0,-1.0,-1.0
2019/06/07,434.0,439.66666666666663,432.0,438.66666666666663,281400,-1.0,-1.0,-1.0
2019/06/10,442.0,449.3333333333333,435.3333333333333,443.3333333333333,337500,-1.0,-1.0,-1.0
2019/06/11,444.3333333333333,446.66666666666663,440.66666666666663,446.66666666666663,207900,-1.0,-1.0,-1.0
2019/06/12,443.0,447.3333333333333,443.0,446.0,180600,-1.0,-1.0,-1.0
2019/06/13,442.3333333333333,445.66666666666663,441.0,445.66666666666663,411000,-1.0,-1.0,-1.0
2019/06/14,449.3333333333333,450.66666666666663,442.66666666666663,443.3333333333333,333900,-1.0,-1.0,-1.0
2019/06/17,446.0,448.0,443.66666666666663,446.0,213900,-1.0,-1.0,-1.0
2019/06/18,447.0,448.3333333333333,440.3333333333333,442.66666666666663,264000,-1.0,-1.0,-1.0
2019/06/19,444.3333333333333,444.66666666666663,431.3333333333333,432.0,409500,-1.0,-1.0,-1.0
2019/06/20,427.66666666666663,428.66666666666663,413.0,413.0,477300,-1.0,-1.0,-1.0
2019/06/21,409.0,425.66666666666663,407.66666666666663,419.66666666666663,1154700,-1.0,-1.0,-1.0
2019/06/24,422.0,424.3333333333333,416.3333333333333,419.0,400800,-1.0,-1.0,-1.0
2019/06/25,423.3333333333333,433.3333333333333,420.0,429.0,606000,-1.0,-1.0,-1.0
2019/06/26,434.3333333333333,434.3333333333333,423.66666666666663,424.0,435900,-1.0,-1.0,-1.0
2019/06/27,426.3333333333333,430.0,421.3333333333333,430.0,324600,-1.0,-1.0,-1.0
2019/06/28,426.0,428.3333333333333,421.3333333333333,421.3333333333333,204300,-1.0,-1.0,-1.0
2019/07/01,426.66666666666663,428.0,420.3333333333333,428.0,243900,-1.0,-1.0,-1.0
2019/07/02,426.0,426.0,420.0,424.3333333333333,194400,-1.0,-1.0,-1.0
2019/07/03,420.0,426.3333333333333,419.3333333333333,425.3333333333333,266400,-1.0,-1.0,-1.0
2019/07/04,425.66666666666663,426.3333333333333,416.3333333333333,418.66666666666663,175200,-1.0,-1.0,-1.0
2019/07/05,425.66666666666663,428.66666666666663,418.0,421.66666666666663,433800,-1.0,-1.0,-1.0
2019/07/08,418.0,418.0,413.3333333333333,413.66666666666663,227400,-1.0,-1.0,-1.0
2019/07/09,415.3333333333333,417.0,404.0,405.3333333333333,396300,-1.0,-1.0,-1.0
2019/07/10,401.3333333333333,401.3333333333333,396.0,398.3333333333333,255000,-1.0,-1.0,-1.0
2019/07/11,400.66666666666663,405.3333333333333,398.3333333333333,402.0,242100,-1.0,-1.0,-1.0
2019/07/12,402.3333333333333,402.3333333333333,395.0,395.0,243900,-1.0,-1.0,-1.0
2019/07/16,400.3333333333333,407.66666666666663,398.3333333333333,404.66666666666663,534600,-1.0,-1.0,-1.0
2019/07/17,404.3333333333333,406.66666666666663,397.66666666666663,405.66666666666663,320100,-1.0,-1.0,-1.0
2019/07/18,400.0,400.3333333333333,384.66666666666663,389.66666666666663,526200,-1.0,-1.0,-1.0
2019/07/19,388.0,398.66666666666663,386.0,397.66666666666663,392100,-1.0,-1.0,-1.0
2019/07/22,397.3333333333333,397.3333333333333,386.66666666666663,390.66666666666663,274800,-1.0,-1.0,-1.0
2019/07/23,393.3333333333333,396.66666666666663,389.3333333333333,393.66666666666663,166200,-1.0,-1.0,-1.0
2019/07/24,394.0,394.0,388.3333333333333,388.66666666666663,215400,-1.0,-1.0,-1.0
2019/07/25,387.3333333333333,391.66666666666663,386.3333333333333,389.66666666666663,137400,-1.0,-1.0,-1.0
2019/07/26,390.0,397.3333333333333,388.3333333333333,391.0,217800,-1.0,-1.0,-1.0
2019/07/29,391.0,393.3333333333333,387.66666666666663,390.3333333333333,145500,-1.0,-1.0,-1.0
2019/07/30,395.66666666666663,397.66666666666663,392.0,392.3333333333333,195300,-1.0,-1.0,-1.0
2019/07/31,388.3333333333333,393.3333333333333,383.3333333333333,388.0,616500,-1.0,-1.0,-1.0
2019/08/01,386.66666666666663,407.3333333333333,380.3333333333333,401.0,578400,-1.0,-1.0,-1.0
2019/08/02,396.0,400.3333333333333,382.0,382.0,517500,-1.0,-1.0,-1.0
2019/08/05,377.66666666666663,380.66666666666663,364.66666666666663,367.0,747300,-1.0,-1.0,-1.0
2019/08/06,342.3333333333333,362.3333333333333,339.66666666666663,361.0,1028100,-1.0,-1.0,-1.0
2019/08/07,356.0,361.3333333333333,352.3333333333333,355.3333333333333,321900,-1.0,-1.0,-1.0
2019/08/08,352.3333333333333,361.66666666666663,352.0,354.66666666666663,312300,-1.0,-1.0,-1.0
2019/08/09,358.0,362.3333333333333,353.66666666666663,356.3333333333333,215700,-1.0,-1.0,-1.0
2019/08/13,348.66666666666663,351.0,340.0,349.66666666666663,424800,-1.0,-1.0,-1.0
2019/08/14,353.0,358.66666666666663,352.0,357.3333333333333,330000,-1.0,-1.0,-1.0
2019/08/15,347.66666666666663,358.66666666666663,346.0,358.3333333333333,183000,-1.0,-1.0,-1.0
2019/08/16,362.3333333333333,370.66666666666663,359.3333333333333,367.3333333333333,389400,-1.0,-1.0,-1.0
2019/08/19,371.66666666666663,385.3333333333333,371.66666666666663,379.0,360900,-1.0,-1.0,-1.0
2019/08/20,383.0,394.3333333333333,381.3333333333333,390.3333333333333,507300,-1.0,-1.0,-1.0
2019/08/21,383.66666666666663,388.3333333333333,379.0,383.3333333333333,355800,-1.0,-1.0,-1.0
2019/08/22,383.0,383.0,374.66666666666663,376.3333333333333,201600,-1.0,-1.0,-1.0
2019/08/23,377.3333333333333,381.3333333333333,374.66666666666663,377.3333333333333,167700,-1.0,-1.0,-1.0
2019/08/26,372.3333333333333,376.3333333333333,368.66666666666663,373.0,365400,-1.0,-1.0,-1.0
2019/08/27,378.3333333333333,384.3333333333333,378.3333333333333,379.3333333333333,232500,-1.0,-1.0,-1.0
2019/08/28,381.66666666666663,384.0,371.3333333333333,374.0,184800,-1.0,-1.0,-1.0
2019/08/29,380.3333333333333,380.3333333333333,374.3333333333333,377.66666666666663,160200,-1.0,-1.0,-1.0
2019/08/30,384.0,386.3333333333333,380.66666666666663,384.66666666666663,231600,-1.0,-1.0,-1.0
2019/09/02,380.66666666666663,382.66666666666663,375.3333333333333,375.3333333333333,121800,-1.0,-1.0,-1.0
2019/09/03,375.3333333333333,383.66666666666663,374.66666666666663,379.66666666666663,158100,-1.0,-1.0,-1.0
2019/09/04,379.0,384.3333333333333,376.0,382.66666666666663,282000,-1.0,-1.0,-1.0
2019/09/05,389.0,395.66666666666663,388.0,392.66666666666663,291300,-1.0,-1.0,-1.0
2019/09/06,393.3333333333333,394.66666666666663,384.0,384.0,222000,-1.0,-1.0,-1.0
2019/09/09,385.3333333333333,391.66666666666663,384.0,389.66666666666663,149700,-1.0,-1.0,-1.0
2019/09/10,392.0,395.3333333333333,390.0,391.0,200400,-1.0,-1.0,-1.0
2019/09/11,396.0,402.0,394.0,398.66666666666663,301500,-1.0,-1.0,-1.0
2019/09/12,400.66666666666663,401.66666666666663,396.0,396.3333333333333,226500,-1.0,-1.0,-1.0
2019/09/13,400.0,402.0,392.3333333333333,401.0,406500,-1.0,-1.0,-1.0
2019/09/17,403.0,408.0,398.0,403.0,309600,-1.0,-1.0,-1.0
2019/09/18,400.3333333333333,401.0,392.3333333333333,401.0,366300,-1.0,-1.0,-1.0
2019/09/19,411.0,418.66666666666663,408.66666666666663,416.0,607500,-1.0,-1.0,-1.0
2019/09/20,418.66666666666663,418.66666666666663,410.3333333333333,413.66666666666663,696600,-1.0,-1.0,-1.0
2019/09/24,417.0,417.66666666666663,408.0,409.66666666666663,225000,-1.0,-1.0,-1.0
2019/09/25,401.66666666666663,404.3333333333333,398.66666666666663,404.0,311700,-1.0,-1.0,-1.0
2019/09/26,413.66666666666663,415.0,406.0,407.66666666666663,352200,-1.0,-1.0,-1.0
2019/09/27,357.66666666666663,369.66666666666663,355.66666666666663,364.3333333333333,1280400,-1.0,-1.0,-1.0
2019/09/30,362.66666666666663,370.0,356.66666666666663,367.3333333333333,538500,-1.0,-1.0,-1.0
2019/10/01,363.3333333333333,368.3333333333333,360.3333333333333,366.0,423900,-1.0,-1.0,-1.0
2019/10/02,365.3333333333333,368.3333333333333,363.0,367.3333333333333,325800,-1.0,-1.0,-1.0
2019/10/03,360.0,362.66666666666663,356.3333333333333,359.66666666666663,247200,-1.0,-1.0,-1.0
2019/10/04,360.3333333333333,362.66666666666663,355.3333333333333,361.0,222900,-1.0,-1.0,-1.0
2019/10/07,362.66666666666663,364.3333333333333,355.3333333333333,356.0,218700,-1.0,-1.0,-1.0
2019/10/08,360.0,364.0,351.66666666666663,356.3333333333333,693900,-1.0,-1.0,-1.0
2019/10/09,350.66666666666663,355.3333333333333,350.0,355.0,478200,-1.0,-1.0,-1.0
2019/10/10,355.0,356.66666666666663,348.0,349.3333333333333,332700,-1.0,-1.0,-1.0
2019/10/11,354.66666666666663,361.66666666666663,351.66666666666663,357.3333333333333,624300,-1.0,-1.0,-1.0
2019/10/15,365.0,369.3333333333333,363.66666666666663,366.66666666666663,428100,-1.0,-1.0,-1.0
2019/10/16,369.3333333333333,373.66666666666663,367.3333333333333,371.3333333333333,446700,-1.0,-1.0,-1.0
2019/10/17,372.0,374.66666666666663,369.3333333333333,371.3333333333333,342000,-1.0,-1.0,-1.0
2019/10/18,371.3333333333333,374.3333333333333,365.3333333333333,366.3333333333333,782400,-1.0,-1.0,-1.0
2019/10/21,364.3333333333333,367.66666666666663,363.3333333333333,365.66666666666663,283200,-1.0,-1.0,-1.0
2019/10/23,365.66666666666663,367.0,359.66666666666663,364.3333333333333,393300,-1.0,-1.0,-1.0
2019/10/24,367.0,367.66666666666663,362.66666666666663,363.66666666666663,287700,-1.0,-1.0,-1.0
2019/10/25,363.66666666666663,365.0,356.0,362.0,379800,-1.0,-1.0,-1.0
2019/10/28,361.0,362.66666666666663,355.0,360.66666666666663,552900,-1.0,-1.0,-1.0
2019/10/29,363.0,368.0,361.66666666666663,366.3333333333333,394800,-1.0,-1.0,-1.0
2019/10/30,366.3333333333333,374.3333333333333,364.66666666666663,372.0,1276500,-1.0,-1.0,-1.0
2019/10/31,372.0,373.3333333333333,366.0,369.0,238500,-1.0,-1.0,-1.0
2019/11/01,366.66666666666663,368.0,363.66666666666663,365.0,169800,-1.0,-1.0,-1.0
2019/11/05,371.3333333333333,377.66666666666663,367.66666666666663,371.0,307800,-1.0,-1.0,-1.0
2019/11/06,372.66666666666663,372.66666666666663,367.3333333333333,372.66666666666663,171900,-1.0,-1.0,-1.0
2019/11/07,371.0,373.3333333333333,368.0,370.3333333333333,187800,-1.0,-1.0,-1.0
2019/11/08,374.0,374.0,362.3333333333333,367.66666666666663,372300,-1.0,-1.0,-1.0
2019/11/11,427.66666666666663,430.0,388.66666666666663,395.3333333333333,912300,-1.0,-1.0,-1.0
2019/11/12,393.3333333333333,403.3333333333333,386.66666666666663,401.0,536100,-1.0,-1.0,-1.0
2019/11/13,400.0,402.0,394.66666666666663,398.3333333333333,234600,-1.0,-1.0,-1.0
2019/11/14,395.66666666666663,398.3333333333333,390.66666666666663,391.3333333333333,222900,-1.0,-1.0,-1.0
2019/11/15,393.3333333333333,398.3333333333333,391.3333333333333,396.3333333333333,301500,-1.0,-1.0,-1.0
2019/11/18,404.66666666666663,412.3333333333333,403.3333333333333,406.66666666666663,547500,-1.0,-1.0,-1.0
2019/11/19,403.3333333333333,408.3333333333333,401.0,405.0,341400,-1.0,-1.0,-1.0
2019/11/20,401.3333333333333,401.66666666666663,396.66666666666663,397.66666666666663,234600,-1.0,-1.0,-1.0
2019/11/21,397.3333333333333,402.3333333333333,394.0,401.3333333333333,324300,-1.0,-1.0,-1.0
2019/11/22,404.3333333333333,405.3333333333333,397.0,397.3333333333333,272700,-1.0,-1.0,-1.0
2019/11/25,399.66666666666663,401.66666666666663,397.66666666666663,400.66666666666663,119100,-1.0,-1.0,-1.0
2019/11/26,403.66666666666663,405.0,398.0,399.66666666666663,455700,-1.0,-1.0,-1.0
2019/11/27,402.0,415.3333333333333,401.66666666666663,412.66666666666663,382500,-1.0,-1.0,-1.0
2019/11/28,414.0,414.66666666666663,406.0,412.3333333333333,263100,-1.0,-1.0,-1.0
2019/11/29,409.66666666666663,413.66666666666663,405.66666666666663,411.3333333333333,342600,-1.0,-1.0,-1.0
2019/12/02,410.0,415.0,408.66666666666663,414.0,199200,-1.0,-1.0,-1.0
2019/12/03,411.3333333333333,411.3333333333333,403.3333333333333,403.66666666666663,175800,-1.0,-1.0,-1.0
2019/12/04,419.66666666666663,437.0,416.66666666666663,436.66666666666663,690600,-1.0,-1.0,-1.0
2019/12/05,442.0,465.66666666666663,441.3333333333333,463.3333333333333,1046700,-1.0,-1.0,-1.0
2019/12/06,462.66666666666663,463.66666666666663,451.3333333333333,461.3333333333333,480900,-1.0,-1.0,-1.0
2019/12/09,465.66666666666663,468.0,456.0,463.3333333333333,252600,-1.0,-1.0,-1.0
2019/12/10,461.0,466.0,459.0,463.3333333333333,202200,-1.0,-1.0,-1.0
2019/12/11,466.66666666666663,471.0,460.0,461.66666666666663,305700,-1.0,-1.0,-1.0
2019/12/12,466.0,466.0,457.3333333333333,458.3333333333333,340200,-1.0,-1.0,-1.0
2019/12/13,466.66666666666663,467.3333333333333,459.3333333333333,461.0,311700,-1.0,-1.0,-1.0
2019/12/16,465.0,473.3333333333333,464.66666666666663,466.0,683400,-1.0,-1.0,-1.0
2019/12/17,466.0,466.66666666666663,456.3333333333333,461.0,243300,-1.0,-1.0,-1.0
2019/12/18,459.66666666666663,459.66666666666663,452.0,456.3333333333333,203700,-1.0,-1.0,-1.0
2019/12/19,455.0,459.0,452.66666666666663,456.0,105300,-1.0,-1.0,-1.0
2019/12/20,458.0,458.0,448.66666666666663,451.3333333333333,418500,-1.0,-1.0,-1.0
2019/12/23,451.66666666666663,454.66666666666663,446.0,451.66666666666663,267600,-1.0,-1.0,-1.0
2019/12/24,449.3333333333333,451.3333333333333,443.66666666666663,449.3333333333333,134400,-1.0,-1.0,-1.0
2019/12/25,444.3333333333333,445.3333333333333,440.3333333333333,442.66666666666663,94500,-1.0,-1.0,-1.0
2019/12/26,451.0,451.66666666666663,443.0,449.66666666666663,203700,-1.0,-1.0,-1.0
2019/12/27,452.0,454.3333333333333,449.3333333333333,454.3333333333333,136200,-1.0,-1.0,-1.0
2019/12/30,450.0,450.0,442.3333333333333,443.0,102300,-1.0,-1.0,-1.0
2020/01/06,429.66666666666663,441.66666666666663,429.0,439.66666666666663,244200,-1.0,-1.0,-1.0
2020/01/07,446.3333333333333,453.66666666666663,446.3333333333333,451.66666666666663,259500,-1.0,-1.0,-1.0
2020/01/08,445.66666666666663,445.66666666666663,436.3333333333333,444.0,294600,-1.0,-1.0,-1.0
2020/01/09,448.3333333333333,461.3333333333333,448.0,459.3333333333333,317100,-1.0,-1.0,-1.0
2020/01/10,466.66666666666663,466.66666666666663,455.3333333333333,461.3333333333333,211200,-1.0,-1.0,-1.0
2020/01/14,461.3333333333333,461.3333333333333,445.3333333333333,448.66666666666663,201300,-1.0,-1.0,-1.0
2020/01/15,449.0,451.66666666666663,443.66666666666663,447.0,187500,-1.0,-1.0,-1.0
2020/01/16,445.66666666666663,451.3333333333333,444.66666666666663,449.0,171000,-1.0,-1.0,-1.0
2020/01/17,447.66666666666663,453.66666666666663,444.0,450.0,144300,-1.0,-1.0,-1.0
2020/01/20,450.0,459.0,450.0,456.0,138300,-1.0,-1.0,-1.0
2020/01/21,454.3333333333333,458.0,453.0,453.66666666666663,95700,-1.0,-1.0,-1.0
2020/01/22,453.66666666666663,459.0,453.0,458.3333333333333,145800,-1.0,-1.0,-1.0
2020/01/23,456.3333333333333,456.66666666666663,450.0,452.0,126000,-1.0,-1.0,-1.0
2020/01/24,451.66666666666663,455.3333333333333,450.0,453.3333333333333,190500,-1.0,-1.0,-1.0
2020/01/27,445.3333333333333,454.0,445.0,451.66666666666663,239400,-1.0,-1.0,-1.0
2020/01/28,441.66666666666663,447.3333333333333,439.0,443.3333333333333,276900,-1.0,-1.0,-1.0
2020/01/29,439.66666666666663,445.3333333333333,439.66666666666663,442.0,97800,-1.0,-1.0,-1.0
2020/01/30,439.66666666666663,440.0,426.66666666666663,430.0,336000,-1.0,-1.0,-1.0
2020/01/31,434.3333333333333,438.66666666666663,425.3333333333333,428.66666666666663,247200,-1.0,-1.0,-1.0
2020/02/03,417.66666666666663,436.3333333333333,415.3333333333333,434.0,385200,-1.0,-1.0,-1.0
2020/02/04,432.0,433.3333333333333,426.0,427.66666666666663,163500,-1.0,-1.0,-1.0
2020/02/05,435.66666666666663,440.66666666666663,433.3333333333333,438.3333333333333,164400,-1.0,-1.0,-1.0
2020/02/06,453.3333333333333,454.0,447.0,449.0,303000,-1.0,-1.0,-1.0
2020/02/07,489.0,496.3333333333333,467.0,467.66666666666663,585900,-1.0,-1.0,-1.0
2020/02/10,465.3333333333333,473.3333333333333,448.66666666666663,449.66666666666663,463200,-1.0,-1.0,-1.0
2020/02/12,450.3333333333333,451.0,440.3333333333333,441.66666666666663,238500,-1.0,-1.0,-1.0
2020/02/13,444.66666666666663,454.0,444.66666666666663,449.3333333333333,288300,-1.0,-1.0,-1.0
2020/02/14,452.0,452.66666666666663,440.66666666666663,447.3333333333333,174900,-1.0,-1.0,-1.0
2020/02/17,445.3333333333333,445.3333333333333,437.3333333333333,443.0,170400,-1.0,-1.0,-1.0
2020/02/18,436.3333333333333,437.3333333333333,428.66666666666663,436.66666666666663,246600,-1.0,-1.0,-1.0
2020/02/19,439.0,445.3333333333333,436.3333333333333,439.3333333333333,251700,-1.0,-1.0,-1.0
2020/02/20,441.66666666666663,442.66666666666663,428.0,428.66666666666663,212400,-1.0,-1.0,-1.0
2020/02/21,429.0,434.3333333333333,426.66666666666663,427.0,171000,-1.0,-1.0,-1.0
2020/02/25,404.0,414.66666666666663,404.0,406.66666666666663,421800,-1.0,-1.0,-1.0
2020/02/26,402.0,407.3333333333333,400.0,406.66666666666663,249300,-1.0,-1.0,-1.0
2020/02/27,400.0,405.0,396.66666666666663,398.66666666666663,385500,-1.0,-1.0,-1.0
2020/02/28,392.3333333333333,408.66666666666663,392.3333333333333,405.66666666666663,678600,-1.0,-1.0,-1.0
2020/03/02,399.3333333333333,413.0,398.0,404.0,390900,-1.0,-1.0,-1.0
2020/03/03,407.66666666666663,408.3333333333333,396.0,396.3333333333333,541200,-1.0,-1.0,-1.0
2020/03/04,393.3333333333333,411.0,391.66666666666663,400.3333333333333,246000,-1.0,-1.0,-1.0
2020/03/05,406.3333333333333,407.66666666666663,399.0,400.66666666666663,317700,-1.0,-1.0,-1.0
2020/03/06,399.3333333333333,402.66666666666663,396.66666666666663,399.3333333333333,629100,-1.0,-1.0,-1.0
2020/03/09,389.66666666666663,401.3333333333333,384.0,385.66666666666663,561000,-1.0,-1.0,-1.0
2020/03/10,383.3333333333333,398.66666666666663,374.66666666666663,390.66666666666663,723300,-1.0,-1.0,-1.0
2020/03/11,384.0,391.0,379.0,380.0,893100,-1.0,-1.0,-1.0
2020/03/12,379.3333333333333,396.3333333333333,372.3333333333333,376.66666666666663,951600,-1.0,-1.0,-1.0
2020/03/13,366.66666666666663,368.3333333333333,337.66666666666663,353.0,894900,-1.0,-1.0,-1.0
2020/03/16,353.3333333333333,362.3333333333333,341.66666666666663,347.0,589500,-1.0,-1.0,-1.0
2020/03/17,334.0,377.0,328.66666666666663,371.0,866700,-1.0,-1.0,-1.0
2020/03/18,372.66666666666663,390.3333333333333,366.66666666666663,367.3333333333333,707100,-1.0,-1.0,-1.0
2020/03/19,374.66666666666663,383.3333333333333,365.66666666666663,369.66666666666663,583800,-1.0,-1.0,-1.0
2020/03/23,379.66666666666663,385.0,352.3333333333333,378.0,351600,-1.0,-1.0,-1.0
2020/03/24,383.3333333333333,385.3333333333333,366.66666666666663,380.0,251700,-1.0,-1.0,-1.0
2020/03/25,389.66666666666663,398.66666666666663,381.0,394.66666666666663,282600,-1.0,-1.0,-1.0
2020/03/26,396.66666666666663,410.3333333333333,380.66666666666663,410.3333333333333,394200,-1.0,-1.0,-1.0
2020/03/27,420.3333333333333,445.0,411.66666666666663,445.0,566400,-1.0,-1.0,-1.0
2020/03/30,423.3333333333333,423.3333333333333,395.0,421.3333333333333,507300,-1.0,-1.0,-1.0
2020/03/31,421.3333333333333,421.3333333333333,399.66666666666663,408.3333333333333,250500,-1.0,-1.0,-1.0
2020/04/01,396.3333333333333,402.3333333333333,387.0,390.0,298500,-1.0,-1.0,-1.0
2020/04/02,383.3333333333333,392.0,381.0,385.3333333333333,165900,-1.0,-1.0,-1.0
2020/04/03,385.3333333333333,398.0,380.3333333333333,385.66666666666663,287700,-1.0,-1.0,-1.0
2020/04/06,392.0,412.66666666666663,391.0,410.3333333333333,346200,-1.0,-1.0,-1.0
2020/04/07,414.0,416.3333333333333,398.66666666666663,411.3333333333333,289200,-1.0,-1.0,-1.0
2020/04/08,411.66666666666663,412.3333333333333,401.3333333333333,408.66666666666663,441000,-1.0,-1.0,-1.0
2020/04/09,406.66666666666663,407.0,394.3333333333333,404.66666666666663,199800,-1.0,-1.0,-1.0
2020/04/10,406.66666666666663,412.66666666666663,396.0,412.66666666666663,159300,-1.0,-1.0,-1.0
2020/04/13,411.66666666666663,412.66666666666663,400.66666666666663,403.3333333333333,123600,-1.0,-1.0,-1.0
2020/04/14,404.0,404.3333333333333,396.3333333333333,402.0,175200,-1.0,-1.0,-1.0
2020/04/15,401.3333333333333,401.3333333333333,389.66666666666663,393.66666666666663,334200,-1.0,-1.0,-1.0
2020/04/16,387.0,403.3333333333333,386.0,403.3333333333333,275100,-1.0,-1.0,-1.0
2020/04/17,408.3333333333333,408.3333333333333,396.0,400.66666666666663,156000,-1.0,-1.0,-1.0
2020/04/20,400.0,401.3333333333333,390.0,393.0,216300,-1.0,-1.0,-1.0
2020/04/21,387.66666666666663,389.66666666666663,383.3333333333333,389.0,162000,-1.0,-1.0,-1.0
2020/04/22,389.0,394.0,382.66666666666663,393.0,246000,-1.0,-1.0,-1.0
2020/04/23,395.3333333333333,402.3333333333333,391.0,402.0,172200,-1.0,-1.0,-1.0
2020/04/24,406.0,407.0,400.0,404.3333333333333,177600,-1.0,-1.0,-1.0
2020/04/27,408.3333333333333,408.3333333333333,398.3333333333333,401.0,305700,-1.0,-1.0,-1.0
2020/04/28,401.0,404.3333333333333,396.66666666666663,402.0,262500,-1.0,-1.0,-1.0
2020/04/30,403.66666666666663,405.3333333333333,397.3333333333333,397.66666666666663,282600,-1.0,-1.0,-1.0
2020/05/01,396.66666666666663,400.3333333333333,389.3333333333333,398.66666666666663,357900,-1.0,-1.0,-1.0
2020/05/07,397.3333333333333,401.0,390.66666666666663,393.0,300300,-1.0,-1.0,-1.0
2020/05/08,395.66666666666663,397.3333333333333,389.66666666666663,397.0,233700,-1.0,-1.0,-1.0
2020/05/11,400.0,404.66666666666663,396.66666666666663,401.66666666666663,214200,-1.0,-1.0,-1.0
2020/05/12,400.0,402.0,397.66666666666663,399.3333333333333,257700,-1.0,-1.0,-1.0
2020/05/13,395.0,404.0,392.66666666666663,401.0,324000,-1.0,-1.0,-1.0
2020/05/14,397.66666666666663,399.3333333333333,387.66666666666663,387.66666666666663,276600,-1.0,-1.0,-1.0
2020/05/15,390.66666666666663,394.3333333333333,385.3333333333333,393.0,264000,-1.0,-1.0,-1.0
2020/05/18,394.66666666666663,395.66666666666663,390.66666666666663,395.66666666666663,234300,-1.0,-1.0,-1.0
2020/05/19,402.66666666666663,408.0,399.3333333333333,406.3333333333333,202800,-1.0,-1.0,-1.0
2020/05/20,403.0,408.0,398.0,401.0,226800,-1.0,-1.0,-1.0
2020/05/21,403.0,404.0,398.66666666666663,401.66666666666663,222300,-1.0,-1.0,-1.0
2020/05/22,405.0,407.3333333333333,401.66666666666663,405.66666666666663,200400,-1.0,-1.0,-1.0
2020/05/25,407.3333333333333,413.3333333333333,406.3333333333333,413.3333333333333,132300,-1.0,-1.0,-1.0
2020/05/26,420.0,432.3333333333333,417.3333333333333,430.3333333333333,285900,-1.0,-1.0,-1.0
2020/05/27,439.3333333333333,445.66666666666663,435.66666666666663,445.0,421200,-1.0,-1.0,-1.0
2020/05/28,425.0,425.3333333333333,410.0,419.3333333333333,823800,-1.0,-1.0,-1.0
2020/05/29,417.3333333333333,432.3333333333333,415.0,427.3333333333333,614100,-1.0,-1.0,-1.0
2020/06/01,427.3333333333333,427.3333333333333,415.0,420.0,205500,-1.0,-1.0,-1.0
2020/06/02,423.0,423.66666666666663,418.0,422.3333333333333,162600,-1.0,-1.0,-1.0
2020/06/03,427.66666666666663,427.66666666666663,420.3333333333333,426.0,220800,-1.0,-1.0,-1.0
2020/06/04,430.0,430.0,418.66666666666663,419.3333333333333,202500,-1.0,-1.0,-1.0
2020/06/05,422.66666666666663,423.0,414.66666666666663,416.3333333333333,148500,-1.0,-1.0,-1.0
2020/06/08,420.0,420.0,412.0,413.0,230100,-1.0,-1.0,-1.0
2020/06/09,414.3333333333333,414.3333333333333,405.0,411.66666666666663,261900,-1.0,-1.0,-1.0
2020/06/10,410.0,413.66666666666663,406.0,412.0,176400,-1.0,-1.0,-1.0
2020/06/11,410.66666666666663,412.66666666666663,407.3333333333333,408.3333333333333,215700,-1.0,-1.0,-1.0
2020/06/12,400.3333333333333,406.3333333333333,396.0,403.66666666666663,360300,-1.0,-1.0,-1.0
2020/06/15,403.66666666666663,408.0,398.66666666666663,398.66666666666663,406200,-1.0,-1.0,-1.0
2020/06/16,406.3333333333333,419.66666666666663,405.66666666666663,418.66666666666663,397200,-1.0,-1.0,-1.0
2020/06/17,410.3333333333333,420.66666666666663,410.3333333333333,413.0,179700,-1.0,-1.0,-1.0
2020/06/18,411.66666666666663,419.66666666666663,409.0,415.0,248700,-1.0,-1.0,-1.0
2020/06/19,415.66666666666663,415.66666666666663,404.0,404.0,762600,-1.0,-1.0,-1.0
2020/06/22,406.66666666666663,412.0,406.66666666666663,407.66666666666663,221400,-1.0,-1.0,-1.0
2020/06/23,409.0,414.3333333333333,407.66666666666663,409.3333333333333,155700,-1.0,-1.0,-1.0
2020/06/24,410.66666666666663,411.66666666666663,404.3333333333333,404.3333333333333,193500,-1.0,-1.0,-1.0
2020/06/25,402.0,410.3333333333333,402.0,409.3333333333333,241200,-1.0,-1.0,-1.0
2020/06/26,411.0,415.66666666666663,410.0,414.0,197700,-1.0,-1.0,-1.0
2020/06/29,415.0,415.0,410.0,412.66666666666663,194700,-1.0,-1.0,-1.0
2020/06/30,432.66666666666663,432.66666666666663,405.66666666666663,405.66666666666663,552300,-1.0,-1.0,-1.0
2020/07/01,413.66666666666663,422.3333333333333,412.0,416.66666666666663,196500,-1.0,-1.0,-1.0
2020/07/02,416.66666666666663,420.3333333333333,413.3333333333333,416.66666666666663,184800,-1.0,-1.0,-1.0
2020/07/03,417.3333333333333,422.66666666666663,416.3333333333333,422.3333333333333,135900,-1.0,-1.0,-1.0
2020/07/06,422.0,427.3333333333333,422.0,426.0,159600,-1.0,-1.0,-1.0
2020/07/07,426.0,426.0,416.66666666666663,418.3333333333333,136800,-1.0,-1.0,-1.0
2020/07/08,426.3333333333333,427.66666666666663,417.3333333333333,417.3333333333333,276600,-1.0,-1.0,-1.0
2020/07/09,416.0,417.3333333333333,409.0,413.3333333333333,119100,-1.0,-1.0,-1.0
2020/07/10,412.66666666666663,413.3333333333333,406.3333333333333,406.3333333333333,159300,-1.0,-1.0,-1.0
2020/07/13,412.3333333333333,421.3333333333333,412.3333333333333,419.66666666666663,181200,-1.0,-1.0,-1.0
2020/07/14,418.66666666666663,421.0,414.3333333333333,416.0,171300,-1.0,-1.0,-1.0
2020/07/15,421.3333333333333,425.3333333333333,415.66666666666663,420.3333333333333,160500,-1.0,-1.0,-1.0
2020/07/16,422.0,422.0,410.0,411.66666666666663,129900,-1.0,-1.0,-1.0
2020/07/17,410.66666666666663,413.0,408.0,410.0,199800,-1.0,-1.0,-1.0
2020/07/20,410.0,413.66666666666663,406.66666666666663,413.0,183000,-1.0,-1.0,-1.0
2020/07/21,414.3333333333333,414.3333333333333,401.3333333333333,407.0,492000,-1.0,-1.0,-1.0
2020/07/22,407.0,411.66666666666663,406.66666666666663,407.0,144000,-1.0,-1.0,-1.0
2020/07/27,408.0,412.3333333333333,406.3333333333333,412.3333333333333,218700,-1.0,-1.0,-1.0
2020/07/28,411.3333333333333,413.3333333333333,408.0,412.66666666666663,163500,-1.0,-1.0,-1.0
2020/07/29,411.3333333333333,411.3333333333333,402.0,404.0,285900,-1.0,-1.0,-1.0
2020/07/30,404.3333333333333,405.66666666666663,400.0,403.0,212100,-1.0,-1.0,-1.0
2020/07/31,402.66666666666663,404.0,391.66666666666663,395.66666666666663,200400,-1.0,-1.0,-1.0
2020/08/03,399.0,402.66666666666663,396.0,401.0,143100,-1.0,-1.0,-1.0
2020/08/04,407.0,412.0,405.0,408.3333333333333,156600,-1.0,-1.0,-1.0
2020/08/05,408.3333333333333,411.3333333333333,404.0,409.0,107100,-1.0,-1.0,-1.0
2020/08/06,407.3333333333333,412.66666666666663,405.66666666666663,407.3333333333333,106500,-1.0,-1.0,-1.0
2020/08/07,410.0,418.3333333333333,406.66666666666663,412.0,150600,-1.0,-1.0,-1.0
2020/08/11,422.0,442.0,411.0,431.66666666666663,731400,-1.0,-1.0,-1.0
2020/08/12,434.3333333333333,444.3333333333333,434.0,439.3333333333333,172200,-1.0,-1.0,-1.0
2020/08/13,442.3333333333333,443.3333333333333,427.66666666666663,438.66666666666663,147600,-1.0,-1.0,-1.0
2020/08/14,441.3333333333333,441.3333333333333,428.3333333333333,429.0,134700,-1.0,-1.0,-1.0
2020/08/17,433.3333333333333,436.0,423.3333333333333,424.66666666666663,71400,-1.0,-1.0,-1.0
2020/08/18,423.0,428.3333333333333,422.66666666666663,425.66666666666663,121800,-1.0,-1.0,-1.0
2020/08/19,425.66666666666663,425.66666666666663,419.3333333333333,424.3333333333333,118200,-1.0,-1.0,-1.0
2020/08/20,420.66666666666663,426.66666666666663,419.3333333333333,424.0,208500,-1.0,-1.0,-1.0
2020/08/21,424.66666666666663,433.0,422.66666666666663,430.3333333333333,140100,-1.0,-1.0,-1.0
2020/08/24,429.0,435.66666666666663,420.66666666666663,421.3333333333333,149100,-1.0,-1.0,-1.0
2020/08/25,425.3333333333333,436.66666666666663,425.3333333333333,433.3333333333333,117600,-1.0,-1.0,-1.0
2020/08/26,433.66666666666663,433.66666666666663,426.66666666666663,429.0,161700,-1.0,-1.0,-1.0
2020/08/27,427.3333333333333,432.3333333333333,424.0,430.0,90000,-1.0,-1.0,-1.0
2020/08/28,430.3333333333333,431.66666666666663,417.0,424.66666666666663,239100,-1.0,-1.0,-1.0
2020/08/31,429.66666666666663,446.3333333333333,429.66666666666663,442.66666666666663,294300,-1.0,-1.0,-1.0
2020/09/01,440.3333333333333,440.3333333333333,427.3333333333333,430.0,168900,-1.0,-1.0,-1.0
2020/09/02,430.66666666666663,438.66666666666663,429.66666666666663,438.66666666666663,72000,-1.0,-1.0,-1.0
2020/09/03,440.0,442.0,433.66666666666663,434.66666666666663,110400,-1.0,-1.0,-1.0
2020/09/04,428.66666666666663,431.3333333333333,427.3333333333333,430.3333333333333,59400,-1.0,-1.0,-1.0
2020/09/07,430.3333333333333,438.3333333333333,419.3333333333333,422.66666666666663,125100,-1.0,-1.0,-1.0
2020/09/08,423.0,430.66666666666663,417.3333333333333,427.66666666666663,175200,-1.0,-1.0,-1.0
2020/09/09,421.3333333333333,431.3333333333333,421.3333333333333,427.3333333333333,161100,-1.0,-1.0,-1.0
2020/09/10,429.3333333333333,429.66666666666663,424.3333333333333,426.66666666666663,126900,-1.0,-1.0,-1.0
2020/09/11,427.66666666666663,432.0,425.0,429.3333333333333,189300,-1.0,-1.0,-1.0
2020/09/14,434.66666666666663,437.66666666666663,429.0,433.3333333333333,176100,-1.0,-1.0,-1.0
2020/09/15,439.0,442.0,434.0,440.0,107400,-1.0,-1.0,-1.0
2020/09/16,440.0,445.3333333333333,437.66666666666663,444.3333333333333,151500,-1.0,-1.0,-1.0
2020/09/17,445.0,445.3333333333333,440.3333333333333,442.66666666666663,121200,-1.0,-1.0,-1.0
2020/09/18,443.3333333333333,450.66666666666663,437.66666666666663,447.3333333333333,308100,-1.0,-1.0,-1.0
2020/09/23,439.0,439.3333333333333,430.0,430.3333333333333,300300,-1.0,-1.0,-1.0
2020/09/24,428.0,431.66666666666663,424.0,428.66666666666663,279600,-1.0,-1.0,-1.0
2020/09/25,432.0,438.0,432.0,432.66666666666663,204600,-1.0,-1.0,-1.0
2020/09/28,437.3333333333333,453.66666666666663,436.0,451.3333333333333,316200,-1.0,-1.0,-1.0
2020/09/29,451.66666666666663,455.3333333333333,443.66666666666663,449.3333333333333,258900,-1.0,-1.0,-1.0
2020/09/30,447.3333333333333,447.3333333333333,437.66666666666663,437.66666666666663,186000,-1.0,-1.0,-1.0
2020/10/02,437.66666666666663,442.0,429.3333333333333,430.3333333333333,183000,-1.0,-1.0,-1.0
2020/10/05,436.66666666666663,441.3333333333333,434.3333333333333,437.0,156900,-1.0,-1.0,-1.0
2020/10/06,447.0,447.3333333333333,435.0,437.0,185400,-1.0,-1.0,-1.0
2020/10/07,433.66666666666663,436.66666666666663,431.0,434.66666666666663,108900,-1.0,-1.0,-1.0
2020/10/08,440.0,448.66666666666663,437.0,442.66666666666663,327600,-1.0,-1.0,-1.0
2020/10/09,442.3333333333333,449.3333333333333,436.0,445.66666666666663,163800,-1.0,-1.0,-1.0
2020/10/12,444.3333333333333,444.3333333333333,436.3333333333333,436.3333333333333,58200,-1.0,-1.0,-1.0
2020/10/13,436.66666666666663,436.66666666666663,431.66666666666663,435.3333333333333,112800,-1.0,-1.0,-1.0
2020/10/14,431.66666666666663,431.66666666666663,425.66666666666663,430.66666666666663,202200,-1.0,-1.0,-1.0
2020/10/15,425.66666666666663,426.0,420.0,422.66666666666663,239100,-1.0,-1.0,-1.0
2020/10/16,421.0,421.0,415.0,417.0,141600,-1.0,-1.0,-1.0
2020/10/19,413.66666666666663,422.0,413.3333333333333,422.0,181500,-1.0,-1.0,-1.0
2020/10/20,416.3333333333333,426.66666666666663,409.66666666666663,413.0,340200,-1.0,-1.0,-1.0
2020/10/21,413.66666666666663,415.66666666666663,409.3333333333333,415.3333333333333,183300,-1.0,-1.0,-1.0
2020/10/22,410.3333333333333,416.3333333333333,409.3333333333333,414.66666666666663,119100,-1.0,-1.0,-1.0
2020/10/23,414.66666666666663,417.3333333333333,410.0,412.0,83700,-1.0,-1.0,-1.0
2020/10/26,413.0,414.0,409.3333333333333,412.66666666666663,93000,-1.0,-1.0,-1.0
2020/10/27,406.66666666666663,411.3333333333333,405.3333333333333,410.3333333333333,152700,-1.0,-1.0,-1.0
2020/10/28,403.66666666666663,409.0,403.3333333333333,408.66666666666663,100200,-1.0,-1.0,-1.0
2020/10/29,405.66666666666663,410.0,403.3333333333333,409.3333333333333,138300,-1.0,-1.0,-1.0
2020/10/30,410.0,410.3333333333333,399.3333333333333,402.0,203700,-1.0,-1.0,-1.0
2020/11/02,402.0,412.66666666666663,401.66666666666663,411.3333333333333,219000,-1.0,-1.0,-1.0
2020/11/04,410.3333333333333,411.66666666666663,402.66666666666663,411.0,339300,-1.0,-1.0,-1.0
2020/11/05,409.3333333333333,418.66666666666663,403.66666666666663,416.66666666666663,394800,-1.0,-1.0,-1.0
2020/11/06,416.66666666666663,421.3333333333333,411.66666666666663,419.3333333333333,287700,-1.0,-1.0,-1.0
2020/11/09,419.3333333333333,420.66666666666663,406.3333333333333,408.3333333333333,623100,-1.0,-1.0,-1.0
2020/11/10,418.3333333333333,418.3333333333333,403.3333333333333,405.3333333333333,630300,-1.0,-1.0,-1.0
2020/11/11,412.3333333333333,413.66666666666663,402.66666666666663,405.0,442500,-1.0,-1.0,-1.0
2020/11/12,409.66666666666663,409.66666666666663,401.0,403.0,316500,-1.0,-1.0,-1.0
2020/11/13,407.0,407.0,392.0,395.0,487800,-1.0,-1.0,-1.0
2020/11/16,395.3333333333333,401.3333333333333,393.66666666666663,397.66666666666663,477000,-1.0,-1.0,-1.0
2020/11/17,401.3333333333333,401.3333333333333,392.0,393.0,366900,-1.0,-1.0,-1.0
2020/11/18,391.66666666666663,393.0,386.0,389.0,503700,-1.0,-1.0,-1.0
2020/11/19,390.3333333333333,391.3333333333333,380.3333333333333,380.3333333333333,417600,-1.0,-1.0,-1.0
2020/11/20,378.3333333333333,382.66666666666663,376.66666666666663,381.0,306900,-1.0,-1.0,-1.0
2020/11/24,391.0,396.0,386.3333333333333,390.66666666666663,328800,-1.0,-1.0,-1.0
2020/11/25,394.3333333333333,395.0,385.66666666666663,385.66666666666663,299100,-1.0,-1.0,-1.0
2020/11/26,386.66666666666663,387.0,379.66666666666663,380.0,260400,-1.0,-1.0,-1.0
2020/11/27,380.0,382.0,374.66666666666663,379.3333333333333,463800,-1.0,-1.0,-1.0
2020/11/30,379.3333333333333,379.66666666666663,367.3333333333333,370.3333333333333,497100,-1.0,-1.0,-1.0
2020/12/01,372.0,375.0,366.66666666666663,370.0,424800,-1.0,-1.0,-1.0
2020/12/02,373.66666666666663,373.66666666666663,366.3333333333333,368.0,234900,-1.0,-1.0,-1.0
2020/12/03,365.3333333333333,370.0,364.3333333333333,370.0,288900,-1.0,-1.0,-1.0
2020/12/04,370.0,370.3333333333333,365.0,365.3333333333333,127200,-1.0,-1.0,-1.0
2020/12/07,385.3333333333333,385.3333333333333,373.66666666666663,374.66666666666663,530400,-1.0,-1.0,-1.0
2020/12/08,373.3333333333333,380.0,373.3333333333333,378.0,233700,-1.0,-1.0,-1.0
2020/12/09,378.0,382.3333333333333,377.3333333333333,380.3333333333333,228300,-1.0,-1.0,-1.0
2020/12/10,380.66666666666663,392.66666666666663,380.66666666666663,389.0,232500,-1.0,-1.0,-1.0
2020/12/11,390.66666666666663,391.66666666666663,386.0,389.3333333333333,205800,-1.0,-1.0,-1.0
2020/12/14,390.66666666666663,399.0,390.3333333333333,394.0,206700,-1.0,-1.0,-1.0
2020/12/15,397.0,398.0,392.3333333333333,393.66666666666663,162300,-1.0,-1.0,-1.0
2020/12/16,395.3333333333333,395.3333333333333,389.66666666666663,390.3333333333333,213900,-1.0,-1.0,-1.0
2020/12/17,389.3333333333333,391.0,384.3333333333333,387.66666666666663,245700,-1.0,-1.0,-1.0
2020/12/18,387.66666666666663,392.3333333333333,386.3333333333333,389.3333333333333,348300,-1.0,-1.0,-1.0
2020/12/21,392.66666666666663,394.3333333333333,390.0,394.3333333333333,190500,-1.0,-1.0,-1.0
2020/12/22,391.66666666666663,391.66666666666663,386.66666666666663,387.3333333333333,181500,-1.0,-1.0,-1.0
2020/12/23,389.66666666666663,393.3333333333333,388.0,393.3333333333333,129000,-1.0,-1.0,-1.0
2020/12/24,393.66666666666663,402.3333333333333,393.3333333333333,398.66666666666663,205200,-1.0,-1.0,-1.0
2020/12/25,401.0,408.0,401.0,406.0,141900,-1.0,-1.0,-1.0
2020/12/28,410.66666666666663,410.66666666666663,400.3333333333333,406.0,255000,-1.0,-1.0,-1.0
2020/12/29,409.0,412.0,406.3333333333333,410.66666666666663,237900,-1.0,-1.0,-1.0
2020/12/30,410.66666666666663,412.0,406.0,408.66666666666663,238200,-1.0,-1.0,-1.0
2021/01/04,410.0,411.3333333333333,403.3333333333333,404.0,236700,-1.0,-1.0,-1.0
2021/01/05,401.3333333333333,405.0,398.66666666666663,401.0,185100,-1.0,-1.0,-1.0
2021/01/06,400.0,402.66666666666663,399.3333333333333,401.66666666666663,243600,-1.0,-1.0,-1.0
2021/01/07,410.66666666666663,413.66666666666663,407.3333333333333,408.66666666666663,407100,-1.0,-1.0,-1.0
2021/01/08,410.0,411.66666666666663,406.0,411.0,324000,-1.0,-1.0,-1.0
2021/01/12,407.66666666666663,413.66666666666663,405.66666666666663,413.66666666666663,209400,-1.0,-1.0,-1.0
2021/01/13,410.0,411.66666666666663,407.0,409.66666666666663,238500,-1.0,-1.0,-1.0
2021/01/14,408.66666666666663,412.3333333333333,407.0,410.66666666666663,309000,-1.0,-1.0,-1.0
2021/01/15,411.3333333333333,411.66666666666663,403.3333333333333,403.3333333333333,212700,-1.0,-1.0,-1.0
2021/01/18,400.3333333333333,404.3333333333333,399.3333333333333,403.0,177000,-1.0,-1.0,-1.0
2021/01/19,403.66666666666663,408.3333333333333,403.0,404.0,129900,-1.0,-1.0,-1.0
2021/01/20,405.66666666666663,407.0,400.66666666666663,405.0,190200,-1.0,-1.0,-1.0
2021/01/21,405.66666666666663,407.3333333333333,403.66666666666663,405.0,180300,-1.0,-1.0,-1.0
2021/01/22,402.0,409.3333333333333,402.0,404.0,269700,-1.0,-1.0,-1.0
2021/01/25,406.3333333333333,407.0,400.66666666666663,400.66666666666663,154800,-1.0,-1.0,-1.0
2021/01/26,402.3333333333333,402.3333333333333,396.3333333333333,399.66666666666663,335400,-1.0,-1.0,-1.0
2021/01/27,396.66666666666663,399.66666666666663,395.0,395.66666666666663,262200,-1.0,-1.0,-1.0
2021/01/28,391.66666666666663,393.0,386.66666666666663,388.3333333333333,483000,-1.0,-1.0,-1.0
2021/01/29,388.3333333333333,392.0,384.3333333333333,385.3333333333333,437700,-1.0,-1.0,-1.0
2021/02/01,383.66666666666663,385.3333333333333,380.3333333333333,381.0,275700,-1.0,-1.0,-1.0
2021/02/02,381.66666666666663,387.3333333333333,381.66666666666663,384.66666666666663,336600,-1.0,-1.0,-1.0
2021/02/03,388.3333333333333,393.3333333333333,384.0,392.0,279000,-1.0,-1.0,-1.0
2021/02/04,391.0,398.66666666666663,390.66666666666663,394.66666666666663,276300,-1.0,-1.0,-1.0
2021/02/05,400.0,400.0,392.3333333333333,395.3333333333333,421500,-1.0,-1.0,-1.0
2021/02/08,395.0,401.0,388.0,396.66666666666663,516300,-1.0,-1.0,-1.0
2021/02/09,396.66666666666663,399.0,393.3333333333333,396.66666666666663,336000,-1.0,-1.0,-1.0
2021/02/10,399.0,399.0,392.66666666666663,392.66666666666663,200400,-1.0,-1.0,-1.0
2021/02/12,395.3333333333333,395.3333333333333,390.66666666666663,390.66666666666663,207300,-1.0,-1.0,-1.0
2021/02/15,391.66666666666663,396.0,386.66666666666663,394.3333333333333,328800,-1.0,-1.0,-1.0
2021/02/16,397.3333333333333,399.3333333333333,393.0,395.66666666666663,305400,-1.0,-1.0,-1.0
2021/02/17,397.0,401.66666666666663,394.66666666666663,398.66666666666663,288000,-1.0,-1.0,-1.0
2021/02/18,400.0,400.0,395.66666666666663,399.0,325800,-1.0,-1.0,-1.0
2021/02/19,395.66666666666663,398.0,393.3333333333333,393.66666666666663,211800,-1.0,-1.0,-1.0
2021/02/22,399.3333333333333,399.66666666666663,392.3333333333333,392.3333333333333,298200,-1.0,-1.0,-1.0
2021/02/24,395.66666666666663,397.3333333333333,388.3333333333333,390.0,347100,-1.0,-1.0,-1.0
2021/02/25,393.66666666666663,396.66666666666663,391.3333333333333,392.3333333333333,241500,-1.0,-1.0,-1.0
2021/02/26,392.3333333333333,393.3333333333333,380.0,380.0,1040400,-1.0,-1.0,-1.0
2021/03/01,388.3333333333333,393.66666666666663,387.66666666666663,391.3333333333333,335700,-1.0,-1.0,-1.0
2021/03/02,395.3333333333333,396.3333333333333,389.66666666666663,391.0,348900,-1.0,-1.0,-1.0
2021/03/03,394.3333333333333,396.66666666666663,390.0,395.66666666666663,503400,-1.0,-1.0,-1.0
2021/03/04,397.3333333333333,406.3333333333333,396.3333333333333,402.66666666666663,734700,-1.0,-1.0,-1.0
2021/03/05,405.0,414.3333333333333,401.3333333333333,414.0,489000,-1.0,-1.0,-1.0
2021/03/08,416.0,419.0,408.0,410.3333333333333,322800,-1.0,-1.0,-1.0
2021/03/09,420.0,420.0,409.66666666666663,412.66666666666663,321000,-1.0,-1.0,-1.0
2021/03/10,412.66666666666663,419.3333333333333,411.66666666666663,416.3333333333333,385800,-1.0,-1.0,-1.0
2021/03/11,419.3333333333333,420.0,415.0,415.0,382500,-1.0,-1.0,-1.0
2021/03/12,410.0,416.3333333333333,409.0,415.3333333333333,284400,-1.0,-1.0,-1.0
2021/03/15,415.66666666666663,420.66666666666663,415.66666666666663,420.0,276600,-1.0,-1.0,-1.0
2021/03/16,419.3333333333333,429.3333333333333,419.0,427.0,279300,-1.0,-1.0,-1.0
2021/03/17,423.66666666666663,423.66666666666663,420.0,423.0,180300,-1.0,-1.0,-1.0
2021/03/18,422.66666666666663,425.66666666666663,421.0,422.3333333333333,283800,-1.0,-1.0,-1.0
2021/03/19,423.0,426.3333333333333,419.66666666666663,425.3333333333333,406200,-1.0,-1.0,-1.0
2021/03/22,421.0,422.3333333333333,417.0,420.0,327000,-1.0,-1.0,-1.0
2021/03/23,421.66666666666663,421.66666666666663,414.66666666666663,414.66666666666663,268500,-1.0,-1.0,-1.0
2021/03/24,413.3333333333333,413.3333333333333,407.0,407.66666666666663,395400,-1.0,-1.0,-1.0
2021/03/25,409.66666666666663,414.3333333333333,409.3333333333333,410.66666666666663,291000,-1.0,-1.0,-1.0
2021/03/26,416.66666666666663,421.3333333333333,415.0,420.0,266100,-1.0,-1.0,-1.0
2021/03/29,422.66666666666663,426.66666666666663,418.3333333333333,426.3333333333333,664200,-1.0,-1.0,-1.0
2021/03/30,410.3333333333333,411.0,402.3333333333333,403.3333333333333,514500,-1.0,-1.0,-1.0
2021/03/31,400.3333333333333,403.0,397.66666666666663,398.66666666666663,426900,-1.0,-1.0,-1.0
2021/04/01,397.3333333333333,403.0,395.3333333333333,396.0,315300,-1.0,-1.0,-1.0
2021/04/02,400.3333333333333,404.66666666666663,399.3333333333333,401.0,148800,-1.0,-1.0,-1.0
2021/04/05,400.3333333333333,402.66666666666663,398.3333333333333,399.3333333333333,265500,-1.0,-1.0,-1.0
2021/04/06,400.0,402.3333333333333,392.0,393.66666666666663,258000,-1.0,-1.0,-1.0
2021/04/07,393.0,398.3333333333333,393.0,396.0,345600,-1.0,-1.0,-1.0
2021/04/08,390.66666666666663,394.3333333333333,388.0,389.0,348600,-1.0,-1.0,-1.0
2021/04/09,393.0,395.66666666666663,390.3333333333333,392.0,305400,-1.0,-1.0,-1.0
2021/04/12,396.0,399.66666666666663,395.3333333333333,396.0,120300,-1.0,-1.0,-1.0
2021/04/13,397.66666666666663,402.0,397.3333333333333,397.3333333333333,142800,-1.0,-1.0,-1.0
2021/04/14,396.3333333333333,399.0,394.3333333333333,398.66666666666663,131700,-1.0,-1.0,-1.0
2021/04/15,398.66666666666663,402.66666666666663,398.66666666666663,400.66666666666663,130800,-1.0,-1.0,-1.0
2021/04/16,401.0,402.3333333333333,397.66666666666663,400.3333333333333,111900,-1.0,-1.0,-1.0
2021/04/19,400.66666666666663,407.3333333333333,400.0,405.3333333333333,279900,-1.0,-1.0,-1.0
2021/04/20,400.0,403.66666666666663,397.3333333333333,400.3333333333333,211800,-1.0,-1.0,-1.0
2021/04/21,395.3333333333333,395.66666666666663,390.66666666666663,391.66666666666663,168300,-1.0,-1.0,-1.0
2021/04/22,393.0,398.66666666666663,392.3333333333333,394.66666666666663,146700,-1.0,-1.0,-1.0
2021/04/23,391.3333333333333,393.3333333333333,390.66666666666663,392.3333333333333,93300,-1.0,-1.0,-1.0
2021/04/26,394.66666666666663,397.3333333333333,390.66666666666663,390.66666666666663,163800,-1.0,-1.0,-1.0
2021/04/27,390.0,391.3333333333333,388.0,388.0,120300,-1.0,-1.0,-1.0
2021/04/28,389.0,389.66666666666663,382.0,382.0,194100,-1.0,-1.0,-1.0
2021/04/30,382.0,386.0,382.0,383.66666666666663,289200,-1.0,-1.0,-1.0
2021/05/06,388.3333333333333,395.66666666666663,388.0,388.0,255600,-1.0,-1.0,-1.0
2021/05/07,394.0,400.3333333333333,392.66666666666663,397.3333333333333,386700,-1.0,-1.0,-1.0
2021/05/10,398.3333333333333,402.3333333333333,395.66666666666663,400.66666666666663,239700,-1.0,-1.0,-1.0
2021/05/11,400.0,402.66666666666663,395.3333333333333,395.3333333333333,245100,-1.0,-1.0,-1.0
2021/05/12,396.0,396.66666666666663,387.0,387.0,302100,-1.0,-1.0,-1.0
2021/05/13,385.66666666666663,389.0,381.0,381.0,197400,-1.0,-1.0,-1.0
2021/05/14,388.0,392.0,384.0,388.66666666666663,291600,-1.0,-1.0,-1.0
2021/05/17,388.66666666666663,405.3333333333333,388.66666666666663,404.0,861900,-1.0,-1.0,-1.0
2021/05/18,404.0,411.66666666666663,404.0,409.0,545400,-1.0,-1.0,-1.0
2021/05/19,405.66666666666663,413.0,405.66666666666663,410.66666666666663,294300,-1.0,-1.0,-1.0
2021/05/20,410.0,413.3333333333333,407.66666666666663,412.66666666666663,352500,-1.0,-1.0,-1.0
2021/05/21,412.66666666666663,412.66666666666663,405.0,406.3333333333333,206700,-1.0,-1.0,-1.0
2021/05/24,407.0,407.66666666666663,402.0,402.3333333333333,133500,-1.0,-1.0,-1.0
2021/05/25,399.3333333333333,399.3333333333333,390.66666666666663,394.0,206400,-1.0,-1.0,-1.0
2021/05/26,391.3333333333333,391.3333333333333,387.0,387.0,203100,-1.0,-1.0,-1.0
2021/05/27,387.0,389.66666666666663,377.3333333333333,377.3333333333333,730200,-1.0,-1.0,-1.0
2021/05/28,378.66666666666663,386.3333333333333,378.66666666666663,384.66666666666663,327000,-1.0,-1.0,-1.0
2021/05/31,384.66666666666663,392.3333333333333,383.0,386.3333333333333,402000,-1.0,-1.0,-1.0
2021/06/01,389.3333333333333,389.3333333333333,383.66666666666663,384.66666666666663,230400,-1.0,-1.0,-1.0
2021/06/02,384.3333333333333,386.0,377.0,381.66666666666663,274800,-1.0,-1.0,-1.0
2021/06/03,381.3333333333333,385.3333333333333,378.3333333333333,384.66666666666663,308400,-1.0,-1.0,-1.0
2021/06/04,384.66666666666663,391.66666666666663,384.3333333333333,390.66666666666663,218400,-1.0,-1.0,-1.0
2021/06/07,390.66666666666663,394.66666666666663,389.0,390.3333333333333,203400,-1.0,-1.0,-1.0
2021/06/08,389.0,395.3333333333333,387.3333333333333,393.66666666666663,171900,-1.0,-1.0,-1.0
2021/06/09,393.0,396.66666666666663,389.66666666666663,390.0,135300,-1.0,-1.0,-1.0
2021/06/10,389.66666666666663,391.0,387.0,388.0,116400,-1.0,-1.0,-1.0
2021/06/11,390.3333333333333,394.0,382.66666666666663,385.0,318300,-1.0,-1.0,-1.0
2021/06/14,384.66666666666663,385.66666666666663,381.66666666666663,382.3333333333333,124500,-1.0,-1.0,-1.0
2021/06/15,385.0,385.66666666666663,382.3333333333333,382.3333333333333,134700,-1.0,-1.0,-1.0
2021/06/16,383.0,386.0,381.66666666666663,384.0,119400,-1.0,-1.0,-1.0
2021/06/17,384.3333333333333,384.66666666666663,380.66666666666663,381.0,95700,-1.0,-1.0,-1.0
2021/06/18,381.3333333333333,382.3333333333333,377.66666666666663,378.0,260700,-1.0,-1.0,-1.0
2021/06/21,373.3333333333333,373.3333333333333,365.3333333333333,365.66666666666663,410400,-1.0,-1.0,-1.0
2021/06/22,378.66666666666663,384.3333333333333,378.0,381.0,434400,-1.0,-1.0,-1.0
2021/06/23,389.0,389.0,383.3333333333333,384.0,228900,-1.0,-1.0,-1.0
2021/06/24,381.0,386.0,365.0,383.0,363600,-1.0,-1.0,-1.0
2021/06/25,389.0,391.66666666666663,384.66666666666663,385.66666666666663,194100,-1.0,-1.0,-1.0
2021/06/28,398.66666666666663,404.66666666666663,394.0,397.0,561600,-1.0,-1.0,-1.0
2021/06/29,393.66666666666663,393.66666666666663,388.0,389.3333333333333,209100,-1.0,-1.0,-1.0
2021/06/30,396.3333333333333,396.66666666666663,384.66666666666663,384.66666666666663,183300,-1.0,-1.0,-1.0
2021/07/01,386.66666666666663,387.0,382.3333333333333,383.0,152100,-1.0,-1.0,-1.0
2021/07/02,383.66666666666663,387.66666666666663,381.3333333333333,385.66666666666663,179400,-1.0,-1.0,-1.0
2021/07/05,384.66666666666663,389.66666666666663,383.0,388.0,151800,-1.0,-1.0,-1.0
2021/07/06,388.0,388.66666666666663,385.0,385.0,133200,-1.0,-1.0,-1.0
2021/07/07,381.3333333333333,384.3333333333333,380.0,381.3333333333333,124500,-1.0,-1.0,-1.0
2021/07/08,379.66666666666663,385.0,379.0,379.0,208500,-1.0,-1.0,-1.0
2021/07/09,374.66666666666663,377.66666666666663,370.3333333333333,376.0,367200,-1.0,-1.0,-1.0
2021/07/12,394.3333333333333,397.0,390.3333333333333,393.66666666666663,401100,-1.0,-1.0,-1.0
2021/07/13,396.66666666666663,402.3333333333333,396.66666666666663,400.66666666666663,200700,-1.0,-1.0,-1.0
2021/07/14,394.3333333333333,400.0,394.3333333333333,397.66666666666663,166200,-1.0,-1.0,-1.0
2021/07/15,397.66666666666663,401.0,392.66666666666663,394.0,258600,-1.0,-1.0,-1.0
2021/07/16,389.3333333333333,393.0,387.66666666666663,389.0,116400,-1.0,-1.0,-1.0
2021/07/19,389.0,389.66666666666663,383.66666666666663,385.0,144900,-1.0,-1.0,-1.0
2021/07/20,378.66666666666663,383.3333333333333,378.66666666666663,380.66666666666663,193500,-1.0,-1.0,-1.0
2021/07/21,381.66666666666663,384.66666666666663,378.0,378.0,553500,-1.0,-1.0,-1.0
2021/07/26,384.3333333333333,384.66666666666663,379.3333333333333,382.66666666666663,437400,-1.0,-1.0,-1.0
2021/07/27,386.66666666666663,394.0,386.0,391.66666666666663,187500,-1.0,-1.0,-1.0
2021/07/28,385.3333333333333,393.0,385.3333333333333,390.0,81600,-1.0,-1.0,-1.0
2021/07/29,388.0,389.0,386.0,389.0,128100,-1.0,-1.0,-1.0
2021/07/30,385.3333333333333,386.0,379.3333333333333,380.0,158700,-1.0,-1.0,-1.0
2021/08/02,383.3333333333333,390.66666666666663,383.3333333333333,388.66666666666663,191700,-1.0,-1.0,-1.0
2021/08/03,385.3333333333333,390.3333333333333,385.3333333333333,387.3333333333333,108000,-1.0,-1.0,-1.0
2021/08/04,387.3333333333333,388.0,382.3333333333333,383.0,82500,-1.0,-1.0,-1.0
2021/08/05,383.0,388.3333333333333,383.0,386.3333333333333,109500,-1.0,-1.0,-1.0
2021/08/06,390.0,391.3333333333333,385.66666666666663,385.66666666666663,80400,-1.0,-1.0,-1.0
2021/08/10,381.0,381.66666666666663,370.0,374.0,394500,-1.0,-1.0,-1.0
2021/08/11,380.0,381.66666666666663,374.66666666666663,375.66666666666663,166200,-1.0,-1.0,-1.0
2021/08/12,376.66666666666663,377.0,373.0,374.66666666666663,124500,-1.0,-1.0,-1.0
2021/08/13,375.0,375.3333333333333,370.0,370.0,75000,-1.0,-1.0,-1.0
2021/08/16,370.0,370.3333333333333,360.66666666666663,363.66666666666663,305700,-1.0,-1.0,-1.0
2021/08/17,364.3333333333333,365.3333333333333,357.66666666666663,357.66666666666663,165900,-1.0,-1.0,-1.0
2021/08/18,359.3333333333333,367.0,359.3333333333333,364.3333333333333,124800,-1.0,-1.0,-1.0
2021/08/19,363.3333333333333,368.0,361.3333333333333,362.0,111600,-1.0,-1.0,-1.0
2021/08/20,362.3333333333333,364.0,359.66666666666663,361.0,138900,-1.0,-1.0,-1.0
2021/08/23,361.66666666666663,366.3333333333333,361.66666666666663,362.3333333333333,88200,-1.0,-1.0,-1.0
2021/08/24,362.66666666666663,365.0,362.0,362.3333333333333,105300,-1.0,-1.0,-1.0
2021/08/25,362.3333333333333,368.66666666666663,362.3333333333333,367.0,138900,-1.0,-1.0,-1.0
2021/08/26,369.0,369.0,363.3333333333333,365.66666666666663,104100,-1.0,-1.0,-1.0
2021/08/27,364.3333333333333,366.0,360.66666666666663,364.3333333333333,109200,-1.0,-1.0,-1.0
2021/08/30,367.66666666666663,372.66666666666663,367.0,372.0,142500,-1.0,-1.0,-1.0
2021/08/31,370.3333333333333,373.3333333333333,368.66666666666663,369.3333333333333,144600,-1.0,-1.0,-1.0
2021/09/01,369.66666666666663,373.66666666666663,369.0,373.0,171300,-1.0,-1.0,-1.0
2021/09/02,371.66666666666663,373.0,368.66666666666663,372.0,125700,-1.0,-1.0,-1.0
2021/09/03,374.66666666666663,382.66666666666663,372.66666666666663,382.0,234600,-1.0,-1.0,-1.0
2021/09/06,384.66666666666663,386.3333333333333,380.3333333333333,386.0,156300,-1.0,-1.0,-1.0
2021/09/07,391.3333333333333,396.3333333333333,389.66666666666663,391.3333333333333,283200,-1.0,-1.0,-1.0
2021/09/08,392.66666666666663,398.0,391.66666666666663,397.66666666666663,303000,-1.0,-1.0,-1.0
2021/09/09,396.0,399.0,394.0,397.66666666666663,283500,-1.0,-1.0,-1.0
2021/09/10,394.3333333333333,399.66666666666663,394.3333333333333,399.66666666666663,273300,-1.0,-1.0,-1.0
2021/09/13,398.66666666666663,409.3333333333333,395.3333333333333,409.3333333333333,314100,-1.0,-1.0,-1.0
2021/09/14,410.0,418.0,409.3333333333333,418.0,259200,-1.0,-1.0,-1.0
2021/09/15,414.66666666666663,414.66666666666663,409.0,413.3333333333333,189000,-1.0,-1.0,-1.0
2021/09/16,414.3333333333333,419.0,413.3333333333333,418.66666666666663,168900,-1.0,-1.0,-1.0
2021/09/17,419.0,420.0,413.66666666666663,420.0,335400,-1.0,-1.0,-1.0
2021/09/21,415.0,415.0,409.0,411.66666666666663,186900,-1.0,-1.0,-1.0
2021/09/22,410.0,411.0,404.0,405.3333333333333,135000,-1.0,-1.0,-1.0
2021/09/24,414.66666666666663,414.66666666666663,407.66666666666663,412.0,246900,-1.0,-1.0,-1.0
2021/09/27,415.3333333333333,415.3333333333333,408.66666666666663,409.0,139800,-1.0,-1.0,-1.0
2021/09/28,407.3333333333333,413.0,400.66666666666663,410.66666666666663,185400,-1.0,-1.0,-1.0
2021/09/29,402.0,407.66666666666663,400.66666666666663,405.3333333333333,194400,-1.0,-1.0,-1.0
2021/09/30,405.0,408.0,401.0,401.66666666666663,174600,-1.0,-1.0,-1.0
2021/10/01,400.0,400.66666666666663,395.3333333333333,395.3333333333333,184800,-1.0,-1.0,-1.0
2021/10/04,396.66666666666663,400.3333333333333,395.66666666666663,398.3333333333333,135300,-1.0,-1.0,-1.0
2021/10/05,394.3333333333333,400.66666666666663,393.66666666666663,396.3333333333333,226200,-1.0,-1.0,-1.0
2021/10/06,393.3333333333333,406.3333333333333,393.3333333333333,401.0,202800,-1.0,-1.0,-1.0
2021/10/07,401.3333333333333,406.66666666666663,398.0,398.3333333333333,187200,-1.0,-1.0,-1.0
2021/10/08,401.0,405.0,397.3333333333333,401.66666666666663,334800,-1.0,-1.0,-1.0
2021/10/11,399.66666666666663,406.0,399.66666666666663,406.0,236100,-1.0,-1.0,-1.0
2021/10/12,400.66666666666663,405.66666666666663,399.66666666666663,403.3333333333333,163500,-1.0,-1.0,-1.0
2021/10/13,406.3333333333333,410.0,402.3333333333333,407.66666666666663,185700,-1.0,-1.0,-1.0
2021/10/14,403.3333333333333,407.3333333333333,402.0,406.0,148500,-1.0,-1.0,-1.0
2021/10/15,407.66666666666663,412.0,405.3333333333333,411.66666666666663,153900,-1.0,-1.0,-1.0
2021/10/18,410.0,411.66666666666663,407.0,411.0,124500,-1.0,-1.0,-1.0
2021/10/19,407.66666666666663,411.3333333333333,407.3333333333333,410.3333333333333,120300,-1.0,-1.0,-1.0
2021/10/20,412.3333333333333,413.0,409.3333333333333,409.3333333333333,126000,-1.0,-1.0,-1.0
2021/10/21,408.0,414.0,406.0,411.66666666666663,183000,-1.0,-1.0,-1.0
2021/10/22,408.3333333333333,410.66666666666663,405.66666666666663,407.66666666666663,188100,-1.0,-1.0,-1.0
2021/10/25,405.0,412.0,405.0,410.0,160800,-1.0,-1.0,-1.0
2021/10/26,414.3333333333333,415.66666666666663,411.3333333333333,413.0,127500,-1.0,-1.0,-1.0
2021/10/27,413.0,414.0,409.3333333333333,414.0,161100,-1.0,-1.0,-1.0
2021/10/28,410.0,411.66666666666663,403.0,410.66666666666663,1006200,-1.0,-1.0,-1.0
2021/10/29,410.3333333333333,411.66666666666663,409.3333333333333,410.0,134400,-1.0,-1.0,-1.0
2021/11/01,413.66666666666663,413.66666666666663,410.66666666666663,413.3333333333333,117300,-1.0,-1.0,-1.0
2021/11/02,410.3333333333333,415.66666666666663,410.3333333333333,411.66666666666663,182700,-1.0,-1.0,-1.0
2021/11/04,414.3333333333333,415.66666666666663,397.3333333333333,397.3333333333333,356700,-1.0,-1.0,-1.0
2021/11/05,403.3333333333333,413.66666666666663,402.0,410.0,285300,-1.0,-1.0,-1.0
2021/11/08,413.3333333333333,421.0,407.3333333333333,409.66666666666663,273000,-1.0,-1.0,-1.0
2021/11/09,409.66666666666663,412.66666666666663,408.3333333333333,410.0,151200,-1.0,-1.0,-1.0
2021/11/10,412.0,412.0,408.3333333333333,410.0,60600,-1.0,-1.0,-1.0
2021/11/11,409.3333333333333,416.0,409.3333333333333,413.0,98100,-1.0,-1.0,-1.0
2021/11/12,412.3333333333333,419.66666666666663,412.0,413.66666666666663,99900,-1.0,-1.0,-1.0
2021/11/15,415.3333333333333,415.3333333333333,405.66666666666663,406.0,84900,-1.0,-1.0,-1.0
2021/11/16,405.66666666666663,408.66666666666663,404.3333333333333,405.3333333333333,93300,-1.0,-1.0,-1.0
2021/11/17,405.0,405.0,393.66666666666663,393.66666666666663,105300,-1.0,-1.0,-1.0
2021/11/18,396.66666666666663,397.66666666666663,391.66666666666663,395.66666666666663,159300,-1.0,-1.0,-1.0
2021/11/19,397.0,401.0,393.3333333333333,398.0,126900,-1.0,-1.0,-1.0
2021/11/22,395.0,400.3333333333333,394.3333333333333,398.3333333333333,116400,-1.0,-1.0,-1.0
2021/11/24,398.66666666666663,406.3333333333333,396.3333333333333,396.66666666666663,144600,-1.0,-1.0,-1.0
2021/11/25,397.3333333333333,402.0,397.3333333333333,399.66666666666663,86400,-1.0,-1.0,-1.0
2021/11/26,396.66666666666663,397.66666666666663,387.66666666666663,392.0,153900,-1.0,-1.0,-1.0
2021/11/29,386.3333333333333,393.0,382.0,383.3333333333333,139500,-1.0,-1.0,-1.0
2021/11/30,385.0,392.3333333333333,373.66666666666663,373.66666666666663,256500,-1.0,-1.0,-1.0
2021/12/01,373.66666666666663,385.66666666666663,373.66666666666663,385.0,154200,-1.0,-1.0,-1.0
2021/12/02,380.3333333333333,391.0,380.3333333333333,385.0,135300,-1.0,-1.0,-1.0
2021/12/03,391.0,391.3333333333333,386.3333333333333,388.3333333333333,114300,-1.0,-1.0,-1.0
2021/12/06,388.3333333333333,392.0,383.66666666666663,384.0,113400,-1.0,-1.0,-1.0
2021/12/07,383.66666666666663,396.0,383.66666666666663,395.3333333333333,115200,-1.0,-1.0,-1.0
2021/12/08,395.66666666666663,396.3333333333333,393.3333333333333,395.66666666666663,116700,-1.0,-1.0,-1.0
2021/12/09,395.66666666666663,396.0,392.0,392.66666666666663,76500,-1.0,-1.0,-1.0
2021/12/10,402.66666666666663,402.66666666666663,386.0,393.0,199200,-1.0,-1.0,-1.0
2021/12/13,399.66666666666663,399.66666666666663,388.0,393.0,99000,-1.0,-1.0,-1.0
2021/12/14,393.3333333333333,395.3333333333333,390.0,395.3333333333333,113700,-1.0,-1.0,-1.0
2021/12/15,394.3333333333333,399.66666666666663,393.0,397.3333333333333,126000,-1.0,-1.0,-1.0
2021/12/16,398.3333333333333,399.0,395.3333333333333,396.3333333333333,75600,-1.0,-1.0,-1.0
2021/12/17,396.3333333333333,399.66666666666663,395.0,398.3333333333333,188700,-1.0,-1.0,-1.0
2021/12/20,395.66666666666663,395.66666666666663,386.66666666666663,387.66666666666663,108900,-1.0,-1.0,-1.0
2021/12/21,394.0,394.66666666666663,387.0,390.3333333333333,71400,-1.0,-1.0,-1.0
2021/12/22,391.66666666666663,391.66666666666663,388.0,388.3333333333333,69300,-1.0,-1.0,-1.0
2021/12/23,390.3333333333333,391.0,388.0,389.66666666666663,54300,-1.0,-1.0,-1.0
2021/12/24,391.0,391.0,385.3333333333333,386.0,58800,-1.0,-1.0,-1.0
2021/12/27,389.0,389.0,383.0,387.66666666666663,113100,-1.0,-1.0,-1.0
2021/12/28,388.3333333333333,393.3333333333333,385.3333333333333,393.3333333333333,234900,-1.0,-1.0,-1.0
2021/12/29,390.0,393.3333333333333,385.66666666666663,391.3333333333333,139800,-1.0,-1.0,-1.0
2021/12/30,391.3333333333333,393.3333333333333,389.0,389.66666666666663,62400,-1.0,-1.0,-1.0
2022/01/04,394.66666666666663,395.0,387.0,395.0,115200,-1.0,-1.0,-1.0
2022/01/05,397.66666666666663,398.0,391.3333333333333,394.66666666666663,95100,-1.0,-1.0,-1.0
2022/01/06,391.3333333333333,395.3333333333333,390.0,390.0,147000,-1.0,-1.0,-1.0
2022/01/07,391.66666666666663,398.66666666666663,389.0,393.3333333333333,171300,-1.0,-1.0,-1.0
2022/01/11,392.66666666666663,393.66666666666663,384.3333333333333,390.66666666666663,132000,-1.0,-1.0,-1.0
2022/01/12,393.0,395.0,391.3333333333333,392.66666666666663,93000,-1.0,-1.0,-1.0
2022/01/13,391.0,391.3333333333333,389.0,389.0,68100,-1.0,-1.0,-1.0
2022/01/14,388.3333333333333,388.3333333333333,383.0,385.0,142200,-1.0,-1.0,-1.0
2022/01/17,386.0,389.3333333333333,385.0,388.0,43200,-1.0,-1.0,-1.0
2022/01/18,390.66666666666663,390.66666666666663,384.66666666666663,385.3333333333333,93000,-1.0,-1.0,-1.0
2022/01/19,384.66666666666663,385.66666666666663,378.66666666666663,380.66666666666663,179100,-1.0,-1.0,-1.0
2022/01/20,382.3333333333333,385.66666666666663,378.66666666666663,381.0,280500,-1.0,-1.0,-1.0
2022/01/21,381.66666666666663,387.0,379.66666666666663,383.3333333333333,95700,-1.0,-1.0,-1.0
2022/01/24,385.3333333333333,389.0,383.3333333333333,389.0,90600,-1.0,-1.0,-1.0
2022/01/25,389.3333333333333,393.0,386.0,389.66666666666663,96600,-1.0,-1.0,-1.0
2022/01/26,393.0,393.0,384.0,384.0,100200,-1.0,-1.0,-1.0
2022/01/27,388.0,388.0,372.0,373.66666666666663,132900,-1.0,-1.0,-1.0
2022/01/28,378.0,382.0,377.0,380.3333333333333,125700,-1.0,-1.0,-1.0
2022/01/31,382.66666666666663,383.66666666666663,378.3333333333333,383.3333333333333,89400,-1.0,-1.0,-1.0
2022/02/01,384.3333333333333,386.0,382.66666666666663,383.66666666666663,126300,-1.0,-1.0,-1.0
2022/02/02,384.66666666666663,387.66666666666663,383.3333333333333,386.3333333333333,72300,-1.0,-1.0,-1.0
2022/02/03,384.0,389.0,384.0,387.3333333333333,63900,-1.0,-1.0,-1.0
2022/02/04,387.3333333333333,388.3333333333333,384.0,384.3333333333333,114000,-1.0,-1.0,-1.0
2022/02/07,380.66666666666663,380.66666666666663,372.66666666666663,376.3333333333333,127500,-1.0,-1.0,-1.0
2022/02/08,377.66666666666663,383.66666666666663,377.66666666666663,380.3333333333333,82200,-1.0,-1.0,-1.0
2022/02/09,380.3333333333333,380.66666666666663,374.66666666666663,379.3333333333333,90600,-1.0,-1.0,-1.0
2022/02/10,381.3333333333333,381.66666666666663,377.66666666666663,381.66666666666663,83700,-1.0,-1.0,-1.0
2022/02/14,382.0,386.3333333333333,378.3333333333333,381.0,115800,-1.0,-1.0,-1.0
2022/02/15,382.3333333333333,385.3333333333333,378.66666666666663,379.3333333333333,104400,-1.0,-1.0,-1.0
2022/02/16,384.3333333333333,384.3333333333333,380.0,383.0,64800,-1.0,-1.0,-1.0
2022/02/17,381.66666666666663,383.3333333333333,377.3333333333333,381.0,113100,-1.0,-1.0,-1.0
2022/02/18,377.0,381.0,377.0,380.0,65400,-1.0,-1.0,-1.0
2022/02/21,373.66666666666663,376.66666666666663,372.0,373.3333333333333,94800,-1.0,-1.0,-1.0
2022/02/22,371.0,371.0,364.66666666666663,364.66666666666663,86700,-1.0,-1.0,-1.0
2022/02/24,363.66666666666663,368.66666666666663,360.66666666666663,368.66666666666663,113700,-1.0,-1.0,-1.0
2022/02/25,365.0,367.66666666666663,360.66666666666663,367.3333333333333,77700,-1.0,-1.0,-1.0
2022/02/28,371.0,379.3333333333333,369.66666666666663,379.3333333333333,138300,-1.0,-1.0,-1.0
2022/03/01,381.66666666666663,381.66666666666663,376.0,377.0,100200,-1.0,-1.0,-1.0
2022/03/02,373.0,374.3333333333333,367.66666666666663,367.66666666666663,105000,-1.0,-1.0,-1.0
2022/03/03,371.66666666666663,377.3333333333333,371.3333333333333,375.0,87300,-1.0,-1.0,-1.0
2022/03/04,374.66666666666663,376.66666666666663,368.66666666666663,368.66666666666663,101400,-1.0,-1.0,-1.0
2022/03/07,366.66666666666663,370.3333333333333,364.66666666666663,364.66666666666663,168300,-1.0,-1.0,-1.0
2022/03/08,367.66666666666663,369.66666666666663,362.0,367.0,138900,-1.0,-1.0,-1.0
2022/03/09,366.66666666666663,368.0,361.66666666666663,364.66666666666663,133800,-1.0,-1.0,-1.0
2022/03/10,377.66666666666663,381.0,370.0,381.0,170700,-1.0,-1.0,-1.0
2022/03/11,369.66666666666663,374.66666666666663,368.66666666666663,369.3333333333333,168300,-1.0,-1.0,-1.0
2022/03/14,374.66666666666663,374.66666666666663,368.66666666666663,372.0,106200,-1.0,-1.0,-1.0
2022/03/15,372.0,374.66666666666663,369.0,374.0,149100,-1.0,-1.0,-1.0
2022/03/16,378.3333333333333,378.3333333333333,371.66666666666663,374.0,167700,-1.0,-1.0,-1.0
2022/03/17,379.66666666666663,379.66666666666663,371.3333333333333,376.3333333333333,203700,-1.0,-1.0,-1.0
2022/03/18,374.0,380.3333333333333,372.0,376.0,654600,-1.0,-1.0,-1.0
2022/03/22,380.0,382.66666666666663,374.3333333333333,379.66666666666663,211800,-1.0,-1.0,-1.0
2022/03/23,381.66666666666663,385.0,379.66666666666663,383.3333333333333,135600,-1.0,-1.0,-1.0
2022/03/24,378.3333333333333,379.0,375.0,378.3333333333333,139500,-1.0,-1.0,-1.0
2022/03/25,379.0,379.0,374.0,374.66666666666663,139800,-1.0,-1.0,-1.0
2022/03/28,378.66666666666663,380.3333333333333,375.66666666666663,379.0,150300,-1.0,-1.0,-1.0
2022/03/29,377.66666666666663,381.3333333333333,376.3333333333333,380.66666666666663,351900,-1.0,-1.0,-1.0
2022/03/30,370.66666666666663,370.66666666666663,359.66666666666663,363.3333333333333,288300,-1.0,-1.0,-1.0
2022/03/31,360.3333333333333,364.0,356.3333333333333,357.3333333333333,175200,-1.0,-1.0,-1.0
2022/04/01,356.3333333333333,363.0,355.3333333333333,363.0,161100,-1.0,-1.0,-1.0
2022/04/04,362.0,364.3333333333333,361.3333333333333,361.66666666666663,59100,-1.0,-1.0,-1.0
2022/04/05,364.66666666666663,365.66666666666663,358.3333333333333,363.3333333333333,176400,-1.0,-1.0,-1.0
2022/04/06,363.0,363.66666666666663,356.66666666666663,357.66666666666663,116400,-1.0,-1.0,-1.0
2022/04/07,356.0,359.0,350.3333333333333,351.0,167400,-1.0,-1.0,-1.0
2022/04/08,354.0,354.0,347.3333333333333,352.3333333333333,165300,-1.0,-1.0,-1.0
2022/04/11,347.66666666666663,351.3333333333333,344.0,347.66666666666663,135900,-1.0,-1.0,-1.0
2022/04/12,346.66666666666663,348.66666666666663,344.66666666666663,345.3333333333333,85500,-1.0,-1.0,-1.0
2022/04/13,345.3333333333333,352.0,345.3333333333333,352.0,135900,-1.0,-1.0,-1.0
2022/04/14,350.0,356.0,349.3333333333333,356.0,93300,-1.0,-1.0,-1.0
2022/04/15,355.0,356.0,351.3333333333333,352.3333333333333,83100,-1.0,-1.0,-1.0
2022/04/18,349.66666666666663,352.3333333333333,345.66666666666663,348.66666666666663,92700,-1.0,-1.0,-1.0
2022/04/19,350.3333333333333,352.0,349.3333333333333,351.66666666666663,68100,-1.0,-1.0,-1.0
2022/04/20,353.0,354.66666666666663,350.66666666666663,352.66666666666663,87000,-1.0,-1.0,-1.0
2022/04/21,352.66666666666663,357.66666666666663,352.66666666666663,357.66666666666663,126000,-1.0,-1.0,-1.0
2022/04/22,352.0,354.66666666666663,351.3333333333333,352.66666666666663,75900,-1.0,-1.0,-1.0
2022/04/25,348.66666666666663,353.0,348.66666666666663,351.0,109200,-1.0,-1.0,-1.0
2022/04/26,355.3333333333333,355.3333333333333,350.66666666666663,351.0,151500,-1.0,-1.0,-1.0
2022/04/27,350.0,351.66666666666663,344.0,344.66666666666663,428100,-1.0,-1.0,-1.0
2022/04/28,345.66666666666663,358.66666666666663,345.66666666666663,358.66666666666663,181500,-1.0,-1.0,-1.0
2022/05/02,357.3333333333333,361.3333333333333,356.3333333333333,359.3333333333333,136800,-1.0,-1.0,-1.0
2022/05/06,360.66666666666663,367.3333333333333,358.3333333333333,367.0,206700,-1.0,-1.0,-1.0
2022/05/09,364.3333333333333,365.0,359.66666666666663,359.66666666666663,112500,-1.0,-1.0,-1.0
2022/05/10,360.0,362.3333333333333,357.66666666666663,360.66666666666663,112200,-1.0,-1.0,-1.0
2022/05/11,360.0,361.3333333333333,356.66666666666663,356.66666666666663,93300,-1.0,-1.0,-1.0
2022/05/12,358.66666666666663,359.3333333333333,350.66666666666663,350.66666666666663,111300,-1.0,-1.0,-1.0
2022/05/13,343.0,355.66666666666663,343.0,355.3333333333333,215100,-1.0,-1.0,-1.0
2022/05/16,357.3333333333333,369.0,356.66666666666663,362.66666666666663,491700,-1.0,-1.0,-1.0
2022/05/17,363.3333333333333,368.66666666666663,362.3333333333333,366.3333333333333,252600,-1.0,-1.0,-1.0
2022/05/18,366.3333333333333,371.0,365.3333333333333,370.66666666666663,125100,-1.0,-1.0,-1.0
2022/05/19,363.0,373.3333333333333,360.0,373.0,139500,-1.0,-1.0,-1.0
2022/05/20,373.3333333333333,373.3333333333333,367.0,373.3333333333333,145800,-1.0,-1.0,-1.0
2022/05/23,376.0,378.66666666666663,370.0,373.66666666666663,214200,-1.0,-1.0,-1.0
2022/05/24,373.0,375.0,370.66666666666663,373.0,111300,-1.0,-1.0,-1.0
2022/05/25,371.66666666666663,378.3333333333333,371.66666666666663,377.0,107700,-1.0,-1.0,-1.0
2022/05/26,376.3333333333333,382.3333333333333,376.0,379.3333333333333,94200,-1.0,-1.0,-1.0
2022/05/27,385.3333333333333,385.3333333333333,379.66666666666663,384.3333333333333,124500,-1.0,-1.0,-1.0
2022/05/30,387.66666666666663,389.66666666666663,380.3333333333333,384.3333333333333,356100,-1.0,-1.0,-1.0
2022/05/31,385.0,390.0,382.3333333333333,385.66666666666663,336900,-1.0,-1.0,-1.0
2022/06/01,384.3333333333333,389.3333333333333,384.3333333333333,388.3333333333333,141900,-1.0,-1.0,-1.0
2022/06/02,388.3333333333333,390.0,381.66666666666663,387.3333333333333,95400,-1.0,-1.0,-1.0
2022/06/03,391.0,393.3333333333333,387.3333333333333,387.3333333333333,97800,-1.0,-1.0,-1.0
2022/06/06,385.66666666666663,391.66666666666663,385.66666666666663,391.3333333333333,92100,-1.0,-1.0,-1.0
2022/06/07,393.3333333333333,393.3333333333333,390.0,391.0,58200,-1.0,-1.0,-1.0
2022/06/08,392.0,399.3333333333333,392.0,398.3333333333333,138300,-1.0,-1.0,-1.0
2022/06/09,398.3333333333333,398.3333333333333,393.0,393.3333333333333,64200,-1.0,-1.0,-1.0
2022/06/10,391.0,395.0,389.66666666666663,391.3333333333333,144600,-1.0,-1.0,-1.0
2022/06/13,385.66666666666663,389.0,384.3333333333333,386.3333333333333,78600,-1.0,-1.0,-1.0
2022/06/14,380.0,388.3333333333333,380.0,382.66666666666663,118800,-1.0,-1.0,-1.0
2022/06/15,381.3333333333333,382.3333333333333,373.3333333333333,373.3333333333333,125700,-1.0,-1.0,-1.0
2022/06/16,373.3333333333333,380.66666666666663,373.3333333333333,376.0,93600,-1.0,-1.0,-1.0
2022/06/17,369.3333333333333,375.66666666666663,366.66666666666663,369.3333333333333,164100,-1.0,-1.0,-1.0
2022/06/20,372.66666666666663,374.0,364.3333333333333,367.3333333333333,67200,-1.0,-1.0,-1.0
2022/06/21,371.0,373.3333333333333,366.0,368.3333333333333,85800,-1.0,-1.0,-1.0
2022/06/22,372.66666666666663,375.0,370.3333333333333,373.3333333333333,80100,-1.0,-1.0,-1.0
2022/06/23,374.3333333333333,376.0,372.0,372.3333333333333,38100,-1.0,-1.0,-1.0
2022/06/24,372.3333333333333,377.0,370.66666666666663,375.3333333333333,84300,-1.0,-1.0,-1.0
2022/06/27,380.0,380.66666666666663,374.3333333333333,377.0,162600,-1.0,-1.0,-1.0
2022/06/28,384.0,395.0,382.0,390.0,481200,-1.0,-1.0,-1.0
2022/06/29,383.3333333333333,387.3333333333333,373.66666666666663,373.66666666666663,413400,-1.0,-1.0,-1.0
2022/06/30,378.3333333333333,390.3333333333333,378.3333333333333,381.3333333333333,215400,-1.0,-1.0,-1.0
2022/07/01,380.66666666666663,383.66666666666663,371.66666666666663,373.3333333333333,185700,-1.0,-1.0,-1.0
2022/07/04,380.3333333333333,382.0,377.66666666666663,380.3333333333333,74400,-1.0,-1.0,-1.0
2022/07/05,379.0,380.0,373.3333333333333,376.0,148800,-1.0,-1.0,-1.0
2022/07/06,372.0,375.0,370.3333333333333,372.0,146700,-1.0,-1.0,-1.0
2022/07/07,374.0,379.66666666666663,371.66666666666663,377.66666666666663,166800,-1.0,-1.0,-1.0
2022/07/08,377.66666666666663,385.0,376.66666666666663,381.0,247500,-1.0,-1.0,-1.0
2022/07/11,401.0,401.0,392.0,394.66666666666663,528600,-1.0,-1.0,-1.0
2022/07/12,395.0,395.0,389.66666666666663,391.66666666666663,146100,-1.0,-1.0,-1.0
2022/07/13,399.0,399.0,393.3333333333333,394.66666666666663,100500,-1.0,-1.0,-1.0
2022/07/14,393.3333333333333,398.3333333333333,392.0,393.66666666666663,98700,-1.0,-1.0,-1.0
2022/07/15,398.0,406.0,395.3333333333333,400.3333333333333,201300,-1.0,-1.0,-1.0
2022/07/19,402.66666666666663,402.66666666666663,396.3333333333333,398.3333333333333,78300,-1.0,-1.0,-1.0
2022/07/20,406.66666666666663,408.0,402.3333333333333,404.3333333333333,254400,-1.0,-1.0,-1.0
2022/07/21,404.66666666666663,409.66666666666663,402.66666666666663,406.66666666666663,133500,-1.0,-1.0,-1.0
2022/07/22,405.0,407.0,403.3333333333333,405.66666666666663,79200,-1.0,-1.0,-1.0
2022/07/25,410.0,410.0,404.66666666666663,406.0,108900,-1.0,-1.0,-1.0
2022/07/26,406.66666666666663,412.3333333333333,405.3333333333333,411.0,121800,-1.0,-1.0,-1.0
2022/07/27,409.0,411.3333333333333,407.3333333333333,409.66666666666663,60000,-1.0,-1.0,-1.0
2022/07/28,411.66666666666663,411.66666666666663,403.3333333333333,407.0,162600,-1.0,-1.0,-1.0
2022/07/29,409.3333333333333,410.3333333333333,405.66666666666663,407.3333333333333,82500,-1.0,-1.0,-1.0
2022/08/01,408.3333333333333,409.66666666666663,405.0,409.3333333333333,96600,-1.0,-1.0,-1.0
2022/08/02,406.66666666666663,406.66666666666663,402.0,404.0,72600,-1.0,-1.0,-1.0
2022/08/03,406.0,407.3333333333333,404.3333333333333,406.3333333333333,95400,-1.0,-1.0,-1.0
2022/08/04,409.0,409.66666666666663,401.3333333333333,406.66666666666663,87600,-1.0,-1.0,-1.0
2022/08/05,409.66666666666663,413.0,406.3333333333333,410.3333333333333,223200,-1.0,-1.0,-1.0
2022/08/08,410.3333333333333,423.0,404.66666666666663,412.66666666666663,345300,-1.0,-1.0,-1.0
2022/08/09,412.66666666666663,413.3333333333333,399.66666666666663,401.0,223500,-1.0,-1.0,-1.0
2022/08/10,401.66666666666663,405.66666666666663,398.66666666666663,400.0,148800,-1.0,-1.0,-1.0
2022/08/12,403.3333333333333,416.3333333333333,403.3333333333333,414.0,204000,-1.0,-1.0,-1.0
2022/08/15,415.3333333333333,418.0,413.66666666666663,416.66666666666663,77400,-1.0,-1.0,-1.0
2022/08/16,414.3333333333333,414.3333333333333,408.66666666666663,408.66666666666663,43200,-1.0,-1.0,-1.0
2022/08/17,411.3333333333333,419.3333333333333,409.0,416.3333333333333,168000,-1.0,-1.0,-1.0
2022/08/18,413.3333333333333,417.3333333333333,412.3333333333333,415.66666666666663,58500,-1.0,-1.0,-1.0
2022/08/19,419.0,420.0,415.66666666666663,418.66666666666663,64800,-1.0,-1.0,-1.0
2022/08/22,413.66666666666663,417.3333333333333,409.66666666666663,414.3333333333333,45900,-1.0,-1.0,-1.0
2022/08/23,411.0,415.3333333333333,410.0,411.3333333333333,41400,-1.0,-1.0,-1.0
2022/08/24,411.66666666666663,415.3333333333333,411.66666666666663,413.66666666666663,74100,-1.0,-1.0,-1.0
2022/08/25,413.66666666666663,419.66666666666663,413.66666666666663,417.66666666666663,51600,-1.0,-1.0,-1.0
2022/08/26,421.66666666666663,421.66666666666663,415.66666666666663,415.66666666666663,54600,-1.0,-1.0,-1.0
2022/08/29,407.3333333333333,413.0,405.3333333333333,408.66666666666663,108000,-1.0,-1.0,-1.0
2022/08/30,413.66666666666663,414.0,409.3333333333333,412.0,42900,-1.0,-1.0,-1.0
2022/08/31,407.66666666666663,407.66666666666663,400.66666666666663,401.66666666666663,130200,-1.0,-1.0,-1.0
2022/09/01,396.3333333333333,399.66666666666663,395.3333333333333,395.3333333333333,128700,-1.0,-1.0,-1.0
2022/09/02,395.3333333333333,401.3333333333333,394.0,400.66666666666663,111000,-1.0,-1.0,-1.0
2022/09/05,396.3333333333333,407.3333333333333,396.3333333333333,401.3333333333333,110100,-1.0,-1.0,-1.0
2022/09/06,403.66666666666663,404.66666666666663,396.0,397.66666666666663,127500,-1.0,-1.0,-1.0
2022/09/07,397.3333333333333,397.3333333333333,390.3333333333333,391.0,117900,-1.0,-1.0,-1.0
2022/09/08,396.0,400.3333333333333,395.0,398.66666666666663,126300,-1.0,-1.0,-1.0
2022/09/09,396.66666666666663,401.0,396.66666666666663,397.3333333333333,126000,-1.0,-1.0,-1.0
2022/09/12,402.66666666666663,407.66666666666663,399.3333333333333,405.0,93300,-1.0,-1.0,-1.0
2022/09/13,407.0,407.0,394.3333333333333,394.3333333333333,65700,-1.0,-1.0,-1.0
2022/09/14,391.0,393.66666666666663,387.0,391.0,189000,-1.0,-1.0,-1.0
2022/09/15,392.0,394.0,391.0,391.66666666666663,89700,-1.0,-1.0,-1.0
2022/09/16,389.0,392.3333333333333,388.0,392.0,126600,-1.0,-1.0,-1.0
2022/09/20,393.3333333333333,396.66666666666663,389.66666666666663,389.66666666666663,88500,-1.0,-1.0,-1.0
2022/09/21,385.66666666666663,389.66666666666663,384.3333333333333,387.0,82800,-1.0,-1.0,-1.0
2022/09/22,383.3333333333333,388.0,381.66666666666663,386.3333333333333,148800,-1.0,-1.0,-1.0
2022/09/26,387.3333333333333,389.3333333333333,386.0,386.0,199800,-1.0,-1.0,-1.0
2022/09/27,386.3333333333333,390.0,384.0,386.3333333333333,154200,-1.0,-1.0,-1.0
2022/09/28,386.3333333333333,390.0,383.3333333333333,389.0,153600,-1.0,-1.0,-1.0
2022/09/29,395.66666666666663,398.66666666666663,392.0,397.0,159000,-1.0,-1.0,-1.0
2022/09/30,393.66666666666663,398.3333333333333,392.0,392.0,124800,-1.0,-1.0,-1.0
2022/10/03,392.0,396.0,391.3333333333333,395.0,90000,-1.0,-1.0,-1.0
2022/10/04,403.3333333333333,410.66666666666663,403.0,410.3333333333333,136500,-1.0,-1.0,-1.0
2022/10/05,413.0,417.3333333333333,408.3333333333333,408.66666666666663,180000,-1.0,-1.0,-1.0
2022/10/06,415.0,419.3333333333333,415.0,417.3333333333333,181500,-1.0,-1.0,-1.0
2022/10/07,417.3333333333333,419.3333333333333,413.0,418.0,154500,-1.0,-1.0,-1.0
2022/10/11,408.3333333333333,417.0,408.3333333333333,410.66666666666663,201300,-1.0,-1.0,-1.0
2022/10/12,410.66666666666663,410.66666666666663,403.3333333333333,406.0,97500,-1.0,-1.0,-1.0
2022/10/13,403.66666666666663,403.66666666666663,398.0,398.3333333333333,102300,-1.0,-1.0,-1.0
2022/10/14,402.0,412.0,399.3333333333333,408.0,125100,-1.0,-1.0,-1.0
2022/10/17,408.0,408.0,403.0,403.66666666666663,81900,-1.0,-1.0,-1.0
2022/10/18,407.66666666666663,409.66666666666663,404.66666666666663,408.0,83400,-1.0,-1.0,-1.0
2022/10/19,406.66666666666663,410.66666666666663,403.0,410.0,78300,-1.0,-1.0,-1.0
2022/10/20,406.3333333333333,408.3333333333333,405.0,407.66666666666663,35100,-1.0,-1.0,-1.0
2022/10/21,404.0,405.3333333333333,400.0,401.66666666666663,54000,-1.0,-1.0,-1.0
2022/10/24,407.3333333333333,408.0,403.66666666666663,405.66666666666663,73500,-1.0,-1.0,-1.0
2022/10/25,407.0,412.3333333333333,407.0,410.3333333333333,93300,-1.0,-1.0,-1.0
2022/10/26,413.3333333333333,416.3333333333333,410.3333333333333,415.3333333333333,116400,-1.0,-1.0,-1.0
2022/10/27,413.0,413.0,406.0,410.66666666666663,78600,-1.0,-1.0,-1.0
2022/10/28,405.3333333333333,407.66666666666663,402.66666666666663,407.0,636600,-1.0,-1.0,-1.0
2022/10/31,410.66666666666663,416.0,408.0,415.66666666666663,143400,-1.0,-1.0,-1.0
2022/11/01,417.0,418.3333333333333,412.0,414.66666666666663,62400,-1.0,-1.0,-1.0
2022/11/02,412.66666666666663,419.66666666666663,408.66666666666663,416.0,310500,-1.0,-1.0,-1.0
2022/11/04,413.3333333333333,417.66666666666663,413.3333333333333,413.66666666666663,104100,-1.0,-1.0,-1.0
2022/11/07,414.3333333333333,425.3333333333333,414.3333333333333,424.0,171600,-1.0,-1.0,-1.0
2022/11/08,426.66666666666663,426.66666666666663,423.66666666666663,425.66666666666663,64200,-1.0,-1.0,-1.0
2022/11/09,425.0,426.3333333333333,420.3333333333333,422.66666666666663,59400,-1.0,-1.0,-1.0
2022/11/10,418.0,422.66666666666663,417.66666666666663,417.66666666666663,98700,-1.0,-1.0,-1.0
2022/11/11,421.0,424.66666666666663,417.66666666666663,424.0,132300,-1.0,-1.0,-1.0
2022/11/14,425.0,428.3333333333333,411.66666666666663,411.66666666666663,169800,-1.0,-1.0,-1.0
2022/11/15,411.66666666666663,412.66666666666663,401.3333333333333,405.66666666666663,251400,-1.0,-1.0,-1.0
2022/11/16,407.66666666666663,408.3333333333333,403.66666666666663,406.3333333333333,88200,-1.0,-1.0,-1.0
2022/11/17,406.3333333333333,410.0,404.0,408.3333333333333,73200,-1.0,-1.0,-1.0
2022/11/18,408.3333333333333,411.66666666666663,404.3333333333333,404.3333333333333,126600,-1.0,-1.0,-1.0
2022/11/21,407.3333333333333,410.3333333333333,406.3333333333333,409.3333333333333,82500,-1.0,-1.0,-1.0
2022/11/22,416.66666666666663,421.0,412.66666666666663,421.0,175200,-1.0,-1.0,-1.0
2022/11/24,423.3333333333333,426.0,421.0,425.66666666666663,157800,-1.0,-1.0,-1.0
2022/11/25,425.3333333333333,428.66666666666663,422.3333333333333,423.3333333333333,85800,-1.0,-1.0,-1.0
2022/11/28,425.66666666666663,427.3333333333333,420.3333333333333,420.66666666666663,85800,-1.0,-1.0,-1.0
2022/11/29,419.0,419.0,413.66666666666663,416.66666666666663,179100,-1.0,-1.0,-1.0
2022/11/30,416.66666666666663,423.0,416.66666666666663,418.3333333333333,99000,-1.0,-1.0,-1.0
2022/12/01,418.3333333333333,418.3333333333333,413.66666666666663,417.0,123900,-1.0,-1.0,-1.0
2022/12/02,411.66666666666663,411.66666666666663,403.3333333333333,408.3333333333333,195000,-1.0,-1.0,-1.0
2022/12/05,408.3333333333333,413.0,408.0,410.3333333333333,89100,-1.0,-1.0,-1.0
2022/12/06,405.66666666666663,411.3333333333333,405.66666666666663,409.0,130800,-1.0,-1.0,-1.0
2022/12/07,407.3333333333333,411.3333333333333,407.0,407.66666666666663,86400,-1.0,-1.0,-1.0
2022/12/08,409.0,409.66666666666663,404.3333333333333,406.66666666666663,108000,-1.0,-1.0,-1.0
2022/12/09,402.66666666666663,409.3333333333333,402.66666666666663,407.3333333333333,93000,-1.0,-1.0,-1.0
2022/12/12,411.3333333333333,411.3333333333333,407.66666666666663,410.66666666666663,86100,-1.0,-1.0,-1.0
2022/12/13,415.3333333333333,417.66666666666663,413.3333333333333,413.3333333333333,76500,-1.0,-1.0,-1.0
2022/12/14,415.0,417.3333333333333,414.0,416.66666666666663,50100,-1.0,-1.0,-1.0
2022/12/15,416.66666666666663,419.0,414.66666666666663,417.66666666666663,103800,-1.0,-1.0,-1.0
2022/12/16,417.3333333333333,418.66666666666663,413.66666666666663,417.66666666666663,164700,-1.0,-1.0,-1.0
2022/12/19,414.3333333333333,419.66666666666663,414.3333333333333,419.0,63900,-1.0,-1.0,-1.0
2022/12/20,420.0,422.3333333333333,410.0,416.0,344400,-1.0,-1.0,-1.0
2022/12/21,416.0,418.3333333333333,413.3333333333333,415.66666666666663,140400,-1.0,-1.0,-1.0
2022/12/22,418.66666666666663,421.66666666666663,416.3333333333333,420.0,90300,-1.0,-1.0,-1.0
2022/12/23,418.0,424.66666666666663,416.66666666666663,424.3333333333333,142800,-1.0,-1.0,-1.0
2022/12/26,427.3333333333333,428.3333333333333,423.0,428.0,117900,-1.0,-1.0,-1.0
2022/12/27,430.0,431.66666666666663,427.3333333333333,430.0,141000,-1.0,-1.0,-1.0
2022/12/28,430.0,432.0,426.3333333333333,432.0,81300,-1.0,-1.0,-1.0
2022/12/29,430.0,436.3333333333333,428.0,435.66666666666663,112200,-1.0,-1.0,-1.0
2022/12/30,433.0,443.0,429.66666666666663,438.66666666666663,152700,-1.0,-1.0,-1.0
2023/01/04,436.3333333333333,436.3333333333333,417.3333333333333,418.0,98700,-1.0,-1.0,-1.0
2023/01/05,418.0,421.3333333333333,416.0,421.3333333333333,136800,-1.0,-1.0,-1.0
2023/01/06,420.3333333333333,421.66666666666663,418.0,420.3333333333333,78900,-1.0,-1.0,-1.0
2023/01/10,421.66666666666663,427.66666666666663,419.66666666666663,423.0,91500,-1.0,-1.0,-1.0
2023/01/11,425.66666666666663,426.66666666666663,416.3333333333333,419.0,83700,-1.0,-1.0,-1.0
2023/01/12,420.0,422.0,418.0,419.66666666666663,75900,-1.0,-1.0,-1.0
2023/01/13,419.66666666666663,423.3333333333333,419.66666666666663,420.3333333333333,104400,-1.0,-1.0,-1.0
2023/01/16,420.3333333333333,424.66666666666663,419.66666666666663,421.66666666666663,71400,-1.0,-1.0,-1.0
2023/01/17,424.66666666666663,428.66666666666663,422.3333333333333,427.3333333333333,82500,-1.0,-1.0,-1.0
2023/01/18,427.66666666666663,429.66666666666663,422.3333333333333,429.0,82500,-1.0,-1.0,-1.0
2023/01/19,429.0,430.3333333333333,425.66666666666663,426.66666666666663,79200,-1.0,-1.0,-1.0
2023/01/20,425.3333333333333,432.3333333333333,425.0,428.3333333333333,60000,-1.0,-1.0,-1.0
2023/01/23,433.66666666666663,435.3333333333333,426.66666666666663,432.0,225000,-1.0,-1.0,-1.0
2023/01/24,433.3333333333333,438.3333333333333,430.0,437.0,116100,-1.0,-1.0,-1.0
2023/01/25,437.0,439.0,431.66666666666663,438.3333333333333,118500,-1.0,-1.0,-1.0
2023/01/26,440.0,441.0,437.66666666666663,438.0,73500,-1.0,-1.0,-1.0
2023/01/27,437.66666666666663,439.0,436.0,437.66666666666663,50400,-1.0,-1.0,-1.0
2023/01/30,437.66666666666663,441.3333333333333,433.3333333333333,437.3333333333333,197700,-1.0,-1.0,-1.0
2023/01/31,436.0,441.66666666666663,434.3333333333333,439.3333333333333,108300,-1.0,-1.0,-1.0
2023/02/01,443.0,444.0,437.66666666666663,438.0,88800,-1.0,-1.0,-1.0
2023/02/02,436.66666666666663,436.66666666666663,428.66666666666663,430.3333333333333,55800,-1.0,-1.0,-1.0
2023/02/03,428.3333333333333,428.3333333333333,421.66666666666663,424.3333333333333,90300,-1.0,-1.0,-1.0
2023/02/06,429.3333333333333,431.3333333333333,423.3333333333333,425.0,68400,-1.0,-1.0,-1.0
2023/02/07,427.0,430.0,426.3333333333333,427.0,60000,-1.0,-1.0,-1.0
2023/02/08,428.3333333333333,432.66666666666663,427.0,427.0,90300,-1.0,-1.0,-1.0
2023/02/09,425.0,429.3333333333333,424.66666666666663,428.0,84000,-1.0,-1.0,-1.0
2023/02/10,426.0,432.3333333333333,426.0,427.66666666666663,78900,-1.0,-1.0,-1.0
2023/02/13,440.0,445.66666666666663,427.3333333333333,429.0,320700,-1.0,-1.0,-1.0
2023/02/14,433.3333333333333,435.3333333333333,428.0,432.66666666666663,105000,-1.0,-1.0,-1.0
2023/02/15,433.3333333333333,438.66666666666663,433.3333333333333,437.66666666666663,88800,-1.0,-1.0,-1.0
2023/02/16,440.66666666666663,446.0,439.66666666666663,446.0,115500,-1.0,-1.0,-1.0
2023/02/17,442.66666666666663,449.0,441.66666666666663,447.66666666666663,110100,-1.0,-1.0,-1.0
2023/02/20,450.0,452.3333333333333,446.66666666666663,449.3333333333333,80100,-1.0,-1.0,-1.0
2023/02/21,451.66666666666663,457.0,451.3333333333333,454.66666666666663,64200,-1.0,-1.0,-1.0
2023/02/22,454.66666666666663,455.0,447.66666666666663,450.3333333333333,119400,-1.0,-1.0,-1.0
2023/02/24,453.0,463.3333333333333,453.0,463.3333333333333,124800,-1.0,-1.0,-1.0
2023/02/27,465.3333333333333,472.3333333333333,463.66666666666663,471.0,159000,-1.0,-1.0,-1.0
2023/02/28,472.66666666666663,472.66666666666663,456.3333333333333,459.66666666666663,253200,-1.0,-1.0,-1.0
2023/03/01,458.3333333333333,462.66666666666663,455.3333333333333,460.3333333333333,122100,-1.0,-1.0,-1.0
2023/03/02,460.66666666666663,467.3333333333333,460.66666666666663,464.0,118200,-1.0,-1.0,-1.0
2023/03/03,464.3333333333333,470.0,462.66666666666663,468.0,140100,-1.0,-1.0,-1.0
2023/03/06,486.66666666666663,493.3333333333333,478.3333333333333,491.66666666666663,304200,-1.0,-1.0,-1.0
2023/03/07,490.3333333333333,493.0,482.3333333333333,491.66666666666663,147000,-1.0,-1.0,-1.0
2023/03/08,491.66666666666663,498.66666666666663,491.66666666666663,496.3333333333333,162900,-1.0,-1.0,-1.0
2023/03/09,500.0,507.66666666666663,500.0,505.3333333333333,152400,-1.0,-1.0,-1.0
2023/03/10,504.3333333333333,505.0,498.66666666666663,499.66666666666663,257700,-1.0,-1.0,-1.0
2023/03/13,499.3333333333333,499.3333333333333,490.0,496.3333333333333,130500,-1.0,-1.0,-1.0
2023/03/14,488.3333333333333,490.3333333333333,478.0,484.0,192600,-1.0,-1.0,-1.0
2023/03/15,491.3333333333333,501.0,491.3333333333333,498.66666666666663,115200,-1.0,-1.0,-1.0
2023/03/16,492.0,495.66666666666663,484.66666666666663,488.3333333333333,156300,-1.0,-1.0,-1.0
2023/03/17,495.66666666666663,498.66666666666663,491.0,491.3333333333333,96300,-1.0,-1.0,-1.0
2023/03/20,488.0,491.66666666666663,480.0,480.66666666666663,96600,-1.0,-1.0,-1.0
2023/03/22,490.66666666666663,495.3333333333333,485.66666666666663,491.3333333333333,142800,-1.0,-1.0,-1.0
2023/03/23,482.66666666666663,490.3333333333333,481.0,489.66666666666663,80400,-1.0,-1.0,-1.0
2023/03/24,487.66666666666663,492.66666666666663,485.3333333333333,490.0,116100,-1.0,-1.0,-1.0
2023/03/27,496.66666666666663,496.66666666666663,489.3333333333333,494.3333333333333,92400,-1.0,-1.0,-1.0
2023/03/28,499.66666666666663,499.66666666666663,488.66666666666663,490.0,87300,-1.0,-1.0,-1.0
2023/03/29,493.66666666666663,498.0,487.3333333333333,496.66666666666663,245100,-1.0,-1.0,-1.0
2023/03/30,482.0,482.0,476.0,479.3333333333333,156900,-1.0,-1.0,-1.0
2023/03/31,483.0,489.0,483.0,485.0,141000,-1.0,-1.0,-1.0
2023/04/03,489.66666666666663,492.66666666666663,487.3333333333333,492.0,104400,-1.0,-1.0,-1.0
2023/04/04,493.0,499.3333333333333,491.3333333333333,498.3333333333333,110700,-1.0,-1.0,-1.0
2023/04/05,494.3333333333333,494.3333333333333,480.3333333333333,480.66666666666663,99600,-1.0,-1.0,-1.0
2023/04/06,473.3333333333333,476.0,460.3333333333333,460.66666666666663,151800,-1.0,-1.0,-1.0
2023/04/07,459.66666666666663,464.0,458.66666666666663,458.66666666666663,97500,-1.0,-1.0,-1.0
2023/04/10,463.66666666666663,463.66666666666663,452.66666666666663,456.66666666666663,93000,-1.0,-1.0,-1.0
2023/04/11,459.66666666666663,460.0,454.3333333333333,457.66666666666663,85500,-1.0,-1.0,-1.0
2023/04/12,458.0,463.3333333333333,455.3333333333333,461.0,103500,-1.0,-1.0,-1.0
2023/04/13,458.0,458.0,453.0,454.66666666666663,71700,-1.0,-1.0,-1.0
2023/04/14,444.66666666666663,453.3333333333333,444.66666666666663,451.66666666666663,193800,-1.0,-1.0,-1.0
2023/04/17,453.0,463.0,453.0,461.0,90000,-1.0,-1.0,-1.0
2023/04/18,465.0,466.3333333333333,459.0,460.3333333333333,65100,-1.0,-1.0,-1.0
2023/04/19,455.3333333333333,460.66666666666663,453.66666666666663,460.0,69600,-1.0,-1.0,-1.0
2023/04/20,460.0,464.0,458.3333333333333,462.0,81900,-1.0,-1.0,-1.0
2023/04/21,461.66666666666663,466.66666666666663,458.66666666666663,466.66666666666663,41400,-1.0,-1.0,-1.0
2023/04/24,466.66666666666663,466.66666666666663,462.0,464.0,46800,-1.0,-1.0,-1.0
2023/04/25,467.66666666666663,474.0,467.66666666666663,471.66666666666663,76500,-1.0,-1.0,-1.0
2023/04/26,466.66666666666663,466.66666666666663,457.3333333333333,461.0,149400,-1.0,-1.0,-1.0
2023/04/27,458.66666666666663,466.3333333333333,458.66666666666663,460.3333333333333,103500,-1.0,-1.0,-1.0
2023/04/28,470.3333333333333,483.66666666666663,468.3333333333333,483.66666666666663,174300,-1.0,-1.0,-1.0
2023/05/01,488.0,488.3333333333333,482.66666666666663,487.66666666666663,81000,-1.0,-1.0,-1.0
2023/05/02,492.3333333333333,492.3333333333333,481.66666666666663,486.0,61800,-1.0,-1.0,-1.0
2023/05/08,486.0,489.3333333333333,484.0,488.3333333333333,52200,-1.0,-1.0,-1.0
2023/05/09,493.3333333333333,496.66666666666663,487.3333333333333,494.0,69600,-1.0,-1.0,-1.0
2023/05/10,494.0,495.66666666666663,487.0,487.0,55200,-1.0,-1.0,-1.0
2023/05/11,479.3333333333333,484.66666666666663,472.0,473.0,45300,-1.0,-1.0,-1.0
2023/05/12,471.66666666666663,488.66666666666663,471.66666666666663,481.3333333333333,66000,-1.0,-1.0,-1.0
2023/05/15,490.66666666666663,493.0,487.0,489.0,84600,-1.0,-1.0,-1.0
2023/05/16,496.3333333333333,496.3333333333333,483.0,489.3333333333333,59100,-1.0,-1.0,-1.0
2023/05/17,489.3333333333333,494.66666666666663,482.66666666666663,492.3333333333333,83100,-1.0,-1.0,-1.0
2023/05/18,494.66666666666663,494.66666666666663,484.0,491.66666666666663,63000,-1.0,-1.0,-1.0
2023/05/19,491.66666666666663,493.3333333333333,487.3333333333333,492.66666666666663,51900,-1.0,-1.0,-1.0
2023/05/22,490.3333333333333,494.3333333333333,487.66666666666663,493.0,54900,-1.0,-1.0,-1.0
2023/05/23,493.0,493.0,476.0,480.66666666666663,85800,-1.0,-1.0,-1.0
2023/05/24,479.66666666666663,489.3333333333333,475.66666666666663,475.66666666666663,51300,-1.0,-1.0,-1.0
2023/05/25,473.3333333333333,482.3333333333333,473.0,480.3333333333333,75900,-1.0,-1.0,-1.0
2023/05/26,483.3333333333333,483.3333333333333,473.0,474.3333333333333,97500,-1.0,-1.0,-1.0
2023/05/29,476.3333333333333,479.66666666666663,471.3333333333333,472.0,70200,-1.0,-1.0,-1.0
2023/05/30,467.3333333333333,467.3333333333333,457.66666666666663,463.3333333333333,90600,-1.0,-1.0,-1.0
2023/05/31,456.3333333333333,459.3333333333333,446.66666666666663,448.66666666666663,206100,-1.0,-1.0,-1.0
2023/06/01,443.3333333333333,448.66666666666663,440.66666666666663,444.3333333333333,101700,-1.0,-1.0,-1.0
2023/06/02,442.0,451.66666666666663,440.0,451.0,96000,-1.0,-1.0,-1.0
2023/06/05,459.3333333333333,463.3333333333333,456.3333333333333,460.3333333333333,94500,-1.0,-1.0,-1.0
2023/06/06,452.3333333333333,456.0,450.3333333333333,454.0,61500,-1.0,-1.0,-1.0
2023/06/07,457.66666666666663,462.0,451.3333333333333,458.3333333333333,156900,-1.0,-1.0,-1.0
2023/06/08,457.0,462.0,451.3333333333333,452.3333333333333,116100,-1.0,-1.0,-1.0
2023/06/09,461.3333333333333,463.66666666666663,456.66666666666663,459.66666666666663,178200,-1.0,-1.0,-1.0
2023/06/12,461.0,462.3333333333333,456.3333333333333,457.66666666666663,86400,-1.0,-1.0,-1.0
2023/06/13,459.66666666666663,459.66666666666663,453.3333333333333,456.0,113400,-1.0,-1.0,-1.0
2023/06/14,460.66666666666663,464.3333333333333,460.0,462.66666666666663,159300,-1.0,-1.0,-1.0
2023/06/15,463.66666666666663,466.66666666666663,462.0,464.3333333333333,114300,-1.0,-1.0,-1.0
2023/06/16,466.3333333333333,466.66666666666663,459.0,460.3333333333333,247500,-1.0,-1.0,-1.0
2023/06/19,465.66666666666663,467.3333333333333,462.0,467.3333333333333,112200,-1.0,-1.0,-1.0
2023/06/20,466.66666666666663,467.3333333333333,462.3333333333333,464.3333333333333,96000,-1.0,-1.0,-1.0
2023/06/21,469.66666666666663,477.66666666666663,468.3333333333333,474.3333333333333,123300,-1.0,-1.0,-1.0
2023/06/22,477.66666666666663,479.0,471.66666666666663,473.3333333333333,112200,-1.0,-1.0,-1.0
2023/06/23,473.3333333333333,475.0,464.66666666666663,471.3333333333333,134100,-1.0,-1.0,-1.0
2023/06/26,471.0,482.66666666666663,467.3333333333333,480.0,191700,-1.0,-1.0,-1.0
2023/06/27,482.66666666666663,499.3333333333333,481.0,497.3333333333333,276900,-1.0,-1.0,-1.0
2023/06/28,494.3333333333333,494.3333333333333,475.0,485.0,202500,-1.0,-1.0,-1.0
2023/06/29,485.0,487.0,477.66666666666663,484.0,118500,-1.0,-1.0,-1.0
2023/06/30,496.3333333333333,497.3333333333333,488.66666666666663,493.0,375300,-1.0,-1.0,-1.0
2023/07/03,493.66666666666663,498.66666666666663,493.66666666666663,496.3333333333333,56400,-1.0,-1.0,-1.0
2023/07/04,490.0,492.0,484.66666666666663,485.3333333333333,102900,-1.0,-1.0,-1.0
2023/07/05,481.66666666666663,486.0,479.0,482.3333333333333,70200,-1.0,-1.0,-1.0
2023/07/06,482.3333333333333,482.66666666666663,474.0,476.3333333333333,92400,-1.0,-1.0,-1.0
2023/07/07,475.0,480.3333333333333,470.0,476.66666666666663,111900,-1.0,-1.0,-1.0
2023/07/10,486.66666666666663,491.66666666666663,482.66666666666663,485.3333333333333,317400,-1.0,-1.0,-1.0
2023/07/11,486.0,488.0,477.0,478.3333333333333,90600,-1.0,-1.0,-1.0
2023/07/12,478.0,479.66666666666663,473.0,474.3333333333333,81600,-1.0,-1.0,-1.0
2023/07/13,479.0,479.0,467.66666666666663,469.0,74100,-1.0,-1.0,-1.0
2023/07/14,471.66666666666663,471.66666666666663,460.66666666666663,464.3333333333333,71400,-1.0,-1.0,-1.0
2023/07/18,465.66666666666663,471.66666666666663,465.66666666666663,467.66666666666663,51900,-1.0,-1.0,-1.0
2023/07/19,471.3333333333333,473.3333333333333,470.3333333333333,473.3333333333333,51300,-1.0,-1.0,-1.0
2023/07/20,474.66666666666663,477.3333333333333,468.66666666666663,469.3333333333333,55200,-1.0,-1.0,-1.0
2023/07/21,470.66666666666663,472.66666666666663,469.0,470.3333333333333,47400,-1.0,-1.0,-1.0
2023/07/24,476.0,479.0,473.3333333333333,478.66666666666663,48300,-1.0,-1.0,-1.0
2023/07/25,476.0,482.0,475.3333333333333,482.0,57000,-1.0,-1.0,-1.0
2023/07/26,488.0,489.0,478.3333333333333,478.3333333333333,58800,-1.0,-1.0,-1.0
2023/07/27,480.0,480.0,472.66666666666663,477.0,47400,-1.0,-1.0,-1.0
2023/07/28,474.66666666666663,481.0,470.66666666666663,480.66666666666663,81900,-1.0,-1.0,-1.0
2023/07/31,488.3333333333333,488.3333333333333,481.66666666666663,485.3333333333333,83700,-1.0,-1.0,-1.0
2023/08/01,481.3333333333333,486.66666666666663,481.0,486.0,30600,-1.0,-1.0,-1.0
2023/08/02,482.3333333333333,488.0,476.66666666666663,477.0,63600,-1.0,-1.0,-1.0
2023/08/03,471.0,473.66666666666663,462.66666666666663,464.3333333333333,101700,-1.0,-1.0,-1.0
2023/08/04,464.3333333333333,467.0,462.66666666666663,465.66666666666663,53400,-1.0,-1.0,-1.0
2023/08/07,464.66666666666663,471.66666666666663,464.66666666666663,469.3333333333333,45000,-1.0,-1.0,-1.0
2023/08/08,469.3333333333333,472.66666666666663,467.0,472.3333333333333,50700,-1.0,-1.0,-1.0
2023/08/09,472.66666666666663,477.0,469.3333333333333,476.66666666666663,48000,-1.0,-1.0,-1.0
2023/08/10,472.0,479.66666666666663,468.66666666666663,479.66666666666663,75300,-1.0,-1.0,-1.0
2023/08/14,476.66666666666663,476.66666666666663,454.66666666666663,461.0,131400,-1.0,-1.0,-1.0
2023/08/15,464.3333333333333,470.3333333333333,464.3333333333333,466.66666666666663,63600,-1.0,-1.0,-1.0
2023/08/16,466.66666666666663,466.66666666666663,459.66666666666663,460.66666666666663,59400,-1.0,-1.0,-1.0
2023/08/17,458.3333333333333,459.66666666666663,453.0,458.0,55200,-1.0,-1.0,-1.0
2023/08/18,453.66666666666663,455.66666666666663,450.3333333333333,453.0,86400,-1.0,-1.0,-1.0
2023/08/21,455.66666666666663,459.0,454.66666666666663,454.66666666666663,57900,-1.0,-1.0,-1.0
2023/08/22,456.3333333333333,460.0,454.66666666666663,456.66666666666663,36600,-1.0,-1.0,-1.0
2023/08/23,453.66666666666663,460.0,453.66666666666663,459.66666666666663,29700,-1.0,-1.0,-1.0
2023/08/24,459.66666666666663,463.66666666666663,459.3333333333333,462.0,42600,-1.0,-1.0,-1.0
2023/08/25,460.3333333333333,462.0,458.66666666666663,461.3333333333333,53700,-1.0,-1.0,-1.0
2023/08/28,466.66666666666663,471.0,464.66666666666663,470.3333333333333,78600,-1.0,-1.0,-1.0
2023/08/29,472.3333333333333,473.3333333333333,469.66666666666663,472.66666666666663,40200,-1.0,-1.0,-1.0
2023/08/30,475.0,475.3333333333333,470.3333333333333,471.0,144000,-1.0,-1.0,-1.0
2023/08/31,473.3333333333333,474.66666666666663,469.3333333333333,470.0,120600,-1.0,-1.0,-1.0
2023/09/01,470.0,475.66666666666663,470.0,475.0,84900,-1.0,-1.0,-1.0
2023/09/04,478.3333333333333,483.0,476.66666666666663,483.0,112200,-1.0,-1.0,-1.0
2023/09/05,482.66666666666663,483.3333333333333,477.0,483.3333333333333,89400,-1.0,-1.0,-1.0
2023/09/06,481.3333333333333,484.66666666666663,481.3333333333333,484.3333333333333,73800,-1.0,-1.0,-1.0
2023/09/07,483.0,488.3333333333333,482.3333333333333,487.0,126300,-1.0,-1.0,-1.0
2023/09/08,480.3333333333333,488.3333333333333,473.3333333333333,479.0,224700,-1.0,-1.0,-1.0
2023/09/11,482.0,485.0,476.66666666666663,483.66666666666663,80400,-1.0,-1.0,-1.0
2023/09/12,483.0,487.66666666666663,483.0,487.0,42000,-1.0,-1.0,-1.0
2023/09/13,487.0,490.0,485.0,488.0,65400,-1.0,-1.0,-1.0
2023/09/14,488.0,498.0,488.0,497.0,138300,-1.0,-1.0,-1.0
2023/09/15,499.0,507.3333333333333,493.0,505.0,281700,-1.0,-1.0,-1.0
2023/09/19,505.66666666666663,517.3333333333333,505.0,516.6666666666666,189900,-1.0,-1.0,-1.0
2023/09/20,518.3333333333333,519.3333333333333,505.3333333333333,511.3333333333333,246000,-1.0,-1.0,-1.0
2023/09/21,506.3333333333333,511.0,503.3333333333333,506.0,139200,-1.0,-1.0,-1.0
2023/09/22,505.0,510.0,504.0,507.0,146700,-1.0,-1.0,-1.0
2023/09/25,508.66666666666663,514.6666666666666,507.66666666666663,512.0,84600,-1.0,-1.0,-1.0
2023/09/26,512.0,513.3333333333333,508.3333333333333,511.0,126300,-1.0,-1.0,-1.0
2023/09/27,510.0,516.0,505.0,516.0,218700,-1.0,-1.0,-1.0
2023/09/28,503.3333333333333,512.6666666666666,499.3333333333333,501.3333333333333,190500,-1.0,-1.0,-1.0
2023/09/29,501.3333333333333,504.3333333333333,484.0,484.66666666666663,107700,-1.0,-1.0,-1.0
2023/10/02,483.3333333333333,494.3333333333333,478.3333333333333,479.3333333333333,100500,-1.0,-1.0,-1.0
2023/10/03,481.66666666666663,481.66666666666663,469.3333333333333,469.3333333333333,80100,-1.0,-1.0,-1.0
2023/10/04,468.3333333333333,469.3333333333333,462.3333333333333,463.66666666666663,128100,-1.0,-1.0,-1.0
2023/10/05,460.66666666666663,470.0,460.66666666666663,469.66666666666663,86100,-1.0,-1.0,-1.0
2023/10/06,466.66666666666663,473.66666666666663,466.66666666666663,471.0,72300,-1.0,-1.0,-1.0
2023/10/10,476.3333333333333,482.66666666666663,476.3333333333333,480.66666666666663,84900,-1.0,-1.0,-1.0
2023/10/11,482.0,485.66666666666663,479.0,482.66666666666663,121500,-1.0,-1.0,-1.0
2023/10/12,481.0,482.66666666666663,476.3333333333333,477.3333333333333,144600,-1.0,-1.0,-1.0
2023/10/13,475.66666666666663,477.0,468.66666666666663,471.0,107700,-1.0,-1.0,-1.0
2023/10/16,471.3333333333333,479.3333333333333,469.3333333333333,471.66666666666663,87000,-1.0,-1.0,-1.0
2023/10/17,471.66666666666663,480.66666666666663,471.66666666666663,476.66666666666663,65100,-1.0,-1.0,-1.0
2023/10/18,482.3333333333333,482.3333333333333,475.0,479.3333333333333,76200,-1.0,-1.0,-1.0
2023/10/19,475.66666666666663,480.66666666666663,475.66666666666663,479.66666666666663,56700,-1.0,-1.0,-1.0
2023/10/20,481.66666666666663,488.0,480.0,483.3333333333333,93600,-1.0,-1.0,-1.0
2023/10/23,481.3333333333333,484.66666666666663,477.0,477.0,82800,-1.0,-1.0,-1.0
2023/10/24,477.0,480.66666666666663,468.3333333333333,479.0,113400,-1.0,-1.0,-1.0
2023/10/25,482.3333333333333,483.66666666666663,475.3333333333333,476.66666666666663,99300,-1.0,-1.0,-1.0
2023/10/26,478.0,485.0,470.0,470.66666666666663,146100,-1.0,-1.0,-1.0
2023/10/27,470.66666666666663,483.66666666666663,470.3333333333333,483.66666666666663,115200,-1.0,-1.0,-1.0
2023/10/30,481.3333333333333,481.3333333333333,464.0,464.3333333333333,241500,-1.0,-1.0,-1.0
2023/10/31,468.0,473.66666666666663,460.0,469.3333333333333,241200,-1.0,-1.0,-1.0
2023/11/01,474.66666666666663,483.66666666666663,474.66666666666663,482.66666666666663,167100,-1.0,-1.0,-1.0
2023/11/02,487.3333333333333,489.3333333333333,481.66666666666663,488.0,175200,-1.0,-1.0,-1.0
2023/11/06,491.3333333333333,491.3333333333333,480.66666666666663,485.0,204300,-1.0,-1.0,-1.0
2023/11/07,476.66666666666663,479.0,468.3333333333333,468.3333333333333,160800,-1.0,-1.0,-1.0
2023/11/08,468.3333333333333,468.3333333333333,456.3333333333333,466.3333333333333,234300,-1.0,-1.0,-1.0
2023/11/09,466.3333333333333,471.3333333333333,462.66666666666663,470.0,91200,-1.0,-1.0,-1.0
2023/11/10,467.0,474.0,466.3333333333333,474.0,75900,-1.0,-1.0,-1.0
2023/11/13,471.66666666666663,471.66666666666663,457.3333333333333,462.0,150900,-1.0,-1.0,-1.0
2023/11/14,464.0,465.3333333333333,460.3333333333333,460.3333333333333,64500,-1.0,-1.0,-1.0
2023/11/15,462.3333333333333,462.3333333333333,457.0,459.66666666666663,111300,-1.0,-1.0,-1.0
2023/11/16,459.66666666666663,460.0,452.0,458.0,132900,-1.0,-1.0,-1.0
2023/11/17,458.0,468.0,453.0,467.0,366300,-1.0,-1.0,-1.0
2023/11/20,467.66666666666663,467.66666666666663,452.0,452.0,180600,-1.0,-1.0,-1.0
2023/11/21,453.3333333333333,455.3333333333333,443.66666666666663,446.66666666666663,210000,-1.0,-1.0,-1.0
2023/11/22,446.0,447.0,445.0,445.0,90600,-1.0,-1.0,-1.0
2023/11/24,444.0,446.0,441.0,446.0,184500,-1.0,-1.0,-1.0
2023/11/27,451.0,451.66666666666663,445.0,445.0,158700,-1.0,-1.0,-1.0
2023/11/28,445.0,450.3333333333333,444.0,450.3333333333333,109500,-1.0,-1.0,-1.0
2023/11/29,449.0,455.3333333333333,449.0,455.3333333333333,81600,-1.0,-1.0,-1.0
2023/11/30,455.3333333333333,464.0,455.0,462.66666666666663,277200,-1.0,-1.0,-1.0
2023/12/01,466.66666666666663,467.3333333333333,457.0,458.66666666666663,111000,-1.0,-1.0,-1.0
2023/12/04,458.66666666666663,463.0,456.0,458.3333333333333,174600,-1.0,-1.0,-1.0
2023/12/05,458.3333333333333,460.0,454.0,454.3333333333333,108900,-1.0,-1.0,-1.0
2023/12/06,454.3333333333333,465.3333333333333,453.3333333333333,464.66666666666663,128100,-1.0,-1.0,-1.0
2023/12/07,467.3333333333333,467.3333333333333,460.0,460.0,199800,-1.0,-1.0,-1.0
2023/12/08,460.0,468.66666666666663,458.3333333333333,462.3333333333333,241200,-1.0,-1.0,-1.0
2023/12/11,479.3333333333333,479.3333333333333,469.0,475.0,270000,-1.0,-1.0,-1.0
2023/12/12,475.0,477.3333333333333,473.3333333333333,473.3333333333333,111000,-1.0,-1.0,-1.0
2023/12/13,475.66666666666663,479.0,471.3333333333333,475.0,82800,-1.0,-1.0,-1.0
2023/12/14,478.66666666666663,479.3333333333333,473.66666666666663,474.66666666666663,97500,-1.0,-1.0,-1.0
2023/12/15,477.66666666666663,478.3333333333333,471.0,472.66666666666663,124500,-1.0,-1.0,-1.0
2023/12/18,470.3333333333333,475.3333333333333,467.0,475.3333333333333,95100,-1.0,-1.0,-1.0
2023/12/19,475.3333333333333,480.0,473.0,477.3333333333333,120000,-1.0,-1.0,-1.0
2023/12/20,478.0,484.3333333333333,478.0,482.0,114900,-1.0,-1.0,-1.0
2023/12/21,480.0,485.0,480.0,482.3333333333333,72300,-1.0,-1.0,-1.0
2023/12/22,485.3333333333333,492.66666666666663,485.3333333333333,492.3333333333333,112500,-1.0,-1.0,-1.0
2023/12/25,495.3333333333333,498.3333333333333,484.66666666666663,489.0,107700,-1.0,-1.0,-1.0
2023/12/26,493.0,497.66666666666663,492.3333333333333,497.3333333333333,86100,-1.0,-1.0,-1.0
2023/12/27,498.3333333333333,500.66666666666663,496.3333333333333,498.66666666666663,135600,-1.0,-1.0,-1.0
2023/12/28,499.3333333333333,503.66666666666663,498.0,503.0,65700,-1.0,-1.0,-1.0
2023/12/29,505.0,512.0,505.0,509.3333333333333,106800,-1.0,-1.0,-1.0
2024/01/04,510.0,512.6666666666666,503.0,512.6666666666666,61800,-1.0,-1.0,-1.0
2024/01/05,513.3333333333333,518.0,512.3333333333333,514.3333333333333,68400,-1.0,-1.0,-1.0
2024/01/09,515.6666666666666,523.6666666666666,511.0,515.0,144000,-1.0,-1.0,-1.0
2024/01/10,514.3333333333333,522.6666666666666,511.3333333333333,520.3333333333333,87000,-1.0,-1.0,-1.0
2024/01/11,520.6666666666666,524.6666666666666,519.6666666666666,520.6666666666666,89400,-1.0,-1.0,-1.0
2024/01/12,525.0,527.0,516.3333333333333,519.0,60600,-1.0,-1.0,-1.0
2024/01/15,519.0,532.3333333333333,519.0,530.3333333333333,70200,-1.0,-1.0,-1.0
2024/01/16,530.3333333333333,530.3333333333333,521.3333333333333,522.3333333333333,86400,-1.0,-1.0,-1.0
2024/01/17,522.6666666666666,527.6666666666666,509.66666666666663,510.66666666666663,109200,-1.0,-1.0,-1.0
2024/01/18,510.3333333333333,513.3333333333333,506.66666666666663,506.66666666666663,67800,-1.0,-1.0,-1.0
2024/01/19,510.0,510.0,501.0,504.3333333333333,114600,-1.0,-1.0,-1.0
2024/01/22,508.66666666666663,518.3333333333333,507.0,512.0,76200,-1.0,-1.0,-1.0
2024/01/23,515.6666666666666,519.0,512.0,512.0,72300,-1.0,-1.0,-1.0
2024/01/24,507.66666666666663,512.6666666666666,507.66666666666663,510.0,69900,-1.0,-1.0,-1.0
2024/01/25,510.3333333333333,525.3333333333333,510.3333333333333,524.0,79200,-1.0,-1.0,-1.0
2024/01/26,523.3333333333333,523.3333333333333,515.3333333333333,515.3333333333333,129900,-1.0,-1.0,-1.0
2024/01/29,521.6666666666666,526.0,518.0,526.0,45600,-1.0,-1.0,-1.0
2024/01/30,526.6666666666666,531.6666666666666,517.6666666666666,519.6666666666666,91800,-1.0,-1.0,-1.0
2024/01/31,519.0,526.3333333333333,518.0,525.3333333333333,63000,-1.0,-1.0,-1.0
2024/02/01,519.3333333333333,525.0,519.3333333333333,520.6666666666666,83100,-1.0,-1.0,-1.0
2024/02/02,517.0,524.0,515.0,521.0,31800,-1.0,-1.0,-1.0
2024/02/05,526.6666666666666,526.6666666666666,520.3333333333333,523.0,83400,-1.0,-1.0,-1.0
2024/02/06,520.3333333333333,527.0,519.6666666666666,523.3333333333333,34800,-1.0,-1.0,-1.0
2024/02/07,523.3333333333333,528.3333333333333,521.3333333333333,525.0,58800,-1.0,-1.0,-1.0
2024/02/08,525.0,532.3333333333333,519.3333333333333,527.6666666666666,142500,-1.0,-1.0,-1.0
2024/02/09,522.6666666666666,533.3333333333333,522.6666666666666,528.3333333333333,150000,-1.0,-1.0,-1.0
2024/02/13,661.6666666666666,661.6666666666666,661.6666666666666,661.6666666666666,43500,-1.0,-1.0,-1.0
2024/02/14,793.3333333333333,793.3333333333333,728.6666666666666,751.3333333333333,1121700,-1.0,-1.0,-1.0
2024/02/15,743.3333333333333,753.3333333333333,730.6666666666666,730.6666666666666,564300,-1.0,-1.0,-1.0
2024/02/16,731.6666666666666,773.3333333333333,731.6666666666666,766.0,448200,-1.0,-1.0,-1.0
2024/02/19,766.6666666666666,783.0,757.0,783.0,264900,-1.0,-1.0,-1.0
2024/02/20,786.6666666666666,797.3333333333333,778.3333333333333,787.0,227700,-1.0,-1.0,-1.0
2024/02/21,791.6666666666666,799.3333333333333,764.0,771.6666666666666,339000,-1.0,-1.0,-1.0
2024/02/22,771.3333333333333,779.6666666666666,766.6666666666666,777.3333333333333,172800,-1.0,-1.0,-1.0
2024/02/26,770.0,782.3333333333333,761.3333333333333,762.0,288300,-1.0,-1.0,-1.0
2024/02/27,769.0,781.3333333333333,769.0,771.6666666666666,256800,-1.0,-1.0,-1.0
2024/02/28,781.3333333333333,787.0,768.3333333333333,768.3333333333333,325800,-1.0,-1.0,-1.0
2024/02/29,776.0,789.0,760.3333333333333,761.6666666666666,541200,-1.0,-1.0,-1.0
2024/03/01,760.3333333333333,761.6666666666666,742.6666666666666,759.3333333333333,391200,-1.0,-1.0,-1.0
2024/03/04,762.3333333333333,766.3333333333333,746.6666666666666,751.3333333333333,265200,-1.0,-1.0,-1.0
2024/03/05,750.0,767.0,747.0,757.3333333333333,273900,-1.0,-1.0,-1.0
2024/03/06,757.0,760.0,747.0,757.0,211200,-1.0,-1.0,-1.0
2024/03/07,762.6666666666666,768.3333333333333,745.0,746.0,336000,-1.0,-1.0,-1.0
2024/03/08,733.3333333333333,750.0,725.3333333333333,746.6666666666666,300000,-1.0,-1.0,-1.0
2024/03/11,745.6666666666666,753.0,735.0,745.3333333333333,215400,-1.0,-1.0,-1.0
2024/03/12,737.0,745.6666666666666,724.0,745.6666666666666,317100,-1.0,-1.0,-1.0
2024/03/13,749.6666666666666,759.6666666666666,735.0,738.3333333333333,232500,-1.0,-1.0,-1.0
2024/03/14,735.6666666666666,745.0,727.6666666666666,744.6666666666666,233100,-1.0,-1.0,-1.0
2024/03/15,746.3333333333333,758.6666666666666,742.0,758.6666666666666,282600,-1.0,-1.0,-1.0
2024/03/18,760.0,786.3333333333333,755.3333333333333,760.0,501000,-1.0,-1.0,-1.0
2024/03/19,760.3333333333333,774.3333333333333,756.6666666666666,773.0,274800,-1.0,-1.0,-1.0
2024/03/21,779.0,792.3333333333333,773.3333333333333,782.3333333333333,567900,-1.0,-1.0,-1.0
2024/03/22,786.0,799.3333333333333,781.6666666666666,796.3333333333333,459300,-1.0,-1.0,-1.0
2024/03/25,796.0,796.0,780.0,788.0,562200,-1.0,-1.0,-1.0
2024/03/26,790.0,791.0,769.0,769.6666666666666,806700,-1.0,-1.0,-1.0
2024/03/27,780.0,787.3333333333333,772.0,776.6666666666666,928200,-1.0,-1.0,-1.0
2024/03/28,723.6666666666666,733.0,691.6666666666666,692.0,1230300,-1.0,-1.0,-1.0
2024/03/29,698.3333333333333,725.6666666666666,698.3333333333333,723.6666666666666,516300,-1.0,-1.0,-1.0
2024/04/01,720.0,726.0,703.0,703.0,339900,-1.0,-1.0,-1.0
2024/04/02,703.0,706.3333333333333,687.6666666666666,693.3333333333333,284100,-1.0,-1.0,-1.0
2024/04/03,684.0,696.0,684.0,688.0,469800,-1.0,-1.0,-1.0
2024/04/04,686.6666666666666,693.0,678.6666666666666,683.6666666666666,309300,-1.0,-1.0,-1.0
2024/04/05,675.6666666666666,687.6666666666666,674.0,683.3333333333333,268500,-1.0,-1.0,-1.0
2024/04/08,687.6666666666666,691.0,675.0,683.0,171900,-1.0,-1.0,-1.0
2024/04/09,682.3333333333333,692.3333333333333,682.3333333333333,688.3333333333333,229500,-1.0,-1.0,-1.0
2024/04/10,690.0,697.6666666666666,688.3333333333333,695.0,163800,-1.0,-1.0,-1.0
2024/04/11,686.6666666666666,690.0,680.6666666666666,687.3333333333333,129600,-1.0,-1.0,-1.0
2024/04/12,689.3333333333333,692.3333333333333,676.0,681.3333333333333,250800,-1.0,-1.0,-1.0
2024/04/15,678.0,688.0,675.0,686.6666666666666,194100,-1.0,-1.0,-1.0
2024/04/16,679.3333333333333,679.6666666666666,668.6666666666666,670.3333333333333,333000,-1.0,-1.0,-1.0
2024/04/17,678.6666666666666,678.6666666666666,652.3333333333333,653.0,328800,-1.0,-1.0,-1.0
2024/04/18,642.3333333333333,663.6666666666666,639.0,655.0,297000,-1.0,-1.0,-1.0
2024/04/19,656.6666666666666,671.6666666666666,644.3333333333333,661.6666666666666,361500,-1.0,-1.0,-1.0
2024/04/22,666.6666666666666,676.0,663.3333333333333,670.0,176100,-1.0,-1.0,-1.0
2024/04/23,671.6666666666666,673.0,652.3333333333333,660.6666666666666,261000,-1.0,-1.0,-1.0
2024/04/24,669.6666666666666,670.3333333333333,659.0,659.3333333333333,175200,-1.0,-1.0,-1.0
2024/04/25,656.6666666666666,660.0,652.6666666666666,655.3333333333333,139800,-1.0,-1.0,-1.0
2024/04/26,655.3333333333333,666.3333333333333,647.6666666666666,664.3333333333333,310200,-1.0,-1.0,-1.0
2024/04/30,667.0,681.6666666666666,663.3333333333333,676.6666666666666,175500,-1.0,-1.0,-1.0
2024/05/01,669.3333333333333,673.3333333333333,665.0,669.3333333333333,86700,-1.0,-1.0,-1.0
2024/05/02,672.3333333333333,678.3333333333333,667.3333333333333,669.0,69900,-1.0,-1.0,-1.0
2024/05/07,678.0,679.3333333333333,667.3333333333333,669.6666666666666,100800,-1.0,-1.0,-1.0
2024/05/08,672.3333333333333,678.6666666666666,671.6666666666666,672.6666666666666,245100,-1.0,-1.0,-1.0
2024/05/09,672.6666666666666,694.3333333333333,672.6666666666666,687.6666666666666,174900,-1.0,-1.0,-1.0
2024/05/10,689.0,704.0,687.3333333333333,696.0,232200,-1.0,-1.0,-1.0
2024/05/13,687.6666666666666,692.6666666666666,682.3333333333333,692.6666666666666,132300,-1.0,-1.0,-1.0
2024/05/14,694.3333333333333,694.3333333333333,678.0,683.6666666666666,195000,-1.0,-1.0,-1.0
2024/05/15,683.6666666666666,687.6666666666666,667.3333333333333,667.6666666666666,338400,-1.0,-1.0,-1.0
2024/05/16,656.6666666666666,657.3333333333333,605.6666666666666,608.3333333333333,553200,-1.0,-1.0,-1.0
2024/05/17,597.6666666666666,616.3333333333333,584.3333333333333,609.0,370500,-1.0,-1.0,-1.0
2024/05/20,609.0,615.0,601.0,608.3333333333333,375000,-1.0,-1.0,-1.0
2024/05/21,616.0,624.6666666666666,611.6666666666666,617.0,444600,-1.0,-1.0,-1.0
2024/05/22,615.0,620.6666666666666,604.0,609.3333333333333,297900,-1.0,-1.0,-1.0
2024/05/23,607.3333333333333,614.6666666666666,600.0,614.3333333333333,307500,-1.0,-1.0,-1.0
2024/05/24,605.3333333333333,618.6666666666666,605.0,611.0,204000,-1.0,-1.0,-1.0
2024/05/27,614.3333333333333,614.3333333333333,601.3333333333333,610.0,203700,-1.0,-1.0,-1.0
2024/05/28,611.6666666666666,613.0,606.0,606.6666666666666,229200,-1.0,-1.0,-1.0
2024/05/29,605.0,606.0,586.6666666666666,586.6666666666666,261900,-1.0,-1.0,-1.0
2024/05/30,586.3333333333333,595.3333333333333,582.6666666666666,595.0,245100,-1.0,-1.0,-1.0
2024/05/31,599.3333333333333,621.3333333333333,599.3333333333333,617.3333333333333,494700,-1.0,-1.0,-1.0
2024/06/03,612.3333333333333,627.0,608.3333333333333,614.6666666666666,233700,-1.0,-1.0,-1.0
2024/06/04,611.0,611.0,603.6666666666666,606.0,161100,-1.0,-1.0,-1.0
2024/06/05,603.6666666666666,607.0,601.3333333333333,602.6666666666666,145200,-1.0,-1.0,-1.0
2024/06/06,602.6666666666666,604.3333333333333,594.0,595.6666666666666,177300,-1.0,-1.0,-1.0
2024/06/07,599.0,600.0,595.0,597.6666666666666,137100,-1.0,-1.0,-1.0
2024/06/10,598.3333333333333,611.6666666666666,597.3333333333333,610.3333333333333,202200,-1.0,-1.0,-1.0
2024/06/11,609.3333333333333,611.0,601.0,603.0,153900,-1.0,-1.0,-1.0
2024/06/12,602.6666666666666,606.6666666666666,600.3333333333333,605.3333333333333,198900,-1.0,-1.0,-1.0
2024/06/13,605.3333333333333,605.3333333333333,590.3333333333333,590.3333333333333,242100,-1.0,-1.0,-1.0
2024/06/14,583.3333333333333,597.0,583.3333333333333,596.3333333333333,282300,-1.0,-1.0,-1.0
2024/06/17,594.6666666666666,594.6666666666666,582.0,593.3333333333333,279900,-1.0,-1.0,-1.0
2024/06/18,600.0,601.0,592.6666666666666,596.3333333333333,155400,-1.0,-1.0,-1.0
2024/06/19,594.0,600.3333333333333,593.6666666666666,600.0,141600,-1.0,-1.0,-1.0
2024/06/20,596.6666666666666,598.3333333333333,587.0,590.3333333333333,177300,-1.0,-1.0,-1.0
2024/06/21,595.0,601.6666666666666,584.6666666666666,601.0,2034000,-1.0,-1.0,-1.0
2024/06/24,607.6666666666666,612.0,601.0,606.3333333333333,188700,-1.0,-1.0,-1.0
2024/06/25,606.3333333333333,614.3333333333333,606.3333333333333,610.6666666666666,126600,-1.0,-1.0,-1.0
2024/06/26,615.3333333333333,619.3333333333333,610.6666666666666,618.0,166500,-1.0,-1.0,-1.0
2024/06/27,619.0,622.6666666666666,615.6666666666666,622.6666666666666,175800,-1.0,-1.0,-1.0
2024/06/28,629.0,629.0,614.0,617.3333333333333,441900,-1.0,-1.0,-1.0
2024/07/01,625.6666666666666,625.6666666666666,615.0,615.0,131700,-1.0,-1.0,-1.0
2024/07/02,614.3333333333333,615.6666666666666,607.6666666666666,611.3333333333333,188400,-1.0,-1.0,-1.0
2024/07/03,613.3333333333333,613.3333333333333,604.6666666666666,609.6666666666666,153300,-1.0,-1.0,-1.0
2024/07/04,612.3333333333333,625.6666666666666,611.3333333333333,623.0,245100,-1.0,-1.0,-1.0
2024/07/05,626.0,626.0,616.3333333333333,616.6666666666666,89100,-1.0,-1.0,-1.0
2024/07/08,610.0,610.3333333333333,599.0,603.3333333333333,253200,-1.0,-1.0,-1.0
2024/07/09,609.6666666666666,625.6666666666666,608.6666666666666,621.0,309000,-1.0,-1.0,-1.0
2024/07/10,634.3333333333333,634.3333333333333,597.0,624.3333333333333,606900,-1.0,-1.0,-1.0
2024/07/11,628.3333333333333,634.3333333333333,622.6666666666666,630.0,248700,-1.0,-1.0,-1.0
2024/07/12,625.6666666666666,635.3333333333333,622.6666666666666,629.0,138300,-1.0,-1.0,-1.0
2024/07/16,629.0,633.0,617.6666666666666,617.6666666666666,150900,-1.0,-1.0,-1.0
2024/07/17,624.3333333333333,631.6666666666666,621.3333333333333,627.3333333333333,131100,-1.0,-1.0,-1.0
2024/07/18,623.3333333333333,632.6666666666666,622.6666666666666,622.6666666666666,128100,-1.0,-1.0,-1.0
2024/07/19,617.6666666666666,621.0,611.0,612.6666666666666,145800,-1.0,-1.0,-1.0
2024/07/22,612.6666666666666,612.6666666666666,600.0,604.3333333333333,122400,-1.0,-1.0,-1.0
2024/07/23,604.3333333333333,609.3333333333333,599.3333333333333,605.6666666666666,139500,-1.0,-1.0,-1.0
2024/07/24,604.3333333333333,606.0,596.0,596.0,130500,-1.0,-1.0,-1.0
2024/07/25,593.6666666666666,598.6666666666666,587.3333333333333,594.3333333333333,145500,-1.0,-1.0,-1.0
2024/07/26,600.6666666666666,605.6666666666666,595.3333333333333,598.0,141000,-1.0,-1.0,-1.0
2024/07/29,609.3333333333333,614.6666666666666,600.6666666666666,613.3333333333333,123900,-1.0,-1.0,-1.0
2024/07/30,611.6666666666666,611.6666666666666,602.0,606.0,139800,-1.0,-1.0,-1.0
2024/07/31,609.6666666666666,620.0,606.3333333333333,618.6666666666666,119400,-1.0,-1.0,-1.0
2024/08/01,601.6666666666666,608.0,595.6666666666666,598.3333333333333,149400,-1.0,-1.0,-1.0
2024/08/02,593.3333333333333,593.3333333333333,561.6666666666666,561.6666666666666,273900,-1.0,-1.0,-1.0
2024/08/05,533.6666666666666,536.0,468.66666666666663,496.0,226800,-1.0,-1.0,-1.0
2024/08/06,505.0,560.0,505.0,551.6666666666666,237000,-1.0,-1.0,-1.0
2024/08/07,541.0,572.6666666666666,539.6666666666666,545.3333333333333,156000,-1.0,-1.0,-1.0
2024/08/08,546.3333333333333,556.0,540.3333333333333,543.0,119400,-1.0,-1.0,-1.0
2024/08/09,557.0,557.0,529.6666666666666,539.3333333333333,213000,-1.0,-1.0,-1.0
2024/08/13,552.6666666666666,582.6666666666666,552.6666666666666,572.6666666666666,184500,-1.0,-1.0,-1.0
2024/08/14,582.6666666666666,582.6666666666666,567.0,578.6666666666666,110700,-1.0,-1.0,-1.0
2024/08/15,583.3333333333333,586.0,571.3333333333333,576.0,103200,-1.0,-1.0,-1.0
2024/08/16,586.3333333333333,595.3333333333333,582.0,594.0,103800,-1.0,-1.0,-1.0
2024/08/19,581.0,596.6666666666666,580.3333333333333,581.3333333333333,97500,-1.0,-1.0,-1.0
2024/08/20,589.3333333333333,592.0,584.3333333333333,591.3333333333333,118500,-1.0,-1.0,-1.0
2024/08/21,582.3333333333333,583.0,575.6666666666666,578.3333333333333,74100,-1.0,-1.0,-1.0
2024/08/22,578.6666666666666,580.0,572.0,580.0,46800,-1.0,-1.0,-1.0
2024/08/23,579.3333333333333,579.3333333333333,572.3333333333333,573.6666666666666,65400,-1.0,-1.0,-1.0
2024/08/26,575.0,578.0,566.3333333333333,574.6666666666666,122400,-1.0,-1.0,-1.0
2024/08/27,574.0,582.0,574.0,577.3333333333333,54000,-1.0,-1.0,-1.0
2024/08/28,574.0,577.3333333333333,564.6666666666666,577.3333333333333,73500,-1.0,-1.0,-1.0
2024/08/29,578.6666666666666,582.0,568.0,570.3333333333333,44100,-1.0,-1.0,-1.0
2024/08/30,570.3333333333333,575.6666666666666,569.0,569.0,78600,-1.0,-1.0,-1.0
2024/09/02,573.6666666666666,573.6666666666666,557.3333333333333,568.0,90900,-1.0,-1.0,-1.0
2024/09/03,568.0,574.3333333333333,563.6666666666666,564.3333333333333,87900,-1.0,-1.0,-1.0
2024/09/04,550.6666666666666,556.6666666666666,550.6666666666666,554.0,99600,-1.0,-1.0,-1.0
2024/09/05,550.0,556.3333333333333,544.6666666666666,551.0,94500,-1.0,-1.0,-1.0
2024/09/06,550.3333333333333,554.0,546.6666666666666,552.3333333333333,72600,-1.0,-1.0,-1.0
2024/09/09,533.6666666666666,544.0,530.6666666666666,541.3333333333333,76500,-1.0,-1.0,-1.0
2024/09/10,541.3333333333333,542.3333333333333,538.0,538.3333333333333,61200,-1.0,-1.0,-1.0
2024/09/11,538.0,538.6666666666666,530.6666666666666,533.0,92100,-1.0,-1.0,-1.0
2024/09/12,539.6666666666666,543.3333333333333,534.0,536.0,83400,-1.0,-1.0,-1.0
2024/09/13,533.3333333333333,536.3333333333333,531.6666666666666,533.0,128700,-1.0,-1.0,-1.0
2024/09/17,533.6666666666666,540.6666666666666,523.0,534.3333333333333,105300,-1.0,-1.0,-1.0
2024/09/18,540.0,543.0,533.3333333333333,540.3333333333333,66600,-1.0,-1.0,-1.0
2024/09/19,550.0,556.3333333333333,543.6666666666666,552.3333333333333,91200,-1.0,-1.0,-1.0
2024/09/20,561.6666666666666,566.6666666666666,558.0,559.6666666666666,265500,-1.0,-1.0,-1.0
2024/09/24,566.6666666666666,566.6666666666666,555.3333333333333,555.3333333333333,55500,-1.0,-1.0,-1.0
2024/09/25,556.0,564.6666666666666,549.6666666666666,562.3333333333333,78300,-1.0,-1.0,-1.0
2024/09/26,572.3333333333333,576.6666666666666,564.3333333333333,573.0,243000,-1.0,-1.0,-1.0
2024/09/27,563.3333333333333,570.0,557.3333333333333,560.0,114000,-1.0,-1.0,-1.0
2024/09/30,534.0,557.3333333333333,534.0,551.0,106800,-1.0,-1.0,-1.0
2024/10/01,554.0,560.0,553.3333333333333,558.0,42900,-1.0,-1.0,-1.0
2024/10/02,549.0,558.6666666666666,549.0,553.3333333333333,78600,-1.0,-1.0,-1.0
2024/10/03,563.3333333333333,566.3333333333333,558.6666666666666,562.0,48600,-1.0,-1.0,-1.0
2024/10/04,561.3333333333333,561.3333333333333,555.3333333333333,555.3333333333333,79200,-1.0,-1.0,-1.0
2024/10/07,565.0,565.6666666666666,559.3333333333333,565.0,71700,-1.0,-1.0,-1.0
2024/10/08,558.3333333333333,563.3333333333333,556.0,558.0,56700,-1.0,-1.0,-1.0
2024/10/09,564.3333333333333,565.0,555.3333333333333,556.6666666666666,50700,-1.0,-1.0,-1.0
2024/10/10,558.0,558.0,548.3333333333333,549.3333333333333,39300,-1.0,-1.0,-1.0
2024/10/11,548.6666666666666,549.0,538.6666666666666,541.6666666666666,100800,-1.0,-1.0,-1.0
2024/10/15,547.0,550.0,543.6666666666666,547.0,72300,-1.0,-1.0,-1.0
2024/10/16,545.0,551.3333333333333,543.3333333333333,545.0,67800,-1.0,-1.0,-1.0
2024/10/17,546.6666666666666,549.0,536.6666666666666,538.3333333333333,107700,-1.0,-1.0,-1.0
2024/10/18,537.3333333333333,539.0,534.0,537.6666666666666,45600,-1.0,-1.0,-1.0
2024/10/21,538.0,538.0,526.3333333333333,528.6666666666666,78900,-1.0,-1.0,-1.0
2024/10/22,530.0,530.0,517.0,517.0,83400,-1.0,-1.0,-1.0
2024/10/23,517.0,519.6666666666666,513.6666666666666,518.3333333333333,114000,-1.0,-1.0,-1.0
2024/10/24,514.6666666666666,527.0,509.0,523.3333333333333,138900,-1.0,-1.0,-1.0
2024/10/25,520.0,528.6666666666666,507.3333333333333,511.0,92400,-1.0,-1.0,-1.0
2024/10/28,513.6666666666666,517.0,506.66666666666663,513.0,164700,-1.0,-1.0,-1.0
2024/10/29,511.66666666666663,516.6666666666666,507.66666666666663,516.6666666666666,105900,-1.0,-1.0,-1.0
2024/10/30,518.3333333333333,522.6666666666666,513.0,517.3333333333333,405000,-1.0,-1.0,-1.0
2024/10/31,521.0,531.6666666666666,518.3333333333333,525.0,138300,-1.0,-1.0,-1.0
2024/11/01,518.0,521.3333333333333,512.3333333333333,516.3333333333333,168000,-1.0,-1.0,-1.0
2024/11/05,520.3333333333333,520.3333333333333,509.3333333333333,513.6666666666666,90900,-1.0,-1.0,-1.0
2024/11/06,513.6666666666666,525.6666666666666,513.6666666666666,521.6666666666666,104400,-1.0,-1.0,-1.0
2024/11/07,523.0,533.0,523.0,526.3333333333333,88500,-1.0,-1.0,-1.0
2024/11/08,533.0,533.3333333333333,508.3333333333333,514.0,116700,-1.0,-1.0,-1.0
2024/11/11,509.0,509.0,478.66666666666663,480.66666666666663,243000,-1.0,-1.0,-1.0
2024/11/12,480.66666666666663,491.66666666666663,480.0,480.0,92700,-1.0,-1.0,-1.0
2024/11/13,484.66666666666663,485.0,479.0,481.3333333333333,118800,-1.0,-1.0,-1.0
2024/11/14,479.3333333333333,485.0,478.3333333333333,478.3333333333333,64500,-1.0,-1.0,-1.0
2024/11/15,483.0,487.0,480.0,483.0,91500,-1.0,-1.0,-1.0
2024/11/18,483.0,488.0,482.0,487.66666666666663,74100,-1.0,-1.0,-1.0
2024/11/19,487.66666666666663,491.3333333333333,487.0,490.0,98700,-1.0,-1.0,-1.0
2024/11/20,491.66666666666663,496.66666666666663,489.3333333333333,493.3333333333333,111300,-1.0,-1.0,-1.0
2024/11/21,496.66666666666663,504.0,496.66666666666663,498.66666666666663,78600,-1.0,-1.0,-1.0
2024/11/22,500.66666666666663,513.0,500.66666666666663,512.0,113400,-1.0,-1.0,-1.0
2024/11/25,514.0,514.3333333333333,508.3333333333333,512.6666666666666,99000,-1.0,-1.0,-1.0
2024/11/26,515.3333333333333,521.6666666666666,508.3333333333333,518.0,186000,-1.0,-1.0,-1.0
2024/11/27,508.66666666666663,513.6666666666666,498.3333333333333,504.0,111300,-1.0,-1.0,-1.0
2024/11/28,504.0,510.66666666666663,495.3333333333333,500.0,123900,-1.0,-1.0,-1.0
2024/11/29,495.66666666666663,502.66666666666663,492.3333333333333,495.0,100200,-1.0,-1.0,-1.0
2024/12/02,495.0,510.0,495.0,508.0,123300,-1.0,-1.0,-1.0
2024/12/03,511.3333333333333,520.6666666666666,510.0,520.3333333333333,128400,-1.0,-1.0,-1.0
2024/12/04,516.6666666666666,519.3333333333333,499.3333333333333,500.0,114900,-1.0,-1.0,-1.0
2024/12/05,505.66666666666663,513.6666666666666,504.3333333333333,510.66666666666663,90600,-1.0,-1.0,-1.0
2024/12/06,516.6666666666666,520.3333333333333,511.0,520.3333333333333,197700,-1.0,-1.0,-1.0
2024/12/09,520.3333333333333,524.3333333333333,507.3333333333333,511.66666666666663,153600,-1.0,-1.0,-1.0
2024/12/10,538.3333333333333,543.6666666666666,530.0,536.6666666666666,454800,-1.0,-1.0,-1.0
2024/12/11,529.0,532.3333333333333,525.6666666666666,527.6666666666666,116700,-1.0,-1.0,-1.0
2024/12/12,533.0,539.0,528.3333333333333,535.0,129900,-1.0,-1.0,-1.0
2024/12/13,527.6666666666666,538.0,527.3333333333333,531.3333333333333,119700,-1.0,-1.0,-1.0
2024/12/16,531.3333333333333,539.6666666666666,530.0,534.3333333333333,70200,-1.0,-1.0,-1.0
2024/12/17,531.0,534.0,521.0,522.0,121200,-1.0,-1.0,-1.0
2024/12/18,518.3333333333333,521.6666666666666,513.3333333333333,515.6666666666666,89100,-1.0,-1.0,-1.0
2024/12/19,515.3333333333333,518.6666666666666,510.66666666666663,514.6666666666666,111600,-1.0,-1.0,-1.0
2024/12/20,518.0,521.3333333333333,510.66666666666663,513.0,260700,-1.0,-1.0,-1.0
2024/12/23,513.0,520.0,512.3333333333333,514.0,76800,-1.0,-1.0,-1.0
2024/12/24,514.0,517.3333333333333,510.3333333333333,512.6666666666666,73500,-1.0,-1.0,-1.0
2024/12/25,512.6666666666666,512.6666666666666,506.66666666666663,511.66666666666663,105000,-1.0,-1.0,-1.0
2024/12/26,514.3333333333333,523.6666666666666,511.3333333333333,523.6666666666666,191700,-1.0,-1.0,-1.0
2024/12/27,527.0,528.0,518.6666666666666,524.0,88500,-1.0,-1.0,-1.0
2024/12/30,526.0,529.6666666666666,521.3333333333333,523.0,60900,-1.0,-1.0,-1.0
2025/01/06,523.0,523.0,507.3333333333333,507.3333333333333,127500,-1.0,-1.0,-1.0
2025/01/07,508.66666666666663,508.66666666666663,501.66666666666663,504.66666666666663,99000,-1.0,-1.0,-1.0
2025/01/08,502.0,506.0,500.66666666666663,500.66666666666663,78600,-1.0,-1.0,-1.0
2025/01/09,501.3333333333333,502.66666666666663,496.66666666666663,496.66666666666663,100500,-1.0,-1.0,-1.0
2025/01/10,499.0,499.0,494.0,494.0,105600,-1.0,-1.0,-1.0
2025/01/14,495.3333333333333,504.0,495.3333333333333,498.3333333333333,101700,-1.0,-1.0,-1.0
2025/01/15,498.66666666666663,504.66666666666663,498.66666666666663,502.0,74400,-1.0,-1.0,-1.0
2025/01/16,502.0,508.0,502.0,503.66666666666663,79500,-1.0,-1.0,-1.0
2025/01/17,503.66666666666663,512.0,503.3333333333333,506.3333333333333,65100,-1.0,-1.0,-1.0
2025/01/20,511.66666666666663,514.6666666666666,502.66666666666663,505.3333333333333,87000,-1.0,-1.0,-1.0
2025/01/21,510.0,510.0,497.3333333333333,501.0,78900,-1.0,-1.0,-1.0
2025/01/22,500.0,508.3333333333333,500.0,506.66666666666663,67800,-1.0,-1.0,-1.0
2025/01/23,507.3333333333333,507.3333333333333,497.0,502.3333333333333,110700,-1.0,-1.0,-1.0
2025/01/24,505.3333333333333,508.0,502.66666666666663,505.3333333333333,64500,-1.0,-1.0,-1.0
2025/01/27,511.66666666666663,512.3333333333333,506.0,510.0,150000,-1.0,-1.0,-1.0
2025/01/28,510.0,524.6666666666666,509.66666666666663,517.3333333333333,210300,-1.0,-1.0,-1.0
2025/01/29,517.0,521.6666666666666,512.6666666666666,512.6666666666666,115200,-1.0,-1.0,-1.0
2025/01/30,515.6666666666666,522.0,514.6666666666666,522.0,115800,-1.0,-1.0,-1.0
2025/01/31,522.3333333333333,522.3333333333333,513.6666666666666,517.3333333333333,82800,-1.0,-1.0,-1.0
2025/02/03,516.6666666666666,520.6666666666666,507.3333333333333,508.0,163800,-1.0,-1.0,-1.0
2025/02/04,516.0,521.0,507.3333333333333,508.0,81300,-1.0,-1.0,-1.0
2025/02/05,508.3333333333333,515.0,508.3333333333333,513.6666666666666,3600,-1.0,-1.0,-1.0
2025/02/06,511.66666666666663,517.3333333333333,511.0,516.6666666666666,44700,-1.0,-1.0,-1.0
2025/02/07,516.6666666666666,529.3333333333333,515.6666666666666,521.3333333333333,147000,-1.0,-1.0,-1.0
2025/02/10,525.3333333333333,525.3333333333333,513.3333333333333,516.3333333333333,114900,-1.0,-1.0,-1.0
2025/02/12,515.3333333333333,521.3333333333333,508.3333333333333,510.3333333333333,135900,-1.0,-1.0,-1.0
2025/02/13,523.0,524.3333333333333,512.3333333333333,516.6666666666666,263400,-1.0,-1.0,-1.0
2025/02/14,522.0,523.3333333333333,513.0,516.3333333333333,117600,-1.0,-1.0,-1.0
2025/02/17,519.0,526.3333333333333,517.3333333333333,520.0,150600,-1.0,-1.0,-1.0
2025/02/18,523.3333333333333,532.0,522.3333333333333,529.0,301800,-1.0,-1.0,-1.0
2025/02/19,533.0,533.0,522.3333333333333,528.3333333333333,147600,-1.0,-1.0,-1.0
2025/02/20,525.3333333333333,525.6666666666666,515.3333333333333,519.6666666666666,144300,-1.0,-1.0,-1.0
2025/02/21,523.3333333333333,526.3333333333333,513.3333333333333,523.6666666666666,230400,-1.0,-1.0,-1.0
2025/02/25,518.3333333333333,526.6666666666666,514.6666666666666,526.6666666666666,173100,-1.0,-1.0,-1.0
2025/02/26,526.6666666666666,526.6666666666666,510.66666666666663,515.0,228600,-1.0,-1.0,-1.0
2025/02/27,519.3333333333333,527.0,516.6666666666666,526.0,133800,-1.0,-1.0,-1.0
2025/02/28,524.6666666666666,529.3333333333333,522.6666666666666,524.6666666666666,143700,-1.0,-1.0,-1.0
2025/03/03,530.6666666666666,532.6666666666666,525.6666666666666,531.6666666666666,140400,-1.0,-1.0,-1.0
2025/03/04,533.3333333333333,533.6666666666666,523.3333333333333,525.3333333333333,74100,-1.0,-1.0,-1.0
2025/03/05,527.3333333333333,534.0,527.3333333333333,531.3333333333333,70500,-1.0,-1.0,-1.0
2025/03/06,535.0,540.3333333333333,529.6666666666666,536.3333333333333,159300,-1.0,-1.0,-1.0
2025/03/07,528.0,532.6666666666666,522.0,532.6666666666666,141600,-1.0,-1.0,-1.0
2025/03/10,535.6666666666666,537.3333333333333,526.3333333333333,531.0,87000,-1.0,-1.0,-1.0
2025/03/11,525.0,528.0,515.6666666666666,521.3333333333333,132000,-1.0,-1.0,-1.0
2025/03/12,521.3333333333333,527.0,515.0,522.6666666666666,183300,-1.0,-1.0,-1.0
2025/03/13,529.3333333333333,530.0,520.0,522.6666666666666,77100,-1.0,-1.0,-1.0
2025/03/14,519.3333333333333,531.0,519.3333333333333,527.0,140100,-1.0,-1.0,-1.0
2025/03/17,531.0,535.6666666666666,525.0,530.3333333333333,122700,-1.0,-1.0,-1.0
2025/03/18,536.0,536.3333333333333,530.6666666666666,532.6666666666666,164400,-1.0,-1.0,-1.0
2025/03/19,530.0,540.6666666666666,530.0,538.6666666666666,115500,-1.0,-1.0,-1.0
2025/03/21,538.6666666666666,540.0,534.6666666666666,535.0,172200,-1.0,-1.0,-1.0
2025/03/24,535.0,535.0,527.6666666666666,530.6666666666666,121500,-1.0,-1.0,-1.0
2025/03/25,531.0,536.3333333333333,530.3333333333333,535.0,123000,-1.0,-1.0,-1.0
2025/03/26,535.6666666666666,536.0,528.3333333333333,536.0,238200,-1.0,-1.0,-1.0
2025/03/27,530.6666666666666,537.0,528.6666666666666,537.0,247800,-1.0,-1.0,-1.0
2025/03/28,521.3333333333333,528.6666666666666,515.3333333333333,521.0,252900,-1.0,-1.0,-1.0
2025/03/31,508.3333333333333,516.3333333333333,502.66666666666663,504.0,252300,-1.0,-1.0,-1.0
2025/04/01,511.0,511.0,504.66666666666663,504.66666666666663,119700,-1.0,-1.0,-1.0
2025/04/02,509.3333333333333,509.3333333333333,499.3333333333333,500.3333333333333,141600,-1.0,-1.0,-1.0
2025/04/03,493.3333333333333,494.66666666666663,481.3333333333333,490.3333333333333,246900,-1.0,-1.0,-1.0
2025/04/04,475.66666666666663,478.0,458.3333333333333,470.3333333333333,406800,-1.0,-1.0,-1.0
2025/04/07,433.3333333333333,454.66666666666663,427.0,444.3333333333333,279900,-1.0,-1.0,-1.0
2025/04/08,458.3333333333333,474.66666666666663,458.3333333333333,467.3333333333333,205500,-1.0,-1.0,-1.0
2025/04/09,459.3333333333333,466.0,450.0,462.66666666666663,241800,-1.0,-1.0,-1.0
2025/04/10,492.66666666666663,494.66666666666663,477.66666666666663,485.3333333333333,144300,-1.0,-1.0,-1.0
2025/04/11,475.3333333333333,483.3333333333333,464.66666666666663,481.3333333333333,117300,-1.0,-1.0,-1.0
2025/04/14,485.0,490.3333333333333,482.0,486.0,82800,-1.0,-1.0,-1.0
2025/04/15,491.0,491.0,482.66666666666663,482.66666666666663,59400,-1.0,-1.0,-1.0
2025/04/16,485.3333333333333,485.3333333333333,478.3333333333333,479.3333333333333,44700,-1.0,-1.0,-1.0
2025/04/17,477.0,480.66666666666663,473.66666666666663,479.0,35100,-1.0,-1.0,-1.0
2025/04/18,484.3333333333333,492.0,482.66666666666663,491.3333333333333,51600,-1.0,-1.0,-1.0
2025/04/21,489.3333333333333,491.66666666666663,487.3333333333333,491.66666666666663,46500,-1.0,-1.0,-1.0
2025/04/22,493.66666666666663,499.66666666666663,493.66666666666663,496.0,53100,-1.0,-1.0,-1.0
2025/04/23,500.0,503.66666666666663,499.66666666666663,500.66666666666663,81000,-1.0,-1.0,-1.0
2025/04/24,505.66666666666663,506.66666666666663,493.66666666666663,496.0,60000,-1.0,-1.0,-1.0
2025/04/25,494.66666666666663,499.0,490.66666666666663,497.66666666666663,82500,-1.0,-1.0,-1.0
2025/04/28,503.0,506.66666666666663,496.66666666666663,501.0,183000,-1.0,-1.0,-1.0
2025/04/30,500.0,504.0,495.0,497.3333333333333,127800,-1.0,-1.0,-1.0
2025/05/01,495.3333333333333,499.66666666666663,492.0,495.0,79500,-1.0,-1.0,-1.0
2025/05/02,498.66666666666663,498.66666666666663,485.3333333333333,489.3333333333333,82200,-1.0,-1.0,-1.0
2025/05/07,486.66666666666663,491.3333333333333,480.3333333333333,489.66666666666663,130800,-1.0,-1.0,-1.0
2025/05/08,488.0,495.66666666666663,480.0,491.3333333333333,215100,-1.0,-1.0,-1.0
2025/05/09,493.3333333333333,502.0,491.0,500.3333333333333,101400,-1.0,-1.0,-1.0
2025/05/12,498.66666666666663,504.66666666666663,497.66666666666663,501.3333333333333,83400,-1.0,-1.0,-1.0
2025/05/13,506.3333333333333,507.66666666666663,500.3333333333333,500.3333333333333,72000,-1.0,-1.0,-1.0
2025/05/14,499.66666666666663,582.0,490.3333333333333,561.6666666666666,813900,-1.0,-1.0,-1.0
2025/05/15,556.0,565.6666666666666,546.0,559.3333333333333,498000,-1.0,-1.0,-1.0
2025/05/16,560.3333333333333,572.6666666666666,554.6666666666666,565.3333333333333,297900,-1.0,-1.0,-1.0
2025/05/19,565.3333333333333,566.6666666666666,556.6666666666666,566.6666666666666,246000,-1.0,-1.0,-1.0
2025/05/20,568.3333333333333,582.3333333333333,560.6666666666666,562.3333333333333,234000,-1.0,-1.0,-1.0
2025/05/21,566.6666666666666,568.0,556.0,561.6666666666666,163500,-1.0,-1.0,-1.0
2025/05/22,560.6666666666666,573.3333333333333,557.3333333333333,562.0,172500,-1.0,-1.0,-1.0
2025/05/23,565.6666666666666,567.6666666666666,560.3333333333333,563.3333333333333,114600,-1.0,-1.0,-1.0
2025/05/26,563.6666666666666,568.3333333333333,563.6666666666666,565.3333333333333,126600,-1.0,-1.0,-1.0
2025/05/27,566.0,566.6666666666666,560.3333333333333,560.3333333333333,101700,-1.0,-1.0,-1.0
2025/05/28,561.6666666666666,566.6666666666666,559.0,559.0,181500,-1.0,-1.0,-1.0
2025/05/29,561.0,566.0,559.3333333333333,565.0,161100,-1.0,-1.0,-1.0
2025/05/30,560.0,574.0,558.6666666666666,567.3333333333333,265200,-1.0,-1.0,-1.0
2025/06/02,568.0,574.3333333333333,568.0,569.3333333333333,159300,-1.0,-1.0,-1.0
2025/06/03,571.6666666666666,577.6666666666666,570.0,572.0,135900,-1.0,-1.0,-1.0
2025/06/04,573.6666666666666,582.6666666666666,572.0,572.6666666666666,184800,-1.0,-1.0,-1.0
2025/06/05,573.0,581.6666666666666,573.0,574.0,132000,-1.0,-1.0,-1.0
2025/06/06,574.3333333333333,577.3333333333333,571.6666666666666,572.3333333333333,101700,-1.0,-1.0,-1.0
2025/06/09,573.0,574.0,565.3333333333333,569.6666666666666,155700,-1.0,-1.0,-1.0
2025/06/10,569.0,572.3333333333333,565.6666666666666,565.6666666666666,120600,-1.0,-1.0,-1.0
2025/06/11,566.6666666666666,573.3333333333333,565.3333333333333,573.0,126300,-1.0,-1.0,-1.0
2025/06/12,567.0,573.6666666666666,566.6666666666666,568.6666666666666,113100,-1.0,-1.0,-1.0
2025/06/13,565.3333333333333,576.0,565.3333333333333,575.6666666666666,238800,-1.0,-1.0,-1.0
2025/06/16,580.0,586.3333333333333,578.0,578.0,154800,-1.0,-1.0,-1.0
2025/06/17,578.0,582.3333333333333,573.0,578.3333333333333,271500,-1.0,-1.0,-1.0
2025/06/18,578.3333333333333,586.6666666666666,575.0,586.6666666666666,213000,-1.0,-1.0,-1.0
2025/06/19,587.6666666666666,588.0,578.6666666666666,581.0,100500,-1.0,-1.0,-1.0
2025/06/20,578.3333333333333,583.3333333333333,577.0,578.3333333333333,644100,-1.0,-1.0,-1.0
2025/06/23,577.3333333333333,580.0,572.0,577.3333333333333,204000,-1.0,-1.0,-1.0
2025/06/24,578.3333333333333,580.6666666666666,572.6666666666666,572.6666666666666,188400,-1.0,-1.0,-1.0
2025/06/25,571.6666666666666,579.0,568.3333333333333,576.6666666666666,282300,-1.0,-1.0,-1.0
2025/06/26,571.0,585.6666666666666,571.0,581.6666666666666,328500,-1.0,-1.0,-1.0
2025/06/27,589.6666666666666,603.3333333333333,589.6666666666666,596.6666666666666,431100,-1.0,-1.0,-1.0
2025/06/30,593.3333333333333,602.0,593.3333333333333,598.0,218700,-1.0,-1.0,-1.0
2025/07/01,596.6666666666666,608.6666666666666,596.6666666666666,601.0,141300,-1.0,-1.0,-1.0
2025/07/02,602.3333333333333,605.3333333333333,598.0,602.0,186300,-1.0,-1.0,-1.0
2025/07/03,601.0,602.6666666666666,596.6666666666666,600.0,194400,-1.0,-1.0,-1.0
2025/07/04,599.3333333333333,608.6666666666666,599.0,608.3333333333333,149700,-1.0,-1.0,-1.0
2025/07/07,610.0,613.0,595.6666666666666,603.0,159300,-1.0,-1.0,-1.0
2025/07/08,600.3333333333333,607.0,600.3333333333333,604.0,219900,-1.0,-1.0,-1.0
2025/07/09,607.0,616.6666666666666,607.0,614.6666666666666,280800,-1.0,-1.0,-1.0
2025/07/10,614.6666666666666,614.6666666666666,605.6666666666666,609.6666666666666,414000,-1.0,-1.0,-1.0
2025/07/11,611.6666666666666,616.3333333333333,611.3333333333333,614.0,116400,-1.0,-1.0,-1.0
2025/07/14,616.6666666666666,622.0,614.0,614.3333333333333,180600,-1.0,-1.0,-1.0
2025/07/15,615.0,620.6666666666666,614.6666666666666,619.3333333333333,97200,-1.0,-1.0,-1.0
2025/07/16,619.3333333333333,620.3333333333333,608.6666666666666,610.3333333333333,160800,-1.0,-1.0,-1.0
2025/07/17,608.6666666666666,611.3333333333333,606.0,607.6666666666666,111900,-1.0,-1.0,-1.0
2025/07/18,611.0,611.0,604.6666666666666,606.0,105000,-1.0,-1.0,-1.0
2025/07/22,604.6666666666666,607.6666666666666,603.6666666666666,604.3333333333333,146400,-1.0,-1.0,-1.0
2025/07/23,613.3333333333333,616.3333333333333,606.3333333333333,614.0,203700,-1.0,-1.0,-1.0
2025/07/24,610.0,617.3333333333333,610.0,614.0,120000,-1.0,-1.0,-1.0
2025/07/25,617.3333333333333,622.3333333333333,613.3333333333333,620.0,128100,-1.0,-1.0,-1.0
2025/07/28,618.3333333333333,622.6666666666666,614.3333333333333,619.3333333333333,240300,-1.0,-1.0,-1.0
2025/07/29,618.6666666666666,618.6666666666666,612.0,615.3333333333333,117000,-1.0,-1.0,-1.0
2025/07/30,614.3333333333333,620.6666666666666,613.6666666666666,618.0,168000,-1.0,-1.0,-1.0
2025/07/31,619.3333333333333,625.6666666666666,619.3333333333333,623.0,106200,-1.0,-1.0,-1.0
2025/08/01,623.3333333333333,635.3333333333333,623.3333333333333,631.6666666666666,218400,-1.0,-1.0,-1.0
2025/08/04,622.6666666666666,629.0,618.6666666666666,626.3333333333333,164100,-1.0,-1.0,-1.0
2025/08/05,626.6666666666666,634.6666666666666,622.0,628.0,185100,-1.0,-1.0,-1.0
2025/08/06,630.3333333333333,644.0,630.3333333333333,638.0,258300,-1.0,-1.0,-1.0
2025/08/07,640.0,646.3333333333333,637.3333333333333,643.0,260100,-1.0,-1.0,-1.0
2025/08/08,636.6666666666666,644.0,615.3333333333333,625.6666666666666,449700,-1.0,-1.0,-1.0
2025/08/12,626.6666666666666,628.3333333333333,614.0,619.3333333333333,447600,-1.0,-1.0,-1.0
2025/08/13,617.3333333333333,624.0,616.3333333333333,617.6666666666666,198600,-1.0,-1.0,-1.0
2025/08/14,613.3333333333333,615.6666666666666,604.3333333333333,608.6666666666666,261900,-1.0,-1.0,-1.0
2025/08/15,608.6666666666666,608.6666666666666,603.6666666666666,608.3333333333333,292500,-1.0,-1.0,-1.0
2025/08/18,610.0,612.6666666666666,606.3333333333333,609.6666666666666,253800,-1.0,-1.0,-1.0
2025/08/19,610.0,613.3333333333333,606.6666666666666,613.3333333333333,238200,-1.0,-1.0,-1.0
2025/08/20,626.0,634.0,616.0,624.0,787800,-1.0,-1.0,-1.0
2025/08/21,622.0,628.6666666666666,619.0,626.0,390900,-1.0,-1.0,-1.0
2025/08/22,626.0,630.3333333333333,620.0,628.0,218100,-1.0,-1.0,-1.0
2025/08/25,630.6666666666666,632.3333333333333,623.0,626.0,257400,-1.0,-1.0,-1.0
2025/08/26,626.6666666666666,628.0,619.3333333333333,628.0,577800,-1.0,-1.0,-1.0
2025/08/27,626.3333333333333,628.0,622.0,624.3333333333333,314700,-1.0,-1.0,-1.0
2025/08/28,623.6666666666666,630.3333333333333,619.6666666666666,628.3333333333333,666300,-1.0,-1.0,-1.0
2025/08/29,631.0,636.6666666666666,628.3333333333333,634.6666666666666,468900,-1.0,-1.0,-1.0
2025/09/01,639.3333333333333,639.6666666666666,628.3333333333333,631.0,730200,-1.0,-1.0,-1.0
2025/09/02,636.0,644.3333333333333,636.0,639.0,472800,-1.0,-1.0,-1.0
2025/09/03,642.6666666666666,646.0,636.0,636.0,386700,-1.0,-1.0,-1.0
2025/09/04,637.0,644.0,637.0,641.6666666666666,535500,-1.0,-1.0,-1.0
2025/09/05,642.3333333333333,645.6666666666666,638.0,643.6666666666666,352800,-1.0,-1.0,-1.0
2025/09/08,646.6666666666666,649.0,639.6666666666666,641.6666666666666,433800,-1.0,-1.0,-1.0
2025/09/09,643.6666666666666,648.3333333333333,638.3333333333333,639.3333333333333,320400,-1.0,-1.0,-1.0
2025/09/10,640.0,646.3333333333333,638.3333333333333,644.6666666666666,409800,-1.0,-1.0,-1.0
2025/09/11,646.6666666666666,648.0,640.3333333333333,646.0,545400,-1.0,-1.0,-1.0
2025/09/12,645.0,645.0,630.6666666666666,641.6666666666666,642300,-1.0,-1.0,-1.0
2025/09/16,642.0,645.0,639.0,641.6666666666666,595500,-1.0,-1.0,-1.0
2025/09/17,639.6666666666666,639.6666666666666,633.6666666666666,633.6666666666666,497100,-1.0,-1.0,-1.0
2025/09/18,633.3333333333333,638.0,628.6666666666666,634.3333333333333,796800,-1.0,-1.0,-1.0
2025/09/19,639.0,644.6666666666666,633.3333333333333,635.3333333333333,1029300,-1.0,-1.0,-1.0
2025/09/22,631.6666666666666,642.3333333333333,631.6666666666666,638.0,959100,-1.0,-1.0,-1.0
2025/09/24,634.0,637.0,632.6666666666666,633.3333333333333,851100,-1.0,-1.0,-1.0
2025/09/25,633.3333333333333,637.6666666666666,633.3333333333333,635.0,700200,-1.0,-1.0,-1.0
2025/09/26,639.3333333333333,650.6666666666666,637.3333333333333,647.6666666666666,1428000,-1.0,-1.0,-1.0
2025/09/29,632.0,638.3333333333333,629.0,632.3333333333333,972900,-1.0,-1.0,-1.0
2025/09/30,637.3333333333333,640.3333333333333,630.6666666666666,638.0,373500,-1.0,-1.0,-1.0
2025/10/01,642.3333333333333,645.6666666666666,626.3333333333333,630.6666666666666,447000,-1.0,-1.0,-1.0
2025/10/02,627.6666666666666,631.6666666666666,617.3333333333333,622.6666666666666,368100,-1.0,-1.0,-1.0
2025/10/03,622.6666666666666,626.3333333333333,621.3333333333333,624.3333333333333,162300,-1.0,-1.0,-1.0
2025/10/06,635.0,640.0,630.0,639.0,359400,-1.0,-1.0,-1.0
2025/10/07,644.6666666666666,646.6666666666666,638.3333333333333,641.0,292200,-1.0,-1.0,-1.0
2025/10/08,640.6666666666666,647.0,632.6666666666666,634.0,190200,-1.0,-1.0,-1.0
2025/10/09,636.6666666666666,637.0,631.6666666666666,635.6666666666666,169800,-1.0,-1.0,-1.0
2025/10/10,628.3333333333333,629.6666666666666,620.3333333333333,620.6666666666666,243000,-1.0,-1.0,-1.0
2025/10/14,619.0,627.3333333333333,616.6666666666666,625.0,263100,-1.0,-1.0,-1.0
2025/10/15,630.6666666666666,640.6666666666666,629.3333333333333,640.6666666666666,159000,-1.0,-1.0,-1.0
2025/10/16,643.3333333333333,645.0,638.6666666666666,643.0,116100,-1.0,-1.0,-1.0
2025/10/17,646.0,646.6666666666666,636.6666666666666,637.6666666666666,117000,-1.0,-1.0,-1.0
2025/10/20,646.0,646.3333333333333,641.0,645.6666666666666,135900,-1.0,-1.0,-1.0
2025/10/21,646.0,648.0,640.6666666666666,643.6666666666666,136200,-1.0,-1.0,-1.0
2025/10/22,643.6666666666666,652.6666666666666,642.3333333333333,651.6666666666666,455400,-1.0,-1.0,-1.0
2025/10/23,651.0,654.0,646.0,650.3333333333333,183300,-1.0,-1.0,-1.0
2025/10/24,654.0,654.0,649.3333333333333,654.0,150300,-1.0,-1.0,-1.0
2025/10/27,664.6666666666666,669.6666666666666,658.3333333333333,669.6666666666666,255600,-1.0,-1.0,-1.0
2025/10/28,664.3333333333333,664.3333333333333,636.6666666666666,639.3333333333333,227700,-1.0,-1.0,-1.0
2025/10/29,647.0,647.0,632.6666666666666,635.0,180000,-1.0,-1.0,-1.0
2025/10/30,635.3333333333333,642.3333333333333,634.0,639.0,348300,-1.0,-1.0,-1.0
2025/10/31,641.0,641.0,633.0,639.0,191700,-1.0,-1.0,-1.0
2025/11/04,637.3333333333333,647.6666666666666,636.3333333333333,646.0,242700,-1.0,-1.0,-1.0
2025/11/05,642.3333333333333,643.6666666666666,628.6666666666666,642.6666666666666,242700,-1.0,-1.0,-1.0
2025/11/06,640.3333333333333,654.0,638.6666666666666,650.0,188400,-1.0,-1.0,-1.0
2025/11/07,645.3333333333333,647.3333333333333,640.3333333333333,646.6666666666666,102600,-1.0,-1.0,-1.0
2025/11/10,653.0,658.3333333333333,647.6666666666666,653.0,146100,-1.0,-1.0,-1.0
2025/11/11,648.3333333333333,655.0,644.0,649.0,145500,-1.0,-1.0,-1.0
2025/11/12,649.6666666666666,661.3333333333333,649.6666666666666,660.6666666666666,140700,-1.0,-1.0,-1.0
2025/11/13,660.0,794.0,653.0,794.0,2553300,-1.0,-1.0,-1.0
2025/11/14,782.3333333333333,793.0,743.6666666666666,744.6666666666666,1890000,-1.0,-1.0,-1.0
2025/11/17,750.3333333333333,759.6666666666666,735.0,741.0,530100,-1.0,-1.0,-1.0
2025/11/18,742.6666666666666,744.6666666666666,730.0,733.3333333333333,293100,-1.0,-1.0,-1.0
2025/11/19,739.0,742.0,729.0,740.6666666666666,315000,-1.0,-1.0,-1.0
2025/11/20,747.0,750.0,738.6666666666666,740.0,240300,-1.0,-1.0,-1.0
2025/11/21,736.0,756.3333333333333,735.6666666666666,754.3333333333333,255300,-1.0,-1.0,-1.0
2025/11/25,756.3333333333333,769.0,750.0,755.3333333333333,346500,-1.0,-1.0,-1.0
2025/11/26,766.3333333333333,774.0,759.6666666666666,774.0,395400,-1.0,-1.0,-1.0
2025/11/27,778.0,782.3333333333333,774.6666666666666,776.3333333333333,298500,-1.0,-1.0,-1.0
2025/11/28,779.3333333333333,793.6666666666666,775.0,791.0,447300,-1.0,-1.0,-1.0
2025/12/01,796.0,796.3333333333333,781.0,792.0,468000,-1.0,-1.0,-1.0
2025/12/02,787.6666666666666,799.6666666666666,779.0,799.3333333333333,419400,-1.0,-1.0,-1.0
2025/12/03,794.3333333333333,800.0,774.3333333333333,789.0,641700,-1.0,-1.0,-1.0
2025/12/04,790.0,811.0,789.0,810.0,580800,-1.0,-1.0,-1.0
2025/12/05,798.3333333333333,820.3333333333333,798.3333333333333,807.0,440400,-1.0,-1.0,-1.0
2025/12/08,805.3333333333333,811.3333333333333,801.3333333333333,802.3333333333333,282600,-1.0,-1.0,-1.0
2025/12/09,805.6666666666666,812.6666666666666,788.0,796.3333333333333,604200,-1.0,-1.0,-1.0
2025/12/10,807.3333333333333,809.6666666666666,797.6666666666666,798.0,606000,-1.0,-1.0,-1.0
2025/12/11,806.0,807.0,769.6666666666666,774.3333333333333,706500,-1.0,-1.0,-1.0
2025/12/12,784.0,788.0,774.3333333333333,782.3333333333333,319500,-1.0,-1.0,-1.0
2025/12/15,777.3333333333333,798.3333333333333,776.0,798.3333333333333,263700,-1.0,-1.0,-1.0
2025/12/16,787.0,794.6666666666666,775.3333333333333,776.6666666666666,302700,-1.0,-1.0,-1.0
2025/12/17,785.0,785.0,768.3333333333333,781.0,190800,-1.0,-1.0,-1.0
2025/12/18,776.3333333333333,785.0,770.6666666666666,781.3333333333333,259200,-1.0,-1.0,-1.0
2025/12/19,788.3333333333333,798.0,785.3333333333333,788.6666666666666,535500,-1.0,-1.0,-1.0
2025/12/22,797.6666666666666,799.3333333333333,785.3333333333333,786.3333333333333,230700,-1.0,-1.0,-1.0
2025/12/23,783.6666666666666,787.3333333333333,778.3333333333333,787.0,219600,-1.0,-1.0,-1.0
2025/12/24,788.0,792.6666666666666,783.0,787.0,187800,-1.0,-1.0,-1.0
2025/12/25,786.3333333333333,796.3333333333333,781.6666666666666,796.3333333333333,194400,-1.0,-1.0,-1.0
2025/12/26,795.3333333333333,799.3333333333333,786.3333333333333,790.0,370800,-1.0,-1.0,-1.0
2025/12/29,797.6666666666666,822.6666666666666,794.3333333333333,815.6666666666666,870600,-1.0,-1.0,-1.0
2025/12/30,806.3333333333333,818.3333333333333,806.3333333333333,811.0,275100,-1.0,-1.0,-1.0
2026/01/05,814.6666666666666,833.0,810.3333333333333,829.6666666666666,652800,-1.0,-1.0,-1.0
2026/01/06,829.3333333333333,851.3333333333333,827.6666666666666,837.3333333333333,719100,-1.0,-1.0,-1.0
2026/01/07,821.3333333333333,840.0,820.0,834.0,516600,-1.0,-1.0,-1.0
2026/01/08,828.0,842.3333333333333,828.0,835.0,407700,-1.0,-1.0,-1.0
2026/01/09,829.3333333333333,836.0,828.6666666666666,831.0,305700,-1.0,-1.0,-1.0
2026/01/13,846.0,851.6666666666666,834.0,835.6666666666666,290400,-1.0,-1.0,-1.0
2026/01/14,839.3333333333333,848.0,832.0,845.3333333333333,321000,-1.0,-1.0,-1.0
2026/01/15,845.3333333333333,851.3333333333333,842.0,845.3333333333333,262200,-1.0,-1.0,-1.0
2026/01/16,844.3333333333333,850.3333333333333,834.0,850.3333333333333,310200,-1.0,-1.0,-1.0
2026/01/19,849.6666666666666,851.0,837.0,850.0,341100,-1.0,-1.0,-1.0
2026/01/20,842.3333333333333,843.3333333333333,832.0,837.0,354600,-1.0,-1.0,-1.0
2026/01/21,821.3333333333333,838.6666666666666,818.0,833.3333333333333,320100,-1.0,-1.0,-1.0
2026/01/22,838.6666666666666,844.3333333333333,835.6666666666666,843.3333333333333,197700,-1.0,-1.0,-1.0
2026/01/23,837.6666666666666,856.3333333333333,837.6666666666666,853.0,292200,-1.0,-1.0,-1.0
2026/01/26,841.6666666666666,850.0,833.0,833.3333333333333,261600,-1.0,-1.0,-1.0
2026/01/27,830.3333333333333,849.6666666666666,826.0,845.6666666666666,256800,-1.0,-1.0,-1.0
2026/01/28,838.6666666666666,839.0,830.0,832.0,206100,-1.0,-1.0,-1.0
2026/01/29,832.0,842.6666666666666,821.0,842.6666666666666,312600,-1.0,-1.0,-1.0
2026/01/30,841.3333333333333,843.3333333333333,833.6666666666666,840.0,301500,-1.0,-1.0,-1.0
2026/02/02,844.3333333333333,853.3333333333333,835.6666666666666,838.0,229800,-1.0,-1.0,-1.0
2026/02/03,844.6666666666666,866.6666666666666,844.0,865.0,406500,-1.0,-1.0,-1.0
2026/02/04,866.6666666666666,869.6666666666666,857.3333333333333,861.6666666666666,261600,-1.0,-1.0,-1.0
2026/02/05,871.3333333333333,871.3333333333333,858.3333333333333,859.3333333333333,190500,-1.0,-1.0,-1.0
2026/02/06,862.3333333333333,878.3333333333333,854.6666666666666,875.3333333333333,233700,-1.0,-1.0,-1.0
2026/02/09,896.6666666666666,896.6666666666666,882.0,885.3333333333333,253500,-1.0,-1.0,-1.0
2026/02/10,891.0,897.0,885.3333333333333,890.0,270600,-1.0,-1.0,-1.0
2026/02/12,890.0,920.3333333333333,887.6666666666666,912.6666666666666,535200,-1.0,-1.0,-1.0
2026/02/13,905.3333333333333,923.0,840.0,870.6666666666666,1087200,-1.0,-1.0,-1.0
2026/02/16,846.3333333333333,865.3333333333333,838.6666666666666,851.0,777900,-1.0,-1.0,-1.0
2026/02/17,850.6666666666666,851.6666666666666,832.3333333333333,837.0,565500,-1.0,-1.0,-1.0
2026/02/18,845.0,851.0,841.0,846.0,323400,-1.0,-1.0,-1.0
2026/02/19,853.0,865.0,851.6666666666666,861.0,377400,-1.0,-1.0,-1.0
2026/02/20,852.6666666666666,865.0,851.0,859.3333333333333,265800,-1.0,-1.0,-1.0
2026/02/24,858.3333333333333,865.3333333333333,853.6666666666666,859.6666666666666,333000,-1.0,-1.0,-1.0
2026/02/25,866.6666666666666,866.6666666666666,852.0,855.3333333333333,412500,-1.0,-1.0,-1.0
2026/02/26,864.3333333333333,869.0,858.3333333333333,861.6666666666666,364500,-1.0,-1.0,-1.0
2026/02/27,867.6666666666666,876.6666666666666,864.0,876.3333333333333,424200,-1.0,-1.0,-1.0
2026/03/02,860.3333333333333,865.0,842.3333333333333,860.3333333333333,546900,-1.0,-1.0,-1.0
2026/03/02,860.3333333333333,865.0,842.3333333333333,860.3333333333333,546900,-1.0,-1.0,-1.0
2026/03/02,860.3333333333333,865.0,842.3333333333333,860.3333333333333,546900,-1.0,-1.0,-1.0
2026/03/02,860.3333333333333,865.0,842.3333333333333,860.3333333333333,546900,-1.0,-1.0,-1.0
2026/03/03,854.6666666666666,865.3333333333333,826.6666666666666,830.3333333333333,627000,-1.0,-1.0,-1.0
2026/03/04,803.3333333333333,817.0,787.6666666666666,805.0,903600,-1.0,-1.0,-1.0
2026/03/05,829.6666666666666,836.3333333333333,821.6666666666666,830.6666666666666,482100,-1.0,-1.0,-1.0
2026/03/06,816.6666666666666,826.6666666666666,811.3333333333333,819.6666666666666,377400,-1.0,-1.0,-1.0
2026/03/09,778.6666666666666,801.0,776.6666666666666,798.3333333333333,471900,-1.0,-1.0,-1.0
2026/03/10,815.0,833.0,812.0,825.3333333333333,379800,-1.0,-1.0,-1.0
2026/03/11,831.6666666666666,838.6666666666666,827.3333333333333,829.6666666666666,316200,-1.0,-1.0,-1.0
2026/03/12,821.0,823.3333333333333,790.6666666666666,795.6666666666666,474600,-1.0,-1.0,-1.0
2026/03/13,787.6666666666666,797.3333333333333,785.6666666666666,793.3333333333333,282300,-1.0,-1.0,-1.0
2026/03/16,793.3333333333333,796.6666666666666,784.0,784.6666666666666,257400,-1.0,-1.0,-1.0
2026/03/17,793.3333333333333,797.6666666666666,788.0,788.3333333333333,314700,-1.0,-1.0,-1.0
2026/03/18,801.0,807.6666666666666,797.6666666666666,807.6666666666666,337500,-1.0,-1.0,-1.0
2026/03/19,793.0,796.6666666666666,782.0,782.0,415500,-1.0,-1.0,-1.0
2026/03/23,765.3333333333333,765.3333333333333,737.3333333333333,746.0,805800,-1.0,-1.0,-1.0
2026/03/24,768.0,768.0,758.0,763.6666666666666,368700,-1.0,-1.0,-1.0
2026/03/25,792.0,792.0,779.3333333333333,780.3333333333333,411900,-1.0,-1.0,-1.0
2026/03/26,781.6666666666666,785.6666666666666,766.0,776.3333333333333,577200,-1.0,-1.0,-1.0
2026/03/27,770.6666666666666,780.6666666666666,766.6666666666666,773.3333333333333,1160700,-1.0,-1.0,-1.0
2026/03/30,722.6666666666666,761.3333333333333,722.6666666666666,756.0,702900,-1.0,-1.0,-1.0
2026/03/31,747.3333333333333,763.3333333333333,746.3333333333333,752.0,286200,-1.0,-1.0,-1.0
2026/04/01,771.6666666666666,782.0,765.3333333333333,782.0,263400,-1.0,-1.0,-1.0
2026/04/02,787.3333333333333,792.3333333333333,768.6666666666666,775.0,275700,-1.0,-1.0,-1.0
2026/04/03,775.0,781.0,769.3333333333333,770.6666666666666,184200,-1.0,-1.0,-1.0
2026/04/06,771.3333333333333,787.0,769.0,784.6666666666666,221400,-1.0,-1.0,-1.0
2026/04/07,791.6666666666666,793.6666666666666,778.3333333333333,783.0,192600,-1.0,-1.0,-1.0
2026/04/08,800.6666666666666,806.3333333333333,794.3333333333333,801.0,314400,-1.0,-1.0,-1.0
2026/04/09,803.3333333333333,809.6666666666666,793.0,793.0,258600,-1.0,-1.0,-1.0
2026/04/10,796.6666666666666,796.6666666666666,777.6666666666666,779.0,267000,-1.0,-1.0,-1.0
2026/04/13,779.0,788.3333333333333,774.0,781.0,220500,-1.0,-1.0,-1.0
2026/04/14,785.3333333333333,790.0,780.3333333333333,787.6666666666666,203700,-1.0,-1.0,-1.0
2026/04/15,799.0,802.3333333333333,789.3333333333333,792.6666666666666,308400,-1.0,-1.0,-1.0
2026/04/16,792.6666666666666,799.3333333333333,788.3333333333333,789.3333333333333,234000,-1.0,-1.0,-1.0
2026/04/17,783.3333333333333,787.6666666666666,774.0,774.0,171000,-1.0,-1.0,-1.0
2026/04/20,777.0,777.0,759.3333333333333,763.3333333333333,260100,-1.0,-1.0,-1.0
2026/04/21,765.0,766.3333333333333,754.3333333333333,757.0,286800,-1.0,-1.0,-1.0
2026/04/22,754.3333333333333,754.3333333333333,736.3333333333333,737.0,378000,-1.0,-1.0,-1.0
2026/04/23,741.0,751.3333333333333,734.0,751.3333333333333,391200,-1.0,-1.0,-1.0
2026/04/24,751.3333333333333,751.6666666666666,739.3333333333333,744.6666666666666,210900,-1.0,-1.0,-1.0
2026/04/27,744.3333333333333,751.0,734.3333333333333,741.3333333333333,326700,-1.0,-1.0,-1.0
2026/04/28,741.3333333333333,761.3333333333333,740.3333333333333,761.3333333333333,342900,-1.0,-1.0,-1.0
2026/04/30,750.0,756.6666666666666,747.3333333333333,753.6666666666666,376800,-1.0,-1.0,-1.0
2026/05/01,751.0,773.0,742.3333333333333,765.6666666666666,338100,-1.0,-1.0,-1.0
2026/05/07,770.6666666666666,785.3333333333333,768.3333333333333,776.0,359400,-1.0,-1.0,-1.0
2026/05/08,771.6666666666666,773.0,754.3333333333333,761.6666666666666,270300,-1.0,-1.0,-1.0
2026/05/11,756.3333333333333,770.3333333333333,756.3333333333333,758.3333333333333,287100,-1.0,-1.0,-1.0
2026/05/12,768.0,781.6666666666666,768.0,769.0,302400,-1.0,-1.0,-1.0
2026/05/13,775.3333333333333,816.0,750.0,801.0,1045200,-1.0,-1.0,-1.0
2026/05/14,794.6666666666666,795.0,763.6666666666666,766.6666666666666,606600,-1.0,-1.0,-1.0
2026/05/15,766.6666666666666,778.6666666666666,762.3333333333333,770.0,352800,-1.0,-1.0,-1.0
2026/05/18,782.6666666666666,785.3333333333333,757.3333333333333,757.3333333333333,409500,-1.0,-1.0,-1.0
2026/05/19,765.3333333333333,769.0,757.0,759.3333333333333,324000,-1.0,-1.0,-1.0
2026/05/20,759.3333333333333,773.3333333333333,746.0,750.0,573300,-1.0,-1.0,-1.0
2026/05/21,761.6666666666666,780.0,761.6666666666666,764.0,436500,-1.0,-1.0,-1.0
2026/05/22,780.6666666666666,793.6666666666666,771.6666666666666,776.3333333333333,462300,-1.0,-1.0,-1.0
2026/05/25,799.0,809.3333333333333,787.6666666666666,792.3333333333333,558000,-1.0,-1.0,-1.0
2026/05/26,797.3333333333333,807.0,791.0,801.6666666666666,501600,-1.0,-1.0,-1.0
2026/05/27,800.0,803.6666666666666,777.3333333333333,777.3333333333333,440400,-1.0,-1.0,-1.0
2026/05/28,770.6666666666666,771.3333333333333,748.3333333333333,755.6666666666666,578400,-1.0,-1.0,-1.0
2026/05/29,753.6666666666666,757.6666666666666,745.0,745.0,367200,-1.0,-1.0,-1.0
2026/06/01,745.0,747.3333333333333,724.3333333333333,724.3333333333333,568800,-1.0,-1.0,-1.0
2026/06/02,720.0,725.3333333333333,704.6666666666666,720.0,577500,-1.0,-1.0,-1.0
2026/06/03,721.6666666666666,725.6666666666666,714.0,723.6666666666666,344100,-1.0,-1.0,-1.0
2026/06/04,713.3333333333333,721.3333333333333,708.3333333333333,709.6666666666666,284400,-1.0,-1.0,-1.0
2026/06/05,718.6666666666666,728.3333333333333,714.6666666666666,718.6666666666666,226800,-1.0,-1.0,-1.0
2026/06/08,710.0,720.3333333333333,703.6666666666666,709.6666666666666,409500,-1.0,-1.0,-1.0
2026/06/09,713.0,721.3333333333333,711.3333333333333,716.0,264300,-1.0,-1.0,-1.0
2026/06/10,714.6666666666666,720.3333333333333,712.0,717.6666666666666,184500,-1.0,-1.0,-1.0
2026/06/11,711.6666666666666,737.3333333333333,710.0,736.6666666666666,558900,-1.0,-1.0,-1.0
2026/06/12,741.6666666666666,749.3333333333333,739.0,744.0,483000,-1.0,-1.0,-1.0
2026/06/15,754.6666666666666,765.0,751.3333333333333,762.0,235200,-1.0,-1.0,-1.0
2026/06/16,762.0,762.0,745.0,748.0,232200,-1.0,-1.0,-1.0
2026/06/17,753.3333333333333,757.3333333333333,748.0,751.6666666666666,202500,-1.0,-1.0,-1.0
2026/06/18,751.6666666666666,756.3333333333333,748.0,750.0,235500,-1.0,-1.0,-1.0
2026/06/19,753.3333333333333,756.3333333333333,742.3333333333333,747.0,349500,-1.0,-1.0,-1.0
2026/06/22,744.0,761.0,741.6666666666666,749.0,216900,-1.0,-1.0,-1.0
2026/06/23,748.6666666666666,752.6666666666666,740.0,746.6666666666666,270600,-1.0,-1.0,-1.0
2026/06/24,744.0,751.0,740.6666666666666,745.0,201900,-1.0,-1.0,-1.0
2026/06/25,753.3333333333333,756.3333333333333,738.6666666666666,738.6666666666666,267900,-1.0,-1.0,-1.0
2026/06/26,738.6666666666666,753.3333333333333,738.3333333333333,746.3333333333333,219900,-1.0,-1.0,-1.0
2026/06/29,754.3333333333333,763.0,750.0,758.3333333333333,486300,-1.0,-1.0,-1.0
2026/06/30,765.0,765.0,750.0,750.3333333333333,267600,-1.0,-1.0,-1.0
2026/07/01,750.6666666666666,757.3333333333333,749.3333333333333,749.3333333333333,208500,-1.0,-1.0,-1.0
2026/07/02,754.6666666666666,774.6666666666666,754.3333333333333,770.0,322500,-1.0,-1.0,-1.0
2026/07/03,774.3333333333333,784.0,770.0,781.0,374400,-1.0,-1.0,-1.0
2026/07/06,790.0,806.3333333333333,781.0,804.6666666666666,478500,-1.0,-1.0,-1.0
2026/07/07,810.0,819.0,800.6666666666666,800.6666666666666,413700,-1.0,-1.0,-1.0
2026/07/08,796.6666666666666,803.0,791.6666666666666,793.3333333333333,330600,-1.0,-1.0,-1.0
2026/07/09,793.3333333333333,835.6666666666666,793.3333333333333,830.0,707700,-1.0,-1.0,-1.0
2026/07/10,839.0,839.0,808.0,811.3333333333333,769200,-1.0,-1.0,-1.0
2026/07/13,811.3333333333333,819.6666666666666,796.6666666666666,796.6666666666666,291600,-1.0,-1.0,-1.0
2026/07/14,801.0,823.0,798.6666666666666,817.6666666666666,330300,-1.0,-1.0,-1.0
2026/07/15,832.0,853.0,831.3333333333333,851.3333333333333,507600,-1.0,-1.0,-1.0
2026/07/16,851.3333333333333,859.0,835.6666666666666,839.3333333333333,328200,-1.0,-1.0,-1.0
2026/07/17,841.6666666666666,845.0,815.3333333333333,829.3333333333333,359700,-1.0,-1.0,-1.0
2026/07/21,840.6666666666666,857.0,835.0,842.0,567000,-1.0,-1.0,-1.0
2026/07/22,851.3333333333333,860.0,844.3333333333333,849.3333333333333,378300,-1.0,-1.0,-1.0
2026/07/23,842.0,862.3333333333333,842.0,860.6666666666666,421500,-1.0,-1.0,-1.0
2026/07/24,850.3333333333333,887.3333333333333,850.3333333333333,873.0,686400,-1.0,-1.0,-1.0
2026/07/27,884.3333333333333,900.0,877.6666666666666,888.3333333333333,727200,-1.0,-1.0,-1.0
2026/07/28,885.6666666666666,885.6666666666666,866.6666666666666,871.6666666666666,523800,-1.0,-1.0,-1.0
2026/07/29,883.3333333333333,889.0,866.0,886.3333333333333,628500,-1.0,-1.0,-1.0
2026/07/30,884.6666666666666,902.6666666666666,883.3333333333333,894.3333333333333,503700,-1.0,-1.0,-1.0
2026/07/31,921.6666666666666,999.3333333333333,910.0,970.3333333333333,1600500,-1.0,-1.0,-1.0
2026/08/03,967.3333333333333,967.3333333333333,921.0,923.6666666666666,876300,-1.0,-1.0,-1.0
2026/08/04,934.0,934.0,904.3333333333333,908.0,671100,-1.0,-1.0,-1.0
2026/08/05,915.3333333333333,921.6666666666666,912.0,918.3333333333333,466200,-1.0,-1.0,-1.0
2026/08/06,918.3333333333333,939.3333333333333,916.6666666666666,934.0,430200,-1.0,-1.0,-1.0
2026/08/07,947.0,1016.6666666666666,924.3333333333333,956.0,822600,-1.0,-1.0,-1.0
2026/08/10,968.0,979.0,949.0,963.3333333333333,954300,-1.0,-1.0,-1.0
2026/08/12,966.6666666666666,977.3333333333333,954.0,966.6666666666666,695700,-1.0,-1.0,-1.0
2026/08/13,966.6666666666666,970.6666666666666,947.0,965.0,518100,-1.0,-1.0,-1.0
2026/08/14,958.3333333333333,981.6666666666666,956.6666666666666,977.0,406500,-1.0,-1.0,-1.0
2026/08/17,979.3333333333333,987.0,967.0,979.6666666666666,395400,-1.0,-1.0,-1.0
2026/08/18,996.3333333333333,1006.6666666666666,986.3333333333333,1001.6666666666666,381900,-1.0,-1.0,-1.0
2026/08/19,991.0,1028.3333333333333,983.3333333333333,1008.3333333333333,889500,-1.0,-1.0,-1.0
2026/08/20,1013.3333333333333,1046.6666666666665,1013.3333333333333,1038.3333333333333,585300,-1.0,-1.0,-1.0
2026/08/21,1043.3333333333333,1065.0,1035.0,1060.0,669600,-1.0,-1.0,-1.0
2026/08/24,1066.6666666666665,1071.6666666666665,1045.0,1045.0,746400,-1.0,-1.0,-1.0
2026/08/25,1051.6666666666665,1051.6666666666665,1010.0,1016.6666666666666,705000,-1.0,-1.0,-1.0
2026/08/26,1026.6666666666665,1036.6666666666665,1008.3333333333333,1013.3333333333333,552300,-1.0,-1.0,-1.0
2026/08/27,1021.6666666666666,1050.0,1010.0,1033.3333333333333,521100,-1.0,-1.0,-1.0
2026/08/28,1033.3333333333333,1045.0,1025.0,1033.3333333333333,479400,-1.0,-1.0,-1.0
2026/08/31,1030.0,1036.6666666666665,1016.6666666666666,1026.6666666666665,673200,-1.0,-1.0,-1.0
2026/09/01,1023.3333333333333,1040.0,1023.3333333333333,1036.6666666666665,319800,-1.0,-1.0,-1.0
2026/09/02,1021.6666666666666,1035.0,988.3333333333333,988.3333333333333,483600,-1.0,-1.0,-1.0
2026/09/03,1001.6666666666666,1011.6666666666666,985.3333333333333,988.0,594000,-1.0,-1.0,-1.0
2026/09/04,988.0,991.0,973.6666666666666,983.0,504300,-1.0,-1.0,-1.0
2026/09/07,993.6666666666666,995.3333333333333,987.0,987.3333333333333,554400,-1.0,-1.0,-1.0
2026/09/08,987.3333333333333,999.0,978.3333333333333,990.6666666666666,352200,-1.0,-1.0,-1.0
2026/09/09,983.3333333333333,995.0,983.0,987.0,382800,-1.0,-1.0,-1.0
2026/09/10,989.6666666666666,989.6666666666666,977.0,978.3333333333333,777600,-1.0,-1.0,-1.0
2026/09/11,966.6666666666666,980.0,960.6666666666666,974.6666666666666,843600,-1.0,-1.0,-1.0
2026/09/14,980.6666666666666,980.6666666666666,969.3333333333333,979.0,807900,-1.0,-1.0,-1.0
2026/09/15,980.6666666666666,984.3333333333333,973.0,973.0,396600,-1.0,-1.0,-1.0
2026/09/16,980.0,1025.0,980.0,1020.0,520200,-1.0,-1.0,-1.0
2026/09/17,1041.6666666666665,1053.3333333333333,1033.3333333333333,1048.3333333333333,848400,-1.0,-1.0,-1.0
2026/09/18,1063.3333333333333,1066.6666666666665,1030.0,1041.6666666666665,811800,-1.0,-1.0,-1.0
2026/09/24,1048.3333333333333,1056.6666666666665,1031.6666666666665,1033.3333333333333,1014000,-1.0,-1.0,-1.0
2026/09/25,1026.6666666666665,1035.0,1010.0,1013.3333333333333,988800,-1.0,-1.0,-1.0
2026/09/28,3025.0,3050.0,2950.0,3025.0,480100,-1.0,-1.0,-1.0
2026/09/29,964.0,983.0,958.0,960.0,1156900,-1.0,-1.0,-1.0
2026/09/30,978.0,1002.0,960.0,988.0,788900,-1.0,-1.0,-1.0
2026/10/01,977.0,998.0,966.0,989.0,477100,-1.0,-1.0,-1.0
2026/10/02,984.0,988.0,965.0,968.0,440700,-1.0,-1.0,-1.0
