date,open,high,low,close,volume,rs_nikkei,rs_topix,rs
2014/03/26,216.0,221.0,206.60000000000002,207.0,141000,-1.0,-1.0,-1.0
2014/03/27,203.20000000000002,210.0,203.20000000000002,210.0,45000,-1.0,-1.0,-1.0
2014/03/28,213.8,246.0,208.20000000000002,245.0,282500,-1.0,-1.0,-1.0
2014/03/31,263.0,302.8,241.20000000000002,276.2,1036000,-1.0,-1.0,-1.0
2014/04/01,270.2,310.0,260.2,304.0,556500,-1.0,-1.0,-1.0
2014/04/02,309.6,326.0,283.0,300.0,626500,-1.0,-1.0,-1.0
2014/04/03,293.40000000000003,310.0,258.0,263.0,509000,-1.0,-1.0,-1.0
2014/04/04,258.2,286.0,255.0,276.0,440500,-1.0,-1.0,-1.0
2014/04/07,267.0,270.0,253.60000000000002,256.40000000000003,294500,-1.0,-1.0,-1.0
2014/04/08,259.8,263.2,247.4,262.0,185000,-1.0,-1.0,-1.0
2014/04/09,256.0,288.0,256.0,269.0,304500,-1.0,-1.0,-1.0
2014/04/10,268.2,285.8,257.2,260.0,326000,-1.0,-1.0,-1.0
2014/04/11,255.20000000000002,256.40000000000003,234.20000000000002,254.8,207500,-1.0,-1.0,-1.0
2014/04/14,249.20000000000002,251.0,240.60000000000002,241.4,96500,-1.0,-1.0,-1.0
2014/04/15,247.4,249.4,229.20000000000002,232.0,177500,-1.0,-1.0,-1.0
2014/04/16,238.0,253.0,236.0,250.60000000000002,208000,-1.0,-1.0,-1.0
2014/04/17,253.8,253.8,240.0,244.0,99000,-1.0,-1.0,-1.0
2014/04/18,242.4,245.0,232.0,240.0,129000,-1.0,-1.0,-1.0
2014/04/21,245.0,248.0,240.0,241.4,68500,-1.0,-1.0,-1.0
2014/04/22,244.0,244.20000000000002,206.20000000000002,206.20000000000002,300500,-1.0,-1.0,-1.0
2014/04/23,216.0,218.0,210.0,210.0,160500,-1.0,-1.0,-1.0
2014/04/24,216.0,219.8,209.0,210.4,106000,-1.0,-1.0,-1.0
2014/04/25,208.0,209.4,198.0,205.4,191000,-1.0,-1.0,-1.0
2014/04/28,205.4,205.4,197.0,198.8,109000,-1.0,-1.0,-1.0
2014/04/30,198.8,198.8,186.0,193.0,182000,-1.0,-1.0,-1.0
2014/05/01,197.4,197.4,190.0,195.0,53500,-1.0,-1.0,-1.0
2014/05/02,197.8,225.0,197.8,225.0,451000,-1.0,-1.0,-1.0
2014/05/07,219.20000000000002,238.0,212.0,218.0,383500,-1.0,-1.0,-1.0
2014/05/08,218.20000000000002,218.8,210.0,210.0,89000,-1.0,-1.0,-1.0
2014/05/09,211.8,215.0,200.0,203.0,159000,-1.0,-1.0,-1.0
2014/05/12,205.20000000000002,217.4,197.8,200.20000000000002,192500,-1.0,-1.0,-1.0
2014/05/13,203.60000000000002,203.60000000000002,198.20000000000002,198.20000000000002,61500,-1.0,-1.0,-1.0
2014/05/14,201.20000000000002,204.4,175.60000000000002,179.0,475500,-1.0,-1.0,-1.0
2014/05/15,184.0,184.0,177.20000000000002,180.60000000000002,127000,-1.0,-1.0,-1.0
2014/05/16,180.0,180.20000000000002,167.4,169.20000000000002,245000,-1.0,-1.0,-1.0
2014/05/19,171.60000000000002,171.8,153.4,158.0,394500,-1.0,-1.0,-1.0
2014/05/20,170.0,170.0,159.60000000000002,164.0,179000,-1.0,-1.0,-1.0
2014/05/21,164.0,166.0,159.0,161.20000000000002,96000,-1.0,-1.0,-1.0
2014/05/22,165.8,172.20000000000002,165.0,171.0,119500,-1.0,-1.0,-1.0
2014/05/23,168.0,171.8,167.0,168.4,102000,-1.0,-1.0,-1.0
2014/05/26,167.60000000000002,183.0,167.60000000000002,182.4,98500,-1.0,-1.0,-1.0
2014/05/27,176.4,185.0,176.4,178.20000000000002,161000,-1.0,-1.0,-1.0
2014/05/28,178.4,182.0,178.4,180.0,42500,-1.0,-1.0,-1.0
2014/05/29,182.8,182.8,179.4,180.0,35000,-1.0,-1.0,-1.0
2014/05/30,182.0,183.4,178.4,180.8,69500,-1.0,-1.0,-1.0
2014/06/02,189.20000000000002,210.8,189.20000000000002,210.8,304000,-1.0,-1.0,-1.0
2014/06/03,220.0,250.0,204.0,211.0,1532500,-1.0,-1.0,-1.0
2014/06/04,206.4,214.0,204.20000000000002,208.8,200000,-1.0,-1.0,-1.0
2014/06/05,209.0,211.60000000000002,201.8,203.0,101500,-1.0,-1.0,-1.0
2014/06/06,204.60000000000002,208.0,203.20000000000002,203.4,82500,-1.0,-1.0,-1.0
2014/06/09,207.8,225.8,206.20000000000002,224.0,315500,-1.0,-1.0,-1.0
2014/06/10,230.0,230.0,210.4,210.8,170000,-1.0,-1.0,-1.0
2014/06/11,210.4,218.60000000000002,210.20000000000002,218.60000000000002,95500,-1.0,-1.0,-1.0
2014/06/12,213.4,216.0,211.0,214.0,93000,-1.0,-1.0,-1.0
2014/06/13,214.0,218.8,211.0,215.0,67000,-1.0,-1.0,-1.0
2014/06/16,220.0,228.60000000000002,220.0,225.8,125500,-1.0,-1.0,-1.0
2014/06/17,224.0,225.4,216.8,220.4,118000,-1.0,-1.0,-1.0
2014/06/18,220.60000000000002,223.20000000000002,219.4,222.4,43500,-1.0,-1.0,-1.0
2014/06/19,226.4,228.0,221.0,222.0,52000,-1.0,-1.0,-1.0
2014/06/20,219.20000000000002,220.20000000000002,212.60000000000002,214.4,77000,-1.0,-1.0,-1.0
2014/06/23,212.0,214.0,204.4,210.0,79500,-1.0,-1.0,-1.0
2014/06/24,204.0,208.4,200.60000000000002,205.0,84000,-1.0,-1.0,-1.0
2014/06/25,206.0,223.8,202.4,218.0,217500,-1.0,-1.0,-1.0
2014/06/26,221.0,221.0,212.0,215.0,124000,-1.0,-1.0,-1.0
2014/06/27,215.0,218.0,212.0,218.0,100500,-1.0,-1.0,-1.0
2014/06/30,222.0,238.20000000000002,221.0,237.4,259500,-1.0,-1.0,-1.0
2014/07/01,240.8,246.0,238.0,239.20000000000002,287500,-1.0,-1.0,-1.0
2014/07/02,239.20000000000002,239.20000000000002,231.8,234.20000000000002,117000,-1.0,-1.0,-1.0
2014/07/03,234.20000000000002,239.0,233.20000000000002,233.20000000000002,51500,-1.0,-1.0,-1.0
2014/07/04,234.0,236.20000000000002,232.20000000000002,232.4,44500,-1.0,-1.0,-1.0
2014/07/07,231.0,234.20000000000002,222.20000000000002,231.0,103000,-1.0,-1.0,-1.0
2014/07/08,233.8,233.8,230.4,231.8,44500,-1.0,-1.0,-1.0
2014/07/09,230.60000000000002,237.8,224.8,234.20000000000002,126500,-1.0,-1.0,-1.0
2014/07/10,237.8,239.0,226.20000000000002,226.20000000000002,129500,-1.0,-1.0,-1.0
2014/07/11,226.4,248.20000000000002,226.4,245.60000000000002,176500,-1.0,-1.0,-1.0
2014/07/14,245.60000000000002,249.4,236.0,242.20000000000002,110500,-1.0,-1.0,-1.0
2014/07/15,240.4,247.20000000000002,240.0,242.8,60000,-1.0,-1.0,-1.0
2014/07/16,240.0,240.20000000000002,234.0,237.4,53000,-1.0,-1.0,-1.0
2014/07/17,237.4,239.4,231.4,236.60000000000002,51000,-1.0,-1.0,-1.0
2014/07/18,226.0,243.60000000000002,226.0,235.60000000000002,85000,-1.0,-1.0,-1.0
2014/07/22,234.20000000000002,244.0,233.8,237.20000000000002,111000,-1.0,-1.0,-1.0
2014/07/23,238.4,243.60000000000002,238.0,241.20000000000002,62000,-1.0,-1.0,-1.0
2014/07/24,244.0,244.0,240.0,241.60000000000002,21500,-1.0,-1.0,-1.0
2014/07/25,241.60000000000002,241.60000000000002,239.4,241.0,24500,-1.0,-1.0,-1.0
2014/07/28,240.0,243.4,239.60000000000002,242.0,42500,-1.0,-1.0,-1.0
2014/07/29,242.0,242.0,232.60000000000002,238.4,31500,-1.0,-1.0,-1.0
2014/07/30,236.0,240.8,236.0,239.8,37500,-1.0,-1.0,-1.0
2014/07/31,239.8,240.0,237.0,238.4,36500,-1.0,-1.0,-1.0
2014/08/01,233.0,233.8,226.20000000000002,233.60000000000002,62000,-1.0,-1.0,-1.0
2014/08/04,233.0,235.0,232.20000000000002,233.20000000000002,26000,-1.0,-1.0,-1.0
2014/08/05,234.4,234.4,220.60000000000002,220.60000000000002,36500,-1.0,-1.0,-1.0
2014/08/06,216.0,217.20000000000002,200.20000000000002,209.20000000000002,61000,-1.0,-1.0,-1.0
2014/08/07,203.20000000000002,221.0,200.0,215.8,102000,-1.0,-1.0,-1.0
2014/08/08,210.0,222.0,210.0,211.20000000000002,21500,-1.0,-1.0,-1.0
2014/08/11,235.20000000000002,235.4,220.0,222.0,32500,-1.0,-1.0,-1.0
2014/08/12,226.0,230.0,212.60000000000002,212.60000000000002,33500,-1.0,-1.0,-1.0
2014/08/13,212.60000000000002,223.0,212.60000000000002,220.60000000000002,19000,-1.0,-1.0,-1.0
2014/08/14,216.0,227.4,214.60000000000002,221.0,132000,-1.0,-1.0,-1.0
2014/08/15,217.0,229.60000000000002,217.0,228.0,215000,-1.0,-1.0,-1.0
2014/08/18,233.8,235.60000000000002,224.8,233.4,31000,-1.0,-1.0,-1.0
2014/08/19,228.20000000000002,232.0,224.20000000000002,229.20000000000002,36000,-1.0,-1.0,-1.0
2014/08/20,231.4,231.4,226.20000000000002,228.0,4000,-1.0,-1.0,-1.0
2014/08/21,228.0,230.20000000000002,226.20000000000002,228.0,13000,-1.0,-1.0,-1.0
2014/08/22,226.8,233.60000000000002,225.0,230.60000000000002,64500,-1.0,-1.0,-1.0
2014/08/25,231.8,233.0,224.8,232.20000000000002,32500,-1.0,-1.0,-1.0
2014/08/26,231.4,231.4,224.60000000000002,229.20000000000002,24000,-1.0,-1.0,-1.0
2014/08/27,227.0,231.8,226.0,231.8,26000,-1.0,-1.0,-1.0
2014/08/28,231.0,236.0,230.20000000000002,230.60000000000002,55500,-1.0,-1.0,-1.0
2014/08/29,230.8,234.0,228.60000000000002,234.0,23500,-1.0,-1.0,-1.0
2014/09/01,232.0,244.4,229.0,242.60000000000002,141500,-1.0,-1.0,-1.0
2014/09/02,243.8,243.8,228.0,236.0,90000,-1.0,-1.0,-1.0
2014/09/03,232.0,234.0,230.20000000000002,231.0,17000,-1.0,-1.0,-1.0
2014/09/04,233.0,233.0,228.0,228.0,15500,-1.0,-1.0,-1.0
2014/09/05,229.4,231.60000000000002,226.0,228.20000000000002,23500,-1.0,-1.0,-1.0
2014/09/08,228.20000000000002,230.8,226.0,226.4,23000,-1.0,-1.0,-1.0
2014/09/09,238.0,286.40000000000003,232.0,286.40000000000003,780500,-1.0,-1.0,-1.0
2014/09/10,277.0,320.0,247.8,255.0,2669000,-1.0,-1.0,-1.0
2014/09/11,256.0,262.0,240.60000000000002,246.4,474500,-1.0,-1.0,-1.0
2014/09/12,243.0,251.20000000000002,239.60000000000002,239.60000000000002,343500,-1.0,-1.0,-1.0
2014/09/16,244.8,244.8,234.60000000000002,234.60000000000002,151500,-1.0,-1.0,-1.0
2014/09/17,235.4,263.8,235.4,259.6,463500,-1.0,-1.0,-1.0
2014/09/18,255.4,259.0,246.0,246.4,203500,-1.0,-1.0,-1.0
2014/09/19,247.0,253.20000000000002,246.0,249.4,120500,-1.0,-1.0,-1.0
2014/09/22,255.20000000000002,284.0,250.0,274.0,530000,-1.0,-1.0,-1.0
2014/09/24,280.0,332.0,276.2,320.0,2051500,-1.0,-1.0,-1.0
2014/09/25,316.8,317.8,281.6,285.8,946500,-1.0,-1.0,-1.0
2014/09/26,282.40000000000003,293.8,277.8,286.0,324000,-1.0,-1.0,-1.0
2014/09/29,292.0,292.0,274.2,277.2,233500,-1.0,-1.0,-1.0
2014/09/30,275.40000000000003,275.40000000000003,260.2,262.2,215500,-1.0,-1.0,-1.0
2014/10/01,262.2,267.0,254.0,254.0,191000,-1.0,-1.0,-1.0
2014/10/02,247.20000000000002,252.20000000000002,231.0,241.60000000000002,255000,-1.0,-1.0,-1.0
2014/10/03,241.0,251.60000000000002,240.20000000000002,250.4,110500,-1.0,-1.0,-1.0
2014/10/06,250.4,267.0,250.4,262.0,64500,-1.0,-1.0,-1.0
2014/10/07,260.40000000000003,260.40000000000003,253.60000000000002,253.60000000000002,61500,-1.0,-1.0,-1.0
2014/10/08,241.60000000000002,247.60000000000002,240.20000000000002,243.60000000000002,113500,-1.0,-1.0,-1.0
2014/10/09,245.8,250.0,238.0,238.0,79000,-1.0,-1.0,-1.0
2014/10/10,232.4,232.4,222.0,229.60000000000002,217000,-1.0,-1.0,-1.0
2014/10/14,221.8,223.8,216.20000000000002,216.4,124000,-1.0,-1.0,-1.0
2014/10/15,223.0,231.0,220.4,221.0,69000,-1.0,-1.0,-1.0
2014/10/16,217.4,217.4,208.60000000000002,214.60000000000002,70500,-1.0,-1.0,-1.0
2014/10/17,218.4,226.8,216.0,216.0,70500,-1.0,-1.0,-1.0
2014/10/20,234.0,234.0,224.20000000000002,226.20000000000002,39500,-1.0,-1.0,-1.0
2014/10/21,229.0,230.0,225.4,225.4,38000,-1.0,-1.0,-1.0
2014/10/22,233.20000000000002,243.8,230.20000000000002,243.8,53000,-1.0,-1.0,-1.0
2014/10/23,237.60000000000002,243.8,237.60000000000002,241.0,56500,-1.0,-1.0,-1.0
2014/10/24,245.20000000000002,249.20000000000002,239.4,240.0,40000,-1.0,-1.0,-1.0
2014/10/27,240.0,247.60000000000002,240.0,242.8,25500,-1.0,-1.0,-1.0
2014/10/28,243.0,243.8,232.0,238.0,34000,-1.0,-1.0,-1.0
2014/10/29,237.8,237.8,232.60000000000002,234.8,28500,-1.0,-1.0,-1.0
2014/10/30,235.0,235.60000000000002,231.0,231.4,46500,-1.0,-1.0,-1.0
2014/10/31,231.0,237.0,231.0,237.0,41500,-1.0,-1.0,-1.0
2014/11/04,244.20000000000002,246.0,240.0,240.4,55500,-1.0,-1.0,-1.0
2014/11/05,240.20000000000002,243.4,236.20000000000002,241.20000000000002,32000,-1.0,-1.0,-1.0
2014/11/06,241.20000000000002,245.60000000000002,240.20000000000002,242.8,49000,-1.0,-1.0,-1.0
2014/11/07,242.8,257.0,242.8,256.6,117000,-1.0,-1.0,-1.0
2014/11/10,255.0,255.0,247.8,254.0,49000,-1.0,-1.0,-1.0
2014/11/11,254.0,254.20000000000002,250.8,251.4,57000,-1.0,-1.0,-1.0
2014/11/12,255.8,256.6,252.0,256.6,67500,-1.0,-1.0,-1.0
2014/11/13,251.20000000000002,252.0,240.60000000000002,251.0,80500,-1.0,-1.0,-1.0
2014/11/14,235.8,237.4,231.8,235.0,164500,-1.0,-1.0,-1.0
2014/11/17,233.60000000000002,234.8,228.60000000000002,228.60000000000002,75500,-1.0,-1.0,-1.0
2014/11/18,229.0,231.60000000000002,228.0,228.4,28000,-1.0,-1.0,-1.0
2014/11/19,234.8,235.8,232.0,235.0,51000,-1.0,-1.0,-1.0
2014/11/20,237.60000000000002,237.60000000000002,232.0,234.0,40000,-1.0,-1.0,-1.0
2014/11/21,228.0,231.0,227.4,230.0,45000,-1.0,-1.0,-1.0
2014/11/25,233.20000000000002,240.0,233.0,237.60000000000002,51000,-1.0,-1.0,-1.0
2014/11/26,237.60000000000002,237.8,236.0,237.20000000000002,21500,-1.0,-1.0,-1.0
2014/11/27,237.20000000000002,239.20000000000002,236.20000000000002,237.20000000000002,54500,-1.0,-1.0,-1.0
2014/11/28,236.0,237.20000000000002,236.0,236.60000000000002,29000,-1.0,-1.0,-1.0
2014/12/01,236.60000000000002,237.0,234.20000000000002,234.4,53000,-1.0,-1.0,-1.0
2014/12/02,234.4,250.0,234.20000000000002,243.20000000000002,70000,-1.0,-1.0,-1.0
2014/12/03,245.20000000000002,249.0,240.20000000000002,240.20000000000002,54500,-1.0,-1.0,-1.0
2014/12/04,240.8,242.4,240.8,241.0,15000,-1.0,-1.0,-1.0
2014/12/05,241.0,243.4,240.0,243.4,26500,-1.0,-1.0,-1.0
2014/12/08,245.60000000000002,245.60000000000002,241.8,243.0,17000,-1.0,-1.0,-1.0
2014/12/09,242.0,242.8,238.20000000000002,238.20000000000002,37000,-1.0,-1.0,-1.0
2014/12/10,237.8,239.4,237.60000000000002,237.8,12000,-1.0,-1.0,-1.0
2014/12/11,236.0,239.0,234.60000000000002,237.8,19500,-1.0,-1.0,-1.0
2014/12/12,235.4,238.60000000000002,235.4,237.4,20000,-1.0,-1.0,-1.0
2014/12/15,233.0,233.0,223.0,228.4,56000,-1.0,-1.0,-1.0
2014/12/16,232.0,232.60000000000002,229.4,229.60000000000002,32500,-1.0,-1.0,-1.0
2014/12/17,231.60000000000002,231.60000000000002,228.0,229.4,20000,-1.0,-1.0,-1.0
2014/12/18,229.60000000000002,231.0,227.0,228.0,39500,-1.0,-1.0,-1.0
2014/12/19,227.0,229.8,227.0,227.20000000000002,32500,-1.0,-1.0,-1.0
2014/12/22,229.8,229.8,226.0,227.60000000000002,87500,-1.0,-1.0,-1.0
2014/12/24,227.60000000000002,227.60000000000002,226.4,226.60000000000002,65000,-1.0,-1.0,-1.0
2014/12/25,224.0,226.60000000000002,221.4,222.20000000000002,73500,-1.0,-1.0,-1.0
2014/12/26,223.60000000000002,229.20000000000002,223.60000000000002,229.20000000000002,38000,-1.0,-1.0,-1.0
2014/12/29,235.20000000000002,239.60000000000002,233.20000000000002,238.4,71000,-1.0,-1.0,-1.0
2014/12/30,238.4,243.20000000000002,234.8,242.8,63000,-1.0,-1.0,-1.0
2015/01/05,248.8,248.8,244.0,248.4,37000,-1.0,-1.0,-1.0
2015/01/06,240.0,244.0,240.0,241.60000000000002,23500,-1.0,-1.0,-1.0
2015/01/07,240.20000000000002,244.0,240.0,240.4,22000,-1.0,-1.0,-1.0
2015/01/08,240.8,241.60000000000002,240.0,240.20000000000002,36000,-1.0,-1.0,-1.0
2015/01/09,240.20000000000002,241.60000000000002,236.20000000000002,236.20000000000002,11500,-1.0,-1.0,-1.0
2015/01/13,236.20000000000002,238.0,230.4,235.8,41000,-1.0,-1.0,-1.0
2015/01/14,230.60000000000002,234.4,223.60000000000002,225.20000000000002,48500,-1.0,-1.0,-1.0
2015/01/15,226.8,235.8,225.20000000000002,235.8,40000,-1.0,-1.0,-1.0
2015/01/16,232.0,239.8,228.60000000000002,239.8,37500,-1.0,-1.0,-1.0
2015/01/19,241.60000000000002,241.60000000000002,236.20000000000002,237.0,8500,-1.0,-1.0,-1.0
2015/01/20,240.0,241.0,236.4,237.0,11500,-1.0,-1.0,-1.0
2015/01/21,237.60000000000002,239.0,229.8,231.0,38500,-1.0,-1.0,-1.0
2015/01/22,231.20000000000002,233.0,231.0,232.8,12500,-1.0,-1.0,-1.0
2015/01/23,233.0,236.4,233.0,234.0,26000,-1.0,-1.0,-1.0
2015/01/26,236.0,239.0,236.0,238.0,29000,-1.0,-1.0,-1.0
2015/01/27,240.0,243.8,240.0,240.20000000000002,56500,-1.0,-1.0,-1.0
2015/01/28,257.8,265.0,244.0,246.8,242500,-1.0,-1.0,-1.0
2015/01/29,246.8,251.0,243.0,243.0,46500,-1.0,-1.0,-1.0
2015/01/30,242.20000000000002,252.8,242.20000000000002,249.8,64500,-1.0,-1.0,-1.0
2015/02/02,249.8,252.4,248.0,251.20000000000002,49000,-1.0,-1.0,-1.0
2015/02/03,253.8,253.8,245.4,246.0,40500,-1.0,-1.0,-1.0
2015/02/04,249.60000000000002,251.20000000000002,246.4,251.20000000000002,30500,-1.0,-1.0,-1.0
2015/02/05,252.8,252.8,245.60000000000002,252.0,31500,-1.0,-1.0,-1.0
2015/02/06,248.0,251.20000000000002,248.0,248.0,39000,-1.0,-1.0,-1.0
2015/02/09,235.0,235.4,230.0,231.8,127500,-1.0,-1.0,-1.0
2015/02/10,232.4,238.4,232.4,236.4,17000,-1.0,-1.0,-1.0
2015/02/12,239.0,239.4,235.0,236.0,17500,-1.0,-1.0,-1.0
2015/02/13,234.0,236.0,234.0,234.0,35000,-1.0,-1.0,-1.0
2015/02/16,234.0,234.0,232.20000000000002,234.0,21000,-1.0,-1.0,-1.0
2015/02/17,234.0,236.0,234.0,234.0,16000,-1.0,-1.0,-1.0
2015/02/18,234.0,234.0,230.4,232.0,26000,-1.0,-1.0,-1.0
2015/02/19,232.60000000000002,233.8,232.0,232.20000000000002,16000,-1.0,-1.0,-1.0
2015/02/20,233.60000000000002,237.60000000000002,233.0,235.60000000000002,32500,-1.0,-1.0,-1.0
2015/02/23,238.8,238.8,231.20000000000002,231.8,89000,-1.0,-1.0,-1.0
2015/02/24,232.0,233.0,227.60000000000002,227.60000000000002,63500,-1.0,-1.0,-1.0
2015/02/25,228.0,240.4,227.60000000000002,229.60000000000002,66500,-1.0,-1.0,-1.0
2015/02/26,230.0,230.0,227.60000000000002,228.4,40500,-1.0,-1.0,-1.0
2015/02/27,228.60000000000002,229.60000000000002,227.60000000000002,229.20000000000002,41000,-1.0,-1.0,-1.0
2015/03/02,228.0,229.8,226.0,227.8,27000,-1.0,-1.0,-1.0
2015/03/03,229.20000000000002,229.20000000000002,224.0,224.20000000000002,33500,-1.0,-1.0,-1.0
2015/03/04,226.60000000000002,226.60000000000002,222.20000000000002,223.0,40000,-1.0,-1.0,-1.0
2015/03/05,222.20000000000002,226.0,222.20000000000002,224.20000000000002,23500,-1.0,-1.0,-1.0
2015/03/06,226.60000000000002,228.0,225.4,227.4,19500,-1.0,-1.0,-1.0
2015/03/09,226.0,226.8,224.4,225.8,12000,-1.0,-1.0,-1.0
2015/03/10,226.0,227.4,224.20000000000002,224.20000000000002,24500,-1.0,-1.0,-1.0
2015/03/11,223.0,224.20000000000002,222.20000000000002,224.20000000000002,13000,-1.0,-1.0,-1.0
2015/03/12,223.20000000000002,225.8,223.20000000000002,225.8,18500,-1.0,-1.0,-1.0
2015/03/13,228.0,228.4,226.60000000000002,226.8,18000,-1.0,-1.0,-1.0
2015/03/16,224.20000000000002,225.0,223.20000000000002,224.8,43000,-1.0,-1.0,-1.0
2015/03/17,224.0,224.0,220.4,221.60000000000002,64000,-1.0,-1.0,-1.0
2015/03/18,222.8,223.0,220.20000000000002,222.20000000000002,36500,-1.0,-1.0,-1.0
2015/03/19,222.20000000000002,222.20000000000002,218.20000000000002,220.0,49500,-1.0,-1.0,-1.0
2015/03/20,214.4,217.8,213.60000000000002,214.4,55500,-1.0,-1.0,-1.0
2015/03/23,216.60000000000002,216.60000000000002,213.60000000000002,214.60000000000002,35500,-1.0,-1.0,-1.0
2015/03/24,214.4,214.4,210.20000000000002,210.20000000000002,43000,-1.0,-1.0,-1.0
2015/03/25,209.0,217.8,209.0,211.60000000000002,32000,-1.0,-1.0,-1.0
2015/03/26,212.0,214.0,211.0,211.8,18500,-1.0,-1.0,-1.0
2015/03/27,216.0,217.0,212.4,212.4,22000,-1.0,-1.0,-1.0
2015/03/30,212.4,212.4,211.4,211.4,12000,-1.0,-1.0,-1.0
2015/03/31,210.60000000000002,212.60000000000002,210.60000000000002,212.60000000000002,31500,-1.0,-1.0,-1.0
2015/04/01,212.0,214.0,210.4,214.0,15500,-1.0,-1.0,-1.0
2015/04/02,213.8,214.4,212.20000000000002,213.8,14000,-1.0,-1.0,-1.0
2015/04/03,216.0,216.0,214.8,216.0,15000,-1.0,-1.0,-1.0
2015/04/06,216.0,217.60000000000002,215.0,217.60000000000002,24000,-1.0,-1.0,-1.0
2015/04/07,218.60000000000002,223.0,217.60000000000002,222.8,22500,-1.0,-1.0,-1.0
2015/04/08,225.8,226.0,223.20000000000002,225.4,25500,-1.0,-1.0,-1.0
2015/04/09,226.0,226.0,225.0,225.4,25000,-1.0,-1.0,-1.0
2015/04/10,222.20000000000002,222.4,220.20000000000002,221.20000000000002,33000,-1.0,-1.0,-1.0
2015/04/13,224.60000000000002,224.60000000000002,219.0,220.20000000000002,22000,-1.0,-1.0,-1.0
2015/04/14,224.0,224.0,214.60000000000002,220.0,15500,-1.0,-1.0,-1.0
2015/04/15,220.0,220.4,214.60000000000002,217.20000000000002,24500,-1.0,-1.0,-1.0
2015/04/16,217.20000000000002,222.60000000000002,215.0,217.8,21500,-1.0,-1.0,-1.0
2015/04/17,217.8,218.0,215.20000000000002,216.20000000000002,24000,-1.0,-1.0,-1.0
2015/04/20,217.8,217.8,215.0,215.0,16500,-1.0,-1.0,-1.0
2015/04/21,217.4,217.4,214.60000000000002,216.4,28500,-1.0,-1.0,-1.0
2015/04/22,215.0,217.8,214.0,214.0,41000,-1.0,-1.0,-1.0
2015/04/23,216.0,216.0,214.20000000000002,215.0,19000,-1.0,-1.0,-1.0
2015/04/24,215.0,215.8,214.20000000000002,214.20000000000002,20500,-1.0,-1.0,-1.0
2015/04/27,215.8,215.8,214.8,214.8,17500,-1.0,-1.0,-1.0
2015/04/28,214.8,215.0,214.0,214.8,31500,-1.0,-1.0,-1.0
2015/04/30,215.0,215.4,213.20000000000002,213.20000000000002,30000,-1.0,-1.0,-1.0
2015/05/01,214.0,214.8,212.20000000000002,213.0,16000,-1.0,-1.0,-1.0
2015/05/07,211.20000000000002,215.0,211.20000000000002,212.20000000000002,33000,-1.0,-1.0,-1.0
2015/05/08,213.0,214.0,212.20000000000002,213.8,17500,-1.0,-1.0,-1.0
2015/05/11,213.8,215.0,213.8,215.0,22000,-1.0,-1.0,-1.0
2015/05/12,215.0,215.0,213.8,214.8,14000,-1.0,-1.0,-1.0
2015/05/13,213.8,219.20000000000002,213.8,217.8,24000,-1.0,-1.0,-1.0
2015/05/14,216.20000000000002,219.0,216.0,216.0,19000,-1.0,-1.0,-1.0
2015/05/15,222.0,224.0,218.8,221.20000000000002,171000,-1.0,-1.0,-1.0
2015/05/18,225.60000000000002,226.0,223.20000000000002,224.0,79000,-1.0,-1.0,-1.0
2015/05/19,226.0,227.0,224.60000000000002,226.0,44000,-1.0,-1.0,-1.0
2015/05/20,226.20000000000002,226.20000000000002,224.20000000000002,225.60000000000002,34000,-1.0,-1.0,-1.0
2015/05/21,225.60000000000002,225.60000000000002,223.0,223.60000000000002,7500,-1.0,-1.0,-1.0
2015/05/22,223.60000000000002,223.60000000000002,216.0,220.8,44500,-1.0,-1.0,-1.0
2015/05/25,216.4,218.20000000000002,212.20000000000002,213.60000000000002,91000,-1.0,-1.0,-1.0
2015/05/26,214.8,215.0,213.20000000000002,214.4,45500,-1.0,-1.0,-1.0
2015/05/27,214.0,214.0,213.0,213.8,33500,-1.0,-1.0,-1.0
2015/05/28,214.0,217.4,214.0,217.4,13500,-1.0,-1.0,-1.0
2015/05/29,217.0,217.0,215.0,216.0,14000,-1.0,-1.0,-1.0
2015/06/01,216.20000000000002,217.60000000000002,214.4,215.20000000000002,29500,-1.0,-1.0,-1.0
2015/06/02,216.8,216.8,215.8,216.20000000000002,6500,-1.0,-1.0,-1.0
2015/06/03,215.4,219.8,215.4,217.8,24000,-1.0,-1.0,-1.0
2015/06/04,216.4,217.8,216.20000000000002,217.8,12000,-1.0,-1.0,-1.0
2015/06/05,216.8,216.8,215.0,216.0,29000,-1.0,-1.0,-1.0
2015/06/08,216.8,216.8,216.0,216.8,22000,-1.0,-1.0,-1.0
2015/06/09,217.20000000000002,218.20000000000002,216.8,217.60000000000002,30500,-1.0,-1.0,-1.0
2015/06/10,217.60000000000002,218.0,216.0,217.4,9000,-1.0,-1.0,-1.0
2015/06/11,217.4,218.4,216.4,217.60000000000002,19500,-1.0,-1.0,-1.0
2015/06/12,217.60000000000002,218.4,216.8,217.4,14500,-1.0,-1.0,-1.0
2015/06/15,218.20000000000002,221.0,218.20000000000002,219.0,23500,-1.0,-1.0,-1.0
2015/06/16,221.20000000000002,225.0,221.20000000000002,223.0,71000,-1.0,-1.0,-1.0
2015/06/17,224.60000000000002,224.8,221.4,223.4,29500,-1.0,-1.0,-1.0
2015/06/18,220.0,225.60000000000002,219.8,223.0,67000,-1.0,-1.0,-1.0
2015/06/19,222.20000000000002,230.0,222.20000000000002,229.4,137000,-1.0,-1.0,-1.0
2015/06/22,229.60000000000002,231.8,226.0,226.0,59500,-1.0,-1.0,-1.0
2015/06/23,228.0,231.8,222.8,224.0,71500,-1.0,-1.0,-1.0
2015/06/24,226.0,229.0,226.0,226.4,32000,-1.0,-1.0,-1.0
2015/06/25,223.60000000000002,226.20000000000002,222.0,223.0,36500,-1.0,-1.0,-1.0
2015/06/26,223.0,226.0,222.8,226.0,11000,-1.0,-1.0,-1.0
2015/06/29,218.0,222.20000000000002,216.0,219.8,48500,-1.0,-1.0,-1.0
2015/06/30,220.0,221.8,218.4,221.0,18500,-1.0,-1.0,-1.0
2015/07/01,221.0,224.60000000000002,219.0,224.0,10000,-1.0,-1.0,-1.0
2015/07/02,225.0,225.4,224.60000000000002,225.20000000000002,18000,-1.0,-1.0,-1.0
2015/07/03,224.0,224.20000000000002,223.20000000000002,223.4,6000,-1.0,-1.0,-1.0
2015/07/06,223.20000000000002,223.20000000000002,217.4,219.4,22000,-1.0,-1.0,-1.0
2015/07/07,219.0,219.8,218.0,219.8,53000,-1.0,-1.0,-1.0
2015/07/08,220.0,220.0,216.0,216.0,54000,-1.0,-1.0,-1.0
2015/07/09,210.0,214.4,200.0,214.4,100500,-1.0,-1.0,-1.0
2015/07/10,208.4,213.0,208.4,212.0,43500,-1.0,-1.0,-1.0
2015/07/13,214.8,214.8,213.0,214.60000000000002,11500,-1.0,-1.0,-1.0
2015/07/14,216.8,216.8,212.0,215.4,42500,-1.0,-1.0,-1.0
2015/07/15,217.0,219.8,217.0,217.60000000000002,45500,-1.0,-1.0,-1.0
2015/07/16,221.8,221.8,216.4,220.60000000000002,19000,-1.0,-1.0,-1.0
2015/07/17,222.0,222.0,219.4,220.4,32000,-1.0,-1.0,-1.0
2015/07/21,222.60000000000002,224.0,222.0,224.0,29500,-1.0,-1.0,-1.0
2015/07/22,223.60000000000002,223.60000000000002,222.0,223.4,4000,-1.0,-1.0,-1.0
2015/07/23,220.4,223.0,220.4,223.0,13500,-1.0,-1.0,-1.0
2015/07/24,221.60000000000002,223.4,221.0,221.4,15500,-1.0,-1.0,-1.0
2015/07/27,221.4,221.60000000000002,218.20000000000002,219.0,14000,-1.0,-1.0,-1.0
2015/07/28,215.8,218.60000000000002,212.60000000000002,218.0,19000,-1.0,-1.0,-1.0
2015/07/29,218.8,218.8,214.8,217.0,6000,-1.0,-1.0,-1.0
2015/07/30,217.20000000000002,217.20000000000002,217.0,217.0,2500,-1.0,-1.0,-1.0
2015/07/31,218.8,219.20000000000002,218.60000000000002,218.8,12500,-1.0,-1.0,-1.0
2015/08/03,218.8,219.8,218.0,219.60000000000002,6000,-1.0,-1.0,-1.0
2015/08/04,219.60000000000002,221.0,218.20000000000002,219.60000000000002,20500,-1.0,-1.0,-1.0
2015/08/05,217.4,219.4,217.20000000000002,218.20000000000002,14000,-1.0,-1.0,-1.0
2015/08/06,217.20000000000002,219.4,216.20000000000002,219.4,22000,-1.0,-1.0,-1.0
2015/08/07,215.8,220.0,215.8,218.0,22500,-1.0,-1.0,-1.0
2015/08/10,224.0,224.4,219.4,219.60000000000002,54000,-1.0,-1.0,-1.0
2015/08/11,219.8,221.0,216.0,217.4,58500,-1.0,-1.0,-1.0
2015/08/12,216.20000000000002,216.20000000000002,210.0,211.8,45000,-1.0,-1.0,-1.0
2015/08/13,210.0,215.8,208.0,213.8,35500,-1.0,-1.0,-1.0
2015/08/14,211.0,214.0,206.0,213.0,33500,-1.0,-1.0,-1.0
2015/08/17,214.20000000000002,216.0,206.8,210.0,24500,-1.0,-1.0,-1.0
2015/08/18,213.8,214.0,211.0,212.0,13000,-1.0,-1.0,-1.0
2015/08/19,210.4,212.20000000000002,210.0,212.20000000000002,14000,-1.0,-1.0,-1.0
2015/08/20,212.0,212.0,207.60000000000002,209.60000000000002,15000,-1.0,-1.0,-1.0
2015/08/21,201.0,206.4,197.0,200.0,54500,-1.0,-1.0,-1.0
2015/08/24,196.8,196.8,183.0,192.4,71500,-1.0,-1.0,-1.0
2015/08/25,183.4,191.60000000000002,171.4,180.0,128000,-1.0,-1.0,-1.0
2015/08/26,179.0,184.8,177.60000000000002,184.8,102000,-1.0,-1.0,-1.0
2015/08/27,187.20000000000002,189.0,184.0,184.60000000000002,43000,-1.0,-1.0,-1.0
2015/08/28,187.8,190.4,186.8,190.0,24000,-1.0,-1.0,-1.0
2015/08/31,193.0,195.60000000000002,187.4,188.0,24500,-1.0,-1.0,-1.0
2015/09/01,187.8,192.0,183.20000000000002,183.60000000000002,25000,-1.0,-1.0,-1.0
2015/09/02,182.8,185.20000000000002,180.60000000000002,182.20000000000002,17000,-1.0,-1.0,-1.0
2015/09/03,187.60000000000002,187.60000000000002,182.4,183.60000000000002,8000,-1.0,-1.0,-1.0
2015/09/04,186.60000000000002,186.60000000000002,178.4,186.0,25000,-1.0,-1.0,-1.0
2015/09/07,186.0,186.0,176.20000000000002,184.8,28500,-1.0,-1.0,-1.0
2015/09/08,187.8,188.0,180.60000000000002,181.4,8500,-1.0,-1.0,-1.0
2015/09/09,182.8,187.20000000000002,182.0,187.0,17000,-1.0,-1.0,-1.0
2015/09/10,186.4,186.4,180.4,186.0,31500,-1.0,-1.0,-1.0
2015/09/11,185.0,185.0,182.0,184.0,18500,-1.0,-1.0,-1.0
2015/09/14,191.60000000000002,191.60000000000002,187.0,190.20000000000002,48000,-1.0,-1.0,-1.0
2015/09/15,190.0,194.8,189.8,190.8,60000,-1.0,-1.0,-1.0
2015/09/16,190.0,190.4,187.0,188.4,30500,-1.0,-1.0,-1.0
2015/09/17,190.0,192.60000000000002,190.0,192.60000000000002,9500,-1.0,-1.0,-1.0
2015/09/18,192.60000000000002,192.8,190.4,191.4,6500,-1.0,-1.0,-1.0
2015/09/24,191.0,191.20000000000002,189.60000000000002,190.20000000000002,16000,-1.0,-1.0,-1.0
2015/09/25,190.20000000000002,190.20000000000002,187.20000000000002,189.0,9500,-1.0,-1.0,-1.0
2015/09/28,194.60000000000002,194.60000000000002,191.0,194.0,14500,-1.0,-1.0,-1.0
2015/09/29,194.0,194.0,189.0,189.20000000000002,12000,-1.0,-1.0,-1.0
2015/09/30,191.20000000000002,191.4,189.8,190.0,11500,-1.0,-1.0,-1.0
2015/10/01,189.4,194.20000000000002,189.4,190.60000000000002,17000,-1.0,-1.0,-1.0
2015/10/02,192.20000000000002,194.60000000000002,191.8,192.20000000000002,11500,-1.0,-1.0,-1.0
2015/10/05,195.20000000000002,195.20000000000002,192.60000000000002,193.0,12000,-1.0,-1.0,-1.0
2015/10/06,193.4,196.0,193.0,193.4,8500,-1.0,-1.0,-1.0
2015/10/07,193.4,194.4,193.4,194.4,2500,-1.0,-1.0,-1.0
2015/10/08,194.0,194.20000000000002,193.8,194.20000000000002,5500,-1.0,-1.0,-1.0
2015/10/09,193.60000000000002,194.0,193.20000000000002,193.8,6000,-1.0,-1.0,-1.0
2015/10/13,193.8,193.8,190.8,192.0,7500,-1.0,-1.0,-1.0
2015/10/14,192.0,192.0,190.60000000000002,190.60000000000002,13000,-1.0,-1.0,-1.0
2015/10/15,191.20000000000002,194.0,190.60000000000002,194.0,9000,-1.0,-1.0,-1.0
2015/10/16,194.0,195.0,194.0,194.20000000000002,6000,-1.0,-1.0,-1.0
2015/10/19,195.20000000000002,195.60000000000002,193.0,193.0,16000,-1.0,-1.0,-1.0
2015/10/20,193.8,194.0,192.8,192.8,6000,-1.0,-1.0,-1.0
2015/10/21,192.20000000000002,194.0,191.60000000000002,193.0,19500,-1.0,-1.0,-1.0
2015/10/22,193.0,193.8,193.0,193.8,11500,-1.0,-1.0,-1.0
2015/10/23,193.8,197.60000000000002,193.8,196.60000000000002,27500,-1.0,-1.0,-1.0
2015/10/26,196.60000000000002,198.20000000000002,195.4,196.0,32500,-1.0,-1.0,-1.0
2015/10/27,196.0,196.60000000000002,195.4,195.4,21000,-1.0,-1.0,-1.0
2015/10/28,195.4,197.8,195.4,196.60000000000002,24000,-1.0,-1.0,-1.0
2015/10/29,196.60000000000002,197.0,195.4,196.60000000000002,23000,-1.0,-1.0,-1.0
2015/10/30,194.8,196.8,194.8,196.20000000000002,11000,-1.0,-1.0,-1.0
2015/11/02,195.8,196.4,194.4,194.4,15500,-1.0,-1.0,-1.0
2015/11/04,195.8,197.0,190.0,194.8,48500,-1.0,-1.0,-1.0
2015/11/05,196.8,196.8,194.8,195.0,11500,-1.0,-1.0,-1.0
2015/11/06,194.4,196.20000000000002,194.20000000000002,195.20000000000002,22000,-1.0,-1.0,-1.0
2015/11/09,195.20000000000002,197.0,195.20000000000002,196.8,11500,-1.0,-1.0,-1.0
2015/11/10,196.60000000000002,198.8,196.60000000000002,196.8,22500,-1.0,-1.0,-1.0
2015/11/11,196.20000000000002,199.0,196.20000000000002,199.0,27000,-1.0,-1.0,-1.0
2015/11/12,198.4,199.0,196.60000000000002,199.0,33500,-1.0,-1.0,-1.0
2015/11/13,197.4,201.0,197.4,198.4,65500,-1.0,-1.0,-1.0
2015/11/16,203.8,204.60000000000002,200.8,200.8,114500,-1.0,-1.0,-1.0
2015/11/17,200.0,202.8,197.8,200.8,77500,-1.0,-1.0,-1.0
2015/11/18,202.8,202.8,199.8,200.8,61500,-1.0,-1.0,-1.0
2015/11/19,203.0,207.60000000000002,202.0,207.0,80000,-1.0,-1.0,-1.0
2015/11/20,207.8,207.8,204.60000000000002,204.60000000000002,24000,-1.0,-1.0,-1.0
2015/11/24,206.0,212.0,205.4,210.0,47000,-1.0,-1.0,-1.0
2015/11/25,212.20000000000002,213.8,208.0,208.0,57500,-1.0,-1.0,-1.0
2015/11/26,214.0,214.0,208.0,208.0,44500,-1.0,-1.0,-1.0
2015/11/27,208.0,211.8,207.4,208.20000000000002,20500,-1.0,-1.0,-1.0
2015/11/30,206.20000000000002,207.4,205.60000000000002,206.20000000000002,19500,-1.0,-1.0,-1.0
2015/12/01,205.0,205.20000000000002,203.60000000000002,203.60000000000002,50500,-1.0,-1.0,-1.0
2015/12/02,203.60000000000002,204.0,199.60000000000002,203.60000000000002,73500,-1.0,-1.0,-1.0
2015/12/03,210.0,227.0,210.0,227.0,378500,-1.0,-1.0,-1.0
2015/12/04,222.4,225.8,220.0,220.4,108000,-1.0,-1.0,-1.0
2015/12/07,222.0,223.20000000000002,219.4,219.60000000000002,74000,-1.0,-1.0,-1.0
2015/12/08,220.0,220.20000000000002,217.4,217.4,43000,-1.0,-1.0,-1.0
2015/12/09,219.0,219.0,215.8,215.8,26500,-1.0,-1.0,-1.0
2015/12/10,215.8,216.0,213.8,215.8,31000,-1.0,-1.0,-1.0
2015/12/11,215.8,218.0,215.0,217.4,33500,-1.0,-1.0,-1.0
2015/12/14,213.60000000000002,213.60000000000002,210.0,211.60000000000002,42500,-1.0,-1.0,-1.0
2015/12/15,211.60000000000002,214.0,210.4,210.4,31000,-1.0,-1.0,-1.0
2015/12/16,212.20000000000002,212.20000000000002,208.0,208.4,62000,-1.0,-1.0,-1.0
2015/12/17,212.0,212.0,210.0,210.8,45000,-1.0,-1.0,-1.0
2015/12/18,209.4,209.60000000000002,206.0,208.0,58000,-1.0,-1.0,-1.0
2015/12/21,205.20000000000002,206.0,204.4,205.60000000000002,74500,-1.0,-1.0,-1.0
2015/12/22,206.4,206.60000000000002,202.0,204.0,41000,-1.0,-1.0,-1.0
2015/12/24,204.4,205.4,203.0,204.0,45000,-1.0,-1.0,-1.0
2015/12/25,204.0,204.20000000000002,201.0,203.4,61500,-1.0,-1.0,-1.0
2015/12/28,205.60000000000002,205.60000000000002,203.60000000000002,203.8,34000,-1.0,-1.0,-1.0
2015/12/29,205.20000000000002,208.8,204.20000000000002,205.0,21000,-1.0,-1.0,-1.0
2015/12/30,208.4,208.4,205.20000000000002,205.20000000000002,26000,-1.0,-1.0,-1.0
2016/01/04,205.20000000000002,205.20000000000002,203.4,203.60000000000002,10500,-1.0,-1.0,-1.0
2016/01/05,203.60000000000002,204.60000000000002,200.4,203.60000000000002,26000,-1.0,-1.0,-1.0
2016/01/06,205.0,205.8,202.4,203.60000000000002,14000,-1.0,-1.0,-1.0
2016/01/07,203.60000000000002,203.8,202.0,203.60000000000002,15500,-1.0,-1.0,-1.0
2016/01/08,202.0,203.60000000000002,200.20000000000002,203.60000000000002,19500,-1.0,-1.0,-1.0
2016/01/12,202.0,202.0,195.0,195.0,41000,-1.0,-1.0,-1.0
2016/01/13,196.20000000000002,198.60000000000002,195.4,196.0,75000,-1.0,-1.0,-1.0
2016/01/14,196.0,198.60000000000002,191.4,198.60000000000002,36000,-1.0,-1.0,-1.0
2016/01/15,200.4,200.4,193.60000000000002,195.60000000000002,21000,-1.0,-1.0,-1.0
2016/01/18,184.8,188.8,183.0,188.8,41000,-1.0,-1.0,-1.0
2016/01/19,188.60000000000002,188.8,188.20000000000002,188.8,11000,-1.0,-1.0,-1.0
2016/01/20,191.4,191.4,180.0,180.20000000000002,33500,-1.0,-1.0,-1.0
2016/01/21,178.4,185.8,178.0,178.0,45500,-1.0,-1.0,-1.0
2016/01/22,181.0,185.4,179.0,185.4,23500,-1.0,-1.0,-1.0
2016/01/25,187.20000000000002,187.20000000000002,186.0,186.20000000000002,16000,-1.0,-1.0,-1.0
2016/01/26,185.8,186.20000000000002,185.0,186.20000000000002,11500,-1.0,-1.0,-1.0
2016/01/27,187.4,190.0,187.4,188.20000000000002,15000,-1.0,-1.0,-1.0
2016/01/28,191.20000000000002,191.20000000000002,190.0,190.60000000000002,2500,-1.0,-1.0,-1.0
2016/01/29,190.60000000000002,191.20000000000002,186.60000000000002,191.20000000000002,6500,-1.0,-1.0,-1.0
2016/02/01,191.20000000000002,191.60000000000002,188.60000000000002,189.4,10000,-1.0,-1.0,-1.0
2016/02/02,190.4,192.0,190.4,191.4,6000,-1.0,-1.0,-1.0
2016/02/03,191.20000000000002,191.20000000000002,188.20000000000002,190.60000000000002,6500,-1.0,-1.0,-1.0
2016/02/04,190.60000000000002,190.60000000000002,190.60000000000002,190.60000000000002,8000,-1.0,-1.0,-1.0
2016/02/05,190.0,193.60000000000002,184.0,193.60000000000002,22500,-1.0,-1.0,-1.0
2016/02/08,193.60000000000002,194.0,192.0,192.0,2500,-1.0,-1.0,-1.0
2016/02/09,192.20000000000002,192.20000000000002,187.0,189.20000000000002,15500,-1.0,-1.0,-1.0
2016/02/10,189.8,189.8,181.8,185.0,11500,-1.0,-1.0,-1.0
2016/02/12,178.4,179.60000000000002,171.4,171.4,87500,-1.0,-1.0,-1.0
2016/02/15,177.4,189.0,177.4,189.0,53500,-1.0,-1.0,-1.0
2016/02/16,199.60000000000002,199.60000000000002,195.20000000000002,198.0,41000,-1.0,-1.0,-1.0
2016/02/17,195.60000000000002,196.8,190.60000000000002,192.0,12500,-1.0,-1.0,-1.0
2016/02/18,196.8,198.20000000000002,193.60000000000002,198.20000000000002,5000,-1.0,-1.0,-1.0
2016/02/19,195.20000000000002,197.8,195.20000000000002,197.0,28500,-1.0,-1.0,-1.0
2016/02/22,199.4,199.4,198.60000000000002,198.60000000000002,6500,-1.0,-1.0,-1.0
2016/02/23,198.60000000000002,198.8,191.60000000000002,193.4,17000,-1.0,-1.0,-1.0
2016/02/24,193.4,195.8,193.4,195.8,1500,-1.0,-1.0,-1.0
2016/02/25,194.4,195.4,192.4,192.4,12000,-1.0,-1.0,-1.0
2016/02/26,195.0,196.0,192.8,193.60000000000002,16000,-1.0,-1.0,-1.0
2016/02/29,195.60000000000002,196.0,192.0,195.20000000000002,19000,-1.0,-1.0,-1.0
2016/03/01,195.20000000000002,204.8,195.20000000000002,202.4,79500,-1.0,-1.0,-1.0
2016/03/02,208.4,219.4,207.8,213.0,193500,-1.0,-1.0,-1.0
2016/03/03,216.0,241.60000000000002,216.0,231.4,495500,-1.0,-1.0,-1.0
2016/03/04,236.0,239.0,225.60000000000002,229.0,241000,-1.0,-1.0,-1.0
2016/03/07,232.4,234.8,230.0,231.4,142500,-1.0,-1.0,-1.0
2016/03/08,229.0,229.20000000000002,218.4,229.20000000000002,118000,-1.0,-1.0,-1.0
2016/03/09,228.0,229.0,223.20000000000002,229.0,40500,-1.0,-1.0,-1.0
2016/03/10,229.0,229.8,226.20000000000002,226.4,41500,-1.0,-1.0,-1.0
2016/03/11,228.0,232.8,226.0,228.0,75500,-1.0,-1.0,-1.0
2016/03/14,233.4,242.8,232.0,235.20000000000002,255500,-1.0,-1.0,-1.0
2016/03/15,235.20000000000002,241.0,234.4,238.0,148000,-1.0,-1.0,-1.0
2016/03/16,238.0,254.0,238.0,254.0,332000,-1.0,-1.0,-1.0
2016/03/17,258.0,258.0,248.0,250.0,279500,-1.0,-1.0,-1.0
2016/03/18,245.0,252.0,244.4,251.4,120500,-1.0,-1.0,-1.0
2016/03/22,255.20000000000002,259.0,253.20000000000002,257.0,136500,-1.0,-1.0,-1.0
2016/03/23,257.0,257.0,251.0,253.8,128500,-1.0,-1.0,-1.0
2016/03/24,257.0,257.0,252.8,255.60000000000002,82000,-1.0,-1.0,-1.0
2016/03/25,253.60000000000002,255.60000000000002,252.60000000000002,253.20000000000002,57500,-1.0,-1.0,-1.0
2016/03/28,256.0,256.0,248.20000000000002,253.4,89500,-1.0,-1.0,-1.0
2016/03/29,251.0,253.4,234.0,251.8,108500,-1.0,-1.0,-1.0
2016/03/30,251.8,251.8,246.60000000000002,247.0,64000,-1.0,-1.0,-1.0
2016/03/31,246.60000000000002,246.60000000000002,240.20000000000002,243.20000000000002,85500,-1.0,-1.0,-1.0
2016/04/01,243.0,243.0,232.20000000000002,232.20000000000002,128500,-1.0,-1.0,-1.0
2016/04/04,232.20000000000002,234.8,230.4,231.60000000000002,68500,-1.0,-1.0,-1.0
2016/04/05,236.8,236.8,220.0,227.60000000000002,82500,-1.0,-1.0,-1.0
2016/04/06,223.60000000000002,227.0,221.0,225.20000000000002,18000,-1.0,-1.0,-1.0
2016/04/07,227.8,227.8,224.8,226.0,20500,-1.0,-1.0,-1.0
2016/04/08,220.0,230.20000000000002,217.0,229.60000000000002,52500,-1.0,-1.0,-1.0
2016/04/11,236.0,237.0,232.0,234.4,55500,-1.0,-1.0,-1.0
2016/04/12,236.20000000000002,236.20000000000002,233.0,234.0,76500,-1.0,-1.0,-1.0
2016/04/13,236.0,239.8,234.0,236.8,82000,-1.0,-1.0,-1.0
2016/04/14,237.20000000000002,238.20000000000002,234.60000000000002,236.0,54500,-1.0,-1.0,-1.0
2016/04/15,235.0,236.0,231.4,233.20000000000002,43500,-1.0,-1.0,-1.0
2016/04/18,231.0,237.0,228.0,230.0,74000,-1.0,-1.0,-1.0
2016/04/19,233.60000000000002,233.60000000000002,230.20000000000002,230.60000000000002,28000,-1.0,-1.0,-1.0
2016/04/20,230.0,232.0,229.20000000000002,230.0,23000,-1.0,-1.0,-1.0
2016/04/21,230.0,233.0,228.20000000000002,231.60000000000002,30500,-1.0,-1.0,-1.0
2016/04/22,230.20000000000002,233.20000000000002,230.0,232.4,17500,-1.0,-1.0,-1.0
2016/04/25,234.0,234.20000000000002,233.0,233.60000000000002,10500,-1.0,-1.0,-1.0
2016/04/26,233.0,233.0,228.20000000000002,228.60000000000002,31500,-1.0,-1.0,-1.0
2016/04/27,228.8,229.60000000000002,225.0,226.60000000000002,39500,-1.0,-1.0,-1.0
2016/04/28,226.0,226.0,223.0,223.60000000000002,35000,-1.0,-1.0,-1.0
2016/05/02,222.0,223.0,221.0,223.0,27500,-1.0,-1.0,-1.0
2016/05/06,223.20000000000002,226.0,223.20000000000002,225.4,14500,-1.0,-1.0,-1.0
2016/05/09,226.0,226.8,225.4,226.20000000000002,26500,-1.0,-1.0,-1.0
2016/05/10,227.0,233.20000000000002,227.0,228.4,26500,-1.0,-1.0,-1.0
2016/05/11,228.8,232.60000000000002,228.8,230.4,17500,-1.0,-1.0,-1.0
2016/05/12,228.20000000000002,230.0,227.20000000000002,227.8,22500,-1.0,-1.0,-1.0
2016/05/13,226.20000000000002,231.60000000000002,226.20000000000002,230.0,31000,-1.0,-1.0,-1.0
2016/05/16,232.8,245.0,232.0,235.60000000000002,208500,-1.0,-1.0,-1.0
2016/05/17,238.8,240.0,236.60000000000002,236.60000000000002,114500,-1.0,-1.0,-1.0
2016/05/18,239.60000000000002,244.8,237.4,244.8,150500,-1.0,-1.0,-1.0
2016/05/19,246.0,249.60000000000002,244.60000000000002,248.0,86000,-1.0,-1.0,-1.0
2016/05/20,248.20000000000002,249.8,245.0,246.4,37500,-1.0,-1.0,-1.0
2016/05/23,246.20000000000002,248.60000000000002,242.0,246.0,59000,-1.0,-1.0,-1.0
2016/05/24,244.60000000000002,245.4,242.20000000000002,242.20000000000002,37500,-1.0,-1.0,-1.0
2016/05/25,242.20000000000002,248.20000000000002,242.20000000000002,246.4,25000,-1.0,-1.0,-1.0
2016/05/26,245.0,246.4,242.8,244.20000000000002,22500,-1.0,-1.0,-1.0
2016/05/27,242.20000000000002,242.20000000000002,237.20000000000002,239.20000000000002,51000,-1.0,-1.0,-1.0
2016/05/30,239.4,239.4,234.4,237.20000000000002,52000,-1.0,-1.0,-1.0
2016/05/31,235.0,237.4,233.20000000000002,235.60000000000002,32500,-1.0,-1.0,-1.0
2016/06/01,234.20000000000002,235.0,231.20000000000002,231.20000000000002,28500,-1.0,-1.0,-1.0
2016/06/02,231.4,231.4,226.0,227.0,56500,-1.0,-1.0,-1.0
2016/06/03,228.0,228.0,224.8,224.8,22000,-1.0,-1.0,-1.0
2016/06/06,220.0,225.8,219.60000000000002,225.8,59000,-1.0,-1.0,-1.0
2016/06/07,227.60000000000002,227.60000000000002,220.0,226.0,18500,-1.0,-1.0,-1.0
2016/06/08,226.0,229.60000000000002,226.0,229.60000000000002,18000,-1.0,-1.0,-1.0
2016/06/09,231.0,231.0,225.0,225.60000000000002,33500,-1.0,-1.0,-1.0
2016/06/10,226.0,226.4,221.4,223.20000000000002,29500,-1.0,-1.0,-1.0
2016/06/13,220.20000000000002,222.20000000000002,216.0,216.0,57000,-1.0,-1.0,-1.0
2016/06/14,216.8,217.0,206.0,206.0,58500,-1.0,-1.0,-1.0
2016/06/15,206.0,213.20000000000002,204.0,206.8,28500,-1.0,-1.0,-1.0
2016/06/16,202.20000000000002,209.20000000000002,200.0,204.20000000000002,58500,-1.0,-1.0,-1.0
2016/06/17,204.20000000000002,209.20000000000002,203.0,204.20000000000002,39500,-1.0,-1.0,-1.0
2016/06/20,206.4,206.4,203.20000000000002,205.0,20500,-1.0,-1.0,-1.0
2016/06/21,211.0,215.20000000000002,205.20000000000002,215.20000000000002,39500,-1.0,-1.0,-1.0
2016/06/22,214.0,214.0,202.0,210.4,46000,-1.0,-1.0,-1.0
2016/06/23,208.20000000000002,210.20000000000002,202.60000000000002,207.20000000000002,34500,-1.0,-1.0,-1.0
2016/06/24,213.20000000000002,213.20000000000002,184.0,194.0,108000,-1.0,-1.0,-1.0
2016/06/27,191.0,199.4,190.0,199.20000000000002,52500,-1.0,-1.0,-1.0
2016/06/28,200.20000000000002,203.8,200.20000000000002,203.20000000000002,16000,-1.0,-1.0,-1.0
2016/06/29,204.4,205.4,204.20000000000002,204.4,7000,-1.0,-1.0,-1.0
2016/06/30,204.4,205.20000000000002,204.0,205.0,10000,-1.0,-1.0,-1.0
2016/07/01,205.0,205.20000000000002,201.20000000000002,204.8,11500,-1.0,-1.0,-1.0
2016/07/04,205.20000000000002,205.20000000000002,200.0,202.60000000000002,4000,-1.0,-1.0,-1.0
2016/07/05,202.60000000000002,204.60000000000002,202.60000000000002,204.60000000000002,5000,-1.0,-1.0,-1.0
2016/07/06,204.20000000000002,204.20000000000002,200.60000000000002,204.20000000000002,13500,-1.0,-1.0,-1.0
2016/07/07,205.0,205.0,201.4,202.20000000000002,9000,-1.0,-1.0,-1.0
2016/07/08,203.0,203.0,200.8,200.8,4500,-1.0,-1.0,-1.0
2016/07/11,200.8,203.0,200.8,202.0,5000,-1.0,-1.0,-1.0
2016/07/12,203.0,205.20000000000002,203.0,203.4,34500,-1.0,-1.0,-1.0
2016/07/13,205.4,205.60000000000002,204.0,204.0,14500,-1.0,-1.0,-1.0
2016/07/14,205.4,205.4,202.4,202.4,7000,-1.0,-1.0,-1.0
2016/07/15,204.0,204.0,202.0,203.0,5500,-1.0,-1.0,-1.0
2016/07/19,202.0,202.0,199.0,202.0,33500,-1.0,-1.0,-1.0
2016/07/20,203.8,205.0,199.0,204.0,45500,-1.0,-1.0,-1.0
2016/07/21,204.0,208.8,203.0,207.8,28500,-1.0,-1.0,-1.0
2016/07/22,208.4,208.4,206.4,207.8,9500,-1.0,-1.0,-1.0
2016/07/25,208.0,210.0,206.4,206.8,8000,-1.0,-1.0,-1.0
2016/07/26,201.0,204.60000000000002,201.0,204.60000000000002,6500,-1.0,-1.0,-1.0
2016/07/27,206.8,207.0,201.60000000000002,201.8,7500,-1.0,-1.0,-1.0
2016/07/28,202.0,202.60000000000002,199.20000000000002,200.20000000000002,23500,-1.0,-1.0,-1.0
2016/07/29,198.60000000000002,201.8,197.0,201.8,13500,-1.0,-1.0,-1.0
2016/08/01,199.60000000000002,199.60000000000002,199.4,199.4,2000,-1.0,-1.0,-1.0
2016/08/02,198.4,200.0,196.4,200.0,9500,-1.0,-1.0,-1.0
2016/08/03,200.0,200.0,198.8,198.8,2000,-1.0,-1.0,-1.0
2016/08/04,200.0,200.0,198.0,199.60000000000002,2500,-1.0,-1.0,-1.0
2016/08/05,196.60000000000002,203.4,196.60000000000002,201.60000000000002,12000,-1.0,-1.0,-1.0
2016/08/08,200.0,200.0,199.0,199.4,4500,-1.0,-1.0,-1.0
2016/08/09,204.0,204.0,200.0,201.0,22000,-1.0,-1.0,-1.0
2016/08/10,200.0,210.0,199.60000000000002,200.8,24000,-1.0,-1.0,-1.0
2016/08/12,215.8,216.0,210.60000000000002,212.8,60000,-1.0,-1.0,-1.0
2016/08/15,213.8,215.0,204.0,208.0,46000,-1.0,-1.0,-1.0
2016/08/16,206.4,206.4,206.4,206.4,500,-1.0,-1.0,-1.0
2016/08/17,207.8,215.20000000000002,207.4,208.0,7000,-1.0,-1.0,-1.0
2016/08/18,208.0,208.0,204.4,204.8,12000,-1.0,-1.0,-1.0
2016/08/19,209.20000000000002,209.20000000000002,205.20000000000002,205.8,7000,-1.0,-1.0,-1.0
2016/08/22,208.20000000000002,208.20000000000002,208.20000000000002,208.20000000000002,500,-1.0,-1.0,-1.0
2016/08/23,207.60000000000002,207.60000000000002,207.60000000000002,207.60000000000002,1000,-1.0,-1.0,-1.0
2016/08/24,206.0,206.0,201.4,205.4,7500,-1.0,-1.0,-1.0
2016/08/25,205.60000000000002,205.60000000000002,203.20000000000002,204.0,10000,-1.0,-1.0,-1.0
2016/08/26,202.20000000000002,204.0,202.20000000000002,204.0,1500,-1.0,-1.0,-1.0
2016/08/29,205.0,205.0,204.0,205.0,20000,-1.0,-1.0,-1.0
2016/08/30,204.20000000000002,205.0,204.20000000000002,204.20000000000002,54500,-1.0,-1.0,-1.0
2016/08/31,204.8,207.60000000000002,204.8,207.4,6000,-1.0,-1.0,-1.0
2016/09/01,208.0,208.0,205.60000000000002,206.8,10000,-1.0,-1.0,-1.0
2016/09/02,204.4,207.4,204.4,207.4,9500,-1.0,-1.0,-1.0
2016/09/05,208.20000000000002,210.0,207.8,207.8,21500,-1.0,-1.0,-1.0
2016/09/06,206.0,208.60000000000002,206.0,208.60000000000002,22000,-1.0,-1.0,-1.0
2016/09/07,206.4,206.8,206.20000000000002,206.8,6000,-1.0,-1.0,-1.0
2016/09/08,206.60000000000002,208.0,206.20000000000002,208.0,11500,-1.0,-1.0,-1.0
2016/09/09,206.0,206.20000000000002,205.20000000000002,206.20000000000002,7500,-1.0,-1.0,-1.0
2016/09/12,204.0,204.0,203.0,204.0,4000,-1.0,-1.0,-1.0
2016/09/13,200.0,208.60000000000002,200.0,208.60000000000002,39000,-1.0,-1.0,-1.0
2016/09/14,206.4,206.4,205.0,206.4,11500,-1.0,-1.0,-1.0
2016/09/15,200.8,207.4,200.8,207.4,17500,-1.0,-1.0,-1.0
2016/09/16,209.8,209.8,207.0,208.8,6500,-1.0,-1.0,-1.0
2016/09/20,210.0,210.0,207.20000000000002,208.0,6500,-1.0,-1.0,-1.0
2016/09/21,205.4,208.60000000000002,205.4,208.60000000000002,31000,-1.0,-1.0,-1.0
2016/09/23,206.60000000000002,208.60000000000002,206.4,208.60000000000002,28500,-1.0,-1.0,-1.0
2016/09/26,208.4,208.4,206.60000000000002,207.4,16000,-1.0,-1.0,-1.0
2016/09/27,207.8,208.60000000000002,207.4,208.60000000000002,7500,-1.0,-1.0,-1.0
2016/09/28,206.8,208.60000000000002,206.8,208.60000000000002,3500,-1.0,-1.0,-1.0
2016/09/29,208.60000000000002,208.60000000000002,208.0,208.4,8500,-1.0,-1.0,-1.0
2016/09/30,208.4,208.60000000000002,206.8,208.60000000000002,13500,-1.0,-1.0,-1.0
2016/10/03,210.0,210.0,208.4,209.0,35000,-1.0,-1.0,-1.0
2016/10/04,210.0,210.0,209.0,210.0,7500,-1.0,-1.0,-1.0
2016/10/05,210.0,210.4,209.8,209.8,17500,-1.0,-1.0,-1.0
2016/10/06,212.0,212.0,210.4,211.60000000000002,19000,-1.0,-1.0,-1.0
2016/10/07,207.60000000000002,211.4,207.60000000000002,209.8,15500,-1.0,-1.0,-1.0
2016/10/11,209.60000000000002,220.0,209.60000000000002,218.60000000000002,43500,-1.0,-1.0,-1.0
2016/10/12,216.0,219.4,207.60000000000002,217.60000000000002,67000,-1.0,-1.0,-1.0
2016/10/13,217.60000000000002,218.0,213.0,213.8,17000,-1.0,-1.0,-1.0
2016/10/14,212.0,212.0,210.0,211.60000000000002,28000,-1.0,-1.0,-1.0
2016/10/17,211.4,212.0,209.60000000000002,212.0,6000,-1.0,-1.0,-1.0
2016/10/18,212.0,212.0,210.0,212.0,18500,-1.0,-1.0,-1.0
2016/10/19,209.60000000000002,211.0,209.60000000000002,210.4,10000,-1.0,-1.0,-1.0
2016/10/20,210.4,211.0,210.0,211.0,21500,-1.0,-1.0,-1.0
2016/10/21,211.0,212.60000000000002,210.8,212.60000000000002,4000,-1.0,-1.0,-1.0
2016/10/24,230.60000000000002,237.0,222.0,236.0,318500,-1.0,-1.0,-1.0
2016/10/25,236.60000000000002,236.8,230.4,236.60000000000002,126500,-1.0,-1.0,-1.0
2016/10/26,237.0,244.4,237.0,239.0,156000,-1.0,-1.0,-1.0
2016/10/27,242.0,254.60000000000002,239.20000000000002,247.8,138000,-1.0,-1.0,-1.0
2016/10/28,247.8,248.0,242.0,244.20000000000002,74500,-1.0,-1.0,-1.0
2016/10/31,247.60000000000002,254.0,244.0,252.0,104000,-1.0,-1.0,-1.0
2016/11/01,249.0,252.0,246.0,246.0,46500,-1.0,-1.0,-1.0
2016/11/02,244.8,245.0,238.20000000000002,242.0,49500,-1.0,-1.0,-1.0
2016/11/04,237.8,238.8,234.0,234.0,64000,-1.0,-1.0,-1.0
2016/11/07,235.0,239.4,235.0,236.8,48500,-1.0,-1.0,-1.0
2016/11/08,235.4,237.0,235.0,236.0,41000,-1.0,-1.0,-1.0
2016/11/09,234.60000000000002,236.0,222.0,224.4,128000,-1.0,-1.0,-1.0
2016/11/10,230.0,233.8,229.20000000000002,230.60000000000002,46500,-1.0,-1.0,-1.0
2016/11/11,232.4,240.60000000000002,226.20000000000002,240.60000000000002,90500,-1.0,-1.0,-1.0
2016/11/14,240.8,241.0,238.0,240.0,54500,-1.0,-1.0,-1.0
2016/11/15,241.20000000000002,241.4,235.60000000000002,239.60000000000002,34000,-1.0,-1.0,-1.0
2016/11/16,239.60000000000002,242.60000000000002,239.20000000000002,240.8,50000,-1.0,-1.0,-1.0
2016/11/17,239.60000000000002,249.4,239.60000000000002,246.60000000000002,64500,-1.0,-1.0,-1.0
2016/11/18,246.60000000000002,248.0,246.20000000000002,247.0,36000,-1.0,-1.0,-1.0
2016/11/21,246.20000000000002,247.60000000000002,245.0,245.60000000000002,38500,-1.0,-1.0,-1.0
2016/11/22,245.0,245.60000000000002,244.0,245.0,15000,-1.0,-1.0,-1.0
2016/11/24,246.8,249.20000000000002,245.60000000000002,247.8,38000,-1.0,-1.0,-1.0
2016/11/25,246.20000000000002,248.8,243.0,248.8,61000,-1.0,-1.0,-1.0
2016/11/28,246.4,248.8,246.20000000000002,248.4,25500,-1.0,-1.0,-1.0
2016/11/29,246.60000000000002,251.8,246.4,251.60000000000002,51500,-1.0,-1.0,-1.0
2016/11/30,251.60000000000002,264.0,251.60000000000002,260.2,153000,-1.0,-1.0,-1.0
2016/12/01,264.8,266.6,260.8,261.40000000000003,83000,-1.0,-1.0,-1.0
2016/12/02,260.0,261.2,260.0,261.0,38000,-1.0,-1.0,-1.0
2016/12/05,261.0,261.0,257.8,260.0,34000,-1.0,-1.0,-1.0
2016/12/06,259.0,261.0,258.6,260.0,31500,-1.0,-1.0,-1.0
2016/12/07,260.0,262.8,259.0,262.8,31500,-1.0,-1.0,-1.0
2016/12/08,263.2,267.2,261.6,263.40000000000003,70000,-1.0,-1.0,-1.0
2016/12/09,264.6,264.6,260.2,261.0,24500,-1.0,-1.0,-1.0
2016/12/12,261.40000000000003,264.0,255.20000000000002,263.2,96500,-1.0,-1.0,-1.0
2016/12/13,263.2,266.0,260.2,264.8,44500,-1.0,-1.0,-1.0
2016/12/14,264.8,275.6,264.8,274.0,115000,-1.0,-1.0,-1.0
2016/12/15,274.0,275.6,267.2,269.0,70500,-1.0,-1.0,-1.0
2016/12/16,267.2,273.0,267.2,272.8,40500,-1.0,-1.0,-1.0
2016/12/19,270.2,271.0,268.0,268.0,18500,-1.0,-1.0,-1.0
2016/12/20,269.6,269.6,263.40000000000003,265.6,39500,-1.0,-1.0,-1.0
2016/12/21,265.6,267.2,262.0,264.40000000000003,90500,-1.0,-1.0,-1.0
2016/12/22,265.40000000000003,266.0,261.0,262.8,45500,-1.0,-1.0,-1.0
2016/12/26,260.0,263.8,256.6,262.0,53500,-1.0,-1.0,-1.0
2016/12/27,267.0,278.40000000000003,265.40000000000003,278.40000000000003,223500,-1.0,-1.0,-1.0
2016/12/28,284.0,297.40000000000003,283.6,296.0,248000,-1.0,-1.0,-1.0
2016/12/29,300.0,307.0,286.6,296.0,227500,-1.0,-1.0,-1.0
2016/12/30,297.0,307.0,296.0,299.6,141500,-1.0,-1.0,-1.0
2017/01/04,310.0,329.8,309.8,329.8,266500,-1.0,-1.0,-1.0
2017/01/05,328.20000000000005,363.0,328.20000000000005,356.20000000000005,497500,-1.0,-1.0,-1.0
2017/01/06,357.0,362.0,353.20000000000005,358.8,278000,-1.0,-1.0,-1.0
2017/01/10,358.0,360.0,354.0,357.6,106500,-1.0,-1.0,-1.0
2017/01/11,357.6,395.40000000000003,357.20000000000005,389.20000000000005,406500,-1.0,-1.0,-1.0
2017/01/12,388.20000000000005,395.8,379.20000000000005,385.6,199000,-1.0,-1.0,-1.0
2017/01/13,380.6,387.0,370.20000000000005,379.6,222000,-1.0,-1.0,-1.0
2017/01/16,379.6,390.6,374.20000000000005,387.6,114500,-1.0,-1.0,-1.0
2017/01/17,387.6,398.0,381.40000000000003,393.40000000000003,145000,-1.0,-1.0,-1.0
2017/01/18,399.20000000000005,420.0,350.20000000000005,352.0,625500,-1.0,-1.0,-1.0
2017/01/19,344.0,374.0,343.40000000000003,348.0,221500,-1.0,-1.0,-1.0
2017/01/20,351.6,367.20000000000005,351.6,367.0,95000,-1.0,-1.0,-1.0
2017/01/23,367.0,398.8,367.0,395.0,260500,-1.0,-1.0,-1.0
2017/01/24,390.0,401.8,381.0,388.0,212000,-1.0,-1.0,-1.0
2017/01/25,384.0,405.8,383.20000000000005,405.8,138500,-1.0,-1.0,-1.0
2017/01/26,409.0,433.0,400.0,420.6,316000,-1.0,-1.0,-1.0
2017/01/27,418.40000000000003,423.6,405.0,415.0,182500,-1.0,-1.0,-1.0
2017/01/30,418.40000000000003,419.0,409.6,413.8,47000,-1.0,-1.0,-1.0
2017/01/31,413.0,413.0,394.0,396.40000000000003,150000,-1.0,-1.0,-1.0
2017/02/01,390.40000000000003,397.6,375.40000000000003,397.40000000000003,131500,-1.0,-1.0,-1.0
2017/02/02,397.0,397.0,380.8,383.20000000000005,86500,-1.0,-1.0,-1.0
2017/02/03,387.0,398.40000000000003,384.0,388.20000000000005,86000,-1.0,-1.0,-1.0
2017/02/06,388.8,392.0,376.6,383.40000000000003,88000,-1.0,-1.0,-1.0
2017/02/07,380.8,389.0,380.0,381.0,34000,-1.0,-1.0,-1.0
2017/02/08,381.40000000000003,386.0,381.0,382.40000000000003,44000,-1.0,-1.0,-1.0
2017/02/09,382.40000000000003,384.20000000000005,377.20000000000005,381.8,55500,-1.0,-1.0,-1.0
2017/02/10,380.0,386.0,377.0,380.40000000000003,98000,-1.0,-1.0,-1.0
2017/02/13,388.20000000000005,389.40000000000003,361.6,362.6,219500,-1.0,-1.0,-1.0
2017/02/14,360.0,367.8,345.20000000000005,364.20000000000005,165500,-1.0,-1.0,-1.0
2017/02/15,366.40000000000003,366.40000000000003,352.0,356.6,85000,-1.0,-1.0,-1.0
2017/02/16,358.40000000000003,371.8,358.40000000000003,360.0,60500,-1.0,-1.0,-1.0
2017/02/17,363.0,364.6,360.40000000000003,363.0,23500,-1.0,-1.0,-1.0
2017/02/20,361.20000000000005,361.20000000000005,354.20000000000005,355.40000000000003,52500,-1.0,-1.0,-1.0
2017/02/21,355.40000000000003,362.0,355.40000000000003,360.0,47500,-1.0,-1.0,-1.0
2017/02/22,354.6,363.6,354.6,357.40000000000003,71500,-1.0,-1.0,-1.0
2017/02/23,361.0,374.0,360.40000000000003,371.8,88000,-1.0,-1.0,-1.0
2017/02/24,373.8,373.8,367.20000000000005,367.8,43500,-1.0,-1.0,-1.0
2017/02/27,370.20000000000005,370.40000000000003,359.0,359.0,50000,-1.0,-1.0,-1.0
2017/02/28,358.8,364.0,358.8,361.6,37000,-1.0,-1.0,-1.0
2017/03/01,362.8,365.8,357.20000000000005,358.0,35000,-1.0,-1.0,-1.0
2017/03/02,360.0,362.8,354.40000000000003,354.40000000000003,57500,-1.0,-1.0,-1.0
2017/03/03,358.6,358.6,354.20000000000005,355.20000000000005,16000,-1.0,-1.0,-1.0
2017/03/06,354.40000000000003,356.0,352.6,355.0,24000,-1.0,-1.0,-1.0
2017/03/07,354.40000000000003,354.40000000000003,349.0,349.0,63500,-1.0,-1.0,-1.0
2017/03/08,350.0,352.0,344.40000000000003,344.6,53000,-1.0,-1.0,-1.0
2017/03/09,345.20000000000005,348.0,331.6,343.0,99000,-1.0,-1.0,-1.0
2017/03/10,344.0,347.6,333.20000000000005,334.8,100500,-1.0,-1.0,-1.0
2017/03/13,331.6,331.8,322.20000000000005,322.20000000000005,154500,-1.0,-1.0,-1.0
2017/03/14,322.0,322.0,310.40000000000003,318.8,218000,-1.0,-1.0,-1.0
2017/03/15,321.20000000000005,323.0,317.0,318.0,79500,-1.0,-1.0,-1.0
2017/03/16,316.6,326.6,316.6,326.6,46500,-1.0,-1.0,-1.0
2017/03/17,325.20000000000005,342.0,325.20000000000005,329.0,131500,-1.0,-1.0,-1.0
2017/03/21,325.0,327.6,320.40000000000003,325.40000000000003,65500,-1.0,-1.0,-1.0
2017/03/22,324.6,324.6,318.6,318.8,64500,-1.0,-1.0,-1.0
2017/03/23,318.8,320.0,316.6,317.0,28000,-1.0,-1.0,-1.0
2017/03/24,315.6,318.6,315.6,316.8,39500,-1.0,-1.0,-1.0
2017/03/27,314.6,314.6,308.20000000000005,309.0,45000,-1.0,-1.0,-1.0
2017/03/28,308.20000000000005,315.6,308.20000000000005,314.6,23500,-1.0,-1.0,-1.0
2017/03/29,313.0,316.0,310.8,315.0,27000,-1.0,-1.0,-1.0
2017/03/30,313.40000000000003,313.40000000000003,309.40000000000003,311.0,17000,-1.0,-1.0,-1.0
2017/03/31,312.0,312.6,309.20000000000005,309.40000000000003,77500,-1.0,-1.0,-1.0
2017/04/03,304.0,304.0,300.0,301.0,63500,-1.0,-1.0,-1.0
2017/04/04,299.0,299.6,292.0,295.40000000000003,101500,-1.0,-1.0,-1.0
2017/04/05,289.40000000000003,299.8,284.0,298.0,125000,-1.0,-1.0,-1.0
2017/04/06,286.8,291.6,276.6,280.6,91000,-1.0,-1.0,-1.0
2017/04/07,274.6,280.0,270.0,270.8,122000,-1.0,-1.0,-1.0
2017/04/10,280.0,290.8,277.0,290.6,130500,-1.0,-1.0,-1.0
2017/04/11,290.6,291.8,285.0,291.2,93000,-1.0,-1.0,-1.0
2017/04/12,281.8,291.8,280.0,290.0,137500,-1.0,-1.0,-1.0
2017/04/13,289.0,315.6,289.0,315.6,150500,-1.0,-1.0,-1.0
2017/04/14,316.0,317.6,307.40000000000003,309.0,85500,-1.0,-1.0,-1.0
2017/04/17,304.2,304.2,296.2,296.2,43000,-1.0,-1.0,-1.0
2017/04/18,302.2,303.6,297.2,302.8,50500,-1.0,-1.0,-1.0
2017/04/19,302.0,302.0,296.0,298.40000000000003,28500,-1.0,-1.0,-1.0
2017/04/20,298.40000000000003,299.8,295.2,295.2,42500,-1.0,-1.0,-1.0
2017/04/21,295.2,322.0,294.40000000000003,321.20000000000005,113500,-1.0,-1.0,-1.0
2017/04/24,316.20000000000005,323.20000000000005,313.8,319.40000000000003,68000,-1.0,-1.0,-1.0
2017/04/25,315.20000000000005,323.8,315.20000000000005,317.6,30000,-1.0,-1.0,-1.0
2017/04/26,320.0,323.8,320.0,321.8,44000,-1.0,-1.0,-1.0
2017/04/27,321.8,321.8,316.20000000000005,318.0,38500,-1.0,-1.0,-1.0
2017/04/28,318.0,320.0,314.40000000000003,316.20000000000005,18000,-1.0,-1.0,-1.0
2017/05/01,316.40000000000003,324.8,316.20000000000005,323.40000000000003,39500,-1.0,-1.0,-1.0
2017/05/02,322.40000000000003,323.40000000000003,322.20000000000005,323.0,20000,-1.0,-1.0,-1.0
2017/05/08,326.0,329.6,325.8,328.20000000000005,36500,-1.0,-1.0,-1.0
2017/05/09,330.0,330.0,328.0,329.40000000000003,14500,-1.0,-1.0,-1.0
2017/05/10,332.0,332.0,328.0,328.20000000000005,24500,-1.0,-1.0,-1.0
2017/05/11,329.20000000000005,330.20000000000005,327.8,329.8,15000,-1.0,-1.0,-1.0
2017/05/12,331.40000000000003,338.0,330.20000000000005,337.20000000000005,90500,-1.0,-1.0,-1.0
2017/05/15,338.0,338.0,320.0,321.6,76000,-1.0,-1.0,-1.0
2017/05/16,324.40000000000003,325.40000000000003,322.40000000000003,322.40000000000003,30000,-1.0,-1.0,-1.0
2017/05/17,320.0,320.6,316.6,316.6,26500,-1.0,-1.0,-1.0
2017/05/18,312.20000000000005,314.0,309.40000000000003,311.40000000000003,32500,-1.0,-1.0,-1.0
2017/05/19,312.0,325.40000000000003,312.0,324.0,99500,-1.0,-1.0,-1.0
2017/05/22,319.40000000000003,322.6,314.20000000000005,322.6,63500,-1.0,-1.0,-1.0
2017/05/23,327.20000000000005,369.8,326.20000000000005,366.20000000000005,481000,-1.0,-1.0,-1.0
2017/05/24,368.0,372.8,355.20000000000005,370.6,211000,-1.0,-1.0,-1.0
2017/05/25,362.6,374.20000000000005,362.6,371.20000000000005,150500,-1.0,-1.0,-1.0
2017/05/26,370.20000000000005,389.0,368.20000000000005,386.6,191000,-1.0,-1.0,-1.0
2017/05/29,388.8,397.40000000000003,384.40000000000003,390.40000000000003,187000,-1.0,-1.0,-1.0
2017/05/30,390.6,394.0,386.0,394.0,103000,-1.0,-1.0,-1.0
2017/05/31,394.0,394.20000000000005,388.0,391.6,56000,-1.0,-1.0,-1.0
2017/06/01,391.0,401.20000000000005,390.6,400.40000000000003,173500,-1.0,-1.0,-1.0
2017/06/02,401.0,409.6,400.6,401.6,127000,-1.0,-1.0,-1.0
2017/06/05,396.0,399.8,388.40000000000003,388.6,60000,-1.0,-1.0,-1.0
2017/06/06,386.20000000000005,417.20000000000005,386.20000000000005,411.8,219500,-1.0,-1.0,-1.0
2017/06/07,408.0,414.0,404.8,404.8,50000,-1.0,-1.0,-1.0
2017/06/08,406.6,413.6,406.6,409.20000000000005,95500,-1.0,-1.0,-1.0
2017/06/09,404.6,412.20000000000005,396.20000000000005,399.0,126000,-1.0,-1.0,-1.0
2017/06/12,400.0,409.8,397.8,406.40000000000003,106500,-1.0,-1.0,-1.0
2017/06/13,402.20000000000005,410.0,401.8,407.0,56000,-1.0,-1.0,-1.0
2017/06/14,406.0,411.20000000000005,402.20000000000005,407.8,61000,-1.0,-1.0,-1.0
2017/06/15,404.6,430.0,404.6,429.0,193000,-1.0,-1.0,-1.0
2017/06/16,420.40000000000003,429.8,417.40000000000003,426.20000000000005,83000,-1.0,-1.0,-1.0
2017/06/19,426.20000000000005,429.8,421.6,423.0,77500,-1.0,-1.0,-1.0
2017/06/20,430.6,439.0,427.20000000000005,431.0,163000,-1.0,-1.0,-1.0
2017/06/21,431.0,449.20000000000005,430.0,449.20000000000005,112500,-1.0,-1.0,-1.0
2017/06/22,447.20000000000005,475.0,447.20000000000005,471.0,163000,-1.0,-1.0,-1.0
2017/06/23,472.0,474.0,435.6,451.40000000000003,229500,-1.0,-1.0,-1.0
2017/06/26,447.0,465.20000000000005,447.0,453.20000000000005,91500,-1.0,-1.0,-1.0
2017/06/27,453.20000000000005,457.6,440.0,450.20000000000005,74000,-1.0,-1.0,-1.0
2017/06/28,442.0,446.40000000000003,399.40000000000003,399.40000000000003,202500,-1.0,-1.0,-1.0
2017/06/29,400.0,407.40000000000003,394.40000000000003,404.0,121000,-1.0,-1.0,-1.0
2017/06/30,403.40000000000003,407.20000000000005,396.8,402.20000000000005,101500,-1.0,-1.0,-1.0
2017/07/03,395.20000000000005,408.0,395.20000000000005,403.40000000000003,69500,-1.0,-1.0,-1.0
2017/07/04,404.40000000000003,404.40000000000003,384.0,385.0,68000,-1.0,-1.0,-1.0
2017/07/05,382.0,396.6,382.0,394.40000000000003,82500,-1.0,-1.0,-1.0
2017/07/06,390.8,392.8,380.20000000000005,382.8,66000,-1.0,-1.0,-1.0
2017/07/07,376.0,382.40000000000003,376.0,380.40000000000003,30000,-1.0,-1.0,-1.0
2017/07/10,380.40000000000003,384.8,379.0,380.0,37000,-1.0,-1.0,-1.0
2017/07/11,378.0,381.8,377.6,379.40000000000003,40000,-1.0,-1.0,-1.0
2017/07/12,382.0,389.40000000000003,377.8,378.6,48000,-1.0,-1.0,-1.0
2017/07/13,383.20000000000005,383.6,375.20000000000005,376.0,45500,-1.0,-1.0,-1.0
2017/07/14,379.8,379.8,376.20000000000005,379.6,16000,-1.0,-1.0,-1.0
2017/07/18,378.20000000000005,381.20000000000005,373.0,375.40000000000003,28000,-1.0,-1.0,-1.0
2017/07/19,373.8,392.40000000000003,373.0,388.8,86000,-1.0,-1.0,-1.0
2017/07/20,391.20000000000005,400.6,390.40000000000003,400.0,62000,-1.0,-1.0,-1.0
2017/07/21,395.6,403.40000000000003,395.6,401.0,76500,-1.0,-1.0,-1.0
2017/07/24,401.20000000000005,401.20000000000005,389.0,392.20000000000005,34500,-1.0,-1.0,-1.0
2017/07/25,392.20000000000005,394.8,391.0,393.20000000000005,20000,-1.0,-1.0,-1.0
2017/07/26,393.0,393.0,386.40000000000003,390.8,25500,-1.0,-1.0,-1.0
2017/07/27,396.20000000000005,396.20000000000005,384.6,389.8,21000,-1.0,-1.0,-1.0
2017/07/28,392.20000000000005,392.20000000000005,378.0,380.6,19000,-1.0,-1.0,-1.0
2017/07/31,376.20000000000005,379.20000000000005,376.20000000000005,378.0,16500,-1.0,-1.0,-1.0
2017/08/01,374.6,380.6,370.6,370.6,51500,-1.0,-1.0,-1.0
2017/08/02,365.8,370.8,364.0,369.40000000000003,96500,-1.0,-1.0,-1.0
2017/08/03,370.40000000000003,371.20000000000005,366.40000000000003,367.20000000000005,19000,-1.0,-1.0,-1.0
2017/08/04,365.0,370.20000000000005,365.0,366.40000000000003,9000,-1.0,-1.0,-1.0
2017/08/07,372.20000000000005,373.0,367.0,367.0,27000,-1.0,-1.0,-1.0
2017/08/08,367.0,370.40000000000003,367.0,369.20000000000005,8000,-1.0,-1.0,-1.0
2017/08/09,367.20000000000005,369.20000000000005,366.20000000000005,367.0,14500,-1.0,-1.0,-1.0
2017/08/10,367.20000000000005,371.8,362.0,371.8,55000,-1.0,-1.0,-1.0
2017/08/14,358.20000000000005,364.20000000000005,340.6,344.20000000000005,91500,-1.0,-1.0,-1.0
2017/08/15,344.20000000000005,347.6,328.40000000000003,333.20000000000005,87500,-1.0,-1.0,-1.0
2017/08/16,334.8,339.20000000000005,329.6,339.20000000000005,28000,-1.0,-1.0,-1.0
2017/08/17,341.6,343.6,338.6,343.6,33500,-1.0,-1.0,-1.0
2017/08/18,343.40000000000003,351.8,341.0,349.8,48500,-1.0,-1.0,-1.0
2017/08/21,348.0,348.40000000000003,342.6,344.6,31500,-1.0,-1.0,-1.0
2017/08/22,344.6,349.8,344.6,346.6,22500,-1.0,-1.0,-1.0
2017/08/23,346.6,352.0,346.6,352.0,24500,-1.0,-1.0,-1.0
2017/08/24,349.40000000000003,350.6,348.6,348.6,9000,-1.0,-1.0,-1.0
2017/08/25,346.8,350.0,346.8,350.0,5000,-1.0,-1.0,-1.0
2017/08/28,353.40000000000003,353.40000000000003,349.8,349.8,3500,-1.0,-1.0,-1.0
2017/08/29,350.0,350.6,345.8,348.0,33000,-1.0,-1.0,-1.0
2017/08/30,353.40000000000003,353.40000000000003,349.6,352.8,18500,-1.0,-1.0,-1.0
2017/08/31,354.0,355.8,353.0,355.8,17500,-1.0,-1.0,-1.0
2017/09/01,356.0,357.20000000000005,354.0,356.40000000000003,7000,-1.0,-1.0,-1.0
2017/09/04,358.6,362.8,356.0,362.8,36500,-1.0,-1.0,-1.0
2017/09/05,363.0,368.6,360.8,366.0,58000,-1.0,-1.0,-1.0
2017/09/06,365.8,386.6,365.20000000000005,385.0,147000,-1.0,-1.0,-1.0
2017/09/07,385.6,393.8,376.0,382.20000000000005,70000,-1.0,-1.0,-1.0
2017/09/08,382.0,388.40000000000003,373.40000000000003,388.40000000000003,42500,-1.0,-1.0,-1.0
2017/09/11,389.40000000000003,393.20000000000005,382.8,386.40000000000003,26000,-1.0,-1.0,-1.0
2017/09/12,390.8,392.0,381.40000000000003,387.0,18500,-1.0,-1.0,-1.0
2017/09/13,391.0,391.0,380.40000000000003,381.6,15000,-1.0,-1.0,-1.0
2017/09/14,384.8,386.6,382.0,384.6,27500,-1.0,-1.0,-1.0
2017/09/15,384.8,387.0,376.40000000000003,387.0,76500,-1.0,-1.0,-1.0
2017/09/19,396.0,403.8,396.0,400.8,84500,-1.0,-1.0,-1.0
2017/09/20,401.20000000000005,411.0,399.0,408.8,84500,-1.0,-1.0,-1.0
2017/09/21,409.8,419.8,406.0,409.40000000000003,83500,-1.0,-1.0,-1.0
2017/09/22,404.0,407.8,394.20000000000005,399.8,76000,-1.0,-1.0,-1.0
2017/09/25,397.20000000000005,399.40000000000003,394.0,396.0,32000,-1.0,-1.0,-1.0
2017/09/26,400.6,400.8,395.8,399.6,16500,-1.0,-1.0,-1.0
2017/09/27,404.20000000000005,404.20000000000005,400.40000000000003,404.0,14000,-1.0,-1.0,-1.0
2017/09/28,404.0,409.8,398.40000000000003,402.6,46000,-1.0,-1.0,-1.0
2017/09/29,402.0,402.0,396.0,400.20000000000005,26000,-1.0,-1.0,-1.0
2017/10/02,400.20000000000005,420.0,400.20000000000005,420.0,97000,-1.0,-1.0,-1.0
2017/10/03,424.40000000000003,440.0,414.0,425.0,88000,-1.0,-1.0,-1.0
2017/10/04,432.0,435.40000000000003,421.8,435.40000000000003,46000,-1.0,-1.0,-1.0
2017/10/05,437.8,437.8,421.6,424.0,18000,-1.0,-1.0,-1.0
2017/10/06,420.6,423.40000000000003,416.40000000000003,416.40000000000003,17000,-1.0,-1.0,-1.0
2017/10/10,414.20000000000005,418.20000000000005,414.20000000000005,417.40000000000003,15000,-1.0,-1.0,-1.0
2017/10/11,417.40000000000003,435.20000000000005,417.40000000000003,429.8,62500,-1.0,-1.0,-1.0
2017/10/12,427.8,431.20000000000005,423.40000000000003,425.0,29500,-1.0,-1.0,-1.0
2017/10/13,421.0,425.6,419.20000000000005,419.40000000000003,15000,-1.0,-1.0,-1.0
2017/10/16,421.20000000000005,425.20000000000005,419.6,424.8,11000,-1.0,-1.0,-1.0
2017/10/17,424.0,424.0,417.6,417.6,10500,-1.0,-1.0,-1.0
2017/10/18,414.0,414.0,396.20000000000005,399.0,50500,-1.0,-1.0,-1.0
2017/10/19,400.0,400.0,394.6,394.6,25000,-1.0,-1.0,-1.0
2017/10/20,397.8,398.8,394.20000000000005,398.8,12000,-1.0,-1.0,-1.0
2017/10/23,395.6,405.6,395.6,405.6,21500,-1.0,-1.0,-1.0
2017/10/24,400.8,403.40000000000003,398.40000000000003,402.8,9500,-1.0,-1.0,-1.0
2017/10/25,403.0,406.0,400.40000000000003,403.0,19500,-1.0,-1.0,-1.0
2017/10/26,403.0,403.0,395.6,395.6,7500,-1.0,-1.0,-1.0
2017/10/27,398.8,401.6,394.20000000000005,396.6,32500,-1.0,-1.0,-1.0
2017/10/30,400.20000000000005,403.0,394.20000000000005,401.0,34500,-1.0,-1.0,-1.0
2017/10/31,402.20000000000005,404.0,400.20000000000005,402.0,15000,-1.0,-1.0,-1.0
2017/11/01,402.0,404.0,396.40000000000003,401.20000000000005,26000,-1.0,-1.0,-1.0
2017/11/02,401.0,410.0,400.40000000000003,410.0,37000,-1.0,-1.0,-1.0
2017/11/06,408.0,409.8,402.6,403.20000000000005,12500,-1.0,-1.0,-1.0
2017/11/07,403.40000000000003,403.40000000000003,395.40000000000003,398.0,22000,-1.0,-1.0,-1.0
2017/11/08,398.6,403.40000000000003,394.20000000000005,394.20000000000005,48000,-1.0,-1.0,-1.0
2017/11/09,395.8,401.0,394.0,398.0,23500,-1.0,-1.0,-1.0
2017/11/10,394.0,396.8,388.0,392.8,18000,-1.0,-1.0,-1.0
2017/11/13,394.0,395.8,387.8,388.0,48000,-1.0,-1.0,-1.0
2017/11/14,387.8,387.8,374.20000000000005,374.40000000000003,91500,-1.0,-1.0,-1.0
2017/11/15,376.0,378.20000000000005,372.20000000000005,376.20000000000005,57000,-1.0,-1.0,-1.0
2017/11/16,370.8,379.6,370.0,376.6,16500,-1.0,-1.0,-1.0
2017/11/17,376.6,389.8,371.40000000000003,377.6,37000,-1.0,-1.0,-1.0
2017/11/20,376.0,383.40000000000003,376.0,383.40000000000003,33000,-1.0,-1.0,-1.0
2017/11/21,380.8,382.8,380.0,381.40000000000003,16000,-1.0,-1.0,-1.0
2017/11/22,381.20000000000005,387.8,378.20000000000005,386.0,48000,-1.0,-1.0,-1.0
2017/11/24,385.8,386.6,378.20000000000005,382.0,56500,-1.0,-1.0,-1.0
2017/11/27,381.8,381.8,373.6,376.20000000000005,42000,-1.0,-1.0,-1.0
2017/11/28,376.20000000000005,376.8,370.6,375.0,51000,-1.0,-1.0,-1.0
2017/11/29,375.0,385.40000000000003,375.0,383.8,37000,-1.0,-1.0,-1.0
2017/11/30,388.0,389.8,384.0,388.0,20000,-1.0,-1.0,-1.0
2017/12/01,388.20000000000005,389.0,384.40000000000003,386.8,11000,-1.0,-1.0,-1.0
2017/12/04,393.20000000000005,393.20000000000005,389.0,390.40000000000003,24500,-1.0,-1.0,-1.0
2017/12/05,388.40000000000003,392.0,385.20000000000005,392.0,32000,-1.0,-1.0,-1.0
2017/12/06,392.0,392.0,389.20000000000005,390.20000000000005,13000,-1.0,-1.0,-1.0
2017/12/07,389.40000000000003,390.6,386.40000000000003,388.20000000000005,25000,-1.0,-1.0,-1.0
2017/12/08,388.20000000000005,388.20000000000005,380.0,386.6,39000,-1.0,-1.0,-1.0
2017/12/11,388.0,388.20000000000005,385.0,387.6,15000,-1.0,-1.0,-1.0
2017/12/12,386.6,386.8,382.8,382.8,12000,-1.0,-1.0,-1.0
2017/12/13,382.40000000000003,384.40000000000003,376.40000000000003,377.20000000000005,51000,-1.0,-1.0,-1.0
2017/12/14,375.40000000000003,379.6,372.20000000000005,375.20000000000005,35000,-1.0,-1.0,-1.0
2017/12/15,374.20000000000005,377.20000000000005,374.0,375.40000000000003,10500,-1.0,-1.0,-1.0
2017/12/18,375.40000000000003,378.0,375.40000000000003,375.6,6500,-1.0,-1.0,-1.0
2017/12/19,375.8,376.0,374.20000000000005,375.20000000000005,16500,-1.0,-1.0,-1.0
2017/12/20,374.20000000000005,374.20000000000005,371.20000000000005,371.20000000000005,22500,-1.0,-1.0,-1.0
2017/12/21,372.0,381.0,372.0,380.6,76500,-1.0,-1.0,-1.0
2017/12/22,380.6,380.6,374.8,378.0,19000,-1.0,-1.0,-1.0
2017/12/25,376.40000000000003,376.40000000000003,373.40000000000003,375.0,25500,-1.0,-1.0,-1.0
2017/12/26,375.8,375.8,370.8,372.0,34500,-1.0,-1.0,-1.0
2017/12/27,372.0,376.0,372.0,376.0,15000,-1.0,-1.0,-1.0
2017/12/28,377.20000000000005,380.0,374.0,377.20000000000005,22500,-1.0,-1.0,-1.0
2017/12/29,379.8,383.6,375.8,379.0,28000,-1.0,-1.0,-1.0
2018/01/04,379.8,383.40000000000003,379.6,382.0,29000,-1.0,-1.0,-1.0
2018/01/05,384.0,384.8,379.20000000000005,380.8,36500,-1.0,-1.0,-1.0
2018/01/09,380.8,382.40000000000003,379.40000000000003,381.6,50500,-1.0,-1.0,-1.0
2018/01/10,383.40000000000003,383.40000000000003,380.0,381.40000000000003,12500,-1.0,-1.0,-1.0
2018/01/11,380.0,382.0,380.0,380.0,4500,-1.0,-1.0,-1.0
2018/01/12,377.6,379.0,376.0,376.0,24500,-1.0,-1.0,-1.0
2018/01/15,376.0,382.0,376.0,382.0,17500,-1.0,-1.0,-1.0
2018/01/16,380.0,380.40000000000003,376.40000000000003,376.40000000000003,26000,-1.0,-1.0,-1.0
2018/01/17,376.20000000000005,378.40000000000003,374.8,375.6,32000,-1.0,-1.0,-1.0
2018/01/18,376.8,376.8,375.0,376.6,10000,-1.0,-1.0,-1.0
2018/01/19,376.6,380.0,376.6,377.6,10000,-1.0,-1.0,-1.0
2018/01/22,377.0,377.0,375.0,375.0,18500,-1.0,-1.0,-1.0
2018/01/23,376.40000000000003,379.40000000000003,375.0,379.20000000000005,16500,-1.0,-1.0,-1.0
2018/01/24,377.6,378.20000000000005,375.0,376.0,15500,-1.0,-1.0,-1.0
2018/01/25,379.6,379.6,376.0,376.40000000000003,14000,-1.0,-1.0,-1.0
2018/01/26,376.20000000000005,379.20000000000005,376.20000000000005,378.0,19000,-1.0,-1.0,-1.0
2018/01/29,379.20000000000005,382.0,378.0,379.0,22000,-1.0,-1.0,-1.0
2018/01/30,378.20000000000005,378.8,376.8,377.40000000000003,13500,-1.0,-1.0,-1.0
2018/01/31,376.0,378.20000000000005,373.40000000000003,377.0,51000,-1.0,-1.0,-1.0
2018/02/01,376.40000000000003,379.20000000000005,375.40000000000003,378.0,12500,-1.0,-1.0,-1.0
2018/02/02,378.8,380.0,376.20000000000005,378.20000000000005,22000,-1.0,-1.0,-1.0
2018/02/05,374.0,374.6,362.0,370.20000000000005,41500,-1.0,-1.0,-1.0
2018/02/06,354.0,354.0,342.20000000000005,351.40000000000003,92000,-1.0,-1.0,-1.0
2018/02/07,354.0,364.0,346.6,346.8,72500,-1.0,-1.0,-1.0
2018/02/08,353.20000000000005,353.20000000000005,348.0,353.20000000000005,23500,-1.0,-1.0,-1.0
2018/02/09,348.20000000000005,348.20000000000005,338.40000000000003,339.0,66000,-1.0,-1.0,-1.0
2018/02/13,340.20000000000005,341.40000000000003,330.40000000000003,334.40000000000003,57000,-1.0,-1.0,-1.0
2018/02/14,334.40000000000003,336.20000000000005,326.40000000000003,332.6,41500,-1.0,-1.0,-1.0
2018/02/15,336.6,341.40000000000003,335.8,335.8,14000,-1.0,-1.0,-1.0
2018/02/16,337.0,346.20000000000005,337.0,345.20000000000005,28000,-1.0,-1.0,-1.0
2018/02/19,347.20000000000005,352.40000000000003,343.40000000000003,352.40000000000003,9500,-1.0,-1.0,-1.0
2018/02/20,352.40000000000003,353.20000000000005,352.0,353.0,9500,-1.0,-1.0,-1.0
2018/02/21,354.0,363.8,354.0,363.0,15000,-1.0,-1.0,-1.0
2018/02/22,363.40000000000003,363.40000000000003,360.20000000000005,362.0,8000,-1.0,-1.0,-1.0
2018/02/23,363.0,363.6,360.40000000000003,363.40000000000003,11500,-1.0,-1.0,-1.0
2018/02/26,363.8,371.40000000000003,363.6,371.40000000000003,24500,-1.0,-1.0,-1.0
2018/02/27,377.0,377.0,367.8,371.8,15000,-1.0,-1.0,-1.0
2018/02/28,373.8,377.0,360.40000000000003,370.0,51000,-1.0,-1.0,-1.0
2018/03/01,369.8,369.8,364.20000000000005,365.40000000000003,24000,-1.0,-1.0,-1.0
2018/03/02,355.6,366.0,355.6,364.6,30000,-1.0,-1.0,-1.0
2018/03/05,363.8,364.6,357.20000000000005,357.40000000000003,11000,-1.0,-1.0,-1.0
2018/03/06,358.0,368.8,358.0,368.8,5500,-1.0,-1.0,-1.0
2018/03/07,369.40000000000003,369.6,367.40000000000003,369.40000000000003,9000,-1.0,-1.0,-1.0
2018/03/08,366.8,366.8,360.6,363.40000000000003,12500,-1.0,-1.0,-1.0
2018/03/09,365.8,367.0,359.20000000000005,359.6,14000,-1.0,-1.0,-1.0
2018/03/12,363.6,367.8,360.6,365.20000000000005,8000,-1.0,-1.0,-1.0
2018/03/13,364.20000000000005,364.20000000000005,360.40000000000003,361.40000000000003,5500,-1.0,-1.0,-1.0
2018/03/14,363.6,364.0,360.6,363.6,16000,-1.0,-1.0,-1.0
2018/03/15,361.20000000000005,361.20000000000005,356.40000000000003,360.0,24500,-1.0,-1.0,-1.0
2018/03/16,362.20000000000005,363.8,360.8,363.6,12000,-1.0,-1.0,-1.0
2018/03/19,362.40000000000003,362.40000000000003,354.0,360.0,22000,-1.0,-1.0,-1.0
2018/03/20,360.0,360.20000000000005,354.0,359.0,23000,-1.0,-1.0,-1.0
2018/03/22,359.20000000000005,360.20000000000005,358.8,359.0,12000,-1.0,-1.0,-1.0
2018/03/23,356.8,357.8,344.0,352.8,28500,-1.0,-1.0,-1.0
2018/03/26,350.20000000000005,353.0,335.0,352.8,47500,-1.0,-1.0,-1.0
2018/03/27,360.8,360.8,355.20000000000005,356.40000000000003,18000,-1.0,-1.0,-1.0
2018/03/28,352.40000000000003,352.40000000000003,340.40000000000003,345.6,14500,-1.0,-1.0,-1.0
2018/03/29,348.40000000000003,353.8,343.40000000000003,346.8,10500,-1.0,-1.0,-1.0
2018/03/30,351.20000000000005,351.20000000000005,343.0,348.8,3000,-1.0,-1.0,-1.0
2018/04/02,349.8,354.0,349.8,354.0,2000,-1.0,-1.0,-1.0
2018/04/03,346.0,348.8,346.0,348.8,4000,-1.0,-1.0,-1.0
2018/04/04,347.0,350.40000000000003,347.0,350.40000000000003,4500,-1.0,-1.0,-1.0
2018/04/05,350.6,351.0,347.20000000000005,347.20000000000005,10500,-1.0,-1.0,-1.0
2018/04/06,348.0,348.6,347.0,348.6,6500,-1.0,-1.0,-1.0
2018/04/09,348.6,348.6,344.0,344.0,4500,-1.0,-1.0,-1.0
2018/04/10,346.0,347.0,345.40000000000003,347.0,10500,-1.0,-1.0,-1.0
2018/04/11,348.8,348.8,347.6,347.6,3500,-1.0,-1.0,-1.0
2018/04/12,351.8,351.8,344.0,344.0,11000,-1.0,-1.0,-1.0
2018/04/13,344.20000000000005,348.0,344.20000000000005,348.0,3500,-1.0,-1.0,-1.0
2018/04/16,347.8,347.8,344.40000000000003,344.6,8500,-1.0,-1.0,-1.0
2018/04/17,344.40000000000003,344.6,344.40000000000003,344.40000000000003,2000,-1.0,-1.0,-1.0
2018/04/18,343.6,345.0,343.6,345.0,2500,-1.0,-1.0,-1.0
2018/04/19,344.0,346.0,344.0,344.0,4000,-1.0,-1.0,-1.0
2018/04/20,343.40000000000003,343.6,342.40000000000003,342.40000000000003,4500,-1.0,-1.0,-1.0
2018/04/23,342.6,343.6,342.40000000000003,343.6,13500,-1.0,-1.0,-1.0
2018/04/24,344.6,347.8,344.6,347.8,5500,-1.0,-1.0,-1.0
2018/04/25,343.0,345.20000000000005,342.0,343.8,14000,-1.0,-1.0,-1.0
2018/04/26,343.8,343.8,340.40000000000003,340.6,14000,-1.0,-1.0,-1.0
2018/04/27,342.20000000000005,342.20000000000005,341.8,341.8,2000,-1.0,-1.0,-1.0
2018/05/01,339.6,342.0,339.6,341.0,11500,-1.0,-1.0,-1.0
2018/05/02,341.0,341.0,340.0,340.0,12500,-1.0,-1.0,-1.0
2018/05/07,343.0,343.0,341.8,343.0,11000,-1.0,-1.0,-1.0
2018/05/08,342.8,342.8,341.0,341.8,49500,-1.0,-1.0,-1.0
2018/05/09,341.8,343.0,341.0,343.0,19000,-1.0,-1.0,-1.0
2018/05/10,341.20000000000005,345.6,340.20000000000005,340.20000000000005,36000,-1.0,-1.0,-1.0
2018/05/11,343.8,343.8,342.0,342.20000000000005,14500,-1.0,-1.0,-1.0
2018/05/14,345.40000000000003,353.40000000000003,345.20000000000005,349.40000000000003,34500,-1.0,-1.0,-1.0
2018/05/15,349.40000000000003,351.0,349.0,349.0,10500,-1.0,-1.0,-1.0
2018/05/16,349.0,354.0,348.0,354.0,23500,-1.0,-1.0,-1.0
2018/05/17,359.0,364.0,356.20000000000005,364.0,57000,-1.0,-1.0,-1.0
2018/05/18,361.6,364.0,360.8,363.8,18000,-1.0,-1.0,-1.0
2018/05/21,363.6,364.0,356.40000000000003,360.0,42000,-1.0,-1.0,-1.0
2018/05/22,360.0,364.0,356.8,360.8,26500,-1.0,-1.0,-1.0
2018/05/23,360.8,361.8,358.40000000000003,361.20000000000005,7500,-1.0,-1.0,-1.0
2018/05/24,360.20000000000005,360.20000000000005,357.20000000000005,357.20000000000005,12000,-1.0,-1.0,-1.0
2018/05/25,350.40000000000003,355.0,350.40000000000003,353.0,9000,-1.0,-1.0,-1.0
2018/05/28,353.0,353.0,351.6,351.6,5500,-1.0,-1.0,-1.0
2018/05/29,351.6,351.6,350.40000000000003,350.40000000000003,3500,-1.0,-1.0,-1.0
2018/05/30,349.6,349.6,344.20000000000005,344.20000000000005,3000,-1.0,-1.0,-1.0
2018/05/31,345.0,347.40000000000003,339.0,339.0,19500,-1.0,-1.0,-1.0
2018/06/01,336.40000000000003,339.40000000000003,335.6,338.0,13000,-1.0,-1.0,-1.0
2018/06/04,338.0,340.0,336.8,336.8,40500,-1.0,-1.0,-1.0
2018/06/05,336.8,336.8,336.40000000000003,336.8,3000,-1.0,-1.0,-1.0
2018/06/06,336.20000000000005,339.8,336.0,339.8,6000,-1.0,-1.0,-1.0
2018/06/07,338.40000000000003,340.0,338.40000000000003,339.8,9000,-1.0,-1.0,-1.0
2018/06/08,340.0,342.6,339.8,342.6,8000,-1.0,-1.0,-1.0
2018/06/11,344.0,344.0,339.0,339.0,5000,-1.0,-1.0,-1.0
2018/06/12,339.0,340.0,339.0,340.0,2000,-1.0,-1.0,-1.0
2018/06/13,340.6,340.6,340.40000000000003,340.40000000000003,3000,-1.0,-1.0,-1.0
2018/06/14,338.6,338.6,338.0,338.0,2000,-1.0,-1.0,-1.0
2018/06/15,337.20000000000005,337.6,336.40000000000003,336.40000000000003,11500,-1.0,-1.0,-1.0
2018/06/18,336.40000000000003,336.8,335.0,335.0,11000,-1.0,-1.0,-1.0
2018/06/19,334.20000000000005,335.20000000000005,331.0,332.8,15000,-1.0,-1.0,-1.0
2018/06/20,330.40000000000003,330.40000000000003,321.0,326.20000000000005,56500,-1.0,-1.0,-1.0
2018/06/21,342.6,342.6,326.20000000000005,327.20000000000005,12500,-1.0,-1.0,-1.0
2018/06/22,327.20000000000005,329.0,322.0,322.8,9000,-1.0,-1.0,-1.0
2018/06/25,323.0,323.8,322.0,322.0,46000,-1.0,-1.0,-1.0
2018/06/26,330.0,330.0,325.8,325.8,7500,-1.0,-1.0,-1.0
2018/06/27,327.8,330.0,326.20000000000005,327.40000000000003,9500,-1.0,-1.0,-1.0
2018/06/28,322.6,324.0,321.40000000000003,322.0,11000,-1.0,-1.0,-1.0
2018/06/29,322.0,328.0,320.0,320.6,32000,-1.0,-1.0,-1.0
2018/07/02,323.6,327.40000000000003,322.0,324.20000000000005,11500,-1.0,-1.0,-1.0
2018/07/03,325.0,326.8,319.6,319.8,21500,-1.0,-1.0,-1.0
2018/07/04,318.8,325.8,318.8,319.20000000000005,9000,-1.0,-1.0,-1.0
2018/07/05,318.20000000000005,321.20000000000005,316.0,320.6,10000,-1.0,-1.0,-1.0
2018/07/06,322.0,323.8,322.0,323.0,4500,-1.0,-1.0,-1.0
2018/07/09,325.6,334.0,324.8,332.40000000000003,23000,-1.0,-1.0,-1.0
2018/07/10,334.0,337.6,331.6,337.6,19000,-1.0,-1.0,-1.0
2018/07/11,333.6,336.6,331.6,333.6,11500,-1.0,-1.0,-1.0
2018/07/12,332.8,334.8,332.8,334.6,5000,-1.0,-1.0,-1.0
2018/07/13,326.8,333.20000000000005,326.8,332.6,2500,-1.0,-1.0,-1.0
2018/07/17,328.0,334.0,326.0,328.40000000000003,19500,-1.0,-1.0,-1.0
2018/07/18,331.6,337.40000000000003,330.8,335.8,7500,-1.0,-1.0,-1.0
2018/07/19,338.0,338.0,335.0,335.20000000000005,16500,-1.0,-1.0,-1.0
2018/07/20,335.20000000000005,340.0,332.0,335.6,31500,-1.0,-1.0,-1.0
2018/07/23,340.20000000000005,353.0,338.0,353.0,67000,-1.0,-1.0,-1.0
2018/07/24,354.20000000000005,358.0,350.20000000000005,357.0,116000,-1.0,-1.0,-1.0
2018/07/25,358.0,359.20000000000005,353.6,355.8,20000,-1.0,-1.0,-1.0
2018/07/26,355.8,355.8,352.0,353.8,15500,-1.0,-1.0,-1.0
2018/07/27,357.0,357.0,353.0,353.0,9000,-1.0,-1.0,-1.0
2018/07/30,351.0,356.0,351.0,355.8,12500,-1.0,-1.0,-1.0
2018/07/31,354.0,354.0,351.0,353.0,6500,-1.0,-1.0,-1.0
2018/08/01,356.0,356.40000000000003,351.40000000000003,355.40000000000003,15500,-1.0,-1.0,-1.0
2018/08/02,356.20000000000005,356.20000000000005,355.40000000000003,356.0,5000,-1.0,-1.0,-1.0
2018/08/03,356.0,356.0,351.20000000000005,351.40000000000003,10000,-1.0,-1.0,-1.0
2018/08/06,350.0,351.8,346.8,346.8,8500,-1.0,-1.0,-1.0
2018/08/07,346.8,351.8,346.8,349.0,14000,-1.0,-1.0,-1.0
2018/08/08,353.20000000000005,356.6,353.20000000000005,354.20000000000005,9000,-1.0,-1.0,-1.0
2018/08/09,354.0,357.0,350.6,357.0,15500,-1.0,-1.0,-1.0
2018/08/10,357.0,360.0,353.6,360.0,27500,-1.0,-1.0,-1.0
2018/08/13,360.0,360.0,355.40000000000003,356.0,30000,-1.0,-1.0,-1.0
2018/08/14,354.0,364.0,354.0,362.0,31000,-1.0,-1.0,-1.0
2018/08/15,363.6,363.8,356.0,359.40000000000003,33000,-1.0,-1.0,-1.0
2018/08/16,357.8,360.0,354.40000000000003,360.0,25500,-1.0,-1.0,-1.0
2018/08/17,360.0,360.0,351.6,358.0,17500,-1.0,-1.0,-1.0
2018/08/20,356.20000000000005,356.20000000000005,352.0,355.6,9000,-1.0,-1.0,-1.0
2018/08/21,358.20000000000005,358.8,354.20000000000005,358.8,17000,-1.0,-1.0,-1.0
2018/08/22,355.20000000000005,357.0,355.20000000000005,357.0,7000,-1.0,-1.0,-1.0
2018/08/23,355.20000000000005,356.8,355.20000000000005,356.8,1500,-1.0,-1.0,-1.0
2018/08/24,357.20000000000005,357.20000000000005,357.20000000000005,357.20000000000005,1000,-1.0,-1.0,-1.0
2018/08/27,360.0,360.0,356.8,359.8,6500,-1.0,-1.0,-1.0
2018/08/28,360.0,360.0,354.0,356.8,16500,-1.0,-1.0,-1.0
2018/08/29,356.20000000000005,360.20000000000005,356.20000000000005,358.6,16500,-1.0,-1.0,-1.0
2018/08/30,360.20000000000005,360.20000000000005,357.6,360.20000000000005,6500,-1.0,-1.0,-1.0
2018/08/31,360.0,361.6,358.40000000000003,360.0,9000,-1.0,-1.0,-1.0
2018/09/03,358.6,359.6,354.8,355.0,11500,-1.0,-1.0,-1.0
2018/09/04,353.20000000000005,354.20000000000005,350.0,353.0,12500,-1.0,-1.0,-1.0
2018/09/06,353.0,353.0,346.40000000000003,349.20000000000005,17000,-1.0,-1.0,-1.0
2018/09/07,348.20000000000005,352.20000000000005,348.20000000000005,352.20000000000005,7000,-1.0,-1.0,-1.0
2018/09/11,350.0,350.0,349.40000000000003,349.40000000000003,2000,-1.0,-1.0,-1.0
2018/09/12,348.0,351.0,348.0,351.0,6500,-1.0,-1.0,-1.0
2018/09/13,349.20000000000005,349.20000000000005,342.6,342.6,12000,-1.0,-1.0,-1.0
2018/09/14,341.0,343.6,340.8,341.0,34000,-1.0,-1.0,-1.0
2018/09/18,340.6,341.0,332.20000000000005,332.20000000000005,28500,-1.0,-1.0,-1.0
2018/09/19,339.0,339.0,330.0,331.8,23000,-1.0,-1.0,-1.0
2018/09/20,335.0,335.0,324.0,330.0,29500,-1.0,-1.0,-1.0
2018/09/21,330.0,335.20000000000005,330.0,331.40000000000003,18000,-1.0,-1.0,-1.0
2018/09/25,330.6,334.0,328.40000000000003,333.0,24000,-1.0,-1.0,-1.0
2018/09/26,333.20000000000005,340.0,333.20000000000005,338.40000000000003,24000,-1.0,-1.0,-1.0
2018/09/27,340.0,342.8,340.0,342.8,12000,-1.0,-1.0,-1.0
2018/09/28,344.20000000000005,345.0,341.20000000000005,343.8,21500,-1.0,-1.0,-1.0
2018/10/01,344.40000000000003,355.20000000000005,341.20000000000005,353.40000000000003,32000,-1.0,-1.0,-1.0
2018/10/02,355.6,361.0,355.6,359.0,49000,-1.0,-1.0,-1.0
2018/10/03,361.0,362.6,359.8,360.40000000000003,40000,-1.0,-1.0,-1.0
2018/10/04,362.0,364.6,361.20000000000005,361.20000000000005,29000,-1.0,-1.0,-1.0
2018/10/05,362.0,362.20000000000005,358.0,358.20000000000005,16000,-1.0,-1.0,-1.0
2018/10/09,358.20000000000005,358.20000000000005,350.20000000000005,355.40000000000003,27500,-1.0,-1.0,-1.0
2018/10/10,352.0,359.0,352.0,353.8,20000,-1.0,-1.0,-1.0
2018/10/11,350.20000000000005,352.8,347.8,352.8,21500,-1.0,-1.0,-1.0
2018/10/12,352.8,361.0,352.8,360.8,83000,-1.0,-1.0,-1.0
2018/10/15,361.8,367.8,358.6,366.0,53500,-1.0,-1.0,-1.0
2018/10/16,360.40000000000003,366.0,360.40000000000003,363.0,23000,-1.0,-1.0,-1.0
2018/10/17,366.0,366.8,363.6,364.0,16000,-1.0,-1.0,-1.0
2018/10/18,367.0,371.8,366.0,371.8,20500,-1.0,-1.0,-1.0
2018/10/19,366.40000000000003,367.8,362.0,366.8,13500,-1.0,-1.0,-1.0
2018/10/22,366.8,366.8,366.8,366.8,1000,-1.0,-1.0,-1.0
2018/10/23,358.8,366.8,358.8,365.6,20500,-1.0,-1.0,-1.0
2018/10/24,361.6,365.6,361.6,365.6,5000,-1.0,-1.0,-1.0
2018/10/25,360.0,362.20000000000005,356.8,357.0,8000,-1.0,-1.0,-1.0
2018/10/26,363.0,363.0,349.8,354.8,17000,-1.0,-1.0,-1.0
2018/10/29,352.6,359.8,344.20000000000005,344.20000000000005,20000,-1.0,-1.0,-1.0
2018/10/30,345.8,353.6,344.0,353.6,36500,-1.0,-1.0,-1.0
2018/10/31,354.8,357.8,354.8,357.8,3000,-1.0,-1.0,-1.0
2018/11/01,354.20000000000005,356.8,354.20000000000005,356.0,3000,-1.0,-1.0,-1.0
2018/11/02,357.40000000000003,366.0,357.40000000000003,366.0,15500,-1.0,-1.0,-1.0
2018/11/05,366.0,368.6,361.6,368.6,8500,-1.0,-1.0,-1.0
2018/11/06,369.0,375.0,366.0,368.6,24000,-1.0,-1.0,-1.0
2018/11/07,366.8,368.0,364.0,364.0,7000,-1.0,-1.0,-1.0
2018/11/08,364.0,371.6,363.8,370.8,14500,-1.0,-1.0,-1.0
2018/11/09,372.8,390.0,369.0,377.40000000000003,100000,-1.0,-1.0,-1.0
2018/11/12,393.20000000000005,402.8,391.0,396.6,114000,-1.0,-1.0,-1.0
2018/11/13,389.6,395.0,389.20000000000005,393.6,49500,-1.0,-1.0,-1.0
2018/11/14,396.0,407.0,391.6,397.0,89000,-1.0,-1.0,-1.0
2018/11/15,395.8,407.40000000000003,394.6,396.6,46000,-1.0,-1.0,-1.0
2018/11/16,396.6,401.8,389.40000000000003,393.0,41500,-1.0,-1.0,-1.0
2018/11/19,393.0,400.0,392.20000000000005,398.8,43000,-1.0,-1.0,-1.0
2018/11/20,399.20000000000005,399.8,384.0,396.0,17500,-1.0,-1.0,-1.0
2018/11/21,394.0,397.8,392.8,397.8,9000,-1.0,-1.0,-1.0
2018/11/22,396.0,398.0,396.0,396.20000000000005,3000,-1.0,-1.0,-1.0
2018/11/26,395.8,398.6,395.8,397.20000000000005,3000,-1.0,-1.0,-1.0
2018/11/27,398.0,399.40000000000003,398.0,398.20000000000005,7000,-1.0,-1.0,-1.0
2018/11/28,394.0,399.8,394.0,399.20000000000005,19000,-1.0,-1.0,-1.0
2018/11/29,399.20000000000005,399.20000000000005,395.8,395.8,20000,-1.0,-1.0,-1.0
2018/11/30,395.8,401.0,395.8,400.0,32500,-1.0,-1.0,-1.0
2018/12/03,401.40000000000003,401.6,398.0,400.0,22000,-1.0,-1.0,-1.0
2018/12/04,397.8,402.0,395.20000000000005,395.8,23000,-1.0,-1.0,-1.0
2018/12/05,390.0,398.20000000000005,390.0,397.8,8000,-1.0,-1.0,-1.0
2018/12/06,396.0,398.8,393.6,393.6,7500,-1.0,-1.0,-1.0
2018/12/07,399.40000000000003,399.40000000000003,393.0,397.20000000000005,16500,-1.0,-1.0,-1.0
2018/12/10,395.8,398.0,395.0,397.8,14000,-1.0,-1.0,-1.0
2018/12/11,395.8,397.8,394.0,394.8,19000,-1.0,-1.0,-1.0
2018/12/12,394.8,398.40000000000003,394.8,398.0,26000,-1.0,-1.0,-1.0
2018/12/13,396.20000000000005,404.40000000000003,396.20000000000005,402.8,41500,-1.0,-1.0,-1.0
2018/12/14,405.40000000000003,407.6,397.6,400.6,40500,-1.0,-1.0,-1.0
2018/12/17,400.0,405.6,400.0,403.6,17500,-1.0,-1.0,-1.0
2018/12/18,399.6,401.40000000000003,394.20000000000005,398.20000000000005,20000,-1.0,-1.0,-1.0
2018/12/19,396.0,400.0,382.20000000000005,390.20000000000005,33000,-1.0,-1.0,-1.0
2018/12/20,382.6,394.20000000000005,380.6,380.6,48500,-1.0,-1.0,-1.0
2018/12/21,380.0,394.8,370.20000000000005,370.20000000000005,17500,-1.0,-1.0,-1.0
2018/12/25,344.20000000000005,361.8,344.20000000000005,351.0,24500,-1.0,-1.0,-1.0
2018/12/26,351.40000000000003,355.40000000000003,344.0,351.0,23000,-1.0,-1.0,-1.0
2018/12/27,356.0,363.6,356.0,359.20000000000005,12000,-1.0,-1.0,-1.0
2018/12/28,356.40000000000003,359.6,356.40000000000003,359.6,2500,-1.0,-1.0,-1.0
2019/01/04,359.6,359.6,354.8,355.0,3000,-1.0,-1.0,-1.0
2019/01/07,359.0,362.8,352.6,358.20000000000005,4500,-1.0,-1.0,-1.0
2019/01/08,358.20000000000005,361.0,358.0,358.0,4500,-1.0,-1.0,-1.0
2019/01/10,359.0,359.0,356.40000000000003,356.40000000000003,4500,-1.0,-1.0,-1.0
2019/01/11,356.6,362.8,356.6,356.8,7000,-1.0,-1.0,-1.0
2019/01/15,356.40000000000003,357.20000000000005,354.40000000000003,356.0,7500,-1.0,-1.0,-1.0
2019/01/16,356.0,356.0,351.20000000000005,353.0,13000,-1.0,-1.0,-1.0
2019/01/17,349.20000000000005,356.6,349.0,350.0,30000,-1.0,-1.0,-1.0
2019/01/18,349.8,363.8,348.40000000000003,363.8,8500,-1.0,-1.0,-1.0
2019/01/21,362.0,363.0,356.20000000000005,356.20000000000005,6500,-1.0,-1.0,-1.0
2019/01/22,356.20000000000005,359.8,356.20000000000005,359.8,1000,-1.0,-1.0,-1.0
2019/01/23,356.0,357.40000000000003,356.0,356.8,29500,-1.0,-1.0,-1.0
2019/01/24,360.0,362.6,357.20000000000005,362.6,2000,-1.0,-1.0,-1.0
2019/01/25,358.40000000000003,362.0,356.6,362.0,11000,-1.0,-1.0,-1.0
2019/01/28,360.40000000000003,362.0,354.40000000000003,362.0,6000,-1.0,-1.0,-1.0
2019/01/29,359.0,361.0,354.8,361.0,5500,-1.0,-1.0,-1.0
2019/01/30,362.0,364.0,359.40000000000003,359.40000000000003,8000,-1.0,-1.0,-1.0
2019/01/31,359.8,362.0,359.8,360.0,7500,-1.0,-1.0,-1.0
2019/02/01,360.40000000000003,364.0,360.0,364.0,6500,-1.0,-1.0,-1.0
2019/02/04,358.40000000000003,362.20000000000005,358.0,362.0,7000,-1.0,-1.0,-1.0
2019/02/05,363.6,364.0,363.6,364.0,1500,-1.0,-1.0,-1.0
2019/02/06,364.0,376.20000000000005,364.0,371.20000000000005,25500,-1.0,-1.0,-1.0
2019/02/07,371.20000000000005,378.40000000000003,371.0,378.40000000000003,10000,-1.0,-1.0,-1.0
2019/02/08,370.40000000000003,379.0,370.40000000000003,372.0,17000,-1.0,-1.0,-1.0
2019/02/12,389.8,409.0,388.0,408.0,138000,-1.0,-1.0,-1.0
2019/02/13,418.0,430.0,418.0,429.6,125000,-1.0,-1.0,-1.0
2019/02/14,437.0,439.0,424.8,439.0,117000,-1.0,-1.0,-1.0
2019/02/15,429.0,437.0,426.0,431.0,65500,-1.0,-1.0,-1.0
2019/02/18,436.0,457.6,435.0,440.40000000000003,97000,-1.0,-1.0,-1.0
2019/02/19,434.6,436.20000000000005,429.0,433.0,56500,-1.0,-1.0,-1.0
2019/02/20,430.0,436.40000000000003,427.20000000000005,434.40000000000003,72000,-1.0,-1.0,-1.0
2019/02/21,430.0,438.8,430.0,432.6,31500,-1.0,-1.0,-1.0
2019/02/22,433.8,439.0,430.40000000000003,432.40000000000003,26000,-1.0,-1.0,-1.0
2019/02/25,432.40000000000003,432.40000000000003,422.20000000000005,426.0,19500,-1.0,-1.0,-1.0
2019/02/26,426.20000000000005,432.20000000000005,412.8,429.8,54000,-1.0,-1.0,-1.0
2019/02/27,427.40000000000003,450.0,425.40000000000003,450.0,74500,-1.0,-1.0,-1.0
2019/02/28,448.0,454.0,428.0,443.8,59500,-1.0,-1.0,-1.0
2019/03/01,447.20000000000005,463.8,446.0,456.40000000000003,86500,-1.0,-1.0,-1.0
2019/03/04,462.0,484.0,462.0,483.8,163500,-1.0,-1.0,-1.0
2019/03/05,474.0,491.0,474.0,484.8,128500,-1.0,-1.0,-1.0
2019/03/06,488.8,496.0,469.0,489.8,110000,-1.0,-1.0,-1.0
2019/03/07,489.8,489.8,476.0,483.40000000000003,56000,-1.0,-1.0,-1.0
2019/03/08,464.6,478.8,458.40000000000003,462.0,63000,-1.0,-1.0,-1.0
2019/03/11,472.0,475.6,463.20000000000005,469.40000000000003,28000,-1.0,-1.0,-1.0
2019/03/12,470.20000000000005,477.40000000000003,450.0,462.8,28000,-1.0,-1.0,-1.0
2019/03/13,458.20000000000005,470.0,454.8,466.6,48500,-1.0,-1.0,-1.0
2019/03/14,467.0,470.0,459.40000000000003,464.20000000000005,24000,-1.0,-1.0,-1.0
2019/03/15,466.0,492.6,466.0,487.8,160500,-1.0,-1.0,-1.0
2019/03/18,521.0,550.0,520.0,538.6,438500,-1.0,-1.0,-1.0
2019/03/19,540.0,547.2,520.6,539.4,339000,-1.0,-1.0,-1.0
2019/03/20,541.2,544.0,530.6,533.8000000000001,95000,-1.0,-1.0,-1.0
2019/03/22,530.0,537.8000000000001,503.6,504.0,118500,-1.0,-1.0,-1.0
2019/03/25,489.20000000000005,520.0,486.40000000000003,506.0,102500,-1.0,-1.0,-1.0
2019/03/26,500.0,517.6,499.40000000000003,499.8,71500,-1.0,-1.0,-1.0
2019/03/27,503.8,520.0,495.20000000000005,512.4,68500,-1.0,-1.0,-1.0
2019/03/28,512.4,533.6,507.40000000000003,533.6,100000,-1.0,-1.0,-1.0
2019/03/29,540.0,556.0,537.6,552.6,142500,-1.0,-1.0,-1.0
2019/04/01,557.0,587.0,557.0,572.8000000000001,142500,-1.0,-1.0,-1.0
2019/04/02,572.8000000000001,578.4,540.6,541.2,121000,-1.0,-1.0,-1.0
2019/04/03,531.2,545.4,520.8000000000001,542.4,115500,-1.0,-1.0,-1.0
2019/04/04,542.0,545.0,531.0,538.8000000000001,91500,-1.0,-1.0,-1.0
2019/04/05,545.6,550.0,530.8000000000001,542.4,104500,-1.0,-1.0,-1.0
2019/04/08,549.8000000000001,549.8000000000001,524.0,529.0,106000,-1.0,-1.0,-1.0
2019/04/09,529.0,535.0,514.6,524.0,182500,-1.0,-1.0,-1.0
2019/04/10,516.0,529.6,513.6,524.2,81500,-1.0,-1.0,-1.0
2019/04/11,527.0,527.4,514.0,521.0,122000,-1.0,-1.0,-1.0
2019/04/12,521.4,521.4,487.8,508.0,170000,-1.0,-1.0,-1.0
2019/04/15,512.0,525.6,504.0,525.6,64000,-1.0,-1.0,-1.0
2019/04/16,545.6,549.0,510.8,535.6,183000,-1.0,-1.0,-1.0
2019/04/17,533.0,544.4,527.4,544.0,115500,-1.0,-1.0,-1.0
2019/04/18,545.8000000000001,545.8000000000001,539.4,543.2,58500,-1.0,-1.0,-1.0
2019/04/19,534.0,542.2,532.0,542.0,86500,-1.0,-1.0,-1.0
2019/04/22,540.4,549.0,540.4,545.8000000000001,54500,-1.0,-1.0,-1.0
2019/04/23,548.0,548.0,528.0,530.0,85000,-1.0,-1.0,-1.0
2019/04/24,530.0,530.4,526.0,527.2,30500,-1.0,-1.0,-1.0
2019/04/25,527.0,531.8000000000001,524.0,526.4,32500,-1.0,-1.0,-1.0
2019/04/26,524.4,525.4,507.0,510.8,73500,-1.0,-1.0,-1.0
2019/05/07,502.20000000000005,512.8000000000001,502.20000000000005,506.0,59000,-1.0,-1.0,-1.0
2019/05/08,500.0,500.0,486.0,495.20000000000005,79000,-1.0,-1.0,-1.0
2019/05/09,495.20000000000005,502.40000000000003,488.40000000000003,490.40000000000003,28000,-1.0,-1.0,-1.0
2019/05/10,489.8,500.0,473.40000000000003,484.20000000000005,115500,-1.0,-1.0,-1.0
2019/05/13,517.6,570.0,502.40000000000003,540.8000000000001,219500,-1.0,-1.0,-1.0
2019/05/14,517.0,558.0,500.20000000000005,554.0,220500,-1.0,-1.0,-1.0
2019/05/15,553.0,553.0,539.2,546.4,79500,-1.0,-1.0,-1.0
2019/05/16,549.4,549.4,520.0,530.4,60000,-1.0,-1.0,-1.0
2019/05/17,530.4,543.6,530.0,542.8000000000001,44500,-1.0,-1.0,-1.0
2019/05/20,542.8000000000001,546.0,519.0,520.2,32500,-1.0,-1.0,-1.0
2019/05/21,516.4,522.2,513.4,518.4,31000,-1.0,-1.0,-1.0
2019/05/22,528.4,530.0,503.0,514.0,49000,-1.0,-1.0,-1.0
2019/05/23,507.6,507.6,470.6,488.20000000000005,176000,-1.0,-1.0,-1.0
2019/05/24,468.20000000000005,484.20000000000005,444.8,456.8,288500,-1.0,-1.0,-1.0
2019/05/27,466.8,476.8,432.40000000000003,434.20000000000005,248500,-1.0,-1.0,-1.0
2019/05/28,437.6,445.40000000000003,434.0,438.0,134000,-1.0,-1.0,-1.0
2019/05/29,437.8,454.8,425.20000000000005,450.6,135500,-1.0,-1.0,-1.0
2019/05/30,446.6,453.6,436.8,452.0,127000,-1.0,-1.0,-1.0
2019/05/31,454.20000000000005,477.8,450.40000000000003,458.8,161000,-1.0,-1.0,-1.0
2019/06/03,451.40000000000003,457.6,433.6,441.8,94500,-1.0,-1.0,-1.0
2019/06/04,441.8,456.8,441.20000000000005,451.6,63000,-1.0,-1.0,-1.0
2019/06/05,461.6,479.40000000000003,456.0,473.6,104500,-1.0,-1.0,-1.0
2019/06/06,474.0,477.0,462.0,464.6,26500,-1.0,-1.0,-1.0
2019/06/07,474.6,484.8,463.6,480.8,50000,-1.0,-1.0,-1.0
2019/06/10,483.20000000000005,484.8,475.8,475.8,27500,-1.0,-1.0,-1.0
2019/06/11,475.8,494.40000000000003,475.6,489.6,33500,-1.0,-1.0,-1.0
2019/06/12,489.8,489.8,475.6,480.6,20000,-1.0,-1.0,-1.0
2019/06/13,480.40000000000003,480.40000000000003,461.8,472.8,40500,-1.0,-1.0,-1.0
2019/06/14,482.8,482.8,471.6,476.0,10000,-1.0,-1.0,-1.0
2019/06/17,485.8,485.8,471.6,476.40000000000003,22000,-1.0,-1.0,-1.0
2019/06/18,478.0,503.8,477.8,495.0,121000,-1.0,-1.0,-1.0
2019/06/19,497.20000000000005,514.0,496.6,511.6,88000,-1.0,-1.0,-1.0
2019/06/20,511.6,518.2,498.8,513.2,79500,-1.0,-1.0,-1.0
2019/06/21,520.0,526.0,506.0,514.6,97000,-1.0,-1.0,-1.0
2019/06/24,520.0,520.0,509.0,513.8000000000001,25500,-1.0,-1.0,-1.0
2019/06/25,518.6,518.6,499.20000000000005,510.6,81500,-1.0,-1.0,-1.0
2019/06/26,509.40000000000003,512.2,500.0,509.0,60000,-1.0,-1.0,-1.0
2019/06/27,512.0,530.0,511.0,530.0,95500,-1.0,-1.0,-1.0
2019/06/28,529.4,556.4,528.0,547.2,209500,-1.0,-1.0,-1.0
2019/07/01,561.8000000000001,587.0,559.6,568.6,221500,-1.0,-1.0,-1.0
2019/07/02,567.8000000000001,585.0,557.8000000000001,577.0,133500,-1.0,-1.0,-1.0
2019/07/03,581.4,581.6,565.0,575.8000000000001,181500,-1.0,-1.0,-1.0
2019/07/04,576.4,580.0,565.0,571.0,150500,-1.0,-1.0,-1.0
2019/07/05,565.0,577.0,565.0,571.6,64000,-1.0,-1.0,-1.0
2019/07/08,577.6,577.6,565.0,574.4,69000,-1.0,-1.0,-1.0
2019/07/09,582.0,593.4,567.0,580.2,247000,-1.0,-1.0,-1.0
2019/07/10,670.0,670.0,586.2,590.0,1895000,-1.0,-1.0,-1.0
2019/07/11,586.0,588.6,568.8000000000001,568.8000000000001,487500,-1.0,-1.0,-1.0
2019/07/12,569.6,572.6,552.0,563.4,339000,-1.0,-1.0,-1.0
2019/07/16,563.4,574.0,552.6,558.2,160500,-1.0,-1.0,-1.0
2019/07/17,559.0,572.6,552.6,570.4,135500,-1.0,-1.0,-1.0
2019/07/18,570.0,577.6,564.2,570.4,138000,-1.0,-1.0,-1.0
2019/07/19,570.4,599.2,564.2,599.0,268000,-1.0,-1.0,-1.0
2019/07/22,602.0,616.0,597.0,610.0,217500,-1.0,-1.0,-1.0
2019/07/23,613.0,627.0,610.0,617.0,225000,-1.0,-1.0,-1.0
2019/07/24,628.0,629.0,596.2,612.0,255500,-1.0,-1.0,-1.0
2019/07/25,612.0,630.0,601.0,615.0,263000,-1.0,-1.0,-1.0
2019/07/26,616.0,616.0,605.0,611.0,55000,-1.0,-1.0,-1.0
2019/07/29,611.0,614.0,602.0,604.0,58000,-1.0,-1.0,-1.0
2019/07/30,606.0,606.0,590.0,593.4,100000,-1.0,-1.0,-1.0
2019/07/31,593.6,602.0,585.0,597.4,126500,-1.0,-1.0,-1.0
2019/08/01,598.2,607.0,590.4,599.0,88000,-1.0,-1.0,-1.0
2019/08/02,585.0,590.0,578.4,582.2,209500,-1.0,-1.0,-1.0
2019/08/05,578.0,578.0,554.2,558.4,232500,-1.0,-1.0,-1.0
2019/08/06,541.6,571.8000000000001,533.6,564.6,126000,-1.0,-1.0,-1.0
2019/08/07,568.0,573.6,561.2,568.2,118500,-1.0,-1.0,-1.0
2019/08/08,570.0,577.4,566.6,568.2,64500,-1.0,-1.0,-1.0
2019/08/09,577.6,580.8000000000001,563.4,564.6,168000,-1.0,-1.0,-1.0
2019/08/13,594.6,612.0,587.6,612.0,426000,-1.0,-1.0,-1.0
2019/08/14,611.0,621.0,606.0,618.0,160000,-1.0,-1.0,-1.0
2019/08/15,595.8000000000001,605.0,595.4,602.0,185500,-1.0,-1.0,-1.0
2019/08/16,598.6,608.0,596.0,601.0,73000,-1.0,-1.0,-1.0
2019/08/19,604.0,608.0,590.6,600.0,122000,-1.0,-1.0,-1.0
2019/08/20,601.0,602.0,580.4,589.8000000000001,200000,-1.0,-1.0,-1.0
2019/08/21,586.8000000000001,592.8000000000001,582.0,582.4,71000,-1.0,-1.0,-1.0
2019/08/22,591.6,591.6,572.2,572.2,124000,-1.0,-1.0,-1.0
2019/08/23,570.6,570.6,544.2,558.0,262000,-1.0,-1.0,-1.0
2019/08/26,538.0,541.0,526.0,530.2,228500,-1.0,-1.0,-1.0
2019/08/27,544.4,546.2,524.6,527.0,226000,-1.0,-1.0,-1.0
2019/08/28,526.8000000000001,526.8000000000001,496.8,497.0,405500,-1.0,-1.0,-1.0
2019/08/29,494.0,495.40000000000003,484.8,495.40000000000003,295500,-1.0,-1.0,-1.0
2019/08/30,503.0,528.2,500.0,521.4,192500,-1.0,-1.0,-1.0
2019/09/02,533.0,541.6,521.6,528.2,216500,-1.0,-1.0,-1.0
2019/09/03,529.8000000000001,537.0,529.8000000000001,537.0,91500,-1.0,-1.0,-1.0
2019/09/04,533.2,555.6,528.2,553.2,226500,-1.0,-1.0,-1.0
2019/09/05,552.2,560.8000000000001,544.6,557.6,194500,-1.0,-1.0,-1.0
2019/09/06,561.6,563.8000000000001,550.8000000000001,561.4,151500,-1.0,-1.0,-1.0
2019/09/09,560.6,567.6,556.0,565.6,84000,-1.0,-1.0,-1.0
2019/09/10,565.6,568.4,556.0,560.4,150000,-1.0,-1.0,-1.0
2019/09/11,560.4,561.2,543.2,544.2,137000,-1.0,-1.0,-1.0
2019/09/12,552.2,557.4,539.0,550.6,135000,-1.0,-1.0,-1.0
2019/09/13,547.2,563.4,541.2,561.2,86000,-1.0,-1.0,-1.0
2019/09/17,556.8000000000001,571.8000000000001,556.8000000000001,569.8000000000001,103000,-1.0,-1.0,-1.0
2019/09/18,565.6,565.6,545.6,548.4,199000,-1.0,-1.0,-1.0
2019/09/19,553.6,562.0,552.0,555.6,88500,-1.0,-1.0,-1.0
2019/09/20,554.6,558.0,545.4,547.0,216500,-1.0,-1.0,-1.0
2019/09/24,549.2,557.0,539.6,555.6,149000,-1.0,-1.0,-1.0
2019/09/25,548.2,575.0,544.8000000000001,564.2,275000,-1.0,-1.0,-1.0
2019/09/26,568.0,568.0,556.4,561.2,117000,-1.0,-1.0,-1.0
2019/09/27,565.8000000000001,565.8000000000001,550.0,557.0,109000,-1.0,-1.0,-1.0
2019/09/30,550.0,553.2,538.8000000000001,539.2,119500,-1.0,-1.0,-1.0
2019/10/01,547.4,551.0,540.4,551.0,78000,-1.0,-1.0,-1.0
2019/10/02,541.0,553.0,540.0,549.2,62500,-1.0,-1.0,-1.0
2019/10/03,541.6,553.2,536.6,550.0,72500,-1.0,-1.0,-1.0
2019/10/04,556.4,556.6,547.2,555.2,48500,-1.0,-1.0,-1.0
2019/10/07,560.6,560.6,544.4,553.8000000000001,46500,-1.0,-1.0,-1.0
2019/10/08,561.2,591.4,557.4,588.0,334000,-1.0,-1.0,-1.0
2019/10/09,580.0,605.0,579.8000000000001,598.4,333000,-1.0,-1.0,-1.0
2019/10/10,599.6,609.0,589.2,601.0,193000,-1.0,-1.0,-1.0
2019/10/11,602.0,605.0,590.6,591.6,124500,-1.0,-1.0,-1.0
2019/10/15,593.2,626.0,593.2,619.0,365000,-1.0,-1.0,-1.0
2019/10/16,630.0,638.0,617.0,623.0,194500,-1.0,-1.0,-1.0
2019/10/17,636.0,664.0,631.0,649.0,433000,-1.0,-1.0,-1.0
2019/10/18,653.0,690.0,647.0,688.0,528000,-1.0,-1.0,-1.0
2019/10/21,690.0,737.0,690.0,717.0,748500,-1.0,-1.0,-1.0
2019/10/23,723.0,778.0,722.0,774.0,670500,-1.0,-1.0,-1.0
2019/10/24,769.0,784.0,750.0,765.0,659500,-1.0,-1.0,-1.0
2019/10/25,765.0,773.0,712.0,719.0,835000,-1.0,-1.0,-1.0
2019/10/28,705.0,711.0,674.0,699.0,797000,-1.0,-1.0,-1.0
2019/10/29,713.0,715.0,681.0,685.0,317500,-1.0,-1.0,-1.0
2019/10/30,684.0,720.0,683.0,711.0,274500,-1.0,-1.0,-1.0
2019/10/31,719.0,728.0,690.0,699.0,199000,-1.0,-1.0,-1.0
2019/11/01,685.0,709.0,681.0,707.0,193500,-1.0,-1.0,-1.0
2019/11/05,735.0,747.0,720.0,726.0,332500,-1.0,-1.0,-1.0
2019/11/06,726.0,743.0,721.0,740.0,309000,-1.0,-1.0,-1.0
2019/11/07,736.0,754.0,731.0,747.0,217500,-1.0,-1.0,-1.0
2019/11/08,759.0,759.0,736.0,746.0,411000,-1.0,-1.0,-1.0
2019/11/11,660.0,690.0,630.0,664.0,1338000,-1.0,-1.0,-1.0
2019/11/12,675.0,685.0,650.0,654.0,878500,-1.0,-1.0,-1.0
2019/11/13,652.0,665.0,635.0,640.0,482000,-1.0,-1.0,-1.0
2019/11/14,648.0,648.0,634.0,638.0,306500,-1.0,-1.0,-1.0
2019/11/15,635.0,637.0,615.0,629.0,410500,-1.0,-1.0,-1.0
2019/11/18,638.0,684.0,632.0,671.0,575500,-1.0,-1.0,-1.0
2019/11/19,672.0,676.0,653.0,656.0,322000,-1.0,-1.0,-1.0
2019/11/20,661.0,679.0,657.0,678.0,346500,-1.0,-1.0,-1.0
2019/11/21,676.0,676.0,649.0,665.0,231500,-1.0,-1.0,-1.0
2019/11/22,665.0,677.0,659.0,670.0,171000,-1.0,-1.0,-1.0
2019/11/25,680.0,684.0,667.0,669.0,195000,-1.0,-1.0,-1.0
2019/11/26,677.0,684.0,670.0,670.0,227000,-1.0,-1.0,-1.0
2019/11/27,671.0,678.0,654.0,671.0,228500,-1.0,-1.0,-1.0
2019/11/28,671.0,681.0,661.0,680.0,223000,-1.0,-1.0,-1.0
2019/11/29,686.0,716.0,683.0,707.0,405500,-1.0,-1.0,-1.0
2019/12/02,724.0,747.0,704.0,745.0,565500,-1.0,-1.0,-1.0
2019/12/03,730.0,776.0,724.0,770.0,647500,-1.0,-1.0,-1.0
2019/12/04,756.0,769.0,753.0,756.0,378000,-1.0,-1.0,-1.0
2019/12/05,768.0,768.0,709.0,717.0,716500,-1.0,-1.0,-1.0
2019/12/06,710.0,728.0,697.0,703.0,382500,-1.0,-1.0,-1.0
2019/12/09,716.0,716.0,685.0,706.0,294500,-1.0,-1.0,-1.0
2019/12/10,708.0,714.0,697.0,710.0,165000,-1.0,-1.0,-1.0
2019/12/11,719.0,720.0,706.0,712.0,126500,-1.0,-1.0,-1.0
2019/12/12,715.0,715.0,690.0,691.0,249000,-1.0,-1.0,-1.0
2019/12/13,699.0,702.0,673.0,680.0,430500,-1.0,-1.0,-1.0
2019/12/16,666.0,681.0,666.0,666.0,209000,-1.0,-1.0,-1.0
2019/12/17,668.0,696.0,668.0,687.0,255000,-1.0,-1.0,-1.0
2019/12/18,695.0,695.0,669.0,682.0,161000,-1.0,-1.0,-1.0
2019/12/19,680.0,691.0,668.0,670.0,165500,-1.0,-1.0,-1.0
2019/12/20,674.0,680.0,666.0,675.0,120000,-1.0,-1.0,-1.0
2019/12/23,682.0,682.0,656.0,660.0,123000,-1.0,-1.0,-1.0
2019/12/24,655.0,659.0,644.0,656.0,276500,-1.0,-1.0,-1.0
2019/12/25,656.0,670.0,656.0,665.0,111500,-1.0,-1.0,-1.0
2019/12/26,673.0,710.0,673.0,698.0,447000,-1.0,-1.0,-1.0
2019/12/27,704.0,706.0,685.0,698.0,165000,-1.0,-1.0,-1.0
2019/12/30,696.0,696.0,674.0,678.0,187000,-1.0,-1.0,-1.0
2020/01/06,656.0,665.0,638.0,652.0,431000,-1.0,-1.0,-1.0
2020/01/07,654.0,679.0,651.0,677.0,263500,-1.0,-1.0,-1.0
2020/01/08,672.0,672.0,643.0,655.0,348000,-1.0,-1.0,-1.0
2020/01/09,672.0,680.0,662.0,665.0,110500,-1.0,-1.0,-1.0
2020/01/10,656.0,664.0,655.0,656.0,202000,-1.0,-1.0,-1.0
2020/01/14,659.0,675.0,658.0,675.0,228500,-1.0,-1.0,-1.0
2020/01/15,675.0,676.0,661.0,665.0,165500,-1.0,-1.0,-1.0
2020/01/16,666.0,666.0,656.0,661.0,131000,-1.0,-1.0,-1.0
2020/01/17,664.0,666.0,655.0,661.0,119500,-1.0,-1.0,-1.0
2020/01/20,661.0,673.0,661.0,663.0,96000,-1.0,-1.0,-1.0
2020/01/21,664.0,666.0,654.0,661.0,139500,-1.0,-1.0,-1.0
2020/01/22,661.0,671.0,659.0,669.0,103500,-1.0,-1.0,-1.0
2020/01/23,669.0,688.0,659.0,674.0,328500,-1.0,-1.0,-1.0
2020/01/24,669.0,673.0,660.0,662.0,148000,-1.0,-1.0,-1.0
2020/01/27,642.0,649.0,633.0,636.0,285000,-1.0,-1.0,-1.0
2020/01/28,630.0,638.0,625.0,638.0,207500,-1.0,-1.0,-1.0
2020/01/29,640.0,642.0,620.0,620.0,254500,-1.0,-1.0,-1.0
2020/01/30,614.0,615.0,563.6,577.6,810500,-1.0,-1.0,-1.0
2020/01/31,580.4,592.0,573.4,591.2,225500,-1.0,-1.0,-1.0
2020/02/03,562.0,582.2,562.0,575.0,214000,-1.0,-1.0,-1.0
2020/02/04,582.4,598.8000000000001,577.8000000000001,594.2,161000,-1.0,-1.0,-1.0
2020/02/05,608.0,608.0,594.2,601.0,177000,-1.0,-1.0,-1.0
2020/02/06,607.0,611.0,602.0,606.0,178000,-1.0,-1.0,-1.0
2020/02/07,607.0,609.0,597.2,603.0,204500,-1.0,-1.0,-1.0
2020/02/10,564.0,575.6,540.0,544.2,964000,-1.0,-1.0,-1.0
2020/02/12,549.6,553.4,541.0,549.0,312500,-1.0,-1.0,-1.0
2020/02/13,552.2,572.2,546.0,568.4,251500,-1.0,-1.0,-1.0
2020/02/14,568.4,568.4,548.8000000000001,550.8000000000001,233500,-1.0,-1.0,-1.0
2020/02/17,539.6,540.0,525.2,529.0,203500,-1.0,-1.0,-1.0
2020/02/18,526.0,526.0,502.8,512.2,292500,-1.0,-1.0,-1.0
2020/02/19,520.2,536.6,515.4,531.2,148000,-1.0,-1.0,-1.0
2020/02/20,549.6,550.4,522.2,522.6,138000,-1.0,-1.0,-1.0
2020/02/21,519.8000000000001,530.8000000000001,516.6,524.2,96500,-1.0,-1.0,-1.0
2020/02/25,484.20000000000005,503.0,480.0,496.8,199000,-1.0,-1.0,-1.0
2020/02/26,484.0,492.0,469.8,481.20000000000005,255500,-1.0,-1.0,-1.0
2020/02/27,483.20000000000005,484.0,460.0,465.6,312000,-1.0,-1.0,-1.0
2020/02/28,430.0,453.6,428.6,433.40000000000003,379500,-1.0,-1.0,-1.0
2020/03/02,431.0,485.6,423.8,467.0,296000,-1.0,-1.0,-1.0
2020/03/03,487.20000000000005,488.6,454.0,460.0,244000,-1.0,-1.0,-1.0
2020/03/04,444.6,477.6,444.6,464.0,135000,-1.0,-1.0,-1.0
2020/03/05,493.6,493.6,466.6,470.8,238500,-1.0,-1.0,-1.0
2020/03/06,462.6,463.8,444.20000000000005,450.8,269500,-1.0,-1.0,-1.0
2020/03/09,430.0,430.0,393.20000000000005,396.8,458500,-1.0,-1.0,-1.0
2020/03/10,384.8,428.8,360.0,421.6,399000,-1.0,-1.0,-1.0
2020/03/11,419.8,432.8,394.8,396.8,392500,-1.0,-1.0,-1.0
2020/03/12,380.0,399.40000000000003,360.40000000000003,362.0,438000,-1.0,-1.0,-1.0
2020/03/13,322.0,336.8,303.40000000000003,326.0,564000,-1.0,-1.0,-1.0
2020/03/16,342.0,345.8,318.6,322.20000000000005,436500,-1.0,-1.0,-1.0
2020/03/17,314.0,354.0,314.0,352.0,320500,-1.0,-1.0,-1.0
2020/03/18,376.0,387.40000000000003,353.20000000000005,373.6,319500,-1.0,-1.0,-1.0
2020/03/19,373.6,380.0,342.8,349.8,272000,-1.0,-1.0,-1.0
2020/03/23,345.20000000000005,350.40000000000003,334.0,347.0,283500,-1.0,-1.0,-1.0
2020/03/24,363.0,381.6,359.20000000000005,370.20000000000005,206500,-1.0,-1.0,-1.0
2020/03/25,412.20000000000005,412.20000000000005,394.8,401.0,223500,-1.0,-1.0,-1.0
2020/03/26,383.20000000000005,407.20000000000005,379.20000000000005,400.0,216500,-1.0,-1.0,-1.0
2020/03/27,405.6,413.0,390.0,393.40000000000003,334000,-1.0,-1.0,-1.0
2020/03/30,361.40000000000003,390.0,361.40000000000003,385.20000000000005,188000,-1.0,-1.0,-1.0
2020/03/31,395.40000000000003,399.0,378.8,386.0,276500,-1.0,-1.0,-1.0
2020/04/01,380.20000000000005,393.6,368.0,376.8,149000,-1.0,-1.0,-1.0
2020/04/02,368.8,375.0,362.20000000000005,367.40000000000003,140000,-1.0,-1.0,-1.0
2020/04/03,379.0,379.0,350.8,357.8,94500,-1.0,-1.0,-1.0
2020/04/06,349.8,391.40000000000003,349.8,390.0,189500,-1.0,-1.0,-1.0
2020/04/07,409.8,424.8,393.6,400.6,251000,-1.0,-1.0,-1.0
2020/04/08,398.20000000000005,422.40000000000003,391.8,413.0,144500,-1.0,-1.0,-1.0
2020/04/09,417.20000000000005,427.0,404.0,412.8,217500,-1.0,-1.0,-1.0
2020/04/10,411.6,411.6,396.40000000000003,403.0,100000,-1.0,-1.0,-1.0
2020/04/13,398.40000000000003,398.8,385.8,394.40000000000003,97500,-1.0,-1.0,-1.0
2020/04/14,396.20000000000005,423.6,392.40000000000003,420.0,153000,-1.0,-1.0,-1.0
2020/04/15,427.8,427.8,411.0,413.40000000000003,125500,-1.0,-1.0,-1.0
2020/04/16,403.40000000000003,411.6,401.40000000000003,409.20000000000005,72500,-1.0,-1.0,-1.0
2020/04/17,412.6,441.20000000000005,412.6,441.20000000000005,221000,-1.0,-1.0,-1.0
2020/04/20,440.0,469.8,437.6,458.8,263500,-1.0,-1.0,-1.0
2020/04/21,460.0,462.20000000000005,425.40000000000003,427.8,266500,-1.0,-1.0,-1.0
2020/04/22,420.0,437.0,417.0,427.40000000000003,127000,-1.0,-1.0,-1.0
2020/04/23,427.8,444.8,427.8,436.6,53000,-1.0,-1.0,-1.0
2020/04/24,443.40000000000003,443.40000000000003,429.0,433.0,76000,-1.0,-1.0,-1.0
2020/04/27,438.8,452.8,437.20000000000005,447.8,116500,-1.0,-1.0,-1.0
2020/04/28,459.20000000000005,459.40000000000003,442.8,446.8,60500,-1.0,-1.0,-1.0
2020/04/30,458.0,459.6,450.40000000000003,451.40000000000003,119500,-1.0,-1.0,-1.0
2020/05/01,451.40000000000003,451.40000000000003,432.20000000000005,438.6,139000,-1.0,-1.0,-1.0
2020/05/07,435.40000000000003,455.8,434.0,452.6,63000,-1.0,-1.0,-1.0
2020/05/08,452.6,458.40000000000003,446.0,457.8,104500,-1.0,-1.0,-1.0
2020/05/11,462.0,481.40000000000003,460.40000000000003,480.40000000000003,184500,-1.0,-1.0,-1.0
2020/05/12,484.8,488.40000000000003,478.40000000000003,480.20000000000005,165500,-1.0,-1.0,-1.0
2020/05/13,459.40000000000003,480.0,450.20000000000005,471.8,168000,-1.0,-1.0,-1.0
2020/05/14,471.8,471.8,440.0,441.20000000000005,185500,-1.0,-1.0,-1.0
2020/05/15,440.6,446.0,414.0,430.0,166500,-1.0,-1.0,-1.0
2020/05/18,432.0,446.0,432.0,445.0,91500,-1.0,-1.0,-1.0
2020/05/19,455.0,468.0,441.40000000000003,460.0,148000,-1.0,-1.0,-1.0
2020/05/20,468.20000000000005,468.20000000000005,457.20000000000005,463.6,59500,-1.0,-1.0,-1.0
2020/05/21,472.8,472.8,459.40000000000003,459.40000000000003,74500,-1.0,-1.0,-1.0
2020/05/22,470.0,470.0,452.0,465.8,69500,-1.0,-1.0,-1.0
2020/05/25,473.6,491.8,470.0,490.0,175500,-1.0,-1.0,-1.0
2020/05/26,502.20000000000005,510.0,494.8,503.40000000000003,158500,-1.0,-1.0,-1.0
2020/05/27,518.8000000000001,518.8000000000001,504.8,515.6,113000,-1.0,-1.0,-1.0
2020/05/28,519.4,544.0,515.2,534.8000000000001,313500,-1.0,-1.0,-1.0
2020/05/29,526.2,528.6,511.40000000000003,515.2,103000,-1.0,-1.0,-1.0
2020/06/01,501.0,515.8000000000001,501.0,501.0,96500,-1.0,-1.0,-1.0
2020/06/02,500.40000000000003,506.40000000000003,500.40000000000003,500.40000000000003,55000,-1.0,-1.0,-1.0
2020/06/03,502.0,507.6,489.8,490.6,104500,-1.0,-1.0,-1.0
2020/06/04,490.6,495.40000000000003,482.40000000000003,490.6,65000,-1.0,-1.0,-1.0
2020/06/05,486.8,508.0,486.8,507.8,78500,-1.0,-1.0,-1.0
2020/06/08,519.4,519.4,509.6,517.0,80000,-1.0,-1.0,-1.0
2020/06/09,518.0,518.0,498.40000000000003,499.6,75500,-1.0,-1.0,-1.0
2020/06/10,492.20000000000005,502.8,491.20000000000005,500.0,31000,-1.0,-1.0,-1.0
2020/06/11,500.20000000000005,500.8,487.6,488.20000000000005,100000,-1.0,-1.0,-1.0
2020/06/12,472.8,487.0,459.20000000000005,487.0,163500,-1.0,-1.0,-1.0
2020/06/15,487.0,490.0,456.6,456.6,117000,-1.0,-1.0,-1.0
2020/06/16,462.6,476.0,462.6,473.0,112500,-1.0,-1.0,-1.0
2020/06/17,468.0,495.8,460.0,495.8,373500,-1.0,-1.0,-1.0
2020/06/18,500.0,506.0,470.0,477.6,348500,-1.0,-1.0,-1.0
2020/06/19,472.20000000000005,477.40000000000003,466.0,469.40000000000003,196500,-1.0,-1.0,-1.0
2020/06/22,466.20000000000005,472.0,453.40000000000003,469.6,142500,-1.0,-1.0,-1.0
2020/06/23,469.40000000000003,474.0,455.0,462.20000000000005,223500,-1.0,-1.0,-1.0
2020/06/24,457.8,464.6,456.20000000000005,460.6,178500,-1.0,-1.0,-1.0
2020/06/25,454.6,457.20000000000005,440.6,444.0,161000,-1.0,-1.0,-1.0
2020/06/26,450.20000000000005,450.20000000000005,430.20000000000005,432.0,202500,-1.0,-1.0,-1.0
2020/06/29,422.0,424.20000000000005,409.0,415.8,170000,-1.0,-1.0,-1.0
2020/06/30,419.40000000000003,422.6,404.40000000000003,415.8,143000,-1.0,-1.0,-1.0
2020/07/01,412.40000000000003,414.40000000000003,400.0,401.20000000000005,158500,-1.0,-1.0,-1.0
2020/07/02,400.0,401.20000000000005,383.0,383.20000000000005,235000,-1.0,-1.0,-1.0
2020/07/03,383.20000000000005,401.6,380.6,394.40000000000003,108500,-1.0,-1.0,-1.0
2020/07/06,395.0,413.6,395.0,407.0,92500,-1.0,-1.0,-1.0
2020/07/07,407.0,417.20000000000005,398.0,402.20000000000005,79000,-1.0,-1.0,-1.0
2020/07/08,398.20000000000005,408.6,398.0,400.20000000000005,78000,-1.0,-1.0,-1.0
2020/07/09,398.40000000000003,400.20000000000005,388.20000000000005,390.6,91500,-1.0,-1.0,-1.0
2020/07/10,386.0,387.40000000000003,377.20000000000005,378.0,116500,-1.0,-1.0,-1.0
2020/07/13,380.0,390.40000000000003,379.0,388.0,88500,-1.0,-1.0,-1.0
2020/07/14,384.0,386.8,377.6,379.8,82000,-1.0,-1.0,-1.0
2020/07/15,380.6,399.40000000000003,380.6,398.8,105500,-1.0,-1.0,-1.0
2020/07/16,398.8,400.0,389.0,393.40000000000003,65000,-1.0,-1.0,-1.0
2020/07/17,386.20000000000005,390.0,382.40000000000003,385.20000000000005,69000,-1.0,-1.0,-1.0
2020/07/20,382.8,390.20000000000005,380.20000000000005,383.6,96000,-1.0,-1.0,-1.0
2020/07/21,386.0,387.6,383.20000000000005,385.40000000000003,42500,-1.0,-1.0,-1.0
2020/07/22,387.8,409.20000000000005,383.40000000000003,404.40000000000003,157500,-1.0,-1.0,-1.0
2020/07/27,406.20000000000005,408.8,400.40000000000003,405.20000000000005,64000,-1.0,-1.0,-1.0
2020/07/28,407.0,408.0,396.40000000000003,399.0,71000,-1.0,-1.0,-1.0
2020/07/29,406.0,407.0,395.0,398.6,67000,-1.0,-1.0,-1.0
2020/07/30,398.0,398.0,389.0,390.0,47000,-1.0,-1.0,-1.0
2020/07/31,393.40000000000003,398.0,384.0,387.0,100000,-1.0,-1.0,-1.0
2020/08/03,387.0,398.8,377.0,389.8,72000,-1.0,-1.0,-1.0
2020/08/04,399.40000000000003,407.8,398.0,402.0,74000,-1.0,-1.0,-1.0
2020/08/05,406.0,408.40000000000003,403.0,404.20000000000005,33000,-1.0,-1.0,-1.0
2020/08/06,400.6,403.0,390.0,391.0,68500,-1.0,-1.0,-1.0
2020/08/07,391.0,393.0,378.8,379.0,95000,-1.0,-1.0,-1.0
2020/08/11,376.0,376.0,357.6,371.0,183500,-1.0,-1.0,-1.0
2020/08/12,368.0,372.0,365.6,369.6,39000,-1.0,-1.0,-1.0
2020/08/13,371.0,377.20000000000005,370.20000000000005,370.40000000000003,74500,-1.0,-1.0,-1.0
2020/08/14,369.8,380.0,369.20000000000005,376.0,87500,-1.0,-1.0,-1.0
2020/08/17,380.40000000000003,380.40000000000003,372.20000000000005,377.6,57500,-1.0,-1.0,-1.0
2020/08/18,378.0,385.40000000000003,372.6,376.8,104500,-1.0,-1.0,-1.0
2020/08/19,384.8,385.40000000000003,380.40000000000003,384.6,38000,-1.0,-1.0,-1.0
2020/08/20,384.20000000000005,387.20000000000005,382.0,384.0,46500,-1.0,-1.0,-1.0
2020/08/21,384.0,390.20000000000005,384.0,384.0,26000,-1.0,-1.0,-1.0
2020/08/24,386.0,391.40000000000003,386.0,390.40000000000003,35500,-1.0,-1.0,-1.0
2020/08/25,396.40000000000003,397.8,392.20000000000005,393.8,46500,-1.0,-1.0,-1.0
2020/08/26,385.8,393.0,385.0,386.8,28000,-1.0,-1.0,-1.0
2020/08/27,385.8,389.0,384.40000000000003,385.20000000000005,22000,-1.0,-1.0,-1.0
2020/08/28,386.0,389.8,372.8,372.8,97000,-1.0,-1.0,-1.0
2020/08/31,393.0,393.0,383.6,386.8,44500,-1.0,-1.0,-1.0
2020/09/01,386.8,389.8,380.0,385.40000000000003,27500,-1.0,-1.0,-1.0
2020/09/02,381.0,387.8,381.0,381.0,41500,-1.0,-1.0,-1.0
2020/09/03,382.40000000000003,383.0,378.20000000000005,380.8,43000,-1.0,-1.0,-1.0
2020/09/04,370.8,375.40000000000003,362.0,372.6,101500,-1.0,-1.0,-1.0
2020/09/07,364.6,370.20000000000005,362.6,363.20000000000005,71500,-1.0,-1.0,-1.0
2020/09/08,371.20000000000005,379.20000000000005,367.8,378.6,46000,-1.0,-1.0,-1.0
2020/09/09,367.20000000000005,374.8,367.20000000000005,369.20000000000005,37000,-1.0,-1.0,-1.0
2020/09/10,375.0,375.0,371.20000000000005,373.0,12000,-1.0,-1.0,-1.0
2020/09/11,366.0,378.0,366.0,374.8,29000,-1.0,-1.0,-1.0
2020/09/14,371.40000000000003,382.0,370.0,375.0,65500,-1.0,-1.0,-1.0
2020/09/15,372.0,376.0,369.8,374.8,73500,-1.0,-1.0,-1.0
2020/09/16,374.8,380.8,374.8,380.0,34500,-1.0,-1.0,-1.0
2020/09/17,380.0,394.40000000000003,377.8,392.0,81000,-1.0,-1.0,-1.0
2020/09/18,387.20000000000005,402.6,387.20000000000005,394.6,129500,-1.0,-1.0,-1.0
2020/09/23,395.6,399.6,391.0,391.0,32500,-1.0,-1.0,-1.0
2020/09/24,391.0,391.20000000000005,385.40000000000003,386.20000000000005,68500,-1.0,-1.0,-1.0
2020/09/25,382.8,387.0,381.6,384.20000000000005,36500,-1.0,-1.0,-1.0
2020/09/28,385.20000000000005,388.8,378.40000000000003,382.0,29000,-1.0,-1.0,-1.0
2020/09/29,386.40000000000003,393.40000000000003,386.40000000000003,386.40000000000003,41000,-1.0,-1.0,-1.0
2020/09/30,383.0,387.40000000000003,370.40000000000003,375.20000000000005,130500,-1.0,-1.0,-1.0
2020/10/02,377.6,393.0,377.6,379.6,137500,-1.0,-1.0,-1.0
2020/10/05,387.6,389.8,382.20000000000005,387.0,46000,-1.0,-1.0,-1.0
2020/10/06,391.40000000000003,423.40000000000003,383.0,420.0,850000,-1.0,-1.0,-1.0
2020/10/07,416.0,428.0,414.20000000000005,422.8,269500,-1.0,-1.0,-1.0
2020/10/08,422.8,431.8,419.0,423.20000000000005,98500,-1.0,-1.0,-1.0
2020/10/09,427.20000000000005,427.20000000000005,404.0,408.0,197000,-1.0,-1.0,-1.0
2020/10/12,409.8,413.40000000000003,406.0,407.0,44000,-1.0,-1.0,-1.0
2020/10/13,410.0,411.6,402.20000000000005,405.0,48500,-1.0,-1.0,-1.0
2020/10/14,407.40000000000003,407.40000000000003,403.0,404.20000000000005,24500,-1.0,-1.0,-1.0
2020/10/15,404.6,406.20000000000005,393.0,398.20000000000005,97500,-1.0,-1.0,-1.0
2020/10/16,396.0,396.0,386.6,387.0,82500,-1.0,-1.0,-1.0
2020/10/19,391.20000000000005,394.6,386.20000000000005,391.0,86500,-1.0,-1.0,-1.0
2020/10/20,386.20000000000005,397.40000000000003,386.20000000000005,393.40000000000003,27500,-1.0,-1.0,-1.0
2020/10/21,397.40000000000003,406.40000000000003,396.8,405.20000000000005,39000,-1.0,-1.0,-1.0
2020/10/22,402.20000000000005,402.20000000000005,388.40000000000003,392.0,27500,-1.0,-1.0,-1.0
2020/10/23,391.8,401.8,386.6,400.8,49000,-1.0,-1.0,-1.0
2020/10/26,406.40000000000003,406.40000000000003,392.20000000000005,392.20000000000005,36500,-1.0,-1.0,-1.0
2020/10/27,391.6,403.0,388.6,397.0,52500,-1.0,-1.0,-1.0
2020/10/28,395.40000000000003,399.0,394.8,395.0,15000,-1.0,-1.0,-1.0
2020/10/29,387.40000000000003,389.8,382.40000000000003,389.8,49000,-1.0,-1.0,-1.0
2020/10/30,389.8,395.8,379.6,379.6,41500,-1.0,-1.0,-1.0
2020/11/02,371.6,385.20000000000005,371.6,376.20000000000005,32000,-1.0,-1.0,-1.0
2020/11/04,382.20000000000005,386.8,382.20000000000005,385.20000000000005,27500,-1.0,-1.0,-1.0
2020/11/05,387.0,391.0,383.0,383.6,35500,-1.0,-1.0,-1.0
2020/11/06,383.6,384.0,380.20000000000005,382.0,25000,-1.0,-1.0,-1.0
2020/11/09,387.40000000000003,402.20000000000005,387.40000000000003,393.0,83000,-1.0,-1.0,-1.0
2020/11/10,408.0,427.6,403.8,413.20000000000005,261500,-1.0,-1.0,-1.0
2020/11/11,417.8,454.0,409.0,438.40000000000003,359000,-1.0,-1.0,-1.0
2020/11/12,438.40000000000003,455.0,433.20000000000005,453.0,255500,-1.0,-1.0,-1.0
2020/11/13,423.0,462.0,422.0,458.6,272500,-1.0,-1.0,-1.0
2020/11/16,449.6,463.40000000000003,440.0,446.20000000000005,89500,-1.0,-1.0,-1.0
2020/11/17,446.20000000000005,457.20000000000005,438.6,455.0,120500,-1.0,-1.0,-1.0
2020/11/18,450.40000000000003,464.0,440.40000000000003,455.40000000000003,91000,-1.0,-1.0,-1.0
2020/11/19,455.40000000000003,455.40000000000003,440.20000000000005,445.6,49000,-1.0,-1.0,-1.0
2020/11/20,441.0,448.6,430.20000000000005,445.40000000000003,37500,-1.0,-1.0,-1.0
2020/11/24,446.0,451.40000000000003,442.0,442.6,43000,-1.0,-1.0,-1.0
2020/11/25,455.20000000000005,467.20000000000005,451.20000000000005,466.6,225000,-1.0,-1.0,-1.0
2020/11/26,467.20000000000005,484.6,465.6,478.0,202000,-1.0,-1.0,-1.0
2020/11/27,477.0,483.6,469.0,480.8,102000,-1.0,-1.0,-1.0
2020/11/30,489.8,489.8,474.0,489.6,106500,-1.0,-1.0,-1.0
2020/12/01,484.6,498.0,483.6,495.20000000000005,86500,-1.0,-1.0,-1.0
2020/12/02,499.40000000000003,512.0,496.0,508.6,135000,-1.0,-1.0,-1.0
2020/12/03,508.6,511.8,495.6,498.40000000000003,103000,-1.0,-1.0,-1.0
2020/12/04,488.40000000000003,496.8,485.0,493.0,156000,-1.0,-1.0,-1.0
2020/12/07,504.0,518.4,501.8,508.8,280000,-1.0,-1.0,-1.0
2020/12/08,513.8000000000001,534.0,513.8000000000001,534.0,199000,-1.0,-1.0,-1.0
2020/12/09,542.0,551.4,521.8000000000001,527.6,200500,-1.0,-1.0,-1.0
2020/12/10,542.6,550.0,534.0,548.2,144500,-1.0,-1.0,-1.0
2020/12/11,538.2,543.6,526.2,540.0,111500,-1.0,-1.0,-1.0
2020/12/14,549.6,558.8000000000001,540.2,554.6,91000,-1.0,-1.0,-1.0
2020/12/15,555.4,555.4,540.6,546.0,69500,-1.0,-1.0,-1.0
2020/12/16,541.8000000000001,541.8000000000001,532.2,533.0,101500,-1.0,-1.0,-1.0
2020/12/17,521.0,526.0,517.0,520.0,79500,-1.0,-1.0,-1.0
2020/12/18,513.6,526.0,513.4,517.0,33500,-1.0,-1.0,-1.0
2020/12/21,522.0,526.0,518.2,526.0,45500,-1.0,-1.0,-1.0
2020/12/22,520.6,521.8000000000001,498.0,507.8,153500,-1.0,-1.0,-1.0
2020/12/23,502.8,517.4,500.40000000000003,514.0,112500,-1.0,-1.0,-1.0
2020/12/24,511.40000000000003,525.4,510.0,515.6,61000,-1.0,-1.0,-1.0
2020/12/25,520.0,529.0,516.8000000000001,529.0,72500,-1.0,-1.0,-1.0
2020/12/28,539.0,539.0,520.4,527.0,56500,-1.0,-1.0,-1.0
2020/12/29,527.0,532.4,525.0,525.0,20500,-1.0,-1.0,-1.0
2020/12/30,520.4,541.0,520.4,530.8000000000001,65500,-1.0,-1.0,-1.0
2021/01/04,521.6,530.6,514.0,520.4,47500,-1.0,-1.0,-1.0
2021/01/05,520.6,528.4,520.4,520.4,24500,-1.0,-1.0,-1.0
2021/01/06,522.0,526.0,513.0,519.4,22500,-1.0,-1.0,-1.0
2021/01/07,517.6,537.0,517.6,534.4,114500,-1.0,-1.0,-1.0
2021/01/08,538.8000000000001,539.8000000000001,530.6,532.4,44500,-1.0,-1.0,-1.0
2021/01/12,534.8000000000001,534.8000000000001,526.0,531.8000000000001,25500,-1.0,-1.0,-1.0
2021/01/13,535.0,552.0,535.0,547.8000000000001,86000,-1.0,-1.0,-1.0
2021/01/14,552.6,564.0,548.0,559.8000000000001,126500,-1.0,-1.0,-1.0
2021/01/15,567.0,567.0,548.2,559.6,68500,-1.0,-1.0,-1.0
2021/01/18,556.0,563.8000000000001,550.0,556.0,55500,-1.0,-1.0,-1.0
2021/01/19,556.0,557.2,533.8000000000001,539.4,132500,-1.0,-1.0,-1.0
2021/01/20,540.0,555.6,540.0,549.4,15500,-1.0,-1.0,-1.0
2021/01/21,549.4,553.6,540.0,545.6,42000,-1.0,-1.0,-1.0
2021/01/22,545.6,548.2,538.0,542.4,57000,-1.0,-1.0,-1.0
2021/01/25,542.4,546.0,534.2,536.0,77000,-1.0,-1.0,-1.0
2021/01/26,535.6,539.8000000000001,500.0,517.2,98000,-1.0,-1.0,-1.0
2021/01/27,525.0,534.2,517.2,534.2,39000,-1.0,-1.0,-1.0
2021/01/28,530.0,551.0,526.4,544.6,39500,-1.0,-1.0,-1.0
2021/01/29,549.4,549.4,521.0,525.4,36000,-1.0,-1.0,-1.0
2021/02/01,526.6,537.8000000000001,526.0,535.2,16000,-1.0,-1.0,-1.0
2021/02/02,531.2,550.6,531.2,548.2,26500,-1.0,-1.0,-1.0
2021/02/03,553.6,553.6,538.2,543.6,21500,-1.0,-1.0,-1.0
2021/02/04,545.6,545.6,534.0,538.6,5500,-1.0,-1.0,-1.0
2021/02/05,538.6,540.0,525.2,532.0,22500,-1.0,-1.0,-1.0
2021/02/08,527.6,532.6,516.6,522.6,64000,-1.0,-1.0,-1.0
2021/02/09,521.6,531.0,520.0,528.8000000000001,19500,-1.0,-1.0,-1.0
2021/02/10,528.6,538.2,528.6,530.8000000000001,8500,-1.0,-1.0,-1.0
2021/02/12,530.0,540.0,530.0,533.0,21500,-1.0,-1.0,-1.0
2021/02/15,526.6,538.0,525.6,526.0,22500,-1.0,-1.0,-1.0
2021/02/16,526.6,527.6,518.0,518.0,53500,-1.0,-1.0,-1.0
2021/02/17,516.0,520.2,508.20000000000005,513.6,29000,-1.0,-1.0,-1.0
2021/02/18,508.8,514.8000000000001,506.0,511.20000000000005,26500,-1.0,-1.0,-1.0
2021/02/19,503.6,510.0,492.0,502.0,57500,-1.0,-1.0,-1.0
2021/02/22,510.40000000000003,510.40000000000003,486.0,500.0,18500,-1.0,-1.0,-1.0
2021/02/24,500.0,500.0,489.40000000000003,491.0,25000,-1.0,-1.0,-1.0
2021/02/25,487.40000000000003,497.40000000000003,480.0,484.6,40500,-1.0,-1.0,-1.0
2021/02/26,474.6,484.6,469.20000000000005,476.8,63500,-1.0,-1.0,-1.0
2021/03/01,466.8,482.0,466.8,477.6,24000,-1.0,-1.0,-1.0
2021/03/02,483.6,483.6,470.0,476.0,13500,-1.0,-1.0,-1.0
2021/03/03,469.8,481.8,469.0,476.20000000000005,11500,-1.0,-1.0,-1.0
2021/03/04,481.6,481.6,471.8,477.6,11500,-1.0,-1.0,-1.0
2021/03/05,471.6,477.8,470.6,474.8,15500,-1.0,-1.0,-1.0
2021/03/08,474.8,477.8,466.20000000000005,470.6,46000,-1.0,-1.0,-1.0
2021/03/09,465.8,472.0,464.6,470.8,18000,-1.0,-1.0,-1.0
2021/03/10,480.8,480.8,470.40000000000003,476.8,5500,-1.0,-1.0,-1.0
2021/03/11,466.8,476.8,466.8,471.0,4000,-1.0,-1.0,-1.0
2021/03/12,470.8,477.40000000000003,468.0,470.6,24500,-1.0,-1.0,-1.0
2021/03/15,469.20000000000005,477.40000000000003,463.20000000000005,465.0,34000,-1.0,-1.0,-1.0
2021/03/16,467.6,467.6,460.0,463.0,51500,-1.0,-1.0,-1.0
2021/03/17,464.0,475.6,462.0,469.0,33500,-1.0,-1.0,-1.0
2021/03/18,469.0,471.20000000000005,457.0,461.0,114000,-1.0,-1.0,-1.0
2021/03/19,460.0,465.8,460.0,465.8,33000,-1.0,-1.0,-1.0
2021/03/22,465.40000000000003,471.6,463.0,466.8,37500,-1.0,-1.0,-1.0
2021/03/23,466.40000000000003,478.6,466.40000000000003,470.40000000000003,35500,-1.0,-1.0,-1.0
2021/03/24,468.0,477.8,467.20000000000005,467.6,42000,-1.0,-1.0,-1.0
2021/03/25,467.6,470.8,466.8,467.0,7000,-1.0,-1.0,-1.0
2021/03/26,470.0,472.8,465.0,471.6,30500,-1.0,-1.0,-1.0
2021/03/29,478.6,486.40000000000003,472.20000000000005,485.6,74500,-1.0,-1.0,-1.0
2021/03/30,485.6,485.6,474.40000000000003,476.6,12000,-1.0,-1.0,-1.0
2021/03/31,476.0,483.8,474.0,480.0,28500,-1.0,-1.0,-1.0
2021/04/01,480.0,489.0,480.0,488.0,34000,-1.0,-1.0,-1.0
2021/04/02,488.0,496.8,486.20000000000005,496.0,40500,-1.0,-1.0,-1.0
2021/04/05,500.0,505.0,492.6,497.6,24500,-1.0,-1.0,-1.0
2021/04/06,500.20000000000005,500.20000000000005,482.0,482.40000000000003,43500,-1.0,-1.0,-1.0
2021/04/07,480.40000000000003,486.6,480.40000000000003,481.40000000000003,16000,-1.0,-1.0,-1.0
2021/04/08,484.40000000000003,484.40000000000003,478.40000000000003,478.40000000000003,11000,-1.0,-1.0,-1.0
2021/04/09,476.0,484.40000000000003,474.6,474.6,13000,-1.0,-1.0,-1.0
2021/04/12,476.0,478.40000000000003,473.6,473.6,17500,-1.0,-1.0,-1.0
2021/04/13,471.40000000000003,474.0,471.40000000000003,471.6,7000,-1.0,-1.0,-1.0
2021/04/14,470.0,472.20000000000005,466.20000000000005,466.40000000000003,19500,-1.0,-1.0,-1.0
2021/04/15,466.0,466.0,458.20000000000005,463.6,35000,-1.0,-1.0,-1.0
2021/04/16,459.8,465.40000000000003,459.8,465.0,14500,-1.0,-1.0,-1.0
2021/04/19,465.40000000000003,470.0,465.40000000000003,467.20000000000005,16000,-1.0,-1.0,-1.0
2021/04/20,465.40000000000003,465.40000000000003,462.0,465.40000000000003,9000,-1.0,-1.0,-1.0
2021/04/21,460.0,460.0,446.0,450.6,51500,-1.0,-1.0,-1.0
2021/04/22,450.6,457.40000000000003,442.0,442.0,37000,-1.0,-1.0,-1.0
2021/04/23,440.0,440.0,430.0,436.8,56500,-1.0,-1.0,-1.0
2021/04/26,435.0,440.0,434.0,437.40000000000003,15500,-1.0,-1.0,-1.0
2021/04/27,442.0,444.20000000000005,438.20000000000005,444.0,15000,-1.0,-1.0,-1.0
2021/04/28,440.20000000000005,451.6,440.20000000000005,445.8,10500,-1.0,-1.0,-1.0
2021/04/30,447.8,450.6,440.0,440.6,55500,-1.0,-1.0,-1.0
2021/05/06,438.6,447.8,437.8,443.6,25500,-1.0,-1.0,-1.0
2021/05/07,445.0,445.20000000000005,440.0,440.6,50000,-1.0,-1.0,-1.0
2021/05/10,443.0,446.8,443.0,445.0,13000,-1.0,-1.0,-1.0
2021/05/11,444.0,447.0,441.40000000000003,441.40000000000003,31000,-1.0,-1.0,-1.0
2021/05/12,441.40000000000003,446.40000000000003,440.0,440.0,45000,-1.0,-1.0,-1.0
2021/05/13,432.0,443.0,430.8,439.40000000000003,44000,-1.0,-1.0,-1.0
2021/05/14,439.40000000000003,451.0,439.40000000000003,449.20000000000005,38500,-1.0,-1.0,-1.0
2021/05/17,441.8,461.8,441.0,460.0,82500,-1.0,-1.0,-1.0
2021/05/18,461.0,467.8,461.0,465.0,51500,-1.0,-1.0,-1.0
2021/05/19,465.0,479.8,465.0,475.20000000000005,79000,-1.0,-1.0,-1.0
2021/05/20,472.0,477.40000000000003,467.8,474.0,14500,-1.0,-1.0,-1.0
2021/05/21,474.0,478.0,468.20000000000005,477.40000000000003,16500,-1.0,-1.0,-1.0
2021/05/24,477.8,478.40000000000003,471.6,474.6,5000,-1.0,-1.0,-1.0
2021/05/25,470.40000000000003,474.6,466.6,470.0,20500,-1.0,-1.0,-1.0
2021/05/26,471.40000000000003,471.40000000000003,467.20000000000005,469.6,5000,-1.0,-1.0,-1.0
2021/05/27,469.6,477.20000000000005,467.8,467.8,18000,-1.0,-1.0,-1.0
2021/05/28,468.20000000000005,473.8,468.20000000000005,468.8,17500,-1.0,-1.0,-1.0
2021/05/31,472.40000000000003,476.40000000000003,469.20000000000005,470.40000000000003,28000,-1.0,-1.0,-1.0
2021/06/01,470.40000000000003,473.6,468.0,468.0,5000,-1.0,-1.0,-1.0
2021/06/02,471.40000000000003,471.40000000000003,465.6,466.0,55500,-1.0,-1.0,-1.0
2021/06/03,466.0,470.0,464.6,465.20000000000005,42000,-1.0,-1.0,-1.0
2021/06/04,465.20000000000005,469.0,465.20000000000005,465.8,10000,-1.0,-1.0,-1.0
2021/06/07,468.8,468.8,464.6,467.40000000000003,21000,-1.0,-1.0,-1.0
2021/06/08,465.0,468.20000000000005,465.0,468.0,18000,-1.0,-1.0,-1.0
2021/06/09,465.40000000000003,466.20000000000005,464.0,466.20000000000005,34500,-1.0,-1.0,-1.0
2021/06/10,467.20000000000005,467.40000000000003,464.8,465.0,22000,-1.0,-1.0,-1.0
2021/06/11,466.0,468.6,465.6,465.6,14000,-1.0,-1.0,-1.0
2021/06/14,466.0,470.40000000000003,465.0,465.0,14500,-1.0,-1.0,-1.0
2021/06/15,466.40000000000003,469.20000000000005,465.8,469.20000000000005,15000,-1.0,-1.0,-1.0
2021/06/16,468.0,468.0,465.40000000000003,465.6,7000,-1.0,-1.0,-1.0
2021/06/17,466.0,466.0,464.8,465.40000000000003,12000,-1.0,-1.0,-1.0
2021/06/18,465.0,466.0,465.0,466.0,9500,-1.0,-1.0,-1.0
2021/06/21,465.0,465.20000000000005,463.6,463.6,38500,-1.0,-1.0,-1.0
2021/06/22,470.6,473.8,467.8,470.0,26000,-1.0,-1.0,-1.0
2021/06/23,468.0,468.0,466.0,466.0,1000,-1.0,-1.0,-1.0
2021/06/24,466.0,467.6,463.6,463.8,38000,-1.0,-1.0,-1.0
2021/06/25,467.0,467.0,463.20000000000005,466.20000000000005,7000,-1.0,-1.0,-1.0
2021/06/28,466.20000000000005,466.20000000000005,459.8,462.40000000000003,39500,-1.0,-1.0,-1.0
2021/06/29,462.0,462.0,460.0,460.0,14500,-1.0,-1.0,-1.0
2021/06/30,460.0,460.0,459.6,460.0,32500,-1.0,-1.0,-1.0
2021/07/01,460.0,460.0,458.40000000000003,459.6,21500,-1.0,-1.0,-1.0
2021/07/02,458.0,461.6,457.20000000000005,460.0,24000,-1.0,-1.0,-1.0
2021/07/05,460.0,462.0,459.6,460.0,16500,-1.0,-1.0,-1.0
2021/07/06,460.0,465.20000000000005,460.0,461.8,7500,-1.0,-1.0,-1.0
2021/07/07,458.0,458.20000000000005,456.6,457.0,43500,-1.0,-1.0,-1.0
2021/07/08,456.40000000000003,457.0,456.0,457.0,2500,-1.0,-1.0,-1.0
2021/07/09,452.40000000000003,457.0,452.0,457.0,5000,-1.0,-1.0,-1.0
2021/07/12,457.0,458.0,453.20000000000005,456.20000000000005,6000,-1.0,-1.0,-1.0
2021/07/13,456.20000000000005,456.8,456.20000000000005,456.8,3500,-1.0,-1.0,-1.0
2021/07/14,456.8,456.8,451.8,452.20000000000005,6500,-1.0,-1.0,-1.0
2021/07/15,454.0,454.0,451.20000000000005,451.20000000000005,1500,-1.0,-1.0,-1.0
2021/07/16,451.20000000000005,451.20000000000005,447.0,450.6,39500,-1.0,-1.0,-1.0
2021/07/19,441.6,450.6,441.6,443.0,5500,-1.0,-1.0,-1.0
2021/07/20,443.6,449.6,442.0,442.0,5000,-1.0,-1.0,-1.0
2021/07/21,442.40000000000003,446.8,438.0,442.40000000000003,18500,-1.0,-1.0,-1.0
2021/07/26,444.0,444.8,440.0,443.6,9000,-1.0,-1.0,-1.0
2021/07/27,445.6,447.6,442.0,442.0,22500,-1.0,-1.0,-1.0
2021/07/28,440.20000000000005,446.8,440.20000000000005,444.6,6000,-1.0,-1.0,-1.0
2021/07/30,442.8,449.6,442.20000000000005,442.20000000000005,6500,-1.0,-1.0,-1.0
2021/08/02,437.40000000000003,441.20000000000005,436.20000000000005,439.8,7000,-1.0,-1.0,-1.0
2021/08/03,440.0,443.0,440.0,443.0,3500,-1.0,-1.0,-1.0
2021/08/04,435.20000000000005,439.8,435.20000000000005,437.40000000000003,7500,-1.0,-1.0,-1.0
2021/08/05,442.8,445.20000000000005,440.20000000000005,442.0,29000,-1.0,-1.0,-1.0
2021/08/06,442.0,442.0,436.40000000000003,436.40000000000003,19500,-1.0,-1.0,-1.0
2021/08/10,436.0,436.0,431.0,434.20000000000005,10000,-1.0,-1.0,-1.0
2021/08/11,439.8,439.8,436.20000000000005,439.40000000000003,5000,-1.0,-1.0,-1.0
2021/08/12,438.0,444.0,438.0,440.0,13500,-1.0,-1.0,-1.0
2021/08/13,418.20000000000005,425.0,416.40000000000003,422.0,70000,-1.0,-1.0,-1.0
2021/08/16,413.0,416.0,406.0,406.40000000000003,28500,-1.0,-1.0,-1.0
2021/08/17,403.20000000000005,409.0,397.0,401.8,69000,-1.0,-1.0,-1.0
2021/08/18,397.8,398.6,385.6,386.40000000000003,57000,-1.0,-1.0,-1.0
2021/08/19,378.40000000000003,380.0,372.0,374.20000000000005,96000,-1.0,-1.0,-1.0
2021/08/20,371.40000000000003,376.0,366.40000000000003,373.8,40500,-1.0,-1.0,-1.0
2021/08/23,373.8,375.0,371.40000000000003,374.8,13000,-1.0,-1.0,-1.0
2021/08/24,374.20000000000005,379.0,370.0,370.0,18000,-1.0,-1.0,-1.0
2021/08/25,367.40000000000003,373.0,366.8,368.40000000000003,22000,-1.0,-1.0,-1.0
2021/08/26,376.40000000000003,378.0,368.8,376.0,24000,-1.0,-1.0,-1.0
2021/08/27,377.8,381.40000000000003,374.0,374.0,17000,-1.0,-1.0,-1.0
2021/08/30,374.6,380.0,374.0,374.20000000000005,32000,-1.0,-1.0,-1.0
2021/08/31,374.0,377.6,374.0,377.20000000000005,10000,-1.0,-1.0,-1.0
2021/09/01,376.20000000000005,383.40000000000003,376.20000000000005,380.0,10000,-1.0,-1.0,-1.0
2021/09/02,380.0,391.0,380.0,381.0,24500,-1.0,-1.0,-1.0
2021/09/03,387.20000000000005,391.8,380.20000000000005,384.8,17000,-1.0,-1.0,-1.0
2021/09/06,384.8,388.0,384.20000000000005,384.20000000000005,6000,-1.0,-1.0,-1.0
2021/09/07,386.6,392.8,386.0,392.0,13000,-1.0,-1.0,-1.0
2021/09/08,389.0,394.40000000000003,389.0,391.6,13000,-1.0,-1.0,-1.0
2021/09/09,390.6,391.0,389.0,389.40000000000003,23000,-1.0,-1.0,-1.0
2021/09/10,393.0,393.0,390.0,392.8,13500,-1.0,-1.0,-1.0
2021/09/13,394.8,394.8,390.0,390.0,28500,-1.0,-1.0,-1.0
2021/09/14,393.6,399.8,391.0,392.0,26000,-1.0,-1.0,-1.0
2021/09/15,392.0,393.0,391.6,391.8,17500,-1.0,-1.0,-1.0
2021/09/16,391.8,392.0,383.6,387.0,36500,-1.0,-1.0,-1.0
2021/09/17,384.40000000000003,387.20000000000005,384.20000000000005,384.20000000000005,8000,-1.0,-1.0,-1.0
2021/09/21,380.8,386.0,380.0,385.0,21500,-1.0,-1.0,-1.0
2021/09/22,382.8,383.8,378.40000000000003,380.6,28000,-1.0,-1.0,-1.0
2021/09/24,381.0,385.6,381.0,385.20000000000005,16000,-1.0,-1.0,-1.0
2021/09/27,387.20000000000005,387.20000000000005,376.20000000000005,376.40000000000003,46500,-1.0,-1.0,-1.0
2021/09/28,377.8,378.20000000000005,375.40000000000003,376.20000000000005,31500,-1.0,-1.0,-1.0
2021/09/29,376.20000000000005,379.20000000000005,369.20000000000005,369.6,139000,-1.0,-1.0,-1.0
2021/09/30,370.0,370.8,369.40000000000003,369.8,52500,-1.0,-1.0,-1.0
2021/10/01,370.0,370.40000000000003,368.0,370.0,51000,-1.0,-1.0,-1.0
2021/10/04,370.0,370.0,367.6,367.6,13000,-1.0,-1.0,-1.0
2021/10/05,363.8,365.20000000000005,358.0,358.40000000000003,50500,-1.0,-1.0,-1.0
2021/10/06,357.0,359.8,357.0,359.40000000000003,13500,-1.0,-1.0,-1.0
2021/10/07,358.40000000000003,360.0,357.0,357.0,27000,-1.0,-1.0,-1.0
2021/10/08,359.8,361.20000000000005,357.40000000000003,359.20000000000005,39000,-1.0,-1.0,-1.0
2021/10/11,359.0,360.0,356.0,356.20000000000005,35500,-1.0,-1.0,-1.0
2021/10/12,356.20000000000005,359.0,356.20000000000005,359.0,2500,-1.0,-1.0,-1.0
2021/10/13,356.8,357.40000000000003,353.6,357.40000000000003,16500,-1.0,-1.0,-1.0
2021/10/14,357.40000000000003,357.40000000000003,353.20000000000005,355.40000000000003,7500,-1.0,-1.0,-1.0
2021/10/15,357.0,359.8,357.0,358.8,6500,-1.0,-1.0,-1.0
2021/10/18,359.0,360.0,357.40000000000003,358.0,10500,-1.0,-1.0,-1.0
2021/10/19,358.20000000000005,365.8,358.20000000000005,360.0,55500,-1.0,-1.0,-1.0
2021/10/20,360.0,360.0,358.20000000000005,360.0,20500,-1.0,-1.0,-1.0
2021/10/21,358.20000000000005,360.40000000000003,358.0,358.40000000000003,10500,-1.0,-1.0,-1.0
2021/10/22,356.0,359.0,356.0,357.40000000000003,9500,-1.0,-1.0,-1.0
2021/10/25,357.40000000000003,359.6,355.20000000000005,359.6,18000,-1.0,-1.0,-1.0
2021/10/26,359.20000000000005,359.6,357.20000000000005,359.40000000000003,6000,-1.0,-1.0,-1.0
2021/10/27,360.0,360.0,357.20000000000005,358.8,17000,-1.0,-1.0,-1.0
2021/10/28,357.0,357.0,357.0,357.0,2500,-1.0,-1.0,-1.0
2021/10/29,357.6,359.40000000000003,356.20000000000005,356.40000000000003,14500,-1.0,-1.0,-1.0
2021/11/01,359.0,359.40000000000003,356.0,357.20000000000005,9500,-1.0,-1.0,-1.0
2021/11/02,359.0,360.0,354.20000000000005,358.8,15000,-1.0,-1.0,-1.0
2021/11/04,359.20000000000005,361.0,356.0,359.8,37500,-1.0,-1.0,-1.0
2021/11/05,357.20000000000005,357.40000000000003,356.8,357.0,17500,-1.0,-1.0,-1.0
2021/11/08,357.0,396.0,357.0,377.40000000000003,183500,-1.0,-1.0,-1.0
2021/11/09,377.6,377.6,356.20000000000005,357.0,63000,-1.0,-1.0,-1.0
2021/11/10,355.6,364.0,355.6,359.8,29500,-1.0,-1.0,-1.0
2021/11/11,359.8,361.8,358.6,359.0,14500,-1.0,-1.0,-1.0
2021/11/12,360.0,360.0,355.40000000000003,357.8,42500,-1.0,-1.0,-1.0
2021/11/15,354.8,356.40000000000003,353.20000000000005,354.0,40000,-1.0,-1.0,-1.0
2021/11/16,354.0,358.6,354.0,356.6,9500,-1.0,-1.0,-1.0
2021/11/17,356.6,356.6,352.6,352.6,28500,-1.0,-1.0,-1.0
2021/11/18,352.6,354.40000000000003,352.0,354.40000000000003,16000,-1.0,-1.0,-1.0
2021/11/19,352.8,353.8,352.6,352.8,14500,-1.0,-1.0,-1.0
2021/11/22,350.20000000000005,353.40000000000003,350.20000000000005,352.8,20000,-1.0,-1.0,-1.0
2021/11/24,352.40000000000003,360.0,351.6,353.40000000000003,38500,-1.0,-1.0,-1.0
2021/11/25,352.6,355.40000000000003,351.6,355.20000000000005,25500,-1.0,-1.0,-1.0
2021/11/26,352.6,352.6,347.0,347.0,60500,-1.0,-1.0,-1.0
2021/11/29,341.40000000000003,346.0,334.0,336.0,57500,-1.0,-1.0,-1.0
2021/11/30,336.0,348.6,334.0,335.6,46500,-1.0,-1.0,-1.0
2021/12/01,334.20000000000005,342.20000000000005,334.20000000000005,338.20000000000005,36000,-1.0,-1.0,-1.0
2021/12/02,334.0,343.40000000000003,334.0,334.8,13500,-1.0,-1.0,-1.0
2021/12/03,348.40000000000003,348.40000000000003,333.6,339.6,35500,-1.0,-1.0,-1.0
2021/12/06,339.6,347.8,333.0,346.8,55000,-1.0,-1.0,-1.0
2021/12/07,341.6,349.0,341.6,343.20000000000005,85500,-1.0,-1.0,-1.0
2021/12/08,344.0,348.8,343.40000000000003,345.0,25500,-1.0,-1.0,-1.0
2021/12/09,345.40000000000003,346.20000000000005,343.0,346.0,15000,-1.0,-1.0,-1.0
2021/12/10,343.20000000000005,343.40000000000003,339.40000000000003,340.40000000000003,22500,-1.0,-1.0,-1.0
2021/12/13,344.20000000000005,344.20000000000005,334.8,336.6,16000,-1.0,-1.0,-1.0
2021/12/14,334.20000000000005,334.40000000000003,329.20000000000005,331.8,35500,-1.0,-1.0,-1.0
2021/12/15,330.0,334.20000000000005,330.0,332.0,41500,-1.0,-1.0,-1.0
2021/12/16,334.20000000000005,340.0,334.20000000000005,340.0,38500,-1.0,-1.0,-1.0
2021/12/17,336.6,341.20000000000005,335.0,339.40000000000003,32000,-1.0,-1.0,-1.0
2021/12/20,337.0,337.6,333.20000000000005,333.20000000000005,18500,-1.0,-1.0,-1.0
2021/12/21,333.20000000000005,335.0,330.0,331.8,41500,-1.0,-1.0,-1.0
2021/12/22,332.40000000000003,337.6,331.20000000000005,336.40000000000003,45500,-1.0,-1.0,-1.0
2021/12/23,336.40000000000003,338.0,330.20000000000005,333.40000000000003,51000,-1.0,-1.0,-1.0
2021/12/24,336.8,336.8,332.20000000000005,333.8,33500,-1.0,-1.0,-1.0
2021/12/27,334.0,334.20000000000005,330.6,330.6,31000,-1.0,-1.0,-1.0
2021/12/28,330.6,335.0,330.40000000000003,335.0,123500,-1.0,-1.0,-1.0
2021/12/29,337.0,337.0,333.0,333.0,24500,-1.0,-1.0,-1.0
2021/12/30,334.20000000000005,336.0,330.0,331.6,38500,-1.0,-1.0,-1.0
2022/01/04,337.0,350.8,337.0,342.8,29000,-1.0,-1.0,-1.0
2022/01/05,339.6,349.0,339.40000000000003,344.20000000000005,33000,-1.0,-1.0,-1.0
2022/01/06,342.20000000000005,344.6,340.0,343.40000000000003,16000,-1.0,-1.0,-1.0
2022/01/07,346.6,367.6,340.8,360.0,102500,-1.0,-1.0,-1.0
2022/01/11,368.0,378.0,364.8,376.40000000000003,85000,-1.0,-1.0,-1.0
2022/01/12,376.40000000000003,376.40000000000003,368.20000000000005,368.20000000000005,26000,-1.0,-1.0,-1.0
2022/01/13,367.6,367.6,353.0,353.0,31500,-1.0,-1.0,-1.0
2022/01/14,347.6,350.20000000000005,344.40000000000003,344.40000000000003,17000,-1.0,-1.0,-1.0
2022/01/17,346.40000000000003,346.8,346.40000000000003,346.6,5500,-1.0,-1.0,-1.0
2022/01/18,346.6,354.40000000000003,340.0,343.20000000000005,18000,-1.0,-1.0,-1.0
2022/01/19,342.6,342.6,334.8,339.20000000000005,39000,-1.0,-1.0,-1.0
2022/01/20,331.0,335.0,326.0,331.0,40500,-1.0,-1.0,-1.0
2022/01/21,328.6,337.20000000000005,328.6,329.8,7500,-1.0,-1.0,-1.0
2022/01/24,331.6,336.20000000000005,331.6,336.20000000000005,2000,-1.0,-1.0,-1.0
2022/01/25,334.0,334.0,327.6,330.0,11000,-1.0,-1.0,-1.0
2022/01/26,330.6,334.0,328.6,328.6,4000,-1.0,-1.0,-1.0
2022/01/27,331.8,331.8,326.20000000000005,329.8,20000,-1.0,-1.0,-1.0
2022/01/28,329.8,334.0,329.20000000000005,331.0,6500,-1.0,-1.0,-1.0
2022/01/31,327.0,334.0,327.0,333.20000000000005,12000,-1.0,-1.0,-1.0
2022/02/01,337.20000000000005,337.8,335.0,336.40000000000003,8500,-1.0,-1.0,-1.0
2022/02/02,336.40000000000003,338.0,335.40000000000003,336.6,8000,-1.0,-1.0,-1.0
2022/02/03,336.40000000000003,336.40000000000003,332.6,332.6,7000,-1.0,-1.0,-1.0
2022/02/04,331.40000000000003,337.6,331.40000000000003,336.40000000000003,4500,-1.0,-1.0,-1.0
2022/02/07,334.40000000000003,336.40000000000003,334.40000000000003,336.40000000000003,7500,-1.0,-1.0,-1.0
2022/02/08,331.6,336.40000000000003,331.6,336.40000000000003,6500,-1.0,-1.0,-1.0
2022/02/09,334.0,338.6,334.0,337.0,5000,-1.0,-1.0,-1.0
2022/02/10,340.0,341.0,337.0,337.0,8000,-1.0,-1.0,-1.0
2022/02/14,337.0,337.0,330.0,334.20000000000005,19000,-1.0,-1.0,-1.0
2022/02/15,328.20000000000005,331.6,326.20000000000005,326.20000000000005,42500,-1.0,-1.0,-1.0
2022/02/16,328.0,328.8,326.0,326.20000000000005,29000,-1.0,-1.0,-1.0
2022/02/17,324.20000000000005,326.20000000000005,323.40000000000003,323.40000000000003,52500,-1.0,-1.0,-1.0
2022/02/18,322.0,322.8,320.6,321.6,24000,-1.0,-1.0,-1.0
2022/02/21,321.6,326.6,320.0,321.40000000000003,14500,-1.0,-1.0,-1.0
2022/02/22,320.20000000000005,322.6,317.8,319.20000000000005,35000,-1.0,-1.0,-1.0
2022/02/24,316.8,316.8,310.40000000000003,313.0,50000,-1.0,-1.0,-1.0
2022/02/25,310.8,314.6,310.8,313.0,10000,-1.0,-1.0,-1.0
2022/02/28,319.20000000000005,319.20000000000005,314.8,317.6,8000,-1.0,-1.0,-1.0
2022/03/01,317.6,319.6,316.6,319.6,36500,-1.0,-1.0,-1.0
2022/03/02,312.40000000000003,314.8,311.40000000000003,312.40000000000003,40000,-1.0,-1.0,-1.0
2022/03/03,315.20000000000005,317.6,310.40000000000003,310.6,43000,-1.0,-1.0,-1.0
2022/03/04,310.6,315.20000000000005,306.0,306.2,65500,-1.0,-1.0,-1.0
2022/03/07,306.2,310.20000000000005,306.0,310.0,33500,-1.0,-1.0,-1.0
2022/03/08,305.8,310.0,305.8,306.40000000000003,4500,-1.0,-1.0,-1.0
2022/03/09,304.6,312.20000000000005,304.6,310.20000000000005,17500,-1.0,-1.0,-1.0
2022/03/10,313.0,314.0,310.40000000000003,310.8,12000,-1.0,-1.0,-1.0
2022/03/11,310.0,313.8,310.0,313.6,5000,-1.0,-1.0,-1.0
2022/03/14,315.6,315.6,314.0,315.6,2500,-1.0,-1.0,-1.0
2022/03/15,316.0,317.6,316.0,317.6,1500,-1.0,-1.0,-1.0
2022/03/16,312.40000000000003,319.20000000000005,312.40000000000003,314.0,2000,-1.0,-1.0,-1.0
2022/03/17,315.6,320.8,315.6,318.20000000000005,17500,-1.0,-1.0,-1.0
2022/03/18,319.40000000000003,332.20000000000005,319.40000000000003,332.20000000000005,15500,-1.0,-1.0,-1.0
2022/03/22,332.40000000000003,338.0,332.20000000000005,338.0,12500,-1.0,-1.0,-1.0
2022/03/23,339.40000000000003,344.20000000000005,338.40000000000003,344.0,24000,-1.0,-1.0,-1.0
2022/03/24,340.20000000000005,344.8,340.20000000000005,344.0,13000,-1.0,-1.0,-1.0
2022/03/25,344.0,352.8,344.0,352.8,22000,-1.0,-1.0,-1.0
2022/03/28,356.20000000000005,356.8,350.0,356.8,23000,-1.0,-1.0,-1.0
2022/03/29,356.0,358.8,355.0,357.40000000000003,20500,-1.0,-1.0,-1.0
2022/03/30,355.20000000000005,355.20000000000005,351.0,352.8,10500,-1.0,-1.0,-1.0
2022/03/31,354.0,356.20000000000005,354.0,354.40000000000003,11000,-1.0,-1.0,-1.0
2022/04/01,354.0,355.0,345.8,352.8,18000,-1.0,-1.0,-1.0
2022/04/04,355.0,358.8,354.8,355.0,14000,-1.0,-1.0,-1.0
2022/04/05,357.20000000000005,360.0,356.40000000000003,358.0,30500,-1.0,-1.0,-1.0
2022/04/06,354.20000000000005,362.40000000000003,354.20000000000005,362.40000000000003,11500,-1.0,-1.0,-1.0
2022/04/07,362.20000000000005,362.8,357.20000000000005,358.40000000000003,25000,-1.0,-1.0,-1.0
2022/04/08,361.0,365.6,360.0,360.20000000000005,8500,-1.0,-1.0,-1.0
2022/04/11,357.20000000000005,360.20000000000005,356.6,360.20000000000005,11500,-1.0,-1.0,-1.0
2022/04/12,359.40000000000003,361.0,359.20000000000005,361.0,10000,-1.0,-1.0,-1.0
2022/04/13,360.0,362.0,358.6,362.0,17500,-1.0,-1.0,-1.0
2022/04/14,362.0,362.0,359.8,360.20000000000005,5000,-1.0,-1.0,-1.0
2022/04/15,360.40000000000003,360.40000000000003,360.20000000000005,360.20000000000005,4000,-1.0,-1.0,-1.0
2022/04/18,362.0,366.0,361.0,366.0,31000,-1.0,-1.0,-1.0
2022/04/19,364.6,366.6,362.0,362.40000000000003,11500,-1.0,-1.0,-1.0
2022/04/20,362.40000000000003,365.8,362.40000000000003,365.0,5000,-1.0,-1.0,-1.0
2022/04/21,362.40000000000003,364.6,362.40000000000003,364.6,3000,-1.0,-1.0,-1.0
2022/04/22,362.20000000000005,364.0,362.20000000000005,364.0,4000,-1.0,-1.0,-1.0
2022/04/25,364.0,364.0,362.0,362.40000000000003,5000,-1.0,-1.0,-1.0
2022/04/26,366.0,367.6,362.0,367.6,11500,-1.0,-1.0,-1.0
2022/04/27,367.40000000000003,367.40000000000003,361.6,362.0,21500,-1.0,-1.0,-1.0
2022/04/28,362.40000000000003,363.0,362.40000000000003,362.40000000000003,2500,-1.0,-1.0,-1.0
2022/05/02,362.0,363.20000000000005,361.0,361.0,12500,-1.0,-1.0,-1.0
2022/05/06,366.8,366.8,364.0,365.0,3000,-1.0,-1.0,-1.0
2022/05/09,365.0,365.0,334.20000000000005,350.40000000000003,25500,-1.0,-1.0,-1.0
2022/05/10,348.20000000000005,356.40000000000003,348.20000000000005,356.40000000000003,4000,-1.0,-1.0,-1.0
2022/05/11,357.40000000000003,357.8,353.20000000000005,353.20000000000005,5500,-1.0,-1.0,-1.0
2022/05/12,357.20000000000005,357.6,354.6,354.8,7500,-1.0,-1.0,-1.0
2022/05/13,352.6,352.6,347.8,347.8,12000,-1.0,-1.0,-1.0
2022/05/16,354.0,355.0,347.6,350.0,8000,-1.0,-1.0,-1.0
2022/05/17,346.6,353.40000000000003,346.6,350.0,4500,-1.0,-1.0,-1.0
2022/05/18,350.0,359.8,350.0,357.0,11500,-1.0,-1.0,-1.0
2022/05/19,353.20000000000005,353.20000000000005,351.8,351.8,7500,-1.0,-1.0,-1.0
2022/05/20,350.0,354.40000000000003,338.40000000000003,338.40000000000003,20000,-1.0,-1.0,-1.0
2022/05/23,344.6,346.0,334.40000000000003,334.40000000000003,23000,-1.0,-1.0,-1.0
2022/05/24,336.20000000000005,336.20000000000005,328.0,328.0,23000,-1.0,-1.0,-1.0
2022/05/25,328.0,333.6,326.0,326.0,4000,-1.0,-1.0,-1.0
2022/05/26,326.0,329.20000000000005,324.0,325.40000000000003,9500,-1.0,-1.0,-1.0
2022/05/27,331.0,333.0,328.8,333.0,7000,-1.0,-1.0,-1.0
2022/05/30,336.6,336.6,331.20000000000005,336.6,15000,-1.0,-1.0,-1.0
2022/05/31,336.6,339.8,331.8,334.6,38000,-1.0,-1.0,-1.0
2022/06/01,340.0,346.8,336.0,336.0,10000,-1.0,-1.0,-1.0
2022/06/02,338.6,344.8,336.8,344.8,8500,-1.0,-1.0,-1.0
2022/06/03,348.40000000000003,349.0,342.0,347.6,4500,-1.0,-1.0,-1.0
2022/06/06,347.6,348.40000000000003,343.8,347.8,17000,-1.0,-1.0,-1.0
2022/06/07,347.8,347.8,347.8,347.8,1500,-1.0,-1.0,-1.0
2022/06/08,343.8,352.20000000000005,343.8,345.20000000000005,19500,-1.0,-1.0,-1.0
2022/06/09,344.40000000000003,354.0,344.40000000000003,352.6,32000,-1.0,-1.0,-1.0
2022/06/10,355.0,355.0,345.20000000000005,350.0,14500,-1.0,-1.0,-1.0
2022/06/13,345.6,345.6,345.6,345.6,2500,-1.0,-1.0,-1.0
2022/06/14,344.20000000000005,350.20000000000005,340.8,347.40000000000003,9500,-1.0,-1.0,-1.0
2022/06/15,342.6,342.8,338.0,338.6,12000,-1.0,-1.0,-1.0
2022/06/16,345.20000000000005,345.20000000000005,338.20000000000005,338.20000000000005,9000,-1.0,-1.0,-1.0
2022/06/17,331.40000000000003,337.20000000000005,331.40000000000003,337.20000000000005,3000,-1.0,-1.0,-1.0
2022/06/20,332.6,338.0,330.0,338.0,5000,-1.0,-1.0,-1.0
2022/06/21,330.0,343.20000000000005,330.0,343.0,10000,-1.0,-1.0,-1.0
2022/06/22,343.0,343.0,332.6,338.8,3000,-1.0,-1.0,-1.0
2022/06/23,339.0,339.0,339.0,339.0,1000,-1.0,-1.0,-1.0
2022/06/24,346.40000000000003,347.0,338.40000000000003,347.0,6500,-1.0,-1.0,-1.0
2022/06/27,345.40000000000003,346.8,342.40000000000003,342.40000000000003,6000,-1.0,-1.0,-1.0
2022/06/28,350.40000000000003,357.0,344.0,352.20000000000005,100500,-1.0,-1.0,-1.0
2022/06/29,357.0,357.40000000000003,354.40000000000003,357.40000000000003,11000,-1.0,-1.0,-1.0
2022/06/30,356.40000000000003,356.40000000000003,353.8,353.8,8500,-1.0,-1.0,-1.0
2022/07/01,356.20000000000005,356.40000000000003,352.6,354.0,13500,-1.0,-1.0,-1.0
2022/07/04,357.8,357.8,356.20000000000005,356.20000000000005,20000,-1.0,-1.0,-1.0
2022/07/05,358.0,358.0,354.0,355.20000000000005,39500,-1.0,-1.0,-1.0
2022/07/06,354.0,357.6,354.0,356.40000000000003,2000,-1.0,-1.0,-1.0
2022/07/07,356.40000000000003,356.40000000000003,351.0,351.0,3500,-1.0,-1.0,-1.0
2022/07/08,356.40000000000003,356.40000000000003,354.0,354.0,4000,-1.0,-1.0,-1.0
2022/07/11,344.0,354.40000000000003,344.0,353.0,21500,-1.0,-1.0,-1.0
2022/07/12,358.0,358.0,353.8,355.20000000000005,26500,-1.0,-1.0,-1.0
2022/07/13,352.20000000000005,356.8,352.0,356.8,10000,-1.0,-1.0,-1.0
2022/07/14,356.0,357.0,353.0,357.0,10500,-1.0,-1.0,-1.0
2022/07/15,357.0,360.0,356.6,360.0,19500,-1.0,-1.0,-1.0
2022/07/19,361.8,368.8,360.8,368.8,17000,-1.0,-1.0,-1.0
2022/07/20,368.8,372.0,366.8,369.40000000000003,25500,-1.0,-1.0,-1.0
2022/07/21,367.0,372.40000000000003,360.0,372.20000000000005,13000,-1.0,-1.0,-1.0
2022/07/22,373.8,373.8,370.0,373.8,8000,-1.0,-1.0,-1.0
2022/07/25,371.40000000000003,377.0,370.6,373.20000000000005,7000,-1.0,-1.0,-1.0
2022/07/26,373.20000000000005,377.0,373.20000000000005,377.0,2000,-1.0,-1.0,-1.0
2022/07/27,377.8,379.0,373.20000000000005,378.0,9000,-1.0,-1.0,-1.0
2022/07/28,377.0,377.0,373.0,374.0,7000,-1.0,-1.0,-1.0
2022/07/29,374.0,374.0,373.0,373.0,3500,-1.0,-1.0,-1.0
2022/08/01,373.0,375.8,373.0,375.8,2500,-1.0,-1.0,-1.0
2022/08/02,375.8,376.0,373.0,373.0,12000,-1.0,-1.0,-1.0
2022/08/03,373.0,375.40000000000003,371.0,371.0,14000,-1.0,-1.0,-1.0
2022/08/04,373.0,377.40000000000003,371.0,372.0,7000,-1.0,-1.0,-1.0
2022/08/05,371.20000000000005,375.0,371.20000000000005,373.8,3500,-1.0,-1.0,-1.0
2022/08/08,372.0,376.0,370.0,376.0,19000,-1.0,-1.0,-1.0
2022/08/09,376.0,381.40000000000003,376.0,378.8,25500,-1.0,-1.0,-1.0
2022/08/10,380.8,389.6,380.8,385.8,26000,-1.0,-1.0,-1.0
2022/08/12,395.0,397.6,387.0,397.40000000000003,67500,-1.0,-1.0,-1.0
2022/08/15,398.0,398.8,394.40000000000003,394.8,32000,-1.0,-1.0,-1.0
2022/08/16,394.8,396.20000000000005,391.6,393.8,28000,-1.0,-1.0,-1.0
2022/08/17,396.0,396.20000000000005,395.0,395.6,3000,-1.0,-1.0,-1.0
2022/08/18,395.20000000000005,396.20000000000005,392.0,395.0,5500,-1.0,-1.0,-1.0
2022/08/19,395.0,395.40000000000003,374.6,388.0,22000,-1.0,-1.0,-1.0
2022/08/22,393.6,393.6,389.0,389.0,7500,-1.0,-1.0,-1.0
2022/08/23,388.20000000000005,390.20000000000005,384.20000000000005,384.6,13500,-1.0,-1.0,-1.0
2022/08/24,386.0,391.6,386.0,386.8,6500,-1.0,-1.0,-1.0
2022/08/25,383.8,390.6,383.8,390.6,5500,-1.0,-1.0,-1.0
2022/08/26,390.6,391.8,389.6,391.8,64500,-1.0,-1.0,-1.0
2022/08/29,383.8,389.6,379.8,382.40000000000003,14000,-1.0,-1.0,-1.0
2022/08/30,382.6,387.6,382.6,387.6,2500,-1.0,-1.0,-1.0
2022/08/31,382.40000000000003,386.40000000000003,382.40000000000003,386.40000000000003,3500,-1.0,-1.0,-1.0
2022/09/01,383.0,383.0,380.8,380.8,6500,-1.0,-1.0,-1.0
2022/09/02,378.20000000000005,378.20000000000005,347.40000000000003,364.0,24000,-1.0,-1.0,-1.0
2022/09/05,360.0,360.0,344.0,350.0,51000,-1.0,-1.0,-1.0
2022/09/06,348.20000000000005,349.20000000000005,344.6,345.0,28000,-1.0,-1.0,-1.0
2022/09/07,345.0,353.20000000000005,341.20000000000005,353.20000000000005,28500,-1.0,-1.0,-1.0
2022/09/08,352.20000000000005,352.20000000000005,345.8,350.0,7500,-1.0,-1.0,-1.0
2022/09/09,350.0,350.0,346.40000000000003,350.0,10500,-1.0,-1.0,-1.0
2022/09/12,351.6,355.20000000000005,346.0,346.20000000000005,11500,-1.0,-1.0,-1.0
2022/09/13,346.40000000000003,349.0,346.40000000000003,349.0,15500,-1.0,-1.0,-1.0
2022/09/14,346.0,352.8,345.40000000000003,352.8,18500,-1.0,-1.0,-1.0
2022/09/15,352.8,352.8,347.6,347.6,2000,-1.0,-1.0,-1.0
2022/09/16,346.6,346.6,336.0,338.0,53500,-1.0,-1.0,-1.0
2022/09/20,338.0,339.8,338.0,338.0,8000,-1.0,-1.0,-1.0
2022/09/21,335.8,336.0,330.0,331.0,25000,-1.0,-1.0,-1.0
2022/09/22,330.6,331.0,326.40000000000003,328.6,20500,-1.0,-1.0,-1.0
2022/09/26,328.6,328.8,320.40000000000003,320.40000000000003,21500,-1.0,-1.0,-1.0
2022/09/27,324.20000000000005,329.0,321.20000000000005,322.20000000000005,21000,-1.0,-1.0,-1.0
2022/09/28,322.20000000000005,322.40000000000003,317.40000000000003,318.0,16000,-1.0,-1.0,-1.0
2022/09/29,318.40000000000003,328.6,318.40000000000003,323.6,30500,-1.0,-1.0,-1.0
2022/09/30,319.20000000000005,323.0,317.20000000000005,318.20000000000005,34000,-1.0,-1.0,-1.0
2022/10/03,318.20000000000005,323.6,317.40000000000003,319.20000000000005,18500,-1.0,-1.0,-1.0
2022/10/04,324.0,325.40000000000003,320.6,322.6,24500,-1.0,-1.0,-1.0
2022/10/05,327.6,328.6,324.6,328.6,9000,-1.0,-1.0,-1.0
2022/10/06,324.0,327.8,322.6,326.20000000000005,24000,-1.0,-1.0,-1.0
2022/10/07,325.0,328.40000000000003,322.20000000000005,324.20000000000005,8500,-1.0,-1.0,-1.0
2022/10/11,327.20000000000005,327.20000000000005,318.6,325.6,14500,-1.0,-1.0,-1.0
2022/10/12,326.0,326.40000000000003,319.8,325.8,9000,-1.0,-1.0,-1.0
2022/10/13,320.0,325.40000000000003,320.0,321.40000000000003,14000,-1.0,-1.0,-1.0
2022/10/14,327.40000000000003,327.6,322.0,327.0,17500,-1.0,-1.0,-1.0
2022/10/17,327.0,327.0,320.0,324.0,20000,-1.0,-1.0,-1.0
2022/10/18,325.0,325.8,320.40000000000003,320.40000000000003,23000,-1.0,-1.0,-1.0
2022/10/19,321.0,322.20000000000005,317.8,318.20000000000005,41000,-1.0,-1.0,-1.0
2022/10/20,318.20000000000005,318.6,315.0,317.6,27000,-1.0,-1.0,-1.0
2022/10/21,315.40000000000003,317.40000000000003,315.20000000000005,316.0,11000,-1.0,-1.0,-1.0
2022/10/24,316.20000000000005,318.20000000000005,313.0,313.0,40000,-1.0,-1.0,-1.0
2022/10/25,312.6,315.0,312.40000000000003,315.0,41000,-1.0,-1.0,-1.0
2022/10/26,315.0,316.0,314.40000000000003,316.0,25500,-1.0,-1.0,-1.0
2022/10/27,314.40000000000003,314.8,312.20000000000005,312.6,21500,-1.0,-1.0,-1.0
2022/10/28,313.40000000000003,314.0,311.20000000000005,312.8,14000,-1.0,-1.0,-1.0
2022/10/31,314.20000000000005,315.0,311.40000000000003,315.0,14500,-1.0,-1.0,-1.0
2022/11/01,316.0,317.6,314.40000000000003,315.40000000000003,21500,-1.0,-1.0,-1.0
2022/11/02,315.40000000000003,317.6,315.20000000000005,315.40000000000003,27000,-1.0,-1.0,-1.0
2022/11/04,315.40000000000003,316.0,315.0,315.6,5000,-1.0,-1.0,-1.0
2022/11/07,316.40000000000003,318.8,315.40000000000003,316.0,23500,-1.0,-1.0,-1.0
2022/11/08,316.0,316.20000000000005,313.8,313.8,50500,-1.0,-1.0,-1.0
2022/11/09,315.40000000000003,316.0,315.20000000000005,316.0,3500,-1.0,-1.0,-1.0
2022/11/10,316.0,316.0,314.40000000000003,315.8,15500,-1.0,-1.0,-1.0
2022/11/11,317.0,325.0,317.0,323.8,40500,-1.0,-1.0,-1.0
2022/11/14,317.0,322.0,316.8,320.40000000000003,39000,-1.0,-1.0,-1.0
2022/11/15,320.6,323.6,317.0,320.6,33500,-1.0,-1.0,-1.0
2022/11/16,321.0,322.40000000000003,318.40000000000003,319.20000000000005,22000,-1.0,-1.0,-1.0
2022/11/17,320.40000000000003,325.0,320.40000000000003,322.40000000000003,26000,-1.0,-1.0,-1.0
2022/11/18,323.6,329.8,323.6,327.6,42500,-1.0,-1.0,-1.0
2022/11/21,328.0,331.8,323.6,331.8,27000,-1.0,-1.0,-1.0
2022/11/22,329.6,333.20000000000005,329.6,332.20000000000005,30500,-1.0,-1.0,-1.0
2022/11/24,332.0,335.20000000000005,330.20000000000005,332.40000000000003,23000,-1.0,-1.0,-1.0
2022/11/25,330.0,331.40000000000003,329.20000000000005,331.40000000000003,15000,-1.0,-1.0,-1.0
2022/11/28,332.6,338.0,332.20000000000005,337.6,18000,-1.0,-1.0,-1.0
2022/11/29,337.6,337.6,334.8,337.6,27500,-1.0,-1.0,-1.0
2022/11/30,337.8,337.8,337.8,337.8,1500,-1.0,-1.0,-1.0
2022/12/01,336.40000000000003,339.0,334.20000000000005,336.0,9500,-1.0,-1.0,-1.0
2022/12/02,339.0,339.0,333.0,336.0,12500,-1.0,-1.0,-1.0
2022/12/05,337.0,337.0,331.6,332.40000000000003,11500,-1.0,-1.0,-1.0
2022/12/06,332.0,337.6,332.0,334.6,19500,-1.0,-1.0,-1.0
2022/12/07,335.40000000000003,335.40000000000003,331.20000000000005,331.20000000000005,10000,-1.0,-1.0,-1.0
2022/12/08,331.20000000000005,332.20000000000005,331.20000000000005,332.20000000000005,3000,-1.0,-1.0,-1.0
2022/12/09,333.0,333.0,330.6,330.6,16500,-1.0,-1.0,-1.0
2022/12/12,330.6,334.8,330.6,331.40000000000003,14500,-1.0,-1.0,-1.0
2022/12/13,333.8,333.8,330.0,330.20000000000005,9500,-1.0,-1.0,-1.0
2022/12/14,332.0,332.0,330.40000000000003,332.0,3000,-1.0,-1.0,-1.0
2022/12/15,332.40000000000003,333.0,331.8,332.20000000000005,16000,-1.0,-1.0,-1.0
2022/12/16,333.0,339.0,332.6,338.0,21000,-1.0,-1.0,-1.0
2022/12/19,339.8,351.0,339.6,351.0,51500,-1.0,-1.0,-1.0
2022/12/20,351.0,351.0,344.0,347.0,26500,-1.0,-1.0,-1.0
2022/12/21,341.6,345.0,339.0,341.8,24000,-1.0,-1.0,-1.0
2022/12/22,341.8,348.20000000000005,341.0,346.0,11000,-1.0,-1.0,-1.0
2022/12/23,342.40000000000003,342.40000000000003,336.20000000000005,336.20000000000005,13500,-1.0,-1.0,-1.0
2022/12/26,339.8,340.0,330.6,330.8,15000,-1.0,-1.0,-1.0
2022/12/27,327.8,339.8,327.8,335.0,171000,-1.0,-1.0,-1.0
2022/12/28,331.40000000000003,333.0,328.20000000000005,328.20000000000005,42500,-1.0,-1.0,-1.0
2022/12/29,328.0,331.6,327.0,329.0,5500,-1.0,-1.0,-1.0
2022/12/30,329.6,337.40000000000003,326.0,337.20000000000005,11500,-1.0,-1.0,-1.0
2023/01/04,333.8,333.8,328.40000000000003,328.40000000000003,10000,-1.0,-1.0,-1.0
2023/01/05,327.0,339.20000000000005,327.0,337.8,7000,-1.0,-1.0,-1.0
2023/01/06,329.8,336.20000000000005,329.6,329.6,9500,-1.0,-1.0,-1.0
2023/01/10,330.0,331.20000000000005,326.6,329.0,18000,-1.0,-1.0,-1.0
2023/01/11,328.0,334.0,326.8,333.20000000000005,56000,-1.0,-1.0,-1.0
2023/01/12,330.0,330.20000000000005,328.0,328.0,33500,-1.0,-1.0,-1.0
2023/01/13,326.6,333.40000000000003,326.6,331.20000000000005,3000,-1.0,-1.0,-1.0
2023/01/16,332.40000000000003,332.40000000000003,328.20000000000005,331.8,6500,-1.0,-1.0,-1.0
2023/01/17,328.0,332.0,326.8,330.6,10000,-1.0,-1.0,-1.0
2023/01/18,330.0,332.0,330.0,332.0,5000,-1.0,-1.0,-1.0
2023/01/19,331.8,332.40000000000003,328.0,332.20000000000005,5500,-1.0,-1.0,-1.0
2023/01/20,331.40000000000003,344.0,331.40000000000003,337.0,26000,-1.0,-1.0,-1.0
2023/01/23,340.0,350.20000000000005,338.20000000000005,347.8,31000,-1.0,-1.0,-1.0
2023/01/24,349.0,353.20000000000005,348.40000000000003,352.8,26500,-1.0,-1.0,-1.0
2023/01/25,353.0,353.20000000000005,350.20000000000005,351.8,5500,-1.0,-1.0,-1.0
2023/01/26,350.20000000000005,354.40000000000003,350.20000000000005,354.40000000000003,7000,-1.0,-1.0,-1.0
2023/01/27,354.40000000000003,355.0,350.40000000000003,350.40000000000003,13500,-1.0,-1.0,-1.0
2023/01/30,349.40000000000003,351.0,347.20000000000005,347.20000000000005,11500,-1.0,-1.0,-1.0
2023/01/31,348.0,348.8,346.20000000000005,348.8,5000,-1.0,-1.0,-1.0
2023/02/01,345.40000000000003,348.40000000000003,345.40000000000003,345.6,45000,-1.0,-1.0,-1.0
2023/02/02,342.8,348.0,342.8,345.8,10000,-1.0,-1.0,-1.0
2023/02/03,347.8,349.40000000000003,344.6,347.40000000000003,4000,-1.0,-1.0,-1.0
2023/02/06,348.40000000000003,348.40000000000003,344.20000000000005,344.20000000000005,8000,-1.0,-1.0,-1.0
2023/02/07,346.0,346.20000000000005,345.8,346.0,3000,-1.0,-1.0,-1.0
2023/02/08,343.6,348.20000000000005,343.6,346.0,23000,-1.0,-1.0,-1.0
2023/02/09,345.6,347.6,345.0,345.20000000000005,19500,-1.0,-1.0,-1.0
2023/02/10,348.0,355.40000000000003,348.0,354.20000000000005,38000,-1.0,-1.0,-1.0
2023/02/13,354.20000000000005,354.20000000000005,344.20000000000005,345.40000000000003,39500,-1.0,-1.0,-1.0
2023/02/14,345.6,352.0,345.6,350.0,13000,-1.0,-1.0,-1.0
2023/02/15,346.40000000000003,349.20000000000005,346.0,346.20000000000005,5500,-1.0,-1.0,-1.0
2023/02/16,346.6,348.6,346.20000000000005,346.20000000000005,4000,-1.0,-1.0,-1.0
2023/02/17,346.20000000000005,349.6,346.20000000000005,347.20000000000005,4500,-1.0,-1.0,-1.0
2023/02/20,349.20000000000005,350.0,347.0,350.0,7000,-1.0,-1.0,-1.0
2023/02/21,350.0,355.20000000000005,347.20000000000005,352.20000000000005,18000,-1.0,-1.0,-1.0
2023/02/22,354.0,354.0,348.0,352.8,7000,-1.0,-1.0,-1.0
2023/02/24,352.8,355.40000000000003,348.20000000000005,355.40000000000003,18500,-1.0,-1.0,-1.0
2023/02/27,355.40000000000003,365.20000000000005,355.20000000000005,365.20000000000005,40500,-1.0,-1.0,-1.0
2023/02/28,369.6,372.0,361.0,368.6,32000,-1.0,-1.0,-1.0
2023/03/01,364.20000000000005,369.8,364.20000000000005,367.20000000000005,8500,-1.0,-1.0,-1.0
2023/03/02,367.20000000000005,367.40000000000003,364.0,364.0,5500,-1.0,-1.0,-1.0
2023/03/03,361.0,368.40000000000003,361.0,368.40000000000003,4000,-1.0,-1.0,-1.0
2023/03/06,368.40000000000003,368.40000000000003,359.8,363.6,16500,-1.0,-1.0,-1.0
2023/03/07,363.8,373.0,362.6,373.0,23500,-1.0,-1.0,-1.0
2023/03/08,369.0,375.8,369.0,374.0,14500,-1.0,-1.0,-1.0
2023/03/09,375.0,376.0,372.0,372.0,7000,-1.0,-1.0,-1.0
2023/03/10,367.40000000000003,377.8,367.40000000000003,372.0,7500,-1.0,-1.0,-1.0
2023/03/13,366.40000000000003,372.0,360.6,371.0,28000,-1.0,-1.0,-1.0
2023/03/14,371.0,371.0,363.20000000000005,369.20000000000005,10000,-1.0,-1.0,-1.0
2023/03/15,371.0,371.0,360.40000000000003,370.6,7500,-1.0,-1.0,-1.0
2023/03/16,361.20000000000005,372.0,361.20000000000005,368.40000000000003,12500,-1.0,-1.0,-1.0
2023/03/17,370.6,370.6,362.0,368.0,8500,-1.0,-1.0,-1.0
2023/03/20,370.20000000000005,370.8,360.20000000000005,365.0,15500,-1.0,-1.0,-1.0
2023/03/22,369.40000000000003,369.40000000000003,368.20000000000005,369.20000000000005,4500,-1.0,-1.0,-1.0
2023/03/23,361.20000000000005,368.0,361.20000000000005,368.0,6500,-1.0,-1.0,-1.0
2023/03/24,366.20000000000005,369.8,366.20000000000005,369.6,14000,-1.0,-1.0,-1.0
2023/03/27,369.6,369.8,366.8,368.0,7500,-1.0,-1.0,-1.0
2023/03/28,369.6,369.6,369.0,369.0,2500,-1.0,-1.0,-1.0
2023/03/29,369.8,370.0,368.0,368.0,5000,-1.0,-1.0,-1.0
2023/03/30,365.0,365.0,364.40000000000003,364.40000000000003,2000,-1.0,-1.0,-1.0
2023/03/31,365.20000000000005,366.8,361.0,362.40000000000003,8000,-1.0,-1.0,-1.0
2023/04/03,366.0,367.20000000000005,365.0,366.6,6000,-1.0,-1.0,-1.0
2023/04/04,369.0,369.0,366.6,367.0,11500,-1.0,-1.0,-1.0
2023/04/05,367.40000000000003,367.40000000000003,367.40000000000003,367.40000000000003,4000,-1.0,-1.0,-1.0
2023/04/06,364.8,365.20000000000005,362.40000000000003,362.40000000000003,5500,-1.0,-1.0,-1.0
2023/04/07,363.8,363.8,363.0,363.0,1000,-1.0,-1.0,-1.0
2023/04/10,363.0,365.0,363.0,365.0,5000,-1.0,-1.0,-1.0
2023/04/11,365.40000000000003,366.0,360.40000000000003,366.0,3500,-1.0,-1.0,-1.0
2023/04/12,363.0,363.0,363.0,363.0,500,-1.0,-1.0,-1.0
2023/04/13,362.6,365.0,360.40000000000003,361.0,4000,-1.0,-1.0,-1.0
2023/04/14,361.20000000000005,361.20000000000005,360.8,360.8,3000,-1.0,-1.0,-1.0
2023/04/17,361.0,363.8,361.0,363.8,3500,-1.0,-1.0,-1.0
2023/04/18,363.8,364.0,361.0,363.6,17500,-1.0,-1.0,-1.0
2023/04/19,363.6,364.0,363.0,364.0,10500,-1.0,-1.0,-1.0
2023/04/20,364.0,364.0,359.6,364.0,20000,-1.0,-1.0,-1.0
2023/04/21,359.20000000000005,360.20000000000005,359.20000000000005,360.20000000000005,3500,-1.0,-1.0,-1.0
2023/04/24,359.0,360.0,353.0,353.8,11000,-1.0,-1.0,-1.0
2023/04/25,356.0,358.6,354.8,354.8,4000,-1.0,-1.0,-1.0
2023/04/26,355.0,359.0,355.0,358.0,19000,-1.0,-1.0,-1.0
2023/04/27,358.0,363.0,358.0,360.20000000000005,23500,-1.0,-1.0,-1.0
2023/04/28,360.40000000000003,362.6,359.6,361.0,5500,-1.0,-1.0,-1.0
2023/05/01,362.40000000000003,365.40000000000003,362.40000000000003,365.40000000000003,11500,-1.0,-1.0,-1.0
2023/05/02,365.20000000000005,365.40000000000003,350.6,365.40000000000003,23000,-1.0,-1.0,-1.0
2023/05/08,360.20000000000005,364.8,357.20000000000005,361.6,7500,-1.0,-1.0,-1.0
2023/05/09,361.6,364.6,361.6,362.40000000000003,11000,-1.0,-1.0,-1.0
2023/05/10,363.0,364.8,363.0,363.40000000000003,11000,-1.0,-1.0,-1.0
2023/05/11,363.0,365.6,362.20000000000005,365.6,11500,-1.0,-1.0,-1.0
2023/05/12,365.6,365.6,357.6,357.6,16500,-1.0,-1.0,-1.0
2023/05/15,354.20000000000005,354.20000000000005,331.20000000000005,335.6,83500,-1.0,-1.0,-1.0
2023/05/16,336.0,341.40000000000003,335.6,341.40000000000003,35500,-1.0,-1.0,-1.0
2023/05/17,341.8,341.8,338.20000000000005,341.20000000000005,23500,-1.0,-1.0,-1.0
2023/05/18,341.20000000000005,341.20000000000005,336.20000000000005,337.8,17500,-1.0,-1.0,-1.0
2023/05/19,336.40000000000003,337.20000000000005,335.40000000000003,335.40000000000003,20500,-1.0,-1.0,-1.0
2023/05/22,334.6,334.6,331.8,334.0,35500,-1.0,-1.0,-1.0
2023/05/23,333.20000000000005,334.0,332.0,333.6,27500,-1.0,-1.0,-1.0
2023/05/24,333.0,333.8,332.40000000000003,333.40000000000003,29000,-1.0,-1.0,-1.0
2023/05/25,332.40000000000003,333.8,332.40000000000003,333.40000000000003,9500,-1.0,-1.0,-1.0
2023/05/26,333.0,334.40000000000003,332.6,334.0,27000,-1.0,-1.0,-1.0
2023/05/29,334.0,337.8,334.0,336.0,40500,-1.0,-1.0,-1.0
2023/05/30,336.0,336.0,334.0,335.6,16500,-1.0,-1.0,-1.0
2023/05/31,335.6,335.6,332.40000000000003,334.6,31500,-1.0,-1.0,-1.0
2023/06/01,333.20000000000005,334.0,333.20000000000005,334.0,4500,-1.0,-1.0,-1.0
2023/06/02,334.0,335.8,333.20000000000005,334.6,9500,-1.0,-1.0,-1.0
2023/06/05,302.6,317.0,302.0,313.20000000000005,1272500,-1.0,-1.0,-1.0
2023/06/06,312.6,315.6,311.20000000000005,311.40000000000003,391500,-1.0,-1.0,-1.0
2023/06/07,310.8,312.20000000000005,307.40000000000003,307.6,431500,-1.0,-1.0,-1.0
2023/06/08,306.40000000000003,308.0,305.6,305.6,848500,-1.0,-1.0,-1.0
2023/06/09,305.0,308.0,304.2,304.8,2453000,-1.0,-1.0,-1.0
2023/06/12,305.6,307.0,305.2,305.40000000000003,568500,-1.0,-1.0,-1.0
2023/06/13,306.0,309.20000000000005,305.8,307.8,211000,-1.0,-1.0,-1.0
2023/06/14,308.6,311.6,308.6,310.20000000000005,138000,-1.0,-1.0,-1.0
2023/06/15,310.40000000000003,311.8,309.0,309.0,140000,-1.0,-1.0,-1.0
2023/06/16,309.20000000000005,312.8,309.20000000000005,309.8,161500,-1.0,-1.0,-1.0
2023/06/19,310.6,312.40000000000003,310.0,311.0,107500,-1.0,-1.0,-1.0
2023/06/20,311.20000000000005,312.40000000000003,310.8,311.0,92500,-1.0,-1.0,-1.0
2023/06/21,310.20000000000005,311.8,309.8,311.0,121000,-1.0,-1.0,-1.0
2023/06/22,312.0,315.20000000000005,311.20000000000005,312.0,147500,-1.0,-1.0,-1.0
2023/06/23,315.20000000000005,315.20000000000005,311.6,313.0,159500,-1.0,-1.0,-1.0
2023/06/26,313.0,314.20000000000005,311.8,311.8,76000,-1.0,-1.0,-1.0
2023/06/27,311.20000000000005,312.0,309.0,309.40000000000003,229500,-1.0,-1.0,-1.0
2023/06/28,311.6,311.6,309.8,310.6,80000,-1.0,-1.0,-1.0
2023/06/29,311.20000000000005,311.40000000000003,309.8,310.40000000000003,79000,-1.0,-1.0,-1.0
2023/06/30,311.0,311.0,310.0,310.0,117500,-1.0,-1.0,-1.0
2023/07/03,311.20000000000005,313.0,309.6,310.0,274000,-1.0,-1.0,-1.0
2023/07/04,311.8,319.6,310.0,319.6,304000,-1.0,-1.0,-1.0
2023/07/05,319.0,326.40000000000003,318.6,325.6,240500,-1.0,-1.0,-1.0
2023/07/06,325.6,325.6,318.0,318.0,160500,-1.0,-1.0,-1.0
2023/07/07,315.8,319.8,314.0,317.6,68000,-1.0,-1.0,-1.0
2023/07/10,316.20000000000005,319.40000000000003,316.20000000000005,318.8,55000,-1.0,-1.0,-1.0
2023/07/11,320.20000000000005,325.0,320.0,321.8,114000,-1.0,-1.0,-1.0
2023/07/12,323.20000000000005,323.40000000000003,316.40000000000003,318.0,84000,-1.0,-1.0,-1.0
2023/07/13,318.6,318.6,315.20000000000005,317.0,68500,-1.0,-1.0,-1.0
2023/07/14,317.0,317.8,315.8,317.6,32500,-1.0,-1.0,-1.0
2023/07/18,317.6,319.20000000000005,316.20000000000005,317.20000000000005,63000,-1.0,-1.0,-1.0
2023/07/19,318.0,318.0,316.40000000000003,316.8,45000,-1.0,-1.0,-1.0
2023/07/20,316.8,317.6,316.20000000000005,316.40000000000003,33500,-1.0,-1.0,-1.0
2023/07/21,316.6,316.8,315.6,315.8,32500,-1.0,-1.0,-1.0
2023/07/24,316.20000000000005,317.40000000000003,315.6,316.0,61500,-1.0,-1.0,-1.0
2023/07/25,316.6,317.20000000000005,315.20000000000005,316.0,74000,-1.0,-1.0,-1.0
2023/07/26,316.0,316.8,314.8,316.8,24500,-1.0,-1.0,-1.0
2023/07/27,316.40000000000003,318.20000000000005,315.6,317.20000000000005,51500,-1.0,-1.0,-1.0
2023/07/28,315.8,315.8,312.20000000000005,313.6,91500,-1.0,-1.0,-1.0
2023/07/31,314.8,315.6,310.0,310.20000000000005,157000,-1.0,-1.0,-1.0
2023/08/01,312.8,312.8,310.20000000000005,312.40000000000003,101000,-1.0,-1.0,-1.0
2023/08/02,313.6,314.20000000000005,311.6,311.6,39500,-1.0,-1.0,-1.0
2023/08/03,311.20000000000005,311.20000000000005,308.6,308.8,84500,-1.0,-1.0,-1.0
2023/08/04,309.20000000000005,309.8,307.6,309.8,56500,-1.0,-1.0,-1.0
2023/08/07,310.6,313.0,308.40000000000003,313.0,56500,-1.0,-1.0,-1.0
2023/08/08,313.0,314.8,312.40000000000003,312.6,48000,-1.0,-1.0,-1.0
2023/08/09,311.20000000000005,311.40000000000003,309.20000000000005,310.40000000000003,50000,-1.0,-1.0,-1.0
2023/08/10,309.20000000000005,310.6,308.0,310.6,75000,-1.0,-1.0,-1.0
2023/08/14,286.0,286.8,278.0,280.2,536500,-1.0,-1.0,-1.0
2023/08/15,281.0,282.40000000000003,280.0,281.6,65000,-1.0,-1.0,-1.0
2023/08/16,280.2,280.6,278.0,278.8,97500,-1.0,-1.0,-1.0
2023/08/17,278.2,278.8,273.40000000000003,275.8,111500,-1.0,-1.0,-1.0
2023/08/18,274.0,276.0,273.6,274.40000000000003,58500,-1.0,-1.0,-1.0
2023/08/21,274.0,274.2,270.2,270.2,108000,-1.0,-1.0,-1.0
2023/08/22,270.2,270.2,264.2,265.0,136000,-1.0,-1.0,-1.0
2023/08/23,265.2,273.40000000000003,265.2,273.40000000000003,87500,-1.0,-1.0,-1.0
2023/08/24,273.8,278.0,273.8,276.2,51500,-1.0,-1.0,-1.0
2023/08/25,277.40000000000003,277.40000000000003,274.0,276.8,45500,-1.0,-1.0,-1.0
2023/08/28,278.0,278.0,271.40000000000003,273.2,105000,-1.0,-1.0,-1.0
2023/08/29,274.40000000000003,274.40000000000003,271.0,271.2,101500,-1.0,-1.0,-1.0
2023/08/30,271.40000000000003,277.40000000000003,271.40000000000003,274.2,166500,-1.0,-1.0,-1.0
2023/08/31,274.2,276.0,273.40000000000003,276.0,45000,-1.0,-1.0,-1.0
2023/09/01,276.40000000000003,282.6,276.0,281.0,138000,-1.0,-1.0,-1.0
2023/09/04,282.6,283.0,279.2,280.8,176500,-1.0,-1.0,-1.0
2023/09/05,282.0,283.40000000000003,280.40000000000003,282.40000000000003,42500,-1.0,-1.0,-1.0
2023/09/06,283.0,289.8,282.8,287.8,99500,-1.0,-1.0,-1.0
2023/09/07,288.0,289.40000000000003,282.2,283.8,104500,-1.0,-1.0,-1.0
2023/09/08,283.6,283.6,279.0,279.8,96500,-1.0,-1.0,-1.0
2023/09/11,279.6,280.8,278.40000000000003,280.2,69500,-1.0,-1.0,-1.0
2023/09/12,280.2,284.2,279.0,283.2,35000,-1.0,-1.0,-1.0
2023/09/13,282.40000000000003,283.2,278.6,280.40000000000003,59500,-1.0,-1.0,-1.0
2023/09/14,280.40000000000003,282.8,278.6,282.2,58500,-1.0,-1.0,-1.0
2023/09/15,281.8,284.2,281.8,284.2,54500,-1.0,-1.0,-1.0
2023/09/19,282.0,282.0,275.40000000000003,277.0,161000,-1.0,-1.0,-1.0
2023/09/20,277.0,279.2,277.0,278.6,39500,-1.0,-1.0,-1.0
2023/09/21,277.2,278.8,275.8,276.2,50000,-1.0,-1.0,-1.0
2023/09/22,275.8,278.8,274.2,278.2,66000,-1.0,-1.0,-1.0
2023/09/25,278.8,285.6,278.2,282.0,94000,-1.0,-1.0,-1.0
2023/09/26,282.40000000000003,283.6,279.6,283.6,58000,-1.0,-1.0,-1.0
2023/09/27,283.40000000000003,283.40000000000003,280.8,281.6,28000,-1.0,-1.0,-1.0
2023/09/28,281.40000000000003,286.2,280.0,286.0,67000,-1.0,-1.0,-1.0
2023/09/29,287.0,287.0,280.2,280.8,35500,-1.0,-1.0,-1.0
2023/10/02,279.6,281.2,277.2,277.40000000000003,61500,-1.0,-1.0,-1.0
2023/10/03,278.0,278.0,268.8,268.8,144500,-1.0,-1.0,-1.0
2023/10/04,268.40000000000003,269.0,264.0,264.0,161500,-1.0,-1.0,-1.0
2023/10/05,264.40000000000003,266.2,264.2,266.2,39000,-1.0,-1.0,-1.0
2023/10/06,266.6,268.2,264.2,267.6,36000,-1.0,-1.0,-1.0
2023/10/10,268.6,271.8,268.6,270.40000000000003,57000,-1.0,-1.0,-1.0
2023/10/11,270.40000000000003,272.6,269.40000000000003,270.8,35000,-1.0,-1.0,-1.0
2023/10/12,270.8,274.6,269.6,274.6,45500,-1.0,-1.0,-1.0
2023/10/13,274.2,274.2,269.0,270.8,27000,-1.0,-1.0,-1.0
2023/10/16,269.8,271.0,268.2,269.40000000000003,31000,-1.0,-1.0,-1.0
2023/10/17,270.0,272.2,269.8,270.40000000000003,29500,-1.0,-1.0,-1.0
2023/10/18,270.40000000000003,273.6,270.40000000000003,272.8,67500,-1.0,-1.0,-1.0
2023/10/19,271.6,272.2,269.8,270.40000000000003,23000,-1.0,-1.0,-1.0
2023/10/20,269.6,270.8,268.8,268.8,25000,-1.0,-1.0,-1.0
2023/10/23,268.6,269.2,266.40000000000003,266.40000000000003,23500,-1.0,-1.0,-1.0
2023/10/24,266.40000000000003,267.6,264.2,265.2,56500,-1.0,-1.0,-1.0
2023/10/25,266.0,268.0,265.0,265.0,28500,-1.0,-1.0,-1.0
2023/10/26,264.2,265.0,263.40000000000003,264.0,50500,-1.0,-1.0,-1.0
2023/10/27,264.0,265.6,264.0,264.6,37500,-1.0,-1.0,-1.0
2023/10/30,264.40000000000003,264.6,264.2,264.40000000000003,7000,-1.0,-1.0,-1.0
2023/10/31,264.2,264.8,263.6,264.6,47000,-1.0,-1.0,-1.0
2023/11/01,264.6,265.0,262.0,263.0,54000,-1.0,-1.0,-1.0
2023/11/02,263.0,264.40000000000003,262.2,262.2,84500,-1.0,-1.0,-1.0
2023/11/06,263.8,266.2,263.8,263.8,51500,-1.0,-1.0,-1.0
2023/11/07,264.2,266.6,263.40000000000003,263.6,77000,-1.0,-1.0,-1.0
2023/11/08,264.6,265.0,261.2,261.40000000000003,65000,-1.0,-1.0,-1.0
2023/11/09,262.8,263.0,261.0,263.0,50500,-1.0,-1.0,-1.0
2023/11/10,262.0,262.6,260.8,262.6,76000,-1.0,-1.0,-1.0
2023/11/13,266.6,266.6,262.40000000000003,263.2,80500,-1.0,-1.0,-1.0
2023/11/14,264.0,264.0,262.8,263.8,44000,-1.0,-1.0,-1.0
2023/11/15,263.8,265.6,263.8,265.40000000000003,43000,-1.0,-1.0,-1.0
2023/11/16,265.0,268.40000000000003,265.0,268.40000000000003,49000,-1.0,-1.0,-1.0
2023/11/17,268.40000000000003,271.8,267.2,270.8,26000,-1.0,-1.0,-1.0
2023/11/20,272.0,272.0,269.40000000000003,270.8,20500,-1.0,-1.0,-1.0
2023/11/21,270.40000000000003,271.8,268.8,269.2,20500,-1.0,-1.0,-1.0
2023/11/22,269.2,269.6,268.0,269.0,22000,-1.0,-1.0,-1.0
2023/11/24,268.2,270.6,268.2,270.6,38500,-1.0,-1.0,-1.0
2023/11/27,271.8,274.40000000000003,271.8,273.40000000000003,30500,-1.0,-1.0,-1.0
2023/11/28,274.8,275.0,273.2,273.8,83000,-1.0,-1.0,-1.0
2023/11/29,273.40000000000003,275.0,273.0,273.2,13500,-1.0,-1.0,-1.0
2023/11/30,274.6,275.0,274.0,274.8,33000,-1.0,-1.0,-1.0
2023/12/01,275.6,275.6,272.0,272.2,31500,-1.0,-1.0,-1.0
2023/12/04,273.0,277.2,272.0,277.0,58000,-1.0,-1.0,-1.0
2023/12/05,276.8,283.6,276.6,282.0,153000,-1.0,-1.0,-1.0
2023/12/06,282.0,289.0,282.0,286.8,108000,-1.0,-1.0,-1.0
2023/12/07,285.0,287.8,283.0,283.0,29000,-1.0,-1.0,-1.0
2023/12/08,282.2,282.2,277.2,277.2,34500,-1.0,-1.0,-1.0
2023/12/11,277.2,279.40000000000003,275.40000000000003,276.0,81500,-1.0,-1.0,-1.0
2023/12/12,276.40000000000003,279.6,275.0,275.0,19500,-1.0,-1.0,-1.0
2023/12/13,275.40000000000003,277.8,275.40000000000003,275.8,40000,-1.0,-1.0,-1.0
2023/12/14,273.6,275.8,270.6,270.6,56500,-1.0,-1.0,-1.0
2023/12/15,270.0,271.2,269.0,269.0,47500,-1.0,-1.0,-1.0
2023/12/18,269.8,270.40000000000003,266.40000000000003,266.6,22500,-1.0,-1.0,-1.0
2023/12/19,267.0,268.8,265.2,266.0,50000,-1.0,-1.0,-1.0
2023/12/20,266.2,267.8,265.2,265.2,25000,-1.0,-1.0,-1.0
2023/12/21,265.2,267.8,264.0,267.0,61500,-1.0,-1.0,-1.0
2023/12/22,266.2,267.0,264.8,265.2,42000,-1.0,-1.0,-1.0
2023/12/25,265.40000000000003,266.40000000000003,264.6,264.6,55500,-1.0,-1.0,-1.0
2023/12/26,265.0,265.6,264.2,264.2,73000,-1.0,-1.0,-1.0
2023/12/27,264.2,269.6,264.2,268.40000000000003,114000,-1.0,-1.0,-1.0
2023/12/28,272.2,277.6,271.6,276.0,33500,-1.0,-1.0,-1.0
2023/12/29,270.8,276.6,270.8,276.0,51000,-1.0,-1.0,-1.0
2024/01/04,281.6,281.6,276.8,280.0,72500,-1.0,-1.0,-1.0
2024/01/05,283.0,283.0,277.8,282.40000000000003,41000,-1.0,-1.0,-1.0
2024/01/09,282.40000000000003,286.2,282.40000000000003,286.2,76000,-1.0,-1.0,-1.0
2024/01/10,286.40000000000003,294.0,286.40000000000003,293.2,71000,-1.0,-1.0,-1.0
2024/01/11,293.2,293.2,287.0,288.0,74500,-1.0,-1.0,-1.0
2024/01/12,290.0,290.0,286.0,288.2,46500,-1.0,-1.0,-1.0
2024/01/15,289.2,290.6,288.2,289.0,16500,-1.0,-1.0,-1.0
2024/01/16,289.0,290.0,287.0,288.8,54500,-1.0,-1.0,-1.0
2024/01/17,289.6,289.6,285.0,286.8,49000,-1.0,-1.0,-1.0
2024/01/18,287.0,287.40000000000003,285.8,286.8,46000,-1.0,-1.0,-1.0
2024/01/19,284.8,286.8,284.8,286.8,32500,-1.0,-1.0,-1.0
2024/01/22,286.2,291.0,286.2,289.40000000000003,26000,-1.0,-1.0,-1.0
2024/01/23,287.8,288.0,285.8,286.0,74500,-1.0,-1.0,-1.0
2024/01/24,285.0,286.40000000000003,284.2,285.40000000000003,93000,-1.0,-1.0,-1.0
2024/01/25,287.0,288.40000000000003,285.8,287.6,40500,-1.0,-1.0,-1.0
2024/01/26,289.8,289.8,287.0,287.6,49000,-1.0,-1.0,-1.0
2024/01/29,289.0,289.0,286.0,286.2,72000,-1.0,-1.0,-1.0
2024/01/30,288.2,291.6,288.2,289.6,86000,-1.0,-1.0,-1.0
2024/01/31,291.2,296.40000000000003,290.0,296.40000000000003,46000,-1.0,-1.0,-1.0
2024/02/01,296.8,296.8,291.6,292.2,34500,-1.0,-1.0,-1.0
2024/02/02,296.6,296.6,292.2,296.0,55000,-1.0,-1.0,-1.0
2024/02/05,296.2,298.8,294.8,296.6,135000,-1.0,-1.0,-1.0
2024/02/06,296.2,297.8,293.8,293.8,55500,-1.0,-1.0,-1.0
2024/02/07,293.8,295.0,292.40000000000003,294.0,57500,-1.0,-1.0,-1.0
2024/02/08,294.2,294.2,288.6,292.8,59500,-1.0,-1.0,-1.0
2024/02/09,292.8,295.0,290.0,293.0,46000,-1.0,-1.0,-1.0
2024/02/13,296.40000000000003,296.40000000000003,292.6,295.8,58500,-1.0,-1.0,-1.0
2024/02/14,290.6,296.2,290.6,292.6,44000,-1.0,-1.0,-1.0
2024/02/15,292.2,297.0,291.0,294.8,68500,-1.0,-1.0,-1.0
2024/02/16,294.0,296.6,292.2,295.0,39000,-1.0,-1.0,-1.0
2024/02/19,295.2,298.8,295.2,296.40000000000003,67500,-1.0,-1.0,-1.0
2024/02/20,295.8,298.0,295.40000000000003,295.40000000000003,43000,-1.0,-1.0,-1.0
2024/02/21,296.8,302.8,296.8,300.0,117000,-1.0,-1.0,-1.0
2024/02/22,300.6,303.0,299.2,301.2,66000,-1.0,-1.0,-1.0
2024/02/26,302.2,307.6,302.0,307.0,78000,-1.0,-1.0,-1.0
2024/02/27,306.0,308.8,306.0,308.0,50000,-1.0,-1.0,-1.0
2024/02/28,307.0,312.0,306.0,310.6,61500,-1.0,-1.0,-1.0
2024/02/29,312.8,312.8,306.0,307.20000000000005,51500,-1.0,-1.0,-1.0
2024/03/01,305.2,310.0,305.2,308.6,33000,-1.0,-1.0,-1.0
2024/03/04,308.40000000000003,310.20000000000005,307.0,309.20000000000005,21500,-1.0,-1.0,-1.0
2024/03/05,309.0,311.0,307.40000000000003,307.6,63000,-1.0,-1.0,-1.0
2024/03/06,309.20000000000005,325.0,309.20000000000005,320.20000000000005,604500,-1.0,-1.0,-1.0
2024/03/07,323.8,325.40000000000003,315.20000000000005,319.20000000000005,111500,-1.0,-1.0,-1.0
2024/03/08,320.20000000000005,325.40000000000003,319.40000000000003,321.0,83500,-1.0,-1.0,-1.0
2024/03/11,317.0,322.0,317.0,317.20000000000005,64500,-1.0,-1.0,-1.0
2024/03/12,317.20000000000005,335.0,317.0,331.8,216500,-1.0,-1.0,-1.0
2024/03/13,336.0,344.6,329.0,331.8,161000,-1.0,-1.0,-1.0
2024/03/14,331.20000000000005,339.8,330.0,336.6,79500,-1.0,-1.0,-1.0
2024/03/15,335.8,342.8,333.8,336.8,81000,-1.0,-1.0,-1.0
2024/03/18,342.0,364.8,342.0,354.8,407500,-1.0,-1.0,-1.0
2024/03/19,357.6,367.6,354.20000000000005,357.0,208000,-1.0,-1.0,-1.0
2024/03/21,362.40000000000003,372.0,360.40000000000003,366.6,283000,-1.0,-1.0,-1.0
2024/03/22,371.0,371.6,359.8,363.20000000000005,113000,-1.0,-1.0,-1.0
2024/03/25,369.6,386.20000000000005,358.0,374.6,231500,-1.0,-1.0,-1.0
2024/03/26,366.6,374.40000000000003,366.6,368.8,92500,-1.0,-1.0,-1.0
2024/03/27,361.20000000000005,384.0,360.20000000000005,369.20000000000005,183000,-1.0,-1.0,-1.0
2024/03/28,366.0,379.20000000000005,363.20000000000005,365.6,154000,-1.0,-1.0,-1.0
2024/03/29,367.6,374.6,367.6,374.6,95500,-1.0,-1.0,-1.0
2024/04/01,378.8,378.8,366.0,366.6,86000,-1.0,-1.0,-1.0
2024/04/02,366.6,366.6,360.8,365.20000000000005,63000,-1.0,-1.0,-1.0
2024/04/03,365.20000000000005,369.6,358.8,360.20000000000005,125000,-1.0,-1.0,-1.0
2024/04/04,360.20000000000005,367.20000000000005,360.20000000000005,362.0,71500,-1.0,-1.0,-1.0
2024/04/05,358.0,364.8,350.20000000000005,358.6,121500,-1.0,-1.0,-1.0
2024/04/08,357.0,360.0,347.40000000000003,352.20000000000005,113000,-1.0,-1.0,-1.0
2024/04/09,352.6,358.20000000000005,352.20000000000005,358.20000000000005,20000,-1.0,-1.0,-1.0
2024/04/10,358.6,376.20000000000005,358.0,372.8,199000,-1.0,-1.0,-1.0
2024/04/11,368.40000000000003,371.40000000000003,365.0,371.40000000000003,92500,-1.0,-1.0,-1.0
2024/04/12,371.0,372.0,366.6,369.20000000000005,59000,-1.0,-1.0,-1.0
2024/04/15,369.40000000000003,385.0,367.6,382.0,133500,-1.0,-1.0,-1.0
2024/04/16,379.20000000000005,381.8,365.8,373.6,159000,-1.0,-1.0,-1.0
2024/04/17,374.40000000000003,377.20000000000005,369.0,369.0,52000,-1.0,-1.0,-1.0
2024/04/18,369.0,379.0,369.0,376.0,103500,-1.0,-1.0,-1.0
2024/04/19,373.0,375.8,359.8,368.20000000000005,145500,-1.0,-1.0,-1.0
2024/04/22,373.8,391.8,373.6,391.8,262000,-1.0,-1.0,-1.0
2024/04/23,395.6,406.0,389.0,403.20000000000005,272000,-1.0,-1.0,-1.0
2024/04/24,401.6,406.0,397.0,402.0,157000,-1.0,-1.0,-1.0
2024/04/25,412.0,425.20000000000005,402.6,408.6,540000,-1.0,-1.0,-1.0
2024/04/26,404.6,409.8,397.0,402.8,176000,-1.0,-1.0,-1.0
2024/04/30,396.6,401.8,388.6,395.0,184000,-1.0,-1.0,-1.0
2024/05/01,389.0,397.20000000000005,388.20000000000005,395.20000000000005,64000,-1.0,-1.0,-1.0
2024/05/02,396.0,396.0,384.8,391.40000000000003,105000,-1.0,-1.0,-1.0
2024/05/07,395.8,400.0,387.0,393.6,101000,-1.0,-1.0,-1.0
2024/05/08,393.6,393.6,383.8,387.0,120500,-1.0,-1.0,-1.0
2024/05/09,388.6,392.0,384.0,384.0,108500,-1.0,-1.0,-1.0
2024/05/10,383.8,386.20000000000005,379.6,384.40000000000003,140500,-1.0,-1.0,-1.0
2024/05/13,392.40000000000003,398.6,387.40000000000003,398.40000000000003,258000,-1.0,-1.0,-1.0
2024/05/14,381.6,387.20000000000005,370.0,384.6,395500,-1.0,-1.0,-1.0
2024/05/15,387.6,403.0,386.8,400.0,191000,-1.0,-1.0,-1.0
2024/05/16,401.20000000000005,422.20000000000005,400.0,422.20000000000005,383000,-1.0,-1.0,-1.0
2024/05/17,416.6,422.0,403.40000000000003,406.0,420000,-1.0,-1.0,-1.0
2024/05/20,404.6,437.40000000000003,404.6,437.40000000000003,375500,-1.0,-1.0,-1.0
2024/05/21,440.0,455.8,440.0,452.40000000000003,387000,-1.0,-1.0,-1.0
2024/05/22,455.8,464.20000000000005,452.0,461.0,330500,-1.0,-1.0,-1.0
2024/05/23,467.20000000000005,473.20000000000005,456.8,460.40000000000003,309500,-1.0,-1.0,-1.0
2024/05/24,450.40000000000003,479.20000000000005,448.20000000000005,458.6,441500,-1.0,-1.0,-1.0
2024/05/27,453.0,465.0,448.0,456.8,239000,-1.0,-1.0,-1.0
2024/05/28,460.20000000000005,479.8,460.20000000000005,473.6,267500,-1.0,-1.0,-1.0
2024/05/29,473.6,475.40000000000003,461.0,461.0,212500,-1.0,-1.0,-1.0
2024/05/30,455.40000000000003,477.6,455.0,468.6,235500,-1.0,-1.0,-1.0
2024/05/31,477.6,490.0,467.6,485.0,348500,-1.0,-1.0,-1.0
2024/06/03,535.0,551.4,514.0,534.4,1402000,-1.0,-1.0,-1.0
2024/06/04,553.8000000000001,587.4,529.2,543.0,2164500,-1.0,-1.0,-1.0
2024/06/05,550.0,558.0,526.2,539.2,596000,-1.0,-1.0,-1.0
2024/06/06,555.6,568.0,533.0,533.0,583000,-1.0,-1.0,-1.0
2024/06/07,527.0,546.2,524.4,535.8000000000001,274500,-1.0,-1.0,-1.0
2024/06/10,539.0,558.0,539.0,552.6,280000,-1.0,-1.0,-1.0
2024/06/11,560.0,570.8000000000001,557.6,562.4,351000,-1.0,-1.0,-1.0
2024/06/12,568.2,577.6,556.4,557.0,296000,-1.0,-1.0,-1.0
2024/06/13,561.8000000000001,568.6,535.0,535.2,320000,-1.0,-1.0,-1.0
2024/06/14,535.0,542.0,527.4,535.2,233500,-1.0,-1.0,-1.0
2024/06/17,525.2,532.0,512.4,515.0,254000,-1.0,-1.0,-1.0
2024/06/18,515.0,525.2,508.0,520.2,223500,-1.0,-1.0,-1.0
2024/06/19,520.2,520.2,500.40000000000003,505.40000000000003,203500,-1.0,-1.0,-1.0
2024/06/20,504.20000000000005,521.6,504.20000000000005,514.6,169000,-1.0,-1.0,-1.0
2024/06/21,514.6,515.6,508.0,510.0,102500,-1.0,-1.0,-1.0
2024/06/24,516.8000000000001,529.4,516.8000000000001,529.4,145500,-1.0,-1.0,-1.0
2024/06/25,528.6,531.4,513.8000000000001,518.0,249500,-1.0,-1.0,-1.0
2024/06/26,513.0,517.0,506.20000000000005,514.6,250500,-1.0,-1.0,-1.0
2024/06/27,514.6,547.8000000000001,511.20000000000005,544.4,293500,-1.0,-1.0,-1.0
2024/06/28,546.0,557.2,540.0,553.0,189000,-1.0,-1.0,-1.0
2024/07/01,569.8000000000001,602.0,565.4,593.6,746000,-1.0,-1.0,-1.0
2024/07/02,595.8000000000001,598.8000000000001,558.6,562.4,461500,-1.0,-1.0,-1.0
2024/07/03,558.6,575.0,558.6,569.8000000000001,289500,-1.0,-1.0,-1.0
2024/07/04,576.0,614.0,576.0,611.0,610000,-1.0,-1.0,-1.0
2024/07/05,607.0,633.0,602.0,609.0,788000,-1.0,-1.0,-1.0
2024/07/08,609.0,613.0,566.0,584.8000000000001,532000,-1.0,-1.0,-1.0
2024/07/09,599.8000000000001,602.0,588.2,593.0,308000,-1.0,-1.0,-1.0
2024/07/10,583.0,603.0,570.2,586.6,317500,-1.0,-1.0,-1.0
2024/07/11,586.6,599.8000000000001,580.2,599.6,309000,-1.0,-1.0,-1.0
2024/07/12,600.0,617.0,599.6,607.0,215500,-1.0,-1.0,-1.0
2024/07/16,612.0,621.0,602.0,619.0,206500,-1.0,-1.0,-1.0
2024/07/17,622.0,627.0,596.4,596.6,264500,-1.0,-1.0,-1.0
2024/07/18,580.6,590.0,557.6,558.8000000000001,714500,-1.0,-1.0,-1.0
2024/07/19,557.8000000000001,597.8000000000001,557.2,596.8000000000001,550000,-1.0,-1.0,-1.0
2024/07/22,586.8000000000001,593.8000000000001,560.4,581.8000000000001,288500,-1.0,-1.0,-1.0
2024/07/23,583.2,601.0,583.2,592.2,281000,-1.0,-1.0,-1.0
2024/07/24,590.0,602.0,577.8000000000001,583.8000000000001,168500,-1.0,-1.0,-1.0
2024/07/25,573.8000000000001,582.2,561.8000000000001,569.0,172000,-1.0,-1.0,-1.0
2024/07/26,569.0,575.8000000000001,562.0,566.6,86500,-1.0,-1.0,-1.0
2024/07/29,564.8000000000001,575.4,546.0,553.0,302500,-1.0,-1.0,-1.0
2024/07/30,552.0,557.4,541.0,554.8000000000001,278500,-1.0,-1.0,-1.0
2024/07/31,553.8000000000001,580.0,546.6,555.4,342000,-1.0,-1.0,-1.0
2024/08/01,550.0,550.2,522.2,525.0,248000,-1.0,-1.0,-1.0
2024/08/02,505.20000000000005,514.4,497.0,501.8,323000,-1.0,-1.0,-1.0
2024/08/05,471.8,471.8,401.8,402.0,385500,-1.0,-1.0,-1.0
2024/08/06,479.8,479.8,454.0,465.6,268500,-1.0,-1.0,-1.0
2024/08/07,455.6,497.0,454.20000000000005,487.40000000000003,140500,-1.0,-1.0,-1.0
2024/08/08,482.0,482.0,457.0,466.8,162500,-1.0,-1.0,-1.0
2024/08/09,490.0,515.4,484.20000000000005,498.6,179500,-1.0,-1.0,-1.0
2024/08/13,538.6,538.6,492.6,504.8,371000,-1.0,-1.0,-1.0
2024/08/14,507.8,511.6,491.0,502.6,182000,-1.0,-1.0,-1.0
2024/08/15,498.40000000000003,503.8,493.0,497.0,144000,-1.0,-1.0,-1.0
2024/08/16,509.8,526.6,504.40000000000003,523.8000000000001,216500,-1.0,-1.0,-1.0
2024/08/19,522.0,530.0,511.0,518.8000000000001,130000,-1.0,-1.0,-1.0
2024/08/20,528.8000000000001,560.4,526.6,560.4,199500,-1.0,-1.0,-1.0
2024/08/21,540.4,558.8000000000001,535.0,554.0,187000,-1.0,-1.0,-1.0
2024/08/22,550.2,553.8000000000001,532.0,533.0,185500,-1.0,-1.0,-1.0
2024/08/23,530.0,541.8000000000001,524.0,535.0,111500,-1.0,-1.0,-1.0
2024/08/26,528.0,541.8000000000001,526.6,536.6,72000,-1.0,-1.0,-1.0
2024/08/27,540.0,564.8000000000001,537.0,558.6,187500,-1.0,-1.0,-1.0
2024/08/28,568.6,581.4,564.8000000000001,565.2,270000,-1.0,-1.0,-1.0
2024/08/29,560.2,568.8000000000001,552.0,562.0,233500,-1.0,-1.0,-1.0
2024/08/30,561.2,575.0,550.4,575.0,209000,-1.0,-1.0,-1.0
2024/09/02,584.6,599.8000000000001,572.4,574.6,424500,-1.0,-1.0,-1.0
2024/09/03,577.6,600.0,572.0,600.0,258500,-1.0,-1.0,-1.0
2024/09/04,572.0,580.0,545.8000000000001,549.2,522500,-1.0,-1.0,-1.0
2024/09/05,555.6,569.2,547.6,557.0,210500,-1.0,-1.0,-1.0
2024/09/06,557.0,557.0,527.8000000000001,545.8000000000001,276000,-1.0,-1.0,-1.0
2024/09/09,540.0,557.0,532.8000000000001,552.2,246000,-1.0,-1.0,-1.0
2024/09/10,550.4,553.0,538.0,538.0,144500,-1.0,-1.0,-1.0
2024/09/11,536.6,541.0,523.0,535.0,255000,-1.0,-1.0,-1.0
2024/09/12,555.6,578.0,550.6,570.2,314000,-1.0,-1.0,-1.0
2024/09/13,565.2,593.8000000000001,565.2,589.2,340500,-1.0,-1.0,-1.0
2024/09/17,592.0,594.0,569.0,580.0,285500,-1.0,-1.0,-1.0
2024/09/18,585.6,588.6,573.2,582.6,196500,-1.0,-1.0,-1.0
2024/09/19,588.8000000000001,610.0,588.8000000000001,593.0,257000,-1.0,-1.0,-1.0
2024/09/20,603.0,640.0,596.0,631.0,449000,-1.0,-1.0,-1.0
2024/09/24,637.0,640.0,614.0,623.0,300000,-1.0,-1.0,-1.0
2024/09/25,624.0,647.0,608.0,631.0,327000,-1.0,-1.0,-1.0
2024/09/26,644.0,666.0,632.0,660.0,311500,-1.0,-1.0,-1.0
2024/09/27,654.0,654.0,634.0,639.0,226000,-1.0,-1.0,-1.0
2024/09/30,625.0,649.0,617.0,617.0,276000,-1.0,-1.0,-1.0
2024/10/01,620.0,665.0,613.0,664.0,292000,-1.0,-1.0,-1.0
2024/10/02,650.0,658.0,633.0,636.0,187000,-1.0,-1.0,-1.0
2024/10/03,685.0,688.0,651.0,653.0,1047500,-1.0,-1.0,-1.0
2024/10/04,650.0,650.0,620.0,620.0,507000,-1.0,-1.0,-1.0
2024/10/07,634.0,635.0,615.0,628.0,287500,-1.0,-1.0,-1.0
2024/10/08,625.0,626.0,614.0,622.0,231500,-1.0,-1.0,-1.0
2024/10/09,632.0,656.0,620.0,648.0,414000,-1.0,-1.0,-1.0
2024/10/10,660.0,664.0,636.0,653.0,330000,-1.0,-1.0,-1.0
2024/10/11,653.0,659.0,643.0,658.0,334000,-1.0,-1.0,-1.0
2024/10/15,659.0,670.0,642.0,663.0,392000,-1.0,-1.0,-1.0
2024/10/16,649.0,657.0,627.0,641.0,456000,-1.0,-1.0,-1.0
2024/10/17,645.0,679.0,645.0,670.0,463000,-1.0,-1.0,-1.0
2024/10/18,669.0,709.0,664.0,689.0,518500,-1.0,-1.0,-1.0
2024/10/21,684.0,709.0,678.0,696.0,648000,-1.0,-1.0,-1.0
2024/10/22,687.0,704.0,679.0,687.0,408500,-1.0,-1.0,-1.0
2024/10/23,685.0,705.0,671.0,687.0,470000,-1.0,-1.0,-1.0
2024/10/24,675.0,703.0,673.0,701.0,326000,-1.0,-1.0,-1.0
2024/10/25,698.0,705.0,670.0,678.0,283000,-1.0,-1.0,-1.0
2024/10/28,677.0,701.0,661.0,682.0,802500,-1.0,-1.0,-1.0
2024/10/29,680.0,715.0,670.0,712.0,540000,-1.0,-1.0,-1.0
2024/10/30,715.0,722.0,702.0,712.0,424000,-1.0,-1.0,-1.0
2024/10/31,710.0,728.0,704.0,720.0,365500,-1.0,-1.0,-1.0
2024/11/01,692.0,704.0,627.0,630.0,781500,-1.0,-1.0,-1.0
2024/11/05,631.0,658.0,630.0,641.0,232500,-1.0,-1.0,-1.0
2024/11/06,638.0,657.0,623.0,657.0,266000,-1.0,-1.0,-1.0
2024/11/07,660.0,674.0,644.0,659.0,213000,-1.0,-1.0,-1.0
2024/11/08,667.0,673.0,656.0,670.0,211500,-1.0,-1.0,-1.0
2024/11/11,672.0,688.0,659.0,680.0,584500,-1.0,-1.0,-1.0
2024/11/12,748.0,799.0,722.0,775.0,2237000,-1.0,-1.0,-1.0
2024/11/13,773.0,835.0,752.0,760.0,1261000,-1.0,-1.0,-1.0
2024/11/14,760.0,765.0,740.0,762.0,479000,-1.0,-1.0,-1.0
2024/11/15,758.0,783.0,746.0,781.0,491000,-1.0,-1.0,-1.0
2024/11/18,780.0,818.0,779.0,816.0,662000,-1.0,-1.0,-1.0
2024/11/19,829.0,846.0,813.0,813.0,624500,-1.0,-1.0,-1.0
2024/11/20,819.0,829.0,801.0,818.0,253500,-1.0,-1.0,-1.0
2024/11/21,829.0,882.0,825.0,874.0,1014500,-1.0,-1.0,-1.0
2024/11/22,888.0,920.0,870.0,895.0,1092000,-1.0,-1.0,-1.0
2024/11/25,912.0,926.0,881.0,921.0,773500,-1.0,-1.0,-1.0
2024/11/26,940.0,949.0,882.0,892.0,828500,-1.0,-1.0,-1.0
2024/11/27,906.0,926.0,882.0,922.0,670500,-1.0,-1.0,-1.0
2024/11/28,908.0,932.0,894.0,925.0,568000,-1.0,-1.0,-1.0
2024/11/29,922.0,956.0,913.0,956.0,590000,-1.0,-1.0,-1.0
2024/12/02,942.0,955.0,914.0,951.0,643000,-1.0,-1.0,-1.0
2024/12/03,962.0,969.0,930.0,963.0,579500,-1.0,-1.0,-1.0
2024/12/04,974.0,1000.0,960.0,961.0,792500,-1.0,-1.0,-1.0
2024/12/05,972.0,993.0,953.0,980.0,487500,-1.0,-1.0,-1.0
2024/12/06,969.0,987.0,963.0,964.0,290000,-1.0,-1.0,-1.0
2024/12/09,962.0,1032.0,959.0,1026.0,782000,-1.0,-1.0,-1.0
2024/12/10,1010.0,1026.0,989.0,998.0,452000,-1.0,-1.0,-1.0
2024/12/11,1004.0,1014.0,994.0,1000.0,160500,-1.0,-1.0,-1.0
2024/12/12,1018.0,1064.0,1018.0,1052.0,538500,-1.0,-1.0,-1.0
2024/12/13,1052.0,1134.0,1050.0,1082.0,1262000,-1.0,-1.0,-1.0
2024/12/16,1072.0,1114.0,1062.0,1114.0,452000,-1.0,-1.0,-1.0
2024/12/17,1112.0,1118.0,1080.0,1102.0,569500,-1.0,-1.0,-1.0
2024/12/18,1102.0,1194.0,1088.0,1180.0,885500,-1.0,-1.0,-1.0
2024/12/19,1168.0,1276.0,1154.0,1248.0,1513500,-1.0,-1.0,-1.0
2024/12/20,1236.0,1254.0,1108.0,1160.0,1477500,-1.0,-1.0,-1.0
2024/12/23,1140.0,1150.0,1022.0,1042.0,1666500,-1.0,-1.0,-1.0
2024/12/24,1042.0,1126.0,1042.0,1078.0,1151000,-1.0,-1.0,-1.0
2024/12/25,1074.0,1102.0,1034.0,1066.0,579000,-1.0,-1.0,-1.0
2024/12/26,1070.0,1084.0,1050.0,1082.0,508000,-1.0,-1.0,-1.0
2024/12/27,1084.0,1178.0,1084.0,1124.0,989000,-1.0,-1.0,-1.0
2024/12/30,1110.0,1130.0,1088.0,1130.0,472500,-1.0,-1.0,-1.0
2025/01/06,1148.0,1160.0,1108.0,1120.0,441500,-1.0,-1.0,-1.0
2025/01/07,1124.0,1124.0,1086.0,1110.0,476500,-1.0,-1.0,-1.0
2025/01/08,1090.0,1104.0,1060.0,1060.0,374500,-1.0,-1.0,-1.0
2025/01/09,1024.0,1076.0,1022.0,1060.0,386000,-1.0,-1.0,-1.0
2025/01/10,1060.0,1110.0,1052.0,1098.0,360500,-1.0,-1.0,-1.0
2025/01/14,1058.0,1060.0,995.0,1000.0,522500,-1.0,-1.0,-1.0
2025/01/15,1014.0,1030.0,1000.0,1012.0,405000,-1.0,-1.0,-1.0
2025/01/16,1018.0,1052.0,1018.0,1024.0,238000,-1.0,-1.0,-1.0
2025/01/17,1004.0,1016.0,980.0,996.0,256500,-1.0,-1.0,-1.0
2025/01/20,996.0,1016.0,989.0,1002.0,204500,-1.0,-1.0,-1.0
2025/01/21,996.0,1026.0,990.0,992.0,155500,-1.0,-1.0,-1.0
2025/01/22,998.0,1086.0,998.0,1074.0,553000,-1.0,-1.0,-1.0
2025/01/23,1092.0,1138.0,1086.0,1096.0,557000,-1.0,-1.0,-1.0
2025/01/24,1092.0,1096.0,1048.0,1056.0,289000,-1.0,-1.0,-1.0
2025/01/27,1088.0,1110.0,1050.0,1050.0,504000,-1.0,-1.0,-1.0
2025/01/28,976.0,998.0,923.0,971.0,693500,-1.0,-1.0,-1.0
2025/01/29,1008.0,1024.0,978.0,1004.0,305000,-1.0,-1.0,-1.0
2025/01/30,996.0,999.0,972.0,992.0,172000,-1.0,-1.0,-1.0
2025/01/31,992.0,1008.0,971.0,973.0,214500,-1.0,-1.0,-1.0
2025/02/03,978.0,980.0,940.0,945.0,359000,-1.0,-1.0,-1.0
2025/02/04,958.0,994.0,951.0,951.0,215000,-1.0,-1.0,-1.0
2025/02/05,953.0,980.0,953.0,970.0,39500,-1.0,-1.0,-1.0
2025/02/06,1000.0,1010.0,983.0,993.0,166500,-1.0,-1.0,-1.0
2025/02/07,988.0,1024.0,988.0,1012.0,147500,-1.0,-1.0,-1.0
2025/02/10,1012.0,1036.0,1008.0,1034.0,193000,-1.0,-1.0,-1.0
2025/02/12,1050.0,1084.0,969.0,978.0,720500,-1.0,-1.0,-1.0
2025/02/13,969.0,1004.0,969.0,997.0,279500,-1.0,-1.0,-1.0
2025/02/14,998.0,1028.0,992.0,1000.0,186500,-1.0,-1.0,-1.0
2025/02/17,996.0,1004.0,973.0,979.0,222000,-1.0,-1.0,-1.0
2025/02/18,979.0,1058.0,979.0,1024.0,402000,-1.0,-1.0,-1.0
2025/02/19,1024.0,1054.0,1008.0,1016.0,247000,-1.0,-1.0,-1.0
2025/02/20,1010.0,1014.0,978.0,980.0,271000,-1.0,-1.0,-1.0
2025/02/21,970.0,980.0,947.0,960.0,415500,-1.0,-1.0,-1.0
2025/02/25,932.0,947.0,922.0,927.0,226000,-1.0,-1.0,-1.0
2025/02/26,907.0,907.0,870.0,892.0,488000,-1.0,-1.0,-1.0
2025/02/27,906.0,935.0,900.0,931.0,208000,-1.0,-1.0,-1.0
2025/02/28,917.0,935.0,903.0,904.0,154000,-1.0,-1.0,-1.0
2025/03/03,918.0,926.0,900.0,901.0,196500,-1.0,-1.0,-1.0
2025/03/04,877.0,879.0,841.0,858.0,267000,-1.0,-1.0,-1.0
2025/03/05,854.0,888.0,854.0,877.0,135000,-1.0,-1.0,-1.0
2025/03/06,882.0,891.0,854.0,864.0,187500,-1.0,-1.0,-1.0
2025/03/07,837.0,853.0,828.0,828.0,202000,-1.0,-1.0,-1.0
2025/03/10,829.0,830.0,806.0,822.0,166000,-1.0,-1.0,-1.0
2025/03/11,793.0,814.0,776.0,814.0,242500,-1.0,-1.0,-1.0
2025/03/12,800.0,828.0,800.0,814.0,146000,-1.0,-1.0,-1.0
2025/03/13,831.0,858.0,823.0,823.0,186000,-1.0,-1.0,-1.0
2025/03/14,818.0,859.0,818.0,856.0,81000,-1.0,-1.0,-1.0
2025/03/17,856.0,874.0,846.0,847.0,94000,-1.0,-1.0,-1.0
2025/03/18,850.0,867.0,850.0,853.0,71500,-1.0,-1.0,-1.0
2025/03/19,851.0,867.0,843.0,848.0,120500,-1.0,-1.0,-1.0
2025/03/21,848.0,876.0,848.0,860.0,118000,-1.0,-1.0,-1.0
2025/03/24,860.0,860.0,834.0,844.0,83000,-1.0,-1.0,-1.0
2025/03/25,847.0,857.0,841.0,852.0,117000,-1.0,-1.0,-1.0
2025/03/26,856.0,856.0,821.0,847.0,137500,-1.0,-1.0,-1.0
2025/03/27,833.0,833.0,814.0,820.0,166500,-1.0,-1.0,-1.0
2025/03/28,799.0,809.0,782.0,792.0,203000,-1.0,-1.0,-1.0
2025/03/31,770.0,774.0,750.0,766.0,273500,-1.0,-1.0,-1.0
2025/04/01,761.0,778.0,682.0,696.0,859500,-1.0,-1.0,-1.0
2025/04/02,693.0,729.0,678.0,712.0,388000,-1.0,-1.0,-1.0
2025/04/03,656.0,678.0,636.0,653.0,613500,-1.0,-1.0,-1.0
2025/04/04,630.0,638.0,576.8000000000001,593.6,712500,-1.0,-1.0,-1.0
2025/04/07,522.4,539.6,506.8,517.6,463000,-1.0,-1.0,-1.0
2025/04/08,587.6,609.0,584.6,598.4,327000,-1.0,-1.0,-1.0
2025/04/09,570.0,575.4,541.6,575.4,359500,-1.0,-1.0,-1.0
2025/04/10,673.0,673.0,606.0,622.0,247000,-1.0,-1.0,-1.0
2025/04/11,584.0,618.0,584.0,612.0,230000,-1.0,-1.0,-1.0
2025/04/14,626.0,638.0,616.0,616.0,158000,-1.0,-1.0,-1.0
2025/04/15,629.0,637.0,620.0,626.0,188500,-1.0,-1.0,-1.0
2025/04/16,619.0,619.0,597.6,605.0,145000,-1.0,-1.0,-1.0
2025/04/17,617.0,620.0,608.0,618.0,166000,-1.0,-1.0,-1.0
2025/04/18,622.0,636.0,616.0,634.0,86500,-1.0,-1.0,-1.0
2025/04/21,628.0,638.0,622.0,626.0,153500,-1.0,-1.0,-1.0
2025/04/22,620.0,624.0,610.0,612.0,94500,-1.0,-1.0,-1.0
2025/04/23,626.0,634.0,617.0,624.0,126000,-1.0,-1.0,-1.0
2025/04/24,641.0,678.0,640.0,669.0,359000,-1.0,-1.0,-1.0
2025/04/25,677.0,687.0,654.0,661.0,317000,-1.0,-1.0,-1.0
2025/04/28,703.0,712.0,660.0,660.0,249500,-1.0,-1.0,-1.0
2025/04/30,661.0,675.0,658.0,670.0,178000,-1.0,-1.0,-1.0
2025/05/01,672.0,690.0,663.0,663.0,98000,-1.0,-1.0,-1.0
2025/05/02,668.0,681.0,663.0,672.0,106500,-1.0,-1.0,-1.0
2025/05/07,672.0,672.0,650.0,665.0,137000,-1.0,-1.0,-1.0
2025/05/08,665.0,675.0,660.0,670.0,126000,-1.0,-1.0,-1.0
2025/05/09,679.0,709.0,679.0,690.0,300500,-1.0,-1.0,-1.0
2025/05/12,704.0,754.0,697.0,726.0,592500,-1.0,-1.0,-1.0
2025/05/13,754.0,764.0,743.0,753.0,583500,-1.0,-1.0,-1.0
2025/05/14,779.0,793.0,743.0,754.0,615500,-1.0,-1.0,-1.0
2025/05/15,860.0,894.0,840.0,894.0,1949000,-1.0,-1.0,-1.0
2025/05/16,936.0,938.0,856.0,862.0,937000,-1.0,-1.0,-1.0
2025/05/19,882.0,902.0,864.0,880.0,572500,-1.0,-1.0,-1.0
2025/05/20,903.0,929.0,899.0,909.0,649500,-1.0,-1.0,-1.0
2025/05/21,923.0,927.0,881.0,887.0,339000,-1.0,-1.0,-1.0
2025/05/22,870.0,908.0,867.0,893.0,239500,-1.0,-1.0,-1.0
2025/05/23,888.0,923.0,888.0,915.0,233000,-1.0,-1.0,-1.0
2025/05/26,929.0,957.0,929.0,933.0,440500,-1.0,-1.0,-1.0
2025/05/27,936.0,985.0,933.0,968.0,551000,-1.0,-1.0,-1.0
2025/05/28,975.0,978.0,948.0,950.0,287500,-1.0,-1.0,-1.0
2025/05/29,964.0,1004.0,964.0,996.0,535000,-1.0,-1.0,-1.0
2025/05/30,986.0,1002.0,970.0,978.0,286500,-1.0,-1.0,-1.0
2025/06/02,964.0,979.0,950.0,972.0,256500,-1.0,-1.0,-1.0
2025/06/03,1000.0,1010.0,954.0,963.0,301500,-1.0,-1.0,-1.0
2025/06/04,973.0,1028.0,973.0,1012.0,436000,-1.0,-1.0,-1.0
2025/06/05,1030.0,1058.0,1004.0,1004.0,504000,-1.0,-1.0,-1.0
2025/06/06,1014.0,1056.0,1008.0,1024.0,553000,-1.0,-1.0,-1.0
2025/06/09,1034.0,1070.0,1022.0,1062.0,383000,-1.0,-1.0,-1.0
2025/06/10,1070.0,1112.0,1064.0,1064.0,588000,-1.0,-1.0,-1.0
2025/06/11,1066.0,1076.0,1048.0,1054.0,265500,-1.0,-1.0,-1.0
2025/06/12,1048.0,1074.0,1044.0,1044.0,176500,-1.0,-1.0,-1.0
2025/06/13,1044.0,1054.0,1020.0,1028.0,237500,-1.0,-1.0,-1.0
2025/06/16,1022.0,1070.0,1022.0,1068.0,254500,-1.0,-1.0,-1.0
2025/06/17,1068.0,1104.0,1056.0,1086.0,353500,-1.0,-1.0,-1.0
2025/06/18,1068.0,1078.0,1048.0,1066.0,262500,-1.0,-1.0,-1.0
2025/06/19,1082.0,1098.0,1072.0,1084.0,297000,-1.0,-1.0,-1.0
2025/06/20,1078.0,1114.0,1078.0,1104.0,447000,-1.0,-1.0,-1.0
2025/06/23,1092.0,1100.0,1072.0,1080.0,259000,-1.0,-1.0,-1.0
2025/06/24,1118.0,1130.0,1088.0,1090.0,375000,-1.0,-1.0,-1.0
2025/06/25,1102.0,1108.0,1068.0,1082.0,240500,-1.0,-1.0,-1.0
2025/06/26,1094.0,1136.0,1090.0,1120.0,621500,-1.0,-1.0,-1.0
2025/06/27,1112.0,1136.0,1108.0,1112.0,301500,-1.0,-1.0,-1.0
2025/06/30,1132.0,1156.0,1126.0,1134.0,396500,-1.0,-1.0,-1.0
2025/07/01,1114.0,1148.0,1088.0,1132.0,393500,-1.0,-1.0,-1.0
2025/07/02,1092.0,1112.0,1060.0,1082.0,430500,-1.0,-1.0,-1.0
2025/07/03,1074.0,1090.0,1064.0,1076.0,201000,-1.0,-1.0,-1.0
2025/07/04,1078.0,1098.0,1048.0,1060.0,264500,-1.0,-1.0,-1.0
2025/07/07,1052.0,1070.0,1038.0,1046.0,150500,-1.0,-1.0,-1.0
2025/07/08,1048.0,1136.0,1048.0,1118.0,409000,-1.0,-1.0,-1.0
2025/07/09,1128.0,1140.0,1102.0,1132.0,161000,-1.0,-1.0,-1.0
2025/07/10,1126.0,1150.0,1120.0,1122.0,166000,-1.0,-1.0,-1.0
2025/07/11,1126.0,1144.0,1098.0,1102.0,124500,-1.0,-1.0,-1.0
2025/07/14,1096.0,1154.0,1092.0,1124.0,304500,-1.0,-1.0,-1.0
2025/07/15,1128.0,1146.0,1116.0,1140.0,210500,-1.0,-1.0,-1.0
2025/07/16,1142.0,1158.0,1126.0,1126.0,236000,-1.0,-1.0,-1.0
2025/07/17,1126.0,1148.0,1124.0,1144.0,174500,-1.0,-1.0,-1.0
2025/07/18,1144.0,1148.0,1114.0,1124.0,166500,-1.0,-1.0,-1.0
2025/07/22,1130.0,1150.0,1122.0,1126.0,187000,-1.0,-1.0,-1.0
2025/07/23,1136.0,1166.0,1096.0,1164.0,407500,-1.0,-1.0,-1.0
2025/07/24,1180.0,1188.0,1150.0,1168.0,278500,-1.0,-1.0,-1.0
2025/07/25,1168.0,1176.0,1152.0,1160.0,202000,-1.0,-1.0,-1.0
2025/07/28,1150.0,1152.0,1122.0,1128.0,162500,-1.0,-1.0,-1.0
2025/07/29,1120.0,1136.0,1110.0,1114.0,123000,-1.0,-1.0,-1.0
2025/07/30,1132.0,1192.0,1122.0,1166.0,607500,-1.0,-1.0,-1.0
2025/07/31,1182.0,1240.0,1178.0,1240.0,825500,-1.0,-1.0,-1.0
2025/08/01,1246.0,1258.0,1216.0,1250.0,382500,-1.0,-1.0,-1.0
2025/08/04,1204.0,1242.0,1204.0,1238.0,239500,-1.0,-1.0,-1.0
2025/08/05,1240.0,1276.0,1238.0,1270.0,254000,-1.0,-1.0,-1.0
2025/08/06,1270.0,1272.0,1234.0,1272.0,313500,-1.0,-1.0,-1.0
2025/08/07,1272.0,1280.0,1250.0,1278.0,271000,-1.0,-1.0,-1.0
2025/08/08,1270.0,1286.0,1258.0,1270.0,437000,-1.0,-1.0,-1.0
2025/08/12,1440.0,1468.0,1370.0,1388.0,1322000,-1.0,-1.0,-1.0
2025/08/13,1398.0,1410.0,1344.0,1378.0,457500,-1.0,-1.0,-1.0
2025/08/14,1378.0,1446.0,1370.0,1436.0,649000,-1.0,-1.0,-1.0
2025/08/15,1420.0,1434.0,1386.0,1428.0,340500,-1.0,-1.0,-1.0
2025/08/18,1434.0,1470.0,1418.0,1458.0,381500,-1.0,-1.0,-1.0
2025/08/19,1470.0,1554.0,1468.0,1518.0,768000,-1.0,-1.0,-1.0
2025/08/20,1462.0,1470.0,1418.0,1424.0,530500,-1.0,-1.0,-1.0
2025/08/21,1430.0,1550.0,1430.0,1526.0,720000,-1.0,-1.0,-1.0
2025/08/22,1518.0,1560.0,1518.0,1552.0,431500,-1.0,-1.0,-1.0
2025/08/25,1600.0,1606.0,1564.0,1600.0,395500,-1.0,-1.0,-1.0
2025/08/26,1582.0,1594.0,1560.0,1566.0,271500,-1.0,-1.0,-1.0
2025/08/27,1570.0,1590.0,1556.0,1570.0,202000,-1.0,-1.0,-1.0
2025/08/28,1540.0,1718.0,1530.0,1718.0,1103500,-1.0,-1.0,-1.0
2025/08/29,1716.0,1732.0,1686.0,1706.0,422000,-1.0,-1.0,-1.0
2025/09/01,1684.0,1684.0,1640.0,1664.0,386500,-1.0,-1.0,-1.0
2025/09/02,1680.0,1684.0,1598.0,1598.0,423500,-1.0,-1.0,-1.0
2025/09/03,1580.0,1584.0,1542.0,1550.0,531500,-1.0,-1.0,-1.0
2025/09/04,1552.0,1630.0,1552.0,1620.0,389000,-1.0,-1.0,-1.0
2025/09/05,1660.0,1710.0,1626.0,1710.0,660500,-1.0,-1.0,-1.0
2025/09/08,1776.0,1780.0,1720.0,1780.0,522500,-1.0,-1.0,-1.0
2025/09/09,1796.0,1798.0,1678.0,1682.0,609000,-1.0,-1.0,-1.0
2025/09/10,1708.0,1756.0,1698.0,1748.0,498000,-1.0,-1.0,-1.0
2025/09/11,1778.0,1826.0,1762.0,1810.0,908000,-1.0,-1.0,-1.0
2025/09/12,1798.0,1830.0,1776.0,1792.0,472500,-1.0,-1.0,-1.0
2025/09/16,1804.0,1826.0,1760.0,1782.0,336000,-1.0,-1.0,-1.0
2025/09/17,1770.0,1770.0,1704.0,1704.0,553000,-1.0,-1.0,-1.0
2025/09/18,1726.0,1780.0,1704.0,1764.0,382500,-1.0,-1.0,-1.0
2025/09/19,1812.0,1828.0,1708.0,1790.0,761500,-1.0,-1.0,-1.0
2025/09/22,1812.0,1910.0,1798.0,1896.0,948000,-1.0,-1.0,-1.0
2025/09/24,1868.0,1920.0,1832.0,1906.0,603500,-1.0,-1.0,-1.0
2025/09/25,1906.0,1910.0,1842.0,1860.0,487000,-1.0,-1.0,-1.0
2025/09/26,1850.0,1890.0,1848.0,1852.0,358000,-1.0,-1.0,-1.0
2025/09/29,1878.0,1884.0,1856.0,1862.0,233000,-1.0,-1.0,-1.0
2025/09/30,1860.0,1890.0,1844.0,1852.0,385500,-1.0,-1.0,-1.0
2025/10/01,1830.0,1836.0,1764.0,1782.0,608000,-1.0,-1.0,-1.0
2025/10/02,1792.0,1918.0,1792.0,1894.0,740500,-1.0,-1.0,-1.0
2025/10/03,1898.0,1910.0,1840.0,1910.0,535500,-1.0,-1.0,-1.0
2025/10/06,1970.0,1970.0,1906.0,1926.0,551000,-1.0,-1.0,-1.0
2025/10/07,1950.0,2020.0,1920.0,1932.0,1162500,-1.0,-1.0,-1.0
2025/10/08,1934.0,1986.0,1884.0,1974.0,481000,-1.0,-1.0,-1.0
2025/10/09,2024.0,2048.0,1990.0,2034.0,617500,-1.0,-1.0,-1.0
2025/10/10,2020.0,2050.0,1984.0,2014.0,638500,-1.0,-1.0,-1.0
2025/10/14,1986.0,2026.0,1886.0,1892.0,890000,-1.0,-1.0,-1.0
2025/10/15,1880.0,1898.0,1848.0,1868.0,669500,-1.0,-1.0,-1.0
2025/10/16,1916.0,1932.0,1842.0,1882.0,443000,-1.0,-1.0,-1.0
2025/10/17,1840.0,1862.0,1788.0,1796.0,564000,-1.0,-1.0,-1.0
2025/10/20,1794.0,1802.0,1732.0,1762.0,694500,-1.0,-1.0,-1.0
2025/10/21,1774.0,1774.0,1688.0,1716.0,696500,-1.0,-1.0,-1.0
2025/10/22,1716.0,1720.0,1672.0,1696.0,423500,-1.0,-1.0,-1.0
2025/10/23,1666.0,1730.0,1646.0,1706.0,522500,-1.0,-1.0,-1.0
2025/10/24,1728.0,1814.0,1710.0,1800.0,647000,-1.0,-1.0,-1.0
2025/10/27,1818.0,1900.0,1796.0,1892.0,783500,-1.0,-1.0,-1.0
2025/10/28,1900.0,1984.0,1858.0,1940.0,999500,-1.0,-1.0,-1.0
2025/10/29,1986.0,1996.0,1858.0,1880.0,671500,-1.0,-1.0,-1.0
2025/10/30,1854.0,1916.0,1824.0,1872.0,429500,-1.0,-1.0,-1.0
2025/10/31,1868.0,1944.0,1858.0,1920.0,435000,-1.0,-1.0,-1.0
2025/11/04,1978.0,2000.0,1934.0,1960.0,637000,-1.0,-1.0,-1.0
2025/11/05,1900.0,1942.0,1808.0,1942.0,923000,-1.0,-1.0,-1.0
2025/11/06,1980.0,2198.0,1966.0,2198.0,1358000,-1.0,-1.0,-1.0
2025/11/07,2078.0,2112.0,2000.0,2038.0,1181000,-1.0,-1.0,-1.0
2025/11/10,2008.0,2090.0,1954.0,2018.0,851000,-1.0,-1.0,-1.0
2025/11/11,2078.0,2098.0,2024.0,2026.0,676000,-1.0,-1.0,-1.0
2025/11/12,2026.0,2160.0,1998.0,2160.0,728000,-1.0,-1.0,-1.0
2025/11/13,2164.0,2254.0,2130.0,2224.0,1243500,-1.0,-1.0,-1.0
2025/11/14,2700.0,2802.0,2582.0,2724.0,3935500,-1.0,-1.0,-1.0
2025/11/17,2724.0,2800.0,2604.0,2736.0,1752500,-1.0,-1.0,-1.0
2025/11/18,2680.0,2740.0,2520.0,2532.0,1140000,-1.0,-1.0,-1.0
2025/11/19,2472.0,2500.0,2294.0,2422.0,1751500,-1.0,-1.0,-1.0
2025/11/20,2620.0,2682.0,2562.0,2610.0,1008000,-1.0,-1.0,-1.0
2025/11/21,2440.0,2538.0,2340.0,2378.0,914500,-1.0,-1.0,-1.0
2025/11/25,2492.0,2492.0,2334.0,2380.0,760000,-1.0,-1.0,-1.0
2025/11/26,2390.0,2494.0,2354.0,2416.0,575000,-1.0,-1.0,-1.0
2025/11/27,2490.0,2644.0,2446.0,2610.0,850500,-1.0,-1.0,-1.0
2025/11/28,2718.0,2860.0,2660.0,2844.0,1231000,-1.0,-1.0,-1.0
2025/12/01,2838.0,3000.0,2708.0,2960.0,1331500,-1.0,-1.0,-1.0
2025/12/02,2900.0,2980.0,2726.0,2730.0,1246500,-1.0,-1.0,-1.0
2025/12/03,2790.0,2890.0,2760.0,2840.0,813500,-1.0,-1.0,-1.0
2025/12/04,2806.0,2940.0,2690.0,2722.0,918500,-1.0,-1.0,-1.0
2025/12/05,2700.0,2826.0,2674.0,2790.0,746500,-1.0,-1.0,-1.0
2025/12/08,2850.0,2890.0,2764.0,2806.0,617500,-1.0,-1.0,-1.0
2025/12/09,2760.0,2792.0,2692.0,2704.0,524500,-1.0,-1.0,-1.0
2025/12/10,2684.0,2730.0,2646.0,2704.0,476000,-1.0,-1.0,-1.0
2025/12/11,2742.0,2760.0,2604.0,2606.0,553000,-1.0,-1.0,-1.0
2025/12/12,2622.0,2678.0,2584.0,2670.0,419500,-1.0,-1.0,-1.0
2025/12/15,2508.0,2620.0,2468.0,2578.0,592000,-1.0,-1.0,-1.0
2025/12/16,2550.0,2550.0,2412.0,2440.0,764500,-1.0,-1.0,-1.0
2025/12/17,2434.0,2526.0,2340.0,2488.0,705000,-1.0,-1.0,-1.0
2025/12/18,2346.0,2452.0,2346.0,2370.0,395500,-1.0,-1.0,-1.0
2025/12/19,2430.0,2430.0,2324.0,2366.0,465500,-1.0,-1.0,-1.0
2025/12/22,2450.0,2494.0,2408.0,2432.0,802000,-1.0,-1.0,-1.0
2025/12/23,2440.0,2444.0,2382.0,2420.0,359000,-1.0,-1.0,-1.0
2025/12/24,2440.0,2494.0,2406.0,2426.0,474000,-1.0,-1.0,-1.0
2025/12/25,2410.0,2440.0,2332.0,2350.0,493000,-1.0,-1.0,-1.0
2025/12/26,2332.0,2356.0,2294.0,2310.0,379000,-1.0,-1.0,-1.0
2025/12/29,2316.0,2368.0,2312.0,2312.0,262000,-1.0,-1.0,-1.0
2025/12/30,2314.0,2372.0,2306.0,2314.0,283500,-1.0,-1.0,-1.0
2026/01/05,2360.0,2400.0,2324.0,2376.0,416000,-1.0,-1.0,-1.0
2026/01/06,2460.0,2460.0,2360.0,2394.0,471500,-1.0,-1.0,-1.0
2026/01/07,2386.0,2414.0,2316.0,2348.0,426500,-1.0,-1.0,-1.0
2026/01/08,2320.0,2350.0,2256.0,2264.0,560000,-1.0,-1.0,-1.0
2026/01/09,2256.0,2332.0,2206.0,2320.0,445500,-1.0,-1.0,-1.0
2026/01/13,2360.0,2360.0,2268.0,2300.0,433500,-1.0,-1.0,-1.0
2026/01/14,2304.0,2346.0,2256.0,2294.0,430000,-1.0,-1.0,-1.0
2026/01/15,2294.0,2384.0,2284.0,2376.0,295500,-1.0,-1.0,-1.0
2026/01/16,2396.0,2448.0,2348.0,2448.0,662500,-1.0,-1.0,-1.0
2026/01/19,2360.0,2364.0,2266.0,2312.0,778500,-1.0,-1.0,-1.0
2026/01/20,2312.0,2312.0,2210.0,2226.0,500000,-1.0,-1.0,-1.0
2026/01/21,2142.0,2282.0,2140.0,2280.0,662500,-1.0,-1.0,-1.0
2026/01/22,2308.0,2448.0,2288.0,2430.0,688500,-1.0,-1.0,-1.0
2026/01/23,2420.0,2526.0,2352.0,2468.0,667000,-1.0,-1.0,-1.0
2026/01/26,2408.0,2424.0,2326.0,2380.0,836500,-1.0,-1.0,-1.0
2026/01/27,2382.0,2470.0,2374.0,2436.0,427000,-1.0,-1.0,-1.0
2026/01/28,2546.0,2710.0,2500.0,2622.0,1318500,-1.0,-1.0,-1.0
2026/01/29,2654.0,2688.0,2518.0,2582.0,608500,-1.0,-1.0,-1.0
2026/01/30,2670.0,2716.0,2564.0,2632.0,762500,-1.0,-1.0,-1.0
2026/02/02,2740.0,2850.0,2660.0,2666.0,1425500,-1.0,-1.0,-1.0
2026/02/03,2836.0,2960.0,2786.0,2928.0,1788000,-1.0,-1.0,-1.0
2026/02/04,2960.0,3136.0,2924.0,3090.0,1379500,-1.0,-1.0,-1.0
2026/02/05,3050.0,3078.0,2908.0,2984.0,735500,-1.0,-1.0,-1.0
2026/02/06,2972.0,3050.0,2884.0,3032.0,805000,-1.0,-1.0,-1.0
2026/02/09,3192.0,3322.0,3126.0,3218.0,1252000,-1.0,-1.0,-1.0
2026/02/10,3336.0,3448.0,3336.0,3406.0,969500,-1.0,-1.0,-1.0
2026/02/12,3482.0,3952.0,3462.0,3788.0,2022000,-1.0,-1.0,-1.0
2026/02/13,3712.0,3898.0,3652.0,3802.0,1669000,-1.0,-1.0,-1.0
2026/02/16,4542.0,4600.0,4360.0,4546.0,2196000,-1.0,-1.0,-1.0
2026/02/17,4446.0,4488.0,4200.0,4314.0,1485000,-1.0,-1.0,-1.0
2026/02/18,4390.0,4700.0,4256.0,4654.0,1519000,-1.0,-1.0,-1.0
2026/02/19,4746.0,5030.0,4644.0,4888.0,1458500,-1.0,-1.0,-1.0
2026/02/20,4888.0,5034.0,4698.0,4704.0,1414000,-1.0,-1.0,-1.0
2026/02/24,4956.0,5016.0,4632.0,4940.0,1602000,-1.0,-1.0,-1.0
2026/02/25,5102.0,5140.0,4860.0,4890.0,1475500,-1.0,-1.0,-1.0
2026/02/26,4990.0,4990.0,4640.0,4734.0,1373000,-1.0,-1.0,-1.0
2026/02/27,4376.0,4582.0,4130.0,4328.0,2372000,-1.0,-1.0,-1.0
2026/03/02,4182.0,4842.0,4182.0,4782.0,1761500,-1.0,-1.0,-1.0
2026/03/02,4182.0,4842.0,4182.0,4782.0,1761500,-1.0,-1.0,-1.0
2026/03/02,4182.0,4842.0,4182.0,4782.0,1761500,-1.0,-1.0,-1.0
2026/03/02,4182.0,4842.0,4182.0,4782.0,1761500,-1.0,-1.0,-1.0
2026/03/03,5282.0,5778.0,5086.0,5490.0,8635000,-1.0,-1.0,-1.0
2026/03/04,5390.0,5730.0,4902.0,5114.0,4205000,-1.0,-1.0,-1.0
2026/03/05,5514.0,6100.0,5460.0,5668.0,5988000,-1.0,-1.0,-1.0
2026/03/06,5468.0,5760.0,5276.0,5746.0,3364500,-1.0,-1.0,-1.0
2026/03/09,5246.0,5380.0,4746.0,4784.0,2718500,-1.0,-1.0,-1.0
2026/03/10,5284.0,5468.0,5028.0,5172.0,2340500,-1.0,-1.0,-1.0
2026/03/11,5390.0,5728.0,5348.0,5562.0,2249000,-1.0,-1.0,-1.0
2026/03/12,5496.0,5668.0,5300.0,5430.0,1710500,-1.0,-1.0,-1.0
2026/03/13,5230.0,5594.0,5190.0,5474.0,1887000,-1.0,-1.0,-1.0
2026/03/16,5560.0,5658.0,5402.0,5564.0,1632500,-1.0,-1.0,-1.0
2026/03/17,5764.0,5810.0,4882.0,5000.0,2221000,-1.0,-1.0,-1.0
2026/03/18,5100.0,5430.0,5000.0,5422.0,1560500,-1.0,-1.0,-1.0
2026/03/19,5322.0,5586.0,5082.0,5236.0,2947000,-1.0,-1.0,-1.0
2026/03/23,5052.0,5070.0,4694.0,4698.0,1980000,-1.0,-1.0,-1.0
2026/03/24,4930.0,4930.0,4330.0,4472.0,2849500,-1.0,-1.0,-1.0
2026/03/25,4814.0,4940.0,4768.0,4940.0,1974500,-1.0,-1.0,-1.0
2026/03/26,4880.0,4990.0,4708.0,4776.0,1058500,-1.0,-1.0,-1.0
2026/03/27,4676.0,4736.0,4474.0,4602.0,1088500,-1.0,-1.0,-1.0
2026/03/30,4390.0,4432.0,4162.0,4378.0,1307500,-1.0,-1.0,-1.0
2026/03/31,4044.0,4376.0,4022.0,4152.0,1563500,-1.0,-1.0,-1.0
2026/04/01,4530.0,4548.0,4268.0,4540.0,1326500,-1.0,-1.0,-1.0
2026/04/02,4640.0,4738.0,4454.0,4606.0,2285000,-1.0,-1.0,-1.0
2026/04/03,4764.0,4916.0,4754.0,4836.0,1456500,-1.0,-1.0,-1.0
2026/04/06,4934.0,5256.0,4916.0,5106.0,1542500,-1.0,-1.0,-1.0
2026/04/07,5034.0,5050.0,4740.0,4872.0,1336500,-1.0,-1.0,-1.0
2026/04/08,5272.0,5454.0,5178.0,5410.0,1639500,-1.0,-1.0,-1.0
2026/04/09,5338.0,5516.0,5240.0,5382.0,1098500,-1.0,-1.0,-1.0
2026/04/10,5536.0,5876.0,5306.0,5874.0,2127000,-1.0,-1.0,-1.0
2026/04/13,5876.0,6170.0,5812.0,5980.0,1775500,-1.0,-1.0,-1.0
2026/04/14,6100.0,6190.0,5938.0,6110.0,1504500,-1.0,-1.0,-1.0
2026/04/15,6260.0,6440.0,5944.0,5978.0,1609500,-1.0,-1.0,-1.0
2026/04/16,6150.0,6420.0,5924.0,6010.0,954000,-1.0,-1.0,-1.0
2026/04/17,6090.0,6320.0,5930.0,6110.0,1158000,-1.0,-1.0,-1.0
2026/04/20,6030.0,6590.0,5964.0,6290.0,1697000,-1.0,-1.0,-1.0
2026/04/21,6520.0,6670.0,6450.0,6520.0,1310500,-1.0,-1.0,-1.0
2026/04/22,6440.0,6750.0,6320.0,6720.0,1321000,-1.0,-1.0,-1.0
2026/04/23,6810.0,6840.0,6280.0,6360.0,1922500,-1.0,-1.0,-1.0
2026/04/24,6270.0,6430.0,6070.0,6120.0,1040500,-1.0,-1.0,-1.0
2026/04/27,6130.0,6240.0,5800.0,6060.0,1037500,-1.0,-1.0,-1.0
2026/04/28,5990.0,6050.0,5740.0,5882.0,1275500,-1.0,-1.0,-1.0
2026/04/30,5820.0,5920.0,5700.0,5790.0,950500,-1.0,-1.0,-1.0
2026/05/01,5792.0,5976.0,5730.0,5790.0,738500,-1.0,-1.0,-1.0
2026/05/07,6060.0,6430.0,5930.0,6430.0,1279000,-1.0,-1.0,-1.0
2026/05/08,6250.0,6520.0,6180.0,6470.0,944500,-1.0,-1.0,-1.0
2026/05/11,6590.0,6590.0,6120.0,6210.0,910500,-1.0,-1.0,-1.0
2026/05/12,6560.0,6900.0,6490.0,6700.0,1782500,-1.0,-1.0,-1.0
2026/05/13,6280.0,7210.0,6150.0,7080.0,2061000,-1.0,-1.0,-1.0
2026/05/14,7220.0,7630.0,6790.0,6830.0,2298500,-1.0,-1.0,-1.0
2026/05/15,6690.0,6790.0,5536.0,5638.0,4097000,-1.0,-1.0,-1.0
2026/05/18,5804.0,5804.0,5310.0,5776.0,2303500,-1.0,-1.0,-1.0
2026/05/19,5720.0,5748.0,5094.0,5208.0,2143500,-1.0,-1.0,-1.0
2026/05/20,5166.0,5292.0,4958.0,5124.0,1625500,-1.0,-1.0,-1.0
2026/05/21,5260.0,5296.0,4800.0,5038.0,2390500,-1.0,-1.0,-1.0
2026/05/22,5338.0,5788.0,5338.0,5750.0,1955000,-1.0,-1.0,-1.0
2026/05/25,5998.0,6220.0,5820.0,5974.0,1475500,-1.0,-1.0,-1.0
2026/05/26,6010.0,6080.0,5502.0,5770.0,1429500,-1.0,-1.0,-1.0
2026/05/27,5816.0,5846.0,5450.0,5500.0,1138500,-1.0,-1.0,-1.0
2026/05/28,5400.0,5600.0,5198.0,5392.0,896500,-1.0,-1.0,-1.0
2026/05/29,5316.0,5592.0,5174.0,5392.0,1881000,-1.0,-1.0,-1.0
2026/06/01,5300.0,5504.0,5214.0,5480.0,787000,-1.0,-1.0,-1.0
2026/06/02,5402.0,5468.0,4944.0,5184.0,1463500,-1.0,-1.0,-1.0
2026/06/03,5784.0,5988.0,5566.0,5716.0,1965000,-1.0,-1.0,-1.0
2026/06/04,5516.0,5848.0,5446.0,5830.0,1030500,-1.0,-1.0,-1.0
2026/06/05,5580.0,5806.0,5460.0,5712.0,846500,-1.0,-1.0,-1.0
2026/06/08,5012.0,5410.0,4950.0,5258.0,1705500,-1.0,-1.0,-1.0
2026/06/09,5358.0,5854.0,5120.0,5736.0,1581500,-1.0,-1.0,-1.0
2026/06/10,5436.0,5474.0,4940.0,4986.0,1546000,-1.0,-1.0,-1.0
2026/06/11,4800.0,5040.0,4640.0,4846.0,855000,-1.0,-1.0,-1.0
2026/06/12,5136.0,5246.0,4692.0,4844.0,1231000,-1.0,-1.0,-1.0
2026/06/15,5244.0,5280.0,5058.0,5188.0,1061000,-1.0,-1.0,-1.0
2026/06/16,5288.0,5690.0,5178.0,5514.0,1090000,-1.0,-1.0,-1.0
2026/06/17,5314.0,5836.0,5302.0,5706.0,831500,-1.0,-1.0,-1.0
2026/06/18,5660.0,5716.0,5214.0,5214.0,1163500,-1.0,-1.0,-1.0
2026/06/19,5814.0,6190.0,5784.0,6150.0,3039500,-1.0,-1.0,-1.0
2026/06/22,6410.0,6680.0,6250.0,6390.0,1965500,-1.0,-1.0,-1.0
2026/06/23,6390.0,6710.0,5980.0,5980.0,1749000,-1.0,-1.0,-1.0
2026/06/24,6190.0,6400.0,5800.0,5922.0,1033500,-1.0,-1.0,-1.0
2026/06/25,6300.0,6320.0,5922.0,6220.0,1121000,-1.0,-1.0,-1.0
2026/06/26,6100.0,6260.0,5920.0,6220.0,1026500,-1.0,-1.0,-1.0
2026/06/29,6270.0,6320.0,5662.0,5894.0,1157000,-1.0,-1.0,-1.0
2026/06/30,6100.0,6440.0,6060.0,6160.0,1197000,-1.0,-1.0,-1.0
2026/07/01,6280.0,6330.0,5688.0,5778.0,1326500,-1.0,-1.0,-1.0
2026/07/02,5478.0,5478.0,5130.0,5256.0,1086500,-1.0,-1.0,-1.0
2026/07/03,5100.0,5310.0,4960.0,5308.0,884000,-1.0,-1.0,-1.0
2026/07/06,5252.0,5252.0,4824.0,4948.0,920500,-1.0,-1.0,-1.0
2026/07/07,4934.0,5000.0,4512.0,4670.0,1160500,-1.0,-1.0,-1.0
2026/07/08,4474.0,4684.0,4456.0,4552.0,717500,-1.0,-1.0,-1.0
2026/07/09,4690.0,4780.0,4532.0,4542.0,550000,-1.0,-1.0,-1.0
2026/07/10,4842.0,4852.0,4652.0,4662.0,672000,-1.0,-1.0,-1.0
2026/07/13,4562.0,4730.0,4308.0,4410.0,763500,-1.0,-1.0,-1.0
2026/07/14,4338.0,4388.0,4130.0,4340.0,950000,-1.0,-1.0,-1.0
2026/07/15,4470.0,4470.0,4306.0,4436.0,548500,-1.0,-1.0,-1.0
2026/07/16,4280.0,4280.0,4040.0,4058.0,719000,-1.0,-1.0,-1.0
2026/07/17,3836.0,3852.0,3566.0,3786.0,1418000,-1.0,-1.0,-1.0
2026/07/21,3866.0,4014.0,3756.0,3998.0,831000,-1.0,-1.0,-1.0
2026/07/22,4230.0,4454.0,4184.0,4250.0,1160000,-1.0,-1.0,-1.0
2026/07/23,4220.0,4262.0,4074.0,4108.0,619500,-1.0,-1.0,-1.0
2026/07/24,4008.0,4140.0,3962.0,4108.0,477500,-1.0,-1.0,-1.0
2026/07/27,4100.0,4178.0,3862.0,4024.0,500000,-1.0,-1.0,-1.0
2026/07/28,3876.0,3876.0,3618.0,3652.0,591500,-1.0,-1.0,-1.0
2026/07/29,3646.0,3688.0,3132.0,3218.0,1165500,-1.0,-1.0,-1.0
2026/07/30,3216.0,3426.0,3138.0,3240.0,672500,-1.0,-1.0,-1.0
2026/07/31,3800.0,3848.0,3560.0,3754.0,1359500,-1.0,-1.0,-1.0
2026/08/03,3594.0,3858.0,3534.0,3780.0,506500,-1.0,-1.0,-1.0
2026/08/04,3860.0,4232.0,3852.0,4230.0,790500,-1.0,-1.0,-1.0
2026/08/05,4630.0,4900.0,4420.0,4826.0,1495000,-1.0,-1.0,-1.0
2026/08/06,4700.0,4762.0,4386.0,4460.0,1042500,-1.0,-1.0,-1.0
2026/08/07,4430.0,4480.0,4084.0,4354.0,803500,-1.0,-1.0,-1.0
2026/08/10,4444.0,4584.0,4214.0,4214.0,1616000,-1.0,-1.0,-1.0
2026/08/12,4594.0,4740.0,4296.0,4740.0,3860500,-1.0,-1.0,-1.0
2026/08/13,4840.0,5198.0,4782.0,4956.0,2716500,-1.0,-1.0,-1.0
2026/08/14,4996.0,5110.0,4762.0,4920.0,1328500,-1.0,-1.0,-1.0
2026/08/17,5038.0,5520.0,5012.0,5520.0,1694000,-1.0,-1.0,-1.0
2026/08/18,5420.0,5650.0,5114.0,5184.0,1554500,-1.0,-1.0,-1.0
2026/08/19,4884.0,5166.0,4716.0,4774.0,1592500,-1.0,-1.0,-1.0
2026/08/20,4812.0,5104.0,4710.0,4968.0,1165500,-1.0,-1.0,-1.0
2026/08/21,4846.0,5068.0,4760.0,4960.0,948500,-1.0,-1.0,-1.0
2026/08/24,4960.0,5142.0,4782.0,4950.0,880500,-1.0,-1.0,-1.0
2026/08/25,4904.0,5408.0,4904.0,5368.0,1190500,-1.0,-1.0,-1.0
2026/08/26,5180.0,5230.0,4936.0,5066.0,1562500,-1.0,-1.0,-1.0
2026/08/27,26480.0,28240.0,25680.0,27600.0,429200,-1.0,-1.0,-1.0
2026/08/28,5400.0,5620.0,5180.0,5200.0,726900,-1.0,-1.0,-1.0
