date,open,high,low,close,volume,rs_nikkei,rs_topix,rs
2014/03/26,232.66666666666666,232.66666666666666,232.66666666666666,232.66666666666666,300,-1.0,-1.0,-1.0
2014/03/27,232.66666666666666,233.0,232.66666666666666,233.0,600,-1.0,-1.0,-1.0
2014/03/28,233.0,233.0,233.0,233.0,600,-1.0,-1.0,-1.0
2014/03/31,236.33333333333331,243.66666666666666,236.33333333333331,243.66666666666666,16500,-1.0,-1.0,-1.0
2014/04/01,235.0,235.33333333333331,235.0,235.0,3300,-1.0,-1.0,-1.0
2014/04/02,233.66666666666666,233.66666666666666,233.66666666666666,233.66666666666666,40200,-1.0,-1.0,-1.0
2014/04/03,234.33333333333331,236.66666666666666,234.33333333333331,236.66666666666666,35100,-1.0,-1.0,-1.0
2014/04/04,238.33333333333331,238.33333333333331,236.66666666666666,237.33333333333331,3300,-1.0,-1.0,-1.0
2014/04/07,233.66666666666666,233.66666666666666,233.66666666666666,233.66666666666666,45900,-1.0,-1.0,-1.0
2014/04/08,233.66666666666666,233.66666666666666,230.0,230.0,2700,-1.0,-1.0,-1.0
2014/04/09,223.66666666666666,226.66666666666666,223.66666666666666,225.0,39000,-1.0,-1.0,-1.0
2014/04/10,227.0,230.0,225.0,225.0,6600,-1.0,-1.0,-1.0
2014/04/11,221.66666666666666,223.0,221.66666666666666,223.0,37200,-1.0,-1.0,-1.0
2014/04/14,223.0,223.0,223.0,223.0,600,-1.0,-1.0,-1.0
2014/04/15,223.33333333333331,223.33333333333331,223.33333333333331,223.33333333333331,37500,-1.0,-1.0,-1.0
2014/04/16,226.66666666666666,226.66666666666666,226.66666666666666,226.66666666666666,300,-1.0,-1.0,-1.0
2014/04/18,225.0,225.0,225.0,225.0,3000,-1.0,-1.0,-1.0
2014/04/23,226.66666666666666,226.66666666666666,226.33333333333331,226.66666666666666,6300,-1.0,-1.0,-1.0
2014/04/24,230.0,230.0,226.33333333333331,226.33333333333331,1200,-1.0,-1.0,-1.0
2014/04/30,229.66666666666666,229.66666666666666,229.66666666666666,229.66666666666666,38100,-1.0,-1.0,-1.0
2014/05/01,230.0,230.0,228.66666666666666,228.66666666666666,37500,-1.0,-1.0,-1.0
2014/05/02,230.0,230.33333333333331,229.0,229.0,36600,-1.0,-1.0,-1.0
2014/05/07,225.66666666666666,228.33333333333331,225.66666666666666,225.66666666666666,46800,-1.0,-1.0,-1.0
2014/05/08,223.66666666666666,223.66666666666666,222.0,222.0,1500,-1.0,-1.0,-1.0
2014/05/09,218.66666666666666,225.33333333333331,218.66666666666666,225.33333333333331,34200,-1.0,-1.0,-1.0
2014/05/13,223.33333333333331,223.33333333333331,215.0,215.0,6300,-1.0,-1.0,-1.0
2014/05/14,215.0,223.33333333333331,215.0,221.66666666666666,34500,-1.0,-1.0,-1.0
2014/05/15,223.33333333333331,223.33333333333331,223.33333333333331,223.33333333333331,45600,-1.0,-1.0,-1.0
2014/05/16,223.33333333333331,223.33333333333331,223.33333333333331,223.33333333333331,600,-1.0,-1.0,-1.0
2014/05/19,248.33333333333331,248.33333333333331,223.33333333333331,223.33333333333331,45000,-1.0,-1.0,-1.0
2014/05/20,220.0,223.33333333333331,213.33333333333331,223.33333333333331,6300,-1.0,-1.0,-1.0
2014/05/21,223.33333333333331,223.33333333333331,223.33333333333331,223.33333333333331,300,-1.0,-1.0,-1.0
2014/05/22,223.33333333333331,223.33333333333331,219.66666666666666,220.0,6900,-1.0,-1.0,-1.0
2014/05/23,223.33333333333331,223.33333333333331,223.33333333333331,223.33333333333331,43800,-1.0,-1.0,-1.0
2014/05/26,234.66666666666666,240.0,234.33333333333331,234.66666666666666,2400,-1.0,-1.0,-1.0
2014/05/27,239.66666666666666,239.66666666666666,239.66666666666666,239.66666666666666,34500,-1.0,-1.0,-1.0
2014/05/30,229.66666666666666,229.66666666666666,229.66666666666666,229.66666666666666,600,-1.0,-1.0,-1.0
2014/06/02,229.66666666666666,232.0,226.0,228.33333333333331,38700,-1.0,-1.0,-1.0
2014/06/03,227.0,230.0,227.0,230.0,36000,-1.0,-1.0,-1.0
2014/06/04,238.33333333333331,238.33333333333331,238.0,238.0,600,-1.0,-1.0,-1.0
2014/06/05,235.0,235.0,235.0,235.0,2400,-1.0,-1.0,-1.0
2014/06/06,236.66666666666666,240.0,236.66666666666666,240.0,1500,-1.0,-1.0,-1.0
2014/06/09,250.0,250.0,250.0,250.0,10200,-1.0,-1.0,-1.0
2014/06/10,243.33333333333331,243.33333333333331,243.33333333333331,243.33333333333331,300,-1.0,-1.0,-1.0
2014/06/11,243.33333333333331,243.33333333333331,243.0,243.0,34800,-1.0,-1.0,-1.0
2014/06/12,243.0,243.33333333333331,243.0,243.33333333333331,35400,-1.0,-1.0,-1.0
2014/06/13,243.33333333333331,243.33333333333331,242.33333333333331,243.33333333333331,6900,-1.0,-1.0,-1.0
2014/06/16,243.33333333333331,243.33333333333331,243.0,243.0,1200,-1.0,-1.0,-1.0
2014/06/17,241.66666666666666,243.33333333333331,241.66666666666666,243.33333333333331,600,-1.0,-1.0,-1.0
2014/06/23,243.66666666666666,246.66666666666666,231.66666666666666,231.66666666666666,17400,-1.0,-1.0,-1.0
2014/06/24,232.0,234.33333333333331,232.0,234.33333333333331,35400,-1.0,-1.0,-1.0
2014/06/25,233.33333333333331,233.33333333333331,233.33333333333331,233.33333333333331,2100,-1.0,-1.0,-1.0
2014/06/26,233.66666666666666,233.66666666666666,233.66666666666666,233.66666666666666,33900,-1.0,-1.0,-1.0
2014/06/27,234.66666666666666,235.0,234.0,235.0,5400,-1.0,-1.0,-1.0
2014/06/30,235.66666666666666,236.66666666666666,235.0,236.66666666666666,42600,-1.0,-1.0,-1.0
2014/07/01,239.33333333333331,243.33333333333331,239.33333333333331,243.33333333333331,3900,-1.0,-1.0,-1.0
2014/07/02,243.33333333333331,245.0,243.0,245.0,9300,-1.0,-1.0,-1.0
2014/07/03,245.0,245.66666666666666,244.33333333333331,245.66666666666666,6000,-1.0,-1.0,-1.0
2014/07/04,246.66666666666666,246.66666666666666,245.0,246.66666666666666,5400,-1.0,-1.0,-1.0
2014/07/07,246.66666666666666,246.66666666666666,240.0,240.0,32400,-1.0,-1.0,-1.0
2014/07/08,239.66666666666666,239.66666666666666,239.66666666666666,239.66666666666666,300,-1.0,-1.0,-1.0
2014/07/09,240.0,240.0,240.0,240.0,3900,-1.0,-1.0,-1.0
2014/07/10,240.0,240.0,240.0,240.0,1500,-1.0,-1.0,-1.0
2014/07/11,236.66666666666666,240.33333333333331,236.66666666666666,240.33333333333331,2400,-1.0,-1.0,-1.0
2014/07/14,240.66666666666666,249.66666666666666,240.66666666666666,248.33333333333331,20700,-1.0,-1.0,-1.0
2014/07/15,250.0,250.0,243.66666666666666,243.66666666666666,27600,-1.0,-1.0,-1.0
2014/07/16,250.0,250.0,243.66666666666666,243.66666666666666,2100,-1.0,-1.0,-1.0
2014/07/17,244.0,244.66666666666666,244.0,244.66666666666666,6300,-1.0,-1.0,-1.0
2014/07/18,244.66666666666666,248.66666666666666,243.33333333333331,243.33333333333331,3600,-1.0,-1.0,-1.0
2014/07/22,247.66666666666666,247.66666666666666,240.0,240.66666666666666,4800,-1.0,-1.0,-1.0
2014/07/23,245.66666666666666,245.66666666666666,241.0,241.0,1200,-1.0,-1.0,-1.0
2014/07/24,241.0,245.0,241.0,241.66666666666666,6900,-1.0,-1.0,-1.0
2014/07/25,242.0,242.0,242.0,242.0,900,-1.0,-1.0,-1.0
2014/07/28,242.66666666666666,248.33333333333331,242.66666666666666,244.0,3600,-1.0,-1.0,-1.0
2014/07/29,243.33333333333331,243.33333333333331,240.66666666666666,240.66666666666666,8100,-1.0,-1.0,-1.0
2014/07/30,243.0,243.33333333333331,241.0,241.0,1800,-1.0,-1.0,-1.0
2014/07/31,243.33333333333331,243.33333333333331,243.33333333333331,243.33333333333331,300,-1.0,-1.0,-1.0
2014/08/01,243.33333333333331,243.33333333333331,240.66666666666666,242.33333333333331,1800,-1.0,-1.0,-1.0
2014/08/04,245.0,245.0,243.0,243.33333333333331,14700,-1.0,-1.0,-1.0
2014/08/05,245.0,246.0,243.66666666666666,243.66666666666666,15900,-1.0,-1.0,-1.0
2014/08/06,244.66666666666666,244.66666666666666,243.33333333333331,244.66666666666666,2400,-1.0,-1.0,-1.0
2014/08/07,238.33333333333331,239.0,238.33333333333331,238.66666666666666,16500,-1.0,-1.0,-1.0
2014/08/08,234.66666666666666,234.66666666666666,233.33333333333331,233.33333333333331,42000,-1.0,-1.0,-1.0
2014/08/11,228.33333333333331,230.0,225.66666666666666,225.66666666666666,86100,-1.0,-1.0,-1.0
2014/08/12,225.66666666666666,226.0,221.66666666666666,223.33333333333331,74100,-1.0,-1.0,-1.0
2014/08/13,223.33333333333331,226.0,223.33333333333331,225.0,40500,-1.0,-1.0,-1.0
2014/08/14,224.33333333333331,225.0,223.33333333333331,225.0,48900,-1.0,-1.0,-1.0
2014/08/15,226.66666666666666,227.33333333333331,226.66666666666666,226.66666666666666,45300,-1.0,-1.0,-1.0
2014/08/18,226.66666666666666,230.0,226.66666666666666,229.33333333333331,42900,-1.0,-1.0,-1.0
2014/08/19,229.33333333333331,229.33333333333331,229.33333333333331,229.33333333333331,37500,-1.0,-1.0,-1.0
2014/08/20,227.33333333333331,227.66666666666666,227.33333333333331,227.66666666666666,1500,-1.0,-1.0,-1.0
2014/08/21,227.33333333333331,227.33333333333331,226.66666666666666,227.33333333333331,44700,-1.0,-1.0,-1.0
2014/08/22,226.66666666666666,227.66666666666666,226.33333333333331,226.66666666666666,11700,-1.0,-1.0,-1.0
2014/08/25,226.66666666666666,226.66666666666666,226.66666666666666,226.66666666666666,5700,-1.0,-1.0,-1.0
2014/08/26,226.66666666666666,226.66666666666666,226.66666666666666,226.66666666666666,300,-1.0,-1.0,-1.0
2014/08/27,226.33333333333331,228.33333333333331,226.33333333333331,228.33333333333331,4800,-1.0,-1.0,-1.0
2014/08/28,226.66666666666666,232.66666666666666,226.66666666666666,232.66666666666666,1800,-1.0,-1.0,-1.0
2014/08/29,226.66666666666666,226.66666666666666,226.66666666666666,226.66666666666666,600,-1.0,-1.0,-1.0
2014/09/01,228.0,231.0,228.0,231.0,6300,-1.0,-1.0,-1.0
2014/09/02,227.66666666666666,232.33333333333331,227.66666666666666,232.33333333333331,5100,-1.0,-1.0,-1.0
2014/09/03,233.0,233.0,231.66666666666666,231.66666666666666,4800,-1.0,-1.0,-1.0
2014/09/04,232.33333333333331,233.0,231.66666666666666,231.66666666666666,5700,-1.0,-1.0,-1.0
2014/09/05,233.0,233.33333333333331,233.0,233.33333333333331,15600,-1.0,-1.0,-1.0
2014/09/08,235.33333333333331,235.33333333333331,232.0,232.0,14700,-1.0,-1.0,-1.0
2014/09/09,233.0,233.33333333333331,233.0,233.33333333333331,4800,-1.0,-1.0,-1.0
2014/09/10,234.0,235.66666666666666,234.0,235.66666666666666,18000,-1.0,-1.0,-1.0
2014/09/11,235.33333333333331,238.0,235.33333333333331,238.0,7800,-1.0,-1.0,-1.0
2014/09/12,236.66666666666666,237.66666666666666,235.0,236.66666666666666,14100,-1.0,-1.0,-1.0
2014/09/16,234.0,236.0,234.0,235.66666666666666,9900,-1.0,-1.0,-1.0
2014/09/17,235.0,235.66666666666666,234.66666666666666,234.66666666666666,3300,-1.0,-1.0,-1.0
2014/09/18,234.66666666666666,235.0,234.0,234.0,1800,-1.0,-1.0,-1.0
2014/09/19,237.0,237.33333333333331,234.0,234.0,3600,-1.0,-1.0,-1.0
2014/09/22,233.33333333333331,235.66666666666666,233.33333333333331,235.66666666666666,5100,-1.0,-1.0,-1.0
2014/09/24,234.33333333333331,237.0,233.33333333333331,237.0,7500,-1.0,-1.0,-1.0
2014/09/25,232.0,237.66666666666666,232.0,237.66666666666666,8100,-1.0,-1.0,-1.0
2014/09/26,235.0,235.33333333333331,235.0,235.33333333333331,900,-1.0,-1.0,-1.0
2014/09/29,230.33333333333331,233.33333333333331,230.33333333333331,233.33333333333331,2400,-1.0,-1.0,-1.0
2014/09/30,235.33333333333331,235.33333333333331,234.66666666666666,235.0,1500,-1.0,-1.0,-1.0
2014/10/01,234.0,235.0,233.66666666666666,235.0,2400,-1.0,-1.0,-1.0
2014/10/02,234.0,235.0,233.33333333333331,233.33333333333331,5400,-1.0,-1.0,-1.0
2014/10/03,232.33333333333331,233.33333333333331,232.33333333333331,233.33333333333331,11100,-1.0,-1.0,-1.0
2014/10/06,232.33333333333331,232.33333333333331,232.33333333333331,232.33333333333331,300,-1.0,-1.0,-1.0
2014/10/07,233.33333333333331,233.33333333333331,232.33333333333331,232.33333333333331,17100,-1.0,-1.0,-1.0
2014/10/08,230.33333333333331,231.33333333333331,230.33333333333331,231.33333333333331,1200,-1.0,-1.0,-1.0
2014/10/09,231.66666666666666,233.0,226.66666666666666,226.66666666666666,7500,-1.0,-1.0,-1.0
2014/10/10,233.33333333333331,233.33333333333331,231.66666666666666,231.66666666666666,45000,-1.0,-1.0,-1.0
2014/10/14,233.33333333333331,233.33333333333331,226.66666666666666,233.33333333333331,53700,-1.0,-1.0,-1.0
2014/10/15,236.0,236.0,233.33333333333331,234.0,34800,-1.0,-1.0,-1.0
2014/10/16,234.0,234.0,234.0,234.0,28800,-1.0,-1.0,-1.0
2014/10/17,235.0,235.0,233.33333333333331,233.33333333333331,6600,-1.0,-1.0,-1.0
2014/10/20,233.66666666666666,233.66666666666666,233.33333333333331,233.33333333333331,32400,-1.0,-1.0,-1.0
2014/10/21,235.0,235.0,233.66666666666666,233.66666666666666,30000,-1.0,-1.0,-1.0
2014/10/22,233.66666666666666,233.66666666666666,233.33333333333331,233.33333333333331,37500,-1.0,-1.0,-1.0
2014/10/23,233.33333333333331,233.33333333333331,233.33333333333331,233.33333333333331,28800,-1.0,-1.0,-1.0
2014/10/24,233.33333333333331,234.0,233.33333333333331,234.0,31200,-1.0,-1.0,-1.0
2014/10/27,234.0,234.0,234.0,234.0,28800,-1.0,-1.0,-1.0
2014/10/28,233.33333333333331,233.33333333333331,233.33333333333331,233.33333333333331,35100,-1.0,-1.0,-1.0
2014/10/29,233.33333333333331,233.33333333333331,233.33333333333331,233.33333333333331,28800,-1.0,-1.0,-1.0
2014/10/31,233.33333333333331,233.33333333333331,233.33333333333331,233.33333333333331,28800,-1.0,-1.0,-1.0
2014/11/04,233.66666666666666,235.0,233.33333333333331,233.33333333333331,65400,-1.0,-1.0,-1.0
2014/11/05,235.0,236.66666666666666,233.33333333333331,233.33333333333331,17700,-1.0,-1.0,-1.0
2014/11/06,233.33333333333331,233.33333333333331,233.33333333333331,233.33333333333331,7800,-1.0,-1.0,-1.0
2014/11/07,221.66666666666666,227.0,221.66666666666666,226.66666666666666,19500,-1.0,-1.0,-1.0
2014/11/10,226.0,226.0,223.33333333333331,223.33333333333331,15300,-1.0,-1.0,-1.0
2014/11/11,223.66666666666666,228.0,223.66666666666666,228.0,1500,-1.0,-1.0,-1.0
2014/11/12,223.33333333333331,228.0,222.0,228.0,48900,-1.0,-1.0,-1.0
2014/11/13,225.66666666666666,230.0,225.66666666666666,230.0,1500,-1.0,-1.0,-1.0
2014/11/14,230.0,230.0,226.33333333333331,226.66666666666666,4800,-1.0,-1.0,-1.0
2014/11/17,230.0,231.66666666666666,230.0,231.66666666666666,39000,-1.0,-1.0,-1.0
2014/11/18,231.66666666666666,231.66666666666666,231.66666666666666,231.66666666666666,1500,-1.0,-1.0,-1.0
2014/11/19,226.66666666666666,226.66666666666666,226.66666666666666,226.66666666666666,600,-1.0,-1.0,-1.0
2014/11/20,233.33333333333331,233.33333333333331,233.33333333333331,233.33333333333331,31800,-1.0,-1.0,-1.0
2014/11/21,236.66666666666666,236.66666666666666,236.66666666666666,236.66666666666666,36900,-1.0,-1.0,-1.0
2014/11/27,236.33333333333331,237.33333333333331,236.33333333333331,237.33333333333331,3600,-1.0,-1.0,-1.0
2014/11/28,230.66666666666666,236.66666666666666,230.66666666666666,236.66666666666666,30000,-1.0,-1.0,-1.0
2014/12/01,233.66666666666666,233.66666666666666,231.66666666666666,231.66666666666666,600,-1.0,-1.0,-1.0
2014/12/02,236.66666666666666,236.66666666666666,232.66666666666666,232.66666666666666,34500,-1.0,-1.0,-1.0
2014/12/03,237.66666666666666,242.66666666666666,235.0,235.0,37800,-1.0,-1.0,-1.0
2014/12/04,240.0,240.0,235.66666666666666,235.66666666666666,29700,-1.0,-1.0,-1.0
2014/12/05,235.0,235.66666666666666,230.0,233.33333333333331,51300,-1.0,-1.0,-1.0
2014/12/08,236.66666666666666,236.66666666666666,235.33333333333331,236.66666666666666,111000,-1.0,-1.0,-1.0
2014/12/09,228.33333333333331,229.33333333333331,228.33333333333331,229.33333333333331,4200,-1.0,-1.0,-1.0
2014/12/10,236.0,236.0,232.66666666666666,232.66666666666666,57600,-1.0,-1.0,-1.0
2014/12/11,236.0,236.0,229.33333333333331,235.66666666666666,37800,-1.0,-1.0,-1.0
2014/12/12,236.0,236.0,233.33333333333331,235.66666666666666,42900,-1.0,-1.0,-1.0
2014/12/15,236.0,236.0,234.33333333333331,234.33333333333331,42000,-1.0,-1.0,-1.0
2014/12/16,236.0,236.66666666666666,234.33333333333331,235.0,94500,-1.0,-1.0,-1.0
2014/12/17,236.0,236.66666666666666,234.0,236.0,75000,-1.0,-1.0,-1.0
2014/12/18,233.66666666666666,236.0,233.66666666666666,235.66666666666666,37500,-1.0,-1.0,-1.0
2014/12/19,236.0,237.0,235.66666666666666,236.0,45300,-1.0,-1.0,-1.0
2014/12/22,236.0,236.0,235.66666666666666,236.0,5100,-1.0,-1.0,-1.0
2014/12/24,233.66666666666666,236.0,233.66666666666666,236.0,41700,-1.0,-1.0,-1.0
2014/12/25,236.0,236.0,236.0,236.0,900,-1.0,-1.0,-1.0
2014/12/26,236.0,236.66666666666666,233.33333333333331,236.0,7200,-1.0,-1.0,-1.0
2014/12/29,234.0,236.0,234.0,236.0,900,-1.0,-1.0,-1.0
2014/12/30,236.66666666666666,238.0,234.33333333333331,236.66666666666666,13200,-1.0,-1.0,-1.0
2015/01/05,236.0,238.33333333333331,236.0,237.0,7800,-1.0,-1.0,-1.0
2015/01/06,237.0,237.33333333333331,236.0,237.33333333333331,17700,-1.0,-1.0,-1.0
2015/01/07,236.0,236.0,235.66666666666666,236.0,48000,-1.0,-1.0,-1.0
2015/01/08,236.0,236.66666666666666,233.33333333333331,236.0,40800,-1.0,-1.0,-1.0
2015/01/09,236.0,236.66666666666666,230.33333333333331,236.0,75000,-1.0,-1.0,-1.0
2015/01/13,236.0,236.0,233.66666666666666,236.0,2700,-1.0,-1.0,-1.0
2015/01/14,231.0,236.0,229.0,236.0,7500,-1.0,-1.0,-1.0
2015/01/15,235.33333333333331,236.0,233.33333333333331,236.0,8700,-1.0,-1.0,-1.0
2015/01/16,236.0,236.0,233.33333333333331,235.66666666666666,3000,-1.0,-1.0,-1.0
2015/01/19,233.33333333333331,236.33333333333331,233.33333333333331,236.33333333333331,33000,-1.0,-1.0,-1.0
2015/01/20,233.66666666666666,233.66666666666666,233.33333333333331,233.33333333333331,900,-1.0,-1.0,-1.0
2015/01/21,236.0,236.33333333333331,236.0,236.0,36900,-1.0,-1.0,-1.0
2015/01/22,238.33333333333331,238.33333333333331,236.0,236.0,1800,-1.0,-1.0,-1.0
2015/01/23,236.0,236.0,234.0,234.0,44700,-1.0,-1.0,-1.0
2015/01/27,234.0,234.0,234.0,234.0,600,-1.0,-1.0,-1.0
2015/01/28,233.33333333333331,233.33333333333331,233.33333333333331,233.33333333333331,300,-1.0,-1.0,-1.0
2015/01/29,236.0,236.0,231.33333333333331,236.0,66900,-1.0,-1.0,-1.0
2015/02/03,233.33333333333331,233.33333333333331,233.33333333333331,233.33333333333331,600,-1.0,-1.0,-1.0
2015/02/04,236.0,236.0,236.0,236.0,71700,-1.0,-1.0,-1.0
2015/02/05,236.0,236.0,236.0,236.0,28800,-1.0,-1.0,-1.0
2015/02/06,236.0,236.0,235.66666666666666,235.66666666666666,56400,-1.0,-1.0,-1.0
2015/02/09,224.33333333333331,230.0,224.33333333333331,228.33333333333331,51900,-1.0,-1.0,-1.0
2015/02/10,226.66666666666666,227.0,226.33333333333331,227.0,33000,-1.0,-1.0,-1.0
2015/02/12,227.0,228.66666666666666,226.33333333333331,228.33333333333331,32700,-1.0,-1.0,-1.0
2015/02/13,228.0,231.66666666666666,228.0,231.66666666666666,6300,-1.0,-1.0,-1.0
2015/02/16,225.33333333333331,226.0,225.33333333333331,225.33333333333331,34800,-1.0,-1.0,-1.0
2015/02/18,225.33333333333331,225.33333333333331,225.0,225.0,33900,-1.0,-1.0,-1.0
2015/02/19,225.0,225.0,225.0,225.0,900,-1.0,-1.0,-1.0
2015/02/20,224.0,227.66666666666666,224.0,225.0,6600,-1.0,-1.0,-1.0
2015/02/23,225.33333333333331,229.66666666666666,225.33333333333331,229.33333333333331,4200,-1.0,-1.0,-1.0
2015/02/24,231.0,231.0,230.66666666666666,231.0,2700,-1.0,-1.0,-1.0
2015/02/25,229.66666666666666,231.0,229.66666666666666,231.0,2700,-1.0,-1.0,-1.0
2015/02/26,229.33333333333331,232.0,228.33333333333331,232.0,4500,-1.0,-1.0,-1.0
2015/02/27,232.0,233.33333333333331,231.66666666666666,231.66666666666666,6000,-1.0,-1.0,-1.0
2015/03/02,231.66666666666666,233.66666666666666,231.0,233.33333333333331,4200,-1.0,-1.0,-1.0
2015/03/03,233.33333333333331,233.33333333333331,232.33333333333331,233.33333333333331,3900,-1.0,-1.0,-1.0
2015/03/04,233.33333333333331,234.0,233.33333333333331,234.0,10200,-1.0,-1.0,-1.0
2015/03/05,234.0,236.0,233.0,234.0,9000,-1.0,-1.0,-1.0
2015/03/06,233.33333333333331,236.66666666666666,232.66666666666666,236.66666666666666,3900,-1.0,-1.0,-1.0
2015/03/09,228.33333333333331,231.33333333333331,228.33333333333331,231.33333333333331,16200,-1.0,-1.0,-1.0
2015/03/10,232.66666666666666,233.0,229.33333333333331,233.0,2700,-1.0,-1.0,-1.0
2015/03/11,229.66666666666666,229.66666666666666,229.66666666666666,229.66666666666666,600,-1.0,-1.0,-1.0
2015/03/12,231.66666666666666,233.33333333333331,230.0,231.33333333333331,9600,-1.0,-1.0,-1.0
2015/03/13,233.0,233.0,231.66666666666666,231.66666666666666,7200,-1.0,-1.0,-1.0
2015/03/16,230.0,230.0,227.66666666666666,229.33333333333331,6000,-1.0,-1.0,-1.0
2015/03/17,229.33333333333331,232.33333333333331,229.33333333333331,232.33333333333331,4200,-1.0,-1.0,-1.0
2015/03/18,232.0,232.33333333333331,231.66666666666666,232.33333333333331,1200,-1.0,-1.0,-1.0
2015/03/19,232.33333333333331,233.33333333333331,232.33333333333331,232.33333333333331,10500,-1.0,-1.0,-1.0
2015/03/20,230.0,230.0,230.0,230.0,3300,-1.0,-1.0,-1.0
2015/03/23,228.66666666666666,230.0,228.66666666666666,229.33333333333331,5400,-1.0,-1.0,-1.0
2015/03/24,229.33333333333331,233.0,229.33333333333331,233.0,1200,-1.0,-1.0,-1.0
2015/03/25,230.0,230.0,230.0,230.0,6300,-1.0,-1.0,-1.0
2015/03/26,233.0,233.0,230.0,230.0,5100,-1.0,-1.0,-1.0
2015/03/27,229.66666666666666,229.66666666666666,229.66666666666666,229.66666666666666,900,-1.0,-1.0,-1.0
2015/03/30,229.66666666666666,229.66666666666666,229.66666666666666,229.66666666666666,1200,-1.0,-1.0,-1.0
2015/03/31,229.66666666666666,229.66666666666666,229.66666666666666,229.66666666666666,900,-1.0,-1.0,-1.0
2015/04/01,231.0,236.0,228.33333333333331,231.33333333333331,11100,-1.0,-1.0,-1.0
2015/04/02,231.33333333333331,235.33333333333331,230.0,231.66666666666666,3600,-1.0,-1.0,-1.0
2015/04/03,231.66666666666666,235.66666666666666,231.66666666666666,232.66666666666666,16800,-1.0,-1.0,-1.0
2015/04/06,233.0,233.0,232.66666666666666,232.66666666666666,3000,-1.0,-1.0,-1.0
2015/04/07,230.66666666666666,230.66666666666666,223.33333333333331,228.66666666666666,27600,-1.0,-1.0,-1.0
2015/04/08,225.66666666666666,230.66666666666666,225.66666666666666,227.0,18600,-1.0,-1.0,-1.0
2015/04/09,228.33333333333331,230.0,226.66666666666666,228.33333333333331,7800,-1.0,-1.0,-1.0
2015/04/10,228.0,228.33333333333331,225.66666666666666,228.0,3600,-1.0,-1.0,-1.0
2015/04/13,227.66666666666666,231.66666666666666,227.66666666666666,231.0,6000,-1.0,-1.0,-1.0
2015/04/14,232.0,232.0,230.33333333333331,231.33333333333331,2400,-1.0,-1.0,-1.0
2015/04/15,228.0,230.0,228.0,230.0,6600,-1.0,-1.0,-1.0
2015/04/16,230.0,230.0,230.0,230.0,13200,-1.0,-1.0,-1.0
2015/04/17,231.33333333333331,231.33333333333331,230.66666666666666,231.33333333333331,2400,-1.0,-1.0,-1.0
2015/04/20,233.0,233.0,231.33333333333331,231.66666666666666,3000,-1.0,-1.0,-1.0
2015/04/21,233.0,233.0,226.33333333333331,231.33333333333331,13200,-1.0,-1.0,-1.0
2015/04/22,231.66666666666666,232.66666666666666,229.33333333333331,231.33333333333331,9600,-1.0,-1.0,-1.0
2015/04/23,231.33333333333331,231.33333333333331,231.33333333333331,231.33333333333331,900,-1.0,-1.0,-1.0
2015/04/24,231.66666666666666,231.66666666666666,231.33333333333331,231.33333333333331,2100,-1.0,-1.0,-1.0
2015/04/27,230.0,231.33333333333331,229.33333333333331,230.66666666666666,3900,-1.0,-1.0,-1.0
2015/04/28,232.33333333333331,233.0,231.0,233.0,11700,-1.0,-1.0,-1.0
2015/04/30,233.0,233.0,230.66666666666666,231.66666666666666,4500,-1.0,-1.0,-1.0
2015/05/01,233.0,233.0,230.66666666666666,231.66666666666666,3900,-1.0,-1.0,-1.0
2015/05/07,233.33333333333331,233.33333333333331,231.66666666666666,231.66666666666666,27000,-1.0,-1.0,-1.0
2015/05/08,231.66666666666666,233.0,231.66666666666666,231.66666666666666,3300,-1.0,-1.0,-1.0
2015/05/11,233.0,233.0,231.66666666666666,233.0,7200,-1.0,-1.0,-1.0
2015/05/12,233.0,233.66666666666666,231.66666666666666,233.66666666666666,8100,-1.0,-1.0,-1.0
2015/05/13,233.66666666666666,235.33333333333331,233.33333333333331,233.33333333333331,1500,-1.0,-1.0,-1.0
2015/05/14,231.66666666666666,233.33333333333331,231.66666666666666,233.33333333333331,3000,-1.0,-1.0,-1.0
2015/05/15,233.33333333333331,233.33333333333331,233.0,233.33333333333331,6300,-1.0,-1.0,-1.0
2015/05/18,233.33333333333331,233.33333333333331,231.66666666666666,233.33333333333331,3000,-1.0,-1.0,-1.0
2015/05/19,238.33333333333331,266.0,236.0,246.33333333333331,105300,-1.0,-1.0,-1.0
2015/05/20,241.33333333333331,241.33333333333331,236.0,240.0,8400,-1.0,-1.0,-1.0
2015/05/21,237.66666666666666,243.33333333333331,237.66666666666666,239.66666666666666,18300,-1.0,-1.0,-1.0
2015/05/22,239.66666666666666,239.66666666666666,236.0,238.0,13500,-1.0,-1.0,-1.0
2015/05/25,241.0,242.33333333333331,240.66666666666666,242.33333333333331,3300,-1.0,-1.0,-1.0
2015/05/26,237.33333333333331,241.33333333333331,236.66666666666666,236.66666666666666,4800,-1.0,-1.0,-1.0
2015/05/27,239.0,239.66666666666666,236.0,239.33333333333331,5400,-1.0,-1.0,-1.0
2015/05/28,239.66666666666666,243.33333333333331,238.33333333333331,241.66666666666666,14400,-1.0,-1.0,-1.0
2015/05/29,242.0,242.0,241.0,242.0,1800,-1.0,-1.0,-1.0
2015/06/01,239.66666666666666,243.33333333333331,237.66666666666666,243.33333333333331,12000,-1.0,-1.0,-1.0
2015/06/02,243.33333333333331,244.66666666666666,243.33333333333331,243.33333333333331,18000,-1.0,-1.0,-1.0
2015/06/03,243.33333333333331,244.66666666666666,242.0,244.66666666666666,7200,-1.0,-1.0,-1.0
2015/06/04,244.66666666666666,246.33333333333331,244.66666666666666,246.0,18900,-1.0,-1.0,-1.0
2015/06/05,247.33333333333331,249.66666666666666,245.33333333333331,246.66666666666666,15600,-1.0,-1.0,-1.0
2015/06/08,241.66666666666666,244.66666666666666,241.66666666666666,244.66666666666666,23700,-1.0,-1.0,-1.0
2015/06/09,244.33333333333331,244.33333333333331,240.0,241.66666666666666,13200,-1.0,-1.0,-1.0
2015/06/10,240.33333333333331,241.66666666666666,238.66666666666666,239.33333333333331,4800,-1.0,-1.0,-1.0
2015/06/11,239.33333333333331,239.66666666666666,239.33333333333331,239.33333333333331,13800,-1.0,-1.0,-1.0
2015/06/12,239.33333333333331,240.0,239.0,239.33333333333331,13800,-1.0,-1.0,-1.0
2015/06/15,237.66666666666666,239.33333333333331,235.0,236.66666666666666,34200,-1.0,-1.0,-1.0
2015/06/16,236.66666666666666,239.33333333333331,236.66666666666666,239.33333333333331,3300,-1.0,-1.0,-1.0
2015/06/17,239.33333333333331,239.33333333333331,233.66666666666666,237.66666666666666,14100,-1.0,-1.0,-1.0
2015/06/18,236.33333333333331,240.66666666666666,236.33333333333331,239.33333333333331,1800,-1.0,-1.0,-1.0
2015/06/19,239.33333333333331,240.0,239.33333333333331,240.0,1500,-1.0,-1.0,-1.0
2015/06/22,239.66666666666666,240.0,239.66666666666666,240.0,900,-1.0,-1.0,-1.0
2015/06/23,240.0,240.66666666666666,239.33333333333331,240.66666666666666,2100,-1.0,-1.0,-1.0
2015/06/24,240.66666666666666,241.0,239.33333333333331,239.33333333333331,22200,-1.0,-1.0,-1.0
2015/06/25,239.33333333333331,241.33333333333331,238.0,240.66666666666666,10500,-1.0,-1.0,-1.0
2015/06/26,239.33333333333331,240.66666666666666,239.33333333333331,240.66666666666666,1500,-1.0,-1.0,-1.0
2015/06/29,240.33333333333331,240.33333333333331,236.0,237.66666666666666,3000,-1.0,-1.0,-1.0
2015/06/30,238.0,238.66666666666666,237.66666666666666,238.66666666666666,1200,-1.0,-1.0,-1.0
2015/07/01,239.0,240.66666666666666,238.66666666666666,240.66666666666666,4200,-1.0,-1.0,-1.0
2015/07/02,240.33333333333331,240.33333333333331,233.33333333333331,239.66666666666666,17700,-1.0,-1.0,-1.0
2015/07/03,239.33333333333331,240.0,239.33333333333331,240.0,2700,-1.0,-1.0,-1.0
2015/07/06,240.0,240.0,237.0,240.0,8700,-1.0,-1.0,-1.0
2015/07/07,241.33333333333331,241.33333333333331,238.66666666666666,240.66666666666666,26400,-1.0,-1.0,-1.0
2015/07/08,240.66666666666666,240.66666666666666,237.66666666666666,237.66666666666666,3000,-1.0,-1.0,-1.0
2015/07/09,236.66666666666666,236.66666666666666,221.66666666666666,232.33333333333331,41700,-1.0,-1.0,-1.0
2015/07/10,234.33333333333331,238.33333333333331,234.33333333333331,238.33333333333331,900,-1.0,-1.0,-1.0
2015/07/13,238.0,238.33333333333331,237.33333333333331,238.33333333333331,3000,-1.0,-1.0,-1.0
2015/07/14,239.33333333333331,240.66666666666666,238.0,239.33333333333331,6900,-1.0,-1.0,-1.0
2015/07/15,234.33333333333331,238.66666666666666,234.33333333333331,238.66666666666666,10500,-1.0,-1.0,-1.0
2015/07/16,239.0,240.66666666666666,239.0,240.66666666666666,3600,-1.0,-1.0,-1.0
2015/07/17,240.66666666666666,240.66666666666666,234.0,237.66666666666666,4500,-1.0,-1.0,-1.0
2015/07/21,239.33333333333331,239.33333333333331,239.33333333333331,239.33333333333331,2100,-1.0,-1.0,-1.0
2015/07/22,239.33333333333331,239.33333333333331,239.33333333333331,239.33333333333331,900,-1.0,-1.0,-1.0
2015/07/23,239.33333333333331,239.33333333333331,239.33333333333331,239.33333333333331,900,-1.0,-1.0,-1.0
2015/07/24,238.33333333333331,239.33333333333331,236.66666666666666,239.33333333333331,2100,-1.0,-1.0,-1.0
2015/07/27,239.66666666666666,240.0,235.0,238.33333333333331,2400,-1.0,-1.0,-1.0
2015/07/28,238.33333333333331,239.66666666666666,237.33333333333331,237.33333333333331,900,-1.0,-1.0,-1.0
2015/07/29,238.66666666666666,238.66666666666666,237.66666666666666,237.66666666666666,600,-1.0,-1.0,-1.0
2015/07/30,237.66666666666666,238.0,237.66666666666666,238.0,1500,-1.0,-1.0,-1.0
2015/07/31,238.66666666666666,240.66666666666666,238.66666666666666,240.66666666666666,1500,-1.0,-1.0,-1.0
2015/08/03,241.0,241.0,238.66666666666666,240.66666666666666,1800,-1.0,-1.0,-1.0
2015/08/04,240.66666666666666,240.66666666666666,238.66666666666666,240.0,3600,-1.0,-1.0,-1.0
2015/08/05,240.0,240.33333333333331,236.33333333333331,240.33333333333331,2700,-1.0,-1.0,-1.0
2015/08/06,240.33333333333331,240.33333333333331,239.33333333333331,239.33333333333331,1200,-1.0,-1.0,-1.0
2015/08/07,239.33333333333331,239.33333333333331,228.66666666666666,230.0,24000,-1.0,-1.0,-1.0
2015/08/10,229.33333333333331,230.0,228.33333333333331,228.33333333333331,4500,-1.0,-1.0,-1.0
2015/08/11,228.66666666666666,230.33333333333331,228.33333333333331,228.33333333333331,6000,-1.0,-1.0,-1.0
2015/08/12,227.33333333333331,228.0,224.66666666666666,225.66666666666666,7200,-1.0,-1.0,-1.0
2015/08/13,231.66666666666666,231.66666666666666,229.33333333333331,231.0,3300,-1.0,-1.0,-1.0
2015/08/14,231.0,235.0,231.0,235.0,5100,-1.0,-1.0,-1.0
2015/08/17,235.66666666666666,236.66666666666666,235.66666666666666,236.66666666666666,2400,-1.0,-1.0,-1.0
2015/08/18,236.66666666666666,236.66666666666666,236.33333333333331,236.33333333333331,900,-1.0,-1.0,-1.0
2015/08/19,237.0,237.33333333333331,235.33333333333331,236.0,2400,-1.0,-1.0,-1.0
2015/08/20,237.33333333333331,237.33333333333331,233.33333333333331,233.33333333333331,1800,-1.0,-1.0,-1.0
2015/08/21,234.0,234.0,233.33333333333331,233.33333333333331,600,-1.0,-1.0,-1.0
2015/08/24,230.0,230.0,220.0,220.0,11700,-1.0,-1.0,-1.0
2015/08/25,223.33333333333331,225.33333333333331,216.66666666666666,217.33333333333331,35400,-1.0,-1.0,-1.0
2015/08/26,220.66666666666666,223.66666666666666,220.66666666666666,223.66666666666666,29400,-1.0,-1.0,-1.0
2015/08/27,230.33333333333331,230.33333333333331,226.66666666666666,226.66666666666666,1200,-1.0,-1.0,-1.0
2015/08/28,223.33333333333331,226.66666666666666,223.33333333333331,224.33333333333331,1800,-1.0,-1.0,-1.0
2015/08/31,230.0,230.0,229.66666666666666,229.66666666666666,900,-1.0,-1.0,-1.0
2015/09/01,226.33333333333331,226.33333333333331,223.66666666666666,223.66666666666666,600,-1.0,-1.0,-1.0
2015/09/02,223.33333333333331,223.33333333333331,211.33333333333331,219.0,27000,-1.0,-1.0,-1.0
2015/09/03,218.66666666666666,218.66666666666666,210.66666666666666,216.66666666666666,33300,-1.0,-1.0,-1.0
2015/09/04,218.66666666666666,218.66666666666666,207.0,208.66666666666666,13800,-1.0,-1.0,-1.0
2015/09/07,215.33333333333331,215.33333333333331,214.66666666666666,214.66666666666666,12300,-1.0,-1.0,-1.0
2015/09/08,216.33333333333331,216.33333333333331,213.0,213.0,600,-1.0,-1.0,-1.0
2015/09/09,212.0,215.66666666666666,210.66666666666666,213.33333333333331,38100,-1.0,-1.0,-1.0
2015/09/10,206.66666666666666,212.0,206.66666666666666,207.33333333333331,51300,-1.0,-1.0,-1.0
2015/09/11,206.66666666666666,213.33333333333331,206.66666666666666,213.33333333333331,41100,-1.0,-1.0,-1.0
2015/09/14,213.33333333333331,213.33333333333331,209.33333333333331,210.0,9600,-1.0,-1.0,-1.0
2015/09/15,209.33333333333331,214.66666666666666,209.33333333333331,213.33333333333331,9300,-1.0,-1.0,-1.0
2015/09/16,212.66666666666666,213.0,212.66666666666666,212.66666666666666,1800,-1.0,-1.0,-1.0
2015/09/17,209.33333333333331,214.33333333333331,208.66666666666666,214.33333333333331,8400,-1.0,-1.0,-1.0
2015/09/18,213.33333333333331,213.33333333333331,208.0,210.33333333333331,5700,-1.0,-1.0,-1.0
2015/09/24,212.33333333333331,212.33333333333331,210.33333333333331,210.66666666666666,5400,-1.0,-1.0,-1.0
2015/09/25,211.66666666666666,211.66666666666666,211.66666666666666,211.66666666666666,300,-1.0,-1.0,-1.0
2015/09/28,211.66666666666666,215.0,209.33333333333331,213.33333333333331,9300,-1.0,-1.0,-1.0
2015/09/29,213.33333333333331,213.33333333333331,209.0,209.0,21600,-1.0,-1.0,-1.0
2015/09/30,210.0,210.33333333333331,210.0,210.0,8700,-1.0,-1.0,-1.0
2015/10/01,209.66666666666666,209.66666666666666,207.33333333333331,208.0,5400,-1.0,-1.0,-1.0
2015/10/02,208.66666666666666,208.66666666666666,200.33333333333331,202.66666666666666,18600,-1.0,-1.0,-1.0
2015/10/05,201.66666666666666,203.33333333333331,201.66666666666666,202.33333333333331,21300,-1.0,-1.0,-1.0
2015/10/06,203.33333333333331,206.66666666666666,203.0,203.0,12300,-1.0,-1.0,-1.0
2015/10/07,205.0,210.0,204.33333333333331,205.66666666666666,52800,-1.0,-1.0,-1.0
2015/10/08,206.0,206.66666666666666,202.66666666666666,204.0,16800,-1.0,-1.0,-1.0
2015/10/09,204.0,209.66666666666666,204.0,204.33333333333331,27900,-1.0,-1.0,-1.0
2015/10/13,204.33333333333331,206.0,204.0,204.33333333333331,25800,-1.0,-1.0,-1.0
2015/10/14,204.33333333333331,205.66666666666666,203.33333333333331,205.0,18000,-1.0,-1.0,-1.0
2015/10/15,202.0,205.0,202.0,204.0,25200,-1.0,-1.0,-1.0
2015/10/16,204.0,205.66666666666666,204.0,204.33333333333331,30300,-1.0,-1.0,-1.0
2015/10/19,205.0,205.0,204.33333333333331,204.33333333333331,6000,-1.0,-1.0,-1.0
2015/10/20,204.33333333333331,206.33333333333331,203.66666666666666,204.0,3600,-1.0,-1.0,-1.0
2015/10/21,205.0,206.33333333333331,205.0,206.0,9600,-1.0,-1.0,-1.0
2015/10/22,205.66666666666666,205.66666666666666,205.66666666666666,205.66666666666666,300,-1.0,-1.0,-1.0
2015/10/23,206.66666666666666,206.66666666666666,203.33333333333331,205.0,26700,-1.0,-1.0,-1.0
2015/10/26,205.0,206.66666666666666,205.0,205.0,15900,-1.0,-1.0,-1.0
2015/10/27,205.0,207.0,205.0,205.66666666666666,23400,-1.0,-1.0,-1.0
2015/10/28,206.0,210.0,205.0,207.0,21000,-1.0,-1.0,-1.0
2015/10/29,207.0,208.66666666666666,207.0,207.0,6300,-1.0,-1.0,-1.0
2015/10/30,207.33333333333331,209.33333333333331,207.0,209.0,6900,-1.0,-1.0,-1.0
2015/11/02,209.0,215.66666666666666,208.33333333333331,208.33333333333331,14400,-1.0,-1.0,-1.0
2015/11/04,209.66666666666666,209.66666666666666,205.33333333333331,208.33333333333331,9000,-1.0,-1.0,-1.0
2015/11/05,208.33333333333331,210.33333333333331,207.33333333333331,207.66666666666666,4800,-1.0,-1.0,-1.0
2015/11/06,207.66666666666666,210.0,207.0,210.0,5700,-1.0,-1.0,-1.0
2015/11/09,206.0,207.66666666666666,201.66666666666666,207.66666666666666,23100,-1.0,-1.0,-1.0
2015/11/10,207.66666666666666,208.33333333333331,206.33333333333331,206.33333333333331,2100,-1.0,-1.0,-1.0
2015/11/11,208.33333333333331,209.66666666666666,208.0,208.33333333333331,22200,-1.0,-1.0,-1.0
2015/11/12,208.33333333333331,213.0,208.0,210.33333333333331,59100,-1.0,-1.0,-1.0
2015/11/13,210.0,217.66666666666666,209.0,212.0,51300,-1.0,-1.0,-1.0
2015/11/16,210.0,211.33333333333331,208.33333333333331,210.66666666666666,15000,-1.0,-1.0,-1.0
2015/11/17,210.66666666666666,211.66666666666666,208.33333333333331,211.66666666666666,19800,-1.0,-1.0,-1.0
2015/11/18,211.66666666666666,212.66666666666666,210.33333333333331,212.66666666666666,17100,-1.0,-1.0,-1.0
2015/11/19,211.66666666666666,213.66666666666666,211.66666666666666,211.66666666666666,29400,-1.0,-1.0,-1.0
2015/11/20,211.66666666666666,213.66666666666666,211.66666666666666,213.66666666666666,6900,-1.0,-1.0,-1.0
2015/11/24,213.66666666666666,214.66666666666666,211.33333333333331,213.33333333333331,34200,-1.0,-1.0,-1.0
2015/11/25,214.33333333333331,220.33333333333331,213.33333333333331,218.33333333333331,53700,-1.0,-1.0,-1.0
2015/11/26,216.66666666666666,223.33333333333331,216.66666666666666,217.66666666666666,38400,-1.0,-1.0,-1.0
2015/11/27,217.66666666666666,219.66666666666666,215.66666666666666,219.66666666666666,25200,-1.0,-1.0,-1.0
2015/11/30,219.66666666666666,222.0,217.66666666666666,218.33333333333331,27900,-1.0,-1.0,-1.0
2015/12/01,220.33333333333331,220.33333333333331,218.33333333333331,219.0,17100,-1.0,-1.0,-1.0
2015/12/02,219.0,221.33333333333331,218.33333333333331,221.0,6300,-1.0,-1.0,-1.0
2015/12/03,221.0,221.0,220.0,220.0,10200,-1.0,-1.0,-1.0
2015/12/04,217.0,220.0,217.0,219.66666666666666,8400,-1.0,-1.0,-1.0
2015/12/07,219.66666666666666,219.66666666666666,217.66666666666666,217.66666666666666,21000,-1.0,-1.0,-1.0
2015/12/08,219.0,221.66666666666666,217.33333333333331,217.66666666666666,9900,-1.0,-1.0,-1.0
2015/12/09,218.0,218.66666666666666,215.0,215.33333333333331,6000,-1.0,-1.0,-1.0
2015/12/10,215.33333333333331,217.33333333333331,213.66666666666666,215.33333333333331,5100,-1.0,-1.0,-1.0
2015/12/11,215.33333333333331,217.33333333333331,215.33333333333331,217.33333333333331,3900,-1.0,-1.0,-1.0
2015/12/14,216.66666666666666,216.66666666666666,211.66666666666666,214.33333333333331,19800,-1.0,-1.0,-1.0
2015/12/15,213.66666666666666,217.0,213.33333333333331,213.33333333333331,47400,-1.0,-1.0,-1.0
2015/12/16,215.33333333333331,216.66666666666666,214.33333333333331,214.33333333333331,9300,-1.0,-1.0,-1.0
2015/12/17,216.33333333333331,216.33333333333331,214.33333333333331,214.66666666666666,4200,-1.0,-1.0,-1.0
2015/12/18,222.33333333333331,222.33333333333331,213.0,214.33333333333331,40200,-1.0,-1.0,-1.0
2015/12/21,213.0,214.66666666666666,212.0,213.33333333333331,12900,-1.0,-1.0,-1.0
2015/12/22,212.0,214.66666666666666,212.0,214.66666666666666,4800,-1.0,-1.0,-1.0
2015/12/24,214.66666666666666,215.0,212.0,213.33333333333331,5700,-1.0,-1.0,-1.0
2015/12/25,214.66666666666666,214.66666666666666,210.66666666666666,212.0,7800,-1.0,-1.0,-1.0
2015/12/28,212.0,218.33333333333331,212.0,218.33333333333331,3300,-1.0,-1.0,-1.0
2015/12/29,218.66666666666666,220.33333333333331,217.0,217.0,8100,-1.0,-1.0,-1.0
2015/12/30,218.66666666666666,218.66666666666666,216.33333333333331,217.33333333333331,7200,-1.0,-1.0,-1.0
2016/01/04,217.0,217.33333333333331,215.33333333333331,215.33333333333331,9300,-1.0,-1.0,-1.0
2016/01/05,215.0,216.33333333333331,215.0,215.33333333333331,3000,-1.0,-1.0,-1.0
2016/01/06,215.66666666666666,216.66666666666666,210.0,213.33333333333331,18600,-1.0,-1.0,-1.0
2016/01/07,211.0,211.0,207.66666666666666,208.33333333333331,27900,-1.0,-1.0,-1.0
2016/01/08,207.33333333333331,208.0,204.33333333333331,205.66666666666666,8100,-1.0,-1.0,-1.0
2016/01/12,210.0,210.0,201.66666666666666,201.66666666666666,10800,-1.0,-1.0,-1.0
2016/01/13,203.33333333333331,205.33333333333331,203.33333333333331,204.33333333333331,29400,-1.0,-1.0,-1.0
2016/01/14,204.33333333333331,204.33333333333331,202.0,204.0,32700,-1.0,-1.0,-1.0
2016/01/15,209.66666666666666,209.66666666666666,203.0,206.33333333333331,32100,-1.0,-1.0,-1.0
2016/01/18,203.0,203.33333333333331,203.0,203.33333333333331,3900,-1.0,-1.0,-1.0
2016/01/19,203.0,203.0,203.0,203.0,600,-1.0,-1.0,-1.0
2016/01/20,203.0,203.0,202.33333333333331,202.33333333333331,4800,-1.0,-1.0,-1.0
2016/01/21,202.0,203.33333333333331,201.33333333333331,201.33333333333331,6600,-1.0,-1.0,-1.0
2016/01/22,200.0,200.0,187.66666666666666,199.66666666666666,15300,-1.0,-1.0,-1.0
2016/01/25,200.0,201.33333333333331,198.0,201.0,29700,-1.0,-1.0,-1.0
2016/01/26,196.0,199.33333333333331,196.0,197.33333333333331,3000,-1.0,-1.0,-1.0
2016/01/27,197.33333333333331,197.66666666666666,195.33333333333331,196.66666666666666,9600,-1.0,-1.0,-1.0
2016/01/28,196.33333333333331,197.0,196.33333333333331,196.66666666666666,2100,-1.0,-1.0,-1.0
2016/01/29,196.33333333333331,196.33333333333331,196.33333333333331,196.33333333333331,1200,-1.0,-1.0,-1.0
2016/02/01,198.33333333333331,206.0,198.33333333333331,198.66666666666666,21000,-1.0,-1.0,-1.0
2016/02/02,200.0,200.33333333333331,198.66666666666666,198.66666666666666,3000,-1.0,-1.0,-1.0
2016/02/03,197.33333333333331,197.33333333333331,196.33333333333331,197.0,6300,-1.0,-1.0,-1.0
2016/02/04,197.0,197.33333333333331,195.33333333333331,195.66666666666666,3300,-1.0,-1.0,-1.0
2016/02/05,195.66666666666666,196.66666666666666,194.0,194.0,5100,-1.0,-1.0,-1.0
2016/02/08,194.0,197.66666666666666,194.0,196.33333333333331,14700,-1.0,-1.0,-1.0
2016/02/09,196.33333333333331,196.33333333333331,194.0,194.66666666666666,6600,-1.0,-1.0,-1.0
2016/02/10,193.0,193.0,183.33333333333331,187.0,8400,-1.0,-1.0,-1.0
2016/02/12,183.0,183.0,176.0,176.33333333333331,8400,-1.0,-1.0,-1.0
2016/02/15,185.0,185.0,177.0,178.0,18000,-1.0,-1.0,-1.0
2016/02/16,178.33333333333331,181.33333333333331,178.33333333333331,181.33333333333331,28500,-1.0,-1.0,-1.0
2016/02/17,180.66666666666666,181.33333333333331,178.33333333333331,178.33333333333331,4200,-1.0,-1.0,-1.0
2016/02/18,180.0,180.0,180.0,180.0,1800,-1.0,-1.0,-1.0
2016/02/19,180.0,180.0,179.33333333333331,179.33333333333331,1800,-1.0,-1.0,-1.0
2016/02/22,179.33333333333331,183.33333333333331,179.33333333333331,181.66666666666666,7800,-1.0,-1.0,-1.0
2016/02/23,179.0,179.0,179.0,179.0,600,-1.0,-1.0,-1.0
2016/02/24,178.66666666666666,180.0,178.33333333333331,178.33333333333331,2700,-1.0,-1.0,-1.0
2016/02/25,177.66666666666666,177.66666666666666,176.66666666666666,177.0,8400,-1.0,-1.0,-1.0
2016/02/26,177.0,177.33333333333331,177.0,177.33333333333331,600,-1.0,-1.0,-1.0
2016/02/29,178.0,178.33333333333331,177.66666666666666,177.66666666666666,1500,-1.0,-1.0,-1.0
2016/03/01,177.33333333333331,177.33333333333331,176.33333333333331,176.33333333333331,9600,-1.0,-1.0,-1.0
2016/03/02,178.33333333333331,181.66666666666666,178.0,178.66666666666666,13500,-1.0,-1.0,-1.0
2016/03/03,178.66666666666666,180.0,177.66666666666666,179.0,18300,-1.0,-1.0,-1.0
2016/03/04,178.33333333333331,179.66666666666666,178.33333333333331,179.66666666666666,17100,-1.0,-1.0,-1.0
2016/03/07,179.0,181.66666666666666,179.0,180.66666666666666,46200,-1.0,-1.0,-1.0
2016/03/08,182.0,182.33333333333331,180.0,182.0,5100,-1.0,-1.0,-1.0
2016/03/09,181.33333333333331,181.33333333333331,179.33333333333331,179.33333333333331,8400,-1.0,-1.0,-1.0
2016/03/10,181.33333333333331,183.0,179.33333333333331,179.33333333333331,3600,-1.0,-1.0,-1.0
2016/03/11,180.0,182.33333333333331,180.0,180.33333333333331,7800,-1.0,-1.0,-1.0
2016/03/14,180.66666666666666,185.33333333333331,180.0,181.66666666666666,30000,-1.0,-1.0,-1.0
2016/03/15,180.66666666666666,184.0,180.0,181.66666666666666,35100,-1.0,-1.0,-1.0
2016/03/16,183.66666666666666,186.66666666666666,181.66666666666666,185.33333333333331,20100,-1.0,-1.0,-1.0
2016/03/17,185.33333333333331,185.33333333333331,184.33333333333331,184.33333333333331,600,-1.0,-1.0,-1.0
2016/03/18,184.33333333333331,184.66666666666666,183.66666666666666,184.66666666666666,6600,-1.0,-1.0,-1.0
2016/03/22,186.0,186.66666666666666,185.33333333333331,186.0,8100,-1.0,-1.0,-1.0
2016/03/23,185.33333333333331,185.33333333333331,183.66666666666666,184.66666666666666,6300,-1.0,-1.0,-1.0
2016/03/24,181.33333333333331,183.33333333333331,180.0,183.33333333333331,18900,-1.0,-1.0,-1.0
2016/03/25,180.66666666666666,189.66666666666666,180.0,189.66666666666666,22200,-1.0,-1.0,-1.0
2016/03/28,189.0,190.66666666666666,189.0,190.66666666666666,4200,-1.0,-1.0,-1.0
2016/03/29,190.0,190.66666666666666,186.66666666666666,186.66666666666666,43500,-1.0,-1.0,-1.0
2016/03/30,190.0,190.0,186.0,186.66666666666666,9600,-1.0,-1.0,-1.0
2016/03/31,183.33333333333331,186.66666666666666,183.33333333333331,186.0,12000,-1.0,-1.0,-1.0
2016/04/01,182.66666666666666,183.33333333333331,178.33333333333331,181.0,23400,-1.0,-1.0,-1.0
2016/04/04,180.0,181.33333333333331,176.66666666666666,178.66666666666666,18600,-1.0,-1.0,-1.0
2016/04/05,178.66666666666666,180.0,178.66666666666666,178.66666666666666,10800,-1.0,-1.0,-1.0
2016/04/06,178.33333333333331,179.66666666666666,178.33333333333331,179.66666666666666,4500,-1.0,-1.0,-1.0
2016/04/07,183.0,183.0,179.33333333333331,179.33333333333331,13500,-1.0,-1.0,-1.0
2016/04/08,178.33333333333331,181.66666666666666,177.33333333333331,181.66666666666666,21300,-1.0,-1.0,-1.0
2016/04/11,178.33333333333331,178.33333333333331,178.33333333333331,178.33333333333331,6900,-1.0,-1.0,-1.0
2016/04/12,180.33333333333331,180.33333333333331,178.33333333333331,179.33333333333331,1200,-1.0,-1.0,-1.0
2016/04/13,181.33333333333331,181.33333333333331,179.33333333333331,180.0,4500,-1.0,-1.0,-1.0
2016/04/14,179.33333333333331,182.66666666666666,179.33333333333331,181.0,11700,-1.0,-1.0,-1.0
2016/04/15,180.0,180.0,180.0,180.0,5400,-1.0,-1.0,-1.0
2016/04/18,180.0,180.0,179.66666666666666,180.0,3000,-1.0,-1.0,-1.0
2016/04/19,183.0,183.0,182.0,182.33333333333331,16800,-1.0,-1.0,-1.0
2016/04/20,182.66666666666666,183.33333333333331,182.66666666666666,183.33333333333331,1500,-1.0,-1.0,-1.0
2016/04/21,185.0,185.0,182.66666666666666,182.66666666666666,19200,-1.0,-1.0,-1.0
2016/04/22,182.66666666666666,184.33333333333331,182.66666666666666,184.0,5700,-1.0,-1.0,-1.0
2016/04/25,186.0,186.0,183.0,183.33333333333331,3900,-1.0,-1.0,-1.0
2016/04/26,185.0,209.66666666666666,183.66666666666666,185.33333333333331,88800,-1.0,-1.0,-1.0
2016/04/27,185.33333333333331,187.33333333333331,182.33333333333331,183.0,16800,-1.0,-1.0,-1.0
2016/04/28,183.33333333333331,183.66666666666666,182.33333333333331,182.33333333333331,13800,-1.0,-1.0,-1.0
2016/05/02,179.0,180.0,179.0,180.0,3000,-1.0,-1.0,-1.0
2016/05/06,180.66666666666666,191.0,180.66666666666666,185.0,10500,-1.0,-1.0,-1.0
2016/05/09,187.0,188.33333333333331,186.66666666666666,187.0,27600,-1.0,-1.0,-1.0
2016/05/10,189.33333333333331,189.66666666666666,186.66666666666666,189.0,9600,-1.0,-1.0,-1.0
2016/05/11,193.0,193.0,188.0,189.33333333333331,5400,-1.0,-1.0,-1.0
2016/05/12,190.66666666666666,194.66666666666666,188.0,194.66666666666666,9600,-1.0,-1.0,-1.0
2016/05/13,196.33333333333331,196.66666666666666,196.0,196.66666666666666,17100,-1.0,-1.0,-1.0
2016/05/16,196.66666666666666,196.66666666666666,196.0,196.0,2700,-1.0,-1.0,-1.0
2016/05/17,196.66666666666666,196.66666666666666,192.66666666666666,196.0,7200,-1.0,-1.0,-1.0
2016/05/18,200.0,207.33333333333331,197.0,202.0,65100,-1.0,-1.0,-1.0
2016/05/19,206.66666666666666,210.0,195.33333333333331,198.0,62100,-1.0,-1.0,-1.0
2016/05/20,195.33333333333331,195.33333333333331,190.33333333333331,191.0,12000,-1.0,-1.0,-1.0
2016/05/23,188.33333333333331,190.33333333333331,187.66666666666666,190.33333333333331,6900,-1.0,-1.0,-1.0
2016/05/24,190.0,190.33333333333331,190.0,190.0,3600,-1.0,-1.0,-1.0
2016/05/25,190.33333333333331,190.66666666666666,190.0,190.33333333333331,27000,-1.0,-1.0,-1.0
2016/05/26,190.33333333333331,191.33333333333331,190.33333333333331,190.33333333333331,7500,-1.0,-1.0,-1.0
2016/05/27,191.0,191.0,191.0,191.0,600,-1.0,-1.0,-1.0
2016/05/30,191.33333333333331,191.33333333333331,190.33333333333331,190.33333333333331,3300,-1.0,-1.0,-1.0
2016/05/31,191.0,194.0,191.0,193.66666666666666,4200,-1.0,-1.0,-1.0
2016/06/01,190.0,194.33333333333331,190.0,192.33333333333331,21900,-1.0,-1.0,-1.0
2016/06/02,193.33333333333331,193.66666666666666,190.0,193.66666666666666,28200,-1.0,-1.0,-1.0
2016/06/03,193.66666666666666,193.66666666666666,193.66666666666666,193.66666666666666,5700,-1.0,-1.0,-1.0
2016/06/06,193.66666666666666,193.66666666666666,190.66666666666666,192.66666666666666,9000,-1.0,-1.0,-1.0
2016/06/07,194.66666666666666,197.0,194.66666666666666,194.66666666666666,16200,-1.0,-1.0,-1.0
2016/06/08,196.66666666666666,196.66666666666666,196.66666666666666,196.66666666666666,2700,-1.0,-1.0,-1.0
2016/06/09,193.66666666666666,196.0,193.66666666666666,196.0,900,-1.0,-1.0,-1.0
2016/06/10,195.66666666666666,196.0,195.66666666666666,196.0,900,-1.0,-1.0,-1.0
2016/06/13,193.33333333333331,193.33333333333331,191.66666666666666,192.66666666666666,6300,-1.0,-1.0,-1.0
2016/06/14,192.66666666666666,192.66666666666666,190.0,190.33333333333331,6600,-1.0,-1.0,-1.0
2016/06/15,197.0,197.0,192.33333333333331,192.33333333333331,17700,-1.0,-1.0,-1.0
2016/06/16,190.66666666666666,191.0,189.33333333333331,189.33333333333331,10500,-1.0,-1.0,-1.0
2016/06/17,191.33333333333331,191.33333333333331,190.0,190.0,900,-1.0,-1.0,-1.0
2016/06/20,189.66666666666666,189.66666666666666,189.33333333333331,189.33333333333331,600,-1.0,-1.0,-1.0
2016/06/21,189.33333333333331,190.0,187.33333333333331,187.33333333333331,4200,-1.0,-1.0,-1.0
2016/06/22,187.33333333333331,187.33333333333331,185.66666666666666,185.66666666666666,5100,-1.0,-1.0,-1.0
2016/06/23,185.66666666666666,186.66666666666666,185.66666666666666,186.0,6000,-1.0,-1.0,-1.0
2016/06/24,186.0,186.0,182.66666666666666,182.66666666666666,12000,-1.0,-1.0,-1.0
2016/06/27,182.66666666666666,183.66666666666666,182.66666666666666,183.0,1800,-1.0,-1.0,-1.0
2016/06/28,185.0,185.0,185.0,185.0,900,-1.0,-1.0,-1.0
2016/06/29,187.0,187.0,187.0,187.0,300,-1.0,-1.0,-1.0
2016/06/30,189.0,189.66666666666666,187.0,189.66666666666666,3900,-1.0,-1.0,-1.0
2016/07/01,187.66666666666666,192.66666666666666,187.66666666666666,191.33333333333331,2700,-1.0,-1.0,-1.0
2016/07/04,191.33333333333331,193.33333333333331,190.0,193.33333333333331,4500,-1.0,-1.0,-1.0
2016/07/05,193.33333333333331,194.0,193.33333333333331,193.33333333333331,2700,-1.0,-1.0,-1.0
2016/07/06,193.66666666666666,193.66666666666666,191.33333333333331,193.33333333333331,9900,-1.0,-1.0,-1.0
2016/07/07,195.33333333333331,195.33333333333331,189.66666666666666,190.0,40200,-1.0,-1.0,-1.0
2016/07/08,190.33333333333331,190.33333333333331,189.66666666666666,189.66666666666666,11400,-1.0,-1.0,-1.0
2016/07/11,189.66666666666666,191.66666666666666,189.66666666666666,190.66666666666666,3000,-1.0,-1.0,-1.0
2016/07/12,190.66666666666666,193.33333333333331,190.66666666666666,193.33333333333331,4200,-1.0,-1.0,-1.0
2016/07/13,193.33333333333331,196.66666666666666,191.66666666666666,191.66666666666666,4500,-1.0,-1.0,-1.0
2016/07/14,191.66666666666666,200.0,191.66666666666666,200.0,9600,-1.0,-1.0,-1.0
2016/07/15,208.33333333333331,208.33333333333331,196.33333333333331,196.33333333333331,8400,-1.0,-1.0,-1.0
2016/07/19,203.0,203.0,193.66666666666666,194.66666666666666,6600,-1.0,-1.0,-1.0
2016/07/20,194.66666666666666,195.33333333333331,194.66666666666666,195.33333333333331,900,-1.0,-1.0,-1.0
2016/07/21,194.0,194.66666666666666,191.0,191.0,4500,-1.0,-1.0,-1.0
2016/07/22,191.33333333333331,191.66666666666666,191.0,191.33333333333331,5700,-1.0,-1.0,-1.0
2016/07/25,191.33333333333331,191.66666666666666,191.33333333333331,191.66666666666666,1200,-1.0,-1.0,-1.0
2016/07/26,188.66666666666666,188.66666666666666,185.0,188.33333333333331,8700,-1.0,-1.0,-1.0
2016/07/27,188.33333333333331,188.66666666666666,188.33333333333331,188.33333333333331,2100,-1.0,-1.0,-1.0
2016/07/28,188.0,188.0,187.66666666666666,187.66666666666666,4200,-1.0,-1.0,-1.0
2016/07/29,188.33333333333331,189.0,188.33333333333331,188.66666666666666,2100,-1.0,-1.0,-1.0
2016/08/01,187.66666666666666,187.66666666666666,187.33333333333331,187.33333333333331,1500,-1.0,-1.0,-1.0
2016/08/02,187.66666666666666,189.33333333333331,187.66666666666666,188.0,3000,-1.0,-1.0,-1.0
2016/08/03,188.0,188.33333333333331,187.33333333333331,188.0,2400,-1.0,-1.0,-1.0
2016/08/04,187.0,188.0,185.66666666666666,186.66666666666666,11700,-1.0,-1.0,-1.0
2016/08/05,187.33333333333331,190.66666666666666,187.0,188.66666666666666,10200,-1.0,-1.0,-1.0
2016/08/08,188.66666666666666,189.33333333333331,187.0,188.33333333333331,21300,-1.0,-1.0,-1.0
2016/08/09,188.33333333333331,188.33333333333331,187.0,188.33333333333331,6000,-1.0,-1.0,-1.0
2016/08/10,187.66666666666666,188.0,183.66666666666666,186.0,15900,-1.0,-1.0,-1.0
2016/08/12,183.33333333333331,184.33333333333331,181.66666666666666,183.33333333333331,18300,-1.0,-1.0,-1.0
2016/08/15,187.33333333333331,187.33333333333331,187.0,187.0,9300,-1.0,-1.0,-1.0
2016/08/16,183.66666666666666,185.33333333333331,183.33333333333331,183.33333333333331,7500,-1.0,-1.0,-1.0
2016/08/17,183.66666666666666,183.66666666666666,183.33333333333331,183.33333333333331,2100,-1.0,-1.0,-1.0
2016/08/18,183.33333333333331,183.33333333333331,182.0,182.0,4800,-1.0,-1.0,-1.0
2016/08/19,181.66666666666666,181.66666666666666,178.33333333333331,179.66666666666666,5700,-1.0,-1.0,-1.0
2016/08/22,181.66666666666666,181.66666666666666,179.66666666666666,180.66666666666666,6900,-1.0,-1.0,-1.0
2016/08/23,180.66666666666666,180.66666666666666,180.66666666666666,180.66666666666666,3000,-1.0,-1.0,-1.0
2016/08/24,180.66666666666666,183.0,180.66666666666666,183.0,900,-1.0,-1.0,-1.0
2016/08/25,181.33333333333331,181.66666666666666,181.0,181.66666666666666,5400,-1.0,-1.0,-1.0
2016/08/26,181.66666666666666,181.66666666666666,181.66666666666666,181.66666666666666,8100,-1.0,-1.0,-1.0
2016/08/29,183.33333333333331,185.0,181.66666666666666,182.0,12000,-1.0,-1.0,-1.0
2016/08/30,182.0,183.66666666666666,182.0,182.66666666666666,5100,-1.0,-1.0,-1.0
2016/08/31,182.66666666666666,184.33333333333331,182.66666666666666,183.66666666666666,3900,-1.0,-1.0,-1.0
2016/09/01,183.66666666666666,183.66666666666666,182.66666666666666,182.66666666666666,2400,-1.0,-1.0,-1.0
2016/09/02,183.0,186.33333333333331,183.0,184.33333333333331,3300,-1.0,-1.0,-1.0
2016/09/05,184.33333333333331,186.66666666666666,184.0,186.66666666666666,11100,-1.0,-1.0,-1.0
2016/09/06,186.66666666666666,188.33333333333331,186.66666666666666,186.66666666666666,4200,-1.0,-1.0,-1.0
2016/09/07,185.33333333333331,187.66666666666666,185.33333333333331,186.66666666666666,19500,-1.0,-1.0,-1.0
2016/09/08,187.66666666666666,187.66666666666666,186.33333333333331,186.33333333333331,7500,-1.0,-1.0,-1.0
2016/09/09,186.33333333333331,188.33333333333331,185.33333333333331,188.33333333333331,4800,-1.0,-1.0,-1.0
2016/09/12,185.0,186.66666666666666,185.0,186.66666666666666,6600,-1.0,-1.0,-1.0
2016/09/13,186.66666666666666,187.33333333333331,186.66666666666666,187.33333333333331,2100,-1.0,-1.0,-1.0
2016/09/14,187.0,189.33333333333331,187.0,189.33333333333331,3600,-1.0,-1.0,-1.0
2016/09/15,191.33333333333331,191.33333333333331,187.66666666666666,187.66666666666666,8700,-1.0,-1.0,-1.0
2016/09/16,187.66666666666666,187.66666666666666,186.0,186.0,2100,-1.0,-1.0,-1.0
2016/09/20,186.0,187.33333333333331,186.0,187.33333333333331,3300,-1.0,-1.0,-1.0
2016/09/21,186.66666666666666,194.33333333333331,186.66666666666666,187.33333333333331,8700,-1.0,-1.0,-1.0
2016/09/23,187.66666666666666,188.66666666666666,187.33333333333331,187.33333333333331,1200,-1.0,-1.0,-1.0
2016/09/26,187.33333333333331,188.33333333333331,186.66666666666666,186.66666666666666,7200,-1.0,-1.0,-1.0
2016/09/27,185.0,189.0,185.0,188.66666666666666,8100,-1.0,-1.0,-1.0
2016/09/28,185.66666666666666,185.66666666666666,185.66666666666666,185.66666666666666,1200,-1.0,-1.0,-1.0
2016/09/29,185.0,187.66666666666666,185.0,185.0,1500,-1.0,-1.0,-1.0
2016/09/30,184.33333333333331,184.33333333333331,184.33333333333331,184.33333333333331,600,-1.0,-1.0,-1.0
2016/10/03,184.33333333333331,186.33333333333331,184.33333333333331,184.33333333333331,13500,-1.0,-1.0,-1.0
2016/10/04,185.0,186.66666666666666,185.0,185.33333333333331,6300,-1.0,-1.0,-1.0
2016/10/05,185.33333333333331,188.0,185.33333333333331,186.0,25200,-1.0,-1.0,-1.0
2016/10/06,186.66666666666666,188.0,186.66666666666666,187.0,4200,-1.0,-1.0,-1.0
2016/10/07,186.66666666666666,188.66666666666666,183.33333333333331,186.33333333333331,37800,-1.0,-1.0,-1.0
2016/10/11,186.33333333333331,186.66666666666666,183.33333333333331,186.66666666666666,25200,-1.0,-1.0,-1.0
2016/10/12,185.33333333333331,186.33333333333331,185.33333333333331,186.33333333333331,2100,-1.0,-1.0,-1.0
2016/10/13,186.0,188.33333333333331,186.0,187.0,6300,-1.0,-1.0,-1.0
2016/10/14,188.66666666666666,188.66666666666666,185.0,185.0,24000,-1.0,-1.0,-1.0
2016/10/17,185.66666666666666,188.0,185.66666666666666,188.0,1200,-1.0,-1.0,-1.0
2016/10/18,186.66666666666666,186.66666666666666,186.66666666666666,186.66666666666666,600,-1.0,-1.0,-1.0
2016/10/19,186.66666666666666,189.33333333333331,186.66666666666666,189.33333333333331,900,-1.0,-1.0,-1.0
2016/10/20,187.0,190.66666666666666,186.66666666666666,190.66666666666666,6600,-1.0,-1.0,-1.0
2016/10/21,187.33333333333331,187.66666666666666,187.33333333333331,187.66666666666666,1200,-1.0,-1.0,-1.0
2016/10/24,188.33333333333331,188.33333333333331,188.0,188.0,6300,-1.0,-1.0,-1.0
2016/10/25,188.0,188.33333333333331,186.66666666666666,186.66666666666666,6300,-1.0,-1.0,-1.0
2016/10/26,186.66666666666666,187.66666666666666,186.66666666666666,186.66666666666666,14400,-1.0,-1.0,-1.0
2016/10/27,186.66666666666666,187.0,186.0,187.0,7200,-1.0,-1.0,-1.0
2016/10/28,188.0,189.33333333333331,188.0,189.33333333333331,1800,-1.0,-1.0,-1.0
2016/10/31,189.66666666666666,192.66666666666666,187.66666666666666,192.66666666666666,5400,-1.0,-1.0,-1.0
2016/11/01,191.66666666666666,192.0,190.33333333333331,192.0,16200,-1.0,-1.0,-1.0
2016/11/02,191.0,191.0,189.0,191.0,4800,-1.0,-1.0,-1.0
2016/11/04,190.33333333333331,192.0,190.0,192.0,4500,-1.0,-1.0,-1.0
2016/11/07,188.66666666666666,190.66666666666666,187.66666666666666,190.0,29100,-1.0,-1.0,-1.0
2016/11/08,190.33333333333331,192.33333333333331,190.33333333333331,191.33333333333331,6000,-1.0,-1.0,-1.0
2016/11/09,191.33333333333331,191.33333333333331,186.0,187.33333333333331,11700,-1.0,-1.0,-1.0
2016/11/10,188.33333333333331,191.66666666666666,188.33333333333331,191.66666666666666,11100,-1.0,-1.0,-1.0
2016/11/11,191.66666666666666,193.33333333333331,191.33333333333331,191.33333333333331,7500,-1.0,-1.0,-1.0
2016/11/14,187.0,188.0,185.0,187.33333333333331,104700,-1.0,-1.0,-1.0
2016/11/15,187.66666666666666,188.0,186.66666666666666,186.66666666666666,38700,-1.0,-1.0,-1.0
2016/11/16,187.33333333333331,189.33333333333331,186.0,187.66666666666666,32400,-1.0,-1.0,-1.0
2016/11/17,189.0,189.0,185.66666666666666,186.33333333333331,13500,-1.0,-1.0,-1.0
2016/11/18,187.0,188.0,186.66666666666666,187.0,12900,-1.0,-1.0,-1.0
2016/11/21,187.33333333333331,187.33333333333331,186.33333333333331,187.0,24300,-1.0,-1.0,-1.0
2016/11/22,187.0,188.0,186.33333333333331,187.66666666666666,24300,-1.0,-1.0,-1.0
2016/11/24,187.66666666666666,187.66666666666666,186.66666666666666,187.66666666666666,16800,-1.0,-1.0,-1.0
2016/11/25,188.33333333333331,193.0,188.33333333333331,191.33333333333331,30300,-1.0,-1.0,-1.0
2016/11/28,192.0,195.0,192.0,193.33333333333331,9600,-1.0,-1.0,-1.0
2016/11/29,195.0,196.66666666666666,193.33333333333331,194.33333333333331,9300,-1.0,-1.0,-1.0
2016/11/30,197.33333333333331,198.66666666666666,196.66666666666666,198.33333333333331,12900,-1.0,-1.0,-1.0
2016/12/01,200.66666666666666,201.0,200.0,201.0,6600,-1.0,-1.0,-1.0
2016/12/02,201.0,201.0,195.0,196.66666666666666,4200,-1.0,-1.0,-1.0
2016/12/05,197.33333333333331,198.0,196.66666666666666,198.0,9300,-1.0,-1.0,-1.0
2016/12/06,198.33333333333331,199.66666666666666,198.33333333333331,198.33333333333331,6000,-1.0,-1.0,-1.0
2016/12/07,202.33333333333331,202.33333333333331,199.33333333333331,199.33333333333331,19200,-1.0,-1.0,-1.0
2016/12/08,199.33333333333331,202.33333333333331,199.33333333333331,199.33333333333331,4800,-1.0,-1.0,-1.0
2016/12/09,199.33333333333331,201.0,199.33333333333331,199.33333333333331,3600,-1.0,-1.0,-1.0
2016/12/12,199.33333333333331,201.0,199.33333333333331,199.66666666666666,13800,-1.0,-1.0,-1.0
2016/12/13,199.66666666666666,201.33333333333331,199.66666666666666,199.66666666666666,3600,-1.0,-1.0,-1.0
2016/12/14,201.66666666666666,202.0,199.66666666666666,202.0,8400,-1.0,-1.0,-1.0
2016/12/15,202.66666666666666,202.66666666666666,200.0,202.0,17700,-1.0,-1.0,-1.0
2016/12/16,202.0,202.0,200.33333333333331,201.33333333333331,1800,-1.0,-1.0,-1.0
2016/12/19,201.0,201.33333333333331,199.66666666666666,199.66666666666666,6600,-1.0,-1.0,-1.0
2016/12/20,200.0,200.0,199.33333333333331,199.66666666666666,20700,-1.0,-1.0,-1.0
2016/12/21,199.66666666666666,200.0,199.66666666666666,200.0,1200,-1.0,-1.0,-1.0
2016/12/22,200.33333333333331,200.66666666666666,198.33333333333331,200.0,33000,-1.0,-1.0,-1.0
2016/12/26,200.0,200.0,199.66666666666666,199.66666666666666,1800,-1.0,-1.0,-1.0
2016/12/27,200.0,200.0,199.66666666666666,199.66666666666666,3300,-1.0,-1.0,-1.0
2016/12/28,199.66666666666666,201.33333333333331,199.66666666666666,201.0,8400,-1.0,-1.0,-1.0
2016/12/29,201.33333333333331,201.66666666666666,201.33333333333331,201.33333333333331,11100,-1.0,-1.0,-1.0
2016/12/30,201.33333333333331,202.33333333333331,201.33333333333331,201.66666666666666,4500,-1.0,-1.0,-1.0
2017/01/04,202.33333333333331,202.66666666666666,200.0,201.33333333333331,12000,-1.0,-1.0,-1.0
2017/01/05,201.0,203.33333333333331,201.0,203.0,6300,-1.0,-1.0,-1.0
2017/01/06,203.0,204.66666666666666,202.66666666666666,203.66666666666666,8700,-1.0,-1.0,-1.0
2017/01/10,213.66666666666666,213.66666666666666,205.66666666666666,208.0,42900,-1.0,-1.0,-1.0
2017/01/11,208.33333333333331,208.33333333333331,208.0,208.0,1800,-1.0,-1.0,-1.0
2017/01/12,207.33333333333331,210.0,207.33333333333331,209.66666666666666,6600,-1.0,-1.0,-1.0
2017/01/13,211.33333333333331,211.33333333333331,207.0,207.0,9900,-1.0,-1.0,-1.0
2017/01/16,210.66666666666666,210.66666666666666,207.66666666666666,207.66666666666666,4800,-1.0,-1.0,-1.0
2017/01/17,204.33333333333331,207.0,204.33333333333331,204.66666666666666,11100,-1.0,-1.0,-1.0
2017/01/18,205.0,206.0,205.0,205.33333333333331,8400,-1.0,-1.0,-1.0
2017/01/19,205.33333333333331,205.33333333333331,205.33333333333331,205.33333333333331,900,-1.0,-1.0,-1.0
2017/01/20,205.33333333333331,205.33333333333331,205.33333333333331,205.33333333333331,5100,-1.0,-1.0,-1.0
2017/01/23,205.33333333333331,205.66666666666666,205.33333333333331,205.33333333333331,7500,-1.0,-1.0,-1.0
2017/01/24,206.66666666666666,207.33333333333331,206.66666666666666,207.0,12900,-1.0,-1.0,-1.0
2017/01/25,209.0,209.0,206.0,206.0,900,-1.0,-1.0,-1.0
2017/01/26,206.0,206.66666666666666,206.0,206.66666666666666,8100,-1.0,-1.0,-1.0
2017/01/27,206.66666666666666,206.66666666666666,206.66666666666666,206.66666666666666,1500,-1.0,-1.0,-1.0
2017/01/30,208.33333333333331,208.33333333333331,204.0,206.66666666666666,5100,-1.0,-1.0,-1.0
2017/01/31,207.66666666666666,207.66666666666666,205.33333333333331,206.66666666666666,6900,-1.0,-1.0,-1.0
2017/02/01,206.66666666666666,206.66666666666666,206.66666666666666,206.66666666666666,600,-1.0,-1.0,-1.0
2017/02/02,206.66666666666666,207.0,206.0,206.66666666666666,6600,-1.0,-1.0,-1.0
2017/02/03,206.66666666666666,206.66666666666666,205.66666666666666,206.66666666666666,10200,-1.0,-1.0,-1.0
2017/02/06,206.66666666666666,208.33333333333331,205.66666666666666,207.0,44700,-1.0,-1.0,-1.0
2017/02/07,207.0,207.0,207.0,207.0,13800,-1.0,-1.0,-1.0
2017/02/08,211.0,211.0,205.0,210.66666666666666,38700,-1.0,-1.0,-1.0
2017/02/09,210.66666666666666,210.66666666666666,208.0,210.0,15000,-1.0,-1.0,-1.0
2017/02/10,209.66666666666666,210.0,207.66666666666666,208.66666666666666,7200,-1.0,-1.0,-1.0
2017/02/13,212.33333333333331,215.0,208.33333333333331,210.66666666666666,37200,-1.0,-1.0,-1.0
2017/02/14,215.33333333333331,215.33333333333331,213.66666666666666,215.33333333333331,83100,-1.0,-1.0,-1.0
2017/02/15,220.33333333333331,223.0,220.0,223.0,43200,-1.0,-1.0,-1.0
2017/02/16,225.33333333333331,225.33333333333331,220.0,223.0,13200,-1.0,-1.0,-1.0
2017/02/17,226.0,226.0,220.0,221.33333333333331,12600,-1.0,-1.0,-1.0
2017/02/20,224.66666666666666,224.66666666666666,220.66666666666666,222.0,13500,-1.0,-1.0,-1.0
2017/02/21,224.33333333333331,225.33333333333331,224.33333333333331,224.66666666666666,9600,-1.0,-1.0,-1.0
2017/02/22,226.66666666666666,227.33333333333331,226.66666666666666,227.33333333333331,21300,-1.0,-1.0,-1.0
2017/02/23,228.0,228.66666666666666,228.0,228.66666666666666,9900,-1.0,-1.0,-1.0
2017/02/24,228.66666666666666,228.66666666666666,226.33333333333331,226.33333333333331,900,-1.0,-1.0,-1.0
2017/02/27,228.66666666666666,230.66666666666666,228.0,228.0,22500,-1.0,-1.0,-1.0
2017/02/28,229.33333333333331,230.66666666666666,229.33333333333331,230.66666666666666,2700,-1.0,-1.0,-1.0
2017/03/01,230.66666666666666,230.66666666666666,228.66666666666666,228.66666666666666,2400,-1.0,-1.0,-1.0
2017/03/02,230.0,231.33333333333331,229.33333333333331,229.33333333333331,8100,-1.0,-1.0,-1.0
2017/03/03,229.0,229.33333333333331,229.0,229.33333333333331,4500,-1.0,-1.0,-1.0
2017/03/06,229.33333333333331,230.0,229.33333333333331,230.0,2400,-1.0,-1.0,-1.0
2017/03/07,230.0,230.0,229.33333333333331,229.33333333333331,15900,-1.0,-1.0,-1.0
2017/03/08,229.33333333333331,229.33333333333331,226.66666666666666,229.33333333333331,5100,-1.0,-1.0,-1.0
2017/03/09,229.33333333333331,229.33333333333331,226.66666666666666,229.33333333333331,6900,-1.0,-1.0,-1.0
2017/03/10,229.33333333333331,230.0,229.33333333333331,230.0,5100,-1.0,-1.0,-1.0
2017/03/13,230.0,230.33333333333331,230.0,230.33333333333331,1200,-1.0,-1.0,-1.0
2017/03/14,230.33333333333331,232.66666666666666,230.33333333333331,232.66666666666666,3000,-1.0,-1.0,-1.0
2017/03/15,233.33333333333331,233.33333333333331,232.66666666666666,232.66666666666666,14100,-1.0,-1.0,-1.0
2017/03/16,232.66666666666666,232.66666666666666,227.0,232.33333333333331,5400,-1.0,-1.0,-1.0
2017/03/17,232.33333333333331,232.33333333333331,227.33333333333331,232.33333333333331,14400,-1.0,-1.0,-1.0
2017/03/21,232.33333333333331,232.33333333333331,232.33333333333331,232.33333333333331,3600,-1.0,-1.0,-1.0
2017/03/22,230.33333333333331,230.33333333333331,229.66666666666666,230.0,5400,-1.0,-1.0,-1.0
2017/03/24,229.0,230.33333333333331,229.0,230.0,3300,-1.0,-1.0,-1.0
2017/03/27,229.66666666666666,230.0,229.66666666666666,230.0,2100,-1.0,-1.0,-1.0
2017/03/28,230.0,232.33333333333331,230.0,232.33333333333331,7200,-1.0,-1.0,-1.0
2017/03/29,232.0,232.0,225.66666666666666,225.66666666666666,4500,-1.0,-1.0,-1.0
2017/03/31,219.33333333333331,225.33333333333331,219.33333333333331,225.33333333333331,12900,-1.0,-1.0,-1.0
2017/04/03,224.33333333333331,224.33333333333331,220.0,220.0,2100,-1.0,-1.0,-1.0
2017/04/04,223.33333333333331,224.33333333333331,220.66666666666666,221.33333333333331,10500,-1.0,-1.0,-1.0
2017/04/05,221.0,221.33333333333331,221.0,221.33333333333331,16200,-1.0,-1.0,-1.0
2017/04/06,221.33333333333331,221.33333333333331,219.0,219.0,1500,-1.0,-1.0,-1.0
2017/04/07,216.66666666666666,217.0,214.0,215.0,15000,-1.0,-1.0,-1.0
2017/04/10,217.33333333333331,217.33333333333331,217.0,217.0,600,-1.0,-1.0,-1.0
2017/04/11,213.66666666666666,215.0,213.66666666666666,215.0,8700,-1.0,-1.0,-1.0
2017/04/12,215.0,215.0,213.66666666666666,213.66666666666666,4500,-1.0,-1.0,-1.0
2017/04/13,213.66666666666666,216.0,213.66666666666666,216.0,6300,-1.0,-1.0,-1.0
2017/04/14,219.33333333333331,219.33333333333331,216.66666666666666,216.66666666666666,10500,-1.0,-1.0,-1.0
2017/04/17,216.66666666666666,216.66666666666666,216.66666666666666,216.66666666666666,1500,-1.0,-1.0,-1.0
2017/04/18,217.0,219.0,217.0,219.0,600,-1.0,-1.0,-1.0
2017/04/19,219.0,219.0,219.0,219.0,300,-1.0,-1.0,-1.0
2017/04/20,219.33333333333331,219.33333333333331,219.0,219.0,900,-1.0,-1.0,-1.0
2017/04/21,219.0,219.0,219.0,219.0,600,-1.0,-1.0,-1.0
2017/04/24,220.0,220.0,219.66666666666666,220.0,4200,-1.0,-1.0,-1.0
2017/04/25,219.33333333333331,220.66666666666666,219.33333333333331,220.0,10500,-1.0,-1.0,-1.0
2017/04/26,218.0,220.0,218.0,220.0,5700,-1.0,-1.0,-1.0
2017/04/27,220.0,220.0,219.0,219.0,3000,-1.0,-1.0,-1.0
2017/04/28,220.0,220.66666666666666,219.0,219.0,16500,-1.0,-1.0,-1.0
2017/05/01,219.0,219.0,219.0,219.0,300,-1.0,-1.0,-1.0
2017/05/02,220.0,221.66666666666666,219.66666666666666,221.0,8400,-1.0,-1.0,-1.0
2017/05/08,224.0,225.33333333333331,221.0,225.33333333333331,64200,-1.0,-1.0,-1.0
2017/05/09,225.33333333333331,225.33333333333331,225.33333333333331,225.33333333333331,900,-1.0,-1.0,-1.0
2017/05/10,225.33333333333331,227.66666666666666,225.33333333333331,227.66666666666666,11700,-1.0,-1.0,-1.0
2017/05/11,229.0,230.0,229.0,229.0,3300,-1.0,-1.0,-1.0
2017/05/12,235.66666666666666,235.66666666666666,224.66666666666666,232.0,13200,-1.0,-1.0,-1.0
2017/05/15,235.33333333333331,235.33333333333331,227.66666666666666,230.0,41700,-1.0,-1.0,-1.0
2017/05/16,230.0,230.0,230.0,230.0,5700,-1.0,-1.0,-1.0
2017/05/17,232.0,232.66666666666666,230.0,230.0,12000,-1.0,-1.0,-1.0
2017/05/18,230.0,233.0,229.66666666666666,232.66666666666666,9300,-1.0,-1.0,-1.0
2017/05/19,248.0,248.33333333333331,239.0,240.0,128100,-1.0,-1.0,-1.0
2017/05/22,240.0,243.0,240.0,240.66666666666666,15600,-1.0,-1.0,-1.0
2017/05/23,240.66666666666666,240.66666666666666,238.33333333333331,240.0,21600,-1.0,-1.0,-1.0
2017/05/24,239.66666666666666,240.66666666666666,239.33333333333331,239.33333333333331,15900,-1.0,-1.0,-1.0
2017/05/25,238.0,241.66666666666666,238.0,239.33333333333331,5100,-1.0,-1.0,-1.0
2017/05/26,238.66666666666666,240.0,236.0,237.66666666666666,19800,-1.0,-1.0,-1.0
2017/05/29,237.66666666666666,237.66666666666666,236.0,237.66666666666666,18000,-1.0,-1.0,-1.0
2017/05/30,237.66666666666666,237.66666666666666,237.66666666666666,237.66666666666666,10800,-1.0,-1.0,-1.0
2017/05/31,237.66666666666666,238.33333333333331,237.66666666666666,238.33333333333331,3000,-1.0,-1.0,-1.0
2017/06/01,238.66666666666666,238.66666666666666,236.66666666666666,237.66666666666666,12300,-1.0,-1.0,-1.0
2017/06/02,237.66666666666666,237.66666666666666,235.66666666666666,235.66666666666666,6000,-1.0,-1.0,-1.0
2017/06/05,235.66666666666666,236.66666666666666,233.66666666666666,235.66666666666666,14100,-1.0,-1.0,-1.0
2017/06/06,235.66666666666666,235.66666666666666,228.66666666666666,235.66666666666666,20100,-1.0,-1.0,-1.0
2017/06/07,236.66666666666666,236.66666666666666,233.66666666666666,233.66666666666666,16200,-1.0,-1.0,-1.0
2017/06/08,234.0,234.33333333333331,233.66666666666666,233.66666666666666,4200,-1.0,-1.0,-1.0
2017/06/09,233.66666666666666,233.66666666666666,233.33333333333331,233.33333333333331,9900,-1.0,-1.0,-1.0
2017/06/12,233.33333333333331,233.66666666666666,233.33333333333331,233.66666666666666,2400,-1.0,-1.0,-1.0
2017/06/13,233.66666666666666,235.0,233.66666666666666,235.0,1800,-1.0,-1.0,-1.0
2017/06/14,234.0,234.0,233.0,233.66666666666666,5400,-1.0,-1.0,-1.0
2017/06/15,232.33333333333331,235.0,226.33333333333331,228.0,57900,-1.0,-1.0,-1.0
2017/06/16,229.0,233.0,228.33333333333331,230.33333333333331,18000,-1.0,-1.0,-1.0
2017/06/19,229.0,230.33333333333331,226.66666666666666,228.0,28200,-1.0,-1.0,-1.0
2017/06/20,230.0,231.66666666666666,230.0,230.0,21900,-1.0,-1.0,-1.0
2017/06/21,230.0,231.0,229.0,230.0,20100,-1.0,-1.0,-1.0
2017/06/22,229.66666666666666,232.66666666666666,228.0,230.66666666666666,20700,-1.0,-1.0,-1.0
2017/06/23,231.0,231.0,229.33333333333331,230.0,48300,-1.0,-1.0,-1.0
2017/06/26,230.66666666666666,231.66666666666666,230.0,231.33333333333331,28200,-1.0,-1.0,-1.0
2017/06/27,231.33333333333331,241.0,231.33333333333331,235.33333333333331,34500,-1.0,-1.0,-1.0
2017/06/28,233.66666666666666,238.0,227.66666666666666,232.33333333333331,60000,-1.0,-1.0,-1.0
2017/06/29,231.33333333333331,235.33333333333331,230.33333333333331,233.0,18300,-1.0,-1.0,-1.0
2017/06/30,232.33333333333331,233.33333333333331,231.66666666666666,233.33333333333331,8400,-1.0,-1.0,-1.0
2017/07/03,233.0,234.0,233.0,234.0,12900,-1.0,-1.0,-1.0
2017/07/04,234.66666666666666,237.0,233.66666666666666,234.0,51000,-1.0,-1.0,-1.0
2017/07/05,234.0,235.0,232.66666666666666,232.66666666666666,31800,-1.0,-1.0,-1.0
2017/07/06,235.0,235.0,230.66666666666666,233.66666666666666,14100,-1.0,-1.0,-1.0
2017/07/07,230.0,237.33333333333331,229.33333333333331,235.0,134400,-1.0,-1.0,-1.0
2017/07/10,234.66666666666666,240.0,234.0,239.66666666666666,120300,-1.0,-1.0,-1.0
2017/07/11,242.66666666666666,245.66666666666666,242.0,245.33333333333331,53400,-1.0,-1.0,-1.0
2017/07/12,245.33333333333331,253.0,242.33333333333331,246.66666666666666,61500,-1.0,-1.0,-1.0
2017/07/13,249.33333333333331,252.66666666666666,247.33333333333331,250.66666666666666,74400,-1.0,-1.0,-1.0
2017/07/14,253.66666666666666,254.33333333333331,250.0,251.33333333333331,26100,-1.0,-1.0,-1.0
2017/07/18,251.66666666666666,255.33333333333331,251.0,253.0,17100,-1.0,-1.0,-1.0
2017/07/19,253.33333333333331,253.33333333333331,241.33333333333331,249.0,41400,-1.0,-1.0,-1.0
2017/07/20,253.33333333333331,253.33333333333331,250.66666666666666,253.0,23700,-1.0,-1.0,-1.0
2017/07/21,253.0,253.33333333333331,251.0,253.33333333333331,49500,-1.0,-1.0,-1.0
2017/07/24,253.33333333333331,254.0,253.0,254.0,7500,-1.0,-1.0,-1.0
2017/07/25,254.33333333333331,260.0,254.33333333333331,260.0,46800,-1.0,-1.0,-1.0
2017/07/26,260.66666666666663,268.0,260.66666666666663,263.0,36300,-1.0,-1.0,-1.0
2017/07/27,263.3333333333333,264.0,263.0,264.0,30900,-1.0,-1.0,-1.0
2017/07/28,290.66666666666663,314.0,281.66666666666663,284.0,366300,-1.0,-1.0,-1.0
2017/07/31,313.66666666666663,334.0,306.66666666666663,317.3333333333333,783000,-1.0,-1.0,-1.0
2017/08/01,295.0,307.3333333333333,289.0,289.3333333333333,192600,-1.0,-1.0,-1.0
2017/08/02,292.66666666666663,292.66666666666663,281.3333333333333,286.0,56700,-1.0,-1.0,-1.0
2017/08/03,286.0,286.0,280.0,283.0,30300,-1.0,-1.0,-1.0
2017/08/04,283.0,284.66666666666663,281.0,284.66666666666663,18300,-1.0,-1.0,-1.0
2017/08/07,298.66666666666663,303.3333333333333,289.3333333333333,303.3333333333333,50100,-1.0,-1.0,-1.0
2017/08/08,310.0,310.0,297.0,300.0,46800,-1.0,-1.0,-1.0
2017/08/09,305.0,306.66666666666663,290.66666666666663,297.3333333333333,48900,-1.0,-1.0,-1.0
2017/08/10,273.0,283.66666666666663,264.3333333333333,269.0,105000,-1.0,-1.0,-1.0
2017/08/14,266.66666666666663,266.66666666666663,259.0,259.66666666666663,29100,-1.0,-1.0,-1.0
2017/08/15,266.0,266.0,261.3333333333333,263.0,16200,-1.0,-1.0,-1.0
2017/08/16,266.0,266.0,261.3333333333333,261.3333333333333,21300,-1.0,-1.0,-1.0
2017/08/17,271.3333333333333,271.3333333333333,262.0,262.3333333333333,68400,-1.0,-1.0,-1.0
2017/08/18,264.0,278.3333333333333,264.0,269.66666666666663,87000,-1.0,-1.0,-1.0
2017/08/21,270.3333333333333,278.0,266.66666666666663,277.3333333333333,114300,-1.0,-1.0,-1.0
2017/08/22,274.66666666666663,320.66666666666663,274.66666666666663,290.0,617400,-1.0,-1.0,-1.0
2017/08/23,291.0,304.0,286.66666666666663,299.66666666666663,177900,-1.0,-1.0,-1.0
2017/08/24,295.3333333333333,323.3333333333333,295.0,316.66666666666663,245700,-1.0,-1.0,-1.0
2017/08/25,328.0,328.0,308.0,308.66666666666663,115500,-1.0,-1.0,-1.0
2017/08/28,303.66666666666663,326.3333333333333,296.66666666666663,308.66666666666663,903600,-1.0,-1.0,-1.0
2017/08/29,298.66666666666663,301.66666666666663,286.66666666666663,288.3333333333333,452400,-1.0,-1.0,-1.0
2017/08/30,296.0,296.66666666666663,272.3333333333333,277.3333333333333,308700,-1.0,-1.0,-1.0
2017/08/31,277.0,280.3333333333333,273.0,276.3333333333333,105600,-1.0,-1.0,-1.0
2017/09/01,278.66666666666663,279.3333333333333,274.3333333333333,276.3333333333333,103500,-1.0,-1.0,-1.0
2017/09/04,274.0,275.0,262.66666666666663,263.3333333333333,183600,-1.0,-1.0,-1.0
2017/09/05,266.3333333333333,266.66666666666663,253.66666666666666,262.66666666666663,132600,-1.0,-1.0,-1.0
2017/09/06,261.66666666666663,263.0,254.0,260.0,81300,-1.0,-1.0,-1.0
2017/09/07,264.0,269.66666666666663,256.0,262.66666666666663,209100,-1.0,-1.0,-1.0
2017/09/08,265.3333333333333,273.3333333333333,255.0,255.0,112800,-1.0,-1.0,-1.0
2017/09/11,257.3333333333333,268.0,257.0,267.66666666666663,132600,-1.0,-1.0,-1.0
2017/09/12,271.66666666666663,285.0,264.3333333333333,272.66666666666663,381600,-1.0,-1.0,-1.0
2017/09/13,281.66666666666663,294.0,274.0,293.3333333333333,405300,-1.0,-1.0,-1.0
2017/09/14,293.3333333333333,298.0,278.0,284.0,334200,-1.0,-1.0,-1.0
2017/09/15,280.66666666666663,294.3333333333333,280.66666666666663,292.66666666666663,219300,-1.0,-1.0,-1.0
2017/09/19,300.0,300.0,290.0,292.66666666666663,177600,-1.0,-1.0,-1.0
2017/09/20,290.0,290.66666666666663,283.0,283.3333333333333,130200,-1.0,-1.0,-1.0
2017/09/21,284.3333333333333,292.3333333333333,284.3333333333333,284.66666666666663,70500,-1.0,-1.0,-1.0
2017/09/22,284.3333333333333,284.3333333333333,270.3333333333333,274.3333333333333,117300,-1.0,-1.0,-1.0
2017/09/25,279.3333333333333,283.3333333333333,275.0,280.0,67200,-1.0,-1.0,-1.0
2017/09/26,283.0,283.66666666666663,277.66666666666663,283.66666666666663,60000,-1.0,-1.0,-1.0
2017/09/27,284.66666666666663,284.66666666666663,281.0,283.3333333333333,24300,-1.0,-1.0,-1.0
2017/09/28,286.66666666666663,297.66666666666663,286.66666666666663,290.3333333333333,136200,-1.0,-1.0,-1.0
2017/09/29,293.66666666666663,297.0,289.3333333333333,289.3333333333333,78000,-1.0,-1.0,-1.0
2017/10/02,290.0,299.66666666666663,290.0,299.66666666666663,112200,-1.0,-1.0,-1.0
2017/10/03,299.0,340.0,296.0,319.66666666666663,864000,-1.0,-1.0,-1.0
2017/10/04,316.66666666666663,324.66666666666663,307.3333333333333,307.66666666666663,223800,-1.0,-1.0,-1.0
2017/10/05,303.3333333333333,311.3333333333333,295.0,298.0,193500,-1.0,-1.0,-1.0
2017/10/06,290.3333333333333,296.66666666666663,288.0,290.3333333333333,113400,-1.0,-1.0,-1.0
2017/10/10,293.66666666666663,295.66666666666663,287.0,295.66666666666663,95100,-1.0,-1.0,-1.0
2017/10/11,298.66666666666663,321.0,298.0,315.66666666666663,254700,-1.0,-1.0,-1.0
2017/10/12,317.66666666666663,329.0,310.3333333333333,326.66666666666663,279900,-1.0,-1.0,-1.0
2017/10/13,325.0,330.66666666666663,317.0,329.66666666666663,222900,-1.0,-1.0,-1.0
2017/10/16,331.66666666666663,331.66666666666663,319.0,319.0,94800,-1.0,-1.0,-1.0
2017/10/17,317.66666666666663,320.66666666666663,315.0,317.3333333333333,63300,-1.0,-1.0,-1.0
2017/10/18,315.3333333333333,318.3333333333333,312.0,315.66666666666663,75900,-1.0,-1.0,-1.0
2017/10/19,312.66666666666663,315.3333333333333,302.3333333333333,311.66666666666663,135900,-1.0,-1.0,-1.0
2017/10/20,311.66666666666663,320.66666666666663,310.3333333333333,318.3333333333333,71400,-1.0,-1.0,-1.0
2017/10/23,320.66666666666663,325.0,315.0,325.0,91200,-1.0,-1.0,-1.0
2017/10/24,325.0,326.66666666666663,318.66666666666663,322.66666666666663,153900,-1.0,-1.0,-1.0
2017/10/25,328.3333333333333,337.0,323.3333333333333,337.0,375000,-1.0,-1.0,-1.0
2017/10/26,333.3333333333333,340.66666666666663,326.66666666666663,335.66666666666663,245100,-1.0,-1.0,-1.0
2017/10/27,336.0,339.3333333333333,330.3333333333333,335.66666666666663,155700,-1.0,-1.0,-1.0
2017/10/30,375.66666666666663,435.66666666666663,375.3333333333333,401.66666666666663,2025300,-1.0,-1.0,-1.0
2017/10/31,400.0,400.0,370.0,384.0,436800,-1.0,-1.0,-1.0
2017/11/01,385.66666666666663,390.0,370.0,390.0,241500,-1.0,-1.0,-1.0
2017/11/02,390.0,396.0,381.3333333333333,384.3333333333333,160800,-1.0,-1.0,-1.0
2017/11/06,377.0,385.66666666666663,376.3333333333333,378.0,131400,-1.0,-1.0,-1.0
2017/11/07,367.66666666666663,378.3333333333333,361.0,373.0,225000,-1.0,-1.0,-1.0
2017/11/08,378.66666666666663,380.66666666666663,371.0,380.3333333333333,53100,-1.0,-1.0,-1.0
2017/11/09,383.3333333333333,389.0,361.66666666666663,375.0,149400,-1.0,-1.0,-1.0
2017/11/10,370.0,373.3333333333333,368.3333333333333,373.0,67800,-1.0,-1.0,-1.0
2017/11/13,358.3333333333333,383.0,351.0,383.0,244200,-1.0,-1.0,-1.0
2017/11/14,376.0,383.3333333333333,356.66666666666663,359.66666666666663,155700,-1.0,-1.0,-1.0
2017/11/15,350.66666666666663,351.66666666666663,336.66666666666663,339.66666666666663,117000,-1.0,-1.0,-1.0
2017/11/16,345.66666666666663,358.66666666666663,342.66666666666663,357.66666666666663,102300,-1.0,-1.0,-1.0
2017/11/17,359.3333333333333,364.3333333333333,356.66666666666663,362.66666666666663,82500,-1.0,-1.0,-1.0
2017/11/20,370.3333333333333,380.0,365.66666666666663,380.0,194100,-1.0,-1.0,-1.0
2017/11/21,380.3333333333333,385.0,376.0,382.3333333333333,143400,-1.0,-1.0,-1.0
2017/11/22,392.3333333333333,415.0,382.0,400.0,345300,-1.0,-1.0,-1.0
2017/11/24,405.0,406.0,387.66666666666663,390.0,205800,-1.0,-1.0,-1.0
2017/11/27,400.0,402.0,391.66666666666663,391.66666666666663,171300,-1.0,-1.0,-1.0
2017/11/28,392.3333333333333,392.3333333333333,379.3333333333333,380.66666666666663,98100,-1.0,-1.0,-1.0
2017/11/29,381.3333333333333,387.66666666666663,377.66666666666663,379.0,73200,-1.0,-1.0,-1.0
2017/11/30,375.0,378.66666666666663,365.0,372.3333333333333,89100,-1.0,-1.0,-1.0
2017/12/01,373.66666666666663,380.66666666666663,373.66666666666663,378.3333333333333,53700,-1.0,-1.0,-1.0
2017/12/04,382.66666666666663,382.66666666666663,366.66666666666663,366.66666666666663,64200,-1.0,-1.0,-1.0
2017/12/05,360.66666666666663,365.66666666666663,351.66666666666663,360.3333333333333,86700,-1.0,-1.0,-1.0
2017/12/06,358.66666666666663,359.3333333333333,346.0,351.0,106500,-1.0,-1.0,-1.0
2017/12/07,351.0,356.3333333333333,346.3333333333333,353.66666666666663,156000,-1.0,-1.0,-1.0
2017/12/08,357.3333333333333,360.66666666666663,353.66666666666663,360.0,42600,-1.0,-1.0,-1.0
2017/12/11,366.66666666666663,370.0,360.3333333333333,364.0,115200,-1.0,-1.0,-1.0
2017/12/12,363.0,363.0,352.3333333333333,352.3333333333333,104400,-1.0,-1.0,-1.0
2017/12/13,356.66666666666663,356.66666666666663,346.0,346.0,66000,-1.0,-1.0,-1.0
2017/12/14,350.0,353.3333333333333,347.66666666666663,350.0,60600,-1.0,-1.0,-1.0
2017/12/15,359.3333333333333,363.3333333333333,356.3333333333333,357.66666666666663,185100,-1.0,-1.0,-1.0
2017/12/18,363.3333333333333,381.3333333333333,363.3333333333333,380.3333333333333,239700,-1.0,-1.0,-1.0
2017/12/19,386.66666666666663,386.66666666666663,373.3333333333333,382.0,157800,-1.0,-1.0,-1.0
2017/12/20,379.66666666666663,382.3333333333333,368.66666666666663,372.3333333333333,148800,-1.0,-1.0,-1.0
2017/12/21,373.3333333333333,381.3333333333333,373.3333333333333,379.66666666666663,89400,-1.0,-1.0,-1.0
2017/12/22,382.66666666666663,405.3333333333333,378.0,404.66666666666663,405900,-1.0,-1.0,-1.0
2017/12/25,424.0,424.66666666666663,391.66666666666663,393.3333333333333,353100,-1.0,-1.0,-1.0
2017/12/26,393.3333333333333,401.66666666666663,389.66666666666663,395.3333333333333,141600,-1.0,-1.0,-1.0
2017/12/27,392.0,400.0,392.0,398.3333333333333,141900,-1.0,-1.0,-1.0
2017/12/28,399.66666666666663,401.3333333333333,394.0,397.66666666666663,82500,-1.0,-1.0,-1.0
2017/12/29,400.0,401.3333333333333,391.0,391.66666666666663,84300,-1.0,-1.0,-1.0
2018/01/04,401.0,425.66666666666663,395.66666666666663,421.66666666666663,358800,-1.0,-1.0,-1.0
2018/01/05,421.66666666666663,425.0,418.0,423.3333333333333,192300,-1.0,-1.0,-1.0
2018/01/09,429.66666666666663,444.0,429.66666666666663,433.3333333333333,297000,-1.0,-1.0,-1.0
2018/01/10,439.3333333333333,443.3333333333333,433.3333333333333,438.3333333333333,168900,-1.0,-1.0,-1.0
2018/01/11,438.0,438.0,427.3333333333333,430.0,144300,-1.0,-1.0,-1.0
2018/01/12,432.66666666666663,432.66666666666663,427.0,431.3333333333333,53400,-1.0,-1.0,-1.0
2018/01/15,433.3333333333333,465.0,433.0,465.0,303600,-1.0,-1.0,-1.0
2018/01/16,462.3333333333333,479.0,457.3333333333333,471.0,147300,-1.0,-1.0,-1.0
2018/01/17,470.0,493.3333333333333,470.0,474.66666666666663,211200,-1.0,-1.0,-1.0
2018/01/18,485.66666666666663,492.3333333333333,432.0,449.0,257400,-1.0,-1.0,-1.0
2018/01/19,459.0,478.3333333333333,437.0,474.66666666666663,123000,-1.0,-1.0,-1.0
2018/01/22,473.3333333333333,483.0,470.66666666666663,479.3333333333333,121800,-1.0,-1.0,-1.0
2018/01/23,483.3333333333333,483.3333333333333,464.0,471.0,163200,-1.0,-1.0,-1.0
2018/01/24,479.0,479.0,458.66666666666663,464.3333333333333,107100,-1.0,-1.0,-1.0
2018/01/25,469.0,473.0,460.0,463.3333333333333,86700,-1.0,-1.0,-1.0
2018/01/26,461.66666666666663,474.66666666666663,461.66666666666663,468.3333333333333,80100,-1.0,-1.0,-1.0
2018/01/29,476.66666666666663,487.0,470.0,481.66666666666663,264300,-1.0,-1.0,-1.0
2018/01/30,476.3333333333333,480.0,457.3333333333333,466.3333333333333,151800,-1.0,-1.0,-1.0
2018/01/31,456.3333333333333,469.66666666666663,453.0,458.66666666666663,80100,-1.0,-1.0,-1.0
2018/02/01,460.0,466.3333333333333,448.66666666666663,461.3333333333333,104700,-1.0,-1.0,-1.0
2018/02/02,462.0,463.3333333333333,446.66666666666663,452.3333333333333,67500,-1.0,-1.0,-1.0
2018/02/05,429.0,436.3333333333333,422.3333333333333,425.0,113700,-1.0,-1.0,-1.0
2018/02/06,365.0,390.0,350.0,364.0,337500,-1.0,-1.0,-1.0
2018/02/07,410.66666666666663,410.66666666666663,373.66666666666663,373.66666666666663,188700,-1.0,-1.0,-1.0
2018/02/08,377.0,401.0,376.66666666666663,395.66666666666663,89100,-1.0,-1.0,-1.0
2018/02/09,383.3333333333333,395.66666666666663,373.3333333333333,390.66666666666663,111600,-1.0,-1.0,-1.0
2018/02/13,400.66666666666663,400.66666666666663,355.0,356.66666666666663,257100,-1.0,-1.0,-1.0
2018/02/14,361.0,368.3333333333333,340.3333333333333,349.66666666666663,126300,-1.0,-1.0,-1.0
2018/02/15,359.66666666666663,362.0,349.0,353.3333333333333,126000,-1.0,-1.0,-1.0
2018/02/16,363.3333333333333,363.3333333333333,352.3333333333333,357.3333333333333,79500,-1.0,-1.0,-1.0
2018/02/19,363.3333333333333,376.0,360.3333333333333,376.0,75000,-1.0,-1.0,-1.0
2018/02/20,376.3333333333333,376.66666666666663,366.66666666666663,368.0,70200,-1.0,-1.0,-1.0
2018/02/21,367.0,398.3333333333333,367.0,388.3333333333333,129000,-1.0,-1.0,-1.0
2018/02/22,400.3333333333333,404.0,382.0,394.0,339300,-1.0,-1.0,-1.0
2018/02/23,394.0,401.0,386.3333333333333,401.0,108600,-1.0,-1.0,-1.0
2018/02/26,402.66666666666663,409.3333333333333,401.0,403.66666666666663,81900,-1.0,-1.0,-1.0
2018/02/27,411.66666666666663,412.66666666666663,393.0,393.66666666666663,94500,-1.0,-1.0,-1.0
2018/02/28,388.66666666666663,400.66666666666663,387.3333333333333,394.0,58800,-1.0,-1.0,-1.0
2018/03/01,384.3333333333333,386.66666666666663,380.0,383.66666666666663,76200,-1.0,-1.0,-1.0
2018/03/02,375.0,399.66666666666663,373.3333333333333,390.0,122100,-1.0,-1.0,-1.0
2018/03/05,393.3333333333333,393.3333333333333,354.0,356.3333333333333,180300,-1.0,-1.0,-1.0
2018/03/06,362.66666666666663,375.0,362.0,368.66666666666663,105000,-1.0,-1.0,-1.0
2018/03/07,373.66666666666663,373.66666666666663,359.66666666666663,360.66666666666663,67800,-1.0,-1.0,-1.0
2018/03/08,362.66666666666663,368.3333333333333,361.0,364.66666666666663,18600,-1.0,-1.0,-1.0
2018/03/09,366.0,372.3333333333333,362.66666666666663,363.3333333333333,69900,-1.0,-1.0,-1.0
2018/03/12,372.66666666666663,378.66666666666663,367.0,374.66666666666663,52800,-1.0,-1.0,-1.0
2018/03/13,374.3333333333333,393.0,372.66666666666663,392.66666666666663,113700,-1.0,-1.0,-1.0
2018/03/14,387.3333333333333,398.3333333333333,387.3333333333333,391.3333333333333,54600,-1.0,-1.0,-1.0
2018/03/15,394.66666666666663,394.66666666666663,378.66666666666663,390.3333333333333,59700,-1.0,-1.0,-1.0
2018/03/16,397.3333333333333,405.3333333333333,390.0,393.0,135600,-1.0,-1.0,-1.0
2018/03/19,403.3333333333333,404.3333333333333,381.0,387.0,159900,-1.0,-1.0,-1.0
2018/03/20,377.3333333333333,402.3333333333333,377.3333333333333,397.0,83400,-1.0,-1.0,-1.0
2018/03/22,397.0,397.66666666666663,388.66666666666663,394.3333333333333,32700,-1.0,-1.0,-1.0
2018/03/23,386.0,386.0,367.66666666666663,374.66666666666663,128400,-1.0,-1.0,-1.0
2018/03/26,363.3333333333333,371.66666666666663,355.3333333333333,369.3333333333333,77400,-1.0,-1.0,-1.0
2018/03/27,373.0,380.3333333333333,368.66666666666663,373.3333333333333,45000,-1.0,-1.0,-1.0
2018/03/28,370.0,385.3333333333333,366.66666666666663,381.66666666666663,45000,-1.0,-1.0,-1.0
2018/03/29,385.0,385.0,373.66666666666663,375.66666666666663,15000,-1.0,-1.0,-1.0
2018/03/30,382.0,383.0,375.3333333333333,378.0,47700,-1.0,-1.0,-1.0
2018/04/02,377.66666666666663,380.0,373.66666666666663,373.66666666666663,71700,-1.0,-1.0,-1.0
2018/04/03,366.3333333333333,375.0,364.66666666666663,375.0,79500,-1.0,-1.0,-1.0
2018/04/04,374.66666666666663,374.66666666666663,367.3333333333333,367.3333333333333,57900,-1.0,-1.0,-1.0
2018/04/05,370.66666666666663,375.3333333333333,369.66666666666663,373.3333333333333,28800,-1.0,-1.0,-1.0
2018/04/06,373.66666666666663,381.66666666666663,367.3333333333333,367.66666666666663,36600,-1.0,-1.0,-1.0
2018/04/09,366.66666666666663,377.66666666666663,360.3333333333333,374.66666666666663,80700,-1.0,-1.0,-1.0
2018/04/10,377.0,385.66666666666663,374.0,382.66666666666663,68700,-1.0,-1.0,-1.0
2018/04/11,383.0,389.0,372.0,373.3333333333333,90900,-1.0,-1.0,-1.0
2018/04/12,374.0,377.0,370.66666666666663,372.0,37200,-1.0,-1.0,-1.0
2018/04/13,372.3333333333333,379.66666666666663,371.66666666666663,372.3333333333333,67800,-1.0,-1.0,-1.0
2018/04/16,378.0,378.0,369.66666666666663,370.66666666666663,49200,-1.0,-1.0,-1.0
2018/04/17,371.0,373.66666666666663,356.66666666666663,362.66666666666663,96900,-1.0,-1.0,-1.0
2018/04/18,362.66666666666663,370.0,360.0,369.0,19800,-1.0,-1.0,-1.0
2018/04/19,373.0,373.0,363.3333333333333,365.3333333333333,28800,-1.0,-1.0,-1.0
2018/04/20,369.0,369.0,363.3333333333333,369.0,25200,-1.0,-1.0,-1.0
2018/04/23,371.66666666666663,383.3333333333333,368.66666666666663,381.0,78300,-1.0,-1.0,-1.0
2018/04/24,383.3333333333333,406.66666666666663,381.3333333333333,392.66666666666663,136200,-1.0,-1.0,-1.0
2018/04/25,388.66666666666663,392.66666666666663,382.3333333333333,391.0,32100,-1.0,-1.0,-1.0
2018/04/26,391.0,394.3333333333333,382.0,389.0,54900,-1.0,-1.0,-1.0
2018/04/27,387.0,387.0,379.3333333333333,383.0,21300,-1.0,-1.0,-1.0
2018/05/01,383.3333333333333,383.3333333333333,377.0,377.66666666666663,27000,-1.0,-1.0,-1.0
2018/05/02,377.66666666666663,377.66666666666663,371.66666666666663,377.66666666666663,28800,-1.0,-1.0,-1.0
2018/05/07,375.66666666666663,381.66666666666663,375.66666666666663,378.3333333333333,28200,-1.0,-1.0,-1.0
2018/05/08,376.66666666666663,382.0,375.66666666666663,376.66666666666663,52800,-1.0,-1.0,-1.0
2018/05/09,376.66666666666663,377.0,375.3333333333333,375.66666666666663,18900,-1.0,-1.0,-1.0
2018/05/10,376.66666666666663,382.0,373.0,380.0,23400,-1.0,-1.0,-1.0
2018/05/11,383.3333333333333,383.3333333333333,376.66666666666663,378.3333333333333,37800,-1.0,-1.0,-1.0
2018/05/14,379.66666666666663,391.3333333333333,379.0,387.66666666666663,53400,-1.0,-1.0,-1.0
2018/05/15,392.3333333333333,406.3333333333333,392.3333333333333,398.3333333333333,148800,-1.0,-1.0,-1.0
2018/05/16,398.3333333333333,402.0,386.0,402.0,186300,-1.0,-1.0,-1.0
2018/05/17,411.3333333333333,460.0,411.3333333333333,427.0,474000,-1.0,-1.0,-1.0
2018/05/18,401.66666666666663,426.66666666666663,396.66666666666663,412.66666666666663,438000,-1.0,-1.0,-1.0
2018/05/21,419.66666666666663,426.66666666666663,409.66666666666663,413.3333333333333,233400,-1.0,-1.0,-1.0
2018/05/22,419.3333333333333,420.0,402.0,407.0,102000,-1.0,-1.0,-1.0
2018/05/23,401.0,401.66666666666663,390.3333333333333,391.66666666666663,108300,-1.0,-1.0,-1.0
2018/05/24,390.3333333333333,395.3333333333333,390.3333333333333,394.0,44400,-1.0,-1.0,-1.0
2018/05/25,396.3333333333333,397.0,375.0,376.0,141000,-1.0,-1.0,-1.0
2018/05/28,373.66666666666663,387.3333333333333,373.66666666666663,374.66666666666663,45300,-1.0,-1.0,-1.0
2018/05/29,373.3333333333333,374.66666666666663,361.3333333333333,365.0,89700,-1.0,-1.0,-1.0
2018/05/30,356.66666666666663,358.66666666666663,350.0,355.3333333333333,133500,-1.0,-1.0,-1.0
2018/05/31,355.66666666666663,365.66666666666663,355.66666666666663,365.0,66900,-1.0,-1.0,-1.0
2018/06/01,360.66666666666663,388.3333333333333,360.66666666666663,383.3333333333333,122400,-1.0,-1.0,-1.0
2018/06/04,390.0,399.0,388.66666666666663,390.0,129900,-1.0,-1.0,-1.0
2018/06/05,395.0,395.66666666666663,384.66666666666663,384.66666666666663,42900,-1.0,-1.0,-1.0
2018/06/06,385.3333333333333,390.0,380.0,381.0,57300,-1.0,-1.0,-1.0
2018/06/07,391.0,406.3333333333333,388.0,406.0,195600,-1.0,-1.0,-1.0
2018/06/08,400.3333333333333,406.0,396.66666666666663,397.66666666666663,40800,-1.0,-1.0,-1.0
2018/06/11,398.0,398.0,387.66666666666663,390.66666666666663,55800,-1.0,-1.0,-1.0
2018/06/12,389.66666666666663,393.66666666666663,389.0,392.66666666666663,24000,-1.0,-1.0,-1.0
2018/06/13,390.3333333333333,394.66666666666663,390.3333333333333,394.66666666666663,28200,-1.0,-1.0,-1.0
2018/06/14,401.3333333333333,410.66666666666663,396.3333333333333,398.66666666666663,105600,-1.0,-1.0,-1.0
2018/06/15,407.66666666666663,415.66666666666663,399.3333333333333,400.0,135900,-1.0,-1.0,-1.0
2018/06/18,397.3333333333333,397.3333333333333,384.0,386.66666666666663,63000,-1.0,-1.0,-1.0
2018/06/19,392.3333333333333,392.3333333333333,375.0,375.0,83100,-1.0,-1.0,-1.0
2018/06/20,375.3333333333333,379.0,358.3333333333333,379.0,77700,-1.0,-1.0,-1.0
2018/06/21,377.0,384.3333333333333,376.0,382.66666666666663,33300,-1.0,-1.0,-1.0
2018/06/22,381.66666666666663,383.66666666666663,378.3333333333333,380.66666666666663,13200,-1.0,-1.0,-1.0
2018/06/25,380.0,380.0,367.66666666666663,368.0,23700,-1.0,-1.0,-1.0
2018/06/26,362.0,383.3333333333333,362.0,383.3333333333333,71100,-1.0,-1.0,-1.0
2018/06/27,382.3333333333333,382.66666666666663,377.66666666666663,381.66666666666663,16500,-1.0,-1.0,-1.0
2018/06/28,381.66666666666663,381.66666666666663,373.3333333333333,373.3333333333333,23100,-1.0,-1.0,-1.0
2018/06/29,370.3333333333333,380.0,369.66666666666663,369.66666666666663,56100,-1.0,-1.0,-1.0
2018/07/02,370.0,375.3333333333333,362.0,362.0,52200,-1.0,-1.0,-1.0
2018/07/03,360.66666666666663,372.66666666666663,360.0,361.66666666666663,136800,-1.0,-1.0,-1.0
2018/07/04,361.66666666666663,361.66666666666663,355.0,356.3333333333333,89700,-1.0,-1.0,-1.0
2018/07/05,363.3333333333333,363.3333333333333,354.66666666666663,358.0,125100,-1.0,-1.0,-1.0
2018/07/06,358.3333333333333,372.0,358.3333333333333,367.66666666666663,69000,-1.0,-1.0,-1.0
2018/07/09,375.3333333333333,377.66666666666663,355.0,370.3333333333333,78600,-1.0,-1.0,-1.0
2018/07/10,370.3333333333333,373.3333333333333,365.3333333333333,368.0,27900,-1.0,-1.0,-1.0
2018/07/11,365.3333333333333,365.3333333333333,360.3333333333333,362.3333333333333,11400,-1.0,-1.0,-1.0
2018/07/12,362.3333333333333,362.3333333333333,358.3333333333333,360.3333333333333,12900,-1.0,-1.0,-1.0
2018/07/13,359.0,362.66666666666663,359.0,362.3333333333333,28200,-1.0,-1.0,-1.0
2018/07/17,366.66666666666663,366.66666666666663,359.0,360.0,27300,-1.0,-1.0,-1.0
2018/07/18,359.0,366.3333333333333,359.0,363.66666666666663,24600,-1.0,-1.0,-1.0
2018/07/19,365.0,373.3333333333333,365.0,365.66666666666663,33600,-1.0,-1.0,-1.0
2018/07/20,365.0,372.66666666666663,364.3333333333333,372.66666666666663,22200,-1.0,-1.0,-1.0
2018/07/23,374.0,374.0,368.3333333333333,369.3333333333333,5700,-1.0,-1.0,-1.0
2018/07/24,369.66666666666663,376.0,369.66666666666663,374.0,20400,-1.0,-1.0,-1.0
2018/07/25,383.0,384.3333333333333,376.66666666666663,377.3333333333333,52200,-1.0,-1.0,-1.0
2018/07/26,378.66666666666663,383.0,378.66666666666663,381.66666666666663,17100,-1.0,-1.0,-1.0
2018/07/27,383.3333333333333,385.0,380.0,384.3333333333333,31200,-1.0,-1.0,-1.0
2018/07/30,378.0,380.0,375.0,377.66666666666663,31800,-1.0,-1.0,-1.0
2018/07/31,381.66666666666663,383.66666666666663,369.3333333333333,383.66666666666663,36600,-1.0,-1.0,-1.0
2018/08/01,376.66666666666663,383.0,376.66666666666663,379.0,30000,-1.0,-1.0,-1.0
2018/08/02,380.3333333333333,385.0,375.0,375.3333333333333,25500,-1.0,-1.0,-1.0
2018/08/03,379.66666666666663,379.66666666666663,375.66666666666663,375.66666666666663,13500,-1.0,-1.0,-1.0
2018/08/06,376.0,376.0,366.3333333333333,371.66666666666663,23100,-1.0,-1.0,-1.0
2018/08/07,378.0,378.0,372.66666666666663,375.66666666666663,11700,-1.0,-1.0,-1.0
2018/08/08,376.0,385.0,376.0,385.0,36600,-1.0,-1.0,-1.0
2018/08/09,388.0,389.66666666666663,384.3333333333333,386.66666666666663,41700,-1.0,-1.0,-1.0
2018/08/10,380.66666666666663,384.0,369.3333333333333,370.0,95400,-1.0,-1.0,-1.0
2018/08/13,368.0,368.0,361.66666666666663,365.3333333333333,52500,-1.0,-1.0,-1.0
2018/08/14,363.66666666666663,369.66666666666663,362.0,369.66666666666663,31800,-1.0,-1.0,-1.0
2018/08/15,376.0,376.0,366.66666666666663,370.3333333333333,18600,-1.0,-1.0,-1.0
2018/08/16,373.0,373.0,364.3333333333333,365.0,10200,-1.0,-1.0,-1.0
2018/08/17,367.0,370.0,361.66666666666663,363.3333333333333,27000,-1.0,-1.0,-1.0
2018/08/20,362.3333333333333,369.3333333333333,360.0,363.66666666666663,32700,-1.0,-1.0,-1.0
2018/08/21,363.66666666666663,367.3333333333333,360.0,362.3333333333333,23100,-1.0,-1.0,-1.0
2018/08/22,359.66666666666663,369.3333333333333,359.66666666666663,368.66666666666663,31500,-1.0,-1.0,-1.0
2018/08/23,371.3333333333333,371.66666666666663,365.3333333333333,368.3333333333333,27900,-1.0,-1.0,-1.0
2018/08/24,374.0,374.0,366.0,367.0,52500,-1.0,-1.0,-1.0
2018/08/27,369.66666666666663,374.0,367.0,369.0,49800,-1.0,-1.0,-1.0
2018/08/28,369.0,373.0,369.0,369.66666666666663,21000,-1.0,-1.0,-1.0
2018/08/29,366.66666666666663,370.0,366.3333333333333,369.3333333333333,19200,-1.0,-1.0,-1.0
2018/08/30,369.66666666666663,376.0,369.66666666666663,373.0,24900,-1.0,-1.0,-1.0
2018/08/31,373.0,375.66666666666663,371.66666666666663,373.66666666666663,19500,-1.0,-1.0,-1.0
2018/09/03,372.3333333333333,374.66666666666663,369.66666666666663,371.3333333333333,34800,-1.0,-1.0,-1.0
2018/09/04,375.66666666666663,376.0,367.3333333333333,374.3333333333333,38700,-1.0,-1.0,-1.0
2018/09/05,373.3333333333333,373.3333333333333,369.66666666666663,371.66666666666663,12900,-1.0,-1.0,-1.0
2018/09/06,370.66666666666663,374.66666666666663,367.0,372.66666666666663,17700,-1.0,-1.0,-1.0
2018/09/07,379.66666666666663,380.3333333333333,370.66666666666663,378.3333333333333,31500,-1.0,-1.0,-1.0
2018/09/10,374.3333333333333,391.0,374.3333333333333,390.3333333333333,108000,-1.0,-1.0,-1.0
2018/09/11,392.3333333333333,396.3333333333333,375.66666666666663,386.66666666666663,121800,-1.0,-1.0,-1.0
2018/09/12,386.66666666666663,392.0,381.66666666666663,389.3333333333333,144300,-1.0,-1.0,-1.0
2018/09/13,388.66666666666663,400.66666666666663,388.66666666666663,400.0,114900,-1.0,-1.0,-1.0
2018/09/14,394.66666666666663,398.3333333333333,383.3333333333333,392.66666666666663,56700,-1.0,-1.0,-1.0
2018/09/18,397.66666666666663,404.0,396.0,400.0,64800,-1.0,-1.0,-1.0
2018/09/19,401.0,401.0,393.66666666666663,397.0,19800,-1.0,-1.0,-1.0
2018/09/20,396.0,396.0,374.66666666666663,386.0,92100,-1.0,-1.0,-1.0
2018/09/21,388.66666666666663,398.3333333333333,388.66666666666663,390.0,74400,-1.0,-1.0,-1.0
2018/09/25,398.3333333333333,398.3333333333333,392.3333333333333,393.3333333333333,51900,-1.0,-1.0,-1.0
2018/09/26,387.0,392.0,387.0,389.66666666666663,24600,-1.0,-1.0,-1.0
2018/09/27,389.66666666666663,389.66666666666663,382.3333333333333,382.66666666666663,65100,-1.0,-1.0,-1.0
2018/09/28,384.3333333333333,392.3333333333333,384.0,389.66666666666663,36300,-1.0,-1.0,-1.0
2018/10/01,389.66666666666663,392.0,386.3333333333333,387.3333333333333,23400,-1.0,-1.0,-1.0
2018/10/02,387.66666666666663,399.0,387.66666666666663,389.3333333333333,64200,-1.0,-1.0,-1.0
2018/10/03,387.66666666666663,392.3333333333333,387.3333333333333,388.3333333333333,16500,-1.0,-1.0,-1.0
2018/10/04,389.0,389.0,384.0,385.66666666666663,18300,-1.0,-1.0,-1.0
2018/10/05,385.0,385.0,376.0,379.0,18000,-1.0,-1.0,-1.0
2018/10/09,371.66666666666663,379.66666666666663,370.3333333333333,379.3333333333333,20100,-1.0,-1.0,-1.0
2018/10/10,374.3333333333333,381.66666666666663,374.3333333333333,378.3333333333333,11700,-1.0,-1.0,-1.0
2018/10/11,363.66666666666663,372.3333333333333,363.3333333333333,366.66666666666663,97200,-1.0,-1.0,-1.0
2018/10/12,366.66666666666663,371.3333333333333,366.66666666666663,370.3333333333333,14400,-1.0,-1.0,-1.0
2018/10/15,372.3333333333333,372.3333333333333,361.0,366.3333333333333,121800,-1.0,-1.0,-1.0
2018/10/16,366.66666666666663,366.66666666666663,362.0,366.3333333333333,13500,-1.0,-1.0,-1.0
2018/10/17,370.0,373.66666666666663,367.0,367.0,6000,-1.0,-1.0,-1.0
2018/10/18,371.3333333333333,371.3333333333333,367.66666666666663,367.66666666666663,3600,-1.0,-1.0,-1.0
2018/10/19,367.66666666666663,367.66666666666663,359.3333333333333,364.3333333333333,45900,-1.0,-1.0,-1.0
2018/10/22,366.66666666666663,367.66666666666663,359.3333333333333,362.66666666666663,12300,-1.0,-1.0,-1.0
2018/10/23,362.66666666666663,365.66666666666663,350.66666666666663,360.3333333333333,60900,-1.0,-1.0,-1.0
2018/10/24,360.3333333333333,365.0,354.66666666666663,361.0,42000,-1.0,-1.0,-1.0
2018/10/25,355.66666666666663,355.66666666666663,337.0,340.0,72900,-1.0,-1.0,-1.0
2018/10/26,346.66666666666663,352.3333333333333,320.0,327.3333333333333,123000,-1.0,-1.0,-1.0
2018/10/29,325.66666666666663,329.66666666666663,311.66666666666663,312.0,56700,-1.0,-1.0,-1.0
2018/10/30,307.3333333333333,323.0,307.0,323.0,43800,-1.0,-1.0,-1.0
2018/10/31,328.0,328.66666666666663,309.3333333333333,316.66666666666663,116700,-1.0,-1.0,-1.0
2018/11/01,317.0,324.3333333333333,316.66666666666663,322.0,22200,-1.0,-1.0,-1.0
2018/11/02,327.0,333.3333333333333,323.0,328.0,31800,-1.0,-1.0,-1.0
2018/11/05,327.3333333333333,328.66666666666663,325.66666666666663,327.0,17100,-1.0,-1.0,-1.0
2018/11/06,327.0,330.0,327.0,330.0,8700,-1.0,-1.0,-1.0
2018/11/07,335.0,338.0,326.66666666666663,327.0,55500,-1.0,-1.0,-1.0
2018/11/08,335.66666666666663,350.66666666666663,334.0,348.0,80700,-1.0,-1.0,-1.0
2018/11/09,340.3333333333333,348.0,334.3333333333333,335.3333333333333,107100,-1.0,-1.0,-1.0
2018/11/12,335.3333333333333,337.0,330.0,332.3333333333333,40800,-1.0,-1.0,-1.0
2018/11/13,333.3333333333333,333.3333333333333,322.3333333333333,326.3333333333333,46500,-1.0,-1.0,-1.0
2018/11/14,322.0,326.66666666666663,318.3333333333333,326.3333333333333,66600,-1.0,-1.0,-1.0
2018/11/15,321.3333333333333,321.3333333333333,308.66666666666663,315.66666666666663,166500,-1.0,-1.0,-1.0
2018/11/16,313.0,313.3333333333333,303.66666666666663,304.0,146100,-1.0,-1.0,-1.0
2018/11/19,304.66666666666663,304.66666666666663,291.3333333333333,298.0,162300,-1.0,-1.0,-1.0
2018/11/20,296.0,298.3333333333333,291.3333333333333,291.3333333333333,42300,-1.0,-1.0,-1.0
2018/11/21,298.0,304.0,294.3333333333333,298.0,117000,-1.0,-1.0,-1.0
2018/11/22,308.0,308.0,294.66666666666663,298.66666666666663,42900,-1.0,-1.0,-1.0
2018/11/26,300.0,302.3333333333333,294.0,298.0,45000,-1.0,-1.0,-1.0
2018/11/27,300.0,301.3333333333333,295.3333333333333,297.3333333333333,28200,-1.0,-1.0,-1.0
2018/11/28,297.3333333333333,302.3333333333333,296.66666666666663,302.0,39300,-1.0,-1.0,-1.0
2018/11/29,303.3333333333333,313.3333333333333,303.3333333333333,307.66666666666663,51000,-1.0,-1.0,-1.0
2018/11/30,307.3333333333333,309.66666666666663,304.3333333333333,304.66666666666663,37500,-1.0,-1.0,-1.0
2018/12/03,309.66666666666663,309.66666666666663,303.0,305.3333333333333,67500,-1.0,-1.0,-1.0
2018/12/04,307.0,309.3333333333333,300.66666666666663,301.0,52500,-1.0,-1.0,-1.0
2018/12/05,299.3333333333333,301.66666666666663,297.3333333333333,298.0,70800,-1.0,-1.0,-1.0
2018/12/06,298.3333333333333,302.0,296.3333333333333,300.0,53400,-1.0,-1.0,-1.0
2018/12/07,301.3333333333333,303.66666666666663,297.66666666666663,298.3333333333333,87900,-1.0,-1.0,-1.0
2018/12/10,297.66666666666663,297.66666666666663,295.0,296.0,43800,-1.0,-1.0,-1.0
2018/12/11,296.0,299.3333333333333,293.3333333333333,295.66666666666663,44400,-1.0,-1.0,-1.0
2018/12/12,298.0,302.0,295.0,295.0,31800,-1.0,-1.0,-1.0
2018/12/13,296.3333333333333,297.66666666666663,292.66666666666663,292.66666666666663,20700,-1.0,-1.0,-1.0
2018/12/14,292.66666666666663,297.3333333333333,292.66666666666663,295.0,44400,-1.0,-1.0,-1.0
2018/12/17,296.66666666666663,296.66666666666663,281.66666666666663,281.66666666666663,113100,-1.0,-1.0,-1.0
2018/12/18,279.0,281.66666666666663,265.0,266.66666666666663,108000,-1.0,-1.0,-1.0
2018/12/19,267.3333333333333,272.66666666666663,263.66666666666663,266.66666666666663,69300,-1.0,-1.0,-1.0
2018/12/20,270.0,270.0,249.66666666666666,249.66666666666666,65100,-1.0,-1.0,-1.0
2018/12/21,240.0,241.0,228.66666666666666,236.0,227100,-1.0,-1.0,-1.0
2018/12/25,227.66666666666666,227.66666666666666,213.66666666666666,215.66666666666666,216600,-1.0,-1.0,-1.0
2018/12/26,232.33333333333331,232.33333333333331,222.66666666666666,225.0,61200,-1.0,-1.0,-1.0
2018/12/27,245.0,245.0,236.0,237.66666666666666,55200,-1.0,-1.0,-1.0
2018/12/28,237.66666666666666,241.33333333333331,237.66666666666666,237.66666666666666,48900,-1.0,-1.0,-1.0
2019/01/04,237.66666666666666,245.0,235.0,245.0,113700,-1.0,-1.0,-1.0
2019/01/07,257.0,259.0,250.66666666666666,252.33333333333331,83700,-1.0,-1.0,-1.0
2019/01/08,252.66666666666666,256.3333333333333,251.0,253.0,153300,-1.0,-1.0,-1.0
2019/01/09,253.66666666666666,260.0,253.0,256.3333333333333,58800,-1.0,-1.0,-1.0
2019/01/10,256.66666666666663,258.66666666666663,251.0,256.3333333333333,34500,-1.0,-1.0,-1.0
2019/01/11,259.0,259.0,256.66666666666663,259.0,19800,-1.0,-1.0,-1.0
2019/01/15,264.0,264.0,257.3333333333333,260.0,60300,-1.0,-1.0,-1.0
2019/01/16,261.0,271.3333333333333,260.0,264.0,38700,-1.0,-1.0,-1.0
2019/01/17,264.3333333333333,266.66666666666663,262.0,265.0,66300,-1.0,-1.0,-1.0
2019/01/18,268.0,270.0,266.0,270.0,40500,-1.0,-1.0,-1.0
2019/01/21,269.0,275.66666666666663,269.0,270.0,75300,-1.0,-1.0,-1.0
2019/01/22,270.3333333333333,271.3333333333333,265.66666666666663,267.3333333333333,33000,-1.0,-1.0,-1.0
2019/01/23,266.66666666666663,267.3333333333333,262.66666666666663,266.0,16200,-1.0,-1.0,-1.0
2019/01/24,266.0,272.0,265.66666666666663,272.0,30600,-1.0,-1.0,-1.0
2019/01/25,277.0,277.0,272.0,272.0,25200,-1.0,-1.0,-1.0
2019/01/28,273.3333333333333,280.0,272.66666666666663,276.3333333333333,25800,-1.0,-1.0,-1.0
2019/01/29,276.66666666666663,276.66666666666663,270.0,272.3333333333333,19200,-1.0,-1.0,-1.0
2019/01/30,271.0,274.3333333333333,268.3333333333333,268.3333333333333,38400,-1.0,-1.0,-1.0
2019/01/31,270.0,274.0,269.0,269.3333333333333,41100,-1.0,-1.0,-1.0
2019/02/01,269.66666666666663,273.0,269.66666666666663,272.66666666666663,30000,-1.0,-1.0,-1.0
2019/02/04,273.66666666666663,278.0,273.66666666666663,277.3333333333333,38100,-1.0,-1.0,-1.0
2019/02/05,282.0,283.0,279.0,281.0,34200,-1.0,-1.0,-1.0
2019/02/06,285.0,291.66666666666663,285.0,289.66666666666663,34800,-1.0,-1.0,-1.0
2019/02/07,296.0,300.0,291.66666666666663,292.66666666666663,85800,-1.0,-1.0,-1.0
2019/02/08,280.3333333333333,286.3333333333333,278.0,280.3333333333333,152100,-1.0,-1.0,-1.0
2019/02/12,281.0,289.3333333333333,278.66666666666663,286.3333333333333,35700,-1.0,-1.0,-1.0
2019/02/13,287.3333333333333,290.0,285.0,287.0,32400,-1.0,-1.0,-1.0
2019/02/14,287.0,287.3333333333333,284.66666666666663,285.3333333333333,15600,-1.0,-1.0,-1.0
2019/02/15,286.66666666666663,286.66666666666663,272.3333333333333,278.3333333333333,66900,-1.0,-1.0,-1.0
2019/02/18,280.0,289.3333333333333,278.66666666666663,284.3333333333333,24000,-1.0,-1.0,-1.0
2019/02/19,287.3333333333333,299.3333333333333,286.3333333333333,287.66666666666663,124800,-1.0,-1.0,-1.0
2019/02/20,296.0,298.3333333333333,290.0,292.66666666666663,42300,-1.0,-1.0,-1.0
2019/02/21,295.66666666666663,299.0,292.66666666666663,297.0,24900,-1.0,-1.0,-1.0
2019/02/22,296.0,297.0,292.0,292.0,6600,-1.0,-1.0,-1.0
2019/02/25,302.0,304.66666666666663,298.3333333333333,304.3333333333333,38700,-1.0,-1.0,-1.0
2019/02/26,322.3333333333333,325.66666666666663,307.3333333333333,316.0,250200,-1.0,-1.0,-1.0
2019/02/27,322.3333333333333,322.3333333333333,313.3333333333333,313.3333333333333,53700,-1.0,-1.0,-1.0
2019/02/28,313.3333333333333,313.66666666666663,303.3333333333333,306.66666666666663,74700,-1.0,-1.0,-1.0
2019/03/01,311.3333333333333,311.3333333333333,308.0,308.0,9000,-1.0,-1.0,-1.0
2019/03/04,309.3333333333333,311.3333333333333,306.3333333333333,306.66666666666663,25200,-1.0,-1.0,-1.0
2019/03/05,305.66666666666663,308.66666666666663,301.0,302.66666666666663,30900,-1.0,-1.0,-1.0
2019/03/06,299.66666666666663,309.0,299.66666666666663,309.0,12000,-1.0,-1.0,-1.0
2019/03/07,308.66666666666663,308.66666666666663,299.0,299.3333333333333,20100,-1.0,-1.0,-1.0
2019/03/08,294.3333333333333,295.3333333333333,290.0,290.66666666666663,50400,-1.0,-1.0,-1.0
2019/03/11,290.66666666666663,298.3333333333333,290.66666666666663,295.3333333333333,34800,-1.0,-1.0,-1.0
2019/03/12,300.0,305.3333333333333,298.0,298.0,32100,-1.0,-1.0,-1.0
2019/03/13,301.0,301.0,293.66666666666663,293.66666666666663,24600,-1.0,-1.0,-1.0
2019/03/14,294.0,298.66666666666663,294.0,298.66666666666663,11100,-1.0,-1.0,-1.0
2019/03/15,301.66666666666663,303.3333333333333,298.3333333333333,299.0,11400,-1.0,-1.0,-1.0
2019/03/18,303.66666666666663,305.3333333333333,300.0,300.0,15000,-1.0,-1.0,-1.0
2019/03/19,300.0,301.3333333333333,298.66666666666663,298.66666666666663,15000,-1.0,-1.0,-1.0
2019/03/20,299.0,300.3333333333333,298.66666666666663,299.66666666666663,10500,-1.0,-1.0,-1.0
2019/03/22,299.66666666666663,303.3333333333333,299.66666666666663,300.3333333333333,24300,-1.0,-1.0,-1.0
2019/03/25,303.3333333333333,303.3333333333333,291.0,293.3333333333333,31500,-1.0,-1.0,-1.0
2019/03/26,293.0,298.3333333333333,291.0,291.0,39600,-1.0,-1.0,-1.0
2019/03/27,291.3333333333333,292.0,291.0,291.3333333333333,8100,-1.0,-1.0,-1.0
2019/03/28,291.3333333333333,292.0,287.0,290.66666666666663,18300,-1.0,-1.0,-1.0
2019/03/29,290.3333333333333,298.0,288.66666666666663,297.66666666666663,18300,-1.0,-1.0,-1.0
2019/04/01,297.66666666666663,300.0,297.3333333333333,297.66666666666663,19500,-1.0,-1.0,-1.0
2019/04/02,299.3333333333333,299.3333333333333,296.3333333333333,296.3333333333333,19200,-1.0,-1.0,-1.0
2019/04/03,296.66666666666663,298.0,296.3333333333333,296.66666666666663,12900,-1.0,-1.0,-1.0
2019/04/04,298.0,299.66666666666663,297.0,299.66666666666663,12000,-1.0,-1.0,-1.0
2019/04/05,299.3333333333333,300.3333333333333,297.66666666666663,300.0,14100,-1.0,-1.0,-1.0
2019/04/08,302.66666666666663,302.66666666666663,298.3333333333333,298.3333333333333,29400,-1.0,-1.0,-1.0
2019/04/09,299.0,300.3333333333333,298.66666666666663,300.3333333333333,15600,-1.0,-1.0,-1.0
2019/04/10,299.66666666666663,299.66666666666663,296.66666666666663,297.66666666666663,24300,-1.0,-1.0,-1.0
2019/04/11,299.3333333333333,299.66666666666663,297.3333333333333,298.66666666666663,21300,-1.0,-1.0,-1.0
2019/04/12,298.66666666666663,300.3333333333333,296.66666666666663,300.3333333333333,23700,-1.0,-1.0,-1.0
2019/04/15,300.3333333333333,301.66666666666663,298.0,301.0,23400,-1.0,-1.0,-1.0
2019/04/16,303.0,303.0,300.0,301.3333333333333,25500,-1.0,-1.0,-1.0
2019/04/17,301.0,301.0,298.66666666666663,299.66666666666663,27000,-1.0,-1.0,-1.0
2019/04/18,300.0,304.0,296.66666666666663,297.0,51300,-1.0,-1.0,-1.0
2019/04/19,298.3333333333333,299.66666666666663,297.0,297.0,17700,-1.0,-1.0,-1.0
2019/04/22,297.0,300.0,295.0,298.66666666666663,58200,-1.0,-1.0,-1.0
2019/04/23,298.66666666666663,300.0,297.0,297.0,43800,-1.0,-1.0,-1.0
2019/04/24,299.3333333333333,299.3333333333333,296.66666666666663,297.3333333333333,47400,-1.0,-1.0,-1.0
2019/04/25,301.66666666666663,301.66666666666663,296.66666666666663,296.66666666666663,15600,-1.0,-1.0,-1.0
2019/04/26,299.3333333333333,299.3333333333333,295.3333333333333,298.66666666666663,21000,-1.0,-1.0,-1.0
2019/05/07,296.0,296.66666666666663,293.3333333333333,296.66666666666663,36900,-1.0,-1.0,-1.0
2019/05/08,296.0,298.0,294.3333333333333,295.0,33600,-1.0,-1.0,-1.0
2019/05/09,295.0,296.0,294.3333333333333,296.0,13800,-1.0,-1.0,-1.0
2019/05/10,296.66666666666663,299.3333333333333,296.0,299.0,42900,-1.0,-1.0,-1.0
2019/05/13,298.66666666666663,298.66666666666663,290.0,290.0,90900,-1.0,-1.0,-1.0
2019/05/14,290.0,290.0,280.0,287.3333333333333,56100,-1.0,-1.0,-1.0
2019/05/15,287.3333333333333,290.3333333333333,284.0,289.3333333333333,20400,-1.0,-1.0,-1.0
2019/05/16,290.0,298.0,290.0,296.66666666666663,38400,-1.0,-1.0,-1.0
2019/05/17,298.3333333333333,315.3333333333333,295.0,308.3333333333333,185100,-1.0,-1.0,-1.0
2019/05/20,298.3333333333333,309.3333333333333,292.66666666666663,299.66666666666663,157200,-1.0,-1.0,-1.0
2019/05/21,295.3333333333333,296.0,291.0,291.66666666666663,16200,-1.0,-1.0,-1.0
2019/05/22,292.3333333333333,297.0,292.3333333333333,293.66666666666663,7800,-1.0,-1.0,-1.0
2019/05/23,295.0,295.66666666666663,292.0,293.3333333333333,13500,-1.0,-1.0,-1.0
2019/05/24,295.3333333333333,295.3333333333333,290.3333333333333,291.0,9900,-1.0,-1.0,-1.0
2019/05/27,294.3333333333333,299.66666666666663,288.0,294.0,33000,-1.0,-1.0,-1.0
2019/05/28,294.66666666666663,300.0,294.66666666666663,297.0,60300,-1.0,-1.0,-1.0
2019/05/29,294.3333333333333,295.0,291.66666666666663,294.0,6600,-1.0,-1.0,-1.0
2019/05/30,291.66666666666663,291.66666666666663,291.66666666666663,291.66666666666663,1500,-1.0,-1.0,-1.0
2019/05/31,292.0,292.0,283.0,284.3333333333333,20700,-1.0,-1.0,-1.0
2019/06/03,280.0,280.3333333333333,270.3333333333333,273.3333333333333,19200,-1.0,-1.0,-1.0
2019/06/04,277.3333333333333,277.3333333333333,272.3333333333333,276.0,8700,-1.0,-1.0,-1.0
2019/06/05,279.66666666666663,281.66666666666663,276.66666666666663,278.3333333333333,15900,-1.0,-1.0,-1.0
2019/06/06,279.3333333333333,288.0,279.3333333333333,286.3333333333333,22800,-1.0,-1.0,-1.0
2019/06/07,296.0,296.0,285.66666666666663,289.66666666666663,38400,-1.0,-1.0,-1.0
2019/06/10,290.3333333333333,296.0,290.3333333333333,292.66666666666663,13500,-1.0,-1.0,-1.0
2019/06/11,291.66666666666663,299.66666666666663,291.66666666666663,299.66666666666663,23700,-1.0,-1.0,-1.0
2019/06/12,298.3333333333333,298.3333333333333,296.3333333333333,298.3333333333333,3900,-1.0,-1.0,-1.0
2019/06/13,297.3333333333333,298.3333333333333,295.3333333333333,298.3333333333333,8400,-1.0,-1.0,-1.0
2019/06/14,296.3333333333333,299.0,295.66666666666663,299.0,7800,-1.0,-1.0,-1.0
2019/06/17,302.0,302.0,293.66666666666663,299.0,14100,-1.0,-1.0,-1.0
2019/06/18,297.3333333333333,297.3333333333333,290.3333333333333,293.0,14100,-1.0,-1.0,-1.0
2019/06/19,296.66666666666663,297.3333333333333,296.0,297.0,4500,-1.0,-1.0,-1.0
2019/06/20,295.3333333333333,297.0,294.66666666666663,294.66666666666663,5400,-1.0,-1.0,-1.0
2019/06/21,295.0,295.66666666666663,294.3333333333333,294.66666666666663,2100,-1.0,-1.0,-1.0
2019/06/24,293.3333333333333,293.3333333333333,290.66666666666663,291.66666666666663,4800,-1.0,-1.0,-1.0
2019/06/25,296.0,296.0,291.66666666666663,294.66666666666663,18900,-1.0,-1.0,-1.0
2019/06/26,293.3333333333333,300.66666666666663,293.3333333333333,296.0,24600,-1.0,-1.0,-1.0
2019/06/27,297.0,300.0,296.0,296.0,22500,-1.0,-1.0,-1.0
2019/06/28,296.3333333333333,297.66666666666663,295.3333333333333,296.3333333333333,3900,-1.0,-1.0,-1.0
2019/07/01,299.66666666666663,299.66666666666663,295.0,299.0,27300,-1.0,-1.0,-1.0
2019/07/02,298.66666666666663,300.0,296.3333333333333,297.3333333333333,37500,-1.0,-1.0,-1.0
2019/07/03,298.0,300.3333333333333,298.0,300.3333333333333,12600,-1.0,-1.0,-1.0
2019/07/04,300.66666666666663,301.3333333333333,300.0,300.3333333333333,18300,-1.0,-1.0,-1.0
2019/07/05,300.0,300.66666666666663,298.66666666666663,300.0,18300,-1.0,-1.0,-1.0
2019/07/08,300.0,302.3333333333333,299.0,299.66666666666663,51600,-1.0,-1.0,-1.0
2019/07/09,298.3333333333333,300.0,297.0,297.0,18900,-1.0,-1.0,-1.0
2019/07/10,299.66666666666663,300.0,298.0,300.0,3600,-1.0,-1.0,-1.0
2019/07/11,299.66666666666663,300.0,297.66666666666663,300.0,3000,-1.0,-1.0,-1.0
2019/07/12,298.3333333333333,300.0,296.66666666666663,299.66666666666663,32700,-1.0,-1.0,-1.0
2019/07/16,300.0,300.0,297.3333333333333,299.0,20700,-1.0,-1.0,-1.0
2019/07/17,297.66666666666663,300.0,296.66666666666663,298.3333333333333,20400,-1.0,-1.0,-1.0
2019/07/18,298.3333333333333,299.66666666666663,296.66666666666663,298.3333333333333,4200,-1.0,-1.0,-1.0
2019/07/19,298.3333333333333,298.3333333333333,297.0,297.3333333333333,10800,-1.0,-1.0,-1.0
2019/07/22,299.0,300.66666666666663,299.0,299.66666666666663,8100,-1.0,-1.0,-1.0
2019/07/23,298.3333333333333,302.3333333333333,298.3333333333333,301.66666666666663,31200,-1.0,-1.0,-1.0
2019/07/24,302.3333333333333,303.3333333333333,302.3333333333333,303.3333333333333,27300,-1.0,-1.0,-1.0
2019/07/25,310.0,310.0,303.3333333333333,303.66666666666663,57600,-1.0,-1.0,-1.0
2019/07/26,303.66666666666663,309.3333333333333,303.66666666666663,303.66666666666663,15600,-1.0,-1.0,-1.0
2019/07/29,307.0,307.3333333333333,304.0,306.66666666666663,16200,-1.0,-1.0,-1.0
2019/07/30,307.0,314.66666666666663,307.0,313.3333333333333,30000,-1.0,-1.0,-1.0
2019/07/31,313.0,315.0,313.0,313.3333333333333,6000,-1.0,-1.0,-1.0
2019/08/01,308.3333333333333,315.0,307.3333333333333,311.3333333333333,15300,-1.0,-1.0,-1.0
2019/08/02,308.0,308.66666666666663,303.66666666666663,303.66666666666663,10200,-1.0,-1.0,-1.0
2019/08/05,307.66666666666663,307.66666666666663,293.3333333333333,305.0,31500,-1.0,-1.0,-1.0
2019/08/06,297.66666666666663,302.3333333333333,297.3333333333333,302.0,23700,-1.0,-1.0,-1.0
2019/08/07,307.0,311.3333333333333,305.0,310.0,20700,-1.0,-1.0,-1.0
2019/08/08,315.0,318.3333333333333,309.0,310.3333333333333,51600,-1.0,-1.0,-1.0
2019/08/09,314.66666666666663,315.0,311.0,313.3333333333333,16200,-1.0,-1.0,-1.0
2019/08/13,313.0,313.0,309.3333333333333,310.0,14400,-1.0,-1.0,-1.0
2019/08/14,313.3333333333333,318.66666666666663,313.3333333333333,318.66666666666663,17700,-1.0,-1.0,-1.0
2019/08/15,310.3333333333333,311.66666666666663,298.66666666666663,307.66666666666663,66000,-1.0,-1.0,-1.0
2019/08/16,307.66666666666663,309.66666666666663,304.3333333333333,307.3333333333333,22500,-1.0,-1.0,-1.0
2019/08/19,309.0,311.3333333333333,305.66666666666663,310.3333333333333,13200,-1.0,-1.0,-1.0
2019/08/20,310.3333333333333,312.0,308.0,309.3333333333333,7500,-1.0,-1.0,-1.0
2019/08/21,310.0,316.3333333333333,307.66666666666663,307.66666666666663,11100,-1.0,-1.0,-1.0
2019/08/22,312.66666666666663,312.66666666666663,307.0,307.0,15000,-1.0,-1.0,-1.0
2019/08/23,311.0,312.0,308.66666666666663,312.0,9300,-1.0,-1.0,-1.0
2019/08/26,302.0,307.3333333333333,302.0,304.3333333333333,14100,-1.0,-1.0,-1.0
2019/08/27,306.3333333333333,306.3333333333333,301.66666666666663,305.0,11100,-1.0,-1.0,-1.0
2019/08/28,305.0,306.3333333333333,303.3333333333333,304.3333333333333,6600,-1.0,-1.0,-1.0
2019/08/29,305.3333333333333,305.3333333333333,300.0,302.0,11700,-1.0,-1.0,-1.0
2019/08/30,302.3333333333333,306.66666666666663,300.3333333333333,306.3333333333333,12900,-1.0,-1.0,-1.0
2019/09/02,306.3333333333333,311.66666666666663,305.0,311.66666666666663,11400,-1.0,-1.0,-1.0
2019/09/03,311.66666666666663,314.3333333333333,309.3333333333333,310.0,9300,-1.0,-1.0,-1.0
2019/09/04,310.0,312.3333333333333,307.3333333333333,310.0,6000,-1.0,-1.0,-1.0
2019/09/05,312.3333333333333,315.0,310.0,313.3333333333333,13200,-1.0,-1.0,-1.0
2019/09/06,313.3333333333333,314.0,312.3333333333333,314.0,6000,-1.0,-1.0,-1.0
2019/09/09,315.66666666666663,316.0,311.3333333333333,315.66666666666663,17100,-1.0,-1.0,-1.0
2019/09/10,315.66666666666663,316.0,311.66666666666663,316.0,6300,-1.0,-1.0,-1.0
2019/09/11,316.0,318.0,314.3333333333333,318.0,11700,-1.0,-1.0,-1.0
2019/09/12,318.0,323.3333333333333,318.0,320.0,15900,-1.0,-1.0,-1.0
2019/09/13,319.3333333333333,319.3333333333333,314.3333333333333,314.3333333333333,5100,-1.0,-1.0,-1.0
2019/09/17,318.0,319.66666666666663,317.3333333333333,318.0,11400,-1.0,-1.0,-1.0
2019/09/18,316.3333333333333,318.3333333333333,312.66666666666663,318.3333333333333,11400,-1.0,-1.0,-1.0
2019/09/19,318.3333333333333,320.0,315.66666666666663,319.3333333333333,7800,-1.0,-1.0,-1.0
2019/09/20,320.66666666666663,321.66666666666663,320.0,321.66666666666663,10500,-1.0,-1.0,-1.0
2019/09/24,316.66666666666663,322.66666666666663,316.66666666666663,321.66666666666663,28800,-1.0,-1.0,-1.0
2019/09/25,320.0,331.0,319.3333333333333,325.0,42300,-1.0,-1.0,-1.0
2019/09/26,328.3333333333333,328.66666666666663,323.66666666666663,325.0,17400,-1.0,-1.0,-1.0
2019/09/27,323.3333333333333,326.0,320.66666666666663,322.66666666666663,30300,-1.0,-1.0,-1.0
2019/09/30,323.0,323.0,321.66666666666663,322.66666666666663,9000,-1.0,-1.0,-1.0
2019/10/01,322.66666666666663,336.3333333333333,321.66666666666663,332.66666666666663,66300,-1.0,-1.0,-1.0
2019/10/02,333.66666666666663,334.0,328.3333333333333,329.0,24300,-1.0,-1.0,-1.0
2019/10/03,328.3333333333333,328.3333333333333,320.0,321.0,29100,-1.0,-1.0,-1.0
2019/10/04,324.3333333333333,328.0,322.3333333333333,328.0,18300,-1.0,-1.0,-1.0
2019/10/07,327.0,330.66666666666663,326.66666666666663,330.0,25800,-1.0,-1.0,-1.0
2019/10/08,327.3333333333333,340.0,327.3333333333333,333.3333333333333,150300,-1.0,-1.0,-1.0
2019/10/09,333.3333333333333,343.0,333.0,337.3333333333333,68400,-1.0,-1.0,-1.0
2019/10/10,335.3333333333333,338.3333333333333,330.3333333333333,336.0,14700,-1.0,-1.0,-1.0
2019/10/11,337.66666666666663,339.66666666666663,332.66666666666663,335.3333333333333,32400,-1.0,-1.0,-1.0
2019/10/15,335.3333333333333,336.0,331.3333333333333,334.3333333333333,21000,-1.0,-1.0,-1.0
2019/10/16,334.66666666666663,336.3333333333333,330.3333333333333,331.66666666666663,33900,-1.0,-1.0,-1.0
2019/10/17,333.3333333333333,337.3333333333333,330.3333333333333,337.3333333333333,51300,-1.0,-1.0,-1.0
2019/10/18,340.0,342.0,333.0,336.0,51000,-1.0,-1.0,-1.0
2019/10/21,336.0,340.3333333333333,333.3333333333333,340.3333333333333,28500,-1.0,-1.0,-1.0
2019/10/23,340.3333333333333,343.0,336.66666666666663,340.3333333333333,26400,-1.0,-1.0,-1.0
2019/10/24,340.3333333333333,340.3333333333333,336.66666666666663,338.3333333333333,13200,-1.0,-1.0,-1.0
2019/10/25,342.0,342.0,337.0,341.3333333333333,35400,-1.0,-1.0,-1.0
2019/10/28,341.0,341.3333333333333,337.66666666666663,341.0,20400,-1.0,-1.0,-1.0
2019/10/29,341.3333333333333,342.66666666666663,338.3333333333333,339.3333333333333,17100,-1.0,-1.0,-1.0
2019/10/30,342.3333333333333,342.3333333333333,333.3333333333333,333.3333333333333,33000,-1.0,-1.0,-1.0
2019/10/31,335.0,337.66666666666663,335.0,337.66666666666663,9600,-1.0,-1.0,-1.0
2019/11/01,334.66666666666663,337.66666666666663,330.66666666666663,335.3333333333333,27600,-1.0,-1.0,-1.0
2019/11/05,337.66666666666663,343.0,337.66666666666663,340.0,34200,-1.0,-1.0,-1.0
2019/11/06,341.0,343.0,337.66666666666663,343.0,18600,-1.0,-1.0,-1.0
2019/11/07,343.3333333333333,353.66666666666663,343.3333333333333,353.3333333333333,78600,-1.0,-1.0,-1.0
2019/11/08,352.66666666666663,359.3333333333333,343.0,354.3333333333333,66900,-1.0,-1.0,-1.0
2019/11/11,336.66666666666663,348.3333333333333,332.66666666666663,343.66666666666663,78600,-1.0,-1.0,-1.0
2019/11/12,343.66666666666663,347.3333333333333,340.66666666666663,345.3333333333333,22200,-1.0,-1.0,-1.0
2019/11/13,345.3333333333333,347.3333333333333,343.0,343.0,27900,-1.0,-1.0,-1.0
2019/11/14,346.0,346.0,336.66666666666663,337.66666666666663,16200,-1.0,-1.0,-1.0
2019/11/15,339.3333333333333,340.0,335.66666666666663,339.66666666666663,17700,-1.0,-1.0,-1.0
2019/11/18,339.66666666666663,344.0,339.66666666666663,340.3333333333333,29700,-1.0,-1.0,-1.0
2019/11/19,344.0,345.3333333333333,339.3333333333333,340.66666666666663,17700,-1.0,-1.0,-1.0
2019/11/20,341.0,341.66666666666663,336.0,336.66666666666663,6300,-1.0,-1.0,-1.0
2019/11/21,336.66666666666663,341.66666666666663,333.66666666666663,341.66666666666663,14400,-1.0,-1.0,-1.0
2019/11/22,337.66666666666663,347.0,337.66666666666663,347.0,80400,-1.0,-1.0,-1.0
2019/11/25,349.66666666666663,349.66666666666663,344.3333333333333,345.0,11700,-1.0,-1.0,-1.0
2019/11/26,345.0,349.3333333333333,343.3333333333333,348.3333333333333,15600,-1.0,-1.0,-1.0
2019/11/27,348.0,348.0,345.66666666666663,346.66666666666663,4500,-1.0,-1.0,-1.0
2019/11/28,346.66666666666663,346.66666666666663,345.0,345.66666666666663,6900,-1.0,-1.0,-1.0
2019/11/29,343.66666666666663,345.0,343.66666666666663,344.66666666666663,6300,-1.0,-1.0,-1.0
2019/12/02,345.3333333333333,366.3333333333333,345.3333333333333,366.3333333333333,85800,-1.0,-1.0,-1.0
2019/12/03,360.0,373.3333333333333,357.0,368.66666666666663,64800,-1.0,-1.0,-1.0
2019/12/04,371.0,373.0,361.66666666666663,371.66666666666663,115500,-1.0,-1.0,-1.0
2019/12/05,375.66666666666663,375.66666666666663,364.66666666666663,364.66666666666663,45600,-1.0,-1.0,-1.0
2019/12/06,364.0,371.66666666666663,364.0,364.66666666666663,39300,-1.0,-1.0,-1.0
2019/12/09,365.3333333333333,369.66666666666663,364.0,368.3333333333333,21600,-1.0,-1.0,-1.0
2019/12/10,365.0,365.0,363.0,363.66666666666663,11100,-1.0,-1.0,-1.0
2019/12/11,363.66666666666663,366.0,362.0,363.3333333333333,30600,-1.0,-1.0,-1.0
2019/12/12,365.66666666666663,377.66666666666663,362.66666666666663,375.3333333333333,48300,-1.0,-1.0,-1.0
2019/12/13,376.3333333333333,380.3333333333333,373.66666666666663,378.66666666666663,58800,-1.0,-1.0,-1.0
2019/12/16,400.0,428.0,400.0,412.3333333333333,407700,-1.0,-1.0,-1.0
2019/12/17,432.3333333333333,432.3333333333333,401.66666666666663,404.0,207000,-1.0,-1.0,-1.0
2019/12/18,412.3333333333333,416.0,395.0,404.0,94800,-1.0,-1.0,-1.0
2019/12/19,404.3333333333333,410.3333333333333,398.66666666666663,401.3333333333333,130500,-1.0,-1.0,-1.0
2019/12/20,402.66666666666663,406.66666666666663,402.66666666666663,402.66666666666663,34200,-1.0,-1.0,-1.0
2019/12/23,406.66666666666663,411.3333333333333,400.0,405.0,50400,-1.0,-1.0,-1.0
2019/12/24,405.0,405.0,383.3333333333333,396.66666666666663,92400,-1.0,-1.0,-1.0
2019/12/25,405.0,405.0,390.0,392.66666666666663,59400,-1.0,-1.0,-1.0
2019/12/26,388.66666666666663,396.66666666666663,388.66666666666663,396.3333333333333,39900,-1.0,-1.0,-1.0
2019/12/27,398.3333333333333,407.66666666666663,398.0,399.66666666666663,46800,-1.0,-1.0,-1.0
2019/12/30,400.0,405.0,400.0,401.3333333333333,37500,-1.0,-1.0,-1.0
2020/01/06,403.0,403.0,389.66666666666663,392.3333333333333,61500,-1.0,-1.0,-1.0
2020/01/07,396.0,399.0,392.0,393.0,44700,-1.0,-1.0,-1.0
2020/01/08,392.3333333333333,392.66666666666663,375.66666666666663,386.66666666666663,53400,-1.0,-1.0,-1.0
2020/01/09,403.3333333333333,403.3333333333333,384.3333333333333,389.66666666666663,41700,-1.0,-1.0,-1.0
2020/01/10,397.3333333333333,397.3333333333333,389.0,392.66666666666663,23100,-1.0,-1.0,-1.0
2020/01/14,395.66666666666663,399.0,393.3333333333333,398.3333333333333,24000,-1.0,-1.0,-1.0
2020/01/15,394.0,396.66666666666663,391.0,391.0,30300,-1.0,-1.0,-1.0
2020/01/16,390.3333333333333,391.3333333333333,380.66666666666663,381.0,48900,-1.0,-1.0,-1.0
2020/01/17,378.3333333333333,382.0,372.66666666666663,372.66666666666663,88500,-1.0,-1.0,-1.0
2020/01/20,372.0,384.0,372.0,381.66666666666663,48000,-1.0,-1.0,-1.0
2020/01/21,381.66666666666663,381.66666666666663,375.66666666666663,377.0,34500,-1.0,-1.0,-1.0
2020/01/22,376.66666666666663,378.0,375.0,376.66666666666663,22800,-1.0,-1.0,-1.0
2020/01/23,376.0,376.0,372.3333333333333,372.3333333333333,46500,-1.0,-1.0,-1.0
2020/01/24,374.0,374.0,359.3333333333333,359.3333333333333,84300,-1.0,-1.0,-1.0
2020/01/27,349.3333333333333,353.0,336.66666666666663,346.0,190800,-1.0,-1.0,-1.0
2020/01/28,345.66666666666663,345.66666666666663,336.66666666666663,341.0,52200,-1.0,-1.0,-1.0
2020/01/29,346.0,346.3333333333333,335.3333333333333,338.3333333333333,47100,-1.0,-1.0,-1.0
2020/01/30,338.3333333333333,338.66666666666663,333.3333333333333,333.3333333333333,41700,-1.0,-1.0,-1.0
2020/01/31,333.3333333333333,344.3333333333333,333.3333333333333,336.3333333333333,37200,-1.0,-1.0,-1.0
2020/02/03,326.3333333333333,340.0,326.3333333333333,334.66666666666663,36300,-1.0,-1.0,-1.0
2020/02/04,333.66666666666663,346.66666666666663,333.66666666666663,346.0,21900,-1.0,-1.0,-1.0
2020/02/05,352.3333333333333,352.3333333333333,347.3333333333333,349.0,15600,-1.0,-1.0,-1.0
2020/02/06,358.3333333333333,359.3333333333333,353.66666666666663,356.3333333333333,41700,-1.0,-1.0,-1.0
2020/02/07,361.3333333333333,361.3333333333333,350.0,357.66666666666663,37500,-1.0,-1.0,-1.0
2020/02/10,329.0,338.66666666666663,328.0,333.66666666666663,147300,-1.0,-1.0,-1.0
2020/02/12,333.3333333333333,335.3333333333333,330.3333333333333,331.3333333333333,26100,-1.0,-1.0,-1.0
2020/02/13,331.66666666666663,332.3333333333333,328.3333333333333,329.3333333333333,20700,-1.0,-1.0,-1.0
2020/02/14,327.3333333333333,327.66666666666663,314.0,320.0,59100,-1.0,-1.0,-1.0
2020/02/17,314.66666666666663,315.0,307.3333333333333,307.3333333333333,34200,-1.0,-1.0,-1.0
2020/02/18,305.0,308.66666666666663,297.66666666666663,307.3333333333333,42600,-1.0,-1.0,-1.0
2020/02/19,307.3333333333333,311.66666666666663,306.3333333333333,307.3333333333333,33600,-1.0,-1.0,-1.0
2020/02/20,307.3333333333333,308.0,302.3333333333333,304.0,36900,-1.0,-1.0,-1.0
2020/02/21,304.0,304.0,300.0,301.0,29700,-1.0,-1.0,-1.0
2020/02/25,286.0,296.0,286.0,293.66666666666663,143400,-1.0,-1.0,-1.0
2020/02/26,287.66666666666663,296.0,284.3333333333333,291.0,95100,-1.0,-1.0,-1.0
2020/02/27,294.3333333333333,295.0,266.66666666666663,274.66666666666663,81300,-1.0,-1.0,-1.0
2020/02/28,260.66666666666663,266.0,243.33333333333331,255.33333333333331,168600,-1.0,-1.0,-1.0
2020/03/02,255.66666666666666,271.66666666666663,255.66666666666666,256.66666666666663,120300,-1.0,-1.0,-1.0
2020/03/03,262.0,265.66666666666663,248.33333333333331,249.0,49200,-1.0,-1.0,-1.0
2020/03/04,248.33333333333331,251.66666666666666,245.66666666666666,245.66666666666666,24600,-1.0,-1.0,-1.0
2020/03/05,250.66666666666666,255.66666666666666,250.66666666666666,252.0,34500,-1.0,-1.0,-1.0
2020/03/06,249.66666666666666,253.0,240.0,244.66666666666666,44100,-1.0,-1.0,-1.0
2020/03/09,243.33333333333331,243.33333333333331,221.0,224.0,80400,-1.0,-1.0,-1.0
2020/03/10,214.0,234.33333333333331,206.66666666666666,225.0,143400,-1.0,-1.0,-1.0
2020/03/11,240.0,240.0,220.33333333333331,222.66666666666666,83400,-1.0,-1.0,-1.0
2020/03/12,219.33333333333331,219.33333333333331,204.33333333333331,210.33333333333331,75900,-1.0,-1.0,-1.0
2020/03/13,200.33333333333331,209.0,196.66666666666666,203.33333333333331,80700,-1.0,-1.0,-1.0
2020/03/16,216.66666666666666,216.66666666666666,200.33333333333331,200.33333333333331,84900,-1.0,-1.0,-1.0
2020/03/17,196.66666666666666,217.66666666666666,196.66666666666666,213.0,42300,-1.0,-1.0,-1.0
2020/03/18,215.0,216.33333333333331,203.33333333333331,203.33333333333331,53700,-1.0,-1.0,-1.0
2020/03/19,208.0,212.0,195.66666666666666,199.0,58200,-1.0,-1.0,-1.0
2020/03/23,202.33333333333331,206.0,198.33333333333331,206.0,62700,-1.0,-1.0,-1.0
2020/03/24,206.33333333333331,220.66666666666666,206.33333333333331,218.66666666666666,49800,-1.0,-1.0,-1.0
2020/03/25,234.66666666666666,241.66666666666666,221.66666666666666,227.66666666666666,72900,-1.0,-1.0,-1.0
2020/03/26,226.33333333333331,233.33333333333331,221.33333333333331,224.33333333333331,25800,-1.0,-1.0,-1.0
2020/03/27,229.33333333333331,235.33333333333331,216.66666666666666,231.66666666666666,88800,-1.0,-1.0,-1.0
2020/03/30,218.66666666666666,222.66666666666666,213.0,213.33333333333331,23700,-1.0,-1.0,-1.0
2020/03/31,220.0,223.66666666666666,213.66666666666666,215.0,88500,-1.0,-1.0,-1.0
2020/04/01,215.0,215.0,208.66666666666666,210.0,22800,-1.0,-1.0,-1.0
2020/04/02,207.0,212.66666666666666,205.0,206.66666666666666,33600,-1.0,-1.0,-1.0
2020/04/03,207.33333333333331,208.66666666666666,203.0,205.33333333333331,30300,-1.0,-1.0,-1.0
2020/04/06,203.33333333333331,212.66666666666666,201.66666666666666,212.66666666666666,25500,-1.0,-1.0,-1.0
2020/04/07,219.33333333333331,232.0,216.66666666666666,217.33333333333331,46200,-1.0,-1.0,-1.0
2020/04/08,217.33333333333331,224.33333333333331,215.66666666666666,220.0,24300,-1.0,-1.0,-1.0
2020/04/09,223.66666666666666,225.0,217.33333333333331,219.0,40200,-1.0,-1.0,-1.0
2020/04/10,223.66666666666666,226.66666666666666,220.0,225.0,12000,-1.0,-1.0,-1.0
2020/04/13,225.0,225.33333333333331,222.33333333333331,224.0,13200,-1.0,-1.0,-1.0
2020/04/14,227.0,231.66666666666666,225.33333333333331,227.0,112800,-1.0,-1.0,-1.0
2020/04/15,238.33333333333331,238.33333333333331,229.0,230.33333333333331,50100,-1.0,-1.0,-1.0
2020/04/16,233.66666666666666,233.66666666666666,226.66666666666666,233.66666666666666,46800,-1.0,-1.0,-1.0
2020/04/17,234.0,236.0,230.0,230.0,36900,-1.0,-1.0,-1.0
2020/04/20,230.0,231.0,227.0,227.0,27600,-1.0,-1.0,-1.0
2020/04/21,225.0,225.0,220.33333333333331,220.66666666666666,24300,-1.0,-1.0,-1.0
2020/04/22,220.66666666666666,223.0,216.66666666666666,220.66666666666666,13800,-1.0,-1.0,-1.0
2020/04/23,224.33333333333331,228.0,224.0,227.33333333333331,4200,-1.0,-1.0,-1.0
2020/04/24,230.66666666666666,230.66666666666666,223.33333333333331,223.66666666666666,46200,-1.0,-1.0,-1.0
2020/04/27,227.0,232.66666666666666,226.66666666666666,231.0,37200,-1.0,-1.0,-1.0
2020/04/28,230.0,233.33333333333331,228.0,232.33333333333331,32400,-1.0,-1.0,-1.0
2020/04/30,236.33333333333331,244.66666666666666,234.33333333333331,244.66666666666666,51600,-1.0,-1.0,-1.0
2020/05/01,240.66666666666666,245.66666666666666,235.0,235.66666666666666,22800,-1.0,-1.0,-1.0
2020/05/07,235.66666666666666,243.33333333333331,235.66666666666666,236.66666666666666,54000,-1.0,-1.0,-1.0
2020/05/08,243.33333333333331,244.33333333333331,236.66666666666666,237.0,82800,-1.0,-1.0,-1.0
2020/05/11,243.0,253.0,240.66666666666666,248.0,107400,-1.0,-1.0,-1.0
2020/05/12,248.33333333333331,248.33333333333331,242.66666666666666,242.66666666666666,22800,-1.0,-1.0,-1.0
2020/05/13,241.66666666666666,245.66666666666666,241.66666666666666,244.33333333333331,12300,-1.0,-1.0,-1.0
2020/05/14,242.66666666666666,247.66666666666666,242.0,244.66666666666666,37200,-1.0,-1.0,-1.0
2020/05/15,247.66666666666666,253.66666666666666,246.66666666666666,250.0,58200,-1.0,-1.0,-1.0
2020/05/18,246.66666666666666,246.66666666666666,236.0,239.66666666666666,64800,-1.0,-1.0,-1.0
2020/05/19,241.66666666666666,241.66666666666666,236.0,238.33333333333331,14700,-1.0,-1.0,-1.0
2020/05/20,243.33333333333331,243.33333333333331,238.33333333333331,238.33333333333331,18600,-1.0,-1.0,-1.0
2020/05/21,239.66666666666666,239.66666666666666,235.33333333333331,237.0,58500,-1.0,-1.0,-1.0
2020/05/22,235.66666666666666,235.66666666666666,233.33333333333331,234.66666666666666,20100,-1.0,-1.0,-1.0
2020/05/25,235.66666666666666,238.66666666666666,235.33333333333331,237.66666666666666,101700,-1.0,-1.0,-1.0
2020/05/26,240.0,245.0,238.33333333333331,244.33333333333331,34800,-1.0,-1.0,-1.0
2020/05/27,246.66666666666666,259.66666666666663,246.66666666666666,258.3333333333333,29700,-1.0,-1.0,-1.0
2020/05/28,263.3333333333333,263.3333333333333,254.33333333333331,256.66666666666663,48000,-1.0,-1.0,-1.0
2020/05/29,256.66666666666663,259.66666666666663,255.33333333333331,255.33333333333331,13500,-1.0,-1.0,-1.0
2020/06/01,256.0,265.0,253.33333333333331,265.0,24900,-1.0,-1.0,-1.0
2020/06/02,266.0,272.3333333333333,265.66666666666663,268.3333333333333,65100,-1.0,-1.0,-1.0
2020/06/03,276.0,276.0,269.0,271.66666666666663,48000,-1.0,-1.0,-1.0
2020/06/04,279.0,279.0,270.0,270.3333333333333,22200,-1.0,-1.0,-1.0
2020/06/05,279.0,279.3333333333333,270.66666666666663,279.3333333333333,85500,-1.0,-1.0,-1.0
2020/06/08,279.3333333333333,279.3333333333333,273.3333333333333,277.3333333333333,47100,-1.0,-1.0,-1.0
2020/06/09,277.3333333333333,278.66666666666663,269.3333333333333,272.3333333333333,25500,-1.0,-1.0,-1.0
2020/06/10,271.3333333333333,272.0,267.3333333333333,272.0,75000,-1.0,-1.0,-1.0
2020/06/11,278.0,278.0,261.66666666666663,262.0,39600,-1.0,-1.0,-1.0
2020/06/12,247.0,261.66666666666663,247.0,261.66666666666663,29400,-1.0,-1.0,-1.0
2020/06/15,271.66666666666663,271.66666666666663,258.0,258.0,28500,-1.0,-1.0,-1.0
2020/06/16,259.0,263.66666666666663,257.66666666666663,262.66666666666663,24900,-1.0,-1.0,-1.0
2020/06/17,261.66666666666663,265.0,260.3333333333333,265.0,4800,-1.0,-1.0,-1.0
2020/06/18,266.3333333333333,266.3333333333333,264.66666666666663,266.0,3300,-1.0,-1.0,-1.0
2020/06/19,266.0,267.66666666666663,266.0,267.66666666666663,3000,-1.0,-1.0,-1.0
2020/06/22,267.66666666666663,276.0,266.3333333333333,270.0,35100,-1.0,-1.0,-1.0
2020/06/23,273.3333333333333,273.3333333333333,267.3333333333333,272.0,26100,-1.0,-1.0,-1.0
2020/06/24,272.0,272.66666666666663,267.3333333333333,268.3333333333333,9900,-1.0,-1.0,-1.0
2020/06/25,278.3333333333333,278.3333333333333,265.3333333333333,265.3333333333333,57000,-1.0,-1.0,-1.0
2020/06/26,263.0,267.66666666666663,262.3333333333333,265.3333333333333,24900,-1.0,-1.0,-1.0
2020/06/29,263.3333333333333,264.3333333333333,258.0,258.0,34500,-1.0,-1.0,-1.0
2020/06/30,258.0,262.66666666666663,258.0,258.0,29400,-1.0,-1.0,-1.0
2020/07/01,258.66666666666663,263.0,257.66666666666663,258.3333333333333,15300,-1.0,-1.0,-1.0
2020/07/02,256.3333333333333,256.66666666666663,246.66666666666666,250.33333333333331,23400,-1.0,-1.0,-1.0
2020/07/03,252.66666666666666,261.0,252.66666666666666,256.0,15600,-1.0,-1.0,-1.0
2020/07/06,256.3333333333333,269.3333333333333,255.0,269.3333333333333,20700,-1.0,-1.0,-1.0
2020/07/07,275.66666666666663,275.66666666666663,268.0,269.0,47700,-1.0,-1.0,-1.0
2020/07/08,265.3333333333333,269.66666666666663,264.66666666666663,264.66666666666663,11400,-1.0,-1.0,-1.0
2020/07/09,266.0,267.3333333333333,262.0,266.0,22500,-1.0,-1.0,-1.0
2020/07/10,261.66666666666663,271.3333333333333,261.66666666666663,264.0,18300,-1.0,-1.0,-1.0
2020/07/13,264.0,266.66666666666663,262.66666666666663,263.3333333333333,4500,-1.0,-1.0,-1.0
2020/07/14,263.3333333333333,265.66666666666663,262.0,262.0,5100,-1.0,-1.0,-1.0
2020/07/15,270.3333333333333,270.3333333333333,264.3333333333333,264.3333333333333,8400,-1.0,-1.0,-1.0
2020/07/16,266.0,269.0,264.3333333333333,264.3333333333333,9600,-1.0,-1.0,-1.0
2020/07/17,264.3333333333333,264.3333333333333,260.0,260.0,6300,-1.0,-1.0,-1.0
2020/07/20,255.0,257.66666666666663,255.0,256.0,36000,-1.0,-1.0,-1.0
2020/07/21,256.3333333333333,261.66666666666663,256.3333333333333,261.66666666666663,9900,-1.0,-1.0,-1.0
2020/07/22,271.0,271.0,257.0,260.3333333333333,36300,-1.0,-1.0,-1.0
2020/07/27,261.66666666666663,263.0,259.0,263.0,3900,-1.0,-1.0,-1.0
2020/07/28,261.3333333333333,263.0,258.66666666666663,258.66666666666663,3900,-1.0,-1.0,-1.0
2020/07/29,255.66666666666666,259.0,255.66666666666666,259.0,2400,-1.0,-1.0,-1.0
2020/07/30,260.0,261.3333333333333,258.66666666666663,258.66666666666663,4800,-1.0,-1.0,-1.0
2020/07/31,261.3333333333333,261.3333333333333,242.33333333333331,242.33333333333331,14400,-1.0,-1.0,-1.0
2020/08/03,240.33333333333331,247.33333333333331,240.33333333333331,243.66666666666666,2400,-1.0,-1.0,-1.0
2020/08/04,243.66666666666666,254.66666666666666,243.66666666666666,252.33333333333331,15600,-1.0,-1.0,-1.0
2020/08/05,255.0,257.3333333333333,252.33333333333331,252.66666666666666,1500,-1.0,-1.0,-1.0
2020/08/06,252.0,260.0,252.0,260.0,15300,-1.0,-1.0,-1.0
2020/08/07,261.66666666666663,261.66666666666663,256.0,258.3333333333333,11400,-1.0,-1.0,-1.0
2020/08/11,259.3333333333333,260.0,257.3333333333333,260.0,6300,-1.0,-1.0,-1.0
2020/08/12,250.0,253.33333333333331,250.0,253.33333333333331,15300,-1.0,-1.0,-1.0
2020/08/13,253.33333333333331,257.66666666666663,250.33333333333331,257.66666666666663,14400,-1.0,-1.0,-1.0
2020/08/14,256.0,261.0,254.66666666666666,256.66666666666663,13200,-1.0,-1.0,-1.0
2020/08/17,263.3333333333333,270.3333333333333,263.3333333333333,270.0,47100,-1.0,-1.0,-1.0
2020/08/18,269.66666666666663,269.66666666666663,257.66666666666663,263.3333333333333,28800,-1.0,-1.0,-1.0
2020/08/19,262.0,262.3333333333333,259.0,259.66666666666663,11400,-1.0,-1.0,-1.0
2020/08/20,260.66666666666663,260.66666666666663,257.0,257.0,4200,-1.0,-1.0,-1.0
2020/08/21,257.0,257.0,251.66666666666666,251.66666666666666,18600,-1.0,-1.0,-1.0
2020/08/24,255.33333333333331,258.66666666666663,252.0,252.0,23400,-1.0,-1.0,-1.0
2020/08/25,255.66666666666666,258.0,253.33333333333331,257.0,23400,-1.0,-1.0,-1.0
2020/08/26,260.0,261.66666666666663,259.66666666666663,261.66666666666663,10200,-1.0,-1.0,-1.0
2020/08/27,261.66666666666663,261.66666666666663,254.66666666666666,256.66666666666663,12000,-1.0,-1.0,-1.0
2020/08/28,256.66666666666663,258.0,253.33333333333331,254.33333333333331,31200,-1.0,-1.0,-1.0
2020/08/31,254.33333333333331,258.3333333333333,254.33333333333331,256.66666666666663,12600,-1.0,-1.0,-1.0
2020/09/01,258.3333333333333,261.66666666666663,257.0,261.66666666666663,8100,-1.0,-1.0,-1.0
2020/09/02,261.66666666666663,261.66666666666663,259.3333333333333,261.0,2100,-1.0,-1.0,-1.0
2020/09/03,261.66666666666663,264.3333333333333,260.66666666666663,261.3333333333333,20700,-1.0,-1.0,-1.0
2020/09/04,261.66666666666663,263.3333333333333,260.0,263.3333333333333,11700,-1.0,-1.0,-1.0
2020/09/07,260.66666666666663,265.0,259.0,259.0,14100,-1.0,-1.0,-1.0
2020/09/08,259.3333333333333,259.3333333333333,256.66666666666663,257.0,2700,-1.0,-1.0,-1.0
2020/09/09,257.66666666666663,259.3333333333333,257.66666666666663,259.0,21000,-1.0,-1.0,-1.0
2020/09/10,259.66666666666663,262.66666666666663,259.66666666666663,262.0,76800,-1.0,-1.0,-1.0
2020/09/11,262.0,262.66666666666663,260.0,261.66666666666663,9000,-1.0,-1.0,-1.0
2020/09/14,263.0,263.3333333333333,260.3333333333333,261.3333333333333,9900,-1.0,-1.0,-1.0
2020/09/15,263.0,263.0,261.66666666666663,261.66666666666663,10200,-1.0,-1.0,-1.0
2020/09/16,260.0,263.3333333333333,259.0,260.3333333333333,12000,-1.0,-1.0,-1.0
2020/09/17,263.0,263.0,260.3333333333333,261.66666666666663,3900,-1.0,-1.0,-1.0
2020/09/18,263.3333333333333,265.3333333333333,262.0,264.3333333333333,18900,-1.0,-1.0,-1.0
2020/09/23,264.3333333333333,266.0,260.0,261.66666666666663,19500,-1.0,-1.0,-1.0
2020/09/24,263.0,266.3333333333333,260.0,262.66666666666663,15300,-1.0,-1.0,-1.0
2020/09/25,264.0,264.3333333333333,260.0,264.3333333333333,12300,-1.0,-1.0,-1.0
2020/09/28,266.66666666666663,271.3333333333333,266.66666666666663,269.66666666666663,10200,-1.0,-1.0,-1.0
2020/09/29,269.0,270.0,266.66666666666663,270.0,14700,-1.0,-1.0,-1.0
2020/09/30,268.0,269.66666666666663,267.3333333333333,267.3333333333333,900,-1.0,-1.0,-1.0
2020/10/02,268.3333333333333,269.66666666666663,262.3333333333333,262.3333333333333,9600,-1.0,-1.0,-1.0
2020/10/05,260.3333333333333,271.3333333333333,260.3333333333333,267.0,10500,-1.0,-1.0,-1.0
2020/10/06,269.3333333333333,272.3333333333333,267.66666666666663,272.3333333333333,15000,-1.0,-1.0,-1.0
2020/10/07,272.66666666666663,280.0,272.3333333333333,280.0,18000,-1.0,-1.0,-1.0
2020/10/08,280.0,280.0,277.0,279.66666666666663,5400,-1.0,-1.0,-1.0
2020/10/09,280.0,280.0,271.66666666666663,272.3333333333333,48300,-1.0,-1.0,-1.0
2020/10/12,272.66666666666663,277.0,270.66666666666663,272.3333333333333,10800,-1.0,-1.0,-1.0
2020/10/13,272.3333333333333,276.0,271.0,275.3333333333333,11700,-1.0,-1.0,-1.0
2020/10/14,276.0,276.0,272.0,275.0,24300,-1.0,-1.0,-1.0
2020/10/15,272.0,273.0,267.3333333333333,267.66666666666663,26700,-1.0,-1.0,-1.0
2020/10/16,269.0,271.66666666666663,267.66666666666663,267.66666666666663,3900,-1.0,-1.0,-1.0
2020/10/19,268.66666666666663,268.66666666666663,267.3333333333333,267.3333333333333,5400,-1.0,-1.0,-1.0
2020/10/20,267.0,272.0,265.66666666666663,268.66666666666663,10800,-1.0,-1.0,-1.0
2020/10/21,268.3333333333333,271.0,267.3333333333333,267.3333333333333,3000,-1.0,-1.0,-1.0
2020/10/22,269.0,271.66666666666663,267.0,271.66666666666663,6300,-1.0,-1.0,-1.0
2020/10/23,271.66666666666663,271.66666666666663,264.3333333333333,269.66666666666663,12900,-1.0,-1.0,-1.0
2020/10/26,269.66666666666663,272.0,267.0,270.3333333333333,6000,-1.0,-1.0,-1.0
2020/10/27,270.3333333333333,270.3333333333333,261.0,261.0,37200,-1.0,-1.0,-1.0
2020/10/28,261.3333333333333,264.3333333333333,261.3333333333333,264.3333333333333,3300,-1.0,-1.0,-1.0
2020/10/29,260.3333333333333,264.0,256.0,259.3333333333333,15900,-1.0,-1.0,-1.0
2020/10/30,261.66666666666663,261.66666666666663,252.0,252.0,14400,-1.0,-1.0,-1.0
2020/11/02,254.33333333333331,254.66666666666666,253.0,253.66666666666666,3000,-1.0,-1.0,-1.0
2020/11/04,258.66666666666663,258.66666666666663,252.33333333333331,252.33333333333331,14400,-1.0,-1.0,-1.0
2020/11/05,253.0,257.66666666666663,253.0,256.0,10500,-1.0,-1.0,-1.0
2020/11/06,258.3333333333333,258.3333333333333,257.3333333333333,257.3333333333333,3900,-1.0,-1.0,-1.0
2020/11/09,262.0,265.0,257.66666666666663,260.66666666666663,53100,-1.0,-1.0,-1.0
2020/11/10,263.3333333333333,269.3333333333333,262.3333333333333,262.66666666666663,30300,-1.0,-1.0,-1.0
2020/11/11,268.66666666666663,268.66666666666663,264.0,265.0,7500,-1.0,-1.0,-1.0
2020/11/12,268.0,268.0,260.0,262.0,13500,-1.0,-1.0,-1.0
2020/11/13,260.0,264.0,257.66666666666663,264.0,11100,-1.0,-1.0,-1.0
2020/11/16,267.3333333333333,267.66666666666663,262.66666666666663,267.66666666666663,18600,-1.0,-1.0,-1.0
2020/11/17,267.66666666666663,267.66666666666663,263.0,264.3333333333333,15000,-1.0,-1.0,-1.0
2020/11/18,264.3333333333333,264.3333333333333,260.3333333333333,261.0,8400,-1.0,-1.0,-1.0
2020/11/19,259.66666666666663,261.0,257.3333333333333,258.0,28200,-1.0,-1.0,-1.0
2020/11/20,258.0,259.3333333333333,257.0,259.3333333333333,10500,-1.0,-1.0,-1.0
2020/11/24,259.66666666666663,271.66666666666663,259.66666666666663,264.3333333333333,75900,-1.0,-1.0,-1.0
2020/11/25,266.0,274.66666666666663,265.0,274.66666666666663,78600,-1.0,-1.0,-1.0
2020/11/26,275.0,279.3333333333333,271.3333333333333,273.66666666666663,20400,-1.0,-1.0,-1.0
2020/11/27,273.66666666666663,274.0,271.3333333333333,272.0,9900,-1.0,-1.0,-1.0
2020/11/30,271.66666666666663,271.66666666666663,264.3333333333333,264.3333333333333,10800,-1.0,-1.0,-1.0
2020/12/01,264.3333333333333,268.0,264.3333333333333,267.0,12900,-1.0,-1.0,-1.0
2020/12/02,269.66666666666663,270.0,265.0,270.0,23400,-1.0,-1.0,-1.0
2020/12/03,270.66666666666663,276.66666666666663,270.0,274.3333333333333,27600,-1.0,-1.0,-1.0
2020/12/04,276.66666666666663,277.3333333333333,262.3333333333333,266.3333333333333,92100,-1.0,-1.0,-1.0
2020/12/07,268.66666666666663,311.66666666666663,268.66666666666663,287.3333333333333,613800,-1.0,-1.0,-1.0
2020/12/08,291.0,291.3333333333333,278.66666666666663,289.0,120600,-1.0,-1.0,-1.0
2020/12/09,304.0,309.66666666666663,296.66666666666663,301.3333333333333,112500,-1.0,-1.0,-1.0
2020/12/10,296.3333333333333,299.66666666666663,290.0,296.0,75600,-1.0,-1.0,-1.0
2020/12/11,291.0,292.3333333333333,288.3333333333333,289.0,45600,-1.0,-1.0,-1.0
2020/12/14,290.0,296.3333333333333,286.66666666666663,296.3333333333333,64200,-1.0,-1.0,-1.0
2020/12/15,296.3333333333333,304.66666666666663,292.0,302.0,42000,-1.0,-1.0,-1.0
2020/12/16,302.0,302.3333333333333,296.66666666666663,299.66666666666663,16800,-1.0,-1.0,-1.0
2020/12/17,298.3333333333333,298.66666666666663,296.66666666666663,298.66666666666663,12000,-1.0,-1.0,-1.0
2020/12/18,296.0,298.3333333333333,292.3333333333333,296.0,57300,-1.0,-1.0,-1.0
2020/12/21,293.3333333333333,297.66666666666663,281.3333333333333,289.3333333333333,93900,-1.0,-1.0,-1.0
2020/12/22,287.0,290.0,276.66666666666663,283.66666666666663,86700,-1.0,-1.0,-1.0
2020/12/23,278.66666666666663,284.3333333333333,276.66666666666663,284.3333333333333,28800,-1.0,-1.0,-1.0
2020/12/24,281.0,289.3333333333333,281.0,286.66666666666663,33300,-1.0,-1.0,-1.0
2020/12/25,291.66666666666663,291.66666666666663,282.66666666666663,282.66666666666663,34500,-1.0,-1.0,-1.0
2020/12/28,282.66666666666663,284.3333333333333,280.66666666666663,283.3333333333333,20400,-1.0,-1.0,-1.0
2020/12/29,282.3333333333333,293.3333333333333,282.3333333333333,293.3333333333333,13500,-1.0,-1.0,-1.0
2020/12/30,292.66666666666663,292.66666666666663,287.66666666666663,288.0,12600,-1.0,-1.0,-1.0
2021/01/04,288.3333333333333,291.66666666666663,278.0,288.0,36600,-1.0,-1.0,-1.0
2021/01/05,287.0,291.3333333333333,284.3333333333333,291.3333333333333,10800,-1.0,-1.0,-1.0
2021/01/06,293.0,295.3333333333333,291.0,292.66666666666663,20700,-1.0,-1.0,-1.0
2021/01/07,288.3333333333333,300.0,287.0,296.66666666666663,101100,-1.0,-1.0,-1.0
2021/01/08,300.0,301.0,294.3333333333333,295.66666666666663,64200,-1.0,-1.0,-1.0
2021/01/12,295.66666666666663,296.0,291.0,292.3333333333333,44700,-1.0,-1.0,-1.0
2021/01/13,292.66666666666663,298.3333333333333,291.0,294.66666666666663,60900,-1.0,-1.0,-1.0
2021/01/14,295.3333333333333,303.0,294.66666666666663,297.3333333333333,60600,-1.0,-1.0,-1.0
2021/01/15,296.66666666666663,296.66666666666663,293.3333333333333,293.3333333333333,33300,-1.0,-1.0,-1.0
2021/01/18,291.66666666666663,292.3333333333333,287.0,288.0,41400,-1.0,-1.0,-1.0
2021/01/19,288.0,296.0,288.0,292.0,41100,-1.0,-1.0,-1.0
2021/01/20,291.3333333333333,293.3333333333333,288.66666666666663,292.0,16800,-1.0,-1.0,-1.0
2021/01/21,292.3333333333333,293.3333333333333,291.3333333333333,291.66666666666663,15300,-1.0,-1.0,-1.0
2021/01/22,292.3333333333333,293.0,290.0,291.3333333333333,14400,-1.0,-1.0,-1.0
2021/01/25,296.3333333333333,296.3333333333333,290.66666666666663,293.0,15300,-1.0,-1.0,-1.0
2021/01/26,293.3333333333333,294.0,289.0,290.0,30900,-1.0,-1.0,-1.0
2021/01/27,294.3333333333333,294.3333333333333,290.66666666666663,294.0,9300,-1.0,-1.0,-1.0
2021/01/28,287.66666666666663,290.0,285.0,288.66666666666663,28500,-1.0,-1.0,-1.0
2021/01/29,287.66666666666663,293.3333333333333,285.66666666666663,285.66666666666663,53400,-1.0,-1.0,-1.0
2021/02/01,285.3333333333333,289.0,284.0,286.66666666666663,11400,-1.0,-1.0,-1.0
2021/02/02,286.66666666666663,287.66666666666663,286.66666666666663,287.0,4200,-1.0,-1.0,-1.0
2021/02/03,291.0,291.0,289.3333333333333,290.3333333333333,12300,-1.0,-1.0,-1.0
2021/02/04,290.66666666666663,293.0,289.3333333333333,293.0,16200,-1.0,-1.0,-1.0
2021/02/05,295.0,305.3333333333333,295.0,305.3333333333333,47700,-1.0,-1.0,-1.0
2021/02/08,307.66666666666663,307.66666666666663,303.3333333333333,307.66666666666663,42900,-1.0,-1.0,-1.0
2021/02/09,291.0,305.0,288.66666666666663,293.3333333333333,113400,-1.0,-1.0,-1.0
2021/02/10,290.0,292.66666666666663,289.0,292.3333333333333,11400,-1.0,-1.0,-1.0
2021/02/12,296.0,302.66666666666663,292.66666666666663,299.66666666666663,48300,-1.0,-1.0,-1.0
2021/02/15,302.66666666666663,302.66666666666663,296.0,296.0,16800,-1.0,-1.0,-1.0
2021/02/16,296.0,298.66666666666663,295.3333333333333,295.3333333333333,13200,-1.0,-1.0,-1.0
2021/02/17,297.66666666666663,298.0,293.66666666666663,298.0,12000,-1.0,-1.0,-1.0
2021/02/18,298.3333333333333,299.3333333333333,290.3333333333333,290.66666666666663,48000,-1.0,-1.0,-1.0
2021/02/19,290.66666666666663,293.3333333333333,288.66666666666663,289.0,9900,-1.0,-1.0,-1.0
2021/02/22,292.66666666666663,294.66666666666663,289.3333333333333,294.66666666666663,22800,-1.0,-1.0,-1.0
2021/02/24,294.66666666666663,295.66666666666663,287.3333333333333,289.3333333333333,22200,-1.0,-1.0,-1.0
2021/02/25,294.3333333333333,294.3333333333333,289.66666666666663,291.66666666666663,15300,-1.0,-1.0,-1.0
2021/02/26,291.66666666666663,291.66666666666663,277.66666666666663,281.66666666666663,35400,-1.0,-1.0,-1.0
2021/03/01,281.66666666666663,291.66666666666663,281.66666666666663,289.3333333333333,8100,-1.0,-1.0,-1.0
2021/03/02,295.0,295.0,290.0,294.3333333333333,29100,-1.0,-1.0,-1.0
2021/03/03,291.3333333333333,293.3333333333333,290.3333333333333,293.3333333333333,9900,-1.0,-1.0,-1.0
2021/03/04,290.0,291.66666666666663,280.0,283.66666666666663,31200,-1.0,-1.0,-1.0
2021/03/05,283.3333333333333,287.66666666666663,273.66666666666663,287.66666666666663,23400,-1.0,-1.0,-1.0
2021/03/08,300.0,337.66666666666663,295.3333333333333,337.66666666666663,1597200,-1.0,-1.0,-1.0
2021/03/09,322.66666666666663,338.66666666666663,305.66666666666663,321.66666666666663,1029300,-1.0,-1.0,-1.0
2021/03/10,326.3333333333333,337.0,313.66666666666663,324.66666666666663,957900,-1.0,-1.0,-1.0
2021/03/11,334.66666666666663,343.3333333333333,315.0,315.0,721800,-1.0,-1.0,-1.0
2021/03/12,318.3333333333333,322.3333333333333,306.66666666666663,318.3333333333333,330300,-1.0,-1.0,-1.0
2021/03/15,318.0,326.3333333333333,308.3333333333333,318.66666666666663,130200,-1.0,-1.0,-1.0
2021/03/16,321.0,325.0,315.0,315.0,59100,-1.0,-1.0,-1.0
2021/03/17,315.0,319.0,310.0,311.66666666666663,71400,-1.0,-1.0,-1.0
2021/03/18,314.66666666666663,325.0,312.0,317.66666666666663,108000,-1.0,-1.0,-1.0
2021/03/19,313.66666666666663,320.0,312.0,317.0,55500,-1.0,-1.0,-1.0
2021/03/22,319.3333333333333,320.66666666666663,315.66666666666663,316.0,41400,-1.0,-1.0,-1.0
2021/03/23,321.0,321.0,311.3333333333333,313.3333333333333,140700,-1.0,-1.0,-1.0
2021/03/24,309.3333333333333,315.3333333333333,307.66666666666663,308.0,64800,-1.0,-1.0,-1.0
2021/03/25,308.0,316.3333333333333,308.0,312.3333333333333,46200,-1.0,-1.0,-1.0
2021/03/26,313.3333333333333,316.66666666666663,310.3333333333333,312.66666666666663,46500,-1.0,-1.0,-1.0
2021/03/29,325.0,325.0,312.66666666666663,316.3333333333333,145200,-1.0,-1.0,-1.0
2021/03/30,316.66666666666663,319.66666666666663,310.66666666666663,316.3333333333333,60600,-1.0,-1.0,-1.0
2021/03/31,314.0,319.3333333333333,314.0,318.0,23100,-1.0,-1.0,-1.0
2021/04/01,319.0,325.0,311.0,315.3333333333333,113700,-1.0,-1.0,-1.0
2021/04/02,322.3333333333333,323.0,316.66666666666663,318.3333333333333,90600,-1.0,-1.0,-1.0
2021/04/05,321.3333333333333,337.0,320.3333333333333,335.0,264900,-1.0,-1.0,-1.0
2021/04/06,333.3333333333333,343.0,325.0,332.3333333333333,403800,-1.0,-1.0,-1.0
2021/04/07,328.66666666666663,332.66666666666663,320.3333333333333,329.3333333333333,281400,-1.0,-1.0,-1.0
2021/04/08,334.0,335.3333333333333,325.0,330.66666666666663,309300,-1.0,-1.0,-1.0
2021/04/09,340.0,364.3333333333333,337.0,360.0,1331700,-1.0,-1.0,-1.0
2021/04/12,371.66666666666663,394.3333333333333,367.0,369.66666666666663,1353600,-1.0,-1.0,-1.0
2021/04/13,363.3333333333333,374.66666666666663,353.3333333333333,368.66666666666663,732600,-1.0,-1.0,-1.0
2021/04/14,378.66666666666663,378.66666666666663,361.3333333333333,365.3333333333333,392400,-1.0,-1.0,-1.0
2021/04/15,364.66666666666663,365.66666666666663,351.66666666666663,354.66666666666663,294300,-1.0,-1.0,-1.0
2021/04/16,355.0,363.3333333333333,345.0,363.3333333333333,366000,-1.0,-1.0,-1.0
2021/04/19,366.3333333333333,370.0,358.3333333333333,362.3333333333333,218700,-1.0,-1.0,-1.0
2021/04/20,358.66666666666663,371.66666666666663,350.3333333333333,365.3333333333333,355800,-1.0,-1.0,-1.0
2021/04/21,360.3333333333333,360.3333333333333,343.0,345.0,301200,-1.0,-1.0,-1.0
2021/04/22,354.0,364.66666666666663,350.3333333333333,357.3333333333333,198000,-1.0,-1.0,-1.0
2021/04/23,358.3333333333333,360.66666666666663,345.66666666666663,350.0,176100,-1.0,-1.0,-1.0
2021/04/26,358.0,363.3333333333333,348.66666666666663,359.0,234300,-1.0,-1.0,-1.0
2021/04/27,366.66666666666663,370.66666666666663,355.0,360.0,228300,-1.0,-1.0,-1.0
2021/04/28,360.0,361.66666666666663,350.66666666666663,354.3333333333333,93900,-1.0,-1.0,-1.0
2021/04/30,356.66666666666663,361.0,352.0,358.0,147600,-1.0,-1.0,-1.0
2021/05/06,361.0,361.0,353.3333333333333,357.0,87900,-1.0,-1.0,-1.0
2021/05/07,358.3333333333333,366.0,355.3333333333333,363.66666666666663,150900,-1.0,-1.0,-1.0
2021/05/10,366.66666666666663,366.66666666666663,357.3333333333333,358.66666666666663,73200,-1.0,-1.0,-1.0
2021/05/11,358.0,359.3333333333333,342.0,343.3333333333333,246900,-1.0,-1.0,-1.0
2021/05/12,341.3333333333333,347.0,326.66666666666663,337.0,286500,-1.0,-1.0,-1.0
2021/05/13,332.66666666666663,337.0,323.3333333333333,324.3333333333333,209100,-1.0,-1.0,-1.0
2021/05/14,331.66666666666663,331.66666666666663,324.3333333333333,328.0,175200,-1.0,-1.0,-1.0
2021/05/17,298.0,300.0,285.66666666666663,296.0,441900,-1.0,-1.0,-1.0
2021/05/18,298.66666666666663,306.66666666666663,298.66666666666663,301.3333333333333,69900,-1.0,-1.0,-1.0
2021/05/19,301.3333333333333,309.66666666666663,300.3333333333333,307.66666666666663,76500,-1.0,-1.0,-1.0
2021/05/20,309.66666666666663,314.66666666666663,306.3333333333333,313.0,60600,-1.0,-1.0,-1.0
2021/05/21,313.0,314.66666666666663,308.0,312.0,118200,-1.0,-1.0,-1.0
2021/05/24,315.66666666666663,315.66666666666663,308.0,310.66666666666663,57600,-1.0,-1.0,-1.0
2021/05/25,310.3333333333333,313.66666666666663,306.66666666666663,308.3333333333333,61200,-1.0,-1.0,-1.0
2021/05/26,306.3333333333333,308.3333333333333,301.3333333333333,305.3333333333333,31500,-1.0,-1.0,-1.0
2021/05/27,303.0,307.0,301.66666666666663,302.3333333333333,39600,-1.0,-1.0,-1.0
2021/05/28,307.66666666666663,308.3333333333333,302.0,304.3333333333333,70800,-1.0,-1.0,-1.0
2021/05/31,312.0,315.0,303.66666666666663,307.0,33000,-1.0,-1.0,-1.0
2021/06/01,307.0,308.3333333333333,303.3333333333333,308.3333333333333,70200,-1.0,-1.0,-1.0
2021/06/02,310.3333333333333,313.3333333333333,306.0,313.3333333333333,56700,-1.0,-1.0,-1.0
2021/06/03,315.0,315.0,311.66666666666663,313.3333333333333,40200,-1.0,-1.0,-1.0
2021/06/04,311.3333333333333,314.3333333333333,310.0,312.3333333333333,52800,-1.0,-1.0,-1.0
2021/06/07,314.0,314.0,306.3333333333333,308.0,71700,-1.0,-1.0,-1.0
2021/06/08,310.66666666666663,310.66666666666663,306.66666666666663,307.3333333333333,24900,-1.0,-1.0,-1.0
2021/06/09,310.0,312.66666666666663,307.0,308.0,33900,-1.0,-1.0,-1.0
2021/06/10,306.3333333333333,310.0,304.0,309.3333333333333,33300,-1.0,-1.0,-1.0
2021/06/11,309.3333333333333,311.66666666666663,307.0,308.66666666666663,39900,-1.0,-1.0,-1.0
2021/06/14,308.66666666666663,309.66666666666663,305.66666666666663,309.66666666666663,40800,-1.0,-1.0,-1.0
2021/06/15,312.3333333333333,312.3333333333333,305.0,310.0,45600,-1.0,-1.0,-1.0
2021/06/16,311.0,313.66666666666663,306.0,309.3333333333333,96300,-1.0,-1.0,-1.0
2021/06/17,312.3333333333333,312.3333333333333,307.0,308.66666666666663,19800,-1.0,-1.0,-1.0
2021/06/18,308.0,309.3333333333333,298.3333333333333,303.66666666666663,82500,-1.0,-1.0,-1.0
2021/06/21,295.66666666666663,303.3333333333333,295.66666666666663,303.0,76800,-1.0,-1.0,-1.0
2021/06/22,300.3333333333333,306.66666666666663,300.3333333333333,306.3333333333333,15000,-1.0,-1.0,-1.0
2021/06/23,304.0,305.66666666666663,302.66666666666663,303.66666666666663,11700,-1.0,-1.0,-1.0
2021/06/24,304.3333333333333,311.0,304.3333333333333,311.0,38400,-1.0,-1.0,-1.0
2021/06/25,314.3333333333333,314.3333333333333,307.66666666666663,313.3333333333333,46200,-1.0,-1.0,-1.0
2021/06/28,314.3333333333333,314.66666666666663,309.0,313.3333333333333,29100,-1.0,-1.0,-1.0
2021/06/29,313.3333333333333,313.3333333333333,306.66666666666663,310.0,25200,-1.0,-1.0,-1.0
2021/06/30,315.0,315.0,307.0,309.0,141600,-1.0,-1.0,-1.0
2021/07/01,309.66666666666663,311.66666666666663,305.66666666666663,311.66666666666663,37800,-1.0,-1.0,-1.0
2021/07/02,311.66666666666663,315.0,308.66666666666663,315.0,30600,-1.0,-1.0,-1.0
2021/07/05,315.66666666666663,323.0,315.66666666666663,321.3333333333333,48600,-1.0,-1.0,-1.0
2021/07/06,322.3333333333333,328.66666666666663,319.3333333333333,322.0,57000,-1.0,-1.0,-1.0
2021/07/07,318.0,322.3333333333333,315.66666666666663,321.0,51000,-1.0,-1.0,-1.0
2021/07/08,322.3333333333333,322.3333333333333,316.3333333333333,316.3333333333333,10200,-1.0,-1.0,-1.0
2021/07/09,315.66666666666663,315.66666666666663,306.0,308.0,33000,-1.0,-1.0,-1.0
2021/07/12,311.0,311.66666666666663,309.3333333333333,310.3333333333333,17700,-1.0,-1.0,-1.0
2021/07/13,311.3333333333333,315.3333333333333,310.66666666666663,312.66666666666663,13800,-1.0,-1.0,-1.0
2021/07/14,309.3333333333333,312.66666666666663,309.3333333333333,312.0,12000,-1.0,-1.0,-1.0
2021/07/15,312.66666666666663,312.66666666666663,308.3333333333333,308.3333333333333,23100,-1.0,-1.0,-1.0
2021/07/16,308.3333333333333,309.0,307.3333333333333,308.66666666666663,3900,-1.0,-1.0,-1.0
2021/07/19,306.66666666666663,306.66666666666663,302.0,303.3333333333333,9000,-1.0,-1.0,-1.0
2021/07/20,302.3333333333333,305.0,297.0,302.3333333333333,39600,-1.0,-1.0,-1.0
2021/07/21,312.3333333333333,312.3333333333333,297.0,297.0,34200,-1.0,-1.0,-1.0
2021/07/26,304.3333333333333,304.3333333333333,299.3333333333333,302.0,22800,-1.0,-1.0,-1.0
2021/07/27,302.3333333333333,308.0,302.3333333333333,308.0,22500,-1.0,-1.0,-1.0
2021/07/28,307.66666666666663,308.3333333333333,300.3333333333333,301.3333333333333,21300,-1.0,-1.0,-1.0
2021/07/29,301.3333333333333,305.66666666666663,301.3333333333333,305.66666666666663,16500,-1.0,-1.0,-1.0
2021/07/30,305.66666666666663,305.66666666666663,301.66666666666663,305.66666666666663,35700,-1.0,-1.0,-1.0
2021/08/02,304.66666666666663,305.3333333333333,302.0,302.0,15300,-1.0,-1.0,-1.0
2021/08/03,302.66666666666663,307.0,302.66666666666663,303.0,34200,-1.0,-1.0,-1.0
2021/08/04,303.3333333333333,303.66666666666663,299.3333333333333,299.3333333333333,19500,-1.0,-1.0,-1.0
2021/08/05,303.3333333333333,303.3333333333333,296.66666666666663,300.66666666666663,15600,-1.0,-1.0,-1.0
2021/08/06,299.3333333333333,304.0,297.0,304.0,30900,-1.0,-1.0,-1.0
2021/08/10,289.0,293.3333333333333,286.3333333333333,290.3333333333333,281100,-1.0,-1.0,-1.0
2021/08/11,293.0,293.66666666666663,286.3333333333333,288.0,47100,-1.0,-1.0,-1.0
2021/08/12,288.0,289.3333333333333,286.0,288.0,26400,-1.0,-1.0,-1.0
2021/08/13,286.3333333333333,292.3333333333333,286.3333333333333,292.0,17400,-1.0,-1.0,-1.0
2021/08/16,296.0,296.0,286.66666666666663,291.66666666666663,78900,-1.0,-1.0,-1.0
2021/08/17,290.66666666666663,291.3333333333333,287.66666666666663,290.0,27300,-1.0,-1.0,-1.0
2021/08/18,290.0,292.66666666666663,287.66666666666663,290.0,17400,-1.0,-1.0,-1.0
2021/08/19,290.3333333333333,290.66666666666663,288.66666666666663,289.66666666666663,24300,-1.0,-1.0,-1.0
2021/08/20,288.3333333333333,290.3333333333333,286.3333333333333,286.3333333333333,12000,-1.0,-1.0,-1.0
2021/08/23,287.0,288.3333333333333,283.66666666666663,285.66666666666663,27300,-1.0,-1.0,-1.0
2021/08/24,287.0,291.66666666666663,285.66666666666663,291.3333333333333,18900,-1.0,-1.0,-1.0
2021/08/25,294.3333333333333,294.3333333333333,289.66666666666663,291.3333333333333,15300,-1.0,-1.0,-1.0
2021/08/26,289.66666666666663,293.3333333333333,289.3333333333333,291.66666666666663,114600,-1.0,-1.0,-1.0
2021/08/27,291.66666666666663,293.3333333333333,288.0,291.3333333333333,20100,-1.0,-1.0,-1.0
2021/08/30,290.66666666666663,292.0,288.66666666666663,288.66666666666663,12000,-1.0,-1.0,-1.0
2021/08/31,290.0,290.0,288.0,290.0,14400,-1.0,-1.0,-1.0
2021/09/01,289.66666666666663,289.66666666666663,287.0,289.0,16200,-1.0,-1.0,-1.0
2021/09/02,287.3333333333333,288.3333333333333,286.66666666666663,287.3333333333333,9900,-1.0,-1.0,-1.0
2021/09/03,287.0,290.0,286.3333333333333,288.3333333333333,21900,-1.0,-1.0,-1.0
2021/09/06,288.66666666666663,291.3333333333333,287.3333333333333,290.66666666666663,19200,-1.0,-1.0,-1.0
2021/09/07,292.66666666666663,293.66666666666663,289.0,293.66666666666663,34500,-1.0,-1.0,-1.0
2021/09/08,292.66666666666663,292.66666666666663,287.66666666666663,288.66666666666663,25800,-1.0,-1.0,-1.0
2021/09/09,288.3333333333333,289.0,287.3333333333333,288.3333333333333,20100,-1.0,-1.0,-1.0
2021/09/10,288.66666666666663,290.0,287.3333333333333,289.3333333333333,15600,-1.0,-1.0,-1.0
2021/09/13,291.3333333333333,295.0,291.0,295.0,13500,-1.0,-1.0,-1.0
2021/09/14,296.0,298.0,291.66666666666663,296.0,53100,-1.0,-1.0,-1.0
2021/09/15,294.3333333333333,294.3333333333333,289.66666666666663,290.66666666666663,50700,-1.0,-1.0,-1.0
2021/09/16,291.3333333333333,292.0,287.66666666666663,290.0,17700,-1.0,-1.0,-1.0
2021/09/17,290.3333333333333,298.66666666666663,290.3333333333333,298.0,54300,-1.0,-1.0,-1.0
2021/09/21,292.66666666666663,297.0,290.0,296.0,52200,-1.0,-1.0,-1.0
2021/09/22,298.66666666666663,299.0,296.0,299.0,49800,-1.0,-1.0,-1.0
2021/09/24,309.0,309.0,299.66666666666663,303.0,65700,-1.0,-1.0,-1.0
2021/09/27,303.3333333333333,306.3333333333333,302.3333333333333,303.66666666666663,74100,-1.0,-1.0,-1.0
2021/09/28,304.66666666666663,307.0,302.0,303.66666666666663,42900,-1.0,-1.0,-1.0
2021/09/29,300.3333333333333,302.3333333333333,298.3333333333333,301.66666666666663,12000,-1.0,-1.0,-1.0
2021/09/30,301.0,303.3333333333333,299.0,301.66666666666663,38100,-1.0,-1.0,-1.0
2021/10/01,298.3333333333333,300.0,294.3333333333333,295.66666666666663,16800,-1.0,-1.0,-1.0
2021/10/04,298.0,298.3333333333333,290.3333333333333,290.66666666666663,23400,-1.0,-1.0,-1.0
2021/10/05,287.3333333333333,293.3333333333333,281.3333333333333,293.0,56400,-1.0,-1.0,-1.0
2021/10/06,293.0,295.0,290.3333333333333,295.0,12600,-1.0,-1.0,-1.0
2021/10/07,295.3333333333333,297.66666666666663,290.3333333333333,291.3333333333333,23100,-1.0,-1.0,-1.0
2021/10/08,292.3333333333333,293.66666666666663,286.0,293.66666666666663,38100,-1.0,-1.0,-1.0
2021/10/11,291.3333333333333,293.66666666666663,290.0,292.3333333333333,58800,-1.0,-1.0,-1.0
2021/10/12,290.3333333333333,294.3333333333333,289.66666666666663,294.3333333333333,13200,-1.0,-1.0,-1.0
2021/10/13,291.0,294.66666666666663,287.3333333333333,290.0,25200,-1.0,-1.0,-1.0
2021/10/14,287.3333333333333,291.66666666666663,286.3333333333333,288.66666666666663,36900,-1.0,-1.0,-1.0
2021/10/15,293.66666666666663,293.66666666666663,289.3333333333333,293.3333333333333,12300,-1.0,-1.0,-1.0
2021/10/18,294.66666666666663,294.66666666666663,289.0,289.0,57900,-1.0,-1.0,-1.0
2021/10/19,289.0,291.66666666666663,287.3333333333333,289.0,43200,-1.0,-1.0,-1.0
2021/10/20,287.66666666666663,291.0,287.0,287.0,102900,-1.0,-1.0,-1.0
2021/10/21,286.3333333333333,289.66666666666663,283.3333333333333,283.3333333333333,95100,-1.0,-1.0,-1.0
2021/10/22,283.3333333333333,291.3333333333333,283.3333333333333,287.0,19200,-1.0,-1.0,-1.0
2021/10/25,286.66666666666663,289.66666666666663,286.0,288.0,9600,-1.0,-1.0,-1.0
2021/10/26,286.66666666666663,294.0,286.3333333333333,294.0,38700,-1.0,-1.0,-1.0
2021/10/27,292.66666666666663,308.66666666666663,288.0,293.3333333333333,77100,-1.0,-1.0,-1.0
2021/10/28,289.3333333333333,295.66666666666663,287.3333333333333,294.66666666666663,16800,-1.0,-1.0,-1.0
2021/10/29,291.66666666666663,295.0,291.66666666666663,294.66666666666663,4800,-1.0,-1.0,-1.0
2021/11/01,294.66666666666663,297.3333333333333,294.0,296.66666666666663,26100,-1.0,-1.0,-1.0
2021/11/02,298.66666666666663,299.0,293.3333333333333,298.0,27900,-1.0,-1.0,-1.0
2021/11/04,299.3333333333333,299.3333333333333,296.66666666666663,296.66666666666663,8100,-1.0,-1.0,-1.0
2021/11/05,298.3333333333333,298.3333333333333,293.3333333333333,295.0,25500,-1.0,-1.0,-1.0
2021/11/08,299.3333333333333,299.3333333333333,292.66666666666663,294.0,32400,-1.0,-1.0,-1.0
2021/11/09,294.66666666666663,294.66666666666663,287.66666666666663,290.3333333333333,25500,-1.0,-1.0,-1.0
2021/11/10,290.0,291.3333333333333,289.66666666666663,291.3333333333333,10500,-1.0,-1.0,-1.0
2021/11/11,291.3333333333333,295.0,287.66666666666663,289.66666666666663,150900,-1.0,-1.0,-1.0
2021/11/12,299.66666666666663,300.0,291.66666666666663,298.3333333333333,112500,-1.0,-1.0,-1.0
2021/11/15,304.0,313.3333333333333,301.3333333333333,308.66666666666663,273900,-1.0,-1.0,-1.0
2021/11/16,309.0,313.0,303.66666666666663,307.66666666666663,38100,-1.0,-1.0,-1.0
2021/11/17,306.66666666666663,310.0,306.3333333333333,307.0,17400,-1.0,-1.0,-1.0
2021/11/18,306.0,310.0,306.0,308.0,30600,-1.0,-1.0,-1.0
2021/11/19,306.0,310.3333333333333,306.0,308.0,17700,-1.0,-1.0,-1.0
2021/11/22,305.0,315.0,304.3333333333333,315.0,41700,-1.0,-1.0,-1.0
2021/11/24,315.0,320.0,311.66666666666663,320.0,86400,-1.0,-1.0,-1.0
2021/11/25,321.3333333333333,321.3333333333333,313.66666666666663,320.3333333333333,18300,-1.0,-1.0,-1.0
2021/11/26,317.0,317.0,307.3333333333333,315.3333333333333,42900,-1.0,-1.0,-1.0
2021/11/29,307.0,316.66666666666663,302.3333333333333,302.3333333333333,56100,-1.0,-1.0,-1.0
2021/11/30,302.3333333333333,307.3333333333333,301.66666666666663,301.66666666666663,23700,-1.0,-1.0,-1.0
2021/12/01,301.0,307.66666666666663,296.66666666666663,303.3333333333333,50700,-1.0,-1.0,-1.0
2021/12/02,300.0,306.0,300.0,302.0,4800,-1.0,-1.0,-1.0
2021/12/03,302.3333333333333,312.0,302.0,308.0,30900,-1.0,-1.0,-1.0
2021/12/06,308.0,311.3333333333333,305.0,310.0,11400,-1.0,-1.0,-1.0
2021/12/07,311.3333333333333,321.0,311.3333333333333,317.3333333333333,35400,-1.0,-1.0,-1.0
2021/12/08,318.3333333333333,318.3333333333333,314.3333333333333,317.0,16200,-1.0,-1.0,-1.0
2021/12/09,317.3333333333333,317.3333333333333,309.0,311.66666666666663,11700,-1.0,-1.0,-1.0
2021/12/10,310.3333333333333,315.0,306.66666666666663,310.0,52200,-1.0,-1.0,-1.0
2021/12/13,310.0,315.3333333333333,306.3333333333333,310.66666666666663,15300,-1.0,-1.0,-1.0
2021/12/14,308.66666666666663,309.3333333333333,304.0,309.3333333333333,11700,-1.0,-1.0,-1.0
2021/12/15,308.66666666666663,311.3333333333333,304.0,311.3333333333333,27600,-1.0,-1.0,-1.0
2021/12/16,316.0,316.0,309.66666666666663,312.3333333333333,31500,-1.0,-1.0,-1.0
2021/12/17,312.0,312.0,308.3333333333333,308.66666666666663,11100,-1.0,-1.0,-1.0
2021/12/20,310.0,311.3333333333333,302.3333333333333,306.66666666666663,78300,-1.0,-1.0,-1.0
2021/12/21,306.0,311.0,306.0,307.3333333333333,23400,-1.0,-1.0,-1.0
2021/12/22,310.3333333333333,311.66666666666663,309.0,309.66666666666663,15000,-1.0,-1.0,-1.0
2021/12/23,311.3333333333333,313.3333333333333,308.66666666666663,312.3333333333333,14100,-1.0,-1.0,-1.0
2021/12/24,319.0,319.3333333333333,315.0,316.66666666666663,52800,-1.0,-1.0,-1.0
2021/12/27,321.66666666666663,331.66666666666663,320.0,327.66666666666663,84900,-1.0,-1.0,-1.0
2021/12/28,329.3333333333333,329.3333333333333,323.66666666666663,325.66666666666663,21300,-1.0,-1.0,-1.0
2021/12/29,325.66666666666663,325.66666666666663,321.66666666666663,322.3333333333333,12900,-1.0,-1.0,-1.0
2021/12/30,323.3333333333333,332.0,321.66666666666663,331.66666666666663,48000,-1.0,-1.0,-1.0
2022/01/04,331.0,335.3333333333333,327.3333333333333,330.0,95700,-1.0,-1.0,-1.0
2022/01/05,330.0,331.3333333333333,327.3333333333333,328.66666666666663,48600,-1.0,-1.0,-1.0
2022/01/06,327.3333333333333,327.3333333333333,313.3333333333333,326.0,115800,-1.0,-1.0,-1.0
2022/01/07,328.3333333333333,328.3333333333333,323.66666666666663,326.66666666666663,54300,-1.0,-1.0,-1.0
2022/01/11,327.3333333333333,333.3333333333333,327.3333333333333,330.0,67800,-1.0,-1.0,-1.0
2022/01/12,335.0,335.0,329.3333333333333,330.0,64200,-1.0,-1.0,-1.0
2022/01/13,328.0,328.0,320.66666666666663,326.66666666666663,34500,-1.0,-1.0,-1.0
2022/01/14,320.66666666666663,324.3333333333333,320.0,323.3333333333333,21300,-1.0,-1.0,-1.0
2022/01/17,323.0,323.3333333333333,312.3333333333333,315.66666666666663,50700,-1.0,-1.0,-1.0
2022/01/18,313.3333333333333,315.3333333333333,309.3333333333333,311.3333333333333,49800,-1.0,-1.0,-1.0
2022/01/19,308.66666666666663,316.3333333333333,301.66666666666663,301.66666666666663,56700,-1.0,-1.0,-1.0
2022/01/20,306.66666666666663,306.66666666666663,296.0,303.0,62100,-1.0,-1.0,-1.0
2022/01/21,302.66666666666663,302.66666666666663,295.0,300.3333333333333,45900,-1.0,-1.0,-1.0
2022/01/24,295.3333333333333,302.0,295.3333333333333,302.0,13800,-1.0,-1.0,-1.0
2022/01/25,306.0,306.0,290.0,296.0,56400,-1.0,-1.0,-1.0
2022/01/26,296.3333333333333,298.66666666666663,290.3333333333333,298.66666666666663,49800,-1.0,-1.0,-1.0
2022/01/27,303.66666666666663,304.66666666666663,287.0,289.0,30000,-1.0,-1.0,-1.0
2022/01/28,290.0,291.66666666666663,289.3333333333333,290.3333333333333,51300,-1.0,-1.0,-1.0
2022/01/31,289.0,293.66666666666663,287.66666666666663,290.3333333333333,34200,-1.0,-1.0,-1.0
2022/02/01,292.66666666666663,296.0,290.3333333333333,291.3333333333333,13200,-1.0,-1.0,-1.0
2022/02/02,294.3333333333333,298.3333333333333,294.0,298.3333333333333,12000,-1.0,-1.0,-1.0
2022/02/03,301.0,301.0,293.3333333333333,293.3333333333333,14700,-1.0,-1.0,-1.0
2022/02/04,294.3333333333333,300.0,294.3333333333333,299.0,9600,-1.0,-1.0,-1.0
2022/02/07,302.66666666666663,303.3333333333333,298.3333333333333,301.0,45000,-1.0,-1.0,-1.0
2022/02/08,293.3333333333333,297.66666666666663,290.3333333333333,295.66666666666663,154800,-1.0,-1.0,-1.0
2022/02/09,293.66666666666663,298.66666666666663,293.66666666666663,295.0,13800,-1.0,-1.0,-1.0
2022/02/10,295.66666666666663,297.66666666666663,292.0,292.66666666666663,72000,-1.0,-1.0,-1.0
2022/02/14,292.3333333333333,292.66666666666663,288.3333333333333,289.0,18600,-1.0,-1.0,-1.0
2022/02/15,289.0,301.0,289.0,290.0,19500,-1.0,-1.0,-1.0
2022/02/16,295.0,295.0,293.3333333333333,294.66666666666663,3300,-1.0,-1.0,-1.0
2022/02/17,294.66666666666663,294.66666666666663,289.66666666666663,290.0,7200,-1.0,-1.0,-1.0
2022/02/18,290.0,290.0,286.66666666666663,287.66666666666663,10800,-1.0,-1.0,-1.0
2022/02/21,287.3333333333333,287.3333333333333,283.3333333333333,286.3333333333333,18300,-1.0,-1.0,-1.0
2022/02/22,284.66666666666663,285.66666666666663,281.66666666666663,282.66666666666663,25800,-1.0,-1.0,-1.0
2022/02/24,282.66666666666663,284.3333333333333,278.3333333333333,279.66666666666663,33600,-1.0,-1.0,-1.0
2022/02/25,284.0,284.66666666666663,281.66666666666663,284.66666666666663,15900,-1.0,-1.0,-1.0
2022/02/28,285.0,287.0,284.66666666666663,284.66666666666663,16200,-1.0,-1.0,-1.0
2022/03/01,284.66666666666663,290.0,284.3333333333333,285.0,9300,-1.0,-1.0,-1.0
2022/03/02,283.3333333333333,284.0,278.3333333333333,281.3333333333333,23400,-1.0,-1.0,-1.0
2022/03/03,284.3333333333333,286.0,284.3333333333333,285.3333333333333,3300,-1.0,-1.0,-1.0
2022/03/04,286.0,286.66666666666663,276.66666666666663,286.66666666666663,21600,-1.0,-1.0,-1.0
2022/03/07,283.3333333333333,283.3333333333333,277.0,278.0,24900,-1.0,-1.0,-1.0
2022/03/08,277.0,284.3333333333333,273.66666666666663,274.0,16200,-1.0,-1.0,-1.0
2022/03/09,274.3333333333333,277.66666666666663,267.3333333333333,269.3333333333333,35400,-1.0,-1.0,-1.0
2022/03/10,271.0,283.3333333333333,267.66666666666663,279.3333333333333,28200,-1.0,-1.0,-1.0
2022/03/11,279.3333333333333,279.3333333333333,273.66666666666663,277.3333333333333,6900,-1.0,-1.0,-1.0
2022/03/14,278.3333333333333,280.0,277.0,279.3333333333333,13800,-1.0,-1.0,-1.0
2022/03/15,283.3333333333333,283.3333333333333,273.0,278.66666666666663,14700,-1.0,-1.0,-1.0
2022/03/16,279.3333333333333,283.0,279.3333333333333,283.0,1200,-1.0,-1.0,-1.0
2022/03/17,283.66666666666663,290.0,282.3333333333333,285.3333333333333,9000,-1.0,-1.0,-1.0
2022/03/18,284.3333333333333,287.3333333333333,283.66666666666663,286.66666666666663,4800,-1.0,-1.0,-1.0
2022/03/22,289.0,290.66666666666663,287.66666666666663,288.66666666666663,10200,-1.0,-1.0,-1.0
2022/03/23,290.0,292.0,289.0,289.66666666666663,6300,-1.0,-1.0,-1.0
2022/03/24,289.66666666666663,296.0,289.66666666666663,296.0,5400,-1.0,-1.0,-1.0
2022/03/25,298.3333333333333,302.66666666666663,293.3333333333333,301.0,25200,-1.0,-1.0,-1.0
2022/03/28,301.0,301.0,294.66666666666663,299.0,7800,-1.0,-1.0,-1.0
2022/03/29,301.0,301.0,294.66666666666663,296.66666666666663,11100,-1.0,-1.0,-1.0
2022/03/30,290.66666666666663,296.3333333333333,290.66666666666663,296.3333333333333,2400,-1.0,-1.0,-1.0
2022/03/31,295.66666666666663,298.3333333333333,294.3333333333333,294.3333333333333,6300,-1.0,-1.0,-1.0
2022/04/01,294.3333333333333,294.3333333333333,291.0,294.0,3900,-1.0,-1.0,-1.0
2022/04/04,294.0,301.3333333333333,294.0,301.0,17700,-1.0,-1.0,-1.0
2022/04/05,300.66666666666663,300.66666666666663,297.0,298.3333333333333,7800,-1.0,-1.0,-1.0
2022/04/06,293.3333333333333,296.66666666666663,293.3333333333333,294.0,10500,-1.0,-1.0,-1.0
2022/04/07,289.66666666666663,289.66666666666663,284.0,287.3333333333333,20400,-1.0,-1.0,-1.0
2022/04/08,284.66666666666663,285.3333333333333,280.3333333333333,281.0,10200,-1.0,-1.0,-1.0
2022/04/11,280.3333333333333,280.3333333333333,274.3333333333333,275.0,11700,-1.0,-1.0,-1.0
2022/04/12,274.66666666666663,274.66666666666663,272.3333333333333,274.0,11700,-1.0,-1.0,-1.0
2022/04/13,274.0,274.66666666666663,270.0,273.3333333333333,11100,-1.0,-1.0,-1.0
2022/04/14,276.0,280.0,274.0,277.3333333333333,7200,-1.0,-1.0,-1.0
2022/04/15,274.3333333333333,275.3333333333333,274.0,274.66666666666663,7800,-1.0,-1.0,-1.0
2022/04/18,274.66666666666663,277.0,272.0,273.66666666666663,2400,-1.0,-1.0,-1.0
2022/04/19,272.3333333333333,277.3333333333333,272.3333333333333,277.3333333333333,4500,-1.0,-1.0,-1.0
2022/04/20,276.0,276.66666666666663,275.0,275.3333333333333,9300,-1.0,-1.0,-1.0
2022/04/21,273.66666666666663,274.0,272.0,272.0,9900,-1.0,-1.0,-1.0
2022/04/22,273.3333333333333,279.3333333333333,273.0,279.3333333333333,9600,-1.0,-1.0,-1.0
2022/04/25,278.0,278.0,276.0,277.3333333333333,8700,-1.0,-1.0,-1.0
2022/04/26,276.66666666666663,282.3333333333333,276.66666666666663,282.0,9600,-1.0,-1.0,-1.0
2022/04/27,277.0,277.3333333333333,276.66666666666663,277.3333333333333,4200,-1.0,-1.0,-1.0
2022/04/28,276.0,281.3333333333333,276.0,280.0,6000,-1.0,-1.0,-1.0
2022/05/02,279.66666666666663,281.66666666666663,279.66666666666663,280.66666666666663,19200,-1.0,-1.0,-1.0
2022/05/06,277.66666666666663,283.3333333333333,277.66666666666663,283.3333333333333,8400,-1.0,-1.0,-1.0
2022/05/09,277.66666666666663,279.0,277.66666666666663,277.66666666666663,17100,-1.0,-1.0,-1.0
2022/05/10,275.66666666666663,276.3333333333333,270.0,275.0,17100,-1.0,-1.0,-1.0
2022/05/11,276.3333333333333,277.0,276.3333333333333,277.0,2400,-1.0,-1.0,-1.0
2022/05/12,275.3333333333333,278.0,266.66666666666663,276.66666666666663,39600,-1.0,-1.0,-1.0
2022/05/13,276.66666666666663,283.0,276.66666666666663,283.0,9300,-1.0,-1.0,-1.0
2022/05/16,291.3333333333333,291.3333333333333,283.3333333333333,284.0,14700,-1.0,-1.0,-1.0
2022/05/17,283.66666666666663,288.0,283.66666666666663,288.0,1500,-1.0,-1.0,-1.0
2022/05/18,288.0,300.0,288.0,296.0,21300,-1.0,-1.0,-1.0
2022/05/19,294.66666666666663,295.66666666666663,289.3333333333333,289.3333333333333,4500,-1.0,-1.0,-1.0
2022/05/20,289.3333333333333,293.66666666666663,288.0,288.0,14400,-1.0,-1.0,-1.0
2022/05/23,293.0,293.0,288.0,291.0,6300,-1.0,-1.0,-1.0
2022/05/24,286.66666666666663,288.3333333333333,284.66666666666663,288.3333333333333,5100,-1.0,-1.0,-1.0
2022/05/25,286.0,287.3333333333333,285.3333333333333,285.3333333333333,6600,-1.0,-1.0,-1.0
2022/05/26,285.3333333333333,286.66666666666663,284.3333333333333,284.3333333333333,15600,-1.0,-1.0,-1.0
2022/05/27,284.3333333333333,286.0,277.0,286.0,157500,-1.0,-1.0,-1.0
2022/05/30,283.3333333333333,290.3333333333333,283.3333333333333,290.3333333333333,7800,-1.0,-1.0,-1.0
2022/05/31,293.3333333333333,294.66666666666663,293.0,293.0,6000,-1.0,-1.0,-1.0
2022/06/01,293.3333333333333,298.0,292.66666666666663,298.0,11400,-1.0,-1.0,-1.0
2022/06/02,298.3333333333333,299.0,294.3333333333333,295.0,7200,-1.0,-1.0,-1.0
2022/06/03,295.0,296.66666666666663,292.3333333333333,296.0,11700,-1.0,-1.0,-1.0
2022/06/06,294.0,297.0,292.66666666666663,297.0,20100,-1.0,-1.0,-1.0
2022/06/07,297.0,297.0,292.66666666666663,293.0,17700,-1.0,-1.0,-1.0
2022/06/08,293.3333333333333,298.0,293.3333333333333,295.3333333333333,7200,-1.0,-1.0,-1.0
2022/06/09,298.0,298.3333333333333,293.66666666666663,298.3333333333333,15600,-1.0,-1.0,-1.0
2022/06/10,302.0,304.66666666666663,299.0,300.0,18600,-1.0,-1.0,-1.0
2022/06/13,300.0,300.0,298.3333333333333,298.3333333333333,6000,-1.0,-1.0,-1.0
2022/06/14,298.66666666666663,304.0,298.0,304.0,15000,-1.0,-1.0,-1.0
2022/06/15,296.3333333333333,300.0,295.3333333333333,295.66666666666663,19500,-1.0,-1.0,-1.0
2022/06/16,303.3333333333333,303.3333333333333,296.66666666666663,298.66666666666663,18600,-1.0,-1.0,-1.0
2022/06/17,296.0,300.0,284.3333333333333,290.0,29400,-1.0,-1.0,-1.0
2022/06/20,293.66666666666663,293.66666666666663,288.0,288.3333333333333,11100,-1.0,-1.0,-1.0
2022/06/21,295.66666666666663,299.3333333333333,295.66666666666663,298.66666666666663,3300,-1.0,-1.0,-1.0
2022/06/22,299.0,300.0,293.66666666666663,296.66666666666663,18300,-1.0,-1.0,-1.0
2022/06/23,295.3333333333333,300.66666666666663,295.3333333333333,300.66666666666663,8100,-1.0,-1.0,-1.0
2022/06/24,310.66666666666663,310.66666666666663,300.66666666666663,303.3333333333333,30300,-1.0,-1.0,-1.0
2022/06/27,303.3333333333333,308.3333333333333,302.3333333333333,305.0,13800,-1.0,-1.0,-1.0
2022/06/28,305.0,306.0,303.3333333333333,305.0,7200,-1.0,-1.0,-1.0
2022/06/29,305.3333333333333,309.0,305.0,307.3333333333333,11100,-1.0,-1.0,-1.0
2022/06/30,307.3333333333333,312.0,307.3333333333333,310.0,13200,-1.0,-1.0,-1.0
2022/07/01,313.3333333333333,315.66666666666663,311.0,313.3333333333333,12000,-1.0,-1.0,-1.0
2022/07/04,315.66666666666663,315.66666666666663,312.0,312.0,6900,-1.0,-1.0,-1.0
2022/07/05,314.0,315.0,311.66666666666663,311.66666666666663,8100,-1.0,-1.0,-1.0
2022/07/06,312.0,316.66666666666663,311.0,316.3333333333333,16200,-1.0,-1.0,-1.0
2022/07/07,321.3333333333333,321.3333333333333,313.3333333333333,316.66666666666663,45600,-1.0,-1.0,-1.0
2022/07/08,316.66666666666663,316.66666666666663,312.0,313.3333333333333,9300,-1.0,-1.0,-1.0
2022/07/11,310.66666666666663,316.3333333333333,310.66666666666663,313.0,4200,-1.0,-1.0,-1.0
2022/07/12,310.0,313.0,310.0,313.0,3000,-1.0,-1.0,-1.0
2022/07/13,313.3333333333333,316.66666666666663,313.3333333333333,315.0,4200,-1.0,-1.0,-1.0
2022/07/14,312.66666666666663,321.3333333333333,312.66666666666663,321.3333333333333,5700,-1.0,-1.0,-1.0
2022/07/15,320.0,320.0,314.66666666666663,314.66666666666663,14100,-1.0,-1.0,-1.0
2022/07/19,317.3333333333333,317.3333333333333,314.66666666666663,316.66666666666663,5100,-1.0,-1.0,-1.0
2022/07/20,320.0,324.0,310.3333333333333,312.66666666666663,24300,-1.0,-1.0,-1.0
2022/07/21,313.66666666666663,321.0,313.66666666666663,321.0,3900,-1.0,-1.0,-1.0
2022/07/22,321.0,321.0,312.66666666666663,318.3333333333333,9000,-1.0,-1.0,-1.0
2022/07/25,319.66666666666663,320.0,318.0,320.0,17700,-1.0,-1.0,-1.0
2022/07/26,316.66666666666663,321.0,316.66666666666663,320.0,4500,-1.0,-1.0,-1.0
2022/07/27,316.3333333333333,316.3333333333333,315.0,315.0,900,-1.0,-1.0,-1.0
2022/07/28,315.0,318.3333333333333,313.3333333333333,315.3333333333333,4200,-1.0,-1.0,-1.0
2022/07/29,316.66666666666663,319.66666666666663,316.66666666666663,316.66666666666663,12900,-1.0,-1.0,-1.0
2022/08/01,315.0,315.3333333333333,310.66666666666663,315.3333333333333,4800,-1.0,-1.0,-1.0
2022/08/02,313.66666666666663,313.66666666666663,312.66666666666663,312.66666666666663,3900,-1.0,-1.0,-1.0
2022/08/03,314.66666666666663,314.66666666666663,314.66666666666663,314.66666666666663,300,-1.0,-1.0,-1.0
2022/08/04,315.0,316.66666666666663,314.0,316.66666666666663,3300,-1.0,-1.0,-1.0
2022/08/05,316.66666666666663,319.3333333333333,316.3333333333333,319.3333333333333,3600,-1.0,-1.0,-1.0
2022/08/08,329.3333333333333,331.0,321.0,324.0,45000,-1.0,-1.0,-1.0
2022/08/09,326.66666666666663,326.66666666666663,313.66666666666663,315.3333333333333,35400,-1.0,-1.0,-1.0
2022/08/10,320.3333333333333,320.3333333333333,311.66666666666663,315.0,17700,-1.0,-1.0,-1.0
2022/08/12,315.0,320.0,313.66666666666663,317.0,17100,-1.0,-1.0,-1.0
2022/08/15,320.0,320.0,317.0,317.0,15000,-1.0,-1.0,-1.0
2022/08/16,318.0,323.3333333333333,318.0,318.3333333333333,16800,-1.0,-1.0,-1.0
2022/08/17,315.66666666666663,318.66666666666663,315.66666666666663,317.0,28800,-1.0,-1.0,-1.0
2022/08/18,317.0,319.0,316.66666666666663,318.0,7500,-1.0,-1.0,-1.0
2022/08/19,318.66666666666663,318.66666666666663,317.3333333333333,317.3333333333333,6900,-1.0,-1.0,-1.0
2022/08/22,314.3333333333333,317.0,313.3333333333333,316.0,18300,-1.0,-1.0,-1.0
2022/08/23,315.66666666666663,362.66666666666663,315.66666666666663,328.3333333333333,411900,-1.0,-1.0,-1.0
2022/08/24,330.0,330.66666666666663,317.66666666666663,319.66666666666663,57600,-1.0,-1.0,-1.0
2022/08/25,323.3333333333333,323.66666666666663,317.0,319.0,35100,-1.0,-1.0,-1.0
2022/08/26,320.66666666666663,324.66666666666663,320.66666666666663,324.0,12000,-1.0,-1.0,-1.0
2022/08/29,319.0,320.0,316.0,319.3333333333333,32100,-1.0,-1.0,-1.0
2022/08/30,317.66666666666663,320.3333333333333,317.0,319.3333333333333,15300,-1.0,-1.0,-1.0
2022/08/31,318.3333333333333,320.66666666666663,317.66666666666663,319.0,4500,-1.0,-1.0,-1.0
2022/09/01,319.3333333333333,319.3333333333333,316.66666666666663,316.66666666666663,11100,-1.0,-1.0,-1.0
2022/09/02,317.0,317.0,312.3333333333333,315.0,67200,-1.0,-1.0,-1.0
2022/09/05,315.0,316.3333333333333,312.66666666666663,314.66666666666663,32700,-1.0,-1.0,-1.0
2022/09/06,313.66666666666663,316.0,311.66666666666663,315.66666666666663,32700,-1.0,-1.0,-1.0
2022/09/07,315.66666666666663,316.66666666666663,311.3333333333333,313.3333333333333,47100,-1.0,-1.0,-1.0
2022/09/08,317.0,318.0,313.3333333333333,316.3333333333333,55500,-1.0,-1.0,-1.0
2022/09/09,318.0,318.0,313.3333333333333,315.0,28500,-1.0,-1.0,-1.0
2022/09/12,315.0,318.3333333333333,315.0,317.0,6600,-1.0,-1.0,-1.0
2022/09/13,316.0,318.0,316.0,316.66666666666663,3000,-1.0,-1.0,-1.0
2022/09/14,316.0,318.66666666666663,314.0,318.3333333333333,9600,-1.0,-1.0,-1.0
2022/09/15,321.0,321.0,321.0,321.0,6600,-1.0,-1.0,-1.0
2022/09/16,317.3333333333333,320.0,317.3333333333333,317.66666666666663,1500,-1.0,-1.0,-1.0
2022/09/20,321.3333333333333,321.3333333333333,317.66666666666663,317.66666666666663,2100,-1.0,-1.0,-1.0
2022/09/21,317.3333333333333,321.0,316.0,321.0,6600,-1.0,-1.0,-1.0
2022/09/22,320.3333333333333,321.3333333333333,318.66666666666663,318.66666666666663,6900,-1.0,-1.0,-1.0
2022/09/26,317.0,319.0,315.3333333333333,315.3333333333333,8100,-1.0,-1.0,-1.0
2022/09/27,315.0,317.0,315.0,316.3333333333333,1500,-1.0,-1.0,-1.0
2022/09/28,315.66666666666663,317.0,312.0,314.3333333333333,6000,-1.0,-1.0,-1.0
2022/09/29,308.3333333333333,315.66666666666663,308.3333333333333,310.0,3000,-1.0,-1.0,-1.0
2022/09/30,308.0,309.3333333333333,303.0,309.3333333333333,5400,-1.0,-1.0,-1.0
2022/10/03,308.66666666666663,311.0,306.66666666666663,311.0,4500,-1.0,-1.0,-1.0
2022/10/04,313.3333333333333,315.66666666666663,310.3333333333333,312.3333333333333,8100,-1.0,-1.0,-1.0
2022/10/05,316.0,316.0,316.0,316.0,600,-1.0,-1.0,-1.0
2022/10/06,316.0,318.0,315.66666666666663,318.0,8400,-1.0,-1.0,-1.0
2022/10/07,318.3333333333333,318.3333333333333,314.3333333333333,318.3333333333333,8400,-1.0,-1.0,-1.0
2022/10/11,315.66666666666663,315.66666666666663,314.66666666666663,314.66666666666663,1200,-1.0,-1.0,-1.0
2022/10/12,315.3333333333333,315.66666666666663,315.0,315.0,2700,-1.0,-1.0,-1.0
2022/10/13,316.0,316.0,313.0,313.3333333333333,4500,-1.0,-1.0,-1.0
2022/10/14,313.3333333333333,315.66666666666663,311.66666666666663,313.3333333333333,11100,-1.0,-1.0,-1.0
2022/10/17,314.3333333333333,316.66666666666663,311.0,314.0,10200,-1.0,-1.0,-1.0
2022/10/18,318.0,318.0,315.0,315.3333333333333,2100,-1.0,-1.0,-1.0
2022/10/19,315.3333333333333,318.3333333333333,315.3333333333333,318.3333333333333,2400,-1.0,-1.0,-1.0
2022/10/20,316.66666666666663,316.66666666666663,315.3333333333333,315.66666666666663,2100,-1.0,-1.0,-1.0
2022/10/21,315.0,316.66666666666663,314.3333333333333,315.66666666666663,4200,-1.0,-1.0,-1.0
2022/10/24,317.3333333333333,318.0,315.0,318.0,5100,-1.0,-1.0,-1.0
2022/10/25,318.3333333333333,318.3333333333333,314.66666666666663,317.0,9600,-1.0,-1.0,-1.0
2022/10/26,312.0,316.66666666666663,311.3333333333333,316.3333333333333,7500,-1.0,-1.0,-1.0
2022/10/28,313.66666666666663,317.3333333333333,310.0,313.3333333333333,6600,-1.0,-1.0,-1.0
2022/10/31,314.3333333333333,315.66666666666663,314.3333333333333,314.3333333333333,2700,-1.0,-1.0,-1.0
2022/11/01,314.3333333333333,314.3333333333333,313.3333333333333,313.3333333333333,12600,-1.0,-1.0,-1.0
2022/11/02,313.3333333333333,315.0,312.0,315.0,3300,-1.0,-1.0,-1.0
2022/11/04,313.66666666666663,315.0,312.0,315.0,5100,-1.0,-1.0,-1.0
2022/11/07,316.0,316.3333333333333,309.3333333333333,315.0,15300,-1.0,-1.0,-1.0
2022/11/08,315.0,315.0,314.66666666666663,315.0,6600,-1.0,-1.0,-1.0
2022/11/09,316.3333333333333,316.3333333333333,310.0,314.66666666666663,13200,-1.0,-1.0,-1.0
2022/11/10,314.66666666666663,318.0,314.66666666666663,317.0,15900,-1.0,-1.0,-1.0
2022/11/11,316.66666666666663,317.3333333333333,314.0,315.0,2400,-1.0,-1.0,-1.0
2022/11/14,319.0,320.0,315.3333333333333,319.3333333333333,11700,-1.0,-1.0,-1.0
2022/11/15,324.3333333333333,326.66666666666663,316.66666666666663,325.0,58800,-1.0,-1.0,-1.0
2022/11/16,322.0,330.0,320.66666666666663,325.0,47400,-1.0,-1.0,-1.0
2022/11/17,325.66666666666663,331.3333333333333,325.66666666666663,331.3333333333333,19500,-1.0,-1.0,-1.0
2022/11/18,338.3333333333333,338.3333333333333,331.3333333333333,331.66666666666663,54600,-1.0,-1.0,-1.0
2022/11/21,336.0,336.66666666666663,331.0,331.66666666666663,30900,-1.0,-1.0,-1.0
2022/11/22,331.66666666666663,337.0,331.66666666666663,333.3333333333333,23100,-1.0,-1.0,-1.0
2022/11/24,336.3333333333333,336.3333333333333,330.66666666666663,332.66666666666663,12900,-1.0,-1.0,-1.0
2022/11/25,337.3333333333333,337.3333333333333,332.66666666666663,334.3333333333333,15900,-1.0,-1.0,-1.0
2022/11/28,333.3333333333333,335.0,332.3333333333333,335.0,25800,-1.0,-1.0,-1.0
2022/11/29,336.0,338.3333333333333,333.66666666666663,338.3333333333333,29400,-1.0,-1.0,-1.0
2022/11/30,334.3333333333333,336.3333333333333,329.0,332.66666666666663,15000,-1.0,-1.0,-1.0
2022/12/01,335.66666666666663,338.3333333333333,330.0,330.3333333333333,18600,-1.0,-1.0,-1.0
2022/12/02,330.3333333333333,330.3333333333333,330.3333333333333,330.3333333333333,2400,-1.0,-1.0,-1.0
2022/12/05,330.0,330.3333333333333,330.0,330.3333333333333,1200,-1.0,-1.0,-1.0
2022/12/06,332.66666666666663,337.3333333333333,332.66666666666663,337.3333333333333,3000,-1.0,-1.0,-1.0
2022/12/07,336.66666666666663,336.66666666666663,325.0,329.66666666666663,16800,-1.0,-1.0,-1.0
2022/12/08,333.0,333.0,331.0,331.3333333333333,1200,-1.0,-1.0,-1.0
2022/12/09,332.3333333333333,334.3333333333333,332.0,332.0,4200,-1.0,-1.0,-1.0
2022/12/12,338.0,338.0,333.3333333333333,335.0,3000,-1.0,-1.0,-1.0
2022/12/13,333.66666666666663,336.0,333.66666666666663,333.66666666666663,4200,-1.0,-1.0,-1.0
2022/12/14,335.0,337.0,330.3333333333333,336.3333333333333,6900,-1.0,-1.0,-1.0
2022/12/15,336.3333333333333,336.3333333333333,331.3333333333333,331.3333333333333,11400,-1.0,-1.0,-1.0
2022/12/16,330.0,331.0,328.3333333333333,331.0,19500,-1.0,-1.0,-1.0
2022/12/19,333.3333333333333,336.66666666666663,331.3333333333333,332.3333333333333,13200,-1.0,-1.0,-1.0
2022/12/20,333.3333333333333,333.3333333333333,317.0,323.0,41100,-1.0,-1.0,-1.0
2022/12/21,325.66666666666663,325.66666666666663,316.66666666666663,320.0,26100,-1.0,-1.0,-1.0
2022/12/22,325.66666666666663,330.0,320.66666666666663,330.0,12900,-1.0,-1.0,-1.0
2022/12/23,332.3333333333333,332.66666666666663,323.66666666666663,327.0,34200,-1.0,-1.0,-1.0
2022/12/26,322.0,327.3333333333333,322.0,323.3333333333333,31800,-1.0,-1.0,-1.0
2022/12/27,321.0,325.0,321.0,322.66666666666663,3900,-1.0,-1.0,-1.0
2022/12/28,323.0,325.0,318.66666666666663,320.66666666666663,24600,-1.0,-1.0,-1.0
2022/12/29,320.0,320.3333333333333,320.0,320.0,1500,-1.0,-1.0,-1.0
2022/12/30,321.0,330.0,321.0,330.0,5400,-1.0,-1.0,-1.0
2023/01/04,328.3333333333333,328.3333333333333,327.0,328.0,10500,-1.0,-1.0,-1.0
2023/01/05,328.3333333333333,331.3333333333333,328.3333333333333,331.3333333333333,9600,-1.0,-1.0,-1.0
2023/01/06,331.3333333333333,334.66666666666663,330.3333333333333,334.66666666666663,10200,-1.0,-1.0,-1.0
2023/01/10,338.3333333333333,338.3333333333333,335.0,338.0,37500,-1.0,-1.0,-1.0
2023/01/11,336.0,338.0,333.3333333333333,336.3333333333333,13200,-1.0,-1.0,-1.0
2023/01/12,333.3333333333333,333.3333333333333,328.0,332.66666666666663,6300,-1.0,-1.0,-1.0
2023/01/13,329.3333333333333,336.66666666666663,329.3333333333333,336.66666666666663,9000,-1.0,-1.0,-1.0
2023/01/16,336.66666666666663,336.66666666666663,330.0,330.0,13800,-1.0,-1.0,-1.0
2023/01/17,330.0,332.66666666666663,330.0,332.66666666666663,4200,-1.0,-1.0,-1.0
2023/01/18,328.3333333333333,334.66666666666663,325.3333333333333,333.3333333333333,9600,-1.0,-1.0,-1.0
2023/01/19,333.3333333333333,335.0,333.3333333333333,335.0,7200,-1.0,-1.0,-1.0
2023/01/20,334.66666666666663,334.66666666666663,333.66666666666663,333.66666666666663,1800,-1.0,-1.0,-1.0
2023/01/23,330.66666666666663,333.3333333333333,330.66666666666663,333.0,6600,-1.0,-1.0,-1.0
2023/01/24,333.3333333333333,335.0,333.3333333333333,334.66666666666663,5400,-1.0,-1.0,-1.0
2023/01/25,335.66666666666663,335.66666666666663,331.66666666666663,333.0,9300,-1.0,-1.0,-1.0
2023/01/26,333.0,335.0,331.3333333333333,333.3333333333333,12900,-1.0,-1.0,-1.0
2023/01/27,333.3333333333333,336.0,333.3333333333333,336.0,4200,-1.0,-1.0,-1.0
2023/01/30,327.0,335.0,327.0,333.0,25800,-1.0,-1.0,-1.0
2023/01/31,333.0,335.0,323.3333333333333,326.66666666666663,38700,-1.0,-1.0,-1.0
2023/02/01,326.66666666666663,333.0,326.66666666666663,333.0,7500,-1.0,-1.0,-1.0
2023/02/02,332.66666666666663,333.0,331.0,333.0,6900,-1.0,-1.0,-1.0
2023/02/03,333.0,333.0,331.3333333333333,331.3333333333333,13800,-1.0,-1.0,-1.0
2023/02/06,333.3333333333333,333.3333333333333,332.66666666666663,333.3333333333333,3900,-1.0,-1.0,-1.0
2023/02/07,333.0,333.0,325.0,332.66666666666663,10800,-1.0,-1.0,-1.0
2023/02/08,332.66666666666663,332.66666666666663,328.3333333333333,329.66666666666663,9900,-1.0,-1.0,-1.0
2023/02/09,330.0,331.0,329.66666666666663,330.0,13500,-1.0,-1.0,-1.0
2023/02/10,330.66666666666663,330.66666666666663,327.66666666666663,330.0,8400,-1.0,-1.0,-1.0
2023/02/13,330.3333333333333,332.66666666666663,320.0,332.66666666666663,94800,-1.0,-1.0,-1.0
2023/02/14,333.3333333333333,339.3333333333333,330.0,339.3333333333333,210000,-1.0,-1.0,-1.0
2023/02/15,340.0,340.0,332.3333333333333,333.3333333333333,78600,-1.0,-1.0,-1.0
2023/02/16,334.66666666666663,338.3333333333333,332.66666666666663,336.0,125100,-1.0,-1.0,-1.0
2023/02/17,335.0,336.0,332.66666666666663,333.3333333333333,31500,-1.0,-1.0,-1.0
2023/02/20,332.66666666666663,335.0,331.3333333333333,334.0,32100,-1.0,-1.0,-1.0
2023/02/21,334.0,336.66666666666663,332.66666666666663,335.3333333333333,16800,-1.0,-1.0,-1.0
2023/02/22,332.3333333333333,337.3333333333333,332.0,337.3333333333333,62400,-1.0,-1.0,-1.0
2023/02/24,338.3333333333333,343.3333333333333,338.0,342.66666666666663,46500,-1.0,-1.0,-1.0
2023/02/27,345.3333333333333,345.66666666666663,340.66666666666663,341.66666666666663,29400,-1.0,-1.0,-1.0
2023/02/28,343.0,343.3333333333333,339.3333333333333,339.3333333333333,19500,-1.0,-1.0,-1.0
2023/03/01,341.0,343.66666666666663,337.66666666666663,341.0,35100,-1.0,-1.0,-1.0
2023/03/02,343.3333333333333,344.0,339.66666666666663,341.66666666666663,33600,-1.0,-1.0,-1.0
2023/03/03,343.3333333333333,348.3333333333333,343.3333333333333,345.66666666666663,47400,-1.0,-1.0,-1.0
2023/03/06,348.0,348.66666666666663,345.66666666666663,348.66666666666663,28500,-1.0,-1.0,-1.0
2023/03/07,348.66666666666663,351.66666666666663,346.66666666666663,347.66666666666663,28200,-1.0,-1.0,-1.0
2023/03/08,347.66666666666663,351.66666666666663,345.66666666666663,351.66666666666663,19200,-1.0,-1.0,-1.0
2023/03/09,353.3333333333333,360.0,352.66666666666663,352.66666666666663,99600,-1.0,-1.0,-1.0
2023/03/10,353.0,356.66666666666663,346.0,346.0,43500,-1.0,-1.0,-1.0
2023/03/13,342.3333333333333,345.0,340.0,343.66666666666663,29100,-1.0,-1.0,-1.0
2023/03/14,341.66666666666663,341.66666666666663,332.3333333333333,338.0,32100,-1.0,-1.0,-1.0
2023/03/15,339.66666666666663,341.3333333333333,337.0,340.0,22500,-1.0,-1.0,-1.0
2023/03/16,333.3333333333333,337.0,332.3333333333333,336.66666666666663,29100,-1.0,-1.0,-1.0
2023/03/17,336.66666666666663,340.66666666666663,336.66666666666663,340.3333333333333,29700,-1.0,-1.0,-1.0
2023/03/20,340.3333333333333,342.3333333333333,335.3333333333333,336.0,21600,-1.0,-1.0,-1.0
2023/03/22,342.66666666666663,342.66666666666663,334.3333333333333,337.0,17700,-1.0,-1.0,-1.0
2023/03/23,340.3333333333333,344.0,339.3333333333333,343.66666666666663,16500,-1.0,-1.0,-1.0
2023/03/24,343.3333333333333,343.66666666666663,340.0,341.66666666666663,19200,-1.0,-1.0,-1.0
2023/03/27,342.66666666666663,343.0,340.0,342.3333333333333,15300,-1.0,-1.0,-1.0
2023/03/28,342.3333333333333,343.0,341.0,341.0,15300,-1.0,-1.0,-1.0
2023/03/29,339.3333333333333,346.3333333333333,339.3333333333333,345.3333333333333,45600,-1.0,-1.0,-1.0
2023/03/30,343.0,343.0,339.66666666666663,342.66666666666663,22200,-1.0,-1.0,-1.0
2023/03/31,342.66666666666663,342.66666666666663,336.66666666666663,339.3333333333333,68700,-1.0,-1.0,-1.0
2023/04/03,340.3333333333333,342.0,338.3333333333333,340.3333333333333,19500,-1.0,-1.0,-1.0
2023/04/04,341.0,341.3333333333333,339.3333333333333,341.0,18900,-1.0,-1.0,-1.0
2023/04/05,339.3333333333333,340.0,337.3333333333333,337.3333333333333,21900,-1.0,-1.0,-1.0
2023/04/06,337.66666666666663,338.66666666666663,336.3333333333333,338.66666666666663,9000,-1.0,-1.0,-1.0
2023/04/07,336.66666666666663,338.0,335.3333333333333,335.3333333333333,15600,-1.0,-1.0,-1.0
2023/04/10,337.0,338.66666666666663,335.66666666666663,338.66666666666663,8700,-1.0,-1.0,-1.0
2023/04/11,338.3333333333333,338.66666666666663,334.3333333333333,338.66666666666663,25500,-1.0,-1.0,-1.0
2023/04/12,338.66666666666663,338.66666666666663,335.66666666666663,338.0,13800,-1.0,-1.0,-1.0
2023/04/13,337.66666666666663,338.3333333333333,337.0,338.0,20400,-1.0,-1.0,-1.0
2023/04/14,337.0,338.66666666666663,337.0,338.66666666666663,10200,-1.0,-1.0,-1.0
2023/04/17,338.66666666666663,339.0,333.3333333333333,335.66666666666663,58500,-1.0,-1.0,-1.0
2023/04/18,337.3333333333333,338.3333333333333,336.0,338.3333333333333,9300,-1.0,-1.0,-1.0
2023/04/19,338.0,338.3333333333333,337.0,337.0,5700,-1.0,-1.0,-1.0
2023/04/20,337.0,338.0,334.0,337.0,39600,-1.0,-1.0,-1.0
2023/04/21,335.0,337.0,335.0,335.3333333333333,8700,-1.0,-1.0,-1.0
2023/04/24,336.66666666666663,337.0,333.3333333333333,335.66666666666663,46800,-1.0,-1.0,-1.0
2023/04/25,338.0,338.0,335.0,336.66666666666663,17700,-1.0,-1.0,-1.0
2023/04/26,336.66666666666663,336.66666666666663,335.66666666666663,336.3333333333333,2400,-1.0,-1.0,-1.0
2023/04/27,337.3333333333333,337.3333333333333,335.3333333333333,335.3333333333333,7200,-1.0,-1.0,-1.0
2023/04/28,334.66666666666663,337.0,334.3333333333333,335.66666666666663,16800,-1.0,-1.0,-1.0
2023/05/01,335.66666666666663,338.66666666666663,335.66666666666663,338.66666666666663,92400,-1.0,-1.0,-1.0
2023/05/02,339.0,339.66666666666663,338.3333333333333,339.0,17700,-1.0,-1.0,-1.0
2023/05/08,340.0,344.0,339.66666666666663,344.0,38700,-1.0,-1.0,-1.0
2023/05/09,343.3333333333333,347.3333333333333,343.3333333333333,346.0,23700,-1.0,-1.0,-1.0
2023/05/10,347.0,348.3333333333333,342.3333333333333,345.0,13800,-1.0,-1.0,-1.0
2023/05/11,345.0,345.3333333333333,341.66666666666663,345.3333333333333,2700,-1.0,-1.0,-1.0
2023/05/12,345.66666666666663,346.3333333333333,341.66666666666663,343.0,43800,-1.0,-1.0,-1.0
2023/05/15,354.3333333333333,357.66666666666663,348.0,356.0,166200,-1.0,-1.0,-1.0
2023/05/16,357.3333333333333,365.3333333333333,350.66666666666663,360.0,101700,-1.0,-1.0,-1.0
2023/05/17,363.0,365.0,360.66666666666663,360.66666666666663,30300,-1.0,-1.0,-1.0
2023/05/18,363.66666666666663,368.3333333333333,361.66666666666663,367.3333333333333,39000,-1.0,-1.0,-1.0
2023/05/19,369.66666666666663,369.66666666666663,363.3333333333333,366.0,24000,-1.0,-1.0,-1.0
2023/05/22,366.3333333333333,367.66666666666663,363.66666666666663,366.66666666666663,27600,-1.0,-1.0,-1.0
2023/05/23,366.66666666666663,366.66666666666663,357.0,357.0,54000,-1.0,-1.0,-1.0
2023/05/24,357.0,364.3333333333333,357.0,364.0,12900,-1.0,-1.0,-1.0
2023/05/25,371.3333333333333,371.66666666666663,361.66666666666663,366.66666666666663,42600,-1.0,-1.0,-1.0
2023/05/26,367.3333333333333,368.0,360.66666666666663,360.66666666666663,21300,-1.0,-1.0,-1.0
2023/05/29,366.0,367.0,362.3333333333333,366.66666666666663,18600,-1.0,-1.0,-1.0
2023/05/30,367.3333333333333,369.3333333333333,365.0,365.0,33900,-1.0,-1.0,-1.0
2023/05/31,363.3333333333333,365.0,360.0,361.66666666666663,10200,-1.0,-1.0,-1.0
2023/06/01,361.66666666666663,366.66666666666663,350.0,358.3333333333333,36900,-1.0,-1.0,-1.0
2023/06/02,362.66666666666663,362.66666666666663,350.66666666666663,357.66666666666663,37800,-1.0,-1.0,-1.0
2023/06/05,362.3333333333333,364.0,353.66666666666663,357.66666666666663,31800,-1.0,-1.0,-1.0
2023/06/06,357.3333333333333,365.66666666666663,357.0,361.66666666666663,30300,-1.0,-1.0,-1.0
2023/06/07,365.66666666666663,365.66666666666663,359.0,361.66666666666663,62100,-1.0,-1.0,-1.0
2023/06/08,361.66666666666663,364.66666666666663,360.0,363.0,12900,-1.0,-1.0,-1.0
2023/06/09,363.0,365.66666666666663,360.3333333333333,363.3333333333333,25200,-1.0,-1.0,-1.0
2023/06/12,366.66666666666663,373.3333333333333,364.66666666666663,372.0,45300,-1.0,-1.0,-1.0
2023/06/13,375.0,376.0,366.66666666666663,375.3333333333333,97800,-1.0,-1.0,-1.0
2023/06/14,377.3333333333333,377.3333333333333,372.0,377.3333333333333,18300,-1.0,-1.0,-1.0
2023/06/15,377.3333333333333,378.0,371.0,373.3333333333333,41100,-1.0,-1.0,-1.0
2023/06/16,377.0,377.0,372.66666666666663,373.3333333333333,14400,-1.0,-1.0,-1.0
2023/06/19,374.3333333333333,378.3333333333333,374.3333333333333,377.66666666666663,18000,-1.0,-1.0,-1.0
2023/06/20,380.0,383.3333333333333,375.66666666666663,383.3333333333333,61500,-1.0,-1.0,-1.0
2023/06/21,384.66666666666663,387.3333333333333,380.0,385.3333333333333,55200,-1.0,-1.0,-1.0
2023/06/22,389.66666666666663,389.66666666666663,377.3333333333333,381.3333333333333,70800,-1.0,-1.0,-1.0
2023/06/23,388.3333333333333,388.3333333333333,372.66666666666663,379.0,75900,-1.0,-1.0,-1.0
2023/06/26,376.66666666666663,384.0,376.66666666666663,381.3333333333333,27000,-1.0,-1.0,-1.0
2023/06/27,380.0,382.66666666666663,368.66666666666663,377.0,39900,-1.0,-1.0,-1.0
2023/06/28,382.3333333333333,385.0,377.66666666666663,382.66666666666663,34800,-1.0,-1.0,-1.0
2023/06/29,385.66666666666663,385.66666666666663,381.66666666666663,382.0,13800,-1.0,-1.0,-1.0
2023/06/30,381.66666666666663,384.66666666666663,379.66666666666663,381.3333333333333,18900,-1.0,-1.0,-1.0
2023/07/03,385.3333333333333,386.66666666666663,379.3333333333333,381.66666666666663,136800,-1.0,-1.0,-1.0
2023/07/04,383.3333333333333,387.66666666666663,380.66666666666663,381.66666666666663,91200,-1.0,-1.0,-1.0
2023/07/05,381.66666666666663,385.66666666666663,381.0,381.0,46500,-1.0,-1.0,-1.0
2023/07/06,381.66666666666663,391.0,380.0,386.3333333333333,149400,-1.0,-1.0,-1.0
2023/07/07,386.0,392.3333333333333,379.3333333333333,389.66666666666663,115800,-1.0,-1.0,-1.0
2023/07/10,399.66666666666663,406.0,390.0,393.66666666666663,166500,-1.0,-1.0,-1.0
2023/07/11,397.0,400.3333333333333,394.66666666666663,396.0,38700,-1.0,-1.0,-1.0
2023/07/12,394.0,396.0,387.3333333333333,390.66666666666663,50400,-1.0,-1.0,-1.0
2023/07/13,390.66666666666663,404.3333333333333,387.3333333333333,400.0,39900,-1.0,-1.0,-1.0
2023/07/14,404.0,404.3333333333333,393.0,397.3333333333333,60300,-1.0,-1.0,-1.0
2023/07/18,398.3333333333333,399.3333333333333,393.0,397.3333333333333,47700,-1.0,-1.0,-1.0
2023/07/19,401.0,401.3333333333333,395.0,397.3333333333333,33900,-1.0,-1.0,-1.0
2023/07/20,397.3333333333333,399.66666666666663,395.3333333333333,399.66666666666663,32700,-1.0,-1.0,-1.0
2023/07/21,395.0,398.66666666666663,392.66666666666663,392.66666666666663,26700,-1.0,-1.0,-1.0
2023/07/24,393.66666666666663,397.0,393.66666666666663,396.3333333333333,15000,-1.0,-1.0,-1.0
2023/07/25,398.0,398.0,391.66666666666663,394.0,48300,-1.0,-1.0,-1.0
2023/07/26,393.66666666666663,398.66666666666663,392.66666666666663,398.66666666666663,83400,-1.0,-1.0,-1.0
2023/07/27,399.0,400.0,395.66666666666663,396.3333333333333,33000,-1.0,-1.0,-1.0
2023/07/28,390.0,396.0,390.0,390.66666666666663,19500,-1.0,-1.0,-1.0
2023/07/31,393.3333333333333,399.0,393.3333333333333,396.3333333333333,21600,-1.0,-1.0,-1.0
2023/08/01,396.66666666666663,396.66666666666663,392.3333333333333,396.66666666666663,33900,-1.0,-1.0,-1.0
2023/08/02,391.66666666666663,396.0,388.3333333333333,393.3333333333333,37800,-1.0,-1.0,-1.0
2023/08/03,392.0,394.0,388.66666666666663,391.3333333333333,26400,-1.0,-1.0,-1.0
2023/08/04,391.3333333333333,392.0,388.0,389.0,22800,-1.0,-1.0,-1.0
2023/08/07,389.0,391.66666666666663,382.66666666666663,391.0,71700,-1.0,-1.0,-1.0
2023/08/08,392.0,392.3333333333333,387.66666666666663,391.66666666666663,40500,-1.0,-1.0,-1.0
2023/08/09,386.66666666666663,391.66666666666663,369.0,391.66666666666663,82800,-1.0,-1.0,-1.0
2023/08/10,385.0,385.3333333333333,379.3333333333333,382.3333333333333,75300,-1.0,-1.0,-1.0
2023/08/14,383.66666666666663,391.3333333333333,381.3333333333333,387.66666666666663,105300,-1.0,-1.0,-1.0
2023/08/15,394.3333333333333,412.3333333333333,388.0,403.3333333333333,127800,-1.0,-1.0,-1.0
2023/08/16,404.3333333333333,404.3333333333333,395.0,395.66666666666663,23400,-1.0,-1.0,-1.0
2023/08/17,391.66666666666663,395.0,381.66666666666663,390.0,50700,-1.0,-1.0,-1.0
2023/08/18,389.0,390.66666666666663,382.3333333333333,389.66666666666663,71400,-1.0,-1.0,-1.0
2023/08/21,409.66666666666663,419.66666666666663,400.66666666666663,412.0,320400,-1.0,-1.0,-1.0
2023/08/22,420.66666666666663,425.0,410.3333333333333,413.66666666666663,248400,-1.0,-1.0,-1.0
2023/08/23,413.3333333333333,438.0,412.66666666666663,433.3333333333333,306300,-1.0,-1.0,-1.0
2023/08/24,443.3333333333333,446.0,428.66666666666663,435.0,264600,-1.0,-1.0,-1.0
2023/08/25,430.3333333333333,435.3333333333333,422.0,430.0,130500,-1.0,-1.0,-1.0
2023/08/28,428.3333333333333,437.66666666666663,427.0,430.3333333333333,117300,-1.0,-1.0,-1.0
2023/08/29,430.3333333333333,435.66666666666663,427.3333333333333,430.66666666666663,66000,-1.0,-1.0,-1.0
2023/08/30,433.3333333333333,433.3333333333333,424.0,426.3333333333333,98100,-1.0,-1.0,-1.0
2023/08/31,426.66666666666663,432.0,426.66666666666663,429.66666666666663,63600,-1.0,-1.0,-1.0
2023/09/01,429.66666666666663,436.0,429.0,431.66666666666663,71100,-1.0,-1.0,-1.0
2023/09/04,435.3333333333333,440.66666666666663,433.3333333333333,440.0,78900,-1.0,-1.0,-1.0
2023/09/05,442.0,443.0,438.3333333333333,439.0,74100,-1.0,-1.0,-1.0
2023/09/06,439.0,439.0,432.0,433.66666666666663,68700,-1.0,-1.0,-1.0
2023/09/07,435.0,443.3333333333333,433.66666666666663,433.66666666666663,81300,-1.0,-1.0,-1.0
2023/09/08,433.3333333333333,436.66666666666663,432.0,434.0,39600,-1.0,-1.0,-1.0
2023/09/11,438.0,438.0,430.3333333333333,430.3333333333333,34800,-1.0,-1.0,-1.0
2023/09/12,430.66666666666663,434.66666666666663,428.66666666666663,434.66666666666663,34200,-1.0,-1.0,-1.0
2023/09/13,435.0,436.0,430.66666666666663,431.3333333333333,34200,-1.0,-1.0,-1.0
2023/09/14,434.0,434.66666666666663,430.0,434.66666666666663,23100,-1.0,-1.0,-1.0
2023/09/15,434.66666666666663,434.66666666666663,430.0,430.66666666666663,25800,-1.0,-1.0,-1.0
2023/09/19,429.3333333333333,433.3333333333333,427.3333333333333,433.3333333333333,87300,-1.0,-1.0,-1.0
2023/09/20,430.66666666666663,432.3333333333333,420.0,424.66666666666663,123000,-1.0,-1.0,-1.0
2023/09/21,420.66666666666663,424.66666666666663,420.66666666666663,420.66666666666663,23700,-1.0,-1.0,-1.0
2023/09/22,418.3333333333333,427.3333333333333,416.66666666666663,424.66666666666663,53400,-1.0,-1.0,-1.0
2023/09/25,429.0,429.3333333333333,424.0,428.66666666666663,21900,-1.0,-1.0,-1.0
2023/09/26,428.66666666666663,432.66666666666663,426.66666666666663,429.0,16200,-1.0,-1.0,-1.0
2023/09/27,427.0,432.3333333333333,423.66666666666663,432.3333333333333,37200,-1.0,-1.0,-1.0
2023/09/28,425.66666666666663,428.3333333333333,418.3333333333333,421.3333333333333,48900,-1.0,-1.0,-1.0
2023/09/29,422.0,422.0,412.66666666666663,415.0,38400,-1.0,-1.0,-1.0
2023/10/02,435.0,436.0,420.3333333333333,420.3333333333333,274200,-1.0,-1.0,-1.0
2023/10/03,420.3333333333333,422.0,414.0,418.0,57600,-1.0,-1.0,-1.0
2023/10/04,413.3333333333333,415.66666666666663,404.0,415.0,134400,-1.0,-1.0,-1.0
2023/10/05,420.3333333333333,423.3333333333333,414.66666666666663,422.66666666666663,48900,-1.0,-1.0,-1.0
2023/10/06,422.66666666666663,422.66666666666663,418.66666666666663,420.66666666666663,37800,-1.0,-1.0,-1.0
2023/10/10,425.0,426.3333333333333,420.66666666666663,424.66666666666663,66900,-1.0,-1.0,-1.0
2023/10/11,426.0,426.0,417.0,422.66666666666663,44700,-1.0,-1.0,-1.0
2023/10/12,423.66666666666663,430.66666666666663,416.66666666666663,430.66666666666663,89700,-1.0,-1.0,-1.0
2023/10/13,428.3333333333333,430.0,420.0,425.66666666666663,58800,-1.0,-1.0,-1.0
2023/10/16,418.66666666666663,424.3333333333333,410.3333333333333,411.0,81300,-1.0,-1.0,-1.0
2023/10/17,413.66666666666663,420.0,413.0,416.0,42300,-1.0,-1.0,-1.0
2023/10/18,414.3333333333333,420.0,413.66666666666663,416.66666666666663,35100,-1.0,-1.0,-1.0
2023/10/19,415.3333333333333,417.0,413.66666666666663,413.66666666666663,24300,-1.0,-1.0,-1.0
2023/10/20,411.66666666666663,412.3333333333333,399.66666666666663,407.0,154500,-1.0,-1.0,-1.0
2023/10/23,403.0,409.66666666666663,399.66666666666663,401.66666666666663,99300,-1.0,-1.0,-1.0
2023/10/24,401.66666666666663,409.3333333333333,394.66666666666663,409.3333333333333,46800,-1.0,-1.0,-1.0
2023/10/25,407.3333333333333,412.66666666666663,406.3333333333333,412.0,36900,-1.0,-1.0,-1.0
2023/10/26,411.3333333333333,411.3333333333333,404.3333333333333,407.66666666666663,24900,-1.0,-1.0,-1.0
2023/10/27,407.66666666666663,413.66666666666663,407.66666666666663,411.66666666666663,20100,-1.0,-1.0,-1.0
2023/10/30,411.0,411.0,401.0,405.66666666666663,17700,-1.0,-1.0,-1.0
2023/10/31,400.3333333333333,410.3333333333333,400.3333333333333,409.0,29400,-1.0,-1.0,-1.0
2023/11/01,408.0,413.0,408.0,413.0,12300,-1.0,-1.0,-1.0
2023/11/02,413.0,413.0,410.3333333333333,411.3333333333333,21000,-1.0,-1.0,-1.0
2023/11/06,414.3333333333333,420.0,412.3333333333333,419.3333333333333,45900,-1.0,-1.0,-1.0
2023/11/07,420.0,420.0,413.66666666666663,414.3333333333333,33600,-1.0,-1.0,-1.0
2023/11/08,415.3333333333333,415.3333333333333,402.0,404.0,83100,-1.0,-1.0,-1.0
2023/11/09,401.3333333333333,414.3333333333333,401.3333333333333,414.3333333333333,40200,-1.0,-1.0,-1.0
2023/11/10,408.3333333333333,412.3333333333333,407.66666666666663,409.3333333333333,43500,-1.0,-1.0,-1.0
2023/11/13,409.66666666666663,413.66666666666663,401.66666666666663,410.0,61800,-1.0,-1.0,-1.0
2023/11/14,413.3333333333333,414.0,408.0,413.66666666666663,37200,-1.0,-1.0,-1.0
2023/11/15,416.66666666666663,416.66666666666663,407.0,411.66666666666663,72000,-1.0,-1.0,-1.0
2023/11/16,419.0,419.0,408.0,410.0,39000,-1.0,-1.0,-1.0
2023/11/17,415.0,433.3333333333333,413.0,429.0,194100,-1.0,-1.0,-1.0
2023/11/20,434.3333333333333,435.0,425.66666666666663,427.0,64500,-1.0,-1.0,-1.0
2023/11/21,427.0,431.3333333333333,420.0,424.3333333333333,50400,-1.0,-1.0,-1.0
2023/11/22,421.0,437.3333333333333,421.0,427.66666666666663,105000,-1.0,-1.0,-1.0
2023/11/24,432.66666666666663,437.0,428.3333333333333,429.66666666666663,82200,-1.0,-1.0,-1.0
2023/11/27,429.66666666666663,430.0,424.3333333333333,425.66666666666663,39600,-1.0,-1.0,-1.0
2023/11/28,427.66666666666663,427.66666666666663,420.0,426.0,40500,-1.0,-1.0,-1.0
2023/11/29,422.3333333333333,426.0,420.0,426.0,20100,-1.0,-1.0,-1.0
2023/11/30,426.66666666666663,429.0,423.66666666666663,429.0,20100,-1.0,-1.0,-1.0
2023/12/01,429.3333333333333,429.66666666666663,423.0,423.0,21900,-1.0,-1.0,-1.0
2023/12/04,423.0,426.0,417.3333333333333,424.0,40800,-1.0,-1.0,-1.0
2023/12/05,422.3333333333333,423.0,417.3333333333333,418.0,8100,-1.0,-1.0,-1.0
2023/12/06,418.3333333333333,425.66666666666663,418.3333333333333,425.66666666666663,26700,-1.0,-1.0,-1.0
2023/12/07,420.66666666666663,424.66666666666663,417.0,417.0,10800,-1.0,-1.0,-1.0
2023/12/08,416.3333333333333,417.0,408.66666666666663,409.3333333333333,104700,-1.0,-1.0,-1.0
2023/12/11,409.3333333333333,416.66666666666663,409.3333333333333,414.66666666666663,30000,-1.0,-1.0,-1.0
2023/12/12,415.66666666666663,416.3333333333333,409.3333333333333,414.66666666666663,21900,-1.0,-1.0,-1.0
2023/12/13,413.3333333333333,415.0,409.66666666666663,415.0,23700,-1.0,-1.0,-1.0
2023/12/14,411.66666666666663,412.66666666666663,406.3333333333333,406.66666666666663,43800,-1.0,-1.0,-1.0
2023/12/15,404.3333333333333,410.0,404.3333333333333,409.66666666666663,31800,-1.0,-1.0,-1.0
2023/12/18,408.0,411.3333333333333,404.3333333333333,404.3333333333333,34800,-1.0,-1.0,-1.0
2023/12/19,404.3333333333333,410.66666666666663,404.3333333333333,410.66666666666663,9900,-1.0,-1.0,-1.0
2023/12/20,411.3333333333333,414.66666666666663,410.66666666666663,413.3333333333333,19200,-1.0,-1.0,-1.0
2023/12/21,410.0,417.66666666666663,410.0,411.66666666666663,36600,-1.0,-1.0,-1.0
2023/12/22,412.66666666666663,420.66666666666663,412.66666666666663,420.66666666666663,25500,-1.0,-1.0,-1.0
2023/12/25,431.0,431.0,417.66666666666663,421.3333333333333,48300,-1.0,-1.0,-1.0
2023/12/26,420.66666666666663,423.66666666666663,420.66666666666663,423.66666666666663,9000,-1.0,-1.0,-1.0
2023/12/27,424.66666666666663,424.66666666666663,420.3333333333333,424.0,15300,-1.0,-1.0,-1.0
2023/12/28,424.0,424.0,418.3333333333333,419.3333333333333,25800,-1.0,-1.0,-1.0
2023/12/29,421.3333333333333,422.3333333333333,420.0,420.0,13200,-1.0,-1.0,-1.0
2024/01/04,421.66666666666663,430.66666666666663,421.66666666666663,427.3333333333333,48900,-1.0,-1.0,-1.0
2024/01/05,429.0,429.0,422.3333333333333,428.3333333333333,17700,-1.0,-1.0,-1.0
2024/01/09,428.3333333333333,432.0,426.0,427.3333333333333,66600,-1.0,-1.0,-1.0
2024/01/10,427.3333333333333,430.0,427.3333333333333,428.3333333333333,28200,-1.0,-1.0,-1.0
2024/01/11,428.3333333333333,433.0,427.3333333333333,427.66666666666663,26100,-1.0,-1.0,-1.0
2024/01/12,429.0,429.0,417.0,424.0,41700,-1.0,-1.0,-1.0
2024/01/15,425.0,431.66666666666663,424.66666666666663,427.0,30000,-1.0,-1.0,-1.0
2024/01/16,428.3333333333333,431.66666666666663,427.0,427.0,25200,-1.0,-1.0,-1.0
2024/01/17,425.66666666666663,431.3333333333333,417.0,421.66666666666663,30600,-1.0,-1.0,-1.0
2024/01/18,421.66666666666663,428.66666666666663,421.66666666666663,423.66666666666663,29700,-1.0,-1.0,-1.0
2024/01/19,428.3333333333333,438.0,426.3333333333333,437.0,96600,-1.0,-1.0,-1.0
2024/01/22,446.3333333333333,446.3333333333333,440.0,444.66666666666663,78300,-1.0,-1.0,-1.0
2024/01/23,446.66666666666663,446.66666666666663,433.3333333333333,434.66666666666663,71700,-1.0,-1.0,-1.0
2024/01/24,440.0,441.66666666666663,435.0,441.66666666666663,92100,-1.0,-1.0,-1.0
2024/01/25,446.3333333333333,460.0,441.66666666666663,456.0,119700,-1.0,-1.0,-1.0
2024/01/26,450.0,465.0,450.0,457.0,90300,-1.0,-1.0,-1.0
2024/01/29,463.0,463.0,452.0,457.3333333333333,34800,-1.0,-1.0,-1.0
2024/01/30,456.66666666666663,461.66666666666663,452.0,454.66666666666663,37200,-1.0,-1.0,-1.0
2024/01/31,455.0,459.66666666666663,454.0,457.66666666666663,40500,-1.0,-1.0,-1.0
2024/02/01,453.66666666666663,456.0,444.3333333333333,453.66666666666663,54900,-1.0,-1.0,-1.0
2024/02/02,451.66666666666663,454.3333333333333,447.0,447.3333333333333,20400,-1.0,-1.0,-1.0
2024/02/05,448.3333333333333,453.0,446.66666666666663,449.3333333333333,50700,-1.0,-1.0,-1.0
2024/02/06,450.0,456.0,449.0,452.0,48000,-1.0,-1.0,-1.0
2024/02/07,452.0,456.66666666666663,449.0,455.66666666666663,53100,-1.0,-1.0,-1.0
2024/02/08,457.66666666666663,460.0,451.66666666666663,453.66666666666663,29400,-1.0,-1.0,-1.0
2024/02/09,456.3333333333333,459.66666666666663,451.3333333333333,451.3333333333333,36300,-1.0,-1.0,-1.0
2024/02/13,451.0,466.0,450.0,466.0,159000,-1.0,-1.0,-1.0
2024/02/14,513.3333333333333,527.0,493.3333333333333,497.3333333333333,546000,-1.0,-1.0,-1.0
2024/02/15,507.3333333333333,595.6666666666666,500.0,566.3333333333333,1404000,-1.0,-1.0,-1.0
2024/02/16,575.0,585.0,551.0,568.0,528300,-1.0,-1.0,-1.0
2024/02/19,572.0,572.0,551.6666666666666,551.6666666666666,199200,-1.0,-1.0,-1.0
2024/02/20,549.3333333333333,569.6666666666666,538.3333333333333,543.0,290100,-1.0,-1.0,-1.0
2024/02/21,549.6666666666666,554.3333333333333,541.6666666666666,544.3333333333333,127200,-1.0,-1.0,-1.0
2024/02/22,556.6666666666666,583.3333333333333,556.6666666666666,573.0,309900,-1.0,-1.0,-1.0
2024/02/26,578.6666666666666,585.3333333333333,564.6666666666666,566.0,153300,-1.0,-1.0,-1.0
2024/02/27,566.6666666666666,576.6666666666666,563.3333333333333,569.0,91800,-1.0,-1.0,-1.0
2024/02/28,567.3333333333333,575.0,567.3333333333333,572.3333333333333,37200,-1.0,-1.0,-1.0
2024/02/29,567.0,567.0,552.3333333333333,558.3333333333333,108600,-1.0,-1.0,-1.0
2024/03/01,558.3333333333333,563.0,550.3333333333333,554.6666666666666,61800,-1.0,-1.0,-1.0
2024/03/04,557.0,661.6666666666666,556.6666666666666,616.3333333333333,1343100,-1.0,-1.0,-1.0
2024/03/05,621.3333333333333,656.6666666666666,609.3333333333333,627.3333333333333,511500,-1.0,-1.0,-1.0
2024/03/06,617.3333333333333,656.3333333333333,617.3333333333333,656.3333333333333,215700,-1.0,-1.0,-1.0
2024/03/07,683.0,709.3333333333333,663.6666666666666,667.6666666666666,550200,-1.0,-1.0,-1.0
2024/03/08,684.3333333333333,729.6666666666666,680.0,704.0,580200,-1.0,-1.0,-1.0
2024/03/11,687.3333333333333,699.3333333333333,651.0,655.3333333333333,364800,-1.0,-1.0,-1.0
2024/03/12,646.6666666666666,683.3333333333333,640.6666666666666,678.6666666666666,264300,-1.0,-1.0,-1.0
2024/03/13,692.6666666666666,708.6666666666666,666.6666666666666,684.3333333333333,258300,-1.0,-1.0,-1.0
2024/03/14,678.6666666666666,686.0,666.0,668.3333333333333,102900,-1.0,-1.0,-1.0
2024/03/15,665.0,718.3333333333333,660.3333333333333,718.3333333333333,265800,-1.0,-1.0,-1.0
2024/03/18,701.6666666666666,711.6666666666666,687.0,697.0,225300,-1.0,-1.0,-1.0
2024/03/19,696.6666666666666,696.6666666666666,673.3333333333333,679.3333333333333,172800,-1.0,-1.0,-1.0
2024/03/21,685.3333333333333,710.3333333333333,675.0,704.3333333333333,142800,-1.0,-1.0,-1.0
2024/03/22,702.0,706.3333333333333,680.3333333333333,685.3333333333333,91500,-1.0,-1.0,-1.0
2024/03/25,676.6666666666666,689.0,659.0,661.6666666666666,154800,-1.0,-1.0,-1.0
2024/03/26,666.0,666.0,647.0,650.0,121200,-1.0,-1.0,-1.0
2024/03/27,650.0,657.6666666666666,642.6666666666666,642.6666666666666,63000,-1.0,-1.0,-1.0
2024/03/28,629.3333333333333,663.3333333333333,629.0,652.6666666666666,107700,-1.0,-1.0,-1.0
2024/03/29,657.0,703.0,649.6666666666666,701.0,261600,-1.0,-1.0,-1.0
2024/04/01,700.0,713.6666666666666,693.3333333333333,693.3333333333333,179400,-1.0,-1.0,-1.0
2024/04/02,676.6666666666666,747.6666666666666,674.3333333333333,725.3333333333333,416400,-1.0,-1.0,-1.0
2024/04/03,708.6666666666666,723.0,694.6666666666666,704.3333333333333,143100,-1.0,-1.0,-1.0
2024/04/04,705.6666666666666,707.3333333333333,691.6666666666666,692.0,93300,-1.0,-1.0,-1.0
2024/04/05,668.6666666666666,677.6666666666666,656.6666666666666,662.0,171900,-1.0,-1.0,-1.0
2024/04/08,675.3333333333333,686.0,654.0,666.3333333333333,123900,-1.0,-1.0,-1.0
2024/04/09,662.3333333333333,679.3333333333333,659.0,676.3333333333333,67200,-1.0,-1.0,-1.0
2024/04/10,672.6666666666666,689.0,671.6666666666666,674.3333333333333,57900,-1.0,-1.0,-1.0
2024/04/11,665.3333333333333,675.3333333333333,662.0,668.0,39900,-1.0,-1.0,-1.0
2024/04/12,670.3333333333333,678.3333333333333,663.6666666666666,673.3333333333333,44400,-1.0,-1.0,-1.0
2024/04/15,662.6666666666666,681.0,656.6666666666666,678.3333333333333,54900,-1.0,-1.0,-1.0
2024/04/16,668.3333333333333,673.0,647.0,655.0,101700,-1.0,-1.0,-1.0
2024/04/17,655.0,665.3333333333333,647.0,661.6666666666666,61200,-1.0,-1.0,-1.0
2024/04/18,652.6666666666666,674.6666666666666,641.0,666.6666666666666,90300,-1.0,-1.0,-1.0
2024/04/19,672.6666666666666,672.6666666666666,634.6666666666666,648.6666666666666,135900,-1.0,-1.0,-1.0
2024/04/22,649.3333333333333,656.0,627.6666666666666,633.6666666666666,96600,-1.0,-1.0,-1.0
2024/04/23,636.3333333333333,643.0,629.0,632.3333333333333,47100,-1.0,-1.0,-1.0
2024/04/24,639.0,644.6666666666666,633.3333333333333,642.6666666666666,43500,-1.0,-1.0,-1.0
2024/04/25,633.3333333333333,633.3333333333333,612.3333333333333,612.6666666666666,106200,-1.0,-1.0,-1.0
2024/04/26,609.6666666666666,613.3333333333333,600.3333333333333,605.6666666666666,96900,-1.0,-1.0,-1.0
2024/04/30,605.6666666666666,615.0,603.0,608.3333333333333,100200,-1.0,-1.0,-1.0
2024/05/01,606.3333333333333,623.6666666666666,603.0,621.3333333333333,63300,-1.0,-1.0,-1.0
2024/05/02,620.0,626.6666666666666,613.6666666666666,620.0,50400,-1.0,-1.0,-1.0
2024/05/07,626.3333333333333,662.6666666666666,626.3333333333333,654.0,175800,-1.0,-1.0,-1.0
2024/05/08,653.6666666666666,658.0,642.0,642.6666666666666,44100,-1.0,-1.0,-1.0
2024/05/09,645.3333333333333,656.0,633.6666666666666,635.6666666666666,84300,-1.0,-1.0,-1.0
2024/05/10,644.6666666666666,644.6666666666666,626.3333333333333,636.0,64500,-1.0,-1.0,-1.0
2024/05/13,633.6666666666666,646.6666666666666,614.0,639.6666666666666,165900,-1.0,-1.0,-1.0
2024/05/14,643.0,648.6666666666666,607.6666666666666,618.3333333333333,236100,-1.0,-1.0,-1.0
2024/05/15,525.0,546.6666666666666,507.66666666666663,508.0,711900,-1.0,-1.0,-1.0
2024/05/16,508.3333333333333,523.6666666666666,501.3333333333333,506.3333333333333,169500,-1.0,-1.0,-1.0
2024/05/17,511.66666666666663,513.6666666666666,502.66666666666663,508.3333333333333,45900,-1.0,-1.0,-1.0
2024/05/20,508.3333333333333,528.3333333333333,505.3333333333333,515.0,78900,-1.0,-1.0,-1.0
2024/05/21,525.0,527.6666666666666,510.66666666666663,510.66666666666663,52500,-1.0,-1.0,-1.0
2024/05/22,510.3333333333333,510.3333333333333,498.0,498.0,112500,-1.0,-1.0,-1.0
2024/05/23,498.0,506.66666666666663,492.66666666666663,505.66666666666663,63900,-1.0,-1.0,-1.0
2024/05/24,498.0,500.0,490.0,494.0,88800,-1.0,-1.0,-1.0
2024/05/27,498.0,514.3333333333333,498.0,514.3333333333333,63600,-1.0,-1.0,-1.0
2024/05/28,508.66666666666663,519.0,508.3333333333333,516.0,141600,-1.0,-1.0,-1.0
2024/05/29,512.0,512.0,493.66666666666663,496.0,72600,-1.0,-1.0,-1.0
2024/05/30,486.0,491.66666666666663,482.3333333333333,485.0,85500,-1.0,-1.0,-1.0
2024/05/31,492.66666666666663,498.3333333333333,486.66666666666663,498.3333333333333,30000,-1.0,-1.0,-1.0
2024/06/03,500.0,503.66666666666663,491.66666666666663,501.66666666666663,57900,-1.0,-1.0,-1.0
2024/06/04,500.0,500.0,495.0,495.0,14100,-1.0,-1.0,-1.0
2024/06/05,494.66666666666663,495.0,486.66666666666663,486.66666666666663,47400,-1.0,-1.0,-1.0
2024/06/06,490.66666666666663,491.0,480.66666666666663,483.66666666666663,39600,-1.0,-1.0,-1.0
2024/06/07,483.3333333333333,483.3333333333333,478.0,478.0,49200,-1.0,-1.0,-1.0
2024/06/10,475.3333333333333,487.66666666666663,475.3333333333333,487.66666666666663,25800,-1.0,-1.0,-1.0
2024/06/11,485.3333333333333,488.0,481.3333333333333,482.3333333333333,63300,-1.0,-1.0,-1.0
2024/06/12,483.3333333333333,484.0,480.0,480.0,18000,-1.0,-1.0,-1.0
2024/06/13,482.0,482.0,468.3333333333333,470.3333333333333,53700,-1.0,-1.0,-1.0
2024/06/14,468.66666666666663,484.66666666666663,468.66666666666663,479.66666666666663,87300,-1.0,-1.0,-1.0
2024/06/17,485.0,485.0,468.66666666666663,476.3333333333333,34800,-1.0,-1.0,-1.0
2024/06/18,475.3333333333333,476.0,471.66666666666663,475.66666666666663,35400,-1.0,-1.0,-1.0
2024/06/19,478.0,481.3333333333333,470.3333333333333,474.66666666666663,17700,-1.0,-1.0,-1.0
2024/06/20,474.3333333333333,476.3333333333333,473.0,473.66666666666663,2400,-1.0,-1.0,-1.0
2024/06/21,473.66666666666663,476.0,472.66666666666663,475.66666666666663,8700,-1.0,-1.0,-1.0
2024/06/24,482.3333333333333,482.3333333333333,473.3333333333333,476.66666666666663,66300,-1.0,-1.0,-1.0
2024/06/25,482.66666666666663,482.66666666666663,476.3333333333333,478.3333333333333,42000,-1.0,-1.0,-1.0
2024/06/26,477.3333333333333,483.66666666666663,471.66666666666663,480.66666666666663,34200,-1.0,-1.0,-1.0
2024/06/27,483.0,506.66666666666663,483.0,505.3333333333333,63900,-1.0,-1.0,-1.0
2024/06/28,503.3333333333333,504.0,494.3333333333333,498.0,49200,-1.0,-1.0,-1.0
2024/07/01,504.0,516.3333333333333,494.0,498.66666666666663,67500,-1.0,-1.0,-1.0
2024/07/02,504.3333333333333,504.66666666666663,498.66666666666663,504.66666666666663,14400,-1.0,-1.0,-1.0
2024/07/03,505.0,508.66666666666663,501.66666666666663,502.0,30900,-1.0,-1.0,-1.0
2024/07/04,502.3333333333333,505.0,497.0,499.3333333333333,28200,-1.0,-1.0,-1.0
2024/07/05,498.3333333333333,506.66666666666663,496.0,503.0,45300,-1.0,-1.0,-1.0
2024/07/08,503.3333333333333,505.0,495.3333333333333,496.66666666666663,99000,-1.0,-1.0,-1.0
2024/07/09,500.0,518.6666666666666,500.0,515.3333333333333,123600,-1.0,-1.0,-1.0
2024/07/10,519.3333333333333,524.6666666666666,502.66666666666663,507.66666666666663,73200,-1.0,-1.0,-1.0
2024/07/11,512.6666666666666,512.6666666666666,502.0,503.66666666666663,39600,-1.0,-1.0,-1.0
2024/07/12,503.3333333333333,507.66666666666663,495.66666666666663,503.3333333333333,46500,-1.0,-1.0,-1.0
2024/07/16,504.3333333333333,505.66666666666663,491.66666666666663,494.0,42600,-1.0,-1.0,-1.0
2024/07/17,496.66666666666663,501.0,492.3333333333333,496.66666666666663,38100,-1.0,-1.0,-1.0
2024/07/18,496.66666666666663,497.66666666666663,490.66666666666663,491.3333333333333,51300,-1.0,-1.0,-1.0
2024/07/19,491.3333333333333,491.3333333333333,483.66666666666663,487.3333333333333,27000,-1.0,-1.0,-1.0
2024/07/22,483.66666666666663,484.66666666666663,466.66666666666663,474.66666666666663,128400,-1.0,-1.0,-1.0
2024/07/23,481.0,481.66666666666663,474.3333333333333,475.66666666666663,15300,-1.0,-1.0,-1.0
2024/07/24,475.66666666666663,476.66666666666663,468.3333333333333,475.66666666666663,15000,-1.0,-1.0,-1.0
2024/07/25,475.0,475.0,455.0,459.3333333333333,92400,-1.0,-1.0,-1.0
2024/07/26,450.0,467.66666666666663,450.0,458.3333333333333,51600,-1.0,-1.0,-1.0
2024/07/29,466.0,469.0,462.66666666666663,469.0,10500,-1.0,-1.0,-1.0
2024/07/30,466.0,466.66666666666663,462.3333333333333,463.66666666666663,12300,-1.0,-1.0,-1.0
2024/07/31,462.0,468.0,456.66666666666663,465.66666666666663,27900,-1.0,-1.0,-1.0
2024/08/01,465.66666666666663,466.3333333333333,452.0,453.0,47100,-1.0,-1.0,-1.0
2024/08/02,449.0,449.0,429.3333333333333,429.3333333333333,132900,-1.0,-1.0,-1.0
2024/08/05,415.3333333333333,415.3333333333333,331.66666666666663,334.0,356100,-1.0,-1.0,-1.0
2024/08/06,350.66666666666663,366.66666666666663,350.0,353.66666666666663,149700,-1.0,-1.0,-1.0
2024/08/07,358.66666666666663,383.3333333333333,357.66666666666663,380.0,120600,-1.0,-1.0,-1.0
2024/08/08,377.3333333333333,384.0,370.3333333333333,378.0,27300,-1.0,-1.0,-1.0
2024/08/09,384.0,405.0,375.0,384.3333333333333,44400,-1.0,-1.0,-1.0
2024/08/13,434.3333333333333,474.3333333333333,431.66666666666663,457.3333333333333,330900,-1.0,-1.0,-1.0
2024/08/14,462.3333333333333,462.3333333333333,448.0,457.3333333333333,68400,-1.0,-1.0,-1.0
2024/08/15,456.66666666666663,457.0,449.0,449.3333333333333,25200,-1.0,-1.0,-1.0
2024/08/16,459.0,473.66666666666663,453.66666666666663,472.0,122400,-1.0,-1.0,-1.0
2024/08/19,465.3333333333333,475.0,450.66666666666663,454.66666666666663,43500,-1.0,-1.0,-1.0
2024/08/20,458.3333333333333,468.0,458.3333333333333,467.0,30300,-1.0,-1.0,-1.0
2024/08/21,470.0,470.0,463.0,468.66666666666663,21300,-1.0,-1.0,-1.0
2024/08/22,468.66666666666663,468.66666666666663,460.3333333333333,467.3333333333333,15900,-1.0,-1.0,-1.0
2024/08/23,468.3333333333333,468.3333333333333,460.0,463.0,19800,-1.0,-1.0,-1.0
2024/08/26,466.66666666666663,468.3333333333333,462.0,467.3333333333333,12000,-1.0,-1.0,-1.0
2024/08/27,471.3333333333333,480.3333333333333,466.66666666666663,474.66666666666663,22200,-1.0,-1.0,-1.0
2024/08/28,475.0,481.3333333333333,470.3333333333333,478.66666666666663,26100,-1.0,-1.0,-1.0
2024/08/29,478.66666666666663,481.0,472.0,479.3333333333333,20700,-1.0,-1.0,-1.0
2024/08/30,479.66666666666663,484.0,479.66666666666663,483.66666666666663,12900,-1.0,-1.0,-1.0
2024/09/02,485.0,489.3333333333333,479.3333333333333,486.0,36900,-1.0,-1.0,-1.0
2024/09/03,496.0,508.0,493.66666666666663,501.66666666666663,60600,-1.0,-1.0,-1.0
2024/09/04,483.0,489.66666666666663,474.0,480.0,59700,-1.0,-1.0,-1.0
2024/09/05,476.66666666666663,483.3333333333333,471.3333333333333,474.66666666666663,33900,-1.0,-1.0,-1.0
2024/09/06,478.66666666666663,478.66666666666663,468.0,468.0,29100,-1.0,-1.0,-1.0
2024/09/09,450.66666666666663,466.66666666666663,447.66666666666663,461.66666666666663,33600,-1.0,-1.0,-1.0
2024/09/10,471.66666666666663,475.0,465.0,470.0,21300,-1.0,-1.0,-1.0
2024/09/11,464.3333333333333,470.0,446.66666666666663,453.0,35700,-1.0,-1.0,-1.0
2024/09/12,469.66666666666663,469.66666666666663,459.3333333333333,465.0,10200,-1.0,-1.0,-1.0
2024/09/13,466.66666666666663,467.3333333333333,456.66666666666663,467.3333333333333,12300,-1.0,-1.0,-1.0
2024/09/17,469.3333333333333,469.3333333333333,447.0,450.3333333333333,35100,-1.0,-1.0,-1.0
2024/09/18,458.0,458.0,447.3333333333333,456.0,9300,-1.0,-1.0,-1.0
2024/09/19,457.66666666666663,462.66666666666663,457.3333333333333,458.66666666666663,16500,-1.0,-1.0,-1.0
2024/09/20,463.3333333333333,470.3333333333333,459.3333333333333,470.3333333333333,30000,-1.0,-1.0,-1.0
2024/09/24,474.66666666666663,486.66666666666663,473.0,480.0,21300,-1.0,-1.0,-1.0
2024/09/25,478.3333333333333,482.3333333333333,470.0,471.3333333333333,17100,-1.0,-1.0,-1.0
2024/09/26,475.0,479.66666666666663,463.3333333333333,472.66666666666663,26400,-1.0,-1.0,-1.0
2024/09/27,472.3333333333333,476.3333333333333,468.66666666666663,470.66666666666663,12600,-1.0,-1.0,-1.0
2024/09/30,450.66666666666663,463.3333333333333,446.0,455.66666666666663,33000,-1.0,-1.0,-1.0
2024/10/01,456.0,470.66666666666663,456.0,462.0,11400,-1.0,-1.0,-1.0
2024/10/02,463.0,463.0,452.3333333333333,452.3333333333333,13800,-1.0,-1.0,-1.0
2024/10/03,460.0,461.66666666666663,455.66666666666663,458.3333333333333,8100,-1.0,-1.0,-1.0
2024/10/04,466.66666666666663,467.3333333333333,459.0,463.3333333333333,20400,-1.0,-1.0,-1.0
2024/10/07,473.3333333333333,475.3333333333333,464.3333333333333,470.66666666666663,51300,-1.0,-1.0,-1.0
2024/10/08,465.0,471.3333333333333,464.0,466.0,33300,-1.0,-1.0,-1.0
2024/10/09,466.0,471.0,464.0,465.0,16200,-1.0,-1.0,-1.0
2024/10/10,474.0,474.0,461.66666666666663,461.66666666666663,13800,-1.0,-1.0,-1.0
2024/10/11,462.66666666666663,466.66666666666663,460.3333333333333,466.66666666666663,6000,-1.0,-1.0,-1.0
2024/10/15,473.0,481.66666666666663,468.66666666666663,481.66666666666663,42600,-1.0,-1.0,-1.0
2024/10/16,478.3333333333333,480.3333333333333,471.66666666666663,475.66666666666663,33600,-1.0,-1.0,-1.0
2024/10/17,476.0,476.66666666666663,474.66666666666663,475.0,9300,-1.0,-1.0,-1.0
2024/10/18,475.66666666666663,475.66666666666663,469.66666666666663,474.3333333333333,21000,-1.0,-1.0,-1.0
2024/10/21,474.3333333333333,479.66666666666663,470.3333333333333,472.3333333333333,17100,-1.0,-1.0,-1.0
2024/10/22,472.3333333333333,472.66666666666663,463.66666666666663,465.3333333333333,17100,-1.0,-1.0,-1.0
2024/10/23,465.3333333333333,470.0,461.66666666666663,462.0,12900,-1.0,-1.0,-1.0
2024/10/24,462.0,465.66666666666663,457.0,465.3333333333333,23700,-1.0,-1.0,-1.0
2024/10/25,466.66666666666663,467.0,460.0,464.66666666666663,19800,-1.0,-1.0,-1.0
2024/10/28,464.0,483.3333333333333,464.0,480.3333333333333,19500,-1.0,-1.0,-1.0
2024/10/29,480.3333333333333,483.3333333333333,471.3333333333333,478.0,34800,-1.0,-1.0,-1.0
2024/10/30,478.66666666666663,482.0,468.3333333333333,472.3333333333333,15000,-1.0,-1.0,-1.0
2024/10/31,469.3333333333333,474.66666666666663,467.3333333333333,467.66666666666663,19200,-1.0,-1.0,-1.0
2024/11/01,467.66666666666663,475.0,467.66666666666663,467.66666666666663,20100,-1.0,-1.0,-1.0
2024/11/05,468.3333333333333,471.3333333333333,465.66666666666663,468.0,6900,-1.0,-1.0,-1.0
2024/11/06,477.0,485.0,469.0,470.3333333333333,44400,-1.0,-1.0,-1.0
2024/11/07,476.3333333333333,484.0,475.66666666666663,483.3333333333333,18900,-1.0,-1.0,-1.0
2024/11/08,486.66666666666663,494.0,484.66666666666663,488.0,35100,-1.0,-1.0,-1.0
2024/11/11,494.66666666666663,495.0,487.66666666666663,493.66666666666663,59100,-1.0,-1.0,-1.0
2024/11/12,492.3333333333333,492.3333333333333,475.3333333333333,476.3333333333333,164700,-1.0,-1.0,-1.0
2024/11/13,476.66666666666663,492.3333333333333,472.66666666666663,492.0,51900,-1.0,-1.0,-1.0
2024/11/14,502.0,506.66666666666663,496.66666666666663,500.0,245100,-1.0,-1.0,-1.0
2024/11/15,511.0,522.3333333333333,505.3333333333333,510.66666666666663,87600,-1.0,-1.0,-1.0
2024/11/18,505.66666666666663,514.6666666666666,500.66666666666663,511.3333333333333,51900,-1.0,-1.0,-1.0
2024/11/19,515.3333333333333,529.3333333333333,511.66666666666663,520.3333333333333,44700,-1.0,-1.0,-1.0
2024/11/20,520.3333333333333,529.3333333333333,516.3333333333333,516.6666666666666,75000,-1.0,-1.0,-1.0
2024/11/21,516.6666666666666,524.6666666666666,516.6666666666666,519.3333333333333,24300,-1.0,-1.0,-1.0
2024/11/22,519.3333333333333,519.3333333333333,505.3333333333333,506.3333333333333,55500,-1.0,-1.0,-1.0
2024/11/25,509.0,509.0,493.3333333333333,501.66666666666663,45300,-1.0,-1.0,-1.0
2024/11/26,497.0,500.3333333333333,488.3333333333333,493.66666666666663,71400,-1.0,-1.0,-1.0
2024/11/27,491.0,491.66666666666663,486.66666666666663,486.66666666666663,41100,-1.0,-1.0,-1.0
2024/11/28,485.3333333333333,492.0,483.66666666666663,490.3333333333333,36000,-1.0,-1.0,-1.0
2024/11/29,488.3333333333333,490.0,485.0,486.66666666666663,14700,-1.0,-1.0,-1.0
2024/12/02,483.3333333333333,486.0,479.66666666666663,479.66666666666663,63300,-1.0,-1.0,-1.0
2024/12/03,484.0,488.3333333333333,480.3333333333333,483.3333333333333,47700,-1.0,-1.0,-1.0
2024/12/04,482.0,483.0,478.3333333333333,478.66666666666663,238200,-1.0,-1.0,-1.0
2024/12/05,482.0,486.66666666666663,480.0,480.3333333333333,47700,-1.0,-1.0,-1.0
2024/12/06,482.66666666666663,489.66666666666663,482.66666666666663,489.66666666666663,25200,-1.0,-1.0,-1.0
2024/12/09,490.0,502.0,490.0,502.0,62700,-1.0,-1.0,-1.0
2024/12/10,501.0,505.66666666666663,497.66666666666663,503.3333333333333,44400,-1.0,-1.0,-1.0
2024/12/11,505.66666666666663,507.3333333333333,500.3333333333333,500.3333333333333,41700,-1.0,-1.0,-1.0
2024/12/12,501.3333333333333,505.66666666666663,495.0,499.3333333333333,40800,-1.0,-1.0,-1.0
2024/12/13,503.3333333333333,503.3333333333333,494.3333333333333,496.66666666666663,38100,-1.0,-1.0,-1.0
2024/12/16,500.0,501.3333333333333,496.66666666666663,496.66666666666663,34800,-1.0,-1.0,-1.0
2024/12/17,501.66666666666663,501.66666666666663,493.3333333333333,494.3333333333333,28500,-1.0,-1.0,-1.0
2024/12/18,494.3333333333333,501.66666666666663,494.3333333333333,499.0,28200,-1.0,-1.0,-1.0
2024/12/19,491.66666666666663,499.0,490.3333333333333,492.66666666666663,44700,-1.0,-1.0,-1.0
2024/12/20,500.3333333333333,513.0,497.0,512.6666666666666,47400,-1.0,-1.0,-1.0
2024/12/23,516.0,525.0,508.3333333333333,511.0,78900,-1.0,-1.0,-1.0
2024/12/24,512.6666666666666,529.0,510.0,524.0,344700,-1.0,-1.0,-1.0
2024/12/25,526.6666666666666,530.3333333333333,519.6666666666666,527.3333333333333,71400,-1.0,-1.0,-1.0
2024/12/26,530.3333333333333,532.3333333333333,520.0,527.0,90600,-1.0,-1.0,-1.0
2024/12/27,532.0,550.0,531.6666666666666,547.3333333333333,109200,-1.0,-1.0,-1.0
2024/12/30,546.3333333333333,558.0,540.6666666666666,557.0,97500,-1.0,-1.0,-1.0
2025/01/06,566.6666666666666,570.3333333333333,551.3333333333333,560.0,87000,-1.0,-1.0,-1.0
2025/01/07,566.0,566.0,548.6666666666666,556.3333333333333,75900,-1.0,-1.0,-1.0
2025/01/08,556.3333333333333,570.0,550.3333333333333,564.0,56400,-1.0,-1.0,-1.0
2025/01/09,568.0,574.3333333333333,550.0,550.0,115200,-1.0,-1.0,-1.0
2025/01/10,555.6666666666666,557.0,543.6666666666666,547.3333333333333,40200,-1.0,-1.0,-1.0
2025/01/14,547.3333333333333,547.3333333333333,534.6666666666666,537.6666666666666,44100,-1.0,-1.0,-1.0
2025/01/15,551.0,551.0,536.0,543.0,20400,-1.0,-1.0,-1.0
2025/01/16,548.6666666666666,548.6666666666666,531.0,540.0,39900,-1.0,-1.0,-1.0
2025/01/17,539.3333333333333,539.3333333333333,516.6666666666666,535.0,31500,-1.0,-1.0,-1.0
2025/01/20,540.0,547.6666666666666,534.3333333333333,539.3333333333333,37500,-1.0,-1.0,-1.0
2025/01/21,542.6666666666666,543.3333333333333,535.0,540.0,11100,-1.0,-1.0,-1.0
2025/01/22,543.3333333333333,548.0,533.3333333333333,542.3333333333333,35400,-1.0,-1.0,-1.0
2025/01/23,538.6666666666666,542.6666666666666,530.6666666666666,541.3333333333333,28500,-1.0,-1.0,-1.0
2025/01/24,539.0,548.3333333333333,539.0,545.6666666666666,31800,-1.0,-1.0,-1.0
2025/01/27,559.0,575.0,559.0,567.6666666666666,120000,-1.0,-1.0,-1.0
2025/01/28,563.3333333333333,576.6666666666666,558.0,570.6666666666666,57000,-1.0,-1.0,-1.0
2025/01/29,576.0,583.0,572.6666666666666,583.0,30000,-1.0,-1.0,-1.0
2025/01/30,575.3333333333333,585.0,571.6666666666666,576.6666666666666,103500,-1.0,-1.0,-1.0
2025/01/31,576.6666666666666,577.6666666666666,566.6666666666666,571.6666666666666,41400,-1.0,-1.0,-1.0
2025/02/03,571.0,571.0,561.3333333333333,566.0,47700,-1.0,-1.0,-1.0
2025/02/04,574.3333333333333,574.3333333333333,567.0,572.3333333333333,16800,-1.0,-1.0,-1.0
2025/02/05,574.3333333333333,578.0,572.6666666666666,577.6666666666666,6600,-1.0,-1.0,-1.0
2025/02/06,582.3333333333333,589.6666666666666,575.0,580.0,99600,-1.0,-1.0,-1.0
2025/02/07,620.0,643.0,609.0,642.3333333333333,447300,-1.0,-1.0,-1.0
2025/02/10,636.3333333333333,641.6666666666666,622.0,622.3333333333333,106500,-1.0,-1.0,-1.0
2025/02/12,621.6666666666666,621.6666666666666,601.0,613.3333333333333,153000,-1.0,-1.0,-1.0
2025/02/13,613.3333333333333,628.3333333333333,599.6666666666666,600.3333333333333,127800,-1.0,-1.0,-1.0
2025/02/14,607.0,617.3333333333333,600.0,605.0,82500,-1.0,-1.0,-1.0
2025/02/17,611.0,611.0,598.6666666666666,602.3333333333333,55500,-1.0,-1.0,-1.0
2025/02/18,604.6666666666666,607.6666666666666,601.6666666666666,603.3333333333333,24900,-1.0,-1.0,-1.0
2025/02/19,608.0,608.6666666666666,600.3333333333333,600.3333333333333,30300,-1.0,-1.0,-1.0
2025/02/20,610.0,624.6666666666666,600.3333333333333,620.0,126000,-1.0,-1.0,-1.0
2025/02/21,619.6666666666666,619.6666666666666,600.3333333333333,604.0,91500,-1.0,-1.0,-1.0
2025/02/25,600.6666666666666,607.6666666666666,597.0,602.0,84300,-1.0,-1.0,-1.0
2025/02/26,601.0,601.6666666666666,594.3333333333333,597.3333333333333,43800,-1.0,-1.0,-1.0
2025/02/27,597.3333333333333,610.6666666666666,595.0,608.6666666666666,26400,-1.0,-1.0,-1.0
2025/02/28,596.6666666666666,605.0,591.6666666666666,599.0,84300,-1.0,-1.0,-1.0
2025/03/03,601.0,608.3333333333333,596.0,599.3333333333333,30000,-1.0,-1.0,-1.0
2025/03/04,599.3333333333333,599.3333333333333,583.3333333333333,587.3333333333333,66300,-1.0,-1.0,-1.0
2025/03/05,585.3333333333333,594.3333333333333,584.3333333333333,588.6666666666666,26100,-1.0,-1.0,-1.0
2025/03/06,589.3333333333333,600.3333333333333,587.0,599.3333333333333,35100,-1.0,-1.0,-1.0
2025/03/07,592.3333333333333,595.3333333333333,590.0,592.0,29100,-1.0,-1.0,-1.0
2025/03/10,593.3333333333333,595.3333333333333,591.3333333333333,593.0,40200,-1.0,-1.0,-1.0
2025/03/11,590.6666666666666,591.6666666666666,575.0,591.6666666666666,107400,-1.0,-1.0,-1.0
2025/03/12,586.3333333333333,595.0,586.3333333333333,592.3333333333333,19200,-1.0,-1.0,-1.0
2025/03/13,593.6666666666666,604.0,593.6666666666666,596.3333333333333,28500,-1.0,-1.0,-1.0
2025/03/14,591.6666666666666,603.3333333333333,591.6666666666666,600.6666666666666,24300,-1.0,-1.0,-1.0
2025/03/17,604.3333333333333,608.3333333333333,603.0,606.6666666666666,50700,-1.0,-1.0,-1.0
2025/03/18,608.3333333333333,608.3333333333333,596.6666666666666,603.3333333333333,100200,-1.0,-1.0,-1.0
2025/03/19,601.0,606.6666666666666,592.6666666666666,598.0,55500,-1.0,-1.0,-1.0
2025/03/21,606.6666666666666,616.0,605.3333333333333,611.6666666666666,102900,-1.0,-1.0,-1.0
2025/03/24,618.6666666666666,621.0,606.3333333333333,609.3333333333333,58200,-1.0,-1.0,-1.0
2025/03/25,609.6666666666666,621.6666666666666,609.0,617.0,74400,-1.0,-1.0,-1.0
2025/03/26,620.6666666666666,627.3333333333333,614.3333333333333,622.0,66900,-1.0,-1.0,-1.0
2025/03/27,621.3333333333333,627.0,613.6666666666666,619.6666666666666,42300,-1.0,-1.0,-1.0
2025/03/28,601.3333333333333,606.6666666666666,597.3333333333333,598.3333333333333,69600,-1.0,-1.0,-1.0
2025/03/31,585.6666666666666,585.6666666666666,569.0,569.3333333333333,139200,-1.0,-1.0,-1.0
2025/04/01,586.3333333333333,593.6666666666666,583.3333333333333,585.0,75600,-1.0,-1.0,-1.0
2025/04/02,585.6666666666666,587.0,577.0,578.6666666666666,26700,-1.0,-1.0,-1.0
2025/04/03,552.0,571.6666666666666,550.0,554.0,145500,-1.0,-1.0,-1.0
2025/04/04,540.6666666666666,540.6666666666666,498.3333333333333,520.0,242400,-1.0,-1.0,-1.0
2025/04/07,454.0,483.3333333333333,451.66666666666663,462.0,213600,-1.0,-1.0,-1.0
2025/04/08,500.0,512.6666666666666,495.0,509.3333333333333,99300,-1.0,-1.0,-1.0
2025/04/09,496.0,509.3333333333333,482.3333333333333,488.0,101700,-1.0,-1.0,-1.0
2025/04/10,534.6666666666666,534.6666666666666,518.6666666666666,526.6666666666666,93300,-1.0,-1.0,-1.0
2025/04/11,511.0,525.3333333333333,504.66666666666663,522.6666666666666,37200,-1.0,-1.0,-1.0
2025/04/14,528.3333333333333,530.6666666666666,523.0,528.3333333333333,36900,-1.0,-1.0,-1.0
2025/04/15,528.3333333333333,536.6666666666666,524.3333333333333,531.0,49200,-1.0,-1.0,-1.0
2025/04/16,529.3333333333333,536.0,515.6666666666666,515.6666666666666,46800,-1.0,-1.0,-1.0
2025/04/17,511.3333333333333,525.6666666666666,511.0,521.3333333333333,30600,-1.0,-1.0,-1.0
2025/04/18,528.0,528.3333333333333,521.6666666666666,527.3333333333333,21300,-1.0,-1.0,-1.0
2025/04/21,527.0,532.6666666666666,521.6666666666666,522.6666666666666,38700,-1.0,-1.0,-1.0
2025/04/22,523.3333333333333,528.0,517.3333333333333,517.6666666666666,28500,-1.0,-1.0,-1.0
2025/04/23,527.0,531.0,523.6666666666666,524.6666666666666,26400,-1.0,-1.0,-1.0
2025/04/24,524.6666666666666,528.6666666666666,523.6666666666666,528.3333333333333,32100,-1.0,-1.0,-1.0
2025/04/25,532.3333333333333,542.3333333333333,527.3333333333333,540.0,62700,-1.0,-1.0,-1.0
2025/04/28,548.6666666666666,552.0,537.6666666666666,542.6666666666666,85800,-1.0,-1.0,-1.0
2025/04/30,546.6666666666666,551.0,541.6666666666666,545.3333333333333,26100,-1.0,-1.0,-1.0
2025/05/01,546.3333333333333,548.3333333333333,539.3333333333333,542.6666666666666,90300,-1.0,-1.0,-1.0
2025/05/02,543.0,548.3333333333333,540.3333333333333,544.0,16800,-1.0,-1.0,-1.0
2025/05/07,545.3333333333333,548.3333333333333,540.0,544.3333333333333,22500,-1.0,-1.0,-1.0
2025/05/08,544.3333333333333,544.6666666666666,539.3333333333333,539.3333333333333,13500,-1.0,-1.0,-1.0
2025/05/09,544.3333333333333,544.3333333333333,535.3333333333333,537.0,58200,-1.0,-1.0,-1.0
2025/05/12,537.0,554.0,537.0,542.3333333333333,89100,-1.0,-1.0,-1.0
2025/05/13,549.3333333333333,555.3333333333333,536.6666666666666,538.6666666666666,92700,-1.0,-1.0,-1.0
2025/05/14,539.6666666666666,548.6666666666666,536.6666666666666,547.0,79800,-1.0,-1.0,-1.0
2025/05/15,573.6666666666666,575.3333333333333,559.0,575.0,349200,-1.0,-1.0,-1.0
2025/05/16,567.0,588.6666666666666,564.3333333333333,566.3333333333333,575700,-1.0,-1.0,-1.0
2025/05/19,567.0,574.6666666666666,563.6666666666666,563.6666666666666,83100,-1.0,-1.0,-1.0
2025/05/20,566.6666666666666,578.0,566.6666666666666,569.3333333333333,71400,-1.0,-1.0,-1.0
2025/05/21,573.3333333333333,586.6666666666666,570.6666666666666,581.6666666666666,311100,-1.0,-1.0,-1.0
2025/05/22,577.6666666666666,584.3333333333333,575.0,581.0,51000,-1.0,-1.0,-1.0
2025/05/23,581.3333333333333,602.6666666666666,580.3333333333333,601.6666666666666,130500,-1.0,-1.0,-1.0
2025/05/26,640.0,656.0,632.3333333333333,645.3333333333333,356700,-1.0,-1.0,-1.0
2025/05/27,646.6666666666666,653.3333333333333,623.3333333333333,625.0,257700,-1.0,-1.0,-1.0
2025/05/28,630.0,634.0,619.0,619.0,203700,-1.0,-1.0,-1.0
2025/05/29,630.6666666666666,641.3333333333333,622.3333333333333,622.3333333333333,116400,-1.0,-1.0,-1.0
2025/05/30,620.0,630.0,620.0,627.3333333333333,131400,-1.0,-1.0,-1.0
2025/06/02,625.0,640.0,625.0,632.0,119700,-1.0,-1.0,-1.0
2025/06/03,632.0,632.0,623.3333333333333,629.6666666666666,58500,-1.0,-1.0,-1.0
2025/06/04,629.6666666666666,641.6666666666666,629.6666666666666,639.0,111000,-1.0,-1.0,-1.0
2025/06/05,639.0,653.3333333333333,631.6666666666666,635.6666666666666,101100,-1.0,-1.0,-1.0
2025/06/06,631.0,635.6666666666666,629.0,629.0,39600,-1.0,-1.0,-1.0
2025/06/09,642.3333333333333,647.0,631.3333333333333,641.6666666666666,154500,-1.0,-1.0,-1.0
2025/06/10,641.6666666666666,683.3333333333333,641.6666666666666,665.6666666666666,356100,-1.0,-1.0,-1.0
2025/06/11,666.0,674.6666666666666,657.0,665.0,85500,-1.0,-1.0,-1.0
2025/06/12,663.3333333333333,670.0,659.6666666666666,663.6666666666666,45000,-1.0,-1.0,-1.0
2025/06/13,665.3333333333333,665.3333333333333,645.6666666666666,646.6666666666666,147900,-1.0,-1.0,-1.0
2025/06/16,645.6666666666666,654.0,639.6666666666666,649.3333333333333,54600,-1.0,-1.0,-1.0
2025/06/17,651.3333333333333,664.0,650.0,654.3333333333333,41700,-1.0,-1.0,-1.0
2025/06/18,648.3333333333333,660.3333333333333,639.3333333333333,652.0,79800,-1.0,-1.0,-1.0
2025/06/19,651.6666666666666,658.3333333333333,643.3333333333333,651.0,55500,-1.0,-1.0,-1.0
2025/06/20,651.0,654.6666666666666,647.0,650.0,48000,-1.0,-1.0,-1.0
2025/06/23,642.0,645.0,635.6666666666666,636.0,84300,-1.0,-1.0,-1.0
2025/06/24,644.3333333333333,665.6666666666666,637.0,663.3333333333333,85500,-1.0,-1.0,-1.0
2025/06/25,669.0,673.0,653.0,664.0,89400,-1.0,-1.0,-1.0
2025/06/26,666.6666666666666,666.6666666666666,657.6666666666666,664.0,38700,-1.0,-1.0,-1.0
2025/06/27,669.6666666666666,678.3333333333333,666.6666666666666,678.3333333333333,60900,-1.0,-1.0,-1.0
2025/06/30,683.3333333333333,692.6666666666666,679.6666666666666,681.0,84900,-1.0,-1.0,-1.0
2025/07/01,679.6666666666666,679.6666666666666,659.0,664.3333333333333,57600,-1.0,-1.0,-1.0
2025/07/02,657.0,668.0,653.6666666666666,659.0,50400,-1.0,-1.0,-1.0
2025/07/03,661.0,662.0,648.6666666666666,652.6666666666666,74400,-1.0,-1.0,-1.0
2025/07/04,658.3333333333333,666.0,653.6666666666666,658.3333333333333,37800,-1.0,-1.0,-1.0
2025/07/07,657.0,657.0,645.0,646.3333333333333,94500,-1.0,-1.0,-1.0
2025/07/08,646.3333333333333,663.0,645.6666666666666,662.6666666666666,36300,-1.0,-1.0,-1.0
2025/07/09,664.6666666666666,664.6666666666666,653.6666666666666,653.6666666666666,18900,-1.0,-1.0,-1.0
2025/07/10,653.6666666666666,655.6666666666666,646.6666666666666,651.6666666666666,14700,-1.0,-1.0,-1.0
2025/07/11,656.3333333333333,661.6666666666666,650.6666666666666,650.6666666666666,29700,-1.0,-1.0,-1.0
2025/07/14,650.6666666666666,659.3333333333333,648.3333333333333,659.3333333333333,46800,-1.0,-1.0,-1.0
2025/07/15,659.3333333333333,659.3333333333333,651.0,651.0,23700,-1.0,-1.0,-1.0
2025/07/16,651.0,651.0,645.3333333333333,646.6666666666666,40800,-1.0,-1.0,-1.0
2025/07/17,645.3333333333333,647.6666666666666,635.0,642.6666666666666,184200,-1.0,-1.0,-1.0
2025/07/18,645.0,650.3333333333333,641.0,646.6666666666666,78000,-1.0,-1.0,-1.0
2025/07/22,660.0,673.3333333333333,650.0,666.6666666666666,140400,-1.0,-1.0,-1.0
2025/07/23,673.3333333333333,699.6666666666666,673.3333333333333,682.6666666666666,136800,-1.0,-1.0,-1.0
2025/07/24,683.3333333333333,702.3333333333333,670.6666666666666,699.6666666666666,136200,-1.0,-1.0,-1.0
2025/07/25,705.3333333333333,709.3333333333333,697.6666666666666,700.6666666666666,70500,-1.0,-1.0,-1.0
2025/07/28,701.6666666666666,702.0,690.6666666666666,696.6666666666666,56100,-1.0,-1.0,-1.0
2025/07/29,696.6666666666666,697.6666666666666,688.0,693.0,19500,-1.0,-1.0,-1.0
2025/07/30,697.0,698.0,686.6666666666666,695.3333333333333,68100,-1.0,-1.0,-1.0
2025/07/31,692.6666666666666,702.0,687.0,699.0,64800,-1.0,-1.0,-1.0
2025/08/01,697.6666666666666,698.6666666666666,691.6666666666666,694.6666666666666,21000,-1.0,-1.0,-1.0
2025/08/04,678.0,689.0,672.0,686.3333333333333,39600,-1.0,-1.0,-1.0
2025/08/05,693.6666666666666,698.3333333333333,688.0,698.0,48600,-1.0,-1.0,-1.0
2025/08/06,700.0,701.6666666666666,693.6666666666666,699.6666666666666,53700,-1.0,-1.0,-1.0
2025/08/07,698.6666666666666,702.0,693.6666666666666,698.0,64500,-1.0,-1.0,-1.0
2025/08/08,702.0,712.6666666666666,683.0,685.3333333333333,139200,-1.0,-1.0,-1.0
2025/08/12,640.3333333333333,652.6666666666666,620.0,630.3333333333333,542700,-1.0,-1.0,-1.0
2025/08/13,637.6666666666666,643.0,624.3333333333333,627.3333333333333,150300,-1.0,-1.0,-1.0
2025/08/14,627.3333333333333,632.0,620.3333333333333,632.0,137700,-1.0,-1.0,-1.0
2025/08/15,632.0,636.0,626.6666666666666,630.0,92400,-1.0,-1.0,-1.0
2025/08/18,630.6666666666666,637.0,630.3333333333333,634.6666666666666,87600,-1.0,-1.0,-1.0
2025/08/19,635.3333333333333,645.3333333333333,632.0,645.0,114300,-1.0,-1.0,-1.0
2025/08/20,646.6666666666666,646.6666666666666,634.0,635.3333333333333,86100,-1.0,-1.0,-1.0
2025/08/21,636.6666666666666,641.0,635.3333333333333,638.6666666666666,45600,-1.0,-1.0,-1.0
2025/08/22,642.0,648.6666666666666,639.3333333333333,643.3333333333333,49800,-1.0,-1.0,-1.0
2025/08/25,654.6666666666666,668.3333333333333,654.6666666666666,665.6666666666666,169200,-1.0,-1.0,-1.0
2025/08/26,663.3333333333333,665.0,659.0,659.0,48900,-1.0,-1.0,-1.0
2025/08/27,658.6666666666666,660.0,651.6666666666666,651.6666666666666,34800,-1.0,-1.0,-1.0
2025/08/28,650.0,653.3333333333333,647.3333333333333,649.0,29400,-1.0,-1.0,-1.0
2025/08/29,658.3333333333333,681.6666666666666,658.3333333333333,666.0,162300,-1.0,-1.0,-1.0
2025/09/01,663.6666666666666,666.3333333333333,656.6666666666666,662.0,52800,-1.0,-1.0,-1.0
2025/09/02,662.0,675.0,662.0,666.6666666666666,76500,-1.0,-1.0,-1.0
2025/09/03,666.6666666666666,671.6666666666666,666.3333333333333,667.0,34200,-1.0,-1.0,-1.0
2025/09/04,666.3333333333333,669.6666666666666,665.6666666666666,666.6666666666666,20100,-1.0,-1.0,-1.0
2025/09/05,670.0,673.6666666666666,662.6666666666666,665.0,29100,-1.0,-1.0,-1.0
2025/09/08,666.6666666666666,669.3333333333333,660.6666666666666,666.0,46500,-1.0,-1.0,-1.0
2025/09/09,666.0,669.0,660.6666666666666,661.3333333333333,57900,-1.0,-1.0,-1.0
2025/09/10,662.0,673.0,662.0,668.6666666666666,27000,-1.0,-1.0,-1.0
2025/09/11,668.6666666666666,673.3333333333333,667.6666666666666,668.3333333333333,27000,-1.0,-1.0,-1.0
2025/09/12,668.3333333333333,669.0,659.3333333333333,661.0,41100,-1.0,-1.0,-1.0
2025/09/16,660.0,660.0,650.0,658.0,70500,-1.0,-1.0,-1.0
2025/09/17,652.0,656.0,650.0,652.3333333333333,54300,-1.0,-1.0,-1.0
2025/09/18,652.3333333333333,655.6666666666666,645.6666666666666,655.0,33600,-1.0,-1.0,-1.0
2025/09/19,655.0,666.3333333333333,649.0,666.3333333333333,93600,-1.0,-1.0,-1.0
2025/09/22,669.6666666666666,670.0,653.3333333333333,663.6666666666666,45600,-1.0,-1.0,-1.0
2025/09/24,666.6666666666666,667.0,655.0,658.6666666666666,58800,-1.0,-1.0,-1.0
2025/09/25,658.6666666666666,659.3333333333333,653.3333333333333,653.6666666666666,27600,-1.0,-1.0,-1.0
2025/09/26,653.3333333333333,657.0,651.0,651.6666666666666,40200,-1.0,-1.0,-1.0
2025/09/29,648.3333333333333,651.3333333333333,627.0,633.3333333333333,213000,-1.0,-1.0,-1.0
2025/09/30,639.6666666666666,639.6666666666666,625.0,633.3333333333333,59700,-1.0,-1.0,-1.0
2025/10/01,626.6666666666666,626.6666666666666,613.0,614.3333333333333,101400,-1.0,-1.0,-1.0
2025/10/02,618.6666666666666,618.6666666666666,606.0,608.6666666666666,43500,-1.0,-1.0,-1.0
2025/10/03,614.6666666666666,614.6666666666666,610.0,610.0,43500,-1.0,-1.0,-1.0
2025/10/06,625.0,629.6666666666666,618.0,628.6666666666666,65100,-1.0,-1.0,-1.0
2025/10/07,632.6666666666666,632.6666666666666,623.6666666666666,628.0,44400,-1.0,-1.0,-1.0
2025/10/08,628.3333333333333,631.3333333333333,624.0,624.0,27300,-1.0,-1.0,-1.0
2025/10/09,622.6666666666666,630.6666666666666,621.3333333333333,627.3333333333333,90600,-1.0,-1.0,-1.0
2025/10/10,626.3333333333333,627.3333333333333,615.6666666666666,615.6666666666666,46500,-1.0,-1.0,-1.0
2025/10/14,602.3333333333333,610.0,594.6666666666666,600.3333333333333,127800,-1.0,-1.0,-1.0
2025/10/15,603.6666666666666,608.6666666666666,601.3333333333333,608.6666666666666,28200,-1.0,-1.0,-1.0
2025/10/16,609.0,613.0,602.6666666666666,607.0,52500,-1.0,-1.0,-1.0
2025/10/17,605.3333333333333,610.0,605.3333333333333,609.0,23700,-1.0,-1.0,-1.0
2025/10/20,616.6666666666666,626.0,615.6666666666666,626.0,52500,-1.0,-1.0,-1.0
2025/10/21,626.0,628.3333333333333,615.3333333333333,618.3333333333333,39000,-1.0,-1.0,-1.0
2025/10/22,622.6666666666666,622.6666666666666,618.3333333333333,620.0,20700,-1.0,-1.0,-1.0
2025/10/23,620.0,622.3333333333333,617.3333333333333,622.3333333333333,10200,-1.0,-1.0,-1.0
2025/10/24,623.3333333333333,626.6666666666666,618.0,626.6666666666666,19500,-1.0,-1.0,-1.0
2025/10/27,630.0,632.6666666666666,627.6666666666666,630.0,31200,-1.0,-1.0,-1.0
2025/10/28,628.0,630.0,617.3333333333333,617.3333333333333,39600,-1.0,-1.0,-1.0
2025/10/29,617.6666666666666,618.3333333333333,613.6666666666666,613.6666666666666,28800,-1.0,-1.0,-1.0
2025/10/30,613.3333333333333,618.0,613.0,617.6666666666666,25500,-1.0,-1.0,-1.0
2025/10/31,622.3333333333333,622.3333333333333,610.3333333333333,612.0,69300,-1.0,-1.0,-1.0
2025/11/04,612.0,614.3333333333333,610.0,610.0,37200,-1.0,-1.0,-1.0
2025/11/05,610.0,610.3333333333333,596.6666666666666,604.3333333333333,70800,-1.0,-1.0,-1.0
2025/11/06,608.6666666666666,613.0,605.3333333333333,613.0,36900,-1.0,-1.0,-1.0
2025/11/07,611.6666666666666,611.6666666666666,603.0,608.0,35400,-1.0,-1.0,-1.0
2025/11/10,611.6666666666666,614.3333333333333,607.3333333333333,608.6666666666666,23400,-1.0,-1.0,-1.0
2025/11/11,608.6666666666666,610.6666666666666,606.3333333333333,606.3333333333333,26100,-1.0,-1.0,-1.0
2025/11/12,606.6666666666666,613.6666666666666,606.6666666666666,611.6666666666666,40200,-1.0,-1.0,-1.0
2025/11/13,613.6666666666666,624.6666666666666,613.3333333333333,620.0,65400,-1.0,-1.0,-1.0
2025/11/14,627.0,629.6666666666666,620.0,622.0,114600,-1.0,-1.0,-1.0
2025/11/17,629.6666666666666,629.6666666666666,620.3333333333333,623.3333333333333,33900,-1.0,-1.0,-1.0
2025/11/18,621.6666666666666,623.0,614.0,615.3333333333333,51000,-1.0,-1.0,-1.0
2025/11/19,616.0,618.3333333333333,605.3333333333333,613.3333333333333,84300,-1.0,-1.0,-1.0
2025/11/20,619.0,623.3333333333333,618.3333333333333,621.3333333333333,34200,-1.0,-1.0,-1.0
2025/11/21,618.0,621.0,614.6666666666666,620.0,36900,-1.0,-1.0,-1.0
2025/11/25,622.6666666666666,638.0,622.6666666666666,630.0,70500,-1.0,-1.0,-1.0
2025/11/26,630.0,632.6666666666666,626.6666666666666,632.6666666666666,31500,-1.0,-1.0,-1.0
2025/11/27,635.0,642.6666666666666,634.6666666666666,638.0,59700,-1.0,-1.0,-1.0
2025/11/28,638.0,641.6666666666666,637.0,641.3333333333333,25800,-1.0,-1.0,-1.0
2025/12/01,643.6666666666666,650.6666666666666,639.0,639.0,45300,-1.0,-1.0,-1.0
2025/12/02,641.3333333333333,643.3333333333333,638.0,638.0,44100,-1.0,-1.0,-1.0
2025/12/03,641.0,643.3333333333333,637.6666666666666,643.0,49800,-1.0,-1.0,-1.0
2025/12/04,643.3333333333333,655.6666666666666,642.3333333333333,655.6666666666666,146400,-1.0,-1.0,-1.0
2025/12/05,656.6666666666666,656.6666666666666,643.6666666666666,645.0,36300,-1.0,-1.0,-1.0
2025/12/08,645.3333333333333,646.6666666666666,643.6666666666666,645.3333333333333,22500,-1.0,-1.0,-1.0
2025/12/09,643.3333333333333,645.3333333333333,636.6666666666666,639.0,31500,-1.0,-1.0,-1.0
2025/12/10,639.3333333333333,640.6666666666666,636.0,639.6666666666666,21900,-1.0,-1.0,-1.0
2025/12/11,643.6666666666666,643.6666666666666,631.3333333333333,639.3333333333333,36600,-1.0,-1.0,-1.0
2025/12/12,638.3333333333333,642.0,638.0,641.6666666666666,15900,-1.0,-1.0,-1.0
2025/12/15,642.6666666666666,652.3333333333333,642.6666666666666,646.6666666666666,42900,-1.0,-1.0,-1.0
2025/12/16,646.6666666666666,647.3333333333333,635.3333333333333,642.3333333333333,32700,-1.0,-1.0,-1.0
2025/12/17,646.0,646.0,639.3333333333333,640.3333333333333,22500,-1.0,-1.0,-1.0
2025/12/18,640.3333333333333,646.0,636.0,646.0,15300,-1.0,-1.0,-1.0
2025/12/19,646.3333333333333,648.3333333333333,641.6666666666666,645.0,14400,-1.0,-1.0,-1.0
2025/12/22,648.0,651.6666666666666,647.3333333333333,647.3333333333333,46800,-1.0,-1.0,-1.0
2025/12/23,650.6666666666666,657.3333333333333,649.3333333333333,656.0,37500,-1.0,-1.0,-1.0
2025/12/24,660.0,663.3333333333333,657.0,660.0,28500,-1.0,-1.0,-1.0
2025/12/25,665.6666666666666,666.0,660.6666666666666,665.0,48900,-1.0,-1.0,-1.0
2025/12/26,667.0,672.6666666666666,664.3333333333333,671.3333333333333,121800,-1.0,-1.0,-1.0
2025/12/29,671.6666666666666,693.0,671.6666666666666,693.0,84600,-1.0,-1.0,-1.0
2025/12/30,691.6666666666666,691.6666666666666,684.3333333333333,685.0,45600,-1.0,-1.0,-1.0
2026/01/05,690.3333333333333,706.3333333333333,690.3333333333333,696.6666666666666,74400,-1.0,-1.0,-1.0
2026/01/06,701.0,705.0,683.0,694.3333333333333,86700,-1.0,-1.0,-1.0
2026/01/07,693.3333333333333,694.6666666666666,682.0,694.0,61200,-1.0,-1.0,-1.0
2026/01/08,696.6666666666666,704.3333333333333,693.6666666666666,699.6666666666666,57900,-1.0,-1.0,-1.0
2026/01/09,703.6666666666666,703.6666666666666,697.3333333333333,700.6666666666666,17700,-1.0,-1.0,-1.0
2026/01/13,713.0,713.3333333333333,704.0,710.0,82500,-1.0,-1.0,-1.0
2026/01/14,715.0,731.6666666666666,715.0,725.3333333333333,69000,-1.0,-1.0,-1.0
2026/01/15,721.3333333333333,733.3333333333333,721.3333333333333,730.6666666666666,55500,-1.0,-1.0,-1.0
2026/01/16,730.6666666666666,746.3333333333333,727.3333333333333,745.6666666666666,41700,-1.0,-1.0,-1.0
2026/01/19,747.0,747.0,733.3333333333333,741.0,60000,-1.0,-1.0,-1.0
2026/01/20,734.3333333333333,737.6666666666666,725.0,727.3333333333333,36000,-1.0,-1.0,-1.0
2026/01/21,711.6666666666666,721.6666666666666,707.6666666666666,717.6666666666666,74100,-1.0,-1.0,-1.0
2026/01/22,721.6666666666666,728.3333333333333,718.3333333333333,725.6666666666666,36900,-1.0,-1.0,-1.0
2026/01/23,726.0,740.0,720.0,726.0,72600,-1.0,-1.0,-1.0
2026/01/26,723.6666666666666,728.3333333333333,715.6666666666666,723.6666666666666,39900,-1.0,-1.0,-1.0
2026/01/27,722.0,730.3333333333333,719.6666666666666,725.0,65700,-1.0,-1.0,-1.0
2026/01/28,727.6666666666666,727.6666666666666,709.3333333333333,715.3333333333333,74400,-1.0,-1.0,-1.0
2026/01/29,709.0,716.3333333333333,709.0,714.3333333333333,45000,-1.0,-1.0,-1.0
2026/01/30,714.6666666666666,721.6666666666666,714.3333333333333,721.3333333333333,49200,-1.0,-1.0,-1.0
2026/02/02,722.0,730.0,711.0,713.3333333333333,44100,-1.0,-1.0,-1.0
2026/02/03,717.6666666666666,733.0,716.6666666666666,733.0,44100,-1.0,-1.0,-1.0
2026/02/04,733.3333333333333,740.6666666666666,717.0,740.6666666666666,42300,-1.0,-1.0,-1.0
2026/02/05,746.6666666666666,746.6666666666666,739.0,742.3333333333333,19200,-1.0,-1.0,-1.0
2026/02/06,740.6666666666666,740.6666666666666,726.6666666666666,730.6666666666666,29700,-1.0,-1.0,-1.0
2026/02/09,746.6666666666666,746.6666666666666,734.6666666666666,743.3333333333333,31800,-1.0,-1.0,-1.0
2026/02/10,748.0,763.0,746.3333333333333,760.6666666666666,45600,-1.0,-1.0,-1.0
2026/02/12,773.0,782.6666666666666,768.0,776.6666666666666,73500,-1.0,-1.0,-1.0
2026/02/13,783.0,784.3333333333333,759.6666666666666,762.3333333333333,96900,-1.0,-1.0,-1.0
2026/02/16,729.0,731.3333333333333,711.6666666666666,731.3333333333333,184500,-1.0,-1.0,-1.0
2026/02/17,731.3333333333333,733.3333333333333,717.3333333333333,731.0,48600,-1.0,-1.0,-1.0
2026/02/18,731.0,744.0,731.0,739.3333333333333,51000,-1.0,-1.0,-1.0
2026/02/19,744.0,752.6666666666666,740.3333333333333,746.3333333333333,33600,-1.0,-1.0,-1.0
2026/02/20,754.0,754.0,743.6666666666666,746.0,30000,-1.0,-1.0,-1.0
2026/02/24,757.3333333333333,766.6666666666666,747.0,755.0,57900,-1.0,-1.0,-1.0
2026/02/25,755.0,770.0,755.0,762.0,54900,-1.0,-1.0,-1.0
2026/02/26,766.0,768.0,758.3333333333333,764.3333333333333,33900,-1.0,-1.0,-1.0
2026/02/27,763.6666666666666,773.0,758.6666666666666,772.0,38400,-1.0,-1.0,-1.0
2026/03/02,760.6666666666666,760.6666666666666,747.0,754.0,57300,-1.0,-1.0,-1.0
2026/03/02,760.6666666666666,760.6666666666666,747.0,754.0,57300,-1.0,-1.0,-1.0
2026/03/02,760.6666666666666,760.6666666666666,747.0,754.0,57300,-1.0,-1.0,-1.0
2026/03/02,760.6666666666666,760.6666666666666,747.0,754.0,57300,-1.0,-1.0,-1.0
2026/03/03,759.0,786.6666666666666,752.6666666666666,780.0,203100,-1.0,-1.0,-1.0
2026/03/04,753.6666666666666,774.3333333333333,720.3333333333333,733.6666666666666,190200,-1.0,-1.0,-1.0
2026/03/05,749.3333333333333,780.0,749.3333333333333,772.3333333333333,176100,-1.0,-1.0,-1.0
2026/03/06,766.3333333333333,777.6666666666666,754.6666666666666,771.6666666666666,61200,-1.0,-1.0,-1.0
2026/03/09,733.3333333333333,735.3333333333333,714.0,730.6666666666666,117000,-1.0,-1.0,-1.0
2026/03/10,763.6666666666666,772.0,743.3333333333333,767.6666666666666,105600,-1.0,-1.0,-1.0
2026/03/11,770.6666666666666,799.0,770.6666666666666,783.6666666666666,69900,-1.0,-1.0,-1.0
2026/03/12,783.3333333333333,783.3333333333333,752.0,765.6666666666666,55500,-1.0,-1.0,-1.0
2026/03/13,765.0,765.0,741.6666666666666,742.0,54600,-1.0,-1.0,-1.0
2026/03/16,733.6666666666666,748.3333333333333,729.3333333333333,745.3333333333333,121500,-1.0,-1.0,-1.0
2026/03/17,746.0,755.0,741.0,743.6666666666666,45300,-1.0,-1.0,-1.0
2026/03/18,744.0,761.0,744.0,760.6666666666666,32100,-1.0,-1.0,-1.0
2026/03/19,748.6666666666666,748.6666666666666,723.3333333333333,723.3333333333333,41400,-1.0,-1.0,-1.0
2026/03/23,708.3333333333333,708.3333333333333,677.0,695.3333333333333,147600,-1.0,-1.0,-1.0
2026/03/24,712.0,712.0,698.3333333333333,711.3333333333333,104400,-1.0,-1.0,-1.0
2026/03/25,723.3333333333333,724.3333333333333,715.6666666666666,715.6666666666666,31500,-1.0,-1.0,-1.0
2026/03/26,716.3333333333333,716.3333333333333,697.3333333333333,697.3333333333333,36300,-1.0,-1.0,-1.0
2026/03/27,695.3333333333333,703.3333333333333,692.6666666666666,703.3333333333333,30900,-1.0,-1.0,-1.0
2026/03/30,657.3333333333333,665.0,651.3333333333333,663.0,129300,-1.0,-1.0,-1.0
2026/03/31,660.6666666666666,673.3333333333333,656.6666666666666,659.3333333333333,55200,-1.0,-1.0,-1.0
2026/04/01,686.3333333333333,686.3333333333333,667.3333333333333,679.6666666666666,111000,-1.0,-1.0,-1.0
2026/04/02,680.6666666666666,689.6666666666666,669.3333333333333,675.6666666666666,31200,-1.0,-1.0,-1.0
2026/04/03,675.6666666666666,687.3333333333333,673.0,679.0,39600,-1.0,-1.0,-1.0
2026/04/06,678.6666666666666,691.3333333333333,677.6666666666666,684.0,64500,-1.0,-1.0,-1.0
2026/04/07,691.6666666666666,694.6666666666666,684.6666666666666,692.0,42300,-1.0,-1.0,-1.0
2026/04/08,699.6666666666666,714.0,699.6666666666666,710.3333333333333,34500,-1.0,-1.0,-1.0
2026/04/09,718.0,718.3333333333333,700.6666666666666,706.0,39900,-1.0,-1.0,-1.0
2026/04/10,717.3333333333333,726.3333333333333,699.0,702.0,115800,-1.0,-1.0,-1.0
2026/04/13,702.0,716.0,702.0,706.3333333333333,57900,-1.0,-1.0,-1.0
2026/04/14,714.3333333333333,722.0,703.3333333333333,707.0,53700,-1.0,-1.0,-1.0
2026/04/15,713.0,715.0,699.0,703.6666666666666,44100,-1.0,-1.0,-1.0
2026/04/16,703.6666666666666,714.3333333333333,702.0,707.6666666666666,24000,-1.0,-1.0,-1.0
2026/04/17,711.6666666666666,711.6666666666666,699.3333333333333,707.3333333333333,12000,-1.0,-1.0,-1.0
2026/04/20,710.0,710.6666666666666,701.6666666666666,707.6666666666666,26400,-1.0,-1.0,-1.0
2026/04/21,707.6666666666666,713.3333333333333,703.6666666666666,707.6666666666666,24900,-1.0,-1.0,-1.0
2026/04/22,708.0,708.0,702.0,705.3333333333333,27000,-1.0,-1.0,-1.0
2026/04/23,706.6666666666666,706.6666666666666,690.0,694.6666666666666,56400,-1.0,-1.0,-1.0
2026/04/24,698.0,708.6666666666666,681.0,687.3333333333333,63000,-1.0,-1.0,-1.0
2026/04/27,696.6666666666666,705.0,682.6666666666666,705.0,53700,-1.0,-1.0,-1.0
2026/04/28,698.3333333333333,715.6666666666666,696.6666666666666,704.6666666666666,38100,-1.0,-1.0,-1.0
2026/04/30,698.6666666666666,701.6666666666666,686.6666666666666,696.0,35400,-1.0,-1.0,-1.0
2026/05/01,688.6666666666666,704.6666666666666,685.0,700.3333333333333,23400,-1.0,-1.0,-1.0
2026/05/07,706.3333333333333,723.3333333333333,705.0,716.0,40200,-1.0,-1.0,-1.0
2026/05/08,716.0,739.0,716.0,736.3333333333333,82200,-1.0,-1.0,-1.0
2026/05/11,749.3333333333333,770.0,744.3333333333333,762.0,113100,-1.0,-1.0,-1.0
2026/05/12,766.3333333333333,769.3333333333333,741.6666666666666,741.6666666666666,36000,-1.0,-1.0,-1.0
2026/05/13,740.6666666666666,746.3333333333333,725.3333333333333,738.0,43500,-1.0,-1.0,-1.0
2026/05/14,738.3333333333333,772.6666666666666,716.6666666666666,766.0,143400,-1.0,-1.0,-1.0
2026/05/15,804.0,849.0,792.3333333333333,801.0,131700,-1.0,-1.0,-1.0
2026/05/18,808.3333333333333,852.0,808.3333333333333,839.0,196500,-1.0,-1.0,-1.0
2026/05/19,839.0,839.0,810.0,820.6666666666666,57600,-1.0,-1.0,-1.0
2026/05/20,813.0,815.0,782.0,790.6666666666666,77700,-1.0,-1.0,-1.0
2026/05/21,803.6666666666666,821.6666666666666,800.3333333333333,816.6666666666666,45600,-1.0,-1.0,-1.0
2026/05/22,832.6666666666666,846.0,826.3333333333333,836.0,100200,-1.0,-1.0,-1.0
2026/05/25,852.6666666666666,862.0,825.3333333333333,829.6666666666666,62100,-1.0,-1.0,-1.0
2026/05/26,833.6666666666666,850.6666666666666,825.3333333333333,842.3333333333333,89100,-1.0,-1.0,-1.0
2026/05/27,846.6666666666666,856.6666666666666,826.0,849.6666666666666,62700,-1.0,-1.0,-1.0
2026/05/28,840.0,847.6666666666666,823.0,846.6666666666666,60600,-1.0,-1.0,-1.0
2026/05/29,842.3333333333333,898.6666666666666,842.3333333333333,883.3333333333333,118500,-1.0,-1.0,-1.0
2026/06/01,883.3333333333333,892.3333333333333,861.3333333333333,874.3333333333333,56400,-1.0,-1.0,-1.0
2026/06/02,874.3333333333333,895.3333333333333,845.6666666666666,885.3333333333333,73800,-1.0,-1.0,-1.0
2026/06/03,897.3333333333333,903.6666666666666,880.6666666666666,891.6666666666666,70800,-1.0,-1.0,-1.0
2026/06/04,891.3333333333333,891.3333333333333,858.3333333333333,872.6666666666666,45600,-1.0,-1.0,-1.0
2026/06/05,876.6666666666666,911.6666666666666,876.6666666666666,907.0,56700,-1.0,-1.0,-1.0
2026/06/08,871.0,873.3333333333333,848.3333333333333,867.3333333333333,118500,-1.0,-1.0,-1.0
2026/06/09,882.3333333333333,900.0,870.6666666666666,877.3333333333333,45300,-1.0,-1.0,-1.0
2026/06/10,870.0,880.0,850.0,861.0,110400,-1.0,-1.0,-1.0
2026/06/11,845.0,849.6666666666666,825.6666666666666,840.0,75600,-1.0,-1.0,-1.0
2026/06/12,856.6666666666666,870.0,840.0,868.0,63600,-1.0,-1.0,-1.0
2026/06/15,870.0,877.0,861.0,877.0,58200,-1.0,-1.0,-1.0
2026/06/16,877.0,877.0,856.6666666666666,866.6666666666666,33600,-1.0,-1.0,-1.0
2026/06/17,866.6666666666666,886.6666666666666,865.0,883.0,43800,-1.0,-1.0,-1.0
2026/06/18,890.3333333333333,893.3333333333333,871.6666666666666,884.6666666666666,52800,-1.0,-1.0,-1.0
2026/06/19,896.0,896.0,875.6666666666666,885.3333333333333,37200,-1.0,-1.0,-1.0
2026/06/22,895.6666666666666,905.0,886.0,900.0,30900,-1.0,-1.0,-1.0
2026/06/23,900.0,905.0,881.0,883.0,63900,-1.0,-1.0,-1.0
2026/06/24,893.3333333333333,915.6666666666666,876.3333333333333,908.0,69600,-1.0,-1.0,-1.0
2026/06/25,907.0,933.3333333333333,894.3333333333333,933.3333333333333,85800,-1.0,-1.0,-1.0
2026/06/26,950.0,950.6666666666666,917.6666666666666,943.6666666666666,207300,-1.0,-1.0,-1.0
2026/06/29,960.3333333333333,966.6666666666666,923.0,945.3333333333333,197700,-1.0,-1.0,-1.0
2026/06/30,947.0,958.0,935.3333333333333,952.0,55200,-1.0,-1.0,-1.0
2026/07/01,952.0,968.0,947.0,963.3333333333333,55500,-1.0,-1.0,-1.0
2026/07/02,966.6666666666666,986.0,957.3333333333333,986.0,60000,-1.0,-1.0,-1.0
2026/07/03,996.6666666666666,1010.0,973.6666666666666,1010.0,88500,-1.0,-1.0,-1.0
2026/07/06,1020.0,1033.3333333333333,983.3333333333333,998.3333333333333,113400,-1.0,-1.0,-1.0
2026/07/07,985.3333333333333,1000.0,913.0,918.3333333333333,323100,-1.0,-1.0,-1.0
2026/07/08,908.3333333333333,926.0,905.3333333333333,915.3333333333333,151500,-1.0,-1.0,-1.0
2026/07/09,915.3333333333333,919.0,901.6666666666666,908.6666666666666,42600,-1.0,-1.0,-1.0
2026/07/10,920.6666666666666,928.0,908.6666666666666,908.6666666666666,26100,-1.0,-1.0,-1.0
2026/07/13,910.0,925.0,900.0,914.0,53101,-1.0,-1.0,-1.0
2026/07/14,909.0,919.0,899.0,912.0,63301,-1.0,-1.0,-1.0
2026/07/15,916.0,916.0,902.0,913.0,26100,-1.0,-1.0,-1.0
2026/07/16,913.0,913.0,896.0,899.0,38400,-1.0,-1.0,-1.0
2026/07/17,900.0,907.0,866.0,884.0,104701,-1.0,-1.0,-1.0
2026/07/21,894.0,899.0,883.0,898.0,35400,-1.0,-1.0,-1.0
2026/07/22,903.0,916.0,902.0,903.0,38100,-1.0,-1.0,-1.0
2026/07/23,920.0,935.0,916.0,934.0,88201,-1.0,-1.0,-1.0
2026/07/24,950.0,950.0,913.0,933.0,80401,-1.0,-1.0,-1.0
2026/07/27,943.0,949.0,921.0,923.0,65101,-1.0,-1.0,-1.0
2026/07/28,932.0,932.0,906.0,910.0,81901,-1.0,-1.0,-1.0
2026/07/29,910.0,910.0,876.0,879.0,105301,-1.0,-1.0,-1.0
2026/07/30,854.0,883.0,841.0,851.0,81700,-1.0,-1.0,-1.0
2026/07/31,881.0,888.0,855.0,886.0,73000,-1.0,-1.0,-1.0
2026/08/03,856.0,885.0,854.0,882.0,62800,-1.0,-1.0,-1.0
2026/08/04,890.0,916.0,890.0,901.0,43900,-1.0,-1.0,-1.0
2026/08/05,919.0,935.0,915.0,928.0,65300,-1.0,-1.0,-1.0
2026/08/06,928.0,953.0,921.0,950.0,59900,-1.0,-1.0,-1.0
2026/08/07,957.0,957.0,905.0,923.0,92100,-1.0,-1.0,-1.0
2026/08/10,968.0,989.0,937.0,940.0,152000,-1.0,-1.0,-1.0
2026/08/12,945.0,977.0,934.0,960.0,54600,-1.0,-1.0,-1.0
