date,open,high,low,close,volume,rs_nikkei,rs_topix,rs
2014/03/26,377.8,382.20000000000005,374.40000000000003,382.0,6209500,-1.0,-1.0,-1.0
2014/03/27,380.20000000000005,384.0,374.40000000000003,383.20000000000005,3757500,-1.0,-1.0,-1.0
2014/03/28,380.0,385.0,374.20000000000005,385.0,3285500,-1.0,-1.0,-1.0
2014/03/31,387.20000000000005,396.0,381.20000000000005,395.8,4436000,-1.0,-1.0,-1.0
2014/04/01,396.0,397.8,383.6,388.8,4518500,-1.0,-1.0,-1.0
2014/04/02,390.6,394.40000000000003,386.0,392.0,2738000,-1.0,-1.0,-1.0
2014/04/03,389.0,394.0,387.40000000000003,387.8,3156000,-1.0,-1.0,-1.0
2014/04/04,388.6,402.8,388.20000000000005,400.6,3983000,-1.0,-1.0,-1.0
2014/04/07,395.40000000000003,398.8,394.20000000000005,395.40000000000003,1928500,-1.0,-1.0,-1.0
2014/04/08,394.0,395.20000000000005,386.20000000000005,388.40000000000003,1987500,-1.0,-1.0,-1.0
2014/04/09,382.40000000000003,387.20000000000005,375.0,377.6,3396000,-1.0,-1.0,-1.0
2014/04/10,379.8,385.40000000000003,372.8,377.6,2674500,-1.0,-1.0,-1.0
2014/04/11,369.6,375.8,368.0,370.20000000000005,3167000,-1.0,-1.0,-1.0
2014/04/14,365.40000000000003,373.40000000000003,363.40000000000003,368.40000000000003,2587000,-1.0,-1.0,-1.0
2014/04/15,373.6,374.40000000000003,368.40000000000003,369.6,1491500,-1.0,-1.0,-1.0
2014/04/16,374.20000000000005,377.8,372.40000000000003,376.6,1546000,-1.0,-1.0,-1.0
2014/04/17,377.8,380.40000000000003,372.20000000000005,373.40000000000003,2724500,-1.0,-1.0,-1.0
2014/04/18,376.0,378.6,373.0,378.40000000000003,1385000,-1.0,-1.0,-1.0
2014/04/21,380.0,385.20000000000005,378.0,380.20000000000005,1158500,-1.0,-1.0,-1.0
2014/04/22,382.20000000000005,384.20000000000005,377.0,377.6,1300000,-1.0,-1.0,-1.0
2014/04/23,380.40000000000003,386.20000000000005,378.8,385.6,2203500,-1.0,-1.0,-1.0
2014/04/24,386.0,388.0,380.20000000000005,382.6,2622500,-1.0,-1.0,-1.0
2014/04/25,385.6,394.8,378.8,386.6,4504000,-1.0,-1.0,-1.0
2014/04/28,384.6,385.6,377.8,380.8,2677000,-1.0,-1.0,-1.0
2014/04/30,385.20000000000005,387.6,375.40000000000003,376.8,3283500,-1.0,-1.0,-1.0
2014/05/01,378.8,382.40000000000003,373.0,375.8,2298000,-1.0,-1.0,-1.0
2014/05/02,375.0,377.8,371.0,377.20000000000005,1713500,-1.0,-1.0,-1.0
2014/05/07,371.0,371.20000000000005,360.6,361.0,3285500,-1.0,-1.0,-1.0
2014/05/08,365.0,370.8,364.0,367.8,2366500,-1.0,-1.0,-1.0
2014/05/09,365.20000000000005,373.40000000000003,365.20000000000005,370.6,2457000,-1.0,-1.0,-1.0
2014/05/12,372.40000000000003,374.40000000000003,368.0,368.6,2190000,-1.0,-1.0,-1.0
2014/05/13,374.6,376.20000000000005,372.0,375.6,1843000,-1.0,-1.0,-1.0
2014/05/14,373.6,377.0,373.20000000000005,374.8,969000,-1.0,-1.0,-1.0
2014/05/15,370.40000000000003,375.40000000000003,369.40000000000003,373.6,2515500,-1.0,-1.0,-1.0
2014/05/16,370.20000000000005,370.20000000000005,363.6,369.40000000000003,1925000,-1.0,-1.0,-1.0
2014/05/19,368.6,373.0,367.40000000000003,372.0,2078500,-1.0,-1.0,-1.0
2014/05/20,372.6,378.6,367.8,377.6,3222500,-1.0,-1.0,-1.0
2014/05/21,371.8,375.0,369.6,375.0,2493000,-1.0,-1.0,-1.0
2014/05/22,378.20000000000005,382.6,377.8,380.8,2195000,-1.0,-1.0,-1.0
2014/05/23,380.8,387.0,380.0,385.8,2036000,-1.0,-1.0,-1.0
2014/05/26,388.0,388.0,383.6,387.20000000000005,2199000,-1.0,-1.0,-1.0
2014/05/27,389.0,394.8,387.6,393.8,2026500,-1.0,-1.0,-1.0
2014/05/28,396.6,401.8,396.6,400.0,3019000,-1.0,-1.0,-1.0
2014/05/29,400.0,401.0,398.20000000000005,399.40000000000003,1986000,-1.0,-1.0,-1.0
2014/05/30,402.6,407.8,400.40000000000003,404.0,2095500,-1.0,-1.0,-1.0
2014/06/02,407.8,408.8,402.40000000000003,405.6,1662000,-1.0,-1.0,-1.0
2014/06/03,407.0,410.0,405.8,407.40000000000003,1941500,-1.0,-1.0,-1.0
2014/06/04,409.0,409.8,405.20000000000005,409.0,1925500,-1.0,-1.0,-1.0
2014/06/05,408.20000000000005,408.20000000000005,403.40000000000003,406.20000000000005,2275000,-1.0,-1.0,-1.0
2014/06/06,405.8,408.6,405.40000000000003,407.8,2467000,-1.0,-1.0,-1.0
2014/06/09,407.40000000000003,408.40000000000003,404.0,407.20000000000005,2032000,-1.0,-1.0,-1.0
2014/06/10,404.8,407.8,403.20000000000005,404.20000000000005,1921000,-1.0,-1.0,-1.0
2014/06/11,406.40000000000003,409.20000000000005,404.8,409.20000000000005,1878500,-1.0,-1.0,-1.0
2014/06/12,407.20000000000005,413.20000000000005,405.8,412.8,2188500,-1.0,-1.0,-1.0
2014/06/13,410.6,412.0,406.0,411.40000000000003,2170500,-1.0,-1.0,-1.0
2014/06/16,411.0,416.0,406.20000000000005,415.8,2005500,-1.0,-1.0,-1.0
2014/06/17,419.0,419.20000000000005,410.8,415.0,2360000,-1.0,-1.0,-1.0
2014/06/18,417.0,417.0,409.6,413.0,2253000,-1.0,-1.0,-1.0
2014/06/19,413.6,413.6,406.6,409.6,3021500,-1.0,-1.0,-1.0
2014/06/20,411.0,411.20000000000005,403.0,403.0,4061500,-1.0,-1.0,-1.0
2014/06/23,403.6,407.20000000000005,401.40000000000003,403.20000000000005,2453000,-1.0,-1.0,-1.0
2014/06/24,402.0,406.6,399.0,404.0,1870500,-1.0,-1.0,-1.0
2014/06/25,403.0,409.6,403.0,407.0,2626000,-1.0,-1.0,-1.0
2014/06/26,410.0,417.0,408.20000000000005,413.0,2781000,-1.0,-1.0,-1.0
2014/06/27,410.6,413.20000000000005,406.0,410.40000000000003,1857000,-1.0,-1.0,-1.0
2014/06/30,415.40000000000003,420.8,407.8,420.8,2471500,-1.0,-1.0,-1.0
2014/07/01,422.0,425.6,419.0,423.8,2467000,-1.0,-1.0,-1.0
2014/07/02,428.40000000000003,428.40000000000003,421.6,423.0,1086000,-1.0,-1.0,-1.0
2014/07/03,426.20000000000005,427.0,422.6,426.8,1526500,-1.0,-1.0,-1.0
2014/07/04,429.20000000000005,431.0,425.0,426.6,1358000,-1.0,-1.0,-1.0
2014/07/07,427.0,429.20000000000005,424.0,425.40000000000003,1153000,-1.0,-1.0,-1.0
2014/07/08,423.40000000000003,423.40000000000003,417.0,421.40000000000003,1825500,-1.0,-1.0,-1.0
2014/07/09,416.40000000000003,419.6,415.6,418.40000000000003,1561000,-1.0,-1.0,-1.0
2014/07/10,419.6,422.6,415.8,415.8,1302000,-1.0,-1.0,-1.0
2014/07/11,412.20000000000005,415.0,409.0,414.0,1955000,-1.0,-1.0,-1.0
2014/07/14,416.20000000000005,424.20000000000005,416.20000000000005,422.6,1228500,-1.0,-1.0,-1.0
2014/07/15,424.20000000000005,427.8,422.8,423.40000000000003,994500,-1.0,-1.0,-1.0
2014/07/16,420.40000000000003,422.20000000000005,417.0,418.6,1739000,-1.0,-1.0,-1.0
2014/07/17,418.8,421.0,416.8,417.0,1060000,-1.0,-1.0,-1.0
2014/07/18,414.0,416.20000000000005,410.20000000000005,415.40000000000003,1267500,-1.0,-1.0,-1.0
2014/07/22,420.20000000000005,420.8,418.0,419.20000000000005,1289500,-1.0,-1.0,-1.0
2014/07/23,420.0,423.6,418.20000000000005,420.0,1640000,-1.0,-1.0,-1.0
2014/07/24,420.0,422.0,418.6,421.6,1113000,-1.0,-1.0,-1.0
2014/07/25,422.0,422.6,413.40000000000003,418.20000000000005,2056500,-1.0,-1.0,-1.0
2014/07/28,414.8,418.6,414.40000000000003,416.6,909000,-1.0,-1.0,-1.0
2014/07/29,418.0,419.0,414.40000000000003,417.0,990500,-1.0,-1.0,-1.0
2014/07/30,417.8,418.6,416.0,417.40000000000003,1041000,-1.0,-1.0,-1.0
2014/07/31,420.8,428.20000000000005,417.0,421.40000000000003,2772500,-1.0,-1.0,-1.0
2014/08/01,416.0,418.6,412.40000000000003,412.40000000000003,1551000,-1.0,-1.0,-1.0
2014/08/04,410.40000000000003,413.0,408.8,410.20000000000005,911000,-1.0,-1.0,-1.0
2014/08/05,413.40000000000003,415.0,408.8,409.6,1242000,-1.0,-1.0,-1.0
2014/08/06,410.8,412.8,405.0,407.20000000000005,1024500,-1.0,-1.0,-1.0
2014/08/07,407.20000000000005,409.0,402.40000000000003,408.0,864500,-1.0,-1.0,-1.0
2014/08/08,405.20000000000005,405.8,399.0,399.40000000000003,1523000,-1.0,-1.0,-1.0
2014/08/11,404.0,404.40000000000003,397.6,399.8,1561000,-1.0,-1.0,-1.0
2014/08/12,401.40000000000003,403.40000000000003,400.20000000000005,402.0,880500,-1.0,-1.0,-1.0
2014/08/13,400.0,402.40000000000003,398.8,400.0,1050500,-1.0,-1.0,-1.0
2014/08/14,401.20000000000005,401.8,398.6,399.6,967000,-1.0,-1.0,-1.0
2014/08/15,398.6,401.40000000000003,398.0,401.0,881000,-1.0,-1.0,-1.0
2014/08/18,402.0,408.6,401.8,404.6,1623000,-1.0,-1.0,-1.0
2014/08/19,406.8,411.8,406.0,407.0,1156000,-1.0,-1.0,-1.0
2014/08/20,409.0,409.0,403.0,404.40000000000003,1267000,-1.0,-1.0,-1.0
2014/08/21,405.40000000000003,408.8,403.40000000000003,403.8,1313500,-1.0,-1.0,-1.0
2014/08/22,402.0,405.20000000000005,401.20000000000005,402.40000000000003,1094500,-1.0,-1.0,-1.0
2014/08/25,404.6,405.6,400.0,402.0,831000,-1.0,-1.0,-1.0
2014/08/26,402.0,402.6,399.20000000000005,401.0,804500,-1.0,-1.0,-1.0
2014/08/27,398.0,400.20000000000005,396.20000000000005,399.0,2278000,-1.0,-1.0,-1.0
2014/08/28,397.20000000000005,398.8,395.40000000000003,396.6,1272500,-1.0,-1.0,-1.0
2014/08/29,395.0,399.20000000000005,395.0,396.20000000000005,858000,-1.0,-1.0,-1.0
2014/09/01,398.20000000000005,400.8,395.8,399.40000000000003,1100000,-1.0,-1.0,-1.0
2014/09/02,399.20000000000005,404.8,398.40000000000003,403.0,874000,-1.0,-1.0,-1.0
2014/09/03,403.20000000000005,404.6,400.6,401.40000000000003,1231000,-1.0,-1.0,-1.0
2014/09/04,402.0,413.20000000000005,401.20000000000005,407.6,2364000,-1.0,-1.0,-1.0
2014/09/05,410.0,411.6,408.0,409.40000000000003,953500,-1.0,-1.0,-1.0
2014/09/08,413.8,417.0,409.20000000000005,410.6,1793000,-1.0,-1.0,-1.0
2014/09/09,413.8,425.0,413.20000000000005,422.8,3517000,-1.0,-1.0,-1.0
2014/09/10,422.40000000000003,427.0,417.8,421.6,1393000,-1.0,-1.0,-1.0
2014/09/11,424.40000000000003,428.6,422.40000000000003,424.8,1975000,-1.0,-1.0,-1.0
2014/09/12,428.20000000000005,429.0,425.20000000000005,429.0,2103000,-1.0,-1.0,-1.0
2014/09/16,429.0,429.0,421.6,427.20000000000005,1591500,-1.0,-1.0,-1.0
2014/09/17,430.0,432.20000000000005,427.8,427.8,1684500,-1.0,-1.0,-1.0
2014/09/18,428.8,431.40000000000003,426.40000000000003,426.8,1480500,-1.0,-1.0,-1.0
2014/09/19,430.40000000000003,433.8,428.40000000000003,433.6,1521000,-1.0,-1.0,-1.0
2014/09/22,437.0,437.0,430.6,432.6,1155500,-1.0,-1.0,-1.0
2014/09/24,428.8,430.8,426.20000000000005,429.0,1250000,-1.0,-1.0,-1.0
2014/09/25,432.40000000000003,438.20000000000005,431.0,438.20000000000005,1893000,-1.0,-1.0,-1.0
2014/09/26,431.8,433.6,426.20000000000005,429.40000000000003,1282000,-1.0,-1.0,-1.0
2014/09/29,433.0,433.0,426.8,429.20000000000005,1008000,-1.0,-1.0,-1.0
2014/09/30,426.0,428.6,420.8,428.0,1422500,-1.0,-1.0,-1.0
2014/10/01,428.0,430.20000000000005,425.20000000000005,426.8,868500,-1.0,-1.0,-1.0
2014/10/02,422.0,422.8,414.6,414.6,1244500,-1.0,-1.0,-1.0
2014/10/03,412.0,419.40000000000003,409.20000000000005,411.0,1763000,-1.0,-1.0,-1.0
2014/10/06,416.40000000000003,422.40000000000003,416.40000000000003,419.20000000000005,1018500,-1.0,-1.0,-1.0
2014/10/07,415.20000000000005,417.6,407.20000000000005,408.20000000000005,2019000,-1.0,-1.0,-1.0
2014/10/08,418.20000000000005,419.8,403.40000000000003,405.40000000000003,10413000,-1.0,-1.0,-1.0
2014/10/09,407.8,408.6,403.8,406.20000000000005,2260500,-1.0,-1.0,-1.0
2014/10/10,400.0,402.40000000000003,394.20000000000005,396.20000000000005,2568500,-1.0,-1.0,-1.0
2014/10/14,389.6,391.20000000000005,386.0,386.6,2230500,-1.0,-1.0,-1.0
2014/10/15,387.0,394.8,386.8,391.8,1544000,-1.0,-1.0,-1.0
2014/10/16,384.8,388.6,382.8,384.6,1707500,-1.0,-1.0,-1.0
2014/10/17,385.0,386.0,377.0,378.20000000000005,1696500,-1.0,-1.0,-1.0
2014/10/20,388.6,392.0,386.40000000000003,390.8,1526500,-1.0,-1.0,-1.0
2014/10/21,391.6,392.6,382.20000000000005,385.40000000000003,1754500,-1.0,-1.0,-1.0
2014/10/22,393.40000000000003,395.0,389.8,393.6,1668500,-1.0,-1.0,-1.0
2014/10/23,389.20000000000005,396.20000000000005,386.8,393.6,1516500,-1.0,-1.0,-1.0
2014/10/24,397.20000000000005,400.6,395.8,398.20000000000005,1429500,-1.0,-1.0,-1.0
2014/10/27,402.6,406.40000000000003,399.8,405.8,1355000,-1.0,-1.0,-1.0
2014/10/28,404.0,407.40000000000003,401.0,404.8,1217500,-1.0,-1.0,-1.0
2014/10/29,405.0,413.8,405.0,413.6,1393000,-1.0,-1.0,-1.0
2014/10/30,414.20000000000005,418.6,412.6,417.0,1344500,-1.0,-1.0,-1.0
2014/10/31,419.0,426.6,412.20000000000005,424.0,3348500,-1.0,-1.0,-1.0
2014/11/04,438.0,441.6,433.0,436.8,3586500,-1.0,-1.0,-1.0
2014/11/05,436.6,438.8,435.0,437.6,1661500,-1.0,-1.0,-1.0
2014/11/06,439.8,442.20000000000005,431.40000000000003,434.0,2290000,-1.0,-1.0,-1.0
2014/11/07,436.8,439.6,432.8,436.40000000000003,1101000,-1.0,-1.0,-1.0
2014/11/10,433.20000000000005,445.0,432.20000000000005,443.6,2140500,-1.0,-1.0,-1.0
2014/11/11,445.6,447.40000000000003,440.0,445.40000000000003,1492000,-1.0,-1.0,-1.0
2014/11/12,448.0,449.6,441.0,441.40000000000003,2255000,-1.0,-1.0,-1.0
2014/11/13,441.20000000000005,448.6,440.40000000000003,448.0,1232000,-1.0,-1.0,-1.0
2014/11/14,450.0,450.40000000000003,445.20000000000005,450.20000000000005,1417000,-1.0,-1.0,-1.0
2014/11/17,450.0,450.40000000000003,439.40000000000003,442.40000000000003,1879500,-1.0,-1.0,-1.0
2014/11/18,447.0,448.0,444.20000000000005,445.8,2204500,-1.0,-1.0,-1.0
2014/11/19,445.8,450.40000000000003,442.6,443.6,1954000,-1.0,-1.0,-1.0
2014/11/20,447.8,450.40000000000003,444.8,448.8,3006000,-1.0,-1.0,-1.0
2014/11/21,448.40000000000003,450.20000000000005,445.8,447.20000000000005,2107000,-1.0,-1.0,-1.0
2014/11/25,450.8,460.6,449.40000000000003,460.6,3359500,-1.0,-1.0,-1.0
2014/11/26,458.6,463.6,458.40000000000003,461.8,1600500,-1.0,-1.0,-1.0
2014/11/27,460.0,463.6,457.40000000000003,458.8,1603000,-1.0,-1.0,-1.0
2014/11/28,461.40000000000003,464.8,458.8,464.8,1875000,-1.0,-1.0,-1.0
2014/12/01,467.8,471.6,465.6,471.0,1935500,-1.0,-1.0,-1.0
2014/12/02,471.8,485.8,471.0,485.0,2902000,-1.0,-1.0,-1.0
2014/12/03,485.20000000000005,492.20000000000005,485.20000000000005,488.0,2054000,-1.0,-1.0,-1.0
2014/12/04,493.0,505.0,492.8,504.0,2995000,-1.0,-1.0,-1.0
2014/12/05,505.20000000000005,505.20000000000005,490.20000000000005,500.8,2118500,-1.0,-1.0,-1.0
2014/12/08,506.6,510.0,502.0,510.0,2682500,-1.0,-1.0,-1.0
2014/12/09,508.0,509.20000000000005,502.6,505.0,1825500,-1.0,-1.0,-1.0
2014/12/10,502.6,504.8,492.20000000000005,494.40000000000003,3206000,-1.0,-1.0,-1.0
2014/12/11,484.6,491.6,480.0,486.0,2432500,-1.0,-1.0,-1.0
2014/12/12,482.20000000000005,489.6,479.40000000000003,484.8,2731500,-1.0,-1.0,-1.0
2014/12/15,477.20000000000005,481.20000000000005,472.8,475.8,1700500,-1.0,-1.0,-1.0
2014/12/16,470.6,475.8,468.6,475.40000000000003,2022000,-1.0,-1.0,-1.0
2014/12/17,471.20000000000005,476.6,470.6,474.20000000000005,1525500,-1.0,-1.0,-1.0
2014/12/18,483.8,489.8,480.0,480.40000000000003,2333000,-1.0,-1.0,-1.0
2014/12/19,491.20000000000005,493.40000000000003,482.0,491.6,2109000,-1.0,-1.0,-1.0
2014/12/22,496.20000000000005,496.8,489.40000000000003,492.8,948000,-1.0,-1.0,-1.0
2014/12/24,498.6,501.40000000000003,497.40000000000003,499.40000000000003,1049500,-1.0,-1.0,-1.0
2014/12/25,499.40000000000003,499.8,491.40000000000003,493.6,634500,-1.0,-1.0,-1.0
2014/12/26,492.0,497.40000000000003,490.0,494.0,1106500,-1.0,-1.0,-1.0
2014/12/29,494.6,496.0,485.8,492.40000000000003,1563500,-1.0,-1.0,-1.0
2014/12/30,491.6,491.6,487.0,487.40000000000003,1233000,-1.0,-1.0,-1.0
2015/01/05,485.20000000000005,496.6,478.40000000000003,490.0,1728000,-1.0,-1.0,-1.0
2015/01/06,480.0,480.8,476.8,477.6,1098500,-1.0,-1.0,-1.0
2015/01/07,472.8,493.8,472.8,490.40000000000003,1844000,-1.0,-1.0,-1.0
2015/01/08,495.40000000000003,504.20000000000005,494.40000000000003,495.6,2022500,-1.0,-1.0,-1.0
2015/01/09,498.0,502.0,490.40000000000003,492.6,1051000,-1.0,-1.0,-1.0
2015/01/13,487.20000000000005,488.6,480.8,488.6,1022000,-1.0,-1.0,-1.0
2015/01/14,484.0,487.8,474.20000000000005,474.8,1288000,-1.0,-1.0,-1.0
2015/01/15,477.0,483.8,475.6,480.6,1232000,-1.0,-1.0,-1.0
2015/01/16,470.8,476.0,467.20000000000005,474.0,1389000,-1.0,-1.0,-1.0
2015/01/19,478.8,484.20000000000005,477.0,483.6,993500,-1.0,-1.0,-1.0
2015/01/20,486.8,497.6,485.20000000000005,497.6,1219500,-1.0,-1.0,-1.0
2015/01/21,495.0,497.6,484.6,494.0,1227000,-1.0,-1.0,-1.0
2015/01/22,493.8,494.20000000000005,483.40000000000003,485.40000000000003,1043500,-1.0,-1.0,-1.0
2015/01/23,490.6,498.8,490.40000000000003,495.8,1005000,-1.0,-1.0,-1.0
2015/01/26,525.8000000000001,526.0,512.2,518.6,6351500,-1.0,-1.0,-1.0
2015/01/27,521.4,535.8000000000001,520.0,531.6,3864000,-1.0,-1.0,-1.0
2015/01/28,524.0,525.2,519.2,522.4,1859000,-1.0,-1.0,-1.0
2015/01/29,519.2,521.0,513.2,516.8000000000001,1303000,-1.0,-1.0,-1.0
2015/01/30,522.0,525.2,517.6,522.0,1563500,-1.0,-1.0,-1.0
2015/02/02,512.6,519.2,507.20000000000005,516.8000000000001,1568000,-1.0,-1.0,-1.0
2015/02/03,511.20000000000005,526.0,502.0,523.0,3713500,-1.0,-1.0,-1.0
2015/02/04,522.8000000000001,524.4,490.8,497.20000000000005,4977000,-1.0,-1.0,-1.0
2015/02/05,498.40000000000003,503.6,495.6,499.0,2545000,-1.0,-1.0,-1.0
2015/02/06,501.0,503.6,496.6,500.0,1781000,-1.0,-1.0,-1.0
2015/02/09,504.8,509.8,503.40000000000003,505.6,1081500,-1.0,-1.0,-1.0
2015/02/10,507.8,508.0,498.8,502.20000000000005,907000,-1.0,-1.0,-1.0
2015/02/12,508.40000000000003,508.8,502.6,505.40000000000003,2070500,-1.0,-1.0,-1.0
2015/02/13,505.20000000000005,507.40000000000003,503.20000000000005,505.20000000000005,1138000,-1.0,-1.0,-1.0
2015/02/16,507.8,508.0,501.20000000000005,504.0,1166000,-1.0,-1.0,-1.0
2015/02/17,504.0,505.8,497.6,501.0,1966000,-1.0,-1.0,-1.0
2015/02/18,505.40000000000003,515.2,504.20000000000005,514.4,2827500,-1.0,-1.0,-1.0
2015/02/19,516.0,516.8000000000001,510.0,516.4,1557000,-1.0,-1.0,-1.0
2015/02/20,520.0,525.8000000000001,516.0,519.0,2318500,-1.0,-1.0,-1.0
2015/02/23,522.6,525.4,519.0,524.8000000000001,1808000,-1.0,-1.0,-1.0
2015/02/24,520.0,524.6,516.4,522.4,1470000,-1.0,-1.0,-1.0
2015/02/25,522.4,525.8000000000001,521.0,524.4,1241500,-1.0,-1.0,-1.0
2015/02/26,524.4,528.6,521.8000000000001,527.8000000000001,1528500,-1.0,-1.0,-1.0
2015/02/27,530.0,538.4,526.0,528.8000000000001,2074500,-1.0,-1.0,-1.0
2015/03/02,532.0,538.4,532.0,538.0,1240000,-1.0,-1.0,-1.0
2015/03/03,540.0,542.8000000000001,533.2,537.0,1317500,-1.0,-1.0,-1.0
2015/03/04,537.0,540.4,530.4,531.2,1160500,-1.0,-1.0,-1.0
2015/03/05,530.0,531.6,525.4,531.0,1003000,-1.0,-1.0,-1.0
2015/03/06,528.8000000000001,540.0,528.8000000000001,540.0,1666500,-1.0,-1.0,-1.0
2015/03/09,538.6,544.0,535.4,538.0,1183500,-1.0,-1.0,-1.0
2015/03/10,544.0,546.6,541.2,543.6,1726000,-1.0,-1.0,-1.0
2015/03/11,538.0,545.2,535.2,544.0,1365500,-1.0,-1.0,-1.0
2015/03/12,545.4,554.6,543.4,553.8000000000001,1544000,-1.0,-1.0,-1.0
2015/03/13,560.0,570.6,557.0,567.8000000000001,2938500,-1.0,-1.0,-1.0
2015/03/16,568.6,573.8000000000001,562.0,567.8000000000001,1793000,-1.0,-1.0,-1.0
2015/03/17,575.0,575.4,567.2,568.6,779000,-1.0,-1.0,-1.0
2015/03/18,568.0,572.0,564.0,571.0,961500,-1.0,-1.0,-1.0
2015/03/19,573.2,573.2,558.4,563.8000000000001,3054500,-1.0,-1.0,-1.0
2015/03/20,560.8000000000001,566.8000000000001,551.0,556.4,2259500,-1.0,-1.0,-1.0
2015/03/23,560.6,568.0,558.2,568.0,1218500,-1.0,-1.0,-1.0
2015/03/24,565.0,567.6,559.0,561.0,1291500,-1.0,-1.0,-1.0
2015/03/25,561.0,571.6,560.6,569.0,1881000,-1.0,-1.0,-1.0
2015/03/26,563.8000000000001,565.4,540.4,545.6,2880500,-1.0,-1.0,-1.0
2015/03/27,540.4,548.4,531.6,537.6,1869500,-1.0,-1.0,-1.0
2015/03/30,537.6,541.2,531.8000000000001,539.6,1346000,-1.0,-1.0,-1.0
2015/03/31,545.6,549.2,535.6,537.2,1218000,-1.0,-1.0,-1.0
2015/04/01,530.4,535.0,525.0,525.8000000000001,2188000,-1.0,-1.0,-1.0
2015/04/02,532.6,544.6,530.2,539.4,1460000,-1.0,-1.0,-1.0
2015/04/03,539.4,547.8000000000001,537.4,547.8000000000001,989000,-1.0,-1.0,-1.0
2015/04/06,546.0,547.4,541.0,545.8000000000001,784000,-1.0,-1.0,-1.0
2015/04/07,547.4,551.6,540.4,543.4,1024500,-1.0,-1.0,-1.0
2015/04/08,542.8000000000001,550.6,541.2,549.8000000000001,1673500,-1.0,-1.0,-1.0
2015/04/09,549.8000000000001,550.2,543.0,545.4,1233500,-1.0,-1.0,-1.0
2015/04/10,546.0,549.0,542.2,548.6,824000,-1.0,-1.0,-1.0
2015/04/13,548.6,549.0,541.6,548.0,668000,-1.0,-1.0,-1.0
2015/04/14,547.2,550.0,544.0,548.2,1092000,-1.0,-1.0,-1.0
2015/04/15,543.0,547.6,541.0,544.8000000000001,863500,-1.0,-1.0,-1.0
2015/04/16,546.0,547.6,540.8000000000001,546.8000000000001,928500,-1.0,-1.0,-1.0
2015/04/17,542.2,549.4,538.8000000000001,546.4,1632000,-1.0,-1.0,-1.0
2015/04/20,543.8000000000001,549.8000000000001,535.6,547.0,1174500,-1.0,-1.0,-1.0
2015/04/21,550.0,567.4,550.0,566.2,2345000,-1.0,-1.0,-1.0
2015/04/22,567.0,571.6,562.0,563.4,1155500,-1.0,-1.0,-1.0
2015/04/23,564.0,568.6,558.6,561.0,828500,-1.0,-1.0,-1.0
2015/04/24,559.6,561.6,555.0,557.6,1061000,-1.0,-1.0,-1.0
2015/04/27,555.0,564.6,552.6,564.6,1016500,-1.0,-1.0,-1.0
2015/04/28,563.2,588.6,551.2,573.8000000000001,3631500,-1.0,-1.0,-1.0
2015/04/30,556.2,568.2,549.8000000000001,556.2,3104000,-1.0,-1.0,-1.0
2015/05/01,556.0,557.0,546.2,552.6,1256000,-1.0,-1.0,-1.0
2015/05/07,547.8000000000001,559.8000000000001,547.0,551.6,1810000,-1.0,-1.0,-1.0
2015/05/08,552.0,563.4,551.6,561.0,1791500,-1.0,-1.0,-1.0
2015/05/11,571.0,583.8000000000001,570.4,573.0,1788000,-1.0,-1.0,-1.0
2015/05/12,572.8000000000001,587.2,571.0,578.2,1818500,-1.0,-1.0,-1.0
2015/05/13,571.0,584.6,569.2,583.2,1780500,-1.0,-1.0,-1.0
2015/05/14,574.8000000000001,581.0,566.6,573.8000000000001,1871000,-1.0,-1.0,-1.0
2015/05/15,573.8000000000001,576.8000000000001,569.0,576.0,1299000,-1.0,-1.0,-1.0
2015/05/18,574.0,578.2,569.0,576.2,1787000,-1.0,-1.0,-1.0
2015/05/19,573.2,577.4,565.4,569.2,2759500,-1.0,-1.0,-1.0
2015/05/20,576.0,582.0,575.4,579.6,3493000,-1.0,-1.0,-1.0
2015/05/21,583.6,597.4,583.2,591.0,3246500,-1.0,-1.0,-1.0
2015/05/22,595.4,615.0,595.4,609.0,2776000,-1.0,-1.0,-1.0
2015/05/25,608.0,619.0,606.0,616.0,2448000,-1.0,-1.0,-1.0
2015/05/26,618.0,624.0,616.0,618.0,1083500,-1.0,-1.0,-1.0
2015/05/27,614.0,619.0,609.0,616.0,2707000,-1.0,-1.0,-1.0
2015/05/28,623.0,630.0,620.0,625.0,1739000,-1.0,-1.0,-1.0
2015/05/29,623.0,626.0,615.0,618.0,2383000,-1.0,-1.0,-1.0
2015/06/01,613.0,618.0,607.0,616.0,1772000,-1.0,-1.0,-1.0
2015/06/02,621.0,626.0,617.0,618.0,1087500,-1.0,-1.0,-1.0
2015/06/03,617.0,619.0,610.0,610.0,1179000,-1.0,-1.0,-1.0
2015/06/04,611.0,620.0,607.0,620.0,1100500,-1.0,-1.0,-1.0
2015/06/05,616.0,620.0,611.0,619.0,835000,-1.0,-1.0,-1.0
2015/06/08,616.0,619.0,610.0,615.0,875000,-1.0,-1.0,-1.0
2015/06/09,610.0,612.0,604.0,606.0,968500,-1.0,-1.0,-1.0
2015/06/10,603.0,610.0,598.6,603.0,1197500,-1.0,-1.0,-1.0
2015/06/11,604.0,618.0,602.0,618.0,1568500,-1.0,-1.0,-1.0
2015/06/12,620.0,620.0,612.0,616.0,1257500,-1.0,-1.0,-1.0
2015/06/15,606.0,611.0,602.0,609.0,824500,-1.0,-1.0,-1.0
2015/06/16,610.0,614.0,607.0,609.0,849000,-1.0,-1.0,-1.0
2015/06/17,611.0,611.0,600.0,601.0,658500,-1.0,-1.0,-1.0
2015/06/18,595.2,597.4,587.2,588.0,1751000,-1.0,-1.0,-1.0
2015/06/19,596.2,615.0,594.0,598.8000000000001,2751500,-1.0,-1.0,-1.0
2015/06/22,598.8000000000001,612.0,598.6,608.0,1181500,-1.0,-1.0,-1.0
2015/06/23,619.0,629.0,611.0,614.0,1932000,-1.0,-1.0,-1.0
2015/06/24,620.0,624.0,617.0,622.0,1387000,-1.0,-1.0,-1.0
2015/06/25,615.0,620.0,613.0,615.0,1038000,-1.0,-1.0,-1.0
2015/06/26,614.0,617.0,608.0,611.0,891500,-1.0,-1.0,-1.0
2015/06/29,589.2,605.0,589.2,601.0,1338500,-1.0,-1.0,-1.0
2015/06/30,598.0,599.6,590.2,590.6,1614500,-1.0,-1.0,-1.0
2015/07/01,594.2,595.2,584.0,587.0,1255500,-1.0,-1.0,-1.0
2015/07/02,588.0,590.2,584.2,585.6,1355500,-1.0,-1.0,-1.0
2015/07/03,586.0,589.0,581.4,587.8000000000001,836500,-1.0,-1.0,-1.0
2015/07/06,576.8000000000001,584.0,572.4,573.8000000000001,821000,-1.0,-1.0,-1.0
2015/07/07,575.2,576.8000000000001,565.4,565.4,2344000,-1.0,-1.0,-1.0
2015/07/08,566.0,576.2,552.2,552.2,2421000,-1.0,-1.0,-1.0
2015/07/09,539.4,540.2,525.2,537.0,2908500,-1.0,-1.0,-1.0
2015/07/10,535.6,539.0,530.8000000000001,533.6,2359000,-1.0,-1.0,-1.0
2015/07/13,536.8000000000001,549.0,534.8000000000001,547.6,1728000,-1.0,-1.0,-1.0
2015/07/14,561.8000000000001,566.2,554.0,556.4,1371000,-1.0,-1.0,-1.0
2015/07/15,557.0,559.4,548.0,558.6,1550000,-1.0,-1.0,-1.0
2015/07/16,566.0,568.2,560.6,566.2,926500,-1.0,-1.0,-1.0
2015/07/17,565.4,566.6,558.6,562.8000000000001,1121000,-1.0,-1.0,-1.0
2015/07/21,568.0,576.6,562.2,567.6,1491000,-1.0,-1.0,-1.0
2015/07/22,562.4,562.4,556.0,557.6,1238000,-1.0,-1.0,-1.0
2015/07/23,558.6,561.8000000000001,551.2,555.4,800500,-1.0,-1.0,-1.0
2015/07/24,556.4,562.8000000000001,549.0,551.6,799500,-1.0,-1.0,-1.0
2015/07/27,546.2,548.4,538.8000000000001,545.4,981000,-1.0,-1.0,-1.0
2015/07/28,536.8000000000001,545.8000000000001,532.6,542.2,1312500,-1.0,-1.0,-1.0
2015/07/29,543.0,546.2,535.6,544.8000000000001,938000,-1.0,-1.0,-1.0
2015/07/30,551.2,555.2,545.6,551.2,1332000,-1.0,-1.0,-1.0
2015/07/31,576.0,576.0,526.0,548.4,3530000,-1.0,-1.0,-1.0
2015/08/03,542.0,544.8000000000001,535.4,542.6,2528500,-1.0,-1.0,-1.0
2015/08/04,544.6,549.6,536.8000000000001,546.0,1644500,-1.0,-1.0,-1.0
2015/08/05,545.6,546.8000000000001,540.0,542.0,1443000,-1.0,-1.0,-1.0
2015/08/06,551.0,565.4,548.2,557.6,2180500,-1.0,-1.0,-1.0
2015/08/07,554.0,555.6,549.4,553.4,922000,-1.0,-1.0,-1.0
2015/08/10,554.4,557.8000000000001,546.8000000000001,557.8000000000001,881000,-1.0,-1.0,-1.0
2015/08/11,564.8000000000001,565.6,558.2,560.6,1457500,-1.0,-1.0,-1.0
2015/08/12,554.8000000000001,555.2,539.0,544.2,1147000,-1.0,-1.0,-1.0
2015/08/13,540.0,543.8000000000001,534.2,539.2,1069000,-1.0,-1.0,-1.0
2015/08/14,540.0,548.8000000000001,538.0,544.8000000000001,1043500,-1.0,-1.0,-1.0
2015/08/17,549.0,551.6,544.2,548.8000000000001,1229500,-1.0,-1.0,-1.0
2015/08/18,548.8000000000001,549.6,538.4,545.0,905000,-1.0,-1.0,-1.0
2015/08/19,541.2,541.4,533.6,536.2,1300500,-1.0,-1.0,-1.0
2015/08/20,529.4,533.2,519.0,519.0,1259500,-1.0,-1.0,-1.0
2015/08/21,503.40000000000003,513.8000000000001,503.40000000000003,503.6,1128500,-1.0,-1.0,-1.0
2015/08/24,484.8,490.0,473.8,473.8,1310000,-1.0,-1.0,-1.0
2015/08/25,450.6,473.20000000000005,443.6,451.20000000000005,2198000,-1.0,-1.0,-1.0
2015/08/26,453.0,467.6,450.40000000000003,463.8,1508500,-1.0,-1.0,-1.0
2015/08/27,473.6,479.8,466.20000000000005,468.40000000000003,1646500,-1.0,-1.0,-1.0
2015/08/28,482.0,491.6,478.20000000000005,490.0,1521000,-1.0,-1.0,-1.0
2015/08/31,486.0,490.8,470.20000000000005,475.40000000000003,2058000,-1.0,-1.0,-1.0
2015/09/01,471.6,474.0,454.0,454.0,1701500,-1.0,-1.0,-1.0
2015/09/02,447.0,456.6,442.20000000000005,446.20000000000005,2648500,-1.0,-1.0,-1.0
2015/09/03,450.8,462.6,450.40000000000003,452.20000000000005,2834000,-1.0,-1.0,-1.0
2015/09/04,465.6,471.0,444.40000000000003,448.6,2945000,-1.0,-1.0,-1.0
2015/09/07,446.8,457.6,440.6,453.8,1635500,-1.0,-1.0,-1.0
2015/09/08,451.6,463.20000000000005,450.6,453.20000000000005,1010500,-1.0,-1.0,-1.0
2015/09/09,468.6,483.6,466.40000000000003,483.6,1509500,-1.0,-1.0,-1.0
2015/09/10,473.0,478.6,468.8,474.40000000000003,1233500,-1.0,-1.0,-1.0
2015/09/11,468.0,473.40000000000003,464.8,470.0,1488500,-1.0,-1.0,-1.0
2015/09/14,474.0,474.0,465.20000000000005,467.6,862500,-1.0,-1.0,-1.0
2015/09/15,471.8,487.6,471.20000000000005,476.40000000000003,1724000,-1.0,-1.0,-1.0
2015/09/16,483.0,493.8,477.8,492.6,2169500,-1.0,-1.0,-1.0
2015/09/17,487.8,500.0,484.6,493.40000000000003,2007000,-1.0,-1.0,-1.0
2015/09/18,485.20000000000005,488.40000000000003,474.40000000000003,482.8,1950000,-1.0,-1.0,-1.0
2015/09/24,478.6,478.6,467.40000000000003,468.8,1913000,-1.0,-1.0,-1.0
2015/09/25,474.20000000000005,481.8,468.8,477.6,2180500,-1.0,-1.0,-1.0
2015/09/28,479.20000000000005,479.20000000000005,464.8,469.0,1638000,-1.0,-1.0,-1.0
2015/09/29,461.0,466.40000000000003,450.8,453.6,1778000,-1.0,-1.0,-1.0
2015/09/30,457.8,472.6,457.0,468.6,1988000,-1.0,-1.0,-1.0
2015/10/01,475.0,490.0,467.6,484.6,1799500,-1.0,-1.0,-1.0
2015/10/02,484.6,493.6,476.0,492.0,2392500,-1.0,-1.0,-1.0
2015/10/05,496.0,504.8,492.40000000000003,498.8,1626500,-1.0,-1.0,-1.0
2015/10/06,507.0,508.0,497.6,497.6,2760000,-1.0,-1.0,-1.0
2015/10/07,508.20000000000005,522.0,503.40000000000003,513.4,3610000,-1.0,-1.0,-1.0
2015/10/08,516.0,531.8000000000001,514.0,521.2,2899500,-1.0,-1.0,-1.0
2015/10/09,531.4,542.8000000000001,530.4,539.0,2634500,-1.0,-1.0,-1.0
2015/10/13,541.4,550.0,529.6,533.0,2255000,-1.0,-1.0,-1.0
2015/10/14,527.4,531.0,516.8000000000001,522.6,1905500,-1.0,-1.0,-1.0
2015/10/15,515.8000000000001,530.0,515.0,525.8000000000001,1594000,-1.0,-1.0,-1.0
2015/10/16,529.4,532.8000000000001,526.6,531.0,1172500,-1.0,-1.0,-1.0
2015/10/19,533.4,533.8000000000001,521.6,526.4,1539000,-1.0,-1.0,-1.0
2015/10/20,526.4,527.4,522.2,525.6,728000,-1.0,-1.0,-1.0
2015/10/21,526.4,534.8000000000001,523.2,534.6,1571000,-1.0,-1.0,-1.0
2015/10/22,528.6,535.4,527.2,529.4,1198000,-1.0,-1.0,-1.0
2015/10/23,545.2,548.0,536.4,538.8000000000001,1437500,-1.0,-1.0,-1.0
2015/10/26,547.8000000000001,549.8000000000001,540.6,545.8000000000001,917500,-1.0,-1.0,-1.0
2015/10/27,546.0,549.4,536.4,537.6,1797000,-1.0,-1.0,-1.0
2015/10/28,542.2,547.6,539.6,542.4,1578000,-1.0,-1.0,-1.0
2015/10/29,548.8000000000001,550.0,532.8000000000001,537.0,4659000,-1.0,-1.0,-1.0
2015/10/30,539.6,576.2,533.0,559.6,5102000,-1.0,-1.0,-1.0
2015/11/02,569.6,594.4,565.8000000000001,578.6,5511500,-1.0,-1.0,-1.0
2015/11/04,573.4,591.6,570.2,583.4,3471500,-1.0,-1.0,-1.0
2015/11/05,584.8000000000001,586.6,575.2,585.8000000000001,1901500,-1.0,-1.0,-1.0
2015/11/06,590.4,591.8000000000001,580.2,587.8000000000001,1914500,-1.0,-1.0,-1.0
2015/11/09,590.4,597.0,588.6,596.0,2503500,-1.0,-1.0,-1.0
2015/11/10,588.0,592.2,583.4,592.2,1209000,-1.0,-1.0,-1.0
2015/11/11,590.0,597.8000000000001,585.4,596.6,1112500,-1.0,-1.0,-1.0
2015/11/12,595.2,596.8000000000001,589.4,594.6,1070000,-1.0,-1.0,-1.0
2015/11/13,589.4,593.4,584.8000000000001,593.4,1264000,-1.0,-1.0,-1.0
2015/11/16,580.2,588.2,577.4,587.0,1433500,-1.0,-1.0,-1.0
2015/11/17,594.0,597.2,588.8000000000001,589.4,2138500,-1.0,-1.0,-1.0
2015/11/18,595.0,597.8000000000001,587.4,588.8000000000001,1363000,-1.0,-1.0,-1.0
2015/11/19,595.2,602.0,593.0,602.0,1542000,-1.0,-1.0,-1.0
2015/11/20,596.6,597.6,584.8000000000001,590.2,2320000,-1.0,-1.0,-1.0
2015/11/24,586.6,593.0,582.6,591.4,2058500,-1.0,-1.0,-1.0
2015/11/25,588.2,591.2,583.4,583.8000000000001,1470500,-1.0,-1.0,-1.0
2015/11/26,588.4,589.6,580.2,586.8000000000001,1371000,-1.0,-1.0,-1.0
2015/11/27,587.2,590.6,579.8000000000001,583.0,1041000,-1.0,-1.0,-1.0
2015/11/30,580.4,587.8000000000001,577.4,585.4,2024500,-1.0,-1.0,-1.0
2015/12/01,581.0,594.8000000000001,578.8000000000001,592.2,1494500,-1.0,-1.0,-1.0
2015/12/02,595.4,595.4,588.2,591.2,1018000,-1.0,-1.0,-1.0
2015/12/03,590.6,596.6,584.6,596.2,944000,-1.0,-1.0,-1.0
2015/12/04,583.0,584.0,577.0,578.8000000000001,1080000,-1.0,-1.0,-1.0
2015/12/07,584.0,585.0,579.2,579.4,1125500,-1.0,-1.0,-1.0
2015/12/08,580.6,580.6,572.8000000000001,573.2,1147500,-1.0,-1.0,-1.0
2015/12/09,570.8000000000001,582.4,568.2,576.4,1204500,-1.0,-1.0,-1.0
2015/12/10,566.4,568.2,557.2,564.0,1513500,-1.0,-1.0,-1.0
2015/12/11,558.8000000000001,578.8000000000001,558.8000000000001,572.4,1856500,-1.0,-1.0,-1.0
2015/12/14,562.4,571.8000000000001,556.8000000000001,569.6,1431000,-1.0,-1.0,-1.0
2015/12/15,570.2,571.8000000000001,549.4,551.4,2316500,-1.0,-1.0,-1.0
2015/12/16,561.4,570.8000000000001,560.4,568.6,1532000,-1.0,-1.0,-1.0
2015/12/17,580.0,582.2,569.0,570.8000000000001,1431000,-1.0,-1.0,-1.0
2015/12/18,567.6,583.0,566.0,569.6,2054000,-1.0,-1.0,-1.0
2015/12/21,563.4,567.2,557.0,566.0,1019500,-1.0,-1.0,-1.0
2015/12/22,569.0,572.0,562.6,562.8000000000001,1187500,-1.0,-1.0,-1.0
2015/12/24,567.6,570.0,553.6,554.0,1010500,-1.0,-1.0,-1.0
2015/12/25,551.8000000000001,557.8000000000001,551.0,553.2,494500,-1.0,-1.0,-1.0
2015/12/28,553.0,560.8000000000001,551.2,556.0,784000,-1.0,-1.0,-1.0
2015/12/29,550.4,557.4,545.6,555.6,1111000,-1.0,-1.0,-1.0
2015/12/30,560.2,562.2,552.0,553.6,1863000,-1.0,-1.0,-1.0
2016/01/04,552.0,554.4,536.0,538.0,1645000,-1.0,-1.0,-1.0
2016/01/05,538.0,541.6,531.2,534.8000000000001,1250000,-1.0,-1.0,-1.0
2016/01/06,536.6,541.0,522.8000000000001,527.0,2017500,-1.0,-1.0,-1.0
2016/01/07,528.0,534.0,513.8000000000001,515.0,1448000,-1.0,-1.0,-1.0
2016/01/08,507.6,521.6,506.20000000000005,511.20000000000005,1472000,-1.0,-1.0,-1.0
2016/01/12,504.0,509.8,497.8,498.20000000000005,1737500,-1.0,-1.0,-1.0
2016/01/13,502.20000000000005,515.6,500.40000000000003,513.6,1113000,-1.0,-1.0,-1.0
2016/01/14,499.40000000000003,507.40000000000003,495.20000000000005,506.6,1576000,-1.0,-1.0,-1.0
2016/01/15,509.8,516.0,496.40000000000003,500.8,1457000,-1.0,-1.0,-1.0
2016/01/18,490.0,499.8,484.0,497.40000000000003,1289000,-1.0,-1.0,-1.0
2016/01/19,495.20000000000005,507.40000000000003,494.8,502.40000000000003,1194500,-1.0,-1.0,-1.0
2016/01/20,500.20000000000005,500.40000000000003,484.20000000000005,485.6,1722500,-1.0,-1.0,-1.0
2016/01/21,485.40000000000003,493.40000000000003,472.20000000000005,472.20000000000005,1460000,-1.0,-1.0,-1.0
2016/01/22,489.6,498.20000000000005,479.8,497.40000000000003,1461000,-1.0,-1.0,-1.0
2016/01/25,501.6,502.0,493.6,499.20000000000005,1480500,-1.0,-1.0,-1.0
2016/01/26,491.20000000000005,491.20000000000005,483.0,483.6,1166500,-1.0,-1.0,-1.0
2016/01/27,496.8,502.20000000000005,493.8,499.40000000000003,1158000,-1.0,-1.0,-1.0
2016/01/28,496.0,502.40000000000003,492.20000000000005,495.6,811000,-1.0,-1.0,-1.0
2016/01/29,499.40000000000003,517.2,492.6,515.4,2518500,-1.0,-1.0,-1.0
2016/02/01,529.6,529.6,517.2,519.4,3005500,-1.0,-1.0,-1.0
2016/02/02,517.0,526.8000000000001,513.8000000000001,520.8000000000001,3105000,-1.0,-1.0,-1.0
2016/02/03,512.8000000000001,519.0,481.40000000000003,493.6,3330500,-1.0,-1.0,-1.0
2016/02/04,486.6,490.8,467.6,469.20000000000005,3119500,-1.0,-1.0,-1.0
2016/02/05,467.20000000000005,471.8,459.40000000000003,466.40000000000003,2759000,-1.0,-1.0,-1.0
2016/02/08,464.8,480.0,464.8,475.6,2785000,-1.0,-1.0,-1.0
2016/02/09,462.0,465.0,440.0,442.6,1871000,-1.0,-1.0,-1.0
2016/02/10,443.6,452.8,426.0,431.8,1517000,-1.0,-1.0,-1.0
2016/02/12,414.40000000000003,425.6,410.0,410.20000000000005,3195500,-1.0,-1.0,-1.0
2016/02/15,433.0,449.20000000000005,430.20000000000005,445.8,2274000,-1.0,-1.0,-1.0
2016/02/16,440.40000000000003,452.8,437.40000000000003,444.6,2054500,-1.0,-1.0,-1.0
2016/02/17,442.6,449.40000000000003,437.20000000000005,443.6,1709500,-1.0,-1.0,-1.0
2016/02/18,453.6,460.40000000000003,448.0,453.0,1733000,-1.0,-1.0,-1.0
2016/02/19,449.0,453.0,437.0,441.20000000000005,1723000,-1.0,-1.0,-1.0
2016/02/22,437.8,449.40000000000003,436.20000000000005,447.0,1198000,-1.0,-1.0,-1.0
2016/02/23,448.20000000000005,455.20000000000005,444.40000000000003,447.20000000000005,1562500,-1.0,-1.0,-1.0
2016/02/24,439.8,444.8,434.6,444.8,2615500,-1.0,-1.0,-1.0
2016/02/25,464.8,467.0,450.0,461.8,2785000,-1.0,-1.0,-1.0
2016/02/26,464.8,465.6,452.0,454.20000000000005,2680500,-1.0,-1.0,-1.0
2016/02/29,444.20000000000005,447.40000000000003,431.8,431.8,5461000,-1.0,-1.0,-1.0
2016/03/01,422.8,427.0,416.40000000000003,422.8,3292500,-1.0,-1.0,-1.0
2016/03/02,429.40000000000003,443.20000000000005,425.40000000000003,441.0,2834500,-1.0,-1.0,-1.0
2016/03/03,437.40000000000003,444.0,436.8,443.6,1912000,-1.0,-1.0,-1.0
2016/03/04,442.8,453.40000000000003,442.0,451.0,1958000,-1.0,-1.0,-1.0
2016/03/07,450.40000000000003,456.0,446.8,450.8,2244500,-1.0,-1.0,-1.0
2016/03/08,427.0,431.8,414.40000000000003,418.6,5609500,-1.0,-1.0,-1.0
2016/03/09,418.0,420.8,411.6,419.20000000000005,3442000,-1.0,-1.0,-1.0
2016/03/10,424.0,434.0,423.40000000000003,432.0,2530500,-1.0,-1.0,-1.0
2016/03/11,425.20000000000005,439.0,422.20000000000005,436.0,2716000,-1.0,-1.0,-1.0
2016/03/14,441.0,450.0,438.40000000000003,443.8,1702000,-1.0,-1.0,-1.0
2016/03/15,445.0,445.0,435.20000000000005,437.0,1439500,-1.0,-1.0,-1.0
2016/03/16,429.20000000000005,434.20000000000005,423.20000000000005,429.20000000000005,1825000,-1.0,-1.0,-1.0
2016/03/17,430.6,439.8,423.8,428.20000000000005,2150500,-1.0,-1.0,-1.0
2016/03/18,422.20000000000005,424.20000000000005,416.20000000000005,418.8,2488000,-1.0,-1.0,-1.0
2016/03/22,428.8,439.0,426.6,432.0,2254000,-1.0,-1.0,-1.0
2016/03/23,432.8,438.20000000000005,430.40000000000003,434.8,2154000,-1.0,-1.0,-1.0
2016/03/24,434.8,439.40000000000003,430.6,433.0,1678500,-1.0,-1.0,-1.0
2016/03/25,434.40000000000003,444.6,430.8,442.40000000000003,1847000,-1.0,-1.0,-1.0
2016/03/28,445.40000000000003,449.20000000000005,440.8,445.6,1778000,-1.0,-1.0,-1.0
2016/03/29,442.20000000000005,445.40000000000003,439.0,442.8,1469000,-1.0,-1.0,-1.0
2016/03/30,440.40000000000003,442.0,433.20000000000005,433.40000000000003,1558000,-1.0,-1.0,-1.0
2016/03/31,438.8,445.0,434.20000000000005,434.40000000000003,2870000,-1.0,-1.0,-1.0
2016/04/01,432.8,432.8,410.0,410.0,2346500,-1.0,-1.0,-1.0
2016/04/04,409.0,411.40000000000003,396.20000000000005,400.6,2749000,-1.0,-1.0,-1.0
2016/04/05,398.6,400.8,384.0,385.0,2515500,-1.0,-1.0,-1.0
2016/04/06,383.6,390.40000000000003,378.40000000000003,383.40000000000003,2562500,-1.0,-1.0,-1.0
2016/04/07,384.20000000000005,390.6,379.6,385.40000000000003,1608500,-1.0,-1.0,-1.0
2016/04/08,377.6,393.6,374.8,389.0,1474000,-1.0,-1.0,-1.0
2016/04/11,385.40000000000003,386.0,375.6,381.8,1230000,-1.0,-1.0,-1.0
2016/04/12,382.20000000000005,394.8,381.6,391.6,1375500,-1.0,-1.0,-1.0
2016/04/13,397.40000000000003,407.20000000000005,397.40000000000003,405.0,1308500,-1.0,-1.0,-1.0
2016/04/14,410.0,412.40000000000003,404.20000000000005,412.40000000000003,1620500,-1.0,-1.0,-1.0
2016/04/15,408.40000000000003,416.0,407.8,411.0,1162500,-1.0,-1.0,-1.0
2016/04/18,391.0,399.6,389.6,395.0,1418000,-1.0,-1.0,-1.0
2016/04/19,409.6,416.20000000000005,406.40000000000003,414.40000000000003,1414500,-1.0,-1.0,-1.0
2016/04/20,419.8,424.0,409.40000000000003,410.8,1252500,-1.0,-1.0,-1.0
2016/04/21,423.8,426.40000000000003,421.6,423.20000000000005,1294000,-1.0,-1.0,-1.0
2016/04/22,418.40000000000003,428.8,417.6,428.20000000000005,1021000,-1.0,-1.0,-1.0
2016/04/25,433.6,436.6,427.8,433.6,1407000,-1.0,-1.0,-1.0
2016/04/26,430.20000000000005,430.6,421.6,425.40000000000003,1238000,-1.0,-1.0,-1.0
2016/04/27,425.0,429.6,423.6,425.0,981500,-1.0,-1.0,-1.0
2016/04/28,427.6,434.0,399.20000000000005,410.20000000000005,3704500,-1.0,-1.0,-1.0
2016/05/02,384.6,391.0,370.40000000000003,377.20000000000005,4620500,-1.0,-1.0,-1.0
2016/05/06,380.8,392.8,378.40000000000003,391.20000000000005,3285500,-1.0,-1.0,-1.0
2016/05/09,394.0,397.40000000000003,392.6,396.0,1662500,-1.0,-1.0,-1.0
2016/05/10,398.0,409.0,396.0,408.40000000000003,2124500,-1.0,-1.0,-1.0
2016/05/11,411.20000000000005,416.0,407.20000000000005,408.40000000000003,1939000,-1.0,-1.0,-1.0
2016/05/12,401.0,412.40000000000003,397.0,411.0,1768500,-1.0,-1.0,-1.0
2016/05/13,415.20000000000005,419.20000000000005,411.8,411.8,2087500,-1.0,-1.0,-1.0
2016/05/16,411.20000000000005,416.8,409.6,411.20000000000005,1493000,-1.0,-1.0,-1.0
2016/05/17,419.40000000000003,421.6,416.6,420.0,1541000,-1.0,-1.0,-1.0
2016/05/18,425.8,426.20000000000005,416.40000000000003,420.8,1846000,-1.0,-1.0,-1.0
2016/05/19,426.40000000000003,426.40000000000003,414.0,416.20000000000005,1431000,-1.0,-1.0,-1.0
2016/05/20,414.20000000000005,419.0,411.40000000000003,418.0,1496500,-1.0,-1.0,-1.0
2016/05/23,414.6,415.40000000000003,405.8,414.8,1619000,-1.0,-1.0,-1.0
2016/05/24,412.6,412.6,405.40000000000003,406.6,1338500,-1.0,-1.0,-1.0
2016/05/25,418.8,418.8,414.40000000000003,418.20000000000005,721000,-1.0,-1.0,-1.0
2016/05/26,425.40000000000003,427.8,421.20000000000005,422.20000000000005,1255500,-1.0,-1.0,-1.0
2016/05/27,423.20000000000005,435.8,421.0,434.0,2100500,-1.0,-1.0,-1.0
2016/05/30,439.40000000000003,439.40000000000003,428.6,433.0,1272000,-1.0,-1.0,-1.0
2016/05/31,429.40000000000003,435.6,428.8,435.0,2065500,-1.0,-1.0,-1.0
2016/06/01,430.0,432.8,424.0,427.0,2403500,-1.0,-1.0,-1.0
2016/06/02,417.20000000000005,417.6,408.20000000000005,408.6,2459000,-1.0,-1.0,-1.0
2016/06/03,408.8,413.0,406.0,408.8,2026000,-1.0,-1.0,-1.0
2016/06/06,400.0,408.8,398.6,407.6,2382500,-1.0,-1.0,-1.0
2016/06/07,402.0,405.40000000000003,399.6,400.8,1786500,-1.0,-1.0,-1.0
2016/06/08,402.6,405.20000000000005,398.6,405.20000000000005,1430500,-1.0,-1.0,-1.0
2016/06/09,401.6,402.20000000000005,396.20000000000005,398.20000000000005,1202500,-1.0,-1.0,-1.0
2016/06/10,398.8,398.8,392.40000000000003,397.0,1399000,-1.0,-1.0,-1.0
2016/06/13,390.0,390.20000000000005,385.20000000000005,386.0,2012500,-1.0,-1.0,-1.0
2016/06/14,384.8,386.40000000000003,380.8,384.20000000000005,1492500,-1.0,-1.0,-1.0
2016/06/15,385.8,398.20000000000005,385.40000000000003,394.8,2796000,-1.0,-1.0,-1.0
2016/06/16,393.6,393.6,376.40000000000003,379.20000000000005,1699000,-1.0,-1.0,-1.0
2016/06/17,386.0,389.20000000000005,383.40000000000003,383.6,1934500,-1.0,-1.0,-1.0
2016/06/20,385.0,388.20000000000005,380.8,382.0,2696000,-1.0,-1.0,-1.0
2016/06/21,377.40000000000003,393.0,370.6,390.40000000000003,2411000,-1.0,-1.0,-1.0
2016/06/22,386.0,387.6,381.6,383.6,1581500,-1.0,-1.0,-1.0
2016/06/23,383.8,391.40000000000003,379.6,390.6,1445000,-1.0,-1.0,-1.0
2016/06/24,392.0,394.6,350.8,356.0,2266500,-1.0,-1.0,-1.0
2016/06/27,360.20000000000005,363.20000000000005,348.20000000000005,353.40000000000003,1931500,-1.0,-1.0,-1.0
2016/06/28,350.0,357.0,343.8,353.20000000000005,1662500,-1.0,-1.0,-1.0
2016/06/29,360.0,364.20000000000005,355.0,361.6,2000000,-1.0,-1.0,-1.0
2016/06/30,369.6,371.0,362.0,362.20000000000005,1387500,-1.0,-1.0,-1.0
2016/07/01,366.8,368.8,361.20000000000005,362.8,1424500,-1.0,-1.0,-1.0
2016/07/04,358.0,364.0,354.8,362.0,1024500,-1.0,-1.0,-1.0
2016/07/05,357.40000000000003,357.6,349.40000000000003,352.40000000000003,1439000,-1.0,-1.0,-1.0
2016/07/06,342.40000000000003,348.20000000000005,340.40000000000003,347.8,2235000,-1.0,-1.0,-1.0
2016/07/07,344.6,349.40000000000003,340.6,342.6,1724000,-1.0,-1.0,-1.0
2016/07/08,342.6,350.0,341.6,341.6,1795500,-1.0,-1.0,-1.0
2016/07/11,349.20000000000005,359.8,347.6,358.20000000000005,1702000,-1.0,-1.0,-1.0
2016/07/12,369.0,376.8,367.40000000000003,371.8,1476500,-1.0,-1.0,-1.0
2016/07/13,381.20000000000005,389.0,381.20000000000005,385.20000000000005,2127500,-1.0,-1.0,-1.0
2016/07/14,384.0,389.6,382.0,387.8,2414000,-1.0,-1.0,-1.0
2016/07/15,392.0,395.40000000000003,386.40000000000003,392.0,2182500,-1.0,-1.0,-1.0
2016/07/19,395.20000000000005,396.6,388.20000000000005,392.8,1572500,-1.0,-1.0,-1.0
2016/07/20,391.8,392.20000000000005,384.40000000000003,391.40000000000003,1644500,-1.0,-1.0,-1.0
2016/07/21,394.6,401.40000000000003,389.8,401.20000000000005,1646000,-1.0,-1.0,-1.0
2016/07/22,392.6,399.40000000000003,392.20000000000005,394.8,1132000,-1.0,-1.0,-1.0
2016/07/25,397.6,404.8,395.8,402.8,2203000,-1.0,-1.0,-1.0
2016/07/26,403.6,404.6,394.20000000000005,398.0,2018500,-1.0,-1.0,-1.0
2016/07/27,402.6,413.40000000000003,402.6,411.20000000000005,2215000,-1.0,-1.0,-1.0
2016/07/28,405.20000000000005,422.8,401.40000000000003,422.6,2677000,-1.0,-1.0,-1.0
2016/07/29,422.40000000000003,470.6,421.0,451.40000000000003,6654500,-1.0,-1.0,-1.0
2016/08/01,420.0,433.20000000000005,416.0,429.40000000000003,3206500,-1.0,-1.0,-1.0
2016/08/02,410.20000000000005,417.20000000000005,398.8,400.40000000000003,4323500,-1.0,-1.0,-1.0
2016/08/03,396.20000000000005,399.20000000000005,390.0,391.0,1509500,-1.0,-1.0,-1.0
2016/08/04,394.0,416.6,392.8,414.6,2466000,-1.0,-1.0,-1.0
2016/08/05,413.20000000000005,421.8,408.40000000000003,411.8,1848000,-1.0,-1.0,-1.0
2016/08/08,417.20000000000005,428.20000000000005,416.6,427.8,927000,-1.0,-1.0,-1.0
2016/08/09,427.8,434.20000000000005,423.8,433.20000000000005,1073500,-1.0,-1.0,-1.0
2016/08/10,438.20000000000005,443.0,434.8,442.20000000000005,2942500,-1.0,-1.0,-1.0
2016/08/12,444.40000000000003,446.0,438.8,442.0,1135000,-1.0,-1.0,-1.0
2016/08/15,439.0,443.0,434.6,436.40000000000003,984000,-1.0,-1.0,-1.0
2016/08/16,436.0,441.20000000000005,428.6,428.6,1840000,-1.0,-1.0,-1.0
2016/08/17,428.6,452.20000000000005,428.6,450.0,2725500,-1.0,-1.0,-1.0
2016/08/18,443.0,443.0,433.6,434.8,1715000,-1.0,-1.0,-1.0
2016/08/19,434.0,447.0,430.6,442.20000000000005,1498500,-1.0,-1.0,-1.0
2016/08/22,442.20000000000005,446.0,436.0,445.6,1345500,-1.0,-1.0,-1.0
2016/08/23,441.40000000000003,444.40000000000003,431.8,433.6,1058000,-1.0,-1.0,-1.0
2016/08/24,438.6,442.8,435.20000000000005,436.40000000000003,724500,-1.0,-1.0,-1.0
2016/08/25,440.8,454.6,439.6,453.20000000000005,1872000,-1.0,-1.0,-1.0
2016/08/26,450.40000000000003,453.0,446.6,448.40000000000003,1266000,-1.0,-1.0,-1.0
2016/08/29,462.0,471.6,460.0,469.0,1620000,-1.0,-1.0,-1.0
2016/08/30,466.6,470.20000000000005,465.6,467.6,905000,-1.0,-1.0,-1.0
2016/08/31,476.0,482.6,475.8,476.40000000000003,1699000,-1.0,-1.0,-1.0
2016/09/01,480.6,486.0,478.6,483.40000000000003,1297500,-1.0,-1.0,-1.0
2016/09/02,477.6,477.6,470.6,475.6,1189500,-1.0,-1.0,-1.0
2016/09/05,485.6,485.6,476.40000000000003,477.6,703000,-1.0,-1.0,-1.0
2016/09/06,477.6,480.40000000000003,472.20000000000005,480.0,604500,-1.0,-1.0,-1.0
2016/09/07,472.40000000000003,479.6,468.20000000000005,479.6,953000,-1.0,-1.0,-1.0
2016/09/08,477.40000000000003,482.20000000000005,474.0,480.6,1239000,-1.0,-1.0,-1.0
2016/09/09,474.8,481.40000000000003,473.0,477.20000000000005,1433500,-1.0,-1.0,-1.0
2016/09/12,468.8,476.40000000000003,465.20000000000005,472.8,1469000,-1.0,-1.0,-1.0
2016/09/13,475.40000000000003,480.0,470.6,474.20000000000005,988500,-1.0,-1.0,-1.0
2016/09/14,473.20000000000005,478.0,468.40000000000003,475.6,754500,-1.0,-1.0,-1.0
2016/09/15,471.6,474.6,467.0,472.20000000000005,1535000,-1.0,-1.0,-1.0
2016/09/16,472.0,476.20000000000005,465.6,474.20000000000005,1282500,-1.0,-1.0,-1.0
2016/09/20,468.40000000000003,479.20000000000005,462.20000000000005,478.40000000000003,1876500,-1.0,-1.0,-1.0
2016/09/21,480.0,495.0,476.20000000000005,495.0,2011500,-1.0,-1.0,-1.0
2016/09/23,490.0,490.6,482.6,488.40000000000003,1891500,-1.0,-1.0,-1.0
2016/09/26,484.0,487.6,481.8,482.8,1349500,-1.0,-1.0,-1.0
2016/09/27,476.0,487.6,469.40000000000003,487.6,1131500,-1.0,-1.0,-1.0
2016/09/28,482.40000000000003,484.0,469.0,473.6,1372500,-1.0,-1.0,-1.0
2016/09/29,481.8,482.0,474.6,476.6,1035500,-1.0,-1.0,-1.0
2016/09/30,466.6,469.40000000000003,461.8,466.6,1609000,-1.0,-1.0,-1.0
2016/10/03,476.20000000000005,481.20000000000005,471.40000000000003,476.40000000000003,2685500,-1.0,-1.0,-1.0
2016/10/04,476.6,479.0,472.8,476.6,1535500,-1.0,-1.0,-1.0
2016/10/05,483.40000000000003,495.8,478.6,494.40000000000003,1814000,-1.0,-1.0,-1.0
2016/10/06,498.0,499.6,494.8,496.40000000000003,1071000,-1.0,-1.0,-1.0
2016/10/07,497.6,498.8,494.20000000000005,498.8,693500,-1.0,-1.0,-1.0
2016/10/11,498.0,506.0,494.6,499.40000000000003,1560000,-1.0,-1.0,-1.0
2016/10/12,492.6,495.0,489.0,490.40000000000003,1663000,-1.0,-1.0,-1.0
2016/10/13,494.8,499.0,491.20000000000005,495.8,1478500,-1.0,-1.0,-1.0
2016/10/14,489.8,490.0,481.8,486.0,2407000,-1.0,-1.0,-1.0
2016/10/17,485.20000000000005,496.20000000000005,483.0,495.6,1701500,-1.0,-1.0,-1.0
2016/10/18,492.40000000000003,492.6,485.20000000000005,490.40000000000003,1909500,-1.0,-1.0,-1.0
2016/10/19,487.40000000000003,488.8,481.40000000000003,488.20000000000005,1838500,-1.0,-1.0,-1.0
2016/10/20,485.20000000000005,493.6,479.6,493.20000000000005,1780000,-1.0,-1.0,-1.0
2016/10/21,493.20000000000005,495.40000000000003,490.0,491.0,1025000,-1.0,-1.0,-1.0
2016/10/24,493.20000000000005,496.20000000000005,490.6,494.0,1707500,-1.0,-1.0,-1.0
2016/10/25,497.0,505.8,497.0,505.20000000000005,1615500,-1.0,-1.0,-1.0
2016/10/26,505.40000000000003,505.8,498.40000000000003,500.0,1483000,-1.0,-1.0,-1.0
2016/10/27,499.0,501.8,496.0,500.0,1537500,-1.0,-1.0,-1.0
2016/10/28,504.0,510.0,472.40000000000003,484.6,6889500,-1.0,-1.0,-1.0
2016/10/31,480.20000000000005,481.0,465.0,480.20000000000005,3813500,-1.0,-1.0,-1.0
2016/11/01,482.6,482.6,474.40000000000003,482.0,2031500,-1.0,-1.0,-1.0
2016/11/02,472.0,472.20000000000005,466.20000000000005,468.8,1245000,-1.0,-1.0,-1.0
2016/11/04,460.6,464.40000000000003,455.6,460.6,1719500,-1.0,-1.0,-1.0
2016/11/07,470.6,473.40000000000003,467.40000000000003,468.20000000000005,1256500,-1.0,-1.0,-1.0
2016/11/08,472.0,474.20000000000005,468.8,472.8,912000,-1.0,-1.0,-1.0
2016/11/09,473.8,479.40000000000003,435.6,442.8,2411000,-1.0,-1.0,-1.0
2016/11/10,474.20000000000005,474.8,463.0,466.0,1903000,-1.0,-1.0,-1.0
2016/11/11,472.6,474.6,459.6,462.20000000000005,2124000,-1.0,-1.0,-1.0
2016/11/14,469.8,478.0,466.8,477.40000000000003,1210000,-1.0,-1.0,-1.0
2016/11/15,477.6,480.0,474.0,475.8,1426500,-1.0,-1.0,-1.0
2016/11/16,482.40000000000003,487.8,481.20000000000005,485.20000000000005,1580000,-1.0,-1.0,-1.0
2016/11/17,480.0,482.40000000000003,477.6,480.6,1156500,-1.0,-1.0,-1.0
2016/11/18,486.20000000000005,490.0,485.8,489.40000000000003,1145500,-1.0,-1.0,-1.0
2016/11/21,490.6,492.8,486.20000000000005,487.40000000000003,1155500,-1.0,-1.0,-1.0
2016/11/22,485.0,488.20000000000005,480.6,486.20000000000005,1748500,-1.0,-1.0,-1.0
2016/11/24,493.40000000000003,497.0,488.40000000000003,492.20000000000005,2167000,-1.0,-1.0,-1.0
2016/11/25,493.40000000000003,505.40000000000003,493.40000000000003,500.6,1850500,-1.0,-1.0,-1.0
2016/11/28,500.6,500.6,492.0,498.0,1539500,-1.0,-1.0,-1.0
2016/11/29,493.20000000000005,497.40000000000003,491.20000000000005,495.8,1365000,-1.0,-1.0,-1.0
2016/11/30,495.8,500.6,492.40000000000003,494.0,2831000,-1.0,-1.0,-1.0
2016/12/01,503.8,507.6,499.6,504.40000000000003,2792000,-1.0,-1.0,-1.0
2016/12/02,508.0,508.0,497.0,499.0,1389500,-1.0,-1.0,-1.0
2016/12/05,493.40000000000003,493.40000000000003,486.20000000000005,491.8,1189500,-1.0,-1.0,-1.0
2016/12/06,497.0,498.8,491.8,496.20000000000005,1134500,-1.0,-1.0,-1.0
2016/12/07,500.8,505.8,499.0,504.6,1287000,-1.0,-1.0,-1.0
2016/12/08,514.0,519.6,512.2,519.6,1582000,-1.0,-1.0,-1.0
2016/12/09,520.0,527.0,518.8000000000001,525.4,1871000,-1.0,-1.0,-1.0
2016/12/12,536.0,539.6,527.2,531.0,2308000,-1.0,-1.0,-1.0
2016/12/13,532.6,533.6,526.2,533.6,1252000,-1.0,-1.0,-1.0
2016/12/14,533.0,538.8000000000001,530.6,534.4,1525000,-1.0,-1.0,-1.0
2016/12/15,535.0,549.0,534.8000000000001,546.8000000000001,2028500,-1.0,-1.0,-1.0
2016/12/16,550.4,552.2,545.0,549.4,1832500,-1.0,-1.0,-1.0
2016/12/19,544.4,544.4,540.4,542.8000000000001,1129500,-1.0,-1.0,-1.0
2016/12/20,547.6,560.0,545.2,559.0,2389000,-1.0,-1.0,-1.0
2016/12/21,562.0,563.0,553.6,556.2,1356000,-1.0,-1.0,-1.0
2016/12/22,560.4,564.4,558.8000000000001,562.2,1615000,-1.0,-1.0,-1.0
2016/12/26,560.6,560.6,551.0,551.8000000000001,743000,-1.0,-1.0,-1.0
2016/12/27,549.4,562.0,548.2,558.0,1033000,-1.0,-1.0,-1.0
2016/12/28,556.4,559.2,554.2,556.8000000000001,818000,-1.0,-1.0,-1.0
2016/12/29,553.6,557.2,546.6,548.0,988500,-1.0,-1.0,-1.0
2016/12/30,543.2,550.0,540.0,546.8000000000001,821000,-1.0,-1.0,-1.0
2017/01/04,555.0,564.2,553.0,564.0,1276000,-1.0,-1.0,-1.0
2017/01/05,564.6,566.4,557.8000000000001,560.4,1366500,-1.0,-1.0,-1.0
2017/01/06,546.4,553.2,546.4,551.8000000000001,1168500,-1.0,-1.0,-1.0
2017/01/10,546.0,553.6,542.0,548.4,1659000,-1.0,-1.0,-1.0
2017/01/11,553.6,558.0,550.8000000000001,557.6,1356000,-1.0,-1.0,-1.0
2017/01/12,552.4,553.0,545.4,549.4,1339000,-1.0,-1.0,-1.0
2017/01/13,549.8000000000001,555.0,547.4,554.6,876500,-1.0,-1.0,-1.0
2017/01/16,554.0,554.4,545.2,549.6,934000,-1.0,-1.0,-1.0
2017/01/17,549.8000000000001,549.8000000000001,538.2,538.2,849500,-1.0,-1.0,-1.0
2017/01/18,538.2,539.2,530.2,537.6,1641500,-1.0,-1.0,-1.0
2017/01/19,547.2,553.0,545.2,550.2,902500,-1.0,-1.0,-1.0
2017/01/20,550.6,556.0,550.4,553.6,710500,-1.0,-1.0,-1.0
2017/01/23,541.0,545.0,539.2,540.2,867500,-1.0,-1.0,-1.0
2017/01/24,537.6,540.8000000000001,535.2,537.8000000000001,871000,-1.0,-1.0,-1.0
2017/01/25,546.8000000000001,552.2,544.8000000000001,547.6,1061500,-1.0,-1.0,-1.0
2017/01/26,555.6,558.4,551.4,556.4,1208000,-1.0,-1.0,-1.0
2017/01/27,560.0,563.8000000000001,553.8000000000001,555.4,1118000,-1.0,-1.0,-1.0
2017/01/30,550.4,554.4,547.0,551.4,1614500,-1.0,-1.0,-1.0
2017/01/31,540.4,547.4,538.4,544.2,1417500,-1.0,-1.0,-1.0
2017/02/01,539.2,550.6,535.8000000000001,550.0,1755000,-1.0,-1.0,-1.0
2017/02/02,552.4,559.8000000000001,536.0,543.4,3184000,-1.0,-1.0,-1.0
2017/02/03,547.0,552.6,544.0,547.4,1716500,-1.0,-1.0,-1.0
2017/02/06,556.6,556.6,541.0,544.4,1553000,-1.0,-1.0,-1.0
2017/02/07,539.4,542.4,537.4,539.8000000000001,998000,-1.0,-1.0,-1.0
2017/02/08,542.0,545.0,539.2,544.2,671500,-1.0,-1.0,-1.0
2017/02/09,543.4,543.4,537.0,539.6,765000,-1.0,-1.0,-1.0
2017/02/10,551.4,558.8000000000001,549.4,557.8000000000001,1305000,-1.0,-1.0,-1.0
2017/02/13,560.8000000000001,563.4,557.4,559.8000000000001,720500,-1.0,-1.0,-1.0
2017/02/14,563.0,569.2,559.0,560.4,1657500,-1.0,-1.0,-1.0
2017/02/15,563.4,569.6,561.2,567.8000000000001,1343000,-1.0,-1.0,-1.0
2017/02/16,569.0,570.6,563.8000000000001,569.4,829500,-1.0,-1.0,-1.0
2017/02/17,566.2,569.4,562.4,569.0,946000,-1.0,-1.0,-1.0
2017/02/20,567.6,569.6,563.8000000000001,568.4,1258000,-1.0,-1.0,-1.0
2017/02/21,568.6,573.4,566.8000000000001,572.6,808000,-1.0,-1.0,-1.0
2017/02/22,573.4,573.8000000000001,569.0,571.4,1068000,-1.0,-1.0,-1.0
2017/02/23,573.8000000000001,573.8000000000001,567.6,571.8000000000001,851000,-1.0,-1.0,-1.0
2017/02/24,569.0,572.8000000000001,564.0,571.4,1028000,-1.0,-1.0,-1.0
2017/02/27,570.2,576.2,565.6,571.2,1664000,-1.0,-1.0,-1.0
2017/02/28,576.4,579.8000000000001,569.6,572.8000000000001,1527500,-1.0,-1.0,-1.0
2017/03/01,572.0,578.2,568.8000000000001,576.2,1166000,-1.0,-1.0,-1.0
2017/03/02,582.0,585.6,579.6,579.8000000000001,745500,-1.0,-1.0,-1.0
2017/03/03,580.4,582.0,576.8000000000001,579.2,481500,-1.0,-1.0,-1.0
2017/03/06,575.8000000000001,582.4,574.0,579.6,659500,-1.0,-1.0,-1.0
2017/03/07,576.6,584.8000000000001,574.8000000000001,577.6,1155000,-1.0,-1.0,-1.0
2017/03/08,574.8000000000001,577.6,571.6,575.0,1180000,-1.0,-1.0,-1.0
2017/03/09,581.0,587.8000000000001,578.8000000000001,585.6,1179500,-1.0,-1.0,-1.0
2017/03/10,593.0,594.4,589.2,593.0,1126000,-1.0,-1.0,-1.0
2017/03/13,591.0,594.0,590.0,592.8000000000001,633000,-1.0,-1.0,-1.0
2017/03/14,593.2,596.0,588.0,593.0,775500,-1.0,-1.0,-1.0
2017/03/15,594.2,595.0,586.4,592.4,1089500,-1.0,-1.0,-1.0
2017/03/16,586.4,598.6,585.0,597.6,1219000,-1.0,-1.0,-1.0
2017/03/17,595.0,597.2,592.8000000000001,597.0,1358500,-1.0,-1.0,-1.0
2017/03/21,597.4,599.8000000000001,593.0,597.4,1793500,-1.0,-1.0,-1.0
2017/03/22,581.8000000000001,585.8000000000001,580.0,581.0,1538500,-1.0,-1.0,-1.0
2017/03/23,581.4,584.0,574.6,578.2,1485500,-1.0,-1.0,-1.0
2017/03/24,579.4,588.2,578.4,582.8000000000001,902000,-1.0,-1.0,-1.0
2017/03/27,576.4,580.8000000000001,573.6,574.4,809500,-1.0,-1.0,-1.0
2017/03/28,582.0,590.0,580.8000000000001,589.0,1164000,-1.0,-1.0,-1.0
2017/03/29,590.0,591.2,581.2,583.2,814000,-1.0,-1.0,-1.0
2017/03/30,580.4,583.6,575.4,576.4,914000,-1.0,-1.0,-1.0
2017/03/31,578.2,583.0,566.2,566.2,1615000,-1.0,-1.0,-1.0
2017/04/03,573.6,574.4,566.2,570.6,1387000,-1.0,-1.0,-1.0
2017/04/04,569.2,570.2,555.8000000000001,559.8000000000001,1513500,-1.0,-1.0,-1.0
2017/04/05,559.2,563.0,552.2,553.6,1005500,-1.0,-1.0,-1.0
2017/04/06,552.2,552.4,541.4,541.8000000000001,1262000,-1.0,-1.0,-1.0
2017/04/07,546.2,549.4,539.8000000000001,544.0,1055500,-1.0,-1.0,-1.0
2017/04/10,547.0,549.2,539.2,544.8000000000001,1796000,-1.0,-1.0,-1.0
2017/04/11,538.4,545.2,533.2,543.4,2017000,-1.0,-1.0,-1.0
2017/04/12,538.2,539.0,533.6,535.6,1601000,-1.0,-1.0,-1.0
2017/04/13,530.0,532.6,524.4,530.6,1291500,-1.0,-1.0,-1.0
2017/04/14,528.0,532.6,525.2,527.8000000000001,999000,-1.0,-1.0,-1.0
2017/04/17,523.6,527.8000000000001,518.2,523.0,1153500,-1.0,-1.0,-1.0
2017/04/18,526.2,535.2,525.2,526.6,1243000,-1.0,-1.0,-1.0
2017/04/19,524.0,541.8000000000001,524.0,528.8000000000001,2307500,-1.0,-1.0,-1.0
2017/04/20,531.0,537.2,529.4,532.0,1351500,-1.0,-1.0,-1.0
2017/04/21,539.6,543.8000000000001,536.8000000000001,540.8000000000001,1108500,-1.0,-1.0,-1.0
2017/04/24,549.6,550.2,541.4,542.2,980000,-1.0,-1.0,-1.0
2017/04/25,544.4,556.0,542.8000000000001,553.4,833000,-1.0,-1.0,-1.0
2017/04/26,560.6,569.8000000000001,558.6,567.8000000000001,1494000,-1.0,-1.0,-1.0
2017/04/27,563.6,572.8000000000001,563.2,567.6,1371000,-1.0,-1.0,-1.0
2017/04/28,562.8000000000001,593.4,542.2,591.4,6518000,-1.0,-1.0,-1.0
2017/05/01,591.4,591.4,578.6,587.0,4010000,-1.0,-1.0,-1.0
2017/05/02,585.4,596.4,585.2,588.6,1862000,-1.0,-1.0,-1.0
2017/05/08,596.8000000000001,597.8000000000001,592.2,593.4,2860000,-1.0,-1.0,-1.0
2017/05/09,594.6,594.8000000000001,581.6,586.2,1608000,-1.0,-1.0,-1.0
2017/05/10,585.6,587.8000000000001,574.8000000000001,575.8000000000001,2184500,-1.0,-1.0,-1.0
2017/05/11,574.6,577.4,571.4,574.8000000000001,1503000,-1.0,-1.0,-1.0
2017/05/12,570.2,575.0,560.2,562.2,1786000,-1.0,-1.0,-1.0
2017/05/15,559.4,560.6,555.2,559.2,1168500,-1.0,-1.0,-1.0
2017/05/16,560.2,561.0,553.8000000000001,554.4,2152000,-1.0,-1.0,-1.0
2017/05/17,550.6,551.2,546.6,547.6,1883000,-1.0,-1.0,-1.0
2017/05/18,534.2,539.2,532.2,535.4,1410000,-1.0,-1.0,-1.0
2017/05/19,537.8000000000001,538.2,530.8000000000001,535.2,975500,-1.0,-1.0,-1.0
2017/05/22,536.4,537.2,531.8000000000001,535.4,1257000,-1.0,-1.0,-1.0
2017/05/23,537.0,537.2,530.2,533.4,2006500,-1.0,-1.0,-1.0
2017/05/24,541.4,543.8000000000001,537.6,539.8000000000001,1917000,-1.0,-1.0,-1.0
2017/05/25,537.2,543.4,535.6,539.4,1026500,-1.0,-1.0,-1.0
2017/05/26,536.8000000000001,538.0,534.0,534.4,1057500,-1.0,-1.0,-1.0
2017/05/29,544.4,544.4,530.4,537.2,1196000,-1.0,-1.0,-1.0
2017/05/30,537.4,538.4,531.2,537.6,824000,-1.0,-1.0,-1.0
2017/05/31,532.0,536.2,527.6,532.4,1405000,-1.0,-1.0,-1.0
2017/06/01,534.8000000000001,548.2,534.0,546.4,1620000,-1.0,-1.0,-1.0
2017/06/02,550.0,563.8000000000001,548.2,563.4,1693000,-1.0,-1.0,-1.0
2017/06/05,555.8000000000001,557.2,550.2,553.4,1126000,-1.0,-1.0,-1.0
2017/06/06,550.0,554.8000000000001,548.4,550.0,1391000,-1.0,-1.0,-1.0
2017/06/07,549.4,552.6,545.6,551.4,1270000,-1.0,-1.0,-1.0
2017/06/08,554.2,558.8000000000001,548.4,550.0,1268500,-1.0,-1.0,-1.0
2017/06/09,547.0,552.0,544.2,549.0,1414500,-1.0,-1.0,-1.0
2017/06/12,543.2,546.4,539.0,541.2,1363500,-1.0,-1.0,-1.0
2017/06/13,539.2,542.8000000000001,537.0,538.4,665500,-1.0,-1.0,-1.0
2017/06/14,537.0,538.8000000000001,527.6,528.8000000000001,2270500,-1.0,-1.0,-1.0
2017/06/15,527.0,531.6,521.4,522.4,1693000,-1.0,-1.0,-1.0
2017/06/16,530.0,536.4,525.0,533.6,3400000,-1.0,-1.0,-1.0
2017/06/19,538.0,539.4,533.6,538.6,1413500,-1.0,-1.0,-1.0
2017/06/20,542.0,544.8000000000001,540.2,540.4,1016500,-1.0,-1.0,-1.0
2017/06/21,538.2,540.2,533.8000000000001,535.2,1522000,-1.0,-1.0,-1.0
2017/06/22,535.4,536.0,529.8000000000001,531.8000000000001,1599000,-1.0,-1.0,-1.0
2017/06/23,530.6,535.6,530.6,531.0,1614500,-1.0,-1.0,-1.0
2017/06/26,531.0,533.6,529.6,530.4,1063000,-1.0,-1.0,-1.0
2017/06/27,534.0,537.6,534.0,536.6,941500,-1.0,-1.0,-1.0
2017/06/28,534.6,539.0,533.0,534.2,1116000,-1.0,-1.0,-1.0
2017/06/29,542.0,542.0,532.8000000000001,536.4,1794000,-1.0,-1.0,-1.0
2017/06/30,531.0,535.8000000000001,530.2,535.8000000000001,1243000,-1.0,-1.0,-1.0
2017/07/03,534.4,540.8000000000001,533.4,539.0,1159500,-1.0,-1.0,-1.0
2017/07/04,545.0,547.0,540.4,542.6,1254000,-1.0,-1.0,-1.0
2017/07/05,543.6,556.2,543.6,556.0,1983000,-1.0,-1.0,-1.0
2017/07/06,552.8000000000001,553.6,548.4,552.2,1189000,-1.0,-1.0,-1.0
2017/07/07,544.0,552.6,542.0,547.8000000000001,1000000,-1.0,-1.0,-1.0
2017/07/10,553.8000000000001,553.8000000000001,548.0,551.4,947000,-1.0,-1.0,-1.0
2017/07/11,553.0,554.6,551.2,552.6,1223500,-1.0,-1.0,-1.0
2017/07/12,550.6,556.0,549.8000000000001,553.6,1549500,-1.0,-1.0,-1.0
2017/07/13,555.0,555.8000000000001,548.0,550.0,1106000,-1.0,-1.0,-1.0
2017/07/14,549.2,555.6,547.8000000000001,551.2,1652000,-1.0,-1.0,-1.0
2017/07/18,546.0,549.2,543.6,547.8000000000001,949500,-1.0,-1.0,-1.0
2017/07/19,545.4,546.4,540.6,543.8000000000001,955000,-1.0,-1.0,-1.0
2017/07/20,541.4,547.2,540.8000000000001,545.8000000000001,1258000,-1.0,-1.0,-1.0
2017/07/21,544.2,546.2,536.8000000000001,538.0,1526500,-1.0,-1.0,-1.0
2017/07/24,535.2,536.6,528.6,532.2,820500,-1.0,-1.0,-1.0
2017/07/25,535.6,537.8000000000001,530.0,531.2,1261500,-1.0,-1.0,-1.0
2017/07/26,536.0,540.6,535.6,537.6,1395000,-1.0,-1.0,-1.0
2017/07/27,539.0,554.2,539.0,546.6,2818000,-1.0,-1.0,-1.0
2017/07/28,549.4,556.2,512.6,534.4,4659500,-1.0,-1.0,-1.0
2017/07/31,520.2,527.6,520.2,522.0,3057500,-1.0,-1.0,-1.0
2017/08/01,525.0,526.8000000000001,518.6,520.4,2302000,-1.0,-1.0,-1.0
2017/08/02,521.0,525.6,516.2,519.4,1567500,-1.0,-1.0,-1.0
2017/08/03,518.0,518.8000000000001,512.4,517.0,1679500,-1.0,-1.0,-1.0
2017/08/04,515.0,516.2,509.6,513.8000000000001,1842000,-1.0,-1.0,-1.0
2017/08/07,521.0,522.4,514.0,515.6,1076000,-1.0,-1.0,-1.0
2017/08/08,517.0,519.0,510.6,514.2,1398000,-1.0,-1.0,-1.0
2017/08/09,511.6,512.2,502.0,505.0,1508500,-1.0,-1.0,-1.0
2017/08/10,507.0,509.8,503.0,505.6,1467000,-1.0,-1.0,-1.0
2017/08/14,497.6,503.8,495.0,500.8,1845500,-1.0,-1.0,-1.0
2017/08/15,505.20000000000005,507.0,502.8,503.0,1232500,-1.0,-1.0,-1.0
2017/08/16,500.20000000000005,518.2,498.6,505.20000000000005,1248000,-1.0,-1.0,-1.0
2017/08/17,507.0,514.4,501.40000000000003,513.8000000000001,1966500,-1.0,-1.0,-1.0
2017/08/18,507.20000000000005,513.6,506.6,512.8000000000001,1993000,-1.0,-1.0,-1.0
2017/08/21,513.6,513.6,510.40000000000003,511.8,1087500,-1.0,-1.0,-1.0
2017/08/22,509.20000000000005,513.2,508.0,511.40000000000003,1129500,-1.0,-1.0,-1.0
2017/08/23,514.6,516.8000000000001,507.6,509.20000000000005,1347000,-1.0,-1.0,-1.0
2017/08/24,509.6,515.0,509.20000000000005,511.6,1591500,-1.0,-1.0,-1.0
2017/08/25,513.8000000000001,521.6,512.6,519.4,1452000,-1.0,-1.0,-1.0
2017/08/28,523.4,525.0,517.0,519.6,1126000,-1.0,-1.0,-1.0
2017/08/29,514.4,514.4,509.6,510.0,1508500,-1.0,-1.0,-1.0
2017/08/30,514.0,515.2,508.0,513.6,1671000,-1.0,-1.0,-1.0
2017/08/31,515.8000000000001,518.0,512.4,512.6,2085000,-1.0,-1.0,-1.0
2017/09/01,516.4,517.2,512.0,514.4,1286000,-1.0,-1.0,-1.0
2017/09/04,514.0,515.6,507.40000000000003,508.40000000000003,777500,-1.0,-1.0,-1.0
2017/09/05,510.40000000000003,510.40000000000003,503.8,504.40000000000003,1137000,-1.0,-1.0,-1.0
2017/09/06,504.20000000000005,505.40000000000003,500.0,504.40000000000003,1332000,-1.0,-1.0,-1.0
2017/09/07,506.6,510.6,505.0,508.8,1919000,-1.0,-1.0,-1.0
2017/09/08,505.6,508.6,504.20000000000005,506.40000000000003,1731500,-1.0,-1.0,-1.0
2017/09/11,511.0,517.6,511.0,515.4,1103500,-1.0,-1.0,-1.0
2017/09/12,520.0,522.8000000000001,519.0,521.6,1478500,-1.0,-1.0,-1.0
2017/09/13,525.8000000000001,528.4,520.2,520.2,1208500,-1.0,-1.0,-1.0
2017/09/14,521.0,525.2,518.0,519.4,1503500,-1.0,-1.0,-1.0
2017/09/15,519.2,527.2,518.0,523.6,2347000,-1.0,-1.0,-1.0
2017/09/19,530.0,541.0,529.6,539.6,2094000,-1.0,-1.0,-1.0
2017/09/20,541.8000000000001,547.8000000000001,537.2,547.2,2158000,-1.0,-1.0,-1.0
2017/09/21,547.0,549.4,544.2,545.6,2049500,-1.0,-1.0,-1.0
2017/09/22,542.2,547.8000000000001,541.6,542.6,1128000,-1.0,-1.0,-1.0
2017/09/25,546.0,547.8000000000001,542.8000000000001,544.2,1085500,-1.0,-1.0,-1.0
2017/09/26,540.2,544.0,540.0,543.2,1199500,-1.0,-1.0,-1.0
2017/09/27,535.4,535.8000000000001,527.8000000000001,534.8000000000001,2084500,-1.0,-1.0,-1.0
2017/09/28,538.0,538.4,533.4,537.0,1187500,-1.0,-1.0,-1.0
2017/09/29,530.4,533.6,525.0,531.8000000000001,2342500,-1.0,-1.0,-1.0
2017/10/02,533.6,540.6,531.4,540.4,1584000,-1.0,-1.0,-1.0
2017/10/03,543.0,549.0,540.8000000000001,548.4,1503000,-1.0,-1.0,-1.0
2017/10/04,548.4,551.8000000000001,548.2,551.0,1572000,-1.0,-1.0,-1.0
2017/10/05,552.0,556.6,551.2,554.8000000000001,1741000,-1.0,-1.0,-1.0
2017/10/06,556.2,558.0,552.6,557.4,1292000,-1.0,-1.0,-1.0
2017/10/10,560.2,567.0,558.4,567.0,2586000,-1.0,-1.0,-1.0
2017/10/11,571.6,574.0,565.8000000000001,569.2,2749500,-1.0,-1.0,-1.0
2017/10/12,571.6,571.6,565.6,566.2,1847500,-1.0,-1.0,-1.0
2017/10/13,566.2,572.6,564.6,567.4,2506000,-1.0,-1.0,-1.0
2017/10/16,569.4,569.6,564.4,564.6,1137000,-1.0,-1.0,-1.0
2017/10/17,566.0,566.4,560.0,565.8000000000001,1567500,-1.0,-1.0,-1.0
2017/10/18,564.0,567.0,561.8000000000001,564.8000000000001,852000,-1.0,-1.0,-1.0
2017/10/19,565.0,569.8000000000001,565.0,566.8000000000001,1142500,-1.0,-1.0,-1.0
2017/10/20,563.8000000000001,568.0,561.2,567.0,1080000,-1.0,-1.0,-1.0
2017/10/23,573.4,575.0,571.2,574.4,1387000,-1.0,-1.0,-1.0
2017/10/24,574.4,579.6,573.4,579.6,1291500,-1.0,-1.0,-1.0
2017/10/25,578.2,578.8000000000001,570.0,571.8000000000001,1595500,-1.0,-1.0,-1.0
2017/10/26,570.2,575.0,570.2,572.8000000000001,1391500,-1.0,-1.0,-1.0
2017/10/27,576.8000000000001,576.8000000000001,571.0,576.0,1203500,-1.0,-1.0,-1.0
2017/10/30,573.2,576.0,571.0,573.0,4861500,-1.0,-1.0,-1.0
2017/10/31,580.0,582.6,544.0,549.6,5684500,-1.0,-1.0,-1.0
2017/11/01,559.6,563.8000000000001,557.4,558.6,2816000,-1.0,-1.0,-1.0
2017/11/02,557.0,559.0,553.0,558.0,1745500,-1.0,-1.0,-1.0
2017/11/06,559.6,562.8000000000001,555.4,557.8000000000001,1400500,-1.0,-1.0,-1.0
2017/11/07,559.4,564.4,557.2,563.6,2005000,-1.0,-1.0,-1.0
2017/11/08,563.6,564.4,559.0,563.6,1225500,-1.0,-1.0,-1.0
2017/11/09,567.4,571.4,554.6,561.2,2328500,-1.0,-1.0,-1.0
2017/11/10,551.6,558.8000000000001,549.4,550.4,1367000,-1.0,-1.0,-1.0
2017/11/13,551.6,553.8000000000001,547.8000000000001,549.0,1235000,-1.0,-1.0,-1.0
2017/11/14,548.6,551.0,546.8000000000001,550.0,1199500,-1.0,-1.0,-1.0
2017/11/15,548.2,549.8000000000001,535.2,537.0,1713500,-1.0,-1.0,-1.0
2017/11/16,537.0,544.0,535.0,542.8000000000001,3064000,-1.0,-1.0,-1.0
2017/11/17,546.2,548.2,540.2,547.8000000000001,3445500,-1.0,-1.0,-1.0
2017/11/20,548.0,556.2,545.2,555.6,2435000,-1.0,-1.0,-1.0
2017/11/21,553.4,560.8000000000001,552.0,559.4,1037000,-1.0,-1.0,-1.0
2017/11/22,560.0,566.2,558.4,564.8000000000001,1767000,-1.0,-1.0,-1.0
2017/11/24,565.0,566.6,556.2,564.6,1308000,-1.0,-1.0,-1.0
2017/11/27,566.4,569.0,563.6,568.4,1358500,-1.0,-1.0,-1.0
2017/11/28,563.4,563.8000000000001,555.2,556.0,1487000,-1.0,-1.0,-1.0
2017/11/29,559.2,561.0,555.0,558.2,1428500,-1.0,-1.0,-1.0
2017/11/30,559.2,562.0,556.0,561.4,1572500,-1.0,-1.0,-1.0
2017/12/01,557.0,561.4,553.0,556.2,1442000,-1.0,-1.0,-1.0
2017/12/04,563.0,563.4,552.0,553.0,869500,-1.0,-1.0,-1.0
2017/12/05,552.6,553.4,548.0,553.4,735000,-1.0,-1.0,-1.0
2017/12/06,553.0,553.0,539.6,542.0,1476000,-1.0,-1.0,-1.0
2017/12/07,543.4,547.2,541.0,542.8000000000001,874000,-1.0,-1.0,-1.0
2017/12/08,544.4,552.0,543.4,546.2,1593000,-1.0,-1.0,-1.0
2017/12/11,552.8000000000001,561.2,552.2,561.2,1363500,-1.0,-1.0,-1.0
2017/12/12,561.8000000000001,566.0,559.4,561.6,972500,-1.0,-1.0,-1.0
2017/12/13,562.6,563.8000000000001,556.6,558.8000000000001,1103000,-1.0,-1.0,-1.0
2017/12/14,566.0,568.2,560.6,567.0,1301500,-1.0,-1.0,-1.0
2017/12/15,563.0,565.4,557.6,560.8000000000001,1419000,-1.0,-1.0,-1.0
2017/12/18,568.6,577.6,567.0,577.2,1656000,-1.0,-1.0,-1.0
2017/12/19,576.0,576.2,571.8000000000001,573.2,681000,-1.0,-1.0,-1.0
2017/12/20,571.2,577.8000000000001,568.6,575.4,1199500,-1.0,-1.0,-1.0
2017/12/21,577.0,582.6,576.2,580.6,1148500,-1.0,-1.0,-1.0
2017/12/22,582.6,592.0,582.6,584.0,1257000,-1.0,-1.0,-1.0
2017/12/25,583.4,583.4,577.8000000000001,581.0,465000,-1.0,-1.0,-1.0
2017/12/26,581.2,582.0,578.6,580.4,358500,-1.0,-1.0,-1.0
2017/12/27,580.0,580.8000000000001,576.8000000000001,578.0,535000,-1.0,-1.0,-1.0
2017/12/28,577.6,581.6,571.4,572.4,1297000,-1.0,-1.0,-1.0
2017/12/29,573.0,576.6,571.8000000000001,573.4,648500,-1.0,-1.0,-1.0
2018/01/04,583.4,593.4,583.0,593.4,1463500,-1.0,-1.0,-1.0
2018/01/05,597.0,598.0,591.4,594.2,936500,-1.0,-1.0,-1.0
2018/01/09,600.0,601.0,594.2,598.2,861500,-1.0,-1.0,-1.0
2018/01/10,598.6,601.0,595.2,601.0,681000,-1.0,-1.0,-1.0
2018/01/11,599.8000000000001,604.0,592.0,603.0,1406500,-1.0,-1.0,-1.0
2018/01/12,604.0,607.0,594.2,595.0,1267000,-1.0,-1.0,-1.0
2018/01/15,599.8000000000001,599.8000000000001,591.8000000000001,592.8000000000001,622500,-1.0,-1.0,-1.0
2018/01/16,597.0,606.0,597.0,605.0,1296500,-1.0,-1.0,-1.0
2018/01/17,600.0,604.0,586.2,602.0,2108000,-1.0,-1.0,-1.0
2018/01/18,609.0,609.0,591.8000000000001,592.0,1655500,-1.0,-1.0,-1.0
2018/01/19,594.6,594.8000000000001,584.0,588.8000000000001,1784500,-1.0,-1.0,-1.0
2018/01/22,592.8000000000001,596.2,588.0,592.0,1020500,-1.0,-1.0,-1.0
2018/01/23,594.0,610.0,594.0,608.0,1174000,-1.0,-1.0,-1.0
2018/01/24,603.0,604.0,596.8000000000001,597.6,829500,-1.0,-1.0,-1.0
2018/01/25,592.6,592.8000000000001,585.0,585.8000000000001,971000,-1.0,-1.0,-1.0
2018/01/26,584.0,589.6,583.0,588.6,1333500,-1.0,-1.0,-1.0
2018/01/29,589.8000000000001,593.2,587.4,591.2,848500,-1.0,-1.0,-1.0
2018/01/30,590.8000000000001,595.8000000000001,584.6,587.6,1191000,-1.0,-1.0,-1.0
2018/01/31,590.6,593.4,579.0,579.0,1651000,-1.0,-1.0,-1.0
2018/02/01,578.0,583.2,573.6,580.6,1477500,-1.0,-1.0,-1.0
2018/02/02,573.6,585.2,536.2,546.8000000000001,4468000,-1.0,-1.0,-1.0
2018/02/05,525.0,536.4,522.4,533.2,3716000,-1.0,-1.0,-1.0
2018/02/06,513.2,513.2,496.20000000000005,505.0,2578000,-1.0,-1.0,-1.0
2018/02/07,522.6,523.8000000000001,505.0,505.0,2500000,-1.0,-1.0,-1.0
2018/02/08,508.40000000000003,513.4,507.0,511.0,1879000,-1.0,-1.0,-1.0
2018/02/09,492.6,496.6,490.20000000000005,496.6,1323500,-1.0,-1.0,-1.0
2018/02/13,502.6,504.0,485.20000000000005,485.6,1708000,-1.0,-1.0,-1.0
2018/02/14,486.0,487.0,477.40000000000003,481.0,1906000,-1.0,-1.0,-1.0
2018/02/15,491.20000000000005,498.8,485.40000000000003,491.0,2317500,-1.0,-1.0,-1.0
2018/02/16,498.20000000000005,506.40000000000003,494.40000000000003,502.8,2524500,-1.0,-1.0,-1.0
2018/02/19,508.20000000000005,513.4,505.0,513.4,1677500,-1.0,-1.0,-1.0
2018/02/20,514.4,520.2,511.0,519.0,1784500,-1.0,-1.0,-1.0
2018/02/21,520.0,525.4,515.8000000000001,522.2,1852500,-1.0,-1.0,-1.0
2018/02/22,519.4,523.0,516.6,521.4,2223500,-1.0,-1.0,-1.0
2018/02/23,513.8000000000001,524.4,509.8,522.2,2910500,-1.0,-1.0,-1.0
2018/02/26,529.8000000000001,531.2,525.4,528.8000000000001,1681500,-1.0,-1.0,-1.0
2018/02/27,534.2,535.2,529.0,531.2,1456500,-1.0,-1.0,-1.0
2018/02/28,531.2,533.0,521.4,521.6,2285500,-1.0,-1.0,-1.0
2018/03/01,519.0,519.0,509.20000000000005,511.0,1517500,-1.0,-1.0,-1.0
2018/03/02,498.20000000000005,501.6,490.8,492.8,1522500,-1.0,-1.0,-1.0
2018/03/05,490.40000000000003,492.8,484.20000000000005,486.20000000000005,1534000,-1.0,-1.0,-1.0
2018/03/06,494.0,497.6,488.6,489.0,1428500,-1.0,-1.0,-1.0
2018/03/07,482.40000000000003,485.20000000000005,477.0,479.0,2026500,-1.0,-1.0,-1.0
2018/03/08,482.20000000000005,484.0,474.40000000000003,477.0,1597500,-1.0,-1.0,-1.0
2018/03/09,482.8,485.8,475.6,477.40000000000003,1711500,-1.0,-1.0,-1.0
2018/03/12,487.40000000000003,494.0,486.0,491.8,1540500,-1.0,-1.0,-1.0
2018/03/13,492.0,496.20000000000005,488.40000000000003,495.40000000000003,1679500,-1.0,-1.0,-1.0
2018/03/14,491.40000000000003,497.6,490.6,493.20000000000005,1159500,-1.0,-1.0,-1.0
2018/03/15,484.40000000000003,487.8,478.8,486.20000000000005,2010500,-1.0,-1.0,-1.0
2018/03/16,482.8,485.0,476.40000000000003,478.0,3410000,-1.0,-1.0,-1.0
2018/03/19,479.20000000000005,480.8,474.6,475.40000000000003,1417000,-1.0,-1.0,-1.0
2018/03/20,475.20000000000005,487.40000000000003,474.0,487.20000000000005,2546500,-1.0,-1.0,-1.0
2018/03/22,484.6,485.0,476.20000000000005,484.20000000000005,2222000,-1.0,-1.0,-1.0
2018/03/23,476.20000000000005,476.40000000000003,463.8,465.6,2139500,-1.0,-1.0,-1.0
2018/03/26,460.20000000000005,468.8,458.40000000000003,468.8,1303000,-1.0,-1.0,-1.0
2018/03/27,473.8,486.20000000000005,473.40000000000003,486.0,1457000,-1.0,-1.0,-1.0
2018/03/28,474.8,482.20000000000005,474.20000000000005,480.8,2353500,-1.0,-1.0,-1.0
2018/03/29,490.0,492.20000000000005,479.6,485.8,2196000,-1.0,-1.0,-1.0
2018/03/30,494.40000000000003,496.40000000000003,488.8,494.8,1556000,-1.0,-1.0,-1.0
2018/04/02,492.8,500.6,491.8,495.40000000000003,1350000,-1.0,-1.0,-1.0
2018/04/03,490.0,490.20000000000005,483.6,486.20000000000005,1508500,-1.0,-1.0,-1.0
2018/04/04,487.6,493.40000000000003,484.40000000000003,490.8,1240500,-1.0,-1.0,-1.0
2018/04/05,498.8,499.0,490.20000000000005,494.0,1308000,-1.0,-1.0,-1.0
2018/04/06,494.20000000000005,497.6,490.6,491.8,1039500,-1.0,-1.0,-1.0
2018/04/09,481.8,487.8,480.0,482.0,1383000,-1.0,-1.0,-1.0
2018/04/10,480.0,493.40000000000003,475.40000000000003,492.0,1977000,-1.0,-1.0,-1.0
2018/04/11,496.40000000000003,506.6,493.8,503.40000000000003,1849000,-1.0,-1.0,-1.0
2018/04/12,500.0,505.8,496.40000000000003,504.20000000000005,1624000,-1.0,-1.0,-1.0
2018/04/13,509.20000000000005,517.4,508.20000000000005,514.8000000000001,1488000,-1.0,-1.0,-1.0
2018/04/16,514.8000000000001,516.0,509.20000000000005,513.4,834000,-1.0,-1.0,-1.0
2018/04/17,512.0,512.6,507.20000000000005,510.20000000000005,1287000,-1.0,-1.0,-1.0
2018/04/18,511.40000000000003,517.0,508.0,515.2,1195500,-1.0,-1.0,-1.0
2018/04/19,516.0,519.2,511.6,514.8000000000001,1150000,-1.0,-1.0,-1.0
2018/04/20,514.8000000000001,517.6,511.6,516.0,1410500,-1.0,-1.0,-1.0
2018/04/23,515.6,518.0,512.2,513.4,1016000,-1.0,-1.0,-1.0
2018/04/24,516.8000000000001,519.4,514.2,519.0,1077500,-1.0,-1.0,-1.0
2018/04/25,514.6,524.0,512.6,522.6,1307000,-1.0,-1.0,-1.0
2018/04/26,526.6,527.2,520.6,524.4,947000,-1.0,-1.0,-1.0
2018/04/27,525.8000000000001,571.2,511.0,554.8000000000001,4805000,-1.0,-1.0,-1.0
2018/05/01,555.0,573.8000000000001,553.0,555.2,4623000,-1.0,-1.0,-1.0
2018/05/02,585.2,598.2,580.4,582.0,5711000,-1.0,-1.0,-1.0
2018/05/07,583.0,583.0,572.8000000000001,578.4,1509000,-1.0,-1.0,-1.0
2018/05/08,580.0,587.0,576.2,581.2,2148000,-1.0,-1.0,-1.0
2018/05/09,584.0,585.0,571.6,575.0,2059000,-1.0,-1.0,-1.0
2018/05/10,578.2,578.8000000000001,573.6,577.8000000000001,924000,-1.0,-1.0,-1.0
2018/05/11,578.0,587.4,576.2,586.0,1681500,-1.0,-1.0,-1.0
2018/05/14,579.2,583.4,576.4,582.2,894500,-1.0,-1.0,-1.0
2018/05/15,581.8000000000001,585.6,579.0,584.0,1318500,-1.0,-1.0,-1.0
2018/05/16,577.8000000000001,584.6,577.2,579.4,1255000,-1.0,-1.0,-1.0
2018/05/17,581.6,587.2,579.2,585.2,1217000,-1.0,-1.0,-1.0
2018/05/18,589.0,591.0,582.2,589.4,1636500,-1.0,-1.0,-1.0
2018/05/21,589.0,593.4,586.8000000000001,587.2,1168000,-1.0,-1.0,-1.0
2018/05/22,588.2,591.0,583.8000000000001,585.2,1093000,-1.0,-1.0,-1.0
2018/05/23,589.4,609.0,589.4,605.0,2949000,-1.0,-1.0,-1.0
2018/05/24,601.0,601.0,587.6,589.4,2598000,-1.0,-1.0,-1.0
2018/05/25,588.8000000000001,588.8000000000001,577.6,578.8000000000001,2039500,-1.0,-1.0,-1.0
2018/05/28,573.2,577.8000000000001,562.2,564.0,1750500,-1.0,-1.0,-1.0
2018/05/29,561.0,562.8000000000001,556.0,557.8000000000001,1102500,-1.0,-1.0,-1.0
2018/05/30,538.6,547.6,538.6,544.4,2489000,-1.0,-1.0,-1.0
2018/05/31,568.4,575.8000000000001,557.6,573.8000000000001,5262500,-1.0,-1.0,-1.0
2018/06/01,572.4,578.8000000000001,567.8000000000001,569.4,1924000,-1.0,-1.0,-1.0
2018/06/04,578.2,581.4,575.2,580.4,1151500,-1.0,-1.0,-1.0
2018/06/05,580.2,582.6,575.8000000000001,582.4,1308000,-1.0,-1.0,-1.0
2018/06/06,582.4,593.4,581.6,587.4,1657500,-1.0,-1.0,-1.0
2018/06/07,598.8000000000001,608.0,597.8000000000001,601.0,2131500,-1.0,-1.0,-1.0
2018/06/08,595.0,597.4,588.8000000000001,591.2,2602500,-1.0,-1.0,-1.0
2018/06/11,590.4,597.8000000000001,585.8000000000001,591.4,882500,-1.0,-1.0,-1.0
2018/06/12,594.6,597.4,584.4,589.8000000000001,1775500,-1.0,-1.0,-1.0
2018/06/13,585.0,592.0,585.0,590.2,1174500,-1.0,-1.0,-1.0
2018/06/14,587.8000000000001,589.4,579.8000000000001,580.0,1501000,-1.0,-1.0,-1.0
2018/06/15,587.6,589.4,575.2,578.2,1867500,-1.0,-1.0,-1.0
2018/06/18,573.0,573.0,564.8000000000001,567.2,1469500,-1.0,-1.0,-1.0
2018/06/19,561.4,572.0,558.6,559.8000000000001,1807500,-1.0,-1.0,-1.0
2018/06/20,579.8000000000001,582.0,565.8000000000001,571.0,3814500,-1.0,-1.0,-1.0
2018/06/21,568.0,574.4,565.2,567.6,1607000,-1.0,-1.0,-1.0
2018/06/22,562.8000000000001,566.0,553.4,559.8000000000001,2353500,-1.0,-1.0,-1.0
2018/06/25,560.8000000000001,563.2,555.2,555.6,1073500,-1.0,-1.0,-1.0
2018/06/26,548.6,555.2,544.2,554.6,1223000,-1.0,-1.0,-1.0
2018/06/27,584.6,584.6,559.2,562.4,2996000,-1.0,-1.0,-1.0
2018/06/28,562.4,566.2,556.0,560.0,1713500,-1.0,-1.0,-1.0
2018/06/29,556.0,563.6,548.0,561.8000000000001,1960500,-1.0,-1.0,-1.0
2018/07/02,556.8000000000001,559.2,542.8000000000001,543.2,1275000,-1.0,-1.0,-1.0
2018/07/03,544.0,546.0,537.6,541.2,1152000,-1.0,-1.0,-1.0
2018/07/04,534.6,539.8000000000001,532.0,532.4,1383500,-1.0,-1.0,-1.0
2018/07/05,530.6,536.2,528.2,529.0,1173000,-1.0,-1.0,-1.0
2018/07/06,532.0,539.4,532.0,535.8000000000001,1164000,-1.0,-1.0,-1.0
2018/07/09,537.6,539.2,524.8000000000001,533.8000000000001,3094000,-1.0,-1.0,-1.0
2018/07/10,534.8000000000001,540.2,533.6,534.6,1449000,-1.0,-1.0,-1.0
2018/07/11,524.6,525.2,514.0,522.8000000000001,1567000,-1.0,-1.0,-1.0
2018/07/12,519.4,522.6,516.2,521.2,1835000,-1.0,-1.0,-1.0
2018/07/13,525.6,532.8000000000001,520.8000000000001,531.4,1926000,-1.0,-1.0,-1.0
2018/07/17,534.0,540.0,531.2,535.2,1601000,-1.0,-1.0,-1.0
2018/07/18,544.8000000000001,550.4,539.8000000000001,540.4,1516500,-1.0,-1.0,-1.0
2018/07/19,538.0,543.8000000000001,535.8000000000001,540.8000000000001,1082000,-1.0,-1.0,-1.0
2018/07/20,536.0,539.2,533.2,538.0,1525000,-1.0,-1.0,-1.0
2018/07/23,534.4,544.2,533.2,539.8000000000001,1614500,-1.0,-1.0,-1.0
2018/07/24,545.4,547.6,537.8000000000001,541.0,1026500,-1.0,-1.0,-1.0
2018/07/25,539.6,542.4,536.8000000000001,538.0,1183000,-1.0,-1.0,-1.0
2018/07/26,543.8000000000001,550.4,543.2,546.4,1715500,-1.0,-1.0,-1.0
2018/07/27,545.4,550.4,541.2,550.4,1196500,-1.0,-1.0,-1.0
2018/07/30,546.2,553.8000000000001,545.8000000000001,552.4,1659000,-1.0,-1.0,-1.0
2018/07/31,560.0,576.4,528.2,564.0,5235000,-1.0,-1.0,-1.0
2018/08/01,561.4,575.2,554.4,570.6,2735500,-1.0,-1.0,-1.0
2018/08/02,567.0,571.8000000000001,558.8000000000001,559.2,1035500,-1.0,-1.0,-1.0
2018/08/03,559.2,563.2,555.0,558.2,917000,-1.0,-1.0,-1.0
2018/08/06,555.4,559.8000000000001,549.6,552.6,926000,-1.0,-1.0,-1.0
2018/08/07,554.8000000000001,561.8000000000001,551.0,559.4,905000,-1.0,-1.0,-1.0
2018/08/08,558.0,571.6,557.6,564.6,1775500,-1.0,-1.0,-1.0
2018/08/09,561.6,562.2,554.8000000000001,556.6,1282500,-1.0,-1.0,-1.0
2018/08/10,557.6,557.6,544.4,545.4,1216500,-1.0,-1.0,-1.0
2018/08/13,543.8000000000001,547.6,530.8000000000001,531.2,1243500,-1.0,-1.0,-1.0
2018/08/14,533.4,541.8000000000001,531.8000000000001,541.6,824000,-1.0,-1.0,-1.0
2018/08/15,546.0,548.2,538.8000000000001,542.0,1453500,-1.0,-1.0,-1.0
2018/08/16,534.8000000000001,539.6,528.0,537.2,1070000,-1.0,-1.0,-1.0
2018/08/17,536.4,545.4,536.4,543.6,1226500,-1.0,-1.0,-1.0
2018/08/20,548.2,550.8000000000001,543.8000000000001,550.2,1843500,-1.0,-1.0,-1.0
2018/08/21,543.8000000000001,545.6,539.0,543.8000000000001,742500,-1.0,-1.0,-1.0
2018/08/22,543.8000000000001,557.4,541.2,556.2,1262500,-1.0,-1.0,-1.0
2018/08/23,552.0,552.0,543.6,545.8000000000001,1222000,-1.0,-1.0,-1.0
2018/08/24,550.2,551.6,545.0,547.4,767500,-1.0,-1.0,-1.0
2018/08/27,551.4,559.8000000000001,548.4,558.6,709500,-1.0,-1.0,-1.0
2018/08/28,567.6,569.0,560.0,560.4,1204000,-1.0,-1.0,-1.0
2018/08/29,554.8000000000001,567.6,546.8000000000001,566.6,1497500,-1.0,-1.0,-1.0
2018/08/30,563.4,566.2,557.6,559.8000000000001,1741500,-1.0,-1.0,-1.0
2018/08/31,556.2,560.6,553.2,554.4,1075500,-1.0,-1.0,-1.0
2018/09/03,556.0,559.0,549.6,551.6,1557500,-1.0,-1.0,-1.0
2018/09/04,552.0,552.2,545.0,548.0,1103000,-1.0,-1.0,-1.0
2018/09/05,545.6,555.0,542.2,551.6,2733500,-1.0,-1.0,-1.0
2018/09/06,548.2,549.8000000000001,541.4,541.8000000000001,1792500,-1.0,-1.0,-1.0
2018/09/07,532.2,535.0,520.2,525.2,2262000,-1.0,-1.0,-1.0
2018/09/10,518.0,524.6,517.4,521.4,1657000,-1.0,-1.0,-1.0
2018/09/11,522.4,529.2,517.6,527.0,1414000,-1.0,-1.0,-1.0
2018/09/12,527.0,527.2,515.2,517.6,1387000,-1.0,-1.0,-1.0
2018/09/13,512.4,523.8000000000001,512.4,522.2,1189500,-1.0,-1.0,-1.0
2018/09/14,526.6,534.8000000000001,525.2,533.8000000000001,1386500,-1.0,-1.0,-1.0
2018/09/18,532.4,553.2,528.2,552.2,1334500,-1.0,-1.0,-1.0
2018/09/19,561.8000000000001,566.0,554.4,556.8000000000001,2216500,-1.0,-1.0,-1.0
2018/09/20,552.6,558.0,545.2,547.8000000000001,1761500,-1.0,-1.0,-1.0
2018/09/21,551.4,553.2,539.4,539.4,3137000,-1.0,-1.0,-1.0
2018/09/25,529.4,545.2,527.2,545.2,2246500,-1.0,-1.0,-1.0
2018/09/26,541.2,541.8000000000001,529.6,537.8000000000001,2813000,-1.0,-1.0,-1.0
2018/09/27,534.8000000000001,544.0,534.8000000000001,540.4,1444500,-1.0,-1.0,-1.0
2018/09/28,543.4,565.0,540.2,561.0,3343500,-1.0,-1.0,-1.0
2018/10/01,556.6,556.8000000000001,550.2,555.2,1676500,-1.0,-1.0,-1.0
2018/10/02,560.0,571.8000000000001,556.6,557.0,1719000,-1.0,-1.0,-1.0
2018/10/03,550.6,555.8000000000001,538.0,541.0,2110000,-1.0,-1.0,-1.0
2018/10/04,547.0,551.8000000000001,540.4,546.8000000000001,2060500,-1.0,-1.0,-1.0
2018/10/05,541.0,545.4,535.2,536.6,1534000,-1.0,-1.0,-1.0
2018/10/09,535.2,538.4,529.6,533.6,2223500,-1.0,-1.0,-1.0
2018/10/10,535.6,538.8000000000001,527.8000000000001,529.4,2377500,-1.0,-1.0,-1.0
2018/10/11,514.4,514.8000000000001,500.6,506.20000000000005,2579000,-1.0,-1.0,-1.0
2018/10/12,506.0,510.0,500.6,507.8,1498500,-1.0,-1.0,-1.0
2018/10/15,504.0,508.40000000000003,500.8,501.40000000000003,2107000,-1.0,-1.0,-1.0
2018/10/16,504.6,508.0,499.0,507.8,1968500,-1.0,-1.0,-1.0
2018/10/17,516.2,518.8000000000001,511.40000000000003,515.0,1821000,-1.0,-1.0,-1.0
2018/10/18,514.2,520.2,510.40000000000003,514.2,2087500,-1.0,-1.0,-1.0
2018/10/19,506.6,511.0,503.0,510.6,1596000,-1.0,-1.0,-1.0
2018/10/22,503.20000000000005,515.2,502.0,511.6,2033000,-1.0,-1.0,-1.0
2018/10/23,511.40000000000003,518.2,506.20000000000005,510.40000000000003,2475500,-1.0,-1.0,-1.0
2018/10/24,517.0,527.6,512.4,522.4,2644000,-1.0,-1.0,-1.0
2018/10/25,512.4,513.6,503.0,504.20000000000005,1920500,-1.0,-1.0,-1.0
2018/10/26,507.0,514.8000000000001,504.20000000000005,509.8,2468500,-1.0,-1.0,-1.0
2018/10/29,509.8,513.6,498.0,498.0,2313000,-1.0,-1.0,-1.0
2018/10/30,496.0,507.40000000000003,496.0,501.20000000000005,6277500,-1.0,-1.0,-1.0
2018/10/31,502.0,519.0,446.20000000000005,487.0,6045000,-1.0,-1.0,-1.0
2018/11/01,487.0,488.20000000000005,460.0,474.8,4247500,-1.0,-1.0,-1.0
2018/11/02,472.20000000000005,485.6,466.6,483.20000000000005,2567500,-1.0,-1.0,-1.0
2018/11/05,478.20000000000005,479.8,471.6,475.0,1986000,-1.0,-1.0,-1.0
2018/11/06,475.8,486.20000000000005,473.8,482.0,1710000,-1.0,-1.0,-1.0
2018/11/07,481.20000000000005,486.6,471.40000000000003,473.40000000000003,1539000,-1.0,-1.0,-1.0
2018/11/08,480.8,485.0,478.20000000000005,483.40000000000003,1585000,-1.0,-1.0,-1.0
2018/11/09,485.6,488.8,481.0,481.6,886500,-1.0,-1.0,-1.0
2018/11/12,476.40000000000003,478.6,462.40000000000003,463.20000000000005,2185000,-1.0,-1.0,-1.0
2018/11/13,453.8,454.8,439.6,444.20000000000005,3354500,-1.0,-1.0,-1.0
2018/11/14,448.8,454.20000000000005,445.0,445.6,2008500,-1.0,-1.0,-1.0
2018/11/15,437.8,446.0,436.0,444.20000000000005,2074500,-1.0,-1.0,-1.0
2018/11/16,444.40000000000003,447.20000000000005,436.6,440.8,2432000,-1.0,-1.0,-1.0
2018/11/19,434.8,444.6,434.20000000000005,438.40000000000003,2097500,-1.0,-1.0,-1.0
2018/11/20,434.20000000000005,437.0,430.8,433.8,1275000,-1.0,-1.0,-1.0
2018/11/21,423.8,425.20000000000005,417.8,424.40000000000003,1366000,-1.0,-1.0,-1.0
2018/11/22,427.40000000000003,429.6,421.40000000000003,425.40000000000003,1797500,-1.0,-1.0,-1.0
2018/11/26,425.40000000000003,428.0,422.0,425.6,1516500,-1.0,-1.0,-1.0
2018/11/27,429.20000000000005,432.0,424.6,431.6,1496500,-1.0,-1.0,-1.0
2018/11/28,431.20000000000005,431.20000000000005,423.40000000000003,430.0,1438500,-1.0,-1.0,-1.0
2018/11/29,435.20000000000005,438.20000000000005,429.20000000000005,431.20000000000005,1240500,-1.0,-1.0,-1.0
2018/11/30,431.6,440.20000000000005,431.6,437.0,2440500,-1.0,-1.0,-1.0
2018/12/03,446.40000000000003,456.40000000000003,446.40000000000003,453.0,2513000,-1.0,-1.0,-1.0
2018/12/04,454.40000000000003,457.20000000000005,443.6,443.6,1794000,-1.0,-1.0,-1.0
2018/12/05,436.40000000000003,450.0,436.40000000000003,444.20000000000005,2190000,-1.0,-1.0,-1.0
2018/12/06,445.6,449.6,437.20000000000005,445.20000000000005,2318000,-1.0,-1.0,-1.0
2018/12/07,454.0,455.6,443.20000000000005,447.6,2019000,-1.0,-1.0,-1.0
2018/12/10,437.6,444.6,437.0,442.6,1339000,-1.0,-1.0,-1.0
2018/12/11,442.40000000000003,445.20000000000005,426.8,428.20000000000005,1531500,-1.0,-1.0,-1.0
2018/12/12,436.0,448.6,434.8,446.40000000000003,1572000,-1.0,-1.0,-1.0
2018/12/13,456.40000000000003,466.40000000000003,455.8,463.6,2953500,-1.0,-1.0,-1.0
2018/12/14,466.20000000000005,467.0,448.8,452.8,2661500,-1.0,-1.0,-1.0
2018/12/17,454.6,466.0,453.6,454.0,2421500,-1.0,-1.0,-1.0
2018/12/18,447.8,451.6,441.20000000000005,447.40000000000003,1824500,-1.0,-1.0,-1.0
2018/12/19,445.8,446.6,439.0,443.0,2555000,-1.0,-1.0,-1.0
2018/12/20,444.6,453.0,437.8,438.6,1651500,-1.0,-1.0,-1.0
2018/12/21,435.40000000000003,437.8,425.20000000000005,429.40000000000003,1719500,-1.0,-1.0,-1.0
2018/12/25,413.8,413.8,400.40000000000003,405.6,1093000,-1.0,-1.0,-1.0
2018/12/26,401.0,412.0,399.6,406.6,2107000,-1.0,-1.0,-1.0
2018/12/27,426.6,437.8,423.0,435.40000000000003,1809500,-1.0,-1.0,-1.0
2018/12/28,435.40000000000003,440.20000000000005,431.40000000000003,435.0,1399000,-1.0,-1.0,-1.0
2019/01/04,425.0,431.8,415.0,427.6,2196000,-1.0,-1.0,-1.0
2019/01/07,444.0,450.0,438.20000000000005,439.8,1230500,-1.0,-1.0,-1.0
2019/01/08,445.40000000000003,449.6,442.0,442.6,1452500,-1.0,-1.0,-1.0
2019/01/09,447.0,452.20000000000005,445.6,451.40000000000003,1527500,-1.0,-1.0,-1.0
2019/01/10,461.0,463.40000000000003,450.8,460.20000000000005,1882000,-1.0,-1.0,-1.0
2019/01/11,464.6,466.0,459.20000000000005,465.20000000000005,1001000,-1.0,-1.0,-1.0
2019/01/15,463.8,476.0,459.6,473.20000000000005,1638000,-1.0,-1.0,-1.0
2019/01/16,472.8,475.8,466.40000000000003,471.6,1704500,-1.0,-1.0,-1.0
2019/01/17,471.8,475.6,467.8,472.8,972000,-1.0,-1.0,-1.0
2019/01/18,472.8,482.6,471.40000000000003,472.6,1503500,-1.0,-1.0,-1.0
2019/01/21,481.0,486.20000000000005,475.6,481.6,1439000,-1.0,-1.0,-1.0
2019/01/22,484.6,489.40000000000003,476.20000000000005,477.6,779500,-1.0,-1.0,-1.0
2019/01/23,465.40000000000003,475.6,464.20000000000005,472.40000000000003,1071000,-1.0,-1.0,-1.0
2019/01/24,466.6,477.6,465.6,477.20000000000005,674500,-1.0,-1.0,-1.0
2019/01/25,475.20000000000005,484.8,474.40000000000003,482.8,1613500,-1.0,-1.0,-1.0
2019/01/28,482.8,488.0,480.0,484.40000000000003,1129000,-1.0,-1.0,-1.0
2019/01/29,481.0,483.0,473.0,481.0,1203000,-1.0,-1.0,-1.0
2019/01/30,480.0,480.0,472.6,477.20000000000005,1519000,-1.0,-1.0,-1.0
2019/01/31,483.8,485.6,473.0,474.20000000000005,2056500,-1.0,-1.0,-1.0
2019/02/01,484.20000000000005,488.6,458.20000000000005,458.6,4529500,-1.0,-1.0,-1.0
2019/02/04,465.6,484.40000000000003,464.20000000000005,476.0,3146000,-1.0,-1.0,-1.0
2019/02/05,476.0,485.40000000000003,472.40000000000003,482.40000000000003,1844500,-1.0,-1.0,-1.0
2019/02/06,484.40000000000003,488.0,480.0,484.6,926500,-1.0,-1.0,-1.0
2019/02/07,480.6,480.6,469.6,472.40000000000003,740000,-1.0,-1.0,-1.0
2019/02/08,462.40000000000003,465.40000000000003,452.20000000000005,453.0,1107500,-1.0,-1.0,-1.0
2019/02/12,452.6,473.0,450.40000000000003,470.20000000000005,1136500,-1.0,-1.0,-1.0
2019/02/13,476.40000000000003,486.8,471.20000000000005,484.6,1181500,-1.0,-1.0,-1.0
2019/02/14,484.0,491.6,480.6,485.20000000000005,1100500,-1.0,-1.0,-1.0
2019/02/15,482.8,482.8,473.6,476.0,844500,-1.0,-1.0,-1.0
2019/02/18,489.0,489.6,483.8,488.0,626500,-1.0,-1.0,-1.0
2019/02/19,490.0,493.20000000000005,485.20000000000005,492.6,1113500,-1.0,-1.0,-1.0
2019/02/20,493.8,498.20000000000005,488.40000000000003,498.20000000000005,1407000,-1.0,-1.0,-1.0
2019/02/21,498.8,499.6,486.8,489.20000000000005,1008000,-1.0,-1.0,-1.0
2019/02/22,489.0,495.6,485.8,493.40000000000003,1323500,-1.0,-1.0,-1.0
2019/02/25,499.0,501.20000000000005,495.40000000000003,499.8,1000500,-1.0,-1.0,-1.0
2019/02/26,499.8,507.40000000000003,495.20000000000005,507.0,1364500,-1.0,-1.0,-1.0
2019/02/27,510.0,515.2,504.40000000000003,506.40000000000003,1706500,-1.0,-1.0,-1.0
2019/02/28,503.20000000000005,509.0,500.0,504.40000000000003,1689000,-1.0,-1.0,-1.0
2019/03/01,504.6,509.40000000000003,502.0,502.6,1141500,-1.0,-1.0,-1.0
2019/03/04,507.8,507.8,499.0,499.40000000000003,1149000,-1.0,-1.0,-1.0
2019/03/05,497.8,499.0,491.0,495.6,1054500,-1.0,-1.0,-1.0
2019/03/06,491.6,493.6,487.40000000000003,488.8,1095500,-1.0,-1.0,-1.0
2019/03/07,482.0,486.20000000000005,479.40000000000003,483.0,1548500,-1.0,-1.0,-1.0
2019/03/08,470.0,476.0,457.6,463.20000000000005,2298500,-1.0,-1.0,-1.0
2019/03/11,466.8,468.6,460.8,468.6,1395500,-1.0,-1.0,-1.0
2019/03/12,474.6,480.8,472.40000000000003,477.6,1226500,-1.0,-1.0,-1.0
2019/03/13,473.40000000000003,477.8,468.8,472.8,939000,-1.0,-1.0,-1.0
2019/03/14,478.8,481.0,467.20000000000005,467.20000000000005,1233000,-1.0,-1.0,-1.0
2019/03/15,468.0,473.40000000000003,467.0,469.40000000000003,1684500,-1.0,-1.0,-1.0
2019/03/18,472.8,473.0,464.40000000000003,467.20000000000005,1409500,-1.0,-1.0,-1.0
2019/03/19,471.6,475.6,467.8,472.6,995500,-1.0,-1.0,-1.0
2019/03/20,476.0,482.40000000000003,475.6,480.40000000000003,1230000,-1.0,-1.0,-1.0
2019/03/22,480.0,483.8,477.20000000000005,480.8,1237000,-1.0,-1.0,-1.0
2019/03/25,473.40000000000003,473.40000000000003,462.6,469.0,1273500,-1.0,-1.0,-1.0
2019/03/26,476.20000000000005,487.20000000000005,474.0,487.20000000000005,1985500,-1.0,-1.0,-1.0
2019/03/27,475.40000000000003,477.20000000000005,469.0,474.8,1020500,-1.0,-1.0,-1.0
2019/03/28,467.0,468.20000000000005,459.20000000000005,463.40000000000003,1088000,-1.0,-1.0,-1.0
2019/03/29,468.0,471.40000000000003,462.40000000000003,468.8,1296500,-1.0,-1.0,-1.0
2019/04/01,478.8,491.0,476.6,486.6,1968500,-1.0,-1.0,-1.0
2019/04/02,496.6,502.0,490.8,496.8,1602500,-1.0,-1.0,-1.0
2019/04/03,500.8,506.40000000000003,495.6,506.20000000000005,1251500,-1.0,-1.0,-1.0
2019/04/04,503.0,510.6,502.0,507.6,1132500,-1.0,-1.0,-1.0
2019/04/05,512.0,516.0,509.6,514.6,1103500,-1.0,-1.0,-1.0
2019/04/08,514.8000000000001,514.8000000000001,509.40000000000003,513.6,1056500,-1.0,-1.0,-1.0
2019/04/09,512.2,514.2,507.6,514.2,1008500,-1.0,-1.0,-1.0
2019/04/10,506.20000000000005,513.8000000000001,506.20000000000005,512.0,800500,-1.0,-1.0,-1.0
2019/04/11,507.20000000000005,509.0,503.0,504.0,1730000,-1.0,-1.0,-1.0
2019/04/12,508.6,508.6,501.8,502.6,1313000,-1.0,-1.0,-1.0
2019/04/15,510.20000000000005,518.4,505.8,513.2,1798500,-1.0,-1.0,-1.0
2019/04/16,506.20000000000005,512.4,505.6,510.40000000000003,1561000,-1.0,-1.0,-1.0
2019/04/17,508.20000000000005,513.8000000000001,507.40000000000003,512.8000000000001,1130500,-1.0,-1.0,-1.0
2019/04/18,511.20000000000005,512.8000000000001,505.8,507.6,1939500,-1.0,-1.0,-1.0
2019/04/19,510.8,513.4,505.40000000000003,508.0,1939500,-1.0,-1.0,-1.0
2019/04/22,506.0,509.20000000000005,501.8,504.20000000000005,1671500,-1.0,-1.0,-1.0
2019/04/23,506.0,506.0,495.8,503.6,1603000,-1.0,-1.0,-1.0
2019/04/24,503.6,507.8,498.20000000000005,498.6,2280000,-1.0,-1.0,-1.0
2019/04/25,498.8,498.8,491.6,494.6,1800000,-1.0,-1.0,-1.0
2019/04/26,478.0,486.8,452.6,462.0,5896000,-1.0,-1.0,-1.0
2019/05/07,452.20000000000005,454.8,439.20000000000005,440.40000000000003,3743000,-1.0,-1.0,-1.0
2019/05/08,439.20000000000005,439.20000000000005,427.8,431.6,2813500,-1.0,-1.0,-1.0
2019/05/09,428.0,429.0,416.6,417.6,2273500,-1.0,-1.0,-1.0
2019/05/10,416.40000000000003,420.40000000000003,412.40000000000003,415.6,1892500,-1.0,-1.0,-1.0
2019/05/13,413.6,416.0,406.8,408.6,1730500,-1.0,-1.0,-1.0
2019/05/14,398.8,406.6,397.8,405.6,1516500,-1.0,-1.0,-1.0
2019/05/15,407.8,410.20000000000005,402.6,410.0,1323000,-1.0,-1.0,-1.0
2019/05/16,415.0,417.0,409.0,413.6,2751000,-1.0,-1.0,-1.0
2019/05/17,419.0,420.0,412.8,414.40000000000003,2094500,-1.0,-1.0,-1.0
2019/05/20,420.40000000000003,423.6,411.0,413.40000000000003,1827000,-1.0,-1.0,-1.0
2019/05/21,411.8,414.20000000000005,401.20000000000005,405.20000000000005,2400000,-1.0,-1.0,-1.0
2019/05/22,405.8,408.40000000000003,401.8,402.0,1778500,-1.0,-1.0,-1.0
2019/05/23,398.40000000000003,400.40000000000003,395.0,398.6,1371000,-1.0,-1.0,-1.0
2019/05/24,391.20000000000005,400.20000000000005,391.0,398.40000000000003,1390500,-1.0,-1.0,-1.0
2019/05/27,398.6,403.6,396.6,399.6,1073000,-1.0,-1.0,-1.0
2019/05/28,399.0,403.20000000000005,395.8,397.6,2625500,-1.0,-1.0,-1.0
2019/05/29,394.20000000000005,395.8,388.20000000000005,393.0,1976000,-1.0,-1.0,-1.0
2019/05/30,392.8,398.0,388.8,394.8,2143000,-1.0,-1.0,-1.0
2019/05/31,387.6,388.20000000000005,378.6,379.8,3110500,-1.0,-1.0,-1.0
2019/06/03,372.40000000000003,374.8,369.40000000000003,373.40000000000003,1719500,-1.0,-1.0,-1.0
2019/06/04,376.40000000000003,381.6,376.40000000000003,380.8,2534500,-1.0,-1.0,-1.0
2019/06/05,392.6,399.20000000000005,390.20000000000005,396.40000000000003,2585500,-1.0,-1.0,-1.0
2019/06/06,393.0,397.20000000000005,390.20000000000005,394.8,1447000,-1.0,-1.0,-1.0
2019/06/07,394.0,396.40000000000003,389.8,395.40000000000003,1511500,-1.0,-1.0,-1.0
2019/06/10,405.0,407.0,401.0,403.40000000000003,1627500,-1.0,-1.0,-1.0
2019/06/11,403.6,409.0,399.40000000000003,405.40000000000003,1565000,-1.0,-1.0,-1.0
2019/06/12,407.0,411.40000000000003,404.0,404.40000000000003,1384000,-1.0,-1.0,-1.0
2019/06/13,401.40000000000003,404.6,396.6,399.20000000000005,1129000,-1.0,-1.0,-1.0
2019/06/14,399.0,402.20000000000005,395.20000000000005,400.20000000000005,1165500,-1.0,-1.0,-1.0
2019/06/17,396.20000000000005,401.20000000000005,395.0,397.20000000000005,1021500,-1.0,-1.0,-1.0
2019/06/18,394.6,401.8,392.40000000000003,396.8,1436500,-1.0,-1.0,-1.0
2019/06/19,404.40000000000003,411.8,403.20000000000005,409.6,1821500,-1.0,-1.0,-1.0
2019/06/20,410.0,410.20000000000005,398.8,400.8,1262500,-1.0,-1.0,-1.0
2019/06/21,398.8,400.40000000000003,393.6,395.6,2752000,-1.0,-1.0,-1.0
2019/06/24,395.40000000000003,408.0,394.6,406.0,1970500,-1.0,-1.0,-1.0
2019/06/25,409.8,412.6,405.8,408.8,2690500,-1.0,-1.0,-1.0
2019/06/26,406.6,412.0,401.0,406.6,2385000,-1.0,-1.0,-1.0
2019/06/27,407.8,419.8,407.6,416.6,1911000,-1.0,-1.0,-1.0
2019/06/28,417.20000000000005,420.40000000000003,412.40000000000003,420.20000000000005,1954000,-1.0,-1.0,-1.0
2019/07/01,429.6,431.6,418.0,431.40000000000003,1818500,-1.0,-1.0,-1.0
2019/07/02,428.8,430.6,423.20000000000005,430.6,1578000,-1.0,-1.0,-1.0
2019/07/03,422.8,423.6,417.40000000000003,420.0,1843500,-1.0,-1.0,-1.0
2019/07/04,418.40000000000003,423.40000000000003,416.20000000000005,423.40000000000003,1321000,-1.0,-1.0,-1.0
2019/07/05,423.6,426.40000000000003,421.6,426.40000000000003,1078500,-1.0,-1.0,-1.0
2019/07/08,424.8,425.40000000000003,420.8,422.20000000000005,1092500,-1.0,-1.0,-1.0
2019/07/09,421.20000000000005,423.20000000000005,413.6,418.20000000000005,1346500,-1.0,-1.0,-1.0
2019/07/10,413.6,419.0,412.40000000000003,417.6,1629500,-1.0,-1.0,-1.0
2019/07/11,414.0,417.40000000000003,410.0,414.8,2397000,-1.0,-1.0,-1.0
2019/07/12,417.20000000000005,420.8,413.20000000000005,419.0,1226500,-1.0,-1.0,-1.0
2019/07/16,419.0,422.0,418.20000000000005,419.6,805500,-1.0,-1.0,-1.0
2019/07/17,419.6,421.20000000000005,414.0,414.0,1719000,-1.0,-1.0,-1.0
2019/07/18,410.6,412.0,402.6,403.6,1315500,-1.0,-1.0,-1.0
2019/07/19,405.6,419.8,405.40000000000003,416.6,1679500,-1.0,-1.0,-1.0
2019/07/22,420.40000000000003,424.0,418.6,422.0,1079500,-1.0,-1.0,-1.0
2019/07/23,424.0,430.40000000000003,421.0,428.8,1142500,-1.0,-1.0,-1.0
2019/07/24,434.40000000000003,435.0,426.20000000000005,428.6,1244000,-1.0,-1.0,-1.0
2019/07/25,432.0,435.0,429.40000000000003,432.20000000000005,1654500,-1.0,-1.0,-1.0
2019/07/26,432.0,434.40000000000003,425.0,428.0,1000000,-1.0,-1.0,-1.0
2019/07/29,425.8,427.0,421.8,424.40000000000003,947000,-1.0,-1.0,-1.0
2019/07/30,425.8,430.40000000000003,424.40000000000003,426.0,1132000,-1.0,-1.0,-1.0
2019/07/31,428.6,431.0,384.0,402.0,6335500,-1.0,-1.0,-1.0
2019/08/01,394.0,416.0,388.0,413.40000000000003,3377500,-1.0,-1.0,-1.0
2019/08/02,404.20000000000005,409.40000000000003,401.20000000000005,407.0,2241000,-1.0,-1.0,-1.0
2019/08/05,400.0,401.6,391.0,399.20000000000005,1907500,-1.0,-1.0,-1.0
2019/08/06,384.0,397.20000000000005,384.0,396.20000000000005,1647500,-1.0,-1.0,-1.0
2019/08/07,394.6,396.6,387.0,389.0,2156500,-1.0,-1.0,-1.0
2019/08/08,387.6,398.20000000000005,387.6,395.6,2151500,-1.0,-1.0,-1.0
2019/08/09,397.6,403.8,394.40000000000003,401.8,1252000,-1.0,-1.0,-1.0
2019/08/13,394.20000000000005,396.0,384.20000000000005,387.8,1747500,-1.0,-1.0,-1.0
2019/08/14,392.20000000000005,395.8,388.0,393.0,1504500,-1.0,-1.0,-1.0
2019/08/15,383.0,388.8,381.8,388.0,849500,-1.0,-1.0,-1.0
2019/08/16,386.20000000000005,388.40000000000003,382.8,386.20000000000005,976500,-1.0,-1.0,-1.0
2019/08/19,388.8,390.0,384.6,387.20000000000005,1414000,-1.0,-1.0,-1.0
2019/08/20,387.40000000000003,388.0,381.20000000000005,387.40000000000003,1831500,-1.0,-1.0,-1.0
2019/08/21,384.6,386.8,383.40000000000003,383.8,1295000,-1.0,-1.0,-1.0
2019/08/22,391.6,394.8,386.8,387.8,1413500,-1.0,-1.0,-1.0
2019/08/23,388.6,390.0,386.20000000000005,388.0,1014500,-1.0,-1.0,-1.0
2019/08/26,380.0,380.0,374.0,376.0,1999500,-1.0,-1.0,-1.0
2019/08/27,380.6,388.6,380.40000000000003,385.8,2313000,-1.0,-1.0,-1.0
2019/08/28,386.6,389.20000000000005,383.20000000000005,384.6,1322000,-1.0,-1.0,-1.0
2019/08/29,385.8,388.20000000000005,381.6,386.40000000000003,1901500,-1.0,-1.0,-1.0
2019/08/30,394.40000000000003,398.6,392.8,395.40000000000003,2291000,-1.0,-1.0,-1.0
2019/09/02,395.40000000000003,397.20000000000005,394.40000000000003,395.40000000000003,1030500,-1.0,-1.0,-1.0
2019/09/03,397.20000000000005,401.6,396.0,399.40000000000003,645000,-1.0,-1.0,-1.0
2019/09/04,397.40000000000003,397.6,390.0,391.0,1177500,-1.0,-1.0,-1.0
2019/09/05,397.6,411.0,395.8,406.6,1518500,-1.0,-1.0,-1.0
2019/09/06,413.6,415.40000000000003,411.40000000000003,411.6,1211000,-1.0,-1.0,-1.0
2019/09/09,410.6,411.0,406.40000000000003,410.40000000000003,861000,-1.0,-1.0,-1.0
2019/09/10,415.0,423.8,415.0,423.6,1217000,-1.0,-1.0,-1.0
2019/09/11,430.8,445.20000000000005,430.6,445.0,2449000,-1.0,-1.0,-1.0
2019/09/12,448.8,454.0,448.0,448.40000000000003,2135000,-1.0,-1.0,-1.0
2019/09/13,451.6,451.6,444.6,448.6,1980500,-1.0,-1.0,-1.0
2019/09/17,450.0,450.0,441.8,447.20000000000005,1748000,-1.0,-1.0,-1.0
2019/09/18,444.40000000000003,445.0,437.40000000000003,441.0,1476000,-1.0,-1.0,-1.0
2019/09/19,443.8,451.20000000000005,441.20000000000005,441.20000000000005,1256000,-1.0,-1.0,-1.0
2019/09/20,444.0,444.20000000000005,437.40000000000003,442.8,1902500,-1.0,-1.0,-1.0
2019/09/24,442.8,444.6,437.8,440.20000000000005,2045500,-1.0,-1.0,-1.0
2019/09/25,436.8,440.6,432.40000000000003,440.0,1167000,-1.0,-1.0,-1.0
2019/09/26,447.8,448.20000000000005,440.8,442.40000000000003,1367000,-1.0,-1.0,-1.0
2019/09/27,438.40000000000003,439.40000000000003,429.8,435.8,989500,-1.0,-1.0,-1.0
2019/09/30,433.0,436.0,430.20000000000005,432.6,1244500,-1.0,-1.0,-1.0
2019/10/01,432.8,447.8,432.8,447.6,1586000,-1.0,-1.0,-1.0
2019/10/02,440.0,440.6,433.8,436.6,1589000,-1.0,-1.0,-1.0
2019/10/03,422.6,423.20000000000005,414.20000000000005,419.20000000000005,2379000,-1.0,-1.0,-1.0
2019/10/04,416.0,419.6,413.20000000000005,418.20000000000005,1496500,-1.0,-1.0,-1.0
2019/10/07,417.8,419.40000000000003,412.0,416.40000000000003,1346000,-1.0,-1.0,-1.0
2019/10/08,419.40000000000003,421.6,416.0,419.8,1459000,-1.0,-1.0,-1.0
2019/10/09,416.40000000000003,422.0,413.40000000000003,420.8,1265000,-1.0,-1.0,-1.0
2019/10/10,423.20000000000005,425.8,418.6,423.0,1043000,-1.0,-1.0,-1.0
2019/10/11,430.40000000000003,434.40000000000003,429.20000000000005,432.6,1341500,-1.0,-1.0,-1.0
2019/10/15,442.40000000000003,449.0,441.8,442.8,1330500,-1.0,-1.0,-1.0
2019/10/16,450.20000000000005,455.20000000000005,446.0,448.0,1171500,-1.0,-1.0,-1.0
2019/10/17,450.8,452.40000000000003,446.40000000000003,447.20000000000005,964000,-1.0,-1.0,-1.0
2019/10/18,447.0,450.6,444.6,447.0,1017500,-1.0,-1.0,-1.0
2019/10/21,448.8,449.8,444.0,445.20000000000005,784500,-1.0,-1.0,-1.0
2019/10/23,450.0,452.8,445.20000000000005,452.40000000000003,917500,-1.0,-1.0,-1.0
2019/10/24,457.0,459.20000000000005,453.8,457.40000000000003,874000,-1.0,-1.0,-1.0
2019/10/25,458.0,460.0,453.6,457.6,1402500,-1.0,-1.0,-1.0
2019/10/28,461.40000000000003,465.6,458.20000000000005,462.6,1298500,-1.0,-1.0,-1.0
2019/10/29,468.40000000000003,473.0,466.40000000000003,471.6,1138500,-1.0,-1.0,-1.0
2019/10/30,469.8,476.20000000000005,469.40000000000003,475.0,2423500,-1.0,-1.0,-1.0
2019/10/31,475.0,514.4,461.0,511.20000000000005,4311000,-1.0,-1.0,-1.0
2019/11/01,501.20000000000005,502.20000000000005,481.20000000000005,500.0,2442000,-1.0,-1.0,-1.0
2019/11/05,508.20000000000005,515.2,503.20000000000005,508.8,2121500,-1.0,-1.0,-1.0
2019/11/06,511.6,515.6,506.40000000000003,515.2,1370500,-1.0,-1.0,-1.0
2019/11/07,512.4,520.8000000000001,509.20000000000005,520.0,1501500,-1.0,-1.0,-1.0
2019/11/08,528.0,530.0,522.8000000000001,526.6,1623000,-1.0,-1.0,-1.0
2019/11/11,528.2,529.8000000000001,521.8000000000001,524.2,834500,-1.0,-1.0,-1.0
2019/11/12,519.2,526.4,518.8000000000001,526.2,1105500,-1.0,-1.0,-1.0
2019/11/13,519.0,524.8000000000001,516.0,517.2,1229500,-1.0,-1.0,-1.0
2019/11/14,514.6,514.8000000000001,508.0,509.6,1324500,-1.0,-1.0,-1.0
2019/11/15,508.6,517.6,506.40000000000003,516.2,1215500,-1.0,-1.0,-1.0
2019/11/18,514.8000000000001,519.4,505.40000000000003,508.20000000000005,2987500,-1.0,-1.0,-1.0
2019/11/19,505.8,509.8,499.8,499.8,2141500,-1.0,-1.0,-1.0
2019/11/20,499.8,507.8,498.0,499.8,2751000,-1.0,-1.0,-1.0
2019/11/21,500.40000000000003,507.20000000000005,492.20000000000005,506.40000000000003,1728500,-1.0,-1.0,-1.0
2019/11/22,502.40000000000003,504.8,498.6,503.6,1920000,-1.0,-1.0,-1.0
2019/11/25,523.6,542.0,522.6,529.2,5166000,-1.0,-1.0,-1.0
2019/11/26,526.4,527.4,509.8,511.20000000000005,4750500,-1.0,-1.0,-1.0
2019/11/27,518.2,524.0,512.0,512.8000000000001,2808500,-1.0,-1.0,-1.0
2019/11/28,516.4,519.4,510.8,515.8000000000001,1414500,-1.0,-1.0,-1.0
2019/11/29,517.2,519.0,509.8,511.40000000000003,1274500,-1.0,-1.0,-1.0
2019/12/02,514.0,523.4,514.0,520.8000000000001,1732000,-1.0,-1.0,-1.0
2019/12/03,514.2,523.0,510.40000000000003,522.2,1571000,-1.0,-1.0,-1.0
2019/12/04,514.8000000000001,524.6,512.6,524.6,1704500,-1.0,-1.0,-1.0
2019/12/05,524.6,530.0,521.8000000000001,524.0,1801500,-1.0,-1.0,-1.0
2019/12/06,528.2,530.2,524.8000000000001,530.0,1200500,-1.0,-1.0,-1.0
2019/12/09,536.0,538.0,529.0,532.6,1554500,-1.0,-1.0,-1.0
2019/12/10,531.0,545.0,528.2,542.0,2229500,-1.0,-1.0,-1.0
2019/12/11,544.8000000000001,548.4,538.6,546.8000000000001,2092500,-1.0,-1.0,-1.0
2019/12/12,550.0,551.2,545.8000000000001,548.0,1522500,-1.0,-1.0,-1.0
2019/12/13,560.2,564.0,554.4,559.6,1972500,-1.0,-1.0,-1.0
2019/12/16,550.2,553.4,543.6,547.6,2384500,-1.0,-1.0,-1.0
2019/12/17,553.0,553.2,544.8000000000001,546.2,1821500,-1.0,-1.0,-1.0
2019/12/18,549.4,555.2,549.0,553.4,1816000,-1.0,-1.0,-1.0
2019/12/19,558.0,565.6,555.4,561.2,2542500,-1.0,-1.0,-1.0
2019/12/20,564.4,564.4,556.4,558.0,1383000,-1.0,-1.0,-1.0
2019/12/23,554.4,561.4,551.6,554.4,1015500,-1.0,-1.0,-1.0
2019/12/24,549.6,552.8000000000001,546.6,548.6,1176000,-1.0,-1.0,-1.0
2019/12/25,545.8000000000001,550.4,541.0,542.6,894500,-1.0,-1.0,-1.0
2019/12/26,542.6,549.6,542.6,548.2,809500,-1.0,-1.0,-1.0
2019/12/27,554.6,555.8000000000001,550.8000000000001,553.6,721500,-1.0,-1.0,-1.0
2019/12/30,547.8000000000001,551.0,543.8000000000001,549.0,787500,-1.0,-1.0,-1.0
2020/01/06,539.2,541.8000000000001,534.2,541.0,1708500,-1.0,-1.0,-1.0
2020/01/07,542.0,551.6,541.4,550.4,1218000,-1.0,-1.0,-1.0
2020/01/08,541.8000000000001,545.6,534.8000000000001,542.8000000000001,1081000,-1.0,-1.0,-1.0
2020/01/09,554.8000000000001,554.8000000000001,548.4,550.0,1149500,-1.0,-1.0,-1.0
2020/01/10,555.6,555.6,546.6,549.6,1593000,-1.0,-1.0,-1.0
2020/01/14,559.6,559.6,550.0,551.6,1645500,-1.0,-1.0,-1.0
2020/01/15,548.6,553.0,545.4,550.6,1240000,-1.0,-1.0,-1.0
2020/01/16,553.2,557.0,540.2,541.8000000000001,1986000,-1.0,-1.0,-1.0
2020/01/17,544.2,552.4,543.4,552.4,1632000,-1.0,-1.0,-1.0
2020/01/20,550.6,555.8000000000001,549.4,553.8000000000001,803500,-1.0,-1.0,-1.0
2020/01/21,548.0,548.6,541.2,542.8000000000001,1420000,-1.0,-1.0,-1.0
2020/01/22,535.6,546.4,534.8000000000001,546.4,1883000,-1.0,-1.0,-1.0
2020/01/23,539.0,540.2,534.0,538.0,1732500,-1.0,-1.0,-1.0
2020/01/24,533.4,533.4,525.8000000000001,529.2,2084000,-1.0,-1.0,-1.0
2020/01/27,509.0,518.6,500.20000000000005,514.2,1795000,-1.0,-1.0,-1.0
2020/01/28,503.0,508.40000000000003,502.0,506.40000000000003,1726500,-1.0,-1.0,-1.0
2020/01/29,508.0,509.20000000000005,503.0,507.40000000000003,1382500,-1.0,-1.0,-1.0
2020/01/30,505.40000000000003,505.40000000000003,491.8,494.40000000000003,2285500,-1.0,-1.0,-1.0
2020/01/31,494.0,508.6,493.0,504.20000000000005,3479000,-1.0,-1.0,-1.0
2020/02/03,463.40000000000003,471.6,460.6,463.8,4230000,-1.0,-1.0,-1.0
2020/02/04,470.8,474.6,464.40000000000003,474.6,2457500,-1.0,-1.0,-1.0
2020/02/05,475.40000000000003,479.20000000000005,473.20000000000005,475.6,1594500,-1.0,-1.0,-1.0
2020/02/06,485.40000000000003,491.40000000000003,479.6,487.6,1890000,-1.0,-1.0,-1.0
2020/02/07,492.40000000000003,495.0,488.0,494.20000000000005,2689000,-1.0,-1.0,-1.0
2020/02/10,492.6,502.8,492.6,496.40000000000003,1816000,-1.0,-1.0,-1.0
2020/02/12,491.40000000000003,492.20000000000005,483.8,490.6,2354500,-1.0,-1.0,-1.0
2020/02/13,493.6,497.0,488.8,494.6,1224000,-1.0,-1.0,-1.0
2020/02/14,494.6,499.20000000000005,492.0,497.6,1307500,-1.0,-1.0,-1.0
2020/02/17,490.20000000000005,495.40000000000003,486.40000000000003,494.6,820000,-1.0,-1.0,-1.0
2020/02/18,494.6,497.20000000000005,486.20000000000005,491.40000000000003,1167000,-1.0,-1.0,-1.0
2020/02/19,493.20000000000005,495.20000000000005,487.40000000000003,491.8,2057500,-1.0,-1.0,-1.0
2020/02/20,500.40000000000003,504.0,495.6,500.20000000000005,1978000,-1.0,-1.0,-1.0
2020/02/21,503.40000000000003,509.8,501.40000000000003,507.0,2006000,-1.0,-1.0,-1.0
2020/02/25,487.0,492.0,482.40000000000003,485.8,2169000,-1.0,-1.0,-1.0
2020/02/26,476.8,480.0,467.40000000000003,478.40000000000003,1881500,-1.0,-1.0,-1.0
2020/02/27,474.0,481.20000000000005,472.20000000000005,472.20000000000005,2245000,-1.0,-1.0,-1.0
2020/02/28,462.20000000000005,466.40000000000003,451.6,461.20000000000005,4227500,-1.0,-1.0,-1.0
2020/03/02,447.40000000000003,466.8,441.8,458.8,2206000,-1.0,-1.0,-1.0
2020/03/03,469.8,471.20000000000005,453.20000000000005,453.20000000000005,2002000,-1.0,-1.0,-1.0
2020/03/04,445.40000000000003,452.8,441.6,449.6,1385000,-1.0,-1.0,-1.0
2020/03/05,452.8,452.8,441.8,443.0,1466500,-1.0,-1.0,-1.0
2020/03/06,433.0,434.40000000000003,420.20000000000005,423.40000000000003,1564000,-1.0,-1.0,-1.0
2020/03/09,409.40000000000003,411.40000000000003,392.0,397.40000000000003,1772000,-1.0,-1.0,-1.0
2020/03/10,389.40000000000003,402.40000000000003,376.8,399.8,1681000,-1.0,-1.0,-1.0
2020/03/11,400.8,410.0,399.0,402.0,2120000,-1.0,-1.0,-1.0
2020/03/12,393.0,395.0,372.20000000000005,377.6,2205500,-1.0,-1.0,-1.0
2020/03/13,337.6,370.0,337.6,357.40000000000003,2610500,-1.0,-1.0,-1.0
2020/03/16,363.20000000000005,369.6,343.40000000000003,344.6,2087500,-1.0,-1.0,-1.0
2020/03/17,339.40000000000003,360.0,331.40000000000003,356.40000000000003,3663500,-1.0,-1.0,-1.0
2020/03/18,348.8,360.6,333.8,335.0,3822000,-1.0,-1.0,-1.0
2020/03/19,341.6,368.6,336.0,352.6,3503000,-1.0,-1.0,-1.0
2020/03/23,355.40000000000003,355.8,321.0,337.40000000000003,3665500,-1.0,-1.0,-1.0
2020/03/24,342.8,353.8,337.6,351.40000000000003,3586500,-1.0,-1.0,-1.0
2020/03/25,376.8,394.0,363.8,394.0,2599000,-1.0,-1.0,-1.0
2020/03/26,389.40000000000003,399.6,387.0,388.40000000000003,2782000,-1.0,-1.0,-1.0
2020/03/27,404.40000000000003,406.0,382.6,399.0,2978500,-1.0,-1.0,-1.0
2020/03/30,379.8,387.0,369.20000000000005,386.8,1714000,-1.0,-1.0,-1.0
2020/03/31,387.20000000000005,394.0,369.8,370.8,2197500,-1.0,-1.0,-1.0
2020/04/01,365.40000000000003,370.0,352.0,355.6,1515500,-1.0,-1.0,-1.0
2020/04/02,350.6,363.40000000000003,341.40000000000003,342.20000000000005,1669500,-1.0,-1.0,-1.0
2020/04/03,338.8,346.20000000000005,323.20000000000005,328.20000000000005,1585000,-1.0,-1.0,-1.0
2020/04/06,328.20000000000005,341.8,320.8,338.20000000000005,1450500,-1.0,-1.0,-1.0
2020/04/07,350.0,358.8,338.6,350.6,2210500,-1.0,-1.0,-1.0
2020/04/08,354.8,363.8,342.40000000000003,360.8,2829500,-1.0,-1.0,-1.0
2020/04/09,361.8,373.40000000000003,356.6,372.20000000000005,1814000,-1.0,-1.0,-1.0
2020/04/10,374.8,382.20000000000005,366.8,379.6,1563000,-1.0,-1.0,-1.0
2020/04/13,373.8,375.6,365.20000000000005,365.20000000000005,1058500,-1.0,-1.0,-1.0
2020/04/14,360.20000000000005,369.8,355.6,367.40000000000003,2300500,-1.0,-1.0,-1.0
2020/04/15,369.0,369.6,353.8,358.40000000000003,2508500,-1.0,-1.0,-1.0
2020/04/16,349.40000000000003,357.0,345.6,355.20000000000005,1619000,-1.0,-1.0,-1.0
2020/04/17,356.0,375.0,355.6,372.8,1936500,-1.0,-1.0,-1.0
2020/04/20,370.40000000000003,371.0,363.0,364.8,1228500,-1.0,-1.0,-1.0
2020/04/21,357.0,363.20000000000005,354.0,358.20000000000005,1604500,-1.0,-1.0,-1.0
2020/04/22,361.20000000000005,361.20000000000005,348.8,355.0,1515000,-1.0,-1.0,-1.0
2020/04/23,351.8,374.0,351.0,373.0,2716500,-1.0,-1.0,-1.0
2020/04/24,376.6,380.0,371.8,374.8,1846500,-1.0,-1.0,-1.0
2020/04/27,374.8,380.40000000000003,369.8,379.6,1166500,-1.0,-1.0,-1.0
2020/04/28,379.6,385.20000000000005,373.0,376.40000000000003,2196500,-1.0,-1.0,-1.0
2020/04/30,395.8,413.6,390.6,402.8,2710000,-1.0,-1.0,-1.0
2020/05/01,399.40000000000003,407.6,391.0,401.40000000000003,2979500,-1.0,-1.0,-1.0
2020/05/07,397.40000000000003,400.40000000000003,380.40000000000003,382.8,3591000,-1.0,-1.0,-1.0
2020/05/08,385.8,410.0,378.6,402.40000000000003,3145500,-1.0,-1.0,-1.0
2020/05/11,409.8,426.6,406.8,423.20000000000005,2948000,-1.0,-1.0,-1.0
2020/05/12,425.20000000000005,427.40000000000003,419.8,423.0,2803000,-1.0,-1.0,-1.0
2020/05/13,418.6,424.0,411.20000000000005,421.40000000000003,2850500,-1.0,-1.0,-1.0
2020/05/14,413.40000000000003,413.40000000000003,395.0,395.0,2762000,-1.0,-1.0,-1.0
2020/05/15,405.8,408.8,387.20000000000005,396.40000000000003,2580000,-1.0,-1.0,-1.0
2020/05/18,398.0,414.40000000000003,395.8,412.0,2163000,-1.0,-1.0,-1.0
2020/05/19,429.8,449.20000000000005,426.6,445.40000000000003,3928000,-1.0,-1.0,-1.0
2020/05/20,441.0,445.0,434.0,434.20000000000005,2769000,-1.0,-1.0,-1.0
2020/05/21,443.8,449.8,440.8,440.8,2425500,-1.0,-1.0,-1.0
2020/05/22,436.20000000000005,441.8,432.8,439.8,1945500,-1.0,-1.0,-1.0
2020/05/25,454.6,455.0,444.6,454.20000000000005,1695000,-1.0,-1.0,-1.0
2020/05/26,456.8,466.8,453.0,463.6,2546000,-1.0,-1.0,-1.0
2020/05/27,474.0,475.40000000000003,458.40000000000003,463.6,4395000,-1.0,-1.0,-1.0
2020/05/28,475.6,477.0,460.6,472.0,3657500,-1.0,-1.0,-1.0
2020/05/29,466.20000000000005,469.20000000000005,458.8,460.6,3949500,-1.0,-1.0,-1.0
2020/06/01,460.6,465.20000000000005,457.40000000000003,464.20000000000005,1810000,-1.0,-1.0,-1.0
2020/06/02,466.8,475.20000000000005,460.6,472.20000000000005,2525000,-1.0,-1.0,-1.0
2020/06/03,482.20000000000005,491.6,479.40000000000003,487.6,2901500,-1.0,-1.0,-1.0
2020/06/04,492.40000000000003,492.40000000000003,477.40000000000003,482.20000000000005,2137000,-1.0,-1.0,-1.0
2020/06/05,482.0,490.40000000000003,480.20000000000005,489.8,1429000,-1.0,-1.0,-1.0
2020/06/08,496.6,498.20000000000005,488.40000000000003,494.0,1983500,-1.0,-1.0,-1.0
2020/06/09,490.20000000000005,495.8,482.40000000000003,490.8,2221500,-1.0,-1.0,-1.0
2020/06/10,480.8,492.6,480.8,488.20000000000005,1407000,-1.0,-1.0,-1.0
2020/06/11,480.0,487.40000000000003,466.40000000000003,467.0,1591000,-1.0,-1.0,-1.0
2020/06/12,444.8,458.6,440.0,455.8,2168500,-1.0,-1.0,-1.0
2020/06/15,455.8,462.0,444.6,444.6,1202000,-1.0,-1.0,-1.0
2020/06/16,454.6,467.20000000000005,454.0,465.20000000000005,1943500,-1.0,-1.0,-1.0
2020/06/17,467.6,472.0,462.6,465.8,1840500,-1.0,-1.0,-1.0
2020/06/18,460.0,464.8,452.8,461.6,1632000,-1.0,-1.0,-1.0
2020/06/19,461.6,469.8,448.20000000000005,449.8,2923000,-1.0,-1.0,-1.0
2020/06/22,454.0,454.0,446.0,449.0,1121000,-1.0,-1.0,-1.0
2020/06/23,453.8,460.6,448.40000000000003,456.20000000000005,1042000,-1.0,-1.0,-1.0
2020/06/24,460.0,464.40000000000003,456.6,457.6,1942500,-1.0,-1.0,-1.0
2020/06/25,448.40000000000003,451.6,444.20000000000005,449.0,1052500,-1.0,-1.0,-1.0
2020/06/26,456.0,459.6,452.0,456.0,1050500,-1.0,-1.0,-1.0
2020/06/29,449.6,450.0,444.0,446.20000000000005,1120000,-1.0,-1.0,-1.0
2020/06/30,460.0,463.6,448.0,448.40000000000003,1653000,-1.0,-1.0,-1.0
2020/07/01,450.8,450.8,434.6,436.40000000000003,1444000,-1.0,-1.0,-1.0
2020/07/02,435.6,438.40000000000003,428.8,434.40000000000003,1529000,-1.0,-1.0,-1.0
2020/07/03,443.6,443.6,432.8,437.8,790500,-1.0,-1.0,-1.0
2020/07/06,437.40000000000003,450.40000000000003,437.40000000000003,450.0,725000,-1.0,-1.0,-1.0
2020/07/07,450.0,450.40000000000003,438.40000000000003,442.40000000000003,1050000,-1.0,-1.0,-1.0
2020/07/08,438.6,441.40000000000003,432.40000000000003,432.40000000000003,1277500,-1.0,-1.0,-1.0
2020/07/09,427.0,430.40000000000003,421.0,424.20000000000005,1389500,-1.0,-1.0,-1.0
2020/07/10,428.20000000000005,429.6,420.20000000000005,420.40000000000003,1301000,-1.0,-1.0,-1.0
2020/07/13,433.40000000000003,438.8,430.0,437.20000000000005,1292000,-1.0,-1.0,-1.0
2020/07/14,436.6,437.0,428.0,431.0,1274000,-1.0,-1.0,-1.0
2020/07/15,439.0,447.6,438.0,441.40000000000003,1616500,-1.0,-1.0,-1.0
2020/07/16,431.40000000000003,440.6,430.20000000000005,433.20000000000005,2318500,-1.0,-1.0,-1.0
2020/07/17,433.40000000000003,435.6,428.20000000000005,432.6,966000,-1.0,-1.0,-1.0
2020/07/20,430.6,430.6,424.20000000000005,426.8,1226500,-1.0,-1.0,-1.0
2020/07/21,415.0,421.8,414.20000000000005,420.20000000000005,2074000,-1.0,-1.0,-1.0
2020/07/22,420.0,428.0,419.8,420.6,845500,-1.0,-1.0,-1.0
2020/07/27,415.8,428.40000000000003,411.8,427.6,1475000,-1.0,-1.0,-1.0
2020/07/28,430.0,433.6,426.20000000000005,429.40000000000003,1458000,-1.0,-1.0,-1.0
2020/07/29,426.40000000000003,427.20000000000005,419.40000000000003,419.8,1662000,-1.0,-1.0,-1.0
2020/07/30,422.20000000000005,422.20000000000005,404.40000000000003,405.40000000000003,1965000,-1.0,-1.0,-1.0
2020/07/31,400.0,427.0,384.6,408.8,3415500,-1.0,-1.0,-1.0
2020/08/03,404.20000000000005,405.20000000000005,385.40000000000003,397.6,4541000,-1.0,-1.0,-1.0
2020/08/04,404.6,409.6,401.20000000000005,407.40000000000003,2900500,-1.0,-1.0,-1.0
2020/08/05,408.8,425.8,403.8,423.0,2749000,-1.0,-1.0,-1.0
2020/08/06,425.8,433.20000000000005,424.0,428.40000000000003,1636500,-1.0,-1.0,-1.0
2020/08/07,428.0,432.8,426.40000000000003,428.20000000000005,1079500,-1.0,-1.0,-1.0
2020/08/11,438.20000000000005,452.40000000000003,434.8,451.6,1864500,-1.0,-1.0,-1.0
2020/08/12,453.6,465.6,453.6,464.20000000000005,1729000,-1.0,-1.0,-1.0
2020/08/13,469.20000000000005,473.6,466.0,471.0,1711000,-1.0,-1.0,-1.0
2020/08/14,465.40000000000003,467.20000000000005,458.8,463.40000000000003,1237000,-1.0,-1.0,-1.0
2020/08/17,461.40000000000003,463.0,453.6,455.20000000000005,913500,-1.0,-1.0,-1.0
2020/08/18,459.20000000000005,459.20000000000005,452.0,454.6,617000,-1.0,-1.0,-1.0
2020/08/19,458.20000000000005,458.20000000000005,450.40000000000003,455.20000000000005,1596000,-1.0,-1.0,-1.0
2020/08/20,453.6,454.6,445.6,446.6,1220000,-1.0,-1.0,-1.0
2020/08/21,453.6,458.0,448.8,451.8,1359000,-1.0,-1.0,-1.0
2020/08/24,449.40000000000003,451.40000000000003,444.0,449.40000000000003,1477500,-1.0,-1.0,-1.0
2020/08/25,459.40000000000003,460.8,451.8,455.8,1839500,-1.0,-1.0,-1.0
2020/08/26,453.0,458.6,450.40000000000003,457.8,1392000,-1.0,-1.0,-1.0
2020/08/27,460.0,460.8,453.40000000000003,459.6,1867000,-1.0,-1.0,-1.0
2020/08/28,462.20000000000005,475.20000000000005,455.40000000000003,462.0,2426500,-1.0,-1.0,-1.0
2020/08/31,465.0,469.20000000000005,457.0,463.0,3284500,-1.0,-1.0,-1.0
2020/09/01,460.40000000000003,467.6,458.0,466.40000000000003,1389500,-1.0,-1.0,-1.0
2020/09/02,462.6,464.40000000000003,458.0,463.20000000000005,1664000,-1.0,-1.0,-1.0
2020/09/03,473.20000000000005,473.20000000000005,462.8,468.0,1585500,-1.0,-1.0,-1.0
2020/09/04,464.40000000000003,469.6,461.8,467.6,934500,-1.0,-1.0,-1.0
2020/09/07,467.0,479.40000000000003,466.40000000000003,475.20000000000005,1087000,-1.0,-1.0,-1.0
2020/09/08,475.20000000000005,479.40000000000003,472.6,478.6,749000,-1.0,-1.0,-1.0
2020/09/09,472.0,479.0,466.40000000000003,476.6,1665500,-1.0,-1.0,-1.0
2020/09/10,480.0,481.8,475.0,481.6,1127500,-1.0,-1.0,-1.0
2020/09/11,482.0,483.8,477.20000000000005,480.20000000000005,1607000,-1.0,-1.0,-1.0
2020/09/14,485.6,493.0,484.20000000000005,486.40000000000003,1499000,-1.0,-1.0,-1.0
2020/09/15,482.6,483.40000000000003,477.6,482.0,1156000,-1.0,-1.0,-1.0
2020/09/16,478.6,478.6,467.6,472.8,2373500,-1.0,-1.0,-1.0
2020/09/17,472.8,476.20000000000005,467.40000000000003,468.0,1516000,-1.0,-1.0,-1.0
2020/09/18,465.0,471.20000000000005,462.20000000000005,467.8,1637000,-1.0,-1.0,-1.0
2020/09/23,471.6,473.0,463.20000000000005,466.8,2614000,-1.0,-1.0,-1.0
2020/09/24,462.0,463.20000000000005,448.8,450.0,1586000,-1.0,-1.0,-1.0
2020/09/25,455.0,464.8,454.0,461.20000000000005,1689000,-1.0,-1.0,-1.0
2020/09/28,465.20000000000005,473.6,463.40000000000003,473.40000000000003,1481500,-1.0,-1.0,-1.0
2020/09/29,477.0,492.0,473.8,486.40000000000003,3390000,-1.0,-1.0,-1.0
2020/09/30,496.40000000000003,497.6,480.8,481.0,2498500,-1.0,-1.0,-1.0
2020/10/02,483.0,488.6,476.40000000000003,480.0,2537500,-1.0,-1.0,-1.0
2020/10/05,483.0,492.8,479.20000000000005,490.40000000000003,1593000,-1.0,-1.0,-1.0
2020/10/06,494.0,499.6,490.8,495.20000000000005,1173000,-1.0,-1.0,-1.0
2020/10/07,488.6,509.8,486.6,505.8,1602000,-1.0,-1.0,-1.0
2020/10/08,507.40000000000003,516.8000000000001,506.0,510.8,2208500,-1.0,-1.0,-1.0
2020/10/09,508.0,508.0,499.20000000000005,505.20000000000005,1455500,-1.0,-1.0,-1.0
2020/10/12,503.8,503.8,488.6,491.6,2025000,-1.0,-1.0,-1.0
2020/10/13,491.40000000000003,491.6,479.40000000000003,490.0,2405500,-1.0,-1.0,-1.0
2020/10/14,486.20000000000005,486.20000000000005,474.8,479.20000000000005,2324500,-1.0,-1.0,-1.0
2020/10/15,477.40000000000003,486.40000000000003,476.20000000000005,480.20000000000005,1448000,-1.0,-1.0,-1.0
2020/10/16,483.6,489.20000000000005,481.20000000000005,483.0,1314500,-1.0,-1.0,-1.0
2020/10/19,484.0,495.8,482.8,490.8,1931000,-1.0,-1.0,-1.0
2020/10/20,491.20000000000005,495.40000000000003,486.8,491.6,2089000,-1.0,-1.0,-1.0
2020/10/21,492.6,511.20000000000005,492.6,509.40000000000003,2129500,-1.0,-1.0,-1.0
2020/10/22,503.8,515.4,502.0,512.2,1856000,-1.0,-1.0,-1.0
2020/10/23,521.4,529.4,519.6,526.4,2644000,-1.0,-1.0,-1.0
2020/10/26,526.8000000000001,532.6,524.6,529.0,1972000,-1.0,-1.0,-1.0
2020/10/27,534.4,534.8000000000001,520.6,524.2,2697000,-1.0,-1.0,-1.0
2020/10/28,517.2,534.0,514.2,527.4,2485500,-1.0,-1.0,-1.0
2020/10/29,525.2,550.0,520.8000000000001,538.4,4831500,-1.0,-1.0,-1.0
2020/10/30,568.4,574.4,522.8000000000001,527.6,5348500,-1.0,-1.0,-1.0
2020/11/02,529.0,537.4,523.4,529.8000000000001,2978500,-1.0,-1.0,-1.0
2020/11/04,537.2,537.4,512.8000000000001,521.0,3571500,-1.0,-1.0,-1.0
2020/11/05,513.4,515.6,503.6,507.6,3925500,-1.0,-1.0,-1.0
2020/11/06,513.4,524.4,504.6,522.2,2339000,-1.0,-1.0,-1.0
2020/11/09,530.0,537.2,527.6,534.0,2345000,-1.0,-1.0,-1.0
2020/11/10,569.8000000000001,574.8000000000001,553.0,554.8000000000001,4260500,-1.0,-1.0,-1.0
2020/11/11,570.0,577.0,563.6,576.0,3469000,-1.0,-1.0,-1.0
2020/11/12,569.6,569.8000000000001,556.4,561.2,2054000,-1.0,-1.0,-1.0
2020/11/13,564.4,577.0,562.4,569.6,2982500,-1.0,-1.0,-1.0
2020/11/16,580.2,585.8000000000001,576.2,585.2,2051500,-1.0,-1.0,-1.0
2020/11/17,580.0,580.0,573.8000000000001,576.0,1190000,-1.0,-1.0,-1.0
2020/11/18,568.8000000000001,573.4,562.0,569.2,1389000,-1.0,-1.0,-1.0
2020/11/19,571.0,574.8000000000001,558.0,565.6,1844500,-1.0,-1.0,-1.0
2020/11/20,561.2,573.2,560.0,572.2,1156000,-1.0,-1.0,-1.0
2020/11/24,580.6,583.2,575.8000000000001,576.6,1200500,-1.0,-1.0,-1.0
2020/11/25,585.0,593.6,579.4,580.4,1679500,-1.0,-1.0,-1.0
2020/11/26,580.8000000000001,586.0,571.4,585.0,1133500,-1.0,-1.0,-1.0
2020/11/27,587.0,598.2,583.8000000000001,594.6,2052500,-1.0,-1.0,-1.0
2020/11/30,599.0,599.0,566.4,566.4,3789500,-1.0,-1.0,-1.0
2020/12/01,576.4,576.4,566.6,573.2,1970500,-1.0,-1.0,-1.0
2020/12/02,577.8000000000001,582.0,572.8000000000001,577.6,2061000,-1.0,-1.0,-1.0
2020/12/03,578.4,584.2,567.0,579.4,2436000,-1.0,-1.0,-1.0
2020/12/04,570.6,579.0,570.2,579.0,1460500,-1.0,-1.0,-1.0
2020/12/07,599.0,599.6,579.0,579.0,2779500,-1.0,-1.0,-1.0
2020/12/08,574.6,583.6,573.0,579.4,1515000,-1.0,-1.0,-1.0
2020/12/09,581.2,598.6,581.2,587.4,1685000,-1.0,-1.0,-1.0
2020/12/10,584.0,584.0,569.2,570.6,2695500,-1.0,-1.0,-1.0
2020/12/11,576.6,591.2,573.4,588.0,2542500,-1.0,-1.0,-1.0
2020/12/14,589.8000000000001,613.0,588.8000000000001,603.0,1764000,-1.0,-1.0,-1.0
2020/12/15,600.0,610.0,599.2,606.0,941500,-1.0,-1.0,-1.0
2020/12/16,614.0,616.0,596.6,607.0,1405000,-1.0,-1.0,-1.0
2020/12/17,609.0,609.0,599.6,602.0,1165000,-1.0,-1.0,-1.0
2020/12/18,596.2,605.0,594.2,603.0,1267500,-1.0,-1.0,-1.0
2020/12/21,602.0,607.0,596.0,603.0,1238000,-1.0,-1.0,-1.0
2020/12/22,598.2,604.0,592.6,598.8000000000001,917000,-1.0,-1.0,-1.0
2020/12/23,598.8000000000001,601.0,582.0,582.8000000000001,1361000,-1.0,-1.0,-1.0
2020/12/24,584.0,593.6,581.8000000000001,588.2,1136500,-1.0,-1.0,-1.0
2020/12/25,587.8000000000001,605.0,587.8000000000001,604.0,1098000,-1.0,-1.0,-1.0
2020/12/28,604.0,612.0,600.0,606.0,987000,-1.0,-1.0,-1.0
2020/12/29,608.0,613.0,604.0,610.0,889000,-1.0,-1.0,-1.0
2020/12/30,608.0,608.0,597.0,599.0,1086500,-1.0,-1.0,-1.0
2021/01/04,604.0,604.0,587.2,599.4,1017000,-1.0,-1.0,-1.0
2021/01/05,592.0,601.0,592.0,600.0,1363500,-1.0,-1.0,-1.0
2021/01/06,603.0,610.0,600.0,605.0,926500,-1.0,-1.0,-1.0
2021/01/07,617.0,617.0,597.8000000000001,602.0,1598500,-1.0,-1.0,-1.0
2021/01/08,598.2,605.0,593.6,602.0,1601500,-1.0,-1.0,-1.0
2021/01/12,597.6,597.6,584.0,591.0,1734000,-1.0,-1.0,-1.0
2021/01/13,591.8000000000001,601.0,588.6,593.6,1517500,-1.0,-1.0,-1.0
2021/01/14,590.0,598.8000000000001,588.2,592.6,1149000,-1.0,-1.0,-1.0
2021/01/15,586.8000000000001,586.8000000000001,564.0,564.4,1865000,-1.0,-1.0,-1.0
2021/01/18,562.4,577.0,562.0,567.2,1185000,-1.0,-1.0,-1.0
2021/01/19,572.8000000000001,577.4,570.4,573.2,1413500,-1.0,-1.0,-1.0
2021/01/20,574.8000000000001,575.0,569.0,572.2,1603000,-1.0,-1.0,-1.0
2021/01/21,577.4,588.0,569.2,569.8000000000001,924500,-1.0,-1.0,-1.0
2021/01/22,564.4,571.0,559.4,569.8000000000001,857000,-1.0,-1.0,-1.0
2021/01/25,571.0,571.0,553.6,558.8000000000001,2192000,-1.0,-1.0,-1.0
2021/01/26,557.0,568.2,555.2,567.0,1506000,-1.0,-1.0,-1.0
2021/01/27,567.6,575.8000000000001,562.6,571.4,1382000,-1.0,-1.0,-1.0
2021/01/28,551.4,562.4,548.2,560.6,2286500,-1.0,-1.0,-1.0
2021/01/29,558.0,565.8000000000001,550.8000000000001,551.4,1623000,-1.0,-1.0,-1.0
2021/02/01,548.2,573.4,548.2,572.2,1281000,-1.0,-1.0,-1.0
2021/02/02,584.8000000000001,617.0,564.0,613.0,5227000,-1.0,-1.0,-1.0
2021/02/03,599.0,615.0,590.0,595.2,4294000,-1.0,-1.0,-1.0
2021/02/04,600.0,608.0,595.0,602.0,2515500,-1.0,-1.0,-1.0
2021/02/05,606.0,613.0,585.4,588.4,2043500,-1.0,-1.0,-1.0
2021/02/08,595.4,601.0,593.4,600.0,1939000,-1.0,-1.0,-1.0
2021/02/09,596.6,598.6,575.6,582.8000000000001,1676000,-1.0,-1.0,-1.0
2021/02/10,585.6,613.0,585.6,609.0,2900000,-1.0,-1.0,-1.0
2021/02/12,611.0,612.0,604.0,607.0,861500,-1.0,-1.0,-1.0
2021/02/15,606.0,609.0,597.0,603.0,1021500,-1.0,-1.0,-1.0
2021/02/16,604.0,607.0,592.4,597.0,1183500,-1.0,-1.0,-1.0
2021/02/17,595.0,596.2,582.2,582.8000000000001,1490000,-1.0,-1.0,-1.0
2021/02/18,592.8000000000001,593.6,579.4,581.2,1549000,-1.0,-1.0,-1.0
2021/02/19,572.2,576.6,560.4,565.8000000000001,1687500,-1.0,-1.0,-1.0
2021/02/22,570.2,575.4,568.6,571.2,1334500,-1.0,-1.0,-1.0
2021/02/24,573.6,573.8000000000001,561.0,561.0,2246500,-1.0,-1.0,-1.0
2021/02/25,575.2,576.8000000000001,567.4,567.6,1656500,-1.0,-1.0,-1.0
2021/02/26,563.8000000000001,563.8000000000001,550.6,552.2,3082500,-1.0,-1.0,-1.0
2021/03/01,568.0,578.6,560.6,569.4,1879000,-1.0,-1.0,-1.0
2021/03/02,569.0,573.8000000000001,556.8000000000001,560.0,1358000,-1.0,-1.0,-1.0
2021/03/03,560.0,564.0,550.4,556.8000000000001,2048000,-1.0,-1.0,-1.0
2021/03/04,555.2,563.8000000000001,551.2,562.4,1357000,-1.0,-1.0,-1.0
2021/03/05,560.2,567.2,550.8000000000001,567.2,1311500,-1.0,-1.0,-1.0
2021/03/08,582.2,583.8000000000001,570.0,573.2,1647000,-1.0,-1.0,-1.0
2021/03/09,586.4,586.4,577.4,584.8000000000001,1158000,-1.0,-1.0,-1.0
2021/03/10,584.8000000000001,585.6,570.6,583.0,1705000,-1.0,-1.0,-1.0
2021/03/11,586.0,590.6,577.6,584.8000000000001,3016500,-1.0,-1.0,-1.0
2021/03/12,588.6,590.0,581.0,586.2,2138500,-1.0,-1.0,-1.0
2021/03/15,596.2,603.0,592.4,603.0,1880500,-1.0,-1.0,-1.0
2021/03/16,598.0,602.0,595.4,600.0,1615500,-1.0,-1.0,-1.0
2021/03/17,590.2,594.0,584.8000000000001,591.6,1403500,-1.0,-1.0,-1.0
2021/03/18,600.0,604.0,594.4,601.0,1811500,-1.0,-1.0,-1.0
2021/03/19,599.6,623.0,596.8000000000001,619.0,2598000,-1.0,-1.0,-1.0
2021/03/22,617.0,618.0,596.2,597.4,2528500,-1.0,-1.0,-1.0
2021/03/23,593.2,594.8000000000001,583.8000000000001,583.8000000000001,1436000,-1.0,-1.0,-1.0
2021/03/24,571.6,579.2,565.0,575.2,3130500,-1.0,-1.0,-1.0
2021/03/25,576.0,586.4,575.2,583.8000000000001,1327500,-1.0,-1.0,-1.0
2021/03/26,597.0,601.0,586.8000000000001,588.4,1879000,-1.0,-1.0,-1.0
2021/03/29,582.2,589.8000000000001,576.2,585.4,2179500,-1.0,-1.0,-1.0
2021/03/30,582.6,589.6,573.4,588.2,1780000,-1.0,-1.0,-1.0
2021/03/31,587.4,594.2,581.0,581.6,2366000,-1.0,-1.0,-1.0
2021/04/01,588.2,588.8000000000001,569.8000000000001,571.2,1848000,-1.0,-1.0,-1.0
2021/04/02,562.6,571.2,560.6,570.6,2008500,-1.0,-1.0,-1.0
2021/04/05,578.0,591.6,575.8000000000001,590.0,2377000,-1.0,-1.0,-1.0
2021/04/06,586.6,589.4,570.4,577.6,2710500,-1.0,-1.0,-1.0
2021/04/07,577.6,583.0,571.4,577.4,2883000,-1.0,-1.0,-1.0
2021/04/08,573.0,579.4,571.4,576.0,2680500,-1.0,-1.0,-1.0
2021/04/09,580.2,581.2,566.2,567.6,2218000,-1.0,-1.0,-1.0
2021/04/12,570.0,576.4,569.8000000000001,571.8000000000001,1619000,-1.0,-1.0,-1.0
2021/04/13,576.8000000000001,595.4,571.6,590.8000000000001,2959500,-1.0,-1.0,-1.0
2021/04/14,584.2,584.2,571.8000000000001,574.4,1574000,-1.0,-1.0,-1.0
2021/04/15,581.8000000000001,583.0,573.0,574.2,1425000,-1.0,-1.0,-1.0
2021/04/16,572.2,576.0,570.2,575.0,1348500,-1.0,-1.0,-1.0
2021/04/19,575.0,580.8000000000001,573.4,579.8000000000001,998500,-1.0,-1.0,-1.0
2021/04/20,576.4,580.8000000000001,562.4,565.0,2215500,-1.0,-1.0,-1.0
2021/04/21,549.6,553.0,535.2,538.2,3080000,-1.0,-1.0,-1.0
2021/04/22,548.2,550.2,538.0,547.2,1939500,-1.0,-1.0,-1.0
2021/04/23,542.8000000000001,542.8000000000001,537.0,540.4,2411500,-1.0,-1.0,-1.0
2021/04/26,545.0,551.6,541.2,548.0,2317000,-1.0,-1.0,-1.0
2021/04/27,544.0,556.6,539.2,546.2,2872000,-1.0,-1.0,-1.0
2021/04/28,556.2,579.6,540.0,552.8000000000001,7844500,-1.0,-1.0,-1.0
2021/04/30,555.8000000000001,559.2,531.8000000000001,534.0,4074000,-1.0,-1.0,-1.0
2021/05/06,534.0,550.4,529.8000000000001,550.0,4036500,-1.0,-1.0,-1.0
2021/05/07,548.0,550.4,541.6,542.6,2733500,-1.0,-1.0,-1.0
2021/05/10,548.0,553.0,538.6,542.6,3452500,-1.0,-1.0,-1.0
2021/05/11,545.4,546.8000000000001,534.4,535.6,2657000,-1.0,-1.0,-1.0
2021/05/12,525.6,530.0,515.4,528.8000000000001,4402000,-1.0,-1.0,-1.0
2021/05/13,524.4,539.8000000000001,524.0,535.8000000000001,2043000,-1.0,-1.0,-1.0
2021/05/14,540.2,545.0,538.6,543.2,1849500,-1.0,-1.0,-1.0
2021/05/17,545.0,546.2,533.4,535.4,2719500,-1.0,-1.0,-1.0
2021/05/18,539.6,553.8000000000001,539.0,551.4,3028000,-1.0,-1.0,-1.0
2021/05/19,544.4,550.4,535.2,541.8000000000001,3355000,-1.0,-1.0,-1.0
2021/05/20,538.6,551.4,538.4,550.8000000000001,2385500,-1.0,-1.0,-1.0
2021/05/21,543.2,551.4,540.6,548.2,3270000,-1.0,-1.0,-1.0
2021/05/24,551.4,555.6,546.6,549.8000000000001,3561000,-1.0,-1.0,-1.0
2021/05/25,550.2,555.8000000000001,545.0,550.2,3136000,-1.0,-1.0,-1.0
2021/05/26,550.0,554.0,547.4,551.2,4064000,-1.0,-1.0,-1.0
2021/05/27,550.8000000000001,561.8000000000001,548.2,553.6,31166000,-1.0,-1.0,-1.0
2021/05/28,559.4,564.8000000000001,553.0,563.2,3513000,-1.0,-1.0,-1.0
2021/05/31,560.6,567.2,556.2,557.6,2087500,-1.0,-1.0,-1.0
2021/06/01,555.2,560.2,553.0,559.2,2347000,-1.0,-1.0,-1.0
2021/06/02,556.4,558.6,538.4,541.0,6369000,-1.0,-1.0,-1.0
2021/06/03,539.8000000000001,542.4,531.2,539.0,4734000,-1.0,-1.0,-1.0
2021/06/04,541.0,545.2,532.2,545.2,3590000,-1.0,-1.0,-1.0
2021/06/07,546.0,548.6,543.2,546.8000000000001,2080500,-1.0,-1.0,-1.0
2021/06/08,542.2,559.2,541.4,555.4,3395000,-1.0,-1.0,-1.0
2021/06/09,557.4,566.4,552.2,555.0,2345000,-1.0,-1.0,-1.0
2021/06/10,552.4,562.8000000000001,550.2,558.6,2756000,-1.0,-1.0,-1.0
2021/06/11,555.0,558.0,549.4,551.4,2950500,-1.0,-1.0,-1.0
2021/06/14,554.4,556.0,543.4,544.4,2081000,-1.0,-1.0,-1.0
2021/06/15,544.2,548.6,538.2,547.4,2016000,-1.0,-1.0,-1.0
2021/06/16,544.0,555.2,543.0,549.6,1815000,-1.0,-1.0,-1.0
2021/06/17,549.4,557.4,547.2,555.4,1761000,-1.0,-1.0,-1.0
2021/06/18,554.0,554.0,536.8000000000001,539.0,3235000,-1.0,-1.0,-1.0
2021/06/21,529.4,531.0,520.2,522.2,2548000,-1.0,-1.0,-1.0
2021/06/22,541.0,542.6,533.8000000000001,541.4,2538000,-1.0,-1.0,-1.0
2021/06/23,537.8000000000001,543.4,535.0,541.2,1740500,-1.0,-1.0,-1.0
2021/06/24,544.8000000000001,550.4,542.4,548.8000000000001,1916500,-1.0,-1.0,-1.0
2021/06/25,549.6,553.2,546.0,553.2,1517000,-1.0,-1.0,-1.0
2021/06/28,555.0,565.0,553.2,564.4,2231000,-1.0,-1.0,-1.0
2021/06/29,557.4,560.0,552.2,554.0,1538000,-1.0,-1.0,-1.0
2021/06/30,558.2,560.4,546.4,547.0,1485000,-1.0,-1.0,-1.0
2021/07/01,537.0,546.8000000000001,537.0,544.4,2230500,-1.0,-1.0,-1.0
2021/07/02,547.0,548.0,540.6,544.4,1154500,-1.0,-1.0,-1.0
2021/07/05,543.0,549.8000000000001,540.0,548.0,1740500,-1.0,-1.0,-1.0
2021/07/06,551.8000000000001,553.4,548.0,551.2,1047000,-1.0,-1.0,-1.0
2021/07/07,541.6,546.2,540.6,542.0,2047000,-1.0,-1.0,-1.0
2021/07/08,540.0,543.0,532.6,532.6,1674000,-1.0,-1.0,-1.0
2021/07/09,522.6,524.2,513.4,522.8000000000001,1973500,-1.0,-1.0,-1.0
2021/07/12,532.0,532.2,526.0,529.0,1156500,-1.0,-1.0,-1.0
2021/07/13,538.4,542.6,533.6,540.6,1453500,-1.0,-1.0,-1.0
2021/07/14,536.8000000000001,539.8000000000001,533.0,535.8000000000001,1467000,-1.0,-1.0,-1.0
2021/07/15,537.2,540.4,529.6,529.6,1584500,-1.0,-1.0,-1.0
2021/07/16,536.4,542.8000000000001,533.2,536.4,2234000,-1.0,-1.0,-1.0
2021/07/19,524.0,527.8000000000001,519.2,522.0,1308500,-1.0,-1.0,-1.0
2021/07/20,513.6,516.0,510.40000000000003,512.4,1699500,-1.0,-1.0,-1.0
2021/07/21,523.8000000000001,528.2,520.2,524.6,1947000,-1.0,-1.0,-1.0
2021/07/26,531.8000000000001,532.6,526.6,529.8000000000001,1207000,-1.0,-1.0,-1.0
2021/07/27,530.8000000000001,531.8000000000001,524.6,526.6,1133500,-1.0,-1.0,-1.0
2021/07/28,524.4,525.8000000000001,517.0,518.2,964500,-1.0,-1.0,-1.0
2021/07/29,520.6,523.4,516.4,518.8000000000001,1736000,-1.0,-1.0,-1.0
2021/07/30,516.0,532.4,502.0,512.6,4405500,-1.0,-1.0,-1.0
2021/08/02,522.6,524.4,515.0,523.4,3080000,-1.0,-1.0,-1.0
2021/08/03,518.2,521.2,507.0,511.40000000000003,2200000,-1.0,-1.0,-1.0
2021/08/04,512.0,513.4,500.8,501.6,2351500,-1.0,-1.0,-1.0
2021/08/05,501.0,503.40000000000003,494.20000000000005,496.20000000000005,2065000,-1.0,-1.0,-1.0
2021/08/06,493.6,495.0,488.20000000000005,492.8,1766500,-1.0,-1.0,-1.0
2021/08/10,495.40000000000003,501.40000000000003,492.6,494.8,2277500,-1.0,-1.0,-1.0
2021/08/11,499.20000000000005,502.40000000000003,495.6,499.8,1494000,-1.0,-1.0,-1.0
2021/08/12,499.6,500.8,490.20000000000005,490.8,2143500,-1.0,-1.0,-1.0
2021/08/13,486.40000000000003,487.8,483.8,487.20000000000005,1928500,-1.0,-1.0,-1.0
2021/08/16,484.40000000000003,485.20000000000005,477.6,480.8,1889000,-1.0,-1.0,-1.0
2021/08/17,480.8,483.0,474.8,476.40000000000003,1970000,-1.0,-1.0,-1.0
2021/08/18,472.40000000000003,483.6,471.8,481.0,1424500,-1.0,-1.0,-1.0
2021/08/19,477.6,477.6,465.8,467.20000000000005,1978000,-1.0,-1.0,-1.0
2021/08/20,461.6,463.0,446.0,446.6,2738500,-1.0,-1.0,-1.0
2021/08/23,457.40000000000003,463.40000000000003,456.0,457.40000000000003,2131500,-1.0,-1.0,-1.0
2021/08/24,458.6,462.20000000000005,457.0,461.40000000000003,1934500,-1.0,-1.0,-1.0
2021/08/25,460.40000000000003,468.20000000000005,458.0,460.20000000000005,2118500,-1.0,-1.0,-1.0
2021/08/26,459.6,460.20000000000005,455.0,456.0,1152500,-1.0,-1.0,-1.0
2021/08/27,456.0,457.6,452.8,456.0,976500,-1.0,-1.0,-1.0
2021/08/30,463.0,469.8,462.20000000000005,468.6,2258500,-1.0,-1.0,-1.0
2021/08/31,467.20000000000005,471.0,464.40000000000003,468.0,2250500,-1.0,-1.0,-1.0
2021/09/01,462.20000000000005,472.20000000000005,462.20000000000005,472.20000000000005,1788500,-1.0,-1.0,-1.0
2021/09/02,469.8,470.8,461.20000000000005,465.6,1798000,-1.0,-1.0,-1.0
2021/09/03,467.0,471.0,463.20000000000005,470.20000000000005,1725000,-1.0,-1.0,-1.0
2021/09/06,475.0,475.0,469.20000000000005,473.20000000000005,954500,-1.0,-1.0,-1.0
2021/09/07,477.0,478.40000000000003,471.0,477.8,2025500,-1.0,-1.0,-1.0
2021/09/08,479.20000000000005,479.20000000000005,474.40000000000003,477.8,1921500,-1.0,-1.0,-1.0
2021/09/09,474.20000000000005,477.0,469.0,470.8,2146000,-1.0,-1.0,-1.0
2021/09/10,475.0,475.20000000000005,469.0,472.0,2211500,-1.0,-1.0,-1.0
2021/09/13,463.40000000000003,470.6,462.0,470.6,1964500,-1.0,-1.0,-1.0
2021/09/14,473.6,475.8,472.0,475.8,1936500,-1.0,-1.0,-1.0
2021/09/15,471.0,472.40000000000003,465.40000000000003,468.40000000000003,1951000,-1.0,-1.0,-1.0
2021/09/16,471.6,472.6,465.40000000000003,468.20000000000005,1694500,-1.0,-1.0,-1.0
2021/09/17,469.0,470.40000000000003,466.40000000000003,469.40000000000003,2095500,-1.0,-1.0,-1.0
2021/09/21,461.0,461.20000000000005,457.6,458.6,2126000,-1.0,-1.0,-1.0
2021/09/22,457.8,457.8,449.0,449.0,2176000,-1.0,-1.0,-1.0
2021/09/24,459.0,461.6,457.6,460.0,1641000,-1.0,-1.0,-1.0
2021/09/27,460.6,462.6,458.8,460.8,1485500,-1.0,-1.0,-1.0
2021/09/28,461.8,470.40000000000003,459.20000000000005,470.0,1951500,-1.0,-1.0,-1.0
2021/09/29,456.6,457.8,451.8,457.20000000000005,2461500,-1.0,-1.0,-1.0
2021/09/30,457.20000000000005,459.0,448.8,449.40000000000003,1423500,-1.0,-1.0,-1.0
2021/10/01,442.40000000000003,444.20000000000005,434.8,436.20000000000005,2195500,-1.0,-1.0,-1.0
2021/10/04,443.0,444.0,431.20000000000005,434.20000000000005,1831500,-1.0,-1.0,-1.0
2021/10/05,429.6,430.8,424.6,428.6,1882000,-1.0,-1.0,-1.0
2021/10/06,434.40000000000003,438.20000000000005,427.6,430.6,2434000,-1.0,-1.0,-1.0
2021/10/07,430.20000000000005,435.40000000000003,428.8,432.8,1885000,-1.0,-1.0,-1.0
2021/10/08,440.0,449.0,438.0,443.8,2237500,-1.0,-1.0,-1.0
2021/10/11,443.8,454.8,442.8,454.0,2661000,-1.0,-1.0,-1.0
2021/10/12,453.8,457.6,450.8,456.20000000000005,1967000,-1.0,-1.0,-1.0
2021/10/13,456.20000000000005,462.40000000000003,452.20000000000005,455.8,2189500,-1.0,-1.0,-1.0
2021/10/14,454.0,461.0,451.40000000000003,460.20000000000005,1648500,-1.0,-1.0,-1.0
2021/10/15,462.8,467.20000000000005,462.6,466.0,2145500,-1.0,-1.0,-1.0
2021/10/18,470.8,478.40000000000003,469.0,476.20000000000005,2863000,-1.0,-1.0,-1.0
2021/10/19,474.20000000000005,476.0,468.8,469.20000000000005,3056500,-1.0,-1.0,-1.0
2021/10/20,473.20000000000005,475.20000000000005,469.20000000000005,469.6,2427000,-1.0,-1.0,-1.0
2021/10/21,466.20000000000005,468.0,460.6,460.8,1971500,-1.0,-1.0,-1.0
2021/10/22,457.0,464.6,454.8,461.0,1557000,-1.0,-1.0,-1.0
2021/10/25,459.0,466.20000000000005,457.6,461.0,2055500,-1.0,-1.0,-1.0
2021/10/26,466.40000000000003,470.40000000000003,463.40000000000003,466.0,1564000,-1.0,-1.0,-1.0
2021/10/27,464.8,469.20000000000005,461.6,468.20000000000005,1630500,-1.0,-1.0,-1.0
2021/10/28,469.8,476.40000000000003,467.20000000000005,474.40000000000003,3431500,-1.0,-1.0,-1.0
2021/10/29,474.40000000000003,475.0,455.6,464.20000000000005,4588000,-1.0,-1.0,-1.0
2021/11/01,479.0,479.40000000000003,458.8,467.40000000000003,3500500,-1.0,-1.0,-1.0
2021/11/02,467.40000000000003,467.8,448.40000000000003,449.40000000000003,3801500,-1.0,-1.0,-1.0
2021/11/04,460.40000000000003,465.0,448.40000000000003,465.0,4275000,-1.0,-1.0,-1.0
2021/11/05,459.8,462.40000000000003,456.6,459.40000000000003,2411000,-1.0,-1.0,-1.0
2021/11/08,463.6,473.8,460.40000000000003,471.6,2695000,-1.0,-1.0,-1.0
2021/11/09,474.6,477.40000000000003,468.20000000000005,468.20000000000005,1745500,-1.0,-1.0,-1.0
2021/11/10,471.20000000000005,472.8,459.0,461.6,1760000,-1.0,-1.0,-1.0
2021/11/11,462.20000000000005,467.20000000000005,460.40000000000003,462.8,951500,-1.0,-1.0,-1.0
2021/11/12,465.8,476.0,465.8,472.6,1541000,-1.0,-1.0,-1.0
2021/11/15,479.6,483.40000000000003,476.8,482.20000000000005,2731000,-1.0,-1.0,-1.0
2021/11/16,488.8,498.0,488.0,492.40000000000003,5428500,-1.0,-1.0,-1.0
2021/11/17,492.6,496.8,491.20000000000005,492.20000000000005,4352000,-1.0,-1.0,-1.0
2021/11/18,485.6,494.8,482.8,491.8,2997000,-1.0,-1.0,-1.0
2021/11/19,488.40000000000003,493.8,482.20000000000005,492.6,2052500,-1.0,-1.0,-1.0
2021/11/22,488.20000000000005,489.6,480.0,483.6,2316500,-1.0,-1.0,-1.0
2021/11/24,488.6,494.20000000000005,483.0,483.8,1946500,-1.0,-1.0,-1.0
2021/11/25,483.40000000000003,486.0,479.8,480.20000000000005,799500,-1.0,-1.0,-1.0
2021/11/26,484.0,484.40000000000003,471.0,474.20000000000005,1573000,-1.0,-1.0,-1.0
2021/11/29,466.0,466.0,454.8,455.6,2427500,-1.0,-1.0,-1.0
2021/11/30,463.40000000000003,468.0,453.6,453.8,4209000,-1.0,-1.0,-1.0
2021/12/01,453.8,465.6,451.20000000000005,462.20000000000005,1963500,-1.0,-1.0,-1.0
2021/12/02,459.8,466.20000000000005,456.20000000000005,461.40000000000003,1530500,-1.0,-1.0,-1.0
2021/12/03,463.0,471.0,460.40000000000003,470.20000000000005,1495000,-1.0,-1.0,-1.0
2021/12/06,470.40000000000003,475.6,467.40000000000003,468.6,1302500,-1.0,-1.0,-1.0
2021/12/07,474.6,491.8,474.6,490.0,3088500,-1.0,-1.0,-1.0
2021/12/08,498.6,499.20000000000005,489.8,493.8,2179000,-1.0,-1.0,-1.0
2021/12/09,490.0,492.40000000000003,483.40000000000003,484.20000000000005,1665000,-1.0,-1.0,-1.0
2021/12/10,482.6,490.40000000000003,482.6,486.8,1226500,-1.0,-1.0,-1.0
2021/12/13,491.0,493.6,479.8,481.6,1254500,-1.0,-1.0,-1.0
2021/12/14,480.20000000000005,483.40000000000003,478.8,480.40000000000003,929500,-1.0,-1.0,-1.0
2021/12/15,481.20000000000005,487.0,480.8,483.6,1369000,-1.0,-1.0,-1.0
2021/12/16,488.20000000000005,491.40000000000003,485.6,488.20000000000005,1154500,-1.0,-1.0,-1.0
2021/12/17,489.40000000000003,492.8,484.40000000000003,485.20000000000005,2453000,-1.0,-1.0,-1.0
2021/12/20,479.0,479.40000000000003,465.0,468.20000000000005,1890500,-1.0,-1.0,-1.0
2021/12/21,473.40000000000003,475.40000000000003,468.40000000000003,469.8,1580500,-1.0,-1.0,-1.0
2021/12/22,472.40000000000003,475.20000000000005,466.20000000000005,471.6,1686000,-1.0,-1.0,-1.0
2021/12/23,474.0,482.6,472.40000000000003,482.6,1461500,-1.0,-1.0,-1.0
2021/12/24,486.0,493.20000000000005,484.40000000000003,492.20000000000005,1149500,-1.0,-1.0,-1.0
2021/12/27,490.6,495.40000000000003,490.6,493.20000000000005,1529000,-1.0,-1.0,-1.0
2021/12/28,497.0,499.6,492.40000000000003,499.20000000000005,1607500,-1.0,-1.0,-1.0
2021/12/29,496.20000000000005,501.6,495.20000000000005,500.20000000000005,1208500,-1.0,-1.0,-1.0
2021/12/30,499.6,504.0,496.8,500.40000000000003,1011500,-1.0,-1.0,-1.0
2022/01/04,507.0,512.0,502.0,510.6,2279500,-1.0,-1.0,-1.0
2022/01/05,518.4,530.2,517.6,528.6,2543500,-1.0,-1.0,-1.0
2022/01/06,528.6,539.8000000000001,524.0,527.0,2775000,-1.0,-1.0,-1.0
2022/01/07,534.0,538.4,529.0,530.2,1906500,-1.0,-1.0,-1.0
2022/01/11,532.0,535.8000000000001,523.8000000000001,532.8000000000001,2326000,-1.0,-1.0,-1.0
2022/01/12,550.0,550.0,537.0,537.4,2317000,-1.0,-1.0,-1.0
2022/01/13,542.2,544.8000000000001,532.8000000000001,540.0,1846500,-1.0,-1.0,-1.0
2022/01/14,544.2,546.6,537.2,543.4,2561000,-1.0,-1.0,-1.0
2022/01/17,543.4,557.4,543.0,549.8000000000001,1910500,-1.0,-1.0,-1.0
2022/01/18,545.4,547.0,529.4,531.8000000000001,2386500,-1.0,-1.0,-1.0
2022/01/19,517.0,519.6,498.6,500.0,3518500,-1.0,-1.0,-1.0
2022/01/20,496.6,503.40000000000003,491.0,495.40000000000003,2592500,-1.0,-1.0,-1.0
2022/01/21,485.40000000000003,485.6,474.0,482.6,2829500,-1.0,-1.0,-1.0
2022/01/24,478.40000000000003,491.40000000000003,474.8,488.6,1667500,-1.0,-1.0,-1.0
2022/01/25,498.0,499.0,475.0,479.6,2141500,-1.0,-1.0,-1.0
2022/01/26,477.40000000000003,483.6,468.8,471.20000000000005,2718000,-1.0,-1.0,-1.0
2022/01/27,479.0,482.0,462.20000000000005,464.6,2179000,-1.0,-1.0,-1.0
2022/01/28,463.6,475.6,463.6,474.8,2469000,-1.0,-1.0,-1.0
2022/01/31,472.40000000000003,483.20000000000005,470.0,479.6,1970500,-1.0,-1.0,-1.0
2022/02/01,481.0,489.40000000000003,471.20000000000005,472.40000000000003,1793000,-1.0,-1.0,-1.0
2022/02/02,481.8,489.20000000000005,453.0,457.20000000000005,6198000,-1.0,-1.0,-1.0
2022/02/03,447.20000000000005,456.8,436.20000000000005,449.6,6172000,-1.0,-1.0,-1.0
2022/02/04,447.40000000000003,458.6,442.8,457.0,2900000,-1.0,-1.0,-1.0
2022/02/07,453.0,453.40000000000003,442.40000000000003,449.40000000000003,2664000,-1.0,-1.0,-1.0
2022/02/08,450.40000000000003,461.0,448.6,459.6,2170000,-1.0,-1.0,-1.0
2022/02/09,462.0,474.40000000000003,462.0,473.0,2376500,-1.0,-1.0,-1.0
2022/02/10,474.40000000000003,477.20000000000005,462.6,465.20000000000005,1827000,-1.0,-1.0,-1.0
2022/02/14,455.20000000000005,460.8,448.40000000000003,449.20000000000005,2431500,-1.0,-1.0,-1.0
2022/02/15,450.6,455.6,446.40000000000003,452.6,1744000,-1.0,-1.0,-1.0
2022/02/16,462.6,464.8,455.40000000000003,456.40000000000003,1511500,-1.0,-1.0,-1.0
2022/02/17,455.40000000000003,460.6,450.6,455.0,1526000,-1.0,-1.0,-1.0
2022/02/18,448.40000000000003,463.0,448.40000000000003,458.8,2271500,-1.0,-1.0,-1.0
2022/02/21,452.0,453.6,447.0,451.40000000000003,970000,-1.0,-1.0,-1.0
2022/02/22,445.0,445.0,435.8,441.40000000000003,1532500,-1.0,-1.0,-1.0
2022/02/24,435.6,436.6,423.8,427.40000000000003,1556000,-1.0,-1.0,-1.0
2022/02/25,429.0,431.20000000000005,422.6,427.0,1511000,-1.0,-1.0,-1.0
2022/02/28,427.20000000000005,438.0,427.20000000000005,436.0,2541000,-1.0,-1.0,-1.0
2022/03/01,434.20000000000005,439.40000000000003,430.0,431.40000000000003,2151000,-1.0,-1.0,-1.0
2022/03/02,414.6,419.20000000000005,410.0,410.6,2417500,-1.0,-1.0,-1.0
2022/03/03,411.6,419.8,411.6,417.40000000000003,2069000,-1.0,-1.0,-1.0
2022/03/04,411.0,414.20000000000005,401.6,403.8,2496500,-1.0,-1.0,-1.0
2022/03/07,387.40000000000003,388.40000000000003,363.20000000000005,370.0,4726000,-1.0,-1.0,-1.0
2022/03/08,366.20000000000005,373.0,360.40000000000003,362.20000000000005,3836500,-1.0,-1.0,-1.0
2022/03/09,364.0,369.0,359.20000000000005,359.8,3485000,-1.0,-1.0,-1.0
2022/03/10,367.8,375.20000000000005,363.6,372.0,4470500,-1.0,-1.0,-1.0
2022/03/11,368.20000000000005,370.20000000000005,362.0,365.20000000000005,2901500,-1.0,-1.0,-1.0
2022/03/14,363.6,372.0,360.8,369.40000000000003,2241500,-1.0,-1.0,-1.0
2022/03/15,369.40000000000003,378.8,367.6,378.0,1864000,-1.0,-1.0,-1.0
2022/03/16,380.0,380.0,372.40000000000003,377.20000000000005,2600500,-1.0,-1.0,-1.0
2022/03/17,388.0,396.40000000000003,385.40000000000003,394.0,2337000,-1.0,-1.0,-1.0
2022/03/18,389.20000000000005,394.0,386.20000000000005,392.6,3112000,-1.0,-1.0,-1.0
2022/03/22,395.40000000000003,401.0,395.40000000000003,398.20000000000005,2181500,-1.0,-1.0,-1.0
2022/03/23,403.0,404.0,398.6,403.0,2792500,-1.0,-1.0,-1.0
2022/03/24,398.20000000000005,405.20000000000005,396.8,405.20000000000005,2029000,-1.0,-1.0,-1.0
2022/03/25,407.40000000000003,408.8,401.40000000000003,404.6,2968000,-1.0,-1.0,-1.0
2022/03/28,410.20000000000005,410.8,403.40000000000003,406.0,1726500,-1.0,-1.0,-1.0
2022/03/29,407.0,410.8,405.0,410.0,1647500,-1.0,-1.0,-1.0
2022/03/30,415.0,415.0,405.0,411.0,2086500,-1.0,-1.0,-1.0
2022/03/31,408.40000000000003,410.40000000000003,403.40000000000003,405.20000000000005,2180500,-1.0,-1.0,-1.0
2022/04/01,401.6,410.20000000000005,397.8,408.0,2451000,-1.0,-1.0,-1.0
2022/04/04,403.20000000000005,405.6,398.20000000000005,401.0,2178000,-1.0,-1.0,-1.0
2022/04/05,388.8,392.40000000000003,385.40000000000003,387.0,4332500,-1.0,-1.0,-1.0
2022/04/06,380.40000000000003,381.8,372.20000000000005,373.8,3616500,-1.0,-1.0,-1.0
2022/04/07,367.6,367.6,359.6,362.6,4199500,-1.0,-1.0,-1.0
2022/04/08,363.6,364.8,354.6,357.20000000000005,3560500,-1.0,-1.0,-1.0
2022/04/11,359.8,366.0,357.20000000000005,359.8,2331500,-1.0,-1.0,-1.0
2022/04/12,362.40000000000003,362.8,353.20000000000005,354.40000000000003,2461000,-1.0,-1.0,-1.0
2022/04/13,354.40000000000003,358.0,353.40000000000003,358.0,2010000,-1.0,-1.0,-1.0
2022/04/14,360.40000000000003,362.0,357.6,361.40000000000003,1476500,-1.0,-1.0,-1.0
2022/04/15,360.20000000000005,361.40000000000003,358.6,359.6,1406000,-1.0,-1.0,-1.0
2022/04/18,356.8,357.6,351.40000000000003,356.8,2128500,-1.0,-1.0,-1.0
2022/04/19,352.8,363.20000000000005,352.6,361.6,3267500,-1.0,-1.0,-1.0
2022/04/20,367.40000000000003,374.20000000000005,366.0,370.20000000000005,2590000,-1.0,-1.0,-1.0
2022/04/21,369.20000000000005,374.20000000000005,367.8,373.40000000000003,1928000,-1.0,-1.0,-1.0
2022/04/22,368.6,372.40000000000003,366.6,371.6,1957000,-1.0,-1.0,-1.0
2022/04/25,360.40000000000003,369.0,359.20000000000005,366.40000000000003,1963000,-1.0,-1.0,-1.0
2022/04/26,366.20000000000005,370.20000000000005,363.6,363.6,1810500,-1.0,-1.0,-1.0
2022/04/27,358.40000000000003,359.6,351.40000000000003,353.8,4664500,-1.0,-1.0,-1.0
2022/04/28,357.8,385.40000000000003,356.6,380.20000000000005,6405500,-1.0,-1.0,-1.0
2022/05/02,382.40000000000003,386.40000000000003,377.20000000000005,377.20000000000005,4006500,-1.0,-1.0,-1.0
2022/05/06,377.20000000000005,385.8,376.0,379.40000000000003,4450500,-1.0,-1.0,-1.0
2022/05/09,379.6,381.20000000000005,375.20000000000005,379.20000000000005,2163500,-1.0,-1.0,-1.0
2022/05/10,376.20000000000005,384.20000000000005,374.40000000000003,382.8,2274000,-1.0,-1.0,-1.0
2022/05/11,376.0,376.8,370.20000000000005,374.40000000000003,3431000,-1.0,-1.0,-1.0
2022/05/12,373.6,395.40000000000003,373.0,392.40000000000003,6591000,-1.0,-1.0,-1.0
2022/05/13,384.40000000000003,396.0,383.20000000000005,394.6,3855000,-1.0,-1.0,-1.0
2022/05/16,399.20000000000005,401.20000000000005,393.6,396.6,3063500,-1.0,-1.0,-1.0
2022/05/17,395.6,396.6,388.20000000000005,396.0,1914500,-1.0,-1.0,-1.0
2022/05/18,402.0,407.0,401.40000000000003,402.8,3978500,-1.0,-1.0,-1.0
2022/05/19,393.6,397.0,390.20000000000005,396.6,2432000,-1.0,-1.0,-1.0
2022/05/20,397.20000000000005,399.8,395.40000000000003,398.6,2040000,-1.0,-1.0,-1.0
2022/05/23,399.8,401.8,397.0,400.40000000000003,2419500,-1.0,-1.0,-1.0
2022/05/24,402.20000000000005,405.20000000000005,397.0,397.40000000000003,2862500,-1.0,-1.0,-1.0
2022/05/25,394.6,396.40000000000003,392.0,392.40000000000003,1939000,-1.0,-1.0,-1.0
2022/05/26,393.8,397.40000000000003,393.8,393.8,1787500,-1.0,-1.0,-1.0
2022/05/27,400.0,403.20000000000005,398.20000000000005,400.6,3014000,-1.0,-1.0,-1.0
2022/05/30,405.20000000000005,411.40000000000003,403.6,408.40000000000003,3461000,-1.0,-1.0,-1.0
2022/05/31,407.0,413.40000000000003,405.0,407.8,3177500,-1.0,-1.0,-1.0
2022/06/01,414.20000000000005,430.40000000000003,413.8,427.6,3162500,-1.0,-1.0,-1.0
2022/06/02,427.6,435.20000000000005,425.40000000000003,431.40000000000003,2314500,-1.0,-1.0,-1.0
2022/06/03,431.0,431.8,424.6,425.6,1277000,-1.0,-1.0,-1.0
2022/06/06,422.20000000000005,424.6,421.20000000000005,423.6,1579000,-1.0,-1.0,-1.0
2022/06/07,431.0,436.8,429.40000000000003,430.8,1524000,-1.0,-1.0,-1.0
2022/06/08,426.0,433.40000000000003,426.0,432.0,1416500,-1.0,-1.0,-1.0
2022/06/09,434.8,444.20000000000005,432.40000000000003,437.20000000000005,2776500,-1.0,-1.0,-1.0
2022/06/10,436.20000000000005,439.6,430.6,437.20000000000005,2233000,-1.0,-1.0,-1.0
2022/06/13,427.20000000000005,431.40000000000003,426.0,430.20000000000005,1645000,-1.0,-1.0,-1.0
2022/06/14,420.40000000000003,426.20000000000005,420.40000000000003,425.0,2405000,-1.0,-1.0,-1.0
2022/06/15,426.0,427.0,417.8,418.20000000000005,2241500,-1.0,-1.0,-1.0
2022/06/16,421.40000000000003,427.20000000000005,421.40000000000003,423.6,1609000,-1.0,-1.0,-1.0
2022/06/17,413.8,417.0,409.6,415.20000000000005,3368500,-1.0,-1.0,-1.0
2022/06/20,421.20000000000005,423.20000000000005,410.40000000000003,411.40000000000003,1786500,-1.0,-1.0,-1.0
2022/06/21,418.0,421.6,415.40000000000003,417.6,2051500,-1.0,-1.0,-1.0
2022/06/22,428.20000000000005,433.8,427.8,427.8,2855000,-1.0,-1.0,-1.0
2022/06/23,426.6,431.0,424.20000000000005,428.40000000000003,1697000,-1.0,-1.0,-1.0
2022/06/24,426.40000000000003,431.20000000000005,424.20000000000005,429.6,2082500,-1.0,-1.0,-1.0
2022/06/27,439.0,439.0,432.6,434.20000000000005,2076000,-1.0,-1.0,-1.0
2022/06/28,433.40000000000003,442.20000000000005,433.0,441.20000000000005,2795000,-1.0,-1.0,-1.0
2022/06/29,437.40000000000003,437.6,430.6,433.0,3796000,-1.0,-1.0,-1.0
2022/06/30,428.20000000000005,431.6,425.6,428.6,1822500,-1.0,-1.0,-1.0
2022/07/01,427.20000000000005,429.8,412.8,416.20000000000005,3440500,-1.0,-1.0,-1.0
2022/07/04,421.20000000000005,424.40000000000003,417.40000000000003,419.20000000000005,1307000,-1.0,-1.0,-1.0
2022/07/05,419.8,420.8,415.8,417.0,1845000,-1.0,-1.0,-1.0
2022/07/06,411.0,412.0,405.20000000000005,406.40000000000003,2383000,-1.0,-1.0,-1.0
2022/07/07,409.0,420.6,408.20000000000005,418.8,2440500,-1.0,-1.0,-1.0
2022/07/08,426.40000000000003,434.8,425.20000000000005,429.40000000000003,2789000,-1.0,-1.0,-1.0
2022/07/11,437.0,437.0,430.20000000000005,431.8,1342500,-1.0,-1.0,-1.0
2022/07/12,427.6,428.40000000000003,418.6,419.0,1744000,-1.0,-1.0,-1.0
2022/07/13,425.8,428.6,421.20000000000005,422.8,1825500,-1.0,-1.0,-1.0
2022/07/14,420.6,429.8,419.20000000000005,428.40000000000003,1537500,-1.0,-1.0,-1.0
2022/07/15,430.0,430.20000000000005,423.20000000000005,428.0,1167500,-1.0,-1.0,-1.0
2022/07/19,434.40000000000003,441.6,432.8,441.20000000000005,2484500,-1.0,-1.0,-1.0
2022/07/20,450.0,450.0,444.8,447.6,2507500,-1.0,-1.0,-1.0
2022/07/21,447.6,454.6,445.20000000000005,454.0,1921500,-1.0,-1.0,-1.0
2022/07/22,452.40000000000003,459.6,451.6,456.40000000000003,2025500,-1.0,-1.0,-1.0
2022/07/25,456.40000000000003,456.8,449.8,449.8,868500,-1.0,-1.0,-1.0
2022/07/26,451.6,454.20000000000005,450.40000000000003,452.0,1619000,-1.0,-1.0,-1.0
2022/07/27,449.40000000000003,450.20000000000005,443.6,449.0,1363000,-1.0,-1.0,-1.0
2022/07/28,431.0,434.0,422.40000000000003,423.6,5487500,-1.0,-1.0,-1.0
2022/07/29,421.0,422.0,409.0,418.20000000000005,6238500,-1.0,-1.0,-1.0
2022/08/01,439.20000000000005,446.0,436.40000000000003,444.40000000000003,5915500,-1.0,-1.0,-1.0
2022/08/02,435.20000000000005,435.20000000000005,424.8,431.40000000000003,3264500,-1.0,-1.0,-1.0
2022/08/03,429.20000000000005,432.8,424.6,432.0,2629000,-1.0,-1.0,-1.0
2022/08/04,439.40000000000003,441.0,430.8,437.0,1804500,-1.0,-1.0,-1.0
2022/08/05,434.8,447.0,434.8,445.40000000000003,2254500,-1.0,-1.0,-1.0
2022/08/08,444.0,451.20000000000005,442.0,450.6,1072000,-1.0,-1.0,-1.0
2022/08/09,450.6,453.6,444.6,446.0,1241500,-1.0,-1.0,-1.0
2022/08/10,443.40000000000003,454.8,443.40000000000003,453.6,1631500,-1.0,-1.0,-1.0
2022/08/12,458.6,465.8,457.8,464.40000000000003,2286000,-1.0,-1.0,-1.0
2022/08/15,467.0,467.8,463.6,467.0,1233000,-1.0,-1.0,-1.0
2022/08/16,464.8,466.40000000000003,461.6,465.20000000000005,1221000,-1.0,-1.0,-1.0
2022/08/17,471.40000000000003,476.20000000000005,469.40000000000003,473.40000000000003,1411500,-1.0,-1.0,-1.0
2022/08/18,472.20000000000005,474.8,470.0,473.20000000000005,903000,-1.0,-1.0,-1.0
2022/08/19,479.0,488.6,477.40000000000003,486.40000000000003,2905500,-1.0,-1.0,-1.0
2022/08/22,476.6,488.6,475.40000000000003,480.6,2071000,-1.0,-1.0,-1.0
2022/08/23,474.8,475.20000000000005,469.0,473.0,1435500,-1.0,-1.0,-1.0
2022/08/24,477.0,482.6,474.0,475.40000000000003,1622000,-1.0,-1.0,-1.0
2022/08/25,474.40000000000003,476.0,470.0,471.20000000000005,1090000,-1.0,-1.0,-1.0
2022/08/26,485.20000000000005,485.40000000000003,475.20000000000005,476.6,2222500,-1.0,-1.0,-1.0
2022/08/29,466.6,479.8,465.20000000000005,477.20000000000005,1448000,-1.0,-1.0,-1.0
2022/08/30,484.40000000000003,489.40000000000003,482.6,484.6,2547000,-1.0,-1.0,-1.0
2022/08/31,478.6,489.6,477.20000000000005,486.20000000000005,2258000,-1.0,-1.0,-1.0
2022/09/01,481.40000000000003,485.6,480.6,483.20000000000005,1780500,-1.0,-1.0,-1.0
2022/09/02,482.0,485.8,480.8,483.20000000000005,1408500,-1.0,-1.0,-1.0
2022/09/05,480.20000000000005,480.8,475.20000000000005,476.0,1647000,-1.0,-1.0,-1.0
2022/09/06,474.8,474.8,465.20000000000005,471.40000000000003,1226000,-1.0,-1.0,-1.0
2022/09/07,471.8,477.8,469.20000000000005,477.6,1124500,-1.0,-1.0,-1.0
2022/09/08,484.0,488.6,480.20000000000005,488.6,1144000,-1.0,-1.0,-1.0
2022/09/09,489.8,490.40000000000003,485.40000000000003,487.6,1425500,-1.0,-1.0,-1.0
2022/09/12,491.40000000000003,491.40000000000003,483.8,484.8,577500,-1.0,-1.0,-1.0
2022/09/13,483.8,483.8,475.20000000000005,479.0,1014500,-1.0,-1.0,-1.0
2022/09/14,470.0,471.40000000000003,467.0,467.20000000000005,1312000,-1.0,-1.0,-1.0
2022/09/15,465.6,471.0,463.8,469.6,1164000,-1.0,-1.0,-1.0
2022/09/16,469.6,471.0,464.0,469.0,1391500,-1.0,-1.0,-1.0
2022/09/20,474.20000000000005,483.0,474.20000000000005,480.0,1271000,-1.0,-1.0,-1.0
2022/09/21,473.8,475.8,467.0,467.20000000000005,1746000,-1.0,-1.0,-1.0
2022/09/22,466.8,470.40000000000003,464.20000000000005,469.6,1405500,-1.0,-1.0,-1.0
2022/09/26,453.8,455.20000000000005,441.6,444.8,3550000,-1.0,-1.0,-1.0
2022/09/27,451.8,461.40000000000003,449.0,452.0,2298500,-1.0,-1.0,-1.0
2022/09/28,445.8,455.8,445.8,453.8,1636000,-1.0,-1.0,-1.0
2022/09/29,456.20000000000005,457.0,445.20000000000005,453.8,1626500,-1.0,-1.0,-1.0
2022/09/30,450.6,451.20000000000005,432.40000000000003,437.0,2086000,-1.0,-1.0,-1.0
2022/10/03,440.0,454.6,439.8,454.6,1729500,-1.0,-1.0,-1.0
2022/10/04,465.20000000000005,471.0,463.8,466.8,1867000,-1.0,-1.0,-1.0
2022/10/05,476.0,477.40000000000003,469.8,470.40000000000003,1663500,-1.0,-1.0,-1.0
2022/10/06,469.20000000000005,474.6,469.0,470.20000000000005,1331500,-1.0,-1.0,-1.0
2022/10/07,462.20000000000005,472.40000000000003,458.6,466.6,2033500,-1.0,-1.0,-1.0
2022/10/11,457.40000000000003,466.0,450.20000000000005,460.8,2133000,-1.0,-1.0,-1.0
2022/10/12,460.20000000000005,463.8,450.40000000000003,451.40000000000003,2092500,-1.0,-1.0,-1.0
2022/10/13,451.20000000000005,457.6,448.40000000000003,456.0,1513000,-1.0,-1.0,-1.0
2022/10/14,466.0,467.20000000000005,453.8,462.6,1177000,-1.0,-1.0,-1.0
2022/10/17,455.8,459.8,455.40000000000003,457.20000000000005,1321000,-1.0,-1.0,-1.0
2022/10/18,465.0,465.20000000000005,456.6,462.40000000000003,1657500,-1.0,-1.0,-1.0
2022/10/19,463.0,469.40000000000003,462.0,464.6,855500,-1.0,-1.0,-1.0
2022/10/20,460.8,466.8,453.6,455.6,1780000,-1.0,-1.0,-1.0
2022/10/21,450.0,452.6,445.40000000000003,447.40000000000003,1893000,-1.0,-1.0,-1.0
2022/10/24,451.0,455.0,448.8,452.40000000000003,1673000,-1.0,-1.0,-1.0
2022/10/25,458.0,463.20000000000005,455.40000000000003,462.20000000000005,912000,-1.0,-1.0,-1.0
2022/10/26,464.6,466.6,459.6,459.6,1290500,-1.0,-1.0,-1.0
2022/10/27,456.40000000000003,457.20000000000005,452.0,454.0,2086500,-1.0,-1.0,-1.0
2022/10/28,447.6,463.40000000000003,443.0,454.8,7731500,-1.0,-1.0,-1.0
2022/10/31,463.8,478.6,463.20000000000005,475.20000000000005,3549500,-1.0,-1.0,-1.0
2022/11/01,476.6,478.8,467.40000000000003,475.40000000000003,1806000,-1.0,-1.0,-1.0
2022/11/02,475.40000000000003,488.20000000000005,474.0,488.20000000000005,2692000,-1.0,-1.0,-1.0
2022/11/04,482.40000000000003,485.6,467.8,473.8,1810500,-1.0,-1.0,-1.0
2022/11/07,479.8,479.8,469.8,472.8,1336000,-1.0,-1.0,-1.0
2022/11/08,472.8,475.20000000000005,467.8,472.20000000000005,1246500,-1.0,-1.0,-1.0
2022/11/09,468.8,475.20000000000005,463.20000000000005,464.6,2234000,-1.0,-1.0,-1.0
2022/11/10,461.6,469.20000000000005,457.0,465.8,1574500,-1.0,-1.0,-1.0
2022/11/11,469.6,473.0,464.0,470.20000000000005,1615500,-1.0,-1.0,-1.0
2022/11/14,474.0,474.0,452.20000000000005,453.40000000000003,2248000,-1.0,-1.0,-1.0
2022/11/15,454.0,459.40000000000003,452.0,458.0,1162000,-1.0,-1.0,-1.0
2022/11/16,455.8,458.0,451.20000000000005,454.20000000000005,1026000,-1.0,-1.0,-1.0
2022/11/17,456.20000000000005,463.20000000000005,455.0,458.8,1229500,-1.0,-1.0,-1.0
2022/11/18,464.6,471.0,464.0,466.20000000000005,1124000,-1.0,-1.0,-1.0
2022/11/21,468.0,469.20000000000005,465.6,467.0,937500,-1.0,-1.0,-1.0
2022/11/22,470.0,477.6,470.0,474.0,1520500,-1.0,-1.0,-1.0
2022/11/24,473.8,474.20000000000005,468.6,469.0,1395500,-1.0,-1.0,-1.0
2022/11/25,471.8,473.6,468.0,470.0,965500,-1.0,-1.0,-1.0
2022/11/28,470.20000000000005,472.20000000000005,467.40000000000003,468.8,1101000,-1.0,-1.0,-1.0
2022/11/29,467.0,468.0,460.20000000000005,461.8,1001500,-1.0,-1.0,-1.0
2022/11/30,459.0,460.6,454.8,456.40000000000003,2309000,-1.0,-1.0,-1.0
2022/12/01,457.20000000000005,458.0,448.40000000000003,449.6,1982000,-1.0,-1.0,-1.0
2022/12/02,444.20000000000005,444.6,434.0,441.8,2384000,-1.0,-1.0,-1.0
2022/12/05,439.8,442.20000000000005,430.0,432.0,2412500,-1.0,-1.0,-1.0
2022/12/06,430.0,439.0,430.0,434.40000000000003,1650500,-1.0,-1.0,-1.0
2022/12/07,432.0,436.40000000000003,429.0,429.20000000000005,1285500,-1.0,-1.0,-1.0
2022/12/08,422.8,427.40000000000003,420.40000000000003,426.6,1569500,-1.0,-1.0,-1.0
2022/12/09,421.6,430.0,421.6,425.20000000000005,1322000,-1.0,-1.0,-1.0
2022/12/12,421.6,423.40000000000003,420.40000000000003,422.0,1420000,-1.0,-1.0,-1.0
2022/12/13,429.0,431.8,424.6,424.6,967500,-1.0,-1.0,-1.0
2022/12/14,426.0,431.8,423.8,430.6,1155500,-1.0,-1.0,-1.0
2022/12/15,426.20000000000005,430.6,424.8,429.6,1259000,-1.0,-1.0,-1.0
2022/12/16,428.6,434.20000000000005,427.40000000000003,427.40000000000003,2027000,-1.0,-1.0,-1.0
2022/12/19,425.8,430.40000000000003,424.40000000000003,428.8,1573000,-1.0,-1.0,-1.0
2022/12/20,431.8,433.6,409.0,411.6,2332000,-1.0,-1.0,-1.0
2022/12/21,406.6,406.6,395.8,399.6,2126500,-1.0,-1.0,-1.0
2022/12/22,404.40000000000003,411.20000000000005,402.8,406.6,1889500,-1.0,-1.0,-1.0
2022/12/23,402.0,404.0,398.20000000000005,403.40000000000003,1117500,-1.0,-1.0,-1.0
2022/12/26,403.6,408.6,403.20000000000005,407.20000000000005,798500,-1.0,-1.0,-1.0
2022/12/27,413.20000000000005,415.20000000000005,408.6,409.20000000000005,1555000,-1.0,-1.0,-1.0
2022/12/28,411.0,412.6,405.20000000000005,408.20000000000005,1055500,-1.0,-1.0,-1.0
2022/12/29,408.6,413.0,406.40000000000003,411.20000000000005,1055500,-1.0,-1.0,-1.0
2022/12/30,411.20000000000005,414.40000000000003,410.20000000000005,410.6,736000,-1.0,-1.0,-1.0
2023/01/04,403.8,407.6,401.0,403.6,1162000,-1.0,-1.0,-1.0
2023/01/05,401.20000000000005,404.6,400.6,404.6,941000,-1.0,-1.0,-1.0
2023/01/06,399.8,409.20000000000005,399.8,405.8,1070000,-1.0,-1.0,-1.0
2023/01/10,407.0,408.20000000000005,402.6,405.8,1097000,-1.0,-1.0,-1.0
2023/01/11,407.0,409.6,405.8,409.0,805500,-1.0,-1.0,-1.0
2023/01/12,410.40000000000003,411.20000000000005,406.40000000000003,408.6,1017500,-1.0,-1.0,-1.0
2023/01/13,405.0,406.8,400.20000000000005,400.8,1003500,-1.0,-1.0,-1.0
2023/01/16,399.6,400.0,393.8,399.0,1104500,-1.0,-1.0,-1.0
2023/01/17,399.0,414.20000000000005,399.0,410.20000000000005,1526000,-1.0,-1.0,-1.0
2023/01/18,410.20000000000005,420.6,408.20000000000005,415.0,816500,-1.0,-1.0,-1.0
2023/01/19,410.0,412.0,406.20000000000005,410.0,1052500,-1.0,-1.0,-1.0
2023/01/20,409.0,409.0,404.0,408.0,1446000,-1.0,-1.0,-1.0
2023/01/23,414.8,418.0,412.6,415.0,1092000,-1.0,-1.0,-1.0
2023/01/24,416.6,420.0,415.40000000000003,419.20000000000005,1273000,-1.0,-1.0,-1.0
2023/01/25,418.6,419.8,416.0,419.0,922500,-1.0,-1.0,-1.0
2023/01/26,418.6,421.0,416.8,420.20000000000005,896000,-1.0,-1.0,-1.0
2023/01/27,420.40000000000003,421.8,417.0,421.8,1039500,-1.0,-1.0,-1.0
2023/01/30,421.8,424.6,419.20000000000005,421.8,996000,-1.0,-1.0,-1.0
2023/01/31,424.8,431.8,422.6,429.8,1536000,-1.0,-1.0,-1.0
2023/02/01,434.40000000000003,434.6,427.0,428.8,781500,-1.0,-1.0,-1.0
2023/02/02,430.20000000000005,431.0,424.6,426.0,580000,-1.0,-1.0,-1.0
2023/02/03,423.8,435.40000000000003,407.6,430.20000000000005,4270000,-1.0,-1.0,-1.0
2023/02/06,439.40000000000003,446.0,428.40000000000003,437.20000000000005,2390000,-1.0,-1.0,-1.0
2023/02/07,438.8,438.8,429.6,431.20000000000005,1184000,-1.0,-1.0,-1.0
2023/02/08,431.40000000000003,435.20000000000005,431.40000000000003,433.8,1403000,-1.0,-1.0,-1.0
2023/02/09,430.40000000000003,433.40000000000003,428.6,432.8,1834000,-1.0,-1.0,-1.0
2023/02/10,427.20000000000005,433.0,422.40000000000003,423.8,2054500,-1.0,-1.0,-1.0
2023/02/13,421.0,423.6,420.0,422.0,1715500,-1.0,-1.0,-1.0
2023/02/14,427.6,428.8,425.40000000000003,425.6,652500,-1.0,-1.0,-1.0
2023/02/15,429.8,431.8,427.6,429.0,842500,-1.0,-1.0,-1.0
2023/02/16,434.0,438.0,433.6,436.8,1026500,-1.0,-1.0,-1.0
2023/02/17,433.0,435.6,431.20000000000005,432.6,1294500,-1.0,-1.0,-1.0
2023/02/20,434.20000000000005,436.8,432.8,433.40000000000003,784000,-1.0,-1.0,-1.0
2023/02/21,433.0,435.20000000000005,430.8,435.0,1234500,-1.0,-1.0,-1.0
2023/02/22,433.6,435.40000000000003,429.8,430.40000000000003,1118500,-1.0,-1.0,-1.0
2023/02/24,432.6,438.40000000000003,430.8,436.40000000000003,1178000,-1.0,-1.0,-1.0
2023/02/27,439.8,441.8,438.0,440.8,1113500,-1.0,-1.0,-1.0
2023/02/28,444.40000000000003,449.0,443.40000000000003,443.6,1316500,-1.0,-1.0,-1.0
2023/03/01,443.0,456.0,443.0,452.6,2041000,-1.0,-1.0,-1.0
2023/03/02,454.20000000000005,460.6,454.20000000000005,457.0,2191500,-1.0,-1.0,-1.0
2023/03/03,458.8,459.6,454.20000000000005,457.40000000000003,1675000,-1.0,-1.0,-1.0
2023/03/06,458.6,461.0,456.20000000000005,459.6,1098500,-1.0,-1.0,-1.0
2023/03/07,458.0,459.0,454.0,456.6,1000000,-1.0,-1.0,-1.0
2023/03/08,454.6,461.0,454.20000000000005,460.0,872500,-1.0,-1.0,-1.0
2023/03/09,462.40000000000003,466.0,460.8,464.40000000000003,796000,-1.0,-1.0,-1.0
2023/03/10,455.0,465.6,454.8,462.40000000000003,1276000,-1.0,-1.0,-1.0
2023/03/13,456.20000000000005,456.20000000000005,442.0,445.6,1096000,-1.0,-1.0,-1.0
2023/03/14,435.6,435.6,419.20000000000005,426.0,1629000,-1.0,-1.0,-1.0
2023/03/15,432.8,433.20000000000005,425.20000000000005,429.6,1090000,-1.0,-1.0,-1.0
2023/03/16,413.6,421.8,411.0,421.0,1116500,-1.0,-1.0,-1.0
2023/03/17,426.6,429.40000000000003,419.20000000000005,423.0,1896500,-1.0,-1.0,-1.0
2023/03/20,415.0,421.20000000000005,414.0,419.6,1050500,-1.0,-1.0,-1.0
2023/03/22,429.6,430.8,423.20000000000005,425.0,1544500,-1.0,-1.0,-1.0
2023/03/23,420.6,432.8,420.40000000000003,431.6,1248500,-1.0,-1.0,-1.0
2023/03/24,429.20000000000005,434.8,429.20000000000005,431.6,1205000,-1.0,-1.0,-1.0
2023/03/27,436.6,436.6,428.40000000000003,434.8,1281000,-1.0,-1.0,-1.0
2023/03/28,442.8,452.6,441.6,446.40000000000003,2303000,-1.0,-1.0,-1.0
2023/03/29,445.40000000000003,452.0,445.40000000000003,452.0,1849000,-1.0,-1.0,-1.0
2023/03/30,450.0,450.0,443.20000000000005,446.6,1074500,-1.0,-1.0,-1.0
2023/03/31,451.40000000000003,458.40000000000003,450.6,456.0,1488500,-1.0,-1.0,-1.0
2023/04/03,459.6,462.0,454.8,459.40000000000003,860000,-1.0,-1.0,-1.0
2023/04/04,459.40000000000003,463.0,458.40000000000003,460.20000000000005,959500,-1.0,-1.0,-1.0
2023/04/05,455.40000000000003,455.40000000000003,448.6,450.0,1072000,-1.0,-1.0,-1.0
2023/04/06,440.0,442.0,431.20000000000005,435.6,1257000,-1.0,-1.0,-1.0
2023/04/07,434.0,439.8,433.40000000000003,437.8,728500,-1.0,-1.0,-1.0
2023/04/10,442.20000000000005,442.6,435.20000000000005,438.6,820000,-1.0,-1.0,-1.0
2023/04/11,443.8,443.8,439.20000000000005,443.0,1096500,-1.0,-1.0,-1.0
2023/04/12,445.8,447.20000000000005,442.0,443.8,923500,-1.0,-1.0,-1.0
2023/04/13,441.8,442.0,436.8,441.6,977500,-1.0,-1.0,-1.0
2023/04/14,441.6,441.6,437.6,439.6,1076000,-1.0,-1.0,-1.0
2023/04/17,440.20000000000005,445.8,439.8,445.8,1087500,-1.0,-1.0,-1.0
2023/04/18,443.8,444.6,440.0,442.40000000000003,1461500,-1.0,-1.0,-1.0
2023/04/19,443.40000000000003,443.40000000000003,437.0,440.40000000000003,1294500,-1.0,-1.0,-1.0
2023/04/20,435.8,441.8,435.6,439.6,1429500,-1.0,-1.0,-1.0
2023/04/21,437.40000000000003,440.0,436.40000000000003,438.0,1277500,-1.0,-1.0,-1.0
2023/04/24,437.40000000000003,443.20000000000005,437.0,442.40000000000003,927500,-1.0,-1.0,-1.0
2023/04/25,444.0,447.6,441.8,442.8,1089000,-1.0,-1.0,-1.0
2023/04/26,440.0,443.6,437.6,439.40000000000003,1344000,-1.0,-1.0,-1.0
2023/04/27,446.6,461.8,440.20000000000005,451.40000000000003,7836500,-1.0,-1.0,-1.0
2023/04/28,460.20000000000005,469.20000000000005,459.40000000000003,463.0,4515500,-1.0,-1.0,-1.0
2023/05/01,460.40000000000003,468.20000000000005,460.0,461.0,2133000,-1.0,-1.0,-1.0
2023/05/02,463.0,464.0,458.8,462.20000000000005,1833000,-1.0,-1.0,-1.0
2023/05/08,457.0,457.8,452.8,454.8,1474500,-1.0,-1.0,-1.0
2023/05/09,457.40000000000003,463.0,455.0,462.0,2015500,-1.0,-1.0,-1.0
2023/05/10,463.20000000000005,468.0,456.8,467.0,2005500,-1.0,-1.0,-1.0
2023/05/11,463.0,468.0,459.20000000000005,465.40000000000003,1928000,-1.0,-1.0,-1.0
2023/05/12,467.8,475.6,466.6,470.40000000000003,1889000,-1.0,-1.0,-1.0
2023/05/15,471.8,473.40000000000003,466.40000000000003,469.0,1233500,-1.0,-1.0,-1.0
2023/05/16,471.6,473.8,467.0,469.8,1398500,-1.0,-1.0,-1.0
2023/05/17,470.40000000000003,475.40000000000003,469.40000000000003,470.20000000000005,1593500,-1.0,-1.0,-1.0
2023/05/18,474.0,478.8,472.0,477.8,1481500,-1.0,-1.0,-1.0
2023/05/19,475.8,476.6,461.8,464.20000000000005,3389000,-1.0,-1.0,-1.0
2023/05/22,462.40000000000003,474.20000000000005,459.0,474.20000000000005,2197000,-1.0,-1.0,-1.0
2023/05/23,476.0,476.8,468.20000000000005,469.6,1140000,-1.0,-1.0,-1.0
2023/05/24,470.20000000000005,470.6,465.0,467.20000000000005,1268500,-1.0,-1.0,-1.0
2023/05/25,464.0,467.40000000000003,463.0,465.0,1523500,-1.0,-1.0,-1.0
2023/05/26,465.0,470.8,462.40000000000003,465.20000000000005,2425500,-1.0,-1.0,-1.0
2023/05/29,473.0,475.8,465.0,465.20000000000005,1320000,-1.0,-1.0,-1.0
2023/05/30,466.40000000000003,469.8,462.40000000000003,467.20000000000005,1869000,-1.0,-1.0,-1.0
2023/05/31,461.0,465.40000000000003,457.20000000000005,459.20000000000005,2478000,-1.0,-1.0,-1.0
2023/06/01,455.40000000000003,458.0,447.0,447.8,2240500,-1.0,-1.0,-1.0
2023/06/02,447.0,456.20000000000005,443.0,456.20000000000005,2159500,-1.0,-1.0,-1.0
2023/06/05,466.0,471.3,465.5,469.40000000000003,1284500,-1.0,-1.0,-1.0
2023/06/06,463.8,468.8,459.20000000000005,465.90000000000003,1602000,-1.0,-1.0,-1.0
2023/06/07,471.3,479.1,469.0,469.6,2083000,-1.0,-1.0,-1.0
2023/06/08,475.90000000000003,476.70000000000005,464.8,469.20000000000005,1303000,-1.0,-1.0,-1.0
2023/06/09,473.90000000000003,476.6,471.6,474.40000000000003,1828000,-1.0,-1.0,-1.0
2023/06/12,476.8,484.0,476.3,483.1,1463500,-1.0,-1.0,-1.0
2023/06/13,491.0,508.70000000000005,491.0,506.0,2581500,-1.0,-1.0,-1.0
2023/06/14,512.4,518.6,511.3,515.6,2741500,-1.0,-1.0,-1.0
2023/06/15,516.6,520.7,510.1,516.8000000000001,1924500,-1.0,-1.0,-1.0
2023/06/16,514.4,515.1,507.40000000000003,509.0,3502500,-1.0,-1.0,-1.0
2023/06/19,513.8000000000001,513.8000000000001,500.6,501.90000000000003,1500500,-1.0,-1.0,-1.0
2023/06/20,498.70000000000005,501.5,494.6,498.0,1975500,-1.0,-1.0,-1.0
2023/06/21,500.0,513.5,498.5,512.3000000000001,2404500,-1.0,-1.0,-1.0
2023/06/22,511.20000000000005,514.9,509.20000000000005,510.90000000000003,1431000,-1.0,-1.0,-1.0
2023/06/23,510.8,513.0,500.40000000000003,504.90000000000003,1228500,-1.0,-1.0,-1.0
2023/06/26,504.90000000000003,514.8000000000001,502.1,510.8,1399000,-1.0,-1.0,-1.0
2023/06/27,515.1,518.6,510.90000000000003,516.5,2900500,-1.0,-1.0,-1.0
2023/06/28,524.0,540.3000000000001,524.0,538.5,2955500,-1.0,-1.0,-1.0
2023/06/29,545.0,548.6,538.4,542.3000000000001,2289000,-1.0,-1.0,-1.0
2023/06/30,547.0,549.9,540.9,544.4,2899000,-1.0,-1.0,-1.0
2023/07/03,553.7,560.9,551.9,555.6,3342500,-1.0,-1.0,-1.0
2023/07/04,559.8000000000001,569.8000000000001,557.4,562.7,3393500,-1.0,-1.0,-1.0
2023/07/05,558.7,562.7,552.0,562.7,2905000,-1.0,-1.0,-1.0
2023/07/06,563.1,566.0,557.4,560.3000000000001,1826000,-1.0,-1.0,-1.0
2023/07/07,555.4,558.9,542.3000000000001,551.2,2087000,-1.0,-1.0,-1.0
2023/07/10,569.4,569.4,552.5,553.8000000000001,3481000,-1.0,-1.0,-1.0
2023/07/11,558.5,559.0,538.6,540.4,2166500,-1.0,-1.0,-1.0
2023/07/12,543.4,544.2,531.3000000000001,533.6,1502500,-1.0,-1.0,-1.0
2023/07/13,533.6,539.6,530.5,535.6,1231500,-1.0,-1.0,-1.0
2023/07/14,530.2,533.1,522.9,530.6,1762000,-1.0,-1.0,-1.0
2023/07/18,528.6,538.8000000000001,524.3000000000001,538.8000000000001,1648000,-1.0,-1.0,-1.0
2023/07/19,545.2,549.4,537.6,549.1,1555500,-1.0,-1.0,-1.0
2023/07/20,546.6,556.1,546.1,547.4,1178500,-1.0,-1.0,-1.0
2023/07/21,547.4,553.4,545.9,551.2,1446500,-1.0,-1.0,-1.0
2023/07/24,557.9,562.3000000000001,553.0,560.7,1416000,-1.0,-1.0,-1.0
2023/07/25,564.7,572.8000000000001,563.1,571.0,2470000,-1.0,-1.0,-1.0
2023/07/26,566.4,566.4,556.3000000000001,561.5,1233500,-1.0,-1.0,-1.0
2023/07/27,562.7,562.7,556.5,561.4,2082000,-1.0,-1.0,-1.0
2023/07/28,552.5,568.0,536.3000000000001,566.5,5187500,-1.0,-1.0,-1.0
2023/07/31,598.0,616.4000000000001,591.4,605.6,6139500,-1.0,-1.0,-1.0
2023/08/01,603.6,615.0,600.4,613.6,2220500,-1.0,-1.0,-1.0
2023/08/02,609.4,624.4000000000001,605.0,610.0,3100000,-1.0,-1.0,-1.0
2023/08/03,599.1,605.2,594.0,595.7,2968500,-1.0,-1.0,-1.0
2023/08/04,593.9,609.4,592.1,602.0,3183000,-1.0,-1.0,-1.0
2023/08/07,604.6,623.8000000000001,604.6,621.8000000000001,4218500,-1.0,-1.0,-1.0
2023/08/08,621.8000000000001,627.8000000000001,617.2,621.6,2108000,-1.0,-1.0,-1.0
2023/08/09,620.0,623.0,609.6,610.8000000000001,3168500,-1.0,-1.0,-1.0
2023/08/10,598.6,614.0,596.2,614.0,2909500,-1.0,-1.0,-1.0
2023/08/14,616.8000000000001,623.2,612.4,617.6,1446500,-1.0,-1.0,-1.0
2023/08/15,615.4000000000001,620.0,609.2,616.4000000000001,1523000,-1.0,-1.0,-1.0
2023/08/16,609.4,614.0,608.0,609.8000000000001,809000,-1.0,-1.0,-1.0
2023/08/17,605.8000000000001,608.6,597.7,607.2,1399500,-1.0,-1.0,-1.0
2023/08/18,601.6,606.0,596.3000000000001,599.7,1341000,-1.0,-1.0,-1.0
2023/08/21,601.2,601.2,593.5,594.1,2022500,-1.0,-1.0,-1.0
2023/08/22,596.0,599.0,591.4,598.7,2420500,-1.0,-1.0,-1.0
2023/08/23,591.6,604.8000000000001,588.8000000000001,604.8000000000001,1580500,-1.0,-1.0,-1.0
2023/08/24,604.0,604.6,598.3000000000001,602.4,1144000,-1.0,-1.0,-1.0
2023/08/25,592.7,600.6,591.5,598.4,1363000,-1.0,-1.0,-1.0
2023/08/28,602.0,608.8000000000001,599.6,608.8000000000001,1733500,-1.0,-1.0,-1.0
2023/08/29,612.4,612.4,598.0,599.4,1712000,-1.0,-1.0,-1.0
2023/08/30,597.5,604.0,592.3000000000001,602.6,1940000,-1.0,-1.0,-1.0
2023/08/31,609.6,633.2,607.6,629.8000000000001,3740500,-1.0,-1.0,-1.0
2023/09/01,629.6,634.2,624.4000000000001,632.8000000000001,2220500,-1.0,-1.0,-1.0
2023/09/04,636.0,653.2,635.6,653.2,2378500,-1.0,-1.0,-1.0
2023/09/05,653.2,662.0,651.2,658.0,2163000,-1.0,-1.0,-1.0
2023/09/06,654.0,666.4000000000001,653.6,662.0,1867500,-1.0,-1.0,-1.0
2023/09/07,657.4000000000001,664.0,653.8000000000001,655.0,2422000,-1.0,-1.0,-1.0
2023/09/08,645.6,653.6,641.0,642.6,1975500,-1.0,-1.0,-1.0
2023/09/11,642.6,645.0,635.0,639.6,2768500,-1.0,-1.0,-1.0
2023/09/12,640.0,653.4000000000001,640.0,652.2,3737500,-1.0,-1.0,-1.0
2023/09/13,653.8000000000001,659.8000000000001,647.6,651.0,1854000,-1.0,-1.0,-1.0
2023/09/14,653.4000000000001,661.8000000000001,648.4000000000001,659.0,1705500,-1.0,-1.0,-1.0
2023/09/15,663.8000000000001,672.6,662.0,665.2,2713000,-1.0,-1.0,-1.0
2023/09/19,669.4000000000001,695.8000000000001,665.6,695.0,3441000,-1.0,-1.0,-1.0
2023/09/20,704.8000000000001,713.4000000000001,693.0,693.0,4059500,-1.0,-1.0,-1.0
2023/09/21,696.2,705.0,678.8000000000001,682.0,1939000,-1.0,-1.0,-1.0
2023/09/22,668.0,674.6,661.6,670.2,2220500,-1.0,-1.0,-1.0
2023/09/25,680.0,683.6,674.8000000000001,677.2,1405500,-1.0,-1.0,-1.0
2023/09/26,670.6,678.6,668.2,673.8000000000001,1727500,-1.0,-1.0,-1.0
2023/09/27,668.4000000000001,676.8000000000001,662.8000000000001,675.2,1760500,-1.0,-1.0,-1.0
2023/09/28,671.8000000000001,674.0,658.2,665.4000000000001,2018000,-1.0,-1.0,-1.0
2023/09/29,665.4000000000001,667.0,638.0,642.4000000000001,2203000,-1.0,-1.0,-1.0
2023/10/02,644.6,650.4000000000001,637.6,639.0,1603000,-1.0,-1.0,-1.0
2023/10/03,639.0,639.8000000000001,617.0,618.8000000000001,1781500,-1.0,-1.0,-1.0
2023/10/04,601.0,602.6,582.0,583.2,2773500,-1.0,-1.0,-1.0
2023/10/05,589.4,593.6,579.9,590.7,1791000,-1.0,-1.0,-1.0
2023/10/06,599.6,599.6,588.8000000000001,591.0,2216500,-1.0,-1.0,-1.0
2023/10/10,605.0,617.0,604.4,616.2,2655500,-1.0,-1.0,-1.0
2023/10/11,617.8000000000001,623.0,613.0,615.6,1982500,-1.0,-1.0,-1.0
2023/10/12,626.0,634.4000000000001,624.0,633.8000000000001,1581500,-1.0,-1.0,-1.0
2023/10/13,623.4000000000001,629.0,618.4000000000001,620.0,1130000,-1.0,-1.0,-1.0
2023/10/16,611.4,620.8000000000001,608.0,616.2,1283500,-1.0,-1.0,-1.0
2023/10/17,620.0,624.4000000000001,604.4,613.4,1693000,-1.0,-1.0,-1.0
2023/10/18,613.8000000000001,615.8000000000001,602.6,609.8000000000001,1319500,-1.0,-1.0,-1.0
2023/10/19,596.2,602.0,592.0,596.2,1550000,-1.0,-1.0,-1.0
2023/10/20,591.1,593.4,580.5,590.6,1929500,-1.0,-1.0,-1.0
2023/10/23,590.6,596.5,587.9,591.8000000000001,1366500,-1.0,-1.0,-1.0
2023/10/24,592.0,594.8000000000001,576.0,592.5,1939000,-1.0,-1.0,-1.0
2023/10/25,594.0,602.6,589.8000000000001,592.4,2111500,-1.0,-1.0,-1.0
2023/10/26,585.8000000000001,593.0,582.7,588.7,2116000,-1.0,-1.0,-1.0
2023/10/27,594.4,609.0,592.2,606.6,2405500,-1.0,-1.0,-1.0
2023/10/30,602.0,602.0,580.5,590.1,2978500,-1.0,-1.0,-1.0
2023/10/31,594.8000000000001,609.8000000000001,574.9,593.0,8555000,-1.0,-1.0,-1.0
2023/11/01,616.0,643.6,616.0,638.4000000000001,6712000,-1.0,-1.0,-1.0
2023/11/02,650.0,656.6,640.4000000000001,648.0,5535500,-1.0,-1.0,-1.0
2023/11/06,660.0,666.8000000000001,653.8000000000001,663.2,2955000,-1.0,-1.0,-1.0
2023/11/07,665.0,666.8000000000001,657.8000000000001,660.0,1681500,-1.0,-1.0,-1.0
2023/11/08,654.0,665.0,626.4000000000001,629.4000000000001,2707500,-1.0,-1.0,-1.0
2023/11/09,614.2,635.2,612.8000000000001,633.0,2967000,-1.0,-1.0,-1.0
2023/11/10,622.2,627.6,618.0,627.6,1962500,-1.0,-1.0,-1.0
2023/11/13,627.8000000000001,630.6,612.0,618.8000000000001,1843500,-1.0,-1.0,-1.0
2023/11/14,616.0,627.4000000000001,616.0,623.8000000000001,1951000,-1.0,-1.0,-1.0
2023/11/15,628.2,629.8000000000001,617.8000000000001,620.4000000000001,2182000,-1.0,-1.0,-1.0
2023/11/16,617.4000000000001,626.4000000000001,612.6,616.6,1901000,-1.0,-1.0,-1.0
2023/11/17,610.8000000000001,619.2,605.2,619.2,1955000,-1.0,-1.0,-1.0
2023/11/20,617.2,627.2,597.7,597.7,2529500,-1.0,-1.0,-1.0
2023/11/21,592.0,592.1,576.7,583.3000000000001,3819000,-1.0,-1.0,-1.0
2023/11/22,576.6,591.0,574.2,585.5,3119500,-1.0,-1.0,-1.0
2023/11/24,595.5,605.0,591.0,604.8000000000001,2477500,-1.0,-1.0,-1.0
2023/11/27,614.6,616.8000000000001,600.6,609.8000000000001,2634500,-1.0,-1.0,-1.0
2023/11/28,605.4,610.8000000000001,599.7,607.4,2767500,-1.0,-1.0,-1.0
2023/11/29,599.8000000000001,600.4,588.0,588.7,3336500,-1.0,-1.0,-1.0
2023/11/30,584.7,591.6,580.3000000000001,591.6,3703500,-1.0,-1.0,-1.0
2023/12/01,595.7,596.4,587.2,587.8000000000001,2719000,-1.0,-1.0,-1.0
2023/12/04,581.6,581.6,569.1,574.3000000000001,2912500,-1.0,-1.0,-1.0
2023/12/05,577.8000000000001,581.4,569.3000000000001,572.8000000000001,2731000,-1.0,-1.0,-1.0
2023/12/06,581.1,592.3000000000001,575.4,591.6,2985500,-1.0,-1.0,-1.0
2023/12/07,585.6,590.4,568.3000000000001,570.3000000000001,3490000,-1.0,-1.0,-1.0
2023/12/08,556.3000000000001,556.8000000000001,534.8000000000001,539.4,5164000,-1.0,-1.0,-1.0
2023/12/11,544.0,547.4,540.8000000000001,544.2,3093000,-1.0,-1.0,-1.0
2023/12/12,552.0,553.8000000000001,539.5,542.3000000000001,2176500,-1.0,-1.0,-1.0
2023/12/13,542.5,545.0,531.5,534.1,2878000,-1.0,-1.0,-1.0
2023/12/14,527.2,527.2,510.40000000000003,513.5,4332500,-1.0,-1.0,-1.0
2023/12/15,516.1,520.5,513.0,519.4,2948000,-1.0,-1.0,-1.0
2023/12/18,514.9,524.1,511.5,523.6,2304500,-1.0,-1.0,-1.0
2023/12/19,521.4,529.8000000000001,517.9,526.9,2236000,-1.0,-1.0,-1.0
2023/12/20,535.6,537.6,531.4,532.6,2227000,-1.0,-1.0,-1.0
2023/12/21,524.3000000000001,526.9,515.3000000000001,517.6,3425000,-1.0,-1.0,-1.0
2023/12/22,514.8000000000001,520.6,511.0,519.4,2559500,-1.0,-1.0,-1.0
2023/12/25,523.7,525.3000000000001,520.5,522.9,1023500,-1.0,-1.0,-1.0
2023/12/26,524.0,525.6,516.6,520.9,1516000,-1.0,-1.0,-1.0
2023/12/27,524.4,530.2,523.1,528.0,1837500,-1.0,-1.0,-1.0
2023/12/28,522.1,527.4,520.5,527.1,870000,-1.0,-1.0,-1.0
2023/12/29,527.4,531.9,524.6,529.1,910500,-1.0,-1.0,-1.0
2024/01/04,534.6,545.9,524.2,543.6,1800000,-1.0,-1.0,-1.0
2024/01/05,549.0,549.9,543.6,545.8000000000001,1817500,-1.0,-1.0,-1.0
2024/01/09,553.3000000000001,555.5,543.5,546.7,1628000,-1.0,-1.0,-1.0
2024/01/10,549.2,556.1,546.9,555.6,1571000,-1.0,-1.0,-1.0
2024/01/11,562.0,568.8000000000001,560.2,562.0,2587500,-1.0,-1.0,-1.0
2024/01/12,568.8000000000001,571.8000000000001,556.2,559.5,2515000,-1.0,-1.0,-1.0
2024/01/15,558.1,561.7,554.7,555.6,1750500,-1.0,-1.0,-1.0
2024/01/16,549.7,554.9,547.1,552.2,1984000,-1.0,-1.0,-1.0
2024/01/17,556.0,562.7,551.0,551.0,2621500,-1.0,-1.0,-1.0
2024/01/18,552.4,569.0,552.1,562.1,2110000,-1.0,-1.0,-1.0
2024/01/19,572.1,573.3000000000001,559.1,564.0,2446000,-1.0,-1.0,-1.0
2024/01/22,569.7,573.6,564.7,573.2,1706000,-1.0,-1.0,-1.0
2024/01/23,572.0,576.1,566.3000000000001,569.3000000000001,1707500,-1.0,-1.0,-1.0
2024/01/24,566.5,568.8000000000001,563.1,566.9,1427500,-1.0,-1.0,-1.0
2024/01/25,563.9,568.5,560.4,568.0,1399000,-1.0,-1.0,-1.0
2024/01/26,567.0,569.6,562.4,563.5,1396000,-1.0,-1.0,-1.0
2024/01/29,570.6,574.7,570.2,573.8000000000001,1406000,-1.0,-1.0,-1.0
2024/01/30,566.8000000000001,571.7,563.0,571.0,1921500,-1.0,-1.0,-1.0
2024/01/31,568.9,575.1,567.9,575.1,1449000,-1.0,-1.0,-1.0
2024/02/01,570.5,579.1,569.1,576.2,2637500,-1.0,-1.0,-1.0
2024/02/02,584.4,603.8000000000001,574.8000000000001,596.1,12635500,-1.0,-1.0,-1.0
2024/02/05,603.2,603.4,560.5,575.2,20898500,-1.0,-1.0,-1.0
2024/02/06,585.2,589.4,567.4,576.8000000000001,8141000,-1.0,-1.0,-1.0
2024/02/07,577.9,605.8000000000001,577.7,590.6,7274000,-1.0,-1.0,-1.0
2024/02/08,591.6,598.8000000000001,584.8000000000001,587.9,3662500,-1.0,-1.0,-1.0
2024/02/09,586.8000000000001,593.1,583.5,585.6,2499500,-1.0,-1.0,-1.0
2024/02/13,590.0,607.8000000000001,589.3000000000001,607.8000000000001,2886500,-1.0,-1.0,-1.0
2024/02/14,601.2,601.8000000000001,587.8000000000001,593.2,3732000,-1.0,-1.0,-1.0
2024/02/15,598.0,600.8000000000001,584.1,588.8000000000001,3897500,-1.0,-1.0,-1.0
2024/02/16,591.7,596.1,584.3000000000001,594.6,3916000,-1.0,-1.0,-1.0
2024/02/19,591.0,591.0,581.0,586.4,2572000,-1.0,-1.0,-1.0
2024/02/20,588.2,602.4,587.6,591.3000000000001,1809000,-1.0,-1.0,-1.0
2024/02/21,590.2,598.9,587.4,598.7,2284000,-1.0,-1.0,-1.0
2024/02/22,601.6,606.0,593.8000000000001,599.4,1967500,-1.0,-1.0,-1.0
2024/02/26,596.0,603.2,591.1,599.7,3180000,-1.0,-1.0,-1.0
2024/02/27,603.6,611.4,596.5,602.4,2576000,-1.0,-1.0,-1.0
2024/02/28,604.2,610.0,601.8000000000001,604.2,1549000,-1.0,-1.0,-1.0
2024/02/29,613.6,620.4000000000001,608.2,616.2,2979000,-1.0,-1.0,-1.0
2024/03/01,615.2,620.4000000000001,612.2,615.6,2067500,-1.0,-1.0,-1.0
2024/03/04,620.4000000000001,620.8000000000001,611.8000000000001,614.0,2219000,-1.0,-1.0,-1.0
2024/03/05,609.2,618.2,606.8000000000001,617.0,2768500,-1.0,-1.0,-1.0
2024/03/06,621.2,645.8000000000001,620.2,642.2,4483500,-1.0,-1.0,-1.0
2024/03/07,653.4000000000001,657.8000000000001,625.0,625.0,3373500,-1.0,-1.0,-1.0
2024/03/08,621.2,627.6,612.4,621.8000000000001,2526000,-1.0,-1.0,-1.0
2024/03/11,608.0,610.0,588.0,598.3000000000001,2139500,-1.0,-1.0,-1.0
2024/03/12,590.8000000000001,601.2,582.9,601.2,1966500,-1.0,-1.0,-1.0
2024/03/13,605.4,607.6,587.3000000000001,593.9,1955000,-1.0,-1.0,-1.0
2024/03/14,596.0,609.6,595.9,606.4,2438000,-1.0,-1.0,-1.0
2024/03/15,617.0,617.0,604.8000000000001,613.6,3982000,-1.0,-1.0,-1.0
2024/03/18,628.2,643.2,625.2,641.4000000000001,3333000,-1.0,-1.0,-1.0
2024/03/19,642.0,657.0,637.4000000000001,657.0,2194000,-1.0,-1.0,-1.0
2024/03/21,664.0,667.4000000000001,654.0,661.6,2309000,-1.0,-1.0,-1.0
2024/03/22,667.0,682.0,662.6,680.2,2792500,-1.0,-1.0,-1.0
2024/03/25,672.0,684.6,670.6,673.6,1691500,-1.0,-1.0,-1.0
2024/03/26,670.4000000000001,675.6,667.4000000000001,671.6,1201500,-1.0,-1.0,-1.0
2024/03/27,674.0,680.8000000000001,671.6,673.8000000000001,1557500,-1.0,-1.0,-1.0
2024/03/28,665.0,674.4000000000001,663.0,664.0,1168000,-1.0,-1.0,-1.0
2024/03/29,654.0,659.2,645.8000000000001,649.0,3099000,-1.0,-1.0,-1.0
2024/04/01,649.0,650.8000000000001,617.4000000000001,622.8000000000001,2535500,-1.0,-1.0,-1.0
2024/04/02,623.6,624.2,609.4,615.0,2029000,-1.0,-1.0,-1.0
2024/04/03,616.4000000000001,638.2,612.2,623.6,2971000,-1.0,-1.0,-1.0
2024/04/04,627.4000000000001,630.0,620.2,625.6,2184000,-1.0,-1.0,-1.0
2024/04/05,618.0,636.6,612.8000000000001,632.6,2231000,-1.0,-1.0,-1.0
2024/04/08,632.6,641.0,630.2,641.0,1522000,-1.0,-1.0,-1.0
2024/04/09,651.8000000000001,653.0,642.2,648.8000000000001,1409000,-1.0,-1.0,-1.0
2024/04/10,650.0,655.0,644.0,646.8000000000001,1507000,-1.0,-1.0,-1.0
2024/04/11,641.2,655.2,640.6,652.8000000000001,2245000,-1.0,-1.0,-1.0
2024/04/12,659.8000000000001,665.2,657.0,660.6,2017500,-1.0,-1.0,-1.0
2024/04/15,650.8000000000001,658.4000000000001,644.2,657.2,1145000,-1.0,-1.0,-1.0
2024/04/16,650.2,658.0,637.4000000000001,643.8000000000001,2210500,-1.0,-1.0,-1.0
2024/04/17,648.0,655.2,636.4000000000001,638.0,2687500,-1.0,-1.0,-1.0
2024/04/18,640.4000000000001,656.8000000000001,639.4000000000001,651.0,1686000,-1.0,-1.0,-1.0
2024/04/19,653.8000000000001,655.0,624.0,634.8000000000001,1954000,-1.0,-1.0,-1.0
2024/04/22,641.2,648.8000000000001,636.2,643.4000000000001,1738000,-1.0,-1.0,-1.0
2024/04/23,643.4000000000001,647.0,632.0,635.0,1176500,-1.0,-1.0,-1.0
2024/04/24,634.8000000000001,648.4000000000001,631.0,646.6,1795000,-1.0,-1.0,-1.0
2024/04/25,646.6,650.0,615.6,625.2,3285000,-1.0,-1.0,-1.0
2024/04/26,616.0,619.2,582.8000000000001,603.2,8819000,-1.0,-1.0,-1.0
2024/04/30,615.0,618.6,598.7,610.8000000000001,5528500,-1.0,-1.0,-1.0
2024/05/01,608.0,612.6,597.6,610.2,2658000,-1.0,-1.0,-1.0
2024/05/02,608.8000000000001,611.8000000000001,602.4,606.4,2005500,-1.0,-1.0,-1.0
2024/05/07,610.0,618.6,603.2,616.2,2407000,-1.0,-1.0,-1.0
2024/05/08,618.8000000000001,622.4000000000001,613.6,615.0,2033500,-1.0,-1.0,-1.0
2024/05/09,622.8000000000001,639.2,613.6,628.2,1927500,-1.0,-1.0,-1.0
2024/05/10,629.6,636.4000000000001,617.2,622.4000000000001,2416000,-1.0,-1.0,-1.0
2024/05/13,620.0,631.6,614.6,618.4000000000001,2102000,-1.0,-1.0,-1.0
2024/05/14,618.2,619.2,604.6,605.4,1880000,-1.0,-1.0,-1.0
2024/05/15,607.6,617.6,605.4,608.0,1842500,-1.0,-1.0,-1.0
2024/05/16,608.6,609.4,596.6,606.2,1396000,-1.0,-1.0,-1.0
2024/05/17,603.0,611.8000000000001,601.4,608.8000000000001,1265500,-1.0,-1.0,-1.0
2024/05/20,610.8000000000001,621.4000000000001,610.8000000000001,615.8000000000001,1142500,-1.0,-1.0,-1.0
2024/05/21,615.0,620.8000000000001,608.2,610.4,1197000,-1.0,-1.0,-1.0
2024/05/22,606.4,609.0,602.2,604.0,1133000,-1.0,-1.0,-1.0
2024/05/23,600.2,605.6,597.0,601.6,1221500,-1.0,-1.0,-1.0
2024/05/24,597.8000000000001,602.6,595.6,602.2,1169000,-1.0,-1.0,-1.0
2024/05/27,606.4,607.6,598.0,600.6,1294000,-1.0,-1.0,-1.0
2024/05/28,600.0,610.0,598.1,610.0,1128000,-1.0,-1.0,-1.0
2024/05/29,608.0,613.6,598.4,598.4,1584500,-1.0,-1.0,-1.0
2024/05/30,591.7,598.1,585.4,595.1,1160000,-1.0,-1.0,-1.0
2024/05/31,599.6,609.0,596.0,609.0,1872000,-1.0,-1.0,-1.0
2024/06/03,614.8000000000001,619.8000000000001,606.6,609.6,1455000,-1.0,-1.0,-1.0
2024/06/04,597.6,602.6,590.1,595.4,2643000,-1.0,-1.0,-1.0
2024/06/05,582.8000000000001,584.8000000000001,575.6,576.4,2087500,-1.0,-1.0,-1.0
2024/06/06,576.3000000000001,579.5,570.4,575.7,2350000,-1.0,-1.0,-1.0
2024/06/07,575.2,576.3000000000001,571.2,576.3000000000001,2176500,-1.0,-1.0,-1.0
2024/06/10,576.4,583.2,575.3000000000001,582.9,1808000,-1.0,-1.0,-1.0
2024/06/11,585.6,585.6,571.2,571.6,2438000,-1.0,-1.0,-1.0
2024/06/12,565.6,574.0,562.3000000000001,570.2,1953000,-1.0,-1.0,-1.0
2024/06/13,569.9,572.8000000000001,558.3000000000001,558.8000000000001,1422000,-1.0,-1.0,-1.0
2024/06/14,549.0,557.8000000000001,545.0,556.6,3009500,-1.0,-1.0,-1.0
2024/06/17,549.1,549.1,537.2,540.4,2053500,-1.0,-1.0,-1.0
2024/06/18,549.0,549.0,543.2,547.2,1652500,-1.0,-1.0,-1.0
2024/06/19,547.4,561.4,547.4,555.7,2328500,-1.0,-1.0,-1.0
2024/06/20,554.0,560.7,553.4,557.7,2055500,-1.0,-1.0,-1.0
2024/06/21,563.5,565.5,554.6,554.9,3070500,-1.0,-1.0,-1.0
2024/06/24,561.5,565.0,558.8000000000001,563.8000000000001,1902500,-1.0,-1.0,-1.0
2024/06/25,568.6,579.1,567.2,571.8000000000001,2381500,-1.0,-1.0,-1.0
2024/06/26,570.5,571.4,562.0,567.7,2575500,-1.0,-1.0,-1.0
2024/06/27,566.4,568.6,564.5,566.2,1311000,-1.0,-1.0,-1.0
2024/06/28,566.3000000000001,569.8000000000001,562.4,565.7,1898000,-1.0,-1.0,-1.0
2024/07/01,570.3000000000001,575.6,568.0,571.6,1669000,-1.0,-1.0,-1.0
2024/07/02,561.6,566.3000000000001,556.6,563.8000000000001,2648500,-1.0,-1.0,-1.0
2024/07/03,561.7,569.1,560.8000000000001,566.5,1472000,-1.0,-1.0,-1.0
2024/07/04,567.8000000000001,578.4,567.8000000000001,576.5,1152000,-1.0,-1.0,-1.0
2024/07/05,574.0,575.1,562.8000000000001,562.8000000000001,1466000,-1.0,-1.0,-1.0
2024/07/08,560.1,561.6,551.1,552.4,2090500,-1.0,-1.0,-1.0
2024/07/09,551.2,555.4,539.1,553.3000000000001,2765000,-1.0,-1.0,-1.0
2024/07/10,551.8000000000001,554.4,548.2,553.3000000000001,1491500,-1.0,-1.0,-1.0
2024/07/11,563.0,574.0,560.0,572.6,2894500,-1.0,-1.0,-1.0
2024/07/12,566.3000000000001,573.3000000000001,565.4,570.5,1651000,-1.0,-1.0,-1.0
2024/07/16,567.4,567.4,556.2,559.4,3217500,-1.0,-1.0,-1.0
2024/07/17,565.7,569.5,562.7,563.6,1304500,-1.0,-1.0,-1.0
2024/07/18,557.4,561.7,554.7,554.7,1529500,-1.0,-1.0,-1.0
2024/07/19,553.8000000000001,555.5,546.3000000000001,551.8000000000001,1531000,-1.0,-1.0,-1.0
2024/07/22,549.8000000000001,549.8000000000001,540.4,545.0,1820000,-1.0,-1.0,-1.0
2024/07/23,545.0,551.6,543.7,547.5,1206500,-1.0,-1.0,-1.0
2024/07/24,543.0,543.2,525.6,525.7,3272500,-1.0,-1.0,-1.0
2024/07/25,518.3000000000001,522.4,516.4,518.2,2040500,-1.0,-1.0,-1.0
2024/07/26,523.9,524.6,519.7,520.2,1954500,-1.0,-1.0,-1.0
2024/07/29,526.4,531.5,521.4,528.9,1440500,-1.0,-1.0,-1.0
2024/07/30,526.2,538.2,525.1,536.5,2284000,-1.0,-1.0,-1.0
2024/07/31,535.8000000000001,570.2,528.7,557.4,10599500,-1.0,-1.0,-1.0
2024/08/01,537.4,551.5,511.40000000000003,527.4,6582000,-1.0,-1.0,-1.0
2024/08/02,512.0,513.2,495.0,496.5,3760000,-1.0,-1.0,-1.0
2024/08/05,469.0,470.0,420.0,424.5,3924500,-1.0,-1.0,-1.0
2024/08/06,450.0,471.8,446.20000000000005,464.20000000000005,4200500,-1.0,-1.0,-1.0
2024/08/07,454.20000000000005,481.6,453.90000000000003,460.90000000000003,4173500,-1.0,-1.0,-1.0
2024/08/08,455.70000000000005,470.0,455.3,460.8,1873000,-1.0,-1.0,-1.0
2024/08/09,467.40000000000003,467.90000000000003,446.6,453.40000000000003,3024000,-1.0,-1.0,-1.0
2024/08/13,458.6,466.5,458.0,465.20000000000005,2445000,-1.0,-1.0,-1.0
2024/08/14,467.6,476.90000000000003,464.5,473.40000000000003,2453500,-1.0,-1.0,-1.0
2024/08/15,479.20000000000005,491.6,479.20000000000005,486.70000000000005,2186500,-1.0,-1.0,-1.0
2024/08/16,510.0,510.6,498.0,501.8,2336500,-1.0,-1.0,-1.0
2024/08/19,501.6,505.8,494.1,494.1,1759000,-1.0,-1.0,-1.0
2024/08/20,503.0,505.3,497.0,501.8,1175500,-1.0,-1.0,-1.0
2024/08/21,496.0,500.5,494.90000000000003,499.6,996000,-1.0,-1.0,-1.0
2024/08/22,498.20000000000005,499.3,494.1,498.1,734000,-1.0,-1.0,-1.0
2024/08/23,501.8,504.70000000000005,499.6,504.70000000000005,1191500,-1.0,-1.0,-1.0
2024/08/26,496.3,498.40000000000003,491.3,494.6,1973500,-1.0,-1.0,-1.0
2024/08/27,504.6,512.1,500.1,511.20000000000005,2315000,-1.0,-1.0,-1.0
2024/08/28,510.40000000000003,512.9,506.8,512.0,1924000,-1.0,-1.0,-1.0
2024/08/29,518.2,522.0,511.0,519.5,2290000,-1.0,-1.0,-1.0
2024/08/30,522.3000000000001,524.0,517.6,522.1,1380500,-1.0,-1.0,-1.0
2024/09/02,530.8000000000001,532.5,525.7,530.4,1549500,-1.0,-1.0,-1.0
2024/09/03,530.6,534.0,524.3000000000001,527.9,1212000,-1.0,-1.0,-1.0
2024/09/04,515.8000000000001,519.7,507.0,508.90000000000003,2137000,-1.0,-1.0,-1.0
2024/09/05,501.90000000000003,511.40000000000003,496.8,504.3,1998000,-1.0,-1.0,-1.0
2024/09/06,502.40000000000003,504.20000000000005,491.6,497.90000000000003,2808500,-1.0,-1.0,-1.0
2024/09/09,481.40000000000003,492.0,476.6,490.3,1789500,-1.0,-1.0,-1.0
2024/09/10,486.8,490.40000000000003,483.40000000000003,484.40000000000003,2145500,-1.0,-1.0,-1.0
2024/09/11,480.0,480.90000000000003,469.20000000000005,471.8,1791500,-1.0,-1.0,-1.0
2024/09/12,480.5,484.0,474.1,480.70000000000005,1220000,-1.0,-1.0,-1.0
2024/09/13,476.3,477.5,471.3,473.40000000000003,1697000,-1.0,-1.0,-1.0
2024/09/17,477.1,479.6,466.0,472.40000000000003,1823000,-1.0,-1.0,-1.0
2024/09/18,476.40000000000003,481.20000000000005,473.1,480.40000000000003,1944000,-1.0,-1.0,-1.0
2024/09/19,493.1,496.6,489.1,489.1,2094000,-1.0,-1.0,-1.0
2024/09/20,499.0,504.1,492.5,493.5,2723000,-1.0,-1.0,-1.0
2024/09/24,502.0,505.20000000000005,493.5,497.1,1424000,-1.0,-1.0,-1.0
2024/09/25,496.90000000000003,505.5,496.0,502.90000000000003,1132500,-1.0,-1.0,-1.0
2024/09/26,504.90000000000003,510.70000000000005,500.1,510.70000000000005,1925500,-1.0,-1.0,-1.0
2024/09/27,505.20000000000005,510.3,501.1,507.90000000000003,2013000,-1.0,-1.0,-1.0
2024/09/30,486.1,494.6,481.8,489.0,2288500,-1.0,-1.0,-1.0
2024/10/01,492.20000000000005,497.20000000000005,491.1,495.5,1503500,-1.0,-1.0,-1.0
2024/10/02,492.1,498.90000000000003,490.0,490.40000000000003,1023500,-1.0,-1.0,-1.0
2024/10/03,506.1,508.0,496.8,497.0,1073500,-1.0,-1.0,-1.0
2024/10/04,499.8,500.6,496.20000000000005,497.70000000000005,1217000,-1.0,-1.0,-1.0
2024/10/07,507.70000000000005,507.70000000000005,502.6,504.8,1057000,-1.0,-1.0,-1.0
2024/10/08,500.1,503.6,493.40000000000003,493.8,1061500,-1.0,-1.0,-1.0
2024/10/09,503.8,503.8,493.0,495.70000000000005,1527000,-1.0,-1.0,-1.0
2024/10/10,505.70000000000005,508.70000000000005,501.40000000000003,502.6,1742500,-1.0,-1.0,-1.0
2024/10/11,500.0,503.8,497.20000000000005,498.5,1946000,-1.0,-1.0,-1.0
2024/10/15,505.0,506.0,495.6,500.40000000000003,1729500,-1.0,-1.0,-1.0
2024/10/16,494.70000000000005,503.5,491.20000000000005,495.8,1318500,-1.0,-1.0,-1.0
2024/10/17,501.6,504.90000000000003,499.5,502.1,1961000,-1.0,-1.0,-1.0
2024/10/18,506.8,508.40000000000003,502.1,505.3,2061500,-1.0,-1.0,-1.0
2024/10/21,508.6,511.5,504.20000000000005,511.1,1571500,-1.0,-1.0,-1.0
2024/10/22,511.70000000000005,514.6,507.8,512.7,2209000,-1.0,-1.0,-1.0
2024/10/23,516.0,526.9,510.1,514.2,2405500,-1.0,-1.0,-1.0
2024/10/24,509.6,513.7,504.40000000000003,512.1,1383500,-1.0,-1.0,-1.0
2024/10/25,513.3000000000001,516.4,507.0,508.5,1703000,-1.0,-1.0,-1.0
2024/10/28,508.5,522.8000000000001,505.40000000000003,520.5,1801000,-1.0,-1.0,-1.0
2024/10/29,520.0,520.6,512.8000000000001,519.2,1395000,-1.0,-1.0,-1.0
2024/10/30,519.2,526.4,519.2,523.0,3433000,-1.0,-1.0,-1.0
2024/10/31,523.8000000000001,536.2,507.40000000000003,525.0,7734000,-1.0,-1.0,-1.0
2024/11/01,500.1,511.5,496.5,502.8,3112000,-1.0,-1.0,-1.0
2024/11/05,502.8,510.20000000000005,500.6,503.8,2064000,-1.0,-1.0,-1.0
2024/11/06,510.0,521.6,508.40000000000003,516.9,2651500,-1.0,-1.0,-1.0
2024/11/07,523.2,534.2,522.5,529.0,2599500,-1.0,-1.0,-1.0
2024/11/08,526.4,530.0,512.9,515.2,2193500,-1.0,-1.0,-1.0
2024/11/11,511.20000000000005,517.8000000000001,511.20000000000005,513.9,1453500,-1.0,-1.0,-1.0
2024/11/12,521.6,526.4,518.9,521.0,1540500,-1.0,-1.0,-1.0
2024/11/13,517.9,523.3000000000001,500.8,502.8,1591500,-1.0,-1.0,-1.0
2024/11/14,507.20000000000005,516.0,506.20000000000005,507.6,1797000,-1.0,-1.0,-1.0
2024/11/15,512.4,516.9,508.20000000000005,513.3000000000001,1575500,-1.0,-1.0,-1.0
2024/11/18,511.40000000000003,515.3000000000001,508.20000000000005,511.40000000000003,1083000,-1.0,-1.0,-1.0
2024/11/19,512.1,519.4,511.40000000000003,517.1,972000,-1.0,-1.0,-1.0
2024/11/20,514.2,517.9,508.70000000000005,510.70000000000005,1547500,-1.0,-1.0,-1.0
2024/11/21,509.0,515.4,509.0,510.6,835000,-1.0,-1.0,-1.0
2024/11/22,516.7,518.7,504.1,509.90000000000003,1281000,-1.0,-1.0,-1.0
2024/11/25,520.2,522.4,509.20000000000005,512.1,2102500,-1.0,-1.0,-1.0
2024/11/26,512.1,517.1,506.70000000000005,514.6,1248000,-1.0,-1.0,-1.0
2024/11/27,509.20000000000005,509.70000000000005,492.70000000000005,495.70000000000005,1558500,-1.0,-1.0,-1.0
2024/11/28,496.6,497.90000000000003,490.6,496.5,1761500,-1.0,-1.0,-1.0
2024/11/29,496.40000000000003,498.90000000000003,486.90000000000003,493.20000000000005,899000,-1.0,-1.0,-1.0
2024/12/02,498.40000000000003,498.90000000000003,493.90000000000003,496.1,1934500,-1.0,-1.0,-1.0
2024/12/03,496.5,506.5,496.5,504.70000000000005,1410000,-1.0,-1.0,-1.0
2024/12/04,505.3,507.40000000000003,497.70000000000005,499.90000000000003,1453500,-1.0,-1.0,-1.0
2024/12/05,505.8,507.0,502.40000000000003,504.0,1011500,-1.0,-1.0,-1.0
2024/12/06,504.5,507.20000000000005,503.1,505.8,1309500,-1.0,-1.0,-1.0
2024/12/09,510.1,518.3000000000001,510.1,516.7,2260000,-1.0,-1.0,-1.0
2024/12/10,523.0,525.1,518.0,520.2,1215000,-1.0,-1.0,-1.0
2024/12/11,524.2,527.0,518.8000000000001,522.6,1282000,-1.0,-1.0,-1.0
2024/12/12,524.7,527.4,522.4,523.6,1412500,-1.0,-1.0,-1.0
2024/12/13,517.0,528.7,516.3000000000001,527.4,1401000,-1.0,-1.0,-1.0
2024/12/16,532.8000000000001,547.3000000000001,532.5,535.4,2444000,-1.0,-1.0,-1.0
2024/12/17,539.1,550.5,539.1,540.6,3062500,-1.0,-1.0,-1.0
2024/12/18,547.5,557.3000000000001,540.8000000000001,550.0,2729500,-1.0,-1.0,-1.0
2024/12/19,546.6,550.1,544.5,545.5,1727000,-1.0,-1.0,-1.0
2024/12/20,550.5,554.3000000000001,546.9,547.2,2618000,-1.0,-1.0,-1.0
2024/12/23,549.2,549.2,538.1,544.2,1159000,-1.0,-1.0,-1.0
2024/12/24,544.2,546.6,538.4,540.8000000000001,1056500,-1.0,-1.0,-1.0
2024/12/25,542.0,542.0,533.4,541.9,1394500,-1.0,-1.0,-1.0
2024/12/26,542.4,553.3000000000001,541.5,553.1,1503000,-1.0,-1.0,-1.0
2024/12/27,556.0,559.0,551.4,559.0,1172000,-1.0,-1.0,-1.0
2024/12/30,560.0,561.6,554.0,556.3000000000001,942000,-1.0,-1.0,-1.0
2025/01/06,554.0,554.1,540.7,542.3000000000001,1312500,-1.0,-1.0,-1.0
2025/01/07,540.1,542.9,533.6,540.7,1158500,-1.0,-1.0,-1.0
2025/01/08,539.9,552.8000000000001,536.6,550.7,1908000,-1.0,-1.0,-1.0
2025/01/09,546.7,546.7,535.8000000000001,535.8000000000001,1141000,-1.0,-1.0,-1.0
2025/01/10,532.3000000000001,536.5,529.4,530.9,932000,-1.0,-1.0,-1.0
2025/01/14,529.2,531.3000000000001,523.1,527.0,1186500,-1.0,-1.0,-1.0
2025/01/15,524.0,531.2,524.0,529.6,1213000,-1.0,-1.0,-1.0
2025/01/16,528.0,529.1,520.3000000000001,522.6,922500,-1.0,-1.0,-1.0
2025/01/17,520.6,523.6,518.1,521.6,1103500,-1.0,-1.0,-1.0
2025/01/20,525.4,534.9,523.6,532.9,1958000,-1.0,-1.0,-1.0
2025/01/21,538.4,541.9,530.6,535.1,1291500,-1.0,-1.0,-1.0
2025/01/22,538.0,541.6,537.7,540.9,1051500,-1.0,-1.0,-1.0
2025/01/23,538.9,540.4,534.1,537.0,1187000,-1.0,-1.0,-1.0
2025/01/24,534.4,536.2,519.8000000000001,523.7,3258000,-1.0,-1.0,-1.0
2025/01/27,528.2,530.0,521.9,524.6,1729000,-1.0,-1.0,-1.0
2025/01/28,522.6,524.4,516.6,519.3000000000001,1404000,-1.0,-1.0,-1.0
2025/01/29,519.3000000000001,525.1,518.0,524.6,993000,-1.0,-1.0,-1.0
2025/01/30,518.2,530.8000000000001,518.2,530.8000000000001,1397000,-1.0,-1.0,-1.0
2025/01/31,530.0,566.8000000000001,527.4,556.4,5428500,-1.0,-1.0,-1.0
2025/02/03,555.0,568.5,525.6,534.6,7751500,-1.0,-1.0,-1.0
2025/02/04,560.0,572.3000000000001,542.2,548.5,4567000,-1.0,-1.0,-1.0
2025/02/05,552.3000000000001,555.4,550.4,552.1,162000,-1.0,-1.0,-1.0
2025/02/06,552.4,556.3000000000001,546.0,554.1,1075500,-1.0,-1.0,-1.0
2025/02/07,548.1,553.7,544.5,550.2,1861500,-1.0,-1.0,-1.0
2025/02/10,549.4,549.4,544.4,547.1,968500,-1.0,-1.0,-1.0
2025/02/12,551.7,551.7,542.7,544.2,1043500,-1.0,-1.0,-1.0
2025/02/13,554.2,554.2,548.3000000000001,549.5,1327500,-1.0,-1.0,-1.0
2025/02/14,555.3000000000001,555.6,546.8000000000001,547.1,1159000,-1.0,-1.0,-1.0
2025/02/17,547.0,547.0,536.5,544.7,1034000,-1.0,-1.0,-1.0
2025/02/18,544.6,545.9,534.0,545.9,1441000,-1.0,-1.0,-1.0
2025/02/19,542.2,545.9,534.5,536.9,1081500,-1.0,-1.0,-1.0
2025/02/20,533.4,533.4,524.8000000000001,530.5,1287500,-1.0,-1.0,-1.0
2025/02/21,528.7,535.6,526.7,535.0,1372000,-1.0,-1.0,-1.0
2025/02/25,528.2,536.3000000000001,526.1,532.9,1385000,-1.0,-1.0,-1.0
2025/02/26,531.6,535.3000000000001,525.4,535.3000000000001,1513500,-1.0,-1.0,-1.0
2025/02/27,534.0,544.8000000000001,534.0,542.6,1520000,-1.0,-1.0,-1.0
2025/02/28,538.0,540.0,522.0,528.1,2087000,-1.0,-1.0,-1.0
2025/03/03,532.7,540.1,529.4,532.7,1730000,-1.0,-1.0,-1.0
2025/03/04,528.0,528.7,517.6,521.7,1849000,-1.0,-1.0,-1.0
2025/03/05,520.0,529.4,517.9,527.5,3012000,-1.0,-1.0,-1.0
2025/03/06,531.0,543.3000000000001,530.0,541.1,2251000,-1.0,-1.0,-1.0
2025/03/07,533.3000000000001,536.7,528.9,536.7,2506500,-1.0,-1.0,-1.0
2025/03/10,534.6,537.5,525.6,530.6,3375500,-1.0,-1.0,-1.0
2025/03/11,520.6,525.6,514.8000000000001,519.8000000000001,3288000,-1.0,-1.0,-1.0
2025/03/12,514.2,525.6,513.8000000000001,522.8000000000001,2981500,-1.0,-1.0,-1.0
2025/03/13,528.2,533.9,524.7,526.6,2002500,-1.0,-1.0,-1.0
2025/03/14,522.1,527.1,518.8000000000001,522.4,2127000,-1.0,-1.0,-1.0
2025/03/17,522.6,528.1,522.2,523.4,1647000,-1.0,-1.0,-1.0
2025/03/18,535.0,542.0,531.2,539.0,2739500,-1.0,-1.0,-1.0
2025/03/19,538.0,550.0,537.2,548.3000000000001,1584500,-1.0,-1.0,-1.0
2025/03/21,543.4,553.9,542.4,546.6,1835000,-1.0,-1.0,-1.0
2025/03/24,551.2,561.9,546.8000000000001,559.9,2318500,-1.0,-1.0,-1.0
2025/03/25,562.2,575.0,561.8000000000001,565.6,2977500,-1.0,-1.0,-1.0
2025/03/26,569.8000000000001,573.3000000000001,566.1,571.6,2311000,-1.0,-1.0,-1.0
2025/03/27,557.6,576.4,553.8000000000001,575.9,4145000,-1.0,-1.0,-1.0
2025/03/28,559.8000000000001,576.0,549.7,554.1,4897000,-1.0,-1.0,-1.0
2025/03/31,540.9,541.7,527.3000000000001,536.4,2455500,-1.0,-1.0,-1.0
2025/04/01,541.8000000000001,546.2,536.5,537.2,2273500,-1.0,-1.0,-1.0
2025/04/02,544.3000000000001,550.9,536.0,546.8000000000001,4912000,-1.0,-1.0,-1.0
2025/04/03,525.2,534.5,519.6,525.4,4033500,-1.0,-1.0,-1.0
2025/04/04,505.40000000000003,507.0,472.70000000000005,483.1,3057000,-1.0,-1.0,-1.0
2025/04/07,450.0,466.40000000000003,440.20000000000005,462.8,4104500,-1.0,-1.0,-1.0
2025/04/08,476.70000000000005,492.40000000000003,471.8,479.5,1980000,-1.0,-1.0,-1.0
2025/04/09,465.5,467.6,451.6,458.5,1498500,-1.0,-1.0,-1.0
2025/04/10,500.0,500.0,484.0,491.70000000000005,2444000,-1.0,-1.0,-1.0
2025/04/11,471.70000000000005,477.5,459.0,473.40000000000003,1636500,-1.0,-1.0,-1.0
2025/04/14,479.8,482.5,473.0,476.0,1304500,-1.0,-1.0,-1.0
2025/04/15,486.0,492.5,483.1,487.3,1120500,-1.0,-1.0,-1.0
2025/04/16,494.3,496.6,490.20000000000005,494.0,2082000,-1.0,-1.0,-1.0
2025/04/17,492.0,496.40000000000003,489.1,494.6,1002500,-1.0,-1.0,-1.0
2025/04/18,500.1,510.5,500.1,509.70000000000005,1084500,-1.0,-1.0,-1.0
2025/04/21,508.40000000000003,508.40000000000003,497.5,499.40000000000003,1797500,-1.0,-1.0,-1.0
2025/04/22,503.90000000000003,507.6,502.1,503.6,1875000,-1.0,-1.0,-1.0
2025/04/23,522.5,522.5,512.1,514.8000000000001,2072500,-1.0,-1.0,-1.0
2025/04/24,524.8000000000001,531.0,514.0,516.9,2474000,-1.0,-1.0,-1.0
2025/04/25,524.2,551.9,519.9,536.6,9086000,-1.0,-1.0,-1.0
2025/04/28,553.8000000000001,572.2,545.0,545.0,5410000,-1.0,-1.0,-1.0
2025/04/30,551.4,556.5,542.0,547.8000000000001,2836000,-1.0,-1.0,-1.0
2025/05/01,543.5,554.8000000000001,537.7,554.8000000000001,3182000,-1.0,-1.0,-1.0
2025/05/02,550.4,557.8000000000001,546.1,549.9,3102000,-1.0,-1.0,-1.0
2025/05/07,547.3000000000001,547.6,534.0,536.9,3554000,-1.0,-1.0,-1.0
2025/05/08,540.0,545.8000000000001,532.7,542.7,1841000,-1.0,-1.0,-1.0
2025/05/09,550.2,561.8000000000001,548.7,558.9,1735500,-1.0,-1.0,-1.0
2025/05/12,561.0,567.0,560.7,563.8000000000001,1028500,-1.0,-1.0,-1.0
2025/05/13,572.0,577.2,568.2,571.4,1373500,-1.0,-1.0,-1.0
2025/05/14,576.7,576.7,560.5,563.4,1530500,-1.0,-1.0,-1.0
2025/05/15,556.0,559.7,551.7,555.5,1148000,-1.0,-1.0,-1.0
2025/05/16,551.5,555.6,542.0,548.5,1476000,-1.0,-1.0,-1.0
2025/05/19,548.7,553.1,547.5,548.9,1041000,-1.0,-1.0,-1.0
2025/05/20,551.2,553.6,537.8000000000001,543.4,2702000,-1.0,-1.0,-1.0
2025/05/21,549.4,551.7,544.6,549.8000000000001,2052500,-1.0,-1.0,-1.0
2025/05/22,540.8000000000001,547.8000000000001,535.1,543.3000000000001,2207000,-1.0,-1.0,-1.0
2025/05/23,544.1,549.7,540.8000000000001,547.0,1724000,-1.0,-1.0,-1.0
2025/05/26,545.5,548.0,542.1,543.2,994000,-1.0,-1.0,-1.0
2025/05/27,541.5,545.8000000000001,540.0,543.9,743500,-1.0,-1.0,-1.0
2025/05/28,552.9,554.2,545.4,547.0,1962500,-1.0,-1.0,-1.0
2025/05/29,551.9,558.9,551.0,557.7,1164000,-1.0,-1.0,-1.0
2025/05/30,548.0,563.8000000000001,548.0,561.2,1625500,-1.0,-1.0,-1.0
2025/06/02,554.1,555.8000000000001,548.7,549.5,1320500,-1.0,-1.0,-1.0
2025/06/03,548.0,548.0,538.8000000000001,541.2,1246000,-1.0,-1.0,-1.0
2025/06/04,541.2,542.7,536.8000000000001,538.5,1397000,-1.0,-1.0,-1.0
2025/06/05,528.5,534.0,520.2,523.3000000000001,2302000,-1.0,-1.0,-1.0
2025/06/06,525.2,527.9,519.3000000000001,524.6,1445000,-1.0,-1.0,-1.0
2025/06/09,524.3000000000001,526.5,522.1,525.7,1179000,-1.0,-1.0,-1.0
2025/06/10,532.0,535.2,526.0,526.8000000000001,1543000,-1.0,-1.0,-1.0
2025/06/11,533.3000000000001,548.5,533.2,548.5,2536000,-1.0,-1.0,-1.0
2025/06/12,554.2,557.8000000000001,539.6,541.4,1396000,-1.0,-1.0,-1.0
2025/06/13,536.5,538.0,530.4,532.5,1596000,-1.0,-1.0,-1.0
2025/06/16,534.6,535.0,530.6,532.2,855000,-1.0,-1.0,-1.0
2025/06/17,532.2,536.5,531.4,536.5,768500,-1.0,-1.0,-1.0
2025/06/18,534.5,545.3000000000001,533.2,543.9,1306500,-1.0,-1.0,-1.0
2025/06/19,540.3000000000001,541.0,534.9,540.4,1127500,-1.0,-1.0,-1.0
2025/06/20,537.7,544.0,537.7,537.9,1908000,-1.0,-1.0,-1.0
2025/06/23,539.0,540.7,533.7,540.4,1244500,-1.0,-1.0,-1.0
2025/06/24,548.0,549.2,543.1,543.5,1616000,-1.0,-1.0,-1.0
2025/06/25,541.7,546.4,538.2,546.4,1192000,-1.0,-1.0,-1.0
2025/06/26,549.5,554.7,546.7,553.2,1241000,-1.0,-1.0,-1.0
2025/06/27,562.2,568.5,551.4,567.8000000000001,2013000,-1.0,-1.0,-1.0
2025/06/30,574.0,574.0,566.1,568.2,2085500,-1.0,-1.0,-1.0
2025/07/01,560.3000000000001,567.5,558.0,567.1,1663000,-1.0,-1.0,-1.0
2025/07/02,561.1,568.7,558.7,568.5,1245000,-1.0,-1.0,-1.0
2025/07/03,574.6,604.0,571.0,594.8000000000001,3965500,-1.0,-1.0,-1.0
2025/07/04,593.7,599.8000000000001,592.1,594.2,1533000,-1.0,-1.0,-1.0
2025/07/07,589.6,589.6,575.3000000000001,576.1,1369500,-1.0,-1.0,-1.0
2025/07/08,575.8000000000001,588.6,572.1,585.9,1382500,-1.0,-1.0,-1.0
2025/07/09,590.9,602.0,589.0,595.5,1484000,-1.0,-1.0,-1.0
2025/07/10,596.7,598.0,592.2,595.1,1108500,-1.0,-1.0,-1.0
2025/07/11,599.3000000000001,606.0,598.0,599.7,1348000,-1.0,-1.0,-1.0
2025/07/14,598.8000000000001,601.2,596.2,598.3000000000001,716500,-1.0,-1.0,-1.0
2025/07/15,600.4,601.6,596.4,600.0,836000,-1.0,-1.0,-1.0
2025/07/16,602.0,602.2,596.7,601.0,900000,-1.0,-1.0,-1.0
2025/07/17,602.0,607.4,600.4,605.6,1065500,-1.0,-1.0,-1.0
2025/07/18,608.0,608.4,601.8000000000001,603.8000000000001,732000,-1.0,-1.0,-1.0
2025/07/22,605.0,611.4,602.0,604.8000000000001,1353500,-1.0,-1.0,-1.0
2025/07/23,614.2,643.6,608.2,637.6,2610000,-1.0,-1.0,-1.0
2025/07/24,648.6,655.6,645.8000000000001,650.6,1964000,-1.0,-1.0,-1.0
2025/07/25,649.0,650.0,634.8000000000001,636.0,1563000,-1.0,-1.0,-1.0
2025/07/28,630.2,642.4000000000001,627.4000000000001,639.4000000000001,1949500,-1.0,-1.0,-1.0
2025/07/29,625.4000000000001,638.8000000000001,624.8000000000001,637.0,1539000,-1.0,-1.0,-1.0
2025/07/30,631.2,653.4000000000001,631.2,652.4000000000001,2591500,-1.0,-1.0,-1.0
2025/07/31,643.4000000000001,660.0,630.2,641.2,5304500,-1.0,-1.0,-1.0
2025/08/01,661.0,668.6,653.4000000000001,662.2,3825500,-1.0,-1.0,-1.0
2025/08/04,649.6,668.6,648.0,667.4000000000001,1932500,-1.0,-1.0,-1.0
2025/08/05,670.6,679.6,666.0,674.0,2758500,-1.0,-1.0,-1.0
2025/08/06,677.6,684.8000000000001,672.0,678.4000000000001,1698500,-1.0,-1.0,-1.0
2025/08/07,680.0,689.0,678.6,679.0,1875500,-1.0,-1.0,-1.0
2025/08/08,679.0,701.4000000000001,679.0,698.2,1949500,-1.0,-1.0,-1.0
2025/08/12,687.6,694.0,678.8000000000001,686.4000000000001,3493500,-1.0,-1.0,-1.0
2025/08/13,691.0,695.8000000000001,687.2,692.6,1444000,-1.0,-1.0,-1.0
2025/08/14,688.8000000000001,692.4000000000001,677.4000000000001,680.6,1073000,-1.0,-1.0,-1.0
2025/08/15,681.8000000000001,685.0,676.8000000000001,683.2,1670000,-1.0,-1.0,-1.0
2025/08/18,690.0,705.4000000000001,689.0,705.2,1683000,-1.0,-1.0,-1.0
2025/08/19,705.2,712.8000000000001,701.4000000000001,708.6,1357500,-1.0,-1.0,-1.0
2025/08/20,706.6,711.4000000000001,704.8000000000001,709.0,1071000,-1.0,-1.0,-1.0
2025/08/21,702.8000000000001,707.0,697.0,702.0,723500,-1.0,-1.0,-1.0
2025/08/22,709.0,711.8000000000001,703.0,710.0,863000,-1.0,-1.0,-1.0
2025/08/25,714.8000000000001,724.0,713.2,715.4000000000001,1189500,-1.0,-1.0,-1.0
2025/08/26,728.2,729.8000000000001,708.0,714.8000000000001,1770500,-1.0,-1.0,-1.0
2025/08/27,714.8000000000001,717.2,709.4000000000001,713.6,970000,-1.0,-1.0,-1.0
2025/08/28,710.0,725.6,707.6,722.2,1179000,-1.0,-1.0,-1.0
2025/08/29,715.0,727.4000000000001,715.0,721.2,1316000,-1.0,-1.0,-1.0
2025/09/01,715.0,728.0,709.8000000000001,725.6,1021000,-1.0,-1.0,-1.0
2025/09/02,730.0,737.6,729.0,737.4000000000001,995500,-1.0,-1.0,-1.0
2025/09/03,746.0,754.0,743.6,743.8000000000001,1789500,-1.0,-1.0,-1.0
2025/09/04,737.0,752.2,732.0,748.8000000000001,1765000,-1.0,-1.0,-1.0
2025/09/05,760.0,765.6,751.4000000000001,762.2,1563000,-1.0,-1.0,-1.0
2025/09/08,765.6,766.6,751.0,763.2,1392500,-1.0,-1.0,-1.0
2025/09/09,763.2,765.4000000000001,748.8000000000001,756.6,1361000,-1.0,-1.0,-1.0
2025/09/10,755.6,757.8000000000001,749.2,755.6,1173000,-1.0,-1.0,-1.0
2025/09/11,754.0,758.8000000000001,750.4000000000001,758.8000000000001,1018000,-1.0,-1.0,-1.0
2025/09/12,766.0,766.2,752.0,752.2,1230000,-1.0,-1.0,-1.0
2025/09/16,752.2,765.0,750.4000000000001,763.8000000000001,896000,-1.0,-1.0,-1.0
2025/09/17,761.4000000000001,762.0,749.4000000000001,754.4000000000001,1076000,-1.0,-1.0,-1.0
2025/09/18,754.4000000000001,758.8000000000001,747.8000000000001,753.6,1019500,-1.0,-1.0,-1.0
2025/09/19,753.6,756.0,738.8000000000001,742.0,1929000,-1.0,-1.0,-1.0
2025/09/22,741.6,750.6,741.4000000000001,747.4000000000001,1466000,-1.0,-1.0,-1.0
2025/09/24,743.2,751.8000000000001,742.8000000000001,749.4000000000001,1531000,-1.0,-1.0,-1.0
2025/09/25,751.2,756.6,744.6,749.2,1249500,-1.0,-1.0,-1.0
2025/09/26,751.0,759.8000000000001,748.8000000000001,758.6,1507500,-1.0,-1.0,-1.0
2025/09/29,755.6,758.8000000000001,741.4000000000001,741.6,1064000,-1.0,-1.0,-1.0
2025/09/30,737.8000000000001,744.0,734.2,736.4000000000001,1602000,-1.0,-1.0,-1.0
2025/10/01,723.8000000000001,736.4000000000001,717.6,726.2,1875000,-1.0,-1.0,-1.0
2025/10/02,717.2,725.0,705.6,714.2,1801500,-1.0,-1.0,-1.0
2025/10/03,714.6,722.0,708.8000000000001,722.0,2189500,-1.0,-1.0,-1.0
2025/10/06,737.0,741.4000000000001,727.2,730.8000000000001,2288500,-1.0,-1.0,-1.0
2025/10/07,735.4000000000001,748.0,735.4000000000001,746.0,1978500,-1.0,-1.0,-1.0
2025/10/08,745.6,750.8000000000001,734.8000000000001,736.0,1698000,-1.0,-1.0,-1.0
2025/10/09,736.6,748.0,727.2,748.0,2167500,-1.0,-1.0,-1.0
2025/10/10,738.6,740.8000000000001,723.8000000000001,730.8000000000001,1993500,-1.0,-1.0,-1.0
2025/10/14,716.8000000000001,728.2,711.8000000000001,717.0,1818500,-1.0,-1.0,-1.0
2025/10/15,717.6,730.8000000000001,716.4000000000001,730.8000000000001,1195500,-1.0,-1.0,-1.0
2025/10/16,730.8000000000001,736.8000000000001,723.8000000000001,724.6,1181500,-1.0,-1.0,-1.0
2025/10/17,725.8000000000001,729.6,723.4000000000001,724.4000000000001,1228000,-1.0,-1.0,-1.0
2025/10/20,737.8000000000001,739.0,728.8000000000001,739.0,921000,-1.0,-1.0,-1.0
2025/10/21,743.6,744.4000000000001,731.0,731.6,1177000,-1.0,-1.0,-1.0
2025/10/22,741.0,752.2,739.4000000000001,749.8000000000001,3092000,-1.0,-1.0,-1.0
2025/10/23,745.0,749.6,743.4000000000001,746.0,1393000,-1.0,-1.0,-1.0
2025/10/24,748.4000000000001,757.2,745.6,752.6,1256000,-1.0,-1.0,-1.0
2025/10/27,760.2,767.6,753.2,764.8000000000001,1948000,-1.0,-1.0,-1.0
2025/10/28,760.0,763.4000000000001,746.2,748.6,1331500,-1.0,-1.0,-1.0
2025/10/29,751.4000000000001,755.0,739.6,744.2,1284500,-1.0,-1.0,-1.0
2025/10/30,743.0,760.6,741.0,760.4000000000001,5321000,-1.0,-1.0,-1.0
2025/10/31,752.6,760.0,703.0,715.4000000000001,5250500,-1.0,-1.0,-1.0
2025/11/04,757.4000000000001,766.4000000000001,743.2,751.6,3773500,-1.0,-1.0,-1.0
2025/11/05,747.8000000000001,773.6,742.6,771.2,4523000,-1.0,-1.0,-1.0
2025/11/06,780.0,784.0,769.6,771.4000000000001,2271500,-1.0,-1.0,-1.0
2025/11/07,763.0,768.6,754.6,766.4000000000001,1766500,-1.0,-1.0,-1.0
2025/11/10,770.0,771.6,758.0,767.8000000000001,1064500,-1.0,-1.0,-1.0
2025/11/11,773.0,776.0,760.0,773.2,1061000,-1.0,-1.0,-1.0
2025/11/12,772.6,780.6,767.4000000000001,772.2,1404000,-1.0,-1.0,-1.0
2025/11/13,781.8000000000001,787.0,769.8000000000001,769.8000000000001,1150000,-1.0,-1.0,-1.0
2025/11/14,765.8000000000001,776.0,761.2,766.8000000000001,1431000,-1.0,-1.0,-1.0
2025/11/17,765.6,768.2,754.0,763.4000000000001,850500,-1.0,-1.0,-1.0
2025/11/18,753.2,766.4000000000001,741.8000000000001,744.6,1162500,-1.0,-1.0,-1.0
2025/11/19,743.4000000000001,761.2,735.2,750.6,1523500,-1.0,-1.0,-1.0
2025/11/20,758.8000000000001,759.0,745.4000000000001,750.8000000000001,1286000,-1.0,-1.0,-1.0
2025/11/21,680.8000000000001,696.2,680.0,689.2,10296500,-1.0,-1.0,-1.0
2025/11/25,713.4000000000001,716.8000000000001,702.6,710.8000000000001,7072500,-1.0,-1.0,-1.0
2025/11/26,724.8000000000001,739.4000000000001,719.2,733.4000000000001,6352000,-1.0,-1.0,-1.0
2025/11/27,740.0,742.2,716.8000000000001,716.8000000000001,5566000,-1.0,-1.0,-1.0
2025/11/28,704.8000000000001,720.0,704.0,714.0,9552500,-1.0,-1.0,-1.0
2025/12/01,719.0,724.4000000000001,694.0,694.0,26590500,-1.0,-1.0,-1.0
2025/12/02,694.0,708.0,691.4000000000001,707.4000000000001,37821000,-1.0,-1.0,-1.0
2025/12/03,707.4000000000001,711.8000000000001,704.6,705.6,13576000,-1.0,-1.0,-1.0
2025/12/04,706.6,710.8000000000001,701.6,701.6,19198500,-1.0,-1.0,-1.0
2025/12/05,698.6,702.8000000000001,691.0,692.4000000000001,14829500,-1.0,-1.0,-1.0
2025/12/08,693.2,708.0,691.0,704.4000000000001,89038500,-1.0,-1.0,-1.0
2025/12/09,724.0,735.2,710.8000000000001,731.8000000000001,28826500,-1.0,-1.0,-1.0
2025/12/10,741.0,747.0,728.0,738.6,13645500,-1.0,-1.0,-1.0
2025/12/11,739.8000000000001,741.4000000000001,729.4000000000001,734.0,8670000,-1.0,-1.0,-1.0
2025/12/12,744.0,760.0,742.4000000000001,760.0,11364500,-1.0,-1.0,-1.0
2025/12/15,760.0,775.6,756.6,774.2,8398000,-1.0,-1.0,-1.0
2025/12/16,788.2,794.4000000000001,772.0,785.4000000000001,8500000,-1.0,-1.0,-1.0
2025/12/17,782.0,788.0,770.2,782.8000000000001,6689500,-1.0,-1.0,-1.0
2025/12/18,790.0,790.8000000000001,779.4000000000001,790.2,6630500,-1.0,-1.0,-1.0
2025/12/19,793.4000000000001,809.8000000000001,782.8000000000001,809.8000000000001,8843500,-1.0,-1.0,-1.0
2025/12/22,817.0,833.6,814.4000000000001,822.6,7093000,-1.0,-1.0,-1.0
2025/12/23,811.4000000000001,816.0,793.6,802.2,6392500,-1.0,-1.0,-1.0
2025/12/24,802.2,802.2,784.8000000000001,784.8000000000001,4165500,-1.0,-1.0,-1.0
2025/12/25,791.8000000000001,794.8000000000001,786.0,794.8000000000001,3087000,-1.0,-1.0,-1.0
2025/12/26,796.0,797.4000000000001,783.0,783.0,2531500,-1.0,-1.0,-1.0
2025/12/29,785.0,789.2,782.0,787.0,2601500,-1.0,-1.0,-1.0
2025/12/30,783.0,791.0,782.0,788.6,2743000,-1.0,-1.0,-1.0
2026/01/05,792.0,805.2,788.6,805.2,4884000,-1.0,-1.0,-1.0
2026/01/06,813.6,823.4000000000001,804.6,807.6,4783500,-1.0,-1.0,-1.0
2026/01/07,807.4000000000001,808.6,788.8000000000001,806.0,4921500,-1.0,-1.0,-1.0
2026/01/08,808.4000000000001,811.0,795.6,806.4000000000001,4491000,-1.0,-1.0,-1.0
2026/01/09,810.2,815.8000000000001,805.4000000000001,810.6,4332500,-1.0,-1.0,-1.0
2026/01/13,824.6,834.4000000000001,820.0,834.4000000000001,7672500,-1.0,-1.0,-1.0
2026/01/14,839.4000000000001,850.6,835.0,850.6,6049500,-1.0,-1.0,-1.0
2026/01/15,849.6,862.0,845.0,859.2,6285000,-1.0,-1.0,-1.0
2026/01/16,852.0,867.0,847.4000000000001,867.0,8592000,-1.0,-1.0,-1.0
2026/01/19,867.0,867.2,840.6,857.6,5316000,-1.0,-1.0,-1.0
2026/01/20,857.6,857.8000000000001,845.0,846.0,4501000,-1.0,-1.0,-1.0
2026/01/21,842.8000000000001,856.8000000000001,838.6,856.8000000000001,6915000,-1.0,-1.0,-1.0
2026/01/22,861.0,871.8000000000001,859.8000000000001,864.6,4959500,-1.0,-1.0,-1.0
2026/01/23,864.6,873.6,858.0,870.0,4038000,-1.0,-1.0,-1.0
2026/01/26,856.0,858.6,842.8000000000001,845.2,5166500,-1.0,-1.0,-1.0
2026/01/27,844.0,846.6,834.8000000000001,844.8000000000001,4170500,-1.0,-1.0,-1.0
2026/01/28,833.2,834.8000000000001,822.0,824.0,5340500,-1.0,-1.0,-1.0
2026/01/29,828.0,830.4000000000001,815.2,824.2,4966000,-1.0,-1.0,-1.0
2026/01/30,831.0,838.2,824.2,838.2,6309500,-1.0,-1.0,-1.0
2026/02/02,848.2,858.8000000000001,830.4000000000001,834.8000000000001,6710500,-1.0,-1.0,-1.0
2026/02/03,840.0,899.4000000000001,830.6,899.4000000000001,16046500,-1.0,-1.0,-1.0
2026/02/04,921.4000000000001,961.0,915.4000000000001,956.0,14523500,-1.0,-1.0,-1.0
2026/02/05,965.2,985.2,956.8000000000001,985.2,10106500,-1.0,-1.0,-1.0
2026/02/06,985.2,1007.2,980.8000000000001,1002.8000000000001,8639500,-1.0,-1.0,-1.0
2026/02/09,1013.6,1037.4,1010.0,1020.8000000000001,7979000,-1.0,-1.0,-1.0
2026/02/10,1025.8,1033.4,1008.4000000000001,1033.4,7724500,-1.0,-1.0,-1.0
2026/02/12,1045.0,1046.0,1020.2,1025.0,5982500,-1.0,-1.0,-1.0
2026/02/13,1025.0,1029.4,1007.4000000000001,1018.6,7518000,-1.0,-1.0,-1.0
2026/02/16,1020.6,1031.0,1003.4000000000001,1003.4000000000001,4126000,-1.0,-1.0,-1.0
2026/02/17,1000.8000000000001,1010.2,986.0,995.4000000000001,4327500,-1.0,-1.0,-1.0
2026/02/18,995.4000000000001,1013.4000000000001,995.0,1002.8000000000001,3427500,-1.0,-1.0,-1.0
2026/02/19,1000.0,1007.4000000000001,991.2,1000.0,3115500,-1.0,-1.0,-1.0
2026/02/20,984.2,987.8000000000001,970.0,976.8000000000001,2949500,-1.0,-1.0,-1.0
2026/02/24,990.8000000000001,1005.2,976.0,1003.6,3216000,-1.0,-1.0,-1.0
2026/02/25,1008.6,1008.6,985.4000000000001,987.0,2625500,-1.0,-1.0,-1.0
2026/02/26,1001.0,1004.0,984.0,996.0,3432500,-1.0,-1.0,-1.0
2026/02/27,998.4000000000001,1018.2,987.4000000000001,1018.2,3069500,-1.0,-1.0,-1.0
2026/03/02,972.8000000000001,991.4000000000001,959.4000000000001,987.4000000000001,3489500,-1.0,-1.0,-1.0
2026/03/02,972.8000000000001,991.4000000000001,959.4000000000001,987.4000000000001,3489500,-1.0,-1.0,-1.0
2026/03/02,972.8000000000001,991.4000000000001,959.4000000000001,987.4000000000001,3489500,-1.0,-1.0,-1.0
2026/03/02,972.8000000000001,991.4000000000001,959.4000000000001,987.4000000000001,3489500,-1.0,-1.0,-1.0
2026/03/03,976.8000000000001,996.2,943.2,949.8000000000001,4333000,-1.0,-1.0,-1.0
2026/03/04,935.8000000000001,944.0,905.8000000000001,920.0,4869000,-1.0,-1.0,-1.0
2026/03/05,948.0,959.8000000000001,938.4000000000001,938.4000000000001,3369000,-1.0,-1.0,-1.0
2026/03/06,924.4000000000001,940.0,917.8000000000001,937.6,2897500,-1.0,-1.0,-1.0
2026/03/09,879.2,898.4000000000001,852.4000000000001,874.6,4360000,-1.0,-1.0,-1.0
2026/03/10,899.4000000000001,908.6,888.0,900.4000000000001,4336000,-1.0,-1.0,-1.0
2026/03/11,921.0,924.2,911.4000000000001,911.6,2993500,-1.0,-1.0,-1.0
2026/03/12,906.8000000000001,910.0,886.8000000000001,892.0,2514500,-1.0,-1.0,-1.0
2026/03/13,865.0,885.2,863.4000000000001,871.2,3802500,-1.0,-1.0,-1.0
2026/03/16,873.2,874.6,853.6,869.6,2050000,-1.0,-1.0,-1.0
2026/03/17,883.6,883.8000000000001,870.0,871.4000000000001,2136500,-1.0,-1.0,-1.0
2026/03/18,885.4000000000001,886.6,876.6,884.8000000000001,1777000,-1.0,-1.0,-1.0
2026/03/19,863.8000000000001,863.8000000000001,830.2,833.6,3939500,-1.0,-1.0,-1.0
2026/03/23,819.6,820.0,792.2,808.4000000000001,3707500,-1.0,-1.0,-1.0
2026/03/24,836.4000000000001,837.0,820.2,831.0,3326500,-1.0,-1.0,-1.0
2026/03/25,852.2,856.8000000000001,841.8000000000001,844.6,2230500,-1.0,-1.0,-1.0
2026/03/26,851.0,853.6,837.0,848.0,3127500,-1.0,-1.0,-1.0
2026/03/27,829.4000000000001,840.8000000000001,828.0,835.8000000000001,3594000,-1.0,-1.0,-1.0
2026/03/30,781.8000000000001,803.4000000000001,774.8000000000001,802.8000000000001,5632000,-1.0,-1.0,-1.0
2026/03/31,788.8000000000001,814.4000000000001,786.8000000000001,801.6,3413000,-1.0,-1.0,-1.0
2026/04/01,843.6,844.4000000000001,830.8000000000001,842.4000000000001,4437500,-1.0,-1.0,-1.0
2026/04/02,854.4000000000001,859.8000000000001,821.6,822.2,3002500,-1.0,-1.0,-1.0
2026/04/03,824.0,828.2,820.0,824.0,1496000,-1.0,-1.0,-1.0
2026/04/06,826.2,834.6,823.2,825.2,1763000,-1.0,-1.0,-1.0
2026/04/07,822.6,828.0,814.2,820.2,1989000,-1.0,-1.0,-1.0
2026/04/08,859.8000000000001,864.6,846.6,861.6,2839500,-1.0,-1.0,-1.0
2026/04/09,860.0,866.8000000000001,852.8000000000001,854.2,1776500,-1.0,-1.0,-1.0
2026/04/10,853.0,861.8000000000001,851.2,852.8000000000001,1777000,-1.0,-1.0,-1.0
2026/04/13,841.8000000000001,852.6,840.0,851.2,1924000,-1.0,-1.0,-1.0
2026/04/14,861.0,868.4000000000001,855.8000000000001,855.8000000000001,2169500,-1.0,-1.0,-1.0
2026/04/15,862.0,868.2,856.4000000000001,857.2,1855500,-1.0,-1.0,-1.0
2026/04/16,857.0,863.2,852.0,852.8000000000001,2383000,-1.0,-1.0,-1.0
2026/04/17,850.0,858.0,847.4000000000001,851.4000000000001,1588000,-1.0,-1.0,-1.0
2026/04/20,870.8000000000001,877.8000000000001,859.6,877.8000000000001,2346000,-1.0,-1.0,-1.0
2026/04/21,880.2,882.0,866.4000000000001,867.0,2176500,-1.0,-1.0,-1.0
2026/04/22,861.0,861.0,840.4000000000001,844.6,2196000,-1.0,-1.0,-1.0
2026/04/23,837.0,839.8000000000001,807.0,822.0,2767500,-1.0,-1.0,-1.0
2026/04/24,827.8000000000001,827.8000000000001,799.6,804.4000000000001,2675500,-1.0,-1.0,-1.0
2026/04/27,804.8000000000001,810.6,799.6,804.2,2341500,-1.0,-1.0,-1.0
2026/04/28,804.2,913.2,794.4000000000001,913.2,11263500,-1.0,-1.0,-1.0
2026/04/30,955.2,961.0,918.4000000000001,925.4000000000001,9145500,-1.0,-1.0,-1.0
2026/05/01,914.0,919.2,903.0,907.6,3543000,-1.0,-1.0,-1.0
2026/05/07,917.2,924.4000000000001,896.0,920.6,3788000,-1.0,-1.0,-1.0
2026/05/08,920.0,944.8000000000001,917.2,931.8000000000001,3589000,-1.0,-1.0,-1.0
2026/05/11,916.0,929.6,909.4000000000001,920.0,2542500,-1.0,-1.0,-1.0
2026/05/12,919.8000000000001,953.0,916.6,931.0,2051500,-1.0,-1.0,-1.0
2026/05/13,922.2,959.8000000000001,921.2,953.8000000000001,2276000,-1.0,-1.0,-1.0
2026/05/14,945.0,958.6,943.4000000000001,953.0,1888500,-1.0,-1.0,-1.0
2026/05/15,953.0,964.0,941.6,954.2,2028500,-1.0,-1.0,-1.0
2026/05/18,955.0,958.0,919.2,928.8000000000001,1937500,-1.0,-1.0,-1.0
2026/05/19,939.8000000000001,944.0,904.6,915.6,2443500,-1.0,-1.0,-1.0
2026/05/20,906.8000000000001,919.0,886.4000000000001,899.8000000000001,3217500,-1.0,-1.0,-1.0
2026/05/21,922.4000000000001,943.0,902.6,926.8000000000001,2926500,-1.0,-1.0,-1.0
2026/05/22,935.6,941.8000000000001,915.6,918.6,2175000,-1.0,-1.0,-1.0
2026/05/25,935.6,965.0,935.6,946.0,2520000,-1.0,-1.0,-1.0
2026/05/26,947.8000000000001,954.8000000000001,936.8000000000001,942.2,1716000,-1.0,-1.0,-1.0
2026/05/27,943.0,956.0,934.6,943.4000000000001,1847000,-1.0,-1.0,-1.0
2026/05/28,936.0,948.8000000000001,926.4000000000001,946.8000000000001,1647000,-1.0,-1.0,-1.0
2026/05/29,947.2,974.4000000000001,940.8000000000001,965.4000000000001,3212000,-1.0,-1.0,-1.0
2026/06/01,953.6,957.0,931.8000000000001,948.0,3035000,-1.0,-1.0,-1.0
2026/06/02,947.6,948.6,922.6,944.8000000000001,2511500,-1.0,-1.0,-1.0
2026/06/03,958.0,964.0,945.0,950.4000000000001,2812000,-1.0,-1.0,-1.0
2026/06/04,940.0,954.4000000000001,935.4000000000001,942.2,2934000,-1.0,-1.0,-1.0
2026/06/05,949.4000000000001,953.4000000000001,937.0,943.2,1598500,-1.0,-1.0,-1.0
2026/06/08,924.8000000000001,935.2,916.0,928.0,2243500,-1.0,-1.0,-1.0
2026/06/09,940.0,953.6,938.0,941.2,2282500,-1.0,-1.0,-1.0
2026/06/10,940.0,950.0,920.8000000000001,930.0,1983000,-1.0,-1.0,-1.0
2026/06/11,889.8000000000001,902.8000000000001,879.2,901.2,2011000,-1.0,-1.0,-1.0
2026/06/12,929.2,932.6,912.4000000000001,915.4000000000001,2578500,-1.0,-1.0,-1.0
2026/06/15,940.6,965.0,933.0,963.0,2251500,-1.0,-1.0,-1.0
2026/06/16,965.0,966.0,943.8000000000001,951.0,1400500,-1.0,-1.0,-1.0
2026/06/17,974.8000000000001,1010.0,968.2,1000.0,3879000,-1.0,-1.0,-1.0
2026/06/18,1010.0,1025.2,1003.4000000000001,1012.8000000000001,3474000,-1.0,-1.0,-1.0
2026/06/19,1023.2,1027.0,998.6,1005.4000000000001,6075000,-1.0,-1.0,-1.0
2026/06/22,1003.2,1021.4000000000001,1001.4000000000001,1017.4000000000001,3194000,-1.0,-1.0,-1.0
2026/06/23,1040.0,1040.0,989.8000000000001,991.4000000000001,2970500,-1.0,-1.0,-1.0
2026/06/24,984.2,1029.8,979.2,1017.6,4285500,-1.0,-1.0,-1.0
2026/06/25,1034.2,1037.4,1011.2,1022.2,2608000,-1.0,-1.0,-1.0
2026/06/26,1038.0,1054.6000000000001,1030.2,1045.0,4382000,-1.0,-1.0,-1.0
2026/06/29,1058.8,1065.0,1026.0,1043.2,3860500,-1.0,-1.0,-1.0
2026/06/30,1042.0,1047.0,1015.4000000000001,1022.6,4233500,-1.0,-1.0,-1.0
2026/07/01,1036.2,1048.0,1022.2,1026.2,1991500,-1.0,-1.0,-1.0
2026/07/02,1027.4,1039.2,1013.8000000000001,1033.8,2360500,-1.0,-1.0,-1.0
2026/07/03,1025.2,1046.0,1014.2,1046.0,1428000,-1.0,-1.0,-1.0
2026/07/06,1052.6000000000001,1074.4,1050.8,1058.2,1641500,-1.0,-1.0,-1.0
2026/07/07,1058.6000000000001,1070.8,1031.0,1033.4,2102500,-1.0,-1.0,-1.0
2026/07/08,1030.0,1036.6000000000001,1019.4000000000001,1020.0,1994000,-1.0,-1.0,-1.0
2026/07/09,1020.0,1022.0,1006.0,1016.6,2327500,-1.0,-1.0,-1.0
2026/07/10,1031.0,1033.8,1013.0,1016.8000000000001,1875000,-1.0,-1.0,-1.0
2026/07/13,1021.0,1022.6,982.4000000000001,987.4000000000001,2487500,-1.0,-1.0,-1.0
2026/07/14,988.8000000000001,999.4000000000001,976.4000000000001,995.2,2172000,-1.0,-1.0,-1.0
2026/07/15,995.4000000000001,1012.4000000000001,990.6,1012.4000000000001,2037000,-1.0,-1.0,-1.0
2026/07/16,1004.8000000000001,1016.6,1002.0,1002.8000000000001,1298500,-1.0,-1.0,-1.0
2026/07/17,999.2,1001.6,957.2,984.0,2858500,-1.0,-1.0,-1.0
2026/07/21,979.6,997.6,975.6,996.2,2592000,-1.0,-1.0,-1.0
2026/07/22,1006.4000000000001,1016.4000000000001,1004.0,1007.8000000000001,1741500,-1.0,-1.0,-1.0
2026/07/23,1000.0,1026.6000000000001,1000.0,1019.2,1940000,-1.0,-1.0,-1.0
2026/07/24,1008.4000000000001,1013.2,998.0,1002.2,2189000,-1.0,-1.0,-1.0
2026/07/27,1018.6,1036.8,1008.0,1036.8,2410000,-1.0,-1.0,-1.0
2026/07/28,1030.0,1033.2,1017.6,1025.6000000000001,3244000,-1.0,-1.0,-1.0
2026/07/29,1035.8,1040.0,1013.8000000000001,1040.0,3282500,-1.0,-1.0,-1.0
2026/07/30,1041.8,1059.0,1027.8,1050.6000000000001,3217500,-1.0,-1.0,-1.0
2026/07/31,1059.6000000000001,1144.0,1031.4,1112.4,9511000,-1.0,-1.0,-1.0
2026/08/03,1078.0,1085.0,1000.0,1029.0,4462000,-1.0,-1.0,-1.0
2026/08/04,1034.2,1038.6000000000001,994.4000000000001,1012.8000000000001,3902500,-1.0,-1.0,-1.0
2026/08/05,1032.8,1045.0,1025.8,1036.2,2244500,-1.0,-1.0,-1.0
2026/08/06,1043.0,1064.0,1031.4,1042.2,2252500,-1.0,-1.0,-1.0
2026/08/07,1028.6000000000001,1050.6000000000001,1024.8,1033.0,3253000,-1.0,-1.0,-1.0
2026/08/10,1035.6000000000001,1048.8,1022.4000000000001,1036.8,1920000,-1.0,-1.0,-1.0
2026/08/12,1047.6000000000001,1056.2,1034.4,1036.4,1701500,-1.0,-1.0,-1.0
2026/08/13,1036.4,1044.8,1030.0,1035.8,1607500,-1.0,-1.0,-1.0
2026/08/14,1046.6000000000001,1062.6000000000001,1035.6000000000001,1041.6000000000001,2101500,-1.0,-1.0,-1.0
2026/08/17,1044.0,1055.4,1042.2,1054.0,1483000,-1.0,-1.0,-1.0
2026/08/18,1054.0,1067.4,1052.6000000000001,1059.4,2064000,-1.0,-1.0,-1.0
2026/08/19,1042.4,1042.4,1005.0,1010.6,2274000,-1.0,-1.0,-1.0
2026/08/20,1060.0,1074.6000000000001,1053.0,1067.8,3234500,-1.0,-1.0,-1.0
2026/08/21,1063.2,1068.6000000000001,1054.0,1067.4,1906500,-1.0,-1.0,-1.0
2026/08/24,1060.0,1081.4,1052.0,1074.0,1617000,-1.0,-1.0,-1.0
2026/08/25,1077.6000000000001,1077.6000000000001,1054.0,1062.8,1867000,-1.0,-1.0,-1.0
2026/08/26,1079.2,1093.8,1073.6000000000001,1082.4,2487500,-1.0,-1.0,-1.0
2026/08/27,1082.0,1090.4,1074.0,1075.4,1516000,-1.0,-1.0,-1.0
2026/08/28,1075.4,1096.0,1070.2,1081.4,2108000,-1.0,-1.0,-1.0
2026/08/31,1083.0,1101.8,1079.4,1099.0,2148500,-1.0,-1.0,-1.0
2026/09/01,1094.0,1119.0,1087.0,1116.2,1956500,-1.0,-1.0,-1.0
2026/09/02,1110.0,1114.0,1068.8,1075.6000000000001,2354000,-1.0,-1.0,-1.0
2026/09/03,1082.6000000000001,1091.4,1075.0,1087.6000000000001,1484500,-1.0,-1.0,-1.0
2026/09/04,1086.0,1086.0,1068.8,1080.4,1930500,-1.0,-1.0,-1.0
2026/09/07,1098.0,1109.6000000000001,1088.8,1096.0,2602500,-1.0,-1.0,-1.0
2026/09/08,1076.8,1076.8,1010.6,1010.6,4876500,-1.0,-1.0,-1.0
2026/09/09,1010.0,1023.2,1004.6,1017.8000000000001,2621000,-1.0,-1.0,-1.0
2026/09/10,1008.4000000000001,1017.0,1004.4000000000001,1010.6,2293500,-1.0,-1.0,-1.0
2026/09/11,996.0,1032.8,995.2,1029.8,3860000,-1.0,-1.0,-1.0
2026/09/14,1017.0,1030.8,1012.2,1024.0,1477500,-1.0,-1.0,-1.0
2026/09/15,1024.8,1032.8,1021.6,1027.6000000000001,1508000,-1.0,-1.0,-1.0
2026/09/16,1033.4,1044.8,1031.4,1036.4,1954000,-1.0,-1.0,-1.0
2026/09/17,1049.0,1060.0,1032.0,1057.4,2320500,-1.0,-1.0,-1.0
2026/09/18,1063.6000000000001,1064.0,1041.4,1044.6000000000001,3586500,-1.0,-1.0,-1.0
2026/09/24,1053.0,1059.2,1047.0,1051.0,2698500,-1.0,-1.0,-1.0
2026/09/25,1051.2,1064.4,1042.6000000000001,1062.0,1750500,-1.0,-1.0,-1.0
2026/09/28,5315.0,5370.0,5264.0,5264.0,515000,-1.0,-1.0,-1.0
2026/09/29,1028.0,1030.0,1009.0,1017.5,2045800,-1.0,-1.0,-1.0
2026/09/30,1040.0,1049.5,1017.5,1038.5,2869400,-1.0,-1.0,-1.0
2026/10/01,1041.5,1044.5,1023.5,1043.5,2641300,-1.0,-1.0,-1.0
2026/10/02,1037.0,1048.0,1025.5,1038.5,2494500,-1.0,-1.0,-1.0
2026/10/05,1036.0,1066.0,1033.0,1050.5,2551300,-1.0,-1.0,-1.0
2026/10/06,1054.0,1071.0,1045.5,1071.0,2523000,-1.0,-1.0,-1.0
2026/10/07,1065.0,1080.5,1060.0,1074.0,2658200,-1.0,-1.0,-1.0
