date,open,high,low,close,volume,rs_nikkei,rs_topix,rs
2014/03/26,325.0,330.66666666666663,318.66666666666663,329.0,321900,-1.0,-1.0,-1.0
2014/03/27,316.66666666666663,317.3333333333333,313.66666666666663,315.66666666666663,173700,-1.0,-1.0,-1.0
2014/03/28,316.3333333333333,320.3333333333333,313.3333333333333,319.3333333333333,78300,-1.0,-1.0,-1.0
2014/03/31,318.66666666666663,323.0,318.3333333333333,322.3333333333333,88200,-1.0,-1.0,-1.0
2014/04/01,327.3333333333333,327.3333333333333,319.0,320.3333333333333,187800,-1.0,-1.0,-1.0
2014/04/02,321.66666666666663,325.0,319.0,321.0,132000,-1.0,-1.0,-1.0
2014/04/03,325.3333333333333,325.66666666666663,321.0,324.66666666666663,120600,-1.0,-1.0,-1.0
2014/04/04,323.0,326.66666666666663,322.3333333333333,322.3333333333333,66300,-1.0,-1.0,-1.0
2014/04/07,321.3333333333333,321.66666666666663,318.0,318.66666666666663,50700,-1.0,-1.0,-1.0
2014/04/08,318.3333333333333,319.0,314.66666666666663,315.0,65100,-1.0,-1.0,-1.0
2014/04/09,313.3333333333333,313.3333333333333,309.0,309.0,111600,-1.0,-1.0,-1.0
2014/04/10,313.3333333333333,314.66666666666663,309.3333333333333,309.66666666666663,66900,-1.0,-1.0,-1.0
2014/04/11,306.66666666666663,309.0,303.0,306.3333333333333,84300,-1.0,-1.0,-1.0
2014/04/14,305.66666666666663,311.66666666666663,305.0,306.3333333333333,67500,-1.0,-1.0,-1.0
2014/04/15,308.3333333333333,312.0,308.3333333333333,309.3333333333333,45000,-1.0,-1.0,-1.0
2014/04/16,310.0,313.0,309.3333333333333,310.66666666666663,60000,-1.0,-1.0,-1.0
2014/04/17,312.66666666666663,316.3333333333333,312.0,312.3333333333333,24900,-1.0,-1.0,-1.0
2014/04/18,316.0,316.3333333333333,314.0,315.66666666666663,41100,-1.0,-1.0,-1.0
2014/04/21,314.0,316.3333333333333,312.0,312.66666666666663,37800,-1.0,-1.0,-1.0
2014/04/22,313.0,315.3333333333333,311.0,311.0,24900,-1.0,-1.0,-1.0
2014/04/23,311.0,313.3333333333333,311.0,312.3333333333333,35400,-1.0,-1.0,-1.0
2014/04/24,313.3333333333333,314.0,311.0,311.3333333333333,57000,-1.0,-1.0,-1.0
2014/04/25,311.66666666666663,316.3333333333333,311.66666666666663,315.0,33600,-1.0,-1.0,-1.0
2014/04/28,311.66666666666663,314.66666666666663,311.0,313.0,45000,-1.0,-1.0,-1.0
2014/04/30,314.0,315.66666666666663,312.66666666666663,314.0,66600,-1.0,-1.0,-1.0
2014/05/01,317.66666666666663,324.3333333333333,317.66666666666663,323.66666666666663,111600,-1.0,-1.0,-1.0
2014/05/02,323.66666666666663,325.66666666666663,323.0,324.66666666666663,67500,-1.0,-1.0,-1.0
2014/05/07,323.66666666666663,323.66666666666663,315.3333333333333,316.0,78300,-1.0,-1.0,-1.0
2014/05/08,317.0,320.66666666666663,317.0,317.0,37200,-1.0,-1.0,-1.0
2014/05/09,316.66666666666663,318.66666666666663,315.66666666666663,316.3333333333333,63600,-1.0,-1.0,-1.0
2014/05/12,316.66666666666663,319.0,316.3333333333333,316.66666666666663,32400,-1.0,-1.0,-1.0
2014/05/13,321.0,321.66666666666663,316.66666666666663,317.0,35100,-1.0,-1.0,-1.0
2014/05/14,316.0,318.66666666666663,315.0,317.3333333333333,63300,-1.0,-1.0,-1.0
2014/05/15,312.3333333333333,313.66666666666663,310.0,310.3333333333333,163200,-1.0,-1.0,-1.0
2014/05/16,310.0,311.66666666666663,309.3333333333333,309.66666666666663,102600,-1.0,-1.0,-1.0
2014/05/19,309.66666666666663,311.3333333333333,308.3333333333333,308.3333333333333,58500,-1.0,-1.0,-1.0
2014/05/20,307.3333333333333,310.0,305.0,305.3333333333333,99300,-1.0,-1.0,-1.0
2014/05/21,305.3333333333333,306.0,303.3333333333333,304.3333333333333,98400,-1.0,-1.0,-1.0
2014/05/22,306.0,310.3333333333333,306.0,310.0,45600,-1.0,-1.0,-1.0
2014/05/23,311.0,314.3333333333333,310.3333333333333,312.66666666666663,71400,-1.0,-1.0,-1.0
2014/05/26,312.66666666666663,315.0,312.66666666666663,315.0,56700,-1.0,-1.0,-1.0
2014/05/27,313.0,317.0,313.0,317.0,81000,-1.0,-1.0,-1.0
2014/05/28,317.66666666666663,318.0,313.66666666666663,316.0,153900,-1.0,-1.0,-1.0
2014/05/29,313.66666666666663,316.0,313.66666666666663,315.3333333333333,121500,-1.0,-1.0,-1.0
2014/05/30,315.3333333333333,319.3333333333333,310.66666666666663,312.3333333333333,531600,-1.0,-1.0,-1.0
2014/06/02,314.66666666666663,318.3333333333333,313.66666666666663,316.3333333333333,148200,-1.0,-1.0,-1.0
2014/06/03,317.66666666666663,320.66666666666663,315.66666666666663,319.66666666666663,145500,-1.0,-1.0,-1.0
2014/06/04,320.0,321.3333333333333,319.3333333333333,320.0,78900,-1.0,-1.0,-1.0
2014/06/05,320.3333333333333,321.66666666666663,319.3333333333333,321.66666666666663,110100,-1.0,-1.0,-1.0
2014/06/06,321.66666666666663,321.66666666666663,319.0,319.66666666666663,94200,-1.0,-1.0,-1.0
2014/06/09,322.0,324.0,321.0,323.0,97500,-1.0,-1.0,-1.0
2014/06/10,322.0,324.3333333333333,322.0,323.3333333333333,81900,-1.0,-1.0,-1.0
2014/06/11,321.0,328.66666666666663,321.0,328.3333333333333,171000,-1.0,-1.0,-1.0
2014/06/12,325.66666666666663,329.3333333333333,323.0,327.66666666666663,171300,-1.0,-1.0,-1.0
2014/06/13,325.0,331.3333333333333,324.3333333333333,329.3333333333333,170700,-1.0,-1.0,-1.0
2014/06/16,336.3333333333333,336.3333333333333,330.0,333.66666666666663,184500,-1.0,-1.0,-1.0
2014/06/17,333.0,338.0,333.0,337.0,161700,-1.0,-1.0,-1.0
2014/06/18,338.3333333333333,341.66666666666663,338.3333333333333,341.66666666666663,82500,-1.0,-1.0,-1.0
2014/06/19,340.0,344.66666666666663,340.0,343.66666666666663,162600,-1.0,-1.0,-1.0
2014/06/20,343.66666666666663,360.3333333333333,342.3333333333333,360.3333333333333,349200,-1.0,-1.0,-1.0
2014/06/23,356.66666666666663,358.3333333333333,350.3333333333333,352.0,217200,-1.0,-1.0,-1.0
2014/06/24,348.66666666666663,355.0,347.3333333333333,354.0,104700,-1.0,-1.0,-1.0
2014/06/25,354.0,357.3333333333333,353.0,354.0,100200,-1.0,-1.0,-1.0
2014/06/26,353.0,356.66666666666663,353.0,354.66666666666663,78000,-1.0,-1.0,-1.0
2014/06/27,354.66666666666663,355.3333333333333,349.0,351.3333333333333,78300,-1.0,-1.0,-1.0
2014/06/30,351.0,360.0,346.66666666666663,358.66666666666663,156600,-1.0,-1.0,-1.0
2014/07/01,358.66666666666663,364.66666666666663,358.66666666666663,360.3333333333333,160200,-1.0,-1.0,-1.0
2014/07/02,360.66666666666663,363.3333333333333,358.0,358.3333333333333,79800,-1.0,-1.0,-1.0
2014/07/03,360.0,361.0,358.0,358.66666666666663,89700,-1.0,-1.0,-1.0
2014/07/04,358.0,359.66666666666663,358.0,358.3333333333333,69300,-1.0,-1.0,-1.0
2014/07/07,360.0,362.66666666666663,359.66666666666663,361.66666666666663,57600,-1.0,-1.0,-1.0
2014/07/08,360.66666666666663,363.3333333333333,359.66666666666663,361.3333333333333,102000,-1.0,-1.0,-1.0
2014/07/09,359.66666666666663,360.3333333333333,358.0,358.3333333333333,40500,-1.0,-1.0,-1.0
2014/07/10,358.3333333333333,358.3333333333333,348.66666666666663,348.66666666666663,116700,-1.0,-1.0,-1.0
2014/07/11,344.0,353.3333333333333,343.3333333333333,352.3333333333333,75600,-1.0,-1.0,-1.0
2014/07/14,351.0,354.3333333333333,349.0,354.3333333333333,51300,-1.0,-1.0,-1.0
2014/07/15,355.0,356.0,352.3333333333333,354.0,62400,-1.0,-1.0,-1.0
2014/07/16,351.0,356.0,351.0,355.0,39000,-1.0,-1.0,-1.0
2014/07/17,355.0,356.66666666666663,354.3333333333333,356.3333333333333,57300,-1.0,-1.0,-1.0
2014/07/18,350.3333333333333,353.0,350.0,351.66666666666663,28200,-1.0,-1.0,-1.0
2014/07/22,351.66666666666663,357.66666666666663,351.66666666666663,356.3333333333333,103800,-1.0,-1.0,-1.0
2014/07/23,356.3333333333333,357.0,354.66666666666663,354.66666666666663,27300,-1.0,-1.0,-1.0
2014/07/24,353.3333333333333,359.66666666666663,352.3333333333333,358.3333333333333,79200,-1.0,-1.0,-1.0
2014/07/25,358.3333333333333,359.0,356.66666666666663,358.0,54600,-1.0,-1.0,-1.0
2014/07/28,357.3333333333333,361.66666666666663,356.66666666666663,361.3333333333333,71400,-1.0,-1.0,-1.0
2014/07/29,359.0,362.3333333333333,359.0,360.66666666666663,53400,-1.0,-1.0,-1.0
2014/07/30,360.0,361.66666666666663,360.0,361.3333333333333,45000,-1.0,-1.0,-1.0
2014/07/31,359.66666666666663,364.0,354.66666666666663,355.0,118200,-1.0,-1.0,-1.0
2014/08/01,350.0,351.0,344.0,349.0,126000,-1.0,-1.0,-1.0
2014/08/04,350.0,350.0,343.3333333333333,346.66666666666663,84600,-1.0,-1.0,-1.0
2014/08/05,348.3333333333333,348.66666666666663,345.3333333333333,347.0,88500,-1.0,-1.0,-1.0
2014/08/06,345.3333333333333,346.0,343.0,344.0,52800,-1.0,-1.0,-1.0
2014/08/07,346.0,346.0,343.66666666666663,345.66666666666663,50700,-1.0,-1.0,-1.0
2014/08/08,345.66666666666663,347.3333333333333,334.0,339.66666666666663,75300,-1.0,-1.0,-1.0
2014/08/11,340.0,346.66666666666663,340.0,345.66666666666663,71700,-1.0,-1.0,-1.0
2014/08/12,350.0,351.66666666666663,346.66666666666663,350.3333333333333,45300,-1.0,-1.0,-1.0
2014/08/13,348.3333333333333,351.0,346.66666666666663,349.0,90600,-1.0,-1.0,-1.0
2014/08/14,350.0,351.66666666666663,349.66666666666663,350.66666666666663,25800,-1.0,-1.0,-1.0
2014/08/15,350.66666666666663,351.0,346.3333333333333,348.3333333333333,77700,-1.0,-1.0,-1.0
2014/08/18,346.0,348.0,345.0,345.66666666666663,42300,-1.0,-1.0,-1.0
2014/08/19,348.3333333333333,349.0,344.0,348.0,45900,-1.0,-1.0,-1.0
2014/08/20,345.66666666666663,350.0,345.66666666666663,349.0,45300,-1.0,-1.0,-1.0
2014/08/21,348.3333333333333,353.3333333333333,348.3333333333333,352.0,67200,-1.0,-1.0,-1.0
2014/08/22,351.66666666666663,353.3333333333333,349.3333333333333,351.3333333333333,35700,-1.0,-1.0,-1.0
2014/08/25,351.3333333333333,352.3333333333333,350.66666666666663,352.0,14100,-1.0,-1.0,-1.0
2014/08/26,352.0,354.66666666666663,350.3333333333333,354.0,38100,-1.0,-1.0,-1.0
2014/08/27,357.3333333333333,359.0,355.0,358.66666666666663,75300,-1.0,-1.0,-1.0
2014/08/28,358.3333333333333,358.3333333333333,355.3333333333333,356.66666666666663,19800,-1.0,-1.0,-1.0
2014/08/29,356.66666666666663,357.0,354.66666666666663,356.66666666666663,36000,-1.0,-1.0,-1.0
2014/09/01,356.66666666666663,357.66666666666663,355.0,357.0,32700,-1.0,-1.0,-1.0
2014/09/02,355.66666666666663,361.66666666666663,355.3333333333333,361.0,97200,-1.0,-1.0,-1.0
2014/09/03,361.0,362.0,359.0,359.3333333333333,55200,-1.0,-1.0,-1.0
2014/09/04,360.66666666666663,362.0,357.3333333333333,358.0,78900,-1.0,-1.0,-1.0
2014/09/05,362.3333333333333,362.3333333333333,356.0,356.3333333333333,55800,-1.0,-1.0,-1.0
2014/09/08,358.3333333333333,360.0,356.66666666666663,359.3333333333333,88200,-1.0,-1.0,-1.0
2014/09/09,360.0,361.0,358.0,360.0,57900,-1.0,-1.0,-1.0
2014/09/10,357.66666666666663,363.3333333333333,357.66666666666663,362.66666666666663,58200,-1.0,-1.0,-1.0
2014/09/11,362.66666666666663,364.0,362.0,363.66666666666663,46200,-1.0,-1.0,-1.0
2014/09/12,365.0,366.66666666666663,364.66666666666663,365.66666666666663,116100,-1.0,-1.0,-1.0
2014/09/16,365.66666666666663,366.66666666666663,361.0,366.66666666666663,60600,-1.0,-1.0,-1.0
2014/09/17,366.3333333333333,366.66666666666663,364.66666666666663,365.66666666666663,32700,-1.0,-1.0,-1.0
2014/09/18,364.66666666666663,367.3333333333333,364.66666666666663,367.3333333333333,39000,-1.0,-1.0,-1.0
2014/09/19,367.3333333333333,371.0,366.3333333333333,368.66666666666663,101100,-1.0,-1.0,-1.0
2014/09/22,370.66666666666663,371.66666666666663,368.0,370.0,47100,-1.0,-1.0,-1.0
2014/09/24,371.0,373.0,370.3333333333333,372.0,100200,-1.0,-1.0,-1.0
2014/09/25,373.66666666666663,376.66666666666663,373.66666666666663,376.66666666666663,120000,-1.0,-1.0,-1.0
2014/09/26,370.0,375.0,365.66666666666663,373.66666666666663,101100,-1.0,-1.0,-1.0
2014/09/29,373.66666666666663,373.66666666666663,360.0,372.3333333333333,68100,-1.0,-1.0,-1.0
2014/09/30,366.66666666666663,370.3333333333333,365.3333333333333,369.0,66000,-1.0,-1.0,-1.0
2014/10/01,368.3333333333333,371.66666666666663,367.0,368.66666666666663,54300,-1.0,-1.0,-1.0
2014/10/02,359.66666666666663,362.66666666666663,353.3333333333333,353.3333333333333,100800,-1.0,-1.0,-1.0
2014/10/03,353.3333333333333,357.3333333333333,353.3333333333333,355.0,46200,-1.0,-1.0,-1.0
2014/10/06,358.66666666666663,364.3333333333333,357.66666666666663,362.66666666666663,43800,-1.0,-1.0,-1.0
2014/10/07,364.0,370.3333333333333,363.66666666666663,366.0,102600,-1.0,-1.0,-1.0
2014/10/08,359.66666666666663,362.3333333333333,358.66666666666663,360.66666666666663,91200,-1.0,-1.0,-1.0
2014/10/09,361.66666666666663,364.3333333333333,356.3333333333333,358.3333333333333,97800,-1.0,-1.0,-1.0
2014/10/10,351.66666666666663,358.66666666666663,351.66666666666663,353.3333333333333,89400,-1.0,-1.0,-1.0
2014/10/14,342.3333333333333,348.0,340.66666666666663,343.3333333333333,92100,-1.0,-1.0,-1.0
2014/10/15,343.3333333333333,349.66666666666663,341.66666666666663,349.3333333333333,90000,-1.0,-1.0,-1.0
2014/10/16,340.0,344.0,337.66666666666663,339.66666666666663,110700,-1.0,-1.0,-1.0
2014/10/17,339.66666666666663,346.0,335.3333333333333,336.66666666666663,104100,-1.0,-1.0,-1.0
2014/10/20,341.0,345.66666666666663,341.0,344.66666666666663,54300,-1.0,-1.0,-1.0
2014/10/21,346.66666666666663,348.3333333333333,343.66666666666663,345.0,59100,-1.0,-1.0,-1.0
2014/10/22,346.66666666666663,349.0,346.0,348.66666666666663,34500,-1.0,-1.0,-1.0
2014/10/23,346.66666666666663,352.0,346.3333333333333,348.3333333333333,37200,-1.0,-1.0,-1.0
2014/10/24,349.3333333333333,353.3333333333333,346.0,349.3333333333333,36900,-1.0,-1.0,-1.0
2014/10/27,352.3333333333333,353.66666666666663,351.0,352.3333333333333,28800,-1.0,-1.0,-1.0
2014/10/28,352.3333333333333,355.66666666666663,350.3333333333333,351.66666666666663,77700,-1.0,-1.0,-1.0
2014/10/29,350.3333333333333,363.3333333333333,350.3333333333333,356.3333333333333,78300,-1.0,-1.0,-1.0
2014/10/30,352.66666666666663,356.3333333333333,351.0,351.0,258900,-1.0,-1.0,-1.0
2014/10/31,353.0,366.0,352.66666666666663,363.66666666666663,172200,-1.0,-1.0,-1.0
2014/11/04,366.66666666666663,374.3333333333333,366.66666666666663,372.0,203100,-1.0,-1.0,-1.0
2014/11/05,372.0,383.0,372.0,381.66666666666663,291900,-1.0,-1.0,-1.0
2014/11/06,383.3333333333333,386.66666666666663,381.66666666666663,382.66666666666663,150900,-1.0,-1.0,-1.0
2014/11/07,382.66666666666663,386.3333333333333,382.66666666666663,385.0,102000,-1.0,-1.0,-1.0
2014/11/10,383.3333333333333,390.66666666666663,383.3333333333333,390.0,104100,-1.0,-1.0,-1.0
2014/11/11,389.66666666666663,393.0,381.66666666666663,384.3333333333333,134700,-1.0,-1.0,-1.0
2014/11/12,388.0,388.0,383.0,384.0,150900,-1.0,-1.0,-1.0
2014/11/13,383.0,383.66666666666663,377.66666666666663,383.0,67200,-1.0,-1.0,-1.0
2014/11/14,381.66666666666663,389.3333333333333,381.3333333333333,382.3333333333333,130500,-1.0,-1.0,-1.0
2014/11/17,382.3333333333333,382.3333333333333,371.66666666666663,377.3333333333333,100500,-1.0,-1.0,-1.0
2014/11/18,378.0,378.0,372.3333333333333,377.0,104700,-1.0,-1.0,-1.0
2014/11/19,377.66666666666663,381.0,375.3333333333333,375.66666666666663,64500,-1.0,-1.0,-1.0
2014/11/20,381.3333333333333,381.3333333333333,377.0,377.0,38400,-1.0,-1.0,-1.0
2014/11/21,375.66666666666663,377.3333333333333,371.66666666666663,376.0,73800,-1.0,-1.0,-1.0
2014/11/25,378.3333333333333,384.66666666666663,378.3333333333333,384.66666666666663,96900,-1.0,-1.0,-1.0
2014/11/26,383.3333333333333,391.3333333333333,383.3333333333333,390.66666666666663,131700,-1.0,-1.0,-1.0
2014/11/27,385.66666666666663,392.0,385.66666666666663,392.0,103200,-1.0,-1.0,-1.0
2014/11/28,392.3333333333333,399.66666666666663,392.3333333333333,398.3333333333333,211500,-1.0,-1.0,-1.0
2014/12/01,399.3333333333333,402.0,397.3333333333333,400.3333333333333,181500,-1.0,-1.0,-1.0
2014/12/02,398.66666666666663,405.3333333333333,396.0,405.3333333333333,185400,-1.0,-1.0,-1.0
2014/12/03,405.66666666666663,409.0,403.3333333333333,407.3333333333333,175800,-1.0,-1.0,-1.0
2014/12/04,410.0,419.0,409.66666666666663,418.0,357300,-1.0,-1.0,-1.0
2014/12/05,416.66666666666663,419.3333333333333,413.66666666666663,419.0,135300,-1.0,-1.0,-1.0
2014/12/08,419.3333333333333,422.66666666666663,418.66666666666663,420.3333333333333,97200,-1.0,-1.0,-1.0
2014/12/09,416.66666666666663,417.66666666666663,411.66666666666663,411.66666666666663,114300,-1.0,-1.0,-1.0
2014/12/10,407.0,407.66666666666663,400.3333333333333,401.0,123900,-1.0,-1.0,-1.0
2014/12/11,391.0,396.3333333333333,391.0,393.66666666666663,124500,-1.0,-1.0,-1.0
2014/12/12,385.66666666666663,395.3333333333333,385.66666666666663,387.3333333333333,166200,-1.0,-1.0,-1.0
2014/12/15,387.66666666666663,392.3333333333333,384.3333333333333,387.66666666666663,73200,-1.0,-1.0,-1.0
2014/12/16,383.3333333333333,387.66666666666663,381.0,381.66666666666663,113100,-1.0,-1.0,-1.0
2014/12/17,379.3333333333333,383.0,378.0,378.0,61800,-1.0,-1.0,-1.0
2014/12/18,392.66666666666663,399.3333333333333,384.0,392.0,111300,-1.0,-1.0,-1.0
2014/12/19,396.66666666666663,397.0,386.0,386.3333333333333,164100,-1.0,-1.0,-1.0
2014/12/22,389.66666666666663,396.0,389.0,394.0,59400,-1.0,-1.0,-1.0
2014/12/24,399.3333333333333,399.3333333333333,394.66666666666663,396.0,54300,-1.0,-1.0,-1.0
2014/12/25,396.0,400.0,393.3333333333333,396.3333333333333,79800,-1.0,-1.0,-1.0
2014/12/26,395.0,401.3333333333333,395.0,400.3333333333333,26100,-1.0,-1.0,-1.0
2014/12/29,400.3333333333333,403.3333333333333,397.66666666666663,400.3333333333333,82800,-1.0,-1.0,-1.0
2014/12/30,402.0,402.66666666666663,396.3333333333333,397.66666666666663,50700,-1.0,-1.0,-1.0
2015/01/05,400.66666666666663,404.66666666666663,397.66666666666663,400.66666666666663,66600,-1.0,-1.0,-1.0
2015/01/06,395.3333333333333,395.3333333333333,392.3333333333333,392.66666666666663,83100,-1.0,-1.0,-1.0
2015/01/07,389.3333333333333,393.66666666666663,389.3333333333333,393.0,46200,-1.0,-1.0,-1.0
2015/01/08,393.66666666666663,399.0,393.66666666666663,397.3333333333333,43500,-1.0,-1.0,-1.0
2015/01/09,398.0,401.3333333333333,397.66666666666663,398.3333333333333,51600,-1.0,-1.0,-1.0
2015/01/13,398.3333333333333,404.0,396.0,399.0,111600,-1.0,-1.0,-1.0
2015/01/14,395.0,396.66666666666663,392.0,392.0,30600,-1.0,-1.0,-1.0
2015/01/15,391.66666666666663,396.66666666666663,391.0,396.0,44700,-1.0,-1.0,-1.0
2015/01/16,393.0,394.3333333333333,387.66666666666663,393.3333333333333,92100,-1.0,-1.0,-1.0
2015/01/19,393.3333333333333,393.3333333333333,383.3333333333333,386.0,70800,-1.0,-1.0,-1.0
2015/01/20,389.66666666666663,394.3333333333333,387.3333333333333,394.3333333333333,60000,-1.0,-1.0,-1.0
2015/01/21,395.66666666666663,395.66666666666663,391.0,393.3333333333333,39000,-1.0,-1.0,-1.0
2015/01/22,397.0,397.0,389.66666666666663,394.0,78600,-1.0,-1.0,-1.0
2015/01/23,396.0,399.0,393.0,394.3333333333333,56400,-1.0,-1.0,-1.0
2015/01/26,385.3333333333333,402.0,385.3333333333333,399.3333333333333,69900,-1.0,-1.0,-1.0
2015/01/27,399.66666666666663,403.0,396.66666666666663,401.3333333333333,43200,-1.0,-1.0,-1.0
2015/01/28,401.0,405.3333333333333,397.66666666666663,403.66666666666663,57300,-1.0,-1.0,-1.0
2015/01/29,403.3333333333333,403.3333333333333,397.3333333333333,401.0,32700,-1.0,-1.0,-1.0
2015/01/30,401.0,410.0,398.66666666666663,407.66666666666663,75600,-1.0,-1.0,-1.0
2015/02/02,410.0,416.66666666666663,406.3333333333333,416.0,147000,-1.0,-1.0,-1.0
2015/02/03,416.0,420.66666666666663,412.3333333333333,419.3333333333333,110400,-1.0,-1.0,-1.0
2015/02/04,416.3333333333333,427.66666666666663,416.3333333333333,424.3333333333333,150600,-1.0,-1.0,-1.0
2015/02/05,426.66666666666663,426.66666666666663,417.0,423.3333333333333,136800,-1.0,-1.0,-1.0
2015/02/06,427.3333333333333,428.0,420.0,422.3333333333333,115800,-1.0,-1.0,-1.0
2015/02/09,425.3333333333333,430.3333333333333,420.66666666666663,429.66666666666663,113100,-1.0,-1.0,-1.0
2015/02/10,427.0,432.66666666666663,425.3333333333333,432.66666666666663,123000,-1.0,-1.0,-1.0
2015/02/12,433.0,441.66666666666663,433.0,435.3333333333333,151800,-1.0,-1.0,-1.0
2015/02/13,435.3333333333333,435.3333333333333,425.0,428.66666666666663,80100,-1.0,-1.0,-1.0
2015/02/16,428.66666666666663,433.3333333333333,428.66666666666663,431.66666666666663,74400,-1.0,-1.0,-1.0
2015/02/17,431.66666666666663,438.66666666666663,431.66666666666663,437.0,49500,-1.0,-1.0,-1.0
2015/02/18,437.3333333333333,444.0,437.3333333333333,442.0,129900,-1.0,-1.0,-1.0
2015/02/19,445.66666666666663,448.66666666666663,444.3333333333333,448.3333333333333,102000,-1.0,-1.0,-1.0
2015/02/20,449.66666666666663,451.0,440.3333333333333,448.66666666666663,103200,-1.0,-1.0,-1.0
2015/02/23,449.0,455.0,449.0,452.3333333333333,95700,-1.0,-1.0,-1.0
2015/02/24,454.3333333333333,457.0,448.66666666666663,452.66666666666663,67800,-1.0,-1.0,-1.0
2015/02/25,456.3333333333333,456.66666666666663,449.0,451.66666666666663,44100,-1.0,-1.0,-1.0
2015/02/26,453.0,460.0,453.0,459.3333333333333,95100,-1.0,-1.0,-1.0
2015/02/27,460.0,462.66666666666663,457.0,459.66666666666663,74700,-1.0,-1.0,-1.0
2015/03/02,461.66666666666663,462.3333333333333,457.0,457.0,44100,-1.0,-1.0,-1.0
2015/03/03,457.0,457.0,448.0,448.0,83100,-1.0,-1.0,-1.0
2015/03/04,442.66666666666663,451.0,438.66666666666663,448.3333333333333,100800,-1.0,-1.0,-1.0
2015/03/05,447.66666666666663,456.0,447.3333333333333,455.0,64800,-1.0,-1.0,-1.0
2015/03/06,455.3333333333333,466.0,455.3333333333333,464.3333333333333,106800,-1.0,-1.0,-1.0
2015/03/09,458.3333333333333,465.66666666666663,456.66666666666663,462.3333333333333,79800,-1.0,-1.0,-1.0
2015/03/10,462.66666666666663,466.66666666666663,461.3333333333333,462.3333333333333,57900,-1.0,-1.0,-1.0
2015/03/11,461.3333333333333,466.66666666666663,461.3333333333333,464.3333333333333,38400,-1.0,-1.0,-1.0
2015/03/12,464.66666666666663,466.3333333333333,463.66666666666663,465.0,45600,-1.0,-1.0,-1.0
2015/03/13,465.66666666666663,472.66666666666663,465.0,468.66666666666663,130800,-1.0,-1.0,-1.0
2015/03/16,471.66666666666663,472.66666666666663,466.66666666666663,472.66666666666663,76500,-1.0,-1.0,-1.0
2015/03/17,473.3333333333333,482.0,473.3333333333333,478.0,80100,-1.0,-1.0,-1.0
2015/03/18,483.3333333333333,489.0,481.0,482.3333333333333,133500,-1.0,-1.0,-1.0
2015/03/19,483.0,483.0,473.3333333333333,476.3333333333333,92400,-1.0,-1.0,-1.0
2015/03/20,476.66666666666663,477.3333333333333,467.66666666666663,473.3333333333333,169800,-1.0,-1.0,-1.0
2015/03/23,483.3333333333333,483.66666666666663,475.66666666666663,478.66666666666663,78600,-1.0,-1.0,-1.0
2015/03/24,477.66666666666663,484.66666666666663,477.66666666666663,484.0,120600,-1.0,-1.0,-1.0
2015/03/25,483.3333333333333,485.0,478.66666666666663,484.3333333333333,76500,-1.0,-1.0,-1.0
2015/03/26,485.66666666666663,488.0,483.0,485.0,121800,-1.0,-1.0,-1.0
2015/03/27,480.3333333333333,485.0,473.66666666666663,479.66666666666663,189600,-1.0,-1.0,-1.0
2015/03/30,479.66666666666663,479.66666666666663,462.3333333333333,474.3333333333333,137100,-1.0,-1.0,-1.0
2015/03/31,478.3333333333333,482.3333333333333,475.3333333333333,478.3333333333333,103800,-1.0,-1.0,-1.0
2015/04/01,471.0,473.66666666666663,463.66666666666663,471.0,158400,-1.0,-1.0,-1.0
2015/04/02,473.3333333333333,483.3333333333333,471.3333333333333,480.66666666666663,115800,-1.0,-1.0,-1.0
2015/04/03,483.3333333333333,484.0,479.66666666666663,483.0,68100,-1.0,-1.0,-1.0
2015/04/06,482.66666666666663,488.0,481.3333333333333,488.0,84000,-1.0,-1.0,-1.0
2015/04/07,488.0,493.3333333333333,481.66666666666663,485.0,88800,-1.0,-1.0,-1.0
2015/04/08,482.0,488.3333333333333,482.0,486.66666666666663,58800,-1.0,-1.0,-1.0
2015/04/09,489.3333333333333,489.3333333333333,479.3333333333333,485.3333333333333,70200,-1.0,-1.0,-1.0
2015/04/10,487.66666666666663,487.66666666666663,484.0,485.3333333333333,65700,-1.0,-1.0,-1.0
2015/04/13,487.0,487.0,483.3333333333333,485.3333333333333,41400,-1.0,-1.0,-1.0
2015/04/14,485.3333333333333,486.66666666666663,482.3333333333333,486.3333333333333,66300,-1.0,-1.0,-1.0
2015/04/15,481.0,484.3333333333333,479.66666666666663,483.3333333333333,62700,-1.0,-1.0,-1.0
2015/04/16,482.66666666666663,485.0,482.3333333333333,485.0,61500,-1.0,-1.0,-1.0
2015/04/17,483.0,485.0,482.0,483.0,64800,-1.0,-1.0,-1.0
2015/04/20,478.3333333333333,480.0,468.0,477.66666666666663,71400,-1.0,-1.0,-1.0
2015/04/21,477.66666666666663,478.3333333333333,472.66666666666663,477.3333333333333,78600,-1.0,-1.0,-1.0
2015/04/22,480.3333333333333,481.3333333333333,477.3333333333333,480.3333333333333,42300,-1.0,-1.0,-1.0
2015/04/23,480.3333333333333,485.66666666666663,478.66666666666663,482.66666666666663,56700,-1.0,-1.0,-1.0
2015/04/24,485.3333333333333,486.3333333333333,482.3333333333333,484.0,35400,-1.0,-1.0,-1.0
2015/04/27,481.3333333333333,498.0,481.3333333333333,489.66666666666663,84600,-1.0,-1.0,-1.0
2015/04/28,489.66666666666663,495.0,488.3333333333333,490.66666666666663,56400,-1.0,-1.0,-1.0
2015/04/30,486.0,491.66666666666663,483.66666666666663,487.0,93300,-1.0,-1.0,-1.0
2015/05/01,481.66666666666663,482.0,454.3333333333333,457.0,469200,-1.0,-1.0,-1.0
2015/05/07,452.66666666666663,464.3333333333333,452.66666666666663,457.66666666666663,145200,-1.0,-1.0,-1.0
2015/05/08,462.3333333333333,465.0,455.3333333333333,456.3333333333333,96900,-1.0,-1.0,-1.0
2015/05/11,466.0,469.66666666666663,464.0,465.0,138600,-1.0,-1.0,-1.0
2015/05/12,465.0,471.66666666666663,464.66666666666663,465.3333333333333,114300,-1.0,-1.0,-1.0
2015/05/13,466.0,469.66666666666663,465.66666666666663,466.66666666666663,53700,-1.0,-1.0,-1.0
2015/05/14,469.66666666666663,480.0,468.66666666666663,471.3333333333333,135900,-1.0,-1.0,-1.0
2015/05/15,475.3333333333333,480.0,474.3333333333333,478.66666666666663,57000,-1.0,-1.0,-1.0
2015/05/18,478.66666666666663,493.0,478.66666666666663,491.0,108300,-1.0,-1.0,-1.0
2015/05/19,491.3333333333333,493.3333333333333,486.66666666666663,492.3333333333333,73500,-1.0,-1.0,-1.0
2015/05/20,493.0,495.3333333333333,487.3333333333333,495.3333333333333,116100,-1.0,-1.0,-1.0
2015/05/21,495.0,495.3333333333333,491.66666666666663,493.0,102300,-1.0,-1.0,-1.0
2015/05/22,493.0,496.3333333333333,493.0,496.3333333333333,61200,-1.0,-1.0,-1.0
2015/05/25,496.3333333333333,499.3333333333333,495.0,497.66666666666663,52800,-1.0,-1.0,-1.0
2015/05/26,497.66666666666663,499.0,495.66666666666663,495.66666666666663,50700,-1.0,-1.0,-1.0
2015/05/27,497.3333333333333,497.3333333333333,480.0,488.66666666666663,134400,-1.0,-1.0,-1.0
2015/05/28,488.66666666666663,499.0,488.66666666666663,493.3333333333333,51000,-1.0,-1.0,-1.0
2015/05/29,496.0,502.3333333333333,494.66666666666663,499.66666666666663,116700,-1.0,-1.0,-1.0
2015/06/01,503.0,507.3333333333333,500.3333333333333,507.0,77700,-1.0,-1.0,-1.0
2015/06/02,507.0,515.0,504.3333333333333,508.3333333333333,71400,-1.0,-1.0,-1.0
2015/06/03,508.3333333333333,508.3333333333333,497.0,499.66666666666663,47700,-1.0,-1.0,-1.0
2015/06/04,500.3333333333333,501.66666666666663,493.66666666666663,494.3333333333333,115200,-1.0,-1.0,-1.0
2015/06/05,486.66666666666663,497.3333333333333,486.66666666666663,495.66666666666663,81300,-1.0,-1.0,-1.0
2015/06/08,495.0,499.66666666666663,491.3333333333333,494.0,49500,-1.0,-1.0,-1.0
2015/06/09,491.0,496.3333333333333,489.3333333333333,491.0,52200,-1.0,-1.0,-1.0
2015/06/10,491.3333333333333,498.3333333333333,491.3333333333333,492.3333333333333,57000,-1.0,-1.0,-1.0
2015/06/11,490.66666666666663,498.0,484.3333333333333,485.3333333333333,144900,-1.0,-1.0,-1.0
2015/06/12,485.0,491.3333333333333,480.0,481.66666666666663,213900,-1.0,-1.0,-1.0
2015/06/15,481.66666666666663,498.0,481.66666666666663,496.3333333333333,94500,-1.0,-1.0,-1.0
2015/06/16,498.3333333333333,499.3333333333333,485.0,487.66666666666663,66300,-1.0,-1.0,-1.0
2015/06/17,488.66666666666663,498.3333333333333,487.66666666666663,488.0,96600,-1.0,-1.0,-1.0
2015/06/18,490.0,492.3333333333333,476.3333333333333,476.3333333333333,153900,-1.0,-1.0,-1.0
2015/06/19,480.0,513.3333333333333,480.0,513.3333333333333,247500,-1.0,-1.0,-1.0
2015/06/22,500.0,509.66666666666663,493.66666666666663,495.66666666666663,203700,-1.0,-1.0,-1.0
2015/06/23,492.3333333333333,505.3333333333333,485.0,504.3333333333333,105600,-1.0,-1.0,-1.0
2015/06/24,506.3333333333333,512.6666666666666,494.3333333333333,506.66666666666663,204300,-1.0,-1.0,-1.0
2015/06/25,506.66666666666663,508.66666666666663,502.66666666666663,505.0,48900,-1.0,-1.0,-1.0
2015/06/26,505.3333333333333,508.66666666666663,502.66666666666663,505.0,46500,-1.0,-1.0,-1.0
2015/06/29,493.3333333333333,496.66666666666663,484.0,489.3333333333333,87600,-1.0,-1.0,-1.0
2015/06/30,489.3333333333333,501.66666666666663,488.3333333333333,500.0,75600,-1.0,-1.0,-1.0
2015/07/01,501.66666666666663,503.0,494.0,498.3333333333333,77100,-1.0,-1.0,-1.0
2015/07/02,504.3333333333333,504.3333333333333,497.3333333333333,502.0,36600,-1.0,-1.0,-1.0
2015/07/03,502.0,502.0,493.66666666666663,496.3333333333333,28200,-1.0,-1.0,-1.0
2015/07/06,493.3333333333333,495.66666666666663,489.66666666666663,492.0,67500,-1.0,-1.0,-1.0
2015/07/07,492.0,495.3333333333333,487.0,488.0,52500,-1.0,-1.0,-1.0
2015/07/08,488.66666666666663,488.66666666666663,476.0,476.0,110100,-1.0,-1.0,-1.0
2015/07/09,463.66666666666663,472.66666666666663,453.66666666666663,468.66666666666663,139200,-1.0,-1.0,-1.0
2015/07/10,470.0,479.0,466.3333333333333,471.3333333333333,68700,-1.0,-1.0,-1.0
2015/07/13,478.0,484.0,474.3333333333333,481.66666666666663,54900,-1.0,-1.0,-1.0
2015/07/14,488.66666666666663,502.66666666666663,488.66666666666663,497.66666666666663,59100,-1.0,-1.0,-1.0
2015/07/15,497.3333333333333,499.66666666666663,491.66666666666663,498.0,49200,-1.0,-1.0,-1.0
2015/07/16,500.0,503.3333333333333,497.0,502.3333333333333,54300,-1.0,-1.0,-1.0
2015/07/17,502.3333333333333,505.3333333333333,500.66666666666663,502.66666666666663,31500,-1.0,-1.0,-1.0
2015/07/21,505.0,510.66666666666663,502.66666666666663,507.66666666666663,66000,-1.0,-1.0,-1.0
2015/07/22,506.66666666666663,509.3333333333333,500.66666666666663,507.66666666666663,50100,-1.0,-1.0,-1.0
2015/07/23,508.0,511.3333333333333,505.3333333333333,511.0,50400,-1.0,-1.0,-1.0
2015/07/24,509.0,509.0,500.3333333333333,504.3333333333333,21300,-1.0,-1.0,-1.0
2015/07/27,501.66666666666663,503.0,496.66666666666663,497.3333333333333,47400,-1.0,-1.0,-1.0
2015/07/28,494.0,496.66666666666663,484.3333333333333,495.3333333333333,49800,-1.0,-1.0,-1.0
2015/07/29,497.66666666666663,503.3333333333333,495.66666666666663,500.66666666666663,48600,-1.0,-1.0,-1.0
2015/07/30,500.66666666666663,505.66666666666663,500.66666666666663,505.66666666666663,32100,-1.0,-1.0,-1.0
2015/07/31,505.66666666666663,511.66666666666663,502.66666666666663,508.3333333333333,72300,-1.0,-1.0,-1.0
2015/08/03,510.0,510.0,493.66666666666663,507.3333333333333,57900,-1.0,-1.0,-1.0
2015/08/04,505.0,509.66666666666663,501.66666666666663,506.66666666666663,82200,-1.0,-1.0,-1.0
2015/08/05,505.66666666666663,505.66666666666663,497.3333333333333,501.0,78000,-1.0,-1.0,-1.0
2015/08/06,500.0,506.66666666666663,498.3333333333333,500.66666666666663,113400,-1.0,-1.0,-1.0
2015/08/07,500.66666666666663,502.66666666666663,496.66666666666663,499.66666666666663,48300,-1.0,-1.0,-1.0
2015/08/10,500.66666666666663,501.66666666666663,495.0,500.0,69300,-1.0,-1.0,-1.0
2015/08/11,503.0,504.3333333333333,494.66666666666663,499.66666666666663,78300,-1.0,-1.0,-1.0
2015/08/12,496.66666666666663,500.66666666666663,484.66666666666663,493.3333333333333,118200,-1.0,-1.0,-1.0
2015/08/13,483.66666666666663,493.3333333333333,483.3333333333333,484.0,105300,-1.0,-1.0,-1.0
2015/08/14,484.0,490.66666666666663,484.0,488.0,38700,-1.0,-1.0,-1.0
2015/08/17,491.3333333333333,496.66666666666663,490.66666666666663,496.66666666666663,56700,-1.0,-1.0,-1.0
2015/08/18,496.66666666666663,499.66666666666663,492.0,495.3333333333333,51000,-1.0,-1.0,-1.0
2015/08/19,495.0,498.3333333333333,492.3333333333333,494.66666666666663,47100,-1.0,-1.0,-1.0
2015/08/20,494.66666666666663,494.66666666666663,483.3333333333333,490.3333333333333,50400,-1.0,-1.0,-1.0
2015/08/21,489.0,489.0,475.0,480.3333333333333,126600,-1.0,-1.0,-1.0
2015/08/24,463.3333333333333,468.3333333333333,441.0,442.0,99600,-1.0,-1.0,-1.0
2015/08/25,423.3333333333333,450.0,421.0,425.3333333333333,124500,-1.0,-1.0,-1.0
2015/08/26,426.66666666666663,446.0,426.66666666666663,442.0,105900,-1.0,-1.0,-1.0
2015/08/27,448.66666666666663,468.0,447.0,458.0,94800,-1.0,-1.0,-1.0
2015/08/28,469.66666666666663,474.66666666666663,462.66666666666663,470.0,49800,-1.0,-1.0,-1.0
2015/08/31,466.66666666666663,470.0,466.0,469.3333333333333,66600,-1.0,-1.0,-1.0
2015/09/01,468.3333333333333,468.3333333333333,454.0,456.0,72000,-1.0,-1.0,-1.0
2015/09/02,446.66666666666663,460.66666666666663,446.66666666666663,455.0,111600,-1.0,-1.0,-1.0
2015/09/03,457.66666666666663,458.66666666666663,449.0,453.0,46800,-1.0,-1.0,-1.0
2015/09/04,455.0,455.66666666666663,441.66666666666663,444.66666666666663,66000,-1.0,-1.0,-1.0
2015/09/07,443.0,449.3333333333333,433.0,445.0,59700,-1.0,-1.0,-1.0
2015/09/08,443.0,445.66666666666663,437.3333333333333,437.66666666666663,47100,-1.0,-1.0,-1.0
2015/09/09,453.3333333333333,463.66666666666663,448.0,461.3333333333333,84600,-1.0,-1.0,-1.0
2015/09/10,450.0,461.66666666666663,443.66666666666663,449.66666666666663,39300,-1.0,-1.0,-1.0
2015/09/11,445.66666666666663,456.0,443.3333333333333,450.3333333333333,133200,-1.0,-1.0,-1.0
2015/09/14,452.66666666666663,461.3333333333333,449.66666666666663,450.66666666666663,98400,-1.0,-1.0,-1.0
2015/09/15,452.66666666666663,459.66666666666663,451.3333333333333,452.0,66900,-1.0,-1.0,-1.0
2015/09/16,454.3333333333333,465.0,452.0,459.0,72600,-1.0,-1.0,-1.0
2015/09/17,457.3333333333333,460.66666666666663,450.66666666666663,451.66666666666663,94500,-1.0,-1.0,-1.0
2015/09/18,451.66666666666663,454.3333333333333,432.3333333333333,432.3333333333333,197700,-1.0,-1.0,-1.0
2015/09/24,425.3333333333333,430.3333333333333,418.0,418.3333333333333,152700,-1.0,-1.0,-1.0
2015/09/25,421.66666666666663,436.3333333333333,421.66666666666663,432.0,162600,-1.0,-1.0,-1.0
2015/09/28,430.0,433.3333333333333,421.0,428.0,94200,-1.0,-1.0,-1.0
2015/09/29,421.0,422.66666666666663,404.3333333333333,413.3333333333333,200100,-1.0,-1.0,-1.0
2015/09/30,413.3333333333333,422.0,410.66666666666663,417.3333333333333,125700,-1.0,-1.0,-1.0
2015/10/01,424.0,429.0,423.3333333333333,425.66666666666663,72900,-1.0,-1.0,-1.0
2015/10/02,426.0,433.66666666666663,422.66666666666663,430.3333333333333,65700,-1.0,-1.0,-1.0
2015/10/05,430.3333333333333,449.0,430.3333333333333,446.66666666666663,111600,-1.0,-1.0,-1.0
2015/10/06,450.0,470.66666666666663,449.0,467.3333333333333,125100,-1.0,-1.0,-1.0
2015/10/07,467.3333333333333,468.0,457.66666666666663,467.66666666666663,52800,-1.0,-1.0,-1.0
2015/10/08,467.66666666666663,467.66666666666663,457.66666666666663,460.0,72000,-1.0,-1.0,-1.0
2015/10/09,466.3333333333333,484.0,466.0,481.0,97200,-1.0,-1.0,-1.0
2015/10/13,479.66666666666663,479.66666666666663,470.0,473.66666666666663,45000,-1.0,-1.0,-1.0
2015/10/14,479.66666666666663,479.66666666666663,467.66666666666663,471.0,57300,-1.0,-1.0,-1.0
2015/10/15,471.0,473.0,465.0,471.3333333333333,57900,-1.0,-1.0,-1.0
2015/10/16,473.3333333333333,473.3333333333333,466.3333333333333,467.66666666666663,50700,-1.0,-1.0,-1.0
2015/10/19,467.66666666666663,480.66666666666663,465.3333333333333,474.66666666666663,99300,-1.0,-1.0,-1.0
2015/10/20,472.66666666666663,475.66666666666663,466.66666666666663,470.0,42300,-1.0,-1.0,-1.0
2015/10/21,470.66666666666663,494.0,470.66666666666663,490.66666666666663,119700,-1.0,-1.0,-1.0
2015/10/22,490.3333333333333,490.3333333333333,476.3333333333333,476.66666666666663,32700,-1.0,-1.0,-1.0
2015/10/23,486.0,488.66666666666663,479.3333333333333,488.0,41400,-1.0,-1.0,-1.0
2015/10/26,490.66666666666663,496.3333333333333,487.0,491.3333333333333,42000,-1.0,-1.0,-1.0
2015/10/27,491.3333333333333,493.0,484.66666666666663,487.66666666666663,34200,-1.0,-1.0,-1.0
2015/10/28,492.66666666666663,492.66666666666663,470.66666666666663,477.66666666666663,70800,-1.0,-1.0,-1.0
2015/10/29,475.66666666666663,485.0,464.66666666666663,473.0,241800,-1.0,-1.0,-1.0
2015/10/30,478.0,486.0,472.66666666666663,474.0,79500,-1.0,-1.0,-1.0
2015/11/02,464.0,466.3333333333333,438.66666666666663,444.3333333333333,154500,-1.0,-1.0,-1.0
2015/11/04,453.3333333333333,456.3333333333333,443.66666666666663,452.3333333333333,113100,-1.0,-1.0,-1.0
2015/11/05,453.0,463.66666666666663,453.0,457.0,81000,-1.0,-1.0,-1.0
2015/11/06,457.0,466.66666666666663,457.0,461.3333333333333,96900,-1.0,-1.0,-1.0
2015/11/09,463.0,468.66666666666663,460.3333333333333,463.3333333333333,137100,-1.0,-1.0,-1.0
2015/11/10,460.0,463.3333333333333,454.3333333333333,461.0,45600,-1.0,-1.0,-1.0
2015/11/11,458.0,465.0,458.0,463.66666666666663,43500,-1.0,-1.0,-1.0
2015/11/12,465.66666666666663,469.0,463.66666666666663,468.3333333333333,40200,-1.0,-1.0,-1.0
2015/11/13,466.66666666666663,468.3333333333333,459.0,459.66666666666663,63000,-1.0,-1.0,-1.0
2015/11/16,450.0,458.66666666666663,450.0,457.0,54000,-1.0,-1.0,-1.0
2015/11/17,460.0,464.66666666666663,457.66666666666663,462.66666666666663,69300,-1.0,-1.0,-1.0
2015/11/18,469.0,470.3333333333333,461.3333333333333,462.66666666666663,50100,-1.0,-1.0,-1.0
2015/11/19,470.3333333333333,472.3333333333333,464.3333333333333,466.3333333333333,34800,-1.0,-1.0,-1.0
2015/11/20,466.66666666666663,466.66666666666663,454.0,458.3333333333333,90000,-1.0,-1.0,-1.0
2015/11/24,456.66666666666663,460.66666666666663,455.3333333333333,458.66666666666663,66000,-1.0,-1.0,-1.0
2015/11/25,461.66666666666663,461.66666666666663,451.0,451.0,45300,-1.0,-1.0,-1.0
2015/11/26,450.66666666666663,452.3333333333333,441.0,442.66666666666663,69600,-1.0,-1.0,-1.0
2015/11/27,443.66666666666663,446.66666666666663,443.66666666666663,444.3333333333333,42900,-1.0,-1.0,-1.0
2015/11/30,448.66666666666663,448.66666666666663,437.66666666666663,438.3333333333333,116100,-1.0,-1.0,-1.0
2015/12/01,446.66666666666663,448.3333333333333,442.0,442.66666666666663,78600,-1.0,-1.0,-1.0
2015/12/02,442.66666666666663,444.3333333333333,438.0,439.3333333333333,63300,-1.0,-1.0,-1.0
2015/12/03,437.3333333333333,443.3333333333333,434.0,438.0,71100,-1.0,-1.0,-1.0
2015/12/04,433.66666666666663,435.0,431.3333333333333,431.3333333333333,73800,-1.0,-1.0,-1.0
2015/12/07,439.0,439.0,431.66666666666663,431.66666666666663,66000,-1.0,-1.0,-1.0
2015/12/08,434.0,434.0,426.66666666666663,429.66666666666663,67200,-1.0,-1.0,-1.0
2015/12/09,430.66666666666663,432.0,423.0,425.0,71700,-1.0,-1.0,-1.0
2015/12/10,419.3333333333333,421.3333333333333,416.0,420.3333333333333,67800,-1.0,-1.0,-1.0
2015/12/11,436.66666666666663,436.66666666666663,423.0,425.3333333333333,154200,-1.0,-1.0,-1.0
2015/12/14,413.66666666666663,421.66666666666663,410.66666666666663,416.66666666666663,117000,-1.0,-1.0,-1.0
2015/12/15,421.0,426.66666666666663,421.0,422.3333333333333,94800,-1.0,-1.0,-1.0
2015/12/16,423.0,428.3333333333333,418.3333333333333,423.0,77100,-1.0,-1.0,-1.0
2015/12/17,429.0,432.3333333333333,420.3333333333333,421.3333333333333,100800,-1.0,-1.0,-1.0
2015/12/18,425.66666666666663,427.66666666666663,407.66666666666663,407.66666666666663,114600,-1.0,-1.0,-1.0
2015/12/21,411.66666666666663,413.66666666666663,402.0,409.3333333333333,94500,-1.0,-1.0,-1.0
2015/12/22,409.3333333333333,411.0,405.0,408.3333333333333,69600,-1.0,-1.0,-1.0
2015/12/24,408.3333333333333,411.0,397.0,399.0,75000,-1.0,-1.0,-1.0
2015/12/25,390.0,393.3333333333333,388.0,391.0,127200,-1.0,-1.0,-1.0
2015/12/28,397.66666666666663,412.3333333333333,397.66666666666663,405.0,63300,-1.0,-1.0,-1.0
2015/12/29,404.3333333333333,410.3333333333333,403.66666666666663,409.3333333333333,50400,-1.0,-1.0,-1.0
2015/12/30,409.3333333333333,414.66666666666663,405.3333333333333,408.3333333333333,60900,-1.0,-1.0,-1.0
2016/01/04,405.0,406.66666666666663,400.66666666666663,402.0,80400,-1.0,-1.0,-1.0
2016/01/05,403.66666666666663,408.3333333333333,400.3333333333333,401.0,85500,-1.0,-1.0,-1.0
2016/01/06,402.3333333333333,407.3333333333333,397.66666666666663,404.3333333333333,98700,-1.0,-1.0,-1.0
2016/01/07,400.0,405.3333333333333,387.0,387.0,83700,-1.0,-1.0,-1.0
2016/01/08,388.3333333333333,396.0,382.66666666666663,383.3333333333333,109200,-1.0,-1.0,-1.0
2016/01/12,383.66666666666663,383.66666666666663,370.3333333333333,370.3333333333333,77100,-1.0,-1.0,-1.0
2016/01/13,373.3333333333333,381.3333333333333,373.3333333333333,378.66666666666663,48000,-1.0,-1.0,-1.0
2016/01/14,377.66666666666663,378.0,367.3333333333333,374.66666666666663,91200,-1.0,-1.0,-1.0
2016/01/15,375.66666666666663,380.66666666666663,371.66666666666663,374.3333333333333,55800,-1.0,-1.0,-1.0
2016/01/18,371.3333333333333,375.3333333333333,367.3333333333333,372.3333333333333,60900,-1.0,-1.0,-1.0
2016/01/19,370.3333333333333,376.3333333333333,366.0,368.0,69300,-1.0,-1.0,-1.0
2016/01/20,368.0,368.0,359.0,359.66666666666663,125700,-1.0,-1.0,-1.0
2016/01/21,352.66666666666663,362.3333333333333,342.3333333333333,342.3333333333333,122400,-1.0,-1.0,-1.0
2016/01/22,351.66666666666663,376.0,351.66666666666663,375.0,105300,-1.0,-1.0,-1.0
2016/01/25,376.3333333333333,376.3333333333333,370.0,371.0,49200,-1.0,-1.0,-1.0
2016/01/26,363.3333333333333,369.3333333333333,360.66666666666663,361.0,24600,-1.0,-1.0,-1.0
2016/01/27,368.66666666666663,370.0,360.0,366.0,47400,-1.0,-1.0,-1.0
2016/01/28,364.3333333333333,373.66666666666663,362.3333333333333,372.66666666666663,53400,-1.0,-1.0,-1.0
2016/01/29,368.0,383.0,365.0,381.3333333333333,67800,-1.0,-1.0,-1.0
2016/02/01,382.3333333333333,393.3333333333333,382.3333333333333,389.3333333333333,72300,-1.0,-1.0,-1.0
2016/02/02,389.66666666666663,389.66666666666663,378.0,381.0,30300,-1.0,-1.0,-1.0
2016/02/03,372.3333333333333,373.3333333333333,361.3333333333333,370.3333333333333,72000,-1.0,-1.0,-1.0
2016/02/04,362.0,370.66666666666663,362.0,365.66666666666663,18600,-1.0,-1.0,-1.0
2016/02/05,360.0,362.0,349.66666666666663,353.66666666666663,84300,-1.0,-1.0,-1.0
2016/02/08,347.3333333333333,364.0,347.0,358.66666666666663,40200,-1.0,-1.0,-1.0
2016/02/09,347.0,348.0,338.3333333333333,338.3333333333333,62700,-1.0,-1.0,-1.0
2016/02/10,338.3333333333333,342.0,326.0,328.0,109800,-1.0,-1.0,-1.0
2016/02/12,323.0,326.66666666666663,308.3333333333333,309.66666666666663,108900,-1.0,-1.0,-1.0
2016/02/15,319.66666666666663,331.66666666666663,319.66666666666663,327.0,64800,-1.0,-1.0,-1.0
2016/02/16,323.3333333333333,329.0,319.3333333333333,324.3333333333333,107700,-1.0,-1.0,-1.0
2016/02/17,322.0,331.3333333333333,318.66666666666663,319.66666666666663,68100,-1.0,-1.0,-1.0
2016/02/18,324.66666666666663,328.66666666666663,322.66666666666663,323.0,102900,-1.0,-1.0,-1.0
2016/02/19,323.0,323.0,312.3333333333333,316.0,152400,-1.0,-1.0,-1.0
2016/02/22,314.3333333333333,317.66666666666663,310.0,310.3333333333333,157200,-1.0,-1.0,-1.0
2016/02/23,312.0,322.3333333333333,301.66666666666663,302.3333333333333,242100,-1.0,-1.0,-1.0
2016/02/24,302.3333333333333,304.3333333333333,297.0,297.3333333333333,193500,-1.0,-1.0,-1.0
2016/02/25,298.0,308.66666666666663,298.0,303.66666666666663,97500,-1.0,-1.0,-1.0
2016/02/26,305.66666666666663,310.3333333333333,303.66666666666663,304.66666666666663,102600,-1.0,-1.0,-1.0
2016/02/29,310.66666666666663,314.3333333333333,304.3333333333333,304.3333333333333,128400,-1.0,-1.0,-1.0
2016/03/01,307.66666666666663,309.66666666666663,301.0,302.3333333333333,114900,-1.0,-1.0,-1.0
2016/03/02,311.0,314.3333333333333,307.3333333333333,312.66666666666663,137400,-1.0,-1.0,-1.0
2016/03/03,312.66666666666663,320.3333333333333,312.3333333333333,319.3333333333333,138000,-1.0,-1.0,-1.0
2016/03/04,319.66666666666663,327.0,314.3333333333333,326.0,151800,-1.0,-1.0,-1.0
2016/03/07,329.0,332.66666666666663,322.66666666666663,329.66666666666663,152700,-1.0,-1.0,-1.0
2016/03/08,329.66666666666663,332.66666666666663,324.0,327.0,151800,-1.0,-1.0,-1.0
2016/03/09,325.0,325.0,317.3333333333333,320.0,153300,-1.0,-1.0,-1.0
2016/03/10,323.66666666666663,330.3333333333333,322.0,329.3333333333333,141000,-1.0,-1.0,-1.0
2016/03/11,323.0,329.66666666666663,322.66666666666663,326.66666666666663,155100,-1.0,-1.0,-1.0
2016/03/14,330.0,336.66666666666663,330.0,335.0,140700,-1.0,-1.0,-1.0
2016/03/15,335.3333333333333,342.0,335.0,337.3333333333333,99300,-1.0,-1.0,-1.0
2016/03/16,334.66666666666663,343.0,334.3333333333333,335.0,81600,-1.0,-1.0,-1.0
2016/03/17,337.66666666666663,342.66666666666663,332.0,333.66666666666663,90300,-1.0,-1.0,-1.0
2016/03/18,330.0,334.66666666666663,323.66666666666663,323.66666666666663,309300,-1.0,-1.0,-1.0
2016/03/22,333.3333333333333,340.66666666666663,330.0,336.3333333333333,179100,-1.0,-1.0,-1.0
2016/03/23,340.3333333333333,340.3333333333333,333.66666666666663,337.0,103800,-1.0,-1.0,-1.0
2016/03/24,336.0,336.0,331.0,333.3333333333333,117900,-1.0,-1.0,-1.0
2016/03/25,333.66666666666663,339.0,331.66666666666663,334.3333333333333,75000,-1.0,-1.0,-1.0
2016/03/28,338.3333333333333,339.0,335.66666666666663,339.0,83700,-1.0,-1.0,-1.0
2016/03/29,333.0,335.3333333333333,331.66666666666663,335.3333333333333,62400,-1.0,-1.0,-1.0
2016/03/30,333.66666666666663,334.0,330.3333333333333,330.66666666666663,69900,-1.0,-1.0,-1.0
2016/03/31,332.0,334.0,330.3333333333333,330.3333333333333,88800,-1.0,-1.0,-1.0
2016/04/01,323.66666666666663,323.66666666666663,296.3333333333333,301.3333333333333,593400,-1.0,-1.0,-1.0
2016/04/04,301.66666666666663,308.66666666666663,298.66666666666663,302.0,281100,-1.0,-1.0,-1.0
2016/04/05,302.0,302.0,290.0,290.0,220800,-1.0,-1.0,-1.0
2016/04/06,290.0,294.0,285.0,289.3333333333333,120600,-1.0,-1.0,-1.0
2016/04/07,288.66666666666663,295.66666666666663,286.0,287.0,155700,-1.0,-1.0,-1.0
2016/04/08,283.66666666666663,293.66666666666663,279.3333333333333,288.66666666666663,162600,-1.0,-1.0,-1.0
2016/04/11,288.66666666666663,288.66666666666663,281.3333333333333,285.66666666666663,61800,-1.0,-1.0,-1.0
2016/04/12,286.66666666666663,296.3333333333333,286.66666666666663,294.3333333333333,83100,-1.0,-1.0,-1.0
2016/04/13,296.66666666666663,301.3333333333333,295.66666666666663,299.3333333333333,66000,-1.0,-1.0,-1.0
2016/04/14,301.3333333333333,306.66666666666663,301.3333333333333,303.66666666666663,117300,-1.0,-1.0,-1.0
2016/04/15,302.3333333333333,305.3333333333333,301.66666666666663,303.0,54300,-1.0,-1.0,-1.0
2016/04/18,301.66666666666663,301.66666666666663,292.66666666666663,294.3333333333333,144900,-1.0,-1.0,-1.0
2016/04/19,299.3333333333333,304.3333333333333,299.3333333333333,303.66666666666663,104100,-1.0,-1.0,-1.0
2016/04/20,304.0,306.66666666666663,298.66666666666663,300.3333333333333,113400,-1.0,-1.0,-1.0
2016/04/21,305.3333333333333,309.66666666666663,304.3333333333333,309.0,107700,-1.0,-1.0,-1.0
2016/04/22,307.0,313.3333333333333,306.66666666666663,313.0,75900,-1.0,-1.0,-1.0
2016/04/25,314.0,316.66666666666663,312.0,315.0,75600,-1.0,-1.0,-1.0
2016/04/26,311.3333333333333,313.0,305.3333333333333,308.66666666666663,88200,-1.0,-1.0,-1.0
2016/04/27,310.0,312.66666666666663,308.66666666666663,310.3333333333333,67200,-1.0,-1.0,-1.0
2016/04/28,310.66666666666663,325.0,306.0,307.3333333333333,165300,-1.0,-1.0,-1.0
2016/05/02,307.66666666666663,307.66666666666663,296.66666666666663,298.66666666666663,183000,-1.0,-1.0,-1.0
2016/05/06,299.3333333333333,303.66666666666663,295.66666666666663,302.0,105000,-1.0,-1.0,-1.0
2016/05/09,305.3333333333333,308.66666666666663,302.66666666666663,303.66666666666663,47400,-1.0,-1.0,-1.0
2016/05/10,302.66666666666663,309.66666666666663,301.0,308.66666666666663,80400,-1.0,-1.0,-1.0
2016/05/11,310.3333333333333,314.3333333333333,310.0,311.3333333333333,54600,-1.0,-1.0,-1.0
2016/05/12,309.66666666666663,313.3333333333333,307.0,312.3333333333333,43500,-1.0,-1.0,-1.0
2016/05/13,312.3333333333333,312.3333333333333,304.3333333333333,304.3333333333333,63900,-1.0,-1.0,-1.0
2016/05/16,305.0,309.0,303.66666666666663,305.66666666666663,46500,-1.0,-1.0,-1.0
2016/05/17,309.66666666666663,310.3333333333333,306.3333333333333,309.3333333333333,44700,-1.0,-1.0,-1.0
2016/05/18,309.3333333333333,312.3333333333333,307.66666666666663,309.3333333333333,25500,-1.0,-1.0,-1.0
2016/05/19,311.3333333333333,311.3333333333333,305.66666666666663,307.3333333333333,34500,-1.0,-1.0,-1.0
2016/05/20,306.66666666666663,309.66666666666663,305.66666666666663,307.3333333333333,33000,-1.0,-1.0,-1.0
2016/05/23,308.3333333333333,309.3333333333333,304.0,305.66666666666663,60900,-1.0,-1.0,-1.0
2016/05/24,305.66666666666663,306.0,303.66666666666663,304.0,40800,-1.0,-1.0,-1.0
2016/05/25,306.66666666666663,307.66666666666663,306.0,307.3333333333333,12600,-1.0,-1.0,-1.0
2016/05/26,308.66666666666663,310.0,307.0,307.0,42900,-1.0,-1.0,-1.0
2016/05/27,305.3333333333333,309.0,305.3333333333333,306.3333333333333,27000,-1.0,-1.0,-1.0
2016/05/30,309.3333333333333,310.66666666666663,307.66666666666663,308.3333333333333,17100,-1.0,-1.0,-1.0
2016/05/31,308.3333333333333,312.66666666666663,308.3333333333333,311.3333333333333,35700,-1.0,-1.0,-1.0
2016/06/01,313.3333333333333,313.3333333333333,309.66666666666663,310.0,38100,-1.0,-1.0,-1.0
2016/06/02,309.0,309.3333333333333,306.3333333333333,306.3333333333333,39600,-1.0,-1.0,-1.0
2016/06/03,306.3333333333333,309.3333333333333,304.0,305.66666666666663,33300,-1.0,-1.0,-1.0
2016/06/06,304.0,305.0,301.3333333333333,302.3333333333333,84300,-1.0,-1.0,-1.0
2016/06/07,303.3333333333333,305.66666666666663,303.3333333333333,304.66666666666663,19500,-1.0,-1.0,-1.0
2016/06/08,306.0,307.3333333333333,304.0,306.66666666666663,26400,-1.0,-1.0,-1.0
2016/06/09,306.66666666666663,307.3333333333333,304.3333333333333,304.66666666666663,33000,-1.0,-1.0,-1.0
2016/06/10,305.0,305.0,302.66666666666663,302.66666666666663,120000,-1.0,-1.0,-1.0
2016/06/13,302.0,302.0,296.66666666666663,296.66666666666663,72600,-1.0,-1.0,-1.0
2016/06/14,297.0,298.3333333333333,290.66666666666663,292.0,68100,-1.0,-1.0,-1.0
2016/06/15,290.3333333333333,293.3333333333333,289.66666666666663,289.66666666666663,70800,-1.0,-1.0,-1.0
2016/06/16,290.66666666666663,290.66666666666663,284.0,284.3333333333333,88500,-1.0,-1.0,-1.0
2016/06/17,289.3333333333333,289.3333333333333,284.66666666666663,284.66666666666663,63300,-1.0,-1.0,-1.0
2016/06/20,291.3333333333333,293.0,289.0,291.0,81600,-1.0,-1.0,-1.0
2016/06/21,290.0,295.0,290.0,293.3333333333333,72900,-1.0,-1.0,-1.0
2016/06/22,291.66666666666663,291.66666666666663,287.66666666666663,287.66666666666663,107100,-1.0,-1.0,-1.0
2016/06/23,287.66666666666663,289.66666666666663,284.3333333333333,287.66666666666663,121500,-1.0,-1.0,-1.0
2016/06/24,294.3333333333333,294.66666666666663,281.66666666666663,284.3333333333333,202800,-1.0,-1.0,-1.0
2016/06/27,284.3333333333333,287.3333333333333,283.0,283.66666666666663,115500,-1.0,-1.0,-1.0
2016/06/28,283.3333333333333,283.66666666666663,280.3333333333333,280.3333333333333,156600,-1.0,-1.0,-1.0
2016/06/29,281.66666666666663,285.0,281.0,282.3333333333333,87900,-1.0,-1.0,-1.0
2016/06/30,282.66666666666663,288.66666666666663,282.66666666666663,284.0,120600,-1.0,-1.0,-1.0
2016/07/01,286.66666666666663,290.66666666666663,285.66666666666663,287.3333333333333,141300,-1.0,-1.0,-1.0
2016/07/04,285.0,289.66666666666663,284.3333333333333,287.0,95700,-1.0,-1.0,-1.0
2016/07/05,285.0,292.3333333333333,285.0,287.3333333333333,55200,-1.0,-1.0,-1.0
2016/07/06,287.3333333333333,287.3333333333333,282.3333333333333,285.3333333333333,114600,-1.0,-1.0,-1.0
2016/07/07,286.0,288.3333333333333,284.66666666666663,287.0,56100,-1.0,-1.0,-1.0
2016/07/08,287.0,288.3333333333333,283.3333333333333,283.3333333333333,67500,-1.0,-1.0,-1.0
2016/07/11,287.66666666666663,288.3333333333333,285.3333333333333,287.66666666666663,92400,-1.0,-1.0,-1.0
2016/07/12,287.66666666666663,292.66666666666663,287.0,291.0,140100,-1.0,-1.0,-1.0
2016/07/13,296.0,296.66666666666663,292.3333333333333,295.66666666666663,79500,-1.0,-1.0,-1.0
2016/07/14,297.0,297.66666666666663,293.3333333333333,294.0,66600,-1.0,-1.0,-1.0
2016/07/15,296.0,298.0,294.3333333333333,297.3333333333333,75300,-1.0,-1.0,-1.0
2016/07/19,297.3333333333333,303.3333333333333,296.3333333333333,300.66666666666663,84900,-1.0,-1.0,-1.0
2016/07/20,299.0,302.0,299.0,302.0,45300,-1.0,-1.0,-1.0
2016/07/21,303.0,306.3333333333333,302.66666666666663,305.66666666666663,63600,-1.0,-1.0,-1.0
2016/07/22,304.0,305.3333333333333,302.66666666666663,305.0,53400,-1.0,-1.0,-1.0
2016/07/25,307.0,311.66666666666663,306.3333333333333,311.66666666666663,92700,-1.0,-1.0,-1.0
2016/07/26,309.3333333333333,310.3333333333333,307.66666666666663,308.3333333333333,69600,-1.0,-1.0,-1.0
2016/07/27,310.66666666666663,313.3333333333333,306.66666666666663,312.0,77700,-1.0,-1.0,-1.0
2016/07/28,311.3333333333333,311.3333333333333,306.0,311.0,89100,-1.0,-1.0,-1.0
2016/07/29,311.0,312.0,307.3333333333333,311.0,30900,-1.0,-1.0,-1.0
2016/08/01,301.66666666666663,308.66666666666663,299.0,303.66666666666663,107400,-1.0,-1.0,-1.0
2016/08/02,301.66666666666663,304.0,299.3333333333333,301.66666666666663,60000,-1.0,-1.0,-1.0
2016/08/03,297.3333333333333,300.66666666666663,297.3333333333333,298.3333333333333,57600,-1.0,-1.0,-1.0
2016/08/04,298.3333333333333,302.3333333333333,298.0,301.66666666666663,51000,-1.0,-1.0,-1.0
2016/08/05,303.0,305.0,300.3333333333333,301.3333333333333,28500,-1.0,-1.0,-1.0
2016/08/08,304.0,305.3333333333333,301.66666666666663,305.3333333333333,29400,-1.0,-1.0,-1.0
2016/08/09,306.0,306.0,300.66666666666663,303.3333333333333,29700,-1.0,-1.0,-1.0
2016/08/10,301.66666666666663,305.0,301.0,305.0,28800,-1.0,-1.0,-1.0
2016/08/12,306.0,308.3333333333333,304.3333333333333,307.0,63600,-1.0,-1.0,-1.0
2016/08/15,307.66666666666663,307.66666666666663,303.66666666666663,305.3333333333333,31500,-1.0,-1.0,-1.0
2016/08/16,305.3333333333333,305.66666666666663,300.66666666666663,301.0,59100,-1.0,-1.0,-1.0
2016/08/17,297.66666666666663,302.0,297.66666666666663,299.0,106500,-1.0,-1.0,-1.0
2016/08/18,297.66666666666663,298.66666666666663,296.66666666666663,296.66666666666663,54300,-1.0,-1.0,-1.0
2016/08/19,296.3333333333333,300.0,296.0,297.3333333333333,45000,-1.0,-1.0,-1.0
2016/08/22,300.0,300.0,297.66666666666663,298.0,28200,-1.0,-1.0,-1.0
2016/08/23,296.3333333333333,297.66666666666663,294.0,294.66666666666663,60900,-1.0,-1.0,-1.0
2016/08/24,296.66666666666663,298.66666666666663,296.0,296.0,18300,-1.0,-1.0,-1.0
2016/08/25,296.0,299.66666666666663,296.0,296.66666666666663,26700,-1.0,-1.0,-1.0
2016/08/26,298.0,298.3333333333333,293.66666666666663,298.3333333333333,84900,-1.0,-1.0,-1.0
2016/08/29,300.0,301.66666666666663,299.0,301.66666666666663,41700,-1.0,-1.0,-1.0
2016/08/30,302.0,302.0,300.66666666666663,301.3333333333333,26400,-1.0,-1.0,-1.0
2016/08/31,302.3333333333333,303.0,300.0,303.0,52500,-1.0,-1.0,-1.0
2016/09/01,304.3333333333333,305.3333333333333,302.66666666666663,303.66666666666663,32700,-1.0,-1.0,-1.0
2016/09/02,303.66666666666663,303.66666666666663,300.3333333333333,302.0,45300,-1.0,-1.0,-1.0
2016/09/05,304.0,304.0,302.0,302.66666666666663,33000,-1.0,-1.0,-1.0
2016/09/06,302.66666666666663,305.3333333333333,302.66666666666663,304.3333333333333,42000,-1.0,-1.0,-1.0
2016/09/07,304.66666666666663,304.66666666666663,303.3333333333333,304.0,43800,-1.0,-1.0,-1.0
2016/09/08,304.66666666666663,305.3333333333333,303.3333333333333,304.3333333333333,38100,-1.0,-1.0,-1.0
2016/09/09,303.3333333333333,305.0,303.3333333333333,304.0,75300,-1.0,-1.0,-1.0
2016/09/12,301.66666666666663,303.3333333333333,301.3333333333333,302.3333333333333,55500,-1.0,-1.0,-1.0
2016/09/13,304.0,305.3333333333333,302.3333333333333,302.66666666666663,46200,-1.0,-1.0,-1.0
2016/09/14,301.3333333333333,303.0,301.0,301.66666666666663,60900,-1.0,-1.0,-1.0
2016/09/15,301.0,301.0,299.66666666666663,299.66666666666663,53100,-1.0,-1.0,-1.0
2016/09/16,298.0,302.66666666666663,296.66666666666663,296.66666666666663,133800,-1.0,-1.0,-1.0
2016/09/20,298.3333333333333,302.66666666666663,297.66666666666663,297.66666666666663,85200,-1.0,-1.0,-1.0
2016/09/21,300.0,303.3333333333333,297.0,300.66666666666663,139800,-1.0,-1.0,-1.0
2016/09/23,301.66666666666663,306.3333333333333,299.0,306.3333333333333,106800,-1.0,-1.0,-1.0
2016/09/26,306.3333333333333,309.3333333333333,305.66666666666663,307.3333333333333,93600,-1.0,-1.0,-1.0
2016/09/27,308.3333333333333,311.66666666666663,305.66666666666663,311.66666666666663,114000,-1.0,-1.0,-1.0
2016/09/28,306.66666666666663,309.0,302.3333333333333,306.66666666666663,51000,-1.0,-1.0,-1.0
2016/09/29,304.66666666666663,312.66666666666663,304.66666666666663,312.3333333333333,64800,-1.0,-1.0,-1.0
2016/09/30,308.0,310.66666666666663,307.3333333333333,308.66666666666663,45000,-1.0,-1.0,-1.0
2016/10/03,313.66666666666663,313.66666666666663,306.3333333333333,306.66666666666663,61200,-1.0,-1.0,-1.0
2016/10/04,308.66666666666663,310.3333333333333,307.3333333333333,309.3333333333333,42900,-1.0,-1.0,-1.0
2016/10/05,310.0,311.0,308.3333333333333,311.0,63300,-1.0,-1.0,-1.0
2016/10/06,313.0,313.0,309.66666666666663,311.0,50700,-1.0,-1.0,-1.0
2016/10/07,310.0,311.3333333333333,306.3333333333333,311.0,43800,-1.0,-1.0,-1.0
2016/10/11,310.0,310.66666666666663,307.66666666666663,308.66666666666663,74100,-1.0,-1.0,-1.0
2016/10/12,306.3333333333333,308.3333333333333,306.3333333333333,306.66666666666663,51300,-1.0,-1.0,-1.0
2016/10/13,306.0,308.3333333333333,303.3333333333333,307.0,85800,-1.0,-1.0,-1.0
2016/10/14,306.0,307.3333333333333,305.0,307.3333333333333,30300,-1.0,-1.0,-1.0
2016/10/17,307.66666666666663,308.0,304.0,305.3333333333333,70500,-1.0,-1.0,-1.0
2016/10/18,306.0,310.0,305.0,309.66666666666663,52200,-1.0,-1.0,-1.0
2016/10/19,311.0,312.3333333333333,310.3333333333333,311.66666666666663,74100,-1.0,-1.0,-1.0
2016/10/20,311.66666666666663,313.3333333333333,311.66666666666663,312.3333333333333,60600,-1.0,-1.0,-1.0
2016/10/21,313.0,314.0,313.0,313.66666666666663,64200,-1.0,-1.0,-1.0
2016/10/24,314.3333333333333,315.66666666666663,313.66666666666663,314.0,72000,-1.0,-1.0,-1.0
2016/10/25,314.66666666666663,315.3333333333333,314.0,314.66666666666663,75300,-1.0,-1.0,-1.0
2016/10/26,316.66666666666663,318.0,315.3333333333333,317.3333333333333,88800,-1.0,-1.0,-1.0
2016/10/27,317.3333333333333,318.66666666666663,316.66666666666663,317.3333333333333,59700,-1.0,-1.0,-1.0
2016/10/28,318.66666666666663,321.66666666666663,317.66666666666663,321.3333333333333,285600,-1.0,-1.0,-1.0
2016/10/31,320.66666666666663,328.3333333333333,319.3333333333333,325.0,240600,-1.0,-1.0,-1.0
2016/11/01,315.0,317.3333333333333,307.3333333333333,310.0,404700,-1.0,-1.0,-1.0
2016/11/02,308.3333333333333,313.66666666666663,308.0,311.0,184500,-1.0,-1.0,-1.0
2016/11/04,308.3333333333333,312.0,307.0,311.3333333333333,125100,-1.0,-1.0,-1.0
2016/11/07,312.3333333333333,317.0,312.3333333333333,315.66666666666663,87300,-1.0,-1.0,-1.0
2016/11/08,318.3333333333333,318.3333333333333,316.0,317.3333333333333,62100,-1.0,-1.0,-1.0
2016/11/09,319.0,319.0,305.66666666666663,307.66666666666663,122700,-1.0,-1.0,-1.0
2016/11/10,316.0,317.66666666666663,313.3333333333333,316.3333333333333,123600,-1.0,-1.0,-1.0
2016/11/11,317.0,319.66666666666663,313.3333333333333,314.0,88500,-1.0,-1.0,-1.0
2016/11/14,314.0,325.0,314.0,322.3333333333333,130500,-1.0,-1.0,-1.0
2016/11/15,322.3333333333333,324.66666666666663,321.0,323.66666666666663,58500,-1.0,-1.0,-1.0
2016/11/16,323.3333333333333,327.66666666666663,323.3333333333333,326.66666666666663,93000,-1.0,-1.0,-1.0
2016/11/17,326.66666666666663,328.66666666666663,326.66666666666663,328.66666666666663,62700,-1.0,-1.0,-1.0
2016/11/18,331.3333333333333,331.3333333333333,322.3333333333333,322.66666666666663,196800,-1.0,-1.0,-1.0
2016/11/21,322.66666666666663,326.3333333333333,322.66666666666663,323.3333333333333,132900,-1.0,-1.0,-1.0
2016/11/22,325.3333333333333,331.0,325.3333333333333,330.0,99000,-1.0,-1.0,-1.0
2016/11/24,330.66666666666663,335.66666666666663,330.0,335.0,149100,-1.0,-1.0,-1.0
2016/11/25,335.0,338.0,334.66666666666663,336.3333333333333,96000,-1.0,-1.0,-1.0
2016/11/28,334.3333333333333,342.3333333333333,334.0,341.3333333333333,82500,-1.0,-1.0,-1.0
2016/11/29,339.0,339.66666666666663,334.66666666666663,336.0,66000,-1.0,-1.0,-1.0
2016/11/30,336.3333333333333,340.3333333333333,333.66666666666663,334.66666666666663,77100,-1.0,-1.0,-1.0
2016/12/01,342.3333333333333,345.3333333333333,338.0,338.66666666666663,148800,-1.0,-1.0,-1.0
2016/12/02,338.66666666666663,338.66666666666663,335.66666666666663,336.66666666666663,54300,-1.0,-1.0,-1.0
2016/12/05,336.66666666666663,340.3333333333333,336.66666666666663,339.66666666666663,48600,-1.0,-1.0,-1.0
2016/12/06,339.66666666666663,341.0,338.66666666666663,339.66666666666663,78300,-1.0,-1.0,-1.0
2016/12/07,340.0,342.66666666666663,339.66666666666663,340.3333333333333,59100,-1.0,-1.0,-1.0
2016/12/08,341.66666666666663,343.0,340.3333333333333,342.3333333333333,144600,-1.0,-1.0,-1.0
2016/12/09,341.66666666666663,346.66666666666663,341.0,344.66666666666663,134100,-1.0,-1.0,-1.0
2016/12/12,346.0,348.66666666666663,343.66666666666663,345.66666666666663,99300,-1.0,-1.0,-1.0
2016/12/13,344.0,345.3333333333333,335.66666666666663,342.3333333333333,154200,-1.0,-1.0,-1.0
2016/12/14,341.3333333333333,345.0,341.3333333333333,343.3333333333333,60900,-1.0,-1.0,-1.0
2016/12/15,343.3333333333333,344.0,341.66666666666663,343.3333333333333,56700,-1.0,-1.0,-1.0
2016/12/16,342.66666666666663,342.66666666666663,340.3333333333333,340.66666666666663,95100,-1.0,-1.0,-1.0
2016/12/19,341.0,343.66666666666663,341.0,343.66666666666663,65700,-1.0,-1.0,-1.0
2016/12/20,343.0,344.66666666666663,340.0,341.0,83400,-1.0,-1.0,-1.0
2016/12/21,341.0,345.0,340.3333333333333,343.66666666666663,95100,-1.0,-1.0,-1.0
2016/12/22,343.66666666666663,345.3333333333333,341.3333333333333,344.66666666666663,66000,-1.0,-1.0,-1.0
2016/12/26,344.0,348.3333333333333,343.0,347.0,104400,-1.0,-1.0,-1.0
2016/12/27,348.3333333333333,348.3333333333333,346.0,346.3333333333333,91200,-1.0,-1.0,-1.0
2016/12/28,347.3333333333333,347.3333333333333,343.3333333333333,346.0,47100,-1.0,-1.0,-1.0
2016/12/29,345.0,345.66666666666663,342.66666666666663,344.3333333333333,95400,-1.0,-1.0,-1.0
2016/12/30,344.3333333333333,346.66666666666663,340.66666666666663,346.66666666666663,54900,-1.0,-1.0,-1.0
2017/01/04,347.0,358.66666666666663,347.0,356.66666666666663,131100,-1.0,-1.0,-1.0
2017/01/05,358.3333333333333,364.3333333333333,356.66666666666663,357.66666666666663,120300,-1.0,-1.0,-1.0
2017/01/06,357.66666666666663,357.66666666666663,355.3333333333333,357.3333333333333,115500,-1.0,-1.0,-1.0
2017/01/10,360.0,360.0,354.0,355.66666666666663,69300,-1.0,-1.0,-1.0
2017/01/11,354.0,354.3333333333333,350.3333333333333,352.66666666666663,96900,-1.0,-1.0,-1.0
2017/01/12,351.66666666666663,351.66666666666663,343.66666666666663,348.66666666666663,88500,-1.0,-1.0,-1.0
2017/01/13,346.66666666666663,347.0,342.0,346.3333333333333,64200,-1.0,-1.0,-1.0
2017/01/16,348.3333333333333,350.0,341.66666666666663,345.3333333333333,58200,-1.0,-1.0,-1.0
2017/01/17,341.66666666666663,343.3333333333333,340.3333333333333,342.3333333333333,47400,-1.0,-1.0,-1.0
2017/01/18,343.3333333333333,343.66666666666663,338.66666666666663,343.66666666666663,63300,-1.0,-1.0,-1.0
2017/01/19,343.3333333333333,345.66666666666663,340.66666666666663,343.66666666666663,40500,-1.0,-1.0,-1.0
2017/01/20,343.66666666666663,345.3333333333333,340.0,345.0,49800,-1.0,-1.0,-1.0
2017/01/23,344.3333333333333,345.0,341.66666666666663,342.66666666666663,38400,-1.0,-1.0,-1.0
2017/01/24,341.0,343.3333333333333,339.66666666666663,341.66666666666663,27900,-1.0,-1.0,-1.0
2017/01/25,343.0,344.0,339.3333333333333,340.0,54000,-1.0,-1.0,-1.0
2017/01/26,343.66666666666663,343.66666666666663,340.66666666666663,342.3333333333333,72000,-1.0,-1.0,-1.0
2017/01/27,345.66666666666663,345.66666666666663,340.3333333333333,341.3333333333333,53100,-1.0,-1.0,-1.0
2017/01/30,341.3333333333333,344.0,340.0,342.66666666666663,75900,-1.0,-1.0,-1.0
2017/01/31,340.66666666666663,343.0,340.3333333333333,342.0,45600,-1.0,-1.0,-1.0
2017/02/01,344.0,344.66666666666663,342.66666666666663,344.3333333333333,54900,-1.0,-1.0,-1.0
2017/02/02,344.66666666666663,344.66666666666663,340.3333333333333,342.3333333333333,116400,-1.0,-1.0,-1.0
2017/02/03,341.66666666666663,343.0,340.66666666666663,340.66666666666663,35100,-1.0,-1.0,-1.0
2017/02/06,343.0,343.3333333333333,340.66666666666663,342.66666666666663,54000,-1.0,-1.0,-1.0
2017/02/07,340.3333333333333,342.3333333333333,340.0,340.66666666666663,73800,-1.0,-1.0,-1.0
2017/02/08,341.3333333333333,342.0,340.0,341.3333333333333,54600,-1.0,-1.0,-1.0
2017/02/09,341.3333333333333,344.3333333333333,340.3333333333333,343.0,39600,-1.0,-1.0,-1.0
2017/02/10,345.66666666666663,346.0,340.3333333333333,345.0,68400,-1.0,-1.0,-1.0
2017/02/13,346.66666666666663,349.3333333333333,346.66666666666663,348.0,90000,-1.0,-1.0,-1.0
2017/02/14,353.0,355.0,350.0,351.0,97800,-1.0,-1.0,-1.0
2017/02/15,354.0,357.3333333333333,350.0,356.3333333333333,64500,-1.0,-1.0,-1.0
2017/02/16,356.3333333333333,360.0,356.3333333333333,356.66666666666663,67800,-1.0,-1.0,-1.0
2017/02/17,356.66666666666663,360.3333333333333,356.66666666666663,358.66666666666663,77100,-1.0,-1.0,-1.0
2017/02/20,360.0,360.3333333333333,358.3333333333333,359.0,57300,-1.0,-1.0,-1.0
2017/02/21,360.0,363.66666666666663,359.66666666666663,362.0,54300,-1.0,-1.0,-1.0
2017/02/22,363.66666666666663,370.0,361.66666666666663,369.3333333333333,117600,-1.0,-1.0,-1.0
2017/02/23,371.3333333333333,371.3333333333333,368.3333333333333,370.3333333333333,66000,-1.0,-1.0,-1.0
2017/02/24,370.3333333333333,376.66666666666663,369.3333333333333,373.3333333333333,49800,-1.0,-1.0,-1.0
2017/02/27,373.66666666666663,374.3333333333333,368.3333333333333,371.0,101700,-1.0,-1.0,-1.0
2017/02/28,371.3333333333333,377.66666666666663,371.3333333333333,373.3333333333333,102300,-1.0,-1.0,-1.0
2017/03/01,374.3333333333333,375.66666666666663,372.66666666666663,375.0,36000,-1.0,-1.0,-1.0
2017/03/02,375.0,376.3333333333333,373.0,374.0,63900,-1.0,-1.0,-1.0
2017/03/03,374.0,376.66666666666663,367.66666666666663,372.3333333333333,89100,-1.0,-1.0,-1.0
2017/03/06,372.3333333333333,373.3333333333333,365.3333333333333,371.66666666666663,59100,-1.0,-1.0,-1.0
2017/03/07,369.0,369.0,365.0,365.3333333333333,64500,-1.0,-1.0,-1.0
2017/03/08,367.3333333333333,367.3333333333333,361.3333333333333,365.0,93000,-1.0,-1.0,-1.0
2017/03/09,365.0,368.0,361.0,364.66666666666663,69600,-1.0,-1.0,-1.0
2017/03/10,363.66666666666663,367.3333333333333,361.66666666666663,366.3333333333333,119400,-1.0,-1.0,-1.0
2017/03/13,363.66666666666663,368.0,363.3333333333333,363.66666666666663,72000,-1.0,-1.0,-1.0
2017/03/14,366.3333333333333,366.3333333333333,362.66666666666663,362.66666666666663,66900,-1.0,-1.0,-1.0
2017/03/15,362.66666666666663,363.3333333333333,361.3333333333333,362.0,38700,-1.0,-1.0,-1.0
2017/03/16,362.0,365.66666666666663,360.0,362.0,56700,-1.0,-1.0,-1.0
2017/03/17,360.66666666666663,361.3333333333333,360.0,360.66666666666663,24900,-1.0,-1.0,-1.0
2017/03/21,361.66666666666663,365.3333333333333,361.66666666666663,364.66666666666663,60600,-1.0,-1.0,-1.0
2017/03/22,361.66666666666663,363.66666666666663,360.0,361.0,97800,-1.0,-1.0,-1.0
2017/03/23,361.3333333333333,365.3333333333333,360.66666666666663,363.66666666666663,46500,-1.0,-1.0,-1.0
2017/03/24,363.66666666666663,367.3333333333333,362.0,364.3333333333333,86700,-1.0,-1.0,-1.0
2017/03/27,364.66666666666663,364.66666666666663,360.0,360.3333333333333,89400,-1.0,-1.0,-1.0
2017/03/28,363.66666666666663,365.0,360.66666666666663,365.0,106500,-1.0,-1.0,-1.0
2017/03/29,363.3333333333333,363.3333333333333,356.66666666666663,357.66666666666663,48300,-1.0,-1.0,-1.0
2017/03/30,358.0,358.66666666666663,353.0,353.3333333333333,68700,-1.0,-1.0,-1.0
2017/03/31,353.3333333333333,356.0,343.66666666666663,343.66666666666663,108900,-1.0,-1.0,-1.0
2017/04/03,343.66666666666663,346.66666666666663,342.0,344.66666666666663,86700,-1.0,-1.0,-1.0
2017/04/04,347.0,347.0,342.3333333333333,344.0,48900,-1.0,-1.0,-1.0
2017/04/05,344.0,345.0,338.66666666666663,339.66666666666663,68100,-1.0,-1.0,-1.0
2017/04/06,339.66666666666663,339.66666666666663,335.0,335.3333333333333,80400,-1.0,-1.0,-1.0
2017/04/07,335.66666666666663,341.0,335.0,336.3333333333333,64500,-1.0,-1.0,-1.0
2017/04/10,334.3333333333333,339.66666666666663,334.3333333333333,339.0,37200,-1.0,-1.0,-1.0
2017/04/11,336.0,338.3333333333333,333.66666666666663,334.0,67800,-1.0,-1.0,-1.0
2017/04/12,333.66666666666663,333.66666666666663,326.66666666666663,327.3333333333333,99300,-1.0,-1.0,-1.0
2017/04/13,326.66666666666663,327.3333333333333,324.66666666666663,326.0,52800,-1.0,-1.0,-1.0
2017/04/14,326.3333333333333,327.3333333333333,325.0,325.3333333333333,46500,-1.0,-1.0,-1.0
2017/04/17,326.66666666666663,328.66666666666663,326.0,328.3333333333333,36600,-1.0,-1.0,-1.0
2017/04/18,328.66666666666663,332.0,327.0,328.3333333333333,53400,-1.0,-1.0,-1.0
2017/04/19,330.3333333333333,333.3333333333333,330.0,330.3333333333333,62400,-1.0,-1.0,-1.0
2017/04/20,331.0,333.0,330.66666666666663,330.66666666666663,42000,-1.0,-1.0,-1.0
2017/04/21,330.66666666666663,333.3333333333333,330.66666666666663,333.3333333333333,79200,-1.0,-1.0,-1.0
2017/04/24,333.3333333333333,338.3333333333333,333.3333333333333,335.66666666666663,138000,-1.0,-1.0,-1.0
2017/04/25,375.66666666666663,405.66666666666663,370.0,382.0,2473800,-1.0,-1.0,-1.0
2017/04/26,383.0,398.3333333333333,382.66666666666663,397.0,875700,-1.0,-1.0,-1.0
2017/04/27,396.66666666666663,398.3333333333333,390.0,397.0,408600,-1.0,-1.0,-1.0
2017/04/28,395.66666666666663,398.66666666666663,391.3333333333333,396.66666666666663,226500,-1.0,-1.0,-1.0
2017/05/01,426.3333333333333,454.3333333333333,421.66666666666663,453.3333333333333,1624200,-1.0,-1.0,-1.0
2017/05/02,456.3333333333333,464.66666666666663,449.3333333333333,463.3333333333333,1085700,-1.0,-1.0,-1.0
2017/05/08,468.0,478.0,465.0,470.0,615900,-1.0,-1.0,-1.0
2017/05/09,468.0,469.3333333333333,457.66666666666663,460.3333333333333,485700,-1.0,-1.0,-1.0
2017/05/10,460.3333333333333,466.3333333333333,458.3333333333333,460.66666666666663,369300,-1.0,-1.0,-1.0
2017/05/11,465.3333333333333,465.3333333333333,456.3333333333333,458.66666666666663,330000,-1.0,-1.0,-1.0
2017/05/12,453.66666666666663,459.3333333333333,451.3333333333333,453.0,317400,-1.0,-1.0,-1.0
2017/05/15,448.66666666666663,452.66666666666663,442.66666666666663,444.0,272700,-1.0,-1.0,-1.0
2017/05/16,446.0,453.3333333333333,445.66666666666663,448.0,239100,-1.0,-1.0,-1.0
2017/05/17,446.66666666666663,461.0,439.0,457.3333333333333,399600,-1.0,-1.0,-1.0
2017/05/18,447.3333333333333,463.3333333333333,444.3333333333333,462.66666666666663,586200,-1.0,-1.0,-1.0
2017/05/19,458.0,466.3333333333333,457.0,462.0,438300,-1.0,-1.0,-1.0
2017/05/22,466.66666666666663,469.66666666666663,459.3333333333333,460.66666666666663,395700,-1.0,-1.0,-1.0
2017/05/23,465.3333333333333,477.0,465.0,473.3333333333333,535800,-1.0,-1.0,-1.0
2017/05/24,478.0,485.0,472.66666666666663,484.3333333333333,450300,-1.0,-1.0,-1.0
2017/05/25,484.3333333333333,488.0,475.0,485.0,273000,-1.0,-1.0,-1.0
2017/05/26,484.3333333333333,484.3333333333333,467.0,468.0,351900,-1.0,-1.0,-1.0
2017/05/29,468.0,471.3333333333333,463.0,463.0,246300,-1.0,-1.0,-1.0
2017/05/30,463.3333333333333,466.66666666666663,458.3333333333333,460.66666666666663,185400,-1.0,-1.0,-1.0
2017/05/31,460.66666666666663,465.66666666666663,458.66666666666663,464.66666666666663,225000,-1.0,-1.0,-1.0
2017/06/01,464.66666666666663,466.0,460.3333333333333,461.0,205500,-1.0,-1.0,-1.0
2017/06/02,465.66666666666663,465.66666666666663,460.3333333333333,461.66666666666663,373800,-1.0,-1.0,-1.0
2017/06/05,461.66666666666663,462.0,451.66666666666663,460.3333333333333,323100,-1.0,-1.0,-1.0
2017/06/06,462.0,472.0,459.0,468.66666666666663,367500,-1.0,-1.0,-1.0
2017/06/07,468.66666666666663,482.3333333333333,467.3333333333333,480.3333333333333,394800,-1.0,-1.0,-1.0
2017/06/08,478.3333333333333,495.66666666666663,477.66666666666663,484.0,669300,-1.0,-1.0,-1.0
2017/06/09,476.0,487.3333333333333,472.3333333333333,474.66666666666663,372300,-1.0,-1.0,-1.0
2017/06/12,472.0,473.3333333333333,465.3333333333333,466.0,245100,-1.0,-1.0,-1.0
2017/06/13,466.0,472.0,464.0,469.66666666666663,201900,-1.0,-1.0,-1.0
2017/06/14,473.3333333333333,482.66666666666663,468.66666666666663,468.66666666666663,265800,-1.0,-1.0,-1.0
2017/06/15,468.66666666666663,471.66666666666663,463.66666666666663,464.0,198600,-1.0,-1.0,-1.0
2017/06/16,470.3333333333333,471.66666666666663,463.66666666666663,463.66666666666663,256200,-1.0,-1.0,-1.0
2017/06/19,466.0,467.66666666666663,464.3333333333333,464.66666666666663,123300,-1.0,-1.0,-1.0
2017/06/20,465.66666666666663,476.0,465.66666666666663,474.66666666666663,191100,-1.0,-1.0,-1.0
2017/06/21,474.0,475.0,465.3333333333333,465.3333333333333,145200,-1.0,-1.0,-1.0
2017/06/22,469.66666666666663,470.3333333333333,463.66666666666663,468.0,174300,-1.0,-1.0,-1.0
2017/06/23,468.3333333333333,472.3333333333333,462.66666666666663,465.0,202800,-1.0,-1.0,-1.0
2017/06/26,466.66666666666663,468.66666666666663,462.3333333333333,464.3333333333333,133800,-1.0,-1.0,-1.0
2017/06/27,466.66666666666663,469.66666666666663,462.66666666666663,469.66666666666663,132900,-1.0,-1.0,-1.0
2017/06/28,466.3333333333333,469.66666666666663,463.3333333333333,468.3333333333333,195900,-1.0,-1.0,-1.0
2017/06/29,469.3333333333333,479.3333333333333,469.3333333333333,478.66666666666663,180600,-1.0,-1.0,-1.0
2017/06/30,470.66666666666663,474.3333333333333,469.0,474.0,157200,-1.0,-1.0,-1.0
2017/07/03,479.0,485.3333333333333,474.66666666666663,478.66666666666663,224400,-1.0,-1.0,-1.0
2017/07/04,484.0,484.0,466.66666666666663,468.0,268500,-1.0,-1.0,-1.0
2017/07/05,469.0,479.3333333333333,469.0,478.0,177300,-1.0,-1.0,-1.0
2017/07/06,479.66666666666663,490.0,477.0,489.0,256500,-1.0,-1.0,-1.0
2017/07/07,485.66666666666663,494.66666666666663,482.66666666666663,486.0,336000,-1.0,-1.0,-1.0
2017/07/10,485.3333333333333,491.0,485.0,486.66666666666663,246000,-1.0,-1.0,-1.0
2017/07/11,486.3333333333333,494.3333333333333,486.3333333333333,492.3333333333333,226800,-1.0,-1.0,-1.0
2017/07/12,487.3333333333333,491.66666666666663,485.3333333333333,487.3333333333333,207300,-1.0,-1.0,-1.0
2017/07/13,487.3333333333333,497.3333333333333,487.3333333333333,487.3333333333333,265200,-1.0,-1.0,-1.0
2017/07/14,488.3333333333333,495.3333333333333,487.3333333333333,487.66666666666663,213300,-1.0,-1.0,-1.0
2017/07/18,489.3333333333333,495.0,485.3333333333333,490.0,526800,-1.0,-1.0,-1.0
2017/07/19,490.0,503.0,487.0,492.66666666666663,448200,-1.0,-1.0,-1.0
2017/07/20,493.0,497.66666666666663,489.0,491.3333333333333,236100,-1.0,-1.0,-1.0
2017/07/21,491.3333333333333,494.3333333333333,488.66666666666663,490.0,197700,-1.0,-1.0,-1.0
2017/07/24,490.0,490.0,482.0,485.3333333333333,307500,-1.0,-1.0,-1.0
2017/07/25,485.3333333333333,491.3333333333333,482.0,485.3333333333333,259200,-1.0,-1.0,-1.0
2017/07/26,488.3333333333333,490.3333333333333,481.3333333333333,484.0,361500,-1.0,-1.0,-1.0
2017/07/27,483.3333333333333,485.3333333333333,478.0,479.66666666666663,339600,-1.0,-1.0,-1.0
2017/07/28,480.0,494.0,477.3333333333333,491.3333333333333,388800,-1.0,-1.0,-1.0
2017/07/31,494.3333333333333,502.0,492.66666666666663,495.3333333333333,432600,-1.0,-1.0,-1.0
2017/08/01,510.0,531.6666666666666,507.0,517.0,1458300,-1.0,-1.0,-1.0
2017/08/02,519.6666666666666,531.6666666666666,516.6666666666666,530.0,411900,-1.0,-1.0,-1.0
2017/08/03,530.0,530.0,519.0,522.6666666666666,321900,-1.0,-1.0,-1.0
2017/08/04,522.0,524.3333333333333,511.66666666666663,522.6666666666666,447300,-1.0,-1.0,-1.0
2017/08/07,523.3333333333333,532.6666666666666,520.3333333333333,528.0,520800,-1.0,-1.0,-1.0
2017/08/08,528.0,534.6666666666666,521.3333333333333,529.3333333333333,283500,-1.0,-1.0,-1.0
2017/08/09,525.3333333333333,525.6666666666666,510.3333333333333,520.0,418200,-1.0,-1.0,-1.0
2017/08/10,520.0,529.0,517.6666666666666,525.3333333333333,267300,-1.0,-1.0,-1.0
2017/08/14,524.0,527.6666666666666,515.6666666666666,522.3333333333333,366600,-1.0,-1.0,-1.0
2017/08/15,522.6666666666666,529.0,518.0,518.3333333333333,228000,-1.0,-1.0,-1.0
2017/08/16,518.6666666666666,522.0,512.3333333333333,518.6666666666666,352200,-1.0,-1.0,-1.0
2017/08/17,519.3333333333333,530.6666666666666,519.3333333333333,528.0,304200,-1.0,-1.0,-1.0
2017/08/18,519.3333333333333,523.6666666666666,517.0,520.0,272700,-1.0,-1.0,-1.0
2017/08/21,520.6666666666666,522.0,516.0,519.3333333333333,108900,-1.0,-1.0,-1.0
2017/08/22,519.3333333333333,523.6666666666666,516.6666666666666,520.3333333333333,112500,-1.0,-1.0,-1.0
2017/08/23,521.3333333333333,524.6666666666666,515.6666666666666,518.0,152400,-1.0,-1.0,-1.0
2017/08/24,518.0,527.0,517.3333333333333,522.6666666666666,195600,-1.0,-1.0,-1.0
2017/08/25,522.6666666666666,527.6666666666666,520.3333333333333,524.3333333333333,199800,-1.0,-1.0,-1.0
2017/08/28,524.3333333333333,526.3333333333333,517.3333333333333,521.6666666666666,176400,-1.0,-1.0,-1.0
2017/08/29,521.0,532.0,516.6666666666666,530.3333333333333,308400,-1.0,-1.0,-1.0
2017/08/30,531.3333333333333,542.0,531.3333333333333,539.6666666666666,350400,-1.0,-1.0,-1.0
2017/08/31,543.3333333333333,550.0,538.0,541.0,311700,-1.0,-1.0,-1.0
2017/09/01,542.0,545.6666666666666,536.6666666666666,544.6666666666666,176400,-1.0,-1.0,-1.0
2017/09/04,544.6666666666666,544.6666666666666,515.3333333333333,518.3333333333333,382500,-1.0,-1.0,-1.0
2017/09/05,520.0,520.6666666666666,492.3333333333333,496.3333333333333,462000,-1.0,-1.0,-1.0
2017/09/06,492.66666666666663,504.0,487.0,499.0,254700,-1.0,-1.0,-1.0
2017/09/07,504.66666666666663,511.66666666666663,501.3333333333333,505.3333333333333,189300,-1.0,-1.0,-1.0
2017/09/08,505.3333333333333,510.66666666666663,502.3333333333333,505.0,178800,-1.0,-1.0,-1.0
2017/09/11,510.3333333333333,518.6666666666666,509.3333333333333,513.3333333333333,248100,-1.0,-1.0,-1.0
2017/09/12,514.3333333333333,529.0,514.3333333333333,524.3333333333333,258900,-1.0,-1.0,-1.0
2017/09/13,528.3333333333333,536.3333333333333,526.3333333333333,528.3333333333333,186000,-1.0,-1.0,-1.0
2017/09/14,530.0,541.0,530.0,540.0,318600,-1.0,-1.0,-1.0
2017/09/15,539.3333333333333,550.6666666666666,539.3333333333333,547.3333333333333,374700,-1.0,-1.0,-1.0
2017/09/19,553.0,563.3333333333333,553.0,556.6666666666666,339900,-1.0,-1.0,-1.0
2017/09/20,559.0,563.3333333333333,553.0,554.3333333333333,219300,-1.0,-1.0,-1.0
2017/09/21,551.6666666666666,553.3333333333333,545.6666666666666,550.3333333333333,251400,-1.0,-1.0,-1.0
2017/09/22,547.0,561.3333333333333,545.6666666666666,549.3333333333333,249900,-1.0,-1.0,-1.0
2017/09/25,553.3333333333333,560.6666666666666,552.3333333333333,555.6666666666666,219000,-1.0,-1.0,-1.0
2017/09/26,550.6666666666666,559.6666666666666,550.0,554.3333333333333,209700,-1.0,-1.0,-1.0
2017/09/27,553.0,558.0,547.3333333333333,553.3333333333333,292200,-1.0,-1.0,-1.0
2017/09/28,563.0,568.3333333333333,556.6666666666666,568.0,362400,-1.0,-1.0,-1.0
2017/09/29,566.6666666666666,571.3333333333333,563.3333333333333,568.0,261000,-1.0,-1.0,-1.0
2017/10/02,570.6666666666666,577.0,568.6666666666666,572.6666666666666,231300,-1.0,-1.0,-1.0
2017/10/03,576.6666666666666,580.0,572.6666666666666,578.0,312000,-1.0,-1.0,-1.0
2017/10/04,578.0,580.6666666666666,572.0,579.3333333333333,311400,-1.0,-1.0,-1.0
2017/10/05,580.0,584.0,568.6666666666666,570.0,245100,-1.0,-1.0,-1.0
2017/10/06,570.0,575.6666666666666,563.0,564.6666666666666,164400,-1.0,-1.0,-1.0
2017/10/10,563.6666666666666,572.6666666666666,561.6666666666666,572.6666666666666,227400,-1.0,-1.0,-1.0
2017/10/11,568.0,575.3333333333333,568.0,571.6666666666666,175200,-1.0,-1.0,-1.0
2017/10/12,571.6666666666666,574.6666666666666,569.6666666666666,573.3333333333333,108600,-1.0,-1.0,-1.0
2017/10/13,576.6666666666666,580.6666666666666,572.0,577.0,194400,-1.0,-1.0,-1.0
2017/10/16,579.0,581.6666666666666,567.0,568.0,207600,-1.0,-1.0,-1.0
2017/10/17,567.0,571.6666666666666,565.0,569.0,147000,-1.0,-1.0,-1.0
2017/10/18,573.0,573.3333333333333,562.3333333333333,573.3333333333333,187500,-1.0,-1.0,-1.0
2017/10/19,572.0,573.0,566.0,571.0,133500,-1.0,-1.0,-1.0
2017/10/20,565.3333333333333,566.0,562.0,562.3333333333333,104100,-1.0,-1.0,-1.0
2017/10/23,567.3333333333333,570.3333333333333,564.0,568.3333333333333,142200,-1.0,-1.0,-1.0
2017/10/24,571.0,577.6666666666666,568.3333333333333,577.6666666666666,207600,-1.0,-1.0,-1.0
2017/10/25,581.0,582.3333333333333,570.6666666666666,573.6666666666666,220800,-1.0,-1.0,-1.0
2017/10/26,571.6666666666666,573.3333333333333,565.3333333333333,567.6666666666666,141900,-1.0,-1.0,-1.0
2017/10/27,568.3333333333333,574.3333333333333,566.3333333333333,574.0,137100,-1.0,-1.0,-1.0
2017/10/30,579.3333333333333,584.6666666666666,569.3333333333333,572.0,611100,-1.0,-1.0,-1.0
2017/10/31,570.6666666666666,583.3333333333333,565.0,582.0,411600,-1.0,-1.0,-1.0
2017/11/01,589.3333333333333,590.6666666666666,566.0,573.3333333333333,674400,-1.0,-1.0,-1.0
2017/11/02,582.6666666666666,582.6666666666666,562.6666666666666,575.6666666666666,326100,-1.0,-1.0,-1.0
2017/11/06,577.3333333333333,580.0,568.3333333333333,577.3333333333333,301200,-1.0,-1.0,-1.0
2017/11/07,577.6666666666666,598.6666666666666,575.0,588.0,396300,-1.0,-1.0,-1.0
2017/11/08,590.0,603.3333333333333,576.6666666666666,603.3333333333333,451500,-1.0,-1.0,-1.0
2017/11/09,603.3333333333333,614.6666666666666,596.6666666666666,608.0,593100,-1.0,-1.0,-1.0
2017/11/10,600.6666666666666,613.0,595.6666666666666,597.0,375600,-1.0,-1.0,-1.0
2017/11/13,602.6666666666666,606.0,595.0,595.6666666666666,156900,-1.0,-1.0,-1.0
2017/11/14,599.6666666666666,603.0,595.3333333333333,597.0,240000,-1.0,-1.0,-1.0
2017/11/15,603.0,606.0,577.0,577.0,313500,-1.0,-1.0,-1.0
2017/11/16,570.3333333333333,598.3333333333333,567.0,591.3333333333333,237600,-1.0,-1.0,-1.0
2017/11/17,600.0,610.0,591.0,591.3333333333333,236700,-1.0,-1.0,-1.0
2017/11/20,588.0,601.3333333333333,587.6666666666666,587.6666666666666,199500,-1.0,-1.0,-1.0
2017/11/21,597.6666666666666,609.3333333333333,595.0,600.3333333333333,297000,-1.0,-1.0,-1.0
2017/11/22,605.0,606.0,589.6666666666666,589.6666666666666,159300,-1.0,-1.0,-1.0
2017/11/24,593.0,593.0,585.6666666666666,585.6666666666666,159000,-1.0,-1.0,-1.0
2017/11/27,658.0,661.6666666666666,625.3333333333333,629.6666666666666,871500,-1.0,-1.0,-1.0
2017/11/28,637.0,637.0,609.6666666666666,609.6666666666666,451200,-1.0,-1.0,-1.0
2017/11/29,614.0,616.6666666666666,603.3333333333333,606.0,275400,-1.0,-1.0,-1.0
2017/11/30,610.0,642.6666666666666,605.3333333333333,638.6666666666666,443400,-1.0,-1.0,-1.0
2017/12/01,641.6666666666666,641.6666666666666,624.0,633.0,274800,-1.0,-1.0,-1.0
2017/12/04,641.6666666666666,649.3333333333333,629.0,629.6666666666666,231000,-1.0,-1.0,-1.0
2017/12/05,624.0,624.0,610.0,615.6666666666666,196800,-1.0,-1.0,-1.0
2017/12/06,614.6666666666666,625.6666666666666,611.6666666666666,618.3333333333333,217200,-1.0,-1.0,-1.0
2017/12/07,624.3333333333333,635.0,621.3333333333333,626.3333333333333,163500,-1.0,-1.0,-1.0
2017/12/08,628.6666666666666,634.0,625.3333333333333,630.3333333333333,248400,-1.0,-1.0,-1.0
2017/12/11,635.3333333333333,636.3333333333333,621.6666666666666,627.6666666666666,120300,-1.0,-1.0,-1.0
2017/12/12,628.0,631.3333333333333,619.3333333333333,626.0,159300,-1.0,-1.0,-1.0
2017/12/13,627.0,632.3333333333333,619.3333333333333,621.6666666666666,135900,-1.0,-1.0,-1.0
2017/12/14,626.3333333333333,629.6666666666666,620.6666666666666,624.3333333333333,112800,-1.0,-1.0,-1.0
2017/12/15,624.6666666666666,624.6666666666666,614.3333333333333,622.3333333333333,174000,-1.0,-1.0,-1.0
2017/12/18,624.6666666666666,636.3333333333333,624.6666666666666,630.6666666666666,207900,-1.0,-1.0,-1.0
2017/12/19,631.6666666666666,632.0,621.3333333333333,623.3333333333333,105300,-1.0,-1.0,-1.0
2017/12/20,623.3333333333333,635.0,621.3333333333333,634.6666666666666,184500,-1.0,-1.0,-1.0
2017/12/21,636.6666666666666,643.3333333333333,632.6666666666666,642.0,228300,-1.0,-1.0,-1.0
2017/12/22,646.6666666666666,646.6666666666666,636.6666666666666,640.3333333333333,138600,-1.0,-1.0,-1.0
2017/12/25,643.3333333333333,644.6666666666666,634.3333333333333,644.3333333333333,92400,-1.0,-1.0,-1.0
2017/12/26,644.3333333333333,649.0,639.3333333333333,643.3333333333333,123600,-1.0,-1.0,-1.0
2017/12/27,643.3333333333333,644.3333333333333,637.3333333333333,641.3333333333333,116700,-1.0,-1.0,-1.0
2017/12/28,645.3333333333333,661.6666666666666,644.0,656.6666666666666,404100,-1.0,-1.0,-1.0
2017/12/29,653.3333333333333,654.0,642.6666666666666,646.3333333333333,137100,-1.0,-1.0,-1.0
2018/01/04,643.6666666666666,654.3333333333333,642.0,653.3333333333333,199800,-1.0,-1.0,-1.0
2018/01/05,656.6666666666666,656.6666666666666,648.0,653.0,144300,-1.0,-1.0,-1.0
2018/01/09,656.6666666666666,659.3333333333333,648.6666666666666,650.3333333333333,136200,-1.0,-1.0,-1.0
2018/01/10,650.6666666666666,651.3333333333333,643.6666666666666,647.0,123000,-1.0,-1.0,-1.0
2018/01/11,649.3333333333333,666.6666666666666,645.0,665.0,309900,-1.0,-1.0,-1.0
2018/01/12,665.0,669.3333333333333,655.6666666666666,666.0,270900,-1.0,-1.0,-1.0
2018/01/15,666.3333333333333,674.3333333333333,665.0,670.6666666666666,190500,-1.0,-1.0,-1.0
2018/01/16,672.3333333333333,672.3333333333333,665.3333333333333,668.6666666666666,103800,-1.0,-1.0,-1.0
2018/01/17,663.0,668.6666666666666,656.0,662.3333333333333,201600,-1.0,-1.0,-1.0
2018/01/18,662.3333333333333,668.0,655.6666666666666,656.0,201900,-1.0,-1.0,-1.0
2018/01/19,654.6666666666666,662.0,651.6666666666666,654.6666666666666,157500,-1.0,-1.0,-1.0
2018/01/22,666.6666666666666,668.6666666666666,658.3333333333333,665.3333333333333,204600,-1.0,-1.0,-1.0
2018/01/23,675.0,676.0,666.0,671.0,163200,-1.0,-1.0,-1.0
2018/01/24,673.3333333333333,676.6666666666666,664.0,667.0,157500,-1.0,-1.0,-1.0
2018/01/25,666.6666666666666,666.6666666666666,653.3333333333333,656.3333333333333,185700,-1.0,-1.0,-1.0
2018/01/26,660.0,664.0,654.6666666666666,656.0,141900,-1.0,-1.0,-1.0
2018/01/29,656.0,656.0,629.3333333333333,653.3333333333333,279000,-1.0,-1.0,-1.0
2018/01/30,652.3333333333333,653.0,639.6666666666666,642.6666666666666,160200,-1.0,-1.0,-1.0
2018/01/31,640.6666666666666,664.6666666666666,632.6666666666666,652.6666666666666,306300,-1.0,-1.0,-1.0
2018/02/01,652.6666666666666,661.6666666666666,641.6666666666666,659.6666666666666,260700,-1.0,-1.0,-1.0
2018/02/02,659.6666666666666,661.3333333333333,643.3333333333333,653.6666666666666,132900,-1.0,-1.0,-1.0
2018/02/05,637.3333333333333,637.3333333333333,614.6666666666666,624.6666666666666,343800,-1.0,-1.0,-1.0
2018/02/06,544.6666666666666,588.0,541.6666666666666,565.6666666666666,411600,-1.0,-1.0,-1.0
2018/02/07,589.6666666666666,591.6666666666666,569.3333333333333,569.6666666666666,198600,-1.0,-1.0,-1.0
2018/02/08,569.6666666666666,577.6666666666666,563.3333333333333,568.0,162000,-1.0,-1.0,-1.0
2018/02/09,541.3333333333333,555.0,538.3333333333333,554.0,255300,-1.0,-1.0,-1.0
2018/02/13,567.0,571.0,545.0,552.6666666666666,397500,-1.0,-1.0,-1.0
2018/02/14,506.0,517.6666666666666,487.3333333333333,488.66666666666663,819000,-1.0,-1.0,-1.0
2018/02/15,492.0,500.66666666666663,489.0,494.0,469800,-1.0,-1.0,-1.0
2018/02/16,500.0,510.0,494.0,504.3333333333333,237300,-1.0,-1.0,-1.0
2018/02/19,525.0,540.0,519.3333333333333,538.3333333333333,321600,-1.0,-1.0,-1.0
2018/02/20,534.3333333333333,540.3333333333333,523.3333333333333,539.6666666666666,282000,-1.0,-1.0,-1.0
2018/02/21,535.0,544.6666666666666,530.3333333333333,544.0,156300,-1.0,-1.0,-1.0
2018/02/22,543.3333333333333,547.3333333333333,534.0,546.3333333333333,166500,-1.0,-1.0,-1.0
2018/02/23,546.0,559.0,543.0,558.0,207000,-1.0,-1.0,-1.0
2018/02/26,566.6666666666666,571.0,557.3333333333333,566.6666666666666,216600,-1.0,-1.0,-1.0
2018/02/27,566.6666666666666,579.6666666666666,563.0,576.0,177600,-1.0,-1.0,-1.0
2018/02/28,573.3333333333333,585.6666666666666,569.6666666666666,573.3333333333333,200700,-1.0,-1.0,-1.0
2018/03/01,563.3333333333333,566.6666666666666,557.0,563.6666666666666,274500,-1.0,-1.0,-1.0
2018/03/02,550.3333333333333,563.3333333333333,550.3333333333333,554.6666666666666,309000,-1.0,-1.0,-1.0
2018/03/05,556.6666666666666,560.6666666666666,536.6666666666666,541.6666666666666,419100,-1.0,-1.0,-1.0
2018/03/06,550.6666666666666,557.6666666666666,541.3333333333333,543.3333333333333,209400,-1.0,-1.0,-1.0
2018/03/07,543.0,543.3333333333333,530.0,536.6666666666666,363000,-1.0,-1.0,-1.0
2018/03/08,536.6666666666666,540.0,531.0,538.0,309600,-1.0,-1.0,-1.0
2018/03/09,539.3333333333333,549.6666666666666,532.0,534.6666666666666,210900,-1.0,-1.0,-1.0
2018/03/12,543.0,549.6666666666666,534.0,539.6666666666666,187500,-1.0,-1.0,-1.0
2018/03/13,534.3333333333333,550.0,534.3333333333333,550.0,167400,-1.0,-1.0,-1.0
2018/03/14,544.0,552.6666666666666,543.6666666666666,545.3333333333333,97500,-1.0,-1.0,-1.0
2018/03/15,544.0,549.0,541.3333333333333,545.3333333333333,143700,-1.0,-1.0,-1.0
2018/03/16,552.0,552.0,542.0,544.6666666666666,144600,-1.0,-1.0,-1.0
2018/03/19,546.6666666666666,548.3333333333333,535.3333333333333,539.0,151200,-1.0,-1.0,-1.0
2018/03/20,533.0,535.6666666666666,528.0,532.6666666666666,100200,-1.0,-1.0,-1.0
2018/03/22,539.3333333333333,539.3333333333333,527.3333333333333,528.6666666666666,152400,-1.0,-1.0,-1.0
2018/03/23,516.6666666666666,517.0,503.0,505.3333333333333,201900,-1.0,-1.0,-1.0
2018/03/26,502.66666666666663,506.66666666666663,496.66666666666663,506.3333333333333,228000,-1.0,-1.0,-1.0
2018/03/27,511.66666666666663,527.0,509.66666666666663,525.3333333333333,196800,-1.0,-1.0,-1.0
2018/03/28,515.0,519.3333333333333,511.0,516.0,187500,-1.0,-1.0,-1.0
2018/03/29,520.0,520.3333333333333,511.3333333333333,517.6666666666666,268500,-1.0,-1.0,-1.0
2018/03/30,527.3333333333333,530.0,514.3333333333333,520.6666666666666,275400,-1.0,-1.0,-1.0
2018/04/02,547.3333333333333,555.3333333333333,516.3333333333333,525.0,1357500,-1.0,-1.0,-1.0
2018/04/03,511.66666666666663,516.3333333333333,508.66666666666663,514.3333333333333,407100,-1.0,-1.0,-1.0
2018/04/04,525.0,530.0,517.6666666666666,524.3333333333333,329700,-1.0,-1.0,-1.0
2018/04/05,529.3333333333333,529.3333333333333,520.6666666666666,527.0,447000,-1.0,-1.0,-1.0
2018/04/06,528.3333333333333,546.3333333333333,528.3333333333333,542.6666666666666,472800,-1.0,-1.0,-1.0
2018/04/09,539.3333333333333,545.6666666666666,533.0,535.6666666666666,302100,-1.0,-1.0,-1.0
2018/04/10,537.3333333333333,553.3333333333333,535.3333333333333,552.0,312600,-1.0,-1.0,-1.0
2018/04/11,554.0,559.3333333333333,544.6666666666666,553.6666666666666,299100,-1.0,-1.0,-1.0
2018/04/12,553.6666666666666,554.3333333333333,548.0,548.3333333333333,146700,-1.0,-1.0,-1.0
2018/04/13,553.0,562.6666666666666,551.6666666666666,557.3333333333333,244800,-1.0,-1.0,-1.0
2018/04/16,558.3333333333333,562.3333333333333,547.0,549.3333333333333,162900,-1.0,-1.0,-1.0
2018/04/17,550.0,554.3333333333333,533.6666666666666,537.3333333333333,162600,-1.0,-1.0,-1.0
2018/04/18,541.3333333333333,549.3333333333333,536.0,542.3333333333333,159300,-1.0,-1.0,-1.0
2018/04/19,542.6666666666666,554.3333333333333,542.6666666666666,545.6666666666666,201000,-1.0,-1.0,-1.0
2018/04/20,552.3333333333333,552.3333333333333,541.3333333333333,543.6666666666666,155400,-1.0,-1.0,-1.0
2018/04/23,543.6666666666666,549.3333333333333,543.3333333333333,544.6666666666666,75600,-1.0,-1.0,-1.0
2018/04/24,544.3333333333333,549.0,542.6666666666666,545.3333333333333,121500,-1.0,-1.0,-1.0
2018/04/25,543.3333333333333,546.3333333333333,540.0,546.3333333333333,203100,-1.0,-1.0,-1.0
2018/04/26,545.6666666666666,548.6666666666666,540.6666666666666,544.0,209400,-1.0,-1.0,-1.0
2018/04/27,544.0,545.3333333333333,532.0,535.3333333333333,276600,-1.0,-1.0,-1.0
2018/05/01,575.3333333333333,656.6666666666666,573.6666666666666,631.0,2250300,-1.0,-1.0,-1.0
2018/05/02,622.3333333333333,636.0,617.6666666666666,630.6666666666666,602400,-1.0,-1.0,-1.0
2018/05/07,630.6666666666666,630.6666666666666,615.3333333333333,616.6666666666666,201600,-1.0,-1.0,-1.0
2018/05/08,613.3333333333333,623.6666666666666,612.3333333333333,618.3333333333333,196800,-1.0,-1.0,-1.0
2018/05/09,620.3333333333333,628.3333333333333,610.3333333333333,611.3333333333333,253500,-1.0,-1.0,-1.0
2018/05/10,612.3333333333333,621.3333333333333,612.3333333333333,618.6666666666666,104400,-1.0,-1.0,-1.0
2018/05/11,617.3333333333333,626.3333333333333,617.3333333333333,624.3333333333333,151200,-1.0,-1.0,-1.0
2018/05/14,620.6666666666666,625.0,617.6666666666666,621.6666666666666,101100,-1.0,-1.0,-1.0
2018/05/15,621.0,624.0,618.3333333333333,622.0,160200,-1.0,-1.0,-1.0
2018/05/16,617.0,623.3333333333333,613.0,622.3333333333333,120600,-1.0,-1.0,-1.0
2018/05/17,622.3333333333333,624.6666666666666,614.6666666666666,617.0,205800,-1.0,-1.0,-1.0
2018/05/18,617.6666666666666,622.6666666666666,614.3333333333333,619.6666666666666,175500,-1.0,-1.0,-1.0
2018/05/21,621.3333333333333,623.0,617.6666666666666,622.0,99600,-1.0,-1.0,-1.0
2018/05/22,622.0,622.0,611.6666666666666,618.6666666666666,173700,-1.0,-1.0,-1.0
2018/05/23,620.0,620.6666666666666,609.0,609.3333333333333,91200,-1.0,-1.0,-1.0
2018/05/24,608.3333333333333,609.3333333333333,594.0,598.6666666666666,202800,-1.0,-1.0,-1.0
2018/05/25,594.3333333333333,599.0,589.0,592.0,135900,-1.0,-1.0,-1.0
2018/05/28,591.0,596.6666666666666,588.3333333333333,593.6666666666666,130800,-1.0,-1.0,-1.0
2018/05/29,588.6666666666666,589.3333333333333,577.6666666666666,584.0,147900,-1.0,-1.0,-1.0
2018/05/30,574.3333333333333,579.3333333333333,570.0,571.3333333333333,90600,-1.0,-1.0,-1.0
2018/05/31,574.6666666666666,578.0,567.3333333333333,569.3333333333333,69000,-1.0,-1.0,-1.0
2018/06/01,563.0,573.6666666666666,562.3333333333333,570.3333333333333,135600,-1.0,-1.0,-1.0
2018/06/04,571.6666666666666,575.6666666666666,568.0,572.0,147900,-1.0,-1.0,-1.0
2018/06/05,573.3333333333333,579.3333333333333,567.6666666666666,578.0,190800,-1.0,-1.0,-1.0
2018/06/06,580.0,582.6666666666666,574.3333333333333,578.0,159000,-1.0,-1.0,-1.0
2018/06/07,578.0,591.6666666666666,577.3333333333333,590.3333333333333,160200,-1.0,-1.0,-1.0
2018/06/08,586.3333333333333,602.6666666666666,586.3333333333333,601.0,199800,-1.0,-1.0,-1.0
2018/06/11,602.0,605.0,589.3333333333333,593.0,86100,-1.0,-1.0,-1.0
2018/06/12,594.3333333333333,603.6666666666666,587.6666666666666,592.3333333333333,87300,-1.0,-1.0,-1.0
2018/06/13,590.0,591.0,583.6666666666666,590.3333333333333,118800,-1.0,-1.0,-1.0
2018/06/14,583.3333333333333,589.6666666666666,579.3333333333333,583.0,126000,-1.0,-1.0,-1.0
2018/06/15,588.6666666666666,588.6666666666666,571.0,572.0,154500,-1.0,-1.0,-1.0
2018/06/18,573.3333333333333,580.6666666666666,567.0,568.0,192300,-1.0,-1.0,-1.0
2018/06/19,566.6666666666666,566.6666666666666,549.3333333333333,553.3333333333333,188100,-1.0,-1.0,-1.0
2018/06/20,553.3333333333333,557.6666666666666,535.3333333333333,557.0,198000,-1.0,-1.0,-1.0
2018/06/21,551.3333333333333,559.6666666666666,549.3333333333333,553.3333333333333,141600,-1.0,-1.0,-1.0
2018/06/22,548.3333333333333,556.3333333333333,538.0,555.3333333333333,197700,-1.0,-1.0,-1.0
2018/06/25,555.3333333333333,555.6666666666666,546.0,547.0,141000,-1.0,-1.0,-1.0
2018/06/26,545.6666666666666,553.6666666666666,535.3333333333333,550.6666666666666,129900,-1.0,-1.0,-1.0
2018/06/27,550.0,551.6666666666666,542.3333333333333,548.0,88500,-1.0,-1.0,-1.0
2018/06/28,548.0,550.0,531.3333333333333,548.0,222600,-1.0,-1.0,-1.0
2018/06/29,548.3333333333333,553.3333333333333,540.6666666666666,550.0,102000,-1.0,-1.0,-1.0
2018/07/02,556.0,562.0,543.3333333333333,543.6666666666666,166800,-1.0,-1.0,-1.0
2018/07/03,543.6666666666666,544.3333333333333,530.3333333333333,534.3333333333333,151500,-1.0,-1.0,-1.0
2018/07/04,529.6666666666666,531.0,517.3333333333333,518.0,109200,-1.0,-1.0,-1.0
2018/07/05,518.0,521.0,506.66666666666663,508.3333333333333,109800,-1.0,-1.0,-1.0
2018/07/06,508.3333333333333,514.6666666666666,505.0,514.0,100500,-1.0,-1.0,-1.0
2018/07/09,514.0,522.0,510.3333333333333,520.6666666666666,74400,-1.0,-1.0,-1.0
2018/07/10,518.3333333333333,525.0,515.6666666666666,516.6666666666666,216900,-1.0,-1.0,-1.0
2018/07/11,516.6666666666666,521.0,510.3333333333333,520.0,205500,-1.0,-1.0,-1.0
2018/07/12,518.0,518.3333333333333,510.66666666666663,512.3333333333333,167700,-1.0,-1.0,-1.0
2018/07/13,512.0,516.6666666666666,507.0,513.6666666666666,226500,-1.0,-1.0,-1.0
2018/07/17,514.3333333333333,522.0,511.3333333333333,517.0,95100,-1.0,-1.0,-1.0
2018/07/18,518.3333333333333,522.0,514.6666666666666,519.6666666666666,122700,-1.0,-1.0,-1.0
2018/07/19,520.0,527.6666666666666,519.3333333333333,526.3333333333333,108600,-1.0,-1.0,-1.0
2018/07/20,522.0,527.6666666666666,519.0,520.3333333333333,142200,-1.0,-1.0,-1.0
2018/07/23,513.6666666666666,519.3333333333333,510.66666666666663,513.6666666666666,133500,-1.0,-1.0,-1.0
2018/07/24,514.0,520.0,510.0,518.0,109200,-1.0,-1.0,-1.0
2018/07/25,518.3333333333333,523.3333333333333,515.6666666666666,517.6666666666666,86700,-1.0,-1.0,-1.0
2018/07/26,518.0,523.6666666666666,517.0,520.6666666666666,138000,-1.0,-1.0,-1.0
2018/07/27,520.6666666666666,530.0,519.3333333333333,529.3333333333333,113700,-1.0,-1.0,-1.0
2018/07/30,528.3333333333333,528.6666666666666,520.6666666666666,526.0,210600,-1.0,-1.0,-1.0
2018/07/31,527.0,535.6666666666666,521.0,532.0,462900,-1.0,-1.0,-1.0
2018/08/01,524.0,538.0,517.3333333333333,537.0,556200,-1.0,-1.0,-1.0
2018/08/02,537.6666666666666,552.6666666666666,534.6666666666666,542.3333333333333,355500,-1.0,-1.0,-1.0
2018/08/03,541.6666666666666,541.6666666666666,530.3333333333333,531.0,202200,-1.0,-1.0,-1.0
2018/08/06,533.6666666666666,540.0,530.6666666666666,531.0,157800,-1.0,-1.0,-1.0
2018/08/07,531.0,536.3333333333333,530.0,531.6666666666666,181200,-1.0,-1.0,-1.0
2018/08/08,533.3333333333333,535.3333333333333,528.6666666666666,533.3333333333333,153000,-1.0,-1.0,-1.0
2018/08/09,535.0,546.6666666666666,531.0,545.0,229500,-1.0,-1.0,-1.0
2018/08/10,545.0,553.0,542.0,542.6666666666666,176400,-1.0,-1.0,-1.0
2018/08/13,537.0,538.0,525.6666666666666,529.6666666666666,167700,-1.0,-1.0,-1.0
2018/08/14,532.3333333333333,537.3333333333333,528.3333333333333,533.6666666666666,95400,-1.0,-1.0,-1.0
2018/08/15,535.0,535.3333333333333,516.6666666666666,518.6666666666666,66300,-1.0,-1.0,-1.0
2018/08/16,505.3333333333333,509.3333333333333,499.0,503.3333333333333,137400,-1.0,-1.0,-1.0
2018/08/17,503.66666666666663,507.66666666666663,502.0,504.0,59400,-1.0,-1.0,-1.0
2018/08/20,504.0,504.0,493.66666666666663,495.0,82500,-1.0,-1.0,-1.0
2018/08/21,492.0,494.0,487.0,491.66666666666663,81600,-1.0,-1.0,-1.0
2018/08/22,492.0,502.0,490.66666666666663,500.66666666666663,65400,-1.0,-1.0,-1.0
2018/08/23,503.0,508.3333333333333,501.0,507.66666666666663,49800,-1.0,-1.0,-1.0
2018/08/24,509.0,510.3333333333333,507.66666666666663,508.0,30600,-1.0,-1.0,-1.0
2018/08/27,517.3333333333333,524.0,512.6666666666666,523.0,97500,-1.0,-1.0,-1.0
2018/08/28,529.6666666666666,536.0,529.3333333333333,534.3333333333333,164400,-1.0,-1.0,-1.0
2018/08/29,534.3333333333333,539.6666666666666,534.0,538.6666666666666,66900,-1.0,-1.0,-1.0
2018/08/30,540.0,544.3333333333333,537.3333333333333,541.3333333333333,89700,-1.0,-1.0,-1.0
2018/08/31,538.6666666666666,547.0,534.3333333333333,544.0,112200,-1.0,-1.0,-1.0
2018/09/03,546.6666666666666,546.6666666666666,530.0,538.0,134400,-1.0,-1.0,-1.0
2018/09/04,538.0,546.0,532.0,536.3333333333333,72900,-1.0,-1.0,-1.0
2018/09/05,536.3333333333333,536.3333333333333,529.6666666666666,530.6666666666666,54900,-1.0,-1.0,-1.0
2018/09/06,526.6666666666666,534.0,526.0,531.3333333333333,62400,-1.0,-1.0,-1.0
2018/09/07,526.3333333333333,528.0,519.0,520.0,75900,-1.0,-1.0,-1.0
2018/09/10,520.0,523.0,515.6666666666666,517.6666666666666,50400,-1.0,-1.0,-1.0
2018/09/11,518.0,518.3333333333333,511.0,516.3333333333333,78000,-1.0,-1.0,-1.0
2018/09/12,515.0,515.0,504.3333333333333,506.3333333333333,90900,-1.0,-1.0,-1.0
2018/09/13,506.3333333333333,515.0,502.0,508.66666666666663,101100,-1.0,-1.0,-1.0
2018/09/14,504.66666666666663,518.0,504.66666666666663,515.0,183300,-1.0,-1.0,-1.0
2018/09/18,522.0,522.6666666666666,513.3333333333333,517.6666666666666,72900,-1.0,-1.0,-1.0
2018/09/19,524.0,531.6666666666666,522.6666666666666,528.6666666666666,95400,-1.0,-1.0,-1.0
2018/09/20,529.0,530.0,523.3333333333333,528.3333333333333,54900,-1.0,-1.0,-1.0
2018/09/21,528.6666666666666,537.3333333333333,528.6666666666666,535.3333333333333,51300,-1.0,-1.0,-1.0
2018/09/25,538.0,541.3333333333333,533.3333333333333,541.0,121800,-1.0,-1.0,-1.0
2018/09/26,542.0,542.0,534.3333333333333,537.0,129900,-1.0,-1.0,-1.0
2018/09/27,533.6666666666666,537.3333333333333,527.3333333333333,532.0,103500,-1.0,-1.0,-1.0
2018/09/28,537.0,537.6666666666666,528.3333333333333,531.6666666666666,105300,-1.0,-1.0,-1.0
2018/10/01,534.6666666666666,538.0,531.3333333333333,532.3333333333333,66900,-1.0,-1.0,-1.0
2018/10/02,532.3333333333333,539.0,527.3333333333333,527.6666666666666,86700,-1.0,-1.0,-1.0
2018/10/03,527.6666666666666,531.3333333333333,520.3333333333333,520.3333333333333,79500,-1.0,-1.0,-1.0
2018/10/04,525.3333333333333,543.6666666666666,521.6666666666666,540.6666666666666,222600,-1.0,-1.0,-1.0
2018/10/05,537.6666666666666,541.6666666666666,534.6666666666666,538.6666666666666,134100,-1.0,-1.0,-1.0
2018/10/09,537.3333333333333,539.6666666666666,532.6666666666666,535.6666666666666,166500,-1.0,-1.0,-1.0
2018/10/10,538.6666666666666,543.6666666666666,536.0,536.6666666666666,136500,-1.0,-1.0,-1.0
2018/10/11,514.6666666666666,518.0,504.0,504.0,302400,-1.0,-1.0,-1.0
2018/10/12,502.0,512.6666666666666,501.66666666666663,507.66666666666663,145500,-1.0,-1.0,-1.0
2018/10/15,508.66666666666663,509.0,499.3333333333333,501.66666666666663,175500,-1.0,-1.0,-1.0
2018/10/16,498.66666666666663,503.3333333333333,493.0,498.3333333333333,135000,-1.0,-1.0,-1.0
2018/10/17,503.66666666666663,512.3333333333333,503.66666666666663,507.3333333333333,116700,-1.0,-1.0,-1.0
2018/10/18,507.3333333333333,508.3333333333333,499.66666666666663,499.66666666666663,111300,-1.0,-1.0,-1.0
2018/10/19,494.66666666666663,496.3333333333333,487.0,488.3333333333333,127800,-1.0,-1.0,-1.0
2018/10/22,488.3333333333333,504.3333333333333,484.3333333333333,502.66666666666663,159600,-1.0,-1.0,-1.0
2018/10/23,498.66666666666663,499.3333333333333,479.66666666666663,479.66666666666663,179400,-1.0,-1.0,-1.0
2018/10/24,483.66666666666663,485.66666666666663,472.0,482.0,155100,-1.0,-1.0,-1.0
2018/10/25,464.0,474.0,463.66666666666663,466.3333333333333,172200,-1.0,-1.0,-1.0
2018/10/26,475.3333333333333,476.0,458.3333333333333,461.66666666666663,177000,-1.0,-1.0,-1.0
2018/10/29,457.0,467.0,448.0,449.0,159900,-1.0,-1.0,-1.0
2018/10/30,404.3333333333333,423.0,403.0,412.0,827400,-1.0,-1.0,-1.0
2018/10/31,412.0,429.0,412.0,426.3333333333333,272400,-1.0,-1.0,-1.0
2018/11/01,436.3333333333333,436.3333333333333,426.0,429.66666666666663,214800,-1.0,-1.0,-1.0
2018/11/02,437.3333333333333,449.3333333333333,435.3333333333333,449.0,155700,-1.0,-1.0,-1.0
2018/11/05,449.3333333333333,455.66666666666663,444.66666666666663,448.0,188100,-1.0,-1.0,-1.0
2018/11/06,451.0,462.0,450.3333333333333,456.0,122400,-1.0,-1.0,-1.0
2018/11/07,462.0,463.3333333333333,446.66666666666663,449.0,119700,-1.0,-1.0,-1.0
2018/11/08,448.3333333333333,456.0,447.66666666666663,448.66666666666663,114900,-1.0,-1.0,-1.0
2018/11/09,449.0,454.3333333333333,445.0,451.3333333333333,70500,-1.0,-1.0,-1.0
2018/11/12,447.3333333333333,451.3333333333333,444.66666666666663,450.66666666666663,63300,-1.0,-1.0,-1.0
2018/11/13,437.3333333333333,441.0,431.0,440.3333333333333,94500,-1.0,-1.0,-1.0
2018/11/14,439.66666666666663,446.3333333333333,437.66666666666663,442.66666666666663,92700,-1.0,-1.0,-1.0
2018/11/15,439.0,445.0,436.3333333333333,444.3333333333333,66600,-1.0,-1.0,-1.0
2018/11/16,441.3333333333333,441.3333333333333,428.3333333333333,430.3333333333333,92700,-1.0,-1.0,-1.0
2018/11/19,432.3333333333333,434.0,422.0,427.0,112200,-1.0,-1.0,-1.0
2018/11/20,427.0,431.3333333333333,423.3333333333333,431.3333333333333,96900,-1.0,-1.0,-1.0
2018/11/21,427.0,431.3333333333333,421.66666666666663,430.0,124500,-1.0,-1.0,-1.0
2018/11/22,430.3333333333333,436.3333333333333,425.66666666666663,430.0,96900,-1.0,-1.0,-1.0
2018/11/26,434.0,436.0,426.66666666666663,432.0,91800,-1.0,-1.0,-1.0
2018/11/27,436.3333333333333,436.3333333333333,428.3333333333333,434.66666666666663,63900,-1.0,-1.0,-1.0
2018/11/28,435.0,448.0,435.0,448.0,80400,-1.0,-1.0,-1.0
2018/11/29,448.66666666666663,453.0,444.0,446.0,51600,-1.0,-1.0,-1.0
2018/11/30,441.66666666666663,447.3333333333333,441.3333333333333,446.3333333333333,47400,-1.0,-1.0,-1.0
2018/12/03,448.66666666666663,457.0,448.3333333333333,450.3333333333333,73800,-1.0,-1.0,-1.0
2018/12/04,457.0,457.0,442.66666666666663,444.0,95700,-1.0,-1.0,-1.0
2018/12/05,439.0,442.3333333333333,433.3333333333333,437.66666666666663,101400,-1.0,-1.0,-1.0
2018/12/06,441.66666666666663,441.66666666666663,432.66666666666663,436.3333333333333,117900,-1.0,-1.0,-1.0
2018/12/07,432.66666666666663,437.0,425.66666666666663,433.0,107400,-1.0,-1.0,-1.0
2018/12/10,433.3333333333333,434.66666666666663,423.0,425.0,128100,-1.0,-1.0,-1.0
2018/12/11,426.66666666666663,428.0,412.66666666666663,413.0,115200,-1.0,-1.0,-1.0
2018/12/12,414.66666666666663,421.3333333333333,411.66666666666663,415.3333333333333,130500,-1.0,-1.0,-1.0
2018/12/13,416.66666666666663,420.3333333333333,414.66666666666663,417.3333333333333,90600,-1.0,-1.0,-1.0
2018/12/14,414.0,414.66666666666663,405.0,408.0,118200,-1.0,-1.0,-1.0
2018/12/17,407.3333333333333,414.66666666666663,403.66666666666663,405.0,124500,-1.0,-1.0,-1.0
2018/12/18,403.0,403.0,391.66666666666663,393.66666666666663,153600,-1.0,-1.0,-1.0
2018/12/19,391.0,393.66666666666663,383.0,390.3333333333333,131400,-1.0,-1.0,-1.0
2018/12/20,383.3333333333333,390.0,368.66666666666663,370.66666666666663,129600,-1.0,-1.0,-1.0
2018/12/21,368.3333333333333,373.0,362.3333333333333,370.66666666666663,255600,-1.0,-1.0,-1.0
2018/12/25,354.66666666666663,355.0,343.0,344.3333333333333,164700,-1.0,-1.0,-1.0
2018/12/26,346.66666666666663,355.66666666666663,346.66666666666663,351.0,127800,-1.0,-1.0,-1.0
2018/12/27,364.0,378.66666666666663,364.0,378.66666666666663,148800,-1.0,-1.0,-1.0
2018/12/28,377.66666666666663,378.66666666666663,372.66666666666663,376.66666666666663,81000,-1.0,-1.0,-1.0
2019/01/04,366.66666666666663,368.3333333333333,356.3333333333333,366.3333333333333,125100,-1.0,-1.0,-1.0
2019/01/07,378.66666666666663,384.66666666666663,374.3333333333333,381.66666666666663,138600,-1.0,-1.0,-1.0
2019/01/08,381.0,386.0,378.0,383.66666666666663,96300,-1.0,-1.0,-1.0
2019/01/09,383.3333333333333,391.0,380.0,387.66666666666663,78000,-1.0,-1.0,-1.0
2019/01/10,384.0,386.0,377.3333333333333,383.66666666666663,80100,-1.0,-1.0,-1.0
2019/01/11,380.66666666666663,382.66666666666663,378.3333333333333,381.66666666666663,78600,-1.0,-1.0,-1.0
2019/01/15,377.66666666666663,395.66666666666663,376.66666666666663,395.66666666666663,150300,-1.0,-1.0,-1.0
2019/01/16,392.66666666666663,395.66666666666663,384.3333333333333,384.66666666666663,84600,-1.0,-1.0,-1.0
2019/01/17,385.0,390.0,379.66666666666663,381.0,99300,-1.0,-1.0,-1.0
2019/01/18,380.3333333333333,388.0,380.3333333333333,384.66666666666663,106500,-1.0,-1.0,-1.0
2019/01/21,389.0,393.0,387.3333333333333,390.3333333333333,105300,-1.0,-1.0,-1.0
2019/01/22,392.0,392.0,384.3333333333333,387.0,75000,-1.0,-1.0,-1.0
2019/01/23,383.0,385.66666666666663,377.3333333333333,379.66666666666663,87000,-1.0,-1.0,-1.0
2019/01/24,379.0,386.66666666666663,378.66666666666663,384.3333333333333,57900,-1.0,-1.0,-1.0
2019/01/25,383.66666666666663,396.0,382.3333333333333,393.0,114300,-1.0,-1.0,-1.0
2019/01/28,400.0,400.0,388.66666666666663,388.66666666666663,116400,-1.0,-1.0,-1.0
2019/01/29,387.66666666666663,389.3333333333333,379.66666666666663,389.0,115200,-1.0,-1.0,-1.0
2019/01/30,389.0,389.0,381.66666666666663,381.66666666666663,90600,-1.0,-1.0,-1.0
2019/01/31,384.0,389.0,380.66666666666663,385.3333333333333,115500,-1.0,-1.0,-1.0
2019/02/01,387.0,391.0,380.66666666666663,381.66666666666663,76500,-1.0,-1.0,-1.0
2019/02/04,386.3333333333333,390.3333333333333,383.3333333333333,390.3333333333333,96000,-1.0,-1.0,-1.0
2019/02/05,390.3333333333333,395.66666666666663,388.66666666666663,394.66666666666663,97200,-1.0,-1.0,-1.0
2019/02/06,394.66666666666663,397.3333333333333,391.3333333333333,395.0,69600,-1.0,-1.0,-1.0
2019/02/07,392.66666666666663,395.0,389.0,395.0,82800,-1.0,-1.0,-1.0
2019/02/08,388.66666666666663,390.0,382.0,385.3333333333333,77400,-1.0,-1.0,-1.0
2019/02/12,386.0,397.3333333333333,386.0,395.3333333333333,80100,-1.0,-1.0,-1.0
2019/02/13,396.66666666666663,406.66666666666663,393.3333333333333,406.3333333333333,116400,-1.0,-1.0,-1.0
2019/02/14,389.66666666666663,404.66666666666663,389.66666666666663,399.3333333333333,101400,-1.0,-1.0,-1.0
2019/02/15,395.3333333333333,402.66666666666663,390.66666666666663,398.0,82500,-1.0,-1.0,-1.0
2019/02/18,406.66666666666663,411.3333333333333,404.0,409.0,96000,-1.0,-1.0,-1.0
2019/02/19,409.0,413.3333333333333,407.3333333333333,413.0,75300,-1.0,-1.0,-1.0
2019/02/20,413.3333333333333,416.3333333333333,408.0,411.3333333333333,93900,-1.0,-1.0,-1.0
2019/02/21,410.0,412.3333333333333,404.0,410.3333333333333,84000,-1.0,-1.0,-1.0
2019/02/22,409.66666666666663,412.3333333333333,405.3333333333333,412.0,42000,-1.0,-1.0,-1.0
2019/02/25,413.66666666666663,415.0,409.0,411.0,49200,-1.0,-1.0,-1.0
2019/02/26,416.0,416.0,406.3333333333333,413.0,89700,-1.0,-1.0,-1.0
2019/02/27,413.0,414.66666666666663,408.66666666666663,412.66666666666663,63900,-1.0,-1.0,-1.0
2019/02/28,411.0,412.3333333333333,406.3333333333333,406.66666666666663,61500,-1.0,-1.0,-1.0
2019/03/01,413.3333333333333,417.3333333333333,408.66666666666663,413.3333333333333,113700,-1.0,-1.0,-1.0
2019/03/04,417.0,422.0,413.66666666666663,422.0,78600,-1.0,-1.0,-1.0
2019/03/05,422.66666666666663,423.3333333333333,415.3333333333333,419.0,81900,-1.0,-1.0,-1.0
2019/03/06,419.0,422.0,416.0,419.0,63000,-1.0,-1.0,-1.0
2019/03/07,416.3333333333333,416.3333333333333,408.0,413.0,100800,-1.0,-1.0,-1.0
2019/03/08,406.66666666666663,409.66666666666663,397.0,399.3333333333333,159900,-1.0,-1.0,-1.0
2019/03/11,397.3333333333333,401.66666666666663,396.66666666666663,400.0,55500,-1.0,-1.0,-1.0
2019/03/12,401.0,411.66666666666663,401.0,410.3333333333333,60000,-1.0,-1.0,-1.0
2019/03/13,404.3333333333333,409.3333333333333,400.0,400.3333333333333,59700,-1.0,-1.0,-1.0
2019/03/14,401.0,402.0,395.3333333333333,396.66666666666663,73500,-1.0,-1.0,-1.0
2019/03/15,397.0,413.0,396.0,410.3333333333333,121800,-1.0,-1.0,-1.0
2019/03/18,409.66666666666663,416.66666666666663,405.66666666666663,416.66666666666663,102900,-1.0,-1.0,-1.0
2019/03/19,412.66666666666663,413.0,406.66666666666663,412.66666666666663,67500,-1.0,-1.0,-1.0
2019/03/20,413.66666666666663,415.0,407.66666666666663,410.3333333333333,69000,-1.0,-1.0,-1.0
2019/03/22,410.3333333333333,415.3333333333333,408.66666666666663,415.0,57600,-1.0,-1.0,-1.0
2019/03/25,410.66666666666663,410.66666666666663,398.0,402.66666666666663,107700,-1.0,-1.0,-1.0
2019/03/26,412.66666666666663,418.66666666666663,409.0,418.66666666666663,174300,-1.0,-1.0,-1.0
2019/03/27,406.66666666666663,412.3333333333333,403.0,410.3333333333333,64500,-1.0,-1.0,-1.0
2019/03/28,406.0,406.0,391.66666666666663,392.3333333333333,79200,-1.0,-1.0,-1.0
2019/03/29,402.3333333333333,402.3333333333333,390.0,391.0,50100,-1.0,-1.0,-1.0
2019/04/01,398.3333333333333,407.66666666666663,398.3333333333333,405.3333333333333,110700,-1.0,-1.0,-1.0
2019/04/02,409.0,409.0,403.66666666666663,407.66666666666663,51300,-1.0,-1.0,-1.0
2019/04/03,407.66666666666663,411.3333333333333,402.0,411.0,50100,-1.0,-1.0,-1.0
2019/04/04,411.0,412.3333333333333,406.66666666666663,410.0,50400,-1.0,-1.0,-1.0
2019/04/05,407.0,419.3333333333333,407.0,419.3333333333333,113400,-1.0,-1.0,-1.0
2019/04/08,418.66666666666663,419.66666666666663,408.3333333333333,411.66666666666663,74400,-1.0,-1.0,-1.0
2019/04/09,412.0,416.3333333333333,404.66666666666663,414.66666666666663,97800,-1.0,-1.0,-1.0
2019/04/10,407.0,409.66666666666663,400.66666666666663,408.0,82800,-1.0,-1.0,-1.0
2019/04/11,405.0,407.0,399.0,403.0,77700,-1.0,-1.0,-1.0
2019/04/12,403.0,404.0,399.0,403.0,52800,-1.0,-1.0,-1.0
2019/04/15,406.0,412.0,404.3333333333333,411.66666666666663,113100,-1.0,-1.0,-1.0
2019/04/16,410.3333333333333,413.3333333333333,406.3333333333333,410.66666666666663,36300,-1.0,-1.0,-1.0
2019/04/17,410.3333333333333,415.3333333333333,409.0,411.0,59700,-1.0,-1.0,-1.0
2019/04/18,410.0,410.66666666666663,402.3333333333333,405.0,65100,-1.0,-1.0,-1.0
2019/04/19,408.0,409.66666666666663,403.3333333333333,406.0,73200,-1.0,-1.0,-1.0
2019/04/22,406.0,408.0,402.0,405.0,34500,-1.0,-1.0,-1.0
2019/04/23,402.66666666666663,407.3333333333333,398.66666666666663,406.0,54900,-1.0,-1.0,-1.0
2019/04/24,406.0,408.0,400.0,400.66666666666663,48600,-1.0,-1.0,-1.0
2019/04/25,401.3333333333333,406.66666666666663,397.66666666666663,405.3333333333333,48300,-1.0,-1.0,-1.0
2019/04/26,403.0,403.3333333333333,395.66666666666663,401.0,58800,-1.0,-1.0,-1.0
2019/05/07,403.0,403.3333333333333,385.66666666666663,385.66666666666663,76500,-1.0,-1.0,-1.0
2019/05/08,385.66666666666663,393.3333333333333,384.3333333333333,385.3333333333333,82800,-1.0,-1.0,-1.0
2019/05/09,404.0,407.0,392.66666666666663,394.0,230700,-1.0,-1.0,-1.0
2019/05/10,395.0,399.0,383.0,384.3333333333333,164400,-1.0,-1.0,-1.0
2019/05/13,386.66666666666663,390.0,380.3333333333333,380.66666666666663,84600,-1.0,-1.0,-1.0
2019/05/14,376.66666666666663,386.0,370.3333333333333,385.66666666666663,91500,-1.0,-1.0,-1.0
2019/05/15,386.0,386.0,377.0,385.66666666666663,59100,-1.0,-1.0,-1.0
2019/05/16,386.66666666666663,386.66666666666663,379.66666666666663,382.66666666666663,73800,-1.0,-1.0,-1.0
2019/05/17,385.66666666666663,393.66666666666663,383.3333333333333,391.66666666666663,61500,-1.0,-1.0,-1.0
2019/05/20,393.0,393.0,386.3333333333333,391.0,61200,-1.0,-1.0,-1.0
2019/05/21,388.0,389.0,382.66666666666663,385.3333333333333,71100,-1.0,-1.0,-1.0
2019/05/22,391.0,391.0,386.0,387.0,47700,-1.0,-1.0,-1.0
2019/05/23,386.0,387.3333333333333,378.0,384.66666666666663,109500,-1.0,-1.0,-1.0
2019/05/24,379.3333333333333,389.0,376.66666666666663,388.0,72600,-1.0,-1.0,-1.0
2019/05/27,392.0,394.66666666666663,387.3333333333333,394.0,77100,-1.0,-1.0,-1.0
2019/05/28,393.3333333333333,399.0,392.0,396.0,73200,-1.0,-1.0,-1.0
2019/05/29,393.3333333333333,393.3333333333333,386.66666666666663,392.0,79800,-1.0,-1.0,-1.0
2019/05/30,391.0,391.66666666666663,385.3333333333333,390.3333333333333,42300,-1.0,-1.0,-1.0
2019/05/31,390.3333333333333,390.3333333333333,381.66666666666663,382.3333333333333,70800,-1.0,-1.0,-1.0
2019/06/03,377.3333333333333,377.3333333333333,371.3333333333333,372.0,71100,-1.0,-1.0,-1.0
2019/06/04,373.66666666666663,376.66666666666663,370.66666666666663,375.0,52200,-1.0,-1.0,-1.0
2019/06/05,382.66666666666663,384.66666666666663,378.0,384.3333333333333,82500,-1.0,-1.0,-1.0
2019/06/06,390.0,390.66666666666663,383.0,386.3333333333333,77700,-1.0,-1.0,-1.0
2019/06/07,386.66666666666663,388.66666666666663,383.0,384.0,87000,-1.0,-1.0,-1.0
2019/06/10,388.66666666666663,393.0,382.3333333333333,392.0,117900,-1.0,-1.0,-1.0
2019/06/11,391.66666666666663,396.66666666666663,388.66666666666663,396.66666666666663,65100,-1.0,-1.0,-1.0
2019/06/12,395.0,396.66666666666663,391.0,392.0,64500,-1.0,-1.0,-1.0
2019/06/13,390.0,390.0,378.3333333333333,386.3333333333333,110400,-1.0,-1.0,-1.0
2019/06/14,385.0,385.66666666666663,379.0,383.3333333333333,133800,-1.0,-1.0,-1.0
2019/06/17,380.3333333333333,381.0,377.66666666666663,378.66666666666663,68400,-1.0,-1.0,-1.0
2019/06/18,379.3333333333333,381.3333333333333,373.66666666666663,374.0,75300,-1.0,-1.0,-1.0
2019/06/19,380.3333333333333,386.3333333333333,380.3333333333333,384.66666666666663,78300,-1.0,-1.0,-1.0
2019/06/20,384.66666666666663,385.3333333333333,380.66666666666663,382.66666666666663,78300,-1.0,-1.0,-1.0
2019/06/21,385.0,399.0,384.3333333333333,399.0,363900,-1.0,-1.0,-1.0
2019/06/24,397.3333333333333,407.0,394.3333333333333,401.66666666666663,121800,-1.0,-1.0,-1.0
2019/06/25,404.3333333333333,405.66666666666663,400.3333333333333,400.3333333333333,67200,-1.0,-1.0,-1.0
2019/06/26,402.66666666666663,403.66666666666663,395.3333333333333,396.3333333333333,76200,-1.0,-1.0,-1.0
2019/06/27,399.0,407.3333333333333,398.66666666666663,405.3333333333333,66000,-1.0,-1.0,-1.0
2019/06/28,403.66666666666663,403.66666666666663,398.66666666666663,402.66666666666663,117900,-1.0,-1.0,-1.0
2019/07/01,410.0,416.0,407.3333333333333,416.0,210600,-1.0,-1.0,-1.0
2019/07/02,419.0,435.3333333333333,415.3333333333333,434.0,298200,-1.0,-1.0,-1.0
2019/07/03,431.3333333333333,433.66666666666663,425.0,429.3333333333333,172500,-1.0,-1.0,-1.0
2019/07/04,431.66666666666663,431.66666666666663,426.0,429.0,69000,-1.0,-1.0,-1.0
2019/07/05,428.0,429.66666666666663,425.66666666666663,427.66666666666663,60300,-1.0,-1.0,-1.0
2019/07/08,426.3333333333333,429.0,422.66666666666663,423.0,51300,-1.0,-1.0,-1.0
2019/07/09,421.66666666666663,422.66666666666663,415.0,415.3333333333333,77400,-1.0,-1.0,-1.0
2019/07/10,411.3333333333333,413.66666666666663,404.3333333333333,411.0,74700,-1.0,-1.0,-1.0
2019/07/11,408.3333333333333,416.66666666666663,408.3333333333333,416.3333333333333,46800,-1.0,-1.0,-1.0
2019/07/12,417.66666666666663,421.0,413.3333333333333,419.3333333333333,60600,-1.0,-1.0,-1.0
2019/07/16,417.3333333333333,418.66666666666663,413.0,415.66666666666663,64200,-1.0,-1.0,-1.0
2019/07/17,410.0,415.0,407.66666666666663,408.3333333333333,60600,-1.0,-1.0,-1.0
2019/07/18,409.3333333333333,409.3333333333333,399.66666666666663,399.66666666666663,128700,-1.0,-1.0,-1.0
2019/07/19,400.3333333333333,413.0,400.3333333333333,410.66666666666663,51600,-1.0,-1.0,-1.0
2019/07/22,411.66666666666663,414.0,408.66666666666663,410.0,40800,-1.0,-1.0,-1.0
2019/07/23,409.0,417.3333333333333,409.0,412.3333333333333,109500,-1.0,-1.0,-1.0
2019/07/24,412.3333333333333,416.66666666666663,410.0,415.3333333333333,93000,-1.0,-1.0,-1.0
2019/07/25,419.0,421.66666666666663,417.3333333333333,421.0,85800,-1.0,-1.0,-1.0
2019/07/26,421.0,421.0,413.3333333333333,415.0,73200,-1.0,-1.0,-1.0
2019/07/29,416.0,416.0,410.0,413.0,72300,-1.0,-1.0,-1.0
2019/07/30,414.3333333333333,416.3333333333333,409.0,412.0,70200,-1.0,-1.0,-1.0
2019/07/31,412.66666666666663,417.0,410.0,410.0,60900,-1.0,-1.0,-1.0
2019/08/01,403.3333333333333,404.66666666666663,392.0,400.0,163800,-1.0,-1.0,-1.0
2019/08/02,395.66666666666663,396.66666666666663,385.0,387.66666666666663,204600,-1.0,-1.0,-1.0
2019/08/05,385.0,385.66666666666663,373.3333333333333,378.66666666666663,172800,-1.0,-1.0,-1.0
2019/08/06,368.66666666666663,378.66666666666663,366.3333333333333,373.66666666666663,140400,-1.0,-1.0,-1.0
2019/08/07,374.0,380.3333333333333,372.66666666666663,372.66666666666663,172800,-1.0,-1.0,-1.0
2019/08/08,373.66666666666663,378.3333333333333,370.66666666666663,372.66666666666663,129600,-1.0,-1.0,-1.0
2019/08/09,374.66666666666663,376.0,362.66666666666663,363.66666666666663,352500,-1.0,-1.0,-1.0
2019/08/13,360.3333333333333,364.0,358.66666666666663,361.3333333333333,105300,-1.0,-1.0,-1.0
2019/08/14,368.3333333333333,372.0,368.3333333333333,371.66666666666663,71400,-1.0,-1.0,-1.0
2019/08/15,360.3333333333333,368.3333333333333,360.3333333333333,367.3333333333333,49200,-1.0,-1.0,-1.0
2019/08/16,367.66666666666663,370.3333333333333,364.66666666666663,367.66666666666663,90900,-1.0,-1.0,-1.0
2019/08/19,368.3333333333333,374.66666666666663,367.3333333333333,374.3333333333333,49200,-1.0,-1.0,-1.0
2019/08/20,376.3333333333333,376.3333333333333,373.0,373.66666666666663,79200,-1.0,-1.0,-1.0
2019/08/21,372.0,372.0,364.66666666666663,366.0,159000,-1.0,-1.0,-1.0
2019/08/22,367.0,369.66666666666663,366.3333333333333,366.66666666666663,115800,-1.0,-1.0,-1.0
2019/08/23,367.0,369.0,361.0,361.3333333333333,126600,-1.0,-1.0,-1.0
2019/08/26,358.66666666666663,358.66666666666663,351.0,351.0,230700,-1.0,-1.0,-1.0
2019/08/27,352.66666666666663,357.3333333333333,352.66666666666663,354.3333333333333,133500,-1.0,-1.0,-1.0
2019/08/28,352.66666666666663,352.66666666666663,349.0,350.0,164100,-1.0,-1.0,-1.0
2019/08/29,350.0,354.0,350.0,352.66666666666663,81300,-1.0,-1.0,-1.0
2019/08/30,356.3333333333333,361.66666666666663,355.0,361.0,81300,-1.0,-1.0,-1.0
2019/09/02,361.66666666666663,364.66666666666663,361.0,363.3333333333333,33600,-1.0,-1.0,-1.0
2019/09/03,361.0,367.3333333333333,361.0,366.0,58200,-1.0,-1.0,-1.0
2019/09/04,364.3333333333333,367.3333333333333,361.0,362.66666666666663,123900,-1.0,-1.0,-1.0
2019/09/05,364.3333333333333,374.0,364.3333333333333,373.0,108300,-1.0,-1.0,-1.0
2019/09/06,374.3333333333333,376.3333333333333,371.3333333333333,372.66666666666663,104100,-1.0,-1.0,-1.0
2019/09/09,375.0,375.0,369.3333333333333,373.0,172200,-1.0,-1.0,-1.0
2019/09/10,374.0,385.3333333333333,370.3333333333333,385.3333333333333,163500,-1.0,-1.0,-1.0
2019/09/11,384.66666666666663,388.66666666666663,384.0,388.3333333333333,157500,-1.0,-1.0,-1.0
2019/09/12,389.3333333333333,391.0,384.3333333333333,388.0,216900,-1.0,-1.0,-1.0
2019/09/13,385.0,388.3333333333333,381.66666666666663,386.3333333333333,279300,-1.0,-1.0,-1.0
2019/09/17,387.3333333333333,395.66666666666663,383.66666666666663,393.3333333333333,229500,-1.0,-1.0,-1.0
2019/09/18,393.3333333333333,393.3333333333333,388.3333333333333,389.0,248100,-1.0,-1.0,-1.0
2019/09/19,394.0,404.0,393.0,399.0,265500,-1.0,-1.0,-1.0
2019/09/20,399.0,412.66666666666663,395.66666666666663,409.66666666666663,471900,-1.0,-1.0,-1.0
2019/09/24,406.66666666666663,408.0,400.0,401.0,171600,-1.0,-1.0,-1.0
2019/09/25,400.3333333333333,407.0,398.3333333333333,406.3333333333333,145800,-1.0,-1.0,-1.0
2019/09/26,407.66666666666663,412.0,405.66666666666663,408.0,271800,-1.0,-1.0,-1.0
2019/09/27,394.66666666666663,398.3333333333333,388.3333333333333,391.0,168900,-1.0,-1.0,-1.0
2019/09/30,389.3333333333333,391.66666666666663,386.66666666666663,390.66666666666663,127800,-1.0,-1.0,-1.0
2019/10/01,394.3333333333333,404.0,394.3333333333333,398.0,209400,-1.0,-1.0,-1.0
2019/10/02,392.3333333333333,396.3333333333333,391.3333333333333,392.66666666666663,78300,-1.0,-1.0,-1.0
2019/10/03,383.66666666666663,385.66666666666663,379.3333333333333,382.0,139200,-1.0,-1.0,-1.0
2019/10/04,383.0,383.0,378.3333333333333,380.3333333333333,89700,-1.0,-1.0,-1.0
2019/10/07,384.0,384.0,375.0,375.0,114000,-1.0,-1.0,-1.0
2019/10/08,377.3333333333333,384.0,373.66666666666663,383.3333333333333,123900,-1.0,-1.0,-1.0
2019/10/09,380.0,385.0,377.0,385.0,84300,-1.0,-1.0,-1.0
2019/10/10,382.0,385.66666666666663,379.0,385.3333333333333,82800,-1.0,-1.0,-1.0
2019/10/11,385.66666666666663,389.0,381.3333333333333,388.3333333333333,160200,-1.0,-1.0,-1.0
2019/10/15,396.0,398.3333333333333,391.3333333333333,398.0,166200,-1.0,-1.0,-1.0
2019/10/16,401.0,404.0,397.66666666666663,399.66666666666663,156000,-1.0,-1.0,-1.0
2019/10/17,398.66666666666663,401.66666666666663,396.66666666666663,401.0,99600,-1.0,-1.0,-1.0
2019/10/18,402.66666666666663,406.0,401.0,403.66666666666663,97500,-1.0,-1.0,-1.0
2019/10/21,403.66666666666663,424.0,403.66666666666663,422.3333333333333,227700,-1.0,-1.0,-1.0
2019/10/23,423.0,424.3333333333333,412.66666666666663,417.66666666666663,204900,-1.0,-1.0,-1.0
2019/10/24,418.3333333333333,418.3333333333333,411.3333333333333,417.66666666666663,115800,-1.0,-1.0,-1.0
2019/10/25,420.0,423.3333333333333,415.3333333333333,423.3333333333333,138600,-1.0,-1.0,-1.0
2019/10/28,425.66666666666663,425.66666666666663,420.66666666666663,422.3333333333333,109200,-1.0,-1.0,-1.0
2019/10/29,424.66666666666663,431.0,424.66666666666663,431.0,133200,-1.0,-1.0,-1.0
2019/10/30,426.66666666666663,439.3333333333333,426.3333333333333,438.0,255000,-1.0,-1.0,-1.0
2019/10/31,438.0,438.0,428.66666666666663,432.66666666666663,116100,-1.0,-1.0,-1.0
2019/11/01,429.3333333333333,441.0,426.66666666666663,437.3333333333333,102900,-1.0,-1.0,-1.0
2019/11/05,450.0,464.3333333333333,446.66666666666663,461.3333333333333,365700,-1.0,-1.0,-1.0
2019/11/06,460.66666666666663,463.3333333333333,453.3333333333333,458.0,130500,-1.0,-1.0,-1.0
2019/11/07,455.66666666666663,455.66666666666663,450.0,454.0,68100,-1.0,-1.0,-1.0
2019/11/08,459.66666666666663,459.66666666666663,449.3333333333333,452.66666666666663,123300,-1.0,-1.0,-1.0
2019/11/11,453.0,459.3333333333333,453.0,455.66666666666663,171600,-1.0,-1.0,-1.0
2019/11/12,457.0,457.0,450.66666666666663,453.66666666666663,92400,-1.0,-1.0,-1.0
2019/11/13,453.66666666666663,454.3333333333333,444.3333333333333,447.0,79800,-1.0,-1.0,-1.0
2019/11/14,445.66666666666663,445.66666666666663,432.3333333333333,435.66666666666663,133500,-1.0,-1.0,-1.0
2019/11/15,434.0,439.66666666666663,430.0,438.3333333333333,287100,-1.0,-1.0,-1.0
2019/11/18,438.3333333333333,439.66666666666663,431.0,434.3333333333333,102900,-1.0,-1.0,-1.0
2019/11/19,434.0,434.0,425.3333333333333,426.0,111900,-1.0,-1.0,-1.0
2019/11/20,422.66666666666663,425.0,415.0,418.3333333333333,148800,-1.0,-1.0,-1.0
2019/11/21,415.66666666666663,421.0,409.0,421.0,161700,-1.0,-1.0,-1.0
2019/11/22,424.3333333333333,431.66666666666663,422.3333333333333,427.3333333333333,106800,-1.0,-1.0,-1.0
2019/11/25,433.3333333333333,435.0,430.0,434.0,94200,-1.0,-1.0,-1.0
2019/11/26,440.0,440.0,433.0,435.3333333333333,90900,-1.0,-1.0,-1.0
2019/11/27,438.3333333333333,440.3333333333333,434.0,439.66666666666663,91500,-1.0,-1.0,-1.0
2019/11/28,441.66666666666663,445.0,437.66666666666663,441.0,118500,-1.0,-1.0,-1.0
2019/11/29,442.3333333333333,445.66666666666663,438.3333333333333,438.66666666666663,65100,-1.0,-1.0,-1.0
2019/12/02,439.0,444.3333333333333,436.0,437.0,103500,-1.0,-1.0,-1.0
2019/12/03,438.3333333333333,438.3333333333333,430.66666666666663,436.0,94500,-1.0,-1.0,-1.0
2019/12/04,431.66666666666663,438.0,430.66666666666663,437.66666666666663,79200,-1.0,-1.0,-1.0
2019/12/05,436.3333333333333,448.66666666666663,436.3333333333333,448.66666666666663,105000,-1.0,-1.0,-1.0
2019/12/06,452.3333333333333,452.66666666666663,446.0,449.3333333333333,151500,-1.0,-1.0,-1.0
2019/12/09,451.3333333333333,452.66666666666663,448.66666666666663,452.66666666666663,114600,-1.0,-1.0,-1.0
2019/12/10,451.66666666666663,452.66666666666663,449.0,451.66666666666663,83100,-1.0,-1.0,-1.0
2019/12/11,450.66666666666663,452.66666666666663,445.66666666666663,448.66666666666663,82500,-1.0,-1.0,-1.0
2019/12/12,454.3333333333333,465.66666666666663,452.3333333333333,465.66666666666663,188100,-1.0,-1.0,-1.0
2019/12/13,473.0,478.66666666666663,470.0,474.3333333333333,239400,-1.0,-1.0,-1.0
2019/12/16,474.3333333333333,476.0,463.3333333333333,463.3333333333333,113700,-1.0,-1.0,-1.0
2019/12/17,467.0,467.66666666666663,458.3333333333333,460.66666666666663,125400,-1.0,-1.0,-1.0
2019/12/18,461.3333333333333,462.0,450.3333333333333,453.3333333333333,167400,-1.0,-1.0,-1.0
2019/12/19,453.0,459.3333333333333,451.3333333333333,457.0,98100,-1.0,-1.0,-1.0
2019/12/20,455.3333333333333,465.66666666666663,452.0,463.66666666666663,193200,-1.0,-1.0,-1.0
2019/12/23,462.66666666666663,462.66666666666663,453.66666666666663,454.0,105000,-1.0,-1.0,-1.0
2019/12/24,453.66666666666663,454.66666666666663,448.3333333333333,449.3333333333333,69000,-1.0,-1.0,-1.0
2019/12/25,450.0,452.0,447.3333333333333,449.3333333333333,101400,-1.0,-1.0,-1.0
2019/12/26,449.66666666666663,455.3333333333333,449.3333333333333,455.0,130200,-1.0,-1.0,-1.0
2019/12/27,459.66666666666663,459.66666666666663,454.3333333333333,456.0,77100,-1.0,-1.0,-1.0
2019/12/30,455.0,455.0,447.3333333333333,454.0,114900,-1.0,-1.0,-1.0
2020/01/06,446.66666666666663,448.0,443.66666666666663,446.0,118500,-1.0,-1.0,-1.0
2020/01/07,447.3333333333333,456.3333333333333,447.3333333333333,455.66666666666663,111000,-1.0,-1.0,-1.0
2020/01/08,452.3333333333333,452.3333333333333,439.3333333333333,443.66666666666663,177000,-1.0,-1.0,-1.0
2020/01/09,456.3333333333333,456.3333333333333,450.66666666666663,454.0,147000,-1.0,-1.0,-1.0
2020/01/10,454.3333333333333,454.66666666666663,449.0,449.0,61200,-1.0,-1.0,-1.0
2020/01/14,449.0,449.66666666666663,442.66666666666663,447.0,114000,-1.0,-1.0,-1.0
2020/01/15,447.3333333333333,447.3333333333333,438.66666666666663,441.66666666666663,158100,-1.0,-1.0,-1.0
2020/01/16,440.66666666666663,443.66666666666663,439.3333333333333,441.66666666666663,64800,-1.0,-1.0,-1.0
2020/01/17,443.3333333333333,446.0,441.0,442.66666666666663,77700,-1.0,-1.0,-1.0
2020/01/20,440.3333333333333,449.0,440.3333333333333,447.66666666666663,97800,-1.0,-1.0,-1.0
2020/01/21,445.0,448.66666666666663,444.0,447.0,67800,-1.0,-1.0,-1.0
2020/01/22,448.3333333333333,457.66666666666663,445.3333333333333,455.66666666666663,143100,-1.0,-1.0,-1.0
2020/01/23,453.66666666666663,457.66666666666663,451.3333333333333,455.0,108900,-1.0,-1.0,-1.0
2020/01/24,454.3333333333333,455.3333333333333,446.66666666666663,446.66666666666663,104100,-1.0,-1.0,-1.0
2020/01/27,441.0,441.0,431.0,431.66666666666663,194400,-1.0,-1.0,-1.0
2020/01/28,426.66666666666663,433.0,422.0,431.0,132000,-1.0,-1.0,-1.0
2020/01/29,434.3333333333333,436.66666666666663,431.0,434.66666666666663,93300,-1.0,-1.0,-1.0
2020/01/30,430.3333333333333,432.0,417.0,423.3333333333333,147300,-1.0,-1.0,-1.0
2020/01/31,423.3333333333333,429.66666666666663,423.0,427.3333333333333,92400,-1.0,-1.0,-1.0
2020/02/03,416.0,422.66666666666663,413.66666666666663,420.3333333333333,72900,-1.0,-1.0,-1.0
2020/02/04,418.3333333333333,425.3333333333333,417.3333333333333,424.0,101700,-1.0,-1.0,-1.0
2020/02/05,430.3333333333333,434.3333333333333,428.66666666666663,432.0,83100,-1.0,-1.0,-1.0
2020/02/06,434.0,443.0,434.0,440.3333333333333,116400,-1.0,-1.0,-1.0
2020/02/07,443.0,443.0,434.0,434.3333333333333,92700,-1.0,-1.0,-1.0
2020/02/10,434.3333333333333,434.3333333333333,429.66666666666663,434.0,76800,-1.0,-1.0,-1.0
2020/02/12,431.66666666666663,433.0,427.66666666666663,427.66666666666663,74700,-1.0,-1.0,-1.0
2020/02/13,428.66666666666663,429.3333333333333,422.0,423.66666666666663,120000,-1.0,-1.0,-1.0
2020/02/14,419.3333333333333,419.3333333333333,412.0,412.0,212100,-1.0,-1.0,-1.0
2020/02/17,410.3333333333333,410.3333333333333,397.0,403.3333333333333,159600,-1.0,-1.0,-1.0
2020/02/18,398.66666666666663,401.0,395.3333333333333,397.66666666666663,150000,-1.0,-1.0,-1.0
2020/02/19,400.3333333333333,406.3333333333333,400.3333333333333,403.0,104100,-1.0,-1.0,-1.0
2020/02/20,406.66666666666663,408.66666666666663,397.0,398.0,173700,-1.0,-1.0,-1.0
2020/02/21,397.66666666666663,402.0,394.66666666666663,398.3333333333333,240600,-1.0,-1.0,-1.0
2020/02/25,382.0,388.3333333333333,379.3333333333333,385.3333333333333,288300,-1.0,-1.0,-1.0
2020/02/26,381.0,387.66666666666663,378.66666666666663,387.66666666666663,316500,-1.0,-1.0,-1.0
2020/02/27,388.0,389.0,379.3333333333333,379.3333333333333,289800,-1.0,-1.0,-1.0
2020/02/28,370.3333333333333,371.0,364.66666666666663,365.66666666666663,322800,-1.0,-1.0,-1.0
2020/03/02,365.0,381.0,363.66666666666663,378.0,331800,-1.0,-1.0,-1.0
2020/03/03,380.66666666666663,385.0,365.0,365.3333333333333,365100,-1.0,-1.0,-1.0
2020/03/04,364.66666666666663,372.3333333333333,361.3333333333333,366.66666666666663,129600,-1.0,-1.0,-1.0
2020/03/05,376.66666666666663,376.66666666666663,369.0,369.3333333333333,156600,-1.0,-1.0,-1.0
2020/03/06,366.66666666666663,366.66666666666663,359.0,360.0,178500,-1.0,-1.0,-1.0
2020/03/09,351.66666666666663,351.66666666666663,342.66666666666663,342.66666666666663,395100,-1.0,-1.0,-1.0
2020/03/10,333.3333333333333,347.66666666666663,326.66666666666663,345.66666666666663,339300,-1.0,-1.0,-1.0
2020/03/11,350.0,356.66666666666663,341.66666666666663,342.0,297900,-1.0,-1.0,-1.0
2020/03/12,333.3333333333333,336.66666666666663,325.66666666666663,326.66666666666663,450600,-1.0,-1.0,-1.0
2020/03/13,316.66666666666663,316.66666666666663,301.0,307.0,697500,-1.0,-1.0,-1.0
2020/03/16,322.0,322.0,305.3333333333333,306.0,299400,-1.0,-1.0,-1.0
2020/03/17,298.66666666666663,320.3333333333333,296.0,318.3333333333333,303900,-1.0,-1.0,-1.0
2020/03/18,322.3333333333333,327.3333333333333,313.0,313.0,146100,-1.0,-1.0,-1.0
2020/03/19,315.3333333333333,320.0,299.3333333333333,304.3333333333333,439500,-1.0,-1.0,-1.0
2020/03/23,307.3333333333333,323.0,298.0,322.66666666666663,256200,-1.0,-1.0,-1.0
2020/03/24,325.0,333.66666666666663,322.66666666666663,333.66666666666663,193500,-1.0,-1.0,-1.0
2020/03/25,353.66666666666663,353.66666666666663,334.3333333333333,349.66666666666663,211800,-1.0,-1.0,-1.0
2020/03/26,348.66666666666663,349.0,334.0,348.3333333333333,187500,-1.0,-1.0,-1.0
2020/03/27,353.66666666666663,364.0,344.3333333333333,363.3333333333333,306300,-1.0,-1.0,-1.0
2020/03/30,333.3333333333333,341.3333333333333,328.3333333333333,341.3333333333333,371100,-1.0,-1.0,-1.0
2020/03/31,337.3333333333333,339.0,321.0,322.3333333333333,422100,-1.0,-1.0,-1.0
2020/04/01,319.0,320.3333333333333,304.3333333333333,305.66666666666663,353100,-1.0,-1.0,-1.0
2020/04/02,301.66666666666663,302.0,293.66666666666663,297.3333333333333,301800,-1.0,-1.0,-1.0
2020/04/03,296.66666666666663,301.3333333333333,285.0,290.0,214800,-1.0,-1.0,-1.0
2020/04/06,285.0,305.66666666666663,283.3333333333333,303.66666666666663,200700,-1.0,-1.0,-1.0
2020/04/07,306.66666666666663,322.66666666666663,306.66666666666663,320.3333333333333,245700,-1.0,-1.0,-1.0
2020/04/08,320.0,325.66666666666663,316.66666666666663,324.0,191400,-1.0,-1.0,-1.0
2020/04/09,324.3333333333333,328.66666666666663,320.0,328.0,104700,-1.0,-1.0,-1.0
2020/04/10,329.3333333333333,333.0,323.66666666666663,330.3333333333333,120600,-1.0,-1.0,-1.0
2020/04/13,330.3333333333333,330.3333333333333,314.0,315.66666666666663,177600,-1.0,-1.0,-1.0
2020/04/14,315.0,321.3333333333333,311.3333333333333,320.0,111300,-1.0,-1.0,-1.0
2020/04/15,322.66666666666663,322.66666666666663,311.3333333333333,311.3333333333333,224100,-1.0,-1.0,-1.0
2020/04/16,310.0,316.3333333333333,307.66666666666663,316.3333333333333,90300,-1.0,-1.0,-1.0
2020/04/17,320.66666666666663,322.0,312.66666666666663,314.3333333333333,129300,-1.0,-1.0,-1.0
2020/04/20,313.66666666666663,313.66666666666663,308.0,310.3333333333333,117000,-1.0,-1.0,-1.0
2020/04/21,310.3333333333333,310.3333333333333,304.3333333333333,306.0,110700,-1.0,-1.0,-1.0
2020/04/22,305.0,306.3333333333333,301.0,303.3333333333333,207000,-1.0,-1.0,-1.0
2020/04/23,304.66666666666663,314.66666666666663,304.3333333333333,314.66666666666663,77100,-1.0,-1.0,-1.0
2020/04/24,314.3333333333333,314.66666666666663,309.3333333333333,312.0,92700,-1.0,-1.0,-1.0
2020/04/27,317.0,321.3333333333333,316.3333333333333,319.0,123000,-1.0,-1.0,-1.0
2020/04/28,320.3333333333333,324.66666666666663,315.66666666666663,324.3333333333333,112200,-1.0,-1.0,-1.0
2020/04/30,327.3333333333333,331.0,325.0,327.3333333333333,212700,-1.0,-1.0,-1.0
2020/05/01,323.3333333333333,323.66666666666663,315.66666666666663,316.3333333333333,159600,-1.0,-1.0,-1.0
2020/05/07,317.66666666666663,319.3333333333333,313.66666666666663,314.66666666666663,79800,-1.0,-1.0,-1.0
2020/05/08,316.66666666666663,322.3333333333333,316.0,321.66666666666663,112200,-1.0,-1.0,-1.0
2020/05/11,324.66666666666663,328.3333333333333,321.0,328.0,142800,-1.0,-1.0,-1.0
2020/05/12,331.3333333333333,331.3333333333333,322.66666666666663,323.66666666666663,146400,-1.0,-1.0,-1.0
2020/05/13,322.0,324.66666666666663,316.66666666666663,324.0,98700,-1.0,-1.0,-1.0
2020/05/14,324.0,324.0,312.0,312.0,89100,-1.0,-1.0,-1.0
2020/05/15,317.66666666666663,320.3333333333333,311.3333333333333,319.66666666666663,70800,-1.0,-1.0,-1.0
2020/05/18,320.0,320.0,311.66666666666663,319.0,57300,-1.0,-1.0,-1.0
2020/05/19,323.3333333333333,324.0,318.0,322.0,107400,-1.0,-1.0,-1.0
2020/05/20,323.0,324.66666666666663,321.0,323.0,92100,-1.0,-1.0,-1.0
2020/05/21,324.66666666666663,326.0,323.66666666666663,326.0,79500,-1.0,-1.0,-1.0
2020/05/22,326.0,332.0,320.3333333333333,330.0,141900,-1.0,-1.0,-1.0
2020/05/25,320.0,320.0,310.66666666666663,316.66666666666663,351900,-1.0,-1.0,-1.0
2020/05/26,316.66666666666663,321.3333333333333,312.3333333333333,319.66666666666663,302400,-1.0,-1.0,-1.0
2020/05/27,322.66666666666663,326.0,317.3333333333333,326.0,193200,-1.0,-1.0,-1.0
2020/05/28,329.66666666666663,335.3333333333333,323.0,335.3333333333333,265500,-1.0,-1.0,-1.0
2020/05/29,332.66666666666663,332.66666666666663,328.66666666666663,328.66666666666663,109200,-1.0,-1.0,-1.0
2020/06/01,331.66666666666663,331.66666666666663,324.0,326.3333333333333,81600,-1.0,-1.0,-1.0
2020/06/02,326.3333333333333,339.0,326.3333333333333,338.0,170700,-1.0,-1.0,-1.0
2020/06/03,340.66666666666663,348.66666666666663,333.66666666666663,336.3333333333333,158100,-1.0,-1.0,-1.0
2020/06/04,340.66666666666663,341.3333333333333,332.3333333333333,337.66666666666663,81300,-1.0,-1.0,-1.0
2020/06/05,338.3333333333333,340.0,333.3333333333333,339.66666666666663,109200,-1.0,-1.0,-1.0
2020/06/08,344.3333333333333,344.3333333333333,338.66666666666663,341.66666666666663,97800,-1.0,-1.0,-1.0
2020/06/09,343.3333333333333,353.3333333333333,340.66666666666663,353.0,324000,-1.0,-1.0,-1.0
2020/06/10,373.0,380.3333333333333,354.0,357.3333333333333,831600,-1.0,-1.0,-1.0
2020/06/11,357.3333333333333,357.3333333333333,336.0,336.66666666666663,288900,-1.0,-1.0,-1.0
2020/06/12,325.0,332.0,321.3333333333333,330.0,181800,-1.0,-1.0,-1.0
2020/06/15,327.66666666666663,329.0,316.3333333333333,316.3333333333333,140700,-1.0,-1.0,-1.0
2020/06/16,325.0,334.0,323.0,333.3333333333333,129000,-1.0,-1.0,-1.0
2020/06/17,333.0,338.0,331.0,336.0,78300,-1.0,-1.0,-1.0
2020/06/18,335.0,335.0,328.0,333.3333333333333,80700,-1.0,-1.0,-1.0
2020/06/19,339.66666666666663,339.66666666666663,331.66666666666663,339.66666666666663,99600,-1.0,-1.0,-1.0
2020/06/22,339.0,341.0,335.0,338.66666666666663,80700,-1.0,-1.0,-1.0
2020/06/23,338.3333333333333,344.3333333333333,337.0,340.3333333333333,122400,-1.0,-1.0,-1.0
2020/06/24,340.66666666666663,342.0,334.66666666666663,334.66666666666663,108300,-1.0,-1.0,-1.0
2020/06/25,333.3333333333333,336.0,330.3333333333333,332.66666666666663,114900,-1.0,-1.0,-1.0
2020/06/26,335.0,335.3333333333333,329.3333333333333,335.3333333333333,173400,-1.0,-1.0,-1.0
2020/06/29,336.0,336.3333333333333,327.66666666666663,333.0,120000,-1.0,-1.0,-1.0
2020/06/30,335.66666666666663,337.3333333333333,327.66666666666663,327.66666666666663,60300,-1.0,-1.0,-1.0
2020/07/01,332.3333333333333,332.3333333333333,318.3333333333333,321.0,141000,-1.0,-1.0,-1.0
2020/07/02,319.3333333333333,323.66666666666663,317.0,318.66666666666663,83700,-1.0,-1.0,-1.0
2020/07/03,319.0,323.0,312.66666666666663,318.3333333333333,64800,-1.0,-1.0,-1.0
2020/07/06,319.66666666666663,328.3333333333333,319.66666666666663,328.3333333333333,80700,-1.0,-1.0,-1.0
2020/07/07,330.3333333333333,330.3333333333333,321.3333333333333,325.66666666666663,101400,-1.0,-1.0,-1.0
2020/07/08,320.66666666666663,325.0,317.0,317.0,86100,-1.0,-1.0,-1.0
2020/07/09,318.3333333333333,320.66666666666663,313.3333333333333,316.0,117600,-1.0,-1.0,-1.0
2020/07/10,313.66666666666663,313.66666666666663,305.0,305.0,124800,-1.0,-1.0,-1.0
2020/07/13,308.3333333333333,321.66666666666663,308.3333333333333,321.0,107400,-1.0,-1.0,-1.0
2020/07/14,321.0,322.3333333333333,315.66666666666663,319.3333333333333,59100,-1.0,-1.0,-1.0
2020/07/15,321.66666666666663,324.3333333333333,316.66666666666663,322.3333333333333,60900,-1.0,-1.0,-1.0
2020/07/16,324.0,324.0,314.0,316.66666666666663,166500,-1.0,-1.0,-1.0
2020/07/17,318.3333333333333,318.3333333333333,312.0,315.3333333333333,164700,-1.0,-1.0,-1.0
2020/07/20,319.3333333333333,319.3333333333333,311.66666666666663,318.0,71400,-1.0,-1.0,-1.0
2020/07/21,319.66666666666663,324.0,315.66666666666663,324.0,141900,-1.0,-1.0,-1.0
2020/07/22,320.3333333333333,324.66666666666663,320.3333333333333,322.3333333333333,118500,-1.0,-1.0,-1.0
2020/07/27,321.3333333333333,321.3333333333333,314.3333333333333,319.0,264600,-1.0,-1.0,-1.0
2020/07/28,317.66666666666663,317.66666666666663,313.66666666666663,317.0,127200,-1.0,-1.0,-1.0
2020/07/29,316.66666666666663,316.66666666666663,307.66666666666663,308.0,76800,-1.0,-1.0,-1.0
2020/07/30,310.0,310.0,304.66666666666663,308.66666666666663,106200,-1.0,-1.0,-1.0
2020/07/31,305.66666666666663,306.3333333333333,294.0,294.3333333333333,110400,-1.0,-1.0,-1.0
2020/08/03,332.3333333333333,344.3333333333333,330.0,339.3333333333333,718800,-1.0,-1.0,-1.0
2020/08/04,344.66666666666663,346.3333333333333,337.0,339.66666666666663,386700,-1.0,-1.0,-1.0
2020/08/05,339.3333333333333,342.3333333333333,334.0,341.66666666666663,237600,-1.0,-1.0,-1.0
2020/08/06,343.3333333333333,356.3333333333333,343.3333333333333,352.66666666666663,307500,-1.0,-1.0,-1.0
2020/08/07,353.0,353.3333333333333,341.0,347.66666666666663,188700,-1.0,-1.0,-1.0
2020/08/11,349.0,350.0,344.3333333333333,350.0,154200,-1.0,-1.0,-1.0
2020/08/12,349.3333333333333,355.66666666666663,346.0,355.3333333333333,238200,-1.0,-1.0,-1.0
2020/08/13,356.3333333333333,360.66666666666663,353.3333333333333,360.66666666666663,241200,-1.0,-1.0,-1.0
2020/08/14,358.66666666666663,362.0,356.0,361.66666666666663,114600,-1.0,-1.0,-1.0
2020/08/17,361.66666666666663,361.66666666666663,352.0,357.3333333333333,192600,-1.0,-1.0,-1.0
2020/08/18,356.0,356.66666666666663,352.66666666666663,355.0,93900,-1.0,-1.0,-1.0
2020/08/19,354.0,354.0,347.3333333333333,351.3333333333333,202800,-1.0,-1.0,-1.0
2020/08/20,352.0,353.3333333333333,345.66666666666663,351.0,177300,-1.0,-1.0,-1.0
2020/08/21,355.0,359.0,353.3333333333333,359.0,230400,-1.0,-1.0,-1.0
2020/08/24,364.3333333333333,374.66666666666663,364.3333333333333,374.66666666666663,506100,-1.0,-1.0,-1.0
2020/08/25,375.0,377.66666666666663,367.66666666666663,372.66666666666663,304200,-1.0,-1.0,-1.0
2020/08/26,374.3333333333333,374.3333333333333,369.3333333333333,372.3333333333333,185700,-1.0,-1.0,-1.0
2020/08/27,374.3333333333333,374.3333333333333,365.66666666666663,368.66666666666663,157200,-1.0,-1.0,-1.0
2020/08/28,370.0,371.66666666666663,359.66666666666663,366.0,344400,-1.0,-1.0,-1.0
2020/08/31,366.66666666666663,371.3333333333333,366.66666666666663,368.66666666666663,172500,-1.0,-1.0,-1.0
2020/09/01,367.66666666666663,367.66666666666663,359.0,361.66666666666663,199200,-1.0,-1.0,-1.0
2020/09/02,362.0,367.66666666666663,359.3333333333333,367.66666666666663,191700,-1.0,-1.0,-1.0
2020/09/03,371.3333333333333,371.66666666666663,364.3333333333333,364.66666666666663,176100,-1.0,-1.0,-1.0
2020/09/04,360.0,370.3333333333333,359.3333333333333,370.0,195600,-1.0,-1.0,-1.0
2020/09/07,371.66666666666663,371.66666666666663,364.0,368.66666666666663,196800,-1.0,-1.0,-1.0
2020/09/08,376.66666666666663,383.0,374.0,379.3333333333333,483900,-1.0,-1.0,-1.0
2020/09/09,373.3333333333333,378.66666666666663,370.0,378.0,266400,-1.0,-1.0,-1.0
2020/09/10,380.0,381.3333333333333,373.3333333333333,378.0,237900,-1.0,-1.0,-1.0
2020/09/11,375.0,379.3333333333333,373.66666666666663,378.3333333333333,224700,-1.0,-1.0,-1.0
2020/09/14,379.3333333333333,382.3333333333333,377.3333333333333,378.3333333333333,261000,-1.0,-1.0,-1.0
2020/09/15,380.0,380.0,373.0,378.3333333333333,133500,-1.0,-1.0,-1.0
2020/09/16,379.66666666666663,382.0,375.3333333333333,379.3333333333333,318300,-1.0,-1.0,-1.0
2020/09/17,379.66666666666663,382.0,377.3333333333333,381.0,158100,-1.0,-1.0,-1.0
2020/09/18,382.0,393.0,381.66666666666663,393.0,278100,-1.0,-1.0,-1.0
2020/09/23,390.0,392.66666666666663,385.0,391.0,165600,-1.0,-1.0,-1.0
2020/09/24,387.3333333333333,388.66666666666663,379.0,380.3333333333333,229800,-1.0,-1.0,-1.0
2020/09/25,381.66666666666663,392.0,381.66666666666663,388.3333333333333,242400,-1.0,-1.0,-1.0
2020/09/28,391.3333333333333,392.66666666666663,383.3333333333333,391.66666666666663,330600,-1.0,-1.0,-1.0
2020/09/29,379.66666666666663,389.3333333333333,378.3333333333333,389.0,311100,-1.0,-1.0,-1.0
2020/09/30,389.0,389.0,373.66666666666663,373.66666666666663,210300,-1.0,-1.0,-1.0
2020/10/02,382.3333333333333,382.3333333333333,371.3333333333333,373.3333333333333,206100,-1.0,-1.0,-1.0
2020/10/05,376.3333333333333,385.0,376.3333333333333,382.66666666666663,199200,-1.0,-1.0,-1.0
2020/10/06,383.66666666666663,386.66666666666663,377.3333333333333,379.0,127500,-1.0,-1.0,-1.0
2020/10/07,379.0,388.3333333333333,376.0,386.0,189900,-1.0,-1.0,-1.0
2020/10/08,387.3333333333333,387.3333333333333,380.3333333333333,381.0,141000,-1.0,-1.0,-1.0
2020/10/09,380.3333333333333,384.66666666666663,375.3333333333333,383.66666666666663,158400,-1.0,-1.0,-1.0
2020/10/12,384.3333333333333,391.0,379.66666666666663,386.66666666666663,174000,-1.0,-1.0,-1.0
2020/10/13,388.3333333333333,388.3333333333333,379.3333333333333,381.0,95400,-1.0,-1.0,-1.0
2020/10/14,386.0,392.3333333333333,381.3333333333333,388.0,330000,-1.0,-1.0,-1.0
2020/10/15,385.0,391.3333333333333,384.0,388.3333333333333,142800,-1.0,-1.0,-1.0
2020/10/16,389.66666666666663,389.66666666666663,380.3333333333333,380.3333333333333,142800,-1.0,-1.0,-1.0
2020/10/19,386.0,394.0,385.66666666666663,392.66666666666663,218100,-1.0,-1.0,-1.0
2020/10/20,391.3333333333333,393.0,384.66666666666663,384.66666666666663,134400,-1.0,-1.0,-1.0
2020/10/21,385.3333333333333,394.0,385.3333333333333,387.3333333333333,195900,-1.0,-1.0,-1.0
2020/10/22,383.66666666666663,388.3333333333333,380.3333333333333,385.0,187200,-1.0,-1.0,-1.0
2020/10/23,387.66666666666663,388.3333333333333,380.66666666666663,386.0,105900,-1.0,-1.0,-1.0
2020/10/26,389.3333333333333,391.66666666666663,383.0,383.66666666666663,186900,-1.0,-1.0,-1.0
2020/10/27,380.0,381.3333333333333,372.3333333333333,380.66666666666663,178500,-1.0,-1.0,-1.0
2020/10/28,380.66666666666663,380.66666666666663,373.0,376.3333333333333,120900,-1.0,-1.0,-1.0
2020/10/29,370.3333333333333,375.3333333333333,364.3333333333333,374.66666666666663,158400,-1.0,-1.0,-1.0
2020/10/30,374.3333333333333,374.3333333333333,362.3333333333333,365.3333333333333,195900,-1.0,-1.0,-1.0
2020/11/02,366.66666666666663,374.66666666666663,363.3333333333333,366.66666666666663,202800,-1.0,-1.0,-1.0
2020/11/04,371.66666666666663,376.3333333333333,366.66666666666663,373.0,200700,-1.0,-1.0,-1.0
2020/11/05,373.0,379.3333333333333,366.66666666666663,376.0,259200,-1.0,-1.0,-1.0
2020/11/06,377.66666666666663,385.3333333333333,371.0,378.66666666666663,136800,-1.0,-1.0,-1.0
2020/11/09,382.0,389.66666666666663,377.3333333333333,388.66666666666663,165000,-1.0,-1.0,-1.0
2020/11/10,391.66666666666663,395.0,378.66666666666663,382.66666666666663,246000,-1.0,-1.0,-1.0
2020/11/11,383.66666666666663,391.0,382.0,391.0,129900,-1.0,-1.0,-1.0
2020/11/12,391.0,393.3333333333333,382.0,388.3333333333333,329700,-1.0,-1.0,-1.0
2020/11/13,360.66666666666663,366.66666666666663,354.66666666666663,357.66666666666663,469200,-1.0,-1.0,-1.0
2020/11/16,365.0,365.0,356.3333333333333,362.3333333333333,338400,-1.0,-1.0,-1.0
2020/11/17,363.3333333333333,363.3333333333333,357.0,357.66666666666663,163800,-1.0,-1.0,-1.0
2020/11/18,358.3333333333333,358.3333333333333,353.0,355.66666666666663,155400,-1.0,-1.0,-1.0
2020/11/19,353.3333333333333,354.66666666666663,347.66666666666663,349.66666666666663,175500,-1.0,-1.0,-1.0
2020/11/20,353.0,356.3333333333333,349.66666666666663,355.66666666666663,138900,-1.0,-1.0,-1.0
2020/11/24,361.3333333333333,361.66666666666663,354.66666666666663,355.66666666666663,140400,-1.0,-1.0,-1.0
2020/11/25,358.66666666666663,359.3333333333333,352.3333333333333,352.3333333333333,317400,-1.0,-1.0,-1.0
2020/11/26,354.3333333333333,358.3333333333333,351.0,357.66666666666663,197700,-1.0,-1.0,-1.0
2020/11/27,358.0,361.3333333333333,356.0,357.0,241200,-1.0,-1.0,-1.0
2020/11/30,358.3333333333333,360.66666666666663,352.0,352.0,157200,-1.0,-1.0,-1.0
2020/12/01,353.66666666666663,357.66666666666663,352.3333333333333,356.3333333333333,125100,-1.0,-1.0,-1.0
2020/12/02,358.0,360.0,352.66666666666663,353.66666666666663,154800,-1.0,-1.0,-1.0
2020/12/03,355.0,358.0,352.0,357.3333333333333,103800,-1.0,-1.0,-1.0
2020/12/04,357.3333333333333,359.3333333333333,352.0,355.66666666666663,209700,-1.0,-1.0,-1.0
2020/12/07,358.3333333333333,358.3333333333333,352.3333333333333,356.3333333333333,230400,-1.0,-1.0,-1.0
2020/12/08,357.0,366.0,356.0,365.3333333333333,235800,-1.0,-1.0,-1.0
2020/12/09,365.3333333333333,368.0,359.3333333333333,361.0,153600,-1.0,-1.0,-1.0
2020/12/10,363.0,363.0,355.0,356.3333333333333,123900,-1.0,-1.0,-1.0
2020/12/11,356.0,358.3333333333333,352.3333333333333,354.3333333333333,168900,-1.0,-1.0,-1.0
2020/12/14,358.3333333333333,361.3333333333333,356.3333333333333,358.3333333333333,166800,-1.0,-1.0,-1.0
2020/12/15,358.66666666666663,362.3333333333333,358.3333333333333,361.0,100200,-1.0,-1.0,-1.0
2020/12/16,364.3333333333333,365.0,358.0,363.3333333333333,244800,-1.0,-1.0,-1.0
2020/12/17,363.3333333333333,363.66666666666663,355.3333333333333,356.66666666666663,215400,-1.0,-1.0,-1.0
2020/12/18,357.66666666666663,360.66666666666663,354.3333333333333,354.66666666666663,283800,-1.0,-1.0,-1.0
2020/12/21,356.0,357.66666666666663,352.3333333333333,355.3333333333333,231900,-1.0,-1.0,-1.0
2020/12/22,352.66666666666663,354.3333333333333,348.0,351.0,321300,-1.0,-1.0,-1.0
2020/12/23,352.0,352.0,348.3333333333333,350.3333333333333,104700,-1.0,-1.0,-1.0
2020/12/24,351.3333333333333,353.66666666666663,351.0,353.66666666666663,112200,-1.0,-1.0,-1.0
2020/12/25,353.66666666666663,355.0,350.66666666666663,355.0,126000,-1.0,-1.0,-1.0
2020/12/28,355.0,355.3333333333333,350.66666666666663,354.66666666666663,170400,-1.0,-1.0,-1.0
2020/12/29,356.3333333333333,363.3333333333333,356.0,363.3333333333333,196200,-1.0,-1.0,-1.0
2020/12/30,359.66666666666663,364.3333333333333,356.66666666666663,358.0,108600,-1.0,-1.0,-1.0
2021/01/04,362.3333333333333,362.3333333333333,355.3333333333333,356.0,112200,-1.0,-1.0,-1.0
2021/01/05,356.0,358.66666666666663,355.66666666666663,356.66666666666663,68700,-1.0,-1.0,-1.0
2021/01/06,357.0,361.0,357.0,357.3333333333333,82500,-1.0,-1.0,-1.0
2021/01/07,362.3333333333333,364.66666666666663,358.66666666666663,361.3333333333333,135300,-1.0,-1.0,-1.0
2021/01/08,362.0,372.66666666666663,361.3333333333333,372.66666666666663,201000,-1.0,-1.0,-1.0
2021/01/12,379.3333333333333,384.66666666666663,373.0,381.3333333333333,263700,-1.0,-1.0,-1.0
2021/01/13,381.3333333333333,394.0,381.3333333333333,393.3333333333333,258900,-1.0,-1.0,-1.0
2021/01/14,395.0,401.3333333333333,387.66666666666663,389.66666666666663,367800,-1.0,-1.0,-1.0
2021/01/15,390.66666666666663,394.0,384.66666666666663,385.0,240300,-1.0,-1.0,-1.0
2021/01/18,385.0,390.66666666666663,382.3333333333333,389.3333333333333,152700,-1.0,-1.0,-1.0
2021/01/19,390.0,396.0,390.0,390.0,177300,-1.0,-1.0,-1.0
2021/01/20,395.66666666666663,395.66666666666663,388.3333333333333,390.0,153300,-1.0,-1.0,-1.0
2021/01/21,395.0,395.0,386.66666666666663,387.0,222600,-1.0,-1.0,-1.0
2021/01/22,387.0,389.3333333333333,384.66666666666663,385.0,168900,-1.0,-1.0,-1.0
2021/01/25,388.66666666666663,392.66666666666663,387.3333333333333,392.66666666666663,138000,-1.0,-1.0,-1.0
2021/01/26,416.66666666666663,426.3333333333333,413.0,417.66666666666663,970800,-1.0,-1.0,-1.0
2021/01/27,417.66666666666663,421.66666666666663,413.66666666666663,419.66666666666663,357600,-1.0,-1.0,-1.0
2021/01/28,413.66666666666663,419.3333333333333,407.3333333333333,417.3333333333333,326400,-1.0,-1.0,-1.0
2021/01/29,420.0,422.66666666666663,407.0,408.3333333333333,307800,-1.0,-1.0,-1.0
2021/02/01,415.3333333333333,439.66666666666663,414.0,432.0,834300,-1.0,-1.0,-1.0
2021/02/02,427.66666666666663,439.0,420.0,429.66666666666663,534000,-1.0,-1.0,-1.0
2021/02/03,429.66666666666663,436.66666666666663,427.66666666666663,429.0,271800,-1.0,-1.0,-1.0
2021/02/04,429.0,432.3333333333333,426.3333333333333,428.3333333333333,250200,-1.0,-1.0,-1.0
2021/02/05,429.66666666666663,432.66666666666663,425.3333333333333,428.66666666666663,266700,-1.0,-1.0,-1.0
2021/02/08,427.0,433.0,422.66666666666663,432.0,328200,-1.0,-1.0,-1.0
2021/02/09,431.0,436.3333333333333,429.66666666666663,434.0,293100,-1.0,-1.0,-1.0
2021/02/10,435.66666666666663,441.66666666666663,431.3333333333333,434.66666666666663,341700,-1.0,-1.0,-1.0
2021/02/12,441.3333333333333,447.0,436.66666666666663,438.66666666666663,378600,-1.0,-1.0,-1.0
2021/02/15,441.66666666666663,442.0,433.66666666666663,442.0,359400,-1.0,-1.0,-1.0
2021/02/16,440.0,440.3333333333333,435.0,438.0,269700,-1.0,-1.0,-1.0
2021/02/17,436.3333333333333,441.0,435.3333333333333,439.66666666666663,262800,-1.0,-1.0,-1.0
2021/02/18,438.3333333333333,440.0,435.3333333333333,437.66666666666663,252600,-1.0,-1.0,-1.0
2021/02/19,433.3333333333333,436.3333333333333,423.66666666666663,424.66666666666663,392100,-1.0,-1.0,-1.0
2021/02/22,429.66666666666663,432.0,426.3333333333333,427.3333333333333,178800,-1.0,-1.0,-1.0
2021/02/24,426.66666666666663,426.66666666666663,417.0,418.66666666666663,335400,-1.0,-1.0,-1.0
2021/02/25,425.3333333333333,425.66666666666663,421.66666666666663,424.3333333333333,183900,-1.0,-1.0,-1.0
2021/02/26,417.0,420.0,412.0,412.3333333333333,287400,-1.0,-1.0,-1.0
2021/03/01,413.3333333333333,419.3333333333333,413.3333333333333,417.3333333333333,183900,-1.0,-1.0,-1.0
2021/03/02,423.0,423.0,414.3333333333333,420.3333333333333,188400,-1.0,-1.0,-1.0
2021/03/03,418.3333333333333,420.3333333333333,415.66666666666663,419.0,197400,-1.0,-1.0,-1.0
2021/03/04,418.3333333333333,419.3333333333333,412.3333333333333,418.3333333333333,169800,-1.0,-1.0,-1.0
2021/03/05,416.66666666666663,420.66666666666663,408.66666666666663,420.0,277200,-1.0,-1.0,-1.0
2021/03/08,420.3333333333333,422.66666666666663,417.66666666666663,420.0,354600,-1.0,-1.0,-1.0
2021/03/09,423.3333333333333,427.66666666666663,419.0,427.0,290100,-1.0,-1.0,-1.0
2021/03/10,430.0,434.3333333333333,426.66666666666663,429.66666666666663,171600,-1.0,-1.0,-1.0
2021/03/11,432.66666666666663,436.0,430.3333333333333,433.66666666666663,175200,-1.0,-1.0,-1.0
2021/03/12,432.0,433.3333333333333,430.0,432.0,210300,-1.0,-1.0,-1.0
2021/03/15,432.3333333333333,442.3333333333333,432.3333333333333,436.3333333333333,368700,-1.0,-1.0,-1.0
2021/03/16,437.66666666666663,450.0,437.0,448.3333333333333,434100,-1.0,-1.0,-1.0
2021/03/17,448.0,451.0,444.0,446.3333333333333,355500,-1.0,-1.0,-1.0
2021/03/18,449.66666666666663,449.66666666666663,442.3333333333333,446.3333333333333,377700,-1.0,-1.0,-1.0
2021/03/19,443.3333333333333,446.3333333333333,440.0,444.3333333333333,300000,-1.0,-1.0,-1.0
2021/03/22,444.3333333333333,448.66666666666663,441.3333333333333,442.3333333333333,301800,-1.0,-1.0,-1.0
2021/03/23,443.66666666666663,449.0,443.0,443.3333333333333,212400,-1.0,-1.0,-1.0
2021/03/24,441.3333333333333,441.3333333333333,427.66666666666663,430.0,332100,-1.0,-1.0,-1.0
2021/03/25,433.0,443.0,432.66666666666663,441.66666666666663,212400,-1.0,-1.0,-1.0
2021/03/26,445.66666666666663,451.3333333333333,443.3333333333333,447.3333333333333,459300,-1.0,-1.0,-1.0
2021/03/29,453.3333333333333,455.66666666666663,442.3333333333333,447.66666666666663,421200,-1.0,-1.0,-1.0
2021/03/30,437.66666666666663,443.66666666666663,431.66666666666663,438.3333333333333,243600,-1.0,-1.0,-1.0
2021/03/31,433.3333333333333,434.3333333333333,426.66666666666663,426.66666666666663,214500,-1.0,-1.0,-1.0
2021/04/01,431.0,432.0,427.3333333333333,430.3333333333333,183600,-1.0,-1.0,-1.0
2021/04/02,430.3333333333333,433.0,424.0,429.3333333333333,172200,-1.0,-1.0,-1.0
2021/04/05,435.0,436.66666666666663,432.0,434.0,156600,-1.0,-1.0,-1.0
2021/04/06,436.66666666666663,440.0,430.66666666666663,430.66666666666663,213600,-1.0,-1.0,-1.0
2021/04/07,433.0,440.66666666666663,432.66666666666663,440.0,191700,-1.0,-1.0,-1.0
2021/04/08,437.3333333333333,440.0,434.3333333333333,435.0,185700,-1.0,-1.0,-1.0
2021/04/09,437.66666666666663,439.66666666666663,431.66666666666663,431.66666666666663,145800,-1.0,-1.0,-1.0
2021/04/12,433.3333333333333,435.0,429.66666666666663,433.3333333333333,50100,-1.0,-1.0,-1.0
2021/04/13,433.3333333333333,436.3333333333333,430.0,435.0,115200,-1.0,-1.0,-1.0
2021/04/14,433.66666666666663,434.0,430.0,432.3333333333333,111600,-1.0,-1.0,-1.0
2021/04/15,433.3333333333333,437.3333333333333,433.3333333333333,437.3333333333333,101700,-1.0,-1.0,-1.0
2021/04/16,439.0,439.3333333333333,436.0,436.3333333333333,142500,-1.0,-1.0,-1.0
2021/04/19,435.3333333333333,437.66666666666663,434.0,437.0,123600,-1.0,-1.0,-1.0
2021/04/20,433.66666666666663,434.3333333333333,429.3333333333333,429.3333333333333,158100,-1.0,-1.0,-1.0
2021/04/21,420.66666666666663,421.0,415.66666666666663,418.66666666666663,216300,-1.0,-1.0,-1.0
2021/04/22,423.0,423.0,418.66666666666663,420.3333333333333,102600,-1.0,-1.0,-1.0
2021/04/23,418.3333333333333,419.3333333333333,413.66666666666663,418.3333333333333,206100,-1.0,-1.0,-1.0
2021/04/26,427.66666666666663,428.0,419.3333333333333,419.66666666666663,225300,-1.0,-1.0,-1.0
2021/04/27,419.66666666666663,420.3333333333333,416.0,416.0,202500,-1.0,-1.0,-1.0
2021/04/28,418.0,418.3333333333333,413.0,413.0,133200,-1.0,-1.0,-1.0
2021/04/30,416.66666666666663,419.66666666666663,410.0,416.0,292500,-1.0,-1.0,-1.0
2021/05/06,468.3333333333333,510.0,468.3333333333333,509.0,3512400,-1.0,-1.0,-1.0
2021/05/07,500.0,521.6666666666666,495.66666666666663,521.6666666666666,1506000,-1.0,-1.0,-1.0
2021/05/10,522.0,532.6666666666666,513.0,514.6666666666666,921900,-1.0,-1.0,-1.0
2021/05/11,512.6666666666666,514.3333333333333,499.3333333333333,509.3333333333333,542700,-1.0,-1.0,-1.0
2021/05/12,507.3333333333333,512.3333333333333,496.3333333333333,504.0,571500,-1.0,-1.0,-1.0
2021/05/13,497.66666666666663,505.66666666666663,494.0,501.66666666666663,633300,-1.0,-1.0,-1.0
2021/05/14,505.66666666666663,509.66666666666663,502.66666666666663,504.66666666666663,320400,-1.0,-1.0,-1.0
2021/05/17,506.66666666666663,508.3333333333333,499.0,506.0,259500,-1.0,-1.0,-1.0
2021/05/18,503.3333333333333,505.0,499.3333333333333,503.66666666666663,275400,-1.0,-1.0,-1.0
2021/05/19,499.66666666666663,504.0,496.66666666666663,501.3333333333333,283500,-1.0,-1.0,-1.0
2021/05/20,500.0,509.0,499.66666666666663,509.0,463800,-1.0,-1.0,-1.0
2021/05/21,518.3333333333333,531.6666666666666,514.3333333333333,525.3333333333333,514500,-1.0,-1.0,-1.0
2021/05/24,520.3333333333333,539.0,517.6666666666666,536.0,431700,-1.0,-1.0,-1.0
2021/05/25,539.0,544.3333333333333,526.6666666666666,528.0,500400,-1.0,-1.0,-1.0
2021/05/26,528.0,529.0,523.3333333333333,527.3333333333333,167400,-1.0,-1.0,-1.0
2021/05/27,526.0,527.3333333333333,520.0,520.0,250800,-1.0,-1.0,-1.0
2021/05/28,525.6666666666666,530.3333333333333,520.3333333333333,525.3333333333333,359100,-1.0,-1.0,-1.0
2021/05/31,526.3333333333333,526.3333333333333,518.3333333333333,521.0,192900,-1.0,-1.0,-1.0
2021/06/01,525.0,530.0,521.0,529.6666666666666,251700,-1.0,-1.0,-1.0
2021/06/02,529.0,533.6666666666666,526.0,529.6666666666666,229800,-1.0,-1.0,-1.0
2021/06/03,529.3333333333333,533.6666666666666,528.3333333333333,533.3333333333333,228900,-1.0,-1.0,-1.0
2021/06/04,534.3333333333333,538.3333333333333,530.3333333333333,533.6666666666666,271500,-1.0,-1.0,-1.0
2021/06/07,534.0,534.6666666666666,526.0,527.6666666666666,217800,-1.0,-1.0,-1.0
2021/06/08,526.6666666666666,528.3333333333333,521.3333333333333,522.0,245700,-1.0,-1.0,-1.0
2021/06/09,521.0,522.6666666666666,512.0,515.3333333333333,212100,-1.0,-1.0,-1.0
2021/06/10,511.0,515.3333333333333,510.3333333333333,513.0,141300,-1.0,-1.0,-1.0
2021/06/11,513.0,514.0,510.0,512.0,202200,-1.0,-1.0,-1.0
2021/06/14,514.6666666666666,518.3333333333333,510.3333333333333,517.3333333333333,132300,-1.0,-1.0,-1.0
2021/06/15,517.3333333333333,518.0,513.3333333333333,516.6666666666666,129000,-1.0,-1.0,-1.0
2021/06/16,516.6666666666666,518.6666666666666,514.6666666666666,516.0,118500,-1.0,-1.0,-1.0
2021/06/17,513.6666666666666,518.3333333333333,512.0,517.6666666666666,135300,-1.0,-1.0,-1.0
2021/06/18,518.0,520.0,508.66666666666663,508.66666666666663,281100,-1.0,-1.0,-1.0
2021/06/21,501.66666666666663,507.3333333333333,501.0,506.3333333333333,209700,-1.0,-1.0,-1.0
2021/06/22,510.0,515.6666666666666,509.66666666666663,512.3333333333333,120600,-1.0,-1.0,-1.0
2021/06/23,514.0,515.3333333333333,505.66666666666663,506.66666666666663,146100,-1.0,-1.0,-1.0
2021/06/24,506.66666666666663,509.0,502.66666666666663,503.3333333333333,93300,-1.0,-1.0,-1.0
2021/06/25,508.3333333333333,508.3333333333333,502.66666666666663,503.3333333333333,104400,-1.0,-1.0,-1.0
2021/06/28,507.66666666666663,508.3333333333333,503.3333333333333,506.66666666666663,86400,-1.0,-1.0,-1.0
2021/06/29,505.0,505.0,498.3333333333333,502.66666666666663,185700,-1.0,-1.0,-1.0
2021/06/30,504.0,507.0,500.0,501.66666666666663,102000,-1.0,-1.0,-1.0
2021/07/01,504.66666666666663,511.66666666666663,503.66666666666663,505.0,195300,-1.0,-1.0,-1.0
2021/07/02,506.3333333333333,515.6666666666666,506.3333333333333,512.6666666666666,191700,-1.0,-1.0,-1.0
2021/07/05,516.6666666666666,519.6666666666666,509.0,512.0,307500,-1.0,-1.0,-1.0
2021/07/06,508.3333333333333,514.0,507.0,513.0,88200,-1.0,-1.0,-1.0
2021/07/07,508.3333333333333,512.0,505.3333333333333,509.0,138600,-1.0,-1.0,-1.0
2021/07/08,509.0,509.0,503.0,503.66666666666663,142800,-1.0,-1.0,-1.0
2021/07/09,500.0,503.66666666666663,497.3333333333333,502.3333333333333,215700,-1.0,-1.0,-1.0
2021/07/12,506.0,514.6666666666666,506.0,507.66666666666663,127500,-1.0,-1.0,-1.0
2021/07/13,511.3333333333333,516.6666666666666,507.0,509.3333333333333,172800,-1.0,-1.0,-1.0
2021/07/14,509.66666666666663,517.0,507.66666666666663,515.6666666666666,90300,-1.0,-1.0,-1.0
2021/07/15,514.3333333333333,514.6666666666666,507.0,507.0,105900,-1.0,-1.0,-1.0
2021/07/16,506.0,509.0,506.0,509.0,61500,-1.0,-1.0,-1.0
2021/07/19,507.0,507.66666666666663,499.66666666666663,503.66666666666663,138900,-1.0,-1.0,-1.0
2021/07/20,501.66666666666663,502.66666666666663,496.0,499.0,153300,-1.0,-1.0,-1.0
2021/07/21,502.3333333333333,505.66666666666663,500.3333333333333,504.0,139500,-1.0,-1.0,-1.0
2021/07/26,513.3333333333333,514.6666666666666,510.3333333333333,513.3333333333333,101700,-1.0,-1.0,-1.0
2021/07/27,516.3333333333333,516.3333333333333,512.6666666666666,514.0,117900,-1.0,-1.0,-1.0
2021/07/28,509.66666666666663,514.6666666666666,509.66666666666663,513.3333333333333,132600,-1.0,-1.0,-1.0
2021/07/29,515.3333333333333,517.3333333333333,511.3333333333333,513.3333333333333,91800,-1.0,-1.0,-1.0
2021/07/30,515.3333333333333,516.3333333333333,500.0,506.3333333333333,219000,-1.0,-1.0,-1.0
2021/08/02,537.6666666666666,574.3333333333333,528.3333333333333,571.6666666666666,1249200,-1.0,-1.0,-1.0
2021/08/03,563.3333333333333,565.6666666666666,553.3333333333333,555.3333333333333,418800,-1.0,-1.0,-1.0
2021/08/04,557.0,563.6666666666666,556.0,558.6666666666666,290700,-1.0,-1.0,-1.0
2021/08/05,556.0,556.6666666666666,548.3333333333333,552.3333333333333,187500,-1.0,-1.0,-1.0
2021/08/06,556.0,563.3333333333333,554.0,563.3333333333333,405900,-1.0,-1.0,-1.0
2021/08/10,563.3333333333333,581.0,562.0,574.0,428400,-1.0,-1.0,-1.0
2021/08/11,574.0,577.3333333333333,566.0,569.6666666666666,258300,-1.0,-1.0,-1.0
2021/08/12,572.0,575.3333333333333,569.3333333333333,569.6666666666666,152100,-1.0,-1.0,-1.0
2021/08/13,569.3333333333333,569.3333333333333,559.3333333333333,562.0,261000,-1.0,-1.0,-1.0
2021/08/16,567.6666666666666,568.6666666666666,553.0,556.0,246300,-1.0,-1.0,-1.0
2021/08/17,559.6666666666666,571.0,558.6666666666666,561.6666666666666,436800,-1.0,-1.0,-1.0
2021/08/18,556.3333333333333,592.0,556.0,590.6666666666666,743100,-1.0,-1.0,-1.0
2021/08/19,584.0,591.0,572.6666666666666,573.3333333333333,479400,-1.0,-1.0,-1.0
2021/08/20,576.6666666666666,578.6666666666666,555.6666666666666,556.6666666666666,370800,-1.0,-1.0,-1.0
2021/08/23,570.0,577.6666666666666,565.6666666666666,569.0,226500,-1.0,-1.0,-1.0
2021/08/24,574.0,582.3333333333333,573.6666666666666,582.3333333333333,242400,-1.0,-1.0,-1.0
2021/08/25,577.0,584.6666666666666,577.0,583.0,186000,-1.0,-1.0,-1.0
2021/08/26,590.0,606.3333333333333,587.3333333333333,594.0,584100,-1.0,-1.0,-1.0
2021/08/27,590.6666666666666,596.6666666666666,585.6666666666666,592.0,197100,-1.0,-1.0,-1.0
2021/08/30,596.0,602.6666666666666,592.3333333333333,596.3333333333333,266400,-1.0,-1.0,-1.0
2021/08/31,603.0,605.3333333333333,594.3333333333333,601.6666666666666,299700,-1.0,-1.0,-1.0
2021/09/01,600.3333333333333,606.6666666666666,597.0,601.3333333333333,215400,-1.0,-1.0,-1.0
2021/09/02,601.6666666666666,606.0,598.3333333333333,600.3333333333333,166200,-1.0,-1.0,-1.0
2021/09/03,605.6666666666666,614.0,605.0,611.6666666666666,334200,-1.0,-1.0,-1.0
2021/09/06,618.3333333333333,624.6666666666666,617.6666666666666,620.6666666666666,278700,-1.0,-1.0,-1.0
2021/09/07,626.6666666666666,635.0,622.3333333333333,634.6666666666666,414900,-1.0,-1.0,-1.0
2021/09/08,632.3333333333333,638.0,631.0,638.0,328500,-1.0,-1.0,-1.0
2021/09/09,633.3333333333333,637.0,629.3333333333333,633.6666666666666,248400,-1.0,-1.0,-1.0
2021/09/10,633.6666666666666,646.6666666666666,633.6666666666666,645.3333333333333,308700,-1.0,-1.0,-1.0
2021/09/13,645.3333333333333,657.6666666666666,639.6666666666666,657.6666666666666,341100,-1.0,-1.0,-1.0
2021/09/14,654.0,666.3333333333333,652.3333333333333,666.3333333333333,240300,-1.0,-1.0,-1.0
2021/09/15,656.6666666666666,661.6666666666666,650.0,661.6666666666666,248700,-1.0,-1.0,-1.0
2021/09/16,666.0,673.0,657.3333333333333,667.0,422400,-1.0,-1.0,-1.0
2021/09/17,676.6666666666666,682.0,665.6666666666666,667.0,592800,-1.0,-1.0,-1.0
2021/09/21,648.3333333333333,663.6666666666666,644.0,657.3333333333333,492600,-1.0,-1.0,-1.0
2021/09/22,655.0,659.0,639.3333333333333,644.3333333333333,404100,-1.0,-1.0,-1.0
2021/09/24,665.3333333333333,672.6666666666666,656.0,670.3333333333333,406200,-1.0,-1.0,-1.0
2021/09/27,667.0,670.0,655.3333333333333,655.6666666666666,362100,-1.0,-1.0,-1.0
2021/09/28,650.6666666666666,652.0,638.6666666666666,647.6666666666666,365700,-1.0,-1.0,-1.0
2021/09/29,628.3333333333333,633.0,611.6666666666666,624.6666666666666,621300,-1.0,-1.0,-1.0
2021/09/30,625.0,626.6666666666666,603.6666666666666,609.3333333333333,450900,-1.0,-1.0,-1.0
2021/10/01,600.0,611.6666666666666,597.3333333333333,601.3333333333333,331200,-1.0,-1.0,-1.0
2021/10/04,610.6666666666666,611.0,584.0,586.0,391200,-1.0,-1.0,-1.0
2021/10/05,576.0,586.0,567.0,579.3333333333333,440400,-1.0,-1.0,-1.0
2021/10/06,586.6666666666666,600.0,578.0,581.3333333333333,359400,-1.0,-1.0,-1.0
2021/10/07,588.3333333333333,591.0,580.0,583.0,247200,-1.0,-1.0,-1.0
2021/10/08,595.3333333333333,599.6666666666666,589.6666666666666,597.0,313800,-1.0,-1.0,-1.0
2021/10/11,596.3333333333333,601.0,589.3333333333333,601.0,302400,-1.0,-1.0,-1.0
2021/10/12,598.6666666666666,605.6666666666666,596.6666666666666,605.3333333333333,231600,-1.0,-1.0,-1.0
2021/10/13,599.0,599.0,586.6666666666666,593.0,345000,-1.0,-1.0,-1.0
2021/10/14,593.3333333333333,597.6666666666666,590.3333333333333,597.6666666666666,151200,-1.0,-1.0,-1.0
2021/10/15,607.3333333333333,619.3333333333333,606.3333333333333,619.3333333333333,404100,-1.0,-1.0,-1.0
2021/10/18,620.6666666666666,629.6666666666666,614.0,629.6666666666666,408000,-1.0,-1.0,-1.0
2021/10/19,645.0,664.3333333333333,643.0,648.6666666666666,1275300,-1.0,-1.0,-1.0
2021/10/20,654.6666666666666,655.0,631.3333333333333,632.3333333333333,1095300,-1.0,-1.0,-1.0
2021/10/21,625.6666666666666,627.3333333333333,610.0,612.6666666666666,805800,-1.0,-1.0,-1.0
2021/10/22,610.0,626.3333333333333,605.6666666666666,621.6666666666666,354600,-1.0,-1.0,-1.0
2021/10/25,615.6666666666666,630.3333333333333,613.3333333333333,624.3333333333333,341700,-1.0,-1.0,-1.0
2021/10/26,636.3333333333333,645.6666666666666,630.0,635.6666666666666,513900,-1.0,-1.0,-1.0
2021/10/27,639.6666666666666,645.0,630.0,639.0,481200,-1.0,-1.0,-1.0
2021/10/28,630.6666666666666,662.6666666666666,630.6666666666666,654.6666666666666,809100,-1.0,-1.0,-1.0
2021/10/29,664.6666666666666,664.6666666666666,645.0,647.0,1160100,-1.0,-1.0,-1.0
2021/11/01,733.3333333333333,776.3333333333333,730.6666666666666,770.3333333333333,5447100,-1.0,-1.0,-1.0
2021/11/02,775.6666666666666,776.3333333333333,747.0,754.6666666666666,2080200,-1.0,-1.0,-1.0
2021/11/04,759.0,779.3333333333333,759.0,773.3333333333333,1009800,-1.0,-1.0,-1.0
2021/11/05,781.6666666666666,784.6666666666666,755.6666666666666,762.0,847200,-1.0,-1.0,-1.0
2021/11/08,766.6666666666666,771.0,742.3333333333333,745.6666666666666,791400,-1.0,-1.0,-1.0
2021/11/09,748.0,752.0,740.0,741.0,467400,-1.0,-1.0,-1.0
2021/11/10,740.0,743.6666666666666,726.3333333333333,733.3333333333333,631500,-1.0,-1.0,-1.0
2021/11/11,730.0,741.0,728.0,740.6666666666666,444600,-1.0,-1.0,-1.0
2021/11/12,741.6666666666666,746.3333333333333,734.6666666666666,735.6666666666666,494400,-1.0,-1.0,-1.0
2021/11/15,743.0,745.6666666666666,736.6666666666666,741.6666666666666,268800,-1.0,-1.0,-1.0
2021/11/16,747.0,747.3333333333333,734.0,739.3333333333333,391200,-1.0,-1.0,-1.0
2021/11/17,742.6666666666666,752.3333333333333,737.3333333333333,746.3333333333333,267600,-1.0,-1.0,-1.0
2021/11/18,741.6666666666666,750.0,739.0,741.6666666666666,382500,-1.0,-1.0,-1.0
2021/11/19,743.0,750.6666666666666,742.3333333333333,747.0,312900,-1.0,-1.0,-1.0
2021/11/22,762.3333333333333,775.3333333333333,754.3333333333333,770.6666666666666,532500,-1.0,-1.0,-1.0
2021/11/24,775.3333333333333,778.0,750.0,756.6666666666666,501600,-1.0,-1.0,-1.0
2021/11/25,766.6666666666666,773.3333333333333,765.6666666666666,772.3333333333333,246300,-1.0,-1.0,-1.0
2021/11/26,777.3333333333333,781.3333333333333,756.6666666666666,762.6666666666666,462300,-1.0,-1.0,-1.0
2021/11/29,742.3333333333333,758.3333333333333,738.6666666666666,739.6666666666666,535200,-1.0,-1.0,-1.0
2021/11/30,749.6666666666666,757.3333333333333,741.0,741.6666666666666,623400,-1.0,-1.0,-1.0
2021/12/01,738.3333333333333,750.6666666666666,731.0,748.0,363600,-1.0,-1.0,-1.0
2021/12/02,743.6666666666666,751.6666666666666,738.3333333333333,744.3333333333333,378600,-1.0,-1.0,-1.0
2021/12/03,752.6666666666666,760.6666666666666,745.6666666666666,750.6666666666666,455700,-1.0,-1.0,-1.0
2021/12/06,751.6666666666666,764.0,747.0,752.0,380700,-1.0,-1.0,-1.0
2021/12/07,764.0,773.3333333333333,758.3333333333333,771.6666666666666,404100,-1.0,-1.0,-1.0
2021/12/08,789.6666666666666,793.3333333333333,782.0,793.3333333333333,469500,-1.0,-1.0,-1.0
2021/12/09,806.3333333333333,806.3333333333333,784.3333333333333,786.3333333333333,451800,-1.0,-1.0,-1.0
2021/12/10,783.3333333333333,786.3333333333333,773.3333333333333,779.0,316500,-1.0,-1.0,-1.0
2021/12/13,784.6666666666666,789.3333333333333,770.3333333333333,774.6666666666666,215100,-1.0,-1.0,-1.0
2021/12/14,766.6666666666666,770.3333333333333,762.6666666666666,765.0,270300,-1.0,-1.0,-1.0
2021/12/15,766.6666666666666,791.0,766.6666666666666,787.6666666666666,300600,-1.0,-1.0,-1.0
2021/12/16,804.3333333333333,826.0,804.3333333333333,817.6666666666666,751800,-1.0,-1.0,-1.0
2021/12/17,811.6666666666666,818.6666666666666,802.0,808.3333333333333,479400,-1.0,-1.0,-1.0
2021/12/20,799.6666666666666,799.6666666666666,776.0,782.0,647700,-1.0,-1.0,-1.0
2021/12/21,794.0,800.3333333333333,780.0,799.0,372600,-1.0,-1.0,-1.0
2021/12/22,802.3333333333333,807.0,793.6666666666666,796.6666666666666,367500,-1.0,-1.0,-1.0
2021/12/23,803.6666666666666,809.3333333333333,797.6666666666666,800.6666666666666,522900,-1.0,-1.0,-1.0
2021/12/24,808.3333333333333,825.0,802.6666666666666,816.6666666666666,509100,-1.0,-1.0,-1.0
2021/12/27,825.0,845.6666666666666,819.6666666666666,842.3333333333333,543000,-1.0,-1.0,-1.0
2021/12/28,853.3333333333333,874.0,843.3333333333333,873.6666666666666,997200,-1.0,-1.0,-1.0
2021/12/29,871.6666666666666,879.3333333333333,853.6666666666666,858.3333333333333,793500,-1.0,-1.0,-1.0
2021/12/30,860.0,888.6666666666666,854.0,882.6666666666666,594900,-1.0,-1.0,-1.0
2022/01/04,916.0,923.3333333333333,888.6666666666666,905.0,1179600,-1.0,-1.0,-1.0
2022/01/05,890.6666666666666,906.3333333333333,882.6666666666666,906.3333333333333,685500,-1.0,-1.0,-1.0
2022/01/06,893.0,911.0,891.0,891.0,690900,-1.0,-1.0,-1.0
2022/01/07,896.6666666666666,902.6666666666666,868.3333333333333,883.3333333333333,723900,-1.0,-1.0,-1.0
2022/01/11,882.6666666666666,892.0,877.0,879.6666666666666,657900,-1.0,-1.0,-1.0
2022/01/12,892.6666666666666,899.3333333333333,879.3333333333333,881.6666666666666,413700,-1.0,-1.0,-1.0
2022/01/13,884.6666666666666,894.0,879.6666666666666,893.3333333333333,381300,-1.0,-1.0,-1.0
2022/01/14,882.6666666666666,890.3333333333333,877.0,879.3333333333333,469500,-1.0,-1.0,-1.0
2022/01/17,888.3333333333333,888.3333333333333,873.3333333333333,874.3333333333333,444900,-1.0,-1.0,-1.0
2022/01/18,876.6666666666666,876.6666666666666,846.6666666666666,856.6666666666666,783300,-1.0,-1.0,-1.0
2022/01/19,833.6666666666666,849.6666666666666,807.6666666666666,811.0,1127400,-1.0,-1.0,-1.0
2022/01/20,801.6666666666666,818.3333333333333,785.6666666666666,812.3333333333333,799200,-1.0,-1.0,-1.0
2022/01/21,796.6666666666666,805.3333333333333,775.3333333333333,802.6666666666666,866100,-1.0,-1.0,-1.0
2022/01/24,795.0,824.3333333333333,786.6666666666666,819.6666666666666,642000,-1.0,-1.0,-1.0
2022/01/25,829.0,832.6666666666666,783.6666666666666,796.3333333333333,885600,-1.0,-1.0,-1.0
2022/01/26,796.3333333333333,803.6666666666666,777.0,791.0,793800,-1.0,-1.0,-1.0
2022/01/27,807.6666666666666,807.6666666666666,763.3333333333333,767.3333333333333,1131300,-1.0,-1.0,-1.0
2022/01/28,781.0,798.0,768.3333333333333,795.3333333333333,738300,-1.0,-1.0,-1.0
2022/01/31,811.0,845.3333333333333,801.6666666666666,841.6666666666666,1337400,-1.0,-1.0,-1.0
2022/02/01,808.3333333333333,816.6666666666666,735.6666666666666,740.0,4018500,-1.0,-1.0,-1.0
2022/02/02,733.3333333333333,770.6666666666666,723.6666666666666,770.3333333333333,1575900,-1.0,-1.0,-1.0
2022/02/03,768.6666666666666,775.0,745.3333333333333,748.0,963000,-1.0,-1.0,-1.0
2022/02/04,737.6666666666666,762.0,735.0,761.6666666666666,663300,-1.0,-1.0,-1.0
2022/02/07,750.0,761.0,740.6666666666666,758.0,444300,-1.0,-1.0,-1.0
2022/02/08,756.6666666666666,769.3333333333333,755.3333333333333,761.3333333333333,484800,-1.0,-1.0,-1.0
2022/02/09,769.6666666666666,780.6666666666666,765.3333333333333,779.0,504300,-1.0,-1.0,-1.0
2022/02/10,791.6666666666666,794.6666666666666,769.6666666666666,777.0,506100,-1.0,-1.0,-1.0
2022/02/14,756.6666666666666,767.3333333333333,751.0,765.0,608100,-1.0,-1.0,-1.0
2022/02/15,768.3333333333333,777.0,762.0,770.3333333333333,458400,-1.0,-1.0,-1.0
2022/02/16,783.3333333333333,789.6666666666666,780.6666666666666,789.6666666666666,477900,-1.0,-1.0,-1.0
2022/02/17,789.6666666666666,796.0,779.6666666666666,785.0,460800,-1.0,-1.0,-1.0
2022/02/18,771.0,785.6666666666666,768.3333333333333,781.0,376500,-1.0,-1.0,-1.0
2022/02/21,768.3333333333333,784.3333333333333,765.6666666666666,784.3333333333333,290700,-1.0,-1.0,-1.0
2022/02/22,773.0,792.6666666666666,770.0,789.6666666666666,608400,-1.0,-1.0,-1.0
2022/02/24,788.0,809.3333333333333,777.6666666666666,785.6666666666666,1286100,-1.0,-1.0,-1.0
2022/02/25,797.6666666666666,819.3333333333333,791.6666666666666,818.6666666666666,703200,-1.0,-1.0,-1.0
2022/02/28,826.3333333333333,832.0,805.6666666666666,819.0,609000,-1.0,-1.0,-1.0
2022/03/01,817.6666666666666,823.0,806.6666666666666,816.3333333333333,558600,-1.0,-1.0,-1.0
2022/03/02,808.0,817.6666666666666,797.6666666666666,801.6666666666666,501900,-1.0,-1.0,-1.0
2022/03/03,820.6666666666666,832.3333333333333,814.0,824.6666666666666,523500,-1.0,-1.0,-1.0
2022/03/04,824.6666666666666,824.6666666666666,794.3333333333333,805.0,517500,-1.0,-1.0,-1.0
2022/03/07,791.3333333333333,792.6666666666666,768.3333333333333,776.0,765000,-1.0,-1.0,-1.0
2022/03/08,759.3333333333333,770.6666666666666,732.6666666666666,738.0,1000800,-1.0,-1.0,-1.0
2022/03/09,738.0,753.6666666666666,732.6666666666666,741.6666666666666,436200,-1.0,-1.0,-1.0
2022/03/10,769.3333333333333,781.6666666666666,768.0,781.6666666666666,467100,-1.0,-1.0,-1.0
2022/03/11,776.6666666666666,785.3333333333333,769.6666666666666,778.3333333333333,364800,-1.0,-1.0,-1.0
2022/03/14,783.3333333333333,790.0,780.6666666666666,786.3333333333333,253800,-1.0,-1.0,-1.0
2022/03/15,791.6666666666666,791.6666666666666,781.0,785.0,248700,-1.0,-1.0,-1.0
2022/03/16,795.0,797.3333333333333,784.6666666666666,795.0,370800,-1.0,-1.0,-1.0
2022/03/17,818.6666666666666,819.3333333333333,795.0,801.6666666666666,474000,-1.0,-1.0,-1.0
2022/03/18,803.0,821.3333333333333,800.3333333333333,821.3333333333333,407700,-1.0,-1.0,-1.0
2022/03/22,827.3333333333333,845.3333333333333,822.3333333333333,841.0,676500,-1.0,-1.0,-1.0
2022/03/23,849.6666666666666,854.3333333333333,843.6666666666666,845.3333333333333,536400,-1.0,-1.0,-1.0
2022/03/24,832.3333333333333,844.0,830.3333333333333,843.3333333333333,690300,-1.0,-1.0,-1.0
2022/03/25,856.0,865.0,846.6666666666666,858.6666666666666,656700,-1.0,-1.0,-1.0
2022/03/28,865.0,865.0,846.6666666666666,855.3333333333333,491700,-1.0,-1.0,-1.0
2022/03/29,850.3333333333333,857.6666666666666,842.3333333333333,851.6666666666666,631500,-1.0,-1.0,-1.0
2022/03/30,843.3333333333333,843.3333333333333,811.6666666666666,831.0,599400,-1.0,-1.0,-1.0
2022/03/31,820.3333333333333,823.6666666666666,808.6666666666666,817.3333333333333,471300,-1.0,-1.0,-1.0
2022/04/01,794.3333333333333,794.3333333333333,779.0,788.6666666666666,718200,-1.0,-1.0,-1.0
2022/04/04,790.6666666666666,794.6666666666666,780.0,789.6666666666666,324900,-1.0,-1.0,-1.0
2022/04/05,797.6666666666666,805.0,789.0,789.3333333333333,357600,-1.0,-1.0,-1.0
2022/04/06,774.0,774.0,758.6666666666666,768.6666666666666,498000,-1.0,-1.0,-1.0
2022/04/07,752.0,757.0,747.6666666666666,755.6666666666666,417300,-1.0,-1.0,-1.0
2022/04/08,761.6666666666666,766.6666666666666,755.6666666666666,766.6666666666666,267000,-1.0,-1.0,-1.0
2022/04/11,763.0,768.6666666666666,754.0,761.3333333333333,255900,-1.0,-1.0,-1.0
2022/04/12,753.3333333333333,760.6666666666666,751.6666666666666,752.0,345600,-1.0,-1.0,-1.0
2022/04/13,755.6666666666666,768.0,755.6666666666666,768.0,237900,-1.0,-1.0,-1.0
2022/04/14,769.0,779.6666666666666,769.0,775.6666666666666,346500,-1.0,-1.0,-1.0
2022/04/15,766.6666666666666,779.3333333333333,759.0,763.0,496800,-1.0,-1.0,-1.0
2022/04/18,760.0,772.0,756.6666666666666,771.3333333333333,261300,-1.0,-1.0,-1.0
2022/04/19,777.3333333333333,790.0,776.3333333333333,784.3333333333333,373500,-1.0,-1.0,-1.0
2022/04/20,800.6666666666666,801.3333333333333,784.6666666666666,785.0,445200,-1.0,-1.0,-1.0
2022/04/21,790.6666666666666,797.0,786.0,794.0,309000,-1.0,-1.0,-1.0
2022/04/22,780.3333333333333,784.0,777.0,778.6666666666666,294000,-1.0,-1.0,-1.0
2022/04/25,758.0,767.6666666666666,756.0,761.3333333333333,296700,-1.0,-1.0,-1.0
2022/04/26,765.6666666666666,766.6666666666666,755.6666666666666,762.0,311100,-1.0,-1.0,-1.0
2022/04/27,746.6666666666666,761.3333333333333,740.3333333333333,758.6666666666666,624900,-1.0,-1.0,-1.0
2022/04/28,761.0,771.0,753.3333333333333,768.0,527100,-1.0,-1.0,-1.0
2022/05/02,818.0,896.6666666666666,810.0,887.6666666666666,3494100,-1.0,-1.0,-1.0
2022/05/06,883.3333333333333,950.0,880.6666666666666,946.0,2927400,-1.0,-1.0,-1.0
2022/05/09,950.3333333333333,982.6666666666666,948.6666666666666,962.3333333333333,1861500,-1.0,-1.0,-1.0
2022/05/10,958.3333333333333,973.3333333333333,942.0,962.6666666666666,1343700,-1.0,-1.0,-1.0
2022/05/11,962.3333333333333,965.6666666666666,938.3333333333333,952.6666666666666,999900,-1.0,-1.0,-1.0
2022/05/12,946.6666666666666,952.3333333333333,934.0,937.3333333333333,983700,-1.0,-1.0,-1.0
2022/05/13,936.6666666666666,942.3333333333333,920.6666666666666,927.6666666666666,915600,-1.0,-1.0,-1.0
2022/05/16,929.0,935.0,913.0,926.3333333333333,609900,-1.0,-1.0,-1.0
2022/05/17,926.0,946.3333333333333,919.0,942.3333333333333,677100,-1.0,-1.0,-1.0
2022/05/18,959.0,959.3333333333333,942.6666666666666,946.6666666666666,477900,-1.0,-1.0,-1.0
2022/05/19,930.0,954.3333333333333,928.3333333333333,952.3333333333333,491400,-1.0,-1.0,-1.0
2022/05/20,948.0,960.3333333333333,945.0,960.0,350400,-1.0,-1.0,-1.0
2022/05/23,965.0,968.3333333333333,937.6666666666666,942.3333333333333,542700,-1.0,-1.0,-1.0
2022/05/24,937.3333333333333,937.3333333333333,919.0,919.3333333333333,552300,-1.0,-1.0,-1.0
2022/05/25,923.6666666666666,928.3333333333333,905.6666666666666,924.0,405300,-1.0,-1.0,-1.0
2022/05/26,922.3333333333333,932.3333333333333,919.6666666666666,923.6666666666666,271800,-1.0,-1.0,-1.0
2022/05/27,924.0,931.6666666666666,922.6666666666666,923.3333333333333,243600,-1.0,-1.0,-1.0
2022/05/30,933.6666666666666,954.6666666666666,933.3333333333333,951.6666666666666,503400,-1.0,-1.0,-1.0
2022/05/31,947.6666666666666,953.3333333333333,936.3333333333333,949.0,333900,-1.0,-1.0,-1.0
2022/06/01,933.6666666666666,948.6666666666666,930.0,944.6666666666666,400500,-1.0,-1.0,-1.0
2022/06/02,946.6666666666666,957.6666666666666,946.3333333333333,956.3333333333333,291000,-1.0,-1.0,-1.0
2022/06/03,958.6666666666666,962.0,941.6666666666666,945.3333333333333,246000,-1.0,-1.0,-1.0
2022/06/06,940.6666666666666,942.0,933.3333333333333,939.3333333333333,246600,-1.0,-1.0,-1.0
2022/06/07,940.0,956.6666666666666,935.0,952.0,274200,-1.0,-1.0,-1.0
2022/06/08,957.6666666666666,993.3333333333333,957.6666666666666,973.6666666666666,584700,-1.0,-1.0,-1.0
2022/06/09,972.0,975.3333333333333,959.0,959.0,223500,-1.0,-1.0,-1.0
2022/06/10,952.0,954.6666666666666,944.6666666666666,947.0,318600,-1.0,-1.0,-1.0
2022/06/13,935.0,941.3333333333333,928.6666666666666,933.0,325200,-1.0,-1.0,-1.0
2022/06/14,924.6666666666666,934.3333333333333,918.0,931.6666666666666,341700,-1.0,-1.0,-1.0
2022/06/15,930.0,938.3333333333333,914.0,914.0,331800,-1.0,-1.0,-1.0
2022/06/16,925.3333333333333,934.0,910.3333333333333,911.3333333333333,174900,-1.0,-1.0,-1.0
2022/06/17,888.0,895.3333333333333,883.6666666666666,893.3333333333333,393300,-1.0,-1.0,-1.0
2022/06/20,893.3333333333333,899.0,849.0,852.6666666666666,593100,-1.0,-1.0,-1.0
2022/06/21,868.6666666666666,882.0,860.6666666666666,876.0,302100,-1.0,-1.0,-1.0
2022/06/22,886.6666666666666,888.6666666666666,857.0,859.3333333333333,275700,-1.0,-1.0,-1.0
2022/06/23,852.6666666666666,864.0,835.6666666666666,844.0,300600,-1.0,-1.0,-1.0
2022/06/24,842.6666666666666,848.0,834.0,847.6666666666666,145800,-1.0,-1.0,-1.0
2022/06/27,861.0,861.0,843.6666666666666,858.6666666666666,278400,-1.0,-1.0,-1.0
2022/06/28,858.6666666666666,878.0,858.3333333333333,878.0,307800,-1.0,-1.0,-1.0
2022/06/29,870.0,873.0,861.6666666666666,862.6666666666666,330000,-1.0,-1.0,-1.0
2022/06/30,861.6666666666666,862.0,842.0,843.6666666666666,320700,-1.0,-1.0,-1.0
2022/07/01,848.6666666666666,851.0,824.3333333333333,833.0,363600,-1.0,-1.0,-1.0
2022/07/04,834.6666666666666,840.0,832.3333333333333,837.3333333333333,174000,-1.0,-1.0,-1.0
2022/07/05,837.3333333333333,840.0,826.6666666666666,828.6666666666666,303600,-1.0,-1.0,-1.0
2022/07/06,817.6666666666666,824.0,805.0,820.6666666666666,426000,-1.0,-1.0,-1.0
2022/07/07,828.3333333333333,831.3333333333333,815.0,826.6666666666666,227700,-1.0,-1.0,-1.0
2022/07/08,828.0,843.3333333333333,828.0,833.3333333333333,236700,-1.0,-1.0,-1.0
2022/07/11,846.3333333333333,853.0,839.0,847.0,355800,-1.0,-1.0,-1.0
2022/07/12,845.0,845.0,825.0,828.6666666666666,223200,-1.0,-1.0,-1.0
2022/07/13,827.6666666666666,831.3333333333333,822.3333333333333,825.6666666666666,224400,-1.0,-1.0,-1.0
2022/07/14,823.3333333333333,839.6666666666666,821.6666666666666,837.0,206700,-1.0,-1.0,-1.0
2022/07/15,847.0,847.0,830.6666666666666,834.6666666666666,237300,-1.0,-1.0,-1.0
2022/07/19,838.3333333333333,846.3333333333333,833.6666666666666,845.3333333333333,153900,-1.0,-1.0,-1.0
2022/07/20,852.6666666666666,868.6666666666666,850.0,865.3333333333333,355500,-1.0,-1.0,-1.0
2022/07/21,866.0,876.6666666666666,862.6666666666666,872.0,327900,-1.0,-1.0,-1.0
2022/07/22,868.6666666666666,878.6666666666666,865.0,872.0,219900,-1.0,-1.0,-1.0
2022/07/25,870.0,870.0,862.0,867.6666666666666,216900,-1.0,-1.0,-1.0
2022/07/26,870.0,874.3333333333333,866.0,867.6666666666666,182400,-1.0,-1.0,-1.0
2022/07/27,867.6666666666666,880.0,864.3333333333333,878.6666666666666,172500,-1.0,-1.0,-1.0
2022/07/28,888.3333333333333,888.3333333333333,871.3333333333333,879.6666666666666,314400,-1.0,-1.0,-1.0
2022/07/29,879.3333333333333,879.3333333333333,853.6666666666666,854.3333333333333,374400,-1.0,-1.0,-1.0
2022/08/01,1000.0,1021.6666666666666,973.0,1018.3333333333333,2888400,-1.0,-1.0,-1.0
2022/08/02,1031.6666666666665,1071.6666666666665,1025.0,1026.6666666666665,2049000,-1.0,-1.0,-1.0
2022/08/03,1023.3333333333333,1033.3333333333333,1001.6666666666666,1016.6666666666666,808200,-1.0,-1.0,-1.0
2022/08/04,1025.0,1026.6666666666665,1010.0,1010.0,368400,-1.0,-1.0,-1.0
2022/08/05,1006.6666666666666,1021.6666666666666,996.0,1018.3333333333333,303300,-1.0,-1.0,-1.0
2022/08/08,1013.3333333333333,1025.0,1013.3333333333333,1020.0,228300,-1.0,-1.0,-1.0
2022/08/09,1020.0,1021.6666666666666,1008.3333333333333,1008.3333333333333,245700,-1.0,-1.0,-1.0
2022/08/10,1005.0,1008.3333333333333,996.0,1006.6666666666666,198000,-1.0,-1.0,-1.0
2022/08/12,1016.6666666666666,1023.3333333333333,1010.0,1013.3333333333333,225300,-1.0,-1.0,-1.0
2022/08/15,1020.0,1051.6666666666665,1015.0,1038.3333333333333,411300,-1.0,-1.0,-1.0
2022/08/16,1041.6666666666665,1046.6666666666665,1025.0,1028.3333333333333,188400,-1.0,-1.0,-1.0
2022/08/17,1036.6666666666665,1053.3333333333333,1031.6666666666665,1051.6666666666665,265500,-1.0,-1.0,-1.0
2022/08/18,1041.6666666666665,1053.3333333333333,1035.0,1051.6666666666665,219900,-1.0,-1.0,-1.0
2022/08/19,1061.6666666666665,1083.3333333333333,1055.0,1081.6666666666665,388800,-1.0,-1.0,-1.0
2022/08/22,1063.3333333333333,1081.6666666666665,1061.6666666666665,1076.6666666666665,215100,-1.0,-1.0,-1.0
2022/08/23,1071.6666666666665,1076.6666666666665,1066.6666666666665,1070.0,235800,-1.0,-1.0,-1.0
2022/08/24,1085.0,1093.3333333333333,1081.6666666666665,1093.3333333333333,172200,-1.0,-1.0,-1.0
2022/08/25,1093.3333333333333,1103.3333333333333,1085.0,1086.6666666666665,242400,-1.0,-1.0,-1.0
2022/08/26,1100.0,1111.6666666666665,1088.3333333333333,1090.0,184800,-1.0,-1.0,-1.0
2022/08/29,1066.6666666666665,1098.3333333333333,1058.3333333333333,1086.6666666666665,313800,-1.0,-1.0,-1.0
2022/08/30,1095.0,1110.0,1091.6666666666665,1110.0,239100,-1.0,-1.0,-1.0
2022/08/31,1096.6666666666665,1111.6666666666665,1095.0,1108.3333333333333,175800,-1.0,-1.0,-1.0
2022/09/01,1116.6666666666665,1141.6666666666665,1115.0,1125.0,446400,-1.0,-1.0,-1.0
2022/09/02,1120.0,1128.3333333333333,1105.0,1128.3333333333333,299100,-1.0,-1.0,-1.0
2022/09/05,1128.3333333333333,1163.3333333333333,1125.0,1155.0,388200,-1.0,-1.0,-1.0
2022/09/06,1168.3333333333333,1195.0,1155.0,1193.3333333333333,546900,-1.0,-1.0,-1.0
2022/09/07,1185.0,1188.3333333333333,1151.6666666666665,1176.6666666666665,518400,-1.0,-1.0,-1.0
2022/09/08,1195.0,1205.0,1176.6666666666665,1185.0,302700,-1.0,-1.0,-1.0
2022/09/09,1186.6666666666665,1196.6666666666665,1180.0,1188.3333333333333,204300,-1.0,-1.0,-1.0
2022/09/12,1195.0,1211.6666666666665,1195.0,1208.3333333333333,243900,-1.0,-1.0,-1.0
2022/09/13,1210.0,1220.0,1201.6666666666665,1218.3333333333333,221700,-1.0,-1.0,-1.0
2022/09/14,1200.0,1223.3333333333333,1198.3333333333333,1208.3333333333333,355500,-1.0,-1.0,-1.0
2022/09/15,1210.0,1215.0,1193.3333333333333,1203.3333333333333,211500,-1.0,-1.0,-1.0
2022/09/16,1193.3333333333333,1200.0,1155.0,1163.3333333333333,411300,-1.0,-1.0,-1.0
2022/09/20,1163.3333333333333,1185.0,1153.3333333333333,1158.3333333333333,304200,-1.0,-1.0,-1.0
2022/09/21,1145.0,1155.0,1136.6666666666665,1151.6666666666665,238800,-1.0,-1.0,-1.0
2022/09/22,1143.3333333333333,1170.0,1135.0,1170.0,260100,-1.0,-1.0,-1.0
2022/09/26,1151.6666666666665,1153.3333333333333,1128.3333333333333,1130.0,342600,-1.0,-1.0,-1.0
2022/09/27,1131.6666666666665,1150.0,1131.6666666666665,1131.6666666666665,156900,-1.0,-1.0,-1.0
2022/09/28,1128.3333333333333,1128.3333333333333,1098.3333333333333,1115.0,397500,-1.0,-1.0,-1.0
2022/09/29,1098.3333333333333,1118.3333333333333,1095.0,1103.3333333333333,302400,-1.0,-1.0,-1.0
2022/09/30,1100.0,1105.0,1058.3333333333333,1063.3333333333333,391800,-1.0,-1.0,-1.0
2022/10/03,1046.6666666666665,1090.0,1043.3333333333333,1090.0,312900,-1.0,-1.0,-1.0
2022/10/04,1131.6666666666665,1145.0,1123.3333333333333,1136.6666666666665,366000,-1.0,-1.0,-1.0
2022/10/05,1160.0,1163.3333333333333,1148.3333333333333,1150.0,312600,-1.0,-1.0,-1.0
2022/10/06,1143.3333333333333,1173.3333333333333,1143.3333333333333,1171.6666666666665,306900,-1.0,-1.0,-1.0
2022/10/07,1163.3333333333333,1188.3333333333333,1156.6666666666665,1183.3333333333333,236700,-1.0,-1.0,-1.0
2022/10/11,1160.0,1160.0,1116.6666666666665,1121.6666666666665,420300,-1.0,-1.0,-1.0
2022/10/12,1115.0,1116.6666666666665,1091.6666666666665,1101.6666666666665,238200,-1.0,-1.0,-1.0
2022/10/13,1111.6666666666665,1113.3333333333333,1076.6666666666665,1088.3333333333333,202200,-1.0,-1.0,-1.0
2022/10/14,1120.0,1136.6666666666665,1110.0,1131.6666666666665,355200,-1.0,-1.0,-1.0
2022/10/17,1116.6666666666665,1138.3333333333333,1116.6666666666665,1131.6666666666665,243600,-1.0,-1.0,-1.0
2022/10/18,1148.3333333333333,1166.6666666666665,1143.3333333333333,1165.0,195600,-1.0,-1.0,-1.0
2022/10/19,1160.0,1180.0,1155.0,1170.0,198300,-1.0,-1.0,-1.0
2022/10/20,1166.6666666666665,1173.3333333333333,1150.0,1153.3333333333333,245400,-1.0,-1.0,-1.0
2022/10/21,1155.0,1161.6666666666665,1133.3333333333333,1133.3333333333333,212400,-1.0,-1.0,-1.0
2022/10/24,1166.6666666666665,1186.6666666666665,1163.3333333333333,1163.3333333333333,253800,-1.0,-1.0,-1.0
2022/10/25,1178.3333333333333,1200.0,1168.3333333333333,1193.3333333333333,270600,-1.0,-1.0,-1.0
2022/10/26,1200.0,1210.0,1186.6666666666665,1210.0,470100,-1.0,-1.0,-1.0
2022/10/27,1200.0,1216.6666666666665,1191.6666666666665,1195.0,309600,-1.0,-1.0,-1.0
2022/10/28,1195.0,1210.0,1186.6666666666665,1191.6666666666665,585600,-1.0,-1.0,-1.0
2022/10/31,1238.3333333333333,1293.3333333333333,1228.3333333333333,1278.3333333333333,1288500,-1.0,-1.0,-1.0
2022/11/01,1218.3333333333333,1256.6666666666665,1173.3333333333333,1178.3333333333333,2305200,-1.0,-1.0,-1.0
2022/11/02,1131.6666666666665,1143.3333333333333,1091.6666666666665,1111.6666666666665,2522400,-1.0,-1.0,-1.0
2022/11/04,1110.0,1161.6666666666665,1110.0,1153.3333333333333,1195500,-1.0,-1.0,-1.0
2022/11/07,1173.3333333333333,1181.6666666666665,1133.3333333333333,1156.6666666666665,843000,-1.0,-1.0,-1.0
2022/11/08,1153.3333333333333,1160.0,1141.6666666666665,1153.3333333333333,566400,-1.0,-1.0,-1.0
2022/11/09,1158.3333333333333,1170.0,1146.6666666666665,1148.3333333333333,654900,-1.0,-1.0,-1.0
2022/11/10,1146.6666666666665,1160.0,1145.0,1155.0,489000,-1.0,-1.0,-1.0
2022/11/11,1181.6666666666665,1181.6666666666665,1131.6666666666665,1160.0,1004100,-1.0,-1.0,-1.0
2022/11/14,1163.3333333333333,1163.3333333333333,1120.0,1120.0,587400,-1.0,-1.0,-1.0
2022/11/15,1116.6666666666665,1160.0,1111.6666666666665,1160.0,582000,-1.0,-1.0,-1.0
2022/11/16,1166.6666666666665,1186.6666666666665,1151.6666666666665,1185.0,921000,-1.0,-1.0,-1.0
2022/11/17,1175.0,1191.6666666666665,1173.3333333333333,1183.3333333333333,363600,-1.0,-1.0,-1.0
2022/11/18,1193.3333333333333,1205.0,1176.6666666666665,1178.3333333333333,568500,-1.0,-1.0,-1.0
2022/11/21,1193.3333333333333,1228.3333333333333,1185.0,1228.3333333333333,658500,-1.0,-1.0,-1.0
2022/11/22,1233.3333333333333,1253.3333333333333,1233.3333333333333,1236.6666666666665,559200,-1.0,-1.0,-1.0
2022/11/24,1260.0,1275.0,1251.6666666666665,1273.3333333333333,498600,-1.0,-1.0,-1.0
2022/11/25,1273.3333333333333,1278.3333333333333,1255.0,1265.0,435900,-1.0,-1.0,-1.0
2022/11/28,1266.6666666666665,1271.6666666666665,1240.0,1253.3333333333333,417300,-1.0,-1.0,-1.0
2022/11/29,1243.3333333333333,1253.3333333333333,1225.0,1245.0,356400,-1.0,-1.0,-1.0
2022/11/30,1231.6666666666665,1251.6666666666665,1230.0,1245.0,1287000,-1.0,-1.0,-1.0
2022/12/01,1265.0,1270.0,1236.6666666666665,1236.6666666666665,445800,-1.0,-1.0,-1.0
2022/12/02,1231.6666666666665,1236.6666666666665,1215.0,1228.3333333333333,351900,-1.0,-1.0,-1.0
2022/12/05,1220.0,1228.3333333333333,1191.6666666666665,1198.3333333333333,662100,-1.0,-1.0,-1.0
2022/12/06,1185.0,1211.6666666666665,1181.6666666666665,1211.6666666666665,332400,-1.0,-1.0,-1.0
2022/12/07,1211.6666666666665,1240.0,1208.3333333333333,1233.3333333333333,336000,-1.0,-1.0,-1.0
2022/12/08,1233.3333333333333,1250.0,1211.6666666666665,1250.0,394200,-1.0,-1.0,-1.0
2022/12/09,1258.3333333333333,1283.3333333333333,1258.3333333333333,1271.6666666666665,533100,-1.0,-1.0,-1.0
2022/12/12,1270.0,1305.0,1256.6666666666665,1286.6666666666665,468000,-1.0,-1.0,-1.0
2022/12/13,1300.0,1308.3333333333333,1273.3333333333333,1276.6666666666665,360900,-1.0,-1.0,-1.0
2022/12/14,1283.3333333333333,1310.0,1280.0,1310.0,390900,-1.0,-1.0,-1.0
2022/12/15,1310.0,1365.0,1306.6666666666665,1356.6666666666665,666600,-1.0,-1.0,-1.0
2022/12/16,1333.3333333333333,1361.6666666666665,1333.3333333333333,1346.6666666666665,654900,-1.0,-1.0,-1.0
2022/12/19,1348.3333333333333,1406.6666666666665,1348.3333333333333,1375.0,801300,-1.0,-1.0,-1.0
2022/12/20,1383.3333333333333,1405.0,1343.3333333333333,1361.6666666666665,1112400,-1.0,-1.0,-1.0
2022/12/21,1363.3333333333333,1371.6666666666665,1330.0,1338.3333333333333,691800,-1.0,-1.0,-1.0
2022/12/22,1360.0,1371.6666666666665,1325.0,1333.3333333333333,624900,-1.0,-1.0,-1.0
2022/12/23,1321.6666666666665,1336.6666666666665,1300.0,1331.6666666666665,594300,-1.0,-1.0,-1.0
2022/12/26,1330.0,1381.6666666666665,1328.3333333333333,1366.6666666666665,505500,-1.0,-1.0,-1.0
2022/12/27,1383.3333333333333,1400.0,1375.0,1398.3333333333333,423000,-1.0,-1.0,-1.0
2022/12/28,1398.3333333333333,1405.0,1365.0,1368.3333333333333,506700,-1.0,-1.0,-1.0
2022/12/29,1358.3333333333333,1385.0,1346.6666666666665,1383.3333333333333,354600,-1.0,-1.0,-1.0
2022/12/30,1395.0,1400.0,1381.6666666666665,1391.6666666666665,366000,-1.0,-1.0,-1.0
2023/01/04,1385.0,1385.0,1326.6666666666665,1328.3333333333333,669000,-1.0,-1.0,-1.0
2023/01/05,1328.3333333333333,1336.6666666666665,1281.6666666666665,1293.3333333333333,800400,-1.0,-1.0,-1.0
2023/01/06,1291.6666666666665,1325.0,1285.0,1300.0,541200,-1.0,-1.0,-1.0
2023/01/10,1331.6666666666665,1370.0,1326.6666666666665,1358.3333333333333,587400,-1.0,-1.0,-1.0
2023/01/11,1380.0,1416.6666666666665,1380.0,1398.3333333333333,673500,-1.0,-1.0,-1.0
2023/01/12,1401.6666666666665,1423.3333333333333,1383.3333333333333,1388.3333333333333,519900,-1.0,-1.0,-1.0
2023/01/13,1380.0,1406.6666666666665,1370.0,1405.0,351300,-1.0,-1.0,-1.0
2023/01/16,1410.0,1415.0,1385.0,1388.3333333333333,418800,-1.0,-1.0,-1.0
2023/01/17,1401.6666666666665,1430.0,1400.0,1411.6666666666665,541500,-1.0,-1.0,-1.0
2023/01/18,1411.6666666666665,1438.3333333333333,1401.6666666666665,1426.6666666666665,535200,-1.0,-1.0,-1.0
2023/01/19,1426.6666666666665,1451.6666666666665,1418.3333333333333,1436.6666666666665,426000,-1.0,-1.0,-1.0
2023/01/20,1436.6666666666665,1450.0,1426.6666666666665,1450.0,420600,-1.0,-1.0,-1.0
2023/01/23,1473.3333333333333,1480.0,1445.0,1455.0,450000,-1.0,-1.0,-1.0
2023/01/24,1465.0,1480.0,1460.0,1480.0,517200,-1.0,-1.0,-1.0
2023/01/25,1463.3333333333333,1518.3333333333333,1463.3333333333333,1508.3333333333333,640500,-1.0,-1.0,-1.0
2023/01/26,1503.3333333333333,1515.0,1476.6666666666665,1505.0,507300,-1.0,-1.0,-1.0
2023/01/27,1503.3333333333333,1541.6666666666665,1496.6666666666665,1523.3333333333333,681000,-1.0,-1.0,-1.0
2023/01/30,1508.3333333333333,1520.0,1501.6666666666665,1511.6666666666665,483600,-1.0,-1.0,-1.0
2023/01/31,1520.0,1531.6666666666665,1495.0,1508.3333333333333,693900,-1.0,-1.0,-1.0
2023/02/01,1536.6666666666665,1575.0,1501.6666666666665,1560.0,1152600,-1.0,-1.0,-1.0
2023/02/02,1571.6666666666665,1600.0,1520.0,1538.3333333333333,1072800,-1.0,-1.0,-1.0
2023/02/03,1536.6666666666665,1556.6666666666665,1513.3333333333333,1521.6666666666665,557100,-1.0,-1.0,-1.0
2023/02/06,1513.3333333333333,1516.6666666666665,1483.3333333333333,1495.0,782700,-1.0,-1.0,-1.0
2023/02/07,1496.6666666666665,1555.0,1496.6666666666665,1545.0,607200,-1.0,-1.0,-1.0
2023/02/08,1546.6666666666665,1560.0,1526.6666666666665,1538.3333333333333,478200,-1.0,-1.0,-1.0
2023/02/09,1521.6666666666665,1540.0,1520.0,1528.3333333333333,264900,-1.0,-1.0,-1.0
2023/02/10,1536.6666666666665,1563.3333333333333,1530.0,1535.0,486900,-1.0,-1.0,-1.0
2023/02/13,1530.0,1531.6666666666665,1506.6666666666665,1518.3333333333333,393900,-1.0,-1.0,-1.0
2023/02/14,1530.0,1545.0,1525.0,1545.0,263700,-1.0,-1.0,-1.0
2023/02/15,1556.6666666666665,1580.0,1546.6666666666665,1576.6666666666665,503400,-1.0,-1.0,-1.0
2023/02/16,1590.0,1630.0,1583.3333333333333,1630.0,813000,-1.0,-1.0,-1.0
2023/02/17,1623.3333333333333,1645.0,1601.6666666666665,1618.3333333333333,729300,-1.0,-1.0,-1.0
2023/02/20,1623.3333333333333,1628.3333333333333,1595.0,1613.3333333333333,447900,-1.0,-1.0,-1.0
2023/02/21,1606.6666666666665,1648.3333333333333,1606.6666666666665,1621.6666666666665,464700,-1.0,-1.0,-1.0
2023/02/22,1613.3333333333333,1638.3333333333333,1601.6666666666665,1605.0,520200,-1.0,-1.0,-1.0
2023/02/24,1616.6666666666665,1643.3333333333333,1616.6666666666665,1633.3333333333333,522600,-1.0,-1.0,-1.0
2023/02/27,1640.0,1683.3333333333333,1635.0,1683.3333333333333,699000,-1.0,-1.0,-1.0
2023/02/28,1700.0,1720.0,1690.0,1700.0,673500,-1.0,-1.0,-1.0
2023/03/01,1690.0,1723.3333333333333,1683.3333333333333,1723.3333333333333,572100,-1.0,-1.0,-1.0
2023/03/02,1733.3333333333333,1743.3333333333333,1716.6666666666665,1736.6666666666665,546000,-1.0,-1.0,-1.0
2023/03/03,1756.6666666666665,1790.0,1750.0,1786.6666666666665,620700,-1.0,-1.0,-1.0
2023/03/06,1803.3333333333333,1813.3333333333333,1743.3333333333333,1800.0,822900,-1.0,-1.0,-1.0
2023/03/07,1790.0,1810.0,1766.6666666666665,1790.0,563100,-1.0,-1.0,-1.0
2023/03/08,1776.6666666666665,1830.0,1773.3333333333333,1823.3333333333333,598200,-1.0,-1.0,-1.0
2023/03/09,1846.6666666666665,1880.0,1846.6666666666665,1876.6666666666665,620700,-1.0,-1.0,-1.0
2023/03/10,1850.0,1880.0,1836.6666666666665,1843.3333333333333,663300,-1.0,-1.0,-1.0
2023/03/13,1800.0,1810.0,1750.0,1790.0,876900,-1.0,-1.0,-1.0
2023/03/14,1750.0,1756.6666666666665,1676.6666666666665,1683.3333333333333,1086000,-1.0,-1.0,-1.0
2023/03/15,1750.0,1780.0,1726.6666666666665,1770.0,750900,-1.0,-1.0,-1.0
2023/03/16,1703.3333333333333,1740.0,1670.0,1700.0,955200,-1.0,-1.0,-1.0
2023/03/17,1733.3333333333333,1746.6666666666665,1680.0,1680.0,950700,-1.0,-1.0,-1.0
2023/03/20,1648.3333333333333,1661.6666666666665,1581.6666666666665,1588.3333333333333,1554900,-1.0,-1.0,-1.0
2023/03/22,1633.3333333333333,1645.0,1605.0,1606.6666666666665,624300,-1.0,-1.0,-1.0
2023/03/23,1585.0,1590.0,1543.3333333333333,1576.6666666666665,923700,-1.0,-1.0,-1.0
2023/03/24,1563.3333333333333,1596.6666666666665,1555.0,1581.6666666666665,743700,-1.0,-1.0,-1.0
2023/03/27,1583.3333333333333,1588.3333333333333,1541.6666666666665,1580.0,661800,-1.0,-1.0,-1.0
2023/03/28,1575.0,1580.0,1558.3333333333333,1573.3333333333333,435000,-1.0,-1.0,-1.0
2023/03/29,1566.6666666666665,1578.3333333333333,1553.3333333333333,1570.0,764100,-1.0,-1.0,-1.0
2023/03/30,1520.0,1585.0,1513.3333333333333,1580.0,730200,-1.0,-1.0,-1.0
2023/03/31,1603.3333333333333,1643.3333333333333,1586.6666666666665,1638.3333333333333,849300,-1.0,-1.0,-1.0
2023/04/03,1673.3333333333333,1693.3333333333333,1648.3333333333333,1683.3333333333333,871500,-1.0,-1.0,-1.0
2023/04/04,1690.0,1700.0,1661.6666666666665,1676.6666666666665,673200,-1.0,-1.0,-1.0
2023/04/05,1636.6666666666665,1645.0,1588.3333333333333,1591.6666666666665,840900,-1.0,-1.0,-1.0
2023/04/06,1568.3333333333333,1583.3333333333333,1551.6666666666665,1553.3333333333333,543300,-1.0,-1.0,-1.0
2023/04/07,1563.3333333333333,1581.6666666666665,1545.0,1556.6666666666665,359700,-1.0,-1.0,-1.0
2023/04/10,1571.6666666666665,1573.3333333333333,1518.3333333333333,1530.0,547800,-1.0,-1.0,-1.0
2023/04/11,1536.6666666666665,1556.6666666666665,1516.6666666666665,1548.3333333333333,546000,-1.0,-1.0,-1.0
2023/04/12,1546.6666666666665,1556.6666666666665,1528.3333333333333,1541.6666666666665,365700,-1.0,-1.0,-1.0
2023/04/13,1518.3333333333333,1533.3333333333333,1503.3333333333333,1520.0,426600,-1.0,-1.0,-1.0
2023/04/14,1516.6666666666665,1518.3333333333333,1480.0,1481.6666666666665,1273800,-1.0,-1.0,-1.0
2023/04/17,1475.0,1493.3333333333333,1450.0,1491.6666666666665,962100,-1.0,-1.0,-1.0
2023/04/18,1496.6666666666665,1500.0,1478.3333333333333,1483.3333333333333,410700,-1.0,-1.0,-1.0
2023/04/19,1476.6666666666665,1491.6666666666665,1463.3333333333333,1480.0,450600,-1.0,-1.0,-1.0
2023/04/20,1471.6666666666665,1508.3333333333333,1468.3333333333333,1500.0,340500,-1.0,-1.0,-1.0
2023/04/21,1495.0,1523.3333333333333,1486.6666666666665,1491.6666666666665,463800,-1.0,-1.0,-1.0
2023/04/24,1480.0,1493.3333333333333,1466.6666666666665,1490.0,366900,-1.0,-1.0,-1.0
2023/04/25,1491.6666666666665,1505.0,1473.3333333333333,1473.3333333333333,303000,-1.0,-1.0,-1.0
2023/04/26,1455.0,1460.0,1428.3333333333333,1436.6666666666665,520500,-1.0,-1.0,-1.0
2023/04/27,1431.6666666666665,1445.0,1423.3333333333333,1436.6666666666665,488400,-1.0,-1.0,-1.0
2023/04/28,1436.6666666666665,1436.6666666666665,1401.6666666666665,1416.6666666666665,821100,-1.0,-1.0,-1.0
2023/05/01,1440.0,1515.0,1440.0,1473.3333333333333,1981200,-1.0,-1.0,-1.0
2023/05/02,1475.0,1526.6666666666665,1473.3333333333333,1513.3333333333333,859500,-1.0,-1.0,-1.0
2023/05/08,1528.3333333333333,1573.3333333333333,1528.3333333333333,1556.6666666666665,1093500,-1.0,-1.0,-1.0
2023/05/09,1573.3333333333333,1593.3333333333333,1551.6666666666665,1558.3333333333333,827700,-1.0,-1.0,-1.0
2023/05/10,1553.3333333333333,1555.0,1515.0,1523.3333333333333,669300,-1.0,-1.0,-1.0
2023/05/11,1520.0,1526.6666666666665,1490.0,1505.0,572400,-1.0,-1.0,-1.0
2023/05/12,1496.6666666666665,1513.3333333333333,1485.0,1510.0,431400,-1.0,-1.0,-1.0
2023/05/15,1521.6666666666665,1521.6666666666665,1500.0,1511.6666666666665,416400,-1.0,-1.0,-1.0
2023/05/16,1518.3333333333333,1530.0,1498.3333333333333,1526.6666666666665,528600,-1.0,-1.0,-1.0
2023/05/17,1531.6666666666665,1548.3333333333333,1525.0,1535.0,510600,-1.0,-1.0,-1.0
2023/05/18,1550.0,1613.3333333333333,1545.0,1613.3333333333333,959700,-1.0,-1.0,-1.0
2023/05/19,1625.0,1633.3333333333333,1563.3333333333333,1566.6666666666665,943500,-1.0,-1.0,-1.0
2023/05/22,1578.3333333333333,1591.6666666666665,1565.0,1570.0,531900,-1.0,-1.0,-1.0
2023/05/23,1581.6666666666665,1596.6666666666665,1551.6666666666665,1561.6666666666665,732000,-1.0,-1.0,-1.0
2023/05/24,1560.0,1576.6666666666665,1555.0,1566.6666666666665,330900,-1.0,-1.0,-1.0
2023/05/25,1580.0,1616.6666666666665,1571.6666666666665,1616.6666666666665,562200,-1.0,-1.0,-1.0
2023/05/26,1640.0,1713.3333333333333,1623.3333333333333,1680.0,1296600,-1.0,-1.0,-1.0
2023/05/29,1730.0,1736.6666666666665,1696.6666666666665,1710.0,777300,-1.0,-1.0,-1.0
2023/05/30,1716.6666666666665,1726.6666666666665,1676.6666666666665,1700.0,582300,-1.0,-1.0,-1.0
2023/05/31,1693.3333333333333,1693.3333333333333,1618.3333333333333,1626.6666666666665,2227800,-1.0,-1.0,-1.0
2023/06/01,1626.6666666666665,1633.3333333333333,1608.3333333333333,1618.3333333333333,458100,-1.0,-1.0,-1.0
2023/06/02,1633.3333333333333,1653.3333333333333,1611.6666666666665,1653.3333333333333,471900,-1.0,-1.0,-1.0
2023/06/05,1676.6666666666665,1676.6666666666665,1641.6666666666665,1653.3333333333333,528600,-1.0,-1.0,-1.0
2023/06/06,1640.0,1658.3333333333333,1626.6666666666665,1658.3333333333333,403200,-1.0,-1.0,-1.0
2023/06/07,1666.6666666666665,1683.3333333333333,1631.6666666666665,1646.6666666666665,592500,-1.0,-1.0,-1.0
2023/06/08,1646.6666666666665,1663.3333333333333,1613.3333333333333,1620.0,531300,-1.0,-1.0,-1.0
2023/06/09,1635.0,1660.0,1625.0,1660.0,413700,-1.0,-1.0,-1.0
2023/06/12,1660.0,1676.6666666666665,1648.3333333333333,1673.3333333333333,315300,-1.0,-1.0,-1.0
2023/06/13,1683.3333333333333,1720.0,1683.3333333333333,1696.6666666666665,518100,-1.0,-1.0,-1.0
2023/06/14,1716.6666666666665,1723.3333333333333,1680.0,1700.0,445500,-1.0,-1.0,-1.0
2023/06/15,1703.3333333333333,1723.3333333333333,1693.3333333333333,1723.3333333333333,517200,-1.0,-1.0,-1.0
2023/06/16,1706.6666666666665,1720.0,1683.3333333333333,1700.0,474600,-1.0,-1.0,-1.0
2023/06/19,1706.6666666666665,1723.3333333333333,1690.0,1716.6666666666665,402300,-1.0,-1.0,-1.0
2023/06/20,1710.0,1780.0,1710.0,1760.0,732900,-1.0,-1.0,-1.0
2023/06/21,1736.6666666666665,1776.6666666666665,1726.6666666666665,1770.0,501000,-1.0,-1.0,-1.0
2023/06/22,1780.0,1793.3333333333333,1766.6666666666665,1770.0,426900,-1.0,-1.0,-1.0
2023/06/23,1783.3333333333333,1880.0,1740.0,1773.3333333333333,1354800,-1.0,-1.0,-1.0
2023/06/26,1756.6666666666665,1773.3333333333333,1716.6666666666665,1736.6666666666665,468600,-1.0,-1.0,-1.0
2023/06/27,1716.6666666666665,1743.3333333333333,1703.3333333333333,1736.6666666666665,435000,-1.0,-1.0,-1.0
2023/06/28,1763.3333333333333,1793.3333333333333,1746.6666666666665,1786.6666666666665,341700,-1.0,-1.0,-1.0
2023/06/29,1810.0,1816.6666666666665,1786.6666666666665,1813.3333333333333,435300,-1.0,-1.0,-1.0
2023/06/30,1816.6666666666665,1853.3333333333333,1810.0,1846.6666666666665,476100,-1.0,-1.0,-1.0
2023/07/03,1863.3333333333333,1920.0,1863.3333333333333,1920.0,733200,-1.0,-1.0,-1.0
2023/07/04,1916.6666666666665,1986.6666666666665,1903.3333333333333,1980.0,738000,-1.0,-1.0,-1.0
2023/07/05,1966.6666666666665,1980.0,1943.3333333333333,1963.3333333333333,466800,-1.0,-1.0,-1.0
2023/07/06,1943.3333333333333,1956.6666666666665,1866.6666666666665,1900.0,853500,-1.0,-1.0,-1.0
2023/07/07,1870.0,1896.6666666666665,1860.0,1886.6666666666665,381300,-1.0,-1.0,-1.0
2023/07/10,1880.0,1883.3333333333333,1856.6666666666665,1873.3333333333333,398700,-1.0,-1.0,-1.0
2023/07/11,1906.6666666666665,1906.6666666666665,1870.0,1870.0,332100,-1.0,-1.0,-1.0
2023/07/12,1880.0,1880.0,1803.3333333333333,1803.3333333333333,543000,-1.0,-1.0,-1.0
2023/07/13,1813.3333333333333,1843.3333333333333,1793.3333333333333,1833.3333333333333,361800,-1.0,-1.0,-1.0
2023/07/14,1846.6666666666665,1853.3333333333333,1826.6666666666665,1840.0,230400,-1.0,-1.0,-1.0
2023/07/18,1863.3333333333333,1890.0,1846.6666666666665,1883.3333333333333,359400,-1.0,-1.0,-1.0
2023/07/19,1900.0,1910.0,1866.6666666666665,1893.3333333333333,340500,-1.0,-1.0,-1.0
2023/07/20,1870.0,1876.6666666666665,1840.0,1853.3333333333333,437400,-1.0,-1.0,-1.0
2023/07/21,1833.3333333333333,1843.3333333333333,1796.6666666666665,1833.3333333333333,405900,-1.0,-1.0,-1.0
2023/07/24,1840.0,1860.0,1830.0,1856.6666666666665,288600,-1.0,-1.0,-1.0
2023/07/25,1863.3333333333333,1863.3333333333333,1843.3333333333333,1856.6666666666665,208500,-1.0,-1.0,-1.0
2023/07/26,1870.0,1870.0,1846.6666666666665,1846.6666666666665,224700,-1.0,-1.0,-1.0
2023/07/27,1836.6666666666665,1850.0,1823.3333333333333,1846.6666666666665,225600,-1.0,-1.0,-1.0
2023/07/28,1836.6666666666665,1863.3333333333333,1820.0,1843.3333333333333,558300,-1.0,-1.0,-1.0
2023/07/31,1843.3333333333333,1870.0,1820.0,1866.6666666666665,894000,-1.0,-1.0,-1.0
2023/08/01,1666.6666666666665,1706.6666666666665,1616.6666666666665,1635.0,3747300,-1.0,-1.0,-1.0
2023/08/02,1636.6666666666665,1655.0,1603.3333333333333,1621.6666666666665,2043900,-1.0,-1.0,-1.0
2023/08/03,1603.3333333333333,1610.0,1581.6666666666665,1591.6666666666665,1157400,-1.0,-1.0,-1.0
2023/08/04,1591.6666666666665,1626.6666666666665,1580.0,1616.6666666666665,800700,-1.0,-1.0,-1.0
2023/08/07,1610.0,1656.6666666666665,1595.0,1650.0,962700,-1.0,-1.0,-1.0
2023/08/08,1650.0,1651.6666666666665,1611.6666666666665,1620.0,768000,-1.0,-1.0,-1.0
2023/08/09,1620.0,1641.6666666666665,1611.6666666666665,1623.3333333333333,592800,-1.0,-1.0,-1.0
2023/08/10,1623.3333333333333,1631.6666666666665,1605.0,1630.0,625500,-1.0,-1.0,-1.0
2023/08/14,1626.6666666666665,1656.6666666666665,1625.0,1655.0,649200,-1.0,-1.0,-1.0
2023/08/15,1661.6666666666665,1676.6666666666665,1653.3333333333333,1676.6666666666665,624600,-1.0,-1.0,-1.0
2023/08/16,1670.0,1693.3333333333333,1656.6666666666665,1656.6666666666665,776400,-1.0,-1.0,-1.0
2023/08/17,1655.0,1686.6666666666665,1638.3333333333333,1686.6666666666665,535800,-1.0,-1.0,-1.0
2023/08/18,1676.6666666666665,1683.3333333333333,1661.6666666666665,1680.0,466800,-1.0,-1.0,-1.0
2023/08/21,1680.0,1680.0,1656.6666666666665,1658.3333333333333,633900,-1.0,-1.0,-1.0
2023/08/22,1666.6666666666665,1686.6666666666665,1651.6666666666665,1666.6666666666665,694200,-1.0,-1.0,-1.0
2023/08/23,1665.0,1676.6666666666665,1656.6666666666665,1666.6666666666665,454200,-1.0,-1.0,-1.0
2023/08/24,1680.0,1690.0,1666.6666666666665,1666.6666666666665,628800,-1.0,-1.0,-1.0
2023/08/25,1656.6666666666665,1670.0,1648.3333333333333,1665.0,660900,-1.0,-1.0,-1.0
2023/08/28,1680.0,1683.3333333333333,1665.0,1676.6666666666665,645000,-1.0,-1.0,-1.0
2023/08/29,1680.0,1680.0,1661.6666666666665,1666.6666666666665,713100,-1.0,-1.0,-1.0
2023/08/30,1673.3333333333333,1686.6666666666665,1670.0,1673.3333333333333,777900,-1.0,-1.0,-1.0
2023/08/31,1680.0,1686.6666666666665,1666.6666666666665,1680.0,579600,-1.0,-1.0,-1.0
2023/09/01,1683.3333333333333,1706.6666666666665,1676.6666666666665,1706.6666666666665,733800,-1.0,-1.0,-1.0
2023/09/04,1730.0,1743.3333333333333,1710.0,1743.3333333333333,915300,-1.0,-1.0,-1.0
2023/09/05,1760.0,1800.0,1756.6666666666665,1800.0,923100,-1.0,-1.0,-1.0
2023/09/06,1803.3333333333333,1820.0,1786.6666666666665,1816.6666666666665,985800,-1.0,-1.0,-1.0
2023/09/07,1800.0,1823.3333333333333,1786.6666666666665,1790.0,796200,-1.0,-1.0,-1.0
2023/09/08,1786.6666666666665,1796.6666666666665,1766.6666666666665,1783.3333333333333,681000,-1.0,-1.0,-1.0
2023/09/11,1800.0,1806.6666666666665,1786.6666666666665,1800.0,560100,-1.0,-1.0,-1.0
2023/09/12,1806.6666666666665,1810.0,1760.0,1790.0,826200,-1.0,-1.0,-1.0
2023/09/13,1786.6666666666665,1786.6666666666665,1753.3333333333333,1760.0,777000,-1.0,-1.0,-1.0
2023/09/14,1773.3333333333333,1786.6666666666665,1763.3333333333333,1780.0,455100,-1.0,-1.0,-1.0
2023/09/15,1786.6666666666665,1816.6666666666665,1780.0,1800.0,802800,-1.0,-1.0,-1.0
2023/09/19,1800.0,1823.3333333333333,1790.0,1823.3333333333333,914400,-1.0,-1.0,-1.0
2023/09/20,1826.6666666666665,1836.6666666666665,1813.3333333333333,1823.3333333333333,791400,-1.0,-1.0,-1.0
2023/09/21,1830.0,1843.3333333333333,1816.6666666666665,1830.0,636000,-1.0,-1.0,-1.0
2023/09/22,1820.0,1833.3333333333333,1796.6666666666665,1823.3333333333333,744600,-1.0,-1.0,-1.0
2023/09/25,1836.6666666666665,1863.3333333333333,1830.0,1863.3333333333333,923700,-1.0,-1.0,-1.0
2023/09/26,1863.3333333333333,1866.6666666666665,1800.0,1810.0,1343700,-1.0,-1.0,-1.0
2023/09/27,1786.6666666666665,1803.3333333333333,1776.6666666666665,1803.3333333333333,1338300,-1.0,-1.0,-1.0
2023/09/28,1736.6666666666665,1790.0,1733.3333333333333,1766.6666666666665,876600,-1.0,-1.0,-1.0
2023/09/29,1773.3333333333333,1783.3333333333333,1680.0,1690.0,763500,-1.0,-1.0,-1.0
2023/10/02,1716.6666666666665,1746.6666666666665,1710.0,1710.0,627900,-1.0,-1.0,-1.0
2023/10/03,1696.6666666666665,1700.0,1666.6666666666665,1676.6666666666665,510000,-1.0,-1.0,-1.0
2023/10/04,1650.0,1655.0,1603.3333333333333,1608.3333333333333,983100,-1.0,-1.0,-1.0
2023/10/05,1628.3333333333333,1696.6666666666665,1626.6666666666665,1693.3333333333333,671700,-1.0,-1.0,-1.0
2023/10/06,1693.3333333333333,1713.3333333333333,1686.6666666666665,1703.3333333333333,372900,-1.0,-1.0,-1.0
2023/10/10,1713.3333333333333,1733.3333333333333,1706.6666666666665,1733.3333333333333,383700,-1.0,-1.0,-1.0
2023/10/11,1730.0,1730.0,1703.3333333333333,1703.3333333333333,313800,-1.0,-1.0,-1.0
2023/10/12,1703.3333333333333,1726.6666666666665,1703.3333333333333,1713.3333333333333,363000,-1.0,-1.0,-1.0
2023/10/13,1703.3333333333333,1716.6666666666665,1693.3333333333333,1703.3333333333333,306000,-1.0,-1.0,-1.0
2023/10/16,1693.3333333333333,1696.6666666666665,1673.3333333333333,1683.3333333333333,290100,-1.0,-1.0,-1.0
2023/10/17,1696.6666666666665,1713.3333333333333,1670.0,1686.6666666666665,367200,-1.0,-1.0,-1.0
2023/10/18,1696.6666666666665,1710.0,1686.6666666666665,1703.3333333333333,387300,-1.0,-1.0,-1.0
2023/10/19,1683.3333333333333,1710.0,1680.0,1696.6666666666665,313200,-1.0,-1.0,-1.0
2023/10/20,1690.0,1703.3333333333333,1673.3333333333333,1690.0,333600,-1.0,-1.0,-1.0
2023/10/23,1683.3333333333333,1696.6666666666665,1673.3333333333333,1673.3333333333333,272700,-1.0,-1.0,-1.0
2023/10/24,1683.3333333333333,1693.3333333333333,1633.3333333333333,1680.0,568500,-1.0,-1.0,-1.0
2023/10/25,1693.3333333333333,1710.0,1673.3333333333333,1676.6666666666665,338400,-1.0,-1.0,-1.0
2023/10/26,1666.6666666666665,1683.3333333333333,1660.0,1665.0,472500,-1.0,-1.0,-1.0
2023/10/27,1666.6666666666665,1693.3333333333333,1663.3333333333333,1686.6666666666665,472200,-1.0,-1.0,-1.0
2023/10/30,1673.3333333333333,1703.3333333333333,1673.3333333333333,1683.3333333333333,531000,-1.0,-1.0,-1.0
2023/10/31,1680.0,1686.6666666666665,1648.3333333333333,1686.6666666666665,615300,-1.0,-1.0,-1.0
2023/11/01,1720.0,1786.6666666666665,1716.6666666666665,1740.0,1463700,-1.0,-1.0,-1.0
2023/11/02,1753.3333333333333,1753.3333333333333,1690.0,1700.0,576600,-1.0,-1.0,-1.0
2023/11/06,1726.6666666666665,1736.6666666666665,1710.0,1730.0,474000,-1.0,-1.0,-1.0
2023/11/07,1723.3333333333333,1743.3333333333333,1710.0,1716.6666666666665,251100,-1.0,-1.0,-1.0
2023/11/08,1716.6666666666665,1716.6666666666665,1655.0,1670.0,852000,-1.0,-1.0,-1.0
2023/11/09,1683.3333333333333,1720.0,1680.0,1713.3333333333333,480900,-1.0,-1.0,-1.0
2023/11/10,1713.3333333333333,1733.3333333333333,1706.6666666666665,1730.0,327600,-1.0,-1.0,-1.0
2023/11/13,1740.0,1753.3333333333333,1723.3333333333333,1730.0,305100,-1.0,-1.0,-1.0
2023/11/14,1750.0,1773.3333333333333,1746.6666666666665,1770.0,449700,-1.0,-1.0,-1.0
2023/11/15,1780.0,1786.6666666666665,1753.3333333333333,1770.0,342300,-1.0,-1.0,-1.0
2023/11/16,1766.6666666666665,1766.6666666666665,1733.3333333333333,1750.0,208800,-1.0,-1.0,-1.0
2023/11/17,1750.0,1776.6666666666665,1750.0,1776.6666666666665,252600,-1.0,-1.0,-1.0
2023/11/20,1770.0,1780.0,1750.0,1750.0,225000,-1.0,-1.0,-1.0
2023/11/21,1750.0,1770.0,1746.6666666666665,1770.0,229800,-1.0,-1.0,-1.0
2023/11/22,1766.6666666666665,1796.6666666666665,1760.0,1790.0,450300,-1.0,-1.0,-1.0
2023/11/24,1800.0,1833.3333333333333,1793.3333333333333,1803.3333333333333,703500,-1.0,-1.0,-1.0
2023/11/27,1813.3333333333333,1816.6666666666665,1793.3333333333333,1800.0,284100,-1.0,-1.0,-1.0
2023/11/28,1813.3333333333333,1823.3333333333333,1803.3333333333333,1813.3333333333333,306000,-1.0,-1.0,-1.0
2023/11/29,1803.3333333333333,1820.0,1803.3333333333333,1810.0,234300,-1.0,-1.0,-1.0
2023/11/30,1810.0,1830.0,1806.6666666666665,1823.3333333333333,368400,-1.0,-1.0,-1.0
2023/12/01,1826.6666666666665,1830.0,1806.6666666666665,1810.0,215700,-1.0,-1.0,-1.0
2023/12/04,1813.3333333333333,1813.3333333333333,1790.0,1803.3333333333333,284400,-1.0,-1.0,-1.0
2023/12/05,1796.6666666666665,1803.3333333333333,1763.3333333333333,1763.3333333333333,387300,-1.0,-1.0,-1.0
2023/12/06,1770.0,1800.0,1760.0,1796.6666666666665,248100,-1.0,-1.0,-1.0
2023/12/07,1780.0,1786.6666666666665,1773.3333333333333,1776.6666666666665,190500,-1.0,-1.0,-1.0
2023/12/08,1766.6666666666665,1773.3333333333333,1733.3333333333333,1750.0,354000,-1.0,-1.0,-1.0
2023/12/11,1770.0,1780.0,1760.0,1773.3333333333333,249900,-1.0,-1.0,-1.0
2023/12/12,1800.0,1810.0,1773.3333333333333,1776.6666666666665,271800,-1.0,-1.0,-1.0
2023/12/13,1776.6666666666665,1793.3333333333333,1776.6666666666665,1783.3333333333333,166800,-1.0,-1.0,-1.0
2023/12/14,1783.3333333333333,1786.6666666666665,1750.0,1760.0,237600,-1.0,-1.0,-1.0
2023/12/15,1753.3333333333333,1773.3333333333333,1753.3333333333333,1760.0,267000,-1.0,-1.0,-1.0
2023/12/18,1763.3333333333333,1766.6666666666665,1740.0,1756.6666666666665,285900,-1.0,-1.0,-1.0
2023/12/19,1760.0,1776.6666666666665,1743.3333333333333,1773.3333333333333,234000,-1.0,-1.0,-1.0
2023/12/20,1786.6666666666665,1810.0,1780.0,1796.6666666666665,339600,-1.0,-1.0,-1.0
2023/12/21,1776.6666666666665,1790.0,1756.6666666666665,1760.0,519900,-1.0,-1.0,-1.0
2023/12/22,1780.0,1780.0,1760.0,1766.6666666666665,189600,-1.0,-1.0,-1.0
2023/12/25,1773.3333333333333,1776.6666666666665,1760.0,1766.6666666666665,117600,-1.0,-1.0,-1.0
2023/12/26,1763.3333333333333,1773.3333333333333,1760.0,1770.0,194700,-1.0,-1.0,-1.0
2023/12/27,1773.3333333333333,1790.0,1773.3333333333333,1786.6666666666665,324900,-1.0,-1.0,-1.0
2023/12/28,1793.3333333333333,1810.0,1790.0,1810.0,307800,-1.0,-1.0,-1.0
2023/12/29,1810.0,1823.3333333333333,1803.3333333333333,1810.0,286800,-1.0,-1.0,-1.0
2024/01/04,1806.6666666666665,1860.0,1796.6666666666665,1860.0,575100,-1.0,-1.0,-1.0
2024/01/05,1870.0,1876.6666666666665,1853.3333333333333,1866.6666666666665,466200,-1.0,-1.0,-1.0
2024/01/09,1883.3333333333333,1910.0,1876.6666666666665,1890.0,620700,-1.0,-1.0,-1.0
2024/01/10,1903.3333333333333,1933.3333333333333,1900.0,1913.3333333333333,439200,-1.0,-1.0,-1.0
2024/01/11,1933.3333333333333,1973.3333333333333,1930.0,1966.6666666666665,646500,-1.0,-1.0,-1.0
2024/01/12,1966.6666666666665,1973.3333333333333,1946.6666666666665,1956.6666666666665,367500,-1.0,-1.0,-1.0
2024/01/15,1940.0,2016.6666666666665,1936.6666666666665,2013.3333333333333,587100,-1.0,-1.0,-1.0
2024/01/16,2030.0,2036.6666666666665,2000.0,2033.3333333333333,433800,-1.0,-1.0,-1.0
2024/01/17,2046.6666666666665,2093.333333333333,2036.6666666666665,2036.6666666666665,629700,-1.0,-1.0,-1.0
2024/01/18,2033.3333333333333,2063.333333333333,2026.6666666666665,2050.0,358200,-1.0,-1.0,-1.0
2024/01/19,2080.0,2086.6666666666665,2056.6666666666665,2056.6666666666665,336300,-1.0,-1.0,-1.0
2024/01/22,2070.0,2076.6666666666665,2046.6666666666665,2056.6666666666665,331500,-1.0,-1.0,-1.0
2024/01/23,2050.0,2060.0,2030.0,2033.3333333333333,457500,-1.0,-1.0,-1.0
2024/01/24,2026.6666666666665,2040.0,2013.3333333333333,2020.0,341100,-1.0,-1.0,-1.0
2024/01/25,2026.6666666666665,2053.333333333333,2013.3333333333333,2040.0,329100,-1.0,-1.0,-1.0
2024/01/26,2036.6666666666665,2036.6666666666665,1996.6666666666665,2003.3333333333333,421200,-1.0,-1.0,-1.0
2024/01/29,2006.6666666666665,2040.0,2006.6666666666665,2030.0,236100,-1.0,-1.0,-1.0
2024/01/30,2030.0,2056.6666666666665,2026.6666666666665,2036.6666666666665,240300,-1.0,-1.0,-1.0
2024/01/31,2040.0,2056.6666666666665,2030.0,2050.0,326100,-1.0,-1.0,-1.0
2024/02/01,1966.6666666666665,2010.0,1950.0,1986.6666666666665,769800,-1.0,-1.0,-1.0
2024/02/02,2000.0,2000.0,1946.6666666666665,1960.0,550500,-1.0,-1.0,-1.0
2024/02/05,1966.6666666666665,1976.6666666666665,1923.3333333333333,1933.3333333333333,648000,-1.0,-1.0,-1.0
2024/02/06,1926.6666666666665,1953.3333333333333,1916.6666666666665,1933.3333333333333,313200,-1.0,-1.0,-1.0
2024/02/07,1920.0,1946.6666666666665,1920.0,1940.0,276600,-1.0,-1.0,-1.0
2024/02/08,1940.0,1956.6666666666665,1926.6666666666665,1950.0,272100,-1.0,-1.0,-1.0
2024/02/09,1950.0,1980.0,1946.6666666666665,1953.3333333333333,341100,-1.0,-1.0,-1.0
2024/02/13,1973.3333333333333,1986.6666666666665,1950.0,1983.3333333333333,385800,-1.0,-1.0,-1.0
2024/02/14,1976.6666666666665,2010.0,1973.3333333333333,1986.6666666666665,334500,-1.0,-1.0,-1.0
2024/02/15,2000.0,2000.0,1936.6666666666665,1956.6666666666665,415200,-1.0,-1.0,-1.0
2024/02/16,1970.0,1983.3333333333333,1956.6666666666665,1963.3333333333333,250200,-1.0,-1.0,-1.0
2024/02/19,1966.6666666666665,1970.0,1943.3333333333333,1966.6666666666665,194100,-1.0,-1.0,-1.0
2024/02/20,1980.0,1993.3333333333333,1966.6666666666665,1983.3333333333333,265500,-1.0,-1.0,-1.0
2024/02/21,2000.0,2000.0,1983.3333333333333,1993.3333333333333,215100,-1.0,-1.0,-1.0
2024/02/22,2020.0,2026.6666666666665,2000.0,2010.0,337500,-1.0,-1.0,-1.0
2024/02/26,2013.3333333333333,2016.6666666666665,1960.0,1960.0,621600,-1.0,-1.0,-1.0
2024/02/27,1983.3333333333333,1996.6666666666665,1970.0,1970.0,361200,-1.0,-1.0,-1.0
2024/02/28,1970.0,1986.6666666666665,1953.3333333333333,1953.3333333333333,257100,-1.0,-1.0,-1.0
2024/02/29,1956.6666666666665,1983.3333333333333,1946.6666666666665,1970.0,288000,-1.0,-1.0,-1.0
2024/03/01,1990.0,2020.0,1986.6666666666665,1993.3333333333333,383100,-1.0,-1.0,-1.0
2024/03/04,2000.0,2000.0,1960.0,1960.0,367200,-1.0,-1.0,-1.0
2024/03/05,1950.0,1980.0,1943.3333333333333,1966.6666666666665,267600,-1.0,-1.0,-1.0
2024/03/06,1953.3333333333333,1970.0,1946.6666666666665,1966.6666666666665,179700,-1.0,-1.0,-1.0
2024/03/07,1976.6666666666665,1980.0,1953.3333333333333,1953.3333333333333,211200,-1.0,-1.0,-1.0
2024/03/08,1953.3333333333333,1983.3333333333333,1953.3333333333333,1966.6666666666665,206100,-1.0,-1.0,-1.0
2024/03/11,1943.3333333333333,1943.3333333333333,1893.3333333333333,1906.6666666666665,699300,-1.0,-1.0,-1.0
2024/03/12,1890.0,1910.0,1856.6666666666665,1903.3333333333333,405300,-1.0,-1.0,-1.0
2024/03/13,1926.6666666666665,1933.3333333333333,1883.3333333333333,1890.0,277800,-1.0,-1.0,-1.0
2024/03/14,1883.3333333333333,1903.3333333333333,1866.6666666666665,1896.6666666666665,286800,-1.0,-1.0,-1.0
2024/03/15,1876.6666666666665,1910.0,1873.3333333333333,1896.6666666666665,293100,-1.0,-1.0,-1.0
2024/03/18,1906.6666666666665,1930.0,1903.3333333333333,1930.0,252900,-1.0,-1.0,-1.0
2024/03/19,1933.3333333333333,1950.0,1916.6666666666665,1946.6666666666665,281100,-1.0,-1.0,-1.0
2024/03/21,1973.3333333333333,1980.0,1960.0,1970.0,295500,-1.0,-1.0,-1.0
2024/03/22,1976.6666666666665,1976.6666666666665,1953.3333333333333,1963.3333333333333,285600,-1.0,-1.0,-1.0
2024/03/25,1966.6666666666665,1970.0,1950.0,1956.6666666666665,316500,-1.0,-1.0,-1.0
2024/03/26,1946.6666666666665,1976.6666666666665,1946.6666666666665,1976.6666666666665,294300,-1.0,-1.0,-1.0
2024/03/27,1983.3333333333333,1983.3333333333333,1960.0,1966.6666666666665,589500,-1.0,-1.0,-1.0
2024/03/28,1903.3333333333333,1910.0,1853.3333333333333,1853.3333333333333,1065000,-1.0,-1.0,-1.0
2024/03/29,1876.6666666666665,1890.0,1853.3333333333333,1880.0,370200,-1.0,-1.0,-1.0
2024/04/01,1893.3333333333333,1893.3333333333333,1853.3333333333333,1866.6666666666665,333000,-1.0,-1.0,-1.0
2024/04/02,1873.3333333333333,1873.3333333333333,1806.6666666666665,1806.6666666666665,492900,-1.0,-1.0,-1.0
2024/04/03,1780.0,1840.0,1770.0,1820.0,416700,-1.0,-1.0,-1.0
2024/04/04,1836.6666666666665,1840.0,1820.0,1823.3333333333333,213000,-1.0,-1.0,-1.0
2024/04/05,1800.0,1823.3333333333333,1796.6666666666665,1823.3333333333333,221700,-1.0,-1.0,-1.0
2024/04/08,1830.0,1833.3333333333333,1813.3333333333333,1823.3333333333333,177000,-1.0,-1.0,-1.0
2024/04/09,1833.3333333333333,1843.3333333333333,1823.3333333333333,1833.3333333333333,202200,-1.0,-1.0,-1.0
2024/04/10,1840.0,1846.6666666666665,1830.0,1836.6666666666665,174300,-1.0,-1.0,-1.0
2024/04/11,1833.3333333333333,1840.0,1823.3333333333333,1833.3333333333333,207600,-1.0,-1.0,-1.0
2024/04/12,1836.6666666666665,1836.6666666666665,1813.3333333333333,1820.0,162300,-1.0,-1.0,-1.0
2024/04/15,1813.3333333333333,1816.6666666666665,1800.0,1816.6666666666665,185400,-1.0,-1.0,-1.0
2024/04/16,1800.0,1810.0,1783.3333333333333,1783.3333333333333,291900,-1.0,-1.0,-1.0
2024/04/17,1793.3333333333333,1813.3333333333333,1780.0,1796.6666666666665,274200,-1.0,-1.0,-1.0
2024/04/18,1806.6666666666665,1823.3333333333333,1790.0,1823.3333333333333,178800,-1.0,-1.0,-1.0
2024/04/19,1806.6666666666665,1813.3333333333333,1756.6666666666665,1766.6666666666665,480900,-1.0,-1.0,-1.0
2024/04/22,1783.3333333333333,1800.0,1773.3333333333333,1793.3333333333333,265500,-1.0,-1.0,-1.0
2024/04/23,1803.3333333333333,1806.6666666666665,1776.6666666666665,1786.6666666666665,211200,-1.0,-1.0,-1.0
2024/04/24,1803.3333333333333,1823.3333333333333,1800.0,1820.0,221400,-1.0,-1.0,-1.0
2024/04/25,1810.0,1823.3333333333333,1810.0,1810.0,146100,-1.0,-1.0,-1.0
2024/04/26,1803.3333333333333,1830.0,1803.3333333333333,1826.6666666666665,195300,-1.0,-1.0,-1.0
2024/04/30,1836.6666666666665,1840.0,1810.0,1820.0,229500,-1.0,-1.0,-1.0
2024/05/01,1743.3333333333333,1743.3333333333333,1676.6666666666665,1706.6666666666665,1282200,-1.0,-1.0,-1.0
2024/05/02,1710.0,1720.0,1696.6666666666665,1696.6666666666665,357600,-1.0,-1.0,-1.0
2024/05/07,1700.0,1726.6666666666665,1700.0,1720.0,311100,-1.0,-1.0,-1.0
2024/05/08,1730.0,1733.3333333333333,1716.6666666666665,1716.6666666666665,268500,-1.0,-1.0,-1.0
2024/05/09,1720.0,1723.3333333333333,1706.6666666666665,1723.3333333333333,194100,-1.0,-1.0,-1.0
2024/05/10,1716.6666666666665,1723.3333333333333,1690.0,1693.3333333333333,358500,-1.0,-1.0,-1.0
2024/05/13,1696.6666666666665,1696.6666666666665,1683.3333333333333,1686.6666666666665,250200,-1.0,-1.0,-1.0
2024/05/14,1686.6666666666665,1703.3333333333333,1683.3333333333333,1690.0,252300,-1.0,-1.0,-1.0
2024/05/15,1690.0,1696.6666666666665,1680.0,1686.6666666666665,226500,-1.0,-1.0,-1.0
2024/05/16,1686.6666666666665,1690.0,1666.6666666666665,1673.3333333333333,430500,-1.0,-1.0,-1.0
2024/05/17,1670.0,1690.0,1666.6666666666665,1683.3333333333333,190500,-1.0,-1.0,-1.0
2024/05/20,1686.6666666666665,1696.6666666666665,1683.3333333333333,1693.3333333333333,169500,-1.0,-1.0,-1.0
2024/05/21,1696.6666666666665,1716.6666666666665,1696.6666666666665,1703.3333333333333,156000,-1.0,-1.0,-1.0
2024/05/22,1706.6666666666665,1710.0,1700.0,1703.3333333333333,140100,-1.0,-1.0,-1.0
2024/05/23,1703.3333333333333,1706.6666666666665,1686.6666666666665,1700.0,189300,-1.0,-1.0,-1.0
2024/05/24,1696.6666666666665,1710.0,1690.0,1710.0,111600,-1.0,-1.0,-1.0
2024/05/27,1703.3333333333333,1716.6666666666665,1703.3333333333333,1716.6666666666665,147300,-1.0,-1.0,-1.0
2024/05/28,1723.3333333333333,1726.6666666666665,1703.3333333333333,1703.3333333333333,174000,-1.0,-1.0,-1.0
2024/05/29,1703.3333333333333,1706.6666666666665,1680.0,1683.3333333333333,260700,-1.0,-1.0,-1.0
2024/05/30,1673.3333333333333,1690.0,1666.6666666666665,1683.3333333333333,299400,-1.0,-1.0,-1.0
2024/05/31,1683.3333333333333,1696.6666666666665,1683.3333333333333,1693.3333333333333,342000,-1.0,-1.0,-1.0
2024/06/03,1700.0,1706.6666666666665,1696.6666666666665,1706.6666666666665,115800,-1.0,-1.0,-1.0
2024/06/04,1706.6666666666665,1706.6666666666665,1696.6666666666665,1703.3333333333333,120900,-1.0,-1.0,-1.0
2024/06/05,1706.6666666666665,1706.6666666666665,1683.3333333333333,1690.0,203700,-1.0,-1.0,-1.0
2024/06/06,1696.6666666666665,1696.6666666666665,1676.6666666666665,1683.3333333333333,132600,-1.0,-1.0,-1.0
2024/06/07,1690.0,1700.0,1683.3333333333333,1700.0,127800,-1.0,-1.0,-1.0
2024/06/10,1693.3333333333333,1706.6666666666665,1693.3333333333333,1706.6666666666665,114000,-1.0,-1.0,-1.0
2024/06/11,1706.6666666666665,1713.3333333333333,1700.0,1706.6666666666665,151200,-1.0,-1.0,-1.0
2024/06/12,1710.0,1716.6666666666665,1703.3333333333333,1710.0,97800,-1.0,-1.0,-1.0
2024/06/13,1716.6666666666665,1716.6666666666665,1693.3333333333333,1703.3333333333333,106200,-1.0,-1.0,-1.0
2024/06/14,1706.6666666666665,1736.6666666666665,1700.0,1730.0,259200,-1.0,-1.0,-1.0
2024/06/17,1730.0,1733.3333333333333,1693.3333333333333,1706.6666666666665,124200,-1.0,-1.0,-1.0
2024/06/18,1710.0,1713.3333333333333,1693.3333333333333,1696.6666666666665,88800,-1.0,-1.0,-1.0
2024/06/19,1703.3333333333333,1713.3333333333333,1703.3333333333333,1710.0,99300,-1.0,-1.0,-1.0
2024/06/20,1710.0,1723.3333333333333,1696.6666666666665,1720.0,128100,-1.0,-1.0,-1.0
2024/06/21,1723.3333333333333,1723.3333333333333,1700.0,1700.0,125100,-1.0,-1.0,-1.0
2024/06/24,1710.0,1710.0,1686.6666666666665,1690.0,206100,-1.0,-1.0,-1.0
2024/06/25,1690.0,1706.6666666666665,1686.6666666666665,1700.0,156000,-1.0,-1.0,-1.0
2024/06/26,1713.3333333333333,1713.3333333333333,1696.6666666666665,1710.0,112200,-1.0,-1.0,-1.0
2024/06/27,1696.6666666666665,1716.6666666666665,1696.6666666666665,1710.0,170400,-1.0,-1.0,-1.0
2024/06/28,1716.6666666666665,1716.6666666666665,1700.0,1713.3333333333333,212100,-1.0,-1.0,-1.0
2024/07/01,1720.0,1740.0,1716.6666666666665,1723.3333333333333,173400,-1.0,-1.0,-1.0
2024/07/02,1723.3333333333333,1740.0,1720.0,1740.0,149400,-1.0,-1.0,-1.0
2024/07/03,1736.6666666666665,1746.6666666666665,1733.3333333333333,1746.6666666666665,121500,-1.0,-1.0,-1.0
2024/07/04,1746.6666666666665,1763.3333333333333,1743.3333333333333,1763.3333333333333,110100,-1.0,-1.0,-1.0
2024/07/05,1766.6666666666665,1766.6666666666665,1740.0,1743.3333333333333,139500,-1.0,-1.0,-1.0
2024/07/08,1760.0,1760.0,1723.3333333333333,1723.3333333333333,145800,-1.0,-1.0,-1.0
2024/07/09,1723.3333333333333,1730.0,1706.6666666666665,1713.3333333333333,154500,-1.0,-1.0,-1.0
2024/07/10,1713.3333333333333,1716.6666666666665,1700.0,1713.3333333333333,154800,-1.0,-1.0,-1.0
2024/07/11,1716.6666666666665,1726.6666666666665,1710.0,1723.3333333333333,108900,-1.0,-1.0,-1.0
2024/07/12,1716.6666666666665,1730.0,1713.3333333333333,1726.6666666666665,113400,-1.0,-1.0,-1.0
2024/07/16,1733.3333333333333,1750.0,1726.6666666666665,1740.0,177600,-1.0,-1.0,-1.0
2024/07/17,1743.3333333333333,1750.0,1730.0,1730.0,91800,-1.0,-1.0,-1.0
2024/07/18,1726.6666666666665,1740.0,1720.0,1720.0,183000,-1.0,-1.0,-1.0
2024/07/19,1726.6666666666665,1726.6666666666665,1700.0,1710.0,161100,-1.0,-1.0,-1.0
2024/07/22,1706.6666666666665,1706.6666666666665,1676.6666666666665,1686.6666666666665,451500,-1.0,-1.0,-1.0
2024/07/23,1700.0,1703.3333333333333,1686.6666666666665,1693.3333333333333,184500,-1.0,-1.0,-1.0
2024/07/24,1700.0,1700.0,1666.6666666666665,1666.6666666666665,264300,-1.0,-1.0,-1.0
2024/07/25,1650.0,1651.6666666666665,1635.0,1643.3333333333333,592500,-1.0,-1.0,-1.0
2024/07/26,1656.6666666666665,1670.0,1646.6666666666665,1660.0,188700,-1.0,-1.0,-1.0
2024/07/29,1676.6666666666665,1696.6666666666665,1670.0,1690.0,145200,-1.0,-1.0,-1.0
2024/07/30,1680.0,1693.3333333333333,1673.3333333333333,1680.0,151500,-1.0,-1.0,-1.0
2024/07/31,1676.6666666666665,1690.0,1663.3333333333333,1683.3333333333333,345600,-1.0,-1.0,-1.0
2024/08/01,1690.0,1706.6666666666665,1670.0,1683.3333333333333,576900,-1.0,-1.0,-1.0
2024/08/02,1650.0,1661.6666666666665,1610.0,1631.6666666666665,826800,-1.0,-1.0,-1.0
2024/08/05,1531.6666666666665,1548.3333333333333,1398.3333333333333,1403.3333333333333,1126200,-1.0,-1.0,-1.0
2024/08/06,1496.6666666666665,1608.3333333333333,1496.6666666666665,1593.3333333333333,663000,-1.0,-1.0,-1.0
2024/08/07,1578.3333333333333,1650.0,1561.6666666666665,1625.0,509100,-1.0,-1.0,-1.0
2024/08/08,1606.6666666666665,1633.3333333333333,1591.6666666666665,1605.0,347700,-1.0,-1.0,-1.0
2024/08/09,1628.3333333333333,1636.6666666666665,1588.3333333333333,1611.6666666666665,292200,-1.0,-1.0,-1.0
2024/08/13,1610.0,1633.3333333333333,1608.3333333333333,1621.6666666666665,227100,-1.0,-1.0,-1.0
2024/08/14,1626.6666666666665,1640.0,1615.0,1630.0,178800,-1.0,-1.0,-1.0
2024/08/15,1638.3333333333333,1646.6666666666665,1630.0,1631.6666666666665,200700,-1.0,-1.0,-1.0
2024/08/16,1655.0,1658.3333333333333,1641.6666666666665,1651.6666666666665,168600,-1.0,-1.0,-1.0
2024/08/19,1660.0,1676.6666666666665,1650.0,1650.0,226500,-1.0,-1.0,-1.0
2024/08/20,1656.6666666666665,1680.0,1656.6666666666665,1670.0,161700,-1.0,-1.0,-1.0
2024/08/21,1656.6666666666665,1676.6666666666665,1653.3333333333333,1676.6666666666665,130200,-1.0,-1.0,-1.0
2024/08/22,1680.0,1680.0,1666.6666666666665,1670.0,64200,-1.0,-1.0,-1.0
2024/08/23,1666.6666666666665,1690.0,1666.6666666666665,1690.0,153900,-1.0,-1.0,-1.0
2024/08/26,1690.0,1690.0,1650.0,1653.3333333333333,195900,-1.0,-1.0,-1.0
2024/08/27,1653.3333333333333,1666.6666666666665,1653.3333333333333,1663.3333333333333,159900,-1.0,-1.0,-1.0
2024/08/28,1663.3333333333333,1666.6666666666665,1653.3333333333333,1666.6666666666665,130500,-1.0,-1.0,-1.0
2024/08/29,1665.0,1673.3333333333333,1660.0,1661.6666666666665,137100,-1.0,-1.0,-1.0
2024/08/30,1666.6666666666665,1680.0,1663.3333333333333,1663.3333333333333,177000,-1.0,-1.0,-1.0
2024/09/02,1680.0,1680.0,1653.3333333333333,1653.3333333333333,315900,-1.0,-1.0,-1.0
2024/09/03,1653.3333333333333,1656.6666666666665,1643.3333333333333,1643.3333333333333,263400,-1.0,-1.0,-1.0
2024/09/04,1621.6666666666665,1631.6666666666665,1606.6666666666665,1608.3333333333333,394500,-1.0,-1.0,-1.0
2024/09/05,1600.0,1633.3333333333333,1593.3333333333333,1603.3333333333333,271500,-1.0,-1.0,-1.0
2024/09/06,1605.0,1613.3333333333333,1570.0,1575.0,318900,-1.0,-1.0,-1.0
2024/09/09,1540.0,1583.3333333333333,1536.6666666666665,1580.0,311400,-1.0,-1.0,-1.0
2024/09/10,1578.3333333333333,1588.3333333333333,1561.6666666666665,1561.6666666666665,214500,-1.0,-1.0,-1.0
2024/09/11,1561.6666666666665,1570.0,1511.6666666666665,1513.3333333333333,345600,-1.0,-1.0,-1.0
2024/09/12,1536.6666666666665,1553.3333333333333,1518.3333333333333,1533.3333333333333,304500,-1.0,-1.0,-1.0
2024/09/13,1530.0,1558.3333333333333,1530.0,1553.3333333333333,236400,-1.0,-1.0,-1.0
2024/09/17,1560.0,1563.3333333333333,1515.0,1526.6666666666665,441900,-1.0,-1.0,-1.0
2024/09/18,1546.6666666666665,1546.6666666666665,1521.6666666666665,1528.3333333333333,214800,-1.0,-1.0,-1.0
2024/09/19,1546.6666666666665,1561.6666666666665,1543.3333333333333,1550.0,255600,-1.0,-1.0,-1.0
2024/09/20,1571.6666666666665,1573.3333333333333,1558.3333333333333,1563.3333333333333,218400,-1.0,-1.0,-1.0
2024/09/24,1580.0,1590.0,1563.3333333333333,1568.3333333333333,280200,-1.0,-1.0,-1.0
2024/09/25,1561.6666666666665,1566.6666666666665,1541.6666666666665,1561.6666666666665,447300,-1.0,-1.0,-1.0
2024/09/26,1573.3333333333333,1590.0,1560.0,1590.0,484500,-1.0,-1.0,-1.0
2024/09/27,1545.0,1588.3333333333333,1545.0,1578.3333333333333,423600,-1.0,-1.0,-1.0
2024/09/30,1538.3333333333333,1563.3333333333333,1538.3333333333333,1558.3333333333333,413700,-1.0,-1.0,-1.0
2024/10/01,1561.6666666666665,1565.0,1540.0,1553.3333333333333,228900,-1.0,-1.0,-1.0
2024/10/02,1540.0,1546.6666666666665,1536.6666666666665,1540.0,297600,-1.0,-1.0,-1.0
2024/10/03,1563.3333333333333,1568.3333333333333,1556.6666666666665,1566.6666666666665,190800,-1.0,-1.0,-1.0
2024/10/04,1568.3333333333333,1586.6666666666665,1563.3333333333333,1575.0,154200,-1.0,-1.0,-1.0
2024/10/07,1586.6666666666665,1590.0,1575.0,1576.6666666666665,165600,-1.0,-1.0,-1.0
2024/10/08,1566.6666666666665,1571.6666666666665,1546.6666666666665,1558.3333333333333,186900,-1.0,-1.0,-1.0
2024/10/09,1561.6666666666665,1566.6666666666665,1551.6666666666665,1560.0,137100,-1.0,-1.0,-1.0
2024/10/10,1563.3333333333333,1563.3333333333333,1548.3333333333333,1560.0,99000,-1.0,-1.0,-1.0
2024/10/11,1556.6666666666665,1556.6666666666665,1540.0,1540.0,117000,-1.0,-1.0,-1.0
2024/10/15,1550.0,1563.3333333333333,1546.6666666666665,1561.6666666666665,160800,-1.0,-1.0,-1.0
2024/10/16,1546.6666666666665,1561.6666666666665,1538.3333333333333,1543.3333333333333,156900,-1.0,-1.0,-1.0
2024/10/17,1548.3333333333333,1548.3333333333333,1523.3333333333333,1525.0,204600,-1.0,-1.0,-1.0
2024/10/18,1535.0,1535.0,1525.0,1530.0,105300,-1.0,-1.0,-1.0
2024/10/21,1531.6666666666665,1533.3333333333333,1523.3333333333333,1528.3333333333333,98100,-1.0,-1.0,-1.0
2024/10/22,1530.0,1530.0,1508.3333333333333,1508.3333333333333,218400,-1.0,-1.0,-1.0
2024/10/23,1508.3333333333333,1511.6666666666665,1488.3333333333333,1488.3333333333333,173100,-1.0,-1.0,-1.0
2024/10/24,1480.0,1490.0,1471.6666666666665,1485.0,239400,-1.0,-1.0,-1.0
2024/10/25,1485.0,1485.0,1453.3333333333333,1456.6666666666665,231300,-1.0,-1.0,-1.0
2024/10/28,1456.6666666666665,1485.0,1453.3333333333333,1485.0,268800,-1.0,-1.0,-1.0
2024/10/29,1490.0,1506.6666666666665,1488.3333333333333,1506.6666666666665,199800,-1.0,-1.0,-1.0
2024/10/30,1510.0,1511.6666666666665,1500.0,1510.0,270000,-1.0,-1.0,-1.0
2024/10/31,1501.6666666666665,1515.0,1493.3333333333333,1506.6666666666665,178800,-1.0,-1.0,-1.0
2024/11/01,1516.6666666666665,1543.3333333333333,1503.3333333333333,1510.0,309000,-1.0,-1.0,-1.0
2024/11/05,1523.3333333333333,1541.6666666666665,1523.3333333333333,1540.0,229200,-1.0,-1.0,-1.0
2024/11/06,1540.0,1553.3333333333333,1530.0,1530.0,195300,-1.0,-1.0,-1.0
2024/11/07,1530.0,1538.3333333333333,1520.0,1528.3333333333333,251700,-1.0,-1.0,-1.0
2024/11/08,1533.3333333333333,1535.0,1513.3333333333333,1518.3333333333333,186000,-1.0,-1.0,-1.0
2024/11/11,1516.6666666666665,1518.3333333333333,1503.3333333333333,1513.3333333333333,105900,-1.0,-1.0,-1.0
2024/11/12,1506.6666666666665,1525.0,1506.6666666666665,1513.3333333333333,213600,-1.0,-1.0,-1.0
2024/11/13,1510.0,1516.6666666666665,1488.3333333333333,1488.3333333333333,248400,-1.0,-1.0,-1.0
2024/11/14,1486.6666666666665,1508.3333333333333,1486.6666666666665,1493.3333333333333,164100,-1.0,-1.0,-1.0
2024/11/15,1495.0,1508.3333333333333,1493.3333333333333,1493.3333333333333,166200,-1.0,-1.0,-1.0
2024/11/18,1486.6666666666665,1501.6666666666665,1483.3333333333333,1500.0,133200,-1.0,-1.0,-1.0
2024/11/19,1503.3333333333333,1518.3333333333333,1503.3333333333333,1505.0,155700,-1.0,-1.0,-1.0
2024/11/20,1506.6666666666665,1510.0,1485.0,1488.3333333333333,190800,-1.0,-1.0,-1.0
2024/11/21,1496.6666666666665,1496.6666666666665,1483.3333333333333,1490.0,158400,-1.0,-1.0,-1.0
2024/11/22,1488.3333333333333,1496.6666666666665,1485.0,1493.3333333333333,130200,-1.0,-1.0,-1.0
2024/11/25,1491.6666666666665,1496.6666666666665,1481.6666666666665,1490.0,230700,-1.0,-1.0,-1.0
2024/11/26,1496.6666666666665,1496.6666666666665,1475.0,1478.3333333333333,162300,-1.0,-1.0,-1.0
2024/11/27,1471.6666666666665,1473.3333333333333,1438.3333333333333,1438.3333333333333,260100,-1.0,-1.0,-1.0
2024/11/28,1433.3333333333333,1456.6666666666665,1433.3333333333333,1453.3333333333333,245700,-1.0,-1.0,-1.0
2024/11/29,1450.0,1458.3333333333333,1446.6666666666665,1450.0,98700,-1.0,-1.0,-1.0
2024/12/02,1448.3333333333333,1456.6666666666665,1445.0,1448.3333333333333,192600,-1.0,-1.0,-1.0
2024/12/03,1448.3333333333333,1463.3333333333333,1448.3333333333333,1453.3333333333333,247500,-1.0,-1.0,-1.0
2024/12/04,1456.6666666666665,1456.6666666666665,1428.3333333333333,1431.6666666666665,274500,-1.0,-1.0,-1.0
2024/12/05,1435.0,1435.0,1420.0,1423.3333333333333,194700,-1.0,-1.0,-1.0
2024/12/06,1423.3333333333333,1431.6666666666665,1420.0,1425.0,179700,-1.0,-1.0,-1.0
2024/12/09,1436.6666666666665,1436.6666666666665,1418.3333333333333,1418.3333333333333,245100,-1.0,-1.0,-1.0
2024/12/10,1423.3333333333333,1428.3333333333333,1420.0,1420.0,183300,-1.0,-1.0,-1.0
2024/12/11,1418.3333333333333,1420.0,1401.6666666666665,1416.6666666666665,291000,-1.0,-1.0,-1.0
2024/12/12,1425.0,1426.6666666666665,1410.0,1411.6666666666665,218700,-1.0,-1.0,-1.0
2024/12/13,1403.3333333333333,1413.3333333333333,1396.6666666666665,1396.6666666666665,308700,-1.0,-1.0,-1.0
2024/12/16,1396.6666666666665,1398.3333333333333,1381.6666666666665,1383.3333333333333,294600,-1.0,-1.0,-1.0
2024/12/17,1380.0,1390.0,1373.3333333333333,1383.3333333333333,419700,-1.0,-1.0,-1.0
2024/12/18,1383.3333333333333,1400.0,1383.3333333333333,1390.0,254100,-1.0,-1.0,-1.0
2024/12/19,1383.3333333333333,1390.0,1375.0,1385.0,239100,-1.0,-1.0,-1.0
2024/12/20,1393.3333333333333,1401.6666666666665,1378.3333333333333,1378.3333333333333,496800,-1.0,-1.0,-1.0
2024/12/23,1376.6666666666665,1378.3333333333333,1355.0,1373.3333333333333,481500,-1.0,-1.0,-1.0
2024/12/24,1380.0,1411.6666666666665,1380.0,1411.6666666666665,570900,-1.0,-1.0,-1.0
2024/12/25,1415.0,1420.0,1405.0,1416.6666666666665,269100,-1.0,-1.0,-1.0
2024/12/26,1421.6666666666665,1456.6666666666665,1421.6666666666665,1448.3333333333333,394500,-1.0,-1.0,-1.0
2024/12/27,1463.3333333333333,1471.6666666666665,1450.0,1471.6666666666665,228600,-1.0,-1.0,-1.0
2024/12/30,1470.0,1485.0,1465.0,1468.3333333333333,278400,-1.0,-1.0,-1.0
2025/01/06,1491.6666666666665,1491.6666666666665,1473.3333333333333,1481.6666666666665,359100,-1.0,-1.0,-1.0
2025/01/07,1493.3333333333333,1493.3333333333333,1466.6666666666665,1483.3333333333333,287700,-1.0,-1.0,-1.0
2025/01/08,1481.6666666666665,1496.6666666666665,1473.3333333333333,1475.0,222900,-1.0,-1.0,-1.0
2025/01/09,1475.0,1475.0,1446.6666666666665,1456.6666666666665,203700,-1.0,-1.0,-1.0
2025/01/10,1446.6666666666665,1458.3333333333333,1443.3333333333333,1446.6666666666665,150600,-1.0,-1.0,-1.0
2025/01/14,1445.0,1446.6666666666665,1428.3333333333333,1428.3333333333333,184500,-1.0,-1.0,-1.0
2025/01/15,1441.6666666666665,1450.0,1435.0,1435.0,126000,-1.0,-1.0,-1.0
2025/01/16,1440.0,1441.6666666666665,1418.3333333333333,1418.3333333333333,211500,-1.0,-1.0,-1.0
2025/01/17,1416.6666666666665,1420.0,1410.0,1410.0,140100,-1.0,-1.0,-1.0
2025/01/20,1415.0,1430.0,1415.0,1423.3333333333333,187200,-1.0,-1.0,-1.0
2025/01/21,1425.0,1441.6666666666665,1425.0,1436.6666666666665,135900,-1.0,-1.0,-1.0
2025/01/22,1441.6666666666665,1450.0,1436.6666666666665,1443.3333333333333,120600,-1.0,-1.0,-1.0
2025/01/23,1443.3333333333333,1445.0,1436.6666666666665,1443.3333333333333,132900,-1.0,-1.0,-1.0
2025/01/24,1445.0,1460.0,1443.3333333333333,1446.6666666666665,126000,-1.0,-1.0,-1.0
2025/01/27,1466.6666666666665,1466.6666666666665,1450.0,1460.0,105000,-1.0,-1.0,-1.0
2025/01/28,1450.0,1466.6666666666665,1450.0,1465.0,133800,-1.0,-1.0,-1.0
2025/01/29,1468.3333333333333,1468.3333333333333,1458.3333333333333,1458.3333333333333,175200,-1.0,-1.0,-1.0
2025/01/30,1456.6666666666665,1478.3333333333333,1456.6666666666665,1478.3333333333333,189600,-1.0,-1.0,-1.0
2025/01/31,1500.0,1536.6666666666665,1490.0,1500.0,424200,-1.0,-1.0,-1.0
2025/02/03,1500.0,1510.0,1480.0,1508.3333333333333,318300,-1.0,-1.0,-1.0
2025/02/04,1513.3333333333333,1525.0,1506.6666666666665,1511.6666666666665,164400,-1.0,-1.0,-1.0
2025/02/05,1521.6666666666665,1530.0,1511.6666666666665,1526.6666666666665,64500,-1.0,-1.0,-1.0
2025/02/06,1508.3333333333333,1530.0,1508.3333333333333,1530.0,133500,-1.0,-1.0,-1.0
2025/02/07,1530.0,1533.3333333333333,1518.3333333333333,1525.0,131100,-1.0,-1.0,-1.0
2025/02/10,1525.0,1528.3333333333333,1515.0,1516.6666666666665,91200,-1.0,-1.0,-1.0
2025/02/12,1526.6666666666665,1530.0,1515.0,1523.3333333333333,101400,-1.0,-1.0,-1.0
2025/02/13,1530.0,1543.3333333333333,1523.3333333333333,1538.3333333333333,189900,-1.0,-1.0,-1.0
2025/02/14,1545.0,1546.6666666666665,1528.3333333333333,1528.3333333333333,188400,-1.0,-1.0,-1.0
2025/02/17,1530.0,1535.0,1516.6666666666665,1516.6666666666665,124500,-1.0,-1.0,-1.0
2025/02/18,1518.3333333333333,1518.3333333333333,1508.3333333333333,1518.3333333333333,99900,-1.0,-1.0,-1.0
2025/02/19,1520.0,1526.6666666666665,1510.0,1510.0,114600,-1.0,-1.0,-1.0
2025/02/20,1510.0,1511.6666666666665,1493.3333333333333,1503.3333333333333,147000,-1.0,-1.0,-1.0
2025/02/21,1490.0,1498.3333333333333,1476.6666666666665,1485.0,224100,-1.0,-1.0,-1.0
2025/02/25,1480.0,1505.0,1480.0,1496.6666666666665,182400,-1.0,-1.0,-1.0
2025/02/26,1488.3333333333333,1496.6666666666665,1478.3333333333333,1483.3333333333333,163500,-1.0,-1.0,-1.0
2025/02/27,1483.3333333333333,1498.3333333333333,1483.3333333333333,1493.3333333333333,106500,-1.0,-1.0,-1.0
2025/02/28,1488.3333333333333,1491.6666666666665,1480.0,1483.3333333333333,176100,-1.0,-1.0,-1.0
2025/03/03,1491.6666666666665,1493.3333333333333,1480.0,1481.6666666666665,139200,-1.0,-1.0,-1.0
2025/03/04,1480.0,1480.0,1453.3333333333333,1463.3333333333333,318000,-1.0,-1.0,-1.0
2025/03/05,1458.3333333333333,1485.0,1458.3333333333333,1475.0,218400,-1.0,-1.0,-1.0
2025/03/06,1486.6666666666665,1496.6666666666665,1481.6666666666665,1485.0,115500,-1.0,-1.0,-1.0
2025/03/07,1483.3333333333333,1501.6666666666665,1473.3333333333333,1498.3333333333333,217200,-1.0,-1.0,-1.0
2025/03/10,1500.0,1503.3333333333333,1491.6666666666665,1496.6666666666665,124500,-1.0,-1.0,-1.0
2025/03/11,1485.0,1500.0,1473.3333333333333,1500.0,181800,-1.0,-1.0,-1.0
2025/03/12,1498.3333333333333,1498.3333333333333,1488.3333333333333,1495.0,136500,-1.0,-1.0,-1.0
2025/03/13,1495.0,1496.6666666666665,1485.0,1485.0,160200,-1.0,-1.0,-1.0
2025/03/14,1483.3333333333333,1488.3333333333333,1478.3333333333333,1480.0,180300,-1.0,-1.0,-1.0
2025/03/17,1483.3333333333333,1495.0,1481.6666666666665,1493.3333333333333,136200,-1.0,-1.0,-1.0
2025/03/18,1498.3333333333333,1516.6666666666665,1498.3333333333333,1515.0,185100,-1.0,-1.0,-1.0
2025/03/19,1510.0,1533.3333333333333,1510.0,1523.3333333333333,193200,-1.0,-1.0,-1.0
2025/03/21,1523.3333333333333,1523.3333333333333,1496.6666666666665,1496.6666666666665,332100,-1.0,-1.0,-1.0
2025/03/24,1506.6666666666665,1506.6666666666665,1483.3333333333333,1488.3333333333333,234300,-1.0,-1.0,-1.0
2025/03/25,1488.3333333333333,1491.6666666666665,1475.0,1475.0,342600,-1.0,-1.0,-1.0
2025/03/26,1483.3333333333333,1483.3333333333333,1471.6666666666665,1471.6666666666665,391800,-1.0,-1.0,-1.0
2025/03/27,1471.6666666666665,1480.0,1468.3333333333333,1478.3333333333333,369900,-1.0,-1.0,-1.0
2025/03/28,1421.6666666666665,1456.6666666666665,1416.6666666666665,1425.0,434700,-1.0,-1.0,-1.0
2025/03/31,1406.6666666666665,1406.6666666666665,1371.6666666666665,1371.6666666666665,342900,-1.0,-1.0,-1.0
2025/04/01,1381.6666666666665,1385.0,1355.0,1358.3333333333333,345900,-1.0,-1.0,-1.0
2025/04/02,1358.3333333333333,1360.0,1341.6666666666665,1350.0,346500,-1.0,-1.0,-1.0
2025/04/03,1316.6666666666665,1338.3333333333333,1306.6666666666665,1325.0,494100,-1.0,-1.0,-1.0
2025/04/04,1293.3333333333333,1293.3333333333333,1220.0,1235.0,599400,-1.0,-1.0,-1.0
2025/04/07,1126.6666666666665,1166.6666666666665,1110.0,1145.0,575100,-1.0,-1.0,-1.0
2025/04/08,1203.3333333333333,1256.6666666666665,1203.3333333333333,1236.6666666666665,452400,-1.0,-1.0,-1.0
2025/04/09,1213.3333333333333,1218.3333333333333,1183.3333333333333,1198.3333333333333,407400,-1.0,-1.0,-1.0
2025/04/10,1300.0,1305.0,1258.3333333333333,1280.0,437700,-1.0,-1.0,-1.0
2025/04/11,1266.6666666666665,1281.6666666666665,1230.0,1275.0,414600,-1.0,-1.0,-1.0
2025/04/14,1298.3333333333333,1330.0,1291.6666666666665,1323.3333333333333,269700,-1.0,-1.0,-1.0
2025/04/15,1328.3333333333333,1328.3333333333333,1310.0,1313.3333333333333,173700,-1.0,-1.0,-1.0
2025/04/16,1315.0,1318.3333333333333,1285.0,1288.3333333333333,225000,-1.0,-1.0,-1.0
2025/04/17,1276.6666666666665,1290.0,1275.0,1276.6666666666665,174300,-1.0,-1.0,-1.0
2025/04/18,1283.3333333333333,1296.6666666666665,1281.6666666666665,1290.0,111000,-1.0,-1.0,-1.0
2025/04/21,1290.0,1293.3333333333333,1275.0,1285.0,126300,-1.0,-1.0,-1.0
2025/04/22,1273.3333333333333,1303.3333333333333,1273.3333333333333,1295.0,135000,-1.0,-1.0,-1.0
2025/04/23,1316.6666666666665,1323.3333333333333,1310.0,1316.6666666666665,156300,-1.0,-1.0,-1.0
2025/04/24,1316.6666666666665,1335.0,1316.6666666666665,1323.3333333333333,103200,-1.0,-1.0,-1.0
2025/04/25,1331.6666666666665,1345.0,1328.3333333333333,1341.6666666666665,161700,-1.0,-1.0,-1.0
2025/04/28,1345.0,1356.6666666666665,1343.3333333333333,1355.0,496500,-1.0,-1.0,-1.0
2025/04/30,1355.0,1355.0,1305.0,1305.0,383400,-1.0,-1.0,-1.0
2025/05/01,1265.0,1286.6666666666665,1248.3333333333333,1278.3333333333333,494100,-1.0,-1.0,-1.0
2025/05/02,1280.0,1308.3333333333333,1260.0,1276.6666666666665,365700,-1.0,-1.0,-1.0
2025/05/07,1275.0,1275.0,1235.0,1246.6666666666665,381300,-1.0,-1.0,-1.0
2025/05/08,1241.6666666666665,1255.0,1230.0,1248.3333333333333,284700,-1.0,-1.0,-1.0
2025/05/09,1261.6666666666665,1263.3333333333333,1235.0,1241.6666666666665,233100,-1.0,-1.0,-1.0
2025/05/12,1241.6666666666665,1258.3333333333333,1233.3333333333333,1250.0,289800,-1.0,-1.0,-1.0
2025/05/13,1263.3333333333333,1285.0,1250.0,1275.0,339600,-1.0,-1.0,-1.0
2025/05/14,1291.6666666666665,1308.3333333333333,1275.0,1301.6666666666665,346500,-1.0,-1.0,-1.0
2025/05/15,1296.6666666666665,1305.0,1273.3333333333333,1283.3333333333333,240300,-1.0,-1.0,-1.0
2025/05/16,1283.3333333333333,1286.6666666666665,1268.3333333333333,1275.0,228600,-1.0,-1.0,-1.0
2025/05/19,1273.3333333333333,1285.0,1260.0,1275.0,191100,-1.0,-1.0,-1.0
2025/05/20,1273.3333333333333,1276.6666666666665,1248.3333333333333,1253.3333333333333,181800,-1.0,-1.0,-1.0
2025/05/21,1256.6666666666665,1258.3333333333333,1230.0,1240.0,429900,-1.0,-1.0,-1.0
2025/05/22,1226.6666666666665,1258.3333333333333,1211.6666666666665,1255.0,361200,-1.0,-1.0,-1.0
2025/05/23,1251.6666666666665,1258.3333333333333,1233.3333333333333,1255.0,305700,-1.0,-1.0,-1.0
2025/05/26,1251.6666666666665,1263.3333333333333,1243.3333333333333,1261.6666666666665,306600,-1.0,-1.0,-1.0
2025/05/27,1261.6666666666665,1266.6666666666665,1245.0,1256.6666666666665,327600,-1.0,-1.0,-1.0
2025/05/28,1265.0,1310.0,1265.0,1305.0,1059000,-1.0,-1.0,-1.0
2025/05/29,1308.3333333333333,1318.3333333333333,1298.3333333333333,1298.3333333333333,858600,-1.0,-1.0,-1.0
2025/05/30,1295.0,1303.3333333333333,1281.6666666666665,1298.3333333333333,1252800,-1.0,-1.0,-1.0
2025/06/02,1286.6666666666665,1296.6666666666665,1281.6666666666665,1285.0,227400,-1.0,-1.0,-1.0
2025/06/03,1288.3333333333333,1290.0,1266.6666666666665,1266.6666666666665,163800,-1.0,-1.0,-1.0
2025/06/04,1271.6666666666665,1283.3333333333333,1265.0,1275.0,259200,-1.0,-1.0,-1.0
2025/06/05,1273.3333333333333,1273.3333333333333,1253.3333333333333,1255.0,214200,-1.0,-1.0,-1.0
2025/06/06,1258.3333333333333,1265.0,1251.6666666666665,1251.6666666666665,167100,-1.0,-1.0,-1.0
2025/06/09,1251.6666666666665,1258.3333333333333,1233.3333333333333,1233.3333333333333,204000,-1.0,-1.0,-1.0
2025/06/10,1236.6666666666665,1253.3333333333333,1233.3333333333333,1235.0,212400,-1.0,-1.0,-1.0
2025/06/11,1240.0,1241.6666666666665,1231.6666666666665,1233.3333333333333,165900,-1.0,-1.0,-1.0
2025/06/12,1233.3333333333333,1238.3333333333333,1218.3333333333333,1220.0,231300,-1.0,-1.0,-1.0
2025/06/13,1220.0,1220.0,1198.3333333333333,1198.3333333333333,283200,-1.0,-1.0,-1.0
2025/06/16,1200.0,1210.0,1200.0,1200.0,153300,-1.0,-1.0,-1.0
2025/06/17,1200.0,1215.0,1196.6666666666665,1213.3333333333333,156300,-1.0,-1.0,-1.0
2025/06/18,1210.0,1221.6666666666665,1208.3333333333333,1215.0,156900,-1.0,-1.0,-1.0
2025/06/19,1215.0,1216.6666666666665,1196.6666666666665,1201.6666666666665,194100,-1.0,-1.0,-1.0
2025/06/20,1198.3333333333333,1205.0,1191.6666666666665,1191.6666666666665,202800,-1.0,-1.0,-1.0
2025/06/23,1190.0,1191.6666666666665,1175.0,1176.6666666666665,177300,-1.0,-1.0,-1.0
2025/06/24,1190.0,1190.0,1178.3333333333333,1180.0,139200,-1.0,-1.0,-1.0
2025/06/25,1181.6666666666665,1183.3333333333333,1170.0,1183.3333333333333,244800,-1.0,-1.0,-1.0
2025/06/26,1186.6666666666665,1201.6666666666665,1183.3333333333333,1195.0,179100,-1.0,-1.0,-1.0
2025/06/27,1203.3333333333333,1213.3333333333333,1198.3333333333333,1208.3333333333333,180300,-1.0,-1.0,-1.0
2025/06/30,1216.6666666666665,1236.6666666666665,1215.0,1226.6666666666665,225900,-1.0,-1.0,-1.0
2025/07/01,1221.6666666666665,1228.3333333333333,1201.6666666666665,1206.6666666666665,232200,-1.0,-1.0,-1.0
2025/07/02,1203.3333333333333,1218.3333333333333,1203.3333333333333,1210.0,134100,-1.0,-1.0,-1.0
2025/07/03,1208.3333333333333,1226.6666666666665,1205.0,1225.0,145800,-1.0,-1.0,-1.0
2025/07/04,1223.3333333333333,1231.6666666666665,1215.0,1215.0,114300,-1.0,-1.0,-1.0
2025/07/07,1218.3333333333333,1218.3333333333333,1196.6666666666665,1196.6666666666665,190200,-1.0,-1.0,-1.0
2025/07/08,1196.6666666666665,1216.6666666666665,1196.6666666666665,1211.6666666666665,192300,-1.0,-1.0,-1.0
2025/07/09,1223.3333333333333,1245.0,1221.6666666666665,1233.3333333333333,240000,-1.0,-1.0,-1.0
2025/07/10,1238.3333333333333,1241.6666666666665,1226.6666666666665,1236.6666666666665,212700,-1.0,-1.0,-1.0
2025/07/11,1241.6666666666665,1265.0,1241.6666666666665,1260.0,260100,-1.0,-1.0,-1.0
2025/07/14,1256.6666666666665,1268.3333333333333,1255.0,1263.3333333333333,185400,-1.0,-1.0,-1.0
2025/07/15,1265.0,1268.3333333333333,1258.3333333333333,1260.0,107700,-1.0,-1.0,-1.0
2025/07/16,1260.0,1261.6666666666665,1238.3333333333333,1238.3333333333333,153900,-1.0,-1.0,-1.0
2025/07/17,1233.3333333333333,1235.0,1223.3333333333333,1233.3333333333333,128100,-1.0,-1.0,-1.0
2025/07/18,1233.3333333333333,1243.3333333333333,1231.6666666666665,1235.0,129600,-1.0,-1.0,-1.0
2025/07/22,1240.0,1240.0,1223.3333333333333,1231.6666666666665,153900,-1.0,-1.0,-1.0
2025/07/23,1246.6666666666665,1260.0,1241.6666666666665,1250.0,285000,-1.0,-1.0,-1.0
2025/07/24,1258.3333333333333,1270.0,1256.6666666666665,1265.0,167700,-1.0,-1.0,-1.0
2025/07/25,1266.6666666666665,1270.0,1260.0,1266.6666666666665,169200,-1.0,-1.0,-1.0
2025/07/28,1270.0,1285.0,1265.0,1273.3333333333333,247800,-1.0,-1.0,-1.0
2025/07/29,1268.3333333333333,1271.6666666666665,1260.0,1266.6666666666665,191100,-1.0,-1.0,-1.0
2025/07/30,1260.0,1273.3333333333333,1260.0,1265.0,148200,-1.0,-1.0,-1.0
2025/07/31,1265.0,1276.6666666666665,1261.6666666666665,1271.6666666666665,204300,-1.0,-1.0,-1.0
2025/08/01,1241.6666666666665,1266.6666666666665,1223.3333333333333,1266.6666666666665,559500,-1.0,-1.0,-1.0
2025/08/04,1250.0,1266.6666666666665,1248.3333333333333,1253.3333333333333,186900,-1.0,-1.0,-1.0
2025/08/05,1255.0,1260.0,1251.6666666666665,1251.6666666666665,145200,-1.0,-1.0,-1.0
2025/08/06,1253.3333333333333,1265.0,1253.3333333333333,1258.3333333333333,144300,-1.0,-1.0,-1.0
2025/08/07,1251.6666666666665,1260.0,1250.0,1255.0,115800,-1.0,-1.0,-1.0
2025/08/08,1255.0,1271.6666666666665,1255.0,1268.3333333333333,227100,-1.0,-1.0,-1.0
2025/08/12,1266.6666666666665,1278.3333333333333,1263.3333333333333,1278.3333333333333,239700,-1.0,-1.0,-1.0
2025/08/13,1283.3333333333333,1295.0,1276.6666666666665,1286.6666666666665,236700,-1.0,-1.0,-1.0
2025/08/14,1281.6666666666665,1288.3333333333333,1275.0,1276.6666666666665,203100,-1.0,-1.0,-1.0
2025/08/15,1276.6666666666665,1283.3333333333333,1273.3333333333333,1280.0,110400,-1.0,-1.0,-1.0
2025/08/18,1278.3333333333333,1281.6666666666665,1273.3333333333333,1275.0,153300,-1.0,-1.0,-1.0
2025/08/19,1275.0,1290.0,1275.0,1288.3333333333333,152100,-1.0,-1.0,-1.0
2025/08/20,1286.6666666666665,1293.3333333333333,1283.3333333333333,1290.0,151800,-1.0,-1.0,-1.0
2025/08/21,1295.0,1295.0,1280.0,1288.3333333333333,158700,-1.0,-1.0,-1.0
2025/08/22,1285.0,1298.3333333333333,1283.3333333333333,1298.3333333333333,133500,-1.0,-1.0,-1.0
2025/08/25,1305.0,1316.6666666666665,1305.0,1308.3333333333333,185400,-1.0,-1.0,-1.0
2025/08/26,1313.3333333333333,1313.3333333333333,1298.3333333333333,1301.6666666666665,132300,-1.0,-1.0,-1.0
2025/08/27,1301.6666666666665,1310.0,1296.6666666666665,1303.3333333333333,108900,-1.0,-1.0,-1.0
2025/08/28,1308.3333333333333,1320.0,1306.6666666666665,1316.6666666666665,141300,-1.0,-1.0,-1.0
2025/08/29,1316.6666666666665,1331.6666666666665,1315.0,1318.3333333333333,188400,-1.0,-1.0,-1.0
2025/09/01,1318.3333333333333,1320.0,1301.6666666666665,1313.3333333333333,200100,-1.0,-1.0,-1.0
2025/09/02,1321.6666666666665,1343.3333333333333,1318.3333333333333,1325.0,241500,-1.0,-1.0,-1.0
2025/09/03,1325.0,1340.0,1325.0,1333.3333333333333,133500,-1.0,-1.0,-1.0
2025/09/04,1333.3333333333333,1340.0,1330.0,1333.3333333333333,90300,-1.0,-1.0,-1.0
2025/09/05,1340.0,1353.3333333333333,1336.6666666666665,1351.6666666666665,165600,-1.0,-1.0,-1.0
2025/09/08,1363.3333333333333,1366.6666666666665,1351.6666666666665,1358.3333333333333,156600,-1.0,-1.0,-1.0
2025/09/09,1358.3333333333333,1360.0,1341.6666666666665,1343.3333333333333,211800,-1.0,-1.0,-1.0
2025/09/10,1345.0,1348.3333333333333,1336.6666666666665,1343.3333333333333,145800,-1.0,-1.0,-1.0
2025/09/11,1350.0,1351.6666666666665,1338.3333333333333,1345.0,103800,-1.0,-1.0,-1.0
2025/09/12,1350.0,1353.3333333333333,1343.3333333333333,1345.0,151500,-1.0,-1.0,-1.0
2025/09/16,1346.6666666666665,1368.3333333333333,1346.6666666666665,1368.3333333333333,173700,-1.0,-1.0,-1.0
2025/09/17,1360.0,1366.6666666666665,1343.3333333333333,1346.6666666666665,195300,-1.0,-1.0,-1.0
2025/09/18,1346.6666666666665,1353.3333333333333,1341.6666666666665,1351.6666666666665,88200,-1.0,-1.0,-1.0
2025/09/19,1356.6666666666665,1360.0,1341.6666666666665,1346.6666666666665,218400,-1.0,-1.0,-1.0
2025/09/22,1343.3333333333333,1366.6666666666665,1340.0,1365.0,290400,-1.0,-1.0,-1.0
2025/09/24,1360.0,1365.0,1350.0,1355.0,262500,-1.0,-1.0,-1.0
2025/09/25,1360.0,1363.3333333333333,1348.3333333333333,1348.3333333333333,234300,-1.0,-1.0,-1.0
2025/09/26,1350.0,1365.0,1346.6666666666665,1358.3333333333333,318300,-1.0,-1.0,-1.0
2025/09/29,1323.3333333333333,1328.3333333333333,1308.3333333333333,1310.0,312600,-1.0,-1.0,-1.0
2025/09/30,1308.3333333333333,1310.0,1285.0,1290.0,242400,-1.0,-1.0,-1.0
2025/10/01,1291.6666666666665,1291.6666666666665,1261.6666666666665,1263.3333333333333,194400,-1.0,-1.0,-1.0
2025/10/02,1266.6666666666665,1278.3333333333333,1260.0,1271.6666666666665,140700,-1.0,-1.0,-1.0
2025/10/03,1268.3333333333333,1281.6666666666665,1268.3333333333333,1271.6666666666665,119100,-1.0,-1.0,-1.0
2025/10/06,1310.0,1311.6666666666665,1293.3333333333333,1293.3333333333333,234600,-1.0,-1.0,-1.0
2025/10/07,1298.3333333333333,1313.3333333333333,1296.6666666666665,1310.0,171900,-1.0,-1.0,-1.0
2025/10/08,1300.0,1311.6666666666665,1273.3333333333333,1273.3333333333333,216600,-1.0,-1.0,-1.0
2025/10/09,1276.6666666666665,1285.0,1265.0,1265.0,167400,-1.0,-1.0,-1.0
2025/10/10,1263.3333333333333,1263.3333333333333,1245.0,1250.0,187800,-1.0,-1.0,-1.0
2025/10/14,1230.0,1253.3333333333333,1230.0,1243.3333333333333,201600,-1.0,-1.0,-1.0
2025/10/15,1251.6666666666665,1263.3333333333333,1250.0,1260.0,119100,-1.0,-1.0,-1.0
2025/10/16,1253.3333333333333,1263.3333333333333,1253.3333333333333,1258.3333333333333,94500,-1.0,-1.0,-1.0
2025/10/17,1263.3333333333333,1263.3333333333333,1250.0,1256.6666666666665,105300,-1.0,-1.0,-1.0
2025/10/20,1266.6666666666665,1278.3333333333333,1265.0,1278.3333333333333,131700,-1.0,-1.0,-1.0
2025/10/21,1278.3333333333333,1283.3333333333333,1270.0,1270.0,143700,-1.0,-1.0,-1.0
2025/10/22,1273.3333333333333,1276.6666666666665,1268.3333333333333,1268.3333333333333,216600,-1.0,-1.0,-1.0
2025/10/23,1268.3333333333333,1281.6666666666665,1265.0,1275.0,125400,-1.0,-1.0,-1.0
2025/10/24,1275.0,1280.0,1268.3333333333333,1273.3333333333333,132300,-1.0,-1.0,-1.0
2025/10/27,1283.3333333333333,1291.6666666666665,1275.0,1290.0,225600,-1.0,-1.0,-1.0
2025/10/28,1278.3333333333333,1286.6666666666665,1266.6666666666665,1266.6666666666665,229500,-1.0,-1.0,-1.0
2025/10/29,1265.0,1265.0,1245.0,1246.6666666666665,196500,-1.0,-1.0,-1.0
2025/10/30,1246.6666666666665,1250.0,1241.6666666666665,1245.0,554100,-1.0,-1.0,-1.0
2025/10/31,1265.0,1290.0,1261.6666666666665,1286.6666666666665,346200,-1.0,-1.0,-1.0
2025/11/04,1278.3333333333333,1293.3333333333333,1256.6666666666665,1258.3333333333333,225000,-1.0,-1.0,-1.0
2025/11/05,1250.0,1258.3333333333333,1226.6666666666665,1258.3333333333333,285900,-1.0,-1.0,-1.0
2025/11/06,1260.0,1273.3333333333333,1251.6666666666665,1266.6666666666665,148500,-1.0,-1.0,-1.0
2025/11/07,1258.3333333333333,1271.6666666666665,1255.0,1271.6666666666665,109800,-1.0,-1.0,-1.0
2025/11/10,1271.6666666666665,1281.6666666666665,1266.6666666666665,1281.6666666666665,168600,-1.0,-1.0,-1.0
2025/11/11,1283.3333333333333,1285.0,1270.0,1281.6666666666665,114300,-1.0,-1.0,-1.0
2025/11/12,1283.3333333333333,1293.3333333333333,1281.6666666666665,1288.3333333333333,171300,-1.0,-1.0,-1.0
2025/11/13,1288.3333333333333,1291.6666666666665,1280.0,1285.0,148500,-1.0,-1.0,-1.0
2025/11/14,1280.0,1285.0,1275.0,1280.0,71400,-1.0,-1.0,-1.0
2025/11/17,1280.0,1283.3333333333333,1266.6666666666665,1268.3333333333333,122400,-1.0,-1.0,-1.0
2025/11/18,1263.3333333333333,1265.0,1253.3333333333333,1253.3333333333333,138300,-1.0,-1.0,-1.0
2025/11/19,1261.6666666666665,1265.0,1246.6666666666665,1250.0,112800,-1.0,-1.0,-1.0
2025/11/20,1261.6666666666665,1273.3333333333333,1256.6666666666665,1270.0,135600,-1.0,-1.0,-1.0
2025/11/21,1256.6666666666665,1293.3333333333333,1256.6666666666665,1281.6666666666665,228300,-1.0,-1.0,-1.0
2025/11/25,1290.0,1291.6666666666665,1281.6666666666665,1283.3333333333333,114300,-1.0,-1.0,-1.0
2025/11/26,1291.6666666666665,1300.0,1283.3333333333333,1288.3333333333333,156300,-1.0,-1.0,-1.0
2025/11/27,1288.3333333333333,1293.3333333333333,1283.3333333333333,1286.6666666666665,148500,-1.0,-1.0,-1.0
2025/11/28,1296.6666666666665,1306.6666666666665,1293.3333333333333,1306.6666666666665,155400,-1.0,-1.0,-1.0
2025/12/01,1308.3333333333333,1308.3333333333333,1291.6666666666665,1293.3333333333333,130500,-1.0,-1.0,-1.0
2025/12/02,1290.0,1293.3333333333333,1271.6666666666665,1273.3333333333333,99600,-1.0,-1.0,-1.0
2025/12/03,1280.0,1290.0,1271.6666666666665,1280.0,226200,-1.0,-1.0,-1.0
2025/12/04,1276.6666666666665,1293.3333333333333,1276.6666666666665,1293.3333333333333,89100,-1.0,-1.0,-1.0
2025/12/05,1286.6666666666665,1291.6666666666665,1280.0,1291.6666666666665,89100,-1.0,-1.0,-1.0
2025/12/08,1291.6666666666665,1300.0,1283.3333333333333,1300.0,132900,-1.0,-1.0,-1.0
2025/12/09,1296.6666666666665,1306.6666666666665,1296.6666666666665,1301.6666666666665,150000,-1.0,-1.0,-1.0
2025/12/10,1306.6666666666665,1315.0,1300.0,1303.3333333333333,132900,-1.0,-1.0,-1.0
2025/12/11,1316.6666666666665,1316.6666666666665,1281.6666666666665,1285.0,187200,-1.0,-1.0,-1.0
2025/12/12,1296.6666666666665,1300.0,1286.6666666666665,1293.3333333333333,110100,-1.0,-1.0,-1.0
2025/12/15,1286.6666666666665,1300.0,1283.3333333333333,1300.0,130800,-1.0,-1.0,-1.0
2025/12/16,1300.0,1300.0,1283.3333333333333,1285.0,103500,-1.0,-1.0,-1.0
2025/12/17,1283.3333333333333,1283.3333333333333,1270.0,1275.0,125400,-1.0,-1.0,-1.0
2025/12/18,1271.6666666666665,1286.6666666666665,1271.6666666666665,1286.6666666666665,129600,-1.0,-1.0,-1.0
2025/12/19,1286.6666666666665,1293.3333333333333,1280.0,1288.3333333333333,191400,-1.0,-1.0,-1.0
2025/12/22,1288.3333333333333,1303.3333333333333,1285.0,1301.6666666666665,260100,-1.0,-1.0,-1.0
2025/12/23,1303.3333333333333,1310.0,1300.0,1308.3333333333333,149100,-1.0,-1.0,-1.0
2025/12/24,1301.6666666666665,1310.0,1298.3333333333333,1300.0,107400,-1.0,-1.0,-1.0
2025/12/25,1308.3333333333333,1310.0,1300.0,1305.0,135000,-1.0,-1.0,-1.0
2025/12/26,1308.3333333333333,1308.3333333333333,1298.3333333333333,1305.0,145800,-1.0,-1.0,-1.0
2025/12/29,1305.0,1321.6666666666665,1303.3333333333333,1318.3333333333333,160800,-1.0,-1.0,-1.0
2025/12/30,1321.6666666666665,1321.6666666666665,1305.0,1305.0,102300,-1.0,-1.0,-1.0
2026/01/05,1308.3333333333333,1315.0,1301.6666666666665,1313.3333333333333,147900,-1.0,-1.0,-1.0
2026/01/06,1315.0,1318.3333333333333,1306.6666666666665,1308.3333333333333,152100,-1.0,-1.0,-1.0
2026/01/07,1310.0,1316.6666666666665,1305.0,1306.6666666666665,191400,-1.0,-1.0,-1.0
2026/01/08,1306.6666666666665,1313.3333333333333,1295.0,1295.0,180600,-1.0,-1.0,-1.0
2026/01/09,1306.6666666666665,1320.0,1303.3333333333333,1315.0,205500,-1.0,-1.0,-1.0
2026/01/13,1321.6666666666665,1325.0,1310.0,1310.0,229500,-1.0,-1.0,-1.0
2026/01/14,1318.3333333333333,1331.6666666666665,1310.0,1325.0,203700,-1.0,-1.0,-1.0
2026/01/15,1325.0,1345.0,1325.0,1341.6666666666665,209100,-1.0,-1.0,-1.0
2026/01/16,1341.6666666666665,1361.6666666666665,1325.0,1333.3333333333333,259200,-1.0,-1.0,-1.0
2026/01/19,1333.3333333333333,1333.3333333333333,1306.6666666666665,1323.3333333333333,282300,-1.0,-1.0,-1.0
2026/01/20,1323.3333333333333,1326.6666666666665,1313.3333333333333,1313.3333333333333,200700,-1.0,-1.0,-1.0
2026/01/21,1308.3333333333333,1313.3333333333333,1298.3333333333333,1313.3333333333333,187500,-1.0,-1.0,-1.0
2026/01/22,1323.3333333333333,1361.6666666666665,1318.3333333333333,1360.0,292200,-1.0,-1.0,-1.0
2026/01/23,1358.3333333333333,1358.3333333333333,1335.0,1336.6666666666665,169800,-1.0,-1.0,-1.0
2026/01/26,1323.3333333333333,1323.3333333333333,1298.3333333333333,1305.0,316800,-1.0,-1.0,-1.0
2026/01/27,1305.0,1315.0,1296.6666666666665,1311.6666666666665,146100,-1.0,-1.0,-1.0
2026/01/28,1313.3333333333333,1323.3333333333333,1306.6666666666665,1311.6666666666665,213300,-1.0,-1.0,-1.0
2026/01/29,1306.6666666666665,1321.6666666666665,1300.0,1313.3333333333333,250200,-1.0,-1.0,-1.0
2026/01/30,1360.0,1386.6666666666665,1341.6666666666665,1383.3333333333333,638700,-1.0,-1.0,-1.0
2026/02/02,1395.0,1423.3333333333333,1388.3333333333333,1388.3333333333333,402000,-1.0,-1.0,-1.0
2026/02/03,1400.0,1408.3333333333333,1393.3333333333333,1401.6666666666665,229500,-1.0,-1.0,-1.0
2026/02/04,1398.3333333333333,1426.6666666666665,1398.3333333333333,1425.0,249300,-1.0,-1.0,-1.0
2026/02/05,1425.0,1428.3333333333333,1406.6666666666665,1421.6666666666665,163800,-1.0,-1.0,-1.0
2026/02/06,1421.6666666666665,1431.6666666666665,1416.6666666666665,1430.0,237000,-1.0,-1.0,-1.0
2026/02/09,1433.3333333333333,1436.6666666666665,1413.3333333333333,1420.0,356400,-1.0,-1.0,-1.0
2026/02/10,1420.0,1453.3333333333333,1418.3333333333333,1453.3333333333333,376500,-1.0,-1.0,-1.0
2026/02/12,1455.0,1481.6666666666665,1455.0,1473.3333333333333,329400,-1.0,-1.0,-1.0
2026/02/13,1473.3333333333333,1478.3333333333333,1441.6666666666665,1445.0,262800,-1.0,-1.0,-1.0
2026/02/16,1456.6666666666665,1473.3333333333333,1451.6666666666665,1470.0,185100,-1.0,-1.0,-1.0
2026/02/17,1470.0,1475.0,1451.6666666666665,1453.3333333333333,141300,-1.0,-1.0,-1.0
2026/02/18,1455.0,1463.3333333333333,1446.6666666666665,1456.6666666666665,130200,-1.0,-1.0,-1.0
2026/02/19,1458.3333333333333,1463.3333333333333,1451.6666666666665,1460.0,142500,-1.0,-1.0,-1.0
2026/02/20,1448.3333333333333,1456.6666666666665,1435.0,1440.0,168300,-1.0,-1.0,-1.0
2026/02/24,1441.6666666666665,1481.6666666666665,1441.6666666666665,1480.0,265500,-1.0,-1.0,-1.0
2026/02/25,1480.0,1483.3333333333333,1461.6666666666665,1461.6666666666665,190800,-1.0,-1.0,-1.0
2026/02/26,1480.0,1480.0,1460.0,1466.6666666666665,187200,-1.0,-1.0,-1.0
2026/02/27,1466.6666666666665,1478.3333333333333,1458.3333333333333,1478.3333333333333,165000,-1.0,-1.0,-1.0
2026/03/02,1458.3333333333333,1475.0,1433.3333333333333,1466.6666666666665,278100,-1.0,-1.0,-1.0
2026/03/02,1458.3333333333333,1475.0,1433.3333333333333,1466.6666666666665,278100,-1.0,-1.0,-1.0
2026/03/02,1458.3333333333333,1475.0,1433.3333333333333,1466.6666666666665,278100,-1.0,-1.0,-1.0
2026/03/02,1458.3333333333333,1475.0,1433.3333333333333,1466.6666666666665,278100,-1.0,-1.0,-1.0
2026/03/03,1466.6666666666665,1466.6666666666665,1420.0,1420.0,299400,-1.0,-1.0,-1.0
2026/03/04,1390.0,1410.0,1355.0,1370.0,318300,-1.0,-1.0,-1.0
2026/03/05,1410.0,1431.6666666666665,1403.3333333333333,1415.0,168900,-1.0,-1.0,-1.0
2026/03/06,1400.0,1415.0,1390.0,1408.3333333333333,143100,-1.0,-1.0,-1.0
2026/03/09,1366.6666666666665,1391.6666666666665,1356.6666666666665,1391.6666666666665,336900,-1.0,-1.0,-1.0
2026/03/10,1420.0,1433.3333333333333,1411.6666666666665,1426.6666666666665,230700,-1.0,-1.0,-1.0
2026/03/11,1433.3333333333333,1458.3333333333333,1433.3333333333333,1433.3333333333333,238800,-1.0,-1.0,-1.0
2026/03/12,1436.6666666666665,1438.3333333333333,1396.6666666666665,1401.6666666666665,200100,-1.0,-1.0,-1.0
2026/03/13,1403.3333333333333,1403.3333333333333,1388.3333333333333,1396.6666666666665,141300,-1.0,-1.0,-1.0
2026/03/16,1383.3333333333333,1396.6666666666665,1375.0,1380.0,164400,-1.0,-1.0,-1.0
2026/03/17,1400.0,1400.0,1378.3333333333333,1380.0,121200,-1.0,-1.0,-1.0
2026/03/18,1400.0,1413.3333333333333,1393.3333333333333,1413.3333333333333,130500,-1.0,-1.0,-1.0
2026/03/19,1403.3333333333333,1415.0,1390.0,1390.0,169200,-1.0,-1.0,-1.0
2026/03/23,1373.3333333333333,1381.6666666666665,1358.3333333333333,1373.3333333333333,233400,-1.0,-1.0,-1.0
2026/03/24,1411.6666666666665,1411.6666666666665,1396.6666666666665,1401.6666666666665,135300,-1.0,-1.0,-1.0
2026/03/25,1425.0,1440.0,1425.0,1435.0,175500,-1.0,-1.0,-1.0
2026/03/26,1445.0,1448.3333333333333,1415.0,1430.0,158400,-1.0,-1.0,-1.0
2026/03/27,1428.3333333333333,1443.3333333333333,1426.6666666666665,1440.0,269100,-1.0,-1.0,-1.0
2026/03/30,1365.0,1396.6666666666665,1360.0,1391.6666666666665,232500,-1.0,-1.0,-1.0
2026/03/31,1385.0,1398.3333333333333,1376.6666666666665,1390.0,207000,-1.0,-1.0,-1.0
2026/04/01,1400.0,1430.0,1396.6666666666665,1430.0,188100,-1.0,-1.0,-1.0
2026/04/02,1430.0,1431.6666666666665,1395.0,1398.3333333333333,127500,-1.0,-1.0,-1.0
2026/04/03,1416.6666666666665,1421.6666666666665,1405.0,1410.0,115500,-1.0,-1.0,-1.0
2026/04/06,1408.3333333333333,1413.3333333333333,1400.0,1405.0,120000,-1.0,-1.0,-1.0
2026/04/07,1420.0,1428.3333333333333,1410.0,1423.3333333333333,122100,-1.0,-1.0,-1.0
2026/04/08,1443.3333333333333,1451.6666666666665,1435.0,1450.0,229200,-1.0,-1.0,-1.0
2026/04/09,1450.0,1456.6666666666665,1438.3333333333333,1438.3333333333333,164100,-1.0,-1.0,-1.0
2026/04/10,1443.3333333333333,1450.0,1423.3333333333333,1426.6666666666665,141000,-1.0,-1.0,-1.0
2026/04/13,1440.0,1463.3333333333333,1438.3333333333333,1456.6666666666665,336600,-1.0,-1.0,-1.0
2026/04/14,1463.3333333333333,1465.0,1428.3333333333333,1428.3333333333333,138900,-1.0,-1.0,-1.0
2026/04/15,1441.6666666666665,1448.3333333333333,1433.3333333333333,1446.6666666666665,133500,-1.0,-1.0,-1.0
2026/04/16,1441.6666666666665,1455.0,1430.0,1430.0,110400,-1.0,-1.0,-1.0
2026/04/17,1430.0,1441.6666666666665,1411.6666666666665,1411.6666666666665,122400,-1.0,-1.0,-1.0
2026/04/20,1430.0,1430.0,1410.0,1411.6666666666665,61200,-1.0,-1.0,-1.0
2026/04/21,1411.6666666666665,1416.6666666666665,1395.0,1398.3333333333333,133800,-1.0,-1.0,-1.0
2026/04/22,1408.3333333333333,1408.3333333333333,1368.3333333333333,1373.3333333333333,157500,-1.0,-1.0,-1.0
2026/04/23,1370.0,1373.3333333333333,1350.0,1356.6666666666665,167700,-1.0,-1.0,-1.0
2026/04/24,1356.6666666666665,1383.3333333333333,1356.6666666666665,1381.6666666666665,140700,-1.0,-1.0,-1.0
2026/04/27,1395.0,1398.3333333333333,1381.6666666666665,1390.0,159300,-1.0,-1.0,-1.0
2026/04/28,1388.3333333333333,1390.0,1376.6666666666665,1381.6666666666665,119700,-1.0,-1.0,-1.0
2026/04/30,1381.6666666666665,1395.0,1373.3333333333333,1388.3333333333333,202500,-1.0,-1.0,-1.0
2026/05/01,1388.3333333333333,1391.6666666666665,1371.6666666666665,1388.3333333333333,122100,-1.0,-1.0,-1.0
2026/05/07,1391.6666666666665,1416.6666666666665,1386.6666666666665,1395.0,157800,-1.0,-1.0,-1.0
2026/05/08,1395.0,1401.6666666666665,1380.0,1401.6666666666665,188400,-1.0,-1.0,-1.0
2026/05/11,1403.3333333333333,1443.3333333333333,1395.0,1428.3333333333333,255900,-1.0,-1.0,-1.0
2026/05/12,1443.3333333333333,1463.3333333333333,1425.0,1433.3333333333333,340800,-1.0,-1.0,-1.0
2026/05/13,1500.0,1561.6666666666665,1491.6666666666665,1551.6666666666665,1455600,-1.0,-1.0,-1.0
2026/05/14,1551.6666666666665,1551.6666666666665,1513.3333333333333,1513.3333333333333,447300,-1.0,-1.0,-1.0
2026/05/15,1530.0,1553.3333333333333,1506.6666666666665,1523.3333333333333,315000,-1.0,-1.0,-1.0
2026/05/18,1523.3333333333333,1523.3333333333333,1493.3333333333333,1506.6666666666665,194400,-1.0,-1.0,-1.0
2026/05/19,1508.3333333333333,1511.6666666666665,1490.0,1501.6666666666665,174900,-1.0,-1.0,-1.0
2026/05/20,1493.3333333333333,1493.3333333333333,1451.6666666666665,1473.3333333333333,206100,-1.0,-1.0,-1.0
2026/05/21,1496.6666666666665,1506.6666666666665,1476.6666666666665,1503.3333333333333,189900,-1.0,-1.0,-1.0
2026/05/22,1503.3333333333333,1530.0,1495.0,1511.6666666666665,182700,-1.0,-1.0,-1.0
2026/05/25,1533.3333333333333,1538.3333333333333,1463.3333333333333,1476.6666666666665,262800,-1.0,-1.0,-1.0
2026/05/26,1500.0,1535.0,1481.6666666666665,1518.3333333333333,356100,-1.0,-1.0,-1.0
2026/05/27,1518.3333333333333,1531.6666666666665,1480.0,1480.0,239700,-1.0,-1.0,-1.0
2026/05/28,1476.6666666666665,1496.6666666666665,1466.6666666666665,1490.0,183300,-1.0,-1.0,-1.0
2026/05/29,1500.0,1536.6666666666665,1490.0,1515.0,434700,-1.0,-1.0,-1.0
2026/06/01,1500.0,1515.0,1478.3333333333333,1508.3333333333333,309600,-1.0,-1.0,-1.0
2026/06/02,1485.0,1506.6666666666665,1468.3333333333333,1491.6666666666665,351900,-1.0,-1.0,-1.0
2026/06/03,1508.3333333333333,1560.0,1501.6666666666665,1538.3333333333333,403200,-1.0,-1.0,-1.0
2026/06/04,1516.6666666666665,1533.3333333333333,1486.6666666666665,1493.3333333333333,373500,-1.0,-1.0,-1.0
2026/06/05,1493.3333333333333,1530.0,1493.3333333333333,1525.0,236100,-1.0,-1.0,-1.0
2026/06/08,1490.0,1515.0,1481.6666666666665,1495.0,246000,-1.0,-1.0,-1.0
2026/06/09,1511.6666666666665,1515.0,1495.0,1510.0,211500,-1.0,-1.0,-1.0
2026/06/10,1493.3333333333333,1501.6666666666665,1473.3333333333333,1491.6666666666665,259500,-1.0,-1.0,-1.0
2026/06/11,1480.0,1486.6666666666665,1458.3333333333333,1475.0,301800,-1.0,-1.0,-1.0
2026/06/12,1493.3333333333333,1508.3333333333333,1486.6666666666665,1491.6666666666665,193500,-1.0,-1.0,-1.0
2026/06/15,1495.0,1520.0,1495.0,1508.3333333333333,159900,-1.0,-1.0,-1.0
2026/06/16,1521.6666666666665,1521.6666666666665,1481.6666666666665,1496.6666666666665,132600,-1.0,-1.0,-1.0
2026/06/17,1480.0,1508.3333333333333,1480.0,1500.0,138000,-1.0,-1.0,-1.0
2026/06/18,1505.0,1528.3333333333333,1503.3333333333333,1506.6666666666665,167400,-1.0,-1.0,-1.0
2026/06/19,1520.0,1533.3333333333333,1503.3333333333333,1510.0,211500,-1.0,-1.0,-1.0
2026/06/22,1506.6666666666665,1548.3333333333333,1506.6666666666665,1546.6666666666665,249300,-1.0,-1.0,-1.0
2026/06/23,1550.0,1555.0,1511.6666666666665,1516.6666666666665,277500,-1.0,-1.0,-1.0
2026/06/24,1506.6666666666665,1520.0,1501.6666666666665,1505.0,151800,-1.0,-1.0,-1.0
2026/06/25,1528.3333333333333,1528.3333333333333,1510.0,1513.3333333333333,123300,-1.0,-1.0,-1.0
2026/06/26,1513.3333333333333,1530.0,1501.6666666666665,1516.6666666666665,197700,-1.0,-1.0,-1.0
2026/06/29,1525.0,1525.0,1485.0,1516.6666666666665,233700,-1.0,-1.0,-1.0
2026/06/30,1516.6666666666665,1521.6666666666665,1500.0,1518.3333333333333,191700,-1.0,-1.0,-1.0
2026/07/01,1526.6666666666665,1570.0,1526.6666666666665,1545.0,317100,-1.0,-1.0,-1.0
2026/07/02,1546.6666666666665,1563.3333333333333,1538.3333333333333,1550.0,148200,-1.0,-1.0,-1.0
2026/07/03,1536.6666666666665,1548.3333333333333,1531.6666666666665,1545.0,145200,-1.0,-1.0,-1.0
2026/07/06,1566.6666666666665,1566.6666666666665,1536.6666666666665,1545.0,174300,-1.0,-1.0,-1.0
2026/07/07,1571.6666666666665,1575.0,1536.6666666666665,1540.0,217800,-1.0,-1.0,-1.0
2026/07/08,1525.0,1543.3333333333333,1515.0,1515.0,200400,-1.0,-1.0,-1.0
2026/07/09,1516.6666666666665,1525.0,1503.3333333333333,1513.3333333333333,135600,-1.0,-1.0,-1.0
2026/07/10,1516.6666666666665,1540.0,1516.6666666666665,1530.0,222000,-1.0,-1.0,-1.0
2026/07/13,1533.3333333333333,1540.0,1491.6666666666665,1500.0,186900,-1.0,-1.0,-1.0
2026/07/14,1493.3333333333333,1511.6666666666665,1491.6666666666665,1505.0,149400,-1.0,-1.0,-1.0
2026/07/15,1511.6666666666665,1525.0,1510.0,1525.0,123600,-1.0,-1.0,-1.0
2026/07/16,1523.3333333333333,1523.3333333333333,1505.0,1505.0,135600,-1.0,-1.0,-1.0
2026/07/17,1491.6666666666665,1501.6666666666665,1451.6666666666665,1466.6666666666665,255300,-1.0,-1.0,-1.0
2026/07/21,1478.3333333333333,1506.6666666666665,1471.6666666666665,1496.6666666666665,251100,-1.0,-1.0,-1.0
2026/07/22,1506.6666666666665,1521.6666666666665,1493.3333333333333,1518.3333333333333,147600,-1.0,-1.0,-1.0
2026/07/23,1513.3333333333333,1526.6666666666665,1513.3333333333333,1516.6666666666665,141300,-1.0,-1.0,-1.0
2026/07/24,1511.6666666666665,1530.0,1505.0,1530.0,269700,-1.0,-1.0,-1.0
2026/07/27,1530.0,1561.6666666666665,1518.3333333333333,1558.3333333333333,267300,-1.0,-1.0,-1.0
2026/07/28,1516.6666666666665,1545.0,1503.3333333333333,1523.3333333333333,282600,-1.0,-1.0,-1.0
2026/07/29,1545.0,1606.6666666666665,1481.6666666666665,1588.3333333333333,775500,-1.0,-1.0,-1.0
2026/07/30,1616.6666666666665,1665.0,1576.6666666666665,1656.6666666666665,903900,-1.0,-1.0,-1.0
2026/07/31,1673.3333333333333,1683.3333333333333,1646.6666666666665,1646.6666666666665,536400,-1.0,-1.0,-1.0
2026/08/03,1646.6666666666665,1696.6666666666665,1633.3333333333333,1676.6666666666665,528300,-1.0,-1.0,-1.0
2026/08/04,1666.6666666666665,1726.6666666666665,1663.3333333333333,1716.6666666666665,391800,-1.0,-1.0,-1.0
2026/08/05,1743.3333333333333,1776.6666666666665,1743.3333333333333,1766.6666666666665,405000,-1.0,-1.0,-1.0
2026/08/06,1766.6666666666665,1806.6666666666665,1760.0,1800.0,282900,-1.0,-1.0,-1.0
2026/08/07,1796.6666666666665,1796.6666666666665,1750.0,1786.6666666666665,330300,-1.0,-1.0,-1.0
2026/08/10,1810.0,1810.0,1756.6666666666665,1766.6666666666665,320100,-1.0,-1.0,-1.0
2026/08/12,1766.6666666666665,1770.0,1730.0,1766.6666666666665,472800,-1.0,-1.0,-1.0
2026/08/13,1700.0,1743.3333333333333,1673.3333333333333,1733.3333333333333,717000,-1.0,-1.0,-1.0
2026/08/14,1733.3333333333333,1773.3333333333333,1733.3333333333333,1760.0,255300,-1.0,-1.0,-1.0
2026/08/17,1756.6666666666665,1766.6666666666665,1716.6666666666665,1720.0,258600,-1.0,-1.0,-1.0
2026/08/18,1726.6666666666665,1743.3333333333333,1720.0,1730.0,202200,-1.0,-1.0,-1.0
2026/08/19,1703.3333333333333,1706.6666666666665,1676.6666666666665,1686.6666666666665,349800,-1.0,-1.0,-1.0
2026/08/20,1683.3333333333333,1690.0,1661.6666666666665,1683.3333333333333,315000,-1.0,-1.0,-1.0
2026/08/21,1676.6666666666665,1740.0,1673.3333333333333,1740.0,294300,-1.0,-1.0,-1.0
2026/08/24,1736.6666666666665,1776.6666666666665,1733.3333333333333,1763.3333333333333,264900,-1.0,-1.0,-1.0
2026/08/25,1760.0,1783.3333333333333,1740.0,1763.3333333333333,243000,-1.0,-1.0,-1.0
2026/08/26,1793.3333333333333,1796.6666666666665,1743.3333333333333,1746.6666666666665,224100,-1.0,-1.0,-1.0
2026/08/27,1750.0,1776.6666666666665,1750.0,1763.3333333333333,192600,-1.0,-1.0,-1.0
2026/08/28,1756.6666666666665,1776.6666666666665,1753.3333333333333,1756.6666666666665,197100,-1.0,-1.0,-1.0
2026/08/31,1756.6666666666665,1780.0,1746.6666666666665,1766.6666666666665,273000,-1.0,-1.0,-1.0
2026/09/01,1763.3333333333333,1813.3333333333333,1760.0,1813.3333333333333,311100,-1.0,-1.0,-1.0
2026/09/02,1783.3333333333333,1800.0,1773.3333333333333,1776.6666666666665,216600,-1.0,-1.0,-1.0
2026/09/03,1776.6666666666665,1780.0,1756.6666666666665,1770.0,213900,-1.0,-1.0,-1.0
2026/09/04,1763.3333333333333,1766.6666666666665,1743.3333333333333,1760.0,185700,-1.0,-1.0,-1.0
2026/09/07,1766.6666666666665,1790.0,1753.3333333333333,1753.3333333333333,208500,-1.0,-1.0,-1.0
2026/09/08,1753.3333333333333,1753.3333333333333,1726.6666666666665,1730.0,212400,-1.0,-1.0,-1.0
2026/09/09,1726.6666666666665,1753.3333333333333,1713.3333333333333,1743.3333333333333,181200,-1.0,-1.0,-1.0
2026/09/10,1740.0,1753.3333333333333,1726.6666666666665,1750.0,198000,-1.0,-1.0,-1.0
2026/09/11,1716.6666666666665,1816.6666666666665,1713.3333333333333,1803.3333333333333,464400,-1.0,-1.0,-1.0
2026/09/14,1800.0,1816.6666666666665,1783.3333333333333,1806.6666666666665,239700,-1.0,-1.0,-1.0
2026/09/15,1796.6666666666665,1853.3333333333333,1796.6666666666665,1833.3333333333333,406200,-1.0,-1.0,-1.0
2026/09/16,1846.6666666666665,1850.0,1823.3333333333333,1833.3333333333333,178500,-1.0,-1.0,-1.0
2026/09/17,1833.3333333333333,1850.0,1826.6666666666665,1846.6666666666665,182400,-1.0,-1.0,-1.0
2026/09/18,1850.0,1853.3333333333333,1813.3333333333333,1823.3333333333333,282600,-1.0,-1.0,-1.0
2026/09/24,1846.6666666666665,1873.3333333333333,1826.6666666666665,1870.0,396600,-1.0,-1.0,-1.0
2026/09/25,1883.3333333333333,1913.3333333333333,1880.0,1900.0,461700,-1.0,-1.0,-1.0
2026/09/28,5720.0,5750.0,5590.0,5590.0,117700,-1.0,-1.0,-1.0
2026/09/29,1800.0,1845.0,1799.0,1829.0,377100,-1.0,-1.0,-1.0
2026/09/30,1830.0,1933.0,1828.0,1917.0,542400,-1.0,-1.0,-1.0
2026/10/01,1899.0,1909.0,1861.0,1904.0,492800,-1.0,-1.0,-1.0
