date,open,high,low,close,volume,rs_nikkei,rs_topix,rs
2014/03/26,734.0,739.0,719.0,724.0,5972000,-1.0,-1.0,-1.0
2014/03/27,721.0,733.0,713.0,731.0,6128000,-1.0,-1.0,-1.0
2014/03/28,721.0,735.0,717.0,733.0,3854000,-1.0,-1.0,-1.0
2014/03/31,748.0,748.0,727.0,739.0,4788000,-1.0,-1.0,-1.0
2014/04/01,742.0,742.0,727.0,731.0,3674000,-1.0,-1.0,-1.0
2014/04/02,734.0,743.0,732.0,735.0,3576000,-1.0,-1.0,-1.0
2014/04/03,740.0,746.0,733.0,740.0,3758000,-1.0,-1.0,-1.0
2014/04/04,735.0,739.0,733.0,737.0,2232000,-1.0,-1.0,-1.0
2014/04/07,722.0,729.0,719.0,721.0,2996000,-1.0,-1.0,-1.0
2014/04/08,721.0,721.0,710.0,710.0,3618000,-1.0,-1.0,-1.0
2014/04/09,702.0,704.0,694.0,701.0,5652000,-1.0,-1.0,-1.0
2014/04/10,707.0,711.0,691.0,693.0,4022000,-1.0,-1.0,-1.0
2014/04/11,683.0,694.0,682.0,688.0,5652000,-1.0,-1.0,-1.0
2014/04/14,688.0,692.0,683.0,683.0,3316000,-1.0,-1.0,-1.0
2014/04/15,693.0,693.0,685.0,688.0,2372000,-1.0,-1.0,-1.0
2014/04/16,695.0,706.0,695.0,706.0,3072000,-1.0,-1.0,-1.0
2014/04/17,702.0,713.0,702.0,709.0,2436000,-1.0,-1.0,-1.0
2014/04/18,716.0,716.0,707.0,711.0,1440000,-1.0,-1.0,-1.0
2014/04/21,712.0,716.0,711.0,713.0,2176000,-1.0,-1.0,-1.0
2014/04/22,718.0,722.0,710.0,710.0,2622000,-1.0,-1.0,-1.0
2014/04/23,714.0,719.0,711.0,715.0,2178000,-1.0,-1.0,-1.0
2014/04/24,713.0,716.0,704.0,707.0,1680000,-1.0,-1.0,-1.0
2014/04/25,704.0,716.0,703.0,710.0,2190000,-1.0,-1.0,-1.0
2014/04/28,702.0,706.0,697.0,704.0,1594000,-1.0,-1.0,-1.0
2014/04/30,715.0,715.0,702.0,703.0,3380000,-1.0,-1.0,-1.0
2014/05/01,705.0,719.0,704.0,717.0,2362000,-1.0,-1.0,-1.0
2014/05/02,719.0,719.0,706.0,707.0,1894000,-1.0,-1.0,-1.0
2014/05/07,697.0,699.0,683.0,691.0,5780000,-1.0,-1.0,-1.0
2014/05/08,691.0,702.0,691.0,697.0,2274000,-1.0,-1.0,-1.0
2014/05/09,719.0,725.0,712.0,724.0,3694000,-1.0,-1.0,-1.0
2014/05/12,718.0,720.0,713.0,716.0,3560000,-1.0,-1.0,-1.0
2014/05/13,729.0,735.0,725.0,730.0,3358000,-1.0,-1.0,-1.0
2014/05/14,737.0,746.0,732.0,739.0,4198000,-1.0,-1.0,-1.0
2014/05/15,740.0,740.0,727.0,736.0,5192000,-1.0,-1.0,-1.0
2014/05/16,723.0,723.0,715.0,721.0,2646000,-1.0,-1.0,-1.0
2014/05/19,725.0,725.0,716.0,721.0,2868000,-1.0,-1.0,-1.0
2014/05/20,727.0,732.0,718.0,730.0,3088000,-1.0,-1.0,-1.0
2014/05/21,724.0,729.0,722.0,727.0,2150000,-1.0,-1.0,-1.0
2014/05/22,733.0,736.0,722.0,735.0,3084000,-1.0,-1.0,-1.0
2014/05/23,736.0,747.0,736.0,743.0,2590000,-1.0,-1.0,-1.0
2014/05/26,748.0,750.0,743.0,748.0,2320000,-1.0,-1.0,-1.0
2014/05/27,748.0,759.0,745.0,746.0,2574000,-1.0,-1.0,-1.0
2014/05/28,744.0,749.0,743.0,746.0,2454000,-1.0,-1.0,-1.0
2014/05/29,737.0,740.0,732.0,739.0,2436000,-1.0,-1.0,-1.0
2014/05/30,740.0,758.0,739.0,754.0,4494000,-1.0,-1.0,-1.0
2014/06/02,761.0,771.0,760.0,770.0,4180000,-1.0,-1.0,-1.0
2014/06/03,778.0,778.0,768.0,771.0,3056000,-1.0,-1.0,-1.0
2014/06/04,771.0,772.0,762.0,767.0,2798000,-1.0,-1.0,-1.0
2014/06/05,773.0,774.0,765.0,770.0,2170000,-1.0,-1.0,-1.0
2014/06/06,770.0,776.0,767.0,773.0,3206000,-1.0,-1.0,-1.0
2014/06/09,780.0,784.0,778.0,780.0,2574000,-1.0,-1.0,-1.0
2014/06/10,777.0,783.0,772.0,773.0,2148000,-1.0,-1.0,-1.0
2014/06/11,771.0,779.0,771.0,776.0,2236000,-1.0,-1.0,-1.0
2014/06/12,770.0,772.0,764.0,769.0,2062000,-1.0,-1.0,-1.0
2014/06/13,758.0,773.0,757.0,771.0,5356000,-1.0,-1.0,-1.0
2014/06/16,766.0,768.0,760.0,763.0,2864000,-1.0,-1.0,-1.0
2014/06/17,768.0,776.0,765.0,766.0,2742000,-1.0,-1.0,-1.0
2014/06/18,768.0,788.0,768.0,786.0,3376000,-1.0,-1.0,-1.0
2014/06/19,787.0,800.0,784.0,798.0,3104000,-1.0,-1.0,-1.0
2014/06/20,797.0,799.0,791.0,794.0,3190000,-1.0,-1.0,-1.0
2014/06/23,800.0,800.0,790.0,793.0,1872000,-1.0,-1.0,-1.0
2014/06/24,787.0,797.0,785.0,795.0,2004000,-1.0,-1.0,-1.0
2014/06/25,789.0,794.0,788.0,789.0,1288000,-1.0,-1.0,-1.0
2014/06/26,790.0,791.0,786.0,789.0,1344000,-1.0,-1.0,-1.0
2014/06/27,787.0,788.0,771.0,775.0,2404000,-1.0,-1.0,-1.0
2014/06/30,778.0,784.0,769.0,784.0,2496000,-1.0,-1.0,-1.0
2014/07/01,780.0,796.0,780.0,793.0,2804000,-1.0,-1.0,-1.0
2014/07/02,793.0,798.0,790.0,792.0,2134000,-1.0,-1.0,-1.0
2014/07/03,795.0,796.0,786.0,788.0,1854000,-1.0,-1.0,-1.0
2014/07/04,798.0,798.0,784.0,788.0,1944000,-1.0,-1.0,-1.0
2014/07/07,789.0,794.0,787.0,788.0,1932000,-1.0,-1.0,-1.0
2014/07/08,788.0,790.0,778.0,789.0,1956000,-1.0,-1.0,-1.0
2014/07/09,785.0,791.0,784.0,791.0,2008000,-1.0,-1.0,-1.0
2014/07/10,789.0,789.0,780.0,783.0,2526000,-1.0,-1.0,-1.0
2014/07/11,780.0,787.0,778.0,786.0,3538000,-1.0,-1.0,-1.0
2014/07/14,785.0,789.0,779.0,789.0,2600000,-1.0,-1.0,-1.0
2014/07/15,796.0,804.0,795.0,800.0,4056000,-1.0,-1.0,-1.0
2014/07/16,794.0,800.0,792.0,795.0,2250000,-1.0,-1.0,-1.0
2014/07/17,799.0,802.0,792.0,794.0,2702000,-1.0,-1.0,-1.0
2014/07/18,783.0,786.0,776.0,783.0,2222000,-1.0,-1.0,-1.0
2014/07/22,789.0,794.0,787.0,790.0,1574000,-1.0,-1.0,-1.0
2014/07/23,789.0,791.0,785.0,788.0,1376000,-1.0,-1.0,-1.0
2014/07/24,788.0,790.0,781.0,784.0,1450000,-1.0,-1.0,-1.0
2014/07/25,792.0,798.0,790.0,798.0,2330000,-1.0,-1.0,-1.0
2014/07/28,797.0,802.0,796.0,799.0,1168000,-1.0,-1.0,-1.0
2014/07/29,803.0,803.0,796.0,801.0,1610000,-1.0,-1.0,-1.0
2014/07/30,798.0,802.0,794.0,802.0,2466000,-1.0,-1.0,-1.0
2014/07/31,802.0,802.0,790.0,793.0,3246000,-1.0,-1.0,-1.0
2014/08/01,781.0,782.0,778.0,779.0,3686000,-1.0,-1.0,-1.0
2014/08/04,779.0,783.0,773.0,780.0,2292000,-1.0,-1.0,-1.0
2014/08/05,783.0,784.0,772.0,773.0,2584000,-1.0,-1.0,-1.0
2014/08/06,759.0,770.0,756.0,757.0,2520000,-1.0,-1.0,-1.0
2014/08/07,750.0,758.0,746.0,757.0,2738000,-1.0,-1.0,-1.0
2014/08/08,752.0,761.0,744.0,746.0,4148000,-1.0,-1.0,-1.0
2014/08/11,761.0,767.0,755.0,766.0,2258000,-1.0,-1.0,-1.0
2014/08/12,768.0,771.0,762.0,765.0,1816000,-1.0,-1.0,-1.0
2014/08/13,760.0,768.0,760.0,766.0,1670000,-1.0,-1.0,-1.0
2014/08/14,772.0,779.0,771.0,778.0,1774000,-1.0,-1.0,-1.0
2014/08/15,775.0,775.0,768.0,772.0,1760000,-1.0,-1.0,-1.0
2014/08/18,771.0,772.0,768.0,771.0,1452000,-1.0,-1.0,-1.0
2014/08/19,782.0,783.0,774.0,778.0,1916000,-1.0,-1.0,-1.0
2014/08/20,777.0,781.0,773.0,775.0,1462000,-1.0,-1.0,-1.0
2014/08/21,776.0,782.0,774.0,776.0,1764000,-1.0,-1.0,-1.0
2014/08/22,775.0,779.0,769.0,771.0,1390000,-1.0,-1.0,-1.0
2014/08/25,771.0,774.0,771.0,772.0,1696000,-1.0,-1.0,-1.0
2014/08/26,774.0,776.0,765.0,765.0,1602000,-1.0,-1.0,-1.0
2014/08/27,767.0,771.0,760.0,763.0,2764000,-1.0,-1.0,-1.0
2014/08/28,760.0,762.0,751.0,760.0,2760000,-1.0,-1.0,-1.0
2014/08/29,760.0,769.0,760.0,764.0,4618000,-1.0,-1.0,-1.0
2014/09/01,765.0,766.0,755.0,760.0,2650000,-1.0,-1.0,-1.0
2014/09/02,766.0,792.0,764.0,791.0,6124000,-1.0,-1.0,-1.0
2014/09/03,796.0,799.0,779.0,781.0,5266000,-1.0,-1.0,-1.0
2014/09/04,782.0,787.0,776.0,777.0,2904000,-1.0,-1.0,-1.0
2014/09/05,782.0,787.0,769.0,771.0,3288000,-1.0,-1.0,-1.0
2014/09/08,769.0,771.0,764.0,766.0,2758000,-1.0,-1.0,-1.0
2014/09/09,770.0,770.0,757.0,760.0,3034000,-1.0,-1.0,-1.0
2014/09/10,754.0,762.0,754.0,762.0,3496000,-1.0,-1.0,-1.0
2014/09/11,783.0,783.0,767.0,773.0,7436000,-1.0,-1.0,-1.0
2014/09/12,771.0,772.0,764.0,768.0,7726000,-1.0,-1.0,-1.0
2014/09/16,762.0,763.0,756.0,759.0,4832000,-1.0,-1.0,-1.0
2014/09/17,762.0,763.0,757.0,759.0,2732000,-1.0,-1.0,-1.0
2014/09/18,767.0,771.0,762.0,767.0,4018000,-1.0,-1.0,-1.0
2014/09/19,768.0,773.0,765.0,771.0,4976000,-1.0,-1.0,-1.0
2014/09/22,770.0,777.0,766.0,770.0,4130000,-1.0,-1.0,-1.0
2014/09/24,769.0,780.0,766.0,780.0,3666000,-1.0,-1.0,-1.0
2014/09/25,784.0,791.0,780.0,788.0,3610000,-1.0,-1.0,-1.0
2014/09/26,764.0,782.0,764.0,780.0,3994000,-1.0,-1.0,-1.0
2014/09/29,790.0,793.0,785.0,792.0,3886000,-1.0,-1.0,-1.0
2014/09/30,792.0,792.0,778.0,788.0,4980000,-1.0,-1.0,-1.0
2014/10/01,790.0,795.0,785.0,792.0,4438000,-1.0,-1.0,-1.0
2014/10/02,782.0,784.0,763.0,764.0,6326000,-1.0,-1.0,-1.0
2014/10/03,757.0,767.0,756.0,763.0,6358000,-1.0,-1.0,-1.0
2014/10/06,771.0,772.0,762.0,764.0,4126000,-1.0,-1.0,-1.0
2014/10/07,765.0,772.0,761.0,767.0,4682000,-1.0,-1.0,-1.0
2014/10/08,757.0,758.0,750.0,755.0,5802000,-1.0,-1.0,-1.0
2014/10/09,762.0,762.0,747.0,748.0,4298000,-1.0,-1.0,-1.0
2014/10/10,736.0,738.0,729.0,733.0,6920000,-1.0,-1.0,-1.0
2014/10/14,719.0,726.0,715.0,717.0,7092000,-1.0,-1.0,-1.0
2014/10/15,721.0,724.0,717.0,723.0,4896000,-1.0,-1.0,-1.0
2014/10/16,705.0,708.0,690.0,691.0,7158000,-1.0,-1.0,-1.0
2014/10/17,696.0,699.0,676.0,677.0,5998000,-1.0,-1.0,-1.0
2014/10/20,693.0,699.0,691.0,697.0,3812000,-1.0,-1.0,-1.0
2014/10/21,697.0,698.0,678.0,680.0,5016000,-1.0,-1.0,-1.0
2014/10/22,692.0,697.0,689.0,697.0,3546000,-1.0,-1.0,-1.0
2014/10/23,690.0,694.0,686.0,690.0,2736000,-1.0,-1.0,-1.0
2014/10/24,698.0,703.0,695.0,703.0,3458000,-1.0,-1.0,-1.0
2014/10/27,707.0,710.0,703.0,708.0,2320000,-1.0,-1.0,-1.0
2014/10/28,706.0,710.0,702.0,707.0,1888000,-1.0,-1.0,-1.0
2014/10/29,712.0,719.0,709.0,717.0,4084000,-1.0,-1.0,-1.0
2014/10/30,717.0,722.0,715.0,718.0,4460000,-1.0,-1.0,-1.0
2014/10/31,726.0,753.0,722.0,747.0,7704000,-1.0,-1.0,-1.0
2014/11/04,777.0,777.0,756.0,757.0,7474000,-1.0,-1.0,-1.0
2014/11/05,755.0,763.0,754.0,762.0,4802000,-1.0,-1.0,-1.0
2014/11/06,761.0,762.0,744.0,746.0,4724000,-1.0,-1.0,-1.0
2014/11/07,748.0,749.0,740.0,743.0,4154000,-1.0,-1.0,-1.0
2014/11/10,735.0,740.0,733.0,738.0,3440000,-1.0,-1.0,-1.0
2014/11/11,740.0,752.0,739.0,749.0,3616000,-1.0,-1.0,-1.0
2014/11/12,771.0,773.0,759.0,760.0,7902000,-1.0,-1.0,-1.0
2014/11/13,758.0,767.0,756.0,767.0,4862000,-1.0,-1.0,-1.0
2014/11/14,776.0,776.0,763.0,771.0,6616000,-1.0,-1.0,-1.0
2014/11/17,763.0,766.0,743.0,748.0,4468000,-1.0,-1.0,-1.0
2014/11/18,760.0,768.0,752.0,768.0,4316000,-1.0,-1.0,-1.0
2014/11/19,769.0,775.0,767.0,770.0,4242000,-1.0,-1.0,-1.0
2014/11/20,775.0,776.0,769.0,772.0,3590000,-1.0,-1.0,-1.0
2014/11/21,769.0,774.0,763.0,773.0,3898000,-1.0,-1.0,-1.0
2014/11/25,777.0,780.0,763.0,768.0,4646000,-1.0,-1.0,-1.0
2014/11/26,765.0,770.0,762.0,764.0,3212000,-1.0,-1.0,-1.0
2014/11/27,764.0,766.0,751.0,755.0,2844000,-1.0,-1.0,-1.0
2014/11/28,759.0,768.0,759.0,765.0,2938000,-1.0,-1.0,-1.0
2014/12/01,761.0,775.0,761.0,770.0,2698000,-1.0,-1.0,-1.0
2014/12/02,766.0,772.0,765.0,770.0,2274000,-1.0,-1.0,-1.0
2014/12/03,771.0,778.0,769.0,775.0,4114000,-1.0,-1.0,-1.0
2014/12/04,778.0,780.0,775.0,777.0,1754000,-1.0,-1.0,-1.0
2014/12/05,770.0,773.0,767.0,772.0,2404000,-1.0,-1.0,-1.0
2014/12/08,773.0,775.0,767.0,770.0,2598000,-1.0,-1.0,-1.0
2014/12/09,764.0,771.0,763.0,768.0,2760000,-1.0,-1.0,-1.0
2014/12/10,758.0,769.0,756.0,765.0,3588000,-1.0,-1.0,-1.0
2014/12/11,751.0,770.0,750.0,767.0,4518000,-1.0,-1.0,-1.0
2014/12/12,766.0,769.0,761.0,762.0,6160000,-1.0,-1.0,-1.0
2014/12/15,758.0,761.0,752.0,753.0,3560000,-1.0,-1.0,-1.0
2014/12/16,738.0,746.0,731.0,736.0,4374000,-1.0,-1.0,-1.0
2014/12/17,733.0,744.0,731.0,740.0,3466000,-1.0,-1.0,-1.0
2014/12/18,756.0,761.0,753.0,760.0,4152000,-1.0,-1.0,-1.0
2014/12/19,771.0,778.0,769.0,778.0,4382000,-1.0,-1.0,-1.0
2014/12/22,777.0,788.0,775.0,788.0,4020000,-1.0,-1.0,-1.0
2014/12/24,793.0,796.0,790.0,796.0,3310000,-1.0,-1.0,-1.0
2014/12/25,789.0,796.0,788.0,794.0,2046000,-1.0,-1.0,-1.0
2014/12/26,788.0,796.0,788.0,795.0,1520000,-1.0,-1.0,-1.0
2014/12/29,797.0,798.0,785.0,794.0,2904000,-1.0,-1.0,-1.0
2014/12/30,796.0,796.0,787.0,787.0,2876000,-1.0,-1.0,-1.0
2015/01/05,780.0,794.0,779.0,788.0,2936000,-1.0,-1.0,-1.0
2015/01/06,774.0,774.0,758.0,758.0,4480000,-1.0,-1.0,-1.0
2015/01/07,748.0,759.0,748.0,752.0,3138000,-1.0,-1.0,-1.0
2015/01/08,758.0,767.0,757.0,761.0,2912000,-1.0,-1.0,-1.0
2015/01/09,759.0,761.0,750.0,756.0,4024000,-1.0,-1.0,-1.0
2015/01/13,746.0,759.0,743.0,758.0,3832000,-1.0,-1.0,-1.0
2015/01/14,749.0,757.0,747.0,749.0,3632000,-1.0,-1.0,-1.0
2015/01/15,754.0,768.0,750.0,766.0,4072000,-1.0,-1.0,-1.0
2015/01/16,749.0,754.0,739.0,750.0,3140000,-1.0,-1.0,-1.0
2015/01/19,759.0,761.0,751.0,760.0,2206000,-1.0,-1.0,-1.0
2015/01/20,757.0,774.0,756.0,774.0,2816000,-1.0,-1.0,-1.0
2015/01/21,766.0,771.0,756.0,758.0,3754000,-1.0,-1.0,-1.0
2015/01/22,756.0,766.0,751.0,766.0,2868000,-1.0,-1.0,-1.0
2015/01/23,772.0,775.0,768.0,775.0,1734000,-1.0,-1.0,-1.0
2015/01/26,764.0,774.0,763.0,773.0,1792000,-1.0,-1.0,-1.0
2015/01/27,778.0,786.0,777.0,786.0,2510000,-1.0,-1.0,-1.0
2015/01/28,779.0,794.0,777.0,792.0,2736000,-1.0,-1.0,-1.0
2015/01/29,782.0,796.0,782.0,791.0,3314000,-1.0,-1.0,-1.0
2015/01/30,799.0,799.0,787.0,792.0,3582000,-1.0,-1.0,-1.0
2015/02/02,784.0,796.0,781.0,794.0,2716000,-1.0,-1.0,-1.0
2015/02/03,795.0,798.0,776.0,780.0,4724000,-1.0,-1.0,-1.0
2015/02/04,787.0,801.0,787.0,799.0,3790000,-1.0,-1.0,-1.0
2015/02/05,803.0,809.0,793.0,802.0,3472000,-1.0,-1.0,-1.0
2015/02/06,806.0,810.0,802.0,803.0,3324000,-1.0,-1.0,-1.0
2015/02/09,804.0,810.0,799.0,804.0,2664000,-1.0,-1.0,-1.0
2015/02/10,803.0,809.0,801.0,809.0,2296000,-1.0,-1.0,-1.0
2015/02/12,817.0,840.0,817.0,839.0,5166000,-1.0,-1.0,-1.0
2015/02/13,828.0,832.0,816.0,823.0,4754000,-1.0,-1.0,-1.0
2015/02/16,823.0,834.0,819.0,832.0,2792000,-1.0,-1.0,-1.0
2015/02/17,834.0,847.0,832.0,837.0,3426000,-1.0,-1.0,-1.0
2015/02/18,840.0,848.0,837.0,847.0,3256000,-1.0,-1.0,-1.0
2015/02/19,844.0,855.0,844.0,855.0,3070000,-1.0,-1.0,-1.0
2015/02/20,853.0,855.0,842.0,847.0,2922000,-1.0,-1.0,-1.0
2015/02/23,854.0,855.0,839.0,846.0,3430000,-1.0,-1.0,-1.0
2015/02/24,847.0,847.0,840.0,846.0,3034000,-1.0,-1.0,-1.0
2015/02/25,846.0,850.0,840.0,844.0,2698000,-1.0,-1.0,-1.0
2015/02/26,845.0,855.0,839.0,855.0,3782000,-1.0,-1.0,-1.0
2015/02/27,858.0,859.0,851.0,858.0,3822000,-1.0,-1.0,-1.0
2015/03/02,855.0,862.0,854.0,862.0,2652000,-1.0,-1.0,-1.0
2015/03/03,868.0,872.0,858.0,868.0,3272000,-1.0,-1.0,-1.0
2015/03/04,863.0,865.0,854.0,861.0,2214000,-1.0,-1.0,-1.0
2015/03/05,860.0,868.0,859.0,865.0,2426000,-1.0,-1.0,-1.0
2015/03/06,870.0,879.0,870.0,878.0,3416000,-1.0,-1.0,-1.0
2015/03/09,875.0,876.0,868.0,873.0,2788000,-1.0,-1.0,-1.0
2015/03/10,880.0,883.0,866.0,871.0,5242000,-1.0,-1.0,-1.0
2015/03/11,870.0,876.0,865.0,872.0,3014000,-1.0,-1.0,-1.0
2015/03/12,876.0,889.0,874.0,887.0,3410000,-1.0,-1.0,-1.0
2015/03/13,891.0,893.0,883.0,889.0,7988000,-1.0,-1.0,-1.0
2015/03/16,888.0,896.0,884.0,895.0,2584000,-1.0,-1.0,-1.0
2015/03/17,900.0,906.0,893.0,906.0,3486000,-1.0,-1.0,-1.0
2015/03/18,903.0,919.0,903.0,916.0,4408000,-1.0,-1.0,-1.0
2015/03/19,911.0,923.0,909.0,922.0,4750000,-1.0,-1.0,-1.0
2015/03/20,918.0,935.0,918.0,934.0,5420000,-1.0,-1.0,-1.0
2015/03/23,935.0,948.0,933.0,948.0,3610000,-1.0,-1.0,-1.0
2015/03/24,952.0,963.0,948.0,957.0,6964000,-1.0,-1.0,-1.0
2015/03/25,955.0,963.0,950.0,956.0,4242000,-1.0,-1.0,-1.0
2015/03/26,951.0,951.0,941.0,947.0,5022000,-1.0,-1.0,-1.0
2015/03/27,944.0,944.0,921.0,931.0,6076000,-1.0,-1.0,-1.0
2015/03/30,930.0,938.0,923.0,934.0,4562000,-1.0,-1.0,-1.0
2015/03/31,945.0,950.0,926.0,926.0,5060000,-1.0,-1.0,-1.0
2015/04/01,923.0,932.0,916.0,922.0,6176000,-1.0,-1.0,-1.0
2015/04/02,931.0,952.0,929.0,942.0,4354000,-1.0,-1.0,-1.0
2015/04/03,940.0,949.0,938.0,943.0,2668000,-1.0,-1.0,-1.0
2015/04/06,933.0,946.0,932.0,941.0,2920000,-1.0,-1.0,-1.0
2015/04/07,949.0,957.0,945.0,952.0,4214000,-1.0,-1.0,-1.0
2015/04/08,958.0,976.0,958.0,976.0,5148000,-1.0,-1.0,-1.0
2015/04/09,980.0,989.0,972.0,989.0,5000000,-1.0,-1.0,-1.0
2015/04/10,985.0,988.0,969.0,981.0,6854000,-1.0,-1.0,-1.0
2015/04/13,984.0,989.0,976.0,976.0,4460000,-1.0,-1.0,-1.0
2015/04/14,970.0,984.0,968.0,980.0,2772000,-1.0,-1.0,-1.0
2015/04/15,978.0,986.0,975.0,980.0,3514000,-1.0,-1.0,-1.0
2015/04/16,981.0,989.0,974.0,984.0,3404000,-1.0,-1.0,-1.0
2015/04/17,980.0,990.0,980.0,982.0,3184000,-1.0,-1.0,-1.0
2015/04/20,971.0,983.0,965.0,977.0,3166000,-1.0,-1.0,-1.0
2015/04/21,976.0,990.0,972.0,990.0,3332000,-1.0,-1.0,-1.0
2015/04/22,994.0,998.0,989.0,998.0,4094000,-1.0,-1.0,-1.0
2015/04/23,1000.0,1000.0,995.0,1000.0,3220000,-1.0,-1.0,-1.0
2015/04/24,1000.0,1016.0,998.0,1003.0,4242000,-1.0,-1.0,-1.0
2015/04/27,1003.0,1007.0,999.0,1002.0,2878000,-1.0,-1.0,-1.0
2015/04/28,1004.0,1017.0,999.0,1017.0,4578000,-1.0,-1.0,-1.0
2015/04/30,1004.0,1015.0,1002.0,1007.0,4948000,-1.0,-1.0,-1.0
2015/05/01,1007.0,1007.0,992.0,1001.0,3888000,-1.0,-1.0,-1.0
2015/05/07,989.0,1001.0,980.0,982.0,4596000,-1.0,-1.0,-1.0
2015/05/08,982.0,994.0,979.0,989.0,3756000,-1.0,-1.0,-1.0
2015/05/11,1001.0,1017.0,1001.0,1017.0,2922000,-1.0,-1.0,-1.0
2015/05/12,1017.0,1032.0,1008.0,1026.0,3898000,-1.0,-1.0,-1.0
2015/05/13,1048.0,1080.0,1048.0,1069.0,8934000,-1.0,-1.0,-1.0
2015/05/14,1057.0,1057.0,1033.0,1037.0,4504000,-1.0,-1.0,-1.0
2015/05/15,1045.0,1056.0,1023.0,1032.0,5136000,-1.0,-1.0,-1.0
2015/05/18,1030.0,1044.0,1029.0,1044.0,2800000,-1.0,-1.0,-1.0
2015/05/19,1050.0,1066.0,1046.0,1049.0,5202000,-1.0,-1.0,-1.0
2015/05/20,1059.0,1067.0,1050.0,1064.0,2440000,-1.0,-1.0,-1.0
2015/05/21,1068.0,1076.0,1065.0,1074.0,2660000,-1.0,-1.0,-1.0
2015/05/22,1070.0,1071.0,1049.0,1058.0,2620000,-1.0,-1.0,-1.0
2015/05/25,1062.0,1072.0,1062.0,1068.0,1668000,-1.0,-1.0,-1.0
2015/05/26,1066.0,1068.0,1059.0,1065.0,2370000,-1.0,-1.0,-1.0
2015/05/27,1060.0,1061.0,1028.0,1046.0,6432000,-1.0,-1.0,-1.0
2015/05/28,1055.0,1056.0,1047.0,1055.0,3152000,-1.0,-1.0,-1.0
2015/05/29,1058.0,1062.0,1047.0,1053.0,8448000,-1.0,-1.0,-1.0
2015/06/01,1048.0,1060.0,1042.0,1059.0,3210000,-1.0,-1.0,-1.0
2015/06/02,1060.0,1069.0,1057.0,1061.0,3156000,-1.0,-1.0,-1.0
2015/06/03,1060.0,1065.0,1055.0,1059.0,3278000,-1.0,-1.0,-1.0
2015/06/04,1065.0,1076.0,1061.0,1074.0,3478000,-1.0,-1.0,-1.0
2015/06/05,1066.0,1081.0,1062.0,1078.0,2870000,-1.0,-1.0,-1.0
2015/06/08,1078.0,1085.0,1071.0,1080.0,3248000,-1.0,-1.0,-1.0
2015/06/09,1071.0,1075.0,1059.0,1059.0,3390000,-1.0,-1.0,-1.0
2015/06/10,1055.0,1058.0,1035.0,1038.0,5094000,-1.0,-1.0,-1.0
2015/06/11,1046.0,1056.0,1031.0,1047.0,4144000,-1.0,-1.0,-1.0
2015/06/12,1060.0,1071.0,1053.0,1069.0,10052000,-1.0,-1.0,-1.0
2015/06/15,1066.0,1086.0,1064.0,1083.0,3918000,-1.0,-1.0,-1.0
2015/06/16,1075.0,1077.0,1062.0,1071.0,3222000,-1.0,-1.0,-1.0
2015/06/17,1070.0,1073.0,1061.0,1064.0,3336000,-1.0,-1.0,-1.0
2015/06/18,1056.0,1060.0,1050.0,1052.0,4456000,-1.0,-1.0,-1.0
2015/06/19,1061.0,1068.0,1047.0,1047.0,4480000,-1.0,-1.0,-1.0
2015/06/22,1050.0,1062.0,1048.0,1060.0,2888000,-1.0,-1.0,-1.0
2015/06/23,1063.0,1079.0,1060.0,1061.0,6462000,-1.0,-1.0,-1.0
2015/06/24,1070.0,1072.0,1057.0,1060.0,4232000,-1.0,-1.0,-1.0
2015/06/25,1062.0,1072.0,1058.0,1062.0,2794000,-1.0,-1.0,-1.0
2015/06/26,1066.0,1073.0,1059.0,1065.0,3640000,-1.0,-1.0,-1.0
2015/06/29,1041.0,1044.0,1022.0,1024.0,5456000,-1.0,-1.0,-1.0
2015/06/30,1026.0,1039.0,1021.0,1024.0,4776000,-1.0,-1.0,-1.0
2015/07/01,1033.0,1040.0,1025.0,1034.0,3118000,-1.0,-1.0,-1.0
2015/07/02,1048.0,1050.0,1038.0,1043.0,2274000,-1.0,-1.0,-1.0
2015/07/03,1039.0,1044.0,1032.0,1040.0,2896000,-1.0,-1.0,-1.0
2015/07/06,1020.0,1036.0,1018.0,1021.0,4498000,-1.0,-1.0,-1.0
2015/07/07,1040.0,1049.0,1040.0,1045.0,3178000,-1.0,-1.0,-1.0
2015/07/08,1030.0,1048.0,1004.0,1004.0,6686000,-1.0,-1.0,-1.0
2015/07/09,993.0,1005.0,970.0,1003.0,6844000,-1.0,-1.0,-1.0
2015/07/10,1007.0,1022.0,996.0,1006.0,6132000,-1.0,-1.0,-1.0
2015/07/13,1020.0,1041.0,1020.0,1037.0,3924000,-1.0,-1.0,-1.0
2015/07/14,1065.0,1066.0,1047.0,1057.0,3686000,-1.0,-1.0,-1.0
2015/07/15,1057.0,1067.0,1053.0,1065.0,3612000,-1.0,-1.0,-1.0
2015/07/16,1070.0,1077.0,1065.0,1076.0,3698000,-1.0,-1.0,-1.0
2015/07/17,1072.0,1075.0,1066.0,1067.0,1686000,-1.0,-1.0,-1.0
2015/07/21,1079.0,1093.0,1079.0,1087.0,3794000,-1.0,-1.0,-1.0
2015/07/22,1080.0,1088.0,1075.0,1078.0,2798000,-1.0,-1.0,-1.0
2015/07/23,1086.0,1090.0,1080.0,1085.0,2082000,-1.0,-1.0,-1.0
2015/07/24,1078.0,1082.0,1068.0,1070.0,1534000,-1.0,-1.0,-1.0
2015/07/27,1065.0,1071.0,1047.0,1053.0,2218000,-1.0,-1.0,-1.0
2015/07/28,1049.0,1058.0,1038.0,1050.0,2624000,-1.0,-1.0,-1.0
2015/07/29,1041.0,1062.0,1040.0,1056.0,2820000,-1.0,-1.0,-1.0
2015/07/30,1057.0,1066.0,1054.0,1060.0,3430000,-1.0,-1.0,-1.0
2015/07/31,1064.0,1079.0,1062.0,1079.0,3672000,-1.0,-1.0,-1.0
2015/08/03,1070.0,1072.0,1057.0,1072.0,2282000,-1.0,-1.0,-1.0
2015/08/04,1072.0,1079.0,1065.0,1071.0,2142000,-1.0,-1.0,-1.0
2015/08/05,1070.0,1079.0,1063.0,1072.0,2330000,-1.0,-1.0,-1.0
2015/08/06,1088.0,1108.0,1087.0,1093.0,6880000,-1.0,-1.0,-1.0
2015/08/07,1079.0,1092.0,1073.0,1085.0,2684000,-1.0,-1.0,-1.0
2015/08/10,1090.0,1097.0,1080.0,1086.0,3966000,-1.0,-1.0,-1.0
2015/08/11,1095.0,1099.0,1061.0,1073.0,3990000,-1.0,-1.0,-1.0
2015/08/12,1072.0,1083.0,1059.0,1064.0,3304000,-1.0,-1.0,-1.0
2015/08/13,1069.0,1069.0,1047.0,1064.0,2526000,-1.0,-1.0,-1.0
2015/08/14,1069.0,1069.0,1056.0,1056.0,4056000,-1.0,-1.0,-1.0
2015/08/17,1060.0,1071.0,1053.0,1068.0,2578000,-1.0,-1.0,-1.0
2015/08/18,1073.0,1086.0,1070.0,1079.0,2844000,-1.0,-1.0,-1.0
2015/08/19,1075.0,1080.0,1063.0,1065.0,2512000,-1.0,-1.0,-1.0
2015/08/20,1057.0,1057.0,1036.0,1036.0,3146000,-1.0,-1.0,-1.0
2015/08/21,1014.0,1014.0,992.0,994.0,4758000,-1.0,-1.0,-1.0
2015/08/24,979.0,987.0,941.0,943.0,10076000,-1.0,-1.0,-1.0
2015/08/25,928.0,965.0,915.0,918.0,10780000,-1.0,-1.0,-1.0
2015/08/26,928.0,965.0,920.0,964.0,8486000,-1.0,-1.0,-1.0
2015/08/27,974.0,990.0,963.0,966.0,5148000,-1.0,-1.0,-1.0
2015/08/28,991.0,1003.0,983.0,995.0,4088000,-1.0,-1.0,-1.0
2015/08/31,993.0,1008.0,983.0,1007.0,4432000,-1.0,-1.0,-1.0
2015/09/01,998.0,1002.0,968.0,968.0,5344000,-1.0,-1.0,-1.0
2015/09/02,953.0,983.0,951.0,958.0,7996000,-1.0,-1.0,-1.0
2015/09/03,967.0,981.0,958.0,960.0,3760000,-1.0,-1.0,-1.0
2015/09/04,965.0,973.0,949.0,961.0,6904000,-1.0,-1.0,-1.0
2015/09/07,957.0,977.0,947.0,974.0,5788000,-1.0,-1.0,-1.0
2015/09/08,974.0,980.0,954.0,954.0,3452000,-1.0,-1.0,-1.0
2015/09/09,990.0,1018.0,984.0,1018.0,5506000,-1.0,-1.0,-1.0
2015/09/10,991.0,997.0,981.0,992.0,4510000,-1.0,-1.0,-1.0
2015/09/11,988.0,1008.0,986.0,1006.0,6576000,-1.0,-1.0,-1.0
2015/09/14,1010.0,1013.0,994.0,997.0,3088000,-1.0,-1.0,-1.0
2015/09/15,1004.0,1021.0,1002.0,1011.0,3322000,-1.0,-1.0,-1.0
2015/09/16,1015.0,1016.0,994.0,997.0,3174000,-1.0,-1.0,-1.0
2015/09/17,1006.0,1008.0,994.0,1000.0,3110000,-1.0,-1.0,-1.0
2015/09/18,994.0,994.0,970.0,971.0,6300000,-1.0,-1.0,-1.0
2015/09/24,964.0,978.0,952.0,952.0,5650000,-1.0,-1.0,-1.0
2015/09/25,954.0,968.0,947.0,966.0,4754000,-1.0,-1.0,-1.0
2015/09/28,966.0,973.0,954.0,962.0,2578000,-1.0,-1.0,-1.0
2015/09/29,950.0,951.0,929.0,938.0,5872000,-1.0,-1.0,-1.0
2015/09/30,951.0,966.0,946.0,961.0,6092000,-1.0,-1.0,-1.0
2015/10/01,964.0,964.0,944.0,954.0,5398000,-1.0,-1.0,-1.0
2015/10/02,950.0,954.0,945.0,952.0,3064000,-1.0,-1.0,-1.0
2015/10/05,959.0,968.0,947.0,963.0,3516000,-1.0,-1.0,-1.0
2015/10/06,986.0,988.0,977.0,982.0,4500000,-1.0,-1.0,-1.0
2015/10/07,978.0,999.0,978.0,998.0,4044000,-1.0,-1.0,-1.0
2015/10/08,995.0,1000.0,987.0,993.0,3906000,-1.0,-1.0,-1.0
2015/10/09,1008.0,1029.0,993.0,1026.0,6620000,-1.0,-1.0,-1.0
2015/10/13,1019.0,1026.0,1014.0,1022.0,4206000,-1.0,-1.0,-1.0
2015/10/14,1013.0,1018.0,997.0,999.0,4060000,-1.0,-1.0,-1.0
2015/10/15,1001.0,1026.0,999.0,1022.0,2862000,-1.0,-1.0,-1.0
2015/10/16,1026.0,1042.0,1022.0,1025.0,3470000,-1.0,-1.0,-1.0
2015/10/19,1030.0,1039.0,1023.0,1033.0,3922000,-1.0,-1.0,-1.0
2015/10/20,1026.0,1028.0,1017.0,1021.0,2916000,-1.0,-1.0,-1.0
2015/10/21,1022.0,1048.0,1014.0,1044.0,2860000,-1.0,-1.0,-1.0
2015/10/22,1027.0,1042.0,1026.0,1029.0,3490000,-1.0,-1.0,-1.0
2015/10/23,1054.0,1062.0,1050.0,1055.0,4032000,-1.0,-1.0,-1.0
2015/10/26,1060.0,1074.0,1058.0,1066.0,2898000,-1.0,-1.0,-1.0
2015/10/27,1069.0,1075.0,1055.0,1058.0,4506000,-1.0,-1.0,-1.0
2015/10/28,1059.0,1066.0,1055.0,1060.0,3504000,-1.0,-1.0,-1.0
2015/10/29,1062.0,1075.0,1061.0,1072.0,4582000,-1.0,-1.0,-1.0
2015/10/30,1073.0,1093.0,1070.0,1090.0,4112000,-1.0,-1.0,-1.0
2015/11/02,1065.0,1071.0,1053.0,1057.0,3646000,-1.0,-1.0,-1.0
2015/11/04,1074.0,1087.0,1073.0,1074.0,3540000,-1.0,-1.0,-1.0
2015/11/05,1077.0,1090.0,1074.0,1081.0,3236000,-1.0,-1.0,-1.0
2015/11/06,1081.0,1092.0,1074.0,1087.0,3936000,-1.0,-1.0,-1.0
2015/11/09,1092.0,1102.0,1088.0,1094.0,5524000,-1.0,-1.0,-1.0
2015/11/10,1078.0,1080.0,1056.0,1075.0,5236000,-1.0,-1.0,-1.0
2015/11/11,1049.0,1054.0,1034.0,1046.0,6178000,-1.0,-1.0,-1.0
2015/11/12,1080.0,1099.0,1078.0,1083.0,5916000,-1.0,-1.0,-1.0
2015/11/13,1076.0,1089.0,1070.0,1085.0,4516000,-1.0,-1.0,-1.0
2015/11/16,1072.0,1091.0,1070.0,1085.0,4262000,-1.0,-1.0,-1.0
2015/11/17,1094.0,1102.0,1091.0,1091.0,5478000,-1.0,-1.0,-1.0
2015/11/18,1103.0,1116.0,1099.0,1114.0,5380000,-1.0,-1.0,-1.0
2015/11/19,1126.0,1132.0,1117.0,1125.0,4264000,-1.0,-1.0,-1.0
2015/11/20,1116.0,1125.0,1111.0,1125.0,3026000,-1.0,-1.0,-1.0
2015/11/24,1119.0,1124.0,1112.0,1120.0,3866000,-1.0,-1.0,-1.0
2015/11/25,1113.0,1115.0,1105.0,1110.0,5238000,-1.0,-1.0,-1.0
2015/11/26,1118.0,1126.0,1113.0,1122.0,3248000,-1.0,-1.0,-1.0
2015/11/27,1123.0,1124.0,1107.0,1110.0,2554000,-1.0,-1.0,-1.0
2015/11/30,1106.0,1106.0,1080.0,1080.0,9282000,-1.0,-1.0,-1.0
2015/12/01,1101.0,1110.0,1099.0,1105.0,4670000,-1.0,-1.0,-1.0
2015/12/02,1107.0,1122.0,1103.0,1119.0,3548000,-1.0,-1.0,-1.0
2015/12/03,1120.0,1130.0,1114.0,1126.0,3738000,-1.0,-1.0,-1.0
2015/12/04,1104.0,1111.0,1093.0,1097.0,3988000,-1.0,-1.0,-1.0
2015/12/07,1111.0,1118.0,1102.0,1105.0,2806000,-1.0,-1.0,-1.0
2015/12/08,1105.0,1115.0,1098.0,1098.0,2064000,-1.0,-1.0,-1.0
2015/12/09,1097.0,1101.0,1082.0,1086.0,3850000,-1.0,-1.0,-1.0
2015/12/10,1082.0,1088.0,1076.0,1078.0,3760000,-1.0,-1.0,-1.0
2015/12/11,1048.0,1086.0,1048.0,1079.0,8014000,-1.0,-1.0,-1.0
2015/12/14,1059.0,1067.0,1050.0,1065.0,4182000,-1.0,-1.0,-1.0
2015/12/15,1073.0,1081.0,1051.0,1051.0,4020000,-1.0,-1.0,-1.0
2015/12/16,1065.0,1076.0,1061.0,1069.0,4566000,-1.0,-1.0,-1.0
2015/12/17,1075.0,1081.0,1066.0,1075.0,6510000,-1.0,-1.0,-1.0
2015/12/18,1083.0,1114.0,1064.0,1064.0,7060000,-1.0,-1.0,-1.0
2015/12/21,1124.0,1125.0,1092.0,1108.0,9978000,-1.0,-1.0,-1.0
2015/12/22,1095.0,1112.0,1093.0,1107.0,5712000,-1.0,-1.0,-1.0
2015/12/24,1122.0,1129.0,1107.0,1111.0,3556000,-1.0,-1.0,-1.0
2015/12/25,1111.0,1116.0,1103.0,1108.0,1908000,-1.0,-1.0,-1.0
2015/12/28,1112.0,1116.0,1098.0,1109.0,1954000,-1.0,-1.0,-1.0
2015/12/29,1105.0,1124.0,1103.0,1122.0,2198000,-1.0,-1.0,-1.0
2015/12/30,1122.0,1127.0,1117.0,1119.0,2404000,-1.0,-1.0,-1.0
2016/01/04,1112.0,1118.0,1088.0,1090.0,4156000,-1.0,-1.0,-1.0
2016/01/05,1085.0,1092.0,1076.0,1081.0,4782000,-1.0,-1.0,-1.0
2016/01/06,1083.0,1091.0,1063.0,1073.0,3972000,-1.0,-1.0,-1.0
2016/01/07,1072.0,1077.0,1052.0,1055.0,5058000,-1.0,-1.0,-1.0
2016/01/08,1041.0,1063.0,1041.0,1046.0,6192000,-1.0,-1.0,-1.0
2016/01/12,1040.0,1044.0,1018.0,1020.0,5696000,-1.0,-1.0,-1.0
2016/01/13,1021.0,1039.0,1015.0,1032.0,7120000,-1.0,-1.0,-1.0
2016/01/14,1013.0,1017.0,991.0,1009.0,5228000,-1.0,-1.0,-1.0
2016/01/15,1023.0,1025.0,1000.0,1005.0,5396000,-1.0,-1.0,-1.0
2016/01/18,989.0,1000.0,979.0,995.0,3758000,-1.0,-1.0,-1.0
2016/01/19,999.0,1004.0,987.0,995.0,3002000,-1.0,-1.0,-1.0
2016/01/20,1003.0,1003.0,967.0,967.0,6968000,-1.0,-1.0,-1.0
2016/01/21,976.0,988.0,947.0,948.0,5994000,-1.0,-1.0,-1.0
2016/01/22,979.0,996.0,962.0,995.0,4576000,-1.0,-1.0,-1.0
2016/01/25,1003.0,1014.0,992.0,1007.0,4062000,-1.0,-1.0,-1.0
2016/01/26,986.0,996.0,979.0,985.0,3158000,-1.0,-1.0,-1.0
2016/01/27,1002.0,1014.0,998.0,1012.0,2804000,-1.0,-1.0,-1.0
2016/01/28,1008.0,1024.0,997.0,1014.0,4046000,-1.0,-1.0,-1.0
2016/01/29,1029.0,1044.0,999.0,1040.0,6112000,-1.0,-1.0,-1.0
2016/02/01,1048.0,1057.0,1042.0,1053.0,3506000,-1.0,-1.0,-1.0
2016/02/02,1046.0,1063.0,1040.0,1061.0,4064000,-1.0,-1.0,-1.0
2016/02/03,1036.0,1042.0,1021.0,1033.0,4136000,-1.0,-1.0,-1.0
2016/02/04,1018.0,1029.0,1013.0,1021.0,3336000,-1.0,-1.0,-1.0
2016/02/05,1009.0,1018.0,1001.0,1013.0,3050000,-1.0,-1.0,-1.0
2016/02/08,1004.0,1033.0,1000.0,1028.0,4508000,-1.0,-1.0,-1.0
2016/02/09,999.0,1002.0,972.0,980.0,6140000,-1.0,-1.0,-1.0
2016/02/10,973.0,981.0,941.0,956.0,6486000,-1.0,-1.0,-1.0
2016/02/12,923.0,964.0,923.0,934.0,10844000,-1.0,-1.0,-1.0
2016/02/15,981.0,1010.0,968.0,1000.0,7430000,-1.0,-1.0,-1.0
2016/02/16,973.0,1001.0,966.0,983.0,3980000,-1.0,-1.0,-1.0
2016/02/17,976.0,989.0,960.0,976.0,4494000,-1.0,-1.0,-1.0
2016/02/18,998.0,1001.0,980.0,982.0,3634000,-1.0,-1.0,-1.0
2016/02/19,967.0,980.0,952.0,969.0,4490000,-1.0,-1.0,-1.0
2016/02/22,958.0,981.0,957.0,972.0,3576000,-1.0,-1.0,-1.0
2016/02/23,971.0,980.0,959.0,962.0,3760000,-1.0,-1.0,-1.0
2016/02/24,951.0,964.0,946.0,957.0,3758000,-1.0,-1.0,-1.0
2016/02/25,957.0,974.0,957.0,972.0,3698000,-1.0,-1.0,-1.0
2016/02/26,974.0,984.0,966.0,967.0,3562000,-1.0,-1.0,-1.0
2016/02/29,973.0,982.0,953.0,953.0,3546000,-1.0,-1.0,-1.0
2016/03/01,953.0,963.0,946.0,959.0,4772000,-1.0,-1.0,-1.0
2016/03/02,970.0,992.0,963.0,983.0,5746000,-1.0,-1.0,-1.0
2016/03/03,982.0,1012.0,982.0,1003.0,4668000,-1.0,-1.0,-1.0
2016/03/04,1000.0,1001.0,985.0,999.0,3600000,-1.0,-1.0,-1.0
2016/03/07,1000.0,1000.0,983.0,986.0,2212000,-1.0,-1.0,-1.0
2016/03/08,970.0,977.0,951.0,961.0,5674000,-1.0,-1.0,-1.0
2016/03/09,954.0,957.0,942.0,950.0,3836000,-1.0,-1.0,-1.0
2016/03/10,961.0,978.0,961.0,973.0,3544000,-1.0,-1.0,-1.0
2016/03/11,958.0,976.0,954.0,968.0,5498000,-1.0,-1.0,-1.0
2016/03/14,978.0,988.0,971.0,984.0,4470000,-1.0,-1.0,-1.0
2016/03/15,984.0,988.0,971.0,973.0,3480000,-1.0,-1.0,-1.0
2016/03/16,968.0,978.0,966.0,970.0,2658000,-1.0,-1.0,-1.0
2016/03/17,964.0,970.0,951.0,955.0,4552000,-1.0,-1.0,-1.0
2016/03/18,953.0,957.0,944.0,949.0,3698000,-1.0,-1.0,-1.0
2016/03/22,969.0,987.0,963.0,978.0,5646000,-1.0,-1.0,-1.0
2016/03/23,976.0,980.0,969.0,969.0,3132000,-1.0,-1.0,-1.0
2016/03/24,971.0,994.0,969.0,989.0,4140000,-1.0,-1.0,-1.0
2016/03/25,992.0,995.0,979.0,981.0,2144000,-1.0,-1.0,-1.0
2016/03/28,978.0,988.0,976.0,986.0,2848000,-1.0,-1.0,-1.0
2016/03/29,969.0,973.0,952.0,959.0,5184000,-1.0,-1.0,-1.0
2016/03/30,964.0,970.0,956.0,962.0,4288000,-1.0,-1.0,-1.0
2016/03/31,965.0,965.0,943.0,944.0,4834000,-1.0,-1.0,-1.0
2016/04/01,939.0,939.0,910.0,915.0,8490000,-1.0,-1.0,-1.0
2016/04/04,918.0,931.0,910.0,920.0,4766000,-1.0,-1.0,-1.0
2016/04/05,914.0,915.0,896.0,898.0,6060000,-1.0,-1.0,-1.0
2016/04/06,900.0,904.0,889.0,891.0,5118000,-1.0,-1.0,-1.0
2016/04/07,892.0,906.0,889.0,899.0,4700000,-1.0,-1.0,-1.0
2016/04/08,890.0,923.0,883.0,911.0,5796000,-1.0,-1.0,-1.0
2016/04/11,910.0,918.0,897.0,911.0,2926000,-1.0,-1.0,-1.0
2016/04/12,907.0,925.0,906.0,922.0,3252000,-1.0,-1.0,-1.0
2016/04/13,934.0,946.0,931.0,944.0,4202000,-1.0,-1.0,-1.0
2016/04/14,953.0,973.0,950.0,972.0,5450000,-1.0,-1.0,-1.0
2016/04/15,962.0,973.0,960.0,968.0,3100000,-1.0,-1.0,-1.0
2016/04/18,942.0,955.0,942.0,949.0,2932000,-1.0,-1.0,-1.0
2016/04/19,964.0,974.0,963.0,970.0,3376000,-1.0,-1.0,-1.0
2016/04/20,974.0,979.0,966.0,969.0,2528000,-1.0,-1.0,-1.0
2016/04/21,988.0,988.0,977.0,984.0,3078000,-1.0,-1.0,-1.0
2016/04/22,980.0,990.0,973.0,988.0,3212000,-1.0,-1.0,-1.0
2016/04/25,987.0,989.0,977.0,981.0,3784000,-1.0,-1.0,-1.0
2016/04/26,985.0,985.0,973.0,978.0,3424000,-1.0,-1.0,-1.0
2016/04/27,985.0,989.0,976.0,977.0,2600000,-1.0,-1.0,-1.0
2016/04/28,987.0,993.0,922.0,947.0,5214000,-1.0,-1.0,-1.0
2016/05/02,917.0,930.0,912.0,920.0,3558000,-1.0,-1.0,-1.0
2016/05/06,925.0,933.0,916.0,927.0,4400000,-1.0,-1.0,-1.0
2016/05/09,935.0,937.0,924.0,925.0,2220000,-1.0,-1.0,-1.0
2016/05/10,929.0,946.0,924.0,943.0,4252000,-1.0,-1.0,-1.0
2016/05/11,954.0,958.0,944.0,947.0,2630000,-1.0,-1.0,-1.0
2016/05/12,936.0,944.0,932.0,944.0,2436000,-1.0,-1.0,-1.0
2016/05/13,961.0,961.0,942.0,944.0,3910000,-1.0,-1.0,-1.0
2016/05/16,966.0,973.0,959.0,965.0,4372000,-1.0,-1.0,-1.0
2016/05/17,971.0,989.0,956.0,986.0,5008000,-1.0,-1.0,-1.0
2016/05/18,986.0,1001.0,982.0,990.0,4870000,-1.0,-1.0,-1.0
2016/05/19,998.0,1000.0,983.0,993.0,4234000,-1.0,-1.0,-1.0
2016/05/20,994.0,1008.0,992.0,1008.0,4632000,-1.0,-1.0,-1.0
2016/05/23,999.0,999.0,977.0,990.0,3986000,-1.0,-1.0,-1.0
2016/05/24,985.0,986.0,977.0,983.0,5050000,-1.0,-1.0,-1.0
2016/05/25,1002.0,1003.0,997.0,1001.0,3980000,-1.0,-1.0,-1.0
2016/05/26,1010.0,1013.0,996.0,997.0,3244000,-1.0,-1.0,-1.0
2016/05/27,1002.0,1002.0,992.0,995.0,2062000,-1.0,-1.0,-1.0
2016/05/30,1005.0,1010.0,997.0,1005.0,2508000,-1.0,-1.0,-1.0
2016/05/31,999.0,1009.0,993.0,1002.0,7520000,-1.0,-1.0,-1.0
2016/06/01,997.0,1000.0,985.0,990.0,4028000,-1.0,-1.0,-1.0
2016/06/02,986.0,986.0,964.0,970.0,3604000,-1.0,-1.0,-1.0
2016/06/03,975.0,977.0,967.0,976.0,2186000,-1.0,-1.0,-1.0
2016/06/06,962.0,971.0,951.0,971.0,3554000,-1.0,-1.0,-1.0
2016/06/07,973.0,977.0,969.0,974.0,2392000,-1.0,-1.0,-1.0
2016/06/08,978.0,982.0,966.0,982.0,2738000,-1.0,-1.0,-1.0
2016/06/09,972.0,983.0,970.0,979.0,2748000,-1.0,-1.0,-1.0
2016/06/10,974.0,977.0,963.0,969.0,5394000,-1.0,-1.0,-1.0
2016/06/13,957.0,958.0,938.0,939.0,3902000,-1.0,-1.0,-1.0
2016/06/14,939.0,945.0,928.0,935.0,4434000,-1.0,-1.0,-1.0
2016/06/15,929.0,945.0,929.0,938.0,3374000,-1.0,-1.0,-1.0
2016/06/16,938.0,941.0,916.0,917.0,4880000,-1.0,-1.0,-1.0
2016/06/17,928.0,936.0,912.0,912.0,5652000,-1.0,-1.0,-1.0
2016/06/20,927.0,931.0,920.0,921.0,4798000,-1.0,-1.0,-1.0
2016/06/21,915.0,924.0,907.0,921.0,3740000,-1.0,-1.0,-1.0
2016/06/22,921.0,926.0,914.0,919.0,2448000,-1.0,-1.0,-1.0
2016/06/23,924.0,926.0,911.0,915.0,3548000,-1.0,-1.0,-1.0
2016/06/24,923.0,926.0,846.0,853.0,7152000,-1.0,-1.0,-1.0
2016/06/27,873.0,881.0,866.0,879.0,3696000,-1.0,-1.0,-1.0
2016/06/28,870.0,886.0,862.0,876.0,4190000,-1.0,-1.0,-1.0
2016/06/29,888.0,893.0,877.0,890.0,3764000,-1.0,-1.0,-1.0
2016/06/30,896.0,898.0,878.0,878.0,4460000,-1.0,-1.0,-1.0
2016/07/01,884.0,888.0,874.0,879.0,3298000,-1.0,-1.0,-1.0
2016/07/04,871.0,884.0,868.0,879.0,2912000,-1.0,-1.0,-1.0
2016/07/05,872.0,876.0,866.0,874.0,3572000,-1.0,-1.0,-1.0
2016/07/06,862.0,873.0,853.0,871.0,5576000,-1.0,-1.0,-1.0
2016/07/07,871.0,871.0,861.0,869.0,5402000,-1.0,-1.0,-1.0
2016/07/08,870.0,875.0,853.0,854.0,6410000,-1.0,-1.0,-1.0
2016/07/11,869.0,887.0,866.0,879.0,4612000,-1.0,-1.0,-1.0
2016/07/12,887.0,910.0,882.0,892.0,5270000,-1.0,-1.0,-1.0
2016/07/13,907.0,912.0,900.0,902.0,4566000,-1.0,-1.0,-1.0
2016/07/14,917.0,923.0,913.0,920.0,5148000,-1.0,-1.0,-1.0
2016/07/15,919.0,921.0,907.0,911.0,4768000,-1.0,-1.0,-1.0
2016/07/19,920.0,939.0,913.0,938.0,4402000,-1.0,-1.0,-1.0
2016/07/20,932.0,936.0,927.0,934.0,3202000,-1.0,-1.0,-1.0
2016/07/21,940.0,944.0,922.0,926.0,2744000,-1.0,-1.0,-1.0
2016/07/22,911.0,918.0,909.0,916.0,2984000,-1.0,-1.0,-1.0
2016/07/25,921.0,922.0,913.0,916.0,3398000,-1.0,-1.0,-1.0
2016/07/26,919.0,919.0,906.0,910.0,3740000,-1.0,-1.0,-1.0
2016/07/27,920.0,929.0,915.0,919.0,4572000,-1.0,-1.0,-1.0
2016/07/28,911.0,912.0,902.0,908.0,2934000,-1.0,-1.0,-1.0
2016/07/29,908.0,915.0,890.0,912.0,5854000,-1.0,-1.0,-1.0
2016/08/01,904.0,924.0,894.0,924.0,4116000,-1.0,-1.0,-1.0
2016/08/02,909.0,919.0,909.0,910.0,3178000,-1.0,-1.0,-1.0
2016/08/03,895.0,901.0,884.0,886.0,4204000,-1.0,-1.0,-1.0
2016/08/04,882.0,886.0,868.0,882.0,3784000,-1.0,-1.0,-1.0
2016/08/05,878.0,886.0,877.0,879.0,2896000,-1.0,-1.0,-1.0
2016/08/08,889.0,895.0,881.0,889.0,3120000,-1.0,-1.0,-1.0
2016/08/09,892.0,901.0,889.0,896.0,2746000,-1.0,-1.0,-1.0
2016/08/10,890.0,891.0,872.0,884.0,3122000,-1.0,-1.0,-1.0
2016/08/12,899.0,919.0,883.0,891.0,5722000,-1.0,-1.0,-1.0
2016/08/15,890.0,893.0,880.0,886.0,2646000,-1.0,-1.0,-1.0
2016/08/16,891.0,895.0,879.0,879.0,3376000,-1.0,-1.0,-1.0
2016/08/17,879.0,897.0,878.0,895.0,4478000,-1.0,-1.0,-1.0
2016/08/18,892.0,896.0,867.0,872.0,6354000,-1.0,-1.0,-1.0
2016/08/19,884.0,889.0,873.0,882.0,4782000,-1.0,-1.0,-1.0
2016/08/22,883.0,887.0,876.0,885.0,2224000,-1.0,-1.0,-1.0
2016/08/23,881.0,891.0,876.0,885.0,3634000,-1.0,-1.0,-1.0
2016/08/24,885.0,896.0,885.0,894.0,1964000,-1.0,-1.0,-1.0
2016/08/25,899.0,915.0,898.0,904.0,4298000,-1.0,-1.0,-1.0
2016/08/26,894.0,899.0,883.0,889.0,4014000,-1.0,-1.0,-1.0
2016/08/29,909.0,914.0,904.0,914.0,2914000,-1.0,-1.0,-1.0
2016/08/30,904.0,909.0,902.0,907.0,2362000,-1.0,-1.0,-1.0
2016/08/31,913.0,925.0,905.0,922.0,3174000,-1.0,-1.0,-1.0
2016/09/01,928.0,938.0,926.0,937.0,3684000,-1.0,-1.0,-1.0
2016/09/02,933.0,937.0,927.0,935.0,3100000,-1.0,-1.0,-1.0
2016/09/05,945.0,947.0,937.0,939.0,1880000,-1.0,-1.0,-1.0
2016/09/06,943.0,949.0,939.0,948.0,2842000,-1.0,-1.0,-1.0
2016/09/07,938.0,943.0,932.0,943.0,3032000,-1.0,-1.0,-1.0
2016/09/08,944.0,950.0,936.0,948.0,4562000,-1.0,-1.0,-1.0
2016/09/09,954.0,957.0,942.0,947.0,5170000,-1.0,-1.0,-1.0
2016/09/12,939.0,942.0,930.0,935.0,2528000,-1.0,-1.0,-1.0
2016/09/13,937.0,940.0,928.0,935.0,1772000,-1.0,-1.0,-1.0
2016/09/14,930.0,936.0,927.0,931.0,2278000,-1.0,-1.0,-1.0
2016/09/15,933.0,933.0,919.0,923.0,3024000,-1.0,-1.0,-1.0
2016/09/16,922.0,923.0,916.0,919.0,2612000,-1.0,-1.0,-1.0
2016/09/20,911.0,930.0,906.0,929.0,3276000,-1.0,-1.0,-1.0
2016/09/21,930.0,943.0,911.0,941.0,3598000,-1.0,-1.0,-1.0
2016/09/23,942.0,943.0,925.0,927.0,3874000,-1.0,-1.0,-1.0
2016/09/26,926.0,931.0,918.0,921.0,2352000,-1.0,-1.0,-1.0
2016/09/27,918.0,929.0,905.0,929.0,2874000,-1.0,-1.0,-1.0
2016/09/28,913.0,915.0,904.0,909.0,2270000,-1.0,-1.0,-1.0
2016/09/29,918.0,925.0,915.0,923.0,2334000,-1.0,-1.0,-1.0
2016/09/30,915.0,917.0,904.0,908.0,3792000,-1.0,-1.0,-1.0
2016/10/03,919.0,925.0,915.0,920.0,2234000,-1.0,-1.0,-1.0
2016/10/04,927.0,930.0,921.0,930.0,3488000,-1.0,-1.0,-1.0
2016/10/05,928.0,937.0,926.0,936.0,2688000,-1.0,-1.0,-1.0
2016/10/06,937.0,942.0,935.0,940.0,2528000,-1.0,-1.0,-1.0
2016/10/07,935.0,940.0,931.0,938.0,2320000,-1.0,-1.0,-1.0
2016/10/11,941.0,944.0,935.0,939.0,2524000,-1.0,-1.0,-1.0
2016/10/12,930.0,944.0,927.0,937.0,3712000,-1.0,-1.0,-1.0
2016/10/13,938.0,943.0,932.0,935.0,2256000,-1.0,-1.0,-1.0
2016/10/14,929.0,935.0,922.0,932.0,3366000,-1.0,-1.0,-1.0
2016/10/17,933.0,950.0,933.0,948.0,3846000,-1.0,-1.0,-1.0
2016/10/18,944.0,960.0,943.0,957.0,3474000,-1.0,-1.0,-1.0
2016/10/19,951.0,954.0,946.0,951.0,3356000,-1.0,-1.0,-1.0
2016/10/20,953.0,963.0,950.0,963.0,3554000,-1.0,-1.0,-1.0
2016/10/21,964.0,975.0,959.0,969.0,2978000,-1.0,-1.0,-1.0
2016/10/24,970.0,989.0,969.0,989.0,3584000,-1.0,-1.0,-1.0
2016/10/25,988.0,990.0,982.0,989.0,2780000,-1.0,-1.0,-1.0
2016/10/26,985.0,995.0,984.0,993.0,3046000,-1.0,-1.0,-1.0
2016/10/27,992.0,995.0,985.0,990.0,2346000,-1.0,-1.0,-1.0
2016/10/28,994.0,997.0,987.0,994.0,3818000,-1.0,-1.0,-1.0
2016/10/31,992.0,993.0,985.0,988.0,2678000,-1.0,-1.0,-1.0
2016/11/01,990.0,991.0,981.0,988.0,3426000,-1.0,-1.0,-1.0
2016/11/02,976.0,978.0,968.0,976.0,2924000,-1.0,-1.0,-1.0
2016/11/04,966.0,969.0,953.0,962.0,3706000,-1.0,-1.0,-1.0
2016/11/07,968.0,976.0,964.0,968.0,2886000,-1.0,-1.0,-1.0
2016/11/08,970.0,973.0,964.0,970.0,2580000,-1.0,-1.0,-1.0
2016/11/09,976.0,982.0,923.0,932.0,5806000,-1.0,-1.0,-1.0
2016/11/10,977.0,984.0,947.0,982.0,4350000,-1.0,-1.0,-1.0
2016/11/11,991.0,992.0,970.0,973.0,4520000,-1.0,-1.0,-1.0
2016/11/14,988.0,998.0,976.0,995.0,4072000,-1.0,-1.0,-1.0
2016/11/15,991.0,991.0,980.0,988.0,3948000,-1.0,-1.0,-1.0
2016/11/16,996.0,1002.0,991.0,1001.0,4086000,-1.0,-1.0,-1.0
2016/11/17,992.0,1006.0,985.0,1004.0,4076000,-1.0,-1.0,-1.0
2016/11/18,1010.0,1011.0,1005.0,1008.0,4020000,-1.0,-1.0,-1.0
2016/11/21,1015.0,1021.0,1009.0,1020.0,3050000,-1.0,-1.0,-1.0
2016/11/22,1030.0,1030.0,1017.0,1026.0,2326000,-1.0,-1.0,-1.0
2016/11/24,1031.0,1039.0,1025.0,1034.0,3772000,-1.0,-1.0,-1.0
2016/11/25,1038.0,1045.0,1036.0,1042.0,3070000,-1.0,-1.0,-1.0
2016/11/28,1035.0,1049.0,1035.0,1046.0,3108000,-1.0,-1.0,-1.0
2016/11/29,1042.0,1050.0,1041.0,1047.0,3338000,-1.0,-1.0,-1.0
2016/11/30,1041.0,1043.0,1033.0,1037.0,4920000,-1.0,-1.0,-1.0
2016/12/01,1048.0,1069.0,1046.0,1059.0,5216000,-1.0,-1.0,-1.0
2016/12/02,1053.0,1068.0,1053.0,1066.0,3460000,-1.0,-1.0,-1.0
2016/12/05,1055.0,1059.0,1045.0,1052.0,3888000,-1.0,-1.0,-1.0
2016/12/06,1063.0,1064.0,1045.0,1054.0,5230000,-1.0,-1.0,-1.0
2016/12/07,1065.0,1066.0,1057.0,1062.0,3032000,-1.0,-1.0,-1.0
2016/12/08,1079.0,1084.0,1067.0,1078.0,5592000,-1.0,-1.0,-1.0
2016/12/09,1085.0,1095.0,1080.0,1093.0,7350000,-1.0,-1.0,-1.0
2016/12/12,1095.0,1099.0,1091.0,1096.0,8594000,-1.0,-1.0,-1.0
2016/12/13,1098.0,1119.0,1093.0,1119.0,4218000,-1.0,-1.0,-1.0
2016/12/14,1119.0,1119.0,1108.0,1114.0,3698000,-1.0,-1.0,-1.0
2016/12/15,1111.0,1124.0,1105.0,1120.0,3844000,-1.0,-1.0,-1.0
2016/12/16,1130.0,1130.0,1119.0,1128.0,3866000,-1.0,-1.0,-1.0
2016/12/19,1128.0,1131.0,1123.0,1131.0,2360000,-1.0,-1.0,-1.0
2016/12/20,1128.0,1138.0,1126.0,1136.0,2824000,-1.0,-1.0,-1.0
2016/12/21,1133.0,1138.0,1126.0,1127.0,2708000,-1.0,-1.0,-1.0
2016/12/22,1123.0,1129.0,1118.0,1126.0,2978000,-1.0,-1.0,-1.0
2016/12/26,1133.0,1141.0,1130.0,1138.0,2290000,-1.0,-1.0,-1.0
2016/12/27,1139.0,1140.0,1131.0,1135.0,3632000,-1.0,-1.0,-1.0
2016/12/28,1136.0,1141.0,1130.0,1137.0,2232000,-1.0,-1.0,-1.0
2016/12/29,1125.0,1130.0,1110.0,1113.0,4790000,-1.0,-1.0,-1.0
2016/12/30,1112.0,1120.0,1110.0,1116.0,2600000,-1.0,-1.0,-1.0
2017/01/04,1128.0,1159.0,1127.0,1157.0,5552000,-1.0,-1.0,-1.0
2017/01/05,1150.0,1162.0,1144.0,1159.0,5400000,-1.0,-1.0,-1.0
2017/01/06,1159.0,1169.0,1154.0,1161.0,3970000,-1.0,-1.0,-1.0
2017/01/10,1156.0,1161.0,1144.0,1144.0,3206000,-1.0,-1.0,-1.0
2017/01/11,1153.0,1159.0,1148.0,1154.0,3860000,-1.0,-1.0,-1.0
2017/01/12,1155.0,1155.0,1133.0,1137.0,3774000,-1.0,-1.0,-1.0
2017/01/13,1133.0,1148.0,1131.0,1148.0,4086000,-1.0,-1.0,-1.0
2017/01/16,1140.0,1146.0,1132.0,1133.0,2392000,-1.0,-1.0,-1.0
2017/01/17,1136.0,1138.0,1113.0,1113.0,3714000,-1.0,-1.0,-1.0
2017/01/18,1110.0,1123.0,1107.0,1117.0,3524000,-1.0,-1.0,-1.0
2017/01/19,1124.0,1135.0,1124.0,1129.0,2788000,-1.0,-1.0,-1.0
2017/01/20,1119.0,1131.0,1119.0,1129.0,3338000,-1.0,-1.0,-1.0
2017/01/23,1110.0,1115.0,1106.0,1106.0,2858000,-1.0,-1.0,-1.0
2017/01/24,1106.0,1110.0,1099.0,1101.0,3152000,-1.0,-1.0,-1.0
2017/01/25,1115.0,1122.0,1106.0,1114.0,3178000,-1.0,-1.0,-1.0
2017/01/26,1121.0,1128.0,1121.0,1124.0,2910000,-1.0,-1.0,-1.0
2017/01/27,1130.0,1137.0,1120.0,1125.0,4158000,-1.0,-1.0,-1.0
2017/01/30,1120.0,1121.0,1113.0,1120.0,2504000,-1.0,-1.0,-1.0
2017/01/31,1108.0,1120.0,1105.0,1109.0,3428000,-1.0,-1.0,-1.0
2017/02/01,1100.0,1106.0,1093.0,1104.0,4328000,-1.0,-1.0,-1.0
2017/02/02,1108.0,1111.0,1086.0,1088.0,4424000,-1.0,-1.0,-1.0
2017/02/03,1095.0,1099.0,1087.0,1097.0,2948000,-1.0,-1.0,-1.0
2017/02/06,1102.0,1103.0,1085.0,1092.0,2706000,-1.0,-1.0,-1.0
2017/02/07,1082.0,1097.0,1082.0,1093.0,3500000,-1.0,-1.0,-1.0
2017/02/08,1097.0,1103.0,1092.0,1101.0,3172000,-1.0,-1.0,-1.0
2017/02/09,1093.0,1099.0,1081.0,1086.0,3014000,-1.0,-1.0,-1.0
2017/02/10,1106.0,1112.0,1098.0,1111.0,4214000,-1.0,-1.0,-1.0
2017/02/13,1135.0,1140.0,1126.0,1133.0,3422000,-1.0,-1.0,-1.0
2017/02/14,1137.0,1142.0,1122.0,1124.0,3804000,-1.0,-1.0,-1.0
2017/02/15,1136.0,1141.0,1130.0,1137.0,3754000,-1.0,-1.0,-1.0
2017/02/16,1137.0,1138.0,1127.0,1130.0,2402000,-1.0,-1.0,-1.0
2017/02/17,1122.0,1126.0,1116.0,1121.0,2438000,-1.0,-1.0,-1.0
2017/02/20,1115.0,1130.0,1111.0,1129.0,1920000,-1.0,-1.0,-1.0
2017/02/21,1124.0,1136.0,1124.0,1136.0,1710000,-1.0,-1.0,-1.0
2017/02/22,1137.0,1139.0,1129.0,1133.0,2582000,-1.0,-1.0,-1.0
2017/02/23,1136.0,1136.0,1127.0,1133.0,2288000,-1.0,-1.0,-1.0
2017/02/24,1127.0,1139.0,1127.0,1128.0,1964000,-1.0,-1.0,-1.0
2017/02/27,1121.0,1125.0,1113.0,1119.0,2664000,-1.0,-1.0,-1.0
2017/02/28,1125.0,1140.0,1125.0,1132.0,3258000,-1.0,-1.0,-1.0
2017/03/01,1132.0,1144.0,1130.0,1140.0,2684000,-1.0,-1.0,-1.0
2017/03/02,1151.0,1159.0,1150.0,1150.0,3210000,-1.0,-1.0,-1.0
2017/03/03,1154.0,1159.0,1147.0,1152.0,3102000,-1.0,-1.0,-1.0
2017/03/06,1145.0,1160.0,1144.0,1157.0,2518000,-1.0,-1.0,-1.0
2017/03/07,1161.0,1168.0,1158.0,1160.0,3130000,-1.0,-1.0,-1.0
2017/03/08,1155.0,1162.0,1149.0,1153.0,2512000,-1.0,-1.0,-1.0
2017/03/09,1160.0,1162.0,1151.0,1151.0,3176000,-1.0,-1.0,-1.0
2017/03/10,1163.0,1174.0,1157.0,1171.0,5592000,-1.0,-1.0,-1.0
2017/03/13,1174.0,1178.0,1169.0,1173.0,2338000,-1.0,-1.0,-1.0
2017/03/14,1176.0,1180.0,1170.0,1174.0,1864000,-1.0,-1.0,-1.0
2017/03/15,1169.0,1180.0,1162.0,1177.0,2588000,-1.0,-1.0,-1.0
2017/03/16,1166.0,1182.0,1161.0,1182.0,3554000,-1.0,-1.0,-1.0
2017/03/17,1175.0,1188.0,1169.0,1184.0,6188000,-1.0,-1.0,-1.0
2017/03/21,1176.0,1195.0,1174.0,1192.0,4038000,-1.0,-1.0,-1.0
2017/03/22,1172.0,1186.0,1160.0,1161.0,4240000,-1.0,-1.0,-1.0
2017/03/23,1165.0,1166.0,1155.0,1161.0,2362000,-1.0,-1.0,-1.0
2017/03/24,1166.0,1175.0,1163.0,1164.0,3094000,-1.0,-1.0,-1.0
2017/03/27,1149.0,1152.0,1139.0,1144.0,2642000,-1.0,-1.0,-1.0
2017/03/28,1154.0,1164.0,1154.0,1158.0,2842000,-1.0,-1.0,-1.0
2017/03/29,1155.0,1158.0,1146.0,1150.0,2102000,-1.0,-1.0,-1.0
2017/03/30,1144.0,1149.0,1136.0,1137.0,1774000,-1.0,-1.0,-1.0
2017/03/31,1149.0,1153.0,1135.0,1135.0,4712000,-1.0,-1.0,-1.0
2017/04/03,1141.0,1147.0,1139.0,1140.0,2286000,-1.0,-1.0,-1.0
2017/04/04,1139.0,1145.0,1127.0,1135.0,2786000,-1.0,-1.0,-1.0
2017/04/05,1139.0,1142.0,1129.0,1133.0,2822000,-1.0,-1.0,-1.0
2017/04/06,1126.0,1126.0,1107.0,1109.0,4158000,-1.0,-1.0,-1.0
2017/04/07,1120.0,1123.0,1106.0,1115.0,5660000,-1.0,-1.0,-1.0
2017/04/10,1126.0,1131.0,1118.0,1122.0,2442000,-1.0,-1.0,-1.0
2017/04/11,1115.0,1125.0,1114.0,1120.0,2220000,-1.0,-1.0,-1.0
2017/04/12,1110.0,1111.0,1103.0,1108.0,2876000,-1.0,-1.0,-1.0
2017/04/13,1103.0,1106.0,1094.0,1098.0,2598000,-1.0,-1.0,-1.0
2017/04/14,1113.0,1114.0,1084.0,1088.0,3304000,-1.0,-1.0,-1.0
2017/04/17,1084.0,1093.0,1081.0,1092.0,1744000,-1.0,-1.0,-1.0
2017/04/18,1104.0,1106.0,1091.0,1094.0,2620000,-1.0,-1.0,-1.0
2017/04/19,1099.0,1101.0,1088.0,1091.0,4204000,-1.0,-1.0,-1.0
2017/04/20,1091.0,1091.0,1083.0,1085.0,3602000,-1.0,-1.0,-1.0
2017/04/21,1090.0,1093.0,1082.0,1088.0,5032000,-1.0,-1.0,-1.0
2017/04/24,1104.0,1106.0,1095.0,1103.0,2546000,-1.0,-1.0,-1.0
2017/04/25,1098.0,1109.0,1096.0,1107.0,2804000,-1.0,-1.0,-1.0
2017/04/26,1117.0,1123.0,1114.0,1122.0,3000000,-1.0,-1.0,-1.0
2017/04/27,1114.0,1122.0,1114.0,1120.0,3120000,-1.0,-1.0,-1.0
2017/04/28,1118.0,1125.0,1118.0,1121.0,3262000,-1.0,-1.0,-1.0
2017/05/01,1122.0,1127.0,1117.0,1125.0,2112000,-1.0,-1.0,-1.0
2017/05/02,1135.0,1139.0,1130.0,1133.0,4200000,-1.0,-1.0,-1.0
2017/05/08,1147.0,1179.0,1142.0,1176.0,5098000,-1.0,-1.0,-1.0
2017/05/09,1171.0,1178.0,1170.0,1173.0,4190000,-1.0,-1.0,-1.0
2017/05/10,1175.0,1187.0,1175.0,1178.0,3588000,-1.0,-1.0,-1.0
2017/05/11,1175.0,1176.0,1163.0,1164.0,3278000,-1.0,-1.0,-1.0
2017/05/12,1171.0,1180.0,1157.0,1165.0,3400000,-1.0,-1.0,-1.0
2017/05/15,1200.0,1219.0,1196.0,1216.0,6552000,-1.0,-1.0,-1.0
2017/05/16,1214.0,1221.0,1207.0,1220.0,4504000,-1.0,-1.0,-1.0
2017/05/17,1207.0,1211.0,1197.0,1201.0,4076000,-1.0,-1.0,-1.0
2017/05/18,1187.0,1193.0,1180.0,1190.0,5056000,-1.0,-1.0,-1.0
2017/05/19,1178.0,1179.0,1147.0,1156.0,7522000,-1.0,-1.0,-1.0
2017/05/22,1174.0,1174.0,1160.0,1171.0,5268000,-1.0,-1.0,-1.0
2017/05/23,1169.0,1194.0,1168.0,1191.0,4060000,-1.0,-1.0,-1.0
2017/05/24,1201.0,1226.0,1200.0,1226.0,6672000,-1.0,-1.0,-1.0
2017/05/25,1219.0,1232.0,1219.0,1231.0,4770000,-1.0,-1.0,-1.0
2017/05/26,1227.0,1229.0,1208.0,1209.0,3040000,-1.0,-1.0,-1.0
2017/05/29,1209.0,1229.0,1209.0,1226.0,1938000,-1.0,-1.0,-1.0
2017/05/30,1222.0,1231.0,1219.0,1228.0,2482000,-1.0,-1.0,-1.0
2017/05/31,1223.0,1225.0,1208.0,1220.0,6664000,-1.0,-1.0,-1.0
2017/06/01,1220.0,1250.0,1220.0,1250.0,4420000,-1.0,-1.0,-1.0
2017/06/02,1250.0,1258.0,1244.0,1256.0,5374000,-1.0,-1.0,-1.0
2017/06/05,1258.0,1265.0,1255.0,1257.0,2368000,-1.0,-1.0,-1.0
2017/06/06,1255.0,1256.0,1238.0,1240.0,3450000,-1.0,-1.0,-1.0
2017/06/07,1238.0,1241.0,1226.0,1237.0,3148000,-1.0,-1.0,-1.0
2017/06/08,1249.0,1249.0,1231.0,1232.0,4372000,-1.0,-1.0,-1.0
2017/06/09,1241.0,1266.0,1239.0,1249.0,8068000,-1.0,-1.0,-1.0
2017/06/12,1245.0,1247.0,1234.0,1240.0,4230000,-1.0,-1.0,-1.0
2017/06/13,1237.0,1248.0,1236.0,1238.0,2208000,-1.0,-1.0,-1.0
2017/06/14,1242.0,1245.0,1233.0,1237.0,2556000,-1.0,-1.0,-1.0
2017/06/15,1232.0,1242.0,1225.0,1239.0,3868000,-1.0,-1.0,-1.0
2017/06/16,1243.0,1246.0,1228.0,1232.0,4774000,-1.0,-1.0,-1.0
2017/06/19,1235.0,1253.0,1233.0,1251.0,2600000,-1.0,-1.0,-1.0
2017/06/20,1254.0,1263.0,1253.0,1258.0,3516000,-1.0,-1.0,-1.0
2017/06/21,1250.0,1258.0,1247.0,1248.0,2768000,-1.0,-1.0,-1.0
2017/06/22,1254.0,1257.0,1246.0,1253.0,3840000,-1.0,-1.0,-1.0
2017/06/23,1254.0,1254.0,1242.0,1244.0,2830000,-1.0,-1.0,-1.0
2017/06/26,1242.0,1248.0,1235.0,1235.0,2844000,-1.0,-1.0,-1.0
2017/06/27,1241.0,1244.0,1236.0,1242.0,2828000,-1.0,-1.0,-1.0
2017/06/28,1235.0,1243.0,1232.0,1239.0,2912000,-1.0,-1.0,-1.0
2017/06/29,1249.0,1263.0,1247.0,1261.0,2874000,-1.0,-1.0,-1.0
2017/06/30,1248.0,1251.0,1230.0,1232.0,3536000,-1.0,-1.0,-1.0
2017/07/03,1230.0,1233.0,1226.0,1229.0,1740000,-1.0,-1.0,-1.0
2017/07/04,1239.0,1239.0,1217.0,1219.0,2688000,-1.0,-1.0,-1.0
2017/07/05,1213.0,1220.0,1207.0,1217.0,3854000,-1.0,-1.0,-1.0
2017/07/06,1221.0,1221.0,1207.0,1214.0,3384000,-1.0,-1.0,-1.0
2017/07/07,1205.0,1214.0,1198.0,1201.0,3454000,-1.0,-1.0,-1.0
2017/07/10,1215.0,1217.0,1208.0,1209.0,3094000,-1.0,-1.0,-1.0
2017/07/11,1208.0,1224.0,1206.0,1223.0,2336000,-1.0,-1.0,-1.0
2017/07/12,1223.0,1225.0,1209.0,1214.0,2324000,-1.0,-1.0,-1.0
2017/07/13,1219.0,1222.0,1207.0,1212.0,2810000,-1.0,-1.0,-1.0
2017/07/14,1216.0,1220.0,1211.0,1218.0,3090000,-1.0,-1.0,-1.0
2017/07/18,1209.0,1211.0,1200.0,1203.0,2446000,-1.0,-1.0,-1.0
2017/07/19,1202.0,1213.0,1202.0,1208.0,1878000,-1.0,-1.0,-1.0
2017/07/20,1211.0,1221.0,1209.0,1216.0,2498000,-1.0,-1.0,-1.0
2017/07/21,1209.0,1212.0,1203.0,1210.0,3150000,-1.0,-1.0,-1.0
2017/07/24,1202.0,1207.0,1194.0,1201.0,2786000,-1.0,-1.0,-1.0
2017/07/25,1204.0,1208.0,1198.0,1199.0,2814000,-1.0,-1.0,-1.0
2017/07/26,1203.0,1203.0,1192.0,1198.0,2544000,-1.0,-1.0,-1.0
2017/07/27,1197.0,1197.0,1182.0,1184.0,4292000,-1.0,-1.0,-1.0
2017/07/28,1183.0,1186.0,1179.0,1182.0,2922000,-1.0,-1.0,-1.0
2017/07/31,1179.0,1180.0,1166.0,1166.0,4050000,-1.0,-1.0,-1.0
2017/08/01,1174.0,1180.0,1171.0,1176.0,2252000,-1.0,-1.0,-1.0
2017/08/02,1179.0,1183.0,1168.0,1170.0,2728000,-1.0,-1.0,-1.0
2017/08/03,1169.0,1174.0,1167.0,1170.0,2286000,-1.0,-1.0,-1.0
2017/08/04,1175.0,1178.0,1165.0,1169.0,2270000,-1.0,-1.0,-1.0
2017/08/07,1176.0,1182.0,1174.0,1174.0,2264000,-1.0,-1.0,-1.0
2017/08/08,1175.0,1181.0,1173.0,1178.0,2508000,-1.0,-1.0,-1.0
2017/08/09,1173.0,1177.0,1149.0,1151.0,4770000,-1.0,-1.0,-1.0
2017/08/10,1147.0,1150.0,1112.0,1115.0,8980000,-1.0,-1.0,-1.0
2017/08/14,1115.0,1133.0,1107.0,1110.0,7550000,-1.0,-1.0,-1.0
2017/08/15,1118.0,1128.0,1114.0,1115.0,3638000,-1.0,-1.0,-1.0
2017/08/16,1111.0,1125.0,1109.0,1122.0,2848000,-1.0,-1.0,-1.0
2017/08/17,1122.0,1122.0,1115.0,1116.0,2352000,-1.0,-1.0,-1.0
2017/08/18,1107.0,1109.0,1102.0,1105.0,2916000,-1.0,-1.0,-1.0
2017/08/21,1108.0,1122.0,1105.0,1117.0,3628000,-1.0,-1.0,-1.0
2017/08/22,1113.0,1122.0,1108.0,1110.0,2262000,-1.0,-1.0,-1.0
2017/08/23,1118.0,1119.0,1103.0,1105.0,3342000,-1.0,-1.0,-1.0
2017/08/24,1103.0,1109.0,1093.0,1093.0,3206000,-1.0,-1.0,-1.0
2017/08/25,1097.0,1097.0,1089.0,1091.0,2262000,-1.0,-1.0,-1.0
2017/08/28,1100.0,1104.0,1090.0,1098.0,2098000,-1.0,-1.0,-1.0
2017/08/29,1090.0,1095.0,1087.0,1092.0,2426000,-1.0,-1.0,-1.0
2017/08/30,1101.0,1104.0,1094.0,1101.0,2286000,-1.0,-1.0,-1.0
2017/08/31,1100.0,1110.0,1098.0,1101.0,3254000,-1.0,-1.0,-1.0
2017/09/01,1111.0,1112.0,1099.0,1106.0,2298000,-1.0,-1.0,-1.0
2017/09/04,1100.0,1101.0,1087.0,1092.0,2300000,-1.0,-1.0,-1.0
2017/09/05,1102.0,1102.0,1086.0,1087.0,2610000,-1.0,-1.0,-1.0
2017/09/06,1092.0,1094.0,1084.0,1093.0,3470000,-1.0,-1.0,-1.0
2017/09/07,1090.0,1105.0,1090.0,1103.0,3626000,-1.0,-1.0,-1.0
2017/09/08,1105.0,1109.0,1093.0,1097.0,5224000,-1.0,-1.0,-1.0
2017/09/11,1110.0,1114.0,1099.0,1102.0,2852000,-1.0,-1.0,-1.0
2017/09/12,1113.0,1113.0,1102.0,1104.0,2040000,-1.0,-1.0,-1.0
2017/09/13,1111.0,1117.0,1105.0,1117.0,2370000,-1.0,-1.0,-1.0
2017/09/14,1118.0,1119.0,1106.0,1107.0,2776000,-1.0,-1.0,-1.0
2017/09/15,1112.0,1112.0,1090.0,1090.0,6370000,-1.0,-1.0,-1.0
2017/09/19,1098.0,1116.0,1093.0,1114.0,4070000,-1.0,-1.0,-1.0
2017/09/20,1110.0,1115.0,1103.0,1107.0,3126000,-1.0,-1.0,-1.0
2017/09/21,1115.0,1136.0,1115.0,1123.0,4594000,-1.0,-1.0,-1.0
2017/09/22,1130.0,1131.0,1119.0,1125.0,3664000,-1.0,-1.0,-1.0
2017/09/25,1132.0,1133.0,1126.0,1128.0,2560000,-1.0,-1.0,-1.0
2017/09/26,1124.0,1132.0,1121.0,1126.0,3222000,-1.0,-1.0,-1.0
2017/09/27,1123.0,1123.0,1105.0,1107.0,3088000,-1.0,-1.0,-1.0
2017/09/28,1108.0,1111.0,1106.0,1111.0,3938000,-1.0,-1.0,-1.0
2017/09/29,1110.0,1118.0,1108.0,1116.0,3864000,-1.0,-1.0,-1.0
2017/10/02,1119.0,1120.0,1114.0,1118.0,2278000,-1.0,-1.0,-1.0
2017/10/03,1123.0,1129.0,1121.0,1129.0,2848000,-1.0,-1.0,-1.0
2017/10/04,1130.0,1133.0,1118.0,1122.0,2600000,-1.0,-1.0,-1.0
2017/10/05,1118.0,1127.0,1118.0,1122.0,2322000,-1.0,-1.0,-1.0
2017/10/06,1119.0,1120.0,1111.0,1116.0,3262000,-1.0,-1.0,-1.0
2017/10/10,1112.0,1114.0,1105.0,1113.0,3342000,-1.0,-1.0,-1.0
2017/10/11,1108.0,1116.0,1105.0,1112.0,2438000,-1.0,-1.0,-1.0
2017/10/12,1109.0,1119.0,1106.0,1115.0,3326000,-1.0,-1.0,-1.0
2017/10/13,1115.0,1123.0,1108.0,1118.0,4912000,-1.0,-1.0,-1.0
2017/10/16,1123.0,1135.0,1122.0,1133.0,2708000,-1.0,-1.0,-1.0
2017/10/17,1138.0,1143.0,1135.0,1140.0,3106000,-1.0,-1.0,-1.0
2017/10/18,1139.0,1148.0,1139.0,1146.0,3164000,-1.0,-1.0,-1.0
2017/10/19,1150.0,1155.0,1145.0,1148.0,3560000,-1.0,-1.0,-1.0
2017/10/20,1145.0,1151.0,1143.0,1149.0,2510000,-1.0,-1.0,-1.0
2017/10/23,1154.0,1161.0,1151.0,1157.0,3242000,-1.0,-1.0,-1.0
2017/10/24,1165.0,1174.0,1163.0,1173.0,3568000,-1.0,-1.0,-1.0
2017/10/25,1180.0,1181.0,1158.0,1161.0,3530000,-1.0,-1.0,-1.0
2017/10/26,1165.0,1172.0,1155.0,1158.0,2246000,-1.0,-1.0,-1.0
2017/10/27,1170.0,1184.0,1165.0,1177.0,3550000,-1.0,-1.0,-1.0
2017/10/30,1166.0,1166.0,1158.0,1161.0,4392000,-1.0,-1.0,-1.0
2017/10/31,1158.0,1158.0,1147.0,1148.0,4712000,-1.0,-1.0,-1.0
2017/11/01,1155.0,1161.0,1149.0,1158.0,3492000,-1.0,-1.0,-1.0
2017/11/02,1161.0,1169.0,1154.0,1168.0,3898000,-1.0,-1.0,-1.0
2017/11/06,1170.0,1170.0,1156.0,1157.0,3456000,-1.0,-1.0,-1.0
2017/11/07,1156.0,1176.0,1149.0,1176.0,4790000,-1.0,-1.0,-1.0
2017/11/08,1178.0,1188.0,1171.0,1184.0,5576000,-1.0,-1.0,-1.0
2017/11/09,1145.0,1148.0,1112.0,1121.0,14346000,-1.0,-1.0,-1.0
2017/11/10,1118.0,1141.0,1104.0,1105.0,8318000,-1.0,-1.0,-1.0
2017/11/13,1105.0,1105.0,1071.0,1072.0,5632000,-1.0,-1.0,-1.0
2017/11/14,1070.0,1072.0,1060.0,1061.0,6574000,-1.0,-1.0,-1.0
2017/11/15,1061.0,1063.0,1045.0,1045.0,6844000,-1.0,-1.0,-1.0
2017/11/16,1049.0,1062.0,1045.0,1058.0,5354000,-1.0,-1.0,-1.0
2017/11/17,1072.0,1076.0,1052.0,1058.0,6370000,-1.0,-1.0,-1.0
2017/11/20,1053.0,1057.0,1047.0,1051.0,3144000,-1.0,-1.0,-1.0
2017/11/21,1047.0,1052.0,1041.0,1042.0,4990000,-1.0,-1.0,-1.0
2017/11/22,1045.0,1050.0,1036.0,1037.0,4234000,-1.0,-1.0,-1.0
2017/11/24,1037.0,1043.0,1026.0,1038.0,3754000,-1.0,-1.0,-1.0
2017/11/27,1044.0,1047.0,1028.0,1029.0,3680000,-1.0,-1.0,-1.0
2017/11/28,1026.0,1034.0,1021.0,1023.0,4678000,-1.0,-1.0,-1.0
2017/11/29,1034.0,1042.0,1034.0,1040.0,4402000,-1.0,-1.0,-1.0
2017/11/30,1043.0,1048.0,1035.0,1046.0,10148000,-1.0,-1.0,-1.0
2017/12/01,1053.0,1057.0,1039.0,1043.0,4440000,-1.0,-1.0,-1.0
2017/12/04,1048.0,1049.0,1030.0,1031.0,3842000,-1.0,-1.0,-1.0
2017/12/05,1027.0,1045.0,1024.0,1041.0,4050000,-1.0,-1.0,-1.0
2017/12/06,1044.0,1046.0,1024.0,1028.0,4332000,-1.0,-1.0,-1.0
2017/12/07,1035.0,1044.0,1032.0,1038.0,5134000,-1.0,-1.0,-1.0
2017/12/08,1041.0,1052.0,1037.0,1038.0,5426000,-1.0,-1.0,-1.0
2017/12/11,1038.0,1041.0,1030.0,1031.0,3720000,-1.0,-1.0,-1.0
2017/12/12,1034.0,1040.0,1034.0,1036.0,3264000,-1.0,-1.0,-1.0
2017/12/13,1031.0,1037.0,1025.0,1027.0,3746000,-1.0,-1.0,-1.0
2017/12/14,1025.0,1029.0,1020.0,1024.0,3622000,-1.0,-1.0,-1.0
2017/12/15,1021.0,1022.0,1011.0,1016.0,5706000,-1.0,-1.0,-1.0
2017/12/18,1023.0,1023.0,1017.0,1020.0,2912000,-1.0,-1.0,-1.0
2017/12/19,1024.0,1025.0,1017.0,1018.0,2112000,-1.0,-1.0,-1.0
2017/12/20,1016.0,1021.0,1014.0,1017.0,3780000,-1.0,-1.0,-1.0
2017/12/21,1014.0,1017.0,1009.0,1015.0,3960000,-1.0,-1.0,-1.0
2017/12/22,1017.0,1022.0,1016.0,1021.0,2994000,-1.0,-1.0,-1.0
2017/12/25,1020.0,1021.0,1014.0,1018.0,1722000,-1.0,-1.0,-1.0
2017/12/26,1016.0,1022.0,1014.0,1014.0,2260000,-1.0,-1.0,-1.0
2017/12/27,1015.0,1018.0,1013.0,1016.0,2030000,-1.0,-1.0,-1.0
2017/12/28,1015.0,1023.0,1014.0,1016.0,2684000,-1.0,-1.0,-1.0
2017/12/29,1016.0,1024.0,1013.0,1019.0,2450000,-1.0,-1.0,-1.0
2018/01/04,1034.0,1041.0,1021.0,1034.0,6794000,-1.0,-1.0,-1.0
2018/01/05,1037.0,1052.0,1033.0,1051.0,6140000,-1.0,-1.0,-1.0
2018/01/09,1052.0,1052.0,1034.0,1044.0,5220000,-1.0,-1.0,-1.0
2018/01/10,1045.0,1057.0,1043.0,1049.0,4312000,-1.0,-1.0,-1.0
2018/01/11,1044.0,1046.0,1033.0,1044.0,4270000,-1.0,-1.0,-1.0
2018/01/12,1046.0,1054.0,1043.0,1050.0,6250000,-1.0,-1.0,-1.0
2018/01/15,1060.0,1071.0,1054.0,1056.0,5498000,-1.0,-1.0,-1.0
2018/01/16,1056.0,1060.0,1053.0,1058.0,2848000,-1.0,-1.0,-1.0
2018/01/17,1059.0,1073.0,1058.0,1071.0,4922000,-1.0,-1.0,-1.0
2018/01/18,1080.0,1083.0,1047.0,1051.0,5778000,-1.0,-1.0,-1.0
2018/01/19,1050.0,1053.0,1037.0,1040.0,5390000,-1.0,-1.0,-1.0
2018/01/22,1035.0,1038.0,1027.0,1029.0,4584000,-1.0,-1.0,-1.0
2018/01/23,1034.0,1051.0,1034.0,1049.0,3826000,-1.0,-1.0,-1.0
2018/01/24,1044.0,1056.0,1043.0,1055.0,3280000,-1.0,-1.0,-1.0
2018/01/25,1051.0,1054.0,1046.0,1050.0,3344000,-1.0,-1.0,-1.0
2018/01/26,1051.0,1058.0,1048.0,1052.0,4254000,-1.0,-1.0,-1.0
2018/01/29,1059.0,1061.0,1052.0,1054.0,2768000,-1.0,-1.0,-1.0
2018/01/30,1050.0,1059.0,1046.0,1048.0,4018000,-1.0,-1.0,-1.0
2018/01/31,1046.0,1046.0,1025.0,1025.0,5264000,-1.0,-1.0,-1.0
2018/02/01,1031.0,1053.0,1029.0,1050.0,3922000,-1.0,-1.0,-1.0
2018/02/02,1038.0,1047.0,1033.0,1044.0,3038000,-1.0,-1.0,-1.0
2018/02/05,1032.0,1035.0,1010.0,1011.0,4814000,-1.0,-1.0,-1.0
2018/02/06,973.0,979.0,945.0,961.0,8870000,-1.0,-1.0,-1.0
2018/02/07,976.0,984.0,951.0,953.0,6984000,-1.0,-1.0,-1.0
2018/02/08,950.0,959.0,946.0,948.0,6136000,-1.0,-1.0,-1.0
2018/02/09,918.0,928.0,915.0,928.0,6284000,-1.0,-1.0,-1.0
2018/02/13,937.0,945.0,916.0,917.0,7964000,-1.0,-1.0,-1.0
2018/02/14,915.0,919.0,896.0,903.0,5262000,-1.0,-1.0,-1.0
2018/02/15,913.0,915.0,903.0,905.0,3884000,-1.0,-1.0,-1.0
2018/02/16,911.0,920.0,907.0,915.0,4066000,-1.0,-1.0,-1.0
2018/02/19,929.0,940.0,924.0,940.0,2290000,-1.0,-1.0,-1.0
2018/02/20,939.0,943.0,932.0,941.0,3124000,-1.0,-1.0,-1.0
2018/02/21,940.0,945.0,931.0,934.0,4022000,-1.0,-1.0,-1.0
2018/02/22,923.0,926.0,917.0,923.0,3598000,-1.0,-1.0,-1.0
2018/02/23,924.0,933.0,923.0,930.0,3300000,-1.0,-1.0,-1.0
2018/02/26,940.0,944.0,934.0,940.0,2316000,-1.0,-1.0,-1.0
2018/02/27,955.0,956.0,945.0,949.0,3344000,-1.0,-1.0,-1.0
2018/02/28,935.0,940.0,919.0,919.0,7054000,-1.0,-1.0,-1.0
2018/03/01,915.0,916.0,900.0,902.0,3922000,-1.0,-1.0,-1.0
2018/03/02,887.0,887.0,874.0,877.0,5548000,-1.0,-1.0,-1.0
2018/03/05,874.0,878.0,871.0,876.0,4458000,-1.0,-1.0,-1.0
2018/03/06,888.0,894.0,876.0,876.0,3538000,-1.0,-1.0,-1.0
2018/03/07,873.0,877.0,867.0,872.0,4546000,-1.0,-1.0,-1.0
2018/03/08,887.0,889.0,874.0,878.0,3992000,-1.0,-1.0,-1.0
2018/03/09,891.0,910.0,885.0,893.0,6356000,-1.0,-1.0,-1.0
2018/03/12,912.0,914.0,906.0,911.0,3682000,-1.0,-1.0,-1.0
2018/03/13,902.0,912.0,901.0,911.0,2450000,-1.0,-1.0,-1.0
2018/03/14,902.0,912.0,902.0,906.0,2534000,-1.0,-1.0,-1.0
2018/03/15,901.0,903.0,889.0,898.0,2926000,-1.0,-1.0,-1.0
2018/03/16,904.0,904.0,892.0,894.0,3732000,-1.0,-1.0,-1.0
2018/03/19,890.0,893.0,878.0,882.0,2344000,-1.0,-1.0,-1.0
2018/03/20,879.0,889.0,878.0,884.0,5076000,-1.0,-1.0,-1.0
2018/03/22,891.0,891.0,874.0,882.0,4172000,-1.0,-1.0,-1.0
2018/03/23,867.0,872.0,850.0,852.0,6396000,-1.0,-1.0,-1.0
2018/03/26,848.0,858.0,838.0,858.0,3954000,-1.0,-1.0,-1.0
2018/03/27,861.0,882.0,856.0,881.0,4758000,-1.0,-1.0,-1.0
2018/03/28,866.0,866.0,848.0,858.0,4270000,-1.0,-1.0,-1.0
2018/03/29,864.0,880.0,854.0,864.0,4368000,-1.0,-1.0,-1.0
2018/03/30,870.0,876.0,859.0,873.0,2906000,-1.0,-1.0,-1.0
2018/04/02,873.0,876.0,863.0,863.0,2286000,-1.0,-1.0,-1.0
2018/04/03,851.0,855.0,840.0,853.0,4496000,-1.0,-1.0,-1.0
2018/04/04,854.0,861.0,849.0,857.0,3778000,-1.0,-1.0,-1.0
2018/04/05,865.0,879.0,863.0,870.0,3730000,-1.0,-1.0,-1.0
2018/04/06,865.0,870.0,861.0,862.0,3886000,-1.0,-1.0,-1.0
2018/04/09,867.0,871.0,861.0,866.0,2708000,-1.0,-1.0,-1.0
2018/04/10,867.0,877.0,862.0,871.0,3708000,-1.0,-1.0,-1.0
2018/04/11,871.0,872.0,864.0,866.0,2732000,-1.0,-1.0,-1.0
2018/04/12,866.0,866.0,858.0,863.0,2896000,-1.0,-1.0,-1.0
2018/04/13,869.0,878.0,868.0,876.0,3880000,-1.0,-1.0,-1.0
2018/04/16,879.0,886.0,876.0,883.0,2374000,-1.0,-1.0,-1.0
2018/04/17,881.0,892.0,878.0,881.0,3916000,-1.0,-1.0,-1.0
2018/04/18,886.0,903.0,885.0,898.0,4656000,-1.0,-1.0,-1.0
2018/04/19,904.0,914.0,901.0,906.0,3554000,-1.0,-1.0,-1.0
2018/04/20,902.0,905.0,897.0,898.0,2726000,-1.0,-1.0,-1.0
2018/04/23,900.0,902.0,893.0,895.0,2078000,-1.0,-1.0,-1.0
2018/04/24,903.0,912.0,900.0,910.0,3408000,-1.0,-1.0,-1.0
2018/04/25,903.0,905.0,892.0,903.0,3840000,-1.0,-1.0,-1.0
2018/04/26,907.0,918.0,904.0,917.0,3682000,-1.0,-1.0,-1.0
2018/04/27,920.0,921.0,909.0,916.0,2810000,-1.0,-1.0,-1.0
2018/05/01,911.0,917.0,907.0,914.0,2308000,-1.0,-1.0,-1.0
2018/05/02,921.0,921.0,912.0,915.0,2082000,-1.0,-1.0,-1.0
2018/05/07,917.0,917.0,908.0,915.0,2694000,-1.0,-1.0,-1.0
2018/05/08,914.0,925.0,911.0,919.0,2364000,-1.0,-1.0,-1.0
2018/05/09,914.0,915.0,901.0,909.0,3642000,-1.0,-1.0,-1.0
2018/05/10,900.0,915.0,896.0,912.0,2976000,-1.0,-1.0,-1.0
2018/05/11,909.0,914.0,903.0,908.0,2824000,-1.0,-1.0,-1.0
2018/05/14,900.0,906.0,890.0,894.0,4370000,-1.0,-1.0,-1.0
2018/05/15,901.0,919.0,899.0,917.0,5308000,-1.0,-1.0,-1.0
2018/05/16,910.0,910.0,899.0,904.0,4554000,-1.0,-1.0,-1.0
2018/05/17,908.0,914.0,906.0,911.0,3474000,-1.0,-1.0,-1.0
2018/05/18,912.0,924.0,908.0,923.0,3504000,-1.0,-1.0,-1.0
2018/05/21,925.0,928.0,917.0,919.0,2784000,-1.0,-1.0,-1.0
2018/05/22,925.0,925.0,911.0,917.0,2582000,-1.0,-1.0,-1.0
2018/05/23,911.0,912.0,900.0,906.0,3388000,-1.0,-1.0,-1.0
2018/05/24,906.0,911.0,896.0,904.0,3202000,-1.0,-1.0,-1.0
2018/05/25,904.0,905.0,896.0,898.0,3720000,-1.0,-1.0,-1.0
2018/05/28,898.0,903.0,889.0,901.0,2472000,-1.0,-1.0,-1.0
2018/05/29,901.0,904.0,893.0,901.0,2758000,-1.0,-1.0,-1.0
2018/05/30,890.0,896.0,885.0,888.0,4284000,-1.0,-1.0,-1.0
2018/05/31,888.0,889.0,877.0,888.0,10108000,-1.0,-1.0,-1.0
2018/06/01,882.0,901.0,880.0,890.0,4430000,-1.0,-1.0,-1.0
2018/06/04,895.0,907.0,892.0,905.0,3344000,-1.0,-1.0,-1.0
2018/06/05,909.0,916.0,909.0,915.0,2908000,-1.0,-1.0,-1.0
2018/06/06,917.0,934.0,916.0,932.0,3656000,-1.0,-1.0,-1.0
2018/06/07,938.0,941.0,930.0,930.0,3110000,-1.0,-1.0,-1.0
2018/06/08,930.0,937.0,919.0,920.0,4412000,-1.0,-1.0,-1.0
2018/06/11,924.0,938.0,922.0,937.0,3352000,-1.0,-1.0,-1.0
2018/06/12,943.0,948.0,929.0,931.0,3396000,-1.0,-1.0,-1.0
2018/06/13,933.0,939.0,931.0,932.0,1876000,-1.0,-1.0,-1.0
2018/06/14,925.0,925.0,899.0,902.0,5558000,-1.0,-1.0,-1.0
2018/06/15,902.0,907.0,893.0,897.0,7308000,-1.0,-1.0,-1.0
2018/06/18,895.0,896.0,880.0,887.0,4494000,-1.0,-1.0,-1.0
2018/06/19,880.0,881.0,858.0,861.0,4558000,-1.0,-1.0,-1.0
2018/06/20,861.0,861.0,840.0,849.0,5134000,-1.0,-1.0,-1.0
2018/06/21,848.0,852.0,843.0,846.0,4046000,-1.0,-1.0,-1.0
2018/06/22,846.0,851.0,839.0,850.0,4996000,-1.0,-1.0,-1.0
2018/06/25,859.0,863.0,853.0,858.0,3298000,-1.0,-1.0,-1.0
2018/06/26,847.0,865.0,843.0,862.0,3066000,-1.0,-1.0,-1.0
2018/06/27,858.0,867.0,851.0,862.0,3206000,-1.0,-1.0,-1.0
2018/06/28,857.0,863.0,851.0,861.0,2782000,-1.0,-1.0,-1.0
2018/06/29,866.0,873.0,857.0,868.0,3970000,-1.0,-1.0,-1.0
2018/07/02,862.0,864.0,840.0,842.0,3104000,-1.0,-1.0,-1.0
2018/07/03,842.0,844.0,813.0,822.0,5172000,-1.0,-1.0,-1.0
2018/07/04,816.0,836.0,816.0,830.0,2976000,-1.0,-1.0,-1.0
2018/07/05,829.0,832.0,819.0,824.0,2248000,-1.0,-1.0,-1.0
2018/07/06,827.0,829.0,818.0,819.0,5260000,-1.0,-1.0,-1.0
2018/07/09,824.0,829.0,820.0,829.0,2528000,-1.0,-1.0,-1.0
2018/07/10,832.0,842.0,832.0,836.0,3192000,-1.0,-1.0,-1.0
2018/07/11,826.0,826.0,812.0,820.0,3092000,-1.0,-1.0,-1.0
2018/07/12,818.0,826.0,813.0,816.0,3268000,-1.0,-1.0,-1.0
2018/07/13,831.0,834.0,821.0,829.0,4876000,-1.0,-1.0,-1.0
2018/07/17,827.0,840.0,822.0,835.0,2304000,-1.0,-1.0,-1.0
2018/07/18,840.0,846.0,837.0,838.0,2004000,-1.0,-1.0,-1.0
2018/07/19,836.0,838.0,832.0,836.0,2160000,-1.0,-1.0,-1.0
2018/07/20,830.0,839.0,824.0,831.0,3220000,-1.0,-1.0,-1.0
2018/07/23,825.0,836.0,825.0,832.0,1674000,-1.0,-1.0,-1.0
2018/07/24,841.0,851.0,838.0,847.0,2216000,-1.0,-1.0,-1.0
2018/07/25,849.0,853.0,844.0,852.0,2352000,-1.0,-1.0,-1.0
2018/07/26,861.0,865.0,855.0,860.0,3468000,-1.0,-1.0,-1.0
2018/07/27,856.0,860.0,852.0,859.0,2824000,-1.0,-1.0,-1.0
2018/07/30,856.0,860.0,852.0,855.0,3094000,-1.0,-1.0,-1.0
2018/07/31,856.0,865.0,849.0,859.0,4100000,-1.0,-1.0,-1.0
2018/08/01,855.0,870.0,855.0,870.0,2600000,-1.0,-1.0,-1.0
2018/08/02,867.0,881.0,867.0,873.0,4378000,-1.0,-1.0,-1.0
2018/08/03,871.0,871.0,859.0,867.0,2366000,-1.0,-1.0,-1.0
2018/08/06,861.0,871.0,859.0,867.0,2320000,-1.0,-1.0,-1.0
2018/08/07,867.0,875.0,863.0,874.0,1472000,-1.0,-1.0,-1.0
2018/08/08,870.0,875.0,864.0,867.0,2642000,-1.0,-1.0,-1.0
2018/08/09,869.0,869.0,859.0,869.0,2356000,-1.0,-1.0,-1.0
2018/08/10,872.0,877.0,857.0,867.0,3950000,-1.0,-1.0,-1.0
2018/08/13,843.0,846.0,815.0,822.0,5822000,-1.0,-1.0,-1.0
2018/08/14,826.0,841.0,824.0,841.0,2854000,-1.0,-1.0,-1.0
2018/08/15,845.0,856.0,832.0,840.0,2706000,-1.0,-1.0,-1.0
2018/08/16,832.0,846.0,830.0,844.0,3082000,-1.0,-1.0,-1.0
2018/08/17,853.0,861.0,850.0,859.0,2326000,-1.0,-1.0,-1.0
2018/08/20,863.0,868.0,855.0,856.0,2654000,-1.0,-1.0,-1.0
2018/08/21,857.0,862.0,853.0,859.0,3398000,-1.0,-1.0,-1.0
2018/08/22,864.0,871.0,859.0,871.0,2676000,-1.0,-1.0,-1.0
2018/08/23,878.0,888.0,877.0,881.0,3200000,-1.0,-1.0,-1.0
2018/08/24,882.0,886.0,873.0,877.0,1876000,-1.0,-1.0,-1.0
2018/08/27,882.0,884.0,875.0,880.0,1728000,-1.0,-1.0,-1.0
2018/08/28,880.0,888.0,875.0,875.0,2630000,-1.0,-1.0,-1.0
2018/08/29,882.0,889.0,879.0,884.0,2646000,-1.0,-1.0,-1.0
2018/08/30,889.0,889.0,876.0,879.0,2772000,-1.0,-1.0,-1.0
2018/08/31,874.0,874.0,865.0,867.0,3104000,-1.0,-1.0,-1.0
2018/09/03,867.0,867.0,851.0,857.0,2748000,-1.0,-1.0,-1.0
2018/09/04,864.0,872.0,856.0,866.0,2554000,-1.0,-1.0,-1.0
2018/09/05,863.0,865.0,852.0,863.0,3340000,-1.0,-1.0,-1.0
2018/09/06,860.0,870.0,848.0,851.0,4946000,-1.0,-1.0,-1.0
2018/09/07,848.0,854.0,843.0,852.0,2610000,-1.0,-1.0,-1.0
2018/09/10,849.0,861.0,849.0,859.0,2440000,-1.0,-1.0,-1.0
2018/09/11,860.0,863.0,855.0,862.0,2418000,-1.0,-1.0,-1.0
2018/09/12,860.0,866.0,855.0,864.0,2952000,-1.0,-1.0,-1.0
2018/09/13,862.0,875.0,857.0,858.0,3508000,-1.0,-1.0,-1.0
2018/09/14,866.0,876.0,862.0,876.0,4694000,-1.0,-1.0,-1.0
2018/09/18,874.0,904.0,873.0,900.0,4210000,-1.0,-1.0,-1.0
2018/09/19,915.0,918.0,907.0,911.0,2924000,-1.0,-1.0,-1.0
2018/09/20,908.0,914.0,903.0,909.0,3020000,-1.0,-1.0,-1.0
2018/09/21,919.0,930.0,914.0,923.0,5068000,-1.0,-1.0,-1.0
2018/09/25,937.0,937.0,915.0,919.0,4306000,-1.0,-1.0,-1.0
2018/09/26,903.0,904.5,888.0,903.0,1928600,-1.0,-1.0,-1.0
2018/09/27,899.5,901.0,884.0,890.0,2325400,-1.0,-1.0,-1.0
2018/09/28,902.5,913.5,897.0,912.5,2411400,-1.0,-1.0,-1.0
2018/10/01,914.0,920.0,909.5,914.0,1411000,-1.0,-1.0,-1.0
2018/10/02,918.5,925.5,913.5,915.5,1915600,-1.0,-1.0,-1.0
2018/10/03,915.5,923.0,912.0,915.5,1498400,-1.0,-1.0,-1.0
2018/10/04,925.0,928.0,916.0,920.5,1716600,-1.0,-1.0,-1.0
2018/10/05,916.5,924.5,915.0,916.5,1482000,-1.0,-1.0,-1.0
2018/10/09,913.0,915.5,902.5,904.5,1661000,-1.0,-1.0,-1.0
2018/10/10,910.0,915.0,901.5,904.5,1386200,-1.0,-1.0,-1.0
2018/10/11,881.0,890.0,866.5,871.5,2107200,-1.0,-1.0,-1.0
2018/10/12,870.0,872.5,860.0,864.5,2252000,-1.0,-1.0,-1.0
2018/10/15,852.0,857.5,818.5,827.5,3428800,-1.0,-1.0,-1.0
2018/10/16,827.5,840.5,823.5,836.0,1795800,-1.0,-1.0,-1.0
2018/10/17,829.5,836.5,823.5,826.5,2882800,-1.0,-1.0,-1.0
2018/10/18,831.0,836.5,823.0,824.0,1546600,-1.0,-1.0,-1.0
2018/10/19,814.5,814.5,803.0,812.5,1940000,-1.0,-1.0,-1.0
2018/10/22,808.5,819.5,803.5,819.0,1464000,-1.0,-1.0,-1.0
2018/10/23,812.0,812.0,791.0,793.0,1809200,-1.0,-1.0,-1.0
2018/10/24,792.5,799.0,785.0,792.0,2207800,-1.0,-1.0,-1.0
2018/10/25,769.5,775.5,766.0,769.0,1778600,-1.0,-1.0,-1.0
2018/10/26,771.0,781.0,768.5,773.0,2133600,-1.0,-1.0,-1.0
2018/10/29,773.0,794.0,771.5,782.5,1764600,-1.0,-1.0,-1.0
2018/10/30,780.0,794.0,776.0,790.5,1766200,-1.0,-1.0,-1.0
2018/10/31,797.0,800.5,785.0,799.5,2053400,-1.0,-1.0,-1.0
2018/11/01,792.5,801.5,788.5,797.5,1446200,-1.0,-1.0,-1.0
2018/11/02,795.0,809.0,787.5,806.0,1967200,-1.0,-1.0,-1.0
2018/11/05,795.5,801.0,786.0,796.5,1299400,-1.0,-1.0,-1.0
2018/11/06,803.5,813.5,802.5,811.0,1160400,-1.0,-1.0,-1.0
2018/11/07,813.5,817.5,801.5,805.0,1461400,-1.0,-1.0,-1.0
2018/11/08,820.0,827.0,814.5,819.0,1310800,-1.0,-1.0,-1.0
2018/11/09,826.5,831.5,816.5,823.0,1573200,-1.0,-1.0,-1.0
2018/11/12,821.5,862.5,820.5,861.5,2042200,-1.0,-1.0,-1.0
2018/11/13,836.5,838.0,814.0,837.0,2260400,-1.0,-1.0,-1.0
2018/11/14,839.0,864.5,838.5,862.5,1686800,-1.0,-1.0,-1.0
2018/11/15,856.5,877.5,848.5,877.0,1944800,-1.0,-1.0,-1.0
2018/11/16,879.5,890.0,874.5,887.0,1592800,-1.0,-1.0,-1.0
2018/11/19,887.5,894.0,881.0,885.0,1563000,-1.0,-1.0,-1.0
2018/11/20,875.5,894.5,872.5,891.5,1543000,-1.0,-1.0,-1.0
2018/11/21,861.5,890.0,861.5,887.5,1505000,-1.0,-1.0,-1.0
2018/11/22,893.5,901.0,886.5,899.5,1302200,-1.0,-1.0,-1.0
2018/11/26,901.5,916.0,900.5,915.0,1534200,-1.0,-1.0,-1.0
2018/11/27,912.5,913.0,891.5,907.0,1750000,-1.0,-1.0,-1.0
2018/11/28,919.0,919.5,899.5,903.0,2553000,-1.0,-1.0,-1.0
2018/11/29,913.5,919.5,908.0,914.5,1886400,-1.0,-1.0,-1.0
2018/11/30,918.5,925.0,913.5,914.0,2470600,-1.0,-1.0,-1.0
2018/12/03,923.0,927.5,912.0,925.0,1219000,-1.0,-1.0,-1.0
2018/12/04,930.0,934.5,905.5,906.0,2027600,-1.0,-1.0,-1.0
2018/12/05,894.5,916.0,893.0,912.0,1591200,-1.0,-1.0,-1.0
2018/12/06,910.0,919.0,909.0,911.0,2431600,-1.0,-1.0,-1.0
2018/12/07,920.0,923.0,903.0,918.0,2318200,-1.0,-1.0,-1.0
2018/12/10,898.0,908.5,891.0,894.0,1907200,-1.0,-1.0,-1.0
2018/12/11,900.5,907.0,888.0,893.5,2353000,-1.0,-1.0,-1.0
2018/12/12,894.0,899.0,883.5,895.5,3218000,-1.0,-1.0,-1.0
2018/12/13,907.0,915.0,902.0,906.5,1963600,-1.0,-1.0,-1.0
2018/12/14,904.5,914.0,885.0,886.0,3754400,-1.0,-1.0,-1.0
2018/12/17,886.0,891.0,882.5,883.0,1277800,-1.0,-1.0,-1.0
2018/12/18,870.0,872.0,859.5,860.0,1793200,-1.0,-1.0,-1.0
2018/12/19,861.5,862.0,845.5,847.5,1653000,-1.0,-1.0,-1.0
2018/12/20,837.0,841.5,815.0,819.0,1987600,-1.0,-1.0,-1.0
2018/12/21,824.0,828.0,815.5,822.5,3026600,-1.0,-1.0,-1.0
2018/12/25,800.0,802.5,774.0,775.0,1698600,-1.0,-1.0,-1.0
2018/12/26,779.5,787.5,769.0,783.5,1900800,-1.0,-1.0,-1.0
2018/12/27,807.5,810.0,793.5,803.5,2540000,-1.0,-1.0,-1.0
2018/12/28,799.0,812.5,797.5,808.5,1292600,-1.0,-1.0,-1.0
2019/01/04,777.0,802.0,775.0,794.5,2383400,-1.0,-1.0,-1.0
2019/01/07,814.5,832.0,806.0,828.5,1824200,-1.0,-1.0,-1.0
2019/01/08,836.0,846.5,825.5,837.5,2165600,-1.0,-1.0,-1.0
2019/01/09,850.0,858.5,845.5,851.0,1658600,-1.0,-1.0,-1.0
2019/01/10,846.5,850.0,832.5,847.5,1764400,-1.0,-1.0,-1.0
2019/01/11,857.0,861.5,847.5,857.0,1646200,-1.0,-1.0,-1.0
2019/01/15,849.0,869.0,843.0,867.0,1696400,-1.0,-1.0,-1.0
2019/01/16,870.0,872.0,860.5,861.5,1181000,-1.0,-1.0,-1.0
2019/01/17,862.5,871.5,860.5,867.5,994800,-1.0,-1.0,-1.0
2019/01/18,872.5,883.5,869.0,878.5,1139800,-1.0,-1.0,-1.0
2019/01/21,886.5,894.0,881.5,887.5,974200,-1.0,-1.0,-1.0
2019/01/22,896.0,901.0,888.5,891.0,1309600,-1.0,-1.0,-1.0
2019/01/23,886.5,887.5,878.0,884.0,1345800,-1.0,-1.0,-1.0
2019/01/24,892.5,905.5,890.5,900.5,1892800,-1.0,-1.0,-1.0
2019/01/25,893.5,902.0,891.0,896.5,1533200,-1.0,-1.0,-1.0
2019/01/28,897.0,902.0,887.5,890.0,1067400,-1.0,-1.0,-1.0
2019/01/29,886.5,893.5,878.0,889.5,1470600,-1.0,-1.0,-1.0
2019/01/30,889.0,889.0,872.0,887.0,1990400,-1.0,-1.0,-1.0
2019/01/31,897.0,901.5,885.5,890.5,1542400,-1.0,-1.0,-1.0
2019/02/01,891.0,898.5,888.0,892.5,1125400,-1.0,-1.0,-1.0
2019/02/04,895.0,906.5,895.0,901.5,1080200,-1.0,-1.0,-1.0
2019/02/05,904.0,912.0,903.0,908.0,1098200,-1.0,-1.0,-1.0
2019/02/06,909.0,913.0,904.0,904.5,1314400,-1.0,-1.0,-1.0
2019/02/07,903.5,906.5,891.0,893.0,868400,-1.0,-1.0,-1.0
2019/02/08,880.0,884.0,867.5,868.0,1786000,-1.0,-1.0,-1.0
2019/02/12,871.5,876.0,863.5,870.5,2102400,-1.0,-1.0,-1.0
2019/02/13,855.5,859.0,840.0,849.5,2127400,-1.0,-1.0,-1.0
2019/02/14,853.0,877.0,851.0,869.5,2169000,-1.0,-1.0,-1.0
2019/02/15,865.0,866.5,850.0,859.5,1651600,-1.0,-1.0,-1.0
2019/02/18,883.0,883.0,869.5,872.5,924400,-1.0,-1.0,-1.0
2019/02/19,872.5,878.0,867.0,872.5,769200,-1.0,-1.0,-1.0
2019/02/20,872.0,877.5,867.5,873.0,746000,-1.0,-1.0,-1.0
2019/02/21,875.0,890.0,874.0,887.0,1423600,-1.0,-1.0,-1.0
2019/02/22,882.5,888.5,879.5,884.5,796800,-1.0,-1.0,-1.0
2019/02/25,893.0,896.0,884.5,889.5,852400,-1.0,-1.0,-1.0
2019/02/26,893.5,896.0,886.5,890.5,1075600,-1.0,-1.0,-1.0
2019/02/27,898.5,900.0,895.0,896.5,1332400,-1.0,-1.0,-1.0
2019/02/28,893.0,897.5,885.0,886.0,1617600,-1.0,-1.0,-1.0
2019/03/01,886.0,888.5,879.5,885.0,1200400,-1.0,-1.0,-1.0
2019/03/04,893.5,894.0,879.0,882.0,1055200,-1.0,-1.0,-1.0
2019/03/05,875.5,879.0,869.0,870.5,1391600,-1.0,-1.0,-1.0
2019/03/06,876.0,878.0,864.5,865.5,1299800,-1.0,-1.0,-1.0
2019/03/07,860.0,862.5,847.0,848.5,1656400,-1.0,-1.0,-1.0
2019/03/08,842.5,844.5,819.5,822.0,2384800,-1.0,-1.0,-1.0
2019/03/11,821.0,829.5,816.0,828.5,1268800,-1.0,-1.0,-1.0
2019/03/12,839.0,843.5,834.0,836.5,1267800,-1.0,-1.0,-1.0
2019/03/13,830.5,837.5,821.5,825.5,1578800,-1.0,-1.0,-1.0
2019/03/14,832.5,837.5,824.5,824.5,1630000,-1.0,-1.0,-1.0
2019/03/15,827.5,835.5,827.5,831.5,2678200,-1.0,-1.0,-1.0
2019/03/18,836.5,838.5,822.0,832.0,1352200,-1.0,-1.0,-1.0
2019/03/19,837.0,837.0,831.0,833.0,1055000,-1.0,-1.0,-1.0
2019/03/20,840.0,849.5,837.5,849.0,1499000,-1.0,-1.0,-1.0
2019/03/22,856.5,858.5,843.5,850.5,1370000,-1.0,-1.0,-1.0
2019/03/25,837.5,842.5,818.5,822.0,1176400,-1.0,-1.0,-1.0
2019/03/26,829.5,853.5,829.5,853.0,2010400,-1.0,-1.0,-1.0
2019/03/27,843.0,854.0,843.0,853.0,1530800,-1.0,-1.0,-1.0
2019/03/28,854.5,855.0,837.0,840.5,1822600,-1.0,-1.0,-1.0
2019/03/29,844.5,846.0,835.0,835.5,1962800,-1.0,-1.0,-1.0
2019/04/01,854.5,866.0,854.5,856.0,1738000,-1.0,-1.0,-1.0
2019/04/02,861.0,862.5,854.0,855.0,1140000,-1.0,-1.0,-1.0
2019/04/03,864.5,865.5,857.0,860.5,1210600,-1.0,-1.0,-1.0
2019/04/04,860.5,862.0,854.5,861.5,774200,-1.0,-1.0,-1.0
2019/04/05,861.5,871.0,861.5,868.5,1120200,-1.0,-1.0,-1.0
2019/04/08,870.5,872.0,864.0,867.0,997200,-1.0,-1.0,-1.0
2019/04/09,869.5,873.5,862.5,872.5,1313400,-1.0,-1.0,-1.0
2019/04/10,861.5,867.5,859.5,865.0,1203200,-1.0,-1.0,-1.0
2019/04/11,870.5,873.5,865.5,873.5,1273800,-1.0,-1.0,-1.0
2019/04/12,878.5,881.5,870.0,880.5,1616800,-1.0,-1.0,-1.0
2019/04/15,894.0,906.0,890.5,904.0,1709000,-1.0,-1.0,-1.0
2019/04/16,901.0,903.0,895.5,895.5,1589600,-1.0,-1.0,-1.0
2019/04/17,900.0,902.5,893.0,897.0,1395000,-1.0,-1.0,-1.0
2019/04/18,895.0,898.5,887.5,890.5,1326600,-1.0,-1.0,-1.0
2019/04/19,893.5,899.0,888.0,890.5,982400,-1.0,-1.0,-1.0
2019/04/22,884.5,891.0,881.0,888.0,809000,-1.0,-1.0,-1.0
2019/04/23,893.5,895.0,886.5,893.0,813400,-1.0,-1.0,-1.0
2019/04/24,890.0,891.5,879.5,880.0,1315200,-1.0,-1.0,-1.0
2019/04/25,886.0,895.5,885.5,894.5,1270000,-1.0,-1.0,-1.0
2019/04/26,891.5,901.5,888.5,900.5,1446000,-1.0,-1.0,-1.0
2019/05/07,893.0,897.5,871.5,875.0,2327800,-1.0,-1.0,-1.0
2019/05/08,865.0,867.5,853.0,857.0,1597600,-1.0,-1.0,-1.0
2019/05/09,857.5,860.0,850.0,850.5,1709400,-1.0,-1.0,-1.0
2019/05/10,859.0,867.0,850.0,855.5,1680000,-1.0,-1.0,-1.0
2019/05/13,856.0,864.5,848.5,855.5,1505200,-1.0,-1.0,-1.0
2019/05/14,890.0,904.5,882.0,893.5,4517600,-1.0,-1.0,-1.0
2019/05/15,895.5,906.0,877.0,906.0,3135600,-1.0,-1.0,-1.0
2019/05/16,896.0,898.0,879.0,883.5,2531400,-1.0,-1.0,-1.0
2019/05/17,889.0,904.5,884.0,895.5,1856600,-1.0,-1.0,-1.0
2019/05/20,888.0,895.0,886.5,894.5,1377800,-1.0,-1.0,-1.0
2019/05/21,882.5,894.5,878.5,879.5,1302400,-1.0,-1.0,-1.0
2019/05/22,889.0,889.0,870.5,878.0,1957800,-1.0,-1.0,-1.0
2019/05/23,869.5,876.5,860.0,860.5,1450800,-1.0,-1.0,-1.0
2019/05/24,851.0,854.5,842.0,853.5,1247800,-1.0,-1.0,-1.0
2019/05/27,855.5,855.5,844.5,846.0,1092000,-1.0,-1.0,-1.0
2019/05/28,845.0,849.5,834.0,834.0,2903600,-1.0,-1.0,-1.0
2019/05/29,826.0,828.0,819.0,820.0,1474600,-1.0,-1.0,-1.0
2019/05/30,814.5,814.5,801.0,809.0,1412400,-1.0,-1.0,-1.0
2019/05/31,802.0,802.5,790.0,793.0,1970000,-1.0,-1.0,-1.0
2019/06/03,784.0,787.5,777.5,783.5,1490400,-1.0,-1.0,-1.0
2019/06/04,785.5,789.5,777.0,789.0,1911800,-1.0,-1.0,-1.0
2019/06/05,800.0,812.5,798.5,810.0,1880200,-1.0,-1.0,-1.0
2019/06/06,812.5,818.0,806.0,809.0,1349600,-1.0,-1.0,-1.0
2019/06/07,805.0,810.5,796.0,810.0,1114200,-1.0,-1.0,-1.0
2019/06/10,820.5,824.5,815.5,824.0,1727200,-1.0,-1.0,-1.0
2019/06/11,823.5,834.0,821.5,830.5,1860400,-1.0,-1.0,-1.0
2019/06/12,827.5,841.0,822.5,836.0,2187600,-1.0,-1.0,-1.0
2019/06/13,829.0,831.5,820.5,829.0,1455400,-1.0,-1.0,-1.0
2019/06/14,835.5,844.0,824.0,831.5,3483000,-1.0,-1.0,-1.0
2019/06/17,827.5,828.0,819.0,819.5,1550200,-1.0,-1.0,-1.0
2019/06/18,831.0,841.5,826.5,829.5,2228600,-1.0,-1.0,-1.0
2019/06/19,840.5,856.5,839.5,848.0,2134000,-1.0,-1.0,-1.0
2019/06/20,854.5,862.5,851.5,861.5,1439600,-1.0,-1.0,-1.0
2019/06/21,853.5,856.5,846.0,846.5,3085800,-1.0,-1.0,-1.0
2019/06/24,851.5,855.0,842.5,843.0,1350600,-1.0,-1.0,-1.0
2019/06/25,837.0,840.5,829.0,829.0,1839600,-1.0,-1.0,-1.0
2019/06/26,824.0,831.5,817.0,818.0,1526600,-1.0,-1.0,-1.0
2019/06/27,819.5,836.0,819.5,832.5,1691000,-1.0,-1.0,-1.0
2019/06/28,824.0,824.0,813.0,817.5,2337800,-1.0,-1.0,-1.0
2019/07/01,834.0,842.5,828.0,841.0,1688000,-1.0,-1.0,-1.0
2019/07/02,845.5,868.0,844.5,866.5,2520800,-1.0,-1.0,-1.0
2019/07/03,870.0,878.5,866.5,874.0,2515200,-1.0,-1.0,-1.0
2019/07/04,875.5,882.5,871.5,874.0,1236600,-1.0,-1.0,-1.0
2019/07/05,873.5,877.0,870.0,876.0,1068800,-1.0,-1.0,-1.0
2019/07/08,868.5,872.5,863.5,864.0,1302600,-1.0,-1.0,-1.0
2019/07/09,870.5,875.5,857.0,860.5,1696200,-1.0,-1.0,-1.0
2019/07/10,853.0,875.0,853.0,872.0,2023400,-1.0,-1.0,-1.0
2019/07/11,875.0,887.5,874.5,885.0,1453000,-1.0,-1.0,-1.0
2019/07/12,885.5,885.5,877.0,882.0,1868800,-1.0,-1.0,-1.0
2019/07/16,889.0,891.5,882.0,885.0,1747600,-1.0,-1.0,-1.0
2019/07/17,879.5,890.0,876.0,879.0,1958400,-1.0,-1.0,-1.0
2019/07/18,871.5,873.0,858.0,859.5,1857400,-1.0,-1.0,-1.0
2019/07/19,862.5,880.0,858.0,879.0,1558400,-1.0,-1.0,-1.0
2019/07/22,872.5,878.5,868.0,871.5,1454000,-1.0,-1.0,-1.0
2019/07/23,869.0,886.0,867.5,883.0,1242200,-1.0,-1.0,-1.0
2019/07/24,896.0,901.5,891.0,896.0,2788800,-1.0,-1.0,-1.0
2019/07/25,892.5,893.0,886.0,890.5,1497400,-1.0,-1.0,-1.0
2019/07/26,887.5,893.0,883.5,892.5,1145400,-1.0,-1.0,-1.0
2019/07/29,895.0,903.0,880.5,880.5,5229200,-1.0,-1.0,-1.0
2019/07/30,886.0,899.5,884.0,899.0,2217200,-1.0,-1.0,-1.0
2019/07/31,891.5,895.5,887.5,889.0,2877400,-1.0,-1.0,-1.0
2019/08/01,882.5,896.0,876.5,891.5,1674200,-1.0,-1.0,-1.0
2019/08/02,873.0,876.5,862.0,870.5,2205000,-1.0,-1.0,-1.0
2019/08/05,860.0,861.0,829.5,840.0,2152200,-1.0,-1.0,-1.0
2019/08/06,811.5,827.0,809.0,826.5,1712600,-1.0,-1.0,-1.0
2019/08/07,818.5,832.0,815.5,829.5,2302600,-1.0,-1.0,-1.0
2019/08/08,829.0,842.5,827.5,833.5,1855800,-1.0,-1.0,-1.0
2019/08/09,839.0,842.5,832.0,833.0,1850000,-1.0,-1.0,-1.0
2019/08/13,823.5,829.0,800.5,802.0,3816800,-1.0,-1.0,-1.0
2019/08/14,810.0,814.5,795.5,801.5,2105600,-1.0,-1.0,-1.0
2019/08/15,783.0,788.0,774.0,788.0,1841800,-1.0,-1.0,-1.0
2019/08/16,782.5,804.5,780.0,800.5,1637600,-1.0,-1.0,-1.0
2019/08/19,804.0,805.0,796.0,799.5,734200,-1.0,-1.0,-1.0
2019/08/20,810.0,817.5,807.0,817.5,1768400,-1.0,-1.0,-1.0
2019/08/21,811.5,819.5,809.5,818.5,1496600,-1.0,-1.0,-1.0
2019/08/22,821.5,824.5,808.5,811.0,1209800,-1.0,-1.0,-1.0
2019/08/23,808.5,822.0,808.0,810.0,855800,-1.0,-1.0,-1.0
2019/08/26,786.0,796.5,783.0,793.5,1874600,-1.0,-1.0,-1.0
2019/08/27,809.0,820.0,796.0,818.0,4127800,-1.0,-1.0,-1.0
2019/08/28,817.0,825.0,809.0,815.0,1611800,-1.0,-1.0,-1.0
2019/08/29,833.5,839.0,821.0,831.0,3028600,-1.0,-1.0,-1.0
2019/08/30,839.0,847.0,837.5,846.5,2022000,-1.0,-1.0,-1.0
2019/09/02,840.0,851.5,839.0,850.0,1103400,-1.0,-1.0,-1.0
2019/09/03,851.5,862.0,849.5,860.0,1010000,-1.0,-1.0,-1.0
2019/09/04,856.5,861.0,850.0,857.0,1218400,-1.0,-1.0,-1.0
2019/09/05,863.5,885.0,861.0,884.0,2033800,-1.0,-1.0,-1.0
2019/09/06,887.5,896.5,887.0,896.0,1616000,-1.0,-1.0,-1.0
2019/09/09,892.0,909.5,888.5,906.5,1630400,-1.0,-1.0,-1.0
2019/09/10,910.0,921.5,907.0,910.5,1712000,-1.0,-1.0,-1.0
2019/09/11,914.0,928.0,905.0,922.5,2194800,-1.0,-1.0,-1.0
2019/09/12,950.0,963.0,941.0,952.5,4058800,-1.0,-1.0,-1.0
2019/09/13,962.5,963.0,948.0,961.5,3552400,-1.0,-1.0,-1.0
2019/09/17,955.0,975.0,949.0,968.0,2599400,-1.0,-1.0,-1.0
2019/09/18,966.0,966.5,952.0,954.0,2616600,-1.0,-1.0,-1.0
2019/09/19,955.0,967.0,954.0,954.5,2408800,-1.0,-1.0,-1.0
2019/09/20,959.5,967.0,957.5,960.0,1957200,-1.0,-1.0,-1.0
2019/09/24,958.0,968.0,956.0,960.5,1517400,-1.0,-1.0,-1.0
2019/09/25,954.5,962.5,951.0,960.0,1197000,-1.0,-1.0,-1.0
2019/09/26,970.0,970.0,956.0,959.5,1965200,-1.0,-1.0,-1.0
2019/09/27,959.0,965.0,950.5,965.0,1589600,-1.0,-1.0,-1.0
2019/09/30,959.0,962.0,950.5,956.0,2788000,-1.0,-1.0,-1.0
2019/10/01,951.0,959.0,948.0,952.5,1825800,-1.0,-1.0,-1.0
2019/10/02,949.0,953.0,946.0,947.5,1828200,-1.0,-1.0,-1.0
2019/10/03,927.5,940.5,920.0,939.0,1927000,-1.0,-1.0,-1.0
2019/10/04,938.5,953.0,935.5,950.0,2093000,-1.0,-1.0,-1.0
2019/10/07,953.5,955.0,944.0,950.0,1262400,-1.0,-1.0,-1.0
2019/10/08,950.0,955.5,940.0,943.0,2189000,-1.0,-1.0,-1.0
2019/10/09,939.5,945.0,936.5,941.0,1199600,-1.0,-1.0,-1.0
2019/10/10,944.0,947.0,929.0,947.0,1587800,-1.0,-1.0,-1.0
2019/10/11,961.5,962.0,952.5,961.0,1920800,-1.0,-1.0,-1.0
2019/10/15,980.5,983.5,974.0,976.0,1974000,-1.0,-1.0,-1.0
2019/10/16,985.5,994.5,980.5,982.5,2297800,-1.0,-1.0,-1.0
2019/10/17,985.5,987.5,973.0,977.5,1978200,-1.0,-1.0,-1.0
2019/10/18,978.5,984.0,969.5,978.0,2673600,-1.0,-1.0,-1.0
2019/10/21,984.5,993.5,982.0,992.5,1815400,-1.0,-1.0,-1.0
2019/10/23,997.0,1008.5,985.0,1008.5,3609000,-1.0,-1.0,-1.0
2019/10/24,1007.0,1007.5,991.0,998.0,2206000,-1.0,-1.0,-1.0
2019/10/25,1000.0,1002.0,987.0,995.5,2489000,-1.0,-1.0,-1.0
2019/10/28,995.5,1001.0,992.0,999.0,1586600,-1.0,-1.0,-1.0
2019/10/29,1000.0,1002.0,992.5,999.5,2631000,-1.0,-1.0,-1.0
2019/10/30,994.0,1004.5,994.0,1003.5,3328200,-1.0,-1.0,-1.0
2019/10/31,1004.0,1006.5,997.0,1005.5,2190800,-1.0,-1.0,-1.0
2019/11/01,1000.0,1021.5,999.5,1021.0,2306000,-1.0,-1.0,-1.0
2019/11/05,1032.5,1036.5,1027.5,1028.5,2318000,-1.0,-1.0,-1.0
2019/11/06,1032.5,1033.0,1016.0,1028.5,1682800,-1.0,-1.0,-1.0
2019/11/07,1028.0,1034.5,1024.0,1029.0,2248800,-1.0,-1.0,-1.0
2019/11/08,1035.5,1042.5,1021.0,1036.5,2813600,-1.0,-1.0,-1.0
2019/11/11,1034.0,1036.5,1025.0,1031.5,2716600,-1.0,-1.0,-1.0
2019/11/12,1025.0,1057.5,1015.0,1053.0,3963000,-1.0,-1.0,-1.0
2019/11/13,1063.5,1079.0,1051.0,1074.5,4752600,-1.0,-1.0,-1.0
2019/11/14,1074.0,1074.5,1056.0,1063.5,2646400,-1.0,-1.0,-1.0
2019/11/15,1070.0,1079.5,1066.5,1078.0,2371600,-1.0,-1.0,-1.0
2019/11/18,1075.0,1087.0,1075.0,1087.0,2622800,-1.0,-1.0,-1.0
2019/11/19,1087.0,1093.0,1085.5,1088.5,2005200,-1.0,-1.0,-1.0
2019/11/20,1086.5,1094.0,1085.0,1093.5,2478200,-1.0,-1.0,-1.0
2019/11/21,1089.5,1093.0,1079.0,1092.0,2577600,-1.0,-1.0,-1.0
2019/11/22,1089.0,1095.0,1082.0,1088.0,2311400,-1.0,-1.0,-1.0
2019/11/25,1095.5,1100.5,1088.5,1090.0,1780400,-1.0,-1.0,-1.0
2019/11/26,1096.0,1097.5,1089.5,1090.5,3879000,-1.0,-1.0,-1.0
2019/11/27,1091.5,1095.5,1089.0,1090.5,2005200,-1.0,-1.0,-1.0
2019/11/28,1094.0,1096.0,1085.5,1090.0,1439400,-1.0,-1.0,-1.0
2019/11/29,1087.0,1091.5,1085.0,1088.5,2557600,-1.0,-1.0,-1.0
2019/12/02,1088.0,1094.0,1087.5,1089.0,1441400,-1.0,-1.0,-1.0
2019/12/03,1078.0,1091.0,1077.5,1088.5,2715200,-1.0,-1.0,-1.0
2019/12/04,1084.5,1091.5,1083.0,1089.0,2099200,-1.0,-1.0,-1.0
2019/12/05,1092.5,1092.5,1087.0,1089.0,2990800,-1.0,-1.0,-1.0
2019/12/06,1089.0,1090.0,1085.5,1088.5,2554800,-1.0,-1.0,-1.0
2019/12/09,1090.0,1092.5,1087.5,1089.5,3229600,-1.0,-1.0,-1.0
2019/12/10,1090.0,1090.5,1087.0,1088.0,2865800,-1.0,-1.0,-1.0
2019/12/11,1089.0,1089.5,1086.5,1088.5,3010800,-1.0,-1.0,-1.0
2019/12/12,1090.5,1109.0,1087.5,1093.0,3631800,-1.0,-1.0,-1.0
2019/12/13,1112.5,1114.5,1104.5,1109.0,4630200,-1.0,-1.0,-1.0
2019/12/16,1112.5,1131.5,1112.5,1129.5,2342000,-1.0,-1.0,-1.0
2019/12/17,1128.5,1141.5,1124.5,1139.0,2956400,-1.0,-1.0,-1.0
2019/12/18,1142.0,1149.5,1137.0,1139.5,2599800,-1.0,-1.0,-1.0
2019/12/19,1141.0,1154.5,1139.5,1149.5,2720600,-1.0,-1.0,-1.0
2019/12/20,1150.0,1152.5,1140.0,1148.5,2348600,-1.0,-1.0,-1.0
2019/12/23,1150.0,1153.5,1139.0,1141.0,1204600,-1.0,-1.0,-1.0
2019/12/24,1141.5,1143.0,1134.0,1139.5,860600,-1.0,-1.0,-1.0
2019/12/25,1139.5,1141.0,1135.0,1137.0,705800,-1.0,-1.0,-1.0
2019/12/26,1140.5,1146.5,1136.5,1142.0,757400,-1.0,-1.0,-1.0
2019/12/27,1145.0,1150.5,1144.0,1146.5,1249000,-1.0,-1.0,-1.0
2019/12/30,1134.0,1135.0,1124.5,1130.5,1533200,-1.0,-1.0,-1.0
2020/01/06,1120.5,1127.5,1118.5,1127.5,2242200,-1.0,-1.0,-1.0
2020/01/07,1120.5,1132.5,1114.0,1132.0,2265200,-1.0,-1.0,-1.0
2020/01/08,1124.5,1124.5,1096.0,1111.5,2753200,-1.0,-1.0,-1.0
2020/01/09,1126.0,1136.0,1121.0,1125.0,2028400,-1.0,-1.0,-1.0
2020/01/10,1134.0,1136.0,1121.0,1132.0,2238000,-1.0,-1.0,-1.0
2020/01/14,1132.0,1134.0,1109.5,1114.0,2092200,-1.0,-1.0,-1.0
2020/01/15,1108.0,1109.5,1099.5,1109.5,1839200,-1.0,-1.0,-1.0
2020/01/16,1111.5,1120.0,1107.5,1118.5,1724400,-1.0,-1.0,-1.0
2020/01/17,1130.5,1132.0,1116.5,1121.0,1439000,-1.0,-1.0,-1.0
2020/01/20,1120.0,1126.0,1118.0,1126.0,709200,-1.0,-1.0,-1.0
2020/01/21,1124.0,1125.5,1116.5,1122.0,1087600,-1.0,-1.0,-1.0
2020/01/22,1120.0,1137.5,1115.5,1137.5,1515200,-1.0,-1.0,-1.0
2020/01/23,1140.0,1152.0,1133.0,1152.0,1984800,-1.0,-1.0,-1.0
2020/01/24,1145.0,1145.0,1132.0,1142.5,1052400,-1.0,-1.0,-1.0
2020/01/27,1125.0,1129.0,1120.0,1121.5,1064000,-1.0,-1.0,-1.0
2020/01/28,1114.0,1118.5,1107.5,1108.0,1253600,-1.0,-1.0,-1.0
2020/01/29,1106.0,1120.0,1105.0,1119.0,1652800,-1.0,-1.0,-1.0
2020/01/30,1110.5,1121.0,1087.5,1093.0,1639600,-1.0,-1.0,-1.0
2020/01/31,1100.0,1113.5,1097.5,1098.0,1472800,-1.0,-1.0,-1.0
2020/02/03,1085.5,1099.0,1085.5,1094.5,1715200,-1.0,-1.0,-1.0
2020/02/04,1088.0,1098.0,1086.0,1096.0,1471600,-1.0,-1.0,-1.0
2020/02/05,1108.0,1111.0,1093.0,1109.0,2142000,-1.0,-1.0,-1.0
2020/02/06,1120.0,1132.5,1118.0,1131.0,1856000,-1.0,-1.0,-1.0
2020/02/07,1124.5,1124.5,1103.5,1105.0,1641200,-1.0,-1.0,-1.0
2020/02/10,1101.0,1114.0,1099.0,1108.5,1162200,-1.0,-1.0,-1.0
2020/02/12,1098.0,1107.0,1092.5,1104.5,1918400,-1.0,-1.0,-1.0
2020/02/13,1079.5,1079.5,993.0,1022.5,4176200,-1.0,-1.0,-1.0
2020/02/14,1047.5,1064.5,1042.5,1049.0,3477400,-1.0,-1.0,-1.0
2020/02/17,1038.0,1046.5,1029.0,1041.5,1844000,-1.0,-1.0,-1.0
2020/02/18,1039.5,1041.0,1029.0,1032.5,1707600,-1.0,-1.0,-1.0
2020/02/19,1032.5,1037.5,1021.5,1024.0,2739200,-1.0,-1.0,-1.0
2020/02/20,1030.0,1040.5,1015.5,1019.0,4492000,-1.0,-1.0,-1.0
2020/02/21,1018.5,1028.5,1012.5,1014.5,3133800,-1.0,-1.0,-1.0
2020/02/25,970.5,995.5,970.0,980.5,2406800,-1.0,-1.0,-1.0
2020/02/26,970.0,976.5,958.0,974.5,2072400,-1.0,-1.0,-1.0
2020/02/27,973.5,978.5,957.0,960.5,2344200,-1.0,-1.0,-1.0
2020/02/28,936.5,943.0,920.0,940.5,5174200,-1.0,-1.0,-1.0
2020/03/02,929.0,948.0,921.5,935.0,3175600,-1.0,-1.0,-1.0
2020/03/03,946.0,946.5,922.0,922.0,2476000,-1.0,-1.0,-1.0
2020/03/04,909.0,931.5,903.0,922.5,1924600,-1.0,-1.0,-1.0
2020/03/05,943.5,956.5,940.5,943.5,2949000,-1.0,-1.0,-1.0
2020/03/06,923.0,923.5,901.5,908.0,2393200,-1.0,-1.0,-1.0
2020/03/09,871.0,882.0,832.0,840.5,2375600,-1.0,-1.0,-1.0
2020/03/10,828.5,852.5,804.5,849.0,2705200,-1.0,-1.0,-1.0
2020/03/11,849.5,860.0,839.5,849.0,2686600,-1.0,-1.0,-1.0
2020/03/12,838.5,839.5,789.0,796.5,2674400,-1.0,-1.0,-1.0
2020/03/13,738.5,776.0,718.5,749.0,3752000,-1.0,-1.0,-1.0
2020/03/16,750.0,758.0,721.0,722.5,3168000,-1.0,-1.0,-1.0
2020/03/17,710.0,753.0,689.5,744.0,4805600,-1.0,-1.0,-1.0
2020/03/18,754.0,771.0,727.5,736.5,4086000,-1.0,-1.0,-1.0
2020/03/19,762.5,771.5,715.5,718.5,5310000,-1.0,-1.0,-1.0
2020/03/23,724.0,842.0,685.0,770.0,6751800,-1.0,-1.0,-1.0
2020/03/24,783.0,783.0,741.0,768.0,2835800,-1.0,-1.0,-1.0
2020/03/25,808.0,846.5,800.0,843.0,3572800,-1.0,-1.0,-1.0
2020/03/26,824.5,829.0,794.0,815.5,2242600,-1.0,-1.0,-1.0
2020/03/27,871.0,888.0,845.5,883.5,3274800,-1.0,-1.0,-1.0
2020/03/30,852.0,860.0,818.0,858.0,2133200,-1.0,-1.0,-1.0
2020/03/31,856.0,864.5,825.5,828.0,3230000,-1.0,-1.0,-1.0
2020/04/01,832.5,850.0,780.0,789.5,1796000,-1.0,-1.0,-1.0
2020/04/02,778.0,789.5,766.5,767.0,2145000,-1.0,-1.0,-1.0
2020/04/03,759.5,800.0,745.0,753.5,1857800,-1.0,-1.0,-1.0
2020/04/06,753.5,781.0,750.0,773.5,1898000,-1.0,-1.0,-1.0
2020/04/07,778.0,792.0,751.5,773.5,3043600,-1.0,-1.0,-1.0
2020/04/08,771.0,794.5,758.5,787.0,1755000,-1.0,-1.0,-1.0
2020/04/09,788.0,792.5,776.0,791.5,1309800,-1.0,-1.0,-1.0
2020/04/10,802.0,806.5,783.0,803.5,1200000,-1.0,-1.0,-1.0
2020/04/13,788.0,792.0,769.0,771.5,910800,-1.0,-1.0,-1.0
2020/04/14,774.0,791.5,765.5,790.0,1255200,-1.0,-1.0,-1.0
2020/04/15,789.5,799.5,778.5,796.5,2036200,-1.0,-1.0,-1.0
2020/04/16,778.5,782.0,767.5,780.0,2404000,-1.0,-1.0,-1.0
2020/04/17,783.5,801.5,771.5,798.0,1957200,-1.0,-1.0,-1.0
2020/04/20,774.5,789.0,771.0,785.0,1397200,-1.0,-1.0,-1.0
2020/04/21,771.5,774.0,755.5,766.5,1981000,-1.0,-1.0,-1.0
2020/04/22,773.0,778.5,750.5,757.0,1948400,-1.0,-1.0,-1.0
2020/04/23,761.5,783.5,760.5,781.0,1338000,-1.0,-1.0,-1.0
2020/04/24,774.5,774.5,754.5,757.5,2139200,-1.0,-1.0,-1.0
2020/04/27,772.0,797.0,765.5,794.5,1390800,-1.0,-1.0,-1.0
2020/04/28,797.5,801.0,787.0,790.0,1396600,-1.0,-1.0,-1.0
2020/04/30,819.5,825.0,806.0,806.0,2363000,-1.0,-1.0,-1.0
2020/05/01,806.0,810.0,763.0,768.0,1587800,-1.0,-1.0,-1.0
2020/05/07,756.0,773.0,740.5,747.5,1917800,-1.0,-1.0,-1.0
2020/05/08,755.5,779.0,750.0,779.0,1734200,-1.0,-1.0,-1.0
2020/05/11,781.5,788.0,773.0,777.0,1282600,-1.0,-1.0,-1.0
2020/05/12,776.0,781.0,763.5,775.5,1560200,-1.0,-1.0,-1.0
2020/05/13,742.5,766.0,740.5,761.0,2084200,-1.0,-1.0,-1.0
2020/05/14,750.0,752.0,724.5,726.5,2086800,-1.0,-1.0,-1.0
2020/05/15,738.0,741.5,719.0,727.5,1465600,-1.0,-1.0,-1.0
2020/05/18,726.0,749.0,716.5,745.0,1324600,-1.0,-1.0,-1.0
2020/05/19,779.0,782.0,767.5,777.0,2307400,-1.0,-1.0,-1.0
2020/05/20,782.5,802.0,778.5,800.0,2236200,-1.0,-1.0,-1.0
2020/05/21,815.0,823.0,809.5,813.0,2250000,-1.0,-1.0,-1.0
2020/05/22,813.0,814.5,789.5,791.0,1606800,-1.0,-1.0,-1.0
2020/05/25,803.0,814.0,797.0,813.5,879200,-1.0,-1.0,-1.0
2020/05/26,825.0,838.5,818.5,837.5,1396600,-1.0,-1.0,-1.0
2020/05/27,837.5,859.0,830.0,853.5,2272800,-1.0,-1.0,-1.0
2020/05/28,862.5,875.0,857.0,870.5,2037200,-1.0,-1.0,-1.0
2020/05/29,975.5,981.5,907.0,921.5,8010000,-1.0,-1.0,-1.0
2020/06/01,916.0,935.0,905.5,933.5,2409600,-1.0,-1.0,-1.0
2020/06/02,931.0,944.0,919.0,934.0,2076600,-1.0,-1.0,-1.0
2020/06/03,954.0,958.5,931.5,938.5,1861200,-1.0,-1.0,-1.0
2020/06/04,962.5,967.0,934.0,950.0,1914000,-1.0,-1.0,-1.0
2020/06/05,945.0,948.0,933.0,946.5,1644800,-1.0,-1.0,-1.0
2020/06/08,956.5,963.0,952.0,961.5,1753200,-1.0,-1.0,-1.0
2020/06/09,966.0,971.5,954.0,967.0,1683600,-1.0,-1.0,-1.0
2020/06/10,965.5,974.5,959.5,970.5,2049000,-1.0,-1.0,-1.0
2020/06/11,955.0,958.5,932.0,932.5,1990400,-1.0,-1.0,-1.0
2020/06/12,912.5,922.0,895.5,920.5,2338400,-1.0,-1.0,-1.0
2020/06/15,921.5,933.5,893.0,894.5,2058000,-1.0,-1.0,-1.0
2020/06/16,918.0,950.0,909.5,944.0,2147800,-1.0,-1.0,-1.0
2020/06/17,939.0,940.0,919.0,922.0,2365400,-1.0,-1.0,-1.0
2020/06/18,920.0,924.0,906.5,921.0,1477600,-1.0,-1.0,-1.0
2020/06/19,937.5,938.0,913.0,917.5,2478600,-1.0,-1.0,-1.0
2020/06/22,925.0,938.5,919.5,928.0,1858800,-1.0,-1.0,-1.0
2020/06/23,937.5,959.0,925.5,947.0,2317600,-1.0,-1.0,-1.0
2020/06/24,947.5,951.5,939.0,940.5,1839800,-1.0,-1.0,-1.0
2020/06/25,921.0,924.5,904.5,907.0,2205800,-1.0,-1.0,-1.0
2020/06/26,920.0,931.5,912.5,929.0,1449600,-1.0,-1.0,-1.0
2020/06/29,907.5,909.0,891.0,891.0,1794000,-1.0,-1.0,-1.0
2020/06/30,908.5,914.5,898.5,898.5,2353200,-1.0,-1.0,-1.0
2020/07/01,902.0,902.0,859.0,863.0,1449200,-1.0,-1.0,-1.0
2020/07/02,866.5,872.0,851.5,860.5,2610800,-1.0,-1.0,-1.0
2020/07/03,864.5,869.5,840.0,848.5,1362600,-1.0,-1.0,-1.0
2020/07/06,863.5,871.5,854.5,867.0,1190000,-1.0,-1.0,-1.0
2020/07/07,860.5,862.5,852.0,858.5,1465000,-1.0,-1.0,-1.0
2020/07/08,856.5,869.0,853.0,855.0,1615000,-1.0,-1.0,-1.0
2020/07/09,853.5,862.0,849.0,852.0,1578800,-1.0,-1.0,-1.0
2020/07/10,850.0,857.5,845.0,846.5,1594200,-1.0,-1.0,-1.0
2020/07/13,864.0,876.0,860.0,871.5,998400,-1.0,-1.0,-1.0
2020/07/14,856.0,870.5,855.0,869.0,1335200,-1.0,-1.0,-1.0
2020/07/15,886.0,894.5,875.5,887.0,2562800,-1.0,-1.0,-1.0
2020/07/16,884.5,893.0,878.5,890.5,1492200,-1.0,-1.0,-1.0
2020/07/17,884.5,885.0,864.0,868.5,1431200,-1.0,-1.0,-1.0
2020/07/20,876.5,877.0,863.5,874.0,960000,-1.0,-1.0,-1.0
2020/07/21,858.5,866.0,849.0,854.5,2550200,-1.0,-1.0,-1.0
2020/07/22,850.5,866.0,850.0,856.0,1135000,-1.0,-1.0,-1.0
2020/07/27,849.0,849.5,829.0,847.5,1433000,-1.0,-1.0,-1.0
2020/07/28,845.0,848.0,829.5,832.5,1612200,-1.0,-1.0,-1.0
2020/07/29,825.0,826.0,812.5,815.5,1501600,-1.0,-1.0,-1.0
2020/07/30,834.5,844.5,823.5,829.5,1989400,-1.0,-1.0,-1.0
2020/07/31,829.5,831.0,791.5,791.5,1792200,-1.0,-1.0,-1.0
2020/08/03,813.5,819.0,801.5,818.0,1357400,-1.0,-1.0,-1.0
2020/08/04,818.5,837.5,818.0,831.5,1088600,-1.0,-1.0,-1.0
2020/08/05,825.5,825.5,808.5,821.5,1564400,-1.0,-1.0,-1.0
2020/08/06,813.5,821.0,810.0,814.0,1020400,-1.0,-1.0,-1.0
2020/08/07,816.5,818.0,805.0,809.0,1343200,-1.0,-1.0,-1.0
2020/08/11,815.5,833.5,812.0,832.5,1241800,-1.0,-1.0,-1.0
2020/08/12,840.0,854.0,837.5,852.0,1769200,-1.0,-1.0,-1.0
2020/08/13,858.5,868.5,851.5,861.5,2432000,-1.0,-1.0,-1.0
2020/08/14,870.5,870.5,856.5,861.0,1703800,-1.0,-1.0,-1.0
2020/08/17,856.5,860.0,845.5,847.5,1109600,-1.0,-1.0,-1.0
2020/08/18,847.5,848.5,839.0,843.0,1072000,-1.0,-1.0,-1.0
2020/08/19,842.0,850.5,839.0,846.5,1264400,-1.0,-1.0,-1.0
2020/08/20,835.5,852.5,835.0,842.0,1295600,-1.0,-1.0,-1.0
2020/08/21,855.0,859.5,845.5,850.0,995600,-1.0,-1.0,-1.0
2020/08/24,857.0,860.0,847.0,850.0,954200,-1.0,-1.0,-1.0
2020/08/25,868.5,875.5,864.5,866.5,1365200,-1.0,-1.0,-1.0
2020/08/26,863.0,869.5,858.0,867.5,952000,-1.0,-1.0,-1.0
2020/08/27,867.5,868.0,851.5,859.5,1608400,-1.0,-1.0,-1.0
2020/08/28,839.5,860.5,826.5,837.0,4625000,-1.0,-1.0,-1.0
2020/08/31,841.0,847.0,823.5,824.0,3479800,-1.0,-1.0,-1.0
2020/09/01,814.5,815.5,798.0,808.0,2036600,-1.0,-1.0,-1.0
2020/09/02,806.0,806.5,789.5,789.5,2061200,-1.0,-1.0,-1.0
2020/09/03,799.5,802.5,790.5,795.5,1686400,-1.0,-1.0,-1.0
2020/09/04,779.5,784.0,774.0,775.5,1724600,-1.0,-1.0,-1.0
2020/09/07,773.0,776.5,761.0,762.5,3873200,-1.0,-1.0,-1.0
2020/09/08,767.0,770.0,760.5,768.5,4117400,-1.0,-1.0,-1.0
2020/09/09,756.0,756.0,744.0,749.5,3022600,-1.0,-1.0,-1.0
2020/09/10,756.0,758.0,750.5,758.0,2060000,-1.0,-1.0,-1.0
2020/09/11,759.5,774.0,750.5,772.5,2824200,-1.0,-1.0,-1.0
2020/09/14,779.0,789.0,778.0,783.0,1723000,-1.0,-1.0,-1.0
2020/09/15,784.5,785.5,771.0,777.5,1596400,-1.0,-1.0,-1.0
2020/09/16,777.0,778.0,771.0,774.0,1846200,-1.0,-1.0,-1.0
2020/09/17,777.0,781.5,771.0,780.0,1997200,-1.0,-1.0,-1.0
2020/09/18,783.5,802.5,782.0,802.5,3895400,-1.0,-1.0,-1.0
2020/09/23,791.5,794.0,777.0,793.0,2464400,-1.0,-1.0,-1.0
2020/09/24,790.5,795.0,781.0,787.5,1763000,-1.0,-1.0,-1.0
2020/09/25,794.5,796.0,781.5,784.5,2249000,-1.0,-1.0,-1.0
2020/09/28,784.5,793.5,779.0,790.5,2914200,-1.0,-1.0,-1.0
2020/09/29,774.0,774.0,758.0,765.5,2522000,-1.0,-1.0,-1.0
2020/09/30,754.5,758.5,738.5,739.0,3154600,-1.0,-1.0,-1.0
2020/10/02,735.0,741.5,719.5,723.5,3452200,-1.0,-1.0,-1.0
2020/10/05,725.0,738.0,723.5,728.0,2508400,-1.0,-1.0,-1.0
2020/10/06,737.5,739.5,730.0,733.0,1824800,-1.0,-1.0,-1.0
2020/10/07,725.5,736.0,715.0,734.5,2928400,-1.0,-1.0,-1.0
2020/10/08,739.0,740.5,728.0,729.5,2099800,-1.0,-1.0,-1.0
2020/10/09,726.5,728.0,712.5,717.0,2792400,-1.0,-1.0,-1.0
2020/10/12,718.0,719.5,707.5,713.5,1853800,-1.0,-1.0,-1.0
2020/10/13,715.0,721.0,714.0,718.0,1552000,-1.0,-1.0,-1.0
2020/10/14,712.0,721.0,707.0,718.0,1913400,-1.0,-1.0,-1.0
2020/10/15,716.5,719.0,708.0,711.0,1739400,-1.0,-1.0,-1.0
2020/10/16,708.0,716.0,703.5,708.5,1477400,-1.0,-1.0,-1.0
2020/10/19,712.5,724.0,712.0,720.5,1633800,-1.0,-1.0,-1.0
2020/10/20,711.0,714.0,707.0,711.0,1296200,-1.0,-1.0,-1.0
2020/10/21,712.5,718.0,712.0,714.0,1659400,-1.0,-1.0,-1.0
2020/10/22,714.0,719.0,709.0,710.0,1198200,-1.0,-1.0,-1.0
2020/10/23,713.0,715.5,698.0,707.5,1806400,-1.0,-1.0,-1.0
2020/10/26,702.5,714.0,702.5,708.0,852400,-1.0,-1.0,-1.0
2020/10/27,703.5,709.0,697.0,698.5,1482200,-1.0,-1.0,-1.0
2020/10/28,684.0,687.0,670.5,677.5,1998000,-1.0,-1.0,-1.0
2020/10/29,672.0,681.5,668.5,679.0,1254000,-1.0,-1.0,-1.0
2020/10/30,676.0,676.0,659.5,661.5,2131000,-1.0,-1.0,-1.0
2020/11/02,671.5,686.5,671.5,682.0,1946400,-1.0,-1.0,-1.0
2020/11/04,696.5,698.5,685.5,693.0,1847600,-1.0,-1.0,-1.0
2020/11/05,697.5,699.5,682.5,693.0,1389600,-1.0,-1.0,-1.0
2020/11/06,684.5,698.5,675.5,696.5,2241600,-1.0,-1.0,-1.0
2020/11/09,704.5,705.5,691.5,700.5,1687600,-1.0,-1.0,-1.0
2020/11/10,723.0,732.5,716.5,731.0,3456400,-1.0,-1.0,-1.0
2020/11/11,727.0,730.5,712.5,718.5,3445800,-1.0,-1.0,-1.0
2020/11/12,733.5,734.0,705.0,716.0,4187800,-1.0,-1.0,-1.0
2020/11/13,714.5,723.5,706.0,721.5,3711600,-1.0,-1.0,-1.0
2020/11/16,726.0,733.5,723.5,729.5,2639600,-1.0,-1.0,-1.0
2020/11/17,735.0,739.5,721.0,739.5,2682800,-1.0,-1.0,-1.0
2020/11/18,737.5,740.0,729.0,738.0,2085200,-1.0,-1.0,-1.0
2020/11/19,738.0,749.0,736.0,746.5,2896000,-1.0,-1.0,-1.0
2020/11/20,741.5,750.0,739.5,750.0,2485000,-1.0,-1.0,-1.0
2020/11/24,764.5,765.5,751.5,754.5,2882200,-1.0,-1.0,-1.0
2020/11/25,764.5,764.5,747.0,749.0,2470200,-1.0,-1.0,-1.0
2020/11/26,748.5,749.5,736.5,744.5,2526800,-1.0,-1.0,-1.0
2020/11/27,747.5,752.5,741.0,748.0,2574800,-1.0,-1.0,-1.0
2020/11/30,744.0,744.0,708.5,712.5,7107000,-1.0,-1.0,-1.0
2020/12/01,727.5,765.0,727.0,759.5,5557600,-1.0,-1.0,-1.0
2020/12/02,767.0,770.5,756.5,760.0,4458600,-1.0,-1.0,-1.0
2020/12/03,760.0,766.5,751.0,751.5,2420000,-1.0,-1.0,-1.0
2020/12/04,750.0,761.0,748.5,752.5,1856800,-1.0,-1.0,-1.0
2020/12/07,800.0,808.0,780.0,804.0,5988800,-1.0,-1.0,-1.0
2020/12/08,802.5,808.5,778.0,785.5,3023600,-1.0,-1.0,-1.0
2020/12/09,775.5,782.5,768.5,776.0,1962600,-1.0,-1.0,-1.0
2020/12/10,772.0,776.5,762.5,762.5,1976000,-1.0,-1.0,-1.0
2020/12/11,765.5,769.0,751.5,759.0,1908600,-1.0,-1.0,-1.0
2020/12/14,754.5,771.0,751.0,763.5,1702000,-1.0,-1.0,-1.0
2020/12/15,768.5,773.5,754.0,754.0,2005400,-1.0,-1.0,-1.0
2020/12/16,761.5,764.5,756.0,758.5,1271600,-1.0,-1.0,-1.0
2020/12/17,756.0,758.0,739.0,739.5,2013800,-1.0,-1.0,-1.0
2020/12/18,732.5,741.0,728.0,732.0,3699200,-1.0,-1.0,-1.0
2020/12/21,745.0,750.5,730.0,737.5,1441400,-1.0,-1.0,-1.0
2020/12/22,728.5,729.5,714.0,714.5,1798600,-1.0,-1.0,-1.0
2020/12/23,719.0,721.5,710.0,716.0,1618200,-1.0,-1.0,-1.0
2020/12/24,719.0,729.0,716.0,718.5,946200,-1.0,-1.0,-1.0
2020/12/25,725.0,733.0,721.5,731.5,948800,-1.0,-1.0,-1.0
2020/12/28,731.0,736.0,715.0,720.0,1768600,-1.0,-1.0,-1.0
2020/12/29,726.0,736.0,721.0,736.0,1827600,-1.0,-1.0,-1.0
2020/12/30,733.5,733.5,718.5,727.5,1524800,-1.0,-1.0,-1.0
2021/01/04,730.0,731.0,704.0,713.0,1932600,-1.0,-1.0,-1.0
2021/01/05,704.0,709.0,701.0,704.0,2289200,-1.0,-1.0,-1.0
2021/01/06,710.5,728.5,708.0,726.0,1832000,-1.0,-1.0,-1.0
2021/01/07,739.0,745.0,730.5,733.5,2110600,-1.0,-1.0,-1.0
2021/01/08,738.0,753.0,735.0,752.0,2054200,-1.0,-1.0,-1.0
2021/01/12,745.0,757.0,743.0,753.0,1792800,-1.0,-1.0,-1.0
2021/01/13,753.0,754.5,743.0,753.0,1467000,-1.0,-1.0,-1.0
2021/01/14,747.5,771.0,745.5,770.0,2079600,-1.0,-1.0,-1.0
2021/01/15,770.0,772.0,760.0,760.5,2587400,-1.0,-1.0,-1.0
2021/01/18,752.5,755.0,738.5,743.5,1764400,-1.0,-1.0,-1.0
2021/01/19,740.0,744.5,736.5,739.0,1660400,-1.0,-1.0,-1.0
2021/01/20,753.5,755.0,741.5,747.0,2136200,-1.0,-1.0,-1.0
2021/01/21,752.5,762.0,743.5,747.5,2228200,-1.0,-1.0,-1.0
2021/01/22,734.0,734.5,727.0,730.0,2251400,-1.0,-1.0,-1.0
2021/01/25,733.5,744.0,733.0,744.0,1840800,-1.0,-1.0,-1.0
2021/01/26,744.0,748.5,740.0,747.0,1475000,-1.0,-1.0,-1.0
2021/01/27,749.5,760.0,748.5,759.5,2465600,-1.0,-1.0,-1.0
2021/01/28,749.0,763.5,741.5,757.5,6959600,-1.0,-1.0,-1.0
2021/01/29,755.0,761.0,744.0,744.0,2715600,-1.0,-1.0,-1.0
2021/02/01,753.5,763.0,750.5,761.0,1775200,-1.0,-1.0,-1.0
2021/02/02,764.0,777.0,760.5,772.0,2163200,-1.0,-1.0,-1.0
2021/02/03,770.0,787.5,768.5,786.0,2131400,-1.0,-1.0,-1.0
2021/02/04,785.5,792.0,775.5,776.5,1511000,-1.0,-1.0,-1.0
2021/02/05,782.5,803.0,780.0,803.0,2024200,-1.0,-1.0,-1.0
2021/02/08,807.0,818.5,804.0,810.0,3111800,-1.0,-1.0,-1.0
2021/02/09,807.5,812.5,798.5,802.5,2423000,-1.0,-1.0,-1.0
2021/02/10,790.0,805.5,783.5,798.5,2390600,-1.0,-1.0,-1.0
2021/02/12,794.5,796.0,773.0,785.5,2534600,-1.0,-1.0,-1.0
2021/02/15,824.0,837.0,800.5,825.5,4489000,-1.0,-1.0,-1.0
2021/02/16,823.0,840.5,820.0,829.5,2294800,-1.0,-1.0,-1.0
2021/02/17,829.5,843.5,824.0,830.0,1658200,-1.0,-1.0,-1.0
2021/02/18,830.5,836.0,815.5,817.0,1834800,-1.0,-1.0,-1.0
2021/02/19,815.5,836.0,815.0,832.0,1925000,-1.0,-1.0,-1.0
2021/02/22,844.0,856.0,837.5,840.5,2451800,-1.0,-1.0,-1.0
2021/02/24,837.5,849.0,830.0,835.0,2560400,-1.0,-1.0,-1.0
2021/02/25,846.5,863.5,842.0,859.0,2884000,-1.0,-1.0,-1.0
2021/02/26,851.0,855.5,835.5,836.0,3686200,-1.0,-1.0,-1.0
2021/03/01,849.5,869.0,846.5,868.5,2138000,-1.0,-1.0,-1.0
2021/03/02,867.5,870.0,839.5,846.0,1789800,-1.0,-1.0,-1.0
2021/03/03,854.5,870.5,851.0,870.5,1654800,-1.0,-1.0,-1.0
2021/03/04,869.0,878.0,860.5,876.0,2152200,-1.0,-1.0,-1.0
2021/03/05,880.5,885.5,869.0,881.0,2382800,-1.0,-1.0,-1.0
2021/03/08,895.0,915.0,890.5,905.0,2298600,-1.0,-1.0,-1.0
2021/03/09,922.0,924.0,901.0,909.5,2646800,-1.0,-1.0,-1.0
2021/03/10,908.0,929.0,902.0,925.5,3170800,-1.0,-1.0,-1.0
2021/03/11,929.5,942.0,925.0,933.0,2335000,-1.0,-1.0,-1.0
2021/03/12,935.0,935.5,919.5,933.5,2754800,-1.0,-1.0,-1.0
2021/03/15,942.0,963.5,941.0,962.0,2082800,-1.0,-1.0,-1.0
2021/03/16,955.5,971.5,955.5,971.5,2068600,-1.0,-1.0,-1.0
2021/03/17,970.0,976.0,964.5,975.0,1633200,-1.0,-1.0,-1.0
2021/03/18,975.5,978.5,958.0,966.0,2512800,-1.0,-1.0,-1.0
2021/03/19,975.5,998.5,975.0,980.0,4093600,-1.0,-1.0,-1.0
2021/03/22,971.5,977.0,960.5,972.5,1820200,-1.0,-1.0,-1.0
2021/03/23,979.5,980.0,960.5,960.5,2108800,-1.0,-1.0,-1.0
2021/03/24,957.5,964.0,940.0,946.0,2568000,-1.0,-1.0,-1.0
2021/03/25,959.0,975.0,955.5,968.0,1513600,-1.0,-1.0,-1.0
2021/03/26,979.5,985.5,963.0,967.0,1707200,-1.0,-1.0,-1.0
2021/03/29,975.0,975.0,939.5,950.0,2566200,-1.0,-1.0,-1.0
2021/03/30,942.0,951.0,923.0,950.0,1899400,-1.0,-1.0,-1.0
2021/03/31,932.5,941.0,930.0,935.0,2347200,-1.0,-1.0,-1.0
2021/04/01,950.0,959.5,931.0,939.0,2049000,-1.0,-1.0,-1.0
2021/04/02,941.5,947.5,929.0,934.5,1077400,-1.0,-1.0,-1.0
2021/04/05,954.5,955.5,933.5,938.0,1525800,-1.0,-1.0,-1.0
2021/04/06,940.0,949.0,926.5,938.5,2630800,-1.0,-1.0,-1.0
2021/04/07,953.5,975.5,948.0,973.5,3588800,-1.0,-1.0,-1.0
2021/04/08,980.0,982.0,965.5,973.0,2642600,-1.0,-1.0,-1.0
2021/04/09,983.0,985.5,960.0,964.0,2378000,-1.0,-1.0,-1.0
2021/04/12,967.5,976.5,965.5,971.0,1187400,-1.0,-1.0,-1.0
2021/04/13,970.5,974.0,965.0,967.5,1343000,-1.0,-1.0,-1.0
2021/04/14,950.5,952.5,937.5,940.5,2158800,-1.0,-1.0,-1.0
2021/04/15,942.5,953.5,938.5,946.5,1913400,-1.0,-1.0,-1.0
2021/04/16,954.5,965.5,952.5,961.5,2025000,-1.0,-1.0,-1.0
2021/04/19,961.5,970.5,958.0,968.5,1313800,-1.0,-1.0,-1.0
2021/04/20,968.0,968.0,944.5,948.5,1689000,-1.0,-1.0,-1.0
2021/04/21,940.0,940.0,916.5,926.5,1768600,-1.0,-1.0,-1.0
2021/04/22,934.5,943.0,929.0,943.0,1259000,-1.0,-1.0,-1.0
2021/04/23,941.0,953.0,938.0,950.5,1492800,-1.0,-1.0,-1.0
2021/04/26,954.0,955.0,941.5,952.5,1277600,-1.0,-1.0,-1.0
2021/04/27,950.5,953.5,942.5,942.5,1576200,-1.0,-1.0,-1.0
2021/04/28,945.0,946.0,934.5,941.0,1324400,-1.0,-1.0,-1.0
2021/04/30,941.0,949.5,929.0,931.5,2343400,-1.0,-1.0,-1.0
2021/05/06,942.5,962.0,940.0,955.0,2452600,-1.0,-1.0,-1.0
2021/05/07,946.0,964.5,934.5,962.5,2085400,-1.0,-1.0,-1.0
2021/05/10,966.5,981.0,965.0,976.5,1573600,-1.0,-1.0,-1.0
2021/05/11,970.5,975.0,936.5,959.0,1740800,-1.0,-1.0,-1.0
2021/05/12,958.5,962.0,927.0,935.5,1781600,-1.0,-1.0,-1.0
2021/05/13,855.5,875.5,847.5,871.0,3535200,-1.0,-1.0,-1.0
2021/05/14,890.0,914.0,889.5,913.5,2874800,-1.0,-1.0,-1.0
2021/05/17,915.5,923.5,906.0,915.0,1570600,-1.0,-1.0,-1.0
2021/05/18,922.5,942.5,919.5,935.5,1878400,-1.0,-1.0,-1.0
2021/05/19,921.0,933.5,919.5,928.0,1607000,-1.0,-1.0,-1.0
2021/05/20,924.5,928.0,915.5,918.0,1448600,-1.0,-1.0,-1.0
2021/05/21,950.5,958.5,946.5,947.5,3110200,-1.0,-1.0,-1.0
2021/05/24,941.5,955.0,938.0,951.0,2001400,-1.0,-1.0,-1.0
2021/05/25,950.5,965.5,950.0,951.5,1967400,-1.0,-1.0,-1.0
2021/05/26,948.5,953.0,944.0,951.0,1830600,-1.0,-1.0,-1.0
2021/05/27,936.0,950.0,934.0,939.5,4721000,-1.0,-1.0,-1.0
2021/05/28,951.0,967.5,951.0,963.5,2139200,-1.0,-1.0,-1.0
2021/05/31,963.5,966.0,956.5,959.0,1135400,-1.0,-1.0,-1.0
2021/06/01,956.5,960.0,937.0,948.5,1586400,-1.0,-1.0,-1.0
2021/06/02,942.5,963.0,935.5,960.5,1688800,-1.0,-1.0,-1.0
2021/06/03,954.0,965.5,952.0,956.5,1318400,-1.0,-1.0,-1.0
2021/06/04,969.0,969.0,958.0,966.5,1631800,-1.0,-1.0,-1.0
2021/06/07,969.0,975.5,961.5,971.0,1354400,-1.0,-1.0,-1.0
2021/06/08,968.0,985.5,967.5,977.0,1554000,-1.0,-1.0,-1.0
2021/06/09,977.0,979.5,959.5,960.5,1080200,-1.0,-1.0,-1.0
2021/06/10,955.5,957.5,945.5,949.0,1283400,-1.0,-1.0,-1.0
2021/06/11,947.5,949.5,937.0,938.5,2033800,-1.0,-1.0,-1.0
2021/06/14,947.5,950.0,940.0,948.0,813200,-1.0,-1.0,-1.0
2021/06/15,939.5,959.0,939.5,954.5,1082200,-1.0,-1.0,-1.0
2021/06/16,964.5,966.5,956.0,956.5,1059400,-1.0,-1.0,-1.0
2021/06/17,959.5,961.0,942.5,944.5,916000,-1.0,-1.0,-1.0
2021/06/18,938.5,939.0,924.5,926.5,3252200,-1.0,-1.0,-1.0
2021/06/21,908.5,910.0,884.0,887.5,1631400,-1.0,-1.0,-1.0
2021/06/22,910.0,919.0,905.5,918.5,1734800,-1.0,-1.0,-1.0
2021/06/23,906.5,911.0,903.5,903.5,1331000,-1.0,-1.0,-1.0
2021/06/24,911.5,914.5,904.5,905.0,987000,-1.0,-1.0,-1.0
2021/06/25,918.5,921.5,907.5,911.0,1067600,-1.0,-1.0,-1.0
2021/06/28,916.0,916.5,907.5,912.0,995800,-1.0,-1.0,-1.0
2021/06/29,904.5,904.5,889.5,897.5,1403800,-1.0,-1.0,-1.0
2021/06/30,894.5,906.0,889.5,892.5,1504000,-1.0,-1.0,-1.0
2021/07/01,888.5,901.5,888.0,896.5,1170600,-1.0,-1.0,-1.0
2021/07/02,901.5,911.5,900.0,909.5,1601600,-1.0,-1.0,-1.0
2021/07/05,904.0,913.5,903.0,912.0,723000,-1.0,-1.0,-1.0
2021/07/06,913.0,914.5,897.5,898.0,1010400,-1.0,-1.0,-1.0
2021/07/07,884.0,888.0,876.5,887.0,1397200,-1.0,-1.0,-1.0
2021/07/08,875.0,881.5,866.0,866.0,2636800,-1.0,-1.0,-1.0
2021/07/09,857.0,872.0,847.5,870.0,2203000,-1.0,-1.0,-1.0
2021/07/12,902.5,906.0,893.0,905.0,1728400,-1.0,-1.0,-1.0
2021/07/13,912.5,920.5,910.0,917.5,1334600,-1.0,-1.0,-1.0
2021/07/14,915.0,946.0,913.5,942.5,2213200,-1.0,-1.0,-1.0
2021/07/15,942.5,949.5,935.5,937.0,2101600,-1.0,-1.0,-1.0
2021/07/16,928.5,936.0,924.5,925.5,1391800,-1.0,-1.0,-1.0
2021/07/19,920.5,921.0,908.5,919.5,1187400,-1.0,-1.0,-1.0
2021/07/20,906.0,916.5,901.0,914.0,1297600,-1.0,-1.0,-1.0
2021/07/21,933.5,939.0,923.5,926.5,1086800,-1.0,-1.0,-1.0
2021/07/26,942.5,944.0,930.0,936.5,1347800,-1.0,-1.0,-1.0
2021/07/27,944.0,946.5,935.5,944.5,1538000,-1.0,-1.0,-1.0
2021/07/28,933.0,941.5,929.5,934.5,1534600,-1.0,-1.0,-1.0
2021/07/29,937.0,946.5,934.5,939.5,979800,-1.0,-1.0,-1.0
2021/07/30,933.5,939.0,922.5,924.5,2065400,-1.0,-1.0,-1.0
2021/08/02,932.5,947.0,931.0,944.5,1304200,-1.0,-1.0,-1.0
2021/08/03,933.0,942.5,929.0,940.5,1382600,-1.0,-1.0,-1.0
2021/08/04,944.0,944.5,935.0,936.0,1354600,-1.0,-1.0,-1.0
2021/08/05,933.0,947.0,933.0,942.0,989400,-1.0,-1.0,-1.0
2021/08/06,939.5,940.0,924.0,928.5,1255000,-1.0,-1.0,-1.0
2021/08/10,939.0,952.0,933.5,939.0,1888000,-1.0,-1.0,-1.0
2021/08/11,944.0,953.0,940.5,941.0,1193200,-1.0,-1.0,-1.0
2021/08/12,950.0,952.0,941.5,945.0,1048000,-1.0,-1.0,-1.0
2021/08/13,953.5,958.0,944.0,946.0,1148600,-1.0,-1.0,-1.0
2021/08/16,943.0,945.0,921.0,935.5,1309600,-1.0,-1.0,-1.0
2021/08/17,938.0,942.5,930.0,934.5,1032000,-1.0,-1.0,-1.0
2021/08/18,937.0,952.5,936.5,949.5,1026000,-1.0,-1.0,-1.0
2021/08/19,938.0,942.0,912.5,914.0,1203000,-1.0,-1.0,-1.0
2021/08/20,911.5,913.5,902.5,910.0,1159000,-1.0,-1.0,-1.0
2021/08/23,916.0,925.0,908.5,921.5,1304800,-1.0,-1.0,-1.0
2021/08/24,920.0,939.0,917.0,933.5,1046600,-1.0,-1.0,-1.0
2021/08/25,927.0,939.5,924.5,931.5,806200,-1.0,-1.0,-1.0
2021/08/26,936.0,939.0,932.0,935.0,916800,-1.0,-1.0,-1.0
2021/08/27,936.0,937.0,920.0,934.0,1088400,-1.0,-1.0,-1.0
2021/08/30,944.5,949.5,939.0,945.0,1176400,-1.0,-1.0,-1.0
2021/08/31,935.5,948.5,919.5,945.0,2214200,-1.0,-1.0,-1.0
2021/09/01,945.5,969.5,945.5,969.5,1477400,-1.0,-1.0,-1.0
2021/09/02,970.5,978.5,956.5,958.0,1414800,-1.0,-1.0,-1.0
2021/09/03,967.0,980.5,957.0,978.5,1805800,-1.0,-1.0,-1.0
2021/09/06,982.0,987.0,974.5,979.5,1237600,-1.0,-1.0,-1.0
2021/09/07,992.5,997.0,986.0,986.5,1239800,-1.0,-1.0,-1.0
2021/09/08,989.0,994.0,981.5,994.0,1832800,-1.0,-1.0,-1.0
2021/09/09,991.0,998.5,987.5,991.0,1215200,-1.0,-1.0,-1.0
2021/09/10,997.5,1015.5,994.5,1012.5,2617800,-1.0,-1.0,-1.0
2021/09/13,1011.5,1026.5,1005.0,1026.5,1307200,-1.0,-1.0,-1.0
2021/09/14,1037.0,1037.5,1020.5,1037.5,1506200,-1.0,-1.0,-1.0
2021/09/15,1026.5,1031.5,1016.0,1021.0,1499000,-1.0,-1.0,-1.0
2021/09/16,1030.5,1030.5,1015.5,1020.0,1303200,-1.0,-1.0,-1.0
2021/09/17,1016.5,1021.0,1008.5,1017.5,2054600,-1.0,-1.0,-1.0
2021/09/21,999.5,1009.0,993.0,996.0,1346800,-1.0,-1.0,-1.0
2021/09/22,990.0,991.5,974.0,978.0,1642600,-1.0,-1.0,-1.0
2021/09/24,995.5,1007.5,988.0,1003.5,1724400,-1.0,-1.0,-1.0
2021/09/27,1011.0,1017.0,993.5,994.5,1223000,-1.0,-1.0,-1.0
2021/09/28,995.5,997.0,982.0,996.0,1531200,-1.0,-1.0,-1.0
2021/09/29,974.0,974.5,947.0,958.0,1885000,-1.0,-1.0,-1.0
2021/09/30,962.0,965.5,942.5,951.5,2346200,-1.0,-1.0,-1.0
2021/10/01,946.5,953.5,930.0,931.5,1634600,-1.0,-1.0,-1.0
2021/10/04,940.0,947.0,930.5,933.5,1290600,-1.0,-1.0,-1.0
2021/10/05,914.0,918.0,895.0,903.0,1496400,-1.0,-1.0,-1.0
2021/10/06,912.0,927.0,901.5,912.5,1241400,-1.0,-1.0,-1.0
2021/10/07,907.5,927.0,906.0,916.5,1036000,-1.0,-1.0,-1.0
2021/10/08,935.5,943.0,928.5,928.5,1366600,-1.0,-1.0,-1.0
2021/10/11,918.5,935.0,916.0,935.0,1366000,-1.0,-1.0,-1.0
2021/10/12,931.0,933.5,912.0,913.5,1168000,-1.0,-1.0,-1.0
2021/10/13,912.5,925.0,905.5,914.5,1134000,-1.0,-1.0,-1.0
2021/10/14,911.0,912.0,900.0,907.5,1245400,-1.0,-1.0,-1.0
2021/10/15,920.0,931.0,911.5,928.0,1548000,-1.0,-1.0,-1.0
2021/10/18,927.0,928.0,915.0,923.0,1017000,-1.0,-1.0,-1.0
2021/10/19,933.0,934.0,919.0,930.5,1035800,-1.0,-1.0,-1.0
2021/10/20,934.5,943.5,927.5,930.5,891000,-1.0,-1.0,-1.0
2021/10/21,934.0,936.5,922.5,926.0,918400,-1.0,-1.0,-1.0
2021/10/22,923.5,933.0,917.5,926.0,1066600,-1.0,-1.0,-1.0
2021/10/25,928.5,935.5,925.0,927.0,1004800,-1.0,-1.0,-1.0
2021/10/26,940.0,941.5,932.0,934.0,842600,-1.0,-1.0,-1.0
2021/10/27,934.5,935.5,925.5,932.0,1254800,-1.0,-1.0,-1.0
2021/10/28,919.0,930.0,910.0,926.0,979800,-1.0,-1.0,-1.0
2021/10/29,922.5,925.0,908.5,916.5,1282200,-1.0,-1.0,-1.0
2021/11/01,936.5,938.5,919.5,934.5,1214400,-1.0,-1.0,-1.0
2021/11/02,928.5,931.5,918.5,918.5,1144200,-1.0,-1.0,-1.0
2021/11/04,942.5,944.0,921.5,928.0,1350400,-1.0,-1.0,-1.0
2021/11/05,918.5,920.0,911.0,918.0,845600,-1.0,-1.0,-1.0
2021/11/08,928.0,928.5,920.0,920.0,794000,-1.0,-1.0,-1.0
2021/11/09,919.5,925.0,906.5,906.5,761400,-1.0,-1.0,-1.0
2021/11/10,907.0,911.0,892.0,893.5,916400,-1.0,-1.0,-1.0
2021/11/11,972.5,982.5,951.0,966.0,3208800,-1.0,-1.0,-1.0
2021/11/12,966.5,999.0,966.5,990.0,2043200,-1.0,-1.0,-1.0
2021/11/15,1003.5,1003.5,992.0,995.0,1648400,-1.0,-1.0,-1.0
2021/11/16,995.0,1004.5,976.0,979.0,2029200,-1.0,-1.0,-1.0
2021/11/17,979.0,979.5,943.0,946.0,2253000,-1.0,-1.0,-1.0
2021/11/18,935.5,954.0,933.0,946.0,1809400,-1.0,-1.0,-1.0
2021/11/19,924.0,940.0,919.0,919.5,2639800,-1.0,-1.0,-1.0
2021/11/22,920.0,931.5,912.5,925.0,1916400,-1.0,-1.0,-1.0
2021/11/24,925.5,931.0,898.0,904.5,1723200,-1.0,-1.0,-1.0
2021/11/25,904.5,909.5,895.5,904.0,1824400,-1.0,-1.0,-1.0
2021/11/26,900.0,901.5,869.0,876.5,2645400,-1.0,-1.0,-1.0
2021/11/29,851.5,862.0,846.0,849.5,2377600,-1.0,-1.0,-1.0
2021/11/30,864.0,880.5,855.0,861.5,6962200,-1.0,-1.0,-1.0
2021/12/01,858.5,887.0,856.0,880.0,2711400,-1.0,-1.0,-1.0
2021/12/02,862.5,866.0,853.5,864.5,2361800,-1.0,-1.0,-1.0
2021/12/03,882.0,891.0,867.0,889.5,1655600,-1.0,-1.0,-1.0
2021/12/06,892.5,900.0,883.0,886.0,1219200,-1.0,-1.0,-1.0
2021/12/07,891.0,914.0,883.5,910.0,1972600,-1.0,-1.0,-1.0
2021/12/08,906.5,914.5,905.0,908.5,1214200,-1.0,-1.0,-1.0
2021/12/09,909.0,921.5,907.0,911.0,1387400,-1.0,-1.0,-1.0
2021/12/10,930.5,964.5,924.5,960.0,4741000,-1.0,-1.0,-1.0
2021/12/13,967.5,977.5,964.5,972.0,2751000,-1.0,-1.0,-1.0
2021/12/14,980.5,985.5,969.5,978.0,3450000,-1.0,-1.0,-1.0
2021/12/15,988.5,1019.0,986.5,995.0,3822800,-1.0,-1.0,-1.0
2021/12/16,995.0,1017.0,991.0,1017.0,2889800,-1.0,-1.0,-1.0
2021/12/17,1007.0,1032.5,1006.0,1018.5,4451800,-1.0,-1.0,-1.0
2021/12/20,995.0,1007.0,986.0,1000.5,2979600,-1.0,-1.0,-1.0
2021/12/21,1023.5,1046.0,1021.5,1033.0,2362200,-1.0,-1.0,-1.0
2021/12/22,1046.0,1049.5,1036.5,1041.5,1871200,-1.0,-1.0,-1.0
2021/12/23,1050.0,1081.5,1046.5,1073.5,2331600,-1.0,-1.0,-1.0
2021/12/24,1074.5,1082.0,1067.5,1073.0,1725200,-1.0,-1.0,-1.0
2021/12/27,1074.5,1078.5,1070.0,1074.5,1096800,-1.0,-1.0,-1.0
2021/12/28,1083.5,1084.0,1065.5,1078.0,1248400,-1.0,-1.0,-1.0
2021/12/29,1077.5,1086.0,1073.5,1086.0,1450800,-1.0,-1.0,-1.0
2021/12/30,1086.0,1088.5,1072.5,1078.0,1468000,-1.0,-1.0,-1.0
2022/01/04,1093.5,1097.5,1071.0,1076.5,2367400,-1.0,-1.0,-1.0
2022/01/05,1091.0,1091.5,1067.5,1078.0,1642000,-1.0,-1.0,-1.0
2022/01/06,1076.0,1079.5,1050.0,1050.0,2163200,-1.0,-1.0,-1.0
2022/01/07,1063.5,1071.0,1059.0,1061.5,2277800,-1.0,-1.0,-1.0
2022/01/11,1054.0,1080.0,1053.5,1079.0,2723000,-1.0,-1.0,-1.0
2022/01/12,1086.0,1115.5,1082.0,1109.0,3001200,-1.0,-1.0,-1.0
2022/01/13,1117.5,1134.5,1115.0,1120.5,2372000,-1.0,-1.0,-1.0
2022/01/14,1114.5,1118.0,1086.0,1101.5,1937600,-1.0,-1.0,-1.0
2022/01/17,1107.5,1122.5,1101.5,1110.0,768400,-1.0,-1.0,-1.0
2022/01/18,1108.0,1127.5,1095.0,1102.0,1351200,-1.0,-1.0,-1.0
2022/01/19,1080.0,1096.5,1064.0,1071.0,1692200,-1.0,-1.0,-1.0
2022/01/20,1071.5,1089.0,1065.0,1081.5,1319400,-1.0,-1.0,-1.0
2022/01/21,1072.0,1089.5,1060.0,1086.0,2540400,-1.0,-1.0,-1.0
2022/01/24,1081.0,1100.0,1076.5,1093.0,1474400,-1.0,-1.0,-1.0
2022/01/25,1083.5,1084.5,1063.0,1076.5,1419600,-1.0,-1.0,-1.0
2022/01/26,1076.0,1088.0,1071.5,1080.5,1788800,-1.0,-1.0,-1.0
2022/01/27,1091.0,1099.5,1056.0,1064.0,1781000,-1.0,-1.0,-1.0
2022/01/28,1082.0,1096.5,1076.5,1085.0,1669400,-1.0,-1.0,-1.0
2022/01/31,1081.5,1094.5,1077.5,1088.0,1918800,-1.0,-1.0,-1.0
2022/02/01,1088.5,1093.5,1080.5,1091.5,1850200,-1.0,-1.0,-1.0
2022/02/02,1094.5,1108.5,1088.0,1102.5,1658800,-1.0,-1.0,-1.0
2022/02/03,1103.5,1113.5,1094.0,1107.5,1439800,-1.0,-1.0,-1.0
2022/02/04,1107.5,1109.0,1081.5,1097.0,1237200,-1.0,-1.0,-1.0
2022/02/07,1092.0,1095.5,1071.5,1092.0,1469000,-1.0,-1.0,-1.0
2022/02/08,1100.0,1112.0,1095.0,1105.5,1180800,-1.0,-1.0,-1.0
2022/02/09,1113.5,1117.0,1102.0,1102.0,1351800,-1.0,-1.0,-1.0
2022/02/10,1177.0,1188.5,1121.0,1144.0,3623800,-1.0,-1.0,-1.0
2022/02/14,1130.0,1146.5,1117.5,1143.5,2097400,-1.0,-1.0,-1.0
2022/02/15,1147.5,1154.0,1139.5,1148.5,1762000,-1.0,-1.0,-1.0
2022/02/16,1162.0,1174.5,1156.0,1171.5,1335200,-1.0,-1.0,-1.0
2022/02/17,1184.0,1184.0,1148.5,1159.5,1646600,-1.0,-1.0,-1.0
2022/02/18,1140.5,1158.5,1136.0,1141.0,1365200,-1.0,-1.0,-1.0
2022/02/21,1131.5,1145.5,1119.5,1136.5,1032000,-1.0,-1.0,-1.0
2022/02/22,1126.5,1138.0,1116.5,1133.5,1219600,-1.0,-1.0,-1.0
2022/02/24,1118.5,1125.0,1092.0,1105.0,1914800,-1.0,-1.0,-1.0
2022/02/25,1105.0,1110.5,1085.5,1097.5,2132400,-1.0,-1.0,-1.0
2022/02/28,1106.5,1130.0,1105.5,1128.5,2346200,-1.0,-1.0,-1.0
2022/03/01,1129.0,1137.5,1101.5,1104.5,2239200,-1.0,-1.0,-1.0
2022/03/02,1091.0,1100.0,1085.0,1095.5,1683200,-1.0,-1.0,-1.0
2022/03/03,1107.5,1117.5,1102.0,1108.0,1417200,-1.0,-1.0,-1.0
2022/03/04,1112.5,1118.5,1082.5,1097.5,1843000,-1.0,-1.0,-1.0
2022/03/07,1080.0,1084.0,1059.0,1073.0,1520800,-1.0,-1.0,-1.0
2022/03/08,1060.0,1067.0,1033.0,1034.5,1772000,-1.0,-1.0,-1.0
2022/03/09,1027.5,1055.0,1019.0,1044.0,2382400,-1.0,-1.0,-1.0
2022/03/10,1064.0,1095.0,1061.5,1089.0,2021200,-1.0,-1.0,-1.0
2022/03/11,1088.5,1101.0,1084.0,1091.0,1756400,-1.0,-1.0,-1.0
2022/03/14,1105.0,1117.5,1101.5,1108.0,1196600,-1.0,-1.0,-1.0
2022/03/15,1108.5,1123.5,1102.0,1116.5,1281400,-1.0,-1.0,-1.0
2022/03/16,1114.5,1123.5,1105.0,1111.5,1645000,-1.0,-1.0,-1.0
2022/03/17,1129.0,1134.0,1115.5,1125.0,1540400,-1.0,-1.0,-1.0
2022/03/18,1125.0,1125.0,1106.5,1119.5,2043000,-1.0,-1.0,-1.0
2022/03/22,1121.5,1131.0,1118.0,1127.5,2147600,-1.0,-1.0,-1.0
2022/03/23,1140.0,1141.5,1120.5,1139.5,1738800,-1.0,-1.0,-1.0
2022/03/24,1135.5,1143.0,1120.0,1125.0,1401800,-1.0,-1.0,-1.0
2022/03/25,1133.0,1134.5,1115.5,1122.0,1069200,-1.0,-1.0,-1.0
2022/03/28,1136.0,1137.0,1120.5,1128.0,696200,-1.0,-1.0,-1.0
2022/03/29,1124.0,1137.0,1116.0,1134.5,1367800,-1.0,-1.0,-1.0
2022/03/30,1126.5,1138.0,1103.5,1115.0,1621400,-1.0,-1.0,-1.0
2022/03/31,1103.5,1116.5,1082.0,1083.0,2557200,-1.0,-1.0,-1.0
2022/04/01,1079.0,1087.5,1071.0,1082.5,1635600,-1.0,-1.0,-1.0
2022/04/04,1078.0,1095.0,1078.0,1086.5,998800,-1.0,-1.0,-1.0
2022/04/05,1089.0,1096.0,1069.0,1080.0,1326000,-1.0,-1.0,-1.0
2022/04/06,1074.0,1076.5,1044.0,1046.0,2444000,-1.0,-1.0,-1.0
2022/04/07,1033.5,1038.0,1017.5,1034.5,1847400,-1.0,-1.0,-1.0
2022/04/08,1041.5,1051.0,1039.0,1045.0,2470600,-1.0,-1.0,-1.0
2022/04/11,1038.5,1055.5,1038.5,1052.5,1594000,-1.0,-1.0,-1.0
2022/04/12,1046.0,1069.0,1044.0,1045.5,1938000,-1.0,-1.0,-1.0
2022/04/13,1047.5,1073.5,1047.5,1069.5,1704200,-1.0,-1.0,-1.0
2022/04/14,1066.5,1080.0,1061.0,1075.5,1122800,-1.0,-1.0,-1.0
2022/04/15,1070.0,1072.5,1057.5,1066.5,863600,-1.0,-1.0,-1.0
2022/04/18,1050.0,1054.5,1029.0,1046.0,1114400,-1.0,-1.0,-1.0
2022/04/19,1058.0,1058.5,1043.5,1055.5,914600,-1.0,-1.0,-1.0
2022/04/20,1064.5,1078.0,1060.0,1064.0,1246000,-1.0,-1.0,-1.0
2022/04/21,1065.5,1077.5,1065.5,1073.0,1118000,-1.0,-1.0,-1.0
2022/04/22,1059.5,1070.0,1050.5,1066.0,1065800,-1.0,-1.0,-1.0
2022/04/25,1046.5,1067.0,1045.0,1058.5,1221400,-1.0,-1.0,-1.0
2022/04/26,1068.0,1074.5,1059.5,1063.5,1561000,-1.0,-1.0,-1.0
2022/04/27,1045.0,1050.5,1030.5,1036.5,4337800,-1.0,-1.0,-1.0
2022/04/28,1041.5,1080.0,1040.5,1076.0,1727400,-1.0,-1.0,-1.0
2022/05/02,1063.5,1086.5,1063.5,1081.5,1192200,-1.0,-1.0,-1.0
2022/05/06,1077.5,1108.0,1077.5,1101.5,1498000,-1.0,-1.0,-1.0
2022/05/09,1090.5,1098.0,1082.0,1086.5,1213000,-1.0,-1.0,-1.0
2022/05/10,1071.5,1097.0,1069.5,1091.0,1508800,-1.0,-1.0,-1.0
2022/05/11,1081.5,1084.0,1052.0,1056.5,1879000,-1.0,-1.0,-1.0
2022/05/12,1081.5,1132.5,1080.5,1123.5,2896800,-1.0,-1.0,-1.0
2022/05/13,1128.0,1166.0,1113.0,1159.5,2718600,-1.0,-1.0,-1.0
2022/05/16,1170.5,1187.0,1160.0,1186.0,2560000,-1.0,-1.0,-1.0
2022/05/17,1190.0,1216.5,1190.0,1202.5,2321600,-1.0,-1.0,-1.0
2022/05/18,1207.5,1220.0,1207.0,1215.5,2308200,-1.0,-1.0,-1.0
2022/05/19,1179.0,1192.0,1152.0,1185.5,2254000,-1.0,-1.0,-1.0
2022/05/20,1203.0,1227.0,1191.5,1207.0,2627600,-1.0,-1.0,-1.0
2022/05/23,1218.0,1218.5,1190.5,1195.5,1768600,-1.0,-1.0,-1.0
2022/05/24,1186.0,1194.5,1183.0,1187.5,1369200,-1.0,-1.0,-1.0
2022/05/25,1187.5,1190.0,1169.5,1176.5,1524600,-1.0,-1.0,-1.0
2022/05/26,1165.0,1177.5,1163.0,1166.5,1273200,-1.0,-1.0,-1.0
2022/05/27,1173.0,1191.0,1171.0,1189.5,1537200,-1.0,-1.0,-1.0
2022/05/30,1200.0,1218.5,1195.0,1218.5,3795600,-1.0,-1.0,-1.0
2022/05/31,1211.0,1217.0,1209.0,1212.5,3281600,-1.0,-1.0,-1.0
2022/06/01,1215.0,1234.0,1213.0,1229.5,1719400,-1.0,-1.0,-1.0
2022/06/02,1220.5,1226.5,1205.0,1220.0,1486600,-1.0,-1.0,-1.0
2022/06/03,1228.5,1237.5,1220.5,1231.0,1696000,-1.0,-1.0,-1.0
2022/06/06,1230.0,1230.0,1211.0,1217.0,1226800,-1.0,-1.0,-1.0
2022/06/07,1227.0,1241.0,1222.0,1223.5,1547800,-1.0,-1.0,-1.0
2022/06/08,1210.0,1216.5,1199.0,1208.5,2020000,-1.0,-1.0,-1.0
2022/06/09,1206.0,1210.0,1193.0,1194.5,1560200,-1.0,-1.0,-1.0
2022/06/10,1184.5,1202.5,1178.0,1187.0,1955000,-1.0,-1.0,-1.0
2022/06/13,1166.5,1178.5,1158.0,1174.5,1277000,-1.0,-1.0,-1.0
2022/06/14,1150.5,1175.5,1150.5,1170.5,1614200,-1.0,-1.0,-1.0
2022/06/15,1166.0,1175.5,1163.0,1168.0,1335600,-1.0,-1.0,-1.0
2022/06/16,1168.5,1187.5,1166.0,1172.5,1242400,-1.0,-1.0,-1.0
2022/06/17,1141.0,1167.5,1140.5,1163.5,2638400,-1.0,-1.0,-1.0
2022/06/20,1168.5,1173.0,1157.5,1168.5,1163000,-1.0,-1.0,-1.0
2022/06/21,1177.5,1185.0,1169.5,1182.0,1534400,-1.0,-1.0,-1.0
2022/06/22,1199.5,1201.0,1183.0,1184.0,1434600,-1.0,-1.0,-1.0
2022/06/23,1184.0,1187.0,1160.5,1161.5,1300000,-1.0,-1.0,-1.0
2022/06/24,1156.5,1157.0,1121.5,1132.0,1600200,-1.0,-1.0,-1.0
2022/06/27,1148.0,1155.5,1125.5,1141.5,1264200,-1.0,-1.0,-1.0
2022/06/28,1144.0,1165.0,1143.5,1164.0,1516600,-1.0,-1.0,-1.0
2022/06/29,1159.5,1161.5,1141.5,1150.0,3469800,-1.0,-1.0,-1.0
2022/06/30,1144.0,1152.0,1131.0,1133.5,1985600,-1.0,-1.0,-1.0
2022/07/01,1132.5,1139.5,1106.0,1113.0,1991800,-1.0,-1.0,-1.0
2022/07/04,1119.5,1135.0,1110.5,1116.5,957200,-1.0,-1.0,-1.0
2022/07/05,1128.0,1132.5,1099.0,1099.5,1613400,-1.0,-1.0,-1.0
2022/07/06,1078.0,1083.0,1059.5,1069.5,1779000,-1.0,-1.0,-1.0
2022/07/07,1082.0,1097.0,1077.5,1091.0,2043200,-1.0,-1.0,-1.0
2022/07/08,1080.5,1107.0,1079.5,1095.0,2065200,-1.0,-1.0,-1.0
2022/07/11,1107.0,1120.5,1106.0,1109.0,1255200,-1.0,-1.0,-1.0
2022/07/12,1108.0,1109.5,1089.5,1096.5,1169200,-1.0,-1.0,-1.0
2022/07/13,1098.0,1106.5,1097.5,1102.0,1037800,-1.0,-1.0,-1.0
2022/07/14,1102.5,1112.0,1096.0,1111.0,1184800,-1.0,-1.0,-1.0
2022/07/15,1119.0,1119.5,1070.5,1092.0,1923200,-1.0,-1.0,-1.0
2022/07/19,1106.0,1110.5,1098.0,1105.0,1170000,-1.0,-1.0,-1.0
2022/07/20,1119.5,1132.0,1113.0,1129.5,1327000,-1.0,-1.0,-1.0
2022/07/21,1129.0,1142.5,1124.5,1138.0,1271000,-1.0,-1.0,-1.0
2022/07/22,1138.5,1155.0,1137.0,1149.0,1374400,-1.0,-1.0,-1.0
2022/07/25,1144.0,1163.5,1142.5,1151.0,1191200,-1.0,-1.0,-1.0
2022/07/26,1151.5,1155.0,1132.5,1145.5,1216400,-1.0,-1.0,-1.0
2022/07/27,1145.5,1147.5,1133.0,1135.5,1164400,-1.0,-1.0,-1.0
2022/07/28,1139.5,1139.5,1121.5,1132.0,1538000,-1.0,-1.0,-1.0
2022/07/29,1133.5,1143.0,1127.0,1128.0,1397200,-1.0,-1.0,-1.0
2022/08/01,1132.0,1143.5,1122.5,1142.0,1450800,-1.0,-1.0,-1.0
2022/08/02,1133.5,1139.0,1117.5,1117.5,1507400,-1.0,-1.0,-1.0
2022/08/03,1110.0,1117.5,1106.5,1113.5,1278600,-1.0,-1.0,-1.0
2022/08/04,1113.5,1117.0,1104.5,1111.0,1225400,-1.0,-1.0,-1.0
2022/08/05,1101.5,1119.5,1101.0,1117.5,1479600,-1.0,-1.0,-1.0
2022/08/08,1120.0,1120.0,1081.0,1099.0,2645600,-1.0,-1.0,-1.0
2022/08/09,1106.0,1115.0,1093.0,1101.0,1589800,-1.0,-1.0,-1.0
2022/08/10,1116.0,1116.0,1098.5,1105.5,1148600,-1.0,-1.0,-1.0
2022/08/12,1130.5,1153.5,1127.5,1150.0,2399000,-1.0,-1.0,-1.0
2022/08/15,1148.5,1148.5,1133.0,1143.0,1059000,-1.0,-1.0,-1.0
2022/08/16,1131.5,1138.0,1128.0,1130.0,1109000,-1.0,-1.0,-1.0
2022/08/17,1141.0,1151.5,1136.5,1142.5,1414000,-1.0,-1.0,-1.0
2022/08/18,1136.0,1136.5,1122.5,1129.0,1024200,-1.0,-1.0,-1.0
2022/08/19,1129.5,1134.5,1120.5,1124.5,944600,-1.0,-1.0,-1.0
2022/08/22,1116.0,1133.0,1111.0,1132.0,822400,-1.0,-1.0,-1.0
2022/08/23,1124.0,1124.0,1113.0,1115.5,1094000,-1.0,-1.0,-1.0
2022/08/24,1117.5,1123.0,1110.0,1115.0,1208000,-1.0,-1.0,-1.0
2022/08/25,1112.5,1112.5,1096.0,1096.0,2070400,-1.0,-1.0,-1.0
2022/08/26,1100.0,1107.5,1099.5,1102.5,1685400,-1.0,-1.0,-1.0
2022/08/29,1080.0,1087.0,1072.5,1074.0,1834600,-1.0,-1.0,-1.0
2022/08/30,1085.5,1087.0,1080.5,1084.5,1420800,-1.0,-1.0,-1.0
2022/08/31,1075.5,1098.0,1074.5,1095.5,2463400,-1.0,-1.0,-1.0
2022/09/01,1087.5,1094.0,1077.0,1083.0,1668200,-1.0,-1.0,-1.0
2022/09/02,1083.5,1089.0,1077.5,1087.5,1382800,-1.0,-1.0,-1.0
2022/09/05,1097.5,1131.0,1097.5,1122.5,2364400,-1.0,-1.0,-1.0
2022/09/06,1120.0,1123.5,1108.5,1109.5,1225800,-1.0,-1.0,-1.0
2022/09/07,1102.5,1114.0,1098.5,1111.0,1616000,-1.0,-1.0,-1.0
2022/09/08,1119.5,1130.5,1114.5,1130.5,1738600,-1.0,-1.0,-1.0
2022/09/09,1130.5,1147.0,1130.5,1136.5,2132400,-1.0,-1.0,-1.0
2022/09/12,1150.0,1156.5,1141.0,1148.5,1115000,-1.0,-1.0,-1.0
2022/09/13,1148.5,1151.5,1137.0,1142.5,974200,-1.0,-1.0,-1.0
2022/09/14,1119.0,1125.5,1113.0,1119.5,1817800,-1.0,-1.0,-1.0
2022/09/15,1125.5,1129.5,1109.5,1112.0,1325200,-1.0,-1.0,-1.0
2022/09/16,1109.0,1119.0,1107.5,1117.5,1745200,-1.0,-1.0,-1.0
2022/09/20,1124.5,1134.5,1120.5,1129.5,1758400,-1.0,-1.0,-1.0
2022/09/21,1113.5,1123.0,1109.5,1113.0,1854600,-1.0,-1.0,-1.0
2022/09/22,1109.5,1125.5,1108.0,1118.5,1443200,-1.0,-1.0,-1.0
2022/09/26,1100.0,1102.0,1063.0,1065.5,2004800,-1.0,-1.0,-1.0
2022/09/27,1074.0,1097.5,1067.5,1089.5,2066200,-1.0,-1.0,-1.0
2022/09/28,1079.0,1080.0,1056.0,1074.0,2238800,-1.0,-1.0,-1.0
2022/09/29,1070.0,1083.0,1065.5,1080.5,1886800,-1.0,-1.0,-1.0
2022/09/30,1084.0,1088.5,1073.5,1077.0,2315800,-1.0,-1.0,-1.0
2022/10/03,1077.5,1092.5,1063.5,1092.5,1636000,-1.0,-1.0,-1.0
2022/10/04,1117.5,1141.0,1117.5,1138.5,1726600,-1.0,-1.0,-1.0
2022/10/05,1138.5,1142.0,1128.0,1128.0,1481800,-1.0,-1.0,-1.0
2022/10/06,1129.0,1139.5,1127.0,1133.0,1221200,-1.0,-1.0,-1.0
2022/10/07,1130.5,1133.5,1101.5,1102.5,2117600,-1.0,-1.0,-1.0
2022/10/11,1087.0,1091.5,1073.5,1085.5,3218200,-1.0,-1.0,-1.0
2022/10/12,1085.5,1089.5,1078.0,1084.0,2098400,-1.0,-1.0,-1.0
2022/10/13,1079.5,1083.5,1069.0,1077.5,1457800,-1.0,-1.0,-1.0
2022/10/14,1087.5,1103.5,1083.5,1096.5,2333600,-1.0,-1.0,-1.0
2022/10/17,1088.5,1099.0,1088.0,1096.0,1425600,-1.0,-1.0,-1.0
2022/10/18,1109.5,1109.5,1094.0,1099.5,1182400,-1.0,-1.0,-1.0
2022/10/19,1098.0,1106.0,1098.0,1099.0,1306800,-1.0,-1.0,-1.0
2022/10/20,1089.5,1092.5,1083.0,1090.0,1155000,-1.0,-1.0,-1.0
2022/10/21,1081.0,1097.0,1081.0,1092.0,1264000,-1.0,-1.0,-1.0
2022/10/24,1105.5,1110.0,1097.0,1101.5,1328200,-1.0,-1.0,-1.0
2022/10/25,1101.5,1118.0,1097.0,1114.5,1219000,-1.0,-1.0,-1.0
2022/10/26,1112.5,1126.0,1112.5,1121.0,1398400,-1.0,-1.0,-1.0
2022/10/27,1111.0,1114.0,1091.0,1091.0,2023800,-1.0,-1.0,-1.0
2022/10/28,1081.5,1096.5,1075.5,1091.5,7838400,-1.0,-1.0,-1.0
2022/10/31,1109.5,1109.5,1099.5,1109.5,1678200,-1.0,-1.0,-1.0
2022/11/01,1111.0,1113.0,1103.5,1107.5,837800,-1.0,-1.0,-1.0
2022/11/02,1103.0,1113.0,1096.0,1099.0,1267400,-1.0,-1.0,-1.0
2022/11/04,1085.0,1089.5,1060.0,1061.5,1907000,-1.0,-1.0,-1.0
2022/11/07,1073.0,1075.0,1061.5,1067.0,1168200,-1.0,-1.0,-1.0
2022/11/08,1072.5,1077.5,1068.0,1070.0,1201200,-1.0,-1.0,-1.0
2022/11/09,1067.5,1083.0,1062.5,1082.5,1329000,-1.0,-1.0,-1.0
2022/11/10,1081.0,1095.0,1061.5,1084.0,1936000,-1.0,-1.0,-1.0
2022/11/11,1100.0,1100.0,1076.5,1081.5,1797000,-1.0,-1.0,-1.0
2022/11/14,1062.0,1065.0,1028.0,1028.0,2511600,-1.0,-1.0,-1.0
2022/11/15,1025.5,1028.0,1017.0,1023.5,1395400,-1.0,-1.0,-1.0
2022/11/16,1022.0,1037.0,1018.0,1034.0,1308600,-1.0,-1.0,-1.0
2022/11/17,1041.0,1050.5,1037.5,1046.5,1090800,-1.0,-1.0,-1.0
2022/11/18,1057.5,1058.5,1047.0,1052.0,1143200,-1.0,-1.0,-1.0
2022/11/21,1057.0,1058.0,1048.5,1054.5,889800,-1.0,-1.0,-1.0
2022/11/22,1055.5,1069.5,1054.5,1065.5,1141000,-1.0,-1.0,-1.0
2022/11/24,1075.0,1076.0,1063.0,1070.0,1164200,-1.0,-1.0,-1.0
2022/11/25,1067.5,1070.0,1061.0,1064.5,801200,-1.0,-1.0,-1.0
2022/11/28,1068.5,1071.0,1053.5,1060.5,884000,-1.0,-1.0,-1.0
2022/11/29,1058.0,1063.5,1054.0,1055.5,1251200,-1.0,-1.0,-1.0
2022/11/30,1054.0,1069.5,1050.5,1066.0,2246200,-1.0,-1.0,-1.0
2022/12/01,1069.0,1069.0,1045.0,1045.0,1873400,-1.0,-1.0,-1.0
2022/12/02,1034.0,1034.5,1009.5,1025.0,1917200,-1.0,-1.0,-1.0
2022/12/05,1024.0,1024.5,1006.0,1009.0,1373200,-1.0,-1.0,-1.0
2022/12/06,1006.5,1017.5,1006.5,1014.5,1446600,-1.0,-1.0,-1.0
2022/12/07,1011.5,1020.5,1007.5,1015.0,1184400,-1.0,-1.0,-1.0
2022/12/08,1015.0,1017.0,1007.0,1015.5,1176800,-1.0,-1.0,-1.0
2022/12/09,1026.0,1036.5,1026.0,1029.0,1781800,-1.0,-1.0,-1.0
2022/12/12,1027.0,1027.5,1017.5,1020.0,1172200,-1.0,-1.0,-1.0
2022/12/13,1032.5,1036.0,1027.5,1032.0,1381600,-1.0,-1.0,-1.0
2022/12/14,1032.5,1054.5,1032.0,1044.0,1782400,-1.0,-1.0,-1.0
2022/12/15,1039.0,1049.0,1036.5,1048.5,1192800,-1.0,-1.0,-1.0
2022/12/16,1046.5,1053.5,1041.5,1047.5,2200600,-1.0,-1.0,-1.0
2022/12/19,1045.0,1046.0,1035.0,1038.0,1251800,-1.0,-1.0,-1.0
2022/12/20,1039.5,1040.5,1003.0,1014.5,1801200,-1.0,-1.0,-1.0
2022/12/21,1014.5,1023.0,1005.5,1008.0,1736000,-1.0,-1.0,-1.0
2022/12/22,1013.0,1019.5,1007.0,1016.5,1336800,-1.0,-1.0,-1.0
2022/12/23,1009.5,1011.5,998.5,1002.0,928400,-1.0,-1.0,-1.0
2022/12/26,1006.0,1007.0,995.5,999.0,609200,-1.0,-1.0,-1.0
2022/12/27,1003.0,1003.0,995.5,995.5,643400,-1.0,-1.0,-1.0
2022/12/28,995.0,995.0,984.0,988.0,880400,-1.0,-1.0,-1.0
2022/12/29,971.0,982.0,967.5,982.0,1182600,-1.0,-1.0,-1.0
2022/12/30,978.5,985.0,976.5,977.0,1346600,-1.0,-1.0,-1.0
2023/01/04,974.5,976.0,959.5,966.0,1452000,-1.0,-1.0,-1.0
2023/01/05,957.0,962.5,950.5,956.0,1252400,-1.0,-1.0,-1.0
2023/01/06,952.5,963.5,948.0,956.0,1070800,-1.0,-1.0,-1.0
2023/01/10,966.5,974.0,956.5,957.5,1725200,-1.0,-1.0,-1.0
2023/01/11,961.0,967.5,957.5,960.5,1191200,-1.0,-1.0,-1.0
2023/01/12,960.5,963.5,952.0,957.5,966200,-1.0,-1.0,-1.0
2023/01/13,948.0,950.5,939.0,939.5,1714600,-1.0,-1.0,-1.0
2023/01/16,930.5,940.5,925.0,926.5,1322400,-1.0,-1.0,-1.0
2023/01/17,925.0,932.5,923.5,926.5,938200,-1.0,-1.0,-1.0
2023/01/18,930.0,955.5,929.5,952.5,1560800,-1.0,-1.0,-1.0
2023/01/19,945.5,950.0,942.5,942.5,975000,-1.0,-1.0,-1.0
2023/01/20,952.0,960.5,943.0,960.5,1382200,-1.0,-1.0,-1.0
2023/01/23,968.5,974.0,958.0,972.5,1380400,-1.0,-1.0,-1.0
2023/01/24,978.0,986.0,969.0,984.0,1266200,-1.0,-1.0,-1.0
2023/01/25,991.0,1043.0,990.5,1029.0,3805000,-1.0,-1.0,-1.0
2023/01/26,1037.0,1048.5,1034.0,1046.5,2850600,-1.0,-1.0,-1.0
2023/01/27,1047.5,1049.0,1026.5,1038.5,1796600,-1.0,-1.0,-1.0
2023/01/30,1034.5,1040.5,1029.5,1035.5,1278400,-1.0,-1.0,-1.0
2023/01/31,1040.0,1045.5,1034.0,1043.5,1467600,-1.0,-1.0,-1.0
2023/02/01,1051.5,1054.0,1043.0,1047.0,1168800,-1.0,-1.0,-1.0
2023/02/02,1047.5,1050.0,1028.5,1031.0,1166400,-1.0,-1.0,-1.0
2023/02/03,1024.5,1031.0,1021.0,1028.0,1024600,-1.0,-1.0,-1.0
2023/02/06,1025.0,1038.0,1025.0,1031.5,978200,-1.0,-1.0,-1.0
2023/02/07,1031.0,1035.5,1028.5,1031.5,753800,-1.0,-1.0,-1.0
2023/02/08,1025.0,1043.0,1023.5,1043.0,1484400,-1.0,-1.0,-1.0
2023/02/09,1050.0,1056.0,1033.5,1044.0,1867800,-1.0,-1.0,-1.0
2023/02/10,1054.0,1151.5,1052.0,1115.0,6527000,-1.0,-1.0,-1.0
2023/02/13,1116.5,1145.0,1115.5,1137.0,3033800,-1.0,-1.0,-1.0
2023/02/14,1149.5,1160.0,1138.5,1143.5,1974800,-1.0,-1.0,-1.0
2023/02/15,1144.5,1160.5,1141.5,1153.0,1628000,-1.0,-1.0,-1.0
2023/02/16,1159.5,1193.5,1158.0,1189.5,2916000,-1.0,-1.0,-1.0
2023/02/17,1186.0,1196.5,1180.5,1187.5,2896200,-1.0,-1.0,-1.0
2023/02/20,1200.0,1205.5,1185.0,1201.0,3022000,-1.0,-1.0,-1.0
2023/02/21,1205.0,1257.0,1202.5,1247.0,4657400,-1.0,-1.0,-1.0
2023/02/22,1246.5,1253.5,1214.5,1223.5,2875800,-1.0,-1.0,-1.0
2023/02/24,1201.0,1236.5,1196.0,1226.5,2770800,-1.0,-1.0,-1.0
2023/02/27,1242.0,1267.0,1240.5,1249.0,1797200,-1.0,-1.0,-1.0
2023/02/28,1248.0,1252.5,1230.0,1231.5,2729800,-1.0,-1.0,-1.0
2023/03/01,1243.5,1252.5,1233.0,1250.5,1807600,-1.0,-1.0,-1.0
2023/03/02,1260.0,1263.5,1249.0,1257.5,1700000,-1.0,-1.0,-1.0
2023/03/03,1260.0,1272.0,1253.5,1266.5,1682200,-1.0,-1.0,-1.0
2023/03/06,1272.0,1280.0,1264.0,1275.5,1315400,-1.0,-1.0,-1.0
2023/03/07,1273.0,1289.0,1273.0,1277.5,2084600,-1.0,-1.0,-1.0
2023/03/08,1283.5,1287.0,1274.5,1275.0,1598600,-1.0,-1.0,-1.0
2023/03/09,1286.5,1311.0,1283.5,1308.5,2201000,-1.0,-1.0,-1.0
2023/03/10,1347.5,1420.0,1345.5,1383.5,8847800,-1.0,-1.0,-1.0
2023/03/13,1362.5,1363.0,1313.0,1335.5,3495200,-1.0,-1.0,-1.0
2023/03/14,1293.0,1295.5,1264.5,1281.0,3683400,-1.0,-1.0,-1.0
2023/03/15,1301.0,1301.0,1282.5,1291.5,2630400,-1.0,-1.0,-1.0
2023/03/16,1259.5,1282.5,1255.0,1282.5,2511600,-1.0,-1.0,-1.0
2023/03/17,1296.0,1299.0,1282.5,1282.5,2385800,-1.0,-1.0,-1.0
2023/03/20,1274.0,1274.5,1244.5,1251.5,2460200,-1.0,-1.0,-1.0
2023/03/22,1269.0,1283.0,1262.5,1274.5,2024400,-1.0,-1.0,-1.0
2023/03/23,1263.0,1275.0,1253.5,1270.5,1288200,-1.0,-1.0,-1.0
2023/03/24,1253.5,1264.5,1240.0,1262.0,1722800,-1.0,-1.0,-1.0
2023/03/27,1272.5,1277.5,1262.5,1271.0,1228600,-1.0,-1.0,-1.0
2023/03/28,1281.5,1285.0,1260.5,1277.5,1163200,-1.0,-1.0,-1.0
2023/03/29,1285.0,1304.5,1281.0,1304.5,1646200,-1.0,-1.0,-1.0
2023/03/30,1297.0,1310.0,1289.0,1306.0,1722400,-1.0,-1.0,-1.0
2023/03/31,1315.5,1360.5,1315.5,1332.5,3083000,-1.0,-1.0,-1.0
2023/04/03,1343.0,1351.0,1330.5,1347.0,1955800,-1.0,-1.0,-1.0
2023/04/04,1347.0,1368.5,1337.5,1362.5,1769000,-1.0,-1.0,-1.0
2023/04/05,1350.5,1355.5,1336.0,1342.5,1741200,-1.0,-1.0,-1.0
2023/04/06,1336.0,1344.0,1324.5,1327.5,1593200,-1.0,-1.0,-1.0
2023/04/07,1328.0,1331.5,1322.0,1327.5,1327000,-1.0,-1.0,-1.0
2023/04/10,1335.0,1345.5,1333.0,1341.5,1106200,-1.0,-1.0,-1.0
2023/04/11,1355.5,1367.0,1348.0,1359.0,1525600,-1.0,-1.0,-1.0
2023/04/12,1375.0,1385.5,1373.5,1380.5,1787000,-1.0,-1.0,-1.0
2023/04/13,1379.5,1379.5,1363.5,1364.5,1138000,-1.0,-1.0,-1.0
2023/04/14,1372.5,1376.0,1360.0,1370.0,1578400,-1.0,-1.0,-1.0
2023/04/17,1369.5,1375.0,1361.5,1371.0,1028800,-1.0,-1.0,-1.0
2023/04/18,1375.5,1381.0,1368.0,1372.0,1025800,-1.0,-1.0,-1.0
2023/04/19,1372.0,1381.5,1368.5,1373.0,1296400,-1.0,-1.0,-1.0
2023/04/20,1365.0,1388.5,1363.0,1377.5,1308600,-1.0,-1.0,-1.0
2023/04/21,1387.0,1403.0,1381.5,1389.5,1819200,-1.0,-1.0,-1.0
2023/04/24,1390.0,1395.5,1383.5,1389.0,777000,-1.0,-1.0,-1.0
2023/04/25,1392.0,1401.5,1381.5,1393.0,1303000,-1.0,-1.0,-1.0
2023/04/26,1384.0,1393.0,1375.5,1391.5,1268800,-1.0,-1.0,-1.0
2023/04/27,1390.5,1408.0,1380.0,1407.5,1362000,-1.0,-1.0,-1.0
2023/04/28,1431.0,1442.0,1423.0,1441.0,2550000,-1.0,-1.0,-1.0
2023/05/01,1445.5,1455.0,1438.5,1451.0,1075400,-1.0,-1.0,-1.0
2023/05/02,1450.0,1450.0,1425.5,1433.5,1318600,-1.0,-1.0,-1.0
2023/05/08,1423.0,1435.0,1412.5,1433.5,1783600,-1.0,-1.0,-1.0
2023/05/09,1440.0,1441.0,1425.0,1433.5,1716400,-1.0,-1.0,-1.0
2023/05/10,1432.5,1440.0,1420.5,1436.5,1953000,-1.0,-1.0,-1.0
2023/05/11,1427.0,1430.0,1411.0,1422.0,1530400,-1.0,-1.0,-1.0
2023/05/12,1430.5,1432.5,1416.5,1429.0,2101600,-1.0,-1.0,-1.0
2023/05/15,1454.0,1475.5,1402.0,1464.5,4156200,-1.0,-1.0,-1.0
2023/05/16,1460.0,1474.5,1448.5,1470.5,3455200,-1.0,-1.0,-1.0
2023/05/17,1469.0,1486.5,1462.0,1481.5,2152400,-1.0,-1.0,-1.0
2023/05/18,1485.5,1492.5,1465.0,1488.0,1798000,-1.0,-1.0,-1.0
2023/05/19,1487.5,1491.5,1466.0,1471.5,1604400,-1.0,-1.0,-1.0
2023/05/22,1474.0,1505.0,1469.5,1505.0,1681200,-1.0,-1.0,-1.0
2023/05/23,1505.0,1510.0,1465.5,1469.0,2281400,-1.0,-1.0,-1.0
2023/05/24,1454.0,1459.0,1435.0,1451.5,2243000,-1.0,-1.0,-1.0
2023/05/25,1433.5,1455.5,1424.0,1452.0,2208200,-1.0,-1.0,-1.0
2023/05/26,1463.0,1522.5,1460.5,1515.0,2907000,-1.0,-1.0,-1.0
2023/05/29,1535.0,1542.5,1520.0,1527.5,2697600,-1.0,-1.0,-1.0
2023/05/30,1522.5,1537.5,1510.0,1537.5,1511000,-1.0,-1.0,-1.0
2023/05/31,1525.0,1530.0,1484.5,1491.5,6129600,-1.0,-1.0,-1.0
2023/06/01,1474.5,1498.5,1464.5,1486.5,2094000,-1.0,-1.0,-1.0
2023/06/02,1491.5,1535.0,1489.0,1530.0,1734600,-1.0,-1.0,-1.0
2023/06/05,1535.0,1548.5,1526.0,1534.0,2062800,-1.0,-1.0,-1.0
2023/06/06,1521.5,1549.5,1517.5,1539.5,1505200,-1.0,-1.0,-1.0
2023/06/07,1550.0,1573.5,1531.5,1536.0,2565400,-1.0,-1.0,-1.0
2023/06/08,1536.5,1538.0,1505.0,1513.0,1718000,-1.0,-1.0,-1.0
2023/06/09,1525.0,1534.5,1520.5,1529.5,2274200,-1.0,-1.0,-1.0
2023/06/12,1527.5,1531.5,1513.5,1526.5,1580800,-1.0,-1.0,-1.0
2023/06/13,1532.0,1561.5,1531.0,1554.5,2054000,-1.0,-1.0,-1.0
2023/06/14,1571.0,1576.0,1548.0,1558.0,2186000,-1.0,-1.0,-1.0
2023/06/15,1563.0,1563.0,1544.5,1547.5,1635200,-1.0,-1.0,-1.0
2023/06/16,1537.5,1538.0,1513.0,1533.0,3940200,-1.0,-1.0,-1.0
2023/06/19,1539.5,1541.0,1509.5,1521.0,1615400,-1.0,-1.0,-1.0
2023/06/20,1512.0,1515.0,1502.5,1514.0,1429800,-1.0,-1.0,-1.0
2023/06/21,1515.0,1541.5,1506.5,1535.5,1748400,-1.0,-1.0,-1.0
2023/06/22,1525.5,1552.5,1524.0,1542.5,1356000,-1.0,-1.0,-1.0
2023/06/23,1548.5,1561.5,1515.0,1525.0,2077800,-1.0,-1.0,-1.0
2023/06/26,1524.5,1533.0,1508.0,1521.5,1376200,-1.0,-1.0,-1.0
2023/06/27,1521.5,1526.5,1506.0,1515.5,1200400,-1.0,-1.0,-1.0
2023/06/28,1531.0,1557.5,1525.0,1550.5,1320400,-1.0,-1.0,-1.0
2023/06/29,1550.5,1568.0,1536.5,1544.5,4646400,-1.0,-1.0,-1.0
2023/06/30,1544.5,1553.5,1537.0,1550.0,1451200,-1.0,-1.0,-1.0
2023/07/03,1567.5,1592.5,1567.5,1579.0,1810400,-1.0,-1.0,-1.0
2023/07/04,1571.5,1584.0,1558.5,1561.0,1241200,-1.0,-1.0,-1.0
2023/07/05,1554.0,1567.5,1549.0,1563.5,1026600,-1.0,-1.0,-1.0
2023/07/06,1565.5,1579.0,1557.0,1568.0,1551600,-1.0,-1.0,-1.0
2023/07/07,1557.0,1569.5,1534.0,1549.5,1894800,-1.0,-1.0,-1.0
2023/07/10,1550.0,1559.5,1526.0,1529.0,1709600,-1.0,-1.0,-1.0
2023/07/11,1540.0,1544.5,1515.5,1524.5,1340000,-1.0,-1.0,-1.0
2023/07/12,1530.5,1536.5,1511.0,1512.0,1082600,-1.0,-1.0,-1.0
2023/07/13,1506.5,1509.5,1487.75,1497.75,2094400,-1.0,-1.0,-1.0
2023/07/14,1514.5,1527.5,1487.75,1506.0,2359800,-1.0,-1.0,-1.0
2023/07/18,1515.5,1551.5,1515.5,1540.0,1883600,-1.0,-1.0,-1.0
2023/07/19,1565.0,1598.5,1562.5,1593.5,1857400,-1.0,-1.0,-1.0
2023/07/20,1592.5,1598.5,1584.0,1587.0,1513000,-1.0,-1.0,-1.0
2023/07/21,1587.5,1591.5,1572.0,1584.0,1541800,-1.0,-1.0,-1.0
2023/07/24,1600.5,1622.5,1600.0,1620.5,1589200,-1.0,-1.0,-1.0
2023/07/25,1620.5,1627.0,1610.0,1620.5,1475200,-1.0,-1.0,-1.0
2023/07/26,1617.5,1639.0,1608.0,1634.0,1705600,-1.0,-1.0,-1.0
2023/07/27,1630.0,1656.0,1630.0,1649.5,1623400,-1.0,-1.0,-1.0
2023/07/28,1627.0,1645.5,1580.0,1623.0,2582600,-1.0,-1.0,-1.0
2023/07/31,1655.0,1689.0,1651.5,1671.0,1976000,-1.0,-1.0,-1.0
2023/08/01,1671.0,1682.5,1659.0,1674.5,1325400,-1.0,-1.0,-1.0
2023/08/02,1657.0,1664.5,1638.5,1641.5,1239600,-1.0,-1.0,-1.0
2023/08/03,1626.5,1636.5,1619.5,1625.0,1169000,-1.0,-1.0,-1.0
2023/08/04,1615.0,1624.5,1605.0,1619.0,1111800,-1.0,-1.0,-1.0
2023/08/07,1605.5,1630.0,1604.0,1625.0,995000,-1.0,-1.0,-1.0
2023/08/08,1653.5,1687.0,1651.0,1680.5,1972200,-1.0,-1.0,-1.0
2023/08/09,1666.5,1667.0,1629.5,1643.5,2176200,-1.0,-1.0,-1.0
2023/08/10,1632.5,1671.5,1632.5,1670.5,1759600,-1.0,-1.0,-1.0
2023/08/14,1675.0,1693.5,1655.0,1655.5,1891000,-1.0,-1.0,-1.0
2023/08/15,1695.0,1715.5,1635.0,1638.0,3068400,-1.0,-1.0,-1.0
2023/08/16,1627.5,1645.0,1613.5,1633.5,1630800,-1.0,-1.0,-1.0
2023/08/17,1633.5,1636.5,1605.0,1626.0,1326800,-1.0,-1.0,-1.0
2023/08/18,1615.5,1635.0,1606.5,1624.5,1254600,-1.0,-1.0,-1.0
2023/08/21,1632.0,1641.5,1622.5,1626.5,777400,-1.0,-1.0,-1.0
2023/08/22,1635.0,1636.5,1623.5,1636.5,892000,-1.0,-1.0,-1.0
2023/08/23,1622.5,1636.0,1617.0,1629.0,982800,-1.0,-1.0,-1.0
2023/08/24,1627.5,1673.0,1627.5,1669.5,1704800,-1.0,-1.0,-1.0
2023/08/25,1646.0,1652.0,1637.5,1644.0,1074600,-1.0,-1.0,-1.0
2023/08/28,1658.5,1690.0,1654.5,1686.5,1028400,-1.0,-1.0,-1.0
2023/08/29,1691.5,1723.5,1685.0,1701.5,1288000,-1.0,-1.0,-1.0
2023/08/30,1706.0,1729.0,1706.0,1712.5,1557200,-1.0,-1.0,-1.0
2023/08/31,1716.5,1767.5,1716.5,1760.5,3095000,-1.0,-1.0,-1.0
2023/09/01,1752.5,1799.0,1752.0,1789.0,1601000,-1.0,-1.0,-1.0
2023/09/04,1794.5,1812.5,1778.5,1812.5,1302600,-1.0,-1.0,-1.0
2023/09/05,1811.0,1819.5,1794.0,1817.5,1119200,-1.0,-1.0,-1.0
2023/09/06,1824.0,1839.5,1820.5,1824.5,1075200,-1.0,-1.0,-1.0
2023/09/07,1831.0,1847.0,1827.5,1832.0,1125000,-1.0,-1.0,-1.0
2023/09/08,1825.0,1832.5,1783.0,1787.0,1864600,-1.0,-1.0,-1.0
2023/09/11,1804.5,1812.0,1787.0,1794.5,960800,-1.0,-1.0,-1.0
2023/09/12,1799.5,1831.5,1798.0,1827.0,1457200,-1.0,-1.0,-1.0
2023/09/13,1839.0,1870.0,1838.0,1856.5,2144400,-1.0,-1.0,-1.0
2023/09/14,1861.0,1874.0,1837.5,1869.5,1956400,-1.0,-1.0,-1.0
2023/09/15,1888.0,1924.5,1882.5,1911.5,2520200,-1.0,-1.0,-1.0
2023/09/19,1917.0,1933.0,1908.0,1918.5,1734400,-1.0,-1.0,-1.0
2023/09/20,1935.0,1935.5,1899.0,1906.5,1545600,-1.0,-1.0,-1.0
2023/09/21,1897.0,1907.0,1866.5,1876.5,1665000,-1.0,-1.0,-1.0
2023/09/22,1869.0,1904.0,1863.0,1890.5,1694800,-1.0,-1.0,-1.0
2023/09/25,1884.5,1884.5,1839.0,1854.5,1935800,-1.0,-1.0,-1.0
2023/09/26,1845.0,1850.5,1798.5,1841.0,2102000,-1.0,-1.0,-1.0
2023/09/27,1822.0,1824.0,1787.0,1818.5,1959000,-1.0,-1.0,-1.0
2023/09/28,1815.0,1831.5,1791.5,1812.5,1456600,-1.0,-1.0,-1.0
2023/09/29,1805.5,1808.5,1766.5,1787.5,2027200,-1.0,-1.0,-1.0
2023/10/02,1781.0,1795.5,1743.5,1747.0,2253400,-1.0,-1.0,-1.0
2023/10/03,1738.0,1741.0,1694.5,1700.5,2392800,-1.0,-1.0,-1.0
2023/10/04,1680.5,1687.5,1646.5,1648.0,2823600,-1.0,-1.0,-1.0
2023/10/05,1647.0,1681.0,1631.5,1680.0,1932400,-1.0,-1.0,-1.0
2023/10/06,1676.5,1706.5,1669.5,1685.0,1653800,-1.0,-1.0,-1.0
2023/10/10,1687.5,1736.5,1687.5,1727.0,1952000,-1.0,-1.0,-1.0
2023/10/11,1713.5,1723.0,1689.5,1692.5,2235200,-1.0,-1.0,-1.0
2023/10/12,1700.5,1722.5,1695.0,1716.5,1822200,-1.0,-1.0,-1.0
2023/10/13,1691.0,1700.0,1666.0,1675.0,1853600,-1.0,-1.0,-1.0
2023/10/16,1671.0,1673.0,1624.0,1635.5,1655400,-1.0,-1.0,-1.0
2023/10/17,1665.5,1681.0,1636.5,1652.5,1441600,-1.0,-1.0,-1.0
2023/10/18,1673.5,1675.0,1650.5,1670.0,1356000,-1.0,-1.0,-1.0
2023/10/19,1640.0,1671.0,1638.0,1663.5,1223000,-1.0,-1.0,-1.0
2023/10/20,1642.0,1667.5,1637.0,1651.0,1241600,-1.0,-1.0,-1.0
2023/10/23,1651.0,1663.0,1643.5,1649.0,1212600,-1.0,-1.0,-1.0
2023/10/24,1657.5,1669.0,1625.5,1662.5,1291200,-1.0,-1.0,-1.0
2023/10/25,1674.5,1702.5,1671.0,1684.5,1324000,-1.0,-1.0,-1.0
2023/10/26,1664.5,1699.5,1659.0,1670.5,1394400,-1.0,-1.0,-1.0
2023/10/27,1690.0,1712.5,1687.5,1711.5,1304600,-1.0,-1.0,-1.0
2023/10/30,1694.5,1702.0,1656.5,1670.0,1098800,-1.0,-1.0,-1.0
2023/10/31,1689.5,1727.5,1679.0,1726.0,1732400,-1.0,-1.0,-1.0
2023/11/01,1751.5,1776.0,1749.5,1771.0,1821800,-1.0,-1.0,-1.0
2023/11/02,1785.5,1794.0,1745.5,1745.5,1364800,-1.0,-1.0,-1.0
2023/11/06,1768.0,1768.0,1727.0,1742.0,1960400,-1.0,-1.0,-1.0
2023/11/07,1729.5,1748.0,1689.5,1690.5,1758000,-1.0,-1.0,-1.0
2023/11/08,1704.0,1716.5,1640.0,1666.5,2047600,-1.0,-1.0,-1.0
2023/11/09,1653.5,1674.5,1623.0,1665.5,1776600,-1.0,-1.0,-1.0
2023/11/10,1667.0,1703.0,1654.5,1695.5,1431400,-1.0,-1.0,-1.0
2023/11/13,1700.0,1706.0,1669.0,1674.5,1313400,-1.0,-1.0,-1.0
2023/11/14,1690.5,1697.5,1647.0,1660.0,1597600,-1.0,-1.0,-1.0
2023/11/15,1678.0,1682.0,1654.5,1661.0,1640200,-1.0,-1.0,-1.0
2023/11/16,1660.5,1660.5,1633.0,1654.5,1601000,-1.0,-1.0,-1.0
2023/11/17,1654.5,1679.0,1653.5,1675.5,1509800,-1.0,-1.0,-1.0
2023/11/20,1672.5,1679.5,1647.0,1648.0,1216200,-1.0,-1.0,-1.0
2023/11/21,1654.5,1666.5,1648.5,1653.0,1309400,-1.0,-1.0,-1.0
2023/11/22,1652.5,1688.0,1649.0,1684.5,1114400,-1.0,-1.0,-1.0
2023/11/24,1710.0,1751.0,1708.5,1738.5,2121800,-1.0,-1.0,-1.0
2023/11/27,1755.0,1778.0,1740.5,1752.0,1727800,-1.0,-1.0,-1.0
2023/11/28,1752.0,1772.5,1736.5,1753.0,1672800,-1.0,-1.0,-1.0
2023/11/29,1741.5,1759.5,1711.5,1727.0,1401400,-1.0,-1.0,-1.0
2023/11/30,1706.0,1737.0,1677.5,1732.0,2652800,-1.0,-1.0,-1.0
2023/12/01,1748.5,1761.5,1738.5,1752.0,1228200,-1.0,-1.0,-1.0
2023/12/04,1739.5,1788.5,1726.5,1778.5,1462800,-1.0,-1.0,-1.0
2023/12/05,1777.0,1838.0,1775.0,1818.0,2657800,-1.0,-1.0,-1.0
2023/12/06,1818.5,2027.5,1818.5,2018.5,10082000,-1.0,-1.0,-1.0
2023/12/07,2042.5,2049.5,1989.5,2005.5,5411600,-1.0,-1.0,-1.0
2023/12/08,1989.0,2009.0,1885.0,1900.0,4099600,-1.0,-1.0,-1.0
2023/12/11,1940.0,1992.5,1929.0,1961.5,3231800,-1.0,-1.0,-1.0
2023/12/12,1989.5,1990.5,1924.0,1929.5,3147000,-1.0,-1.0,-1.0
2023/12/13,1935.0,1941.5,1902.0,1914.0,1590400,-1.0,-1.0,-1.0
2023/12/14,1915.5,1932.0,1886.0,1886.0,2259400,-1.0,-1.0,-1.0
2023/12/15,1879.0,1918.5,1874.5,1890.5,3496800,-1.0,-1.0,-1.0
2023/12/18,1841.0,1853.5,1811.5,1839.5,1550600,-1.0,-1.0,-1.0
2023/12/19,1841.0,1875.0,1837.0,1864.0,1581600,-1.0,-1.0,-1.0
2023/12/20,2004.0,2061.5,1988.0,2021.5,5274800,-1.0,-1.0,-1.0
2023/12/21,2009.5,2014.0,1918.5,1918.5,3350000,-1.0,-1.0,-1.0
2023/12/22,1918.5,1968.0,1917.0,1953.0,2694400,-1.0,-1.0,-1.0
2023/12/25,1973.0,1987.5,1960.5,1972.5,1125000,-1.0,-1.0,-1.0
2023/12/26,1980.0,2007.5,1979.5,1991.0,1221000,-1.0,-1.0,-1.0
2023/12/27,2004.0,2016.0,1991.0,1994.5,1248000,-1.0,-1.0,-1.0
2023/12/28,1969.5,2001.5,1967.5,1978.5,928800,-1.0,-1.0,-1.0
2023/12/29,1969.5,1993.0,1955.5,1967.5,1277000,-1.0,-1.0,-1.0
2024/01/04,1945.0,1983.5,1929.0,1983.5,1572200,-1.0,-1.0,-1.0
2024/01/05,1973.5,1979.0,1954.0,1960.5,1321400,-1.0,-1.0,-1.0
2024/01/09,1999.5,2019.5,1981.0,2006.5,1702400,-1.0,-1.0,-1.0
2024/01/10,1984.5,2016.5,1984.0,1998.5,1711400,-1.0,-1.0,-1.0
2024/01/11,2030.5,2089.5,2028.0,2055.0,3209400,-1.0,-1.0,-1.0
2024/01/12,2090.0,2090.0,2036.0,2059.0,2240200,-1.0,-1.0,-1.0
2024/01/15,2059.0,2134.0,2056.5,2125.5,2030600,-1.0,-1.0,-1.0
2024/01/16,2082.0,2086.5,2037.5,2059.0,1949000,-1.0,-1.0,-1.0
2024/01/17,2084.0,2139.5,2058.0,2058.5,2242600,-1.0,-1.0,-1.0
2024/01/18,2077.5,2100.5,2064.0,2065.5,1429600,-1.0,-1.0,-1.0
2024/01/19,2086.5,2106.0,2047.5,2056.5,1800800,-1.0,-1.0,-1.0
2024/01/22,2077.0,2153.5,2073.0,2143.5,2225600,-1.0,-1.0,-1.0
2024/01/23,2121.5,2138.5,2089.0,2098.0,2303800,-1.0,-1.0,-1.0
2024/01/24,2076.5,2089.0,2044.5,2080.0,1907800,-1.0,-1.0,-1.0
2024/01/25,2075.5,2093.0,2066.0,2075.5,926600,-1.0,-1.0,-1.0
2024/01/26,2064.0,2066.0,2019.0,2022.5,1401000,-1.0,-1.0,-1.0
2024/01/29,2025.0,2043.0,2020.0,2024.5,1468200,-1.0,-1.0,-1.0
2024/01/30,2016.0,2019.0,1977.5,1990.5,2136200,-1.0,-1.0,-1.0
2024/01/31,1997.5,2050.0,1996.0,2044.5,2308200,-1.0,-1.0,-1.0
2024/02/01,2016.0,2023.5,1992.5,1999.5,1600600,-1.0,-1.0,-1.0
2024/02/02,2011.5,2016.5,1990.0,1994.0,1204800,-1.0,-1.0,-1.0
2024/02/05,1997.0,2012.0,1981.0,1989.5,1464600,-1.0,-1.0,-1.0
2024/02/06,1990.0,2038.0,1988.0,1988.0,1906400,-1.0,-1.0,-1.0
2024/02/07,1953.0,1992.5,1953.0,1970.0,2267400,-1.0,-1.0,-1.0
2024/02/08,1983.0,1989.0,1944.0,1967.0,2290600,-1.0,-1.0,-1.0
2024/02/09,1969.0,1990.0,1952.0,1973.0,2370000,-1.0,-1.0,-1.0
2024/02/13,2008.0,2040.5,1989.0,2038.0,3318600,-1.0,-1.0,-1.0
2024/02/14,2005.0,2022.5,1978.5,1986.0,2650200,-1.0,-1.0,-1.0
2024/02/15,1787.5,1846.5,1755.0,1799.5,6562000,-1.0,-1.0,-1.0
2024/02/16,1818.0,1857.5,1754.0,1773.5,4615200,-1.0,-1.0,-1.0
2024/02/19,1769.5,1803.0,1755.0,1759.0,4537200,-1.0,-1.0,-1.0
2024/02/20,1744.5,1782.0,1724.0,1756.0,4383800,-1.0,-1.0,-1.0
2024/02/21,1787.5,1804.0,1776.0,1792.5,3824600,-1.0,-1.0,-1.0
2024/02/22,1785.0,1807.0,1764.0,1799.5,3583200,-1.0,-1.0,-1.0
2024/02/26,1823.0,1826.0,1780.5,1793.0,2530600,-1.0,-1.0,-1.0
2024/02/27,1795.5,1807.0,1770.0,1770.0,2505200,-1.0,-1.0,-1.0
2024/02/28,1766.0,1808.0,1760.0,1798.0,3037000,-1.0,-1.0,-1.0
2024/02/29,1790.0,1792.0,1745.5,1781.5,5385600,-1.0,-1.0,-1.0
2024/03/01,1778.5,1791.0,1773.0,1785.0,2118000,-1.0,-1.0,-1.0
2024/03/04,1784.5,1800.5,1756.5,1769.5,2938400,-1.0,-1.0,-1.0
2024/03/05,1750.0,1754.5,1717.0,1725.0,4287400,-1.0,-1.0,-1.0
2024/03/06,1716.0,1749.0,1706.5,1739.0,2377200,-1.0,-1.0,-1.0
2024/03/07,1747.0,1763.0,1740.0,1753.0,2531400,-1.0,-1.0,-1.0
2024/03/08,1768.0,1781.5,1743.5,1781.0,2857600,-1.0,-1.0,-1.0
2024/03/11,1740.0,1795.0,1736.0,1778.5,2771800,-1.0,-1.0,-1.0
2024/03/12,1763.5,1774.0,1725.0,1768.5,2046000,-1.0,-1.0,-1.0
2024/03/13,1768.5,1784.0,1737.5,1742.5,1999200,-1.0,-1.0,-1.0
2024/03/14,1752.5,1799.5,1743.0,1797.5,3548000,-1.0,-1.0,-1.0
2024/03/15,1781.0,1799.0,1759.0,1786.0,3919400,-1.0,-1.0,-1.0
2024/03/18,1795.5,1813.0,1791.5,1809.5,2304400,-1.0,-1.0,-1.0
2024/03/19,1795.5,1796.0,1742.5,1775.0,3933600,-1.0,-1.0,-1.0
2024/03/21,1804.5,1860.5,1801.0,1855.0,3111400,-1.0,-1.0,-1.0
2024/03/22,1854.0,1874.5,1846.5,1863.0,2862400,-1.0,-1.0,-1.0
2024/03/25,1900.0,1909.5,1850.0,1850.5,3047600,-1.0,-1.0,-1.0
2024/03/26,1840.0,1883.0,1834.0,1866.0,2602400,-1.0,-1.0,-1.0
2024/03/27,1899.5,1926.0,1886.0,1913.0,3272200,-1.0,-1.0,-1.0
2024/03/28,1875.0,1901.0,1866.5,1888.0,2406800,-1.0,-1.0,-1.0
2024/03/29,1922.0,1951.5,1910.5,1939.5,3296200,-1.0,-1.0,-1.0
2024/04/01,1947.5,1955.0,1875.0,1886.0,2293400,-1.0,-1.0,-1.0
2024/04/02,1886.0,1897.5,1872.0,1885.0,1703400,-1.0,-1.0,-1.0
2024/04/03,1883.5,1939.0,1882.5,1909.0,2374000,-1.0,-1.0,-1.0
2024/04/04,1928.0,1965.0,1914.0,1942.0,1734400,-1.0,-1.0,-1.0
2024/04/05,1907.0,1908.5,1865.0,1908.5,1825200,-1.0,-1.0,-1.0
2024/04/08,1902.5,1914.0,1878.0,1899.0,1800200,-1.0,-1.0,-1.0
2024/04/09,1908.0,1916.5,1889.5,1896.5,1618800,-1.0,-1.0,-1.0
2024/04/10,1897.0,1909.5,1882.5,1896.5,1539400,-1.0,-1.0,-1.0
2024/04/11,1869.0,1883.5,1846.0,1883.0,1410000,-1.0,-1.0,-1.0
2024/04/12,1888.5,1899.0,1868.0,1874.5,2208000,-1.0,-1.0,-1.0
2024/04/15,1859.5,1898.5,1851.0,1878.0,1468800,-1.0,-1.0,-1.0
2024/04/16,1885.0,1888.5,1820.0,1832.0,2222000,-1.0,-1.0,-1.0
2024/04/17,1829.0,1829.5,1800.0,1806.5,1266600,-1.0,-1.0,-1.0
2024/04/18,1796.5,1819.5,1782.5,1805.0,1593200,-1.0,-1.0,-1.0
2024/04/19,1798.5,1818.5,1751.0,1773.0,1762800,-1.0,-1.0,-1.0
2024/04/22,1808.0,1821.0,1791.5,1811.0,1267800,-1.0,-1.0,-1.0
2024/04/23,1810.5,1834.0,1810.5,1822.0,1323400,-1.0,-1.0,-1.0
2024/04/24,1810.0,1847.5,1802.0,1838.5,1254600,-1.0,-1.0,-1.0
2024/04/25,1835.5,1838.5,1811.5,1816.0,967400,-1.0,-1.0,-1.0
2024/04/26,1815.0,1828.5,1803.0,1818.5,1517800,-1.0,-1.0,-1.0
2024/04/30,1888.5,1896.0,1840.0,1874.0,1743200,-1.0,-1.0,-1.0
2024/05/01,1851.5,1871.5,1847.5,1851.0,847400,-1.0,-1.0,-1.0
2024/05/02,1833.5,1858.5,1830.5,1841.5,1181600,-1.0,-1.0,-1.0
2024/05/07,1897.5,1897.5,1849.0,1872.5,1384400,-1.0,-1.0,-1.0
2024/05/08,1869.0,1883.5,1854.0,1869.0,1172000,-1.0,-1.0,-1.0
2024/05/09,1867.0,1894.5,1857.0,1873.5,804000,-1.0,-1.0,-1.0
2024/05/10,1898.5,1914.5,1867.5,1884.5,1045800,-1.0,-1.0,-1.0
2024/05/13,1884.0,1893.5,1830.5,1842.5,1457400,-1.0,-1.0,-1.0
2024/05/14,2022.0,2107.0,2002.0,2022.0,5993400,-1.0,-1.0,-1.0
2024/05/15,2005.0,2011.5,1957.5,1975.5,2285000,-1.0,-1.0,-1.0
2024/05/16,1970.0,1974.5,1922.5,1936.5,2743400,-1.0,-1.0,-1.0
2024/05/17,1925.5,1959.5,1922.0,1940.0,1748000,-1.0,-1.0,-1.0
2024/05/20,1950.5,1985.0,1945.5,1945.5,1733800,-1.0,-1.0,-1.0
2024/05/21,1950.0,1987.0,1950.0,1969.0,1616200,-1.0,-1.0,-1.0
2024/05/22,1934.0,1954.0,1917.5,1923.0,1923200,-1.0,-1.0,-1.0
2024/05/23,1922.5,1983.0,1913.5,1962.0,1887600,-1.0,-1.0,-1.0
2024/05/24,1927.5,1967.5,1921.0,1951.5,1697000,-1.0,-1.0,-1.0
2024/05/27,1951.5,1990.0,1951.5,1989.5,1260200,-1.0,-1.0,-1.0
2024/05/28,1979.5,2018.0,1977.5,2008.0,1497600,-1.0,-1.0,-1.0
2024/05/29,2025.0,2038.5,1972.0,1977.5,2050000,-1.0,-1.0,-1.0
2024/05/30,1962.5,2001.0,1951.5,1985.0,1451200,-1.0,-1.0,-1.0
2024/05/31,2001.5,2045.0,1990.5,2035.0,3108600,-1.0,-1.0,-1.0
2024/06/03,2035.0,2056.5,2032.5,2036.0,1431800,-1.0,-1.0,-1.0
2024/06/04,2021.0,2059.0,2018.5,2044.0,1631200,-1.0,-1.0,-1.0
2024/06/05,2027.5,2062.0,2021.0,2048.5,1786600,-1.0,-1.0,-1.0
2024/06/06,2034.0,2055.0,2022.5,2037.0,1543400,-1.0,-1.0,-1.0
2024/06/07,2033.5,2061.5,2027.5,2055.0,1279400,-1.0,-1.0,-1.0
2024/06/10,2066.5,2102.0,2066.5,2100.0,1939200,-1.0,-1.0,-1.0
2024/06/11,2135.0,2162.0,2123.5,2160.0,2983000,-1.0,-1.0,-1.0
2024/06/12,2175.0,2212.5,2163.5,2168.5,2351800,-1.0,-1.0,-1.0
2024/06/13,2195.0,2220.0,2184.0,2197.0,2136200,-1.0,-1.0,-1.0
2024/06/14,2185.5,2277.5,2177.5,2247.0,3737400,-1.0,-1.0,-1.0
2024/06/17,2247.5,2257.0,2179.0,2208.0,1738800,-1.0,-1.0,-1.0
2024/06/18,2226.0,2245.0,2201.0,2225.5,2302200,-1.0,-1.0,-1.0
2024/06/19,2222.5,2265.5,2218.0,2246.0,1330200,-1.0,-1.0,-1.0
2024/06/20,2245.5,2255.5,2218.5,2235.0,1368600,-1.0,-1.0,-1.0
2024/06/21,2246.5,2257.0,2234.5,2236.5,3997600,-1.0,-1.0,-1.0
2024/06/24,2226.0,2228.5,2190.5,2208.0,1945600,-1.0,-1.0,-1.0
2024/06/25,2196.5,2202.0,2144.0,2180.0,2621800,-1.0,-1.0,-1.0
2024/06/26,2180.0,2208.0,2150.5,2201.5,2076200,-1.0,-1.0,-1.0
2024/06/27,2193.5,2227.5,2179.0,2227.5,2703800,-1.0,-1.0,-1.0
2024/06/28,2231.5,2241.0,2203.5,2216.5,1701000,-1.0,-1.0,-1.0
2024/07/01,2243.5,2263.5,2232.0,2251.0,1355200,-1.0,-1.0,-1.0
2024/07/02,2248.5,2300.0,2240.0,2293.5,2040200,-1.0,-1.0,-1.0
2024/07/03,2284.5,2338.5,2282.0,2336.5,1921000,-1.0,-1.0,-1.0
2024/07/04,2327.5,2342.0,2321.5,2331.0,1216800,-1.0,-1.0,-1.0
2024/07/05,2310.0,2321.5,2285.5,2295.0,1587000,-1.0,-1.0,-1.0
2024/07/08,2295.0,2305.5,2276.0,2276.0,1712800,-1.0,-1.0,-1.0
2024/07/09,2276.0,2301.0,2268.5,2275.5,2050400,-1.0,-1.0,-1.0
2024/07/10,2275.0,2307.0,2272.5,2303.5,2334200,-1.0,-1.0,-1.0
2024/07/11,2329.5,2335.0,2308.5,2308.5,1397400,-1.0,-1.0,-1.0
2024/07/12,2303.0,2320.0,2264.0,2269.0,2228600,-1.0,-1.0,-1.0
2024/07/16,2295.5,2296.0,2264.5,2266.0,1248800,-1.0,-1.0,-1.0
2024/07/17,2278.0,2283.0,2235.5,2244.5,1639600,-1.0,-1.0,-1.0
2024/07/18,2209.5,2230.5,2179.5,2203.0,1455000,-1.0,-1.0,-1.0
2024/07/19,2203.0,2212.0,2176.0,2193.0,1170200,-1.0,-1.0,-1.0
2024/07/22,2200.0,2208.5,2164.5,2167.0,1108600,-1.0,-1.0,-1.0
2024/07/23,2171.0,2188.5,2147.0,2158.0,1062800,-1.0,-1.0,-1.0
2024/07/24,2147.5,2150.0,2120.0,2125.0,1276800,-1.0,-1.0,-1.0
2024/07/25,2090.0,2097.5,2072.5,2083.0,1604400,-1.0,-1.0,-1.0
2024/07/26,2050.0,2073.0,2034.0,2048.5,1711600,-1.0,-1.0,-1.0
2024/07/29,2077.5,2121.0,2066.0,2093.0,1487200,-1.0,-1.0,-1.0
2024/07/30,2084.5,2134.5,2082.5,2132.5,1525800,-1.0,-1.0,-1.0
2024/07/31,2124.5,2145.5,2106.0,2137.5,2385600,-1.0,-1.0,-1.0
2024/08/01,2116.5,2130.0,2060.5,2082.0,1666200,-1.0,-1.0,-1.0
2024/08/02,2047.0,2060.0,1985.0,1990.0,1894800,-1.0,-1.0,-1.0
2024/08/05,1885.0,1899.5,1688.0,1702.0,3257600,-1.0,-1.0,-1.0
2024/08/06,1842.0,1969.0,1842.0,1944.0,2441800,-1.0,-1.0,-1.0
2024/08/07,1860.0,2005.0,1849.5,1942.5,2310400,-1.0,-1.0,-1.0
2024/08/08,1918.5,1999.5,1918.0,1942.0,2449400,-1.0,-1.0,-1.0
2024/08/09,1975.0,2007.0,1931.5,1964.5,2758000,-1.0,-1.0,-1.0
2024/08/13,1919.0,1987.0,1919.0,1973.5,2857800,-1.0,-1.0,-1.0
2024/08/14,1956.5,2009.0,1956.0,1995.0,1723200,-1.0,-1.0,-1.0
2024/08/15,2005.5,2039.0,2000.0,2025.0,1891800,-1.0,-1.0,-1.0
2024/08/16,2051.5,2105.0,2043.0,2098.0,1648400,-1.0,-1.0,-1.0
2024/08/19,2091.5,2114.0,2067.0,2071.5,1136800,-1.0,-1.0,-1.0
2024/08/20,2090.0,2104.5,2072.5,2094.5,1270400,-1.0,-1.0,-1.0
2024/08/21,2070.0,2084.0,2066.0,2068.0,1330400,-1.0,-1.0,-1.0
2024/08/22,2048.0,2085.0,2040.5,2079.5,1837000,-1.0,-1.0,-1.0
2024/08/23,2079.0,2128.0,2079.0,2114.5,1710800,-1.0,-1.0,-1.0
2024/08/26,2107.0,2113.5,2065.0,2074.0,2384400,-1.0,-1.0,-1.0
2024/08/27,2075.5,2096.5,2062.0,2087.0,2699600,-1.0,-1.0,-1.0
2024/08/28,2095.0,2126.0,2091.0,2115.5,1490600,-1.0,-1.0,-1.0
2024/08/29,2110.0,2158.0,2110.0,2146.5,1348200,-1.0,-1.0,-1.0
2024/08/30,2150.5,2212.5,2150.5,2191.5,3589800,-1.0,-1.0,-1.0
2024/09/02,2200.0,2222.0,2165.0,2186.5,1139600,-1.0,-1.0,-1.0
2024/09/03,2181.5,2218.5,2181.5,2204.0,1002800,-1.0,-1.0,-1.0
2024/09/04,2075.0,2125.0,2075.0,2102.0,1841000,-1.0,-1.0,-1.0
2024/09/05,2078.5,2132.5,2058.5,2082.0,1334000,-1.0,-1.0,-1.0
2024/09/06,2085.0,2106.5,2078.5,2087.0,1435600,-1.0,-1.0,-1.0
2024/09/09,2082.5,2135.0,2076.5,2130.5,2012600,-1.0,-1.0,-1.0
2024/09/10,2149.5,2174.5,2135.0,2140.5,2006000,-1.0,-1.0,-1.0
2024/09/11,2126.5,2138.0,2062.0,2073.0,1666600,-1.0,-1.0,-1.0
2024/09/12,2108.0,2145.0,2103.5,2130.0,1838600,-1.0,-1.0,-1.0
2024/09/13,2145.5,2154.0,2117.0,2125.5,2223400,-1.0,-1.0,-1.0
2024/09/17,2140.0,2153.5,2084.5,2118.5,1384200,-1.0,-1.0,-1.0
2024/09/18,2133.0,2175.0,2129.0,2151.5,1201800,-1.0,-1.0,-1.0
2024/09/19,2186.5,2203.0,2172.0,2188.5,1244400,-1.0,-1.0,-1.0
2024/09/20,2206.5,2220.5,2174.5,2183.5,2830000,-1.0,-1.0,-1.0
2024/09/24,2201.5,2209.5,2189.0,2191.0,1439400,-1.0,-1.0,-1.0
2024/09/25,2177.5,2192.0,2145.0,2183.0,1123600,-1.0,-1.0,-1.0
2024/09/26,2218.0,2256.0,2192.0,2245.0,1815200,-1.0,-1.0,-1.0
2024/09/27,2210.5,2245.0,2204.5,2241.0,1987800,-1.0,-1.0,-1.0
2024/09/30,2136.0,2150.0,2065.0,2122.0,2039000,-1.0,-1.0,-1.0
2024/10/01,2139.5,2192.0,2132.0,2188.5,1322200,-1.0,-1.0,-1.0
2024/10/02,2162.0,2216.0,2157.5,2185.5,1719200,-1.0,-1.0,-1.0
2024/10/03,2274.5,2277.5,2207.5,2233.0,1616400,-1.0,-1.0,-1.0
2024/10/04,2223.5,2255.5,2220.5,2239.5,1609400,-1.0,-1.0,-1.0
2024/10/07,2259.0,2262.0,2236.0,2247.0,1801600,-1.0,-1.0,-1.0
2024/10/08,2217.5,2240.0,2210.5,2217.0,2350800,-1.0,-1.0,-1.0
2024/10/09,2240.0,2266.0,2231.0,2246.0,1777400,-1.0,-1.0,-1.0
2024/10/10,2235.0,2250.0,2172.5,2191.0,2628400,-1.0,-1.0,-1.0
2024/10/11,2195.5,2214.0,2174.0,2174.0,2040800,-1.0,-1.0,-1.0
2024/10/15,2188.0,2236.5,2185.0,2199.0,1835800,-1.0,-1.0,-1.0
2024/10/16,2177.5,2215.0,2167.5,2178.0,1115200,-1.0,-1.0,-1.0
2024/10/17,2188.0,2213.0,2177.0,2178.5,1062200,-1.0,-1.0,-1.0
2024/10/18,2189.0,2197.5,2159.0,2161.5,1202000,-1.0,-1.0,-1.0
2024/10/21,2168.0,2183.5,2150.0,2153.5,998000,-1.0,-1.0,-1.0
2024/10/22,2152.0,2165.5,2118.5,2124.0,1215200,-1.0,-1.0,-1.0
2024/10/23,2126.5,2143.0,2115.5,2123.5,912000,-1.0,-1.0,-1.0
2024/10/24,2115.5,2176.0,2108.5,2169.5,1444400,-1.0,-1.0,-1.0
2024/10/25,2150.5,2168.5,2135.0,2157.0,1022400,-1.0,-1.0,-1.0
2024/10/28,2152.5,2197.0,2141.5,2183.5,1313600,-1.0,-1.0,-1.0
2024/10/29,2179.0,2214.0,2179.0,2207.5,1240600,-1.0,-1.0,-1.0
2024/10/30,2225.0,2284.5,2225.0,2252.5,5899400,-1.0,-1.0,-1.0
2024/10/31,2258.5,2272.0,2237.0,2257.0,1637000,-1.0,-1.0,-1.0
2024/11/01,2227.5,2259.0,2210.0,2219.0,1133800,-1.0,-1.0,-1.0
2024/11/05,2223.0,2245.5,2214.0,2228.0,1442000,-1.0,-1.0,-1.0
2024/11/06,2253.0,2299.5,2242.0,2275.0,1497400,-1.0,-1.0,-1.0
2024/11/07,2310.0,2367.0,2310.0,2362.0,1893400,-1.0,-1.0,-1.0
2024/11/08,2365.0,2379.5,2344.0,2366.5,1514000,-1.0,-1.0,-1.0
2024/11/11,2366.5,2387.0,2356.0,2366.0,1536600,-1.0,-1.0,-1.0
2024/11/12,2385.0,2392.0,2348.5,2355.0,1744800,-1.0,-1.0,-1.0
2024/11/13,2364.5,2370.0,2289.0,2321.5,2407400,-1.0,-1.0,-1.0
2024/11/14,2212.5,2266.5,2132.5,2132.5,2995400,-1.0,-1.0,-1.0
2024/11/15,2147.5,2173.0,2083.5,2083.5,2377800,-1.0,-1.0,-1.0
2024/11/18,2066.0,2068.5,2042.5,2046.5,2142200,-1.0,-1.0,-1.0
2024/11/19,2056.5,2075.0,2037.0,2054.0,1832600,-1.0,-1.0,-1.0
2024/11/20,2041.0,2059.0,2021.0,2039.0,1865200,-1.0,-1.0,-1.0
2024/11/21,2036.0,2044.0,1999.0,2002.0,1449200,-1.0,-1.0,-1.0
2024/11/22,2002.5,2035.5,2000.5,2013.0,2106600,-1.0,-1.0,-1.0
2024/11/25,2037.0,2063.5,2031.0,2031.0,2343600,-1.0,-1.0,-1.0
2024/11/26,2025.0,2047.5,1977.0,1990.0,1977400,-1.0,-1.0,-1.0
2024/11/27,1989.5,2008.5,1967.0,1982.0,1818400,-1.0,-1.0,-1.0
2024/11/28,1973.0,2022.0,1972.0,2013.0,1743800,-1.0,-1.0,-1.0
2024/11/29,2007.5,2033.0,2003.5,2003.5,1593600,-1.0,-1.0,-1.0
2024/12/02,2004.5,2029.5,1992.5,2017.0,1723600,-1.0,-1.0,-1.0
2024/12/03,2024.0,2059.0,2018.0,2036.5,2242600,-1.0,-1.0,-1.0
2024/12/04,2028.0,2037.0,1992.5,2015.0,1860800,-1.0,-1.0,-1.0
2024/12/05,2035.0,2039.0,2005.0,2005.0,1437400,-1.0,-1.0,-1.0
2024/12/06,1999.0,2006.0,1977.0,1987.5,1534800,-1.0,-1.0,-1.0
2024/12/09,1998.0,2013.5,1994.0,2001.0,1605800,-1.0,-1.0,-1.0
2024/12/10,2012.5,2049.5,2006.5,2033.0,2054600,-1.0,-1.0,-1.0
2024/12/11,2066.5,2083.5,2042.5,2049.5,2292600,-1.0,-1.0,-1.0
2024/12/12,2072.5,2072.5,2038.5,2039.0,2288600,-1.0,-1.0,-1.0
2024/12/13,2015.5,2049.5,2012.0,2043.5,2478400,-1.0,-1.0,-1.0
2024/12/16,2045.5,2079.0,2045.5,2069.5,2188000,-1.0,-1.0,-1.0
2024/12/17,2071.0,2116.0,2071.0,2088.5,2834400,-1.0,-1.0,-1.0
2024/12/18,2092.0,2113.5,2081.5,2091.0,2013000,-1.0,-1.0,-1.0
2024/12/19,2059.5,2113.0,2041.0,2079.0,3320200,-1.0,-1.0,-1.0
2024/12/20,2073.5,2077.5,1917.5,1927.5,8007600,-1.0,-1.0,-1.0
2024/12/23,1945.0,1989.0,1944.0,1980.5,3121600,-1.0,-1.0,-1.0
2024/12/24,1992.5,2022.0,1973.5,2021.5,1793400,-1.0,-1.0,-1.0
2024/12/25,2035.0,2064.5,2025.0,2064.5,2075400,-1.0,-1.0,-1.0
2024/12/26,2069.5,2090.0,2061.5,2082.5,1341600,-1.0,-1.0,-1.0
2024/12/27,2070.0,2100.5,2054.0,2100.0,1477600,-1.0,-1.0,-1.0
2024/12/30,2104.5,2122.5,2092.0,2104.5,1338000,-1.0,-1.0,-1.0
2025/01/06,2097.0,2107.0,2071.0,2082.5,1985400,-1.0,-1.0,-1.0
2025/01/07,2096.5,2113.5,2091.5,2094.5,1884200,-1.0,-1.0,-1.0
2025/01/08,2093.5,2132.5,2089.5,2122.0,1612400,-1.0,-1.0,-1.0
2025/01/09,2122.0,2170.0,2122.0,2148.5,2493600,-1.0,-1.0,-1.0
2025/01/10,2160.0,2182.0,2147.5,2157.5,2154400,-1.0,-1.0,-1.0
2025/01/14,2179.0,2213.0,2101.0,2112.0,3145800,-1.0,-1.0,-1.0
2025/01/15,2112.0,2140.0,2111.5,2127.5,1548000,-1.0,-1.0,-1.0
2025/01/16,2117.5,2158.0,2117.5,2134.0,1646200,-1.0,-1.0,-1.0
2025/01/17,2129.0,2183.5,2125.0,2181.5,1993400,-1.0,-1.0,-1.0
2025/01/20,2174.5,2189.0,2151.5,2157.5,1137400,-1.0,-1.0,-1.0
2025/01/21,2157.5,2176.0,2153.0,2164.5,1402200,-1.0,-1.0,-1.0
2025/01/22,2175.0,2214.5,2164.5,2214.5,1343600,-1.0,-1.0,-1.0
2025/01/23,2208.5,2250.0,2204.0,2239.0,1482400,-1.0,-1.0,-1.0
2025/01/24,2250.0,2250.0,2209.0,2220.0,1369400,-1.0,-1.0,-1.0
2025/01/27,2245.0,2255.0,2208.0,2216.5,1145400,-1.0,-1.0,-1.0
2025/01/28,2196.0,2198.5,2151.0,2181.5,1485400,-1.0,-1.0,-1.0
2025/01/29,2175.0,2187.0,2157.0,2182.0,1424400,-1.0,-1.0,-1.0
2025/01/30,2179.0,2201.0,2177.5,2195.0,975400,-1.0,-1.0,-1.0
2025/01/31,2180.5,2191.0,2172.5,2184.0,1544000,-1.0,-1.0,-1.0
2025/02/03,2124.0,2139.5,2083.5,2099.0,1722200,-1.0,-1.0,-1.0
2025/02/04,2120.0,2122.0,2065.0,2072.0,1766400,-1.0,-1.0,-1.0
2025/02/05,2075.0,2097.0,2072.5,2076.0,213600,-1.0,-1.0,-1.0
2025/02/06,2027.0,2044.0,2018.0,2033.5,1755400,-1.0,-1.0,-1.0
2025/02/07,2031.5,2041.0,2018.0,2027.5,1029000,-1.0,-1.0,-1.0
2025/02/10,2028.0,2041.5,2023.5,2026.5,1041800,-1.0,-1.0,-1.0
2025/02/12,2014.0,2024.0,1997.5,2008.0,1801000,-1.0,-1.0,-1.0
2025/02/13,2020.0,2047.5,2002.5,2035.5,1862000,-1.0,-1.0,-1.0
2025/02/14,2314.5,2379.5,2312.0,2351.5,6130600,-1.0,-1.0,-1.0
2025/02/17,2330.0,2370.5,2323.5,2345.0,2415800,-1.0,-1.0,-1.0
2025/02/18,2339.0,2433.0,2329.5,2421.0,2115200,-1.0,-1.0,-1.0
2025/02/19,2415.0,2433.0,2288.0,2311.0,3985000,-1.0,-1.0,-1.0
2025/02/20,2287.0,2306.0,2278.5,2298.5,1514800,-1.0,-1.0,-1.0
2025/02/21,2265.0,2304.5,2263.0,2287.5,1515200,-1.0,-1.0,-1.0
2025/02/25,2245.0,2276.5,2240.0,2257.5,1603800,-1.0,-1.0,-1.0
2025/02/26,2249.0,2271.5,2215.0,2254.5,1440000,-1.0,-1.0,-1.0
2025/02/27,2227.5,2302.0,2227.5,2271.0,2147600,-1.0,-1.0,-1.0
2025/02/28,2244.5,2245.5,2192.5,2211.0,2698000,-1.0,-1.0,-1.0
2025/03/03,2244.5,2328.5,2238.5,2315.5,3017400,-1.0,-1.0,-1.0
2025/03/04,2315.0,2331.5,2286.0,2296.5,1564400,-1.0,-1.0,-1.0
2025/03/05,2296.5,2335.0,2286.0,2303.0,2476800,-1.0,-1.0,-1.0
2025/03/06,2318.0,2328.0,2257.0,2263.5,2125200,-1.0,-1.0,-1.0
2025/03/07,2228.5,2262.0,2211.0,2225.0,2911400,-1.0,-1.0,-1.0
2025/03/10,2215.0,2224.5,2174.0,2205.0,1683600,-1.0,-1.0,-1.0
2025/03/11,2104.0,2141.5,2093.0,2127.5,2227800,-1.0,-1.0,-1.0
2025/03/12,2127.5,2178.0,2115.0,2156.5,2192600,-1.0,-1.0,-1.0
2025/03/13,2150.0,2180.5,2131.0,2151.5,2446200,-1.0,-1.0,-1.0
2025/03/14,2109.0,2157.0,2085.0,2145.0,3301600,-1.0,-1.0,-1.0
2025/03/17,2165.0,2174.5,2142.5,2147.0,1703200,-1.0,-1.0,-1.0
2025/03/18,2174.0,2187.5,2160.0,2170.5,1513200,-1.0,-1.0,-1.0
2025/03/19,2156.5,2165.5,2110.0,2117.5,1358000,-1.0,-1.0,-1.0
2025/03/21,2146.0,2169.0,2134.0,2152.0,2849400,-1.0,-1.0,-1.0
2025/03/24,2161.0,2163.0,2123.0,2131.0,1087000,-1.0,-1.0,-1.0
2025/03/25,2144.0,2154.0,2117.0,2139.5,1201200,-1.0,-1.0,-1.0
2025/03/26,2147.5,2171.0,2127.5,2152.0,1495000,-1.0,-1.0,-1.0
2025/03/27,2136.5,2138.0,2107.5,2137.5,1607200,-1.0,-1.0,-1.0
2025/03/28,2108.0,2112.5,2076.5,2100.5,1468400,-1.0,-1.0,-1.0
2025/03/31,2042.5,2047.0,2016.5,2027.0,1836200,-1.0,-1.0,-1.0
2025/04/01,2097.0,2108.5,2071.0,2077.0,1672800,-1.0,-1.0,-1.0
2025/04/02,2044.0,2049.5,2024.0,2031.5,1416400,-1.0,-1.0,-1.0
2025/04/03,1961.5,1999.0,1959.0,1993.0,1364000,-1.0,-1.0,-1.0
2025/04/04,1924.0,1950.5,1879.5,1908.5,1654200,-1.0,-1.0,-1.0
2025/04/07,1718.0,1770.5,1700.0,1749.5,1977600,-1.0,-1.0,-1.0
2025/04/08,1784.5,1864.0,1781.5,1845.5,1254000,-1.0,-1.0,-1.0
2025/04/09,1810.5,1833.0,1771.0,1790.5,1519400,-1.0,-1.0,-1.0
2025/04/10,1930.5,1963.0,1884.5,1949.5,1870000,-1.0,-1.0,-1.0
2025/04/11,1844.5,1929.5,1831.0,1914.0,1299400,-1.0,-1.0,-1.0
2025/04/14,1949.0,1969.5,1934.0,1934.0,1032000,-1.0,-1.0,-1.0
2025/04/15,2015.0,2020.0,1968.5,1986.5,1456400,-1.0,-1.0,-1.0
2025/04/16,1999.0,2010.5,1961.5,1972.0,1325200,-1.0,-1.0,-1.0
2025/04/17,1960.0,1969.0,1943.5,1954.5,766000,-1.0,-1.0,-1.0
2025/04/18,1950.5,1962.5,1942.5,1955.0,811600,-1.0,-1.0,-1.0
2025/04/21,1957.5,1962.5,1918.0,1925.0,764000,-1.0,-1.0,-1.0
2025/04/22,1931.0,1938.0,1913.5,1918.5,658400,-1.0,-1.0,-1.0
2025/04/23,1988.5,1990.0,1958.0,1959.0,943600,-1.0,-1.0,-1.0
2025/04/24,1994.0,2000.0,1971.5,1971.5,815600,-1.0,-1.0,-1.0
2025/04/25,1989.0,1997.0,1977.5,1990.0,907600,-1.0,-1.0,-1.0
2025/04/28,1998.5,2012.5,1975.5,1983.5,1252400,-1.0,-1.0,-1.0
2025/04/30,2013.5,2024.5,1996.0,1999.5,1631200,-1.0,-1.0,-1.0
2025/05/01,1987.5,2011.0,1975.5,2003.5,1068600,-1.0,-1.0,-1.0
2025/05/02,2001.0,2022.0,1991.0,2004.5,1094000,-1.0,-1.0,-1.0
2025/05/07,2030.0,2091.5,2022.5,2077.5,1906000,-1.0,-1.0,-1.0
2025/05/08,2065.5,2128.5,2056.5,2107.0,1889800,-1.0,-1.0,-1.0
2025/05/09,2138.0,2143.5,2114.5,2129.5,1669600,-1.0,-1.0,-1.0
2025/05/12,2141.0,2146.5,2116.0,2144.5,898600,-1.0,-1.0,-1.0
2025/05/13,2179.5,2183.0,2159.5,2159.5,1453000,-1.0,-1.0,-1.0
2025/05/14,2190.0,2217.0,2163.0,2177.5,2414400,-1.0,-1.0,-1.0
2025/05/15,2072.5,2107.0,2040.0,2077.0,3248000,-1.0,-1.0,-1.0
2025/05/16,2071.0,2077.5,2011.0,2031.5,2000800,-1.0,-1.0,-1.0
2025/05/19,2012.0,2029.5,1972.5,1984.5,2367600,-1.0,-1.0,-1.0
2025/05/20,1987.0,1995.0,1955.5,1969.0,1761600,-1.0,-1.0,-1.0
2025/05/21,1985.0,2015.0,1965.5,1970.5,1645000,-1.0,-1.0,-1.0
2025/05/22,1951.5,2019.0,1944.0,2003.5,1631000,-1.0,-1.0,-1.0
2025/05/23,1992.0,1997.5,1959.0,1959.0,2207200,-1.0,-1.0,-1.0
2025/05/26,1957.5,1960.5,1917.5,1937.5,1840800,-1.0,-1.0,-1.0
2025/05/27,1950.0,1959.0,1925.0,1933.5,1395800,-1.0,-1.0,-1.0
2025/05/28,1968.5,1985.0,1920.5,1921.0,1833800,-1.0,-1.0,-1.0
2025/05/29,1956.0,1959.0,1932.5,1945.5,1830200,-1.0,-1.0,-1.0
2025/05/30,1913.5,1947.5,1911.0,1925.0,2224200,-1.0,-1.0,-1.0
2025/06/02,1903.5,1904.5,1867.5,1870.5,2134200,-1.0,-1.0,-1.0
2025/06/03,1870.5,1877.0,1833.0,1833.0,2084000,-1.0,-1.0,-1.0
2025/06/04,1853.5,1880.5,1850.5,1861.5,2287600,-1.0,-1.0,-1.0
2025/06/05,1841.0,1854.0,1810.5,1811.5,2831000,-1.0,-1.0,-1.0
2025/06/06,1811.0,1819.0,1789.0,1790.0,2093200,-1.0,-1.0,-1.0
2025/06/09,1825.0,1828.5,1809.0,1812.0,2082600,-1.0,-1.0,-1.0
2025/06/10,1811.0,1827.0,1800.5,1811.5,1965800,-1.0,-1.0,-1.0
2025/06/11,1813.0,1842.0,1813.0,1836.0,1604600,-1.0,-1.0,-1.0
2025/06/12,1845.5,1853.0,1811.5,1813.5,1873400,-1.0,-1.0,-1.0
2025/06/13,1813.5,1821.0,1779.5,1792.0,2160800,-1.0,-1.0,-1.0
2025/06/16,1809.5,1813.5,1784.0,1806.5,1347400,-1.0,-1.0,-1.0
2025/06/17,1810.5,1827.5,1805.0,1811.0,1758800,-1.0,-1.0,-1.0
2025/06/18,1794.0,1853.5,1789.0,1846.5,2001800,-1.0,-1.0,-1.0
2025/06/19,1830.0,1858.5,1809.5,1858.0,2056400,-1.0,-1.0,-1.0
2025/06/20,1837.0,1874.5,1830.0,1869.5,5044400,-1.0,-1.0,-1.0
2025/06/23,1855.5,1877.5,1840.0,1855.0,1274800,-1.0,-1.0,-1.0
2025/06/24,1874.5,1876.5,1857.5,1857.5,1263200,-1.0,-1.0,-1.0
2025/06/25,1855.5,1908.5,1854.5,1904.0,2654800,-1.0,-1.0,-1.0
2025/06/26,1921.0,1930.0,1907.0,1918.0,1854600,-1.0,-1.0,-1.0
2025/06/27,1948.5,2004.0,1944.0,1962.0,7540600,-1.0,-1.0,-1.0
2025/06/30,1973.5,1983.5,1954.5,1962.5,2074000,-1.0,-1.0,-1.0
2025/07/01,1941.0,1965.0,1927.0,1954.5,1750200,-1.0,-1.0,-1.0
2025/07/02,1946.0,1976.5,1937.0,1967.0,2156800,-1.0,-1.0,-1.0
2025/07/03,1950.0,1952.5,1912.5,1921.5,2277000,-1.0,-1.0,-1.0
2025/07/04,1922.0,1929.0,1905.5,1929.0,1156400,-1.0,-1.0,-1.0
2025/07/07,1944.0,1957.0,1924.0,1933.0,1066800,-1.0,-1.0,-1.0
2025/07/08,1926.5,1956.5,1921.0,1951.0,1620200,-1.0,-1.0,-1.0
2025/07/09,1960.5,1965.5,1931.5,1951.5,1377000,-1.0,-1.0,-1.0
2025/07/10,1951.5,1978.5,1945.0,1971.0,1900600,-1.0,-1.0,-1.0
2025/07/11,1997.5,2013.0,1968.5,1981.5,1686800,-1.0,-1.0,-1.0
2025/07/14,1970.5,1976.5,1945.0,1959.0,1004400,-1.0,-1.0,-1.0
2025/07/15,1953.5,1955.5,1923.5,1923.5,1273800,-1.0,-1.0,-1.0
2025/07/16,1923.5,1927.5,1907.5,1917.5,1084200,-1.0,-1.0,-1.0
2025/07/17,1907.5,1932.0,1907.5,1932.0,1216600,-1.0,-1.0,-1.0
2025/07/18,1956.0,1961.0,1940.5,1955.5,1268400,-1.0,-1.0,-1.0
2025/07/22,1946.0,1973.5,1940.5,1952.0,1398400,-1.0,-1.0,-1.0
2025/07/23,1965.0,2019.5,1952.5,2010.5,1802600,-1.0,-1.0,-1.0
2025/07/24,2025.0,2056.5,2000.0,2034.5,2014200,-1.0,-1.0,-1.0
2025/07/25,2034.5,2040.0,2009.0,2023.5,1073200,-1.0,-1.0,-1.0
2025/07/28,2031.5,2042.0,2017.5,2031.0,1008600,-1.0,-1.0,-1.0
2025/07/29,2012.0,2044.5,2007.5,2030.0,1266200,-1.0,-1.0,-1.0
2025/07/30,2030.0,2034.5,2015.0,2025.5,950600,-1.0,-1.0,-1.0
2025/07/31,2034.0,2050.0,2028.5,2046.5,1718000,-1.0,-1.0,-1.0
2025/08/01,2055.5,2085.5,2048.5,2069.0,1195200,-1.0,-1.0,-1.0
2025/08/04,2034.0,2048.0,2019.0,2039.5,1303600,-1.0,-1.0,-1.0
2025/08/05,2049.0,2061.0,2036.5,2053.0,1434800,-1.0,-1.0,-1.0
2025/08/06,2052.0,2080.0,2048.0,2069.5,1099600,-1.0,-1.0,-1.0
2025/08/07,2075.0,2099.5,2071.5,2087.0,1460000,-1.0,-1.0,-1.0
2025/08/08,2082.0,2119.5,2077.0,2100.5,1960000,-1.0,-1.0,-1.0
2025/08/12,1960.5,1978.5,1890.0,1893.5,7898000,-1.0,-1.0,-1.0
2025/08/13,1900.0,1909.0,1860.5,1863.5,6315800,-1.0,-1.0,-1.0
2025/08/14,1855.5,1869.0,1848.5,1863.5,3110000,-1.0,-1.0,-1.0
2025/08/15,1862.5,1903.5,1851.0,1893.5,3499400,-1.0,-1.0,-1.0
2025/08/18,1898.5,1903.0,1878.0,1886.5,2670600,-1.0,-1.0,-1.0
2025/08/19,1883.0,1890.0,1870.0,1870.5,1974200,-1.0,-1.0,-1.0
2025/08/20,1870.0,1880.0,1849.0,1861.5,2191200,-1.0,-1.0,-1.0
2025/08/21,1856.5,1874.5,1850.0,1865.0,1432600,-1.0,-1.0,-1.0
2025/08/22,1865.0,1886.5,1857.0,1881.0,1978400,-1.0,-1.0,-1.0
2025/08/25,1886.5,1903.0,1879.5,1887.0,2066000,-1.0,-1.0,-1.0
2025/08/26,1879.0,1928.0,1851.5,1912.0,5506400,-1.0,-1.0,-1.0
2025/08/27,1917.5,1922.5,1896.5,1898.0,2062800,-1.0,-1.0,-1.0
2025/08/28,1892.5,1898.5,1884.5,1892.0,1545200,-1.0,-1.0,-1.0
2025/08/29,1900.0,1932.5,1898.5,1915.0,2850400,-1.0,-1.0,-1.0
2025/09/01,1900.0,1921.0,1894.0,1900.0,1169600,-1.0,-1.0,-1.0
2025/09/02,1902.5,1923.0,1895.0,1895.0,1651200,-1.0,-1.0,-1.0
2025/09/03,1880.5,1902.5,1876.0,1892.0,1332600,-1.0,-1.0,-1.0
2025/09/04,1898.5,1920.5,1886.0,1910.0,1819800,-1.0,-1.0,-1.0
2025/09/05,1928.0,1952.5,1927.5,1950.0,2493600,-1.0,-1.0,-1.0
2025/09/08,1955.0,1975.0,1947.0,1968.0,2008600,-1.0,-1.0,-1.0
2025/09/09,1980.0,2004.0,1969.5,1976.0,2321800,-1.0,-1.0,-1.0
2025/09/10,1976.0,1984.0,1963.0,1977.5,1447400,-1.0,-1.0,-1.0
2025/09/11,1977.5,2023.5,1969.5,2023.5,2033200,-1.0,-1.0,-1.0
2025/09/12,2018.0,2030.0,1995.5,2017.0,2656600,-1.0,-1.0,-1.0
2025/09/16,2017.0,2046.5,2010.5,2039.5,2013800,-1.0,-1.0,-1.0
2025/09/17,2022.0,2030.0,1965.0,1965.0,2001600,-1.0,-1.0,-1.0
2025/09/18,1970.0,1974.0,1940.0,1940.0,2019600,-1.0,-1.0,-1.0
2025/09/19,1950.0,1974.5,1909.0,1909.0,4839000,-1.0,-1.0,-1.0
2025/09/22,1918.5,1940.0,1911.5,1931.5,1611600,-1.0,-1.0,-1.0
2025/09/24,1928.0,1962.5,1920.0,1954.5,2144800,-1.0,-1.0,-1.0
2025/09/25,1962.5,1970.5,1928.5,1944.0,1782400,-1.0,-1.0,-1.0
2025/09/26,1944.0,1962.5,1928.0,1953.0,2158200,-1.0,-1.0,-1.0
2025/09/29,1950.0,1957.0,1910.5,1915.0,1850200,-1.0,-1.0,-1.0
2025/09/30,1922.5,1940.0,1897.5,1897.5,3178400,-1.0,-1.0,-1.0
2025/10/01,1901.0,1910.5,1873.0,1889.0,2443000,-1.0,-1.0,-1.0
2025/10/02,1882.5,1919.0,1875.0,1903.0,2846800,-1.0,-1.0,-1.0
2025/10/03,1891.0,1924.0,1884.5,1920.0,2066600,-1.0,-1.0,-1.0
2025/10/06,1969.0,1970.5,1925.0,1925.0,2415000,-1.0,-1.0,-1.0
2025/10/07,1925.0,1967.0,1917.5,1963.5,2773200,-1.0,-1.0,-1.0
2025/10/08,1975.0,1986.0,1951.5,1952.5,1909600,-1.0,-1.0,-1.0
2025/10/09,1954.0,1996.5,1950.0,1996.5,2559000,-1.0,-1.0,-1.0
2025/10/10,1982.5,1985.5,1924.0,1924.0,2162400,-1.0,-1.0,-1.0
2025/10/14,1902.5,1933.5,1890.0,1913.5,2826400,-1.0,-1.0,-1.0
2025/10/15,1911.0,1920.5,1874.5,1874.5,2819600,-1.0,-1.0,-1.0
2025/10/16,1890.5,1908.5,1872.5,1894.0,2405200,-1.0,-1.0,-1.0
2025/10/17,1877.5,1895.0,1866.0,1866.0,1925000,-1.0,-1.0,-1.0
2025/10/20,1898.5,1902.0,1865.5,1868.5,1967800,-1.0,-1.0,-1.0
2025/10/21,1862.0,1876.5,1857.0,1859.0,2242600,-1.0,-1.0,-1.0
2025/10/22,1850.0,1884.0,1845.5,1883.5,1812800,-1.0,-1.0,-1.0
2025/10/23,1899.0,1905.0,1866.5,1873.0,1526400,-1.0,-1.0,-1.0
2025/10/24,1891.5,1913.0,1885.0,1908.0,2071000,-1.0,-1.0,-1.0
2025/10/27,1924.0,1937.5,1910.5,1914.0,1628000,-1.0,-1.0,-1.0
2025/10/28,1908.0,1916.5,1888.0,1888.0,1708200,-1.0,-1.0,-1.0
2025/10/29,1883.0,1887.5,1849.0,1849.0,1557000,-1.0,-1.0,-1.0
2025/10/30,1846.0,1857.5,1834.0,1848.5,1960400,-1.0,-1.0,-1.0
2025/10/31,1867.0,1890.0,1857.0,1890.0,2000600,-1.0,-1.0,-1.0
2025/11/04,1864.5,1893.5,1852.5,1876.5,2157200,-1.0,-1.0,-1.0
2025/11/05,1899.5,1914.0,1833.0,1853.5,2321800,-1.0,-1.0,-1.0
2025/11/06,1879.0,1899.5,1860.0,1894.0,1516400,-1.0,-1.0,-1.0
2025/11/07,1894.0,1904.0,1874.5,1879.0,1653600,-1.0,-1.0,-1.0
2025/11/10,1891.0,1898.0,1884.5,1885.5,1387400,-1.0,-1.0,-1.0
2025/11/11,1901.5,1901.5,1874.0,1874.5,1181000,-1.0,-1.0,-1.0
2025/11/12,1899.5,1906.0,1878.0,1893.0,1773400,-1.0,-1.0,-1.0
2025/11/13,1907.5,1910.5,1861.5,1861.5,2368600,-1.0,-1.0,-1.0
2025/11/14,2050.0,2125.0,1978.0,2122.0,11409800,-1.0,-1.0,-1.0
2025/11/17,2122.0,2124.0,2076.0,2107.5,4315800,-1.0,-1.0,-1.0
2025/11/18,2092.5,2099.5,1991.0,1991.0,2973200,-1.0,-1.0,-1.0
2025/11/19,2005.0,2006.0,1926.0,1926.0,2887000,-1.0,-1.0,-1.0
2025/11/20,1987.5,2053.5,1975.0,1997.0,3362000,-1.0,-1.0,-1.0
2025/11/21,1963.5,2059.0,1963.5,2059.0,4779600,-1.0,-1.0,-1.0
2025/11/25,2080.0,2214.0,2072.5,2154.5,4908200,-1.0,-1.0,-1.0
2025/11/26,2164.0,2333.0,2156.5,2289.5,6206000,-1.0,-1.0,-1.0
2025/11/27,2272.0,2464.5,2247.0,2457.0,6738800,-1.0,-1.0,-1.0
2025/11/28,2513.5,2571.5,2474.5,2519.0,9531800,-1.0,-1.0,-1.0
2025/12/01,2525.0,2543.0,2405.0,2408.0,6730000,-1.0,-1.0,-1.0
2025/12/02,2424.0,2457.5,2383.5,2393.0,4134400,-1.0,-1.0,-1.0
2025/12/03,2377.5,2378.0,2311.0,2328.0,4927400,-1.0,-1.0,-1.0
2025/12/04,2344.0,2394.0,2332.0,2344.5,3840600,-1.0,-1.0,-1.0
2025/12/05,2334.0,2375.0,2291.0,2310.0,3189000,-1.0,-1.0,-1.0
2025/12/08,2351.5,2427.5,2336.5,2395.5,3956600,-1.0,-1.0,-1.0
2025/12/09,2386.5,2441.0,2374.5,2397.5,3768000,-1.0,-1.0,-1.0
2025/12/10,2387.5,2417.5,2369.5,2417.5,3335200,-1.0,-1.0,-1.0
2025/12/11,2515.0,2608.5,2476.0,2494.5,7557800,-1.0,-1.0,-1.0
2025/12/12,2529.5,2573.0,2496.5,2532.5,4749000,-1.0,-1.0,-1.0
2025/12/15,2495.0,2506.5,2443.0,2455.0,2870000,-1.0,-1.0,-1.0
2025/12/16,2431.5,2466.0,2375.0,2375.0,3256600,-1.0,-1.0,-1.0
2025/12/17,2399.0,2408.0,2365.0,2370.5,2462800,-1.0,-1.0,-1.0
2025/12/18,2351.5,2379.5,2348.5,2352.5,2686000,-1.0,-1.0,-1.0
2025/12/19,2373.5,2373.5,2309.5,2309.5,4580400,-1.0,-1.0,-1.0
2025/12/22,2484.5,2516.0,2415.5,2459.5,4154200,-1.0,-1.0,-1.0
2025/12/23,2476.0,2480.0,2416.0,2436.0,2260800,-1.0,-1.0,-1.0
2025/12/24,2436.0,2464.0,2425.5,2436.0,1227400,-1.0,-1.0,-1.0
2025/12/25,2421.5,2436.0,2405.5,2413.0,1011800,-1.0,-1.0,-1.0
2025/12/26,2424.5,2424.5,2370.5,2389.5,1289200,-1.0,-1.0,-1.0
2025/12/29,2374.5,2375.0,2332.5,2348.0,2049800,-1.0,-1.0,-1.0
2025/12/30,2340.0,2340.5,2308.0,2330.5,1915200,-1.0,-1.0,-1.0
2026/01/05,2393.0,2394.0,2330.0,2330.0,2499600,-1.0,-1.0,-1.0
2026/01/06,2354.5,2383.0,2313.0,2336.5,2342400,-1.0,-1.0,-1.0
2026/01/07,2323.5,2348.0,2312.0,2312.0,2168000,-1.0,-1.0,-1.0
2026/01/08,2318.0,2341.0,2298.5,2326.0,2236200,-1.0,-1.0,-1.0
2026/01/09,2339.0,2354.0,2316.0,2329.0,2045200,-1.0,-1.0,-1.0
2026/01/13,2359.5,2364.5,2311.5,2311.5,2259800,-1.0,-1.0,-1.0
2026/01/14,2305.0,2315.0,2277.5,2297.5,1968200,-1.0,-1.0,-1.0
2026/01/15,2264.5,2297.5,2261.5,2288.0,1946000,-1.0,-1.0,-1.0
2026/01/16,2265.0,2304.5,2264.0,2299.0,1659400,-1.0,-1.0,-1.0
2026/01/19,2264.0,2321.0,2258.5,2321.0,1351000,-1.0,-1.0,-1.0
2026/01/20,2286.0,2313.0,2273.0,2274.5,1481600,-1.0,-1.0,-1.0
2026/01/21,2236.0,2276.0,2218.0,2276.0,2426200,-1.0,-1.0,-1.0
2026/01/22,2336.0,2464.5,2316.0,2430.5,5291000,-1.0,-1.0,-1.0
2026/01/23,2450.5,2474.0,2402.5,2439.5,2824800,-1.0,-1.0,-1.0
2026/01/26,2369.5,2411.5,2328.0,2372.5,3476200,-1.0,-1.0,-1.0
2026/01/27,2340.5,2383.5,2321.5,2373.0,1931800,-1.0,-1.0,-1.0
2026/01/28,2338.0,2347.5,2312.5,2312.5,1838600,-1.0,-1.0,-1.0
2026/01/29,2305.0,2358.5,2291.5,2347.0,2130400,-1.0,-1.0,-1.0
2026/01/30,2350.0,2398.5,2342.0,2382.0,1989800,-1.0,-1.0,-1.0
2026/02/02,2417.0,2435.5,2370.0,2376.5,2393400,-1.0,-1.0,-1.0
2026/02/03,2391.0,2439.5,2378.5,2435.5,1665800,-1.0,-1.0,-1.0
2026/02/04,2395.5,2412.5,2338.0,2338.0,2589800,-1.0,-1.0,-1.0
2026/02/05,2408.0,2464.5,2366.0,2389.0,3278000,-1.0,-1.0,-1.0
2026/02/06,2371.0,2395.0,2356.5,2384.5,1861800,-1.0,-1.0,-1.0
2026/02/09,2475.5,2489.5,2430.0,2461.0,2620400,-1.0,-1.0,-1.0
2026/02/10,2475.0,2501.5,2454.0,2491.0,2278000,-1.0,-1.0,-1.0
2026/02/12,2508.5,2529.0,2476.5,2525.5,2637200,-1.0,-1.0,-1.0
2026/02/13,2475.5,2506.0,2410.0,2445.0,3662200,-1.0,-1.0,-1.0
2026/02/16,2225.5,2332.0,2225.0,2298.5,4847800,-1.0,-1.0,-1.0
2026/02/17,2270.0,2359.5,2252.5,2359.5,3566600,-1.0,-1.0,-1.0
2026/02/18,2348.0,2366.0,2300.0,2331.0,3335800,-1.0,-1.0,-1.0
2026/02/19,2345.5,2348.5,2300.5,2331.0,2831600,-1.0,-1.0,-1.0
2026/02/20,2301.0,2352.5,2286.0,2303.0,3327200,-1.0,-1.0,-1.0
2026/02/24,2315.5,2454.0,2305.0,2423.5,3746800,-1.0,-1.0,-1.0
2026/02/25,2424.0,2470.5,2395.5,2459.5,3404800,-1.0,-1.0,-1.0
2026/02/26,2540.5,2608.0,2537.5,2572.0,6156800,-1.0,-1.0,-1.0
2026/02/27,2564.5,2682.5,2551.5,2682.5,4915600,-1.0,-1.0,-1.0
2026/03/02,2782.5,2935.0,2671.0,2911.5,9893400,-1.0,-1.0,-1.0
2026/03/02,2782.5,2935.0,2671.0,2911.5,9893400,-1.0,-1.0,-1.0
2026/03/02,2782.5,2935.0,2671.0,2911.5,9893400,-1.0,-1.0,-1.0
2026/03/02,2782.5,2935.0,2671.0,2911.5,9893400,-1.0,-1.0,-1.0
2026/03/03,2916.5,2964.0,2805.0,2831.5,5109800,-1.0,-1.0,-1.0
2026/03/04,2720.0,2764.0,2632.0,2658.5,4343000,-1.0,-1.0,-1.0
2026/03/05,2760.0,2780.0,2626.5,2660.0,4599800,-1.0,-1.0,-1.0
2026/03/06,2646.5,2675.0,2588.0,2660.5,3637200,-1.0,-1.0,-1.0
2026/03/09,2452.5,2504.0,2333.0,2412.0,5908600,-1.0,-1.0,-1.0
2026/03/10,2485.0,2538.5,2481.5,2528.0,2812000,-1.0,-1.0,-1.0
2026/03/11,2550.0,2616.5,2521.5,2530.5,1957800,-1.0,-1.0,-1.0
2026/03/12,2470.0,2526.0,2443.5,2516.5,3164200,-1.0,-1.0,-1.0
2026/03/13,2466.5,2556.0,2466.5,2511.0,3288000,-1.0,-1.0,-1.0
2026/03/16,2490.0,2524.5,2475.0,2524.5,1841600,-1.0,-1.0,-1.0
2026/03/17,2563.0,2575.5,2469.0,2484.5,2418600,-1.0,-1.0,-1.0
2026/03/18,2484.5,2548.0,2484.5,2504.5,1835600,-1.0,-1.0,-1.0
2026/03/19,2448.0,2456.5,2329.5,2329.5,3570400,-1.0,-1.0,-1.0
2026/03/23,2277.5,2309.0,2235.0,2265.5,3509000,-1.0,-1.0,-1.0
2026/03/24,2306.5,2343.0,2275.0,2343.0,1939600,-1.0,-1.0,-1.0
2026/03/25,2377.5,2397.0,2357.5,2364.5,1822200,-1.0,-1.0,-1.0
2026/03/26,2365.0,2374.0,2299.0,2320.5,2041600,-1.0,-1.0,-1.0
2026/03/27,2317.0,2321.5,2229.5,2276.5,2851600,-1.0,-1.0,-1.0
2026/03/30,2144.0,2176.5,2125.0,2169.5,3680800,-1.0,-1.0,-1.0
2026/03/31,2114.5,2132.0,2051.5,2052.5,4906000,-1.0,-1.0,-1.0
2026/04/01,2169.5,2185.5,2142.0,2176.5,3707800,-1.0,-1.0,-1.0
2026/04/02,2232.0,2251.5,2105.0,2105.0,2957200,-1.0,-1.0,-1.0
2026/04/03,2140.0,2158.0,2125.5,2150.5,1795800,-1.0,-1.0,-1.0
2026/04/06,2150.5,2249.0,2150.0,2195.0,2035200,-1.0,-1.0,-1.0
2026/04/07,2186.0,2232.5,2148.0,2166.5,2619400,-1.0,-1.0,-1.0
2026/04/08,2303.5,2345.5,2277.5,2339.0,4330800,-1.0,-1.0,-1.0
2026/04/09,2336.5,2348.0,2301.0,2323.0,2664600,-1.0,-1.0,-1.0
2026/04/10,2325.0,2332.0,2286.0,2320.0,3455600,-1.0,-1.0,-1.0
2026/04/13,2285.0,2298.5,2237.5,2284.0,2669800,-1.0,-1.0,-1.0
2026/04/14,2319.0,2319.0,2235.5,2297.0,3200000,-1.0,-1.0,-1.0
2026/04/15,2292.5,2325.0,2203.5,2233.5,4320800,-1.0,-1.0,-1.0
2026/04/16,2222.0,2322.0,2212.0,2303.5,2652800,-1.0,-1.0,-1.0
2026/04/17,2303.5,2365.0,2296.5,2332.0,3275200,-1.0,-1.0,-1.0
2026/04/20,2340.5,2357.0,2297.5,2311.5,2704400,-1.0,-1.0,-1.0
2026/04/21,2311.5,2348.5,2242.5,2317.5,4467800,-1.0,-1.0,-1.0
2026/04/22,2304.5,2317.5,2214.0,2241.5,3154400,-1.0,-1.0,-1.0
2026/04/23,2187.0,2240.0,2157.5,2234.0,2939200,-1.0,-1.0,-1.0
2026/04/24,2219.5,2301.5,2207.5,2291.0,3531000,-1.0,-1.0,-1.0
2026/04/27,2291.0,2346.0,2271.5,2315.0,3209000,-1.0,-1.0,-1.0
2026/04/28,2350.0,2350.0,2254.0,2303.5,2767400,-1.0,-1.0,-1.0
2026/04/30,2280.0,2332.5,2243.0,2325.0,3394400,-1.0,-1.0,-1.0
2026/05/01,2350.0,2553.0,2334.0,2540.0,6508200,-1.0,-1.0,-1.0
2026/05/07,2600.0,2724.5,2590.5,2624.5,5254400,-1.0,-1.0,-1.0
2026/05/08,2618.0,2682.0,2582.0,2648.5,4516200,-1.0,-1.0,-1.0
2026/05/11,2670.0,2702.0,2646.5,2664.0,2958800,-1.0,-1.0,-1.0
2026/05/12,2813.5,2853.0,2719.0,2721.0,4364200,-1.0,-1.0,-1.0
2026/05/13,2750.0,2797.5,2680.5,2773.0,3323400,-1.0,-1.0,-1.0
2026/05/14,2657.0,2725.0,2619.5,2686.0,3898200,-1.0,-1.0,-1.0
2026/05/15,2547.5,2633.0,2212.5,2240.0,12060800,-1.0,-1.0,-1.0
2026/05/18,2300.0,2331.5,2228.5,2256.5,5366600,-1.0,-1.0,-1.0
2026/05/19,2263.0,2323.5,2185.0,2197.5,3707400,-1.0,-1.0,-1.0
2026/05/20,2167.5,2217.5,2153.0,2182.5,2895400,-1.0,-1.0,-1.0
2026/05/21,2206.5,2253.5,2200.0,2221.0,2540400,-1.0,-1.0,-1.0
2026/05/22,2204.5,2243.0,2161.0,2206.5,2999000,-1.0,-1.0,-1.0
2026/05/25,2241.5,2402.5,2231.5,2395.0,3827800,-1.0,-1.0,-1.0
2026/05/26,2376.5,2438.0,2308.5,2382.0,3945800,-1.0,-1.0,-1.0
2026/05/27,2415.0,2432.0,2293.0,2316.0,3310400,-1.0,-1.0,-1.0
2026/05/28,2292.0,2315.5,2235.5,2271.5,3589400,-1.0,-1.0,-1.0
2026/05/29,2306.5,2337.5,2271.0,2281.0,4757200,-1.0,-1.0,-1.0
2026/06/01,2301.0,2314.5,2251.0,2296.0,2661600,-1.0,-1.0,-1.0
2026/06/02,2261.0,2275.5,2185.5,2237.5,3196800,-1.0,-1.0,-1.0
2026/06/03,2252.5,2329.0,2232.5,2282.5,4775400,-1.0,-1.0,-1.0
2026/06/04,2184.0,2206.0,2128.0,2128.0,4058400,-1.0,-1.0,-1.0
2026/06/05,2113.5,2186.5,2110.0,2150.5,3771800,-1.0,-1.0,-1.0
2026/06/08,2096.5,2113.5,2028.0,2068.5,3558400,-1.0,-1.0,-1.0
2026/06/09,2095.0,2096.0,2015.5,2038.0,2931600,-1.0,-1.0,-1.0
2026/06/10,1980.0,2009.0,1959.0,1983.5,3331600,-1.0,-1.0,-1.0
2026/06/11,2051.5,2301.0,2043.0,2294.0,9698200,-1.0,-1.0,-1.0
2026/06/12,2340.0,2340.0,2229.5,2253.5,5614600,-1.0,-1.0,-1.0
2026/06/15,2288.5,2310.0,2204.0,2204.0,3877000,-1.0,-1.0,-1.0
2026/06/16,2213.5,2247.5,2207.0,2215.0,2533400,-1.0,-1.0,-1.0
2026/06/17,2167.5,2256.5,2167.5,2196.0,3501600,-1.0,-1.0,-1.0
2026/06/18,2231.0,2274.5,2216.0,2274.5,3705200,-1.0,-1.0,-1.0
2026/06/19,2259.5,2358.0,2254.5,2257.5,4992800,-1.0,-1.0,-1.0
2026/06/22,2317.5,2562.5,2314.5,2515.5,6420800,-1.0,-1.0,-1.0
2026/06/23,2518.0,2557.5,2501.5,2512.5,4401000,-1.0,-1.0,-1.0
2026/06/24,2499.0,2541.0,2457.5,2530.0,2920200,-1.0,-1.0,-1.0
2026/06/25,2600.0,2662.0,2564.0,2606.5,3013000,-1.0,-1.0,-1.0
2026/06/26,2603.0,2634.0,2524.0,2590.0,3538000,-1.0,-1.0,-1.0
2026/06/29,2586.0,2586.0,2498.0,2545.0,3202200,-1.0,-1.0,-1.0
2026/06/30,2568.5,2584.5,2540.5,2552.5,2682000,-1.0,-1.0,-1.0
2026/07/01,2625.0,2669.5,2568.0,2627.0,3044800,-1.0,-1.0,-1.0
2026/07/02,2650.0,2650.0,2546.5,2599.5,2214200,-1.0,-1.0,-1.0
2026/07/03,2596.0,2661.0,2566.0,2656.5,2324800,-1.0,-1.0,-1.0
2026/07/06,2699.5,2712.5,2615.0,2712.5,2269600,-1.0,-1.0,-1.0
2026/07/07,2725.0,2741.0,2655.0,2678.5,2590600,-1.0,-1.0,-1.0
2026/07/08,2628.5,2665.0,2607.0,2615.5,2066000,-1.0,-1.0,-1.0
2026/07/09,2591.5,2628.5,2552.5,2623.5,2923600,-1.0,-1.0,-1.0
2026/07/10,2640.0,2654.0,2586.5,2600.5,2650600,-1.0,-1.0,-1.0
2026/07/13,2600.0,2618.0,2572.0,2574.0,2011600,-1.0,-1.0,-1.0
2026/07/14,2525.0,2557.0,2442.0,2454.5,3670800,-1.0,-1.0,-1.0
2026/07/15,2466.0,2491.0,2400.5,2443.5,4286800,-1.0,-1.0,-1.0
2026/07/16,2425.0,2442.0,2366.5,2373.0,3381000,-1.0,-1.0,-1.0
2026/07/17,2338.0,2355.0,2228.5,2257.5,4295400,-1.0,-1.0,-1.0
2026/07/21,2316.0,2365.0,2289.0,2365.0,2866200,-1.0,-1.0,-1.0
2026/07/22,2365.0,2431.0,2357.0,2397.0,3566600,-1.0,-1.0,-1.0
2026/07/23,2397.0,2491.0,2394.5,2465.0,2331600,-1.0,-1.0,-1.0
2026/07/24,2433.5,2464.5,2402.0,2426.0,1711400,-1.0,-1.0,-1.0
2026/07/27,2440.0,2446.0,2295.0,2346.5,3536800,-1.0,-1.0,-1.0
2026/07/28,2311.5,2328.5,2191.5,2195.5,5340600,-1.0,-1.0,-1.0
2026/07/29,2194.5,2232.0,2081.0,2140.5,5121200,-1.0,-1.0,-1.0
2026/07/30,2105.5,2187.0,2104.5,2172.5,3277200,-1.0,-1.0,-1.0
2026/07/31,2240.0,2264.5,2201.0,2263.5,4245800,-1.0,-1.0,-1.0
2026/08/03,2250.0,2267.0,2204.0,2249.5,3151400,-1.0,-1.0,-1.0
2026/08/04,2284.5,2286.0,2233.0,2256.5,2205800,-1.0,-1.0,-1.0
2026/08/05,2314.0,2375.0,2295.5,2350.5,2757200,-1.0,-1.0,-1.0
2026/08/06,2315.5,2351.0,2288.5,2335.0,1983800,-1.0,-1.0,-1.0
2026/08/07,2335.0,2355.0,2310.0,2349.0,2098200,-1.0,-1.0,-1.0
2026/08/10,2384.0,2417.5,2376.0,2408.0,2469200,-1.0,-1.0,-1.0
2026/08/12,2400.0,2459.0,2375.5,2459.0,3820200,-1.0,-1.0,-1.0
2026/08/13,2679.0,2809.0,2679.0,2724.0,13546200,-1.0,-1.0,-1.0
2026/08/14,2744.0,2814.5,2617.5,2640.5,6802600,-1.0,-1.0,-1.0
2026/08/17,2662.5,2717.5,2635.5,2716.5,3758200,-1.0,-1.0,-1.0
2026/08/18,2689.5,2712.5,2575.5,2600.5,4099000,-1.0,-1.0,-1.0
2026/08/19,2520.0,2649.5,2510.0,2545.0,4383800,-1.0,-1.0,-1.0
2026/08/20,2567.0,2601.0,2509.0,2556.0,3206400,-1.0,-1.0,-1.0
2026/08/21,2510.0,2572.5,2500.0,2561.5,2339400,-1.0,-1.0,-1.0
2026/08/24,2596.5,2637.5,2482.0,2501.0,2827200,-1.0,-1.0,-1.0
2026/08/25,2488.0,2488.5,2410.0,2473.0,2843200,-1.0,-1.0,-1.0
2026/08/26,2455.0,2543.5,2446.0,2523.0,3134200,-1.0,-1.0,-1.0
2026/08/27,2573.5,2580.5,2496.0,2500.5,3176800,-1.0,-1.0,-1.0
2026/08/28,2525.0,2544.0,2484.5,2509.5,2653600,-1.0,-1.0,-1.0
2026/08/31,2459.5,2565.0,2451.0,2546.5,2907600,-1.0,-1.0,-1.0
2026/09/01,2546.5,2546.5,2454.0,2471.0,2902200,-1.0,-1.0,-1.0
2026/09/02,2425.0,2470.0,2421.0,2462.0,3267800,-1.0,-1.0,-1.0
2026/09/03,2474.0,2555.0,2470.5,2523.0,3430000,-1.0,-1.0,-1.0
2026/09/04,2555.0,2560.0,2493.5,2535.5,3272400,-1.0,-1.0,-1.0
2026/09/07,2561.0,2634.0,2549.0,2623.0,3029600,-1.0,-1.0,-1.0
2026/09/08,2557.0,2604.5,2505.0,2510.0,2235200,-1.0,-1.0,-1.0
2026/09/09,2500.0,2567.5,2484.0,2535.0,3249200,-1.0,-1.0,-1.0
2026/09/10,2535.0,2562.5,2512.0,2539.0,2031400,-1.0,-1.0,-1.0
2026/09/11,2454.0,2478.0,2342.5,2362.5,4523200,-1.0,-1.0,-1.0
2026/09/14,2334.5,2364.0,2302.5,2336.0,3051200,-1.0,-1.0,-1.0
2026/09/15,2315.0,2344.5,2292.0,2315.0,2680000,-1.0,-1.0,-1.0
2026/09/16,2310.0,2350.5,2308.5,2330.5,2215400,-1.0,-1.0,-1.0
2026/09/17,2356.5,2371.5,2310.5,2327.5,3311600,-1.0,-1.0,-1.0
2026/09/18,2344.0,2352.5,2302.0,2329.5,4865800,-1.0,-1.0,-1.0
2026/09/24,2365.0,2477.0,2363.5,2460.5,4180400,-1.0,-1.0,-1.0
2026/09/25,2415.0,2459.0,2394.0,2459.0,2871400,-1.0,-1.0,-1.0
2026/09/28,5017.0,5021.0,4835.0,4843.0,1006100,-1.0,-1.0,-1.0
2026/09/29,2366.0,2391.0,2312.5,2339.5,2201100,-1.0,-1.0,-1.0
2026/09/30,2377.5,2394.0,2340.5,2362.5,3009200,-1.0,-1.0,-1.0
2026/10/01,2347.5,2422.0,2335.0,2417.5,2296900,-1.0,-1.0,-1.0
2026/10/02,2345.0,2401.0,2331.0,2384.5,2958300,-1.0,-1.0,-1.0
