date,open,high,low,close,volume,rs_nikkei,rs_topix,rs
2014/03/26,973.3333333333333,986.6666666666666,960.0,963.3333333333333,2844000,-1.0,-1.0,-1.0
2014/03/27,970.0,996.6666666666666,966.6666666666666,993.3333333333333,2547000,-1.0,-1.0,-1.0
2014/03/28,993.3333333333333,1000.0,980.0,996.6666666666666,2166000,-1.0,-1.0,-1.0
2014/03/31,1000.0,1013.3333333333333,990.0,1003.3333333333333,2763000,-1.0,-1.0,-1.0
2014/04/01,1010.0,1033.3333333333333,1000.0,1033.3333333333333,2406000,-1.0,-1.0,-1.0
2014/04/02,1026.6666666666665,1026.6666666666665,1006.6666666666666,1010.0,1872000,-1.0,-1.0,-1.0
2014/04/03,1013.3333333333333,1030.0,1010.0,1020.0,1371000,-1.0,-1.0,-1.0
2014/04/04,1013.3333333333333,1030.0,1013.3333333333333,1023.3333333333333,837000,-1.0,-1.0,-1.0
2014/04/07,1010.0,1023.3333333333333,1006.6666666666666,1006.6666666666666,801000,-1.0,-1.0,-1.0
2014/04/08,1006.6666666666666,1020.0,1006.6666666666666,1010.0,1035000,-1.0,-1.0,-1.0
2014/04/09,996.6666666666666,1000.0,986.6666666666666,986.6666666666666,789000,-1.0,-1.0,-1.0
2014/04/10,986.6666666666666,1003.3333333333333,980.0,980.0,459000,-1.0,-1.0,-1.0
2014/04/11,970.0,986.6666666666666,960.0,976.6666666666666,663000,-1.0,-1.0,-1.0
2014/04/14,963.3333333333333,986.6666666666666,963.3333333333333,976.6666666666666,396000,-1.0,-1.0,-1.0
2014/04/15,983.3333333333333,983.3333333333333,970.0,976.6666666666666,552000,-1.0,-1.0,-1.0
2014/04/16,983.3333333333333,993.3333333333333,973.3333333333333,990.0,873000,-1.0,-1.0,-1.0
2014/04/17,990.0,1003.3333333333333,990.0,996.6666666666666,540000,-1.0,-1.0,-1.0
2014/04/18,1003.3333333333333,1003.3333333333333,980.0,993.3333333333333,567000,-1.0,-1.0,-1.0
2014/04/21,983.3333333333333,983.3333333333333,966.6666666666666,976.6666666666666,1095000,-1.0,-1.0,-1.0
2014/04/22,983.3333333333333,983.3333333333333,966.6666666666666,976.6666666666666,1023000,-1.0,-1.0,-1.0
2014/04/23,976.6666666666666,990.0,973.3333333333333,986.6666666666666,777000,-1.0,-1.0,-1.0
2014/04/24,863.3333333333333,866.6666666666666,816.6666666666666,823.3333333333333,14718000,-1.0,-1.0,-1.0
2014/04/25,816.6666666666666,863.3333333333333,816.6666666666666,860.0,6966000,-1.0,-1.0,-1.0
2014/04/28,870.0,930.0,870.0,920.0,7695000,-1.0,-1.0,-1.0
2014/04/30,916.6666666666666,930.0,916.6666666666666,930.0,3414000,-1.0,-1.0,-1.0
2014/05/01,936.6666666666666,953.3333333333333,930.0,953.3333333333333,1866000,-1.0,-1.0,-1.0
2014/05/02,930.0,933.3333333333333,893.3333333333333,906.6666666666666,2502000,-1.0,-1.0,-1.0
2014/05/07,896.6666666666666,906.6666666666666,893.3333333333333,903.3333333333333,1317000,-1.0,-1.0,-1.0
2014/05/08,903.3333333333333,923.3333333333333,903.3333333333333,920.0,1041000,-1.0,-1.0,-1.0
2014/05/09,920.0,923.3333333333333,906.6666666666666,906.6666666666666,777000,-1.0,-1.0,-1.0
2014/05/12,920.0,920.0,903.3333333333333,913.3333333333333,906000,-1.0,-1.0,-1.0
2014/05/13,920.0,920.0,900.0,910.0,975000,-1.0,-1.0,-1.0
2014/05/14,900.0,900.0,890.0,896.6666666666666,927000,-1.0,-1.0,-1.0
2014/05/15,896.6666666666666,916.6666666666666,890.0,913.3333333333333,840000,-1.0,-1.0,-1.0
2014/05/16,900.0,903.3333333333333,883.3333333333333,890.0,927000,-1.0,-1.0,-1.0
2014/05/19,896.6666666666666,900.0,876.6666666666666,880.0,867000,-1.0,-1.0,-1.0
2014/05/20,740.0,796.6666666666666,700.0,766.6666666666666,14631000,-1.0,-1.0,-1.0
2014/05/21,750.0,793.3333333333333,746.6666666666666,786.6666666666666,5784000,-1.0,-1.0,-1.0
2014/05/22,793.3333333333333,800.0,766.6666666666666,786.6666666666666,4008000,-1.0,-1.0,-1.0
2014/05/23,776.6666666666666,776.6666666666666,760.0,763.3333333333333,2937000,-1.0,-1.0,-1.0
2014/05/26,753.3333333333333,760.0,750.0,750.0,2094000,-1.0,-1.0,-1.0
2014/05/27,750.0,756.6666666666666,733.3333333333333,740.0,3840000,-1.0,-1.0,-1.0
2014/05/28,740.0,763.3333333333333,740.0,760.0,2898000,-1.0,-1.0,-1.0
2014/05/29,753.3333333333333,756.6666666666666,746.6666666666666,753.3333333333333,1221000,-1.0,-1.0,-1.0
2014/05/30,753.3333333333333,773.3333333333333,750.0,773.3333333333333,2100000,-1.0,-1.0,-1.0
2014/06/02,780.0,780.0,753.3333333333333,760.0,2856000,-1.0,-1.0,-1.0
2014/06/03,760.0,763.3333333333333,746.6666666666666,753.3333333333333,2088000,-1.0,-1.0,-1.0
2014/06/04,753.3333333333333,760.0,746.6666666666666,760.0,1752000,-1.0,-1.0,-1.0
2014/06/05,763.3333333333333,763.3333333333333,746.6666666666666,753.3333333333333,1503000,-1.0,-1.0,-1.0
2014/06/06,756.6666666666666,760.0,750.0,756.6666666666666,978000,-1.0,-1.0,-1.0
2014/06/09,756.6666666666666,760.0,750.0,756.6666666666666,1719000,-1.0,-1.0,-1.0
2014/06/10,756.6666666666666,760.0,750.0,750.0,1422000,-1.0,-1.0,-1.0
2014/06/11,753.3333333333333,760.0,743.3333333333333,750.0,2136000,-1.0,-1.0,-1.0
2014/06/12,750.0,756.6666666666666,743.3333333333333,750.0,1173000,-1.0,-1.0,-1.0
2014/06/13,746.6666666666666,760.0,746.6666666666666,756.6666666666666,1965000,-1.0,-1.0,-1.0
2014/06/16,760.0,763.3333333333333,750.0,753.3333333333333,1863000,-1.0,-1.0,-1.0
2014/06/17,753.3333333333333,760.0,753.3333333333333,756.6666666666666,999000,-1.0,-1.0,-1.0
2014/06/18,760.0,760.0,750.0,756.6666666666666,1299000,-1.0,-1.0,-1.0
2014/06/19,756.6666666666666,760.0,753.3333333333333,756.6666666666666,1491000,-1.0,-1.0,-1.0
2014/06/20,760.0,783.3333333333333,756.6666666666666,756.6666666666666,4401000,-1.0,-1.0,-1.0
2014/06/23,763.3333333333333,776.6666666666666,763.3333333333333,773.3333333333333,1845000,-1.0,-1.0,-1.0
2014/06/24,766.6666666666666,793.3333333333333,766.6666666666666,793.3333333333333,3375000,-1.0,-1.0,-1.0
2014/06/25,796.6666666666666,796.6666666666666,780.0,780.0,2877000,-1.0,-1.0,-1.0
2014/06/26,780.0,783.3333333333333,763.3333333333333,763.3333333333333,1827000,-1.0,-1.0,-1.0
2014/06/27,760.0,763.3333333333333,750.0,756.6666666666666,3285000,-1.0,-1.0,-1.0
2014/06/30,756.6666666666666,773.3333333333333,753.3333333333333,766.6666666666666,2016000,-1.0,-1.0,-1.0
2014/07/01,770.0,770.0,760.0,760.0,867000,-1.0,-1.0,-1.0
2014/07/02,760.0,766.6666666666666,760.0,763.3333333333333,1203000,-1.0,-1.0,-1.0
2014/07/03,766.6666666666666,770.0,756.6666666666666,756.6666666666666,1200000,-1.0,-1.0,-1.0
2014/07/04,760.0,763.3333333333333,760.0,760.0,894000,-1.0,-1.0,-1.0
2014/07/07,760.0,766.6666666666666,760.0,763.3333333333333,879000,-1.0,-1.0,-1.0
2014/07/08,766.6666666666666,780.0,763.3333333333333,773.3333333333333,1908000,-1.0,-1.0,-1.0
2014/07/09,770.0,770.0,766.6666666666666,766.6666666666666,531000,-1.0,-1.0,-1.0
2014/07/10,766.6666666666666,773.3333333333333,760.0,760.0,903000,-1.0,-1.0,-1.0
2014/07/11,756.6666666666666,760.0,756.6666666666666,756.6666666666666,744000,-1.0,-1.0,-1.0
2014/07/14,760.0,763.3333333333333,756.6666666666666,760.0,510000,-1.0,-1.0,-1.0
2014/07/15,760.0,763.3333333333333,760.0,760.0,645000,-1.0,-1.0,-1.0
2014/07/16,756.6666666666666,760.0,750.0,753.3333333333333,1503000,-1.0,-1.0,-1.0
2014/07/17,753.3333333333333,760.0,753.3333333333333,760.0,657000,-1.0,-1.0,-1.0
2014/07/18,756.6666666666666,760.0,753.3333333333333,753.3333333333333,678000,-1.0,-1.0,-1.0
2014/07/22,753.3333333333333,760.0,753.3333333333333,760.0,636000,-1.0,-1.0,-1.0
2014/07/23,756.6666666666666,760.0,753.3333333333333,753.3333333333333,630000,-1.0,-1.0,-1.0
2014/07/24,760.0,760.0,750.0,756.6666666666666,741000,-1.0,-1.0,-1.0
2014/07/25,753.3333333333333,760.0,753.3333333333333,760.0,711000,-1.0,-1.0,-1.0
2014/07/28,760.0,770.0,756.6666666666666,766.6666666666666,1320000,-1.0,-1.0,-1.0
2014/07/29,766.6666666666666,770.0,760.0,766.6666666666666,924000,-1.0,-1.0,-1.0
2014/07/30,766.6666666666666,770.0,760.0,763.3333333333333,1011000,-1.0,-1.0,-1.0
2014/07/31,770.0,843.3333333333333,766.6666666666666,790.0,14073000,-1.0,-1.0,-1.0
2014/08/01,776.6666666666666,803.3333333333333,776.6666666666666,780.0,2601000,-1.0,-1.0,-1.0
2014/08/04,780.0,780.0,756.6666666666666,760.0,2103000,-1.0,-1.0,-1.0
2014/08/05,766.6666666666666,790.0,766.6666666666666,776.6666666666666,1758000,-1.0,-1.0,-1.0
2014/08/06,783.3333333333333,786.6666666666666,773.3333333333333,773.3333333333333,882000,-1.0,-1.0,-1.0
2014/08/07,780.0,780.0,766.6666666666666,773.3333333333333,969000,-1.0,-1.0,-1.0
2014/08/08,766.6666666666666,773.3333333333333,756.6666666666666,760.0,1353000,-1.0,-1.0,-1.0
2014/08/11,770.0,773.3333333333333,766.6666666666666,773.3333333333333,351000,-1.0,-1.0,-1.0
2014/08/12,773.3333333333333,780.0,763.3333333333333,770.0,936000,-1.0,-1.0,-1.0
2014/08/13,766.6666666666666,773.3333333333333,766.6666666666666,766.6666666666666,552000,-1.0,-1.0,-1.0
2014/08/14,766.6666666666666,776.6666666666666,766.6666666666666,770.0,606000,-1.0,-1.0,-1.0
2014/08/15,773.3333333333333,776.6666666666666,766.6666666666666,773.3333333333333,861000,-1.0,-1.0,-1.0
2014/08/18,773.3333333333333,783.3333333333333,770.0,780.0,627000,-1.0,-1.0,-1.0
2014/08/19,783.3333333333333,793.3333333333333,783.3333333333333,786.6666666666666,1218000,-1.0,-1.0,-1.0
2014/08/20,793.3333333333333,803.3333333333333,786.6666666666666,793.3333333333333,1665000,-1.0,-1.0,-1.0
2014/08/21,800.0,806.6666666666666,793.3333333333333,796.6666666666666,765000,-1.0,-1.0,-1.0
2014/08/22,800.0,800.0,786.6666666666666,793.3333333333333,750000,-1.0,-1.0,-1.0
2014/08/25,803.3333333333333,803.3333333333333,793.3333333333333,800.0,534000,-1.0,-1.0,-1.0
2014/08/26,800.0,806.6666666666666,793.3333333333333,800.0,795000,-1.0,-1.0,-1.0
2014/08/27,803.3333333333333,810.0,800.0,806.6666666666666,780000,-1.0,-1.0,-1.0
2014/08/28,813.3333333333333,813.3333333333333,800.0,803.3333333333333,894000,-1.0,-1.0,-1.0
2014/08/29,803.3333333333333,803.3333333333333,793.3333333333333,793.3333333333333,990000,-1.0,-1.0,-1.0
2014/09/01,796.6666666666666,810.0,796.6666666666666,796.6666666666666,945000,-1.0,-1.0,-1.0
2014/09/02,796.6666666666666,800.0,796.6666666666666,800.0,651000,-1.0,-1.0,-1.0
2014/09/03,806.6666666666666,810.0,796.6666666666666,800.0,777000,-1.0,-1.0,-1.0
2014/09/04,800.0,806.6666666666666,800.0,803.3333333333333,846000,-1.0,-1.0,-1.0
2014/09/05,803.3333333333333,806.6666666666666,796.6666666666666,800.0,288000,-1.0,-1.0,-1.0
2014/09/08,806.6666666666666,816.6666666666666,803.3333333333333,816.6666666666666,1389000,-1.0,-1.0,-1.0
2014/09/09,816.6666666666666,833.3333333333333,813.3333333333333,833.3333333333333,2208000,-1.0,-1.0,-1.0
2014/09/10,833.3333333333333,833.3333333333333,820.0,826.6666666666666,1656000,-1.0,-1.0,-1.0
2014/09/11,830.0,833.3333333333333,823.3333333333333,826.6666666666666,816000,-1.0,-1.0,-1.0
2014/09/12,826.6666666666666,830.0,816.6666666666666,820.0,1293000,-1.0,-1.0,-1.0
2014/09/16,820.0,826.6666666666666,810.0,813.3333333333333,1200000,-1.0,-1.0,-1.0
2014/09/17,820.0,820.0,813.3333333333333,813.3333333333333,594000,-1.0,-1.0,-1.0
2014/09/18,813.3333333333333,820.0,813.3333333333333,820.0,609000,-1.0,-1.0,-1.0
2014/09/19,816.6666666666666,826.6666666666666,816.6666666666666,823.3333333333333,930000,-1.0,-1.0,-1.0
2014/09/22,820.0,826.6666666666666,813.3333333333333,820.0,912000,-1.0,-1.0,-1.0
2014/09/24,816.6666666666666,823.3333333333333,813.3333333333333,816.6666666666666,783000,-1.0,-1.0,-1.0
2014/09/25,820.0,823.3333333333333,813.3333333333333,823.3333333333333,903000,-1.0,-1.0,-1.0
2014/09/26,816.6666666666666,820.0,810.0,810.0,1005000,-1.0,-1.0,-1.0
2014/09/29,810.0,816.6666666666666,803.3333333333333,806.6666666666666,1047000,-1.0,-1.0,-1.0
2014/09/30,810.0,813.3333333333333,803.3333333333333,803.3333333333333,1011000,-1.0,-1.0,-1.0
2014/10/01,810.0,810.0,790.0,793.3333333333333,1647000,-1.0,-1.0,-1.0
2014/10/02,786.6666666666666,786.6666666666666,770.0,773.3333333333333,1509000,-1.0,-1.0,-1.0
2014/10/03,770.0,800.0,770.0,790.0,1323000,-1.0,-1.0,-1.0
2014/10/06,796.6666666666666,800.0,790.0,790.0,993000,-1.0,-1.0,-1.0
2014/10/07,800.0,800.0,790.0,793.3333333333333,1008000,-1.0,-1.0,-1.0
2014/10/08,783.3333333333333,790.0,776.6666666666666,786.6666666666666,933000,-1.0,-1.0,-1.0
2014/10/09,786.6666666666666,790.0,776.6666666666666,783.3333333333333,786000,-1.0,-1.0,-1.0
2014/10/10,770.0,780.0,766.6666666666666,770.0,1329000,-1.0,-1.0,-1.0
2014/10/14,766.6666666666666,773.3333333333333,763.3333333333333,763.3333333333333,894000,-1.0,-1.0,-1.0
2014/10/15,773.3333333333333,780.0,766.6666666666666,773.3333333333333,924000,-1.0,-1.0,-1.0
2014/10/16,763.3333333333333,790.0,760.0,773.3333333333333,2061000,-1.0,-1.0,-1.0
2014/10/17,773.3333333333333,783.3333333333333,766.6666666666666,773.3333333333333,1221000,-1.0,-1.0,-1.0
2014/10/20,793.3333333333333,803.3333333333333,786.6666666666666,786.6666666666666,1194000,-1.0,-1.0,-1.0
2014/10/21,786.6666666666666,800.0,783.3333333333333,786.6666666666666,1458000,-1.0,-1.0,-1.0
2014/10/22,803.3333333333333,840.0,796.6666666666666,813.3333333333333,7218000,-1.0,-1.0,-1.0
2014/10/23,806.6666666666666,830.0,800.0,820.0,1749000,-1.0,-1.0,-1.0
2014/10/24,826.6666666666666,830.0,820.0,830.0,921000,-1.0,-1.0,-1.0
2014/10/27,823.3333333333333,850.0,816.6666666666666,836.6666666666666,1803000,-1.0,-1.0,-1.0
2014/10/28,843.3333333333333,866.6666666666666,843.3333333333333,860.0,2541000,-1.0,-1.0,-1.0
2014/10/29,870.0,900.0,863.3333333333333,900.0,3054000,-1.0,-1.0,-1.0
2014/10/30,890.0,903.3333333333333,883.3333333333333,900.0,2892000,-1.0,-1.0,-1.0
2014/10/31,900.0,910.0,893.3333333333333,903.3333333333333,3657000,-1.0,-1.0,-1.0
2014/11/04,916.6666666666666,926.6666666666666,900.0,923.3333333333333,3957000,-1.0,-1.0,-1.0
2014/11/05,923.3333333333333,956.6666666666666,920.0,956.6666666666666,4080000,-1.0,-1.0,-1.0
2014/11/06,966.6666666666666,990.0,960.0,963.3333333333333,4275000,-1.0,-1.0,-1.0
2014/11/07,960.0,980.0,960.0,973.3333333333333,1851000,-1.0,-1.0,-1.0
2014/11/10,973.3333333333333,980.0,970.0,976.6666666666666,930000,-1.0,-1.0,-1.0
2014/11/11,980.0,980.0,960.0,976.6666666666666,1812000,-1.0,-1.0,-1.0
2014/11/12,980.0,1000.0,976.6666666666666,996.6666666666666,3111000,-1.0,-1.0,-1.0
2014/11/13,996.6666666666666,1013.3333333333333,990.0,1010.0,3456000,-1.0,-1.0,-1.0
2014/11/14,1016.6666666666666,1016.6666666666666,983.3333333333333,996.6666666666666,2304000,-1.0,-1.0,-1.0
2014/11/17,990.0,990.0,970.0,983.3333333333333,2733000,-1.0,-1.0,-1.0
2014/11/18,990.0,1006.6666666666666,980.0,1003.3333333333333,2631000,-1.0,-1.0,-1.0
2014/11/19,1003.3333333333333,1010.0,990.0,1000.0,2151000,-1.0,-1.0,-1.0
2014/11/20,1000.0,1026.6666666666665,1000.0,1023.3333333333333,2340000,-1.0,-1.0,-1.0
2014/11/21,1026.6666666666665,1050.0,1020.0,1050.0,3072000,-1.0,-1.0,-1.0
2014/11/25,1066.6666666666665,1066.6666666666665,1036.6666666666665,1043.3333333333333,2685000,-1.0,-1.0,-1.0
2014/11/26,1043.3333333333333,1056.6666666666665,1040.0,1046.6666666666665,1647000,-1.0,-1.0,-1.0
2014/11/27,1043.3333333333333,1050.0,1036.6666666666665,1043.3333333333333,1599000,-1.0,-1.0,-1.0
2014/11/28,1040.0,1056.6666666666665,1040.0,1046.6666666666665,1368000,-1.0,-1.0,-1.0
2014/12/01,1046.6666666666665,1050.0,1040.0,1046.6666666666665,906000,-1.0,-1.0,-1.0
2014/12/02,1033.3333333333333,1040.0,1013.3333333333333,1026.6666666666665,1770000,-1.0,-1.0,-1.0
2014/12/03,1026.6666666666665,1046.6666666666665,1026.6666666666665,1036.6666666666665,1434000,-1.0,-1.0,-1.0
2014/12/04,1043.3333333333333,1056.6666666666665,1040.0,1043.3333333333333,1227000,-1.0,-1.0,-1.0
2014/12/05,1040.0,1056.6666666666665,1036.6666666666665,1056.6666666666665,1605000,-1.0,-1.0,-1.0
2014/12/08,1060.0,1066.6666666666665,1056.6666666666665,1066.6666666666665,1656000,-1.0,-1.0,-1.0
2014/12/09,1060.0,1063.3333333333333,1043.3333333333333,1050.0,1344000,-1.0,-1.0,-1.0
2014/12/10,1036.6666666666665,1043.3333333333333,1033.3333333333333,1040.0,1074000,-1.0,-1.0,-1.0
2014/12/11,1030.0,1046.6666666666665,1020.0,1036.6666666666665,1161000,-1.0,-1.0,-1.0
2014/12/12,1036.6666666666665,1040.0,1026.6666666666665,1026.6666666666665,1101000,-1.0,-1.0,-1.0
2014/12/15,1030.0,1036.6666666666665,1020.0,1023.3333333333333,1110000,-1.0,-1.0,-1.0
2014/12/16,1016.6666666666666,1020.0,1003.3333333333333,1003.3333333333333,1389000,-1.0,-1.0,-1.0
2014/12/17,1000.0,1016.6666666666666,1000.0,1010.0,966000,-1.0,-1.0,-1.0
2014/12/18,1020.0,1023.3333333333333,1003.3333333333333,1006.6666666666666,1161000,-1.0,-1.0,-1.0
2014/12/19,1013.3333333333333,1020.0,1000.0,1020.0,1476000,-1.0,-1.0,-1.0
2014/12/22,1016.6666666666666,1016.6666666666666,1006.6666666666666,1013.3333333333333,1089000,-1.0,-1.0,-1.0
2014/12/24,1016.6666666666666,1036.6666666666665,1016.6666666666666,1023.3333333333333,1710000,-1.0,-1.0,-1.0
2014/12/25,1016.6666666666666,1020.0,1000.0,1006.6666666666666,2163000,-1.0,-1.0,-1.0
2014/12/26,986.6666666666666,986.6666666666666,960.0,973.3333333333333,1983000,-1.0,-1.0,-1.0
2014/12/29,970.0,996.6666666666666,970.0,993.3333333333333,1548000,-1.0,-1.0,-1.0
2014/12/30,990.0,993.3333333333333,973.3333333333333,976.6666666666666,927000,-1.0,-1.0,-1.0
2015/01/05,950.0,973.3333333333333,950.0,960.0,1653000,-1.0,-1.0,-1.0
2015/01/06,943.3333333333333,950.0,930.0,933.3333333333333,1569000,-1.0,-1.0,-1.0
2015/01/07,933.3333333333333,950.0,926.6666666666666,940.0,1533000,-1.0,-1.0,-1.0
2015/01/08,940.0,973.3333333333333,940.0,970.0,1284000,-1.0,-1.0,-1.0
2015/01/09,973.3333333333333,980.0,963.3333333333333,970.0,1446000,-1.0,-1.0,-1.0
2015/01/13,960.0,973.3333333333333,953.3333333333333,973.3333333333333,1419000,-1.0,-1.0,-1.0
2015/01/14,963.3333333333333,970.0,943.3333333333333,943.3333333333333,999000,-1.0,-1.0,-1.0
2015/01/15,950.0,970.0,946.6666666666666,970.0,651000,-1.0,-1.0,-1.0
2015/01/16,960.0,960.0,933.3333333333333,943.3333333333333,948000,-1.0,-1.0,-1.0
2015/01/19,953.3333333333333,956.6666666666666,943.3333333333333,946.6666666666666,450000,-1.0,-1.0,-1.0
2015/01/20,940.0,946.6666666666666,936.6666666666666,946.6666666666666,699000,-1.0,-1.0,-1.0
2015/01/21,943.3333333333333,943.3333333333333,930.0,940.0,858000,-1.0,-1.0,-1.0
2015/01/22,940.0,940.0,913.3333333333333,926.6666666666666,1077000,-1.0,-1.0,-1.0
2015/01/23,933.3333333333333,933.3333333333333,920.0,926.6666666666666,540000,-1.0,-1.0,-1.0
2015/01/26,920.0,920.0,910.0,916.6666666666666,699000,-1.0,-1.0,-1.0
2015/01/27,923.3333333333333,926.6666666666666,910.0,923.3333333333333,906000,-1.0,-1.0,-1.0
2015/01/28,923.3333333333333,930.0,920.0,930.0,495000,-1.0,-1.0,-1.0
2015/01/29,916.6666666666666,926.6666666666666,910.0,910.0,843000,-1.0,-1.0,-1.0
2015/01/30,916.6666666666666,930.0,910.0,930.0,831000,-1.0,-1.0,-1.0
2015/02/02,916.6666666666666,936.6666666666666,910.0,936.6666666666666,765000,-1.0,-1.0,-1.0
2015/02/03,940.0,943.3333333333333,920.0,933.3333333333333,999000,-1.0,-1.0,-1.0
2015/02/04,933.3333333333333,953.3333333333333,926.6666666666666,946.6666666666666,1299000,-1.0,-1.0,-1.0
2015/02/05,950.0,956.6666666666666,923.3333333333333,930.0,1245000,-1.0,-1.0,-1.0
2015/02/06,936.6666666666666,943.3333333333333,923.3333333333333,923.3333333333333,456000,-1.0,-1.0,-1.0
2015/02/09,933.3333333333333,933.3333333333333,920.0,923.3333333333333,615000,-1.0,-1.0,-1.0
2015/02/10,920.0,933.3333333333333,916.6666666666666,926.6666666666666,654000,-1.0,-1.0,-1.0
2015/02/12,933.3333333333333,940.0,930.0,930.0,1152000,-1.0,-1.0,-1.0
2015/02/13,930.0,960.0,926.6666666666666,933.3333333333333,2373000,-1.0,-1.0,-1.0
2015/02/16,930.0,1000.0,930.0,993.3333333333333,4131000,-1.0,-1.0,-1.0
2015/02/17,996.6666666666666,1043.3333333333333,980.0,1020.0,4491000,-1.0,-1.0,-1.0
2015/02/18,1023.3333333333333,1023.3333333333333,1003.3333333333333,1020.0,2439000,-1.0,-1.0,-1.0
2015/02/19,1010.0,1020.0,1006.6666666666666,1020.0,1086000,-1.0,-1.0,-1.0
2015/02/20,1020.0,1033.3333333333333,1010.0,1026.6666666666665,1563000,-1.0,-1.0,-1.0
2015/02/23,1023.3333333333333,1026.6666666666665,1016.6666666666666,1016.6666666666666,1239000,-1.0,-1.0,-1.0
2015/02/24,1016.6666666666666,1020.0,993.3333333333333,996.6666666666666,1521000,-1.0,-1.0,-1.0
2015/02/25,993.3333333333333,1003.3333333333333,950.0,966.6666666666666,3006000,-1.0,-1.0,-1.0
2015/02/26,956.6666666666666,970.0,953.3333333333333,963.3333333333333,3378000,-1.0,-1.0,-1.0
2015/02/27,970.0,1000.0,966.6666666666666,990.0,1611000,-1.0,-1.0,-1.0
2015/03/02,986.6666666666666,1010.0,973.3333333333333,983.3333333333333,2676000,-1.0,-1.0,-1.0
2015/03/03,983.3333333333333,1026.6666666666665,956.6666666666666,1020.0,3297000,-1.0,-1.0,-1.0
2015/03/04,1016.6666666666666,1020.0,986.6666666666666,996.6666666666666,2427000,-1.0,-1.0,-1.0
2015/03/05,1013.3333333333333,1020.0,1003.3333333333333,1010.0,897000,-1.0,-1.0,-1.0
2015/03/06,1016.6666666666666,1036.6666666666665,1016.6666666666666,1026.6666666666665,2613000,-1.0,-1.0,-1.0
2015/03/09,1013.3333333333333,1030.0,1010.0,1016.6666666666666,849000,-1.0,-1.0,-1.0
2015/03/10,1016.6666666666666,1023.3333333333333,1003.3333333333333,1016.6666666666666,795000,-1.0,-1.0,-1.0
2015/03/11,1016.6666666666666,1020.0,1000.0,1020.0,1314000,-1.0,-1.0,-1.0
2015/03/12,1026.6666666666665,1046.6666666666665,1023.3333333333333,1040.0,2433000,-1.0,-1.0,-1.0
2015/03/13,1050.0,1050.0,1033.3333333333333,1050.0,2076000,-1.0,-1.0,-1.0
2015/03/16,1040.0,1043.3333333333333,1030.0,1036.6666666666665,822000,-1.0,-1.0,-1.0
2015/03/17,1036.6666666666665,1050.0,1033.3333333333333,1046.6666666666665,933000,-1.0,-1.0,-1.0
2015/03/18,1040.0,1083.3333333333333,1036.6666666666665,1083.3333333333333,3405000,-1.0,-1.0,-1.0
2015/03/19,1083.3333333333333,1100.0,1063.3333333333333,1066.6666666666665,1827000,-1.0,-1.0,-1.0
2015/03/20,1066.6666666666665,1070.0,1046.6666666666665,1066.6666666666665,1419000,-1.0,-1.0,-1.0
2015/03/23,1063.3333333333333,1110.0,1063.3333333333333,1096.6666666666665,2649000,-1.0,-1.0,-1.0
2015/03/24,1086.6666666666665,1093.3333333333333,1066.6666666666665,1066.6666666666665,1287000,-1.0,-1.0,-1.0
2015/03/25,1056.6666666666665,1060.0,1030.0,1040.0,1737000,-1.0,-1.0,-1.0
2015/03/26,1046.6666666666665,1050.0,1026.6666666666665,1046.6666666666665,1611000,-1.0,-1.0,-1.0
2015/03/27,1043.3333333333333,1046.6666666666665,1023.3333333333333,1023.3333333333333,1017000,-1.0,-1.0,-1.0
2015/03/30,1026.6666666666665,1050.0,1023.3333333333333,1050.0,885000,-1.0,-1.0,-1.0
2015/03/31,1050.0,1050.0,1030.0,1030.0,798000,-1.0,-1.0,-1.0
2015/04/01,1016.6666666666666,1026.6666666666665,1006.6666666666666,1006.6666666666666,1425000,-1.0,-1.0,-1.0
2015/04/02,1016.6666666666666,1036.6666666666665,1016.6666666666666,1030.0,897000,-1.0,-1.0,-1.0
2015/04/03,1026.6666666666665,1036.6666666666665,1016.6666666666666,1036.6666666666665,492000,-1.0,-1.0,-1.0
2015/04/06,1026.6666666666665,1046.6666666666665,1026.6666666666665,1040.0,576000,-1.0,-1.0,-1.0
2015/04/07,1036.6666666666665,1043.3333333333333,1026.6666666666665,1030.0,399000,-1.0,-1.0,-1.0
2015/04/08,1036.6666666666665,1040.0,1026.6666666666665,1036.6666666666665,555000,-1.0,-1.0,-1.0
2015/04/09,1030.0,1030.0,1000.0,1000.0,960000,-1.0,-1.0,-1.0
2015/04/10,1003.3333333333333,1013.3333333333333,996.6666666666666,1010.0,1047000,-1.0,-1.0,-1.0
2015/04/13,1010.0,1013.3333333333333,993.3333333333333,1006.6666666666666,861000,-1.0,-1.0,-1.0
2015/04/14,1006.6666666666666,1010.0,1000.0,1010.0,192000,-1.0,-1.0,-1.0
2015/04/15,1003.3333333333333,1010.0,1000.0,1006.6666666666666,285000,-1.0,-1.0,-1.0
2015/04/16,1003.3333333333333,1010.0,1000.0,1010.0,405000,-1.0,-1.0,-1.0
2015/04/17,1003.3333333333333,1006.6666666666666,1000.0,1000.0,690000,-1.0,-1.0,-1.0
2015/04/20,986.6666666666666,993.3333333333333,973.3333333333333,976.6666666666666,915000,-1.0,-1.0,-1.0
2015/04/21,983.3333333333333,993.3333333333333,973.3333333333333,993.3333333333333,1719000,-1.0,-1.0,-1.0
2015/04/22,996.6666666666666,1020.0,990.0,1013.3333333333333,948000,-1.0,-1.0,-1.0
2015/04/23,1013.3333333333333,1013.3333333333333,996.6666666666666,1003.3333333333333,414000,-1.0,-1.0,-1.0
2015/04/24,1010.0,1030.0,996.6666666666666,1000.0,1374000,-1.0,-1.0,-1.0
2015/04/27,1006.6666666666666,1013.3333333333333,996.6666666666666,1013.3333333333333,375000,-1.0,-1.0,-1.0
2015/04/28,1010.0,1020.0,1003.3333333333333,1016.6666666666666,852000,-1.0,-1.0,-1.0
2015/04/30,1016.6666666666666,1083.3333333333333,1003.3333333333333,1040.0,3669000,-1.0,-1.0,-1.0
2015/05/01,1016.6666666666666,1036.6666666666665,1013.3333333333333,1020.0,1173000,-1.0,-1.0,-1.0
2015/05/07,1033.3333333333333,1050.0,1026.6666666666665,1033.3333333333333,1389000,-1.0,-1.0,-1.0
2015/05/08,1033.3333333333333,1033.3333333333333,1000.0,1003.3333333333333,897000,-1.0,-1.0,-1.0
2015/05/11,1016.6666666666666,1026.6666666666665,1013.3333333333333,1016.6666666666666,450000,-1.0,-1.0,-1.0
2015/05/12,1016.6666666666666,1020.0,1006.6666666666666,1016.6666666666666,513000,-1.0,-1.0,-1.0
2015/05/13,1026.6666666666665,1043.3333333333333,1023.3333333333333,1043.3333333333333,861000,-1.0,-1.0,-1.0
2015/05/14,1043.3333333333333,1046.6666666666665,1026.6666666666665,1030.0,849000,-1.0,-1.0,-1.0
2015/05/15,1030.0,1046.6666666666665,1023.3333333333333,1033.3333333333333,615000,-1.0,-1.0,-1.0
2015/05/18,1043.3333333333333,1043.3333333333333,1010.0,1013.3333333333333,762000,-1.0,-1.0,-1.0
2015/05/19,1023.3333333333333,1030.0,1010.0,1010.0,1203000,-1.0,-1.0,-1.0
2015/05/20,1023.3333333333333,1033.3333333333333,1010.0,1033.3333333333333,1848000,-1.0,-1.0,-1.0
2015/05/21,1036.6666666666665,1073.3333333333333,1033.3333333333333,1073.3333333333333,2460000,-1.0,-1.0,-1.0
2015/05/22,1070.0,1296.6666666666665,1056.6666666666665,1193.3333333333333,54192000,-1.0,-1.0,-1.0
2015/05/25,1173.3333333333333,1183.3333333333333,1120.0,1126.6666666666665,15450000,-1.0,-1.0,-1.0
2015/05/26,1116.6666666666665,1136.6666666666665,1103.3333333333333,1126.6666666666665,3618000,-1.0,-1.0,-1.0
2015/05/27,1113.3333333333333,1160.0,1106.6666666666665,1160.0,5607000,-1.0,-1.0,-1.0
2015/05/28,1153.3333333333333,1153.3333333333333,1133.3333333333333,1150.0,2385000,-1.0,-1.0,-1.0
2015/05/29,1150.0,1160.0,1140.0,1160.0,2508000,-1.0,-1.0,-1.0
2015/06/01,1143.3333333333333,1156.6666666666665,1140.0,1150.0,2610000,-1.0,-1.0,-1.0
2015/06/02,1150.0,1183.3333333333333,1146.6666666666665,1166.6666666666665,2715000,-1.0,-1.0,-1.0
2015/06/03,1163.3333333333333,1173.3333333333333,1146.6666666666665,1160.0,2766000,-1.0,-1.0,-1.0
2015/06/04,1163.3333333333333,1176.6666666666665,1153.3333333333333,1163.3333333333333,1263000,-1.0,-1.0,-1.0
2015/06/05,1160.0,1166.6666666666665,1146.6666666666665,1153.3333333333333,1059000,-1.0,-1.0,-1.0
2015/06/08,1153.3333333333333,1163.3333333333333,1150.0,1156.6666666666665,1332000,-1.0,-1.0,-1.0
2015/06/09,1156.6666666666665,1170.0,1150.0,1153.3333333333333,2199000,-1.0,-1.0,-1.0
2015/06/10,1150.0,1163.3333333333333,1136.6666666666665,1156.6666666666665,2478000,-1.0,-1.0,-1.0
2015/06/11,1153.3333333333333,1160.0,1130.0,1143.3333333333333,1848000,-1.0,-1.0,-1.0
2015/06/12,1136.6666666666665,1150.0,1133.3333333333333,1140.0,1758000,-1.0,-1.0,-1.0
2015/06/15,1140.0,1140.0,1126.6666666666665,1136.6666666666665,846000,-1.0,-1.0,-1.0
2015/06/16,1126.6666666666665,1136.6666666666665,1126.6666666666665,1126.6666666666665,837000,-1.0,-1.0,-1.0
2015/06/17,1126.6666666666665,1146.6666666666665,1123.3333333333333,1140.0,1446000,-1.0,-1.0,-1.0
2015/06/18,1140.0,1146.6666666666665,1130.0,1133.3333333333333,1044000,-1.0,-1.0,-1.0
2015/06/19,1133.3333333333333,1150.0,1133.3333333333333,1143.3333333333333,1677000,-1.0,-1.0,-1.0
2015/06/22,1140.0,1143.3333333333333,1116.6666666666665,1133.3333333333333,1542000,-1.0,-1.0,-1.0
2015/06/23,1136.6666666666665,1146.6666666666665,1126.6666666666665,1146.6666666666665,1212000,-1.0,-1.0,-1.0
2015/06/24,1143.3333333333333,1150.0,1126.6666666666665,1133.3333333333333,1839000,-1.0,-1.0,-1.0
2015/06/25,1133.3333333333333,1143.3333333333333,1133.3333333333333,1133.3333333333333,1800000,-1.0,-1.0,-1.0
2015/06/26,1133.3333333333333,1136.6666666666665,1123.3333333333333,1133.3333333333333,1041000,-1.0,-1.0,-1.0
2015/06/29,1106.6666666666665,1113.3333333333333,1103.3333333333333,1106.6666666666665,1155000,-1.0,-1.0,-1.0
2015/06/30,1116.6666666666665,1130.0,1113.3333333333333,1123.3333333333333,1296000,-1.0,-1.0,-1.0
2015/07/01,1123.3333333333333,1146.6666666666665,1116.6666666666665,1136.6666666666665,1368000,-1.0,-1.0,-1.0
2015/07/02,1143.3333333333333,1153.3333333333333,1140.0,1150.0,1359000,-1.0,-1.0,-1.0
2015/07/03,1153.3333333333333,1153.3333333333333,1143.3333333333333,1146.6666666666665,975000,-1.0,-1.0,-1.0
2015/07/06,1133.3333333333333,1143.3333333333333,1126.6666666666665,1130.0,1500000,-1.0,-1.0,-1.0
2015/07/07,1143.3333333333333,1146.6666666666665,1130.0,1133.3333333333333,732000,-1.0,-1.0,-1.0
2015/07/08,1133.3333333333333,1133.3333333333333,1090.0,1090.0,2028000,-1.0,-1.0,-1.0
2015/07/09,1070.0,1083.3333333333333,1036.6666666666665,1080.0,1425000,-1.0,-1.0,-1.0
2015/07/10,1073.3333333333333,1090.0,1073.3333333333333,1083.3333333333333,1146000,-1.0,-1.0,-1.0
2015/07/13,1103.3333333333333,1123.3333333333333,1090.0,1110.0,957000,-1.0,-1.0,-1.0
2015/07/14,1120.0,1133.3333333333333,1120.0,1130.0,1119000,-1.0,-1.0,-1.0
2015/07/15,1136.6666666666665,1156.6666666666665,1136.6666666666665,1153.3333333333333,1032000,-1.0,-1.0,-1.0
2015/07/16,1163.3333333333333,1196.6666666666665,1153.3333333333333,1193.3333333333333,1542000,-1.0,-1.0,-1.0
2015/07/17,1186.6666666666665,1193.3333333333333,1173.3333333333333,1183.3333333333333,675000,-1.0,-1.0,-1.0
2015/07/21,1183.3333333333333,1216.6666666666665,1183.3333333333333,1213.3333333333333,1470000,-1.0,-1.0,-1.0
2015/07/22,1203.3333333333333,1233.3333333333333,1200.0,1206.6666666666665,2505000,-1.0,-1.0,-1.0
2015/07/23,1213.3333333333333,1233.3333333333333,1203.3333333333333,1230.0,1047000,-1.0,-1.0,-1.0
2015/07/24,1223.3333333333333,1233.3333333333333,1216.6666666666665,1223.3333333333333,645000,-1.0,-1.0,-1.0
2015/07/27,1220.0,1223.3333333333333,1170.0,1190.0,1419000,-1.0,-1.0,-1.0
2015/07/28,1176.6666666666665,1176.6666666666665,1156.6666666666665,1166.6666666666665,831000,-1.0,-1.0,-1.0
2015/07/29,1190.0,1190.0,1173.3333333333333,1176.6666666666665,711000,-1.0,-1.0,-1.0
2015/07/30,1176.6666666666665,1176.6666666666665,1156.6666666666665,1173.3333333333333,1728000,-1.0,-1.0,-1.0
2015/07/31,1156.6666666666665,1263.3333333333333,1126.6666666666665,1133.3333333333333,5118000,-1.0,-1.0,-1.0
2015/08/03,1136.6666666666665,1210.0,1136.6666666666665,1183.3333333333333,3627000,-1.0,-1.0,-1.0
2015/08/04,1160.0,1246.6666666666665,1146.6666666666665,1213.3333333333333,4725000,-1.0,-1.0,-1.0
2015/08/05,1200.0,1256.6666666666665,1200.0,1253.3333333333333,3831000,-1.0,-1.0,-1.0
2015/08/06,1263.3333333333333,1340.0,1263.3333333333333,1290.0,7287000,-1.0,-1.0,-1.0
2015/08/07,1276.6666666666665,1293.3333333333333,1270.0,1286.6666666666665,2046000,-1.0,-1.0,-1.0
2015/08/10,1330.0,1433.3333333333333,1313.3333333333333,1410.0,6264000,-1.0,-1.0,-1.0
2015/08/11,1400.0,1423.3333333333333,1370.0,1386.6666666666665,3999000,-1.0,-1.0,-1.0
2015/08/12,1373.3333333333333,1383.3333333333333,1343.3333333333333,1360.0,3195000,-1.0,-1.0,-1.0
2015/08/13,1366.6666666666665,1406.6666666666665,1346.6666666666665,1400.0,2406000,-1.0,-1.0,-1.0
2015/08/14,1410.0,1486.6666666666665,1390.0,1476.6666666666665,3573000,-1.0,-1.0,-1.0
2015/08/17,1480.0,1523.3333333333333,1433.3333333333333,1450.0,2655000,-1.0,-1.0,-1.0
2015/08/18,1440.0,1460.0,1406.6666666666665,1443.3333333333333,1716000,-1.0,-1.0,-1.0
2015/08/19,1436.6666666666665,1480.0,1426.6666666666665,1440.0,2271000,-1.0,-1.0,-1.0
2015/08/20,1440.0,1453.3333333333333,1413.3333333333333,1420.0,1512000,-1.0,-1.0,-1.0
2015/08/21,1383.3333333333333,1403.3333333333333,1373.3333333333333,1390.0,1653000,-1.0,-1.0,-1.0
2015/08/24,1356.6666666666665,1390.0,1326.6666666666665,1326.6666666666665,2592000,-1.0,-1.0,-1.0
2015/08/25,1276.6666666666665,1340.0,1256.6666666666665,1293.3333333333333,3042000,-1.0,-1.0,-1.0
2015/08/26,1306.6666666666665,1333.3333333333333,1293.3333333333333,1326.6666666666665,1527000,-1.0,-1.0,-1.0
2015/08/27,1363.3333333333333,1386.6666666666665,1340.0,1343.3333333333333,1284000,-1.0,-1.0,-1.0
2015/08/28,1370.0,1376.6666666666665,1336.6666666666665,1353.3333333333333,1071000,-1.0,-1.0,-1.0
2015/08/31,1380.0,1383.3333333333333,1356.6666666666665,1376.6666666666665,1149000,-1.0,-1.0,-1.0
2015/09/01,1356.6666666666665,1356.6666666666665,1283.3333333333333,1286.6666666666665,1788000,-1.0,-1.0,-1.0
2015/09/02,1270.0,1293.3333333333333,1240.0,1243.3333333333333,2415000,-1.0,-1.0,-1.0
2015/09/03,1253.3333333333333,1306.6666666666665,1246.6666666666665,1253.3333333333333,2826000,-1.0,-1.0,-1.0
2015/09/04,1273.3333333333333,1280.0,1240.0,1256.6666666666665,2493000,-1.0,-1.0,-1.0
2015/09/07,1250.0,1263.3333333333333,1213.3333333333333,1230.0,2238000,-1.0,-1.0,-1.0
2015/09/08,1220.0,1223.3333333333333,1173.3333333333333,1180.0,1788000,-1.0,-1.0,-1.0
2015/09/09,1226.6666666666665,1280.0,1226.6666666666665,1273.3333333333333,2016000,-1.0,-1.0,-1.0
2015/09/10,1236.6666666666665,1246.6666666666665,1210.0,1243.3333333333333,1269000,-1.0,-1.0,-1.0
2015/09/11,1216.6666666666665,1253.3333333333333,1213.3333333333333,1223.3333333333333,1812000,-1.0,-1.0,-1.0
2015/09/14,1226.6666666666665,1240.0,1183.3333333333333,1193.3333333333333,1857000,-1.0,-1.0,-1.0
2015/09/15,1210.0,1213.3333333333333,1190.0,1200.0,924000,-1.0,-1.0,-1.0
2015/09/16,1203.3333333333333,1210.0,1170.0,1183.3333333333333,1125000,-1.0,-1.0,-1.0
2015/09/17,1193.3333333333333,1246.6666666666665,1193.3333333333333,1220.0,2163000,-1.0,-1.0,-1.0
2015/09/18,1223.3333333333333,1230.0,1196.6666666666665,1203.3333333333333,1125000,-1.0,-1.0,-1.0
2015/09/24,1176.6666666666665,1213.3333333333333,1176.6666666666665,1180.0,1287000,-1.0,-1.0,-1.0
2015/09/25,1173.3333333333333,1193.3333333333333,1170.0,1193.3333333333333,1359000,-1.0,-1.0,-1.0
2015/09/28,1193.3333333333333,1243.3333333333333,1193.3333333333333,1230.0,1776000,-1.0,-1.0,-1.0
2015/09/29,1213.3333333333333,1216.6666666666665,1170.0,1173.3333333333333,1923000,-1.0,-1.0,-1.0
2015/09/30,1176.6666666666665,1210.0,1170.0,1200.0,1005000,-1.0,-1.0,-1.0
2015/10/01,1200.0,1213.3333333333333,1183.3333333333333,1196.6666666666665,1839000,-1.0,-1.0,-1.0
2015/10/02,1180.0,1236.6666666666665,1180.0,1226.6666666666665,2019000,-1.0,-1.0,-1.0
2015/10/05,1240.0,1273.3333333333333,1233.3333333333333,1270.0,2319000,-1.0,-1.0,-1.0
2015/10/06,1273.3333333333333,1273.3333333333333,1210.0,1220.0,2148000,-1.0,-1.0,-1.0
2015/10/07,1220.0,1220.0,1183.3333333333333,1186.6666666666665,2415000,-1.0,-1.0,-1.0
2015/10/08,1186.6666666666665,1193.3333333333333,1176.6666666666665,1180.0,1287000,-1.0,-1.0,-1.0
2015/10/09,1176.6666666666665,1193.3333333333333,1170.0,1193.3333333333333,741000,-1.0,-1.0,-1.0
2015/10/13,1180.0,1243.3333333333333,1180.0,1216.6666666666665,2211000,-1.0,-1.0,-1.0
2015/10/14,1193.3333333333333,1220.0,1190.0,1196.6666666666665,1614000,-1.0,-1.0,-1.0
2015/10/15,1183.3333333333333,1200.0,1183.3333333333333,1190.0,618000,-1.0,-1.0,-1.0
2015/10/16,1196.6666666666665,1206.6666666666665,1170.0,1173.3333333333333,1044000,-1.0,-1.0,-1.0
2015/10/19,1176.6666666666665,1196.6666666666665,1170.0,1170.0,777000,-1.0,-1.0,-1.0
2015/10/20,1176.6666666666665,1180.0,1170.0,1180.0,666000,-1.0,-1.0,-1.0
2015/10/21,1180.0,1216.6666666666665,1170.0,1216.6666666666665,1515000,-1.0,-1.0,-1.0
2015/10/22,1213.3333333333333,1223.3333333333333,1193.3333333333333,1203.3333333333333,615000,-1.0,-1.0,-1.0
2015/10/23,1223.3333333333333,1226.6666666666665,1206.6666666666665,1216.6666666666665,849000,-1.0,-1.0,-1.0
2015/10/26,1230.0,1230.0,1203.3333333333333,1206.6666666666665,744000,-1.0,-1.0,-1.0
2015/10/27,1216.6666666666665,1220.0,1196.6666666666665,1206.6666666666665,657000,-1.0,-1.0,-1.0
2015/10/28,1213.3333333333333,1216.6666666666665,1193.3333333333333,1200.0,702000,-1.0,-1.0,-1.0
2015/10/29,1203.3333333333333,1206.6666666666665,1176.6666666666665,1183.3333333333333,1158000,-1.0,-1.0,-1.0
2015/10/30,1200.0,1203.3333333333333,1146.6666666666665,1180.0,2790000,-1.0,-1.0,-1.0
2015/11/02,1156.6666666666665,1163.3333333333333,1096.6666666666665,1096.6666666666665,3459000,-1.0,-1.0,-1.0
2015/11/04,1116.6666666666665,1116.6666666666665,1036.6666666666665,1036.6666666666665,3780000,-1.0,-1.0,-1.0
2015/11/05,1060.0,1076.6666666666665,1043.3333333333333,1046.6666666666665,2169000,-1.0,-1.0,-1.0
2015/11/06,1050.0,1063.3333333333333,1040.0,1063.3333333333333,939000,-1.0,-1.0,-1.0
2015/11/09,1066.6666666666665,1066.6666666666665,1056.6666666666665,1066.6666666666665,1506000,-1.0,-1.0,-1.0
2015/11/10,1060.0,1060.0,1020.0,1030.0,2544000,-1.0,-1.0,-1.0
2015/11/11,1030.0,1040.0,1013.3333333333333,1040.0,2298000,-1.0,-1.0,-1.0
2015/11/12,1030.0,1030.0,1013.3333333333333,1023.3333333333333,1116000,-1.0,-1.0,-1.0
2015/11/13,1020.0,1023.3333333333333,1003.3333333333333,1023.3333333333333,1326000,-1.0,-1.0,-1.0
2015/11/16,1000.0,1033.3333333333333,1000.0,1030.0,1122000,-1.0,-1.0,-1.0
2015/11/17,1030.0,1040.0,1026.6666666666665,1030.0,864000,-1.0,-1.0,-1.0
2015/11/18,1036.6666666666665,1043.3333333333333,1030.0,1036.6666666666665,774000,-1.0,-1.0,-1.0
2015/11/19,1043.3333333333333,1043.3333333333333,1033.3333333333333,1043.3333333333333,690000,-1.0,-1.0,-1.0
2015/11/20,1040.0,1046.6666666666665,1036.6666666666665,1046.6666666666665,1035000,-1.0,-1.0,-1.0
2015/11/24,1046.6666666666665,1056.6666666666665,1046.6666666666665,1053.3333333333333,1152000,-1.0,-1.0,-1.0
2015/11/25,1053.3333333333333,1060.0,1050.0,1050.0,636000,-1.0,-1.0,-1.0
2015/11/26,1046.6666666666665,1056.6666666666665,1040.0,1043.3333333333333,1446000,-1.0,-1.0,-1.0
2015/11/27,1043.3333333333333,1043.3333333333333,1020.0,1023.3333333333333,1257000,-1.0,-1.0,-1.0
2015/11/30,1026.6666666666665,1030.0,1016.6666666666666,1026.6666666666665,870000,-1.0,-1.0,-1.0
2015/12/01,1026.6666666666665,1046.6666666666665,1016.6666666666666,1043.3333333333333,1779000,-1.0,-1.0,-1.0
2015/12/02,1046.6666666666665,1073.3333333333333,1046.6666666666665,1066.6666666666665,1578000,-1.0,-1.0,-1.0
2015/12/03,1066.6666666666665,1066.6666666666665,1046.6666666666665,1056.6666666666665,921000,-1.0,-1.0,-1.0
2015/12/04,1046.6666666666665,1046.6666666666665,1026.6666666666665,1033.3333333333333,2298000,-1.0,-1.0,-1.0
2015/12/07,1043.3333333333333,1046.6666666666665,1033.3333333333333,1040.0,906000,-1.0,-1.0,-1.0
2015/12/08,1036.6666666666665,1036.6666666666665,990.0,990.0,3507000,-1.0,-1.0,-1.0
2015/12/09,986.6666666666666,1016.6666666666666,983.3333333333333,1000.0,1782000,-1.0,-1.0,-1.0
2015/12/10,986.6666666666666,990.0,946.6666666666666,950.0,3294000,-1.0,-1.0,-1.0
2015/12/11,950.0,966.6666666666666,946.6666666666666,963.3333333333333,2430000,-1.0,-1.0,-1.0
2015/12/14,950.0,970.0,950.0,953.3333333333333,1476000,-1.0,-1.0,-1.0
2015/12/15,960.0,960.0,926.6666666666666,930.0,1836000,-1.0,-1.0,-1.0
2015/12/16,940.0,953.3333333333333,940.0,950.0,972000,-1.0,-1.0,-1.0
2015/12/17,966.6666666666666,990.0,963.3333333333333,976.6666666666666,2415000,-1.0,-1.0,-1.0
2015/12/18,983.3333333333333,986.6666666666666,953.3333333333333,963.3333333333333,2268000,-1.0,-1.0,-1.0
2015/12/21,956.6666666666666,973.3333333333333,946.6666666666666,966.6666666666666,1575000,-1.0,-1.0,-1.0
2015/12/22,966.6666666666666,966.6666666666666,950.0,953.3333333333333,864000,-1.0,-1.0,-1.0
2015/12/24,953.3333333333333,960.0,940.0,946.6666666666666,1782000,-1.0,-1.0,-1.0
2015/12/25,940.0,950.0,933.3333333333333,946.6666666666666,2184000,-1.0,-1.0,-1.0
2015/12/28,910.0,946.6666666666666,910.0,943.3333333333333,2778000,-1.0,-1.0,-1.0
2015/12/29,943.3333333333333,953.3333333333333,943.3333333333333,950.0,981000,-1.0,-1.0,-1.0
2015/12/30,956.6666666666666,973.3333333333333,953.3333333333333,966.6666666666666,1533000,-1.0,-1.0,-1.0
2016/01/04,946.6666666666666,966.6666666666666,946.6666666666666,953.3333333333333,1131000,-1.0,-1.0,-1.0
2016/01/05,953.3333333333333,973.3333333333333,936.6666666666666,950.0,2157000,-1.0,-1.0,-1.0
2016/01/06,953.3333333333333,960.0,930.0,943.3333333333333,1164000,-1.0,-1.0,-1.0
2016/01/07,953.3333333333333,993.3333333333333,953.3333333333333,973.3333333333333,3990000,-1.0,-1.0,-1.0
2016/01/08,963.3333333333333,966.6666666666666,940.0,946.6666666666666,1722000,-1.0,-1.0,-1.0
2016/01/12,950.0,956.6666666666666,920.0,923.3333333333333,1926000,-1.0,-1.0,-1.0
2016/01/13,930.0,963.3333333333333,926.6666666666666,940.0,1521000,-1.0,-1.0,-1.0
2016/01/14,933.3333333333333,963.3333333333333,923.3333333333333,956.6666666666666,2388000,-1.0,-1.0,-1.0
2016/01/15,963.3333333333333,973.3333333333333,943.3333333333333,960.0,2130000,-1.0,-1.0,-1.0
2016/01/18,953.3333333333333,970.0,940.0,963.3333333333333,1866000,-1.0,-1.0,-1.0
2016/01/19,963.3333333333333,973.3333333333333,930.0,933.3333333333333,2172000,-1.0,-1.0,-1.0
2016/01/20,933.3333333333333,963.3333333333333,930.0,936.6666666666666,2106000,-1.0,-1.0,-1.0
2016/01/21,933.3333333333333,953.3333333333333,916.6666666666666,920.0,2502000,-1.0,-1.0,-1.0
2016/01/22,973.3333333333333,973.3333333333333,916.6666666666666,960.0,2934000,-1.0,-1.0,-1.0
2016/01/25,966.6666666666666,986.6666666666666,950.0,970.0,2694000,-1.0,-1.0,-1.0
2016/01/26,960.0,960.0,943.3333333333333,946.6666666666666,1326000,-1.0,-1.0,-1.0
2016/01/27,963.3333333333333,990.0,963.3333333333333,983.3333333333333,2265000,-1.0,-1.0,-1.0
2016/01/28,983.3333333333333,996.6666666666666,970.0,980.0,1899000,-1.0,-1.0,-1.0
2016/01/29,990.0,1010.0,973.3333333333333,1006.6666666666666,2247000,-1.0,-1.0,-1.0
2016/02/01,1016.6666666666666,1016.6666666666666,1003.3333333333333,1013.3333333333333,1455000,-1.0,-1.0,-1.0
2016/02/02,1013.3333333333333,1013.3333333333333,1000.0,1006.6666666666666,561000,-1.0,-1.0,-1.0
2016/02/03,996.6666666666666,1003.3333333333333,970.0,993.3333333333333,2088000,-1.0,-1.0,-1.0
2016/02/04,980.0,996.6666666666666,976.6666666666666,990.0,1419000,-1.0,-1.0,-1.0
2016/02/05,986.6666666666666,986.6666666666666,946.6666666666666,956.6666666666666,2121000,-1.0,-1.0,-1.0
2016/02/08,950.0,993.3333333333333,936.6666666666666,983.3333333333333,1794000,-1.0,-1.0,-1.0
2016/02/09,956.6666666666666,960.0,910.0,923.3333333333333,1869000,-1.0,-1.0,-1.0
2016/02/10,926.6666666666666,940.0,886.6666666666666,926.6666666666666,4752000,-1.0,-1.0,-1.0
2016/02/12,890.0,920.0,833.3333333333333,900.0,4920000,-1.0,-1.0,-1.0
2016/02/15,926.6666666666666,986.6666666666666,926.6666666666666,983.3333333333333,4728000,-1.0,-1.0,-1.0
2016/02/16,956.6666666666666,973.3333333333333,913.3333333333333,916.6666666666666,3609000,-1.0,-1.0,-1.0
2016/02/17,913.3333333333333,926.6666666666666,850.0,856.6666666666666,5175000,-1.0,-1.0,-1.0
2016/02/18,863.3333333333333,873.3333333333333,840.0,843.3333333333333,4449000,-1.0,-1.0,-1.0
2016/02/19,830.0,830.0,793.3333333333333,803.3333333333333,3768000,-1.0,-1.0,-1.0
2016/02/22,810.0,866.6666666666666,803.3333333333333,856.6666666666666,4119000,-1.0,-1.0,-1.0
2016/02/23,850.0,850.0,810.0,820.0,3057000,-1.0,-1.0,-1.0
2016/02/24,806.6666666666666,833.3333333333333,803.3333333333333,813.3333333333333,2238000,-1.0,-1.0,-1.0
2016/02/25,806.6666666666666,826.6666666666666,796.6666666666666,803.3333333333333,2547000,-1.0,-1.0,-1.0
2016/02/26,806.6666666666666,813.3333333333333,793.3333333333333,793.3333333333333,1653000,-1.0,-1.0,-1.0
2016/02/29,796.6666666666666,830.0,793.3333333333333,793.3333333333333,2166000,-1.0,-1.0,-1.0
2016/03/01,793.3333333333333,816.6666666666666,773.3333333333333,810.0,2850000,-1.0,-1.0,-1.0
2016/03/02,816.6666666666666,820.0,796.6666666666666,813.3333333333333,2076000,-1.0,-1.0,-1.0
2016/03/03,816.6666666666666,830.0,813.3333333333333,823.3333333333333,1524000,-1.0,-1.0,-1.0
2016/03/04,826.6666666666666,880.0,823.3333333333333,876.6666666666666,1965000,-1.0,-1.0,-1.0
2016/03/07,873.3333333333333,896.6666666666666,853.3333333333333,876.6666666666666,1824000,-1.0,-1.0,-1.0
2016/03/08,876.6666666666666,883.3333333333333,850.0,873.3333333333333,1458000,-1.0,-1.0,-1.0
2016/03/09,863.3333333333333,863.3333333333333,836.6666666666666,843.3333333333333,978000,-1.0,-1.0,-1.0
2016/03/10,843.3333333333333,850.0,823.3333333333333,830.0,2100000,-1.0,-1.0,-1.0
2016/03/11,810.0,830.0,810.0,810.0,2070000,-1.0,-1.0,-1.0
2016/03/14,820.0,836.6666666666666,820.0,826.6666666666666,1419000,-1.0,-1.0,-1.0
2016/03/15,823.3333333333333,840.0,820.0,833.3333333333333,846000,-1.0,-1.0,-1.0
2016/03/16,830.0,840.0,830.0,830.0,759000,-1.0,-1.0,-1.0
2016/03/17,843.3333333333333,853.3333333333333,843.3333333333333,850.0,765000,-1.0,-1.0,-1.0
2016/03/18,843.3333333333333,843.3333333333333,816.6666666666666,830.0,1629000,-1.0,-1.0,-1.0
2016/03/22,833.3333333333333,860.0,833.3333333333333,856.6666666666666,1572000,-1.0,-1.0,-1.0
2016/03/23,853.3333333333333,863.3333333333333,846.6666666666666,856.6666666666666,756000,-1.0,-1.0,-1.0
2016/03/24,853.3333333333333,860.0,843.3333333333333,843.3333333333333,984000,-1.0,-1.0,-1.0
2016/03/25,843.3333333333333,860.0,836.6666666666666,856.6666666666666,969000,-1.0,-1.0,-1.0
2016/03/28,853.3333333333333,866.6666666666666,850.0,866.6666666666666,837000,-1.0,-1.0,-1.0
2016/03/29,866.6666666666666,873.3333333333333,853.3333333333333,870.0,690000,-1.0,-1.0,-1.0
2016/03/30,870.0,870.0,846.6666666666666,850.0,1773000,-1.0,-1.0,-1.0
2016/03/31,850.0,863.3333333333333,850.0,853.3333333333333,1218000,-1.0,-1.0,-1.0
2016/04/01,856.6666666666666,860.0,833.3333333333333,840.0,1791000,-1.0,-1.0,-1.0
2016/04/04,840.0,860.0,836.6666666666666,846.6666666666666,1299000,-1.0,-1.0,-1.0
2016/04/05,840.0,846.6666666666666,823.3333333333333,823.3333333333333,1815000,-1.0,-1.0,-1.0
2016/04/06,823.3333333333333,833.3333333333333,813.3333333333333,823.3333333333333,1638000,-1.0,-1.0,-1.0
2016/04/07,820.0,823.3333333333333,800.0,810.0,2118000,-1.0,-1.0,-1.0
2016/04/08,800.0,870.0,796.6666666666666,860.0,2163000,-1.0,-1.0,-1.0
2016/04/11,856.6666666666666,856.6666666666666,820.0,826.6666666666666,1524000,-1.0,-1.0,-1.0
2016/04/12,826.6666666666666,853.3333333333333,826.6666666666666,846.6666666666666,426000,-1.0,-1.0,-1.0
2016/04/13,853.3333333333333,860.0,843.3333333333333,850.0,909000,-1.0,-1.0,-1.0
2016/04/14,860.0,883.3333333333333,860.0,883.3333333333333,1008000,-1.0,-1.0,-1.0
2016/04/15,873.3333333333333,890.0,866.6666666666666,873.3333333333333,951000,-1.0,-1.0,-1.0
2016/04/18,860.0,876.6666666666666,853.3333333333333,870.0,714000,-1.0,-1.0,-1.0
2016/04/19,883.3333333333333,903.3333333333333,883.3333333333333,903.3333333333333,909000,-1.0,-1.0,-1.0
2016/04/20,906.6666666666666,906.6666666666666,880.0,883.3333333333333,1173000,-1.0,-1.0,-1.0
2016/04/21,900.0,913.3333333333333,896.6666666666666,900.0,1032000,-1.0,-1.0,-1.0
2016/04/22,900.0,913.3333333333333,893.3333333333333,906.6666666666666,648000,-1.0,-1.0,-1.0
2016/04/25,913.3333333333333,916.6666666666666,903.3333333333333,913.3333333333333,930000,-1.0,-1.0,-1.0
2016/04/26,910.0,913.3333333333333,886.6666666666666,900.0,897000,-1.0,-1.0,-1.0
2016/04/27,886.6666666666666,900.0,873.3333333333333,880.0,1482000,-1.0,-1.0,-1.0
2016/04/28,886.6666666666666,910.0,870.0,876.6666666666666,1620000,-1.0,-1.0,-1.0
2016/05/02,833.3333333333333,853.3333333333333,833.3333333333333,850.0,2310000,-1.0,-1.0,-1.0
2016/05/06,843.3333333333333,850.0,810.0,816.6666666666666,2481000,-1.0,-1.0,-1.0
2016/05/09,816.6666666666666,833.3333333333333,806.6666666666666,826.6666666666666,1644000,-1.0,-1.0,-1.0
2016/05/10,833.3333333333333,840.0,826.6666666666666,836.6666666666666,1716000,-1.0,-1.0,-1.0
2016/05/11,840.0,846.6666666666666,820.0,840.0,1209000,-1.0,-1.0,-1.0
2016/05/12,836.6666666666666,846.6666666666666,833.3333333333333,840.0,906000,-1.0,-1.0,-1.0
2016/05/13,840.0,843.3333333333333,826.6666666666666,833.3333333333333,876000,-1.0,-1.0,-1.0
2016/05/16,826.6666666666666,836.6666666666666,820.0,820.0,642000,-1.0,-1.0,-1.0
2016/05/17,823.3333333333333,830.0,810.0,820.0,1170000,-1.0,-1.0,-1.0
2016/05/18,820.0,823.3333333333333,810.0,823.3333333333333,1191000,-1.0,-1.0,-1.0
2016/05/19,823.3333333333333,823.3333333333333,813.3333333333333,816.6666666666666,870000,-1.0,-1.0,-1.0
2016/05/20,813.3333333333333,823.3333333333333,810.0,820.0,777000,-1.0,-1.0,-1.0
2016/05/23,816.6666666666666,816.6666666666666,800.0,810.0,1071000,-1.0,-1.0,-1.0
2016/05/24,806.6666666666666,806.6666666666666,796.6666666666666,803.3333333333333,897000,-1.0,-1.0,-1.0
2016/05/25,803.3333333333333,813.3333333333333,803.3333333333333,806.6666666666666,213000,-1.0,-1.0,-1.0
2016/05/26,806.6666666666666,806.6666666666666,803.3333333333333,806.6666666666666,624000,-1.0,-1.0,-1.0
2016/05/27,810.0,810.0,796.6666666666666,796.6666666666666,582000,-1.0,-1.0,-1.0
2016/05/30,803.3333333333333,806.6666666666666,796.6666666666666,803.3333333333333,255000,-1.0,-1.0,-1.0
2016/05/31,803.3333333333333,820.0,803.3333333333333,820.0,648000,-1.0,-1.0,-1.0
2016/06/01,820.0,823.3333333333333,816.6666666666666,816.6666666666666,681000,-1.0,-1.0,-1.0
2016/06/02,813.3333333333333,813.3333333333333,796.6666666666666,800.0,795000,-1.0,-1.0,-1.0
2016/06/03,796.6666666666666,803.3333333333333,790.0,793.3333333333333,1233000,-1.0,-1.0,-1.0
2016/06/06,783.3333333333333,790.0,776.6666666666666,786.6666666666666,975000,-1.0,-1.0,-1.0
2016/06/07,786.6666666666666,790.0,776.6666666666666,780.0,927000,-1.0,-1.0,-1.0
2016/06/08,776.6666666666666,786.6666666666666,773.3333333333333,783.3333333333333,663000,-1.0,-1.0,-1.0
2016/06/09,783.3333333333333,786.6666666666666,776.6666666666666,780.0,531000,-1.0,-1.0,-1.0
2016/06/10,790.0,790.0,770.0,776.6666666666666,972000,-1.0,-1.0,-1.0
2016/06/13,766.6666666666666,770.0,753.3333333333333,756.6666666666666,774000,-1.0,-1.0,-1.0
2016/06/14,750.0,756.6666666666666,733.3333333333333,733.3333333333333,774000,-1.0,-1.0,-1.0
2016/06/15,733.3333333333333,746.6666666666666,726.6666666666666,736.6666666666666,960000,-1.0,-1.0,-1.0
2016/06/16,733.3333333333333,736.6666666666666,703.3333333333333,703.3333333333333,1041000,-1.0,-1.0,-1.0
2016/06/17,713.3333333333333,726.6666666666666,710.0,710.0,1623000,-1.0,-1.0,-1.0
2016/06/20,730.0,736.6666666666666,726.6666666666666,730.0,603000,-1.0,-1.0,-1.0
2016/06/21,716.6666666666666,723.3333333333333,700.0,716.6666666666666,1062000,-1.0,-1.0,-1.0
2016/06/22,713.3333333333333,716.6666666666666,703.3333333333333,713.3333333333333,741000,-1.0,-1.0,-1.0
2016/06/23,706.6666666666666,723.3333333333333,693.3333333333333,720.0,1242000,-1.0,-1.0,-1.0
2016/06/24,723.3333333333333,730.0,680.0,683.3333333333333,1353000,-1.0,-1.0,-1.0
2016/06/27,656.6666666666666,666.6666666666666,623.3333333333333,633.3333333333333,3768000,-1.0,-1.0,-1.0
2016/06/28,623.3333333333333,626.6666666666666,590.0,606.6666666666666,3015000,-1.0,-1.0,-1.0
2016/06/29,616.6666666666666,653.3333333333333,600.0,643.3333333333333,2976000,-1.0,-1.0,-1.0
2016/06/30,653.3333333333333,660.0,636.6666666666666,640.0,1674000,-1.0,-1.0,-1.0
2016/07/01,636.6666666666666,640.0,616.6666666666666,630.0,2568000,-1.0,-1.0,-1.0
2016/07/04,626.6666666666666,630.0,620.0,623.3333333333333,1170000,-1.0,-1.0,-1.0
2016/07/05,623.3333333333333,640.0,620.0,636.6666666666666,1107000,-1.0,-1.0,-1.0
2016/07/06,623.3333333333333,640.0,623.3333333333333,633.3333333333333,1332000,-1.0,-1.0,-1.0
2016/07/07,630.0,646.6666666666666,630.0,636.6666666666666,972000,-1.0,-1.0,-1.0
2016/07/08,633.3333333333333,640.0,620.0,623.3333333333333,1152000,-1.0,-1.0,-1.0
2016/07/11,630.0,663.3333333333333,630.0,656.6666666666666,1191000,-1.0,-1.0,-1.0
2016/07/12,663.3333333333333,686.6666666666666,663.3333333333333,676.6666666666666,1392000,-1.0,-1.0,-1.0
2016/07/13,693.3333333333333,693.3333333333333,660.0,663.3333333333333,1194000,-1.0,-1.0,-1.0
2016/07/14,663.3333333333333,683.3333333333333,660.0,670.0,1263000,-1.0,-1.0,-1.0
2016/07/15,676.6666666666666,680.0,660.0,673.3333333333333,1083000,-1.0,-1.0,-1.0
2016/07/19,673.3333333333333,683.3333333333333,670.0,676.6666666666666,831000,-1.0,-1.0,-1.0
2016/07/20,670.0,673.3333333333333,656.6666666666666,660.0,711000,-1.0,-1.0,-1.0
2016/07/21,670.0,670.0,663.3333333333333,666.6666666666666,294000,-1.0,-1.0,-1.0
2016/07/22,663.3333333333333,673.3333333333333,663.3333333333333,670.0,699000,-1.0,-1.0,-1.0
2016/07/25,673.3333333333333,693.3333333333333,673.3333333333333,690.0,1218000,-1.0,-1.0,-1.0
2016/07/26,696.6666666666666,696.6666666666666,680.0,686.6666666666666,786000,-1.0,-1.0,-1.0
2016/07/27,700.0,706.6666666666666,686.6666666666666,703.3333333333333,972000,-1.0,-1.0,-1.0
2016/07/28,696.6666666666666,700.0,660.0,676.6666666666666,2184000,-1.0,-1.0,-1.0
2016/07/29,666.6666666666666,676.6666666666666,593.3333333333333,636.6666666666666,3546000,-1.0,-1.0,-1.0
2016/08/01,606.6666666666666,613.3333333333333,596.6666666666666,606.6666666666666,1806000,-1.0,-1.0,-1.0
2016/08/02,600.0,600.0,583.3333333333333,583.3333333333333,2007000,-1.0,-1.0,-1.0
2016/08/03,580.0,580.0,563.3333333333333,563.3333333333333,2322000,-1.0,-1.0,-1.0
2016/08/04,563.3333333333333,580.0,563.3333333333333,580.0,981000,-1.0,-1.0,-1.0
2016/08/05,580.0,593.3333333333333,580.0,586.6666666666666,618000,-1.0,-1.0,-1.0
2016/08/08,586.6666666666666,590.0,576.6666666666666,576.6666666666666,708000,-1.0,-1.0,-1.0
2016/08/09,573.3333333333333,580.0,556.6666666666666,566.6666666666666,1908000,-1.0,-1.0,-1.0
2016/08/10,566.6666666666666,573.3333333333333,550.0,573.3333333333333,1002000,-1.0,-1.0,-1.0
2016/08/12,576.6666666666666,576.6666666666666,553.3333333333333,556.6666666666666,1311000,-1.0,-1.0,-1.0
2016/08/15,556.6666666666666,560.0,546.6666666666666,553.3333333333333,618000,-1.0,-1.0,-1.0
2016/08/16,553.3333333333333,553.3333333333333,530.0,530.0,1536000,-1.0,-1.0,-1.0
2016/08/17,526.6666666666666,526.6666666666666,503.3333333333333,510.0,2535000,-1.0,-1.0,-1.0
2016/08/18,506.66666666666663,513.3333333333333,490.0,500.0,2175000,-1.0,-1.0,-1.0
2016/08/19,503.3333333333333,516.6666666666666,496.66666666666663,513.3333333333333,1944000,-1.0,-1.0,-1.0
2016/08/22,516.6666666666666,553.3333333333333,516.6666666666666,543.3333333333333,3009000,-1.0,-1.0,-1.0
2016/08/23,543.3333333333333,553.3333333333333,533.3333333333333,533.3333333333333,2247000,-1.0,-1.0,-1.0
2016/08/24,533.3333333333333,546.6666666666666,533.3333333333333,543.3333333333333,1020000,-1.0,-1.0,-1.0
2016/08/25,550.0,560.0,543.3333333333333,550.0,1542000,-1.0,-1.0,-1.0
2016/08/26,550.0,550.0,536.6666666666666,540.0,1158000,-1.0,-1.0,-1.0
2016/08/29,550.0,550.0,533.3333333333333,540.0,1701000,-1.0,-1.0,-1.0
2016/08/30,536.6666666666666,543.3333333333333,530.0,530.0,969000,-1.0,-1.0,-1.0
2016/08/31,533.3333333333333,546.6666666666666,533.3333333333333,546.6666666666666,849000,-1.0,-1.0,-1.0
2016/09/01,550.0,550.0,536.6666666666666,543.3333333333333,939000,-1.0,-1.0,-1.0
2016/09/02,560.0,573.3333333333333,556.6666666666666,560.0,2646000,-1.0,-1.0,-1.0
2016/09/05,570.0,576.6666666666666,560.0,563.3333333333333,1839000,-1.0,-1.0,-1.0
2016/09/06,563.3333333333333,570.0,563.3333333333333,566.6666666666666,852000,-1.0,-1.0,-1.0
2016/09/07,563.3333333333333,566.6666666666666,553.3333333333333,560.0,1164000,-1.0,-1.0,-1.0
2016/09/08,563.3333333333333,563.3333333333333,546.6666666666666,553.3333333333333,1338000,-1.0,-1.0,-1.0
2016/09/09,546.6666666666666,570.0,546.6666666666666,566.6666666666666,1671000,-1.0,-1.0,-1.0
2016/09/12,556.6666666666666,563.3333333333333,553.3333333333333,553.3333333333333,624000,-1.0,-1.0,-1.0
2016/09/13,556.6666666666666,560.0,550.0,556.6666666666666,1002000,-1.0,-1.0,-1.0
2016/09/14,553.3333333333333,560.0,543.3333333333333,546.6666666666666,1332000,-1.0,-1.0,-1.0
2016/09/15,543.3333333333333,543.3333333333333,523.3333333333333,526.6666666666666,1872000,-1.0,-1.0,-1.0
2016/09/16,530.0,540.0,523.3333333333333,536.6666666666666,1137000,-1.0,-1.0,-1.0
2016/09/20,533.3333333333333,536.6666666666666,526.6666666666666,530.0,1131000,-1.0,-1.0,-1.0
2016/09/21,530.0,560.0,526.6666666666666,553.3333333333333,1677000,-1.0,-1.0,-1.0
2016/09/23,546.6666666666666,560.0,543.3333333333333,550.0,1296000,-1.0,-1.0,-1.0
2016/09/26,550.0,560.0,550.0,553.3333333333333,825000,-1.0,-1.0,-1.0
2016/09/27,546.6666666666666,553.3333333333333,540.0,553.3333333333333,918000,-1.0,-1.0,-1.0
2016/09/28,550.0,553.3333333333333,543.3333333333333,543.3333333333333,444000,-1.0,-1.0,-1.0
2016/09/29,553.3333333333333,566.6666666666666,550.0,560.0,1143000,-1.0,-1.0,-1.0
2016/09/30,550.0,560.0,540.0,556.6666666666666,1497000,-1.0,-1.0,-1.0
2016/10/03,556.6666666666666,560.0,546.6666666666666,546.6666666666666,387000,-1.0,-1.0,-1.0
2016/10/04,546.6666666666666,560.0,543.3333333333333,553.3333333333333,609000,-1.0,-1.0,-1.0
2016/10/05,553.3333333333333,556.6666666666666,546.6666666666666,550.0,597000,-1.0,-1.0,-1.0
2016/10/06,550.0,553.3333333333333,540.0,543.3333333333333,726000,-1.0,-1.0,-1.0
2016/10/07,543.3333333333333,543.3333333333333,533.3333333333333,533.3333333333333,357000,-1.0,-1.0,-1.0
2016/10/11,533.3333333333333,543.3333333333333,533.3333333333333,536.6666666666666,411000,-1.0,-1.0,-1.0
2016/10/12,533.3333333333333,536.6666666666666,530.0,530.0,480000,-1.0,-1.0,-1.0
2016/10/13,533.3333333333333,536.6666666666666,526.6666666666666,530.0,810000,-1.0,-1.0,-1.0
2016/10/14,530.0,533.3333333333333,530.0,530.0,339000,-1.0,-1.0,-1.0
2016/10/17,530.0,530.0,520.0,523.3333333333333,1293000,-1.0,-1.0,-1.0
2016/10/18,520.0,523.3333333333333,513.3333333333333,516.6666666666666,954000,-1.0,-1.0,-1.0
2016/10/19,516.6666666666666,533.3333333333333,516.6666666666666,533.3333333333333,1011000,-1.0,-1.0,-1.0
2016/10/20,533.3333333333333,536.6666666666666,530.0,530.0,879000,-1.0,-1.0,-1.0
2016/10/21,533.3333333333333,543.3333333333333,530.0,540.0,978000,-1.0,-1.0,-1.0
2016/10/24,536.6666666666666,550.0,536.6666666666666,550.0,945000,-1.0,-1.0,-1.0
2016/10/25,550.0,556.6666666666666,550.0,556.6666666666666,813000,-1.0,-1.0,-1.0
2016/10/26,556.6666666666666,560.0,550.0,553.3333333333333,861000,-1.0,-1.0,-1.0
2016/10/27,550.0,570.0,546.6666666666666,563.3333333333333,1482000,-1.0,-1.0,-1.0
2016/10/28,560.0,583.3333333333333,540.0,576.6666666666666,3561000,-1.0,-1.0,-1.0
2016/10/31,560.0,570.0,556.6666666666666,563.3333333333333,2136000,-1.0,-1.0,-1.0
2016/11/01,560.0,560.0,553.3333333333333,553.3333333333333,903000,-1.0,-1.0,-1.0
2016/11/02,550.0,550.0,540.0,540.0,1047000,-1.0,-1.0,-1.0
2016/11/04,536.6666666666666,540.0,530.0,530.0,966000,-1.0,-1.0,-1.0
2016/11/07,530.0,536.6666666666666,516.6666666666666,526.6666666666666,2511000,-1.0,-1.0,-1.0
2016/11/08,523.3333333333333,530.0,510.0,510.0,1623000,-1.0,-1.0,-1.0
2016/11/09,506.66666666666663,516.6666666666666,493.3333333333333,493.3333333333333,2439000,-1.0,-1.0,-1.0
2016/11/10,510.0,513.3333333333333,500.0,500.0,2109000,-1.0,-1.0,-1.0
2016/11/11,500.0,506.66666666666663,500.0,503.3333333333333,759000,-1.0,-1.0,-1.0
2016/11/14,503.3333333333333,513.3333333333333,500.0,513.3333333333333,1620000,-1.0,-1.0,-1.0
2016/11/15,510.0,516.6666666666666,496.66666666666663,496.66666666666663,2097000,-1.0,-1.0,-1.0
2016/11/16,500.0,506.66666666666663,496.66666666666663,496.66666666666663,1311000,-1.0,-1.0,-1.0
2016/11/17,500.0,503.3333333333333,496.66666666666663,496.66666666666663,1536000,-1.0,-1.0,-1.0
2016/11/18,503.3333333333333,506.66666666666663,500.0,500.0,3657000,-1.0,-1.0,-1.0
2016/11/21,503.3333333333333,506.66666666666663,500.0,503.3333333333333,2061000,-1.0,-1.0,-1.0
2016/11/22,503.3333333333333,513.3333333333333,500.0,506.66666666666663,2847000,-1.0,-1.0,-1.0
2016/11/24,510.0,516.6666666666666,506.66666666666663,506.66666666666663,2931000,-1.0,-1.0,-1.0
2016/11/25,506.66666666666663,516.6666666666666,506.66666666666663,506.66666666666663,2388000,-1.0,-1.0,-1.0
2016/11/28,506.66666666666663,523.3333333333333,506.66666666666663,520.0,2508000,-1.0,-1.0,-1.0
2016/11/29,520.0,530.0,520.0,526.6666666666666,2367000,-1.0,-1.0,-1.0
2016/11/30,530.0,533.3333333333333,520.0,526.6666666666666,6153000,-1.0,-1.0,-1.0
2016/12/01,526.6666666666666,546.6666666666666,526.6666666666666,540.0,2982000,-1.0,-1.0,-1.0
2016/12/02,550.0,560.0,546.6666666666666,556.6666666666666,4173000,-1.0,-1.0,-1.0
2016/12/05,553.3333333333333,560.0,543.3333333333333,546.6666666666666,2979000,-1.0,-1.0,-1.0
2016/12/06,553.3333333333333,563.3333333333333,550.0,556.6666666666666,3300000,-1.0,-1.0,-1.0
2016/12/07,563.3333333333333,576.6666666666666,560.0,573.3333333333333,4146000,-1.0,-1.0,-1.0
2016/12/08,580.0,606.6666666666666,576.6666666666666,603.3333333333333,4182000,-1.0,-1.0,-1.0
2016/12/09,606.6666666666666,620.0,593.3333333333333,603.3333333333333,4020000,-1.0,-1.0,-1.0
2016/12/12,613.3333333333333,613.3333333333333,586.6666666666666,596.6666666666666,4287000,-1.0,-1.0,-1.0
2016/12/13,570.0,583.3333333333333,566.6666666666666,573.3333333333333,4797000,-1.0,-1.0,-1.0
2016/12/14,583.3333333333333,600.0,580.0,583.3333333333333,3927000,-1.0,-1.0,-1.0
2016/12/15,586.6666666666666,606.6666666666666,583.3333333333333,593.3333333333333,4032000,-1.0,-1.0,-1.0
2016/12/16,603.3333333333333,630.0,600.0,623.3333333333333,4281000,-1.0,-1.0,-1.0
2016/12/19,606.6666666666666,606.6666666666666,570.0,586.6666666666666,4581000,-1.0,-1.0,-1.0
2016/12/20,586.6666666666666,596.6666666666666,583.3333333333333,590.0,2592000,-1.0,-1.0,-1.0
2016/12/21,600.0,606.6666666666666,576.6666666666666,583.3333333333333,2988000,-1.0,-1.0,-1.0
2016/12/22,576.6666666666666,586.6666666666666,573.3333333333333,586.6666666666666,1956000,-1.0,-1.0,-1.0
2016/12/26,593.3333333333333,593.3333333333333,583.3333333333333,586.6666666666666,1587000,-1.0,-1.0,-1.0
2016/12/27,586.6666666666666,593.3333333333333,583.3333333333333,593.3333333333333,2535000,-1.0,-1.0,-1.0
2016/12/28,583.3333333333333,590.0,576.6666666666666,590.0,2484000,-1.0,-1.0,-1.0
2016/12/29,590.0,593.3333333333333,580.0,590.0,2607000,-1.0,-1.0,-1.0
2016/12/30,583.3333333333333,590.0,580.0,586.6666666666666,1809000,-1.0,-1.0,-1.0
2017/01/04,590.0,600.0,583.3333333333333,593.3333333333333,4506000,-1.0,-1.0,-1.0
2017/01/05,593.3333333333333,610.0,593.3333333333333,600.0,2703000,-1.0,-1.0,-1.0
2017/01/06,600.0,613.3333333333333,593.3333333333333,610.0,2700000,-1.0,-1.0,-1.0
2017/01/10,616.6666666666666,616.6666666666666,603.3333333333333,613.3333333333333,2394000,-1.0,-1.0,-1.0
2017/01/11,610.0,613.3333333333333,603.3333333333333,606.6666666666666,2169000,-1.0,-1.0,-1.0
2017/01/12,610.0,610.0,590.0,593.3333333333333,2715000,-1.0,-1.0,-1.0
2017/01/13,593.3333333333333,603.3333333333333,590.0,600.0,2058000,-1.0,-1.0,-1.0
2017/01/16,600.0,603.3333333333333,590.0,596.6666666666666,1701000,-1.0,-1.0,-1.0
2017/01/17,600.0,600.0,586.6666666666666,586.6666666666666,1086000,-1.0,-1.0,-1.0
2017/01/18,586.6666666666666,586.6666666666666,573.3333333333333,580.0,1674000,-1.0,-1.0,-1.0
2017/01/19,596.6666666666666,606.6666666666666,590.0,596.6666666666666,2451000,-1.0,-1.0,-1.0
2017/01/20,593.3333333333333,596.6666666666666,583.3333333333333,583.3333333333333,1614000,-1.0,-1.0,-1.0
2017/01/23,583.3333333333333,593.3333333333333,580.0,583.3333333333333,1842000,-1.0,-1.0,-1.0
2017/01/24,583.3333333333333,583.3333333333333,566.6666666666666,570.0,2298000,-1.0,-1.0,-1.0
2017/01/25,576.6666666666666,580.0,570.0,576.6666666666666,876000,-1.0,-1.0,-1.0
2017/01/26,573.3333333333333,576.6666666666666,563.3333333333333,573.3333333333333,3978000,-1.0,-1.0,-1.0
2017/01/27,573.3333333333333,580.0,570.0,576.6666666666666,1497000,-1.0,-1.0,-1.0
2017/01/30,580.0,583.3333333333333,573.3333333333333,573.3333333333333,1257000,-1.0,-1.0,-1.0
2017/01/31,570.0,573.3333333333333,560.0,560.0,1668000,-1.0,-1.0,-1.0
2017/02/01,560.0,560.0,550.0,556.6666666666666,2535000,-1.0,-1.0,-1.0
2017/02/02,560.0,563.3333333333333,553.3333333333333,556.6666666666666,1734000,-1.0,-1.0,-1.0
2017/02/03,553.3333333333333,563.3333333333333,553.3333333333333,563.3333333333333,1620000,-1.0,-1.0,-1.0
2017/02/06,566.6666666666666,570.0,553.3333333333333,560.0,1872000,-1.0,-1.0,-1.0
2017/02/07,563.3333333333333,566.6666666666666,556.6666666666666,560.0,801000,-1.0,-1.0,-1.0
2017/02/08,560.0,566.6666666666666,560.0,566.6666666666666,1554000,-1.0,-1.0,-1.0
2017/02/09,566.6666666666666,570.0,563.3333333333333,570.0,1077000,-1.0,-1.0,-1.0
2017/02/10,573.3333333333333,643.3333333333333,563.3333333333333,603.3333333333333,16656000,-1.0,-1.0,-1.0
2017/02/13,563.3333333333333,573.3333333333333,556.6666666666666,570.0,7422000,-1.0,-1.0,-1.0
2017/02/14,570.0,593.3333333333333,566.6666666666666,593.3333333333333,4815000,-1.0,-1.0,-1.0
2017/02/15,570.0,586.6666666666666,563.3333333333333,576.6666666666666,6603000,-1.0,-1.0,-1.0
2017/02/16,580.0,583.3333333333333,570.0,576.6666666666666,2457000,-1.0,-1.0,-1.0
2017/02/17,576.6666666666666,580.0,573.3333333333333,573.3333333333333,1680000,-1.0,-1.0,-1.0
2017/02/20,573.3333333333333,573.3333333333333,570.0,573.3333333333333,1185000,-1.0,-1.0,-1.0
2017/02/21,573.3333333333333,593.3333333333333,573.3333333333333,593.3333333333333,2613000,-1.0,-1.0,-1.0
2017/02/22,600.0,603.3333333333333,593.3333333333333,603.3333333333333,3312000,-1.0,-1.0,-1.0
2017/02/23,603.3333333333333,616.6666666666666,596.6666666666666,613.3333333333333,2994000,-1.0,-1.0,-1.0
2017/02/24,606.6666666666666,610.0,593.3333333333333,600.0,2220000,-1.0,-1.0,-1.0
2017/02/27,600.0,600.0,586.6666666666666,590.0,2337000,-1.0,-1.0,-1.0
2017/02/28,590.0,596.6666666666666,583.3333333333333,590.0,2379000,-1.0,-1.0,-1.0
2017/03/01,590.0,596.6666666666666,586.6666666666666,590.0,2028000,-1.0,-1.0,-1.0
2017/03/02,596.6666666666666,600.0,593.3333333333333,596.6666666666666,1254000,-1.0,-1.0,-1.0
2017/03/03,600.0,606.6666666666666,593.3333333333333,596.6666666666666,1275000,-1.0,-1.0,-1.0
2017/03/06,596.6666666666666,596.6666666666666,583.3333333333333,590.0,1500000,-1.0,-1.0,-1.0
2017/03/07,590.0,596.6666666666666,583.3333333333333,590.0,1116000,-1.0,-1.0,-1.0
2017/03/08,586.6666666666666,590.0,583.3333333333333,590.0,1428000,-1.0,-1.0,-1.0
2017/03/09,590.0,590.0,583.3333333333333,586.6666666666666,1515000,-1.0,-1.0,-1.0
2017/03/10,586.6666666666666,593.3333333333333,583.3333333333333,590.0,1521000,-1.0,-1.0,-1.0
2017/03/13,590.0,593.3333333333333,583.3333333333333,586.6666666666666,840000,-1.0,-1.0,-1.0
2017/03/14,590.0,590.0,586.6666666666666,586.6666666666666,747000,-1.0,-1.0,-1.0
2017/03/15,586.6666666666666,590.0,576.6666666666666,576.6666666666666,1722000,-1.0,-1.0,-1.0
2017/03/16,576.6666666666666,586.6666666666666,573.3333333333333,580.0,1137000,-1.0,-1.0,-1.0
2017/03/17,576.6666666666666,580.0,570.0,576.6666666666666,1515000,-1.0,-1.0,-1.0
2017/03/21,576.6666666666666,580.0,553.3333333333333,553.3333333333333,3960000,-1.0,-1.0,-1.0
2017/03/22,553.3333333333333,553.3333333333333,533.3333333333333,533.3333333333333,4098000,-1.0,-1.0,-1.0
2017/03/23,523.3333333333333,563.3333333333333,523.3333333333333,563.3333333333333,5178000,-1.0,-1.0,-1.0
2017/03/24,546.6666666666666,563.3333333333333,546.6666666666666,556.6666666666666,1788000,-1.0,-1.0,-1.0
2017/03/27,556.6666666666666,556.6666666666666,546.6666666666666,553.3333333333333,1806000,-1.0,-1.0,-1.0
2017/03/28,560.0,570.0,556.6666666666666,570.0,2892000,-1.0,-1.0,-1.0
2017/03/29,570.0,570.0,560.0,560.0,2016000,-1.0,-1.0,-1.0
2017/03/30,560.0,566.6666666666666,556.6666666666666,560.0,1131000,-1.0,-1.0,-1.0
2017/03/31,556.6666666666666,560.0,546.6666666666666,550.0,1356000,-1.0,-1.0,-1.0
2017/04/03,560.0,583.3333333333333,556.6666666666666,576.6666666666666,3483000,-1.0,-1.0,-1.0
2017/04/04,580.0,580.0,563.3333333333333,566.6666666666666,1488000,-1.0,-1.0,-1.0
2017/04/05,563.3333333333333,573.3333333333333,560.0,563.3333333333333,1401000,-1.0,-1.0,-1.0
2017/04/06,563.3333333333333,593.3333333333333,560.0,566.6666666666666,4170000,-1.0,-1.0,-1.0
2017/04/07,566.6666666666666,583.3333333333333,563.3333333333333,570.0,1731000,-1.0,-1.0,-1.0
2017/04/10,576.6666666666666,576.6666666666666,566.6666666666666,566.6666666666666,618000,-1.0,-1.0,-1.0
2017/04/11,566.6666666666666,566.6666666666666,556.6666666666666,560.0,663000,-1.0,-1.0,-1.0
2017/04/12,536.6666666666666,550.0,536.6666666666666,543.3333333333333,2367000,-1.0,-1.0,-1.0
2017/04/13,536.6666666666666,540.0,533.3333333333333,536.6666666666666,1509000,-1.0,-1.0,-1.0
2017/04/14,536.6666666666666,536.6666666666666,526.6666666666666,530.0,2190000,-1.0,-1.0,-1.0
2017/04/17,530.0,536.6666666666666,526.6666666666666,536.6666666666666,663000,-1.0,-1.0,-1.0
2017/04/18,536.6666666666666,540.0,530.0,536.6666666666666,1503000,-1.0,-1.0,-1.0
2017/04/19,533.3333333333333,540.0,530.0,530.0,603000,-1.0,-1.0,-1.0
2017/04/20,530.0,533.3333333333333,523.3333333333333,526.6666666666666,1389000,-1.0,-1.0,-1.0
2017/04/21,526.6666666666666,540.0,526.6666666666666,533.3333333333333,1788000,-1.0,-1.0,-1.0
2017/04/24,540.0,546.6666666666666,533.3333333333333,543.3333333333333,1362000,-1.0,-1.0,-1.0
2017/04/25,543.3333333333333,546.6666666666666,540.0,540.0,603000,-1.0,-1.0,-1.0
2017/04/26,543.3333333333333,550.0,543.3333333333333,546.6666666666666,927000,-1.0,-1.0,-1.0
2017/04/27,546.6666666666666,556.6666666666666,546.6666666666666,550.0,1272000,-1.0,-1.0,-1.0
2017/04/28,546.6666666666666,556.6666666666666,543.3333333333333,546.6666666666666,1638000,-1.0,-1.0,-1.0
2017/05/01,550.0,550.0,540.0,550.0,837000,-1.0,-1.0,-1.0
2017/05/02,553.3333333333333,560.0,546.6666666666666,553.3333333333333,1449000,-1.0,-1.0,-1.0
2017/05/08,556.6666666666666,560.0,550.0,560.0,993000,-1.0,-1.0,-1.0
2017/05/09,556.6666666666666,563.3333333333333,556.6666666666666,560.0,684000,-1.0,-1.0,-1.0
2017/05/10,560.0,563.3333333333333,556.6666666666666,563.3333333333333,873000,-1.0,-1.0,-1.0
2017/05/11,563.3333333333333,566.6666666666666,560.0,566.6666666666666,654000,-1.0,-1.0,-1.0
2017/05/12,566.6666666666666,566.6666666666666,560.0,566.6666666666666,522000,-1.0,-1.0,-1.0
2017/05/15,543.3333333333333,553.3333333333333,540.0,543.3333333333333,1716000,-1.0,-1.0,-1.0
2017/05/16,543.3333333333333,553.3333333333333,536.6666666666666,543.3333333333333,1608000,-1.0,-1.0,-1.0
2017/05/17,543.3333333333333,550.0,540.0,543.3333333333333,597000,-1.0,-1.0,-1.0
2017/05/18,536.6666666666666,543.3333333333333,533.3333333333333,536.6666666666666,1014000,-1.0,-1.0,-1.0
2017/05/19,536.6666666666666,543.3333333333333,536.6666666666666,536.6666666666666,822000,-1.0,-1.0,-1.0
2017/05/22,540.0,546.6666666666666,536.6666666666666,546.6666666666666,1074000,-1.0,-1.0,-1.0
2017/05/23,546.6666666666666,546.6666666666666,536.6666666666666,540.0,444000,-1.0,-1.0,-1.0
2017/05/24,540.0,546.6666666666666,536.6666666666666,543.3333333333333,825000,-1.0,-1.0,-1.0
2017/05/25,540.0,546.6666666666666,540.0,546.6666666666666,618000,-1.0,-1.0,-1.0
2017/05/26,546.6666666666666,546.6666666666666,536.6666666666666,536.6666666666666,741000,-1.0,-1.0,-1.0
2017/05/29,540.0,540.0,530.0,533.3333333333333,1452000,-1.0,-1.0,-1.0
2017/05/30,533.3333333333333,533.3333333333333,526.6666666666666,533.3333333333333,1200000,-1.0,-1.0,-1.0
2017/05/31,533.3333333333333,533.3333333333333,530.0,530.0,279000,-1.0,-1.0,-1.0
2017/06/01,533.3333333333333,533.3333333333333,530.0,530.0,594000,-1.0,-1.0,-1.0
2017/06/02,530.0,536.6666666666666,530.0,533.3333333333333,1149000,-1.0,-1.0,-1.0
2017/06/05,536.6666666666666,543.3333333333333,533.3333333333333,536.6666666666666,1332000,-1.0,-1.0,-1.0
2017/06/06,540.0,550.0,540.0,546.6666666666666,1266000,-1.0,-1.0,-1.0
2017/06/07,540.0,556.6666666666666,540.0,553.3333333333333,1284000,-1.0,-1.0,-1.0
2017/06/08,553.3333333333333,556.6666666666666,546.6666666666666,550.0,1230000,-1.0,-1.0,-1.0
2017/06/09,550.0,550.0,543.3333333333333,550.0,774000,-1.0,-1.0,-1.0
2017/06/12,550.0,553.3333333333333,546.6666666666666,546.6666666666666,273000,-1.0,-1.0,-1.0
2017/06/13,550.0,563.3333333333333,546.6666666666666,563.3333333333333,1569000,-1.0,-1.0,-1.0
2017/06/14,560.0,580.0,560.0,580.0,1659000,-1.0,-1.0,-1.0
2017/06/15,606.6666666666666,606.6666666666666,580.0,583.3333333333333,2430000,-1.0,-1.0,-1.0
2017/06/16,583.3333333333333,586.6666666666666,580.0,583.3333333333333,804000,-1.0,-1.0,-1.0
2017/06/19,580.0,590.0,580.0,590.0,432000,-1.0,-1.0,-1.0
2017/06/20,593.3333333333333,596.6666666666666,590.0,593.3333333333333,1314000,-1.0,-1.0,-1.0
2017/06/21,586.6666666666666,593.3333333333333,583.3333333333333,590.0,579000,-1.0,-1.0,-1.0
2017/06/22,590.0,590.0,583.3333333333333,586.6666666666666,636000,-1.0,-1.0,-1.0
2017/06/23,586.6666666666666,593.3333333333333,586.6666666666666,590.0,930000,-1.0,-1.0,-1.0
2017/06/26,586.6666666666666,593.3333333333333,586.6666666666666,593.3333333333333,636000,-1.0,-1.0,-1.0
2017/06/27,580.0,596.6666666666666,580.0,593.3333333333333,1590000,-1.0,-1.0,-1.0
2017/06/28,600.0,633.3333333333333,594.0,633.3333333333333,612300,-1.0,-1.0,-1.0
2017/06/29,625.6666666666666,626.0,595.6666666666666,606.3333333333333,428100,-1.0,-1.0,-1.0
2017/06/30,600.0,604.0,589.0,595.3333333333333,185400,-1.0,-1.0,-1.0
2017/07/03,602.0,603.3333333333333,593.0,594.6666666666666,93900,-1.0,-1.0,-1.0
2017/07/04,598.3333333333333,600.6666666666666,590.3333333333333,592.6666666666666,192600,-1.0,-1.0,-1.0
2017/07/05,593.6666666666666,602.6666666666666,590.0,593.0,82800,-1.0,-1.0,-1.0
2017/07/06,599.3333333333333,599.3333333333333,584.6666666666666,588.3333333333333,138900,-1.0,-1.0,-1.0
2017/07/07,584.3333333333333,594.0,583.3333333333333,591.6666666666666,84600,-1.0,-1.0,-1.0
2017/07/10,595.0,595.0,588.6666666666666,589.6666666666666,57300,-1.0,-1.0,-1.0
2017/07/11,588.3333333333333,592.3333333333333,588.0,588.3333333333333,72900,-1.0,-1.0,-1.0
2017/07/12,588.3333333333333,589.3333333333333,586.6666666666666,587.6666666666666,77100,-1.0,-1.0,-1.0
2017/07/13,590.6666666666666,591.0,583.6666666666666,583.6666666666666,72900,-1.0,-1.0,-1.0
2017/07/14,588.3333333333333,588.6666666666666,584.6666666666666,587.6666666666666,39900,-1.0,-1.0,-1.0
2017/07/18,584.0,591.0,582.0,591.0,72000,-1.0,-1.0,-1.0
2017/07/19,587.3333333333333,592.3333333333333,576.6666666666666,583.3333333333333,198000,-1.0,-1.0,-1.0
2017/07/20,570.0,576.6666666666666,567.0,574.3333333333333,275700,-1.0,-1.0,-1.0
2017/07/21,576.6666666666666,578.0,572.6666666666666,574.6666666666666,66300,-1.0,-1.0,-1.0
2017/07/24,575.0,578.0,570.3333333333333,576.6666666666666,55800,-1.0,-1.0,-1.0
2017/07/25,576.6666666666666,577.0,570.3333333333333,571.6666666666666,41400,-1.0,-1.0,-1.0
2017/07/26,575.6666666666666,575.6666666666666,566.0,568.0,130200,-1.0,-1.0,-1.0
2017/07/27,565.6666666666666,571.3333333333333,565.6666666666666,571.0,88200,-1.0,-1.0,-1.0
2017/07/28,571.0,580.3333333333333,563.6666666666666,566.6666666666666,252900,-1.0,-1.0,-1.0
2017/07/31,569.6666666666666,573.3333333333333,553.6666666666666,554.0,187500,-1.0,-1.0,-1.0
2017/08/01,559.3333333333333,561.6666666666666,554.0,557.3333333333333,132300,-1.0,-1.0,-1.0
2017/08/02,566.0,572.3333333333333,557.3333333333333,561.0,170400,-1.0,-1.0,-1.0
2017/08/03,563.3333333333333,565.6666666666666,555.6666666666666,559.6666666666666,62400,-1.0,-1.0,-1.0
2017/08/04,563.3333333333333,566.6666666666666,559.3333333333333,565.3333333333333,61200,-1.0,-1.0,-1.0
2017/08/07,574.3333333333333,576.6666666666666,569.3333333333333,574.0,136500,-1.0,-1.0,-1.0
2017/08/08,578.3333333333333,579.6666666666666,574.0,577.3333333333333,101700,-1.0,-1.0,-1.0
2017/08/09,578.3333333333333,589.6666666666666,575.6666666666666,588.0,245100,-1.0,-1.0,-1.0
2017/08/10,588.6666666666666,593.6666666666666,581.3333333333333,582.6666666666666,126300,-1.0,-1.0,-1.0
2017/08/14,576.6666666666666,576.6666666666666,567.0,567.6666666666666,132600,-1.0,-1.0,-1.0
2017/08/15,572.0,572.0,557.3333333333333,557.3333333333333,88800,-1.0,-1.0,-1.0
2017/08/16,556.6666666666666,563.0,556.6666666666666,559.6666666666666,72300,-1.0,-1.0,-1.0
2017/08/17,562.3333333333333,564.3333333333333,559.3333333333333,560.0,76200,-1.0,-1.0,-1.0
2017/08/18,557.3333333333333,559.0,548.6666666666666,551.0,135900,-1.0,-1.0,-1.0
2017/08/21,551.0,553.3333333333333,549.3333333333333,552.0,63600,-1.0,-1.0,-1.0
2017/08/22,549.0,557.6666666666666,549.0,554.3333333333333,74700,-1.0,-1.0,-1.0
2017/08/23,555.0,556.0,547.0,548.0,120000,-1.0,-1.0,-1.0
2017/08/24,552.3333333333333,559.3333333333333,552.3333333333333,555.0,121800,-1.0,-1.0,-1.0
2017/08/25,554.3333333333333,559.6666666666666,552.0,553.6666666666666,101100,-1.0,-1.0,-1.0
2017/08/28,556.6666666666666,558.3333333333333,551.6666666666666,556.6666666666666,78600,-1.0,-1.0,-1.0
2017/08/29,556.6666666666666,557.6666666666666,553.6666666666666,555.3333333333333,43500,-1.0,-1.0,-1.0
2017/08/30,559.6666666666666,559.6666666666666,546.0,547.3333333333333,134700,-1.0,-1.0,-1.0
2017/08/31,552.3333333333333,552.3333333333333,543.3333333333333,545.0,118200,-1.0,-1.0,-1.0
2017/09/01,544.6666666666666,555.3333333333333,543.3333333333333,553.3333333333333,126300,-1.0,-1.0,-1.0
2017/09/04,552.0,552.3333333333333,543.6666666666666,544.0,75300,-1.0,-1.0,-1.0
2017/09/05,544.0,546.3333333333333,537.3333333333333,540.6666666666666,154800,-1.0,-1.0,-1.0
2017/09/06,541.3333333333333,544.3333333333333,532.0,532.0,312600,-1.0,-1.0,-1.0
2017/09/07,530.0,542.0,530.0,538.0,232500,-1.0,-1.0,-1.0
2017/09/08,535.3333333333333,536.0,530.6666666666666,531.0,124800,-1.0,-1.0,-1.0
2017/09/11,532.3333333333333,536.0,529.6666666666666,529.6666666666666,62700,-1.0,-1.0,-1.0
2017/09/12,529.6666666666666,538.0,529.6666666666666,536.6666666666666,86100,-1.0,-1.0,-1.0
2017/09/13,536.3333333333333,544.6666666666666,536.3333333333333,543.3333333333333,68400,-1.0,-1.0,-1.0
2017/09/14,543.3333333333333,546.6666666666666,539.3333333333333,540.0,54300,-1.0,-1.0,-1.0
2017/09/15,540.0,546.3333333333333,536.6666666666666,543.0,119400,-1.0,-1.0,-1.0
2017/09/19,544.3333333333333,553.0,543.3333333333333,548.0,112200,-1.0,-1.0,-1.0
2017/09/20,548.3333333333333,553.3333333333333,544.0,553.3333333333333,79500,-1.0,-1.0,-1.0
2017/09/21,550.6666666666666,558.3333333333333,550.6666666666666,551.6666666666666,78000,-1.0,-1.0,-1.0
2017/09/22,550.6666666666666,550.6666666666666,545.3333333333333,546.6666666666666,41100,-1.0,-1.0,-1.0
2017/09/25,546.6666666666666,553.6666666666666,545.6666666666666,548.0,51300,-1.0,-1.0,-1.0
2017/09/26,548.3333333333333,556.6666666666666,547.0,556.3333333333333,79200,-1.0,-1.0,-1.0
2017/09/27,559.3333333333333,574.3333333333333,557.0,570.6666666666666,229800,-1.0,-1.0,-1.0
2017/09/28,573.0,575.0,564.0,573.0,207900,-1.0,-1.0,-1.0
2017/09/29,573.0,576.0,569.6666666666666,572.0,94500,-1.0,-1.0,-1.0
2017/10/02,572.0,582.6666666666666,571.3333333333333,581.0,89700,-1.0,-1.0,-1.0
2017/10/03,583.3333333333333,598.3333333333333,583.0,594.3333333333333,242700,-1.0,-1.0,-1.0
2017/10/04,594.3333333333333,595.3333333333333,587.0,594.6666666666666,101100,-1.0,-1.0,-1.0
2017/10/05,590.3333333333333,594.0,588.3333333333333,591.0,87900,-1.0,-1.0,-1.0
2017/10/06,592.3333333333333,596.6666666666666,590.0,592.0,83700,-1.0,-1.0,-1.0
2017/10/10,592.0,596.3333333333333,590.6666666666666,594.6666666666666,144000,-1.0,-1.0,-1.0
2017/10/11,591.3333333333333,595.6666666666666,590.3333333333333,593.6666666666666,89700,-1.0,-1.0,-1.0
2017/10/12,593.3333333333333,594.6666666666666,592.0,594.3333333333333,90300,-1.0,-1.0,-1.0
2017/10/13,590.6666666666666,595.6666666666666,590.0,593.0,89100,-1.0,-1.0,-1.0
2017/10/16,593.0,611.3333333333333,593.0,607.6666666666666,194100,-1.0,-1.0,-1.0
2017/10/17,606.6666666666666,607.3333333333333,593.3333333333333,600.3333333333333,144300,-1.0,-1.0,-1.0
2017/10/18,598.3333333333333,613.0,597.6666666666666,613.0,177300,-1.0,-1.0,-1.0
2017/10/19,608.6666666666666,616.3333333333333,608.6666666666666,616.3333333333333,81600,-1.0,-1.0,-1.0
2017/10/20,607.6666666666666,632.0,607.6666666666666,621.3333333333333,277200,-1.0,-1.0,-1.0
2017/10/23,626.3333333333333,630.0,621.0,625.6666666666666,167100,-1.0,-1.0,-1.0
2017/10/24,616.6666666666666,633.3333333333333,615.0,629.0,197400,-1.0,-1.0,-1.0
2017/10/25,629.0,633.0,626.3333333333333,628.6666666666666,194100,-1.0,-1.0,-1.0
2017/10/26,631.3333333333333,648.6666666666666,623.3333333333333,628.3333333333333,207300,-1.0,-1.0,-1.0
2017/10/27,633.3333333333333,669.3333333333333,630.3333333333333,669.3333333333333,327300,-1.0,-1.0,-1.0
2017/10/30,669.6666666666666,702.0,669.6666666666666,691.6666666666666,382200,-1.0,-1.0,-1.0
2017/10/31,706.3333333333333,713.0,675.6666666666666,694.6666666666666,238800,-1.0,-1.0,-1.0
2017/11/01,693.0,708.0,690.6666666666666,708.0,209400,-1.0,-1.0,-1.0
2017/11/02,702.6666666666666,705.3333333333333,695.0,697.6666666666666,109200,-1.0,-1.0,-1.0
2017/11/06,696.6666666666666,699.3333333333333,685.3333333333333,691.0,87300,-1.0,-1.0,-1.0
2017/11/07,690.0,711.6666666666666,690.0,711.3333333333333,201300,-1.0,-1.0,-1.0
2017/11/08,706.6666666666666,733.3333333333333,703.6666666666666,732.6666666666666,202500,-1.0,-1.0,-1.0
2017/11/09,734.3333333333333,749.3333333333333,723.3333333333333,733.3333333333333,257100,-1.0,-1.0,-1.0
2017/11/10,726.3333333333333,737.6666666666666,721.6666666666666,726.0,96600,-1.0,-1.0,-1.0
2017/11/13,720.3333333333333,723.6666666666666,707.3333333333333,720.0,111900,-1.0,-1.0,-1.0
2017/11/14,717.0,717.0,692.6666666666666,703.0,156000,-1.0,-1.0,-1.0
2017/11/15,693.0,699.0,678.3333333333333,679.3333333333333,183000,-1.0,-1.0,-1.0
2017/11/16,682.0,712.3333333333333,682.0,708.0,142200,-1.0,-1.0,-1.0
2017/11/17,709.3333333333333,709.3333333333333,683.6666666666666,684.3333333333333,112500,-1.0,-1.0,-1.0
2017/11/20,679.3333333333333,703.3333333333333,679.3333333333333,699.6666666666666,114900,-1.0,-1.0,-1.0
2017/11/21,699.3333333333333,706.3333333333333,693.0,704.3333333333333,100500,-1.0,-1.0,-1.0
2017/11/22,705.3333333333333,706.3333333333333,697.0,700.6666666666666,56100,-1.0,-1.0,-1.0
2017/11/24,696.6666666666666,698.3333333333333,691.6666666666666,695.6666666666666,48300,-1.0,-1.0,-1.0
2017/11/27,696.6666666666666,702.6666666666666,690.6666666666666,696.6666666666666,50100,-1.0,-1.0,-1.0
2017/11/28,696.0,709.6666666666666,696.0,708.0,110400,-1.0,-1.0,-1.0
2017/11/29,711.3333333333333,714.6666666666666,708.0,711.0,48000,-1.0,-1.0,-1.0
2017/11/30,708.3333333333333,708.3333333333333,697.0,704.3333333333333,75300,-1.0,-1.0,-1.0
2017/12/01,700.3333333333333,729.0,700.0,724.0,136200,-1.0,-1.0,-1.0
2017/12/04,726.6666666666666,728.6666666666666,721.3333333333333,722.0,40200,-1.0,-1.0,-1.0
2017/12/05,716.6666666666666,754.0,711.6666666666666,747.0,247800,-1.0,-1.0,-1.0
2017/12/06,744.6666666666666,748.3333333333333,739.6666666666666,743.6666666666666,92400,-1.0,-1.0,-1.0
2017/12/07,740.0,747.0,740.0,744.0,65400,-1.0,-1.0,-1.0
2017/12/08,727.3333333333333,749.6666666666666,725.6666666666666,748.0,90900,-1.0,-1.0,-1.0
2017/12/11,748.0,758.3333333333333,742.6666666666666,752.6666666666666,107100,-1.0,-1.0,-1.0
2017/12/12,753.3333333333333,796.6666666666666,753.3333333333333,784.6666666666666,242100,-1.0,-1.0,-1.0
2017/12/13,778.0,783.3333333333333,723.3333333333333,728.3333333333333,323700,-1.0,-1.0,-1.0
2017/12/14,728.3333333333333,739.6666666666666,728.3333333333333,737.3333333333333,86700,-1.0,-1.0,-1.0
2017/12/15,734.6666666666666,735.3333333333333,716.0,730.3333333333333,195300,-1.0,-1.0,-1.0
2017/12/18,733.3333333333333,733.3333333333333,721.0,723.6666666666666,68400,-1.0,-1.0,-1.0
2017/12/19,720.6666666666666,722.6666666666666,711.3333333333333,713.6666666666666,96300,-1.0,-1.0,-1.0
2017/12/20,709.0,719.0,709.0,717.6666666666666,82800,-1.0,-1.0,-1.0
2017/12/21,716.6666666666666,765.6666666666666,716.3333333333333,765.0,249300,-1.0,-1.0,-1.0
2017/12/22,760.0,765.3333333333333,746.6666666666666,760.6666666666666,94500,-1.0,-1.0,-1.0
2017/12/25,754.0,758.3333333333333,747.0,751.3333333333333,86100,-1.0,-1.0,-1.0
2017/12/26,757.0,761.0,750.0,758.0,135900,-1.0,-1.0,-1.0
2017/12/27,742.6666666666666,756.3333333333333,742.0,753.0,117600,-1.0,-1.0,-1.0
2017/12/28,749.0,755.3333333333333,743.0,746.0,71400,-1.0,-1.0,-1.0
2017/12/29,746.3333333333333,746.3333333333333,730.3333333333333,741.6666666666666,81900,-1.0,-1.0,-1.0
2018/01/04,753.0,754.6666666666666,743.3333333333333,751.0,93300,-1.0,-1.0,-1.0
2018/01/05,749.3333333333333,754.0,743.6666666666666,745.3333333333333,51000,-1.0,-1.0,-1.0
2018/01/09,745.3333333333333,760.6666666666666,744.6666666666666,760.3333333333333,65100,-1.0,-1.0,-1.0
2018/01/10,764.3333333333333,764.3333333333333,756.6666666666666,760.6666666666666,50100,-1.0,-1.0,-1.0
2018/01/11,758.3333333333333,760.6666666666666,752.3333333333333,760.6666666666666,57600,-1.0,-1.0,-1.0
2018/01/12,756.6666666666666,757.0,748.3333333333333,749.0,58500,-1.0,-1.0,-1.0
2018/01/15,749.6666666666666,760.0,749.6666666666666,757.3333333333333,81900,-1.0,-1.0,-1.0
2018/01/16,760.0,760.0,748.3333333333333,749.3333333333333,107100,-1.0,-1.0,-1.0
2018/01/17,750.0,751.0,725.0,729.0,90600,-1.0,-1.0,-1.0
2018/01/18,736.6666666666666,736.6666666666666,701.0,701.6666666666666,114600,-1.0,-1.0,-1.0
2018/01/19,704.6666666666666,713.3333333333333,692.3333333333333,705.6666666666666,105000,-1.0,-1.0,-1.0
2018/01/22,701.6666666666666,702.0,687.3333333333333,698.3333333333333,99900,-1.0,-1.0,-1.0
2018/01/23,702.6666666666666,704.6666666666666,690.0,698.6666666666666,71100,-1.0,-1.0,-1.0
2018/01/24,690.0,714.3333333333333,688.3333333333333,713.3333333333333,108000,-1.0,-1.0,-1.0
2018/01/25,714.3333333333333,731.6666666666666,710.6666666666666,727.0,127200,-1.0,-1.0,-1.0
2018/01/26,722.3333333333333,722.3333333333333,716.0,717.6666666666666,51300,-1.0,-1.0,-1.0
2018/01/29,718.3333333333333,722.3333333333333,715.6666666666666,719.0,31500,-1.0,-1.0,-1.0
2018/01/30,719.0,723.3333333333333,711.3333333333333,715.6666666666666,54300,-1.0,-1.0,-1.0
2018/01/31,712.6666666666666,722.3333333333333,705.3333333333333,706.6666666666666,100200,-1.0,-1.0,-1.0
2018/02/01,704.6666666666666,731.3333333333333,704.6666666666666,727.6666666666666,102900,-1.0,-1.0,-1.0
2018/02/02,726.3333333333333,729.3333333333333,721.6666666666666,728.0,45600,-1.0,-1.0,-1.0
2018/02/05,721.6666666666666,723.3333333333333,710.0,714.3333333333333,150600,-1.0,-1.0,-1.0
2018/02/06,681.0,699.6666666666666,653.0,669.0,171600,-1.0,-1.0,-1.0
2018/02/07,686.0,703.3333333333333,678.6666666666666,678.6666666666666,106200,-1.0,-1.0,-1.0
2018/02/08,684.6666666666666,697.3333333333333,680.6666666666666,681.6666666666666,96900,-1.0,-1.0,-1.0
2018/02/09,661.0,679.3333333333333,659.6666666666666,670.3333333333333,95400,-1.0,-1.0,-1.0
2018/02/13,671.3333333333333,706.6666666666666,671.3333333333333,699.0,223200,-1.0,-1.0,-1.0
2018/02/14,699.0,763.3333333333333,677.6666666666666,751.6666666666666,285600,-1.0,-1.0,-1.0
2018/02/15,766.6666666666666,816.6666666666666,759.0,775.6666666666666,523500,-1.0,-1.0,-1.0
2018/02/16,776.6666666666666,789.3333333333333,766.3333333333333,772.3333333333333,142800,-1.0,-1.0,-1.0
2018/02/19,776.6666666666666,798.3333333333333,776.0,787.6666666666666,111900,-1.0,-1.0,-1.0
2018/02/20,788.0,788.3333333333333,775.3333333333333,780.0,69600,-1.0,-1.0,-1.0
2018/02/21,783.3333333333333,805.3333333333333,777.0,794.6666666666666,165300,-1.0,-1.0,-1.0
2018/02/22,794.6666666666666,839.3333333333333,791.0,824.3333333333333,312000,-1.0,-1.0,-1.0
2018/02/23,815.0,823.6666666666666,801.6666666666666,811.0,154500,-1.0,-1.0,-1.0
2018/02/26,811.0,815.0,797.0,814.0,95700,-1.0,-1.0,-1.0
2018/02/27,826.0,832.6666666666666,811.6666666666666,825.6666666666666,204000,-1.0,-1.0,-1.0
2018/02/28,826.6666666666666,841.0,812.3333333333333,826.0,163500,-1.0,-1.0,-1.0
2018/03/01,816.6666666666666,839.6666666666666,805.3333333333333,828.3333333333333,178200,-1.0,-1.0,-1.0
2018/03/02,817.3333333333333,860.3333333333333,817.3333333333333,849.6666666666666,249000,-1.0,-1.0,-1.0
2018/03/05,858.0,860.0,833.6666666666666,853.3333333333333,212700,-1.0,-1.0,-1.0
2018/03/06,861.6666666666666,896.6666666666666,856.0,876.6666666666666,239100,-1.0,-1.0,-1.0
2018/03/07,877.0,898.6666666666666,867.0,873.6666666666666,370800,-1.0,-1.0,-1.0
2018/03/08,879.0,894.6666666666666,869.6666666666666,880.3333333333333,169500,-1.0,-1.0,-1.0
2018/03/09,881.6666666666666,896.6666666666666,841.6666666666666,857.6666666666666,315000,-1.0,-1.0,-1.0
2018/03/12,870.3333333333333,873.3333333333333,834.6666666666666,847.3333333333333,156000,-1.0,-1.0,-1.0
2018/03/13,841.6666666666666,870.0,829.0,858.6666666666666,264600,-1.0,-1.0,-1.0
2018/03/14,861.0,866.0,849.0,855.3333333333333,141900,-1.0,-1.0,-1.0
2018/03/15,865.0,866.6666666666666,837.3333333333333,859.3333333333333,112500,-1.0,-1.0,-1.0
2018/03/16,866.6666666666666,866.6666666666666,840.6666666666666,842.6666666666666,187800,-1.0,-1.0,-1.0
2018/03/19,842.6666666666666,848.6666666666666,818.3333333333333,832.6666666666666,171900,-1.0,-1.0,-1.0
2018/03/20,826.6666666666666,836.6666666666666,811.6666666666666,818.0,174300,-1.0,-1.0,-1.0
2018/03/22,810.0,810.0,791.3333333333333,797.0,149100,-1.0,-1.0,-1.0
2018/03/23,772.0,791.6666666666666,771.6666666666666,777.3333333333333,175800,-1.0,-1.0,-1.0
2018/03/26,768.0,768.0,756.0,766.3333333333333,144300,-1.0,-1.0,-1.0
2018/03/27,768.6666666666666,783.6666666666666,768.6666666666666,780.0,96000,-1.0,-1.0,-1.0
2018/03/28,769.0,774.6666666666666,752.6666666666666,759.3333333333333,119400,-1.0,-1.0,-1.0
2018/03/29,760.3333333333333,766.3333333333333,747.6666666666666,761.6666666666666,84000,-1.0,-1.0,-1.0
2018/03/30,773.3333333333333,778.3333333333333,764.3333333333333,773.3333333333333,102000,-1.0,-1.0,-1.0
2018/04/02,784.3333333333333,792.3333333333333,770.0,772.3333333333333,91500,-1.0,-1.0,-1.0
2018/04/03,766.6666666666666,788.6666666666666,760.6666666666666,782.3333333333333,114300,-1.0,-1.0,-1.0
2018/04/04,782.3333333333333,822.6666666666666,782.3333333333333,817.3333333333333,182100,-1.0,-1.0,-1.0
2018/04/05,815.3333333333333,845.3333333333333,814.3333333333333,838.3333333333333,194400,-1.0,-1.0,-1.0
2018/04/06,842.0,844.3333333333333,835.3333333333333,841.6666666666666,97800,-1.0,-1.0,-1.0
2018/04/09,843.6666666666666,857.3333333333333,840.3333333333333,856.6666666666666,86100,-1.0,-1.0,-1.0
2018/04/10,853.3333333333333,854.3333333333333,838.6666666666666,850.0,84000,-1.0,-1.0,-1.0
2018/04/11,844.3333333333333,863.6666666666666,838.6666666666666,862.0,118500,-1.0,-1.0,-1.0
2018/04/12,866.3333333333333,875.3333333333333,862.3333333333333,868.0,140100,-1.0,-1.0,-1.0
2018/04/13,873.3333333333333,897.3333333333333,869.6666666666666,893.3333333333333,210000,-1.0,-1.0,-1.0
2018/04/16,896.0,902.3333333333333,890.0,895.0,185700,-1.0,-1.0,-1.0
2018/04/17,894.3333333333333,922.3333333333333,894.0,907.0,186900,-1.0,-1.0,-1.0
2018/04/18,910.6666666666666,940.3333333333333,910.6666666666666,930.3333333333333,156300,-1.0,-1.0,-1.0
2018/04/19,934.0,949.3333333333333,918.6666666666666,926.0,104100,-1.0,-1.0,-1.0
2018/04/20,918.0,929.6666666666666,916.3333333333333,916.6666666666666,40800,-1.0,-1.0,-1.0
2018/04/23,923.3333333333333,923.3333333333333,897.3333333333333,899.3333333333333,52500,-1.0,-1.0,-1.0
2018/04/24,895.0,904.0,892.0,894.0,135300,-1.0,-1.0,-1.0
2018/04/25,893.3333333333333,905.3333333333333,892.6666666666666,895.6666666666666,67200,-1.0,-1.0,-1.0
2018/04/26,898.0,899.3333333333333,882.6666666666666,885.6666666666666,139200,-1.0,-1.0,-1.0
2018/04/27,896.3333333333333,912.0,842.0,846.3333333333333,293700,-1.0,-1.0,-1.0
2018/05/01,863.0,863.0,797.0,801.3333333333333,187800,-1.0,-1.0,-1.0
2018/05/02,803.0,815.3333333333333,779.3333333333333,793.6666666666666,348900,-1.0,-1.0,-1.0
2018/05/07,797.0,822.6666666666666,797.0,819.3333333333333,90600,-1.0,-1.0,-1.0
2018/05/08,829.6666666666666,849.0,817.6666666666666,821.6666666666666,216900,-1.0,-1.0,-1.0
2018/05/09,826.3333333333333,826.3333333333333,797.3333333333333,799.6666666666666,108300,-1.0,-1.0,-1.0
2018/05/10,800.6666666666666,805.3333333333333,792.0,796.6666666666666,135900,-1.0,-1.0,-1.0
2018/05/11,796.6666666666666,800.6666666666666,790.3333333333333,794.3333333333333,46800,-1.0,-1.0,-1.0
2018/05/14,801.0,814.6666666666666,798.6666666666666,812.0,102300,-1.0,-1.0,-1.0
2018/05/15,817.3333333333333,822.0,809.3333333333333,817.0,127500,-1.0,-1.0,-1.0
2018/05/16,818.3333333333333,828.3333333333333,816.6666666666666,822.0,65400,-1.0,-1.0,-1.0
2018/05/17,838.6666666666666,847.6666666666666,824.6666666666666,830.3333333333333,122700,-1.0,-1.0,-1.0
2018/05/18,836.6666666666666,840.6666666666666,822.6666666666666,840.3333333333333,111900,-1.0,-1.0,-1.0
2018/05/21,840.3333333333333,847.6666666666666,831.3333333333333,844.0,122100,-1.0,-1.0,-1.0
2018/05/22,843.0,847.6666666666666,830.6666666666666,840.3333333333333,81300,-1.0,-1.0,-1.0
2018/05/23,840.3333333333333,875.0,828.3333333333333,868.0,223200,-1.0,-1.0,-1.0
2018/05/24,874.3333333333333,880.0,835.6666666666666,846.6666666666666,135300,-1.0,-1.0,-1.0
2018/05/25,846.6666666666666,849.6666666666666,804.0,804.6666666666666,242100,-1.0,-1.0,-1.0
2018/05/28,808.6666666666666,814.6666666666666,781.6666666666666,789.6666666666666,145500,-1.0,-1.0,-1.0
2018/05/29,793.6666666666666,793.6666666666666,773.3333333333333,785.3333333333333,71100,-1.0,-1.0,-1.0
2018/05/30,779.6666666666666,801.0,779.3333333333333,792.3333333333333,91800,-1.0,-1.0,-1.0
2018/05/31,800.6666666666666,805.6666666666666,780.6666666666666,787.3333333333333,147900,-1.0,-1.0,-1.0
2018/06/01,810.6666666666666,823.3333333333333,803.3333333333333,809.0,119700,-1.0,-1.0,-1.0
2018/06/04,813.3333333333333,813.6666666666666,803.3333333333333,810.0,63600,-1.0,-1.0,-1.0
2018/06/05,814.6666666666666,814.6666666666666,805.3333333333333,810.0,55500,-1.0,-1.0,-1.0
2018/06/06,810.0,813.0,801.6666666666666,805.0,54300,-1.0,-1.0,-1.0
2018/06/07,816.6666666666666,827.0,814.6666666666666,827.0,89400,-1.0,-1.0,-1.0
2018/06/08,822.3333333333333,827.0,800.3333333333333,817.0,154500,-1.0,-1.0,-1.0
2018/06/11,817.0,841.3333333333333,817.0,834.6666666666666,73800,-1.0,-1.0,-1.0
2018/06/12,835.3333333333333,835.3333333333333,813.6666666666666,821.3333333333333,107700,-1.0,-1.0,-1.0
2018/06/13,820.0,824.6666666666666,806.3333333333333,819.0,52200,-1.0,-1.0,-1.0
2018/06/14,810.3333333333333,816.6666666666666,799.6666666666666,802.3333333333333,112200,-1.0,-1.0,-1.0
2018/06/15,802.3333333333333,813.0,802.3333333333333,806.3333333333333,53100,-1.0,-1.0,-1.0
2018/06/18,806.3333333333333,806.3333333333333,778.3333333333333,786.0,89100,-1.0,-1.0,-1.0
2018/06/19,786.6666666666666,788.3333333333333,763.3333333333333,769.6666666666666,115200,-1.0,-1.0,-1.0
2018/06/20,767.6666666666666,776.6666666666666,759.0,775.0,61200,-1.0,-1.0,-1.0
2018/06/21,775.0,782.6666666666666,770.6666666666666,777.0,52800,-1.0,-1.0,-1.0
2018/06/22,770.3333333333333,774.3333333333333,760.3333333333333,773.6666666666666,80700,-1.0,-1.0,-1.0
2018/06/25,767.0,771.6666666666666,752.3333333333333,755.3333333333333,105600,-1.0,-1.0,-1.0
2018/06/26,747.3333333333333,755.0,740.3333333333333,751.0,110400,-1.0,-1.0,-1.0
2018/06/27,747.3333333333333,748.6666666666666,733.6666666666666,746.3333333333333,63300,-1.0,-1.0,-1.0
2018/06/28,740.3333333333333,743.0,731.6666666666666,742.0,51000,-1.0,-1.0,-1.0
2018/06/29,742.0,745.3333333333333,731.3333333333333,740.3333333333333,45000,-1.0,-1.0,-1.0
2018/07/02,740.6666666666666,741.0,717.0,720.0,87300,-1.0,-1.0,-1.0
2018/07/03,720.0,720.0,695.0,699.0,54600,-1.0,-1.0,-1.0
2018/07/04,682.3333333333333,709.3333333333333,682.3333333333333,707.0,51300,-1.0,-1.0,-1.0
2018/07/05,695.6666666666666,702.6666666666666,677.3333333333333,680.0,52500,-1.0,-1.0,-1.0
2018/07/06,678.0,692.6666666666666,678.0,691.3333333333333,53700,-1.0,-1.0,-1.0
2018/07/09,688.3333333333333,704.6666666666666,685.0,692.3333333333333,87300,-1.0,-1.0,-1.0
2018/07/10,692.6666666666666,720.3333333333333,685.3333333333333,697.3333333333333,141600,-1.0,-1.0,-1.0
2018/07/11,686.3333333333333,691.0,673.6666666666666,686.3333333333333,117000,-1.0,-1.0,-1.0
2018/07/12,686.6666666666666,721.0,686.6666666666666,712.0,148500,-1.0,-1.0,-1.0
2018/07/13,724.6666666666666,727.6666666666666,703.3333333333333,712.6666666666666,83400,-1.0,-1.0,-1.0
2018/07/17,713.3333333333333,719.0,699.3333333333333,712.0,114300,-1.0,-1.0,-1.0
2018/07/18,711.3333333333333,712.6666666666666,695.6666666666666,710.6666666666666,167100,-1.0,-1.0,-1.0
2018/07/19,715.0,729.3333333333333,705.3333333333333,723.6666666666666,75300,-1.0,-1.0,-1.0
2018/07/20,729.3333333333333,729.3333333333333,712.3333333333333,713.0,33600,-1.0,-1.0,-1.0
2018/07/23,717.3333333333333,721.0,708.0,713.3333333333333,40200,-1.0,-1.0,-1.0
2018/07/24,713.6666666666666,723.3333333333333,709.3333333333333,711.3333333333333,52800,-1.0,-1.0,-1.0
2018/07/25,711.6666666666666,721.0,707.6666666666666,713.3333333333333,39300,-1.0,-1.0,-1.0
2018/07/26,718.3333333333333,722.6666666666666,713.6666666666666,719.0,86400,-1.0,-1.0,-1.0
2018/07/27,724.3333333333333,739.6666666666666,655.0,656.6666666666666,585300,-1.0,-1.0,-1.0
2018/07/30,655.0,681.6666666666666,655.0,674.0,810900,-1.0,-1.0,-1.0
2018/07/31,679.6666666666666,685.6666666666666,670.6666666666666,679.0,265500,-1.0,-1.0,-1.0
2018/08/01,688.6666666666666,741.3333333333333,688.6666666666666,728.6666666666666,301500,-1.0,-1.0,-1.0
2018/08/02,740.0,753.6666666666666,740.0,751.3333333333333,184800,-1.0,-1.0,-1.0
2018/08/03,753.0,756.0,744.6666666666666,747.6666666666666,115200,-1.0,-1.0,-1.0
2018/08/06,753.6666666666666,756.0,736.0,739.3333333333333,142800,-1.0,-1.0,-1.0
2018/08/07,739.3333333333333,741.0,719.0,721.3333333333333,147300,-1.0,-1.0,-1.0
2018/08/08,722.0,726.3333333333333,701.0,702.3333333333333,132900,-1.0,-1.0,-1.0
2018/08/09,703.3333333333333,707.6666666666666,693.6666666666666,704.6666666666666,67800,-1.0,-1.0,-1.0
2018/08/10,705.3333333333333,717.3333333333333,697.0,699.3333333333333,55200,-1.0,-1.0,-1.0
2018/08/13,688.6666666666666,689.3333333333333,665.6666666666666,669.6666666666666,75600,-1.0,-1.0,-1.0
2018/08/14,670.3333333333333,682.3333333333333,655.0,671.3333333333333,93900,-1.0,-1.0,-1.0
2018/08/15,671.3333333333333,675.6666666666666,654.0,655.6666666666666,70200,-1.0,-1.0,-1.0
2018/08/16,654.0,660.6666666666666,643.6666666666666,656.6666666666666,79500,-1.0,-1.0,-1.0
2018/08/17,657.0,662.3333333333333,650.3333333333333,661.6666666666666,42000,-1.0,-1.0,-1.0
2018/08/20,656.0,662.0,638.3333333333333,640.6666666666666,51300,-1.0,-1.0,-1.0
2018/08/21,640.6666666666666,647.3333333333333,636.6666666666666,640.0,82500,-1.0,-1.0,-1.0
2018/08/22,636.6666666666666,658.0,636.6666666666666,656.0,114300,-1.0,-1.0,-1.0
2018/08/23,660.0,665.3333333333333,658.3333333333333,658.6666666666666,46500,-1.0,-1.0,-1.0
2018/08/24,660.0,665.6666666666666,659.3333333333333,662.0,15300,-1.0,-1.0,-1.0
2018/08/27,656.6666666666666,667.3333333333333,656.0,662.3333333333333,37200,-1.0,-1.0,-1.0
2018/08/28,668.6666666666666,674.6666666666666,653.6666666666666,660.0,75900,-1.0,-1.0,-1.0
2018/08/29,660.6666666666666,672.3333333333333,660.6666666666666,669.0,39300,-1.0,-1.0,-1.0
2018/08/30,670.3333333333333,677.3333333333333,664.3333333333333,666.6666666666666,28200,-1.0,-1.0,-1.0
2018/08/31,669.0,681.0,666.6666666666666,671.3333333333333,78900,-1.0,-1.0,-1.0
2018/09/03,670.0,670.6666666666666,659.0,667.6666666666666,53700,-1.0,-1.0,-1.0
2018/09/04,671.0,671.0,660.3333333333333,665.0,44100,-1.0,-1.0,-1.0
2018/09/05,660.6666666666666,676.6666666666666,659.0,668.3333333333333,78600,-1.0,-1.0,-1.0
2018/09/06,664.3333333333333,682.6666666666666,664.3333333333333,676.0,78600,-1.0,-1.0,-1.0
2018/09/07,674.0,675.3333333333333,659.3333333333333,665.3333333333333,48600,-1.0,-1.0,-1.0
2018/09/10,666.3333333333333,682.0,666.3333333333333,678.6666666666666,50100,-1.0,-1.0,-1.0
2018/09/11,678.3333333333333,678.3333333333333,665.0,670.3333333333333,46500,-1.0,-1.0,-1.0
2018/09/12,670.3333333333333,678.3333333333333,662.6666666666666,674.6666666666666,66600,-1.0,-1.0,-1.0
2018/09/13,676.6666666666666,702.0,676.6666666666666,698.6666666666666,54600,-1.0,-1.0,-1.0
2018/09/14,682.0,700.0,682.0,694.0,81300,-1.0,-1.0,-1.0
2018/09/18,695.3333333333333,720.0,685.3333333333333,710.0,76500,-1.0,-1.0,-1.0
2018/09/19,719.0,719.0,685.3333333333333,691.6666666666666,99900,-1.0,-1.0,-1.0
2018/09/20,692.3333333333333,698.0,672.3333333333333,692.0,129900,-1.0,-1.0,-1.0
2018/09/21,692.0,721.6666666666666,686.0,694.0,126000,-1.0,-1.0,-1.0
2018/09/25,680.0,711.3333333333333,674.6666666666666,711.0,149100,-1.0,-1.0,-1.0
2018/09/26,718.3333333333333,727.3333333333333,707.0,725.3333333333333,62700,-1.0,-1.0,-1.0
2018/09/27,720.3333333333333,738.6666666666666,720.3333333333333,730.6666666666666,87000,-1.0,-1.0,-1.0
2018/09/28,730.6666666666666,747.3333333333333,728.0,740.0,106800,-1.0,-1.0,-1.0
2018/10/01,739.3333333333333,749.3333333333333,730.3333333333333,735.0,74700,-1.0,-1.0,-1.0
2018/10/02,742.6666666666666,765.0,739.3333333333333,741.6666666666666,61200,-1.0,-1.0,-1.0
2018/10/03,732.0,749.6666666666666,723.3333333333333,731.6666666666666,55800,-1.0,-1.0,-1.0
2018/10/04,736.3333333333333,749.3333333333333,726.6666666666666,744.6666666666666,64200,-1.0,-1.0,-1.0
2018/10/05,737.0,740.3333333333333,721.6666666666666,724.3333333333333,50400,-1.0,-1.0,-1.0
2018/10/09,720.3333333333333,737.6666666666666,711.3333333333333,734.3333333333333,84300,-1.0,-1.0,-1.0
2018/10/10,726.3333333333333,740.0,719.3333333333333,720.6666666666666,29100,-1.0,-1.0,-1.0
2018/10/11,708.0,736.0,706.3333333333333,725.0,120600,-1.0,-1.0,-1.0
2018/10/12,717.0,749.6666666666666,717.0,738.6666666666666,107100,-1.0,-1.0,-1.0
2018/10/15,732.3333333333333,745.0,711.6666666666666,712.6666666666666,102900,-1.0,-1.0,-1.0
2018/10/16,713.6666666666666,729.0,708.6666666666666,715.6666666666666,53700,-1.0,-1.0,-1.0
2018/10/17,722.0,724.3333333333333,701.6666666666666,712.3333333333333,61800,-1.0,-1.0,-1.0
2018/10/18,710.0,716.0,700.6666666666666,702.0,54600,-1.0,-1.0,-1.0
2018/10/19,690.0,713.3333333333333,690.0,708.3333333333333,39900,-1.0,-1.0,-1.0
2018/10/22,703.0,703.0,677.6666666666666,678.6666666666666,84600,-1.0,-1.0,-1.0
2018/10/23,679.0,679.0,656.0,658.3333333333333,95700,-1.0,-1.0,-1.0
2018/10/24,657.6666666666666,669.6666666666666,653.0,668.6666666666666,65400,-1.0,-1.0,-1.0
2018/10/25,656.6666666666666,656.6666666666666,632.6666666666666,635.0,103500,-1.0,-1.0,-1.0
2018/10/26,638.0,644.6666666666666,618.0,623.6666666666666,94200,-1.0,-1.0,-1.0
2018/10/29,624.0,630.6666666666666,610.3333333333333,612.0,97800,-1.0,-1.0,-1.0
2018/10/30,600.3333333333333,639.0,553.6666666666666,638.0,428700,-1.0,-1.0,-1.0
2018/10/31,624.6666666666666,647.0,599.6666666666666,634.3333333333333,270300,-1.0,-1.0,-1.0
2018/11/01,647.6666666666666,688.3333333333333,628.0,672.6666666666666,212700,-1.0,-1.0,-1.0
2018/11/02,669.0,669.0,649.0,658.6666666666666,140700,-1.0,-1.0,-1.0
2018/11/05,646.6666666666666,647.6666666666666,627.3333333333333,633.0,126300,-1.0,-1.0,-1.0
2018/11/06,633.6666666666666,645.3333333333333,632.6666666666666,641.6666666666666,62400,-1.0,-1.0,-1.0
2018/11/07,645.0,648.3333333333333,618.3333333333333,622.6666666666666,90600,-1.0,-1.0,-1.0
2018/11/08,625.0,644.6666666666666,625.0,634.0,54300,-1.0,-1.0,-1.0
2018/11/09,633.3333333333333,647.0,633.3333333333333,643.0,37200,-1.0,-1.0,-1.0
2018/11/12,644.6666666666666,661.0,636.0,655.0,48300,-1.0,-1.0,-1.0
2018/11/13,641.6666666666666,647.3333333333333,631.0,631.3333333333333,66000,-1.0,-1.0,-1.0
2018/11/14,635.0,641.6666666666666,627.3333333333333,635.6666666666666,51300,-1.0,-1.0,-1.0
2018/11/15,631.3333333333333,641.3333333333333,627.0,639.0,55500,-1.0,-1.0,-1.0
2018/11/16,641.6666666666666,641.6666666666666,623.3333333333333,623.6666666666666,47400,-1.0,-1.0,-1.0
2018/11/19,620.6666666666666,638.0,610.0,636.0,80400,-1.0,-1.0,-1.0
2018/11/20,634.3333333333333,644.0,634.3333333333333,638.6666666666666,47700,-1.0,-1.0,-1.0
2018/11/21,629.6666666666666,650.3333333333333,629.6666666666666,638.3333333333333,73200,-1.0,-1.0,-1.0
2018/11/22,643.0,654.3333333333333,641.0,648.0,50100,-1.0,-1.0,-1.0
2018/11/26,643.0,644.6666666666666,634.3333333333333,640.0,81900,-1.0,-1.0,-1.0
2018/11/27,647.0,655.0,646.3333333333333,652.6666666666666,84000,-1.0,-1.0,-1.0
2018/11/28,652.6666666666666,670.6666666666666,652.6666666666666,666.0,67200,-1.0,-1.0,-1.0
2018/11/29,670.6666666666666,674.6666666666666,666.6666666666666,670.0,63600,-1.0,-1.0,-1.0
2018/11/30,670.0,689.0,667.0,684.6666666666666,74100,-1.0,-1.0,-1.0
2018/12/03,684.0,699.3333333333333,683.0,694.6666666666666,53700,-1.0,-1.0,-1.0
2018/12/04,691.0,702.6666666666666,690.0,697.0,89400,-1.0,-1.0,-1.0
2018/12/05,691.0,709.3333333333333,690.6666666666666,705.0,90000,-1.0,-1.0,-1.0
2018/12/06,703.0,703.0,685.0,696.3333333333333,90300,-1.0,-1.0,-1.0
2018/12/07,696.3333333333333,702.3333333333333,688.6666666666666,692.3333333333333,67800,-1.0,-1.0,-1.0
2018/12/10,681.0,681.6666666666666,661.6666666666666,663.6666666666666,72900,-1.0,-1.0,-1.0
2018/12/11,663.6666666666666,672.6666666666666,663.3333333333333,663.6666666666666,103500,-1.0,-1.0,-1.0
2018/12/12,664.3333333333333,664.6666666666666,634.3333333333333,640.3333333333333,211200,-1.0,-1.0,-1.0
2018/12/13,638.6666666666666,659.6666666666666,629.3333333333333,659.0,81300,-1.0,-1.0,-1.0
2018/12/14,662.6666666666666,669.3333333333333,647.0,664.6666666666666,119700,-1.0,-1.0,-1.0
2018/12/17,664.6666666666666,669.3333333333333,653.6666666666666,667.0,66300,-1.0,-1.0,-1.0
2018/12/18,659.6666666666666,659.6666666666666,647.3333333333333,651.0,72900,-1.0,-1.0,-1.0
2018/12/19,649.0,649.0,635.0,644.6666666666666,69600,-1.0,-1.0,-1.0
2018/12/20,639.6666666666666,639.6666666666666,602.3333333333333,608.0,105900,-1.0,-1.0,-1.0
2018/12/21,606.6666666666666,606.6666666666666,576.0,581.6666666666666,189000,-1.0,-1.0,-1.0
2018/12/25,568.6666666666666,568.6666666666666,529.6666666666666,533.0,158700,-1.0,-1.0,-1.0
2018/12/26,505.0,568.0,481.66666666666663,565.3333333333333,418800,-1.0,-1.0,-1.0
2018/12/27,591.6666666666666,598.6666666666666,557.0,591.3333333333333,214200,-1.0,-1.0,-1.0
2018/12/28,588.6666666666666,615.0,588.3333333333333,599.0,207300,-1.0,-1.0,-1.0
2019/01/04,581.0,589.6666666666666,563.0,578.3333333333333,221700,-1.0,-1.0,-1.0
2019/01/07,602.3333333333333,624.0,589.0,592.6666666666666,123300,-1.0,-1.0,-1.0
2019/01/08,601.3333333333333,621.3333333333333,570.3333333333333,573.0,176700,-1.0,-1.0,-1.0
2019/01/09,573.3333333333333,575.3333333333333,540.6666666666666,551.6666666666666,171600,-1.0,-1.0,-1.0
2019/01/10,544.3333333333333,548.6666666666666,528.0,545.0,123000,-1.0,-1.0,-1.0
2019/01/11,547.6666666666666,548.3333333333333,530.3333333333333,535.0,136800,-1.0,-1.0,-1.0
2019/01/15,527.6666666666666,572.6666666666666,527.3333333333333,571.0,167700,-1.0,-1.0,-1.0
2019/01/16,566.0,566.0,554.0,557.3333333333333,63300,-1.0,-1.0,-1.0
2019/01/17,557.3333333333333,565.3333333333333,549.0,557.6666666666666,62700,-1.0,-1.0,-1.0
2019/01/18,554.6666666666666,590.6666666666666,554.6666666666666,580.6666666666666,112200,-1.0,-1.0,-1.0
2019/01/21,584.3333333333333,602.6666666666666,584.3333333333333,593.0,59100,-1.0,-1.0,-1.0
2019/01/22,596.0,600.3333333333333,590.3333333333333,597.6666666666666,51000,-1.0,-1.0,-1.0
2019/01/23,584.6666666666666,593.0,583.6666666666666,586.0,27300,-1.0,-1.0,-1.0
2019/01/24,580.6666666666666,592.0,572.3333333333333,588.6666666666666,49200,-1.0,-1.0,-1.0
2019/01/25,590.6666666666666,611.6666666666666,590.6666666666666,606.3333333333333,87300,-1.0,-1.0,-1.0
2019/01/28,602.6666666666666,603.6666666666666,584.0,588.3333333333333,48000,-1.0,-1.0,-1.0
2019/01/29,582.0,587.3333333333333,576.6666666666666,582.3333333333333,31800,-1.0,-1.0,-1.0
2019/01/30,580.3333333333333,589.6666666666666,568.6666666666666,575.6666666666666,116100,-1.0,-1.0,-1.0
2019/01/31,583.3333333333333,597.3333333333333,583.3333333333333,585.6666666666666,52200,-1.0,-1.0,-1.0
2019/02/01,585.3333333333333,595.3333333333333,583.0,584.0,34500,-1.0,-1.0,-1.0
2019/02/04,583.0,608.3333333333333,583.0,601.3333333333333,62700,-1.0,-1.0,-1.0
2019/02/05,599.0,610.6666666666666,599.0,606.0,40800,-1.0,-1.0,-1.0
2019/02/06,592.6666666666666,605.6666666666666,592.6666666666666,600.3333333333333,36900,-1.0,-1.0,-1.0
2019/02/07,595.0,595.3333333333333,569.3333333333333,583.3333333333333,78900,-1.0,-1.0,-1.0
2019/02/08,576.0,579.0,561.0,574.6666666666666,66000,-1.0,-1.0,-1.0
2019/02/12,570.6666666666666,582.6666666666666,555.0,558.3333333333333,106200,-1.0,-1.0,-1.0
2019/02/13,556.0,560.0,542.0,556.6666666666666,40500,-1.0,-1.0,-1.0
2019/02/14,560.6666666666666,592.6666666666666,548.3333333333333,550.0,174000,-1.0,-1.0,-1.0
2019/02/15,537.6666666666666,554.6666666666666,533.3333333333333,553.0,176400,-1.0,-1.0,-1.0
2019/02/18,555.6666666666666,571.3333333333333,553.3333333333333,570.0,85500,-1.0,-1.0,-1.0
2019/02/19,572.0,574.0,552.0,558.3333333333333,46800,-1.0,-1.0,-1.0
2019/02/20,558.3333333333333,569.3333333333333,558.0,558.6666666666666,36000,-1.0,-1.0,-1.0
2019/02/21,558.3333333333333,563.6666666666666,551.6666666666666,561.6666666666666,36300,-1.0,-1.0,-1.0
2019/02/22,561.6666666666666,582.6666666666666,556.3333333333333,579.3333333333333,70500,-1.0,-1.0,-1.0
2019/02/25,579.3333333333333,598.3333333333333,579.3333333333333,597.6666666666666,69600,-1.0,-1.0,-1.0
2019/02/26,597.0,597.0,574.0,577.3333333333333,54600,-1.0,-1.0,-1.0
2019/02/27,577.0,596.6666666666666,575.6666666666666,594.3333333333333,58500,-1.0,-1.0,-1.0
2019/02/28,588.6666666666666,604.0,588.6666666666666,597.3333333333333,59100,-1.0,-1.0,-1.0
2019/03/01,597.3333333333333,601.6666666666666,590.3333333333333,594.0,47400,-1.0,-1.0,-1.0
2019/03/04,594.3333333333333,609.6666666666666,594.3333333333333,609.3333333333333,57300,-1.0,-1.0,-1.0
2019/03/05,606.0,615.0,597.3333333333333,611.0,79800,-1.0,-1.0,-1.0
2019/03/06,613.0,625.0,606.0,607.6666666666666,91500,-1.0,-1.0,-1.0
2019/03/07,601.3333333333333,601.3333333333333,581.6666666666666,590.6666666666666,73800,-1.0,-1.0,-1.0
2019/03/08,585.6666666666666,589.3333333333333,575.0,582.6666666666666,78300,-1.0,-1.0,-1.0
2019/03/11,582.6666666666666,582.6666666666666,567.0,570.3333333333333,54300,-1.0,-1.0,-1.0
2019/03/12,569.0,583.0,567.6666666666666,571.6666666666666,91500,-1.0,-1.0,-1.0
2019/03/13,566.6666666666666,578.3333333333333,560.0,570.3333333333333,71100,-1.0,-1.0,-1.0
2019/03/14,574.0,579.0,570.3333333333333,579.0,28500,-1.0,-1.0,-1.0
2019/03/15,576.6666666666666,584.0,567.6666666666666,568.6666666666666,95700,-1.0,-1.0,-1.0
2019/03/18,569.3333333333333,578.6666666666666,553.6666666666666,567.0,124800,-1.0,-1.0,-1.0
2019/03/19,568.3333333333333,568.6666666666666,540.6666666666666,555.0,176400,-1.0,-1.0,-1.0
2019/03/20,552.6666666666666,600.0,544.0,554.3333333333333,286500,-1.0,-1.0,-1.0
2019/03/22,555.3333333333333,577.3333333333333,554.3333333333333,577.3333333333333,96000,-1.0,-1.0,-1.0
2019/03/25,560.0,565.0,552.0,554.3333333333333,64500,-1.0,-1.0,-1.0
2019/03/26,555.0,590.0,555.0,589.6666666666666,140700,-1.0,-1.0,-1.0
2019/03/27,587.0,595.3333333333333,569.3333333333333,582.6666666666666,60600,-1.0,-1.0,-1.0
2019/03/28,578.0,581.6666666666666,564.3333333333333,576.6666666666666,80100,-1.0,-1.0,-1.0
2019/03/29,573.3333333333333,582.6666666666666,570.3333333333333,575.6666666666666,28800,-1.0,-1.0,-1.0
2019/04/01,575.6666666666666,595.6666666666666,575.6666666666666,591.6666666666666,49800,-1.0,-1.0,-1.0
2019/04/02,592.3333333333333,603.6666666666666,585.6666666666666,596.3333333333333,73200,-1.0,-1.0,-1.0
2019/04/03,597.0,607.3333333333333,594.3333333333333,606.0,76500,-1.0,-1.0,-1.0
2019/04/04,602.6666666666666,602.6666666666666,592.3333333333333,596.6666666666666,33300,-1.0,-1.0,-1.0
2019/04/05,597.6666666666666,606.6666666666666,597.3333333333333,606.6666666666666,47400,-1.0,-1.0,-1.0
2019/04/08,603.3333333333333,609.3333333333333,598.3333333333333,599.6666666666666,36000,-1.0,-1.0,-1.0
2019/04/09,600.0,612.3333333333333,590.0,612.3333333333333,102600,-1.0,-1.0,-1.0
2019/04/10,606.0,609.0,601.6666666666666,603.0,24900,-1.0,-1.0,-1.0
2019/04/11,605.0,609.6666666666666,597.6666666666666,606.3333333333333,34200,-1.0,-1.0,-1.0
2019/04/12,605.6666666666666,610.0,596.0,601.6666666666666,25200,-1.0,-1.0,-1.0
2019/04/15,603.0,619.0,602.6666666666666,616.0,67800,-1.0,-1.0,-1.0
2019/04/16,613.3333333333333,616.6666666666666,603.3333333333333,614.0,22800,-1.0,-1.0,-1.0
2019/04/17,617.0,624.3333333333333,610.6666666666666,624.3333333333333,32400,-1.0,-1.0,-1.0
2019/04/18,621.6666666666666,624.0,607.3333333333333,610.6666666666666,32700,-1.0,-1.0,-1.0
2019/04/19,616.6666666666666,616.6666666666666,609.0,615.3333333333333,26100,-1.0,-1.0,-1.0
2019/04/22,615.3333333333333,619.3333333333333,609.6666666666666,619.3333333333333,23400,-1.0,-1.0,-1.0
2019/04/23,618.3333333333333,623.0,615.0,622.3333333333333,17400,-1.0,-1.0,-1.0
2019/04/24,621.6666666666666,626.3333333333333,613.3333333333333,621.3333333333333,41700,-1.0,-1.0,-1.0
2019/04/25,618.3333333333333,629.3333333333333,618.3333333333333,623.0,75900,-1.0,-1.0,-1.0
2019/04/26,609.6666666666666,629.0,609.6666666666666,625.6666666666666,44100,-1.0,-1.0,-1.0
2019/05/07,625.6666666666666,627.3333333333333,611.3333333333333,618.0,78300,-1.0,-1.0,-1.0
2019/05/08,611.6666666666666,615.3333333333333,591.3333333333333,598.0,106500,-1.0,-1.0,-1.0
2019/05/09,594.0,613.6666666666666,571.6666666666666,605.6666666666666,179400,-1.0,-1.0,-1.0
2019/05/10,636.6666666666666,645.6666666666666,591.6666666666666,597.0,192300,-1.0,-1.0,-1.0
2019/05/13,605.0,606.3333333333333,586.6666666666666,586.6666666666666,61200,-1.0,-1.0,-1.0
2019/05/14,582.3333333333333,589.3333333333333,565.6666666666666,588.6666666666666,58800,-1.0,-1.0,-1.0
2019/05/15,593.0,596.0,582.6666666666666,594.0,59400,-1.0,-1.0,-1.0
2019/05/16,596.6666666666666,596.6666666666666,578.6666666666666,587.6666666666666,70200,-1.0,-1.0,-1.0
2019/05/17,593.3333333333333,603.3333333333333,593.3333333333333,595.0,47700,-1.0,-1.0,-1.0
2019/05/20,600.0,604.6666666666666,595.3333333333333,599.3333333333333,90300,-1.0,-1.0,-1.0
2019/05/21,599.3333333333333,601.6666666666666,592.3333333333333,598.3333333333333,33900,-1.0,-1.0,-1.0
2019/05/22,603.0,603.0,583.3333333333333,586.3333333333333,26400,-1.0,-1.0,-1.0
2019/05/23,584.6666666666666,592.3333333333333,584.6666666666666,586.6666666666666,19800,-1.0,-1.0,-1.0
2019/05/24,584.0,590.3333333333333,583.3333333333333,584.0,55200,-1.0,-1.0,-1.0
2019/05/27,583.3333333333333,589.3333333333333,573.3333333333333,574.6666666666666,45900,-1.0,-1.0,-1.0
2019/05/28,577.0,581.6666666666666,573.3333333333333,575.3333333333333,42600,-1.0,-1.0,-1.0
2019/05/29,575.3333333333333,576.3333333333333,568.0,574.6666666666666,43500,-1.0,-1.0,-1.0
2019/05/30,573.3333333333333,581.0,568.6666666666666,580.3333333333333,44100,-1.0,-1.0,-1.0
2019/05/31,577.0,588.3333333333333,571.6666666666666,585.0,72000,-1.0,-1.0,-1.0
2019/06/03,572.6666666666666,580.3333333333333,569.3333333333333,573.3333333333333,40800,-1.0,-1.0,-1.0
2019/06/04,578.0,589.3333333333333,569.3333333333333,587.3333333333333,78300,-1.0,-1.0,-1.0
2019/06/05,589.3333333333333,601.6666666666666,589.3333333333333,600.6666666666666,66000,-1.0,-1.0,-1.0
2019/06/06,600.6666666666666,600.6666666666666,580.0,580.0,39000,-1.0,-1.0,-1.0
2019/06/07,579.0,579.0,567.6666666666666,568.3333333333333,72600,-1.0,-1.0,-1.0
2019/06/10,571.6666666666666,573.0,548.3333333333333,548.3333333333333,176400,-1.0,-1.0,-1.0
2019/06/11,548.6666666666666,550.0,542.6666666666666,548.6666666666666,77700,-1.0,-1.0,-1.0
2019/06/12,548.6666666666666,549.3333333333333,540.3333333333333,540.6666666666666,52800,-1.0,-1.0,-1.0
2019/06/13,540.6666666666666,541.0,529.6666666666666,536.3333333333333,89100,-1.0,-1.0,-1.0
2019/06/14,534.3333333333333,534.6666666666666,525.3333333333333,525.3333333333333,87600,-1.0,-1.0,-1.0
2019/06/17,523.0,525.0,514.3333333333333,517.0,82800,-1.0,-1.0,-1.0
2019/06/18,514.3333333333333,517.0,500.0,501.3333333333333,86400,-1.0,-1.0,-1.0
2019/06/19,510.3333333333333,520.6666666666666,509.3333333333333,519.0,152100,-1.0,-1.0,-1.0
2019/06/20,520.0,520.3333333333333,513.0,515.6666666666666,51900,-1.0,-1.0,-1.0
2019/06/21,515.0,515.0,506.3333333333333,507.66666666666663,93600,-1.0,-1.0,-1.0
2019/06/24,510.0,510.0,499.66666666666663,499.66666666666663,76500,-1.0,-1.0,-1.0
2019/06/25,498.66666666666663,509.0,495.66666666666663,504.66666666666663,237900,-1.0,-1.0,-1.0
2019/06/26,505.66666666666663,513.3333333333333,502.66666666666663,510.66666666666663,154800,-1.0,-1.0,-1.0
2019/06/27,510.3333333333333,519.3333333333333,508.66666666666663,511.3333333333333,69600,-1.0,-1.0,-1.0
2019/06/28,514.3333333333333,516.6666666666666,509.66666666666663,511.3333333333333,80100,-1.0,-1.0,-1.0
2019/07/01,516.3333333333333,528.3333333333333,515.6666666666666,528.3333333333333,66900,-1.0,-1.0,-1.0
2019/07/02,530.6666666666666,534.6666666666666,523.6666666666666,531.0,53400,-1.0,-1.0,-1.0
2019/07/03,532.0,537.0,528.0,531.6666666666666,60900,-1.0,-1.0,-1.0
2019/07/04,532.3333333333333,548.0,532.3333333333333,548.0,68400,-1.0,-1.0,-1.0
2019/07/05,542.3333333333333,564.0,538.3333333333333,562.0,110700,-1.0,-1.0,-1.0
2019/07/08,564.6666666666666,568.6666666666666,538.6666666666666,558.3333333333333,138600,-1.0,-1.0,-1.0
2019/07/09,554.0,556.6666666666666,536.0,539.6666666666666,128100,-1.0,-1.0,-1.0
2019/07/10,535.0,539.0,529.3333333333333,532.3333333333333,63900,-1.0,-1.0,-1.0
2019/07/11,531.6666666666666,531.6666666666666,524.3333333333333,530.6666666666666,45300,-1.0,-1.0,-1.0
2019/07/12,527.3333333333333,533.3333333333333,517.0,517.0,59400,-1.0,-1.0,-1.0
2019/07/16,517.0,517.0,501.66666666666663,509.0,103800,-1.0,-1.0,-1.0
2019/07/17,510.3333333333333,510.66666666666663,499.0,499.0,82800,-1.0,-1.0,-1.0
2019/07/18,499.0,499.0,483.66666666666663,484.0,136500,-1.0,-1.0,-1.0
2019/07/19,486.0,494.0,481.3333333333333,494.0,57000,-1.0,-1.0,-1.0
2019/07/22,494.3333333333333,496.3333333333333,488.0,495.66666666666663,73800,-1.0,-1.0,-1.0
2019/07/23,495.3333333333333,508.3333333333333,495.3333333333333,504.3333333333333,71400,-1.0,-1.0,-1.0
2019/07/24,504.3333333333333,508.3333333333333,499.3333333333333,507.0,77700,-1.0,-1.0,-1.0
2019/07/25,505.3333333333333,514.6666666666666,505.3333333333333,514.6666666666666,49800,-1.0,-1.0,-1.0
2019/07/26,509.66666666666663,514.0,506.3333333333333,512.0,84600,-1.0,-1.0,-1.0
2019/07/29,510.0,510.0,501.3333333333333,504.3333333333333,49500,-1.0,-1.0,-1.0
2019/07/30,501.66666666666663,516.3333333333333,491.66666666666663,516.0,293400,-1.0,-1.0,-1.0
2019/07/31,515.6666666666666,526.3333333333333,513.3333333333333,513.3333333333333,127200,-1.0,-1.0,-1.0
2019/08/01,510.0,524.3333333333333,502.3333333333333,521.6666666666666,93600,-1.0,-1.0,-1.0
2019/08/02,513.6666666666666,524.6666666666666,508.66666666666663,516.6666666666666,126300,-1.0,-1.0,-1.0
2019/08/05,513.3333333333333,514.0,493.3333333333333,503.3333333333333,155100,-1.0,-1.0,-1.0
2019/08/06,487.0,497.3333333333333,484.3333333333333,496.3333333333333,104700,-1.0,-1.0,-1.0
2019/08/07,491.66666666666663,494.0,486.3333333333333,489.0,56400,-1.0,-1.0,-1.0
2019/08/08,494.3333333333333,496.0,487.0,493.3333333333333,27000,-1.0,-1.0,-1.0
2019/08/09,496.0,500.0,481.66666666666663,483.0,57300,-1.0,-1.0,-1.0
2019/08/13,477.0,477.0,463.3333333333333,463.3333333333333,85800,-1.0,-1.0,-1.0
2019/08/14,473.3333333333333,473.3333333333333,461.66666666666663,466.0,49200,-1.0,-1.0,-1.0
2019/08/15,459.0,462.66666666666663,454.3333333333333,462.3333333333333,36300,-1.0,-1.0,-1.0
2019/08/16,459.0,473.3333333333333,453.66666666666663,455.66666666666663,37800,-1.0,-1.0,-1.0
2019/08/19,456.3333333333333,460.0,452.3333333333333,454.66666666666663,49800,-1.0,-1.0,-1.0
2019/08/20,455.66666666666663,460.3333333333333,452.66666666666663,459.66666666666663,30900,-1.0,-1.0,-1.0
2019/08/21,457.3333333333333,458.0,456.0,456.0,38400,-1.0,-1.0,-1.0
2019/08/22,454.66666666666663,454.66666666666663,446.0,448.0,45300,-1.0,-1.0,-1.0
2019/08/23,447.0,449.0,441.3333333333333,441.3333333333333,35100,-1.0,-1.0,-1.0
2019/08/26,434.3333333333333,434.66666666666663,423.3333333333333,424.3333333333333,76200,-1.0,-1.0,-1.0
2019/08/27,425.66666666666663,428.0,418.0,418.3333333333333,75600,-1.0,-1.0,-1.0
2019/08/28,416.66666666666663,418.3333333333333,409.66666666666663,412.3333333333333,97500,-1.0,-1.0,-1.0
2019/08/29,408.0,419.0,407.3333333333333,415.0,67500,-1.0,-1.0,-1.0
2019/08/30,417.66666666666663,434.0,417.3333333333333,434.0,73800,-1.0,-1.0,-1.0
2019/09/02,434.66666666666663,434.66666666666663,422.66666666666663,425.3333333333333,54900,-1.0,-1.0,-1.0
2019/09/03,425.3333333333333,434.3333333333333,425.3333333333333,432.66666666666663,42600,-1.0,-1.0,-1.0
2019/09/04,427.66666666666663,434.3333333333333,427.66666666666663,428.66666666666663,47400,-1.0,-1.0,-1.0
2019/09/05,428.66666666666663,436.66666666666663,428.66666666666663,434.66666666666663,61800,-1.0,-1.0,-1.0
2019/09/06,437.0,437.66666666666663,434.66666666666663,436.66666666666663,30300,-1.0,-1.0,-1.0
2019/09/09,437.0,441.66666666666663,436.0,441.0,60000,-1.0,-1.0,-1.0
2019/09/10,441.0,448.66666666666663,441.0,448.66666666666663,68400,-1.0,-1.0,-1.0
2019/09/11,449.66666666666663,462.66666666666663,448.3333333333333,460.0,131400,-1.0,-1.0,-1.0
2019/09/12,462.0,473.3333333333333,457.3333333333333,471.0,94200,-1.0,-1.0,-1.0
2019/09/13,472.3333333333333,491.3333333333333,469.3333333333333,488.66666666666663,203700,-1.0,-1.0,-1.0
2019/09/17,488.66666666666663,494.0,480.66666666666663,493.0,102600,-1.0,-1.0,-1.0
2019/09/18,492.66666666666663,493.3333333333333,483.0,490.66666666666663,103500,-1.0,-1.0,-1.0
2019/09/19,490.66666666666663,495.3333333333333,487.3333333333333,492.66666666666663,87900,-1.0,-1.0,-1.0
2019/09/20,494.66666666666663,500.0,490.66666666666663,491.0,146700,-1.0,-1.0,-1.0
2019/09/24,491.0,505.66666666666663,487.3333333333333,491.66666666666663,62400,-1.0,-1.0,-1.0
2019/09/25,498.0,498.0,482.3333333333333,494.3333333333333,74100,-1.0,-1.0,-1.0
2019/09/26,497.0,506.66666666666663,493.66666666666663,495.66666666666663,97500,-1.0,-1.0,-1.0
2019/09/27,499.3333333333333,499.3333333333333,482.66666666666663,485.3333333333333,54600,-1.0,-1.0,-1.0
2019/09/30,481.0,488.3333333333333,471.3333333333333,484.3333333333333,118200,-1.0,-1.0,-1.0
2019/10/01,483.66666666666663,493.3333333333333,483.66666666666663,487.0,35100,-1.0,-1.0,-1.0
2019/10/02,487.3333333333333,487.3333333333333,479.66666666666663,479.66666666666663,47100,-1.0,-1.0,-1.0
2019/10/03,469.66666666666663,473.3333333333333,462.66666666666663,466.3333333333333,41700,-1.0,-1.0,-1.0
2019/10/04,462.66666666666663,464.0,456.66666666666663,461.66666666666663,36900,-1.0,-1.0,-1.0
2019/10/07,463.0,464.3333333333333,458.0,463.0,24000,-1.0,-1.0,-1.0
2019/10/08,463.66666666666663,474.0,463.66666666666663,469.0,57900,-1.0,-1.0,-1.0
2019/10/09,464.3333333333333,470.0,461.66666666666663,470.0,25500,-1.0,-1.0,-1.0
2019/10/10,468.0,472.3333333333333,461.0,469.3333333333333,38400,-1.0,-1.0,-1.0
2019/10/11,474.0,474.3333333333333,465.0,472.0,39300,-1.0,-1.0,-1.0
2019/10/15,478.3333333333333,482.0,476.0,480.3333333333333,45300,-1.0,-1.0,-1.0
2019/10/16,482.0,489.66666666666663,477.3333333333333,480.3333333333333,37500,-1.0,-1.0,-1.0
2019/10/17,479.0,479.0,472.3333333333333,475.3333333333333,36900,-1.0,-1.0,-1.0
2019/10/18,478.66666666666663,488.3333333333333,478.3333333333333,488.3333333333333,46200,-1.0,-1.0,-1.0
2019/10/21,489.0,492.0,488.3333333333333,489.3333333333333,16800,-1.0,-1.0,-1.0
2019/10/23,490.66666666666663,499.3333333333333,488.3333333333333,499.3333333333333,34500,-1.0,-1.0,-1.0
2019/10/24,497.3333333333333,499.0,496.66666666666663,497.3333333333333,30900,-1.0,-1.0,-1.0
2019/10/25,496.0,500.0,496.0,499.66666666666663,27900,-1.0,-1.0,-1.0
2019/10/28,500.0,511.3333333333333,498.3333333333333,508.66666666666663,56400,-1.0,-1.0,-1.0
2019/10/29,510.0,514.0,507.0,510.0,45600,-1.0,-1.0,-1.0
2019/10/30,521.6666666666666,531.6666666666666,504.3333333333333,508.66666666666663,340200,-1.0,-1.0,-1.0
2019/10/31,501.3333333333333,509.0,469.0,481.66666666666663,325800,-1.0,-1.0,-1.0
2019/11/01,474.0,485.3333333333333,474.0,482.0,94800,-1.0,-1.0,-1.0
2019/11/05,483.3333333333333,514.0,483.3333333333333,514.0,153000,-1.0,-1.0,-1.0
2019/11/06,508.3333333333333,510.0,502.0,504.0,36900,-1.0,-1.0,-1.0
2019/11/07,503.3333333333333,507.3333333333333,501.0,502.66666666666663,36000,-1.0,-1.0,-1.0
2019/11/08,506.0,508.3333333333333,497.0,501.66666666666663,62100,-1.0,-1.0,-1.0
2019/11/11,504.66666666666663,510.3333333333333,502.3333333333333,509.3333333333333,28800,-1.0,-1.0,-1.0
2019/11/12,508.3333333333333,508.3333333333333,499.0,502.3333333333333,31800,-1.0,-1.0,-1.0
2019/11/13,501.0,501.0,497.3333333333333,497.66666666666663,31500,-1.0,-1.0,-1.0
2019/11/14,497.66666666666663,501.66666666666663,491.0,491.0,26700,-1.0,-1.0,-1.0
2019/11/15,497.0,499.0,492.3333333333333,495.3333333333333,25800,-1.0,-1.0,-1.0
2019/11/18,494.0,494.0,484.66666666666663,486.3333333333333,39300,-1.0,-1.0,-1.0
2019/11/19,484.0,490.66666666666663,482.66666666666663,486.66666666666663,33300,-1.0,-1.0,-1.0
2019/11/20,484.66666666666663,484.66666666666663,472.3333333333333,476.0,64200,-1.0,-1.0,-1.0
2019/11/21,474.66666666666663,474.66666666666663,464.3333333333333,470.0,48600,-1.0,-1.0,-1.0
2019/11/22,470.0,470.0,463.3333333333333,465.0,29400,-1.0,-1.0,-1.0
2019/11/25,465.0,467.66666666666663,460.66666666666663,465.3333333333333,42300,-1.0,-1.0,-1.0
2019/11/26,467.0,471.66666666666663,460.66666666666663,460.66666666666663,52200,-1.0,-1.0,-1.0
2019/11/27,460.0,466.3333333333333,459.3333333333333,465.3333333333333,44100,-1.0,-1.0,-1.0
2019/11/28,463.3333333333333,467.0,460.0,465.66666666666663,40200,-1.0,-1.0,-1.0
2019/11/29,464.3333333333333,469.3333333333333,460.66666666666663,460.66666666666663,45000,-1.0,-1.0,-1.0
2019/12/02,461.66666666666663,469.3333333333333,460.66666666666663,469.0,39000,-1.0,-1.0,-1.0
2019/12/03,468.66666666666663,469.0,460.3333333333333,466.66666666666663,30300,-1.0,-1.0,-1.0
2019/12/04,465.3333333333333,468.66666666666663,462.0,466.3333333333333,28800,-1.0,-1.0,-1.0
2019/12/05,468.66666666666663,470.66666666666663,466.0,466.0,36900,-1.0,-1.0,-1.0
2019/12/06,463.3333333333333,468.3333333333333,461.66666666666663,466.0,35400,-1.0,-1.0,-1.0
2019/12/09,467.3333333333333,468.66666666666663,461.66666666666663,466.0,52200,-1.0,-1.0,-1.0
2019/12/10,468.3333333333333,474.3333333333333,465.3333333333333,466.0,86400,-1.0,-1.0,-1.0
2019/12/11,466.0,467.3333333333333,457.0,458.0,91200,-1.0,-1.0,-1.0
2019/12/12,463.0,464.66666666666663,457.66666666666663,463.3333333333333,47700,-1.0,-1.0,-1.0
2019/12/13,463.3333333333333,466.3333333333333,461.0,462.66666666666663,101400,-1.0,-1.0,-1.0
2019/12/16,463.3333333333333,473.66666666666663,463.3333333333333,463.66666666666663,72000,-1.0,-1.0,-1.0
2019/12/17,465.0,467.66666666666663,463.3333333333333,463.3333333333333,45600,-1.0,-1.0,-1.0
2019/12/18,463.3333333333333,466.66666666666663,461.3333333333333,464.0,67800,-1.0,-1.0,-1.0
2019/12/19,464.0,467.66666666666663,463.0,463.3333333333333,48900,-1.0,-1.0,-1.0
2019/12/20,463.3333333333333,464.66666666666663,453.66666666666663,453.66666666666663,66600,-1.0,-1.0,-1.0
2019/12/23,454.0,454.0,443.0,444.66666666666663,82800,-1.0,-1.0,-1.0
2019/12/24,442.66666666666663,449.66666666666663,440.0,449.66666666666663,84300,-1.0,-1.0,-1.0
2019/12/25,447.3333333333333,450.0,444.0,445.0,43200,-1.0,-1.0,-1.0
2019/12/26,444.0,460.3333333333333,444.0,460.3333333333333,107100,-1.0,-1.0,-1.0
2019/12/27,463.3333333333333,470.0,459.3333333333333,466.0,118800,-1.0,-1.0,-1.0
2019/12/30,463.3333333333333,463.3333333333333,456.66666666666663,461.66666666666663,32400,-1.0,-1.0,-1.0
2020/01/06,457.0,457.0,444.66666666666663,444.66666666666663,59100,-1.0,-1.0,-1.0
2020/01/07,444.3333333333333,459.3333333333333,444.3333333333333,458.0,34200,-1.0,-1.0,-1.0
2020/01/08,452.66666666666663,452.66666666666663,444.0,444.0,56400,-1.0,-1.0,-1.0
2020/01/09,445.3333333333333,457.0,445.3333333333333,456.3333333333333,18600,-1.0,-1.0,-1.0
2020/01/10,456.3333333333333,456.3333333333333,451.0,453.3333333333333,17100,-1.0,-1.0,-1.0
2020/01/14,452.3333333333333,456.0,445.66666666666663,446.66666666666663,22200,-1.0,-1.0,-1.0
2020/01/15,444.3333333333333,448.66666666666663,437.0,440.0,53100,-1.0,-1.0,-1.0
2020/01/16,440.0,442.0,436.66666666666663,436.66666666666663,24900,-1.0,-1.0,-1.0
2020/01/17,435.3333333333333,444.3333333333333,435.3333333333333,440.0,44400,-1.0,-1.0,-1.0
2020/01/20,438.3333333333333,445.3333333333333,438.3333333333333,440.0,18900,-1.0,-1.0,-1.0
2020/01/21,440.3333333333333,444.66666666666663,440.0,440.66666666666663,28200,-1.0,-1.0,-1.0
2020/01/22,441.66666666666663,446.0,439.66666666666663,441.0,23100,-1.0,-1.0,-1.0
2020/01/23,438.3333333333333,439.66666666666663,433.3333333333333,433.3333333333333,41400,-1.0,-1.0,-1.0
2020/01/24,433.66666666666663,433.66666666666663,428.0,429.0,45000,-1.0,-1.0,-1.0
2020/01/27,428.66666666666663,430.0,424.3333333333333,425.66666666666663,52500,-1.0,-1.0,-1.0
2020/01/28,423.66666666666663,424.3333333333333,411.66666666666663,416.0,86700,-1.0,-1.0,-1.0
2020/01/29,416.0,424.66666666666663,416.0,418.66666666666663,34200,-1.0,-1.0,-1.0
2020/01/30,418.3333333333333,421.66666666666663,410.3333333333333,412.3333333333333,97500,-1.0,-1.0,-1.0
2020/01/31,413.3333333333333,422.66666666666663,413.3333333333333,415.3333333333333,46800,-1.0,-1.0,-1.0
2020/02/03,413.3333333333333,413.3333333333333,404.3333333333333,404.3333333333333,76500,-1.0,-1.0,-1.0
2020/02/04,400.3333333333333,410.3333333333333,400.3333333333333,407.3333333333333,40800,-1.0,-1.0,-1.0
2020/02/05,407.66666666666663,423.3333333333333,407.66666666666663,421.66666666666663,52200,-1.0,-1.0,-1.0
2020/02/06,431.3333333333333,439.66666666666663,427.3333333333333,428.66666666666663,121500,-1.0,-1.0,-1.0
2020/02/07,432.0,432.0,426.0,429.66666666666663,50100,-1.0,-1.0,-1.0
2020/02/10,430.0,430.66666666666663,425.66666666666663,426.66666666666663,35700,-1.0,-1.0,-1.0
2020/02/12,427.66666666666663,504.0,425.0,467.66666666666663,697800,-1.0,-1.0,-1.0
2020/02/13,460.0,486.66666666666663,460.0,483.3333333333333,298800,-1.0,-1.0,-1.0
2020/02/14,480.66666666666663,502.3333333333333,478.3333333333333,502.0,314100,-1.0,-1.0,-1.0
2020/02/17,508.3333333333333,516.3333333333333,499.0,509.3333333333333,188100,-1.0,-1.0,-1.0
2020/02/18,506.0,509.3333333333333,500.3333333333333,507.66666666666663,75300,-1.0,-1.0,-1.0
2020/02/19,509.66666666666663,522.3333333333333,501.0,502.66666666666663,161700,-1.0,-1.0,-1.0
2020/02/20,507.66666666666663,512.3333333333333,501.0,507.66666666666663,104100,-1.0,-1.0,-1.0
2020/02/21,508.3333333333333,515.6666666666666,490.66666666666663,491.0,156300,-1.0,-1.0,-1.0
2020/02/25,473.66666666666663,507.3333333333333,473.66666666666663,498.66666666666663,646500,-1.0,-1.0,-1.0
2020/02/26,497.0,508.3333333333333,465.0,472.0,503700,-1.0,-1.0,-1.0
2020/02/27,465.0,473.0,431.0,442.0,473100,-1.0,-1.0,-1.0
2020/02/28,423.3333333333333,453.3333333333333,421.66666666666663,447.66666666666663,267300,-1.0,-1.0,-1.0
2020/03/02,442.3333333333333,467.3333333333333,439.3333333333333,442.0,376500,-1.0,-1.0,-1.0
2020/03/03,443.3333333333333,457.3333333333333,420.0,423.66666666666663,295800,-1.0,-1.0,-1.0
2020/03/04,428.3333333333333,444.0,422.3333333333333,436.3333333333333,276900,-1.0,-1.0,-1.0
2020/03/05,439.3333333333333,445.3333333333333,425.66666666666663,436.3333333333333,172500,-1.0,-1.0,-1.0
2020/03/06,426.3333333333333,441.0,419.3333333333333,431.3333333333333,262800,-1.0,-1.0,-1.0
2020/03/09,422.66666666666663,435.3333333333333,400.66666666666663,406.0,247500,-1.0,-1.0,-1.0
2020/03/10,396.0,436.0,385.0,432.66666666666663,317400,-1.0,-1.0,-1.0
2020/03/11,430.66666666666663,446.3333333333333,421.66666666666663,422.0,195300,-1.0,-1.0,-1.0
2020/03/12,412.0,420.0,387.3333333333333,394.66666666666663,282000,-1.0,-1.0,-1.0
2020/03/13,366.3333333333333,399.66666666666663,351.0,391.0,364500,-1.0,-1.0,-1.0
2020/03/16,392.3333333333333,425.66666666666663,390.3333333333333,398.0,393900,-1.0,-1.0,-1.0
2020/03/17,386.0,435.0,385.0,431.66666666666663,399900,-1.0,-1.0,-1.0
2020/03/18,436.3333333333333,467.0,435.0,445.0,312600,-1.0,-1.0,-1.0
2020/03/19,445.0,474.66666666666663,426.3333333333333,442.66666666666663,521400,-1.0,-1.0,-1.0
2020/03/23,437.3333333333333,456.66666666666663,429.3333333333333,451.3333333333333,137700,-1.0,-1.0,-1.0
2020/03/24,461.0,475.3333333333333,458.0,469.66666666666663,150600,-1.0,-1.0,-1.0
2020/03/25,474.0,487.3333333333333,472.66666666666663,486.0,171900,-1.0,-1.0,-1.0
2020/03/26,470.3333333333333,482.66666666666663,462.66666666666663,480.66666666666663,238200,-1.0,-1.0,-1.0
2020/03/27,486.0,488.0,465.66666666666663,478.0,170100,-1.0,-1.0,-1.0
2020/03/30,460.3333333333333,475.3333333333333,455.0,475.3333333333333,129600,-1.0,-1.0,-1.0
2020/03/31,469.0,469.3333333333333,446.66666666666663,449.66666666666663,147900,-1.0,-1.0,-1.0
2020/04/01,444.3333333333333,445.0,411.66666666666663,413.3333333333333,255600,-1.0,-1.0,-1.0
2020/04/02,402.3333333333333,403.66666666666663,378.66666666666663,379.3333333333333,263700,-1.0,-1.0,-1.0
2020/04/03,369.3333333333333,373.3333333333333,329.0,330.3333333333333,368400,-1.0,-1.0,-1.0
2020/04/06,320.3333333333333,323.3333333333333,292.3333333333333,315.66666666666663,794100,-1.0,-1.0,-1.0
2020/04/07,320.3333333333333,326.0,292.3333333333333,305.0,441900,-1.0,-1.0,-1.0
2020/04/08,305.0,307.0,292.0,305.66666666666663,406500,-1.0,-1.0,-1.0
2020/04/09,308.0,309.66666666666663,294.66666666666663,300.0,301200,-1.0,-1.0,-1.0
2020/04/10,302.66666666666663,309.66666666666663,296.0,308.3333333333333,277800,-1.0,-1.0,-1.0
2020/04/13,310.0,311.0,295.0,296.66666666666663,283800,-1.0,-1.0,-1.0
2020/04/14,294.3333333333333,305.0,286.0,302.3333333333333,462600,-1.0,-1.0,-1.0
2020/04/15,300.0,321.66666666666663,295.0,306.66666666666663,506100,-1.0,-1.0,-1.0
2020/04/16,302.0,305.3333333333333,295.0,297.3333333333333,300300,-1.0,-1.0,-1.0
2020/04/17,297.3333333333333,300.0,286.66666666666663,289.3333333333333,429900,-1.0,-1.0,-1.0
2020/04/20,291.3333333333333,291.3333333333333,275.66666666666663,285.66666666666663,642600,-1.0,-1.0,-1.0
2020/04/21,284.0,285.66666666666663,277.66666666666663,283.66666666666663,274200,-1.0,-1.0,-1.0
2020/04/22,280.0,285.0,275.0,279.3333333333333,261000,-1.0,-1.0,-1.0
2020/04/23,276.66666666666663,294.66666666666663,276.0,293.3333333333333,450600,-1.0,-1.0,-1.0
2020/04/24,294.3333333333333,294.66666666666663,276.3333333333333,278.3333333333333,370800,-1.0,-1.0,-1.0
2020/04/27,278.0,285.66666666666663,271.3333333333333,285.66666666666663,328200,-1.0,-1.0,-1.0
2020/04/28,290.66666666666663,292.0,280.0,290.3333333333333,255300,-1.0,-1.0,-1.0
2020/04/30,295.3333333333333,304.0,293.66666666666663,302.3333333333333,287400,-1.0,-1.0,-1.0
2020/05/01,299.3333333333333,300.66666666666663,285.3333333333333,288.3333333333333,320400,-1.0,-1.0,-1.0
2020/05/07,283.3333333333333,291.66666666666663,280.3333333333333,282.66666666666663,344400,-1.0,-1.0,-1.0
2020/05/08,283.3333333333333,307.0,283.0,296.3333333333333,740400,-1.0,-1.0,-1.0
2020/05/11,300.66666666666663,328.66666666666663,299.0,327.0,588000,-1.0,-1.0,-1.0
2020/05/12,326.3333333333333,350.3333333333333,326.3333333333333,341.3333333333333,504300,-1.0,-1.0,-1.0
2020/05/13,336.3333333333333,346.0,330.66666666666663,343.0,309600,-1.0,-1.0,-1.0
2020/05/14,338.3333333333333,341.0,324.66666666666663,324.66666666666663,217200,-1.0,-1.0,-1.0
2020/05/15,324.66666666666663,343.66666666666663,324.66666666666663,337.66666666666663,352200,-1.0,-1.0,-1.0
2020/05/18,322.66666666666663,327.3333333333333,314.0,323.3333333333333,848700,-1.0,-1.0,-1.0
2020/05/19,326.66666666666663,336.66666666666663,316.0,317.3333333333333,508200,-1.0,-1.0,-1.0
2020/05/20,316.66666666666663,325.66666666666663,315.3333333333333,324.0,281400,-1.0,-1.0,-1.0
2020/05/21,329.0,329.66666666666663,319.0,326.66666666666663,471000,-1.0,-1.0,-1.0
2020/05/22,325.0,325.66666666666663,299.3333333333333,304.3333333333333,1261800,-1.0,-1.0,-1.0
2020/05/25,303.0,304.66666666666663,294.0,302.3333333333333,567000,-1.0,-1.0,-1.0
2020/05/26,305.0,318.66666666666663,295.66666666666663,299.0,914400,-1.0,-1.0,-1.0
2020/05/27,297.3333333333333,303.0,288.3333333333333,303.0,837900,-1.0,-1.0,-1.0
2020/05/28,303.3333333333333,322.3333333333333,298.3333333333333,306.66666666666663,959400,-1.0,-1.0,-1.0
2020/05/29,303.66666666666663,313.0,299.3333333333333,302.0,391800,-1.0,-1.0,-1.0
2020/06/01,300.3333333333333,300.66666666666663,281.3333333333333,287.3333333333333,938400,-1.0,-1.0,-1.0
2020/06/02,283.3333333333333,305.0,283.3333333333333,300.0,759600,-1.0,-1.0,-1.0
2020/06/03,302.66666666666663,306.0,298.3333333333333,305.66666666666663,512400,-1.0,-1.0,-1.0
2020/06/04,308.0,311.0,294.3333333333333,297.3333333333333,558600,-1.0,-1.0,-1.0
2020/06/05,298.3333333333333,308.66666666666663,295.3333333333333,306.66666666666663,393900,-1.0,-1.0,-1.0
2020/06/08,311.66666666666663,329.0,311.3333333333333,328.0,665100,-1.0,-1.0,-1.0
2020/06/09,330.66666666666663,340.66666666666663,316.66666666666663,321.66666666666663,610500,-1.0,-1.0,-1.0
2020/06/10,320.0,320.0,313.66666666666663,315.0,304200,-1.0,-1.0,-1.0
2020/06/11,310.0,313.3333333333333,296.0,297.3333333333333,540900,-1.0,-1.0,-1.0
2020/06/12,287.3333333333333,296.0,284.66666666666663,291.66666666666663,501000,-1.0,-1.0,-1.0
2020/06/15,291.66666666666663,292.3333333333333,277.66666666666663,277.66666666666663,496800,-1.0,-1.0,-1.0
2020/06/16,284.66666666666663,294.0,282.66666666666663,293.3333333333333,472200,-1.0,-1.0,-1.0
2020/06/17,293.0,293.3333333333333,285.0,288.3333333333333,274200,-1.0,-1.0,-1.0
2020/06/18,287.0,288.0,280.66666666666663,285.66666666666663,253800,-1.0,-1.0,-1.0
2020/06/19,287.0,287.0,280.0,282.3333333333333,244500,-1.0,-1.0,-1.0
2020/06/22,279.0,282.66666666666663,274.0,278.66666666666663,267300,-1.0,-1.0,-1.0
2020/06/23,278.3333333333333,284.66666666666663,274.0,277.3333333333333,379500,-1.0,-1.0,-1.0
2020/06/24,279.3333333333333,279.3333333333333,267.3333333333333,269.3333333333333,489900,-1.0,-1.0,-1.0
2020/06/25,268.66666666666663,278.66666666666663,264.3333333333333,272.3333333333333,1314600,-1.0,-1.0,-1.0
2020/06/26,272.66666666666663,275.66666666666663,258.66666666666663,261.66666666666663,624600,-1.0,-1.0,-1.0
2020/06/29,254.0,254.0,238.66666666666666,240.33333333333331,929400,-1.0,-1.0,-1.0
2020/06/30,238.66666666666666,245.66666666666666,235.33333333333331,238.0,1275300,-1.0,-1.0,-1.0
2020/07/01,238.33333333333331,239.0,210.33333333333331,214.33333333333331,2385000,-1.0,-1.0,-1.0
2020/07/02,211.66666666666666,219.33333333333331,207.0,211.33333333333331,1773000,-1.0,-1.0,-1.0
2020/07/03,208.66666666666666,209.33333333333331,178.33333333333331,179.66666666666666,4717800,-1.0,-1.0,-1.0
2020/07/06,175.0,200.0,171.66666666666666,192.66666666666666,5562600,-1.0,-1.0,-1.0
2020/07/07,190.0,201.66666666666666,188.66666666666666,198.0,2498100,-1.0,-1.0,-1.0
2020/07/08,201.33333333333331,201.33333333333331,187.0,189.33333333333331,2476200,-1.0,-1.0,-1.0
2020/07/09,186.66666666666666,188.0,176.66666666666666,181.66666666666666,2405700,-1.0,-1.0,-1.0
2020/07/10,181.0,196.0,180.33333333333331,192.33333333333331,3861900,-1.0,-1.0,-1.0
2020/07/13,197.33333333333331,211.66666666666666,197.33333333333331,211.0,3239100,-1.0,-1.0,-1.0
2020/07/14,206.0,206.66666666666666,197.33333333333331,200.0,1795500,-1.0,-1.0,-1.0
2020/07/15,204.66666666666666,213.33333333333331,203.33333333333331,209.33333333333331,1456200,-1.0,-1.0,-1.0
2020/07/16,207.33333333333331,214.0,206.0,209.66666666666666,1035300,-1.0,-1.0,-1.0
2020/07/17,208.66666666666666,211.33333333333331,200.0,202.33333333333331,2024700,-1.0,-1.0,-1.0
2020/07/20,203.33333333333331,204.66666666666666,193.66666666666666,203.66666666666666,1227900,-1.0,-1.0,-1.0
2020/07/21,206.33333333333331,213.0,200.0,202.66666666666666,1559400,-1.0,-1.0,-1.0
2020/07/22,202.66666666666666,209.0,200.33333333333331,204.66666666666666,891000,-1.0,-1.0,-1.0
2020/07/27,206.66666666666666,209.33333333333331,200.66666666666666,209.33333333333331,638400,-1.0,-1.0,-1.0
2020/07/28,209.33333333333331,217.33333333333331,208.0,209.33333333333331,1212300,-1.0,-1.0,-1.0
2020/07/29,207.0,207.0,200.0,200.0,808500,-1.0,-1.0,-1.0
2020/07/30,201.66666666666666,202.66666666666666,192.0,196.0,1633800,-1.0,-1.0,-1.0
2020/07/31,193.33333333333331,197.66666666666666,184.33333333333331,184.66666666666666,1479000,-1.0,-1.0,-1.0
2020/08/03,184.0,186.33333333333331,172.33333333333331,178.33333333333331,1993800,-1.0,-1.0,-1.0
2020/08/04,181.66666666666666,186.33333333333331,176.66666666666666,185.66666666666666,1126800,-1.0,-1.0,-1.0
2020/08/05,184.0,184.33333333333331,178.66666666666666,184.0,609900,-1.0,-1.0,-1.0
2020/08/06,184.0,190.0,179.66666666666666,187.0,616200,-1.0,-1.0,-1.0
2020/08/07,186.66666666666666,196.0,185.33333333333331,192.66666666666666,565200,-1.0,-1.0,-1.0
2020/08/11,193.66666666666666,207.0,193.66666666666666,206.0,716700,-1.0,-1.0,-1.0
2020/08/12,204.0,209.66666666666666,201.33333333333331,207.33333333333331,552900,-1.0,-1.0,-1.0
2020/08/13,210.33333333333331,216.0,204.0,210.66666666666666,861600,-1.0,-1.0,-1.0
2020/08/14,208.0,216.0,207.33333333333331,212.33333333333331,643500,-1.0,-1.0,-1.0
2020/08/17,210.0,211.33333333333331,200.66666666666666,201.0,1087500,-1.0,-1.0,-1.0
2020/08/18,201.0,202.66666666666666,195.0,195.66666666666666,795600,-1.0,-1.0,-1.0
2020/08/19,198.33333333333331,199.33333333333331,192.0,196.0,507300,-1.0,-1.0,-1.0
2020/08/20,195.33333333333331,200.33333333333331,191.0,197.0,753900,-1.0,-1.0,-1.0
2020/08/21,197.0,201.33333333333331,195.0,196.33333333333331,878100,-1.0,-1.0,-1.0
2020/08/24,199.66666666666666,199.66666666666666,191.66666666666666,198.0,489600,-1.0,-1.0,-1.0
2020/08/25,198.0,205.33333333333331,196.66666666666666,198.33333333333331,457200,-1.0,-1.0,-1.0
2020/08/26,197.66666666666666,202.33333333333331,196.33333333333331,199.33333333333331,406800,-1.0,-1.0,-1.0
2020/08/27,200.0,207.0,194.33333333333331,205.33333333333331,1069500,-1.0,-1.0,-1.0
2020/08/28,207.33333333333331,212.33333333333331,197.33333333333331,201.33333333333331,839700,-1.0,-1.0,-1.0
2020/08/31,206.33333333333331,213.0,206.0,207.33333333333331,480900,-1.0,-1.0,-1.0
2020/09/01,206.33333333333331,207.0,201.33333333333331,204.0,252300,-1.0,-1.0,-1.0
2020/09/02,202.66666666666666,202.66666666666666,195.0,197.33333333333331,885000,-1.0,-1.0,-1.0
2020/09/03,200.0,204.33333333333331,197.66666666666666,200.0,256800,-1.0,-1.0,-1.0
2020/09/04,193.66666666666666,201.33333333333331,191.33333333333331,199.0,428400,-1.0,-1.0,-1.0
2020/09/07,198.33333333333331,201.66666666666666,194.66666666666666,200.33333333333331,415800,-1.0,-1.0,-1.0
2020/09/08,201.66666666666666,203.0,196.0,200.0,380400,-1.0,-1.0,-1.0
2020/09/09,199.33333333333331,203.66666666666666,195.0,197.33333333333331,537600,-1.0,-1.0,-1.0
2020/09/10,200.66666666666666,201.33333333333331,194.66666666666666,201.33333333333331,435300,-1.0,-1.0,-1.0
2020/09/11,201.66666666666666,206.66666666666666,200.0,205.0,438900,-1.0,-1.0,-1.0
2020/09/14,205.0,206.66666666666666,201.0,206.33333333333331,361200,-1.0,-1.0,-1.0
2020/09/15,205.0,205.66666666666666,201.33333333333331,203.33333333333331,261300,-1.0,-1.0,-1.0
2020/09/16,204.0,205.0,200.66666666666666,202.0,281100,-1.0,-1.0,-1.0
2020/09/17,202.0,206.0,198.33333333333331,200.66666666666666,447300,-1.0,-1.0,-1.0
2020/09/18,203.0,208.0,200.66666666666666,208.0,1121700,-1.0,-1.0,-1.0
2020/09/23,204.66666666666666,206.66666666666666,197.0,199.33333333333331,711300,-1.0,-1.0,-1.0
2020/09/24,199.33333333333331,201.66666666666666,195.0,196.0,430500,-1.0,-1.0,-1.0
2020/09/25,198.66666666666666,205.33333333333331,198.33333333333331,204.66666666666666,879300,-1.0,-1.0,-1.0
2020/09/28,204.0,207.66666666666666,201.0,207.33333333333331,414300,-1.0,-1.0,-1.0
2020/09/29,206.66666666666666,210.66666666666666,203.66666666666666,205.66666666666666,337800,-1.0,-1.0,-1.0
2020/09/30,204.0,208.66666666666666,199.33333333333331,200.33333333333331,460800,-1.0,-1.0,-1.0
2020/10/02,203.0,204.0,195.33333333333331,197.33333333333331,674400,-1.0,-1.0,-1.0
2020/10/05,198.0,201.33333333333331,195.0,200.0,576600,-1.0,-1.0,-1.0
2020/10/06,200.66666666666666,206.66666666666666,196.33333333333331,197.33333333333331,871500,-1.0,-1.0,-1.0
2020/10/07,194.33333333333331,198.33333333333331,189.33333333333331,198.33333333333331,890700,-1.0,-1.0,-1.0
2020/10/08,201.0,202.33333333333331,191.0,191.33333333333331,522600,-1.0,-1.0,-1.0
2020/10/09,190.33333333333331,192.33333333333331,182.66666666666666,187.0,774300,-1.0,-1.0,-1.0
2020/10/12,187.0,188.0,182.0,183.66666666666666,631200,-1.0,-1.0,-1.0
2020/10/13,185.66666666666666,186.33333333333331,177.66666666666666,179.0,782400,-1.0,-1.0,-1.0
2020/10/14,176.33333333333331,178.66666666666666,174.33333333333331,178.0,591600,-1.0,-1.0,-1.0
2020/10/15,176.0,177.33333333333331,172.0,174.33333333333331,733500,-1.0,-1.0,-1.0
2020/10/16,174.33333333333331,174.66666666666666,160.33333333333331,161.33333333333331,1535400,-1.0,-1.0,-1.0
2020/10/19,161.66666666666666,164.0,157.66666666666666,162.0,1133700,-1.0,-1.0,-1.0
2020/10/20,162.0,162.66666666666666,154.66666666666666,159.66666666666666,1101600,-1.0,-1.0,-1.0
2020/10/21,161.66666666666666,172.33333333333331,161.0,169.0,1572900,-1.0,-1.0,-1.0
2020/10/22,168.66666666666666,169.33333333333331,163.66666666666666,168.66666666666666,664500,-1.0,-1.0,-1.0
2020/10/23,168.66666666666666,174.33333333333331,166.66666666666666,173.66666666666666,426900,-1.0,-1.0,-1.0
2020/10/26,170.66666666666666,173.33333333333331,168.66666666666666,172.33333333333331,605700,-1.0,-1.0,-1.0
2020/10/27,171.33333333333331,173.66666666666666,168.33333333333331,173.33333333333331,420900,-1.0,-1.0,-1.0
2020/10/28,171.0,174.33333333333331,168.0,171.66666666666666,990000,-1.0,-1.0,-1.0
2020/10/29,170.0,177.33333333333331,169.66666666666666,175.33333333333331,350400,-1.0,-1.0,-1.0
2020/10/30,174.0,175.66666666666666,165.0,165.0,1444200,-1.0,-1.0,-1.0
2020/11/02,166.66666666666666,171.33333333333331,166.66666666666666,169.66666666666666,662400,-1.0,-1.0,-1.0
2020/11/04,171.66666666666666,174.0,168.66666666666666,170.66666666666666,719100,-1.0,-1.0,-1.0
2020/11/05,170.33333333333331,171.66666666666666,165.33333333333331,171.33333333333331,601800,-1.0,-1.0,-1.0
2020/11/06,172.33333333333331,178.33333333333331,167.33333333333331,176.33333333333331,1078800,-1.0,-1.0,-1.0
2020/11/09,175.66666666666666,177.0,170.0,170.66666666666666,495000,-1.0,-1.0,-1.0
2020/11/10,176.0,182.66666666666666,176.0,180.0,765300,-1.0,-1.0,-1.0
2020/11/11,180.66666666666666,186.0,178.66666666666666,181.33333333333331,435000,-1.0,-1.0,-1.0
2020/11/12,181.33333333333331,183.33333333333331,178.66666666666666,180.0,331500,-1.0,-1.0,-1.0
2020/11/13,178.66666666666666,179.33333333333331,174.66666666666666,176.0,354900,-1.0,-1.0,-1.0
2020/11/16,178.0,179.33333333333331,175.0,175.33333333333331,348900,-1.0,-1.0,-1.0
2020/11/17,178.66666666666666,179.33333333333331,175.0,178.33333333333331,284400,-1.0,-1.0,-1.0
2020/11/18,177.66666666666666,180.66666666666666,175.33333333333331,177.33333333333331,249600,-1.0,-1.0,-1.0
2020/11/19,176.33333333333331,179.33333333333331,176.33333333333331,177.66666666666666,217800,-1.0,-1.0,-1.0
2020/11/20,177.66666666666666,179.0,175.66666666666666,178.66666666666666,206400,-1.0,-1.0,-1.0
2020/11/24,181.33333333333331,182.66666666666666,179.33333333333331,180.66666666666666,408000,-1.0,-1.0,-1.0
2020/11/25,181.33333333333331,184.66666666666666,177.66666666666666,178.33333333333331,616200,-1.0,-1.0,-1.0
2020/11/26,178.66666666666666,183.0,177.0,180.66666666666666,369600,-1.0,-1.0,-1.0
2020/11/27,181.0,183.33333333333331,178.66666666666666,179.33333333333331,314700,-1.0,-1.0,-1.0
2020/11/30,179.33333333333331,179.66666666666666,175.33333333333331,176.33333333333331,568200,-1.0,-1.0,-1.0
2020/12/01,179.33333333333331,182.66666666666666,177.0,182.0,294900,-1.0,-1.0,-1.0
2020/12/02,183.33333333333331,189.33333333333331,183.33333333333331,187.0,844500,-1.0,-1.0,-1.0
2020/12/03,187.0,195.0,184.33333333333331,193.33333333333331,648600,-1.0,-1.0,-1.0
2020/12/04,193.0,200.0,189.0,192.66666666666666,724800,-1.0,-1.0,-1.0
2020/12/07,194.0,197.33333333333331,189.0,190.33333333333331,291600,-1.0,-1.0,-1.0
2020/12/08,190.33333333333331,191.66666666666666,186.0,191.66666666666666,242400,-1.0,-1.0,-1.0
2020/12/09,192.33333333333331,193.33333333333331,188.66666666666666,191.66666666666666,295500,-1.0,-1.0,-1.0
2020/12/10,193.33333333333331,194.33333333333331,190.33333333333331,191.66666666666666,298200,-1.0,-1.0,-1.0
2020/12/11,191.33333333333331,191.33333333333331,186.0,190.0,336000,-1.0,-1.0,-1.0
2020/12/14,191.66666666666666,197.66666666666666,190.33333333333331,197.33333333333331,420900,-1.0,-1.0,-1.0
2020/12/15,196.33333333333331,196.66666666666666,190.66666666666666,191.66666666666666,286200,-1.0,-1.0,-1.0
2020/12/16,194.33333333333331,195.0,191.66666666666666,192.66666666666666,195000,-1.0,-1.0,-1.0
2020/12/17,193.0,193.33333333333331,185.0,186.0,313200,-1.0,-1.0,-1.0
2020/12/18,186.66666666666666,190.66666666666666,184.0,189.0,324600,-1.0,-1.0,-1.0
2020/12/21,188.33333333333331,188.33333333333331,181.66666666666666,183.0,297000,-1.0,-1.0,-1.0
2020/12/22,181.33333333333331,181.66666666666666,176.33333333333331,179.33333333333331,526500,-1.0,-1.0,-1.0
2020/12/23,179.33333333333331,182.0,176.0,178.33333333333331,325500,-1.0,-1.0,-1.0
2020/12/24,180.0,185.33333333333331,178.66666666666666,183.33333333333331,375900,-1.0,-1.0,-1.0
2020/12/25,181.33333333333331,189.33333333333331,181.33333333333331,189.33333333333331,284400,-1.0,-1.0,-1.0
2020/12/28,189.33333333333331,191.66666666666666,182.66666666666666,185.66666666666666,520800,-1.0,-1.0,-1.0
2020/12/29,186.33333333333331,204.66666666666666,186.33333333333331,198.66666666666666,1400400,-1.0,-1.0,-1.0
2020/12/30,200.33333333333331,204.33333333333331,197.33333333333331,197.33333333333331,818400,-1.0,-1.0,-1.0
2021/01/04,203.33333333333331,205.0,194.0,196.0,459600,-1.0,-1.0,-1.0
2021/01/05,196.0,199.0,193.66666666666666,197.33333333333331,245700,-1.0,-1.0,-1.0
2021/01/06,196.66666666666666,205.66666666666666,195.33333333333331,204.66666666666666,357600,-1.0,-1.0,-1.0
2021/01/07,206.66666666666666,211.66666666666666,205.33333333333331,206.33333333333331,563700,-1.0,-1.0,-1.0
2021/01/08,205.33333333333331,207.0,201.66666666666666,204.66666666666666,275400,-1.0,-1.0,-1.0
2021/01/12,205.0,209.33333333333331,204.66666666666666,209.33333333333331,327000,-1.0,-1.0,-1.0
2021/01/13,210.0,211.0,207.0,210.0,222600,-1.0,-1.0,-1.0
2021/01/14,210.0,212.33333333333331,208.66666666666666,209.0,313200,-1.0,-1.0,-1.0
2021/01/15,210.33333333333331,225.33333333333331,207.66666666666666,224.66666666666666,1055100,-1.0,-1.0,-1.0
2021/01/18,224.66666666666666,225.0,209.0,212.0,769800,-1.0,-1.0,-1.0
2021/01/19,213.0,218.33333333333331,211.0,215.33333333333331,296400,-1.0,-1.0,-1.0
2021/01/20,217.66666666666666,223.0,216.66666666666666,219.66666666666666,380100,-1.0,-1.0,-1.0
2021/01/21,219.66666666666666,220.33333333333331,212.66666666666666,217.66666666666666,344400,-1.0,-1.0,-1.0
2021/01/22,215.66666666666666,216.33333333333331,207.33333333333331,207.33333333333331,495900,-1.0,-1.0,-1.0
2021/01/25,210.66666666666666,212.33333333333331,203.66666666666666,203.66666666666666,394800,-1.0,-1.0,-1.0
2021/01/26,203.66666666666666,207.33333333333331,201.0,207.33333333333331,360300,-1.0,-1.0,-1.0
2021/01/27,207.33333333333331,210.0,206.66666666666666,208.66666666666666,120000,-1.0,-1.0,-1.0
2021/01/28,206.66666666666666,214.66666666666666,203.66666666666666,212.33333333333331,405000,-1.0,-1.0,-1.0
2021/01/29,215.66666666666666,215.66666666666666,202.0,207.0,440100,-1.0,-1.0,-1.0
2021/02/01,204.33333333333331,213.0,203.33333333333331,209.66666666666666,306600,-1.0,-1.0,-1.0
2021/02/02,207.33333333333331,214.33333333333331,205.33333333333331,214.0,412200,-1.0,-1.0,-1.0
2021/02/03,214.33333333333331,225.66666666666666,214.0,224.0,434100,-1.0,-1.0,-1.0
2021/02/04,224.0,224.33333333333331,218.66666666666666,221.33333333333331,227400,-1.0,-1.0,-1.0
2021/02/05,224.0,241.33333333333331,221.66666666666666,240.66666666666666,1109100,-1.0,-1.0,-1.0
2021/02/08,244.33333333333331,264.66666666666663,244.33333333333331,250.66666666666666,1208100,-1.0,-1.0,-1.0
2021/02/09,246.66666666666666,250.0,235.33333333333331,238.33333333333331,546900,-1.0,-1.0,-1.0
2021/02/10,238.33333333333331,238.33333333333331,234.33333333333331,237.0,179700,-1.0,-1.0,-1.0
2021/02/12,239.66666666666666,242.0,237.33333333333331,238.66666666666666,224700,-1.0,-1.0,-1.0
2021/02/15,239.66666666666666,240.66666666666666,231.33333333333331,238.33333333333331,393900,-1.0,-1.0,-1.0
2021/02/16,241.33333333333331,241.66666666666666,234.0,237.66666666666666,234600,-1.0,-1.0,-1.0
2021/02/17,237.66666666666666,251.66666666666666,237.0,249.33333333333331,495000,-1.0,-1.0,-1.0
2021/02/18,249.33333333333331,250.0,240.66666666666666,243.0,394200,-1.0,-1.0,-1.0
2021/02/19,243.66666666666666,243.66666666666666,235.33333333333331,240.66666666666666,374100,-1.0,-1.0,-1.0
2021/02/22,240.66666666666666,248.66666666666666,236.66666666666666,242.66666666666666,318300,-1.0,-1.0,-1.0
2021/02/24,242.66666666666666,255.66666666666666,242.66666666666666,251.0,646200,-1.0,-1.0,-1.0
2021/02/25,253.33333333333331,264.66666666666663,247.33333333333331,250.0,557700,-1.0,-1.0,-1.0
2021/02/26,250.0,263.3333333333333,246.66666666666666,246.66666666666666,1146000,-1.0,-1.0,-1.0
2021/03/01,251.66666666666666,251.66666666666666,229.66666666666666,233.66666666666666,881700,-1.0,-1.0,-1.0
2021/03/02,240.0,248.33333333333331,222.0,223.0,1003800,-1.0,-1.0,-1.0
2021/03/03,223.0,230.33333333333331,220.0,229.66666666666666,437100,-1.0,-1.0,-1.0
2021/03/04,227.0,232.0,220.66666666666666,231.66666666666666,297300,-1.0,-1.0,-1.0
2021/03/05,230.33333333333331,248.0,222.33333333333331,248.0,1132500,-1.0,-1.0,-1.0
2021/03/08,243.0,255.33333333333331,240.33333333333331,254.0,783300,-1.0,-1.0,-1.0
2021/03/09,255.0,265.0,253.66666666666666,263.3333333333333,738300,-1.0,-1.0,-1.0
2021/03/10,259.66666666666663,261.66666666666663,253.0,260.3333333333333,553200,-1.0,-1.0,-1.0
2021/03/11,265.0,271.66666666666663,259.0,263.3333333333333,726900,-1.0,-1.0,-1.0
2021/03/12,262.0,267.66666666666663,254.0,266.3333333333333,1051200,-1.0,-1.0,-1.0
2021/03/15,266.3333333333333,273.0,262.66666666666663,270.66666666666663,646800,-1.0,-1.0,-1.0
2021/03/16,271.66666666666663,286.66666666666663,270.0,285.0,663600,-1.0,-1.0,-1.0
2021/03/17,281.0,289.0,278.0,285.66666666666663,553200,-1.0,-1.0,-1.0
2021/03/18,282.66666666666663,288.66666666666663,279.66666666666663,288.66666666666663,406200,-1.0,-1.0,-1.0
2021/03/19,288.66666666666663,296.0,283.3333333333333,292.0,545100,-1.0,-1.0,-1.0
2021/03/22,288.3333333333333,295.0,285.0,292.66666666666663,314400,-1.0,-1.0,-1.0
2021/03/23,290.66666666666663,290.66666666666663,279.3333333333333,280.0,755700,-1.0,-1.0,-1.0
2021/03/24,275.0,280.66666666666663,270.66666666666663,272.66666666666663,522300,-1.0,-1.0,-1.0
2021/03/25,272.3333333333333,284.3333333333333,272.3333333333333,281.0,319200,-1.0,-1.0,-1.0
2021/03/26,286.0,288.3333333333333,280.0,283.3333333333333,247200,-1.0,-1.0,-1.0
2021/03/29,283.3333333333333,283.66666666666663,268.0,273.3333333333333,476100,-1.0,-1.0,-1.0
2021/03/30,268.3333333333333,274.3333333333333,268.3333333333333,272.66666666666663,297300,-1.0,-1.0,-1.0
2021/03/31,270.3333333333333,271.0,263.66666666666663,263.66666666666663,240600,-1.0,-1.0,-1.0
2021/04/01,268.3333333333333,268.3333333333333,256.0,256.3333333333333,381000,-1.0,-1.0,-1.0
2021/04/02,255.33333333333331,260.66666666666663,251.0,259.3333333333333,332700,-1.0,-1.0,-1.0
2021/04/05,261.0,266.66666666666663,256.66666666666663,266.66666666666663,302700,-1.0,-1.0,-1.0
2021/04/06,269.66666666666663,271.0,259.3333333333333,262.0,274200,-1.0,-1.0,-1.0
2021/04/07,263.66666666666663,265.3333333333333,259.0,263.0,177600,-1.0,-1.0,-1.0
2021/04/08,261.66666666666663,262.3333333333333,248.66666666666666,252.0,446700,-1.0,-1.0,-1.0
2021/04/09,253.66666666666666,258.3333333333333,251.0,254.33333333333331,218700,-1.0,-1.0,-1.0
2021/04/12,257.3333333333333,265.66666666666663,255.33333333333331,261.3333333333333,213600,-1.0,-1.0,-1.0
2021/04/13,258.0,267.0,257.66666666666663,264.0,339900,-1.0,-1.0,-1.0
2021/04/14,264.0,272.0,259.0,263.66666666666663,686700,-1.0,-1.0,-1.0
2021/04/15,261.0,267.3333333333333,256.3333333333333,260.3333333333333,444000,-1.0,-1.0,-1.0
2021/04/16,263.0,271.3333333333333,260.3333333333333,268.0,483300,-1.0,-1.0,-1.0
2021/04/19,270.66666666666663,270.66666666666663,257.0,259.3333333333333,519300,-1.0,-1.0,-1.0
2021/04/20,260.3333333333333,264.0,256.3333333333333,259.0,532800,-1.0,-1.0,-1.0
2021/04/21,256.0,257.0,235.0,237.33333333333331,646200,-1.0,-1.0,-1.0
2021/04/22,242.33333333333331,257.0,238.66666666666666,257.0,850200,-1.0,-1.0,-1.0
2021/04/23,252.66666666666666,262.3333333333333,251.66666666666666,256.0,616200,-1.0,-1.0,-1.0
2021/04/26,260.0,270.0,254.66666666666666,268.3333333333333,479400,-1.0,-1.0,-1.0
2021/04/27,265.3333333333333,268.3333333333333,260.0,264.66666666666663,375600,-1.0,-1.0,-1.0
2021/04/28,262.0,263.0,258.0,259.0,201900,-1.0,-1.0,-1.0
2021/04/30,262.3333333333333,263.0,257.3333333333333,259.3333333333333,192900,-1.0,-1.0,-1.0
2021/05/06,263.3333333333333,278.3333333333333,261.3333333333333,275.66666666666663,726000,-1.0,-1.0,-1.0
2021/05/07,280.0,284.0,270.3333333333333,282.0,585900,-1.0,-1.0,-1.0
2021/05/10,282.0,286.66666666666663,277.66666666666663,279.0,208500,-1.0,-1.0,-1.0
2021/05/11,277.0,278.3333333333333,271.66666666666663,272.66666666666663,222900,-1.0,-1.0,-1.0
2021/05/12,270.66666666666663,270.66666666666663,260.3333333333333,262.66666666666663,407400,-1.0,-1.0,-1.0
2021/05/13,263.66666666666663,265.0,251.0,252.66666666666666,1250700,-1.0,-1.0,-1.0
2021/05/14,253.66666666666666,260.66666666666663,253.66666666666666,258.66666666666663,339900,-1.0,-1.0,-1.0
2021/05/17,263.0,273.66666666666663,261.0,264.0,543900,-1.0,-1.0,-1.0
2021/05/18,263.0,270.66666666666663,262.3333333333333,268.66666666666663,474000,-1.0,-1.0,-1.0
2021/05/19,265.3333333333333,275.66666666666663,265.3333333333333,269.66666666666663,418500,-1.0,-1.0,-1.0
2021/05/20,269.66666666666663,269.66666666666663,264.3333333333333,265.3333333333333,196800,-1.0,-1.0,-1.0
2021/05/21,266.3333333333333,267.3333333333333,260.3333333333333,265.0,132900,-1.0,-1.0,-1.0
2021/05/24,265.0,272.66666666666663,264.3333333333333,269.3333333333333,257400,-1.0,-1.0,-1.0
2021/05/25,270.0,272.0,263.66666666666663,264.3333333333333,247200,-1.0,-1.0,-1.0
2021/05/26,264.3333333333333,270.66666666666663,263.0,269.66666666666663,551700,-1.0,-1.0,-1.0
2021/05/27,268.0,285.3333333333333,268.0,280.66666666666663,930900,-1.0,-1.0,-1.0
2021/05/28,282.66666666666663,286.0,276.3333333333333,283.66666666666663,726600,-1.0,-1.0,-1.0
2021/05/31,286.3333333333333,305.66666666666663,286.0,303.0,906900,-1.0,-1.0,-1.0
2021/06/01,305.0,306.3333333333333,295.3333333333333,301.3333333333333,714600,-1.0,-1.0,-1.0
2021/06/02,306.3333333333333,322.0,305.0,310.3333333333333,1016100,-1.0,-1.0,-1.0
2021/06/03,310.0,311.66666666666663,300.3333333333333,302.66666666666663,604500,-1.0,-1.0,-1.0
2021/06/04,305.66666666666663,319.0,302.0,318.66666666666663,501300,-1.0,-1.0,-1.0
2021/06/07,322.0,326.3333333333333,316.0,323.3333333333333,417000,-1.0,-1.0,-1.0
2021/06/08,319.0,326.3333333333333,316.0,320.66666666666663,261300,-1.0,-1.0,-1.0
2021/06/09,320.66666666666663,335.66666666666663,320.0,331.0,531000,-1.0,-1.0,-1.0
2021/06/10,335.66666666666663,339.66666666666663,329.3333333333333,339.0,329700,-1.0,-1.0,-1.0
2021/06/11,335.0,336.66666666666663,323.0,323.0,392100,-1.0,-1.0,-1.0
2021/06/14,324.66666666666663,327.0,318.66666666666663,318.66666666666663,221400,-1.0,-1.0,-1.0
2021/06/15,317.0,321.0,314.3333333333333,317.3333333333333,117900,-1.0,-1.0,-1.0
2021/06/16,316.66666666666663,324.66666666666663,315.3333333333333,323.3333333333333,179100,-1.0,-1.0,-1.0
2021/06/17,325.66666666666663,332.3333333333333,318.0,330.66666666666663,207900,-1.0,-1.0,-1.0
2021/06/18,330.66666666666663,340.0,304.66666666666663,306.0,1188900,-1.0,-1.0,-1.0
2021/06/21,296.0,308.66666666666663,293.66666666666663,304.3333333333333,440100,-1.0,-1.0,-1.0
2021/06/22,309.3333333333333,319.3333333333333,306.66666666666663,319.3333333333333,249300,-1.0,-1.0,-1.0
2021/06/23,323.0,324.3333333333333,315.0,316.0,126600,-1.0,-1.0,-1.0
2021/06/24,314.66666666666663,315.0,306.66666666666663,307.3333333333333,309600,-1.0,-1.0,-1.0
2021/06/25,307.66666666666663,311.3333333333333,305.0,309.66666666666663,219300,-1.0,-1.0,-1.0
2021/06/28,314.66666666666663,321.0,308.66666666666663,320.3333333333333,273300,-1.0,-1.0,-1.0
2021/06/29,320.0,320.0,309.3333333333333,311.0,273900,-1.0,-1.0,-1.0
2021/06/30,311.0,316.0,304.3333333333333,314.3333333333333,444300,-1.0,-1.0,-1.0
2021/07/01,316.0,349.66666666666663,316.0,348.3333333333333,1062900,-1.0,-1.0,-1.0
2021/07/02,350.3333333333333,377.0,349.0,373.66666666666663,1867500,-1.0,-1.0,-1.0
2021/07/05,382.66666666666663,388.0,371.0,373.0,1422000,-1.0,-1.0,-1.0
2021/07/06,383.0,387.66666666666663,369.0,374.66666666666663,723600,-1.0,-1.0,-1.0
2021/07/07,369.0,376.66666666666663,364.66666666666663,369.3333333333333,510900,-1.0,-1.0,-1.0
2021/07/08,374.66666666666663,377.66666666666663,355.66666666666663,360.0,658200,-1.0,-1.0,-1.0
2021/07/09,358.0,370.66666666666663,353.66666666666663,366.0,666900,-1.0,-1.0,-1.0
2021/07/12,373.0,373.3333333333333,353.3333333333333,353.66666666666663,451200,-1.0,-1.0,-1.0
2021/07/13,353.0,353.66666666666663,335.66666666666663,340.66666666666663,736200,-1.0,-1.0,-1.0
2021/07/14,340.66666666666663,341.3333333333333,316.66666666666663,321.3333333333333,971100,-1.0,-1.0,-1.0
2021/07/15,326.3333333333333,329.0,315.3333333333333,321.0,513300,-1.0,-1.0,-1.0
2021/07/16,317.3333333333333,326.66666666666663,315.3333333333333,318.3333333333333,271800,-1.0,-1.0,-1.0
2021/07/19,321.0,321.0,307.66666666666663,313.66666666666663,377400,-1.0,-1.0,-1.0
2021/07/20,312.0,317.0,308.3333333333333,311.0,193200,-1.0,-1.0,-1.0
2021/07/21,314.66666666666663,316.3333333333333,307.3333333333333,309.0,311400,-1.0,-1.0,-1.0
2021/07/26,313.66666666666663,316.0,309.3333333333333,312.3333333333333,207000,-1.0,-1.0,-1.0
2021/07/27,313.0,314.0,305.3333333333333,313.0,177300,-1.0,-1.0,-1.0
2021/07/28,310.0,319.3333333333333,309.3333333333333,313.3333333333333,250500,-1.0,-1.0,-1.0
2021/07/29,313.3333333333333,313.3333333333333,294.0,295.3333333333333,731400,-1.0,-1.0,-1.0
2021/07/30,298.0,298.0,280.3333333333333,286.66666666666663,651300,-1.0,-1.0,-1.0
2021/08/02,285.0,289.66666666666663,277.0,282.0,418800,-1.0,-1.0,-1.0
2021/08/03,280.0,282.3333333333333,276.0,279.66666666666663,274500,-1.0,-1.0,-1.0
2021/08/04,279.0,281.3333333333333,275.66666666666663,280.0,272400,-1.0,-1.0,-1.0
2021/08/05,275.3333333333333,278.0,268.66666666666663,271.66666666666663,455400,-1.0,-1.0,-1.0
2021/08/06,271.0,273.3333333333333,266.0,273.3333333333333,386700,-1.0,-1.0,-1.0
2021/08/10,273.66666666666663,284.0,272.0,284.0,264300,-1.0,-1.0,-1.0
2021/08/11,283.3333333333333,291.3333333333333,281.3333333333333,288.66666666666663,327900,-1.0,-1.0,-1.0
2021/08/12,289.66666666666663,290.66666666666663,284.3333333333333,286.3333333333333,210000,-1.0,-1.0,-1.0
2021/08/13,287.3333333333333,289.3333333333333,284.66666666666663,287.0,182700,-1.0,-1.0,-1.0
2021/08/16,287.0,288.3333333333333,280.0,280.3333333333333,112200,-1.0,-1.0,-1.0
2021/08/17,284.3333333333333,285.3333333333333,277.66666666666663,278.0,107400,-1.0,-1.0,-1.0
2021/08/18,274.66666666666663,282.66666666666663,272.0,279.3333333333333,168000,-1.0,-1.0,-1.0
2021/08/19,279.3333333333333,284.3333333333333,276.66666666666663,278.3333333333333,207900,-1.0,-1.0,-1.0
2021/08/20,278.3333333333333,279.66666666666663,266.0,267.0,248700,-1.0,-1.0,-1.0
2021/08/23,267.66666666666663,274.0,267.66666666666663,270.66666666666663,150600,-1.0,-1.0,-1.0
2021/08/24,272.3333333333333,279.66666666666663,272.3333333333333,277.66666666666663,203100,-1.0,-1.0,-1.0
2021/08/25,282.3333333333333,285.0,279.66666666666663,281.0,160800,-1.0,-1.0,-1.0
2021/08/26,281.0,285.3333333333333,278.0,281.66666666666663,127500,-1.0,-1.0,-1.0
2021/08/27,282.66666666666663,284.0,278.3333333333333,282.66666666666663,88200,-1.0,-1.0,-1.0
2021/08/30,282.0,289.0,280.66666666666663,288.3333333333333,142200,-1.0,-1.0,-1.0
2021/08/31,285.3333333333333,287.66666666666663,284.0,287.0,95700,-1.0,-1.0,-1.0
2021/09/01,287.3333333333333,291.3333333333333,283.66666666666663,290.3333333333333,153000,-1.0,-1.0,-1.0
2021/09/02,287.3333333333333,289.66666666666663,282.66666666666663,289.66666666666663,135600,-1.0,-1.0,-1.0
2021/09/03,293.0,293.0,289.3333333333333,290.66666666666663,201300,-1.0,-1.0,-1.0
2021/09/06,293.3333333333333,293.3333333333333,287.0,290.0,156900,-1.0,-1.0,-1.0
2021/09/07,292.66666666666663,296.0,291.0,296.0,231300,-1.0,-1.0,-1.0
2021/09/08,295.3333333333333,301.66666666666663,293.3333333333333,297.3333333333333,267600,-1.0,-1.0,-1.0
2021/09/09,297.3333333333333,302.3333333333333,296.66666666666663,302.3333333333333,148800,-1.0,-1.0,-1.0
2021/09/10,303.66666666666663,305.0,302.3333333333333,305.0,140700,-1.0,-1.0,-1.0
2021/09/13,303.0,310.66666666666663,303.0,310.66666666666663,141000,-1.0,-1.0,-1.0
2021/09/14,308.66666666666663,319.3333333333333,308.3333333333333,319.3333333333333,269700,-1.0,-1.0,-1.0
2021/09/15,318.3333333333333,320.3333333333333,311.66666666666663,317.66666666666663,194400,-1.0,-1.0,-1.0
2021/09/16,315.0,320.3333333333333,309.0,314.3333333333333,144000,-1.0,-1.0,-1.0
2021/09/17,315.0,325.0,313.66666666666663,325.0,217200,-1.0,-1.0,-1.0
2021/09/21,355.0,355.0,306.0,315.66666666666663,1119900,-1.0,-1.0,-1.0
2021/09/22,317.3333333333333,333.3333333333333,317.3333333333333,332.66666666666663,429300,-1.0,-1.0,-1.0
2021/09/24,339.0,351.66666666666663,335.0,346.66666666666663,572100,-1.0,-1.0,-1.0
2021/09/27,348.3333333333333,359.3333333333333,347.66666666666663,356.0,393600,-1.0,-1.0,-1.0
2021/09/28,359.66666666666663,359.66666666666663,338.3333333333333,352.3333333333333,356700,-1.0,-1.0,-1.0
2021/09/29,343.0,357.3333333333333,341.66666666666663,357.3333333333333,243300,-1.0,-1.0,-1.0
2021/09/30,353.3333333333333,355.66666666666663,347.0,350.3333333333333,162600,-1.0,-1.0,-1.0
2021/10/01,347.0,357.3333333333333,342.3333333333333,346.0,279300,-1.0,-1.0,-1.0
2021/10/04,351.66666666666663,356.66666666666663,342.0,343.0,201300,-1.0,-1.0,-1.0
2021/10/05,337.66666666666663,345.0,335.0,342.0,164700,-1.0,-1.0,-1.0
2021/10/06,344.0,348.66666666666663,336.0,336.66666666666663,159900,-1.0,-1.0,-1.0
2021/10/07,334.3333333333333,335.3333333333333,297.66666666666663,300.0,678600,-1.0,-1.0,-1.0
2021/10/08,297.0,314.66666666666663,296.66666666666663,305.66666666666663,403200,-1.0,-1.0,-1.0
2021/10/11,307.3333333333333,309.66666666666663,301.66666666666663,305.66666666666663,255900,-1.0,-1.0,-1.0
2021/10/12,310.3333333333333,310.3333333333333,298.3333333333333,307.0,255600,-1.0,-1.0,-1.0
2021/10/13,302.3333333333333,303.66666666666663,299.0,301.66666666666663,166500,-1.0,-1.0,-1.0
2021/10/14,296.66666666666663,303.3333333333333,293.66666666666663,302.3333333333333,186900,-1.0,-1.0,-1.0
2021/10/15,302.66666666666663,306.0,300.0,303.0,174600,-1.0,-1.0,-1.0
2021/10/18,303.3333333333333,305.3333333333333,296.66666666666663,300.3333333333333,210000,-1.0,-1.0,-1.0
2021/10/19,301.0,302.0,292.0,300.0,201000,-1.0,-1.0,-1.0
2021/10/20,298.0,303.66666666666663,294.0,301.66666666666663,213000,-1.0,-1.0,-1.0
2021/10/21,303.0,314.66666666666663,299.0,300.3333333333333,397500,-1.0,-1.0,-1.0
2021/10/22,297.66666666666663,302.0,294.3333333333333,300.0,136500,-1.0,-1.0,-1.0
2021/10/25,300.0,302.3333333333333,296.66666666666663,298.0,95700,-1.0,-1.0,-1.0
2021/10/26,299.66666666666663,308.0,297.0,304.66666666666663,222900,-1.0,-1.0,-1.0
2021/10/27,304.66666666666663,305.0,298.66666666666663,301.3333333333333,346500,-1.0,-1.0,-1.0
2021/10/28,298.66666666666663,302.66666666666663,294.0,296.3333333333333,409800,-1.0,-1.0,-1.0
2021/10/29,299.3333333333333,304.0,296.0,300.66666666666663,150000,-1.0,-1.0,-1.0
2021/11/01,301.0,305.3333333333333,298.3333333333333,300.66666666666663,122400,-1.0,-1.0,-1.0
2021/11/02,300.66666666666663,302.0,294.0,294.0,166800,-1.0,-1.0,-1.0
2021/11/04,294.3333333333333,299.3333333333333,293.0,298.66666666666663,105300,-1.0,-1.0,-1.0
2021/11/05,298.3333333333333,298.3333333333333,290.66666666666663,294.66666666666663,113100,-1.0,-1.0,-1.0
2021/11/08,294.3333333333333,304.3333333333333,294.3333333333333,301.0,132900,-1.0,-1.0,-1.0
2021/11/09,301.0,306.3333333333333,297.66666666666663,303.66666666666663,147300,-1.0,-1.0,-1.0
2021/11/10,303.66666666666663,308.0,301.0,304.0,79500,-1.0,-1.0,-1.0
2021/11/11,304.0,305.66666666666663,296.0,300.0,1407600,-1.0,-1.0,-1.0
2021/11/12,300.66666666666663,306.66666666666663,299.66666666666663,305.66666666666663,129900,-1.0,-1.0,-1.0
2021/11/15,308.66666666666663,310.0,299.0,301.66666666666663,178500,-1.0,-1.0,-1.0
2021/11/16,302.0,304.66666666666663,299.3333333333333,300.0,102300,-1.0,-1.0,-1.0
2021/11/17,301.3333333333333,302.66666666666663,298.66666666666663,299.66666666666663,54000,-1.0,-1.0,-1.0
2021/11/18,299.66666666666663,302.3333333333333,297.0,301.66666666666663,91800,-1.0,-1.0,-1.0
2021/11/19,300.0,301.3333333333333,298.66666666666663,300.0,90600,-1.0,-1.0,-1.0
2021/11/22,299.0,302.3333333333333,294.66666666666663,298.66666666666663,101700,-1.0,-1.0,-1.0
2021/11/24,300.0,300.3333333333333,287.66666666666663,293.0,331800,-1.0,-1.0,-1.0
2021/11/25,294.66666666666663,299.66666666666663,291.0,297.0,209100,-1.0,-1.0,-1.0
2021/11/26,299.0,301.66666666666663,277.3333333333333,288.66666666666663,662100,-1.0,-1.0,-1.0
2021/11/29,284.3333333333333,286.3333333333333,273.3333333333333,273.3333333333333,213000,-1.0,-1.0,-1.0
2021/11/30,275.0,284.0,274.3333333333333,274.3333333333333,159000,-1.0,-1.0,-1.0
2021/12/01,272.66666666666663,278.3333333333333,270.0,277.0,129000,-1.0,-1.0,-1.0
2021/12/02,274.66666666666663,280.3333333333333,273.3333333333333,276.66666666666663,155100,-1.0,-1.0,-1.0
2021/12/03,281.66666666666663,293.3333333333333,281.3333333333333,292.66666666666663,183600,-1.0,-1.0,-1.0
2021/12/06,292.66666666666663,295.0,285.0,287.66666666666663,107100,-1.0,-1.0,-1.0
2021/12/07,292.66666666666663,307.3333333333333,291.3333333333333,307.3333333333333,279900,-1.0,-1.0,-1.0
2021/12/08,307.3333333333333,311.3333333333333,300.0,307.66666666666663,156600,-1.0,-1.0,-1.0
2021/12/09,312.66666666666663,325.0,307.0,323.66666666666663,299400,-1.0,-1.0,-1.0
2021/12/10,318.66666666666663,324.0,307.3333333333333,309.3333333333333,353400,-1.0,-1.0,-1.0
2021/12/13,309.3333333333333,314.66666666666663,301.66666666666663,307.3333333333333,94800,-1.0,-1.0,-1.0
2021/12/14,310.3333333333333,312.66666666666663,303.3333333333333,307.3333333333333,92100,-1.0,-1.0,-1.0
2021/12/15,308.0,312.0,298.3333333333333,300.3333333333333,210000,-1.0,-1.0,-1.0
2021/12/16,301.66666666666663,307.3333333333333,299.66666666666663,305.66666666666663,177600,-1.0,-1.0,-1.0
2021/12/17,304.66666666666663,304.66666666666663,299.0,302.66666666666663,133200,-1.0,-1.0,-1.0
2021/12/20,301.3333333333333,301.66666666666663,293.66666666666663,295.3333333333333,88500,-1.0,-1.0,-1.0
2021/12/21,296.0,301.3333333333333,294.3333333333333,300.0,135900,-1.0,-1.0,-1.0
2021/12/22,300.66666666666663,308.0,299.0,306.66666666666663,192600,-1.0,-1.0,-1.0
2021/12/23,313.3333333333333,321.66666666666663,311.66666666666663,318.3333333333333,486000,-1.0,-1.0,-1.0
2021/12/24,313.3333333333333,315.66666666666663,302.0,302.0,326400,-1.0,-1.0,-1.0
2021/12/27,302.0,303.3333333333333,291.66666666666663,293.3333333333333,432000,-1.0,-1.0,-1.0
2021/12/28,296.66666666666663,301.66666666666663,292.3333333333333,295.66666666666663,216300,-1.0,-1.0,-1.0
2021/12/29,292.66666666666663,296.0,289.66666666666663,293.0,158700,-1.0,-1.0,-1.0
2021/12/30,293.3333333333333,298.0,286.66666666666663,296.3333333333333,121800,-1.0,-1.0,-1.0
2022/01/04,294.3333333333333,301.3333333333333,293.3333333333333,298.66666666666663,135000,-1.0,-1.0,-1.0
2022/01/05,298.0,302.66666666666663,294.66666666666663,299.3333333333333,159900,-1.0,-1.0,-1.0
2022/01/06,294.3333333333333,294.66666666666663,285.0,288.0,179700,-1.0,-1.0,-1.0
2022/01/07,289.3333333333333,292.0,281.66666666666663,286.3333333333333,124500,-1.0,-1.0,-1.0
2022/01/11,287.3333333333333,288.66666666666663,280.0,285.66666666666663,161400,-1.0,-1.0,-1.0
2022/01/12,285.66666666666663,292.66666666666663,285.66666666666663,291.3333333333333,68400,-1.0,-1.0,-1.0
2022/01/13,289.3333333333333,290.3333333333333,285.0,285.3333333333333,102300,-1.0,-1.0,-1.0
2022/01/14,285.3333333333333,285.3333333333333,276.66666666666663,282.3333333333333,157200,-1.0,-1.0,-1.0
2022/01/17,283.66666666666663,285.66666666666663,278.3333333333333,279.0,96000,-1.0,-1.0,-1.0
2022/01/18,279.0,288.3333333333333,279.0,285.66666666666663,173700,-1.0,-1.0,-1.0
2022/01/19,283.3333333333333,288.3333333333333,280.0,281.0,195900,-1.0,-1.0,-1.0
2022/01/20,282.66666666666663,293.66666666666663,281.0,286.66666666666663,336000,-1.0,-1.0,-1.0
2022/01/21,283.3333333333333,292.0,283.3333333333333,291.0,208200,-1.0,-1.0,-1.0
2022/01/24,288.0,299.66666666666663,284.0,299.66666666666663,117000,-1.0,-1.0,-1.0
2022/01/25,299.66666666666663,300.66666666666663,289.3333333333333,290.0,259200,-1.0,-1.0,-1.0
2022/01/26,294.3333333333333,297.0,278.3333333333333,279.3333333333333,153600,-1.0,-1.0,-1.0
2022/01/27,284.3333333333333,284.3333333333333,268.66666666666663,270.0,198900,-1.0,-1.0,-1.0
2022/01/28,275.0,280.0,272.66666666666663,278.0,127800,-1.0,-1.0,-1.0
2022/01/31,280.3333333333333,281.0,273.3333333333333,274.66666666666663,72900,-1.0,-1.0,-1.0
2022/02/01,278.3333333333333,279.3333333333333,270.3333333333333,276.0,87000,-1.0,-1.0,-1.0
2022/02/02,279.3333333333333,294.3333333333333,278.3333333333333,293.3333333333333,195000,-1.0,-1.0,-1.0
2022/02/03,293.0,297.3333333333333,288.66666666666663,295.3333333333333,131100,-1.0,-1.0,-1.0
2022/02/04,298.66666666666663,298.66666666666663,290.0,292.3333333333333,69900,-1.0,-1.0,-1.0
2022/02/07,292.3333333333333,293.3333333333333,286.3333333333333,287.66666666666663,141600,-1.0,-1.0,-1.0
2022/02/08,287.66666666666663,292.66666666666663,287.66666666666663,291.0,60000,-1.0,-1.0,-1.0
2022/02/09,296.0,298.3333333333333,292.66666666666663,298.0,116700,-1.0,-1.0,-1.0
2022/02/10,298.3333333333333,299.3333333333333,293.66666666666663,299.3333333333333,72000,-1.0,-1.0,-1.0
2022/02/14,297.0,298.66666666666663,293.66666666666663,296.0,79800,-1.0,-1.0,-1.0
2022/02/15,299.3333333333333,301.66666666666663,294.0,295.66666666666663,186600,-1.0,-1.0,-1.0
2022/02/16,301.66666666666663,301.66666666666663,295.3333333333333,298.3333333333333,116700,-1.0,-1.0,-1.0
2022/02/17,300.0,300.0,291.0,292.0,144900,-1.0,-1.0,-1.0
2022/02/18,291.0,294.0,286.3333333333333,292.0,113400,-1.0,-1.0,-1.0
2022/02/21,291.3333333333333,294.66666666666663,288.3333333333333,291.66666666666663,108300,-1.0,-1.0,-1.0
2022/02/22,290.66666666666663,292.0,282.3333333333333,283.0,206700,-1.0,-1.0,-1.0
2022/02/24,281.66666666666663,281.66666666666663,265.0,267.66666666666663,321000,-1.0,-1.0,-1.0
2022/02/25,267.66666666666663,275.0,265.66666666666663,273.66666666666663,134400,-1.0,-1.0,-1.0
2022/02/28,277.66666666666663,282.66666666666663,275.66666666666663,277.3333333333333,157200,-1.0,-1.0,-1.0
2022/03/01,282.3333333333333,286.3333333333333,280.0,284.0,108300,-1.0,-1.0,-1.0
2022/03/02,282.66666666666663,282.66666666666663,270.0,270.0,153900,-1.0,-1.0,-1.0
2022/03/03,273.3333333333333,274.66666666666663,266.0,267.0,113100,-1.0,-1.0,-1.0
2022/03/04,267.0,267.66666666666663,261.0,261.66666666666663,110400,-1.0,-1.0,-1.0
2022/03/07,257.0,257.0,216.33333333333331,218.0,1722300,-1.0,-1.0,-1.0
2022/03/08,213.66666666666666,216.66666666666666,194.33333333333331,196.33333333333331,1098300,-1.0,-1.0,-1.0
2022/03/09,199.66666666666666,210.66666666666666,199.0,202.33333333333331,992100,-1.0,-1.0,-1.0
2022/03/10,212.33333333333331,223.33333333333331,208.33333333333331,222.33333333333331,704100,-1.0,-1.0,-1.0
2022/03/11,214.0,215.0,201.0,207.66666666666666,637500,-1.0,-1.0,-1.0
2022/03/14,208.0,215.0,206.33333333333331,213.0,282900,-1.0,-1.0,-1.0
2022/03/15,210.0,215.33333333333331,210.0,215.33333333333331,199800,-1.0,-1.0,-1.0
2022/03/16,216.66666666666666,218.66666666666666,212.33333333333331,217.66666666666666,159300,-1.0,-1.0,-1.0
2022/03/17,219.0,232.0,219.0,231.0,221400,-1.0,-1.0,-1.0
2022/03/18,230.66666666666666,239.66666666666666,230.66666666666666,239.33333333333331,352200,-1.0,-1.0,-1.0
2022/03/22,235.0,238.33333333333331,229.33333333333331,231.0,195300,-1.0,-1.0,-1.0
2022/03/23,234.33333333333331,242.0,234.33333333333331,240.0,195000,-1.0,-1.0,-1.0
2022/03/24,236.33333333333331,240.33333333333331,233.0,240.0,120900,-1.0,-1.0,-1.0
2022/03/25,242.66666666666666,243.66666666666666,235.0,242.66666666666666,143400,-1.0,-1.0,-1.0
2022/03/28,245.33333333333331,253.0,245.0,251.33333333333331,234600,-1.0,-1.0,-1.0
2022/03/29,255.0,256.66666666666663,244.33333333333331,253.33333333333331,334500,-1.0,-1.0,-1.0
2022/03/30,253.66666666666666,266.66666666666663,251.33333333333331,266.3333333333333,261300,-1.0,-1.0,-1.0
2022/03/31,257.66666666666663,263.66666666666663,254.33333333333331,254.66666666666666,161700,-1.0,-1.0,-1.0
2022/04/01,254.66666666666666,255.66666666666666,244.33333333333331,255.0,240300,-1.0,-1.0,-1.0
2022/04/04,255.0,255.0,245.66666666666666,250.33333333333331,153600,-1.0,-1.0,-1.0
2022/04/05,252.33333333333331,262.3333333333333,252.33333333333331,260.66666666666663,100500,-1.0,-1.0,-1.0
2022/04/06,255.66666666666666,255.66666666666666,249.0,253.33333333333331,80400,-1.0,-1.0,-1.0
2022/04/07,249.33333333333331,250.66666666666666,246.0,249.0,87000,-1.0,-1.0,-1.0
2022/04/08,249.0,252.66666666666666,245.0,252.0,105000,-1.0,-1.0,-1.0
2022/04/11,250.33333333333331,255.0,248.66666666666666,253.0,169500,-1.0,-1.0,-1.0
2022/04/12,251.33333333333331,253.66666666666666,245.33333333333331,248.33333333333331,130800,-1.0,-1.0,-1.0
2022/04/13,251.66666666666666,259.3333333333333,251.66666666666666,256.66666666666663,358500,-1.0,-1.0,-1.0
2022/04/14,260.0,290.0,251.33333333333331,285.0,1041600,-1.0,-1.0,-1.0
2022/04/15,285.0,285.0,268.3333333333333,278.66666666666663,451800,-1.0,-1.0,-1.0
2022/04/18,278.66666666666663,292.0,275.66666666666663,289.0,510000,-1.0,-1.0,-1.0
2022/04/19,284.0,291.0,280.66666666666663,283.0,237000,-1.0,-1.0,-1.0
2022/04/20,285.0,289.66666666666663,280.0,287.0,193500,-1.0,-1.0,-1.0
2022/04/21,289.0,291.3333333333333,279.66666666666663,285.66666666666663,150300,-1.0,-1.0,-1.0
2022/04/22,283.66666666666663,285.66666666666663,278.66666666666663,284.3333333333333,111600,-1.0,-1.0,-1.0
2022/04/25,279.3333333333333,281.3333333333333,269.0,275.0,210600,-1.0,-1.0,-1.0
2022/04/26,276.0,284.66666666666663,273.66666666666663,284.66666666666663,171000,-1.0,-1.0,-1.0
2022/04/27,279.66666666666663,281.0,268.3333333333333,277.0,203700,-1.0,-1.0,-1.0
2022/04/28,276.66666666666663,282.0,271.3333333333333,281.66666666666663,129000,-1.0,-1.0,-1.0
2022/05/02,280.0,281.3333333333333,273.66666666666663,277.66666666666663,166500,-1.0,-1.0,-1.0
2022/05/06,277.66666666666663,280.0,272.3333333333333,278.3333333333333,157200,-1.0,-1.0,-1.0
2022/05/09,278.3333333333333,278.66666666666663,271.3333333333333,271.3333333333333,139800,-1.0,-1.0,-1.0
2022/05/10,269.0,274.66666666666663,260.66666666666663,273.66666666666663,248400,-1.0,-1.0,-1.0
2022/05/11,276.0,276.0,269.0,271.66666666666663,68100,-1.0,-1.0,-1.0
2022/05/12,270.3333333333333,275.3333333333333,269.0,269.0,101100,-1.0,-1.0,-1.0
2022/05/13,268.3333333333333,287.0,268.3333333333333,287.0,152700,-1.0,-1.0,-1.0
2022/05/16,292.0,292.0,283.0,286.3333333333333,120000,-1.0,-1.0,-1.0
2022/05/17,286.3333333333333,287.66666666666663,282.3333333333333,285.3333333333333,53100,-1.0,-1.0,-1.0
2022/05/18,283.0,284.0,281.0,283.0,48000,-1.0,-1.0,-1.0
2022/05/19,276.3333333333333,283.66666666666663,276.0,282.0,62100,-1.0,-1.0,-1.0
2022/05/20,282.0,286.3333333333333,281.66666666666663,286.0,88800,-1.0,-1.0,-1.0
2022/05/23,284.66666666666663,291.66666666666663,283.3333333333333,291.0,150000,-1.0,-1.0,-1.0
2022/05/24,289.0,301.66666666666663,289.0,293.66666666666663,230700,-1.0,-1.0,-1.0
2022/05/25,295.66666666666663,296.3333333333333,288.3333333333333,293.3333333333333,159900,-1.0,-1.0,-1.0
2022/05/26,291.66666666666663,302.3333333333333,290.66666666666663,299.3333333333333,113100,-1.0,-1.0,-1.0
2022/05/27,303.3333333333333,314.66666666666663,303.3333333333333,312.66666666666663,210000,-1.0,-1.0,-1.0
2022/05/30,315.0,315.0,300.3333333333333,300.3333333333333,268500,-1.0,-1.0,-1.0
2022/05/31,300.0,303.66666666666663,296.0,300.0,91500,-1.0,-1.0,-1.0
2022/06/01,297.3333333333333,314.0,297.3333333333333,305.66666666666663,254700,-1.0,-1.0,-1.0
2022/06/02,303.3333333333333,314.3333333333333,300.66666666666663,307.0,152700,-1.0,-1.0,-1.0
2022/06/03,310.3333333333333,330.0,308.66666666666663,322.3333333333333,485400,-1.0,-1.0,-1.0
2022/06/06,318.0,325.3333333333333,317.3333333333333,321.3333333333333,224700,-1.0,-1.0,-1.0
2022/06/07,321.66666666666663,330.66666666666663,317.0,317.3333333333333,290700,-1.0,-1.0,-1.0
2022/06/08,317.3333333333333,323.66666666666663,311.0,311.0,248400,-1.0,-1.0,-1.0
2022/06/09,312.66666666666663,317.66666666666663,304.0,305.0,242400,-1.0,-1.0,-1.0
2022/06/10,303.0,311.3333333333333,301.0,305.0,307200,-1.0,-1.0,-1.0
2022/06/13,302.3333333333333,307.0,300.3333333333333,302.3333333333333,105900,-1.0,-1.0,-1.0
2022/06/14,297.3333333333333,297.3333333333333,285.66666666666663,292.0,172500,-1.0,-1.0,-1.0
2022/06/15,292.0,295.0,281.0,281.3333333333333,126000,-1.0,-1.0,-1.0
2022/06/16,286.3333333333333,296.3333333333333,286.0,291.66666666666663,122400,-1.0,-1.0,-1.0
2022/06/17,283.66666666666663,288.66666666666663,281.3333333333333,285.0,95700,-1.0,-1.0,-1.0
2022/06/20,284.66666666666663,291.66666666666663,275.66666666666663,279.0,194400,-1.0,-1.0,-1.0
2022/06/21,281.3333333333333,294.0,281.3333333333333,290.3333333333333,126000,-1.0,-1.0,-1.0
2022/06/22,295.3333333333333,296.3333333333333,288.3333333333333,292.3333333333333,87000,-1.0,-1.0,-1.0
2022/06/23,292.3333333333333,294.66666666666663,288.66666666666663,292.66666666666663,75900,-1.0,-1.0,-1.0
2022/06/24,296.0,296.3333333333333,287.3333333333333,291.66666666666663,132600,-1.0,-1.0,-1.0
2022/06/27,293.66666666666663,295.0,287.0,295.0,95700,-1.0,-1.0,-1.0
2022/06/28,295.3333333333333,308.3333333333333,295.3333333333333,306.66666666666663,150600,-1.0,-1.0,-1.0
2022/06/29,301.66666666666663,314.0,301.3333333333333,308.3333333333333,203100,-1.0,-1.0,-1.0
2022/06/30,313.3333333333333,341.3333333333333,313.3333333333333,324.0,1629600,-1.0,-1.0,-1.0
2022/07/01,316.0,323.3333333333333,293.0,295.0,693000,-1.0,-1.0,-1.0
2022/07/04,303.0,309.0,298.3333333333333,304.0,302100,-1.0,-1.0,-1.0
2022/07/05,307.66666666666663,309.0,301.66666666666663,303.3333333333333,126300,-1.0,-1.0,-1.0
2022/07/06,302.0,303.0,292.66666666666663,293.3333333333333,227700,-1.0,-1.0,-1.0
2022/07/07,293.66666666666663,295.3333333333333,284.66666666666663,292.66666666666663,217200,-1.0,-1.0,-1.0
2022/07/08,293.0,296.3333333333333,288.66666666666663,288.66666666666663,162600,-1.0,-1.0,-1.0
2022/07/11,292.3333333333333,294.0,283.66666666666663,288.0,339900,-1.0,-1.0,-1.0
2022/07/12,286.66666666666663,286.66666666666663,281.66666666666663,282.0,142500,-1.0,-1.0,-1.0
2022/07/13,282.0,282.0,275.0,278.66666666666663,152700,-1.0,-1.0,-1.0
2022/07/14,281.0,282.0,275.0,280.3333333333333,98700,-1.0,-1.0,-1.0
2022/07/15,281.66666666666663,281.66666666666663,268.3333333333333,272.0,220800,-1.0,-1.0,-1.0
2022/07/19,276.3333333333333,284.66666666666663,271.3333333333333,283.3333333333333,216000,-1.0,-1.0,-1.0
2022/07/20,288.3333333333333,306.3333333333333,287.3333333333333,301.66666666666663,396000,-1.0,-1.0,-1.0
2022/07/21,298.3333333333333,309.0,298.3333333333333,306.0,186000,-1.0,-1.0,-1.0
2022/07/22,306.0,306.3333333333333,298.66666666666663,301.0,102900,-1.0,-1.0,-1.0
2022/07/25,300.0,304.66666666666663,296.3333333333333,298.66666666666663,128400,-1.0,-1.0,-1.0
2022/07/26,298.66666666666663,301.66666666666663,295.0,295.66666666666663,79200,-1.0,-1.0,-1.0
2022/07/27,292.0,292.66666666666663,289.0,289.3333333333333,96900,-1.0,-1.0,-1.0
2022/07/28,290.0,295.3333333333333,286.0,294.66666666666663,156900,-1.0,-1.0,-1.0
2022/07/29,292.66666666666663,295.3333333333333,288.3333333333333,290.66666666666663,90600,-1.0,-1.0,-1.0
2022/08/01,294.3333333333333,294.66666666666663,288.66666666666663,290.3333333333333,46500,-1.0,-1.0,-1.0
2022/08/02,292.3333333333333,292.3333333333333,285.3333333333333,287.0,64500,-1.0,-1.0,-1.0
2022/08/03,287.0,287.0,281.0,285.0,149100,-1.0,-1.0,-1.0
2022/08/04,285.0,295.0,285.0,292.66666666666663,73500,-1.0,-1.0,-1.0
2022/08/05,292.66666666666663,293.66666666666663,287.66666666666663,293.0,78000,-1.0,-1.0,-1.0
2022/08/08,288.0,292.3333333333333,287.3333333333333,288.0,65400,-1.0,-1.0,-1.0
2022/08/09,288.0,291.0,286.0,289.66666666666663,124800,-1.0,-1.0,-1.0
2022/08/10,285.66666666666663,286.0,281.0,282.66666666666663,103200,-1.0,-1.0,-1.0
2022/08/12,287.66666666666663,298.0,287.66666666666663,291.66666666666663,258300,-1.0,-1.0,-1.0
2022/08/15,292.0,292.0,285.3333333333333,288.3333333333333,209700,-1.0,-1.0,-1.0
2022/08/16,289.0,292.0,286.0,290.66666666666663,205200,-1.0,-1.0,-1.0
2022/08/17,291.0,303.3333333333333,291.0,302.66666666666663,309900,-1.0,-1.0,-1.0
2022/08/18,298.3333333333333,299.3333333333333,294.0,295.66666666666663,106800,-1.0,-1.0,-1.0
2022/08/19,295.66666666666663,298.66666666666663,294.3333333333333,298.66666666666663,81000,-1.0,-1.0,-1.0
2022/08/22,295.0,295.66666666666663,292.3333333333333,295.66666666666663,122700,-1.0,-1.0,-1.0
2022/08/23,291.0,293.66666666666663,289.66666666666663,291.3333333333333,93900,-1.0,-1.0,-1.0
2022/08/24,291.3333333333333,293.0,289.0,293.0,70500,-1.0,-1.0,-1.0
2022/08/25,293.3333333333333,299.3333333333333,291.0,296.3333333333333,185100,-1.0,-1.0,-1.0
2022/08/26,296.3333333333333,308.0,296.3333333333333,303.0,229800,-1.0,-1.0,-1.0
2022/08/29,300.66666666666663,307.66666666666663,296.66666666666663,305.3333333333333,226200,-1.0,-1.0,-1.0
2022/08/30,303.3333333333333,303.3333333333333,298.0,302.0,170100,-1.0,-1.0,-1.0
2022/08/31,297.0,300.66666666666663,293.66666666666663,299.0,139200,-1.0,-1.0,-1.0
2022/09/01,296.3333333333333,303.3333333333333,296.3333333333333,303.3333333333333,84900,-1.0,-1.0,-1.0
2022/09/02,303.0,303.0,298.66666666666663,300.0,67500,-1.0,-1.0,-1.0
2022/09/05,299.3333333333333,299.3333333333333,295.3333333333333,298.0,75600,-1.0,-1.0,-1.0
2022/09/06,298.66666666666663,303.0,296.3333333333333,301.3333333333333,73800,-1.0,-1.0,-1.0
2022/09/07,300.0,300.0,295.0,297.3333333333333,82200,-1.0,-1.0,-1.0
2022/09/08,297.3333333333333,312.66666666666663,297.3333333333333,310.3333333333333,189900,-1.0,-1.0,-1.0
2022/09/09,308.66666666666663,318.3333333333333,307.66666666666663,318.0,148500,-1.0,-1.0,-1.0
2022/09/12,318.0,324.0,316.66666666666663,322.3333333333333,90000,-1.0,-1.0,-1.0
2022/09/13,322.66666666666663,325.3333333333333,319.66666666666663,321.0,87000,-1.0,-1.0,-1.0
2022/09/14,312.0,320.66666666666663,312.0,314.66666666666663,100500,-1.0,-1.0,-1.0
2022/09/15,314.66666666666663,332.66666666666663,314.66666666666663,328.3333333333333,292800,-1.0,-1.0,-1.0
2022/09/16,324.66666666666663,330.66666666666663,318.3333333333333,323.0,141900,-1.0,-1.0,-1.0
2022/09/20,323.0,326.0,312.66666666666663,315.3333333333333,210300,-1.0,-1.0,-1.0
2022/09/21,313.0,316.0,311.66666666666663,312.0,127500,-1.0,-1.0,-1.0
2022/09/22,308.3333333333333,313.3333333333333,306.0,308.3333333333333,77400,-1.0,-1.0,-1.0
2022/09/26,306.3333333333333,307.3333333333333,300.66666666666663,305.0,135900,-1.0,-1.0,-1.0
2022/09/27,306.3333333333333,314.66666666666663,306.3333333333333,314.3333333333333,225900,-1.0,-1.0,-1.0
2022/09/28,314.3333333333333,315.66666666666663,307.0,313.66666666666663,233100,-1.0,-1.0,-1.0
2022/09/29,319.0,325.0,317.66666666666663,321.66666666666663,327000,-1.0,-1.0,-1.0
2022/09/30,318.66666666666663,318.66666666666663,311.0,314.3333333333333,216000,-1.0,-1.0,-1.0
2022/10/03,312.0,323.0,308.66666666666663,323.0,150600,-1.0,-1.0,-1.0
2022/10/04,325.3333333333333,330.66666666666663,325.3333333333333,328.0,280500,-1.0,-1.0,-1.0
2022/10/05,331.3333333333333,341.3333333333333,328.3333333333333,332.66666666666663,693600,-1.0,-1.0,-1.0
2022/10/06,332.66666666666663,367.3333333333333,332.66666666666663,358.0,2679000,-1.0,-1.0,-1.0
2022/10/07,360.66666666666663,371.3333333333333,352.66666666666663,368.0,1444500,-1.0,-1.0,-1.0
2022/10/11,366.3333333333333,371.0,354.0,362.3333333333333,874800,-1.0,-1.0,-1.0
2022/10/12,362.3333333333333,366.3333333333333,354.66666666666663,356.0,496800,-1.0,-1.0,-1.0
2022/10/13,352.0,356.0,344.3333333333333,354.66666666666663,471300,-1.0,-1.0,-1.0
2022/10/14,361.3333333333333,362.0,348.0,356.66666666666663,307800,-1.0,-1.0,-1.0
2022/10/17,353.3333333333333,364.66666666666663,353.3333333333333,357.0,292200,-1.0,-1.0,-1.0
2022/10/18,366.3333333333333,370.3333333333333,357.0,367.0,336600,-1.0,-1.0,-1.0
2022/10/19,363.3333333333333,382.66666666666663,363.3333333333333,379.0,340800,-1.0,-1.0,-1.0
2022/10/20,376.0,378.66666666666663,368.0,368.0,316200,-1.0,-1.0,-1.0
2022/10/21,370.66666666666663,376.3333333333333,363.0,367.0,255300,-1.0,-1.0,-1.0
2022/10/24,374.0,377.3333333333333,369.3333333333333,372.0,288600,-1.0,-1.0,-1.0
2022/10/25,370.3333333333333,378.0,362.0,374.66666666666663,265800,-1.0,-1.0,-1.0
2022/10/26,374.66666666666663,382.66666666666663,371.66666666666663,382.0,241500,-1.0,-1.0,-1.0
2022/10/27,382.66666666666663,396.0,378.66666666666663,394.66666666666663,412200,-1.0,-1.0,-1.0
2022/10/28,392.3333333333333,398.3333333333333,382.3333333333333,387.3333333333333,777900,-1.0,-1.0,-1.0
2022/10/31,395.66666666666663,395.66666666666663,380.3333333333333,392.3333333333333,350700,-1.0,-1.0,-1.0
2022/11/01,396.66666666666663,396.66666666666663,381.0,382.3333333333333,246900,-1.0,-1.0,-1.0
2022/11/02,382.3333333333333,393.0,380.0,391.66666666666663,172500,-1.0,-1.0,-1.0
2022/11/04,391.3333333333333,399.0,389.66666666666663,393.66666666666663,237300,-1.0,-1.0,-1.0
2022/11/07,398.0,406.0,391.0,403.66666666666663,291000,-1.0,-1.0,-1.0
2022/11/08,408.3333333333333,429.0,408.3333333333333,427.0,591600,-1.0,-1.0,-1.0
2022/11/09,426.0,430.0,394.0,397.3333333333333,561900,-1.0,-1.0,-1.0
2022/11/10,394.0,399.3333333333333,382.66666666666663,384.3333333333333,457200,-1.0,-1.0,-1.0
2022/11/11,394.0,395.0,373.0,374.66666666666663,404100,-1.0,-1.0,-1.0
2022/11/14,382.0,385.3333333333333,369.66666666666663,376.3333333333333,226200,-1.0,-1.0,-1.0
2022/11/15,376.3333333333333,381.0,369.3333333333333,375.66666666666663,196200,-1.0,-1.0,-1.0
2022/11/16,380.0,427.0,367.66666666666663,426.0,1303500,-1.0,-1.0,-1.0
2022/11/17,420.0,424.66666666666663,405.0,406.3333333333333,640500,-1.0,-1.0,-1.0
2022/11/18,410.3333333333333,455.0,410.3333333333333,446.3333333333333,1999800,-1.0,-1.0,-1.0
2022/11/21,443.3333333333333,447.3333333333333,424.3333333333333,429.66666666666663,1411500,-1.0,-1.0,-1.0
2022/11/22,428.3333333333333,441.0,421.0,423.0,541200,-1.0,-1.0,-1.0
2022/11/24,426.0,431.0,415.3333333333333,430.3333333333333,374400,-1.0,-1.0,-1.0
2022/11/25,433.3333333333333,449.3333333333333,429.66666666666663,445.3333333333333,539100,-1.0,-1.0,-1.0
2022/11/28,445.3333333333333,449.66666666666663,436.3333333333333,443.0,378900,-1.0,-1.0,-1.0
2022/11/29,443.3333333333333,457.0,431.3333333333333,448.3333333333333,589200,-1.0,-1.0,-1.0
2022/11/30,447.66666666666663,447.66666666666663,434.0,440.66666666666663,427200,-1.0,-1.0,-1.0
2022/12/01,436.0,443.0,431.66666666666663,434.66666666666663,271200,-1.0,-1.0,-1.0
2022/12/02,432.0,432.0,422.3333333333333,429.3333333333333,311700,-1.0,-1.0,-1.0
2022/12/05,428.66666666666663,432.66666666666663,418.66666666666663,432.0,253500,-1.0,-1.0,-1.0
2022/12/06,427.0,427.66666666666663,414.0,424.3333333333333,334200,-1.0,-1.0,-1.0
2022/12/07,418.3333333333333,425.3333333333333,418.0,420.66666666666663,139200,-1.0,-1.0,-1.0
2022/12/08,425.66666666666663,430.0,420.3333333333333,426.3333333333333,212400,-1.0,-1.0,-1.0
2022/12/09,424.0,435.3333333333333,420.0,423.66666666666663,255300,-1.0,-1.0,-1.0
2022/12/12,420.0,420.0,406.66666666666663,415.0,359100,-1.0,-1.0,-1.0
2022/12/13,415.3333333333333,429.3333333333333,415.3333333333333,423.3333333333333,294600,-1.0,-1.0,-1.0
2022/12/14,424.66666666666663,427.0,413.66666666666663,413.66666666666663,165600,-1.0,-1.0,-1.0
2022/12/15,413.66666666666663,424.0,410.0,418.3333333333333,176100,-1.0,-1.0,-1.0
2022/12/16,418.3333333333333,426.66666666666663,417.0,421.0,222600,-1.0,-1.0,-1.0
2022/12/19,415.3333333333333,416.3333333333333,407.3333333333333,407.66666666666663,287100,-1.0,-1.0,-1.0
2022/12/20,407.66666666666663,409.0,388.66666666666663,392.66666666666663,372000,-1.0,-1.0,-1.0
2022/12/21,392.66666666666663,399.3333333333333,389.0,395.3333333333333,338700,-1.0,-1.0,-1.0
2022/12/22,396.66666666666663,407.0,396.0,404.66666666666663,236100,-1.0,-1.0,-1.0
2022/12/23,400.0,402.66666666666663,392.3333333333333,398.3333333333333,182100,-1.0,-1.0,-1.0
2022/12/26,406.0,416.3333333333333,402.0,404.0,247500,-1.0,-1.0,-1.0
2022/12/27,404.66666666666663,446.0,404.66666666666663,417.66666666666663,2018100,-1.0,-1.0,-1.0
2022/12/28,427.66666666666663,439.0,412.66666666666663,422.66666666666663,965100,-1.0,-1.0,-1.0
2022/12/29,421.3333333333333,456.3333333333333,413.0,451.0,1200900,-1.0,-1.0,-1.0
2022/12/30,455.3333333333333,469.3333333333333,455.3333333333333,465.3333333333333,1126800,-1.0,-1.0,-1.0
2023/01/04,461.0,464.3333333333333,436.0,442.0,778500,-1.0,-1.0,-1.0
2023/01/05,447.0,451.66666666666663,438.0,451.66666666666663,334800,-1.0,-1.0,-1.0
2023/01/06,452.66666666666663,460.66666666666663,450.66666666666663,459.3333333333333,290400,-1.0,-1.0,-1.0
2023/01/10,458.0,461.66666666666663,452.66666666666663,455.66666666666663,321900,-1.0,-1.0,-1.0
2023/01/11,456.66666666666663,468.0,453.66666666666663,455.0,351600,-1.0,-1.0,-1.0
2023/01/12,459.0,461.66666666666663,452.0,455.0,265800,-1.0,-1.0,-1.0
2023/01/13,455.0,455.0,434.0,436.0,455700,-1.0,-1.0,-1.0
2023/01/16,433.0,435.3333333333333,425.3333333333333,426.3333333333333,213900,-1.0,-1.0,-1.0
2023/01/17,427.0,436.66666666666663,421.3333333333333,431.66666666666663,357900,-1.0,-1.0,-1.0
2023/01/18,431.66666666666663,433.3333333333333,421.3333333333333,428.66666666666663,232500,-1.0,-1.0,-1.0
2023/01/19,426.66666666666663,432.3333333333333,421.3333333333333,428.3333333333333,165900,-1.0,-1.0,-1.0
2023/01/20,434.3333333333333,436.66666666666663,425.0,436.66666666666663,170400,-1.0,-1.0,-1.0
2023/01/23,441.3333333333333,442.3333333333333,431.66666666666663,439.3333333333333,282300,-1.0,-1.0,-1.0
2023/01/24,441.66666666666663,447.0,436.66666666666663,437.0,220200,-1.0,-1.0,-1.0
2023/01/25,438.3333333333333,440.3333333333333,435.0,435.0,144600,-1.0,-1.0,-1.0
2023/01/26,440.66666666666663,446.3333333333333,435.66666666666663,445.3333333333333,246000,-1.0,-1.0,-1.0
2023/01/27,445.3333333333333,456.66666666666663,442.3333333333333,450.3333333333333,428400,-1.0,-1.0,-1.0
2023/01/30,450.66666666666663,461.66666666666663,450.0,458.0,438900,-1.0,-1.0,-1.0
2023/01/31,458.0,474.66666666666663,452.0,470.66666666666663,507000,-1.0,-1.0,-1.0
2023/02/01,480.66666666666663,486.66666666666663,470.3333333333333,471.66666666666663,406200,-1.0,-1.0,-1.0
2023/02/02,477.3333333333333,484.0,462.66666666666663,462.66666666666663,292500,-1.0,-1.0,-1.0
2023/02/03,462.66666666666663,475.0,459.0,470.3333333333333,172800,-1.0,-1.0,-1.0
2023/02/06,474.66666666666663,480.0,465.66666666666663,475.0,211800,-1.0,-1.0,-1.0
2023/02/07,470.3333333333333,476.3333333333333,467.66666666666663,470.3333333333333,223800,-1.0,-1.0,-1.0
2023/02/08,474.3333333333333,484.0,470.3333333333333,480.66666666666663,363600,-1.0,-1.0,-1.0
2023/02/09,476.3333333333333,479.66666666666663,469.0,476.66666666666663,300600,-1.0,-1.0,-1.0
2023/02/10,474.3333333333333,481.0,471.3333333333333,476.66666666666663,137100,-1.0,-1.0,-1.0
2023/02/13,480.0,480.0,472.66666666666663,476.3333333333333,192600,-1.0,-1.0,-1.0
2023/02/14,478.3333333333333,481.3333333333333,470.66666666666663,472.0,264000,-1.0,-1.0,-1.0
2023/02/15,468.66666666666663,469.3333333333333,461.3333333333333,461.3333333333333,368100,-1.0,-1.0,-1.0
2023/02/16,461.66666666666663,475.66666666666663,461.0,474.3333333333333,271200,-1.0,-1.0,-1.0
2023/02/17,473.3333333333333,485.0,470.3333333333333,477.66666666666663,451200,-1.0,-1.0,-1.0
2023/02/20,476.66666666666663,481.3333333333333,472.0,473.0,387300,-1.0,-1.0,-1.0
2023/02/21,476.3333333333333,477.3333333333333,467.3333333333333,468.0,311700,-1.0,-1.0,-1.0
2023/02/22,460.3333333333333,472.66666666666663,458.0,466.66666666666663,563400,-1.0,-1.0,-1.0
2023/02/24,466.66666666666663,467.3333333333333,456.66666666666663,464.66666666666663,1288500,-1.0,-1.0,-1.0
2023/02/27,445.0,486.0,444.0,466.66666666666663,1335000,-1.0,-1.0,-1.0
2023/02/28,472.0,473.66666666666663,463.0,465.3333333333333,397800,-1.0,-1.0,-1.0
2023/03/01,464.66666666666663,476.66666666666663,458.66666666666663,475.0,442500,-1.0,-1.0,-1.0
2023/03/02,477.3333333333333,489.66666666666663,477.3333333333333,485.0,463200,-1.0,-1.0,-1.0
2023/03/03,490.0,516.0,489.66666666666663,514.0,784500,-1.0,-1.0,-1.0
2023/03/06,524.6666666666666,524.6666666666666,506.0,515.3333333333333,464100,-1.0,-1.0,-1.0
2023/03/07,516.0,534.0,515.6666666666666,526.6666666666666,447300,-1.0,-1.0,-1.0
2023/03/08,526.3333333333333,546.0,525.6666666666666,540.0,392700,-1.0,-1.0,-1.0
2023/03/09,536.6666666666666,562.0,536.6666666666666,561.6666666666666,605400,-1.0,-1.0,-1.0
2023/03/10,555.6666666666666,559.6666666666666,542.0,542.0,436500,-1.0,-1.0,-1.0
2023/03/13,534.6666666666666,538.6666666666666,518.6666666666666,526.6666666666666,426000,-1.0,-1.0,-1.0
2023/03/14,510.0,515.3333333333333,493.0,497.66666666666663,433200,-1.0,-1.0,-1.0
2023/03/15,507.66666666666663,515.3333333333333,504.0,515.3333333333333,248700,-1.0,-1.0,-1.0
2023/03/16,497.3333333333333,502.66666666666663,488.0,498.0,326400,-1.0,-1.0,-1.0
2023/03/17,506.66666666666663,508.0,495.0,497.3333333333333,197400,-1.0,-1.0,-1.0
2023/03/20,496.3333333333333,496.3333333333333,477.66666666666663,480.3333333333333,217500,-1.0,-1.0,-1.0
2023/03/22,490.3333333333333,492.0,478.3333333333333,478.3333333333333,222300,-1.0,-1.0,-1.0
2023/03/23,472.3333333333333,477.66666666666663,469.3333333333333,477.66666666666663,131100,-1.0,-1.0,-1.0
2023/03/24,473.0,479.66666666666663,465.66666666666663,474.66666666666663,213900,-1.0,-1.0,-1.0
2023/03/27,474.66666666666663,480.66666666666663,470.3333333333333,480.3333333333333,135300,-1.0,-1.0,-1.0
2023/03/28,485.66666666666663,487.66666666666663,478.3333333333333,484.66666666666663,142500,-1.0,-1.0,-1.0
2023/03/29,483.0,492.3333333333333,476.3333333333333,481.0,360600,-1.0,-1.0,-1.0
2023/03/30,483.0,494.66666666666663,479.66666666666663,493.66666666666663,242700,-1.0,-1.0,-1.0
2023/03/31,498.3333333333333,522.0,498.3333333333333,518.6666666666666,449100,-1.0,-1.0,-1.0
2023/04/03,525.0,534.6666666666666,518.6666666666666,533.0,311100,-1.0,-1.0,-1.0
2023/04/04,531.0,536.0,521.3333333333333,534.3333333333333,274500,-1.0,-1.0,-1.0
2023/04/05,523.0,531.6666666666666,513.3333333333333,521.3333333333333,400800,-1.0,-1.0,-1.0
2023/04/06,516.6666666666666,518.0,497.66666666666663,499.0,311700,-1.0,-1.0,-1.0
2023/04/07,500.0,509.3333333333333,492.0,493.66666666666663,246600,-1.0,-1.0,-1.0
2023/04/10,495.3333333333333,503.66666666666663,495.0,499.66666666666663,115800,-1.0,-1.0,-1.0
2023/04/11,509.66666666666663,517.0,502.3333333333333,510.66666666666663,192000,-1.0,-1.0,-1.0
2023/04/12,513.3333333333333,524.6666666666666,512.6666666666666,522.3333333333333,231600,-1.0,-1.0,-1.0
2023/04/13,521.6666666666666,530.3333333333333,514.3333333333333,527.6666666666666,243000,-1.0,-1.0,-1.0
2023/04/14,540.0,546.3333333333333,479.66666666666663,486.66666666666663,2657400,-1.0,-1.0,-1.0
2023/04/17,504.66666666666663,532.0,501.66666666666663,505.66666666666663,1607700,-1.0,-1.0,-1.0
2023/04/18,506.66666666666663,519.6666666666666,494.66666666666663,518.3333333333333,537900,-1.0,-1.0,-1.0
2023/04/19,531.6666666666666,541.6666666666666,524.3333333333333,526.6666666666666,610500,-1.0,-1.0,-1.0
2023/04/20,524.3333333333333,530.6666666666666,518.3333333333333,527.6666666666666,246000,-1.0,-1.0,-1.0
2023/04/21,527.3333333333333,527.3333333333333,514.0,519.0,189900,-1.0,-1.0,-1.0
2023/04/24,519.0,527.0,510.66666666666663,526.3333333333333,205200,-1.0,-1.0,-1.0
2023/04/25,521.6666666666666,527.3333333333333,511.66666666666663,513.3333333333333,225600,-1.0,-1.0,-1.0
2023/04/26,507.66666666666663,514.0,500.66666666666663,510.3333333333333,183900,-1.0,-1.0,-1.0
2023/04/27,509.66666666666663,524.0,507.66666666666663,521.0,409500,-1.0,-1.0,-1.0
2023/04/28,532.3333333333333,534.0,520.0,530.6666666666666,322800,-1.0,-1.0,-1.0
2023/05/01,533.3333333333333,533.3333333333333,520.0,523.3333333333333,172500,-1.0,-1.0,-1.0
2023/05/02,518.3333333333333,526.6666666666666,510.3333333333333,519.3333333333333,342000,-1.0,-1.0,-1.0
2023/05/08,522.3333333333333,553.3333333333333,519.3333333333333,552.0,421200,-1.0,-1.0,-1.0
2023/05/09,559.6666666666666,576.6666666666666,553.3333333333333,561.6666666666666,428400,-1.0,-1.0,-1.0
2023/05/10,563.3333333333333,568.6666666666666,542.6666666666666,545.0,213600,-1.0,-1.0,-1.0
2023/05/11,546.0,551.0,537.3333333333333,549.0,159600,-1.0,-1.0,-1.0
2023/05/12,544.0,559.6666666666666,544.0,558.6666666666666,207000,-1.0,-1.0,-1.0
2023/05/15,558.6666666666666,560.6666666666666,547.3333333333333,554.0,240000,-1.0,-1.0,-1.0
2023/05/16,560.0,560.6666666666666,546.6666666666666,554.0,180900,-1.0,-1.0,-1.0
2023/05/17,554.0,563.0,550.0,554.6666666666666,183000,-1.0,-1.0,-1.0
2023/05/18,565.3333333333333,590.3333333333333,563.6666666666666,590.0,499800,-1.0,-1.0,-1.0
2023/05/19,593.3333333333333,599.0,577.6666666666666,580.6666666666666,368400,-1.0,-1.0,-1.0
2023/05/22,580.0,602.0,576.3333333333333,582.6666666666666,434400,-1.0,-1.0,-1.0
2023/05/23,585.6666666666666,588.3333333333333,560.6666666666666,565.6666666666666,455400,-1.0,-1.0,-1.0
2023/05/24,564.6666666666666,571.6666666666666,549.0,556.3333333333333,201300,-1.0,-1.0,-1.0
2023/05/25,551.0,552.3333333333333,545.0,549.6666666666666,204900,-1.0,-1.0,-1.0
2023/05/26,551.0,554.6666666666666,546.0,550.3333333333333,217200,-1.0,-1.0,-1.0
2023/05/29,552.6666666666666,560.3333333333333,544.6666666666666,544.6666666666666,126900,-1.0,-1.0,-1.0
2023/05/30,543.3333333333333,544.3333333333333,528.3333333333333,536.6666666666666,177600,-1.0,-1.0,-1.0
2023/05/31,531.6666666666666,535.6666666666666,520.0,522.3333333333333,211500,-1.0,-1.0,-1.0
2023/06/01,516.6666666666666,519.6666666666666,511.3333333333333,514.3333333333333,192600,-1.0,-1.0,-1.0
2023/06/02,519.6666666666666,530.0,511.66666666666663,528.6666666666666,163800,-1.0,-1.0,-1.0
2023/06/05,538.0,539.0,532.3333333333333,535.6666666666666,154200,-1.0,-1.0,-1.0
2023/06/06,526.6666666666666,532.3333333333333,521.0,529.3333333333333,181800,-1.0,-1.0,-1.0
2023/06/07,533.6666666666666,540.0,525.0,530.0,213900,-1.0,-1.0,-1.0
2023/06/08,523.3333333333333,531.3333333333333,507.3333333333333,511.0,293700,-1.0,-1.0,-1.0
2023/06/09,522.0,528.0,515.0,527.0,193200,-1.0,-1.0,-1.0
2023/06/12,527.3333333333333,535.6666666666666,527.3333333333333,529.3333333333333,151800,-1.0,-1.0,-1.0
2023/06/13,531.6666666666666,533.0,522.3333333333333,524.0,180300,-1.0,-1.0,-1.0
2023/06/14,524.0,525.6666666666666,515.0,521.3333333333333,185700,-1.0,-1.0,-1.0
2023/06/15,519.0,523.6666666666666,515.3333333333333,515.6666666666666,160500,-1.0,-1.0,-1.0
2023/06/16,518.0,542.6666666666666,515.0,533.0,362100,-1.0,-1.0,-1.0
2023/06/19,541.0,553.0,534.3333333333333,552.0,205200,-1.0,-1.0,-1.0
2023/06/20,552.6666666666666,559.0,545.3333333333333,555.0,225600,-1.0,-1.0,-1.0
2023/06/21,544.6666666666666,575.6666666666666,544.6666666666666,573.6666666666666,257100,-1.0,-1.0,-1.0
2023/06/22,578.3333333333333,599.6666666666666,576.0,577.6666666666666,374400,-1.0,-1.0,-1.0
2023/06/23,579.6666666666666,587.6666666666666,570.3333333333333,579.6666666666666,207000,-1.0,-1.0,-1.0
2023/06/26,579.3333333333333,583.6666666666666,567.6666666666666,578.3333333333333,180000,-1.0,-1.0,-1.0
2023/06/27,576.3333333333333,590.0,572.6666666666666,589.3333333333333,194700,-1.0,-1.0,-1.0
2023/06/28,591.6666666666666,624.3333333333333,586.6666666666666,618.3333333333333,555300,-1.0,-1.0,-1.0
2023/06/29,619.3333333333333,634.3333333333333,611.6666666666666,626.6666666666666,530700,-1.0,-1.0,-1.0
2023/06/30,630.6666666666666,680.0,619.6666666666666,637.6666666666666,2611800,-1.0,-1.0,-1.0
2023/07/03,670.6666666666666,704.0,665.0,674.6666666666666,1187100,-1.0,-1.0,-1.0
2023/07/04,668.3333333333333,691.6666666666666,657.0,685.6666666666666,686100,-1.0,-1.0,-1.0
2023/07/05,684.3333333333333,684.3333333333333,661.0,674.3333333333333,506700,-1.0,-1.0,-1.0
2023/07/06,671.0,673.0,647.6666666666666,654.6666666666666,360600,-1.0,-1.0,-1.0
2023/07/07,668.0,681.3333333333333,655.6666666666666,669.0,356700,-1.0,-1.0,-1.0
2023/07/10,659.3333333333333,660.0,643.6666666666666,652.0,483000,-1.0,-1.0,-1.0
2023/07/11,665.3333333333333,693.3333333333333,665.0,680.6666666666666,834000,-1.0,-1.0,-1.0
2023/07/12,694.6666666666666,717.6666666666666,683.6666666666666,701.3333333333333,1010100,-1.0,-1.0,-1.0
2023/07/13,709.6666666666666,709.6666666666666,680.0,690.6666666666666,551400,-1.0,-1.0,-1.0
2023/07/14,699.3333333333333,702.0,674.6666666666666,686.0,381000,-1.0,-1.0,-1.0
2023/07/18,686.6666666666666,703.3333333333333,680.3333333333333,682.3333333333333,325500,-1.0,-1.0,-1.0
2023/07/19,685.0,694.3333333333333,665.0,686.6666666666666,285300,-1.0,-1.0,-1.0
2023/07/20,685.0,686.6666666666666,668.6666666666666,677.0,305100,-1.0,-1.0,-1.0
2023/07/21,675.0,681.6666666666666,662.3333333333333,666.3333333333333,339600,-1.0,-1.0,-1.0
2023/07/24,674.3333333333333,691.3333333333333,672.0,687.6666666666666,361200,-1.0,-1.0,-1.0
2023/07/25,687.6666666666666,695.0,682.3333333333333,684.3333333333333,189900,-1.0,-1.0,-1.0
2023/07/26,688.6666666666666,688.6666666666666,673.0,687.3333333333333,156000,-1.0,-1.0,-1.0
2023/07/27,682.6666666666666,686.0,674.6666666666666,677.0,121200,-1.0,-1.0,-1.0
2023/07/28,669.0,669.6666666666666,652.6666666666666,666.0,616500,-1.0,-1.0,-1.0
2023/07/31,674.3333333333333,684.3333333333333,671.6666666666666,682.3333333333333,293100,-1.0,-1.0,-1.0
2023/08/01,677.3333333333333,684.6666666666666,667.0,672.6666666666666,342600,-1.0,-1.0,-1.0
2023/08/02,666.6666666666666,666.6666666666666,642.0,644.3333333333333,443100,-1.0,-1.0,-1.0
2023/08/03,640.0,653.6666666666666,637.0,647.0,337800,-1.0,-1.0,-1.0
2023/08/04,643.3333333333333,656.0,642.0,653.3333333333333,188700,-1.0,-1.0,-1.0
2023/08/07,646.0,651.0,638.3333333333333,646.0,180900,-1.0,-1.0,-1.0
2023/08/08,644.6666666666666,649.0,637.0,644.0,198000,-1.0,-1.0,-1.0
2023/08/09,642.0,648.6666666666666,635.6666666666666,637.3333333333333,170400,-1.0,-1.0,-1.0
2023/08/10,633.3333333333333,645.3333333333333,631.3333333333333,643.0,198900,-1.0,-1.0,-1.0
2023/08/14,642.0,652.6666666666666,624.6666666666666,626.6666666666666,280800,-1.0,-1.0,-1.0
2023/08/15,627.3333333333333,629.3333333333333,618.0,621.3333333333333,212100,-1.0,-1.0,-1.0
2023/08/16,616.6666666666666,618.0,608.3333333333333,610.6666666666666,187500,-1.0,-1.0,-1.0
2023/08/17,608.3333333333333,612.6666666666666,598.0,611.3333333333333,232500,-1.0,-1.0,-1.0
2023/08/18,604.3333333333333,605.3333333333333,594.0,598.6666666666666,225900,-1.0,-1.0,-1.0
2023/08/21,596.6666666666666,611.3333333333333,594.3333333333333,610.0,162600,-1.0,-1.0,-1.0
2023/08/22,614.6666666666666,616.6666666666666,607.0,616.0,175200,-1.0,-1.0,-1.0
2023/08/23,613.3333333333333,636.0,609.6666666666666,634.6666666666666,190800,-1.0,-1.0,-1.0
2023/08/24,639.3333333333333,645.0,635.3333333333333,640.6666666666666,249300,-1.0,-1.0,-1.0
2023/08/25,634.0,655.3333333333333,632.3333333333333,649.6666666666666,227400,-1.0,-1.0,-1.0
2023/08/28,650.0,654.0,636.3333333333333,644.3333333333333,207000,-1.0,-1.0,-1.0
2023/08/29,649.6666666666666,669.3333333333333,649.6666666666666,663.6666666666666,372900,-1.0,-1.0,-1.0
2023/08/30,673.6666666666666,675.0,651.6666666666666,655.0,255600,-1.0,-1.0,-1.0
2023/08/31,655.0,673.0,651.3333333333333,665.0,240600,-1.0,-1.0,-1.0
2023/09/01,662.6666666666666,667.6666666666666,660.0,661.0,124800,-1.0,-1.0,-1.0
2023/09/04,663.3333333333333,665.6666666666666,653.3333333333333,659.3333333333333,123000,-1.0,-1.0,-1.0
2023/09/05,660.3333333333333,661.6666666666666,653.0,661.6666666666666,124200,-1.0,-1.0,-1.0
2023/09/06,656.0,666.3333333333333,656.0,661.6666666666666,209700,-1.0,-1.0,-1.0
2023/09/07,661.6666666666666,682.3333333333333,659.6666666666666,673.6666666666666,296100,-1.0,-1.0,-1.0
2023/09/08,679.6666666666666,705.0,675.6666666666666,696.0,450000,-1.0,-1.0,-1.0
2023/09/11,700.0,702.3333333333333,687.6666666666666,695.0,229800,-1.0,-1.0,-1.0
2023/09/12,700.6666666666666,740.6666666666666,700.6666666666666,736.3333333333333,632400,-1.0,-1.0,-1.0
2023/09/13,733.3333333333333,738.6666666666666,711.0,716.6666666666666,349800,-1.0,-1.0,-1.0
2023/09/14,715.0,721.0,707.3333333333333,716.0,179400,-1.0,-1.0,-1.0
2023/09/15,723.0,726.6666666666666,706.0,711.6666666666666,241800,-1.0,-1.0,-1.0
2023/09/19,708.0,709.6666666666666,695.6666666666666,707.0,428700,-1.0,-1.0,-1.0
2023/09/20,706.6666666666666,713.3333333333333,678.3333333333333,678.3333333333333,254400,-1.0,-1.0,-1.0
2023/09/21,689.3333333333333,689.3333333333333,673.3333333333333,677.0,179400,-1.0,-1.0,-1.0
2023/09/22,671.0,688.3333333333333,668.6666666666666,681.0,253500,-1.0,-1.0,-1.0
2023/09/25,680.6666666666666,697.3333333333333,680.3333333333333,696.0,236100,-1.0,-1.0,-1.0
2023/09/26,695.0,695.6666666666666,659.0,677.3333333333333,492600,-1.0,-1.0,-1.0
2023/09/27,674.6666666666666,684.3333333333333,667.0,684.3333333333333,280800,-1.0,-1.0,-1.0
2023/09/28,674.6666666666666,680.6666666666666,663.0,665.3333333333333,234300,-1.0,-1.0,-1.0
2023/09/29,667.3333333333333,682.3333333333333,662.3333333333333,665.6666666666666,336300,-1.0,-1.0,-1.0
2023/10/02,671.6666666666666,683.3333333333333,662.0,664.3333333333333,423900,-1.0,-1.0,-1.0
2023/10/03,658.0,664.3333333333333,634.3333333333333,636.3333333333333,383400,-1.0,-1.0,-1.0
2023/10/04,617.6666666666666,631.3333333333333,606.3333333333333,606.6666666666666,411600,-1.0,-1.0,-1.0
2023/10/05,616.3333333333333,629.0,608.6666666666666,619.3333333333333,542700,-1.0,-1.0,-1.0
2023/10/06,622.6666666666666,752.6666666666666,595.3333333333333,752.6666666666666,1806600,-1.0,-1.0,-1.0
2023/10/10,827.6666666666666,869.0,827.6666666666666,862.6666666666666,5194800,-1.0,-1.0,-1.0
2023/10/11,868.0,890.0,852.3333333333333,857.0,3059400,-1.0,-1.0,-1.0
2023/10/12,864.3333333333333,870.6666666666666,840.0,870.0,1636200,-1.0,-1.0,-1.0
2023/10/13,869.3333333333333,870.0,838.6666666666666,844.0,1406700,-1.0,-1.0,-1.0
2023/10/16,836.3333333333333,859.3333333333333,835.3333333333333,852.6666666666666,919800,-1.0,-1.0,-1.0
2023/10/17,865.6666666666666,893.3333333333333,859.6666666666666,866.0,1101600,-1.0,-1.0,-1.0
2023/10/18,882.3333333333333,884.6666666666666,861.6666666666666,884.6666666666666,808500,-1.0,-1.0,-1.0
2023/10/19,875.3333333333333,882.3333333333333,856.0,866.3333333333333,839700,-1.0,-1.0,-1.0
2023/10/20,866.0,870.3333333333333,852.0,861.3333333333333,428400,-1.0,-1.0,-1.0
2023/10/23,859.3333333333333,867.3333333333333,845.0,855.6666666666666,528300,-1.0,-1.0,-1.0
2023/10/24,859.3333333333333,874.6666666666666,841.0,860.0,672600,-1.0,-1.0,-1.0
2023/10/25,857.3333333333333,870.0,855.0,858.3333333333333,483000,-1.0,-1.0,-1.0
2023/10/26,862.0,883.0,861.0,865.3333333333333,807900,-1.0,-1.0,-1.0
2023/10/27,866.6666666666666,898.6666666666666,858.6666666666666,898.6666666666666,814500,-1.0,-1.0,-1.0
2023/10/30,898.3333333333333,908.3333333333333,872.3333333333333,881.0,1026300,-1.0,-1.0,-1.0
2023/10/31,871.3333333333333,902.3333333333333,865.6666666666666,900.6666666666666,747900,-1.0,-1.0,-1.0
2023/11/01,905.0,917.0,885.0,889.6666666666666,750900,-1.0,-1.0,-1.0
2023/11/02,887.6666666666666,891.3333333333333,874.3333333333333,880.0,352200,-1.0,-1.0,-1.0
2023/11/06,890.3333333333333,908.3333333333333,881.0,900.3333333333333,727200,-1.0,-1.0,-1.0
2023/11/07,883.6666666666666,890.6666666666666,855.0,862.0,852000,-1.0,-1.0,-1.0
2023/11/08,862.3333333333333,882.6666666666666,860.6666666666666,868.6666666666666,528300,-1.0,-1.0,-1.0
2023/11/09,852.6666666666666,875.6666666666666,850.0,869.6666666666666,254400,-1.0,-1.0,-1.0
2023/11/10,854.6666666666666,872.3333333333333,851.3333333333333,866.3333333333333,222300,-1.0,-1.0,-1.0
2023/11/13,866.6666666666666,872.3333333333333,859.3333333333333,865.0,259200,-1.0,-1.0,-1.0
2023/11/14,863.3333333333333,880.0,863.3333333333333,872.6666666666666,291600,-1.0,-1.0,-1.0
2023/11/15,880.0,883.0,863.0,864.3333333333333,289200,-1.0,-1.0,-1.0
2023/11/16,861.6666666666666,873.0,855.3333333333333,863.6666666666666,297300,-1.0,-1.0,-1.0
2023/11/17,857.6666666666666,889.0,857.6666666666666,886.0,251700,-1.0,-1.0,-1.0
2023/11/20,879.3333333333333,891.3333333333333,875.0,884.3333333333333,237300,-1.0,-1.0,-1.0
2023/11/21,893.0,905.3333333333333,883.6666666666666,902.0,297600,-1.0,-1.0,-1.0
2023/11/22,902.0,904.6666666666666,895.3333333333333,897.0,211200,-1.0,-1.0,-1.0
2023/11/24,898.0,913.3333333333333,882.0,885.3333333333333,384600,-1.0,-1.0,-1.0
2023/11/27,885.3333333333333,893.6666666666666,878.0,891.6666666666666,165000,-1.0,-1.0,-1.0
2023/11/28,885.0,919.0,880.0,912.6666666666666,563400,-1.0,-1.0,-1.0
2023/11/29,910.0,911.3333333333333,882.0,887.6666666666666,281400,-1.0,-1.0,-1.0
2023/11/30,883.3333333333333,900.6666666666666,872.6666666666666,899.3333333333333,299700,-1.0,-1.0,-1.0
2023/12/01,902.0,922.6666666666666,894.3333333333333,906.3333333333333,528300,-1.0,-1.0,-1.0
2023/12/04,904.0,918.3333333333333,904.0,911.0,418800,-1.0,-1.0,-1.0
2023/12/05,904.3333333333333,904.6666666666666,871.6666666666666,889.0,560100,-1.0,-1.0,-1.0
2023/12/06,886.3333333333333,910.0,883.3333333333333,907.3333333333333,354300,-1.0,-1.0,-1.0
2023/12/07,893.0,902.0,886.0,890.0,245100,-1.0,-1.0,-1.0
2023/12/08,880.0,886.3333333333333,871.0,884.3333333333333,436800,-1.0,-1.0,-1.0
2023/12/11,884.3333333333333,894.6666666666666,883.6666666666666,892.6666666666666,231300,-1.0,-1.0,-1.0
2023/12/12,890.6666666666666,900.6666666666666,880.3333333333333,888.6666666666666,344700,-1.0,-1.0,-1.0
2023/12/13,889.0,909.6666666666666,886.0,888.6666666666666,282900,-1.0,-1.0,-1.0
2023/12/14,888.3333333333333,893.0,877.0,887.3333333333333,310500,-1.0,-1.0,-1.0
2023/12/15,891.3333333333333,903.3333333333333,886.6666666666666,895.6666666666666,148800,-1.0,-1.0,-1.0
2023/12/18,892.3333333333333,900.6666666666666,883.6666666666666,895.3333333333333,162000,-1.0,-1.0,-1.0
2023/12/19,895.3333333333333,915.6666666666666,892.3333333333333,911.6666666666666,297900,-1.0,-1.0,-1.0
2023/12/20,923.3333333333333,932.6666666666666,913.3333333333333,917.6666666666666,327900,-1.0,-1.0,-1.0
2023/12/21,913.3333333333333,921.3333333333333,904.6666666666666,913.0,273000,-1.0,-1.0,-1.0
2023/12/22,910.6666666666666,922.6666666666666,905.6666666666666,917.6666666666666,231000,-1.0,-1.0,-1.0
2023/12/25,930.0,930.0,905.3333333333333,911.6666666666666,285600,-1.0,-1.0,-1.0
2023/12/26,908.3333333333333,908.3333333333333,820.3333333333333,833.0,1504200,-1.0,-1.0,-1.0
2023/12/27,833.0,858.6666666666666,784.6666666666666,840.0,2724300,-1.0,-1.0,-1.0
2023/12/28,841.3333333333333,854.3333333333333,807.0,811.3333333333333,1096200,-1.0,-1.0,-1.0
2023/12/29,813.3333333333333,830.0,786.0,790.6666666666666,1045200,-1.0,-1.0,-1.0
2024/01/04,793.3333333333333,801.6666666666666,772.0,801.0,666300,-1.0,-1.0,-1.0
2024/01/05,800.0,810.3333333333333,788.6666666666666,788.6666666666666,564900,-1.0,-1.0,-1.0
2024/01/09,795.6666666666666,824.3333333333333,795.0,824.3333333333333,612300,-1.0,-1.0,-1.0
2024/01/10,824.3333333333333,840.0,806.0,820.0,852300,-1.0,-1.0,-1.0
2024/01/11,826.6666666666666,834.0,817.3333333333333,831.6666666666666,459000,-1.0,-1.0,-1.0
2024/01/12,836.0,854.3333333333333,833.3333333333333,853.0,530100,-1.0,-1.0,-1.0
2024/01/15,847.3333333333333,863.3333333333333,830.0,862.3333333333333,602400,-1.0,-1.0,-1.0
2024/01/16,862.3333333333333,876.6666666666666,845.6666666666666,845.6666666666666,569400,-1.0,-1.0,-1.0
2024/01/17,862.3333333333333,880.0,860.0,869.6666666666666,495300,-1.0,-1.0,-1.0
2024/01/18,871.0,915.6666666666666,871.0,913.6666666666666,730200,-1.0,-1.0,-1.0
2024/01/19,913.6666666666666,915.6666666666666,890.3333333333333,900.0,605700,-1.0,-1.0,-1.0
2024/01/22,900.3333333333333,900.3333333333333,880.6666666666666,891.3333333333333,339600,-1.0,-1.0,-1.0
2024/01/23,910.0,910.6666666666666,880.3333333333333,889.3333333333333,465900,-1.0,-1.0,-1.0
2024/01/24,885.0,885.0,869.6666666666666,876.3333333333333,434700,-1.0,-1.0,-1.0
2024/01/25,879.3333333333333,879.3333333333333,862.6666666666666,878.6666666666666,270600,-1.0,-1.0,-1.0
2024/01/26,877.3333333333333,904.0,876.6666666666666,880.0,483600,-1.0,-1.0,-1.0
2024/01/29,888.3333333333333,937.3333333333333,888.3333333333333,927.3333333333333,1462500,-1.0,-1.0,-1.0
2024/01/30,910.6666666666666,933.3333333333333,900.0,916.0,1015800,-1.0,-1.0,-1.0
2024/01/31,915.3333333333333,915.3333333333333,889.0,905.3333333333333,622200,-1.0,-1.0,-1.0
2024/02/01,901.0,910.0,893.3333333333333,902.6666666666666,240600,-1.0,-1.0,-1.0
2024/02/02,906.0,912.0,896.6666666666666,908.0,290700,-1.0,-1.0,-1.0
2024/02/05,923.0,936.3333333333333,911.0,927.3333333333333,680400,-1.0,-1.0,-1.0
2024/02/06,916.6666666666666,943.0,915.0,934.0,655200,-1.0,-1.0,-1.0
2024/02/07,933.6666666666666,945.6666666666666,930.0,944.3333333333333,378300,-1.0,-1.0,-1.0
2024/02/08,949.6666666666666,953.3333333333333,923.3333333333333,923.6666666666666,483900,-1.0,-1.0,-1.0
2024/02/09,920.0,930.6666666666666,912.3333333333333,915.3333333333333,303600,-1.0,-1.0,-1.0
2024/02/13,929.3333333333333,933.3333333333333,907.6666666666666,933.3333333333333,338700,-1.0,-1.0,-1.0
2024/02/14,925.6666666666666,930.0,911.6666666666666,916.3333333333333,313500,-1.0,-1.0,-1.0
2024/02/15,918.3333333333333,920.3333333333333,887.0,887.0,461700,-1.0,-1.0,-1.0
2024/02/16,889.0,905.0,886.0,893.3333333333333,217200,-1.0,-1.0,-1.0
2024/02/19,893.6666666666666,912.0,893.6666666666666,912.0,210000,-1.0,-1.0,-1.0
2024/02/20,919.0,919.3333333333333,906.3333333333333,911.3333333333333,195900,-1.0,-1.0,-1.0
2024/02/21,919.0,941.6666666666666,911.0,931.6666666666666,369900,-1.0,-1.0,-1.0
2024/02/22,931.3333333333333,940.0,921.6666666666666,931.6666666666666,430200,-1.0,-1.0,-1.0
2024/02/26,939.6666666666666,944.0,927.0,933.3333333333333,541800,-1.0,-1.0,-1.0
2024/02/27,936.6666666666666,936.6666666666666,888.0,891.6666666666666,1780800,-1.0,-1.0,-1.0
2024/02/28,867.6666666666666,885.0,853.6666666666666,871.6666666666666,1321200,-1.0,-1.0,-1.0
2024/02/29,859.3333333333333,867.0,834.0,846.6666666666666,722400,-1.0,-1.0,-1.0
2024/03/01,846.6666666666666,872.0,831.6666666666666,835.6666666666666,704400,-1.0,-1.0,-1.0
2024/03/04,841.0,846.3333333333333,828.6666666666666,838.3333333333333,438300,-1.0,-1.0,-1.0
2024/03/05,836.0,842.0,821.0,840.6666666666666,312600,-1.0,-1.0,-1.0
2024/03/06,844.3333333333333,894.3333333333333,840.6666666666666,890.0,997800,-1.0,-1.0,-1.0
2024/03/07,891.3333333333333,891.3333333333333,852.6666666666666,870.3333333333333,521700,-1.0,-1.0,-1.0
2024/03/08,855.6666666666666,877.3333333333333,855.6666666666666,863.6666666666666,216900,-1.0,-1.0,-1.0
2024/03/11,848.3333333333333,869.6666666666666,847.3333333333333,855.6666666666666,343500,-1.0,-1.0,-1.0
2024/03/12,849.6666666666666,860.0,837.3333333333333,860.0,261300,-1.0,-1.0,-1.0
2024/03/13,866.6666666666666,866.6666666666666,838.6666666666666,847.0,213000,-1.0,-1.0,-1.0
2024/03/14,851.6666666666666,870.0,848.3333333333333,869.3333333333333,227400,-1.0,-1.0,-1.0
2024/03/15,864.3333333333333,887.3333333333333,856.3333333333333,881.6666666666666,303600,-1.0,-1.0,-1.0
2024/03/18,883.6666666666666,893.3333333333333,880.3333333333333,884.0,211500,-1.0,-1.0,-1.0
2024/03/19,890.6666666666666,899.6666666666666,876.6666666666666,888.0,284700,-1.0,-1.0,-1.0
2024/03/21,894.3333333333333,902.3333333333333,887.3333333333333,887.6666666666666,282300,-1.0,-1.0,-1.0
2024/03/22,898.0,903.3333333333333,880.0,903.3333333333333,292200,-1.0,-1.0,-1.0
2024/03/25,899.6666666666666,901.3333333333333,885.3333333333333,885.3333333333333,160500,-1.0,-1.0,-1.0
2024/03/26,882.0,900.0,878.6666666666666,891.0,203400,-1.0,-1.0,-1.0
2024/03/27,893.0,945.6666666666666,893.0,930.0,883200,-1.0,-1.0,-1.0
2024/03/28,926.6666666666666,936.6666666666666,904.3333333333333,910.0,334200,-1.0,-1.0,-1.0
2024/03/29,915.0,970.0,915.0,970.0,780300,-1.0,-1.0,-1.0
2024/04/01,973.0,977.6666666666666,930.6666666666666,934.3333333333333,355200,-1.0,-1.0,-1.0
2024/04/02,926.6666666666666,926.6666666666666,895.3333333333333,900.0,455400,-1.0,-1.0,-1.0
2024/04/03,901.3333333333333,923.3333333333333,896.6666666666666,915.0,334200,-1.0,-1.0,-1.0
2024/04/04,927.3333333333333,927.3333333333333,901.3333333333333,905.0,309900,-1.0,-1.0,-1.0
2024/04/05,895.6666666666666,915.0,893.3333333333333,909.3333333333333,281700,-1.0,-1.0,-1.0
2024/04/08,924.3333333333333,939.3333333333333,916.6666666666666,924.3333333333333,376200,-1.0,-1.0,-1.0
2024/04/09,933.0,933.0,908.6666666666666,914.0,243900,-1.0,-1.0,-1.0
2024/04/10,914.0,915.6666666666666,897.3333333333333,900.0,249900,-1.0,-1.0,-1.0
2024/04/11,898.0,905.0,888.3333333333333,896.6666666666666,462900,-1.0,-1.0,-1.0
2024/04/12,907.0,928.6666666666666,862.0,879.6666666666666,3253200,-1.0,-1.0,-1.0
2024/04/15,878.0,965.3333333333333,875.0,954.6666666666666,1803000,-1.0,-1.0,-1.0
2024/04/16,943.6666666666666,958.0,905.3333333333333,906.0,640500,-1.0,-1.0,-1.0
2024/04/17,905.3333333333333,921.3333333333333,882.0,887.3333333333333,562200,-1.0,-1.0,-1.0
2024/04/18,888.6666666666666,950.0,888.6666666666666,933.0,546600,-1.0,-1.0,-1.0
2024/04/19,933.3333333333333,943.3333333333333,892.6666666666666,905.6666666666666,450300,-1.0,-1.0,-1.0
2024/04/22,910.0,935.0,903.6666666666666,933.6666666666666,448200,-1.0,-1.0,-1.0
2024/04/23,946.0,962.0,941.3333333333333,951.6666666666666,483000,-1.0,-1.0,-1.0
2024/04/24,958.0,979.3333333333333,952.3333333333333,979.0,683100,-1.0,-1.0,-1.0
2024/04/25,981.6666666666666,995.3333333333333,955.0,959.0,536400,-1.0,-1.0,-1.0
2024/04/26,945.6666666666666,945.6666666666666,907.0,924.6666666666666,861300,-1.0,-1.0,-1.0
2024/04/30,937.3333333333333,937.3333333333333,916.6666666666666,930.3333333333333,210000,-1.0,-1.0,-1.0
2024/05/01,926.0,931.3333333333333,912.0,915.3333333333333,203700,-1.0,-1.0,-1.0
2024/05/02,922.0,937.6666666666666,920.0,935.0,166200,-1.0,-1.0,-1.0
2024/05/07,966.0,984.6666666666666,960.0,974.6666666666666,531600,-1.0,-1.0,-1.0
2024/05/08,974.6666666666666,977.3333333333333,944.6666666666666,944.6666666666666,249900,-1.0,-1.0,-1.0
2024/05/09,941.3333333333333,955.3333333333333,928.0,946.3333333333333,195900,-1.0,-1.0,-1.0
2024/05/10,949.6666666666666,966.6666666666666,948.6666666666666,966.6666666666666,216000,-1.0,-1.0,-1.0
2024/05/13,977.3333333333333,989.0,931.3333333333333,938.6666666666666,455700,-1.0,-1.0,-1.0
2024/05/14,932.0,941.6666666666666,926.6666666666666,937.6666666666666,177900,-1.0,-1.0,-1.0
2024/05/15,940.0,953.3333333333333,926.6666666666666,927.3333333333333,233400,-1.0,-1.0,-1.0
2024/05/16,925.6666666666666,926.0,902.3333333333333,907.0,363000,-1.0,-1.0,-1.0
2024/05/17,904.3333333333333,918.3333333333333,895.0,898.0,320400,-1.0,-1.0,-1.0
2024/05/20,893.6666666666666,898.0,880.6666666666666,888.0,433800,-1.0,-1.0,-1.0
2024/05/21,888.6666666666666,897.0,873.3333333333333,873.6666666666666,354000,-1.0,-1.0,-1.0
2024/05/22,871.6666666666666,885.0,865.0,866.6666666666666,279000,-1.0,-1.0,-1.0
2024/05/23,860.0,866.6666666666666,853.6666666666666,864.3333333333333,247200,-1.0,-1.0,-1.0
2024/05/24,859.6666666666666,876.0,857.0,862.6666666666666,240900,-1.0,-1.0,-1.0
2024/05/27,881.0,883.6666666666666,858.3333333333333,868.3333333333333,241800,-1.0,-1.0,-1.0
2024/05/28,871.0,876.6666666666666,855.6666666666666,856.6666666666666,202800,-1.0,-1.0,-1.0
2024/05/29,853.6666666666666,856.0,826.6666666666666,830.3333333333333,476700,-1.0,-1.0,-1.0
2024/05/30,821.6666666666666,831.0,802.3333333333333,827.3333333333333,537300,-1.0,-1.0,-1.0
2024/05/31,830.0,857.0,823.0,854.3333333333333,334200,-1.0,-1.0,-1.0
2024/06/03,863.0,865.6666666666666,850.0,855.3333333333333,208500,-1.0,-1.0,-1.0
2024/06/04,855.3333333333333,865.0,851.3333333333333,860.6666666666666,158700,-1.0,-1.0,-1.0
2024/06/05,863.3333333333333,866.3333333333333,854.3333333333333,854.3333333333333,219900,-1.0,-1.0,-1.0
2024/06/06,857.0,859.0,845.3333333333333,848.0,111000,-1.0,-1.0,-1.0
2024/06/07,837.3333333333333,845.6666666666666,826.3333333333333,833.3333333333333,282000,-1.0,-1.0,-1.0
2024/06/10,833.3333333333333,842.3333333333333,826.6666666666666,841.0,243600,-1.0,-1.0,-1.0
2024/06/11,843.3333333333333,843.3333333333333,822.3333333333333,822.6666666666666,288900,-1.0,-1.0,-1.0
2024/06/12,819.0,822.0,810.3333333333333,817.3333333333333,354300,-1.0,-1.0,-1.0
2024/06/13,819.3333333333333,823.6666666666666,793.3333333333333,805.0,323100,-1.0,-1.0,-1.0
2024/06/14,800.3333333333333,830.0,800.3333333333333,830.0,330600,-1.0,-1.0,-1.0
2024/06/17,825.3333333333333,829.3333333333333,802.0,810.6666666666666,298800,-1.0,-1.0,-1.0
2024/06/18,822.6666666666666,822.6666666666666,806.6666666666666,813.6666666666666,153000,-1.0,-1.0,-1.0
2024/06/19,814.0,820.3333333333333,803.3333333333333,809.3333333333333,166800,-1.0,-1.0,-1.0
2024/06/20,809.3333333333333,818.3333333333333,802.3333333333333,815.3333333333333,217200,-1.0,-1.0,-1.0
2024/06/21,818.6666666666666,826.6666666666666,810.3333333333333,810.6666666666666,234300,-1.0,-1.0,-1.0
2024/06/24,813.6666666666666,817.3333333333333,800.3333333333333,807.6666666666666,198900,-1.0,-1.0,-1.0
2024/06/25,814.0,826.3333333333333,812.6666666666666,823.6666666666666,182100,-1.0,-1.0,-1.0
2024/06/26,823.6666666666666,829.6666666666666,820.0,827.0,171900,-1.0,-1.0,-1.0
2024/06/27,830.0,836.6666666666666,817.3333333333333,824.3333333333333,330900,-1.0,-1.0,-1.0
2024/06/28,831.6666666666666,836.0,793.0,800.3333333333333,1695000,-1.0,-1.0,-1.0
2024/07/01,799.3333333333333,806.0,787.0,803.3333333333333,532800,-1.0,-1.0,-1.0
2024/07/02,806.0,815.0,801.6666666666666,810.6666666666666,452400,-1.0,-1.0,-1.0
2024/07/03,816.6666666666666,835.6666666666666,816.6666666666666,829.3333333333333,463800,-1.0,-1.0,-1.0
2024/07/04,829.3333333333333,850.3333333333333,829.3333333333333,835.6666666666666,408000,-1.0,-1.0,-1.0
2024/07/05,850.0,860.0,832.6666666666666,835.0,760800,-1.0,-1.0,-1.0
2024/07/08,840.0,845.6666666666666,831.6666666666666,835.3333333333333,334800,-1.0,-1.0,-1.0
2024/07/09,842.3333333333333,847.6666666666666,838.3333333333333,847.6666666666666,218700,-1.0,-1.0,-1.0
2024/07/10,847.6666666666666,852.3333333333333,841.6666666666666,843.3333333333333,234600,-1.0,-1.0,-1.0
2024/07/11,846.6666666666666,847.6666666666666,832.0,844.0,237600,-1.0,-1.0,-1.0
2024/07/12,838.3333333333333,854.0,837.3333333333333,845.6666666666666,344700,-1.0,-1.0,-1.0
2024/07/16,855.3333333333333,861.3333333333333,849.6666666666666,851.3333333333333,235500,-1.0,-1.0,-1.0
2024/07/17,859.3333333333333,862.3333333333333,850.3333333333333,860.0,267600,-1.0,-1.0,-1.0
2024/07/18,851.6666666666666,852.3333333333333,840.0,840.0,257100,-1.0,-1.0,-1.0
2024/07/19,840.0,840.3333333333333,830.0,835.0,248700,-1.0,-1.0,-1.0
2024/07/22,840.0,841.6666666666666,827.0,827.0,241800,-1.0,-1.0,-1.0
2024/07/23,833.3333333333333,841.0,829.0,837.6666666666666,163500,-1.0,-1.0,-1.0
2024/07/24,836.0,836.6666666666666,822.6666666666666,822.6666666666666,224100,-1.0,-1.0,-1.0
2024/07/25,816.6666666666666,818.0,803.6666666666666,816.6666666666666,329100,-1.0,-1.0,-1.0
2024/07/26,827.0,842.0,821.3333333333333,835.0,246900,-1.0,-1.0,-1.0
2024/07/29,843.3333333333333,852.0,835.3333333333333,846.0,334500,-1.0,-1.0,-1.0
2024/07/30,846.0,846.0,818.0,832.0,678900,-1.0,-1.0,-1.0
2024/07/31,833.3333333333333,848.6666666666666,820.6666666666666,848.6666666666666,281700,-1.0,-1.0,-1.0
2024/08/01,841.0,841.0,810.3333333333333,811.3333333333333,381900,-1.0,-1.0,-1.0
2024/08/02,779.6666666666666,784.3333333333333,755.0,755.0,879900,-1.0,-1.0,-1.0
2024/08/05,715.6666666666666,739.3333333333333,667.0,678.3333333333333,981300,-1.0,-1.0,-1.0
2024/08/06,738.6666666666666,754.3333333333333,719.3333333333333,742.6666666666666,627000,-1.0,-1.0,-1.0
2024/08/07,728.0,767.6666666666666,726.6666666666666,751.3333333333333,444000,-1.0,-1.0,-1.0
2024/08/08,745.3333333333333,756.3333333333333,733.6666666666666,733.6666666666666,246900,-1.0,-1.0,-1.0
2024/08/09,750.3333333333333,754.6666666666666,737.0,750.3333333333333,206400,-1.0,-1.0,-1.0
2024/08/13,744.0,748.3333333333333,734.3333333333333,746.0,310200,-1.0,-1.0,-1.0
2024/08/14,750.0,765.6666666666666,740.3333333333333,765.3333333333333,279000,-1.0,-1.0,-1.0
2024/08/15,768.0,781.3333333333333,762.3333333333333,776.3333333333333,154800,-1.0,-1.0,-1.0
2024/08/16,793.0,798.3333333333333,786.6666666666666,797.6666666666666,301200,-1.0,-1.0,-1.0
2024/08/19,795.0,800.0,780.6666666666666,782.6666666666666,279300,-1.0,-1.0,-1.0
2024/08/20,791.0,798.3333333333333,783.3333333333333,783.3333333333333,287400,-1.0,-1.0,-1.0
2024/08/21,778.3333333333333,783.0,773.3333333333333,779.0,218700,-1.0,-1.0,-1.0
2024/08/22,780.0,789.6666666666666,776.0,784.3333333333333,255600,-1.0,-1.0,-1.0
2024/08/23,784.3333333333333,799.6666666666666,784.3333333333333,799.6666666666666,254100,-1.0,-1.0,-1.0
2024/08/26,800.0,809.3333333333333,799.6666666666666,806.0,339000,-1.0,-1.0,-1.0
2024/08/27,806.0,816.0,800.6666666666666,809.3333333333333,326100,-1.0,-1.0,-1.0
2024/08/28,804.0,808.0,796.3333333333333,800.0,436800,-1.0,-1.0,-1.0
2024/08/29,790.0,810.0,787.0,810.0,331500,-1.0,-1.0,-1.0
2024/08/30,810.0,815.0,802.6666666666666,815.0,237600,-1.0,-1.0,-1.0
2024/09/02,821.6666666666666,826.3333333333333,810.3333333333333,824.6666666666666,352500,-1.0,-1.0,-1.0
2024/09/03,830.0,840.6666666666666,827.0,832.6666666666666,264600,-1.0,-1.0,-1.0
2024/09/04,823.0,827.3333333333333,802.3333333333333,805.0,408900,-1.0,-1.0,-1.0
2024/09/05,796.6666666666666,817.0,790.6666666666666,796.6666666666666,315600,-1.0,-1.0,-1.0
2024/09/06,796.6666666666666,798.3333333333333,787.0,794.3333333333333,202200,-1.0,-1.0,-1.0
2024/09/09,777.6666666666666,790.6666666666666,771.0,785.0,218400,-1.0,-1.0,-1.0
2024/09/10,789.3333333333333,798.3333333333333,783.3333333333333,787.0,169500,-1.0,-1.0,-1.0
2024/09/11,787.0,787.0,747.3333333333333,754.3333333333333,306600,-1.0,-1.0,-1.0
2024/09/12,778.6666666666666,788.6666666666666,766.6666666666666,778.3333333333333,264000,-1.0,-1.0,-1.0
2024/09/13,773.6666666666666,779.0,769.3333333333333,770.0,130800,-1.0,-1.0,-1.0
2024/09/17,780.0,781.3333333333333,768.6666666666666,779.3333333333333,148800,-1.0,-1.0,-1.0
2024/09/18,780.3333333333333,790.0,780.3333333333333,787.0,134100,-1.0,-1.0,-1.0
2024/09/19,793.6666666666666,798.0,789.3333333333333,793.6666666666666,158400,-1.0,-1.0,-1.0
2024/09/20,809.0,809.0,798.0,803.0,207900,-1.0,-1.0,-1.0
2024/09/24,807.3333333333333,809.3333333333333,794.6666666666666,795.0,202500,-1.0,-1.0,-1.0
2024/09/25,795.3333333333333,801.0,790.0,795.3333333333333,157800,-1.0,-1.0,-1.0
2024/09/26,800.0,813.3333333333333,796.3333333333333,813.3333333333333,314700,-1.0,-1.0,-1.0
2024/09/27,813.3333333333333,826.6666666666666,808.3333333333333,823.6666666666666,270300,-1.0,-1.0,-1.0
2024/09/30,795.0,804.3333333333333,787.0,793.3333333333333,267900,-1.0,-1.0,-1.0
2024/10/01,795.6666666666666,804.3333333333333,790.6666666666666,799.6666666666666,157500,-1.0,-1.0,-1.0
2024/10/02,794.0,804.3333333333333,781.3333333333333,783.3333333333333,342000,-1.0,-1.0,-1.0
2024/10/03,793.6666666666666,802.0,790.3333333333333,798.0,183000,-1.0,-1.0,-1.0
2024/10/04,801.0,888.3333333333333,798.0,882.0,2864400,-1.0,-1.0,-1.0
2024/10/07,886.3333333333333,919.0,884.3333333333333,915.6666666666666,1306800,-1.0,-1.0,-1.0
2024/10/08,920.6666666666666,938.0,917.0,928.6666666666666,792600,-1.0,-1.0,-1.0
2024/10/09,935.6666666666666,940.0,911.0,918.6666666666666,635400,-1.0,-1.0,-1.0
2024/10/10,923.6666666666666,930.3333333333333,918.6666666666666,927.3333333333333,342300,-1.0,-1.0,-1.0
2024/10/11,923.3333333333333,933.0,919.0,926.6666666666666,247500,-1.0,-1.0,-1.0
2024/10/15,929.3333333333333,929.6666666666666,913.3333333333333,916.6666666666666,357900,-1.0,-1.0,-1.0
2024/10/16,913.0,925.3333333333333,906.6666666666666,912.3333333333333,334800,-1.0,-1.0,-1.0
2024/10/17,912.3333333333333,927.3333333333333,912.3333333333333,917.3333333333333,234300,-1.0,-1.0,-1.0
2024/10/18,912.0,922.6666666666666,911.3333333333333,915.0,152400,-1.0,-1.0,-1.0
2024/10/21,916.6666666666666,920.6666666666666,904.3333333333333,904.3333333333333,147000,-1.0,-1.0,-1.0
2024/10/22,896.3333333333333,900.6666666666666,884.0,891.0,318300,-1.0,-1.0,-1.0
2024/10/23,886.6666666666666,902.3333333333333,885.3333333333333,891.3333333333333,192000,-1.0,-1.0,-1.0
2024/10/24,881.6666666666666,893.3333333333333,881.6666666666666,886.6666666666666,194400,-1.0,-1.0,-1.0
2024/10/25,886.6666666666666,887.3333333333333,869.6666666666666,873.6666666666666,204600,-1.0,-1.0,-1.0
2024/10/28,872.6666666666666,886.3333333333333,871.6666666666666,885.3333333333333,149100,-1.0,-1.0,-1.0
2024/10/29,893.3333333333333,899.6666666666666,887.0,887.0,201900,-1.0,-1.0,-1.0
2024/10/30,886.6666666666666,891.6666666666666,880.6666666666666,886.3333333333333,497400,-1.0,-1.0,-1.0
2024/10/31,888.6666666666666,893.6666666666666,866.6666666666666,867.0,309900,-1.0,-1.0,-1.0
2024/11/01,863.6666666666666,875.3333333333333,861.3333333333333,865.6666666666666,366600,-1.0,-1.0,-1.0
2024/11/05,876.3333333333333,883.0,861.3333333333333,871.6666666666666,208200,-1.0,-1.0,-1.0
2024/11/06,868.6666666666666,878.0,862.0,866.3333333333333,299400,-1.0,-1.0,-1.0
2024/11/07,866.3333333333333,883.3333333333333,861.3333333333333,876.6666666666666,339900,-1.0,-1.0,-1.0
2024/11/08,876.6666666666666,884.6666666666666,867.3333333333333,869.6666666666666,285300,-1.0,-1.0,-1.0
2024/11/11,867.0,873.0,857.6666666666666,870.0,288600,-1.0,-1.0,-1.0
2024/11/12,871.6666666666666,878.3333333333333,854.0,855.3333333333333,294000,-1.0,-1.0,-1.0
2024/11/13,855.3333333333333,866.3333333333333,854.3333333333333,860.0,245100,-1.0,-1.0,-1.0
2024/11/14,862.6666666666666,871.3333333333333,861.3333333333333,861.6666666666666,184500,-1.0,-1.0,-1.0
2024/11/15,870.0,873.0,858.3333333333333,863.3333333333333,222300,-1.0,-1.0,-1.0
2024/11/18,860.6666666666666,879.6666666666666,860.6666666666666,871.3333333333333,245700,-1.0,-1.0,-1.0
2024/11/19,871.6666666666666,882.0,869.0,875.3333333333333,152100,-1.0,-1.0,-1.0
2024/11/20,875.3333333333333,889.0,875.0,883.3333333333333,176100,-1.0,-1.0,-1.0
2024/11/21,885.3333333333333,898.0,881.0,882.3333333333333,110400,-1.0,-1.0,-1.0
2024/11/22,880.3333333333333,895.0,880.0,890.0,132600,-1.0,-1.0,-1.0
2024/11/25,893.3333333333333,899.0,883.0,883.0,84900,-1.0,-1.0,-1.0
2024/11/26,881.6666666666666,890.3333333333333,878.3333333333333,888.0,84600,-1.0,-1.0,-1.0
2024/11/27,887.6666666666666,888.6666666666666,864.3333333333333,876.0,189300,-1.0,-1.0,-1.0
2024/11/28,870.3333333333333,888.3333333333333,870.0,883.3333333333333,91800,-1.0,-1.0,-1.0
2024/11/29,883.6666666666666,888.0,873.3333333333333,882.3333333333333,101400,-1.0,-1.0,-1.0
2024/12/02,886.3333333333333,911.6666666666666,885.6666666666666,909.3333333333333,380400,-1.0,-1.0,-1.0
2024/12/03,915.3333333333333,918.6666666666666,885.0,897.0,538800,-1.0,-1.0,-1.0
2024/12/04,891.0,909.3333333333333,891.0,905.0,266700,-1.0,-1.0,-1.0
2024/12/05,921.6666666666666,924.6666666666666,911.0,924.6666666666666,355500,-1.0,-1.0,-1.0
2024/12/06,924.6666666666666,938.0,919.6666666666666,935.0,276000,-1.0,-1.0,-1.0
2024/12/09,935.0,947.6666666666666,926.6666666666666,947.3333333333333,296700,-1.0,-1.0,-1.0
2024/12/10,950.3333333333333,953.3333333333333,934.0,940.3333333333333,210600,-1.0,-1.0,-1.0
2024/12/11,934.0,946.3333333333333,934.0,945.6666666666666,127800,-1.0,-1.0,-1.0
2024/12/12,945.6666666666666,951.6666666666666,935.0,941.3333333333333,173400,-1.0,-1.0,-1.0
2024/12/13,934.0,950.0,934.0,950.0,198300,-1.0,-1.0,-1.0
2024/12/16,955.0,958.6666666666666,943.0,943.3333333333333,172200,-1.0,-1.0,-1.0
2024/12/17,947.6666666666666,954.6666666666666,939.3333333333333,939.3333333333333,140100,-1.0,-1.0,-1.0
2024/12/18,940.0,958.6666666666666,938.0,938.6666666666666,231000,-1.0,-1.0,-1.0
2024/12/19,933.3333333333333,949.3333333333333,925.6666666666666,948.0,208800,-1.0,-1.0,-1.0
2024/12/20,948.3333333333333,956.3333333333333,940.6666666666666,940.6666666666666,232800,-1.0,-1.0,-1.0
2024/12/23,943.3333333333333,950.0,932.0,941.3333333333333,186600,-1.0,-1.0,-1.0
2024/12/24,941.3333333333333,945.6666666666666,937.3333333333333,942.3333333333333,123300,-1.0,-1.0,-1.0
2024/12/25,944.3333333333333,949.3333333333333,939.0,946.3333333333333,140700,-1.0,-1.0,-1.0
2024/12/26,937.0,953.3333333333333,929.3333333333333,949.0,308400,-1.0,-1.0,-1.0
2024/12/27,948.0,983.3333333333333,901.0,952.0,1233300,-1.0,-1.0,-1.0
2024/12/30,968.6666666666666,982.3333333333333,960.6666666666666,982.0,535500,-1.0,-1.0,-1.0
2025/01/06,983.3333333333333,1016.6666666666666,980.0,1001.6666666666666,715500,-1.0,-1.0,-1.0
2025/01/07,1001.6666666666666,1011.6666666666666,979.6666666666666,981.3333333333333,471000,-1.0,-1.0,-1.0
2025/01/08,981.3333333333333,988.3333333333333,971.6666666666666,982.6666666666666,343200,-1.0,-1.0,-1.0
2025/01/09,989.3333333333333,1000.0,980.0,981.6666666666666,310800,-1.0,-1.0,-1.0
2025/01/10,974.6666666666666,982.3333333333333,971.6666666666666,978.3333333333333,239400,-1.0,-1.0,-1.0
2025/01/14,978.6666666666666,1008.3333333333333,973.3333333333333,1006.6666666666666,347700,-1.0,-1.0,-1.0
2025/01/15,996.3333333333333,1003.3333333333333,981.6666666666666,1003.3333333333333,370800,-1.0,-1.0,-1.0
2025/01/16,1005.0,1021.6666666666666,990.6666666666666,1001.6666666666666,266700,-1.0,-1.0,-1.0
2025/01/17,1001.6666666666666,1003.3333333333333,980.3333333333333,995.6666666666666,226800,-1.0,-1.0,-1.0
2025/01/20,1005.0,1015.0,1001.6666666666666,1005.0,212700,-1.0,-1.0,-1.0
2025/01/21,1000.0,1013.3333333333333,1000.0,1008.3333333333333,159300,-1.0,-1.0,-1.0
2025/01/22,1013.3333333333333,1035.0,1011.6666666666666,1030.0,353700,-1.0,-1.0,-1.0
2025/01/23,1033.3333333333333,1050.0,1030.0,1033.3333333333333,254700,-1.0,-1.0,-1.0
2025/01/24,1033.3333333333333,1033.3333333333333,1020.0,1025.0,339300,-1.0,-1.0,-1.0
2025/01/27,1031.6666666666665,1045.0,1026.6666666666665,1035.0,239100,-1.0,-1.0,-1.0
2025/01/28,1035.0,1043.3333333333333,1030.0,1035.0,161100,-1.0,-1.0,-1.0
2025/01/29,1035.0,1041.6666666666665,1030.0,1031.6666666666665,170400,-1.0,-1.0,-1.0
2025/01/30,1031.6666666666665,1050.0,1031.6666666666665,1041.6666666666665,264600,-1.0,-1.0,-1.0
2025/01/31,1041.6666666666665,1041.6666666666665,1018.3333333333333,1020.0,324300,-1.0,-1.0,-1.0
2025/02/03,1016.6666666666666,1016.6666666666666,1001.6666666666666,1001.6666666666666,360000,-1.0,-1.0,-1.0
2025/02/04,1008.3333333333333,1016.6666666666666,992.6666666666666,992.6666666666666,389100,-1.0,-1.0,-1.0
2025/02/05,983.6666666666666,990.0,972.3333333333333,989.0,94200,-1.0,-1.0,-1.0
2025/02/06,977.0,977.3333333333333,963.0,963.6666666666666,407400,-1.0,-1.0,-1.0
2025/02/07,959.6666666666666,972.6666666666666,955.6666666666666,963.6666666666666,327600,-1.0,-1.0,-1.0
2025/02/10,962.6666666666666,962.6666666666666,946.3333333333333,955.6666666666666,416100,-1.0,-1.0,-1.0
2025/02/12,957.0,967.6666666666666,950.6666666666666,956.6666666666666,455400,-1.0,-1.0,-1.0
2025/02/13,965.3333333333333,976.3333333333333,960.0,973.6666666666666,270000,-1.0,-1.0,-1.0
2025/02/14,988.3333333333333,990.0,968.6666666666666,969.3333333333333,590700,-1.0,-1.0,-1.0
2025/02/17,976.6666666666666,976.6666666666666,950.6666666666666,952.3333333333333,457200,-1.0,-1.0,-1.0
2025/02/18,952.6666666666666,963.6666666666666,940.3333333333333,950.0,391200,-1.0,-1.0,-1.0
2025/02/19,955.0,957.3333333333333,943.6666666666666,943.6666666666666,370500,-1.0,-1.0,-1.0
2025/02/20,946.6666666666666,952.6666666666666,928.3333333333333,935.6666666666666,657300,-1.0,-1.0,-1.0
2025/02/21,928.6666666666666,934.6666666666666,923.6666666666666,931.3333333333333,463800,-1.0,-1.0,-1.0
2025/02/25,931.3333333333333,931.3333333333333,917.3333333333333,928.0,638400,-1.0,-1.0,-1.0
2025/02/26,925.0,933.3333333333333,921.3333333333333,927.0,1073100,-1.0,-1.0,-1.0
2025/02/27,893.0,926.0,880.3333333333333,916.0,1516500,-1.0,-1.0,-1.0
2025/02/28,910.3333333333333,927.3333333333333,903.0,921.6666666666666,814500,-1.0,-1.0,-1.0
2025/03/03,921.6666666666666,937.3333333333333,914.6666666666666,933.6666666666666,643800,-1.0,-1.0,-1.0
2025/03/04,933.3333333333333,937.3333333333333,916.0,937.3333333333333,278700,-1.0,-1.0,-1.0
2025/03/05,939.0,944.3333333333333,925.6666666666666,931.0,367500,-1.0,-1.0,-1.0
2025/03/06,930.6666666666666,930.6666666666666,922.0,927.6666666666666,300300,-1.0,-1.0,-1.0
2025/03/07,926.6666666666666,926.6666666666666,908.6666666666666,914.0,264000,-1.0,-1.0,-1.0
2025/03/10,903.6666666666666,926.6666666666666,903.6666666666666,924.3333333333333,255300,-1.0,-1.0,-1.0
2025/03/11,921.3333333333333,940.6666666666666,915.0,940.6666666666666,309900,-1.0,-1.0,-1.0
2025/03/12,939.0,958.0,937.6666666666666,951.3333333333333,369300,-1.0,-1.0,-1.0
2025/03/13,951.3333333333333,953.6666666666666,935.6666666666666,940.6666666666666,191700,-1.0,-1.0,-1.0
2025/03/14,946.0,946.3333333333333,937.0,941.0,129600,-1.0,-1.0,-1.0
2025/03/17,941.6666666666666,954.3333333333333,941.6666666666666,952.6666666666666,286500,-1.0,-1.0,-1.0
2025/03/18,950.0,962.3333333333333,946.3333333333333,953.6666666666666,272100,-1.0,-1.0,-1.0
2025/03/19,953.0,972.6666666666666,952.6666666666666,962.6666666666666,483300,-1.0,-1.0,-1.0
2025/03/21,960.0,978.0,955.3333333333333,972.6666666666666,309300,-1.0,-1.0,-1.0
2025/03/24,972.0,974.0,955.3333333333333,957.3333333333333,182700,-1.0,-1.0,-1.0
2025/03/25,961.0,967.6666666666666,953.6666666666666,963.0,191400,-1.0,-1.0,-1.0
2025/03/26,963.3333333333333,964.0,950.0,953.6666666666666,200700,-1.0,-1.0,-1.0
2025/03/27,949.6666666666666,955.6666666666666,946.6666666666666,955.6666666666666,161700,-1.0,-1.0,-1.0
2025/03/28,947.0,950.6666666666666,940.6666666666666,941.6666666666666,127200,-1.0,-1.0,-1.0
2025/03/31,933.3333333333333,933.3333333333333,911.6666666666666,912.3333333333333,228600,-1.0,-1.0,-1.0
2025/04/01,929.0,932.6666666666666,905.0,909.6666666666666,195900,-1.0,-1.0,-1.0
2025/04/02,909.6666666666666,922.3333333333333,906.3333333333333,912.3333333333333,242400,-1.0,-1.0,-1.0
2025/04/03,895.6666666666666,897.6666666666666,882.6666666666666,897.3333333333333,272400,-1.0,-1.0,-1.0
2025/04/04,882.3333333333333,884.0,844.6666666666666,867.3333333333333,379200,-1.0,-1.0,-1.0
2025/04/07,817.3333333333333,868.3333333333333,801.6666666666666,852.6666666666666,835500,-1.0,-1.0,-1.0
2025/04/08,869.3333333333333,898.3333333333333,868.6666666666666,894.3333333333333,432300,-1.0,-1.0,-1.0
2025/04/09,893.0,893.0,874.0,887.3333333333333,368100,-1.0,-1.0,-1.0
2025/04/10,933.0,943.6666666666666,916.6666666666666,939.0,347100,-1.0,-1.0,-1.0
2025/04/11,922.3333333333333,928.6666666666666,901.6666666666666,927.6666666666666,185100,-1.0,-1.0,-1.0
2025/04/14,937.0,960.3333333333333,892.0,900.6666666666666,821700,-1.0,-1.0,-1.0
2025/04/15,915.6666666666666,932.0,907.3333333333333,925.6666666666666,345000,-1.0,-1.0,-1.0
2025/04/16,927.0,931.0,894.6666666666666,905.3333333333333,318000,-1.0,-1.0,-1.0
2025/04/17,900.6666666666666,904.6666666666666,891.0,902.3333333333333,318000,-1.0,-1.0,-1.0
2025/04/18,908.0,933.6666666666666,906.0,932.6666666666666,207900,-1.0,-1.0,-1.0
2025/04/21,927.3333333333333,935.0,917.6666666666666,933.0,181500,-1.0,-1.0,-1.0
2025/04/22,931.0,945.3333333333333,922.6666666666666,923.3333333333333,138300,-1.0,-1.0,-1.0
2025/04/23,934.6666666666666,952.3333333333333,928.3333333333333,941.3333333333333,216000,-1.0,-1.0,-1.0
2025/04/24,945.0,950.0,917.6666666666666,919.0,130800,-1.0,-1.0,-1.0
2025/04/25,919.0,925.3333333333333,914.3333333333333,920.3333333333333,145200,-1.0,-1.0,-1.0
2025/04/28,924.0,932.0,915.0,915.0,143100,-1.0,-1.0,-1.0
2025/04/30,916.6666666666666,921.3333333333333,913.3333333333333,916.3333333333333,101700,-1.0,-1.0,-1.0
2025/05/01,911.6666666666666,913.6666666666666,903.6666666666666,903.6666666666666,136500,-1.0,-1.0,-1.0
2025/05/02,904.0,910.6666666666666,899.6666666666666,901.6666666666666,170400,-1.0,-1.0,-1.0
2025/05/07,901.6666666666666,919.0,898.3333333333333,907.6666666666666,268200,-1.0,-1.0,-1.0
2025/05/08,904.3333333333333,906.6666666666666,895.6666666666666,901.6666666666666,114900,-1.0,-1.0,-1.0
2025/05/09,901.6666666666666,907.6666666666666,896.6666666666666,904.6666666666666,163800,-1.0,-1.0,-1.0
2025/05/12,906.3333333333333,916.3333333333333,902.3333333333333,913.3333333333333,109800,-1.0,-1.0,-1.0
2025/05/13,922.3333333333333,923.6666666666666,906.3333333333333,906.3333333333333,117000,-1.0,-1.0,-1.0
2025/05/14,912.0,915.6666666666666,898.0,915.3333333333333,111600,-1.0,-1.0,-1.0
2025/05/15,915.0,916.0,907.0,909.3333333333333,76200,-1.0,-1.0,-1.0
2025/05/16,916.3333333333333,931.3333333333333,907.6666666666666,925.6666666666666,178800,-1.0,-1.0,-1.0
2025/05/19,919.3333333333333,957.6666666666666,917.0,951.3333333333333,293400,-1.0,-1.0,-1.0
2025/05/20,961.6666666666666,968.3333333333333,936.3333333333333,937.6666666666666,150900,-1.0,-1.0,-1.0
2025/05/21,943.3333333333333,946.6666666666666,918.6666666666666,924.6666666666666,180000,-1.0,-1.0,-1.0
2025/05/22,923.0,926.0,913.6666666666666,915.0,100200,-1.0,-1.0,-1.0
2025/05/23,922.0,926.0,918.6666666666666,918.6666666666666,98100,-1.0,-1.0,-1.0
2025/05/26,919.6666666666666,928.6666666666666,919.6666666666666,924.3333333333333,79800,-1.0,-1.0,-1.0
2025/05/27,926.3333333333333,944.6666666666666,926.3333333333333,941.6666666666666,169500,-1.0,-1.0,-1.0
2025/05/28,943.6666666666666,972.0,943.6666666666666,965.6666666666666,314400,-1.0,-1.0,-1.0
2025/05/29,961.3333333333333,968.0,956.0,958.3333333333333,140700,-1.0,-1.0,-1.0
2025/05/30,953.0,966.3333333333333,951.6666666666666,963.0,110100,-1.0,-1.0,-1.0
2025/06/02,963.0,963.0,945.3333333333333,951.6666666666666,138000,-1.0,-1.0,-1.0
2025/06/03,951.3333333333333,963.0,946.6666666666666,948.0,105600,-1.0,-1.0,-1.0
2025/06/04,958.3333333333333,966.6666666666666,954.3333333333333,964.3333333333333,96900,-1.0,-1.0,-1.0
2025/06/05,960.3333333333333,969.3333333333333,957.6666666666666,965.3333333333333,153600,-1.0,-1.0,-1.0
2025/06/06,965.3333333333333,976.6666666666666,962.6666666666666,962.6666666666666,121200,-1.0,-1.0,-1.0
2025/06/09,967.3333333333333,970.6666666666666,961.0,961.6666666666666,119700,-1.0,-1.0,-1.0
2025/06/10,956.6666666666666,973.0,956.0,963.6666666666666,147600,-1.0,-1.0,-1.0
2025/06/11,967.6666666666666,974.0,951.6666666666666,969.3333333333333,152700,-1.0,-1.0,-1.0
2025/06/12,970.0,976.3333333333333,954.0,972.0,143700,-1.0,-1.0,-1.0
2025/06/13,969.3333333333333,969.3333333333333,944.3333333333333,956.0,177300,-1.0,-1.0,-1.0
2025/06/16,961.3333333333333,961.3333333333333,944.6666666666666,949.3333333333333,99900,-1.0,-1.0,-1.0
2025/06/17,946.6666666666666,953.3333333333333,938.0,952.0,123600,-1.0,-1.0,-1.0
2025/06/18,952.0,964.3333333333333,947.3333333333333,964.3333333333333,97500,-1.0,-1.0,-1.0
2025/06/19,966.3333333333333,969.0,959.6666666666666,964.3333333333333,80400,-1.0,-1.0,-1.0
2025/06/20,972.3333333333333,975.0,963.3333333333333,963.3333333333333,166200,-1.0,-1.0,-1.0
2025/06/23,963.3333333333333,976.6666666666666,954.0,973.3333333333333,245100,-1.0,-1.0,-1.0
2025/06/24,976.0,984.3333333333333,968.0,980.6666666666666,345900,-1.0,-1.0,-1.0
2025/06/25,980.6666666666666,988.0,957.0,978.6666666666666,491400,-1.0,-1.0,-1.0
2025/06/26,977.0,989.6666666666666,976.6666666666666,985.6666666666666,123900,-1.0,-1.0,-1.0
2025/06/27,992.6666666666666,992.6666666666666,976.6666666666666,989.6666666666666,171600,-1.0,-1.0,-1.0
2025/06/30,984.0,994.0,863.0,868.6666666666666,3323100,-1.0,-1.0,-1.0
2025/07/01,863.6666666666666,896.6666666666666,853.3333333333333,887.6666666666666,2112600,-1.0,-1.0,-1.0
2025/07/02,887.6666666666666,930.0,882.3333333333333,916.0,1269900,-1.0,-1.0,-1.0
2025/07/03,920.0,927.0,908.3333333333333,917.3333333333333,700200,-1.0,-1.0,-1.0
2025/07/04,917.3333333333333,935.0,912.6666666666666,933.3333333333333,512400,-1.0,-1.0,-1.0
2025/07/07,931.0,942.6666666666666,921.0,924.0,578100,-1.0,-1.0,-1.0
2025/07/08,924.0,931.6666666666666,897.0,897.3333333333333,530100,-1.0,-1.0,-1.0
2025/07/09,900.0,908.0,895.0,895.0,340500,-1.0,-1.0,-1.0
2025/07/10,902.0,906.0,890.3333333333333,890.3333333333333,271200,-1.0,-1.0,-1.0
2025/07/11,897.3333333333333,905.0,893.6666666666666,895.0,261900,-1.0,-1.0,-1.0
2025/07/14,896.6666666666666,900.6666666666666,893.0,899.0,236400,-1.0,-1.0,-1.0
2025/07/15,905.0,911.0,899.0,910.0,257100,-1.0,-1.0,-1.0
2025/07/16,911.6666666666666,917.3333333333333,905.0,909.6666666666666,255300,-1.0,-1.0,-1.0
2025/07/17,910.0,916.0,896.6666666666666,902.3333333333333,177900,-1.0,-1.0,-1.0
2025/07/18,910.0,910.0,897.6666666666666,898.0,194400,-1.0,-1.0,-1.0
2025/07/22,899.3333333333333,905.6666666666666,896.0,897.3333333333333,207600,-1.0,-1.0,-1.0
2025/07/23,904.0,1008.3333333333333,899.6666666666666,993.0,1988700,-1.0,-1.0,-1.0
2025/07/24,993.3333333333333,1010.0,970.3333333333333,976.3333333333333,735000,-1.0,-1.0,-1.0
2025/07/25,968.3333333333333,973.0,948.6666666666666,956.6666666666666,381900,-1.0,-1.0,-1.0
2025/07/28,966.6666666666666,968.3333333333333,955.0,957.0,212100,-1.0,-1.0,-1.0
2025/07/29,959.6666666666666,969.6666666666666,957.0,965.0,164400,-1.0,-1.0,-1.0
2025/07/30,970.0,986.6666666666666,961.3333333333333,986.6666666666666,349800,-1.0,-1.0,-1.0
2025/07/31,980.0,998.6666666666666,980.0,995.0,198300,-1.0,-1.0,-1.0
2025/08/01,995.6666666666666,1016.6666666666666,995.0,1016.6666666666666,320400,-1.0,-1.0,-1.0
2025/08/04,1000.0,1031.6666666666665,999.3333333333333,1031.6666666666665,269100,-1.0,-1.0,-1.0
2025/08/05,1033.3333333333333,1043.3333333333333,1026.6666666666665,1041.6666666666665,253500,-1.0,-1.0,-1.0
2025/08/06,1041.6666666666665,1060.0,1041.6666666666665,1055.0,290100,-1.0,-1.0,-1.0
2025/08/07,1053.3333333333333,1080.0,1053.3333333333333,1075.0,351900,-1.0,-1.0,-1.0
2025/08/08,1068.3333333333333,1086.6666666666665,1065.0,1085.0,317100,-1.0,-1.0,-1.0
2025/08/12,1095.0,1095.0,1073.3333333333333,1083.3333333333333,343500,-1.0,-1.0,-1.0
2025/08/13,1088.3333333333333,1093.3333333333333,1080.0,1090.0,209400,-1.0,-1.0,-1.0
2025/08/14,1083.3333333333333,1093.3333333333333,1083.3333333333333,1091.6666666666665,214200,-1.0,-1.0,-1.0
2025/08/15,1093.3333333333333,1096.6666666666665,1053.3333333333333,1053.3333333333333,469500,-1.0,-1.0,-1.0
2025/08/18,1058.3333333333333,1061.6666666666665,1046.6666666666665,1046.6666666666665,186300,-1.0,-1.0,-1.0
2025/08/19,1046.6666666666665,1058.3333333333333,1046.6666666666665,1058.3333333333333,114600,-1.0,-1.0,-1.0
2025/08/20,1058.3333333333333,1076.6666666666665,1051.6666666666665,1073.3333333333333,151500,-1.0,-1.0,-1.0
2025/08/21,1076.6666666666665,1076.6666666666665,1058.3333333333333,1070.0,120000,-1.0,-1.0,-1.0
2025/08/22,1070.0,1078.3333333333333,1063.3333333333333,1078.3333333333333,153600,-1.0,-1.0,-1.0
2025/08/25,1078.3333333333333,1086.6666666666665,1061.6666666666665,1061.6666666666665,274800,-1.0,-1.0,-1.0
2025/08/26,1058.3333333333333,1061.6666666666665,1045.0,1045.0,282000,-1.0,-1.0,-1.0
2025/08/27,1043.3333333333333,1063.3333333333333,1040.0,1050.0,503700,-1.0,-1.0,-1.0
2025/08/28,1040.0,1073.3333333333333,1030.0,1053.3333333333333,810600,-1.0,-1.0,-1.0
2025/08/29,1036.6666666666665,1051.6666666666665,1036.6666666666665,1046.6666666666665,203400,-1.0,-1.0,-1.0
2025/09/01,1035.0,1058.3333333333333,1035.0,1046.6666666666665,202500,-1.0,-1.0,-1.0
2025/09/02,1050.0,1075.0,1046.6666666666665,1056.6666666666665,248400,-1.0,-1.0,-1.0
2025/09/03,1055.0,1080.0,1046.6666666666665,1080.0,252000,-1.0,-1.0,-1.0
2025/09/04,1080.0,1091.6666666666665,1065.0,1078.3333333333333,203400,-1.0,-1.0,-1.0
2025/09/05,1078.3333333333333,1108.3333333333333,1075.0,1106.6666666666665,356700,-1.0,-1.0,-1.0
2025/09/08,1103.3333333333333,1130.0,1103.3333333333333,1126.6666666666665,262500,-1.0,-1.0,-1.0
2025/09/09,1130.0,1141.6666666666665,1125.0,1131.6666666666665,235500,-1.0,-1.0,-1.0
2025/09/10,1128.3333333333333,1150.0,1126.6666666666665,1148.3333333333333,172200,-1.0,-1.0,-1.0
2025/09/11,1148.3333333333333,1150.0,1126.6666666666665,1138.3333333333333,135600,-1.0,-1.0,-1.0
2025/09/12,1138.3333333333333,1150.0,1125.0,1143.3333333333333,116700,-1.0,-1.0,-1.0
2025/09/16,1138.3333333333333,1151.6666666666665,1138.3333333333333,1151.6666666666665,86400,-1.0,-1.0,-1.0
2025/09/17,1148.3333333333333,1148.3333333333333,1130.0,1146.6666666666665,90000,-1.0,-1.0,-1.0
2025/09/18,1148.3333333333333,1156.6666666666665,1140.0,1143.3333333333333,108600,-1.0,-1.0,-1.0
2025/09/19,1151.6666666666665,1161.6666666666665,1135.0,1150.0,282000,-1.0,-1.0,-1.0
2025/09/22,1155.0,1160.0,1148.3333333333333,1158.3333333333333,153900,-1.0,-1.0,-1.0
2025/09/24,1143.3333333333333,1171.6666666666665,1136.6666666666665,1171.6666666666665,193200,-1.0,-1.0,-1.0
2025/09/25,1181.6666666666665,1181.6666666666665,1168.3333333333333,1173.3333333333333,126300,-1.0,-1.0,-1.0
2025/09/26,1173.3333333333333,1183.3333333333333,1156.6666666666665,1175.0,162600,-1.0,-1.0,-1.0
2025/09/29,1176.6666666666665,1180.0,1163.3333333333333,1171.6666666666665,89700,-1.0,-1.0,-1.0
2025/09/30,1178.3333333333333,1178.3333333333333,1156.6666666666665,1158.3333333333333,110700,-1.0,-1.0,-1.0
2025/10/01,1148.3333333333333,1148.3333333333333,1083.3333333333333,1091.6666666666665,258900,-1.0,-1.0,-1.0
2025/10/02,1100.0,1110.0,1085.0,1096.6666666666665,96300,-1.0,-1.0,-1.0
2025/10/03,1096.6666666666665,1120.0,1096.6666666666665,1116.6666666666665,162600,-1.0,-1.0,-1.0
2025/10/06,1120.0,1166.6666666666665,1061.6666666666665,1140.0,686700,-1.0,-1.0,-1.0
2025/10/07,1116.6666666666665,1120.0,1085.0,1106.6666666666665,393900,-1.0,-1.0,-1.0
2025/10/08,1110.0,1115.0,1088.3333333333333,1091.6666666666665,215100,-1.0,-1.0,-1.0
2025/10/09,1088.3333333333333,1106.6666666666665,1088.3333333333333,1098.3333333333333,207000,-1.0,-1.0,-1.0
2025/10/10,1085.0,1090.0,1070.0,1078.3333333333333,224100,-1.0,-1.0,-1.0
2025/10/14,1076.6666666666665,1098.3333333333333,1073.3333333333333,1090.0,206100,-1.0,-1.0,-1.0
2025/10/15,1108.3333333333333,1123.3333333333333,1098.3333333333333,1121.6666666666665,211800,-1.0,-1.0,-1.0
2025/10/16,1115.0,1126.6666666666665,1106.6666666666665,1106.6666666666665,51600,-1.0,-1.0,-1.0
2025/10/17,1105.0,1110.0,1096.6666666666665,1106.6666666666665,75300,-1.0,-1.0,-1.0
2025/10/20,1126.6666666666665,1145.0,1118.3333333333333,1145.0,110400,-1.0,-1.0,-1.0
2025/10/21,1143.3333333333333,1145.0,1130.0,1130.0,81300,-1.0,-1.0,-1.0
2025/10/22,1126.6666666666665,1141.6666666666665,1126.6666666666665,1126.6666666666665,49200,-1.0,-1.0,-1.0
2025/10/23,1126.6666666666665,1146.6666666666665,1126.6666666666665,1143.3333333333333,74400,-1.0,-1.0,-1.0
2025/10/24,1148.3333333333333,1148.3333333333333,1135.0,1148.3333333333333,40500,-1.0,-1.0,-1.0
2025/10/27,1150.0,1170.0,1150.0,1170.0,96900,-1.0,-1.0,-1.0
2025/10/28,1161.6666666666665,1161.6666666666665,1113.3333333333333,1113.3333333333333,113100,-1.0,-1.0,-1.0
2025/10/29,1108.3333333333333,1111.6666666666665,1061.6666666666665,1061.6666666666665,167400,-1.0,-1.0,-1.0
2025/10/30,1060.0,1075.0,1060.0,1068.3333333333333,331800,-1.0,-1.0,-1.0
2025/10/31,1073.3333333333333,1113.3333333333333,1058.3333333333333,1060.0,267600,-1.0,-1.0,-1.0
2025/11/04,1053.3333333333333,1063.3333333333333,1045.0,1051.6666666666665,101100,-1.0,-1.0,-1.0
2025/11/05,1061.6666666666665,1083.3333333333333,1036.6666666666665,1073.3333333333333,236100,-1.0,-1.0,-1.0
2025/11/06,1073.3333333333333,1081.6666666666665,1068.3333333333333,1073.3333333333333,75300,-1.0,-1.0,-1.0
2025/11/07,1076.6666666666665,1078.3333333333333,1068.3333333333333,1075.0,34500,-1.0,-1.0,-1.0
2025/11/10,1091.6666666666665,1116.6666666666665,1085.0,1116.6666666666665,87900,-1.0,-1.0,-1.0
2025/11/11,1106.6666666666665,1106.6666666666665,1093.3333333333333,1100.0,110700,-1.0,-1.0,-1.0
2025/11/12,1103.3333333333333,1145.0,1103.3333333333333,1143.3333333333333,122700,-1.0,-1.0,-1.0
2025/11/13,1146.6666666666665,1158.3333333333333,1125.0,1125.0,82500,-1.0,-1.0,-1.0
2025/11/14,1115.0,1133.3333333333333,1115.0,1115.0,75000,-1.0,-1.0,-1.0
2025/11/17,1115.0,1120.0,1096.6666666666665,1110.0,74700,-1.0,-1.0,-1.0
2025/11/18,1103.3333333333333,1121.6666666666665,1100.0,1115.0,120300,-1.0,-1.0,-1.0
2025/11/19,1123.3333333333333,1138.3333333333333,1106.6666666666665,1125.0,132900,-1.0,-1.0,-1.0
2025/11/20,1148.3333333333333,1166.6666666666665,1135.0,1160.0,214200,-1.0,-1.0,-1.0
2025/11/21,1160.0,1165.0,1146.6666666666665,1155.0,138900,-1.0,-1.0,-1.0
2025/11/25,1143.3333333333333,1146.6666666666665,1116.6666666666665,1121.6666666666665,139800,-1.0,-1.0,-1.0
2025/11/26,1123.3333333333333,1145.0,1123.3333333333333,1145.0,57900,-1.0,-1.0,-1.0
2025/11/27,1150.0,1161.6666666666665,1148.3333333333333,1155.0,54600,-1.0,-1.0,-1.0
2025/11/28,1153.3333333333333,1156.6666666666665,1116.6666666666665,1128.3333333333333,186900,-1.0,-1.0,-1.0
2025/12/01,1130.0,1161.6666666666665,1128.3333333333333,1155.0,147000,-1.0,-1.0,-1.0
2025/12/02,1158.3333333333333,1181.6666666666665,1155.0,1170.0,132300,-1.0,-1.0,-1.0
2025/12/03,1170.0,1176.6666666666665,1158.3333333333333,1168.3333333333333,84900,-1.0,-1.0,-1.0
2025/12/04,1173.3333333333333,1223.3333333333333,1170.0,1213.3333333333333,207600,-1.0,-1.0,-1.0
2025/12/05,1210.0,1221.6666666666665,1196.6666666666665,1201.6666666666665,157500,-1.0,-1.0,-1.0
2025/12/08,1233.3333333333333,1260.0,1200.0,1211.6666666666665,510000,-1.0,-1.0,-1.0
2025/12/09,1223.3333333333333,1235.0,1185.0,1190.0,254400,-1.0,-1.0,-1.0
2025/12/10,1190.0,1220.0,1188.3333333333333,1213.3333333333333,159300,-1.0,-1.0,-1.0
2025/12/11,1213.3333333333333,1213.3333333333333,1186.6666666666665,1190.0,107100,-1.0,-1.0,-1.0
2025/12/12,1213.3333333333333,1213.3333333333333,1191.6666666666665,1205.0,113100,-1.0,-1.0,-1.0
2025/12/15,1196.6666666666665,1216.6666666666665,1191.6666666666665,1210.0,117000,-1.0,-1.0,-1.0
2025/12/16,1200.0,1241.6666666666665,1196.6666666666665,1216.6666666666665,342000,-1.0,-1.0,-1.0
2025/12/17,1240.0,1258.3333333333333,1220.0,1256.6666666666665,298800,-1.0,-1.0,-1.0
2025/12/18,1253.3333333333333,1256.6666666666665,1235.0,1248.3333333333333,165300,-1.0,-1.0,-1.0
2025/12/19,1265.0,1285.0,1251.6666666666665,1275.0,246300,-1.0,-1.0,-1.0
2025/12/22,1291.6666666666665,1291.6666666666665,1251.6666666666665,1260.0,247500,-1.0,-1.0,-1.0
2025/12/23,1246.6666666666665,1263.3333333333333,1246.6666666666665,1261.6666666666665,62100,-1.0,-1.0,-1.0
2025/12/24,1271.6666666666665,1276.6666666666665,1256.6666666666665,1265.0,125700,-1.0,-1.0,-1.0
2025/12/25,1266.6666666666665,1266.6666666666665,1238.3333333333333,1245.0,105900,-1.0,-1.0,-1.0
2025/12/26,1250.0,1285.0,1240.0,1265.0,540600,-1.0,-1.0,-1.0
2025/12/29,1311.6666666666665,1313.3333333333333,1273.3333333333333,1295.0,392100,-1.0,-1.0,-1.0
2025/12/30,1286.6666666666665,1311.6666666666665,1278.3333333333333,1296.6666666666665,230100,-1.0,-1.0,-1.0
2026/01/05,1300.0,1321.6666666666665,1290.0,1296.6666666666665,179400,-1.0,-1.0,-1.0
2026/01/06,1320.0,1351.6666666666665,1315.0,1341.6666666666665,205800,-1.0,-1.0,-1.0
2026/01/07,1335.0,1386.6666666666665,1330.0,1348.3333333333333,376200,-1.0,-1.0,-1.0
2026/01/08,1341.6666666666665,1356.6666666666665,1326.6666666666665,1341.6666666666665,146700,-1.0,-1.0,-1.0
2026/01/09,1341.6666666666665,1358.3333333333333,1341.6666666666665,1358.3333333333333,65400,-1.0,-1.0,-1.0
2026/01/13,1366.6666666666665,1378.3333333333333,1358.3333333333333,1375.0,134100,-1.0,-1.0,-1.0
2026/01/14,1391.6666666666665,1413.3333333333333,1386.6666666666665,1408.3333333333333,150900,-1.0,-1.0,-1.0
2026/01/15,1405.0,1426.6666666666665,1391.6666666666665,1408.3333333333333,232800,-1.0,-1.0,-1.0
2026/01/16,1408.3333333333333,1410.0,1391.6666666666665,1406.6666666666665,146100,-1.0,-1.0,-1.0
2026/01/19,1400.0,1406.6666666666665,1360.0,1378.3333333333333,291900,-1.0,-1.0,-1.0
2026/01/20,1373.3333333333333,1376.6666666666665,1356.6666666666665,1361.6666666666665,136200,-1.0,-1.0,-1.0
2026/01/21,1338.3333333333333,1365.0,1333.3333333333333,1361.6666666666665,128100,-1.0,-1.0,-1.0
2026/01/22,1368.3333333333333,1403.3333333333333,1363.3333333333333,1391.6666666666665,223500,-1.0,-1.0,-1.0
2026/01/23,1391.6666666666665,1405.0,1376.6666666666665,1391.6666666666665,98400,-1.0,-1.0,-1.0
2026/01/26,1391.6666666666665,1395.0,1375.0,1383.3333333333333,170400,-1.0,-1.0,-1.0
2026/01/27,1378.3333333333333,1386.6666666666665,1366.6666666666665,1380.0,74400,-1.0,-1.0,-1.0
2026/01/28,1376.6666666666665,1393.3333333333333,1365.0,1376.6666666666665,86700,-1.0,-1.0,-1.0
2026/01/29,1376.6666666666665,1405.0,1361.6666666666665,1395.0,117300,-1.0,-1.0,-1.0
2026/01/30,1401.6666666666665,1470.0,1395.0,1461.6666666666665,427200,-1.0,-1.0,-1.0
2026/02/02,1470.0,1480.0,1393.3333333333333,1395.0,462600,-1.0,-1.0,-1.0
2026/02/03,1398.3333333333333,1453.3333333333333,1398.3333333333333,1438.3333333333333,183600,-1.0,-1.0,-1.0
2026/02/04,1425.0,1460.0,1425.0,1436.6666666666665,254400,-1.0,-1.0,-1.0
2026/02/05,1448.3333333333333,1448.3333333333333,1430.0,1433.3333333333333,98400,-1.0,-1.0,-1.0
2026/02/06,1433.3333333333333,1433.3333333333333,1416.6666666666665,1423.3333333333333,91200,-1.0,-1.0,-1.0
2026/02/09,1446.6666666666665,1470.0,1425.0,1453.3333333333333,139500,-1.0,-1.0,-1.0
2026/02/10,1466.6666666666665,1595.0,1466.6666666666665,1525.0,350400,-1.0,-1.0,-1.0
2026/02/12,1525.0,1558.3333333333333,1525.0,1551.6666666666665,229200,-1.0,-1.0,-1.0
2026/02/13,1561.6666666666665,1578.3333333333333,1538.3333333333333,1540.0,198000,-1.0,-1.0,-1.0
2026/02/16,1563.3333333333333,1578.3333333333333,1490.0,1500.0,240000,-1.0,-1.0,-1.0
2026/02/17,1516.6666666666665,1518.3333333333333,1486.6666666666665,1493.3333333333333,143700,-1.0,-1.0,-1.0
2026/02/18,1503.3333333333333,1513.3333333333333,1483.3333333333333,1483.3333333333333,93000,-1.0,-1.0,-1.0
2026/02/19,1485.0,1486.6666666666665,1468.3333333333333,1475.0,102900,-1.0,-1.0,-1.0
2026/02/20,1475.0,1486.6666666666665,1450.0,1466.6666666666665,114900,-1.0,-1.0,-1.0
2026/02/24,1463.3333333333333,1521.6666666666665,1450.0,1485.0,396000,-1.0,-1.0,-1.0
2026/02/25,1491.6666666666665,1533.3333333333333,1486.6666666666665,1530.0,304200,-1.0,-1.0,-1.0
2026/02/26,1496.6666666666665,1506.6666666666665,1453.3333333333333,1460.0,360300,-1.0,-1.0,-1.0
2026/02/27,1460.0,1461.6666666666665,1405.0,1445.0,312600,-1.0,-1.0,-1.0
2026/03/02,1421.6666666666665,1450.0,1420.0,1426.6666666666665,210900,-1.0,-1.0,-1.0
2026/03/02,1421.6666666666665,1450.0,1420.0,1426.6666666666665,210900,-1.0,-1.0,-1.0
2026/03/02,1421.6666666666665,1450.0,1420.0,1426.6666666666665,210900,-1.0,-1.0,-1.0
2026/03/02,1421.6666666666665,1450.0,1420.0,1426.6666666666665,210900,-1.0,-1.0,-1.0
2026/03/03,1403.3333333333333,1416.6666666666665,1328.3333333333333,1328.3333333333333,282300,-1.0,-1.0,-1.0
2026/03/04,1305.0,1335.0,1275.0,1288.3333333333333,366000,-1.0,-1.0,-1.0
2026/03/05,1335.0,1365.0,1325.0,1336.6666666666665,241200,-1.0,-1.0,-1.0
2026/03/06,1336.6666666666665,1361.6666666666665,1326.6666666666665,1361.6666666666665,106800,-1.0,-1.0,-1.0
2026/03/09,1295.0,1331.6666666666665,1288.3333333333333,1330.0,156000,-1.0,-1.0,-1.0
2026/03/10,1376.6666666666665,1413.3333333333333,1331.6666666666665,1370.0,592800,-1.0,-1.0,-1.0
2026/03/11,1393.3333333333333,1398.3333333333333,1370.0,1370.0,69900,-1.0,-1.0,-1.0
2026/03/12,1365.0,1366.6666666666665,1331.6666666666665,1331.6666666666665,93000,-1.0,-1.0,-1.0
2026/03/13,1336.6666666666665,1353.3333333333333,1328.3333333333333,1328.3333333333333,111600,-1.0,-1.0,-1.0
2026/03/16,1315.0,1320.0,1280.0,1285.0,133500,-1.0,-1.0,-1.0
2026/03/17,1298.3333333333333,1303.3333333333333,1286.6666666666665,1290.0,101700,-1.0,-1.0,-1.0
2026/03/18,1306.6666666666665,1336.6666666666665,1306.6666666666665,1336.6666666666665,149100,-1.0,-1.0,-1.0
2026/03/19,1333.3333333333333,1333.3333333333333,1283.3333333333333,1293.3333333333333,166800,-1.0,-1.0,-1.0
2026/03/23,1263.3333333333333,1265.0,1221.6666666666665,1240.0,178500,-1.0,-1.0,-1.0
2026/03/24,1280.0,1300.0,1273.3333333333333,1296.6666666666665,163500,-1.0,-1.0,-1.0
2026/03/25,1301.6666666666665,1321.6666666666665,1301.6666666666665,1318.3333333333333,118500,-1.0,-1.0,-1.0
2026/03/26,1318.3333333333333,1318.3333333333333,1291.6666666666665,1300.0,96900,-1.0,-1.0,-1.0
2026/03/27,1323.3333333333333,1336.6666666666665,1311.6666666666665,1325.0,176400,-1.0,-1.0,-1.0
2026/03/30,1255.0,1296.6666666666665,1255.0,1290.0,155700,-1.0,-1.0,-1.0
2026/03/31,1286.6666666666665,1315.0,1278.3333333333333,1295.0,105900,-1.0,-1.0,-1.0
2026/04/01,1330.0,1346.6666666666665,1321.6666666666665,1345.0,123600,-1.0,-1.0,-1.0
2026/04/02,1360.0,1368.3333333333333,1335.0,1335.0,121500,-1.0,-1.0,-1.0
2026/04/03,1336.6666666666665,1353.3333333333333,1331.6666666666665,1335.0,75600,-1.0,-1.0,-1.0
2026/04/06,1351.6666666666665,1365.0,1336.6666666666665,1358.3333333333333,111600,-1.0,-1.0,-1.0
2026/04/07,1366.6666666666665,1390.0,1366.6666666666665,1380.0,124200,-1.0,-1.0,-1.0
2026/04/08,1400.0,1418.3333333333333,1391.6666666666665,1415.0,161700,-1.0,-1.0,-1.0
2026/04/09,1415.0,1415.0,1373.3333333333333,1373.3333333333333,155400,-1.0,-1.0,-1.0
2026/04/10,1375.0,1376.6666666666665,1338.3333333333333,1338.3333333333333,138300,-1.0,-1.0,-1.0
2026/04/13,1346.6666666666665,1358.3333333333333,1333.3333333333333,1340.0,107700,-1.0,-1.0,-1.0
2026/04/14,1363.3333333333333,1370.0,1263.3333333333333,1266.6666666666665,856200,-1.0,-1.0,-1.0
2026/04/15,1290.0,1293.3333333333333,1193.3333333333333,1198.3333333333333,478500,-1.0,-1.0,-1.0
2026/04/16,1213.3333333333333,1333.3333333333333,1213.3333333333333,1325.0,588300,-1.0,-1.0,-1.0
2026/04/17,1306.6666666666665,1373.3333333333333,1301.6666666666665,1343.3333333333333,557100,-1.0,-1.0,-1.0
2026/04/20,1351.6666666666665,1360.0,1321.6666666666665,1325.0,221100,-1.0,-1.0,-1.0
2026/04/21,1326.6666666666665,1341.6666666666665,1296.6666666666665,1308.3333333333333,174900,-1.0,-1.0,-1.0
2026/04/22,1301.6666666666665,1311.6666666666665,1286.6666666666665,1293.3333333333333,106800,-1.0,-1.0,-1.0
2026/04/23,1301.6666666666665,1305.0,1266.6666666666665,1281.6666666666665,148500,-1.0,-1.0,-1.0
2026/04/24,1281.6666666666665,1286.6666666666665,1261.6666666666665,1275.0,114000,-1.0,-1.0,-1.0
2026/04/27,1275.0,1296.6666666666665,1263.3333333333333,1293.3333333333333,131100,-1.0,-1.0,-1.0
2026/04/28,1300.0,1323.3333333333333,1285.0,1323.3333333333333,159300,-1.0,-1.0,-1.0
2026/04/30,1300.0,1310.0,1281.6666666666665,1286.6666666666665,132900,-1.0,-1.0,-1.0
2026/05/01,1301.6666666666665,1313.3333333333333,1278.3333333333333,1308.3333333333333,107400,-1.0,-1.0,-1.0
2026/05/07,1323.3333333333333,1326.6666666666665,1248.3333333333333,1251.6666666666665,205500,-1.0,-1.0,-1.0
2026/05/08,1233.3333333333333,1233.3333333333333,1196.6666666666665,1226.6666666666665,232200,-1.0,-1.0,-1.0
2026/05/11,1235.0,1241.6666666666665,1213.3333333333333,1213.3333333333333,120000,-1.0,-1.0,-1.0
2026/05/12,1210.0,1235.0,1210.0,1221.6666666666665,127200,-1.0,-1.0,-1.0
2026/05/13,1231.6666666666665,1258.3333333333333,1231.6666666666665,1236.6666666666665,153900,-1.0,-1.0,-1.0
2026/05/14,1230.0,1253.3333333333333,1230.0,1253.3333333333333,88200,-1.0,-1.0,-1.0
2026/05/15,1248.3333333333333,1295.0,1248.3333333333333,1275.0,166200,-1.0,-1.0,-1.0
2026/05/18,1271.6666666666665,1285.0,1226.6666666666665,1241.6666666666665,123000,-1.0,-1.0,-1.0
2026/05/19,1255.0,1266.6666666666665,1248.3333333333333,1256.6666666666665,135900,-1.0,-1.0,-1.0
2026/05/20,1268.3333333333333,1276.6666666666665,1211.6666666666665,1231.6666666666665,145200,-1.0,-1.0,-1.0
2026/05/21,1238.3333333333333,1260.0,1238.3333333333333,1243.3333333333333,114300,-1.0,-1.0,-1.0
2026/05/22,1261.6666666666665,1261.6666666666665,1235.0,1236.6666666666665,94500,-1.0,-1.0,-1.0
2026/05/25,1236.6666666666665,1256.6666666666665,1210.0,1230.0,84600,-1.0,-1.0,-1.0
2026/05/26,1216.6666666666665,1225.0,1205.0,1208.3333333333333,123600,-1.0,-1.0,-1.0
2026/05/27,1205.0,1211.6666666666665,1196.6666666666665,1208.3333333333333,111000,-1.0,-1.0,-1.0
2026/05/28,1201.6666666666665,1240.0,1196.6666666666665,1236.6666666666665,112500,-1.0,-1.0,-1.0
2026/05/29,1250.0,1261.6666666666665,1231.6666666666665,1241.6666666666665,132900,-1.0,-1.0,-1.0
2026/06/01,1250.0,1250.0,1210.0,1233.3333333333333,128700,-1.0,-1.0,-1.0
2026/06/02,1216.6666666666665,1245.0,1190.0,1235.0,186900,-1.0,-1.0,-1.0
2026/06/03,1233.3333333333333,1233.3333333333333,1201.6666666666665,1216.6666666666665,123300,-1.0,-1.0,-1.0
2026/06/04,1213.3333333333333,1218.3333333333333,1205.0,1208.3333333333333,96900,-1.0,-1.0,-1.0
2026/06/05,1210.0,1243.3333333333333,1210.0,1220.0,138900,-1.0,-1.0,-1.0
2026/06/08,1183.3333333333333,1220.0,1180.0,1220.0,221400,-1.0,-1.0,-1.0
2026/06/09,1243.3333333333333,1253.3333333333333,1235.0,1235.0,103200,-1.0,-1.0,-1.0
2026/06/10,1243.3333333333333,1258.3333333333333,1236.6666666666665,1241.6666666666665,100800,-1.0,-1.0,-1.0
2026/06/11,1235.0,1243.3333333333333,1215.0,1236.6666666666665,84300,-1.0,-1.0,-1.0
2026/06/12,1250.0,1273.3333333333333,1243.3333333333333,1263.3333333333333,124800,-1.0,-1.0,-1.0
2026/06/15,1275.0,1290.0,1271.6666666666665,1273.3333333333333,72900,-1.0,-1.0,-1.0
2026/06/16,1266.6666666666665,1278.3333333333333,1250.0,1273.3333333333333,123300,-1.0,-1.0,-1.0
2026/06/17,1273.3333333333333,1303.3333333333333,1270.0,1275.0,89700,-1.0,-1.0,-1.0
2026/06/18,1298.3333333333333,1316.6666666666665,1285.0,1300.0,110700,-1.0,-1.0,-1.0
2026/06/19,1313.3333333333333,1340.0,1303.3333333333333,1330.0,173100,-1.0,-1.0,-1.0
2026/06/22,1333.3333333333333,1346.6666666666665,1320.0,1331.6666666666665,120600,-1.0,-1.0,-1.0
2026/06/23,1308.3333333333333,1331.6666666666665,1290.0,1296.6666666666665,126300,-1.0,-1.0,-1.0
2026/06/24,1288.3333333333333,1296.6666666666665,1268.3333333333333,1270.0,97500,-1.0,-1.0,-1.0
2026/06/25,1283.3333333333333,1328.3333333333333,1283.3333333333333,1316.6666666666665,100500,-1.0,-1.0,-1.0
2026/06/26,1316.6666666666665,1320.0,1301.6666666666665,1316.6666666666665,133500,-1.0,-1.0,-1.0
2026/06/29,1316.6666666666665,1338.3333333333333,1316.6666666666665,1330.0,95100,-1.0,-1.0,-1.0
2026/06/30,1353.3333333333333,1458.3333333333333,1326.6666666666665,1375.0,767400,-1.0,-1.0,-1.0
2026/07/01,1363.3333333333333,1478.3333333333333,1363.3333333333333,1460.0,315900,-1.0,-1.0,-1.0
2026/07/02,1476.6666666666665,1521.6666666666665,1465.0,1476.6666666666665,379500,-1.0,-1.0,-1.0
2026/07/03,1465.0,1465.0,1423.3333333333333,1458.3333333333333,192900,-1.0,-1.0,-1.0
2026/07/06,1478.3333333333333,1490.0,1461.6666666666665,1478.3333333333333,118800,-1.0,-1.0,-1.0
2026/07/07,1478.3333333333333,1491.6666666666665,1431.6666666666665,1438.3333333333333,151200,-1.0,-1.0,-1.0
2026/07/08,1428.3333333333333,1431.6666666666665,1403.3333333333333,1405.0,161100,-1.0,-1.0,-1.0
2026/07/09,1418.3333333333333,1431.6666666666665,1413.3333333333333,1418.3333333333333,99600,-1.0,-1.0,-1.0
2026/07/10,1420.0,1431.6666666666665,1400.0,1411.6666666666665,103500,-1.0,-1.0,-1.0
2026/07/13,1425.0,1435.0,1393.3333333333333,1398.3333333333333,106500,-1.0,-1.0,-1.0
2026/07/14,1398.3333333333333,1416.6666666666665,1398.3333333333333,1403.3333333333333,75600,-1.0,-1.0,-1.0
2026/07/15,1403.3333333333333,1416.6666666666665,1398.3333333333333,1405.0,78600,-1.0,-1.0,-1.0
2026/07/16,1403.3333333333333,1415.0,1393.3333333333333,1398.3333333333333,67800,-1.0,-1.0,-1.0
2026/07/17,1398.3333333333333,1415.0,1381.6666666666665,1396.6666666666665,102000,-1.0,-1.0,-1.0
2026/07/21,1436.6666666666665,1506.6666666666665,1413.3333333333333,1498.3333333333333,168900,-1.0,-1.0,-1.0
2026/07/22,1506.6666666666665,1543.3333333333333,1488.3333333333333,1505.0,126600,-1.0,-1.0,-1.0
2026/07/23,1505.0,1533.3333333333333,1495.0,1516.6666666666665,86700,-1.0,-1.0,-1.0
2026/07/24,1538.3333333333333,1556.6666666666665,1511.6666666666665,1541.6666666666665,98100,-1.0,-1.0,-1.0
2026/07/27,1548.3333333333333,1615.0,1548.3333333333333,1615.0,155700,-1.0,-1.0,-1.0
2026/07/28,1611.6666666666665,1611.6666666666665,1531.6666666666665,1560.0,176100,-1.0,-1.0,-1.0
2026/07/29,1563.3333333333333,1600.0,1560.0,1586.6666666666665,88800,-1.0,-1.0,-1.0
2026/07/30,1580.0,1648.3333333333333,1571.6666666666665,1636.6666666666665,134400,-1.0,-1.0,-1.0
2026/07/31,1660.0,1666.6666666666665,1621.6666666666665,1633.3333333333333,107700,-1.0,-1.0,-1.0
2026/08/03,1650.0,1650.0,1570.0,1631.6666666666665,147300,-1.0,-1.0,-1.0
2026/08/04,1616.6666666666665,1663.3333333333333,1610.0,1663.3333333333333,69300,-1.0,-1.0,-1.0
2026/08/05,1640.0,1710.0,1640.0,1700.0,114900,-1.0,-1.0,-1.0
2026/08/06,1700.0,1723.3333333333333,1696.6666666666665,1700.0,130500,-1.0,-1.0,-1.0
2026/08/07,1696.6666666666665,1736.6666666666665,1690.0,1706.6666666666665,99900,-1.0,-1.0,-1.0
2026/08/10,1713.3333333333333,1756.6666666666665,1710.0,1756.6666666666665,127800,-1.0,-1.0,-1.0
2026/08/12,1756.6666666666665,1806.6666666666665,1736.6666666666665,1776.6666666666665,115200,-1.0,-1.0,-1.0
2026/08/13,1776.6666666666665,1870.0,1770.0,1830.0,191400,-1.0,-1.0,-1.0
2026/08/14,1830.0,1846.6666666666665,1760.0,1760.0,202200,-1.0,-1.0,-1.0
2026/08/17,1760.0,1763.3333333333333,1700.0,1700.0,123300,-1.0,-1.0,-1.0
2026/08/18,1693.3333333333333,1740.0,1670.0,1720.0,122700,-1.0,-1.0,-1.0
2026/08/19,1706.6666666666665,1730.0,1680.0,1693.3333333333333,84300,-1.0,-1.0,-1.0
2026/08/20,1693.3333333333333,1756.6666666666665,1693.3333333333333,1756.6666666666665,138900,-1.0,-1.0,-1.0
2026/08/21,1766.6666666666665,1783.3333333333333,1756.6666666666665,1773.3333333333333,75900,-1.0,-1.0,-1.0
2026/08/24,1790.0,1833.3333333333333,1783.3333333333333,1803.3333333333333,150300,-1.0,-1.0,-1.0
2026/08/25,1996.6666666666665,1996.6666666666665,1836.6666666666665,1840.0,147600,-1.0,-1.0,-1.0
2026/08/26,1840.0,1876.6666666666665,1806.6666666666665,1813.3333333333333,85800,-1.0,-1.0,-1.0
2026/08/27,5440.0,5490.0,5210.0,5260.0,52000,-1.0,-1.0,-1.0
2026/08/28,1608.0,1752.0,1608.0,1688.0,346400,-1.0,-1.0,-1.0
2026/08/31,1680.0,1681.0,1584.0,1621.0,144100,-1.0,-1.0,-1.0
2026/09/01,1601.0,1602.0,1530.0,1530.0,202400,-1.0,-1.0,-1.0
2026/09/02,1511.0,1521.0,1480.0,1481.0,157500,-1.0,-1.0,-1.0
