date,open,high,low,close,volume,rs_nikkei,rs_topix,rs
2014/03/26,426.32,428.32,423.46000000000004,426.72,7004500,-1.0,-1.0,-1.0
2014/03/27,421.6600000000001,425.40000000000003,417.06000000000006,424.8,6855000,-1.0,-1.0,-1.0
2014/03/28,418.46000000000004,420.6600000000001,413.6,419.12,3451500,-1.0,-1.0,-1.0
2014/03/31,424.52,426.52,420.20000000000005,421.6600000000001,4148000,-1.0,-1.0,-1.0
2014/04/01,425.72,427.72,420.72,422.06000000000006,7747500,-1.0,-1.0,-1.0
2014/04/02,433.46000000000004,440.40000000000003,433.46000000000004,439.40000000000003,6398000,-1.0,-1.0,-1.0
2014/04/03,440.12,445.86000000000007,439.26000000000005,444.12,3822500,-1.0,-1.0,-1.0
2014/04/04,440.6600000000001,443.6,440.20000000000005,441.72,3082000,-1.0,-1.0,-1.0
2014/04/07,432.20000000000005,436.26000000000005,426.86000000000007,430.26000000000005,3738500,-1.0,-1.0,-1.0
2014/04/08,427.32,427.6,422.20000000000005,422.46000000000004,3606000,-1.0,-1.0,-1.0
2014/04/09,413.40000000000003,416.12,411.12,411.32,5750500,-1.0,-1.0,-1.0
2014/04/10,413.92,419.52,408.86,410.40000000000003,5502500,-1.0,-1.0,-1.0
2014/04/11,393.6,395.8,390.92,391.72,11303000,-1.0,-1.0,-1.0
2014/04/14,396.32,399.86,395.26,397.8,4376500,-1.0,-1.0,-1.0
2014/04/15,398.06,399.0,394.26,395.46000000000004,3579500,-1.0,-1.0,-1.0
2014/04/16,395.92,399.92,394.0,399.46000000000004,5080000,-1.0,-1.0,-1.0
2014/04/17,392.86,392.86,386.92,387.52,7902000,-1.0,-1.0,-1.0
2014/04/18,394.20000000000005,395.46000000000004,391.40000000000003,393.92,3038000,-1.0,-1.0,-1.0
2014/04/21,396.66,399.20000000000005,395.12,395.8,1639000,-1.0,-1.0,-1.0
2014/04/22,402.32,403.0,397.72,398.40000000000003,2800000,-1.0,-1.0,-1.0
2014/04/23,401.40000000000003,403.06,400.0,402.0,3189000,-1.0,-1.0,-1.0
2014/04/24,400.40000000000003,401.72,396.0,398.32,3016500,-1.0,-1.0,-1.0
2014/04/25,398.8,402.12,394.46000000000004,399.52,4026000,-1.0,-1.0,-1.0
2014/04/28,390.0,391.8,386.86,388.46000000000004,2986500,-1.0,-1.0,-1.0
2014/04/30,390.0,391.0,383.40000000000003,386.86,5094000,-1.0,-1.0,-1.0
2014/05/01,388.0,391.32,386.8,391.0,2867500,-1.0,-1.0,-1.0
2014/05/02,388.0,393.20000000000005,386.46000000000004,387.12,3194000,-1.0,-1.0,-1.0
2014/05/07,389.46000000000004,389.6,384.46000000000004,384.86,6017500,-1.0,-1.0,-1.0
2014/05/08,392.66,395.92,391.86,394.52,4418000,-1.0,-1.0,-1.0
2014/05/09,398.46000000000004,403.06,398.12,402.46000000000004,5376000,-1.0,-1.0,-1.0
2014/05/12,398.66,402.0,398.66,400.06,2028500,-1.0,-1.0,-1.0
2014/05/13,406.66,408.12,403.72,405.52,2778000,-1.0,-1.0,-1.0
2014/05/14,398.86,402.0,397.0,400.6,3150500,-1.0,-1.0,-1.0
2014/05/15,393.92,398.20000000000005,393.92,395.12,3279000,-1.0,-1.0,-1.0
2014/05/16,395.52,396.46000000000004,390.26,391.52,6058500,-1.0,-1.0,-1.0
2014/05/19,416.0,416.26000000000005,411.92,412.46000000000004,8795500,-1.0,-1.0,-1.0
2014/05/20,411.06000000000006,415.40000000000003,411.06000000000006,412.72,2984000,-1.0,-1.0,-1.0
2014/05/21,408.12,409.6,405.86,407.86,2826500,-1.0,-1.0,-1.0
2014/05/22,412.26000000000005,416.26000000000005,411.32,414.20000000000005,3003500,-1.0,-1.0,-1.0
2014/05/23,412.8,416.6,412.72,413.40000000000003,2860000,-1.0,-1.0,-1.0
2014/05/26,419.06000000000006,419.92,416.6600000000001,418.32,2197000,-1.0,-1.0,-1.0
2014/05/27,417.06000000000006,421.32,417.06000000000006,418.40000000000003,4015000,-1.0,-1.0,-1.0
2014/05/28,418.52,421.86000000000007,417.12,419.92,3194500,-1.0,-1.0,-1.0
2014/05/29,413.40000000000003,418.40000000000003,413.40000000000003,415.72,2893000,-1.0,-1.0,-1.0
2014/05/30,413.06000000000006,414.20000000000005,407.40000000000003,407.52,4390500,-1.0,-1.0,-1.0
2014/06/02,411.12,417.20000000000005,409.52,416.12,4406000,-1.0,-1.0,-1.0
2014/06/03,420.72,426.92,420.32,426.6,4354500,-1.0,-1.0,-1.0
2014/06/04,439.26000000000005,441.72,436.86000000000007,441.72,8176000,-1.0,-1.0,-1.0
2014/06/05,445.32,447.46000000000004,443.92,445.92,7522000,-1.0,-1.0,-1.0
2014/06/06,451.26000000000005,453.40000000000003,449.0,450.06000000000006,9727000,-1.0,-1.0,-1.0
2014/06/09,453.32,461.26000000000005,453.20000000000005,460.32,6243500,-1.0,-1.0,-1.0
2014/06/10,457.52,461.40000000000003,457.52,458.46000000000004,3526000,-1.0,-1.0,-1.0
2014/06/11,459.20000000000005,462.6600000000001,459.20000000000005,461.86000000000007,2968000,-1.0,-1.0,-1.0
2014/06/12,457.46000000000004,459.32,455.40000000000003,456.12,3128500,-1.0,-1.0,-1.0
2014/06/13,452.86000000000007,457.06000000000006,451.46000000000004,455.20000000000005,8673500,-1.0,-1.0,-1.0
2014/06/16,465.92,469.26000000000005,463.8,466.6600000000001,5256000,-1.0,-1.0,-1.0
2014/06/17,468.52,470.6600000000001,464.72,465.32,3016000,-1.0,-1.0,-1.0
2014/06/18,469.32,473.8,468.92,471.92,4016000,-1.0,-1.0,-1.0
2014/06/19,469.0,473.46000000000004,468.92,473.32,4503000,-1.0,-1.0,-1.0
2014/06/20,471.32,475.26000000000005,471.32,475.26000000000005,4271500,-1.0,-1.0,-1.0
2014/06/23,475.92,478.52,474.46000000000004,475.86000000000007,3657500,-1.0,-1.0,-1.0
2014/06/24,475.0,481.6600000000001,473.32,480.6600000000001,3700000,-1.0,-1.0,-1.0
2014/06/25,472.46000000000004,476.6,472.12,472.72,2546500,-1.0,-1.0,-1.0
2014/06/26,472.40000000000003,472.6,464.12,466.6600000000001,3310500,-1.0,-1.0,-1.0
2014/06/27,463.26000000000005,465.26000000000005,452.86000000000007,455.92,5929000,-1.0,-1.0,-1.0
2014/06/30,460.86000000000007,462.46000000000004,454.46000000000004,456.52,4045000,-1.0,-1.0,-1.0
2014/07/01,461.32,465.40000000000003,459.26000000000005,462.12,3468500,-1.0,-1.0,-1.0
2014/07/02,466.0,466.6600000000001,463.12,464.32,2655500,-1.0,-1.0,-1.0
2014/07/03,466.6600000000001,469.92,463.46000000000004,464.72,3374500,-1.0,-1.0,-1.0
2014/07/04,471.46000000000004,476.06000000000006,470.12,475.6,4752500,-1.0,-1.0,-1.0
2014/07/07,473.12,474.6600000000001,471.0,473.26000000000005,2739500,-1.0,-1.0,-1.0
2014/07/08,476.92,480.40000000000003,475.86000000000007,480.0,5767500,-1.0,-1.0,-1.0
2014/07/09,477.32,479.8,476.86000000000007,479.06000000000006,3783000,-1.0,-1.0,-1.0
2014/07/10,480.0,480.6600000000001,477.86000000000007,479.26000000000005,4192000,-1.0,-1.0,-1.0
2014/07/11,472.6600000000001,477.8,472.46000000000004,473.6600000000001,4307000,-1.0,-1.0,-1.0
2014/07/14,477.12,480.20000000000005,475.52,477.06000000000006,3479500,-1.0,-1.0,-1.0
2014/07/15,480.0,482.52,479.8,481.92,3653000,-1.0,-1.0,-1.0
2014/07/16,476.6600000000001,481.20000000000005,476.40000000000003,478.86000000000007,4215500,-1.0,-1.0,-1.0
2014/07/17,477.46000000000004,478.8,476.86000000000007,477.46000000000004,2717500,-1.0,-1.0,-1.0
2014/07/18,471.46000000000004,475.0,467.40000000000003,468.40000000000003,3096500,-1.0,-1.0,-1.0
2014/07/22,476.0,481.32,473.6600000000001,476.12,4933000,-1.0,-1.0,-1.0
2014/07/23,460.0,467.52,459.86000000000007,462.32,5206500,-1.0,-1.0,-1.0
2014/07/24,448.40000000000003,453.32,448.12,450.6,6146500,-1.0,-1.0,-1.0
2014/07/25,451.12,453.06000000000006,449.32,453.0,4711000,-1.0,-1.0,-1.0
2014/07/28,437.26000000000005,441.32,437.06000000000006,440.86000000000007,5456500,-1.0,-1.0,-1.0
2014/07/29,444.06000000000006,446.0,439.86000000000007,440.6600000000001,4847000,-1.0,-1.0,-1.0
2014/07/30,447.32,452.52,445.32,447.52,5312000,-1.0,-1.0,-1.0
2014/07/31,450.0,452.6,446.86000000000007,449.32,5002000,-1.0,-1.0,-1.0
2014/08/01,443.20000000000005,448.0,441.40000000000003,444.40000000000003,3716500,-1.0,-1.0,-1.0
2014/08/04,443.32,449.20000000000005,443.0,445.92,2913500,-1.0,-1.0,-1.0
2014/08/05,446.26000000000005,446.52,440.6600000000001,441.52,2695000,-1.0,-1.0,-1.0
2014/08/06,439.26000000000005,442.12,438.86000000000007,440.46000000000004,3544000,-1.0,-1.0,-1.0
2014/08/07,438.32,444.40000000000003,436.72,444.32,4214000,-1.0,-1.0,-1.0
2014/08/08,433.26000000000005,433.26000000000005,421.0,421.20000000000005,7395500,-1.0,-1.0,-1.0
2014/08/11,433.32,435.26000000000005,418.12,433.40000000000003,3242000,-1.0,-1.0,-1.0
2014/08/12,440.92,441.40000000000003,436.6,438.26000000000005,2959500,-1.0,-1.0,-1.0
2014/08/13,436.8,439.52,435.52,438.52,2222000,-1.0,-1.0,-1.0
2014/08/14,436.0,441.06000000000006,435.40000000000003,438.40000000000003,2129500,-1.0,-1.0,-1.0
2014/08/15,443.0,446.6600000000001,442.46000000000004,445.6600000000001,2478500,-1.0,-1.0,-1.0
2014/08/18,468.6600000000001,470.52,464.32,465.0,5443500,-1.0,-1.0,-1.0
2014/08/19,462.20000000000005,466.06000000000006,461.72,465.06000000000006,2602500,-1.0,-1.0,-1.0
2014/08/20,465.32,470.26000000000005,464.12,469.0,4151500,-1.0,-1.0,-1.0
2014/08/21,465.0,468.52,465.0,468.0,3870000,-1.0,-1.0,-1.0
2014/08/22,469.8,473.12,469.8,472.40000000000003,3438500,-1.0,-1.0,-1.0
2014/08/25,469.6600000000001,478.0,469.6600000000001,476.40000000000003,3639000,-1.0,-1.0,-1.0
2014/08/26,467.40000000000003,473.12,467.40000000000003,470.32,3636000,-1.0,-1.0,-1.0
2014/08/27,470.46000000000004,474.86000000000007,470.20000000000005,474.46000000000004,4797000,-1.0,-1.0,-1.0
2014/08/28,474.86000000000007,477.0,474.72,474.8,5118500,-1.0,-1.0,-1.0
2014/08/29,479.32,479.92,474.12,475.40000000000003,5126000,-1.0,-1.0,-1.0
2014/09/01,485.0,486.6,478.86000000000007,481.52,3717500,-1.0,-1.0,-1.0
2014/09/02,482.32,487.52,480.6,485.92,3036000,-1.0,-1.0,-1.0
2014/09/03,486.52,489.26000000000005,483.86000000000007,484.12,3112000,-1.0,-1.0,-1.0
2014/09/04,489.32,490.26000000000005,483.0,486.32,3944500,-1.0,-1.0,-1.0
2014/09/05,487.20000000000005,488.0,483.40000000000003,484.46000000000004,2786500,-1.0,-1.0,-1.0
2014/09/08,489.32,490.72,486.40000000000003,487.40000000000003,2760000,-1.0,-1.0,-1.0
2014/09/09,490.6600000000001,491.92,486.46000000000004,486.92,2069500,-1.0,-1.0,-1.0
2014/09/10,484.0,487.6,482.32,486.72,1850500,-1.0,-1.0,-1.0
2014/09/11,486.0,488.8,484.86000000000007,487.20000000000005,2305000,-1.0,-1.0,-1.0
2014/09/12,489.0,494.52,488.12,491.92,11816000,-1.0,-1.0,-1.0
2014/09/16,483.32,483.72,475.86000000000007,476.92,3467500,-1.0,-1.0,-1.0
2014/09/17,484.32,485.6,482.26000000000005,482.26000000000005,3779000,-1.0,-1.0,-1.0
2014/09/18,492.20000000000005,492.40000000000003,489.40000000000003,490.72,5137500,-1.0,-1.0,-1.0
2014/09/19,493.46000000000004,500.52,493.46000000000004,499.40000000000003,3618500,-1.0,-1.0,-1.0
2014/09/22,489.40000000000003,496.40000000000003,485.8,490.20000000000005,3842000,-1.0,-1.0,-1.0
2014/09/24,478.40000000000003,483.32,477.12,480.06000000000006,3848000,-1.0,-1.0,-1.0
2014/09/25,486.32,486.32,480.52,483.26000000000005,2946500,-1.0,-1.0,-1.0
2014/09/26,471.86000000000007,477.20000000000005,471.86000000000007,475.32,3042000,-1.0,-1.0,-1.0
2014/09/29,478.46000000000004,481.0,476.06000000000006,479.32,2186000,-1.0,-1.0,-1.0
2014/09/30,479.20000000000005,481.6600000000001,475.6600000000001,477.20000000000005,2411500,-1.0,-1.0,-1.0
2014/10/01,478.0,480.26000000000005,472.40000000000003,472.46000000000004,2487000,-1.0,-1.0,-1.0
2014/10/02,465.72,467.46000000000004,456.06000000000006,456.26000000000005,4262500,-1.0,-1.0,-1.0
2014/10/03,449.6,452.26000000000005,446.8,449.32,5878000,-1.0,-1.0,-1.0
2014/10/06,457.32,460.40000000000003,453.92,457.8,2786000,-1.0,-1.0,-1.0
2014/10/07,451.12,459.72,451.12,456.52,4221000,-1.0,-1.0,-1.0
2014/10/08,452.0,452.46000000000004,447.6,451.6600000000001,4083000,-1.0,-1.0,-1.0
2014/10/09,462.72,464.06000000000006,458.52,460.0,5617000,-1.0,-1.0,-1.0
2014/10/10,452.0,455.12,447.06000000000006,450.52,7386500,-1.0,-1.0,-1.0
2014/10/14,416.6,424.26000000000005,414.40000000000003,420.46000000000004,10413000,-1.0,-1.0,-1.0
2014/10/15,420.0,423.6600000000001,418.92,422.0,4696000,-1.0,-1.0,-1.0
2014/10/16,408.66,409.46000000000004,404.06,406.0,7078000,-1.0,-1.0,-1.0
2014/10/17,414.32,418.26000000000005,411.26000000000005,412.40000000000003,5455000,-1.0,-1.0,-1.0
2014/10/20,420.6600000000001,422.52,418.06000000000006,422.26000000000005,4308000,-1.0,-1.0,-1.0
2014/10/21,423.32,424.6600000000001,412.86000000000007,413.20000000000005,4008500,-1.0,-1.0,-1.0
2014/10/22,430.0,433.20000000000005,429.40000000000003,433.20000000000005,4556000,-1.0,-1.0,-1.0
2014/10/23,425.20000000000005,426.12,421.32,422.32,3082500,-1.0,-1.0,-1.0
2014/10/24,433.32,434.0,425.8,427.40000000000003,5124500,-1.0,-1.0,-1.0
2014/10/27,433.32,433.32,427.6,430.86000000000007,2675000,-1.0,-1.0,-1.0
2014/10/28,437.26000000000005,438.6600000000001,434.8,436.26000000000005,4314000,-1.0,-1.0,-1.0
2014/10/29,444.26000000000005,444.6,439.40000000000003,441.6600000000001,5010500,-1.0,-1.0,-1.0
2014/10/30,451.0,453.0,443.32,446.52,10146500,-1.0,-1.0,-1.0
2014/10/31,449.92,468.32,446.26000000000005,463.32,9067000,-1.0,-1.0,-1.0
2014/11/04,487.6600000000001,490.0,481.12,481.32,9149000,-1.0,-1.0,-1.0
2014/11/05,484.26000000000005,489.32,481.32,486.6600000000001,6014500,-1.0,-1.0,-1.0
2014/11/06,493.32,499.20000000000005,490.0,495.12,6179500,-1.0,-1.0,-1.0
2014/11/07,500.0,502.0,496.6600000000001,501.86000000000007,3582000,-1.0,-1.0,-1.0
2014/11/10,496.6600000000001,499.6600000000001,493.46000000000004,493.8,2706000,-1.0,-1.0,-1.0
2014/11/11,511.32,517.8000000000001,507.6,515.6600000000001,4993000,-1.0,-1.0,-1.0
2014/11/12,520.0,524.0600000000001,515.4,517.2600000000001,5309500,-1.0,-1.0,-1.0
2014/11/13,517.2600000000001,528.46,515.6600000000001,528.32,4354000,-1.0,-1.0,-1.0
2014/11/14,518.32,520.0,506.8,514.86,10446500,-1.0,-1.0,-1.0
2014/11/17,520.0,522.6,508.72,511.92,5083500,-1.0,-1.0,-1.0
2014/11/18,516.92,518.92,511.52,516.0,3980000,-1.0,-1.0,-1.0
2014/11/19,514.0,516.8000000000001,511.6600000000001,511.92,2923000,-1.0,-1.0,-1.0
2014/11/20,517.32,519.0,508.86000000000007,511.40000000000003,3972000,-1.0,-1.0,-1.0
2014/11/21,516.52,517.2600000000001,509.72,515.6,4050000,-1.0,-1.0,-1.0
2014/11/25,526.0,528.6600000000001,518.0600000000001,521.2600000000001,5105500,-1.0,-1.0,-1.0
2014/11/26,526.0,526.6,522.52,523.2600000000001,3737500,-1.0,-1.0,-1.0
2014/11/27,543.6600000000001,545.8000000000001,535.6600000000001,537.32,3725500,-1.0,-1.0,-1.0
2014/11/28,538.0,540.52,535.72,539.12,3006500,-1.0,-1.0,-1.0
2014/12/01,546.6600000000001,555.0,546.6600000000001,552.92,3981000,-1.0,-1.0,-1.0
2014/12/02,555.12,559.92,552.86,555.86,2946500,-1.0,-1.0,-1.0
2014/12/03,567.6600000000001,581.0600000000001,567.32,567.32,4910000,-1.0,-1.0,-1.0
2014/12/04,589.32,591.0,582.0600000000001,584.6600000000001,5288000,-1.0,-1.0,-1.0
2014/12/05,575.0600000000001,583.2,575.0600000000001,582.0,2508000,-1.0,-1.0,-1.0
2014/12/08,600.0,604.46,597.4,598.6600000000001,8262000,-1.0,-1.0,-1.0
2014/12/09,588.32,588.32,575.0,578.52,6407500,-1.0,-1.0,-1.0
2014/12/10,576.6600000000001,582.6,568.4,573.0600000000001,5967000,-1.0,-1.0,-1.0
2014/12/11,570.6600000000001,571.0600000000001,553.32,563.0600000000001,3431500,-1.0,-1.0,-1.0
2014/12/12,563.12,568.8000000000001,560.2,565.2,10326000,-1.0,-1.0,-1.0
2014/12/15,549.72,565.4,549.72,561.86,3679500,-1.0,-1.0,-1.0
2014/12/16,550.6600000000001,555.6,547.46,554.4,5061000,-1.0,-1.0,-1.0
2014/12/17,562.6600000000001,572.12,562.2,567.6600000000001,6641000,-1.0,-1.0,-1.0
2014/12/18,590.0,590.6600000000001,571.12,573.6600000000001,9771500,-1.0,-1.0,-1.0
2014/12/19,601.6600000000001,608.6,597.4,607.72,6846000,-1.0,-1.0,-1.0
2014/12/22,604.0600000000001,607.86,602.0,605.72,2516500,-1.0,-1.0,-1.0
2014/12/24,625.32,629.2,623.46,626.6600000000001,3637500,-1.0,-1.0,-1.0
2014/12/25,620.6600000000001,625.8000000000001,617.6600000000001,623.2600000000001,1563500,-1.0,-1.0,-1.0
2014/12/26,627.46,630.0600000000001,619.52,624.46,1331000,-1.0,-1.0,-1.0
2014/12/29,628.6600000000001,628.6600000000001,608.92,614.12,2211500,-1.0,-1.0,-1.0
2014/12/30,621.32,622.6600000000001,614.46,614.72,2919000,-1.0,-1.0,-1.0
2015/01/05,604.72,617.32,603.32,611.0600000000001,2709000,-1.0,-1.0,-1.0
2015/01/06,587.32,588.32,579.6600000000001,581.72,5147000,-1.0,-1.0,-1.0
2015/01/07,564.32,566.32,559.6600000000001,565.8000000000001,6015000,-1.0,-1.0,-1.0
2015/01/08,568.32,580.32,567.92,575.2600000000001,3487500,-1.0,-1.0,-1.0
2015/01/09,586.6,588.6600000000001,579.92,581.6,5186000,-1.0,-1.0,-1.0
2015/01/13,569.4,570.0,562.4,569.92,4978000,-1.0,-1.0,-1.0
2015/01/14,559.2600000000001,563.2600000000001,553.86,556.46,4030500,-1.0,-1.0,-1.0
2015/01/15,551.2,557.8000000000001,550.46,556.32,5008500,-1.0,-1.0,-1.0
2015/01/16,550.0,553.2600000000001,544.8000000000001,550.86,6260000,-1.0,-1.0,-1.0
2015/01/19,564.0,566.2600000000001,556.4,558.4,3752500,-1.0,-1.0,-1.0
2015/01/20,559.12,567.92,558.4,564.12,3002500,-1.0,-1.0,-1.0
2015/01/21,563.32,569.0,558.8000000000001,563.2600000000001,3495000,-1.0,-1.0,-1.0
2015/01/22,579.6,581.12,576.6600000000001,578.86,5347500,-1.0,-1.0,-1.0
2015/01/23,586.6,587.2,580.86,581.8000000000001,2793500,-1.0,-1.0,-1.0
2015/01/26,571.32,571.8000000000001,565.0600000000001,567.86,3181500,-1.0,-1.0,-1.0
2015/01/27,580.6600000000001,585.52,577.92,581.2600000000001,3718500,-1.0,-1.0,-1.0
2015/01/28,571.32,574.2,568.86,570.32,4377500,-1.0,-1.0,-1.0
2015/01/29,560.32,564.86,556.8000000000001,556.8000000000001,3472000,-1.0,-1.0,-1.0
2015/01/30,566.0600000000001,568.4,562.2600000000001,565.0600000000001,2338000,-1.0,-1.0,-1.0
2015/02/02,549.32,550.0,540.32,542.0,3212500,-1.0,-1.0,-1.0
2015/02/03,540.12,545.92,534.0600000000001,536.32,3240500,-1.0,-1.0,-1.0
2015/02/04,548.0,557.6600000000001,548.0,556.0600000000001,4375500,-1.0,-1.0,-1.0
2015/02/05,556.6600000000001,560.0,546.86,548.46,3816000,-1.0,-1.0,-1.0
2015/02/06,566.6600000000001,567.8000000000001,557.46,559.86,3841000,-1.0,-1.0,-1.0
2015/02/09,575.32,578.6,565.0600000000001,569.32,5118500,-1.0,-1.0,-1.0
2015/02/10,560.92,568.6600000000001,548.92,548.92,4251000,-1.0,-1.0,-1.0
2015/02/12,563.32,565.12,555.8000000000001,560.52,4776500,-1.0,-1.0,-1.0
2015/02/13,559.12,567.6600000000001,558.0,563.6,4448500,-1.0,-1.0,-1.0
2015/02/16,566.6600000000001,569.8000000000001,556.0600000000001,556.6600000000001,3115500,-1.0,-1.0,-1.0
2015/02/17,553.92,562.86,552.6600000000001,562.8000000000001,2555000,-1.0,-1.0,-1.0
2015/02/18,571.86,576.2600000000001,570.2600000000001,575.92,4039000,-1.0,-1.0,-1.0
2015/02/19,577.32,580.0,573.0600000000001,573.86,3084000,-1.0,-1.0,-1.0
2015/02/20,602.6600000000001,604.6600000000001,596.8000000000001,603.6600000000001,4602000,-1.0,-1.0,-1.0
2015/02/23,604.0,606.2,597.0,603.6,3359000,-1.0,-1.0,-1.0
2015/02/24,600.0,603.32,598.4,602.52,2488000,-1.0,-1.0,-1.0
2015/02/25,608.6600000000001,614.52,607.46,613.32,3169500,-1.0,-1.0,-1.0
2015/02/26,605.86,610.8000000000001,604.46,609.4,1972000,-1.0,-1.0,-1.0
2015/02/27,607.4,607.6,596.0600000000001,599.32,3792500,-1.0,-1.0,-1.0
2015/03/02,605.86,613.2600000000001,605.6600000000001,608.86,2934500,-1.0,-1.0,-1.0
2015/03/03,620.4000000000001,620.8600000000001,612.0600000000001,615.2,3179500,-1.0,-1.0,-1.0
2015/03/04,592.6600000000001,595.6600000000001,591.6,593.2600000000001,3829000,-1.0,-1.0,-1.0
2015/03/05,587.32,590.0,584.2600000000001,586.6600000000001,2179500,-1.0,-1.0,-1.0
2015/03/06,588.6600000000001,591.8000000000001,588.32,589.72,2519000,-1.0,-1.0,-1.0
2015/03/09,579.72,583.6600000000001,576.86,578.2600000000001,2531000,-1.0,-1.0,-1.0
2015/03/10,589.6600000000001,593.52,583.12,585.6600000000001,3882000,-1.0,-1.0,-1.0
2015/03/11,578.6600000000001,585.12,574.6,579.6600000000001,2377500,-1.0,-1.0,-1.0
2015/03/12,579.72,586.52,579.46,582.86,1964000,-1.0,-1.0,-1.0
2015/03/13,591.52,594.6600000000001,584.4,593.12,9531500,-1.0,-1.0,-1.0
2015/03/16,590.0,599.0,589.6,596.12,3106000,-1.0,-1.0,-1.0
2015/03/17,606.6600000000001,609.6600000000001,605.8000000000001,606.6600000000001,3156000,-1.0,-1.0,-1.0
2015/03/18,600.12,603.6,594.0,597.52,4241000,-1.0,-1.0,-1.0
2015/03/19,598.6600000000001,601.0,593.8000000000001,598.6600000000001,3988000,-1.0,-1.0,-1.0
2015/03/20,597.32,599.0600000000001,593.46,598.92,2212500,-1.0,-1.0,-1.0
2015/03/23,595.2600000000001,598.92,594.52,596.86,1640000,-1.0,-1.0,-1.0
2015/03/24,592.0600000000001,593.2,586.52,586.52,2738000,-1.0,-1.0,-1.0
2015/03/25,589.0600000000001,591.52,586.0,587.0,3227000,-1.0,-1.0,-1.0
2015/03/26,562.0,562.0,552.2600000000001,553.0600000000001,6329000,-1.0,-1.0,-1.0
2015/03/27,560.0,561.32,547.46,556.32,6365500,-1.0,-1.0,-1.0
2015/03/30,557.0,560.8000000000001,556.32,557.6600000000001,3575500,-1.0,-1.0,-1.0
2015/03/31,564.92,564.92,557.72,558.8000000000001,4399000,-1.0,-1.0,-1.0
2015/04/01,556.2,557.2,547.6600000000001,550.2,5036500,-1.0,-1.0,-1.0
2015/04/02,555.86,556.6600000000001,549.2600000000001,553.2600000000001,3544000,-1.0,-1.0,-1.0
2015/04/03,548.8000000000001,554.52,547.4,552.52,1719000,-1.0,-1.0,-1.0
2015/04/06,548.6,548.6,541.0,546.92,2105500,-1.0,-1.0,-1.0
2015/04/07,546.12,552.92,543.8000000000001,552.72,3231000,-1.0,-1.0,-1.0
2015/04/08,546.6600000000001,546.6600000000001,543.86,545.12,3602000,-1.0,-1.0,-1.0
2015/04/09,548.6600000000001,551.8000000000001,548.6,549.0,1994000,-1.0,-1.0,-1.0
2015/04/10,555.0,555.72,548.12,548.12,6149500,-1.0,-1.0,-1.0
2015/04/13,552.32,554.32,549.2600000000001,550.2600000000001,2118500,-1.0,-1.0,-1.0
2015/04/14,541.4,547.0600000000001,540.8000000000001,542.46,2823500,-1.0,-1.0,-1.0
2015/04/15,538.0,538.46,533.46,537.6600000000001,4185500,-1.0,-1.0,-1.0
2015/04/16,540.0600000000001,544.6,533.32,536.2600000000001,6050000,-1.0,-1.0,-1.0
2015/04/17,523.46,524.86,515.6600000000001,515.6600000000001,5684500,-1.0,-1.0,-1.0
2015/04/20,514.2,516.52,510.06000000000006,511.72,3407000,-1.0,-1.0,-1.0
2015/04/21,518.92,524.92,515.52,524.4,3224000,-1.0,-1.0,-1.0
2015/04/22,530.6600000000001,532.6,527.32,532.2,3159500,-1.0,-1.0,-1.0
2015/04/23,529.32,529.32,521.4,525.4,6698500,-1.0,-1.0,-1.0
2015/04/24,521.52,525.86,519.32,520.8000000000001,2669000,-1.0,-1.0,-1.0
2015/04/27,515.46,515.52,511.46000000000004,513.12,3061000,-1.0,-1.0,-1.0
2015/04/28,453.32,453.32,433.20000000000005,437.12,82357000,-1.0,-1.0,-1.0
2015/04/30,436.6600000000001,443.32,433.40000000000003,440.0,41324500,-1.0,-1.0,-1.0
2015/05/01,439.8,440.32,433.92,439.32,28336000,-1.0,-1.0,-1.0
2015/05/07,436.0,440.32,433.32,438.92,22886500,-1.0,-1.0,-1.0
2015/05/08,442.40000000000003,452.06000000000006,442.20000000000005,449.26000000000005,29113000,-1.0,-1.0,-1.0
2015/05/11,455.32,474.26000000000005,454.6600000000001,472.12,44285000,-1.0,-1.0,-1.0
2015/05/12,475.92,487.32,471.06000000000006,481.86000000000007,27213500,-1.0,-1.0,-1.0
2015/05/13,480.0,490.86000000000007,479.46000000000004,487.12,21282500,-1.0,-1.0,-1.0
2015/05/14,487.92,493.8,483.46000000000004,486.72,13860000,-1.0,-1.0,-1.0
2015/05/15,485.8,486.6600000000001,477.8,479.86000000000007,13233500,-1.0,-1.0,-1.0
2015/05/18,480.40000000000003,489.6600000000001,478.86000000000007,482.12,7984500,-1.0,-1.0,-1.0
2015/05/19,483.32,486.6600000000001,480.06000000000006,485.6600000000001,8103500,-1.0,-1.0,-1.0
2015/05/20,490.0,494.0,488.20000000000005,493.26000000000005,10196500,-1.0,-1.0,-1.0
2015/05/21,493.32,495.6600000000001,488.0,488.46000000000004,8040500,-1.0,-1.0,-1.0
2015/05/22,492.8,501.6600000000001,490.52,500.52,13111000,-1.0,-1.0,-1.0
2015/05/25,500.72,504.06000000000006,500.72,502.72,6668000,-1.0,-1.0,-1.0
2015/05/26,507.32,517.4,506.20000000000005,512.12,14539500,-1.0,-1.0,-1.0
2015/05/27,509.0,517.8000000000001,505.32,512.0600000000001,11175500,-1.0,-1.0,-1.0
2015/05/28,518.0,529.12,515.72,523.12,13224000,-1.0,-1.0,-1.0
2015/05/29,523.46,533.86,523.4,529.8000000000001,12079000,-1.0,-1.0,-1.0
2015/06/01,529.72,533.46,524.4,529.8000000000001,10659500,-1.0,-1.0,-1.0
2015/06/02,528.86,531.8000000000001,525.32,525.72,8592500,-1.0,-1.0,-1.0
2015/06/03,522.72,525.6600000000001,517.32,519.32,8194500,-1.0,-1.0,-1.0
2015/06/04,526.0,537.4,525.52,532.6600000000001,10553000,-1.0,-1.0,-1.0
2015/06/05,524.72,531.32,519.0,520.12,9634500,-1.0,-1.0,-1.0
2015/06/08,526.32,528.92,520.86,526.32,7477500,-1.0,-1.0,-1.0
2015/06/09,520.72,523.2600000000001,514.0,515.12,6249000,-1.0,-1.0,-1.0
2015/06/10,515.2,518.72,504.12,506.86000000000007,9135500,-1.0,-1.0,-1.0
2015/06/11,508.20000000000005,519.4,507.32,519.4,7362000,-1.0,-1.0,-1.0
2015/06/12,519.86,523.2600000000001,516.92,522.8000000000001,10135500,-1.0,-1.0,-1.0
2015/06/15,513.4,518.86,509.32,517.8000000000001,5487000,-1.0,-1.0,-1.0
2015/06/16,515.32,523.6600000000001,511.52,512.6600000000001,6700500,-1.0,-1.0,-1.0
2015/06/17,512.52,513.72,508.20000000000005,512.8000000000001,5966000,-1.0,-1.0,-1.0
2015/06/18,516.12,516.8000000000001,508.26000000000005,510.6,7414500,-1.0,-1.0,-1.0
2015/06/19,520.0,530.6,516.6600000000001,529.72,15114000,-1.0,-1.0,-1.0
2015/06/22,529.72,529.92,522.4,525.32,6963000,-1.0,-1.0,-1.0
2015/06/23,532.6600000000001,546.6600000000001,531.6600000000001,541.86,11268000,-1.0,-1.0,-1.0
2015/06/24,545.2600000000001,550.6600000000001,539.0600000000001,541.12,7354000,-1.0,-1.0,-1.0
2015/06/25,537.72,543.32,535.52,540.0,4010500,-1.0,-1.0,-1.0
2015/06/26,540.0,545.0600000000001,536.0,539.72,6599000,-1.0,-1.0,-1.0
2015/06/29,517.8000000000001,527.8000000000001,516.0600000000001,516.8000000000001,8006500,-1.0,-1.0,-1.0
2015/06/30,518.46,519.0,512.2600000000001,516.46,6115000,-1.0,-1.0,-1.0
2015/07/01,516.92,529.86,516.6600000000001,528.52,7164000,-1.0,-1.0,-1.0
2015/07/02,535.12,542.6,533.4,539.2600000000001,7695500,-1.0,-1.0,-1.0
2015/07/03,538.92,548.32,537.2600000000001,546.86,6054500,-1.0,-1.0,-1.0
2015/07/06,536.86,540.0600000000001,525.46,531.0600000000001,7449500,-1.0,-1.0,-1.0
2015/07/07,533.0600000000001,543.32,531.4,541.86,8728500,-1.0,-1.0,-1.0
2015/07/08,534.6600000000001,538.2,516.6600000000001,516.6600000000001,11156500,-1.0,-1.0,-1.0
2015/07/09,500.0,524.52,498.12,524.4,11163000,-1.0,-1.0,-1.0
2015/07/10,530.2600000000001,531.2600000000001,509.0,515.12,10310000,-1.0,-1.0,-1.0
2015/07/13,525.12,525.6600000000001,505.32,513.2,10463000,-1.0,-1.0,-1.0
2015/07/14,526.52,538.92,521.72,536.32,8574500,-1.0,-1.0,-1.0
2015/07/15,540.0,545.6,537.2,539.12,10189500,-1.0,-1.0,-1.0
2015/07/16,539.32,539.32,519.46,521.86,11508000,-1.0,-1.0,-1.0
2015/07/17,520.0,526.2,508.06000000000006,511.8,10068000,-1.0,-1.0,-1.0
2015/07/21,506.6600000000001,510.40000000000003,498.72,498.72,11327000,-1.0,-1.0,-1.0
2015/07/22,493.8,495.8,490.32,492.0,7819000,-1.0,-1.0,-1.0
2015/07/23,496.46000000000004,498.6600000000001,488.06000000000006,491.86000000000007,6975000,-1.0,-1.0,-1.0
2015/07/24,488.52,497.6,487.86000000000007,496.46000000000004,5304000,-1.0,-1.0,-1.0
2015/07/27,496.46000000000004,501.72,483.6600000000001,492.8,8711000,-1.0,-1.0,-1.0
2015/07/28,491.12,498.52,489.52,496.06000000000006,7238000,-1.0,-1.0,-1.0
2015/07/29,456.32,458.52,439.0,439.32,29590000,-1.0,-1.0,-1.0
2015/07/30,440.0,447.52,439.52,446.86000000000007,13410500,-1.0,-1.0,-1.0
2015/07/31,448.32,460.32,448.12,456.06000000000006,9598000,-1.0,-1.0,-1.0
2015/08/03,452.6600000000001,455.06000000000006,446.26000000000005,447.32,7645000,-1.0,-1.0,-1.0
2015/08/04,445.6600000000001,446.6600000000001,440.0,440.72,11159000,-1.0,-1.0,-1.0
2015/08/05,442.40000000000003,456.6600000000001,441.92,446.12,10300500,-1.0,-1.0,-1.0
2015/08/06,445.6600000000001,449.72,440.06000000000006,446.12,8621500,-1.0,-1.0,-1.0
2015/08/07,446.6600000000001,449.6600000000001,444.6600000000001,447.8,5825000,-1.0,-1.0,-1.0
2015/08/10,443.46000000000004,446.6,440.26000000000005,442.06000000000006,9111500,-1.0,-1.0,-1.0
2015/08/11,448.72,453.26000000000005,443.6600000000001,444.86000000000007,8912000,-1.0,-1.0,-1.0
2015/08/12,443.32,443.86000000000007,425.86000000000007,426.32,12166000,-1.0,-1.0,-1.0
2015/08/13,429.32,441.12,427.40000000000003,439.6600000000001,10204000,-1.0,-1.0,-1.0
2015/08/14,434.12,434.86000000000007,424.52,427.12,11320500,-1.0,-1.0,-1.0
2015/08/17,429.26000000000005,434.12,428.86000000000007,433.06000000000006,5133500,-1.0,-1.0,-1.0
2015/08/18,430.0,436.06000000000006,428.06000000000006,432.20000000000005,5741000,-1.0,-1.0,-1.0
2015/08/19,431.46000000000004,431.8,426.0,426.46000000000004,6101000,-1.0,-1.0,-1.0
2015/08/20,423.0,428.20000000000005,414.26000000000005,423.06000000000006,7843500,-1.0,-1.0,-1.0
2015/08/21,407.32,413.32,407.26,408.0,9511500,-1.0,-1.0,-1.0
2015/08/24,397.52,407.46000000000004,393.8,397.66,11219000,-1.0,-1.0,-1.0
2015/08/25,386.6,423.26000000000005,385.52,400.0,16073000,-1.0,-1.0,-1.0
2015/08/26,397.40000000000003,416.0,395.86,415.46000000000004,9326500,-1.0,-1.0,-1.0
2015/08/27,420.6,425.06000000000006,416.8,419.06000000000006,7020000,-1.0,-1.0,-1.0
2015/08/28,425.72,437.0,423.32,431.8,11933000,-1.0,-1.0,-1.0
2015/08/31,427.8,431.86000000000007,420.20000000000005,425.20000000000005,5819500,-1.0,-1.0,-1.0
2015/09/01,425.20000000000005,425.92,415.72,416.26000000000005,6605500,-1.0,-1.0,-1.0
2015/09/02,412.0,424.72,410.6,414.8,9672500,-1.0,-1.0,-1.0
2015/09/03,422.20000000000005,425.26000000000005,418.26000000000005,420.0,6725000,-1.0,-1.0,-1.0
2015/09/04,422.92,424.46000000000004,405.40000000000003,409.8,6755000,-1.0,-1.0,-1.0
2015/09/07,409.8,421.32,409.32,416.32,6576500,-1.0,-1.0,-1.0
2015/09/08,419.0,424.40000000000003,412.40000000000003,414.0,7413500,-1.0,-1.0,-1.0
2015/09/09,426.40000000000003,439.32,423.20000000000005,438.92,8382500,-1.0,-1.0,-1.0
2015/09/10,422.0,432.0,421.52,431.52,7340000,-1.0,-1.0,-1.0
2015/09/11,418.8,424.92,412.8,415.0,18857000,-1.0,-1.0,-1.0
2015/09/14,413.40000000000003,416.92,412.92,413.52,6742000,-1.0,-1.0,-1.0
2015/09/15,417.52,421.6600000000001,415.40000000000003,415.52,7751500,-1.0,-1.0,-1.0
2015/09/16,422.6600000000001,432.6,422.12,428.92,5022000,-1.0,-1.0,-1.0
2015/09/17,433.6,436.72,430.32,431.12,4131000,-1.0,-1.0,-1.0
2015/09/18,424.46000000000004,425.92,414.6,415.40000000000003,8032000,-1.0,-1.0,-1.0
2015/09/24,403.0,405.92,386.8,395.8,13735500,-1.0,-1.0,-1.0
2015/09/25,397.92,402.40000000000003,386.86,402.40000000000003,7784000,-1.0,-1.0,-1.0
2015/09/28,388.72,395.20000000000005,384.32,387.46000000000004,5924500,-1.0,-1.0,-1.0
2015/09/29,379.66,380.52,367.92,368.72,8338500,-1.0,-1.0,-1.0
2015/09/30,369.6,379.06,369.46000000000004,374.26,7014500,-1.0,-1.0,-1.0
2015/10/01,376.32,399.52,374.40000000000003,392.8,10604000,-1.0,-1.0,-1.0
2015/10/02,387.66,399.86,383.40000000000003,396.20000000000005,6402000,-1.0,-1.0,-1.0
2015/10/05,400.32,407.32,397.32,401.40000000000003,6789000,-1.0,-1.0,-1.0
2015/10/06,407.0,412.32,404.72,407.86,7108500,-1.0,-1.0,-1.0
2015/10/07,405.86,422.52,405.20000000000005,420.20000000000005,5509500,-1.0,-1.0,-1.0
2015/10/08,420.40000000000003,434.92,420.40000000000003,427.32,7738500,-1.0,-1.0,-1.0
2015/10/09,436.6600000000001,444.32,430.52,442.06000000000006,11471000,-1.0,-1.0,-1.0
2015/10/13,436.12,437.40000000000003,429.32,430.0,7208000,-1.0,-1.0,-1.0
2015/10/14,428.6600000000001,428.6600000000001,415.20000000000005,415.86000000000007,9239500,-1.0,-1.0,-1.0
2015/10/15,415.72,421.6600000000001,411.32,417.6600000000001,7513000,-1.0,-1.0,-1.0
2015/10/16,423.06000000000006,423.26000000000005,414.0,419.6600000000001,5908000,-1.0,-1.0,-1.0
2015/10/19,416.72,419.6,408.92,410.32,6818500,-1.0,-1.0,-1.0
2015/10/20,413.86000000000007,417.06000000000006,412.12,414.06000000000006,4247000,-1.0,-1.0,-1.0
2015/10/21,419.26000000000005,433.20000000000005,418.72,430.72,6831000,-1.0,-1.0,-1.0
2015/10/22,425.52,442.72,425.26000000000005,432.40000000000003,7819000,-1.0,-1.0,-1.0
2015/10/23,449.32,451.92,443.20000000000005,443.46000000000004,6689500,-1.0,-1.0,-1.0
2015/10/26,458.20000000000005,460.92,452.86000000000007,453.92,6613000,-1.0,-1.0,-1.0
2015/10/27,447.6600000000001,449.92,440.92,449.6600000000001,7497500,-1.0,-1.0,-1.0
2015/10/28,467.32,483.6600000000001,466.6600000000001,479.26000000000005,14439000,-1.0,-1.0,-1.0
2015/10/29,476.32,485.46000000000004,472.40000000000003,480.20000000000005,11657000,-1.0,-1.0,-1.0
2015/10/30,480.20000000000005,492.92,477.32,486.92,8851500,-1.0,-1.0,-1.0
2015/11/02,482.92,490.86000000000007,481.46000000000004,488.12,5569500,-1.0,-1.0,-1.0
2015/11/04,493.32,504.40000000000003,492.12,497.06000000000006,7149000,-1.0,-1.0,-1.0
2015/11/05,501.20000000000005,505.12,497.72,501.6,5248000,-1.0,-1.0,-1.0
2015/11/06,499.32,499.86000000000007,488.86000000000007,497.72,5696500,-1.0,-1.0,-1.0
2015/11/09,502.46000000000004,514.2,501.86000000000007,511.20000000000005,7963500,-1.0,-1.0,-1.0
2015/11/10,504.12,516.6600000000001,504.12,516.2600000000001,4789000,-1.0,-1.0,-1.0
2015/11/11,515.52,519.2600000000001,512.6600000000001,516.4,3776000,-1.0,-1.0,-1.0
2015/11/12,515.6600000000001,522.46,515.6600000000001,519.52,5292500,-1.0,-1.0,-1.0
2015/11/13,510.46000000000004,520.52,508.8,520.2,6113000,-1.0,-1.0,-1.0
2015/11/16,507.46000000000004,511.72,504.06000000000006,509.0,6122000,-1.0,-1.0,-1.0
2015/11/17,518.72,526.32,517.2,520.6600000000001,6552500,-1.0,-1.0,-1.0
2015/11/18,516.6600000000001,520.0,511.72,515.46,8282500,-1.0,-1.0,-1.0
2015/11/19,520.46,526.6600000000001,516.86,525.46,7350000,-1.0,-1.0,-1.0
2015/11/20,525.32,528.6,518.86,523.6,6176000,-1.0,-1.0,-1.0
2015/11/24,520.0,523.2600000000001,516.92,521.8000000000001,6852000,-1.0,-1.0,-1.0
2015/11/25,518.72,523.2600000000001,518.32,520.12,5587000,-1.0,-1.0,-1.0
2015/11/26,522.12,531.32,521.4,522.2600000000001,8244500,-1.0,-1.0,-1.0
2015/11/27,528.46,531.46,524.8000000000001,531.46,6436000,-1.0,-1.0,-1.0
2015/11/30,532.4,547.8000000000001,532.4,546.52,12303000,-1.0,-1.0,-1.0
2015/12/01,552.0,563.32,551.52,561.8000000000001,11703000,-1.0,-1.0,-1.0
2015/12/02,558.4,559.46,546.2600000000001,551.12,6312500,-1.0,-1.0,-1.0
2015/12/03,549.6,553.6600000000001,543.72,546.6,7248000,-1.0,-1.0,-1.0
2015/12/04,535.72,541.72,534.86,539.0600000000001,6175500,-1.0,-1.0,-1.0
2015/12/07,552.0,553.12,543.0,543.92,4305000,-1.0,-1.0,-1.0
2015/12/08,548.6,550.6600000000001,537.2600000000001,539.46,4076500,-1.0,-1.0,-1.0
2015/12/09,539.52,541.2,532.86,535.52,4972000,-1.0,-1.0,-1.0
2015/12/10,525.52,526.2,517.6,519.86,7098500,-1.0,-1.0,-1.0
2015/12/11,519.72,530.86,519.32,529.8000000000001,10313500,-1.0,-1.0,-1.0
2015/12/14,514.86,518.6,507.46000000000004,515.8000000000001,5803000,-1.0,-1.0,-1.0
2015/12/15,510.72,513.86,507.06000000000006,507.32,4947500,-1.0,-1.0,-1.0
2015/12/16,516.92,519.92,508.20000000000005,509.52,7492000,-1.0,-1.0,-1.0
2015/12/17,521.4,531.4,508.0,508.6600000000001,10885500,-1.0,-1.0,-1.0
2015/12/18,510.0,519.2,498.72,500.0,11371000,-1.0,-1.0,-1.0
2015/12/21,494.46000000000004,494.92,483.40000000000003,490.20000000000005,8350000,-1.0,-1.0,-1.0
2015/12/22,499.0,499.8,487.86000000000007,491.46000000000004,4182000,-1.0,-1.0,-1.0
2015/12/24,493.32,496.32,485.40000000000003,485.52,3925500,-1.0,-1.0,-1.0
2015/12/25,488.86000000000007,491.0,482.6600000000001,485.40000000000003,2331000,-1.0,-1.0,-1.0
2015/12/28,486.06000000000006,493.8,485.8,489.46000000000004,3986000,-1.0,-1.0,-1.0
2015/12/29,487.32,489.52,482.6,488.40000000000003,3121000,-1.0,-1.0,-1.0
2015/12/30,491.12,496.8,487.40000000000003,488.12,4634000,-1.0,-1.0,-1.0
2016/01/04,482.72,488.06000000000006,473.72,475.20000000000005,5264500,-1.0,-1.0,-1.0
2016/01/05,474.06000000000006,481.32,465.6,470.92,5785500,-1.0,-1.0,-1.0
2016/01/06,473.6,476.12,465.40000000000003,469.12,4323000,-1.0,-1.0,-1.0
2016/01/07,467.32,470.0,448.86000000000007,449.20000000000005,7916000,-1.0,-1.0,-1.0
2016/01/08,443.40000000000003,473.40000000000003,443.06000000000006,466.0,12326500,-1.0,-1.0,-1.0
2016/01/12,462.0,469.20000000000005,456.72,458.40000000000003,8242500,-1.0,-1.0,-1.0
2016/01/13,466.72,477.92,465.92,477.12,6309000,-1.0,-1.0,-1.0
2016/01/14,461.6,465.92,449.72,459.0,7936000,-1.0,-1.0,-1.0
2016/01/15,469.8,472.0,449.52,451.8,6996000,-1.0,-1.0,-1.0
2016/01/18,440.52,453.86000000000007,438.12,450.6600000000001,4795500,-1.0,-1.0,-1.0
2016/01/19,449.72,457.32,443.46000000000004,457.26000000000005,3837000,-1.0,-1.0,-1.0
2016/01/20,459.20000000000005,464.6,438.6600000000001,441.06000000000006,7917500,-1.0,-1.0,-1.0
2016/01/21,454.40000000000003,470.6,445.32,445.6,10503000,-1.0,-1.0,-1.0
2016/01/22,465.6,470.86000000000007,455.8,470.8,6896000,-1.0,-1.0,-1.0
2016/01/25,475.86000000000007,476.40000000000003,465.20000000000005,470.86000000000007,4825000,-1.0,-1.0,-1.0
2016/01/26,461.6,463.92,456.52,460.26000000000005,5293500,-1.0,-1.0,-1.0
2016/01/27,466.92,475.6600000000001,465.32,471.06000000000006,4998500,-1.0,-1.0,-1.0
2016/01/28,470.86000000000007,496.86000000000007,470.46000000000004,481.26000000000005,9841000,-1.0,-1.0,-1.0
2016/01/29,481.8,502.6,474.26000000000005,498.26000000000005,10245500,-1.0,-1.0,-1.0
2016/02/01,526.6600000000001,529.92,508.46000000000004,511.52,8743500,-1.0,-1.0,-1.0
2016/02/02,509.8,516.6600000000001,499.6,502.26000000000005,5722000,-1.0,-1.0,-1.0
2016/02/03,499.06000000000006,499.40000000000003,470.32,471.6,9241500,-1.0,-1.0,-1.0
2016/02/04,469.0,469.0,458.32,459.20000000000005,8289500,-1.0,-1.0,-1.0
2016/02/05,452.52,454.92,443.32,453.12,6406500,-1.0,-1.0,-1.0
2016/02/08,450.20000000000005,458.6600000000001,440.40000000000003,456.06000000000006,4812500,-1.0,-1.0,-1.0
2016/02/09,437.32,437.32,425.92,429.20000000000005,6110500,-1.0,-1.0,-1.0
2016/02/10,432.86000000000007,432.86000000000007,409.46000000000004,417.52,9985500,-1.0,-1.0,-1.0
2016/02/12,400.0,414.52,397.66,409.0,11176500,-1.0,-1.0,-1.0
2016/02/15,425.32,440.32,422.12,435.86000000000007,6641000,-1.0,-1.0,-1.0
2016/02/16,426.6600000000001,439.6600000000001,425.32,433.0,5396500,-1.0,-1.0,-1.0
2016/02/17,449.6600000000001,453.26000000000005,436.20000000000005,445.12,8612500,-1.0,-1.0,-1.0
2016/02/18,453.92,468.0,450.52,464.26000000000005,10712500,-1.0,-1.0,-1.0
2016/02/19,466.6,466.6,456.6600000000001,462.12,7339000,-1.0,-1.0,-1.0
2016/02/22,459.92,472.32,455.20000000000005,470.20000000000005,7182000,-1.0,-1.0,-1.0
2016/02/23,473.0,479.32,463.52,466.6,5392500,-1.0,-1.0,-1.0
2016/02/24,460.0,460.0,449.0,458.12,5351500,-1.0,-1.0,-1.0
2016/02/25,458.0,465.32,446.52,452.6600000000001,9624000,-1.0,-1.0,-1.0
2016/02/26,455.20000000000005,468.12,455.0,458.0,12252000,-1.0,-1.0,-1.0
2016/02/29,458.6600000000001,470.0,454.26000000000005,454.26000000000005,7013500,-1.0,-1.0,-1.0
2016/03/01,462.40000000000003,464.46000000000004,447.26000000000005,457.6600000000001,5388500,-1.0,-1.0,-1.0
2016/03/02,471.52,485.52,471.0,481.0,7668500,-1.0,-1.0,-1.0
2016/03/03,481.06000000000006,488.6,479.32,483.26000000000005,5067000,-1.0,-1.0,-1.0
2016/03/04,474.6600000000001,480.86000000000007,473.6,476.8,5649000,-1.0,-1.0,-1.0
2016/03/07,481.20000000000005,483.20000000000005,474.6600000000001,479.20000000000005,3814500,-1.0,-1.0,-1.0
2016/03/08,478.6600000000001,479.92,467.40000000000003,474.92,4646500,-1.0,-1.0,-1.0
2016/03/09,473.40000000000003,487.52,469.20000000000005,485.46000000000004,8260000,-1.0,-1.0,-1.0
2016/03/10,493.32,494.0,484.06000000000006,486.86000000000007,5841500,-1.0,-1.0,-1.0
2016/03/11,477.26000000000005,487.86000000000007,472.52,486.20000000000005,13581000,-1.0,-1.0,-1.0
2016/03/14,494.0,499.26000000000005,492.52,498.86000000000007,4122000,-1.0,-1.0,-1.0
2016/03/15,494.6600000000001,497.20000000000005,487.46000000000004,488.6600000000001,4143500,-1.0,-1.0,-1.0
2016/03/16,484.0,485.20000000000005,478.72,479.6,5026000,-1.0,-1.0,-1.0
2016/03/17,483.12,491.8,475.46000000000004,479.92,4155500,-1.0,-1.0,-1.0
2016/03/18,478.92,481.6600000000001,466.20000000000005,471.92,4892000,-1.0,-1.0,-1.0
2016/03/22,484.0,485.92,473.12,480.06000000000006,4474500,-1.0,-1.0,-1.0
2016/03/23,481.52,488.6600000000001,480.86000000000007,485.26000000000005,4660000,-1.0,-1.0,-1.0
2016/03/24,487.06000000000006,487.92,478.52,478.72,4094500,-1.0,-1.0,-1.0
2016/03/25,482.32,488.20000000000005,480.20000000000005,487.0,2883000,-1.0,-1.0,-1.0
2016/03/28,491.6,494.0,483.6,487.26000000000005,3372000,-1.0,-1.0,-1.0
2016/03/29,479.32,485.8,477.32,481.8,3054000,-1.0,-1.0,-1.0
2016/03/30,484.72,489.72,479.46000000000004,480.12,4225000,-1.0,-1.0,-1.0
2016/03/31,488.52,493.12,485.46000000000004,489.06000000000006,5587000,-1.0,-1.0,-1.0
2016/04/01,490.86000000000007,492.32,465.20000000000005,467.72,7248500,-1.0,-1.0,-1.0
2016/04/04,460.6600000000001,464.72,453.40000000000003,459.0,4807000,-1.0,-1.0,-1.0
2016/04/05,454.0,456.0,442.06000000000006,445.46000000000004,6835500,-1.0,-1.0,-1.0
2016/04/06,444.0,449.20000000000005,440.20000000000005,444.6,3254000,-1.0,-1.0,-1.0
2016/04/07,443.8,452.92,441.0,451.86000000000007,4354000,-1.0,-1.0,-1.0
2016/04/08,448.6,475.32,444.52,468.6,8206000,-1.0,-1.0,-1.0
2016/04/11,464.86000000000007,469.92,457.12,465.52,4600500,-1.0,-1.0,-1.0
2016/04/12,466.92,478.40000000000003,464.20000000000005,474.86000000000007,3838500,-1.0,-1.0,-1.0
2016/04/13,483.6,493.26000000000005,482.20000000000005,491.92,4796500,-1.0,-1.0,-1.0
2016/04/14,498.20000000000005,502.26000000000005,495.46000000000004,498.40000000000003,5531000,-1.0,-1.0,-1.0
2016/04/15,500.26000000000005,506.0,495.20000000000005,497.40000000000003,6127000,-1.0,-1.0,-1.0
2016/04/18,478.6600000000001,486.86000000000007,475.6600000000001,479.32,4807500,-1.0,-1.0,-1.0
2016/04/19,499.26000000000005,503.32,495.40000000000003,502.06000000000006,4950500,-1.0,-1.0,-1.0
2016/04/20,505.12,507.20000000000005,494.6,495.6600000000001,6700500,-1.0,-1.0,-1.0
2016/04/21,510.0,523.4,503.40000000000003,522.6600000000001,9216500,-1.0,-1.0,-1.0
2016/04/22,522.12,526.52,513.32,524.86,7544000,-1.0,-1.0,-1.0
2016/04/25,526.32,526.86,510.6,513.12,6470000,-1.0,-1.0,-1.0
2016/04/26,511.46000000000004,513.32,506.52,509.6600000000001,4474000,-1.0,-1.0,-1.0
2016/04/27,503.32,506.6600000000001,490.20000000000005,497.26000000000005,10449000,-1.0,-1.0,-1.0
2016/04/28,514.6600000000001,523.4,494.0,494.06000000000006,9264000,-1.0,-1.0,-1.0
2016/05/02,471.32,474.86000000000007,464.06000000000006,473.6600000000001,6787500,-1.0,-1.0,-1.0
2016/05/06,477.8,482.06000000000006,470.06000000000006,474.32,4834500,-1.0,-1.0,-1.0
2016/05/09,480.46000000000004,481.06000000000006,472.86000000000007,476.40000000000003,3504500,-1.0,-1.0,-1.0
2016/05/10,478.32,481.26000000000005,472.46000000000004,476.6600000000001,4867500,-1.0,-1.0,-1.0
2016/05/11,486.6600000000001,495.72,483.0,485.0,4229000,-1.0,-1.0,-1.0
2016/05/12,478.20000000000005,487.32,475.0,486.6600000000001,3752500,-1.0,-1.0,-1.0
2016/05/13,512.0,512.0,480.52,483.6600000000001,8163000,-1.0,-1.0,-1.0
2016/05/16,486.6,498.46000000000004,484.20000000000005,492.6600000000001,3882500,-1.0,-1.0,-1.0
2016/05/17,496.0,498.72,489.6,496.0,4250000,-1.0,-1.0,-1.0
2016/05/18,506.6600000000001,511.92,498.12,503.8,6510500,-1.0,-1.0,-1.0
2016/05/19,513.8000000000001,517.32,507.20000000000005,510.52,4357000,-1.0,-1.0,-1.0
2016/05/20,519.86,526.0,513.46,519.92,6518000,-1.0,-1.0,-1.0
2016/05/23,523.32,533.0,519.86,527.0600000000001,5645000,-1.0,-1.0,-1.0
2016/05/24,526.0,528.52,516.6,517.32,5840500,-1.0,-1.0,-1.0
2016/05/25,534.6600000000001,535.6600000000001,526.86,532.0,6489000,-1.0,-1.0,-1.0
2016/05/26,531.4,535.6,523.32,524.0600000000001,6239500,-1.0,-1.0,-1.0
2016/05/27,532.6600000000001,532.6600000000001,526.0,531.0600000000001,4249000,-1.0,-1.0,-1.0
2016/05/30,535.32,544.6600000000001,535.32,544.46,5426000,-1.0,-1.0,-1.0
2016/05/31,545.0,550.0,541.72,548.12,9490000,-1.0,-1.0,-1.0
2016/06/01,549.92,551.86,541.12,543.2600000000001,4598500,-1.0,-1.0,-1.0
2016/06/02,537.32,537.86,523.46,526.92,6012000,-1.0,-1.0,-1.0
2016/06/03,527.32,532.0600000000001,522.32,525.92,3256500,-1.0,-1.0,-1.0
2016/06/06,512.92,530.6600000000001,510.32,529.92,5033500,-1.0,-1.0,-1.0
2016/06/07,526.72,531.32,523.6600000000001,528.0,4003000,-1.0,-1.0,-1.0
2016/06/08,528.86,537.32,528.0,536.92,4126500,-1.0,-1.0,-1.0
2016/06/09,534.12,537.0,527.4,532.6,2824000,-1.0,-1.0,-1.0
2016/06/10,533.6,544.92,531.52,543.92,9288000,-1.0,-1.0,-1.0
2016/06/13,537.0600000000001,537.0600000000001,516.6600000000001,516.6600000000001,5615000,-1.0,-1.0,-1.0
2016/06/14,520.8000000000001,524.46,510.86000000000007,515.12,5424500,-1.0,-1.0,-1.0
2016/06/15,512.6,522.0600000000001,508.8,519.0,4569000,-1.0,-1.0,-1.0
2016/06/16,518.6,523.0,503.52,506.06000000000006,5457000,-1.0,-1.0,-1.0
2016/06/17,513.2,522.6,510.32,518.6600000000001,7142000,-1.0,-1.0,-1.0
2016/06/20,528.6600000000001,532.0,525.4,527.4,7212500,-1.0,-1.0,-1.0
2016/06/21,523.32,537.2600000000001,516.4,535.86,6151500,-1.0,-1.0,-1.0
2016/06/22,527.6,534.2,527.2,531.6,4453000,-1.0,-1.0,-1.0
2016/06/23,526.46,539.86,524.86,538.8000000000001,5093500,-1.0,-1.0,-1.0
2016/06/24,543.6600000000001,546.0,500.0,505.32,9164500,-1.0,-1.0,-1.0
2016/06/27,512.0,541.6,509.46000000000004,538.2,9909500,-1.0,-1.0,-1.0
2016/06/28,526.6,541.72,524.86,538.6,5994000,-1.0,-1.0,-1.0
2016/06/29,554.72,567.46,551.0600000000001,561.8000000000001,10174000,-1.0,-1.0,-1.0
2016/06/30,567.2,581.2600000000001,566.4,571.6600000000001,9330000,-1.0,-1.0,-1.0
2016/07/01,579.8000000000001,586.52,577.0,578.6,5335000,-1.0,-1.0,-1.0
2016/07/04,576.0,576.92,568.86,570.12,4661500,-1.0,-1.0,-1.0
2016/07/05,567.0600000000001,573.12,564.72,570.0,3794000,-1.0,-1.0,-1.0
2016/07/06,558.6600000000001,562.0,542.72,561.72,8169500,-1.0,-1.0,-1.0
2016/07/07,560.6600000000001,560.6600000000001,548.86,555.46,4656500,-1.0,-1.0,-1.0
2016/07/08,563.8000000000001,577.86,563.4,566.0,9211000,-1.0,-1.0,-1.0
2016/07/11,573.32,591.46,573.32,584.6600000000001,7027000,-1.0,-1.0,-1.0
2016/07/12,595.52,599.6,586.0,592.8000000000001,7248500,-1.0,-1.0,-1.0
2016/07/13,599.92,602.0,580.4,582.0,8682500,-1.0,-1.0,-1.0
2016/07/14,583.6,597.86,576.12,597.6600000000001,5437500,-1.0,-1.0,-1.0
2016/07/15,600.4,601.6,582.72,584.12,5847000,-1.0,-1.0,-1.0
2016/07/19,589.2600000000001,612.52,589.12,612.2600000000001,7255000,-1.0,-1.0,-1.0
2016/07/20,602.2600000000001,621.52,602.2600000000001,616.46,7061000,-1.0,-1.0,-1.0
2016/07/21,616.9200000000001,620.8000000000001,609.6600000000001,613.0600000000001,4200000,-1.0,-1.0,-1.0
2016/07/22,610.8000000000001,617.0600000000001,610.0600000000001,613.0,3167000,-1.0,-1.0,-1.0
2016/07/25,610.32,614.52,603.2,605.6,4744500,-1.0,-1.0,-1.0
2016/07/26,596.86,605.46,592.4,600.0,5780500,-1.0,-1.0,-1.0
2016/07/27,600.2600000000001,606.46,595.72,600.6600000000001,7146000,-1.0,-1.0,-1.0
2016/07/28,601.4,607.46,596.32,600.0600000000001,4875000,-1.0,-1.0,-1.0
2016/07/29,600.6600000000001,605.32,582.12,601.92,6460500,-1.0,-1.0,-1.0
2016/08/01,596.6600000000001,596.6600000000001,577.2,579.32,8371500,-1.0,-1.0,-1.0
2016/08/02,578.52,585.0600000000001,572.2,580.0600000000001,4635000,-1.0,-1.0,-1.0
2016/08/03,567.4,571.6600000000001,562.46,563.6600000000001,6343500,-1.0,-1.0,-1.0
2016/08/04,570.0,570.32,550.32,562.46,7443000,-1.0,-1.0,-1.0
2016/08/05,556.4,564.12,535.8000000000001,547.52,9037500,-1.0,-1.0,-1.0
2016/08/08,570.0,582.4,568.86,574.6600000000001,7397000,-1.0,-1.0,-1.0
2016/08/09,579.92,580.86,566.52,576.12,4552500,-1.0,-1.0,-1.0
2016/08/10,576.12,581.32,570.8000000000001,577.6600000000001,3902500,-1.0,-1.0,-1.0
2016/08/12,594.0,602.0,592.32,598.52,9580000,-1.0,-1.0,-1.0
2016/08/15,595.0,599.6600000000001,593.2,597.72,4024000,-1.0,-1.0,-1.0
2016/08/16,596.0600000000001,599.6,592.4,592.46,5519000,-1.0,-1.0,-1.0
2016/08/17,591.0,592.32,581.0600000000001,585.4,4336500,-1.0,-1.0,-1.0
2016/08/18,599.32,601.86,591.32,593.12,7800000,-1.0,-1.0,-1.0
2016/08/19,604.0,604.8000000000001,593.6600000000001,597.0600000000001,5096000,-1.0,-1.0,-1.0
2016/08/22,605.2,608.2,600.2,606.86,4035500,-1.0,-1.0,-1.0
2016/08/23,603.2,609.46,599.2600000000001,599.86,4120000,-1.0,-1.0,-1.0
2016/08/24,596.52,614.2600000000001,596.52,613.2600000000001,5418500,-1.0,-1.0,-1.0
2016/08/25,612.6,616.46,605.0,605.6,7094500,-1.0,-1.0,-1.0
2016/08/26,613.32,616.32,601.72,611.4,6919500,-1.0,-1.0,-1.0
2016/08/29,622.0,627.32,620.6600000000001,620.6600000000001,5623000,-1.0,-1.0,-1.0
2016/08/30,618.52,623.2,615.32,622.6600000000001,3475000,-1.0,-1.0,-1.0
2016/08/31,634.6600000000001,638.6600000000001,631.8000000000001,633.8600000000001,5566000,-1.0,-1.0,-1.0
2016/09/01,632.9200000000001,633.6,623.8600000000001,629.8600000000001,5494000,-1.0,-1.0,-1.0
2016/09/02,630.46,635.52,627.8600000000001,631.2,5743000,-1.0,-1.0,-1.0
2016/09/05,631.2600000000001,633.12,617.8000000000001,618.2,4513000,-1.0,-1.0,-1.0
2016/09/06,610.52,620.9200000000001,606.0600000000001,619.12,6721000,-1.0,-1.0,-1.0
2016/09/07,619.2,626.46,615.8600000000001,619.8600000000001,6067500,-1.0,-1.0,-1.0
2016/09/08,617.9200000000001,622.6,611.46,618.8000000000001,5194500,-1.0,-1.0,-1.0
2016/09/09,624.32,624.32,610.4,613.6600000000001,7874500,-1.0,-1.0,-1.0
2016/09/12,605.2,611.72,602.46,604.72,3929000,-1.0,-1.0,-1.0
2016/09/13,608.72,609.8000000000001,603.0,606.6600000000001,2863500,-1.0,-1.0,-1.0
2016/09/14,602.92,616.0,602.52,608.2,4229000,-1.0,-1.0,-1.0
2016/09/15,606.0600000000001,614.6600000000001,603.6600000000001,605.86,4935000,-1.0,-1.0,-1.0
2016/09/16,615.8600000000001,615.8600000000001,601.46,603.6600000000001,4956500,-1.0,-1.0,-1.0
2016/09/20,613.32,622.0,608.0,611.6,6451000,-1.0,-1.0,-1.0
2016/09/21,609.6600000000001,612.72,597.2,605.2,7639500,-1.0,-1.0,-1.0
2016/09/23,615.2,621.8600000000001,608.8000000000001,612.4,6906000,-1.0,-1.0,-1.0
2016/09/26,606.0,609.92,602.12,602.12,4543500,-1.0,-1.0,-1.0
2016/09/27,599.2,608.32,592.12,608.0,5462000,-1.0,-1.0,-1.0
2016/09/28,599.6600000000001,602.2600000000001,593.4,601.6,5105000,-1.0,-1.0,-1.0
2016/09/29,603.52,609.6,602.86,605.0600000000001,4195000,-1.0,-1.0,-1.0
2016/09/30,596.6600000000001,600.2,589.8000000000001,591.8000000000001,5991500,-1.0,-1.0,-1.0
2016/10/03,597.6600000000001,599.0,592.8000000000001,593.2,4362000,-1.0,-1.0,-1.0
2016/10/04,600.0,613.92,595.0600000000001,613.92,8465000,-1.0,-1.0,-1.0
2016/10/05,616.8000000000001,617.0,608.52,609.0,4437500,-1.0,-1.0,-1.0
2016/10/06,611.6,618.6600000000001,609.2600000000001,610.86,4698000,-1.0,-1.0,-1.0
2016/10/07,606.6600000000001,615.0600000000001,606.6600000000001,614.46,5038500,-1.0,-1.0,-1.0
2016/10/11,609.0600000000001,613.86,607.0600000000001,609.6,5660000,-1.0,-1.0,-1.0
2016/10/12,600.2600000000001,604.2600000000001,589.32,590.46,7868000,-1.0,-1.0,-1.0
2016/10/13,590.72,597.72,589.86,592.2600000000001,5720000,-1.0,-1.0,-1.0
2016/10/14,589.86,591.0600000000001,568.46,583.4,11375500,-1.0,-1.0,-1.0
2016/10/17,583.4,586.6,580.32,582.72,5029500,-1.0,-1.0,-1.0
2016/10/18,580.4,584.8000000000001,579.46,584.52,5610000,-1.0,-1.0,-1.0
2016/10/19,586.6600000000001,591.46,584.46,591.2,5731000,-1.0,-1.0,-1.0
2016/10/20,591.2,594.32,586.6,590.46,6012000,-1.0,-1.0,-1.0
2016/10/21,596.32,600.0,590.52,592.2,6020500,-1.0,-1.0,-1.0
2016/10/24,591.12,591.52,582.2,587.52,4794500,-1.0,-1.0,-1.0
2016/10/25,593.2600000000001,598.72,588.6,598.46,6145500,-1.0,-1.0,-1.0
2016/10/26,600.0,606.4,598.6600000000001,602.0600000000001,4443000,-1.0,-1.0,-1.0
2016/10/27,598.2,598.6,592.6600000000001,594.4,5458500,-1.0,-1.0,-1.0
2016/10/28,600.0,604.72,596.12,603.6,12700000,-1.0,-1.0,-1.0
2016/10/31,619.32,632.52,617.9200000000001,632.52,11790000,-1.0,-1.0,-1.0
2016/11/01,636.8600000000001,650.32,633.6600000000001,650.0600000000001,8884500,-1.0,-1.0,-1.0
2016/11/02,644.6,649.32,639.52,642.72,7315000,-1.0,-1.0,-1.0
2016/11/04,637.6600000000001,639.0,629.46,638.32,5572500,-1.0,-1.0,-1.0
2016/11/07,646.12,647.4000000000001,631.46,639.32,5534000,-1.0,-1.0,-1.0
2016/11/08,640.4000000000001,644.9200000000001,637.52,638.8600000000001,3669000,-1.0,-1.0,-1.0
2016/11/09,645.52,648.6600000000001,604.0,610.6600000000001,9109000,-1.0,-1.0,-1.0
2016/11/10,649.8600000000001,655.2,645.8600000000001,652.46,10047000,-1.0,-1.0,-1.0
2016/11/11,665.2600000000001,665.2600000000001,649.32,653.46,9843500,-1.0,-1.0,-1.0
2016/11/14,662.6600000000001,676.6600000000001,658.2,670.32,6468500,-1.0,-1.0,-1.0
2016/11/15,672.32,672.6600000000001,659.6600000000001,662.0600000000001,5437500,-1.0,-1.0,-1.0
2016/11/16,669.32,673.0,663.12,664.8000000000001,7379500,-1.0,-1.0,-1.0
2016/11/17,660.0,665.32,654.0600000000001,662.2600000000001,6414000,-1.0,-1.0,-1.0
2016/11/18,678.0,694.0,676.6600000000001,681.0,9577000,-1.0,-1.0,-1.0
2016/11/21,677.32,679.32,668.32,674.6600000000001,4875500,-1.0,-1.0,-1.0
2016/11/22,676.0,677.0,671.32,673.32,2901000,-1.0,-1.0,-1.0
2016/11/24,686.6600000000001,688.0,677.6600000000001,678.0,3942500,-1.0,-1.0,-1.0
2016/11/25,669.0,684.0,668.6600000000001,677.0,3976500,-1.0,-1.0,-1.0
2016/11/28,673.0,680.32,668.32,680.0,3366000,-1.0,-1.0,-1.0
2016/11/29,687.32,691.0,682.32,690.0,4878000,-1.0,-1.0,-1.0
2016/11/30,692.6600000000001,699.32,692.0,698.32,6029500,-1.0,-1.0,-1.0
2016/12/01,709.6600000000001,710.0,698.0,699.0,5685000,-1.0,-1.0,-1.0
2016/12/02,679.6600000000001,683.6600000000001,666.6600000000001,668.32,7532000,-1.0,-1.0,-1.0
2016/12/05,665.9200000000001,671.6600000000001,662.72,666.6600000000001,4223000,-1.0,-1.0,-1.0
2016/12/06,673.32,676.6600000000001,663.0,663.52,5063000,-1.0,-1.0,-1.0
2016/12/07,668.0,669.32,663.4000000000001,664.8000000000001,3857000,-1.0,-1.0,-1.0
2016/12/08,676.32,683.32,667.32,671.32,6017500,-1.0,-1.0,-1.0
2016/12/09,688.6600000000001,689.32,677.6600000000001,680.32,9817500,-1.0,-1.0,-1.0
2016/12/12,684.32,684.32,669.0,670.6600000000001,5204500,-1.0,-1.0,-1.0
2016/12/13,664.0600000000001,678.32,662.0600000000001,678.32,3727500,-1.0,-1.0,-1.0
2016/12/14,679.6600000000001,688.32,676.0,686.0,3506000,-1.0,-1.0,-1.0
2016/12/15,691.32,695.0,687.0,692.0,3928000,-1.0,-1.0,-1.0
2016/12/16,699.6600000000001,713.32,698.0,712.0,6297500,-1.0,-1.0,-1.0
2016/12/19,713.32,714.6600000000001,704.32,713.32,3760000,-1.0,-1.0,-1.0
2016/12/20,712.6600000000001,730.32,710.6600000000001,729.32,5030000,-1.0,-1.0,-1.0
2016/12/21,729.32,742.6600000000001,723.6600000000001,729.6600000000001,5531000,-1.0,-1.0,-1.0
2016/12/22,720.0,730.0,719.6600000000001,730.0,4096000,-1.0,-1.0,-1.0
2016/12/26,733.32,741.6600000000001,733.32,737.32,3194500,-1.0,-1.0,-1.0
2016/12/27,744.0,749.6600000000001,739.0,744.32,3966000,-1.0,-1.0,-1.0
2016/12/28,743.32,754.6600000000001,742.0,750.6600000000001,2889000,-1.0,-1.0,-1.0
2016/12/29,745.32,745.32,727.6600000000001,731.0,4110500,-1.0,-1.0,-1.0
2016/12/30,723.0,738.6600000000001,721.6600000000001,736.32,2632500,-1.0,-1.0,-1.0
2017/01/04,745.32,751.0,738.32,750.6600000000001,4169500,-1.0,-1.0,-1.0
2017/01/05,746.6600000000001,746.6600000000001,730.32,734.32,3798500,-1.0,-1.0,-1.0
2017/01/06,727.0,735.32,722.32,730.0,2883500,-1.0,-1.0,-1.0
2017/01/10,737.0,752.32,734.32,741.6600000000001,5009000,-1.0,-1.0,-1.0
2017/01/11,743.6600000000001,746.6600000000001,740.32,743.6600000000001,2634000,-1.0,-1.0,-1.0
2017/01/12,747.32,754.0,742.32,750.0,5245500,-1.0,-1.0,-1.0
2017/01/13,746.32,754.32,743.32,751.6600000000001,5080000,-1.0,-1.0,-1.0
2017/01/16,757.0,758.6600000000001,746.6600000000001,750.0,3680000,-1.0,-1.0,-1.0
2017/01/17,751.32,751.32,735.32,735.32,3402000,-1.0,-1.0,-1.0
2017/01/18,727.0,742.0,724.0,739.0,3790000,-1.0,-1.0,-1.0
2017/01/19,748.6600000000001,755.0,743.32,747.32,3549000,-1.0,-1.0,-1.0
2017/01/20,744.6600000000001,749.0,742.6600000000001,746.6600000000001,2699000,-1.0,-1.0,-1.0
2017/01/23,740.6600000000001,751.0,739.32,744.0,3494000,-1.0,-1.0,-1.0
2017/01/24,740.0,745.6600000000001,737.6600000000001,738.32,4241500,-1.0,-1.0,-1.0
2017/01/25,745.0,756.32,745.0,756.0,3943500,-1.0,-1.0,-1.0
2017/01/26,783.32,800.0,781.32,799.0,9472000,-1.0,-1.0,-1.0
2017/01/27,798.6600000000001,799.0,787.32,792.32,5651500,-1.0,-1.0,-1.0
2017/01/30,785.32,797.6600000000001,778.32,793.6600000000001,3948500,-1.0,-1.0,-1.0
2017/01/31,783.32,787.32,778.0,780.6600000000001,4970000,-1.0,-1.0,-1.0
2017/02/01,766.6600000000001,773.32,757.32,770.0,6293500,-1.0,-1.0,-1.0
2017/02/02,783.6600000000001,785.32,759.32,762.6600000000001,5606000,-1.0,-1.0,-1.0
2017/02/03,765.32,767.0,748.32,749.32,4723000,-1.0,-1.0,-1.0
2017/02/06,754.32,755.32,734.0,743.0,4355000,-1.0,-1.0,-1.0
2017/02/07,737.6600000000001,756.0,735.6600000000001,752.6600000000001,3642000,-1.0,-1.0,-1.0
2017/02/08,752.32,755.0,745.32,754.6600000000001,2963500,-1.0,-1.0,-1.0
2017/02/09,754.0,759.6600000000001,746.32,746.6600000000001,4173500,-1.0,-1.0,-1.0
2017/02/10,763.32,766.6600000000001,758.0,766.0,5195500,-1.0,-1.0,-1.0
2017/02/13,772.0,774.6600000000001,767.6600000000001,773.6600000000001,3690000,-1.0,-1.0,-1.0
2017/02/14,777.32,785.6600000000001,775.6600000000001,777.32,3865500,-1.0,-1.0,-1.0
2017/02/15,786.6600000000001,787.32,770.0,770.0,3862000,-1.0,-1.0,-1.0
2017/02/16,760.0,760.32,743.0,753.32,5586500,-1.0,-1.0,-1.0
2017/02/17,746.32,752.0,743.6600000000001,748.32,3054500,-1.0,-1.0,-1.0
2017/02/20,748.32,751.32,744.32,745.32,2574000,-1.0,-1.0,-1.0
2017/02/21,743.32,746.6600000000001,739.0,744.6600000000001,2824000,-1.0,-1.0,-1.0
2017/02/22,753.0,766.6600000000001,750.32,754.32,5525000,-1.0,-1.0,-1.0
2017/02/23,751.6600000000001,764.32,751.32,757.0,3228500,-1.0,-1.0,-1.0
2017/02/24,751.6600000000001,756.32,746.32,751.0,3010000,-1.0,-1.0,-1.0
2017/02/27,744.0,749.0,740.6600000000001,745.0,3412000,-1.0,-1.0,-1.0
2017/02/28,747.32,751.0,744.0,747.32,4019500,-1.0,-1.0,-1.0
2017/03/01,748.32,763.0,747.32,760.6600000000001,4991500,-1.0,-1.0,-1.0
2017/03/02,776.6600000000001,783.32,771.6600000000001,782.32,5361000,-1.0,-1.0,-1.0
2017/03/03,779.32,781.32,769.0,771.6600000000001,4268000,-1.0,-1.0,-1.0
2017/03/06,767.32,768.6600000000001,762.32,764.32,2207000,-1.0,-1.0,-1.0
2017/03/07,760.0,764.0,754.0,756.6600000000001,3331500,-1.0,-1.0,-1.0
2017/03/08,756.6600000000001,757.32,752.0,754.32,2435000,-1.0,-1.0,-1.0
2017/03/09,765.0,775.32,762.0,774.32,3427500,-1.0,-1.0,-1.0
2017/03/10,783.0,795.32,777.0,794.0,7918500,-1.0,-1.0,-1.0
2017/03/13,785.6600000000001,792.32,782.0,783.32,3673500,-1.0,-1.0,-1.0
2017/03/14,786.32,790.0,781.6600000000001,789.0,2711000,-1.0,-1.0,-1.0
2017/03/15,780.0,782.0,776.0,780.6600000000001,3195500,-1.0,-1.0,-1.0
2017/03/16,773.32,786.0,767.6600000000001,781.6600000000001,4489000,-1.0,-1.0,-1.0
2017/03/17,770.32,779.0,767.0,773.0,5698000,-1.0,-1.0,-1.0
2017/03/21,773.0,776.6600000000001,765.32,774.0,3564000,-1.0,-1.0,-1.0
2017/03/22,762.6600000000001,768.0,755.0,757.6600000000001,4189500,-1.0,-1.0,-1.0
2017/03/23,761.0,764.6600000000001,758.0,758.6600000000001,3166500,-1.0,-1.0,-1.0
2017/03/24,763.32,774.6600000000001,763.0,772.0,4716500,-1.0,-1.0,-1.0
2017/03/27,766.6600000000001,778.0,765.32,776.6600000000001,4561000,-1.0,-1.0,-1.0
2017/03/28,791.0,802.0,788.0,799.32,7360000,-1.0,-1.0,-1.0
2017/03/29,803.0,809.32,797.32,803.6600000000001,7508000,-1.0,-1.0,-1.0
2017/03/30,803.32,818.6600000000001,800.0,812.32,6119000,-1.0,-1.0,-1.0
2017/03/31,813.6600000000001,819.0,803.6600000000001,810.32,7315500,-1.0,-1.0,-1.0
2017/04/03,824.0,833.3200000000002,822.3200000000002,829.6600000000001,8622500,-1.0,-1.0,-1.0
2017/04/04,842.6600000000001,852.0,820.3200000000002,824.3200000000002,8865000,-1.0,-1.0,-1.0
2017/04/05,827.6600000000001,830.3200000000002,812.6600000000001,820.0,4748000,-1.0,-1.0,-1.0
2017/04/06,807.6600000000001,814.32,805.0,809.32,6823500,-1.0,-1.0,-1.0
2017/04/07,818.0,820.6600000000001,798.32,806.6600000000001,6264000,-1.0,-1.0,-1.0
2017/04/10,813.6600000000001,827.3200000000002,807.0,827.0,4319500,-1.0,-1.0,-1.0
2017/04/11,815.0,819.0,807.0,812.32,3832000,-1.0,-1.0,-1.0
2017/04/12,804.0,809.0,789.32,796.6600000000001,5495000,-1.0,-1.0,-1.0
2017/04/13,774.32,785.6600000000001,765.0,784.0,8057000,-1.0,-1.0,-1.0
2017/04/14,789.32,790.0,770.32,774.32,7462000,-1.0,-1.0,-1.0
2017/04/17,765.32,777.0,763.6600000000001,768.32,3713000,-1.0,-1.0,-1.0
2017/04/18,783.0,788.0,767.0,771.0,4010000,-1.0,-1.0,-1.0
2017/04/19,771.0,784.32,768.6600000000001,781.32,5708500,-1.0,-1.0,-1.0
2017/04/20,788.0,798.32,786.0,787.6600000000001,5143000,-1.0,-1.0,-1.0
2017/04/21,800.0,821.6600000000001,790.0,820.0,8529000,-1.0,-1.0,-1.0
2017/04/24,839.6600000000001,842.6600000000001,826.6600000000001,828.3200000000002,7556500,-1.0,-1.0,-1.0
2017/04/25,828.6600000000001,851.3200000000002,828.6600000000001,846.6600000000001,6532500,-1.0,-1.0,-1.0
2017/04/26,866.6600000000001,874.3200000000002,861.0,868.0,6198500,-1.0,-1.0,-1.0
2017/04/27,860.0,871.3200000000002,856.6600000000001,867.6600000000001,4352500,-1.0,-1.0,-1.0
2017/04/28,872.6600000000001,872.6600000000001,857.3200000000002,864.3200000000002,6102000,-1.0,-1.0,-1.0
2017/05/01,964.3200000000002,984.0,945.0,979.6600000000001,16403000,-1.0,-1.0,-1.0
2017/05/02,959.6600000000001,997.3200000000002,959.6600000000001,986.3200000000002,11052000,-1.0,-1.0,-1.0
2017/05/08,991.0,1010.0,981.6600000000001,1006.3200000000002,9505000,-1.0,-1.0,-1.0
2017/05/09,993.3200000000002,997.0,980.6600000000001,982.0,9268500,-1.0,-1.0,-1.0
2017/05/10,980.0,989.3200000000002,972.0,984.6600000000001,7678500,-1.0,-1.0,-1.0
2017/05/11,999.6600000000001,1016.3200000000002,998.3200000000002,1007.6600000000001,8050500,-1.0,-1.0,-1.0
2017/05/12,1010.6600000000001,1018.6600000000001,1000.3200000000002,1005.6600000000001,9054000,-1.0,-1.0,-1.0
2017/05/15,990.6600000000001,1010.6600000000001,990.3200000000002,1002.0,4458500,-1.0,-1.0,-1.0
2017/05/16,1018.0,1020.6600000000001,1008.3200000000002,1019.6600000000001,4937000,-1.0,-1.0,-1.0
2017/05/17,1026.66,1051.0,1023.6600000000001,1046.0,9410500,-1.0,-1.0,-1.0
2017/05/18,1016.3200000000002,1034.66,1011.0,1029.66,8474500,-1.0,-1.0,-1.0
2017/05/19,1040.66,1058.3200000000002,1039.0,1051.3200000000002,8447500,-1.0,-1.0,-1.0
2017/05/22,1050.66,1056.3200000000002,1038.3200000000002,1045.3200000000002,5262000,-1.0,-1.0,-1.0
2017/05/23,1033.3200000000002,1038.0,1019.3200000000002,1023.6600000000001,7322500,-1.0,-1.0,-1.0
2017/05/24,1036.66,1047.0,1034.0,1046.66,6113000,-1.0,-1.0,-1.0
2017/05/25,1045.0,1066.3200000000002,1044.3200000000002,1062.66,7059500,-1.0,-1.0,-1.0
2017/05/26,1056.66,1057.0,1049.0,1053.66,4937000,-1.0,-1.0,-1.0
2017/05/29,1060.3200000000002,1060.3200000000002,1048.0,1054.3200000000002,3734500,-1.0,-1.0,-1.0
2017/05/30,1056.66,1056.66,1035.3200000000002,1043.3200000000002,5942000,-1.0,-1.0,-1.0
2017/05/31,1045.66,1058.3200000000002,1035.3200000000002,1046.0,10898000,-1.0,-1.0,-1.0
2017/06/01,1066.66,1098.3200000000002,1061.66,1091.66,13849500,-1.0,-1.0,-1.0
2017/06/02,1093.66,1105.3200000000002,1089.66,1091.66,9126000,-1.0,-1.0,-1.0
2017/06/05,1094.0,1123.0,1093.0,1117.0,6493500,-1.0,-1.0,-1.0
2017/06/06,1126.66,1127.66,1108.3200000000002,1112.66,7595000,-1.0,-1.0,-1.0
2017/06/07,1107.0,1125.3200000000002,1104.3200000000002,1121.0,5387500,-1.0,-1.0,-1.0
2017/06/08,1125.3200000000002,1125.66,1110.3200000000002,1112.0,6225500,-1.0,-1.0,-1.0
2017/06/09,1121.0,1133.3200000000002,1114.0,1127.0,9117000,-1.0,-1.0,-1.0
2017/06/12,1089.3200000000002,1101.66,1076.3200000000002,1093.0,8157500,-1.0,-1.0,-1.0
2017/06/13,1077.66,1090.66,1075.3200000000002,1090.66,5087500,-1.0,-1.0,-1.0
2017/06/14,1106.66,1108.3200000000002,1076.66,1077.66,5349000,-1.0,-1.0,-1.0
2017/06/15,1065.3200000000002,1074.0,1058.0,1062.3200000000002,6539500,-1.0,-1.0,-1.0
2017/06/16,1059.0,1063.3200000000002,1047.0,1051.0,9543000,-1.0,-1.0,-1.0
2017/06/19,1050.66,1070.3200000000002,1049.0,1068.3200000000002,4910000,-1.0,-1.0,-1.0
2017/06/20,1092.0,1095.66,1087.66,1091.3200000000002,6318500,-1.0,-1.0,-1.0
2017/06/21,1084.3200000000002,1092.0,1081.0,1081.0,3754000,-1.0,-1.0,-1.0
2017/06/22,1086.66,1088.0,1070.66,1075.0,4488500,-1.0,-1.0,-1.0
2017/06/23,1073.66,1074.66,1062.66,1064.66,4132500,-1.0,-1.0,-1.0
2017/06/26,1064.66,1086.0,1064.66,1085.0,3777000,-1.0,-1.0,-1.0
2017/06/27,1086.66,1087.66,1063.0,1073.0,5429000,-1.0,-1.0,-1.0
2017/06/28,1053.3200000000002,1056.0,1026.3200000000002,1027.3200000000002,9750000,-1.0,-1.0,-1.0
2017/06/29,1040.0,1040.66,1017.0,1020.0,10260500,-1.0,-1.0,-1.0
2017/06/30,980.0,1010.6600000000001,970.6600000000001,1010.6600000000001,10629500,-1.0,-1.0,-1.0
2017/07/03,997.3200000000002,1010.0,996.6600000000001,1008.0,5428500,-1.0,-1.0,-1.0
2017/07/04,1008.0,1009.0,981.3200000000002,985.6600000000001,6760000,-1.0,-1.0,-1.0
2017/07/05,975.3200000000002,1012.0,974.6600000000001,1011.0,7014500,-1.0,-1.0,-1.0
2017/07/06,1023.3200000000002,1029.66,997.6600000000001,1002.6600000000001,7047000,-1.0,-1.0,-1.0
2017/07/07,993.3200000000002,1019.6600000000001,991.6600000000001,1015.3200000000002,5799500,-1.0,-1.0,-1.0
2017/07/10,1041.66,1050.3200000000002,1030.66,1038.66,6887000,-1.0,-1.0,-1.0
2017/07/11,1046.66,1046.66,1037.0,1044.66,4853500,-1.0,-1.0,-1.0
2017/07/12,1040.0,1043.3200000000002,1028.66,1041.66,6503500,-1.0,-1.0,-1.0
2017/07/13,1050.0,1076.0,1049.3200000000002,1073.3200000000002,9133500,-1.0,-1.0,-1.0
2017/07/14,1073.66,1076.66,1057.0,1059.3200000000002,6644000,-1.0,-1.0,-1.0
2017/07/18,1056.0,1072.3200000000002,1045.66,1069.3200000000002,5850000,-1.0,-1.0,-1.0
2017/07/19,1068.0,1077.0,1065.3200000000002,1075.66,5560500,-1.0,-1.0,-1.0
2017/07/20,1087.3200000000002,1097.0,1086.0,1093.0,6094500,-1.0,-1.0,-1.0
2017/07/21,1093.0,1102.66,1091.0,1096.0,5175500,-1.0,-1.0,-1.0
2017/07/24,1091.66,1097.0,1084.0,1085.3200000000002,4571500,-1.0,-1.0,-1.0
2017/07/25,1096.0,1105.66,1092.0,1097.0,5667500,-1.0,-1.0,-1.0
2017/07/26,1102.0,1105.0,1092.0,1098.3200000000002,5839500,-1.0,-1.0,-1.0
2017/07/27,1100.66,1128.66,1098.0,1127.66,9726500,-1.0,-1.0,-1.0
2017/07/28,1083.3200000000002,1093.0,1046.66,1047.0,18728000,-1.0,-1.0,-1.0
2017/07/31,1050.0,1060.0,1030.3200000000002,1038.3200000000002,8561000,-1.0,-1.0,-1.0
2017/08/01,1020.0,1025.3200000000002,1004.6600000000001,1012.3200000000002,9473500,-1.0,-1.0,-1.0
2017/08/02,1018.3200000000002,1039.66,1017.6600000000001,1038.3200000000002,5775500,-1.0,-1.0,-1.0
2017/08/03,1023.3200000000002,1025.0,1012.3200000000002,1013.6600000000001,5656500,-1.0,-1.0,-1.0
2017/08/04,1000.0,1004.6600000000001,988.6600000000001,989.3200000000002,9825500,-1.0,-1.0,-1.0
2017/08/07,998.3200000000002,1009.3200000000002,995.0,1002.0,4393500,-1.0,-1.0,-1.0
2017/08/08,1022.0,1022.0,1004.3200000000002,1006.3200000000002,4628000,-1.0,-1.0,-1.0
2017/08/09,993.3200000000002,999.6600000000001,981.0,984.6600000000001,7931500,-1.0,-1.0,-1.0
2017/08/10,994.3200000000002,998.0,986.0,990.3200000000002,5120500,-1.0,-1.0,-1.0
2017/08/14,980.0,997.6600000000001,974.3200000000002,993.0,6294000,-1.0,-1.0,-1.0
2017/08/15,1012.3200000000002,1018.0,1004.3200000000002,1012.0,6040000,-1.0,-1.0,-1.0
2017/08/16,1012.0,1015.3200000000002,1000.0,1000.3200000000002,4073500,-1.0,-1.0,-1.0
2017/08/17,1000.0,1008.3200000000002,996.0,1001.3200000000002,3674500,-1.0,-1.0,-1.0
2017/08/18,990.0,1014.0,987.6600000000001,1010.0,5990000,-1.0,-1.0,-1.0
2017/08/21,1012.3200000000002,1012.3200000000002,992.6600000000001,993.6600000000001,4101500,-1.0,-1.0,-1.0
2017/08/22,995.3200000000002,1009.6600000000001,993.6600000000001,1007.0,3539000,-1.0,-1.0,-1.0
2017/08/23,1019.0,1023.0,1011.0,1016.3200000000002,4449000,-1.0,-1.0,-1.0
2017/08/24,1012.3200000000002,1018.6600000000001,1004.6600000000001,1005.3200000000002,3119500,-1.0,-1.0,-1.0
2017/08/25,1006.6600000000001,1010.0,1002.0,1008.6600000000001,2468500,-1.0,-1.0,-1.0
2017/08/28,1011.6600000000001,1014.3200000000002,1001.3200000000002,1004.6600000000001,2877500,-1.0,-1.0,-1.0
2017/08/29,1000.6600000000001,1011.0,998.0,1009.6600000000001,3914500,-1.0,-1.0,-1.0
2017/08/30,1013.0,1015.6600000000001,1007.6600000000001,1011.3200000000002,3108000,-1.0,-1.0,-1.0
2017/08/31,1024.0,1032.0,1021.0,1030.66,6591000,-1.0,-1.0,-1.0
2017/09/01,1034.0,1037.3200000000002,1025.0,1032.66,4319500,-1.0,-1.0,-1.0
2017/09/04,1030.3200000000002,1031.3200000000002,1020.0,1027.0,3711000,-1.0,-1.0,-1.0
2017/09/05,1035.3200000000002,1037.66,1017.0,1025.0,3791500,-1.0,-1.0,-1.0
2017/09/06,1008.0,1019.0,1005.0,1005.3200000000002,6840000,-1.0,-1.0,-1.0
2017/09/07,1010.0,1024.0,1003.3200000000002,1015.6600000000001,5757000,-1.0,-1.0,-1.0
2017/09/08,1012.6600000000001,1023.6600000000001,1012.0,1016.3200000000002,7305500,-1.0,-1.0,-1.0
2017/09/11,1018.0,1027.66,1016.6600000000001,1027.66,3310000,-1.0,-1.0,-1.0
2017/09/12,1043.3200000000002,1053.3200000000002,1043.0,1051.3200000000002,6024000,-1.0,-1.0,-1.0
2017/09/13,1057.0,1059.0,1050.0,1054.0,3596000,-1.0,-1.0,-1.0
2017/09/14,1059.3200000000002,1082.66,1059.3200000000002,1081.3200000000002,8091500,-1.0,-1.0,-1.0
2017/09/15,1083.3200000000002,1109.66,1082.66,1109.66,10405000,-1.0,-1.0,-1.0
2017/09/19,1142.0,1149.3200000000002,1132.0,1148.66,11130500,-1.0,-1.0,-1.0
2017/09/20,1149.3200000000002,1153.0,1140.3200000000002,1147.3200000000002,6290500,-1.0,-1.0,-1.0
2017/09/21,1150.0,1150.0,1128.66,1133.0,5921500,-1.0,-1.0,-1.0
2017/09/22,1135.66,1142.66,1130.66,1136.0,5410500,-1.0,-1.0,-1.0
2017/09/25,1149.3200000000002,1158.3200000000002,1148.3200000000002,1152.66,4425500,-1.0,-1.0,-1.0
2017/09/26,1138.66,1143.66,1112.66,1121.66,8868500,-1.0,-1.0,-1.0
2017/09/27,1115.66,1129.66,1104.0,1124.0,4940000,-1.0,-1.0,-1.0
2017/09/28,1156.66,1169.3200000000002,1141.3200000000002,1143.66,10173500,-1.0,-1.0,-1.0
2017/09/29,1143.3200000000002,1158.66,1141.3200000000002,1152.0,6414500,-1.0,-1.0,-1.0
2017/10/02,1164.0,1165.3200000000002,1156.66,1162.0,4630500,-1.0,-1.0,-1.0
2017/10/03,1164.66,1166.66,1158.0,1161.66,5006500,-1.0,-1.0,-1.0
2017/10/04,1162.3200000000002,1163.3200000000002,1153.66,1156.66,5092000,-1.0,-1.0,-1.0
2017/10/05,1156.66,1162.3200000000002,1149.66,1152.0,3036000,-1.0,-1.0,-1.0
2017/10/06,1157.3200000000002,1157.3200000000002,1133.66,1135.0,5796000,-1.0,-1.0,-1.0
2017/10/10,1150.0,1158.0,1147.3200000000002,1156.66,4526500,-1.0,-1.0,-1.0
2017/10/11,1154.66,1163.66,1153.0,1157.3200000000002,4769500,-1.0,-1.0,-1.0
2017/10/12,1167.0,1187.66,1167.0,1180.0,7977000,-1.0,-1.0,-1.0
2017/10/13,1193.3200000000002,1200.0,1182.66,1200.0,12389000,-1.0,-1.0,-1.0
2017/10/16,1203.3200000000002,1213.3200000000002,1196.3200000000002,1197.3200000000002,6413500,-1.0,-1.0,-1.0
2017/10/17,1200.66,1212.0,1198.3200000000002,1210.3200000000002,6143000,-1.0,-1.0,-1.0
2017/10/18,1213.3200000000002,1219.0,1197.66,1214.3200000000002,6587000,-1.0,-1.0,-1.0
2017/10/19,1220.3200000000002,1242.0,1216.0,1240.0,7711000,-1.0,-1.0,-1.0
2017/10/20,1246.3200000000002,1257.66,1243.0,1247.66,7327000,-1.0,-1.0,-1.0
2017/10/23,1270.3200000000002,1281.0,1261.0,1278.66,8272500,-1.0,-1.0,-1.0
2017/10/24,1278.66,1283.3200000000002,1261.3200000000002,1283.0,6692500,-1.0,-1.0,-1.0
2017/10/25,1287.3200000000002,1299.3200000000002,1267.0,1271.3200000000002,8771000,-1.0,-1.0,-1.0
2017/10/26,1261.3200000000002,1286.0,1259.0,1283.3200000000002,5782000,-1.0,-1.0,-1.0
2017/10/27,1299.3200000000002,1300.0,1286.3200000000002,1299.66,5261500,-1.0,-1.0,-1.0
2017/10/30,1304.66,1311.0,1300.66,1308.66,4857500,-1.0,-1.0,-1.0
2017/10/31,1307.3200000000002,1319.0,1299.0,1317.0,6424000,-1.0,-1.0,-1.0
2017/11/01,1403.3200000000002,1501.0,1400.66,1493.66,14629000,-1.0,-1.0,-1.0
2017/11/02,1480.3200000000002,1508.66,1456.0,1502.3200000000002,12901000,-1.0,-1.0,-1.0
2017/11/06,1513.3200000000002,1518.0,1476.3200000000002,1487.66,7755000,-1.0,-1.0,-1.0
2017/11/07,1486.3200000000002,1500.66,1485.3200000000002,1499.3200000000002,8260000,-1.0,-1.0,-1.0
2017/11/08,1500.0,1516.0,1490.0,1509.0,5931000,-1.0,-1.0,-1.0
2017/11/09,1523.3200000000002,1591.66,1481.66,1531.3200000000002,14924500,-1.0,-1.0,-1.0
2017/11/10,1500.66,1529.66,1488.66,1507.3200000000002,12299000,-1.0,-1.0,-1.0
2017/11/13,1519.66,1520.0,1484.66,1485.66,5929000,-1.0,-1.0,-1.0
2017/11/14,1488.3200000000002,1534.66,1486.0,1503.66,7977000,-1.0,-1.0,-1.0
2017/11/15,1504.66,1530.3200000000002,1490.0,1502.0,8873500,-1.0,-1.0,-1.0
2017/11/16,1481.66,1535.66,1479.66,1529.3200000000002,8098000,-1.0,-1.0,-1.0
2017/11/17,1560.0,1591.3200000000002,1538.0,1544.3200000000002,11581000,-1.0,-1.0,-1.0
2017/11/20,1516.66,1539.0,1507.3200000000002,1514.0,6273000,-1.0,-1.0,-1.0
2017/11/21,1546.66,1553.3200000000002,1516.66,1518.3200000000002,5718000,-1.0,-1.0,-1.0
2017/11/22,1545.3200000000002,1546.3200000000002,1519.3200000000002,1523.0,6558000,-1.0,-1.0,-1.0
2017/11/24,1516.66,1557.0,1510.66,1556.3200000000002,5421500,-1.0,-1.0,-1.0
2017/11/27,1559.66,1562.66,1522.0,1528.66,7659500,-1.0,-1.0,-1.0
2017/11/28,1503.0,1503.66,1448.0,1485.3200000000002,14050500,-1.0,-1.0,-1.0
2017/11/29,1447.3200000000002,1458.66,1385.66,1399.66,18276000,-1.0,-1.0,-1.0
2017/11/30,1330.66,1393.3200000000002,1329.0,1384.0,16828000,-1.0,-1.0,-1.0
2017/12/01,1409.3200000000002,1418.0,1361.3200000000002,1386.3200000000002,11187500,-1.0,-1.0,-1.0
2017/12/04,1375.0,1389.66,1373.3200000000002,1380.0,6034500,-1.0,-1.0,-1.0
2017/12/05,1333.3200000000002,1360.3200000000002,1331.0,1341.0,9055000,-1.0,-1.0,-1.0
2017/12/06,1341.3200000000002,1363.3200000000002,1331.66,1336.0,8567500,-1.0,-1.0,-1.0
2017/12/07,1360.0,1402.66,1354.66,1401.3200000000002,9495000,-1.0,-1.0,-1.0
2017/12/08,1434.66,1452.3200000000002,1417.0,1441.0,15214000,-1.0,-1.0,-1.0
2017/12/11,1439.66,1439.66,1403.0,1415.3200000000002,6651000,-1.0,-1.0,-1.0
2017/12/12,1423.66,1438.0,1410.66,1413.66,5459000,-1.0,-1.0,-1.0
2017/12/13,1390.0,1396.66,1371.66,1373.66,7322500,-1.0,-1.0,-1.0
2017/12/14,1370.0,1399.0,1367.0,1378.3200000000002,7253000,-1.0,-1.0,-1.0
2017/12/15,1372.3200000000002,1413.0,1368.0,1397.0,6782500,-1.0,-1.0,-1.0
2017/12/18,1422.66,1429.3200000000002,1414.0,1421.3200000000002,4995500,-1.0,-1.0,-1.0
2017/12/19,1446.66,1452.66,1413.66,1418.3200000000002,6468000,-1.0,-1.0,-1.0
2017/12/20,1418.3200000000002,1425.0,1399.0,1412.0,4964500,-1.0,-1.0,-1.0
2017/12/21,1408.3200000000002,1420.66,1399.0,1419.0,3726000,-1.0,-1.0,-1.0
2017/12/22,1393.3200000000002,1400.3200000000002,1370.66,1386.66,7454000,-1.0,-1.0,-1.0
2017/12/25,1383.0,1391.3200000000002,1375.66,1386.66,3113000,-1.0,-1.0,-1.0
2017/12/26,1380.0,1383.0,1369.0,1370.0,3518500,-1.0,-1.0,-1.0
2017/12/27,1366.66,1381.0,1361.0,1377.3200000000002,3261500,-1.0,-1.0,-1.0
2017/12/28,1383.3200000000002,1388.0,1366.66,1370.66,3413500,-1.0,-1.0,-1.0
2017/12/29,1372.66,1379.66,1358.3200000000002,1360.0,3572000,-1.0,-1.0,-1.0
2018/01/04,1420.0,1444.3200000000002,1410.0,1444.0,10185500,-1.0,-1.0,-1.0
2018/01/05,1466.0,1470.66,1442.0,1458.3200000000002,7029000,-1.0,-1.0,-1.0
2018/01/09,1500.0,1500.3200000000002,1478.0,1483.3200000000002,6674500,-1.0,-1.0,-1.0
2018/01/10,1476.66,1476.66,1446.66,1458.0,6572000,-1.0,-1.0,-1.0
2018/01/11,1443.3200000000002,1474.0,1443.3200000000002,1457.66,6340000,-1.0,-1.0,-1.0
2018/01/12,1466.0,1469.3200000000002,1444.3200000000002,1451.3200000000002,6565500,-1.0,-1.0,-1.0
2018/01/15,1460.0,1462.3200000000002,1441.66,1446.3200000000002,4544500,-1.0,-1.0,-1.0
2018/01/16,1446.66,1470.0,1435.3200000000002,1470.0,4681500,-1.0,-1.0,-1.0
2018/01/17,1465.3200000000002,1489.3200000000002,1460.3200000000002,1482.3200000000002,6691000,-1.0,-1.0,-1.0
2018/01/18,1533.3200000000002,1559.0,1516.0,1523.3200000000002,15764500,-1.0,-1.0,-1.0
2018/01/19,1540.0,1540.0,1519.3200000000002,1529.3200000000002,5334000,-1.0,-1.0,-1.0
2018/01/22,1520.3200000000002,1526.66,1508.0,1519.0,3806500,-1.0,-1.0,-1.0
2018/01/23,1522.66,1530.66,1515.66,1528.3200000000002,4696000,-1.0,-1.0,-1.0
2018/01/24,1533.3200000000002,1534.66,1497.0,1502.0,5493000,-1.0,-1.0,-1.0
2018/01/25,1468.66,1497.0,1468.66,1485.66,5859000,-1.0,-1.0,-1.0
2018/01/26,1466.66,1474.3200000000002,1444.0,1455.0,8765500,-1.0,-1.0,-1.0
2018/01/29,1473.66,1489.3200000000002,1461.0,1474.0,6338000,-1.0,-1.0,-1.0
2018/01/30,1461.0,1461.0,1423.0,1431.66,8374500,-1.0,-1.0,-1.0
2018/01/31,1365.0,1397.3200000000002,1360.0,1364.0,15281000,-1.0,-1.0,-1.0
2018/02/01,1379.0,1381.0,1348.3200000000002,1369.0,8110500,-1.0,-1.0,-1.0
2018/02/02,1350.66,1362.3200000000002,1336.66,1339.3200000000002,7555000,-1.0,-1.0,-1.0
2018/02/05,1306.66,1322.66,1298.66,1313.0,9582500,-1.0,-1.0,-1.0
2018/02/06,1259.66,1284.3200000000002,1213.3200000000002,1252.3200000000002,17778500,-1.0,-1.0,-1.0
2018/02/07,1313.0,1314.0,1249.0,1250.66,11909500,-1.0,-1.0,-1.0
2018/02/08,1255.3200000000002,1277.66,1249.0,1268.0,8021000,-1.0,-1.0,-1.0
2018/02/09,1223.66,1240.0,1214.66,1231.3200000000002,11448500,-1.0,-1.0,-1.0
2018/02/13,1274.66,1278.66,1225.3200000000002,1227.3200000000002,8487500,-1.0,-1.0,-1.0
2018/02/14,1240.0,1282.0,1238.66,1278.3200000000002,12318500,-1.0,-1.0,-1.0
2018/02/15,1304.0,1352.66,1299.66,1337.3200000000002,12265500,-1.0,-1.0,-1.0
2018/02/16,1352.3200000000002,1377.3200000000002,1344.66,1361.66,9181500,-1.0,-1.0,-1.0
2018/02/19,1375.3200000000002,1379.0,1354.0,1377.0,6087500,-1.0,-1.0,-1.0
2018/02/20,1371.66,1373.66,1344.0,1350.66,5988500,-1.0,-1.0,-1.0
2018/02/21,1364.0,1389.3200000000002,1357.3200000000002,1375.66,7855500,-1.0,-1.0,-1.0
2018/02/22,1357.3200000000002,1369.66,1346.0,1363.3200000000002,6052000,-1.0,-1.0,-1.0
2018/02/23,1359.0,1365.0,1348.3200000000002,1358.3200000000002,4408000,-1.0,-1.0,-1.0
2018/02/26,1382.0,1389.0,1366.66,1376.66,4618000,-1.0,-1.0,-1.0
2018/02/27,1400.0,1430.66,1397.3200000000002,1416.0,8715500,-1.0,-1.0,-1.0
2018/02/28,1416.66,1422.66,1404.0,1404.0,6063000,-1.0,-1.0,-1.0
2018/03/01,1386.66,1402.0,1376.0,1387.3200000000002,5611500,-1.0,-1.0,-1.0
2018/03/02,1340.66,1377.66,1340.0,1364.0,7951000,-1.0,-1.0,-1.0
2018/03/05,1366.66,1387.3200000000002,1334.0,1343.66,6981000,-1.0,-1.0,-1.0
2018/03/06,1377.0,1394.66,1377.0,1382.0,7033500,-1.0,-1.0,-1.0
2018/03/07,1365.66,1385.0,1350.66,1352.66,8312500,-1.0,-1.0,-1.0
2018/03/08,1386.66,1427.0,1386.3200000000002,1418.3200000000002,11954500,-1.0,-1.0,-1.0
2018/03/09,1441.66,1462.3200000000002,1421.3200000000002,1435.3200000000002,13200000,-1.0,-1.0,-1.0
2018/03/12,1488.66,1495.0,1461.0,1480.3200000000002,8883500,-1.0,-1.0,-1.0
2018/03/13,1468.66,1514.0,1463.66,1514.0,8669500,-1.0,-1.0,-1.0
2018/03/14,1490.0,1510.0,1472.3200000000002,1485.66,7538500,-1.0,-1.0,-1.0
2018/03/15,1473.3200000000002,1489.66,1468.0,1479.66,5091500,-1.0,-1.0,-1.0
2018/03/16,1479.3200000000002,1482.66,1450.0,1459.0,6134500,-1.0,-1.0,-1.0
2018/03/19,1438.66,1455.66,1430.3200000000002,1442.66,4605000,-1.0,-1.0,-1.0
2018/03/20,1423.0,1428.3200000000002,1411.66,1426.0,5491000,-1.0,-1.0,-1.0
2018/03/22,1412.0,1433.0,1403.66,1423.0,7119000,-1.0,-1.0,-1.0
2018/03/23,1353.3200000000002,1376.0,1337.66,1341.66,11509500,-1.0,-1.0,-1.0
2018/03/26,1308.3200000000002,1329.0,1277.3200000000002,1328.3200000000002,9142500,-1.0,-1.0,-1.0
2018/03/27,1377.3200000000002,1378.66,1352.66,1366.66,8054500,-1.0,-1.0,-1.0
2018/03/28,1301.0,1316.3200000000002,1292.0,1306.0,9631000,-1.0,-1.0,-1.0
2018/03/29,1314.66,1317.66,1270.66,1281.0,8467500,-1.0,-1.0,-1.0
2018/03/30,1310.0,1338.0,1306.66,1334.3200000000002,6933500,-1.0,-1.0,-1.0
2018/04/02,1335.66,1357.66,1332.3200000000002,1344.3200000000002,5247000,-1.0,-1.0,-1.0
2018/04/03,1306.66,1333.0,1298.66,1326.66,7120500,-1.0,-1.0,-1.0
2018/04/04,1333.0,1337.3200000000002,1279.3200000000002,1290.3200000000002,7557500,-1.0,-1.0,-1.0
2018/04/05,1308.66,1317.3200000000002,1291.3200000000002,1304.66,5688500,-1.0,-1.0,-1.0
2018/04/06,1294.66,1313.66,1291.66,1306.66,7127000,-1.0,-1.0,-1.0
2018/04/09,1290.66,1313.66,1284.66,1309.3200000000002,4367500,-1.0,-1.0,-1.0
2018/04/10,1309.3200000000002,1349.66,1295.66,1342.66,7291000,-1.0,-1.0,-1.0
2018/04/11,1358.66,1368.3200000000002,1335.3200000000002,1336.3200000000002,5174500,-1.0,-1.0,-1.0
2018/04/12,1336.3200000000002,1345.0,1322.0,1324.3200000000002,3603500,-1.0,-1.0,-1.0
2018/04/13,1339.66,1359.0,1336.66,1351.0,4950000,-1.0,-1.0,-1.0
2018/04/16,1351.66,1362.3200000000002,1348.3200000000002,1352.3200000000002,3278000,-1.0,-1.0,-1.0
2018/04/17,1349.0,1358.0,1345.0,1352.3200000000002,3891500,-1.0,-1.0,-1.0
2018/04/18,1352.3200000000002,1355.0,1318.0,1345.66,8719500,-1.0,-1.0,-1.0
2018/04/19,1326.3200000000002,1351.0,1323.0,1334.66,6368500,-1.0,-1.0,-1.0
2018/04/20,1298.66,1308.3200000000002,1275.0,1307.3200000000002,7947000,-1.0,-1.0,-1.0
2018/04/23,1300.3200000000002,1312.0,1296.0,1310.0,3863500,-1.0,-1.0,-1.0
2018/04/24,1313.3200000000002,1334.66,1309.3200000000002,1321.0,5371500,-1.0,-1.0,-1.0
2018/04/25,1308.66,1323.66,1291.0,1294.3200000000002,7495000,-1.0,-1.0,-1.0
2018/04/26,1388.0,1440.66,1386.0,1403.3200000000002,21908000,-1.0,-1.0,-1.0
2018/04/27,1424.66,1431.0,1388.66,1403.66,8474000,-1.0,-1.0,-1.0
2018/05/01,1422.0,1423.0,1376.0,1385.3200000000002,6333500,-1.0,-1.0,-1.0
2018/05/02,1404.0,1407.3200000000002,1378.0,1382.66,5095000,-1.0,-1.0,-1.0
2018/05/07,1395.0,1409.3200000000002,1387.3200000000002,1401.0,5162500,-1.0,-1.0,-1.0
2018/05/08,1399.0,1412.66,1397.3200000000002,1403.66,4317500,-1.0,-1.0,-1.0
2018/05/09,1400.0,1419.3200000000002,1398.66,1406.66,3727000,-1.0,-1.0,-1.0
2018/05/10,1416.66,1418.66,1403.3200000000002,1416.3200000000002,3641500,-1.0,-1.0,-1.0
2018/05/11,1432.66,1458.3200000000002,1425.3200000000002,1451.3200000000002,7381000,-1.0,-1.0,-1.0
2018/05/14,1445.0,1449.66,1437.66,1446.0,3646500,-1.0,-1.0,-1.0
2018/05/15,1454.66,1462.3200000000002,1432.66,1443.3200000000002,3787000,-1.0,-1.0,-1.0
2018/05/16,1435.0,1438.3200000000002,1424.3200000000002,1433.0,3785500,-1.0,-1.0,-1.0
2018/05/17,1446.0,1450.0,1438.3200000000002,1446.66,3530000,-1.0,-1.0,-1.0
2018/05/18,1422.0,1430.3200000000002,1416.0,1418.66,5657500,-1.0,-1.0,-1.0
2018/05/21,1413.3200000000002,1413.3200000000002,1376.66,1391.0,7318000,-1.0,-1.0,-1.0
2018/05/22,1409.3200000000002,1415.0,1389.0,1393.3200000000002,4648500,-1.0,-1.0,-1.0
2018/05/23,1398.66,1414.0,1388.66,1398.0,5613000,-1.0,-1.0,-1.0
2018/05/24,1392.3200000000002,1402.66,1384.66,1398.0,4273000,-1.0,-1.0,-1.0
2018/05/25,1396.66,1428.66,1384.3200000000002,1422.0,6771000,-1.0,-1.0,-1.0
2018/05/28,1442.0,1449.66,1419.0,1427.0,5348000,-1.0,-1.0,-1.0
2018/05/29,1435.0,1440.66,1400.3200000000002,1411.66,7596000,-1.0,-1.0,-1.0
2018/05/30,1386.66,1389.3200000000002,1358.66,1365.66,11037500,-1.0,-1.0,-1.0
2018/05/31,1378.66,1378.66,1355.3200000000002,1360.0,9795000,-1.0,-1.0,-1.0
2018/06/01,1359.0,1372.66,1352.66,1359.0,7176000,-1.0,-1.0,-1.0
2018/06/04,1378.66,1392.3200000000002,1369.66,1391.0,4812500,-1.0,-1.0,-1.0
2018/06/05,1399.66,1419.0,1396.66,1408.3200000000002,5054000,-1.0,-1.0,-1.0
2018/06/06,1416.66,1417.3200000000002,1391.66,1397.66,3968000,-1.0,-1.0,-1.0
2018/06/07,1410.3200000000002,1411.66,1400.3200000000002,1410.0,5185000,-1.0,-1.0,-1.0
2018/06/08,1410.0,1415.0,1375.0,1380.66,10246500,-1.0,-1.0,-1.0
2018/06/11,1377.0,1392.0,1367.0,1369.66,4361500,-1.0,-1.0,-1.0
2018/06/12,1370.3200000000002,1377.0,1350.66,1359.0,7654500,-1.0,-1.0,-1.0
2018/06/13,1363.0,1366.3200000000002,1353.66,1360.66,4663500,-1.0,-1.0,-1.0
2018/06/14,1351.66,1359.3200000000002,1337.0,1337.0,6357500,-1.0,-1.0,-1.0
2018/06/15,1307.0,1307.3200000000002,1268.3200000000002,1272.0,13421500,-1.0,-1.0,-1.0
2018/06/18,1272.66,1273.3200000000002,1232.3200000000002,1248.66,8713500,-1.0,-1.0,-1.0
2018/06/19,1249.3200000000002,1260.0,1226.66,1237.0,6775000,-1.0,-1.0,-1.0
2018/06/20,1241.3200000000002,1266.66,1230.3200000000002,1265.3200000000002,6341000,-1.0,-1.0,-1.0
2018/06/21,1295.0,1296.0,1247.0,1260.0,8083500,-1.0,-1.0,-1.0
2018/06/22,1250.66,1265.3200000000002,1238.3200000000002,1263.66,6839500,-1.0,-1.0,-1.0
2018/06/25,1258.66,1262.0,1239.3200000000002,1242.3200000000002,5211500,-1.0,-1.0,-1.0
2018/06/26,1213.3200000000002,1259.66,1208.0,1259.0,8414000,-1.0,-1.0,-1.0
2018/06/27,1268.0,1275.3200000000002,1254.3200000000002,1255.66,6126500,-1.0,-1.0,-1.0
2018/06/28,1246.3200000000002,1273.0,1223.3200000000002,1266.66,8222500,-1.0,-1.0,-1.0
2018/06/29,1272.3200000000002,1288.3200000000002,1251.66,1268.0,7634500,-1.0,-1.0,-1.0
2018/07/02,1270.0,1287.3200000000002,1246.66,1249.0,5763000,-1.0,-1.0,-1.0
2018/07/03,1246.66,1248.66,1217.66,1237.66,9918500,-1.0,-1.0,-1.0
2018/07/04,1190.0,1205.66,1172.3200000000002,1182.66,10742000,-1.0,-1.0,-1.0
2018/07/05,1168.66,1207.0,1168.0,1188.0,7977500,-1.0,-1.0,-1.0
2018/07/06,1171.3200000000002,1213.0,1168.0,1207.66,8451000,-1.0,-1.0,-1.0
2018/07/09,1210.66,1238.66,1202.3200000000002,1231.3200000000002,5312500,-1.0,-1.0,-1.0
2018/07/10,1247.3200000000002,1261.0,1241.0,1254.0,5917000,-1.0,-1.0,-1.0
2018/07/11,1240.0,1248.3200000000002,1219.66,1247.0,7633500,-1.0,-1.0,-1.0
2018/07/12,1234.0,1238.3200000000002,1214.0,1231.0,6910500,-1.0,-1.0,-1.0
2018/07/13,1242.0,1261.3200000000002,1237.3200000000002,1247.0,6699500,-1.0,-1.0,-1.0
2018/07/17,1250.0,1265.66,1240.3200000000002,1257.0,5788500,-1.0,-1.0,-1.0
2018/07/18,1279.66,1282.0,1255.3200000000002,1255.66,4803000,-1.0,-1.0,-1.0
2018/07/19,1281.0,1301.0,1276.66,1288.66,7293000,-1.0,-1.0,-1.0
2018/07/20,1268.66,1277.0,1244.0,1250.3200000000002,8564000,-1.0,-1.0,-1.0
2018/07/23,1238.0,1245.0,1225.3200000000002,1243.0,5570500,-1.0,-1.0,-1.0
2018/07/24,1246.3200000000002,1258.3200000000002,1230.0,1252.66,4004000,-1.0,-1.0,-1.0
2018/07/25,1227.0,1246.66,1217.66,1245.0,4615500,-1.0,-1.0,-1.0
2018/07/26,1263.0,1275.66,1255.3200000000002,1267.0,6839500,-1.0,-1.0,-1.0
2018/07/27,1300.0,1304.66,1249.66,1265.0,11854000,-1.0,-1.0,-1.0
2018/07/30,1265.0,1271.0,1257.3200000000002,1269.0,6797000,-1.0,-1.0,-1.0
2018/07/31,1264.3200000000002,1289.0,1263.66,1277.0,5941500,-1.0,-1.0,-1.0
2018/08/01,1289.3200000000002,1318.3200000000002,1288.0,1316.3200000000002,8983500,-1.0,-1.0,-1.0
2018/08/02,1312.0,1330.3200000000002,1309.66,1317.3200000000002,6660000,-1.0,-1.0,-1.0
2018/08/03,1332.3200000000002,1346.3200000000002,1322.3200000000002,1331.3200000000002,6640500,-1.0,-1.0,-1.0
2018/08/06,1326.66,1328.66,1301.3200000000002,1305.66,4530500,-1.0,-1.0,-1.0
2018/08/07,1314.0,1317.3200000000002,1296.66,1301.0,3820500,-1.0,-1.0,-1.0
2018/08/08,1298.3200000000002,1311.0,1295.0,1309.66,5472500,-1.0,-1.0,-1.0
2018/08/09,1315.0,1315.0,1295.66,1296.66,4414000,-1.0,-1.0,-1.0
2018/08/10,1262.3200000000002,1272.0,1245.0,1250.66,10145500,-1.0,-1.0,-1.0
2018/08/13,1227.66,1231.66,1210.3200000000002,1212.3200000000002,7161500,-1.0,-1.0,-1.0
2018/08/14,1227.3200000000002,1240.0,1221.66,1239.3200000000002,4656000,-1.0,-1.0,-1.0
2018/08/15,1235.3200000000002,1239.66,1224.66,1233.3200000000002,3668500,-1.0,-1.0,-1.0
2018/08/16,1199.3200000000002,1244.3200000000002,1191.0,1235.3200000000002,6860500,-1.0,-1.0,-1.0
2018/08/17,1230.3200000000002,1232.66,1209.66,1218.3200000000002,6068500,-1.0,-1.0,-1.0
2018/08/20,1210.66,1215.66,1199.3200000000002,1205.66,4327500,-1.0,-1.0,-1.0
2018/08/21,1193.3200000000002,1221.3200000000002,1191.0,1217.3200000000002,4746000,-1.0,-1.0,-1.0
2018/08/22,1218.3200000000002,1252.0,1218.3200000000002,1246.0,5199500,-1.0,-1.0,-1.0
2018/08/23,1252.3200000000002,1258.3200000000002,1246.0,1250.3200000000002,3658500,-1.0,-1.0,-1.0
2018/08/24,1254.66,1255.3200000000002,1236.3200000000002,1251.0,3458000,-1.0,-1.0,-1.0
2018/08/27,1260.66,1277.66,1253.3200000000002,1276.3200000000002,4863000,-1.0,-1.0,-1.0
2018/08/28,1293.3200000000002,1298.0,1267.0,1268.0,5645000,-1.0,-1.0,-1.0
2018/08/29,1273.3200000000002,1286.3200000000002,1269.3200000000002,1279.0,4137000,-1.0,-1.0,-1.0
2018/08/30,1287.0,1291.66,1274.3200000000002,1278.3200000000002,4285000,-1.0,-1.0,-1.0
2018/08/31,1251.66,1263.0,1241.66,1258.3200000000002,6074500,-1.0,-1.0,-1.0
2018/09/03,1260.3200000000002,1260.66,1231.66,1234.0,5467000,-1.0,-1.0,-1.0
2018/09/04,1235.3200000000002,1247.0,1233.66,1234.3200000000002,3810500,-1.0,-1.0,-1.0
2018/09/05,1238.3200000000002,1242.66,1214.0,1214.0,5791500,-1.0,-1.0,-1.0
2018/09/06,1200.0,1210.66,1191.0,1199.0,5396000,-1.0,-1.0,-1.0
2018/09/07,1133.3200000000002,1134.66,1110.3200000000002,1127.66,15861500,-1.0,-1.0,-1.0
2018/09/10,1132.0,1144.0,1123.3200000000002,1126.66,5731000,-1.0,-1.0,-1.0
2018/09/11,1139.66,1148.66,1131.66,1139.66,4652500,-1.0,-1.0,-1.0
2018/09/12,1135.66,1137.66,1092.3200000000002,1102.3200000000002,9910500,-1.0,-1.0,-1.0
2018/09/13,1062.66,1105.0,1060.66,1069.3200000000002,12366500,-1.0,-1.0,-1.0
2018/09/14,1072.66,1095.3200000000002,1071.0,1086.0,13206500,-1.0,-1.0,-1.0
2018/09/18,1066.66,1088.3200000000002,1058.66,1082.66,10116500,-1.0,-1.0,-1.0
2018/09/19,1100.0,1101.66,1083.66,1091.3200000000002,10795500,-1.0,-1.0,-1.0
2018/09/20,1082.0,1082.3200000000002,1060.0,1060.66,14565000,-1.0,-1.0,-1.0
2018/09/21,1060.0,1069.0,1042.3200000000002,1062.0,16302500,-1.0,-1.0,-1.0
2018/09/25,1075.0,1097.3200000000002,1067.0,1087.66,12967500,-1.0,-1.0,-1.0
2018/09/26,1067.3200000000002,1073.66,1050.66,1068.0,11055000,-1.0,-1.0,-1.0
2018/09/27,1057.0,1059.66,1030.0,1030.3200000000002,12266000,-1.0,-1.0,-1.0
2018/09/28,1041.3200000000002,1046.0,1032.66,1040.66,8850500,-1.0,-1.0,-1.0
2018/10/01,1052.0,1078.0,1051.66,1063.66,9970000,-1.0,-1.0,-1.0
2018/10/02,1059.0,1065.3200000000002,1048.0,1056.66,9717500,-1.0,-1.0,-1.0
2018/10/03,1062.0,1062.66,1047.0,1052.66,6642500,-1.0,-1.0,-1.0
2018/10/04,1056.3200000000002,1058.66,1034.0,1040.66,7375500,-1.0,-1.0,-1.0
2018/10/05,1028.3200000000002,1030.0,1005.3200000000002,1013.3200000000002,10050000,-1.0,-1.0,-1.0
2018/10/09,967.0,982.0,960.3200000000002,968.0,10817000,-1.0,-1.0,-1.0
2018/10/10,983.3200000000002,985.0,965.6600000000001,979.3200000000002,7292500,-1.0,-1.0,-1.0
2018/10/11,927.3200000000002,952.0,920.0,941.3200000000002,12697500,-1.0,-1.0,-1.0
2018/10/12,921.3200000000002,987.0,920.6600000000001,982.0,15339000,-1.0,-1.0,-1.0
2018/10/15,972.3200000000002,992.0,955.6600000000001,968.0,8858500,-1.0,-1.0,-1.0
2018/10/16,966.6600000000001,973.6600000000001,946.0,971.3200000000002,7580500,-1.0,-1.0,-1.0
2018/10/17,1001.3200000000002,1010.6600000000001,992.0,1000.6600000000001,9425500,-1.0,-1.0,-1.0
2018/10/18,997.3200000000002,999.3200000000002,983.0,983.6600000000001,6082500,-1.0,-1.0,-1.0
2018/10/19,968.6600000000001,999.3200000000002,967.3200000000002,999.0,7745000,-1.0,-1.0,-1.0
2018/10/22,984.3200000000002,1026.66,981.6600000000001,1020.6600000000001,8142500,-1.0,-1.0,-1.0
2018/10/23,1016.6600000000001,1019.6600000000001,983.6600000000001,986.6600000000001,8380000,-1.0,-1.0,-1.0
2018/10/24,996.6600000000001,997.0,962.6600000000001,976.3200000000002,9640500,-1.0,-1.0,-1.0
2018/10/25,926.6600000000001,942.3200000000002,922.0,934.6600000000001,9879500,-1.0,-1.0,-1.0
2018/10/26,950.0,969.3200000000002,922.6600000000001,938.6600000000001,9483500,-1.0,-1.0,-1.0
2018/10/29,938.6600000000001,956.6600000000001,938.3200000000002,947.6600000000001,6814000,-1.0,-1.0,-1.0
2018/10/30,950.3200000000002,1011.3200000000002,950.0,1009.6600000000001,12493000,-1.0,-1.0,-1.0
2018/10/31,1060.0,1060.66,1012.3200000000002,1045.66,12828000,-1.0,-1.0,-1.0
2018/11/01,1013.3200000000002,1017.6600000000001,977.3200000000002,980.0,15327500,-1.0,-1.0,-1.0
2018/11/02,1000.0,1049.0,996.0,1047.3200000000002,17022500,-1.0,-1.0,-1.0
2018/11/05,1028.3200000000002,1058.0,1024.0,1052.3200000000002,8177000,-1.0,-1.0,-1.0
2018/11/06,1046.66,1054.0,1032.66,1040.3200000000002,6065500,-1.0,-1.0,-1.0
2018/11/07,1041.3200000000002,1052.3200000000002,1024.0,1029.66,7399000,-1.0,-1.0,-1.0
2018/11/08,1055.0,1056.66,1033.66,1034.3200000000002,6911500,-1.0,-1.0,-1.0
2018/11/09,1030.3200000000002,1040.0,1004.0,1008.0,6944500,-1.0,-1.0,-1.0
2018/11/12,998.6600000000001,1026.0,990.3200000000002,1019.6600000000001,5373000,-1.0,-1.0,-1.0
2018/11/13,980.6600000000001,1005.6600000000001,975.3200000000002,1001.3200000000002,7261000,-1.0,-1.0,-1.0
2018/11/14,1012.0,1021.3200000000002,1003.0,1014.0,5352500,-1.0,-1.0,-1.0
2018/11/15,1004.0,1014.3200000000002,994.0,1002.6600000000001,4967500,-1.0,-1.0,-1.0
2018/11/16,981.0,984.3200000000002,953.6600000000001,960.0,10566000,-1.0,-1.0,-1.0
2018/11/19,972.0,1002.6600000000001,965.6600000000001,994.6600000000001,6366000,-1.0,-1.0,-1.0
2018/11/20,965.3200000000002,983.6600000000001,962.0,976.3200000000002,4994000,-1.0,-1.0,-1.0
2018/11/21,968.6600000000001,1031.0,968.6600000000001,1023.6600000000001,10330000,-1.0,-1.0,-1.0
2018/11/22,1023.6600000000001,1041.3200000000002,1008.0,1035.3200000000002,7996000,-1.0,-1.0,-1.0
2018/11/26,1036.66,1046.0,1026.66,1032.66,5948500,-1.0,-1.0,-1.0
2018/11/27,1046.66,1055.3200000000002,1023.3200000000002,1051.3200000000002,7557000,-1.0,-1.0,-1.0
2018/11/28,1042.3200000000002,1058.66,1031.66,1056.0,6789500,-1.0,-1.0,-1.0
2018/11/29,1066.66,1069.66,1053.0,1056.3200000000002,5429000,-1.0,-1.0,-1.0
2018/11/30,1056.66,1060.3200000000002,1047.3200000000002,1058.3200000000002,7086000,-1.0,-1.0,-1.0
2018/12/03,1076.3200000000002,1079.66,1066.66,1067.66,6572000,-1.0,-1.0,-1.0
2018/12/04,1065.0,1073.3200000000002,1037.3200000000002,1040.0,7183500,-1.0,-1.0,-1.0
2018/12/05,1015.6600000000001,1033.66,1011.6600000000001,1021.3200000000002,5549000,-1.0,-1.0,-1.0
2018/12/06,1006.6600000000001,1006.6600000000001,959.6600000000001,975.0,9814000,-1.0,-1.0,-1.0
2018/12/07,989.3200000000002,999.6600000000001,953.6600000000001,968.3200000000002,7473500,-1.0,-1.0,-1.0
2018/12/10,942.3200000000002,956.6600000000001,936.0,937.6600000000001,7172000,-1.0,-1.0,-1.0
2018/12/11,935.0,942.0,918.0,925.6600000000001,8448500,-1.0,-1.0,-1.0
2018/12/12,930.0,952.0,921.0,938.6600000000001,8020500,-1.0,-1.0,-1.0
2018/12/13,938.6600000000001,947.6600000000001,929.0,941.0,4955000,-1.0,-1.0,-1.0
2018/12/14,924.6600000000001,930.3200000000002,889.6600000000001,889.6600000000001,13841500,-1.0,-1.0,-1.0
2018/12/17,889.0,918.0,886.6600000000001,905.6600000000001,5963500,-1.0,-1.0,-1.0
2018/12/18,892.3200000000002,912.6600000000001,882.3200000000002,900.6600000000001,6068500,-1.0,-1.0,-1.0
2018/12/19,874.3200000000002,882.6600000000001,858.6600000000001,861.0,9178500,-1.0,-1.0,-1.0
2018/12/20,842.3200000000002,860.0,821.6600000000001,824.0,12165500,-1.0,-1.0,-1.0
2018/12/21,815.6600000000001,846.6600000000001,814.6600000000001,838.0,11023000,-1.0,-1.0,-1.0
2018/12/25,796.0,811.6600000000001,782.0,782.32,9790000,-1.0,-1.0,-1.0
2018/12/26,800.0,813.0,786.32,805.6600000000001,9190500,-1.0,-1.0,-1.0
2018/12/27,852.3200000000002,854.6600000000001,823.3200000000002,831.3200000000002,8778000,-1.0,-1.0,-1.0
2018/12/28,821.0,840.6600000000001,820.0,834.3200000000002,6961500,-1.0,-1.0,-1.0
2019/01/04,801.32,803.32,773.0,792.32,9423000,-1.0,-1.0,-1.0
2019/01/07,829.3200000000002,849.6600000000001,826.6600000000001,842.6600000000001,8612500,-1.0,-1.0,-1.0
2019/01/08,846.6600000000001,860.3200000000002,836.3200000000002,856.0,9018500,-1.0,-1.0,-1.0
2019/01/09,852.3200000000002,870.3200000000002,850.3200000000002,870.0,6011500,-1.0,-1.0,-1.0
2019/01/10,872.0,894.0,869.3200000000002,892.6600000000001,9845000,-1.0,-1.0,-1.0
2019/01/11,903.3200000000002,908.3200000000002,894.6600000000001,901.6600000000001,8594000,-1.0,-1.0,-1.0
2019/01/15,895.0,937.3200000000002,893.3200000000002,930.6600000000001,10203500,-1.0,-1.0,-1.0
2019/01/16,928.0,933.6600000000001,911.3200000000002,927.3200000000002,6962500,-1.0,-1.0,-1.0
2019/01/17,931.3200000000002,934.0,906.0,909.0,7430500,-1.0,-1.0,-1.0
2019/01/18,920.0,949.0,918.0,943.6600000000001,7948000,-1.0,-1.0,-1.0
2019/01/21,965.0,976.3200000000002,946.6600000000001,967.6600000000001,7334500,-1.0,-1.0,-1.0
2019/01/22,962.3200000000002,967.0,946.0,950.6600000000001,5425500,-1.0,-1.0,-1.0
2019/01/23,934.0,949.0,926.6600000000001,939.3200000000002,5771000,-1.0,-1.0,-1.0
2019/01/24,947.3200000000002,986.0,944.0,982.0,10288000,-1.0,-1.0,-1.0
2019/01/25,992.3200000000002,1035.3200000000002,992.3200000000002,1028.0,12509500,-1.0,-1.0,-1.0
2019/01/28,1036.0,1040.3200000000002,1024.0,1034.66,6700500,-1.0,-1.0,-1.0
2019/01/29,1006.3200000000002,1019.6600000000001,991.3200000000002,1009.6600000000001,8246500,-1.0,-1.0,-1.0
2019/01/30,1024.0,1030.3200000000002,1011.0,1020.0,5434000,-1.0,-1.0,-1.0
2019/01/31,1046.66,1047.66,1028.3200000000002,1042.3200000000002,7206000,-1.0,-1.0,-1.0
2019/02/01,1053.0,1069.3200000000002,1021.0,1027.0,8368500,-1.0,-1.0,-1.0
2019/02/04,1032.0,1048.66,1028.66,1048.66,5190500,-1.0,-1.0,-1.0
2019/02/05,1041.0,1048.66,1035.0,1042.0,4320500,-1.0,-1.0,-1.0
2019/02/06,1043.3200000000002,1047.3200000000002,1033.3200000000002,1039.66,3752500,-1.0,-1.0,-1.0
2019/02/07,1058.0,1068.0,1048.0,1057.3200000000002,6024500,-1.0,-1.0,-1.0
2019/02/08,1026.66,1030.0,998.0,1001.3200000000002,8774500,-1.0,-1.0,-1.0
2019/02/12,1010.6600000000001,1048.0,1010.6600000000001,1045.3200000000002,6859500,-1.0,-1.0,-1.0
2019/02/13,1071.3200000000002,1080.0,1059.0,1078.66,9981500,-1.0,-1.0,-1.0
2019/02/14,1078.66,1094.66,1067.66,1074.3200000000002,7914000,-1.0,-1.0,-1.0
2019/02/15,1067.66,1073.0,1056.0,1060.3200000000002,5278500,-1.0,-1.0,-1.0
2019/02/18,1086.66,1087.0,1058.66,1059.66,5391000,-1.0,-1.0,-1.0
2019/02/19,1052.0,1058.3200000000002,1037.66,1054.66,4684000,-1.0,-1.0,-1.0
2019/02/20,1053.0,1058.66,1038.66,1044.3200000000002,4588500,-1.0,-1.0,-1.0
2019/02/21,1041.3200000000002,1060.66,1037.66,1053.66,5481500,-1.0,-1.0,-1.0
2019/02/22,1041.66,1042.3200000000002,1026.66,1032.66,5907000,-1.0,-1.0,-1.0
2019/02/25,1051.0,1055.3200000000002,1040.66,1040.66,3775500,-1.0,-1.0,-1.0
2019/02/26,1048.0,1048.0,1025.0,1032.0,4506000,-1.0,-1.0,-1.0
2019/02/27,1036.66,1039.3200000000002,1024.3200000000002,1026.0,4020500,-1.0,-1.0,-1.0
2019/02/28,1016.6600000000001,1019.6600000000001,999.3200000000002,1010.0,5635500,-1.0,-1.0,-1.0
2019/03/01,1014.3200000000002,1027.0,1012.3200000000002,1025.66,3426000,-1.0,-1.0,-1.0
2019/03/04,1042.0,1063.3200000000002,1042.0,1060.3200000000002,6760500,-1.0,-1.0,-1.0
2019/03/05,1043.66,1052.66,1030.66,1035.66,5263500,-1.0,-1.0,-1.0
2019/03/06,1026.3200000000002,1033.66,1022.0,1027.3200000000002,4247000,-1.0,-1.0,-1.0
2019/03/07,996.6600000000001,1002.0,984.0,997.0,9010000,-1.0,-1.0,-1.0
2019/03/08,982.0,984.3200000000002,956.6600000000001,960.6600000000001,11013500,-1.0,-1.0,-1.0
2019/03/11,970.0,982.3200000000002,946.6600000000001,976.0,5849000,-1.0,-1.0,-1.0
2019/03/12,1000.6600000000001,1007.0,989.6600000000001,997.3200000000002,5571500,-1.0,-1.0,-1.0
2019/03/13,990.0,999.3200000000002,978.3200000000002,984.3200000000002,5076000,-1.0,-1.0,-1.0
2019/03/14,998.3200000000002,1003.0,983.3200000000002,987.0,5873000,-1.0,-1.0,-1.0
2019/03/15,1001.3200000000002,1028.66,1000.3200000000002,1014.6600000000001,9128000,-1.0,-1.0,-1.0
2019/03/18,1052.66,1059.0,1041.0,1047.0,7289000,-1.0,-1.0,-1.0
2019/03/19,1033.3200000000002,1043.3200000000002,1023.0,1042.66,8009000,-1.0,-1.0,-1.0
2019/03/20,1044.66,1053.66,1044.0,1046.66,5653500,-1.0,-1.0,-1.0
2019/03/22,1094.66,1118.66,1088.3200000000002,1101.0,15427500,-1.0,-1.0,-1.0
2019/03/25,1062.3200000000002,1080.3200000000002,1060.66,1080.0,10436500,-1.0,-1.0,-1.0
2019/03/26,1086.66,1091.66,1073.3200000000002,1089.66,9034000,-1.0,-1.0,-1.0
2019/03/27,1083.66,1089.66,1073.66,1086.66,8049000,-1.0,-1.0,-1.0
2019/03/28,1063.3200000000002,1072.66,1050.0,1068.3200000000002,8092500,-1.0,-1.0,-1.0
2019/03/29,1082.0,1084.3200000000002,1062.66,1066.66,5759500,-1.0,-1.0,-1.0
2019/04/01,1089.3200000000002,1098.66,1080.66,1090.66,8405000,-1.0,-1.0,-1.0
2019/04/02,1120.0,1130.0,1113.0,1124.3200000000002,12306000,-1.0,-1.0,-1.0
2019/04/03,1130.0,1164.3200000000002,1125.3200000000002,1156.3200000000002,13403500,-1.0,-1.0,-1.0
2019/04/04,1170.0,1195.3200000000002,1157.3200000000002,1162.3200000000002,12319500,-1.0,-1.0,-1.0
2019/04/05,1167.0,1184.0,1162.66,1179.0,7109000,-1.0,-1.0,-1.0
2019/04/08,1194.66,1200.3200000000002,1154.66,1160.3200000000002,7554500,-1.0,-1.0,-1.0
2019/04/09,1158.66,1177.66,1158.0,1171.3200000000002,5537500,-1.0,-1.0,-1.0
2019/04/10,1143.0,1163.66,1138.0,1161.0,6292000,-1.0,-1.0,-1.0
2019/04/11,1156.3200000000002,1168.0,1148.3200000000002,1164.0,4899500,-1.0,-1.0,-1.0
2019/04/12,1169.0,1170.3200000000002,1151.3200000000002,1165.66,5824500,-1.0,-1.0,-1.0
2019/04/15,1185.0,1187.0,1170.3200000000002,1171.0,5236000,-1.0,-1.0,-1.0
2019/04/16,1166.66,1177.0,1159.3200000000002,1174.0,4254000,-1.0,-1.0,-1.0
2019/04/17,1186.66,1204.0,1183.3200000000002,1183.3200000000002,6941000,-1.0,-1.0,-1.0
2019/04/18,1198.0,1207.66,1181.0,1183.0,7775000,-1.0,-1.0,-1.0
2019/04/19,1198.66,1214.3200000000002,1192.66,1210.3200000000002,7167500,-1.0,-1.0,-1.0
2019/04/22,1210.3200000000002,1211.3200000000002,1190.0,1196.3200000000002,4979500,-1.0,-1.0,-1.0
2019/04/23,1206.66,1206.66,1183.0,1193.3200000000002,4585500,-1.0,-1.0,-1.0
2019/04/24,1198.66,1198.66,1175.66,1178.3200000000002,6559000,-1.0,-1.0,-1.0
2019/04/25,1191.66,1201.3200000000002,1180.66,1190.0,7944500,-1.0,-1.0,-1.0
2019/04/26,1166.66,1177.0,1142.3200000000002,1176.3200000000002,7808000,-1.0,-1.0,-1.0
2019/05/07,1158.3200000000002,1168.0,1143.66,1146.3200000000002,7985000,-1.0,-1.0,-1.0
2019/05/08,1114.0,1132.0,1108.0,1118.66,6938500,-1.0,-1.0,-1.0
2019/05/09,1103.66,1125.3200000000002,1101.0,1118.66,6150500,-1.0,-1.0,-1.0
2019/05/10,1118.66,1140.3200000000002,1103.0,1113.66,7809500,-1.0,-1.0,-1.0
2019/05/13,1099.0,1100.0,1082.3200000000002,1084.66,6543500,-1.0,-1.0,-1.0
2019/05/14,1051.3200000000002,1095.0,1047.66,1085.0,6232000,-1.0,-1.0,-1.0
2019/05/15,1096.66,1113.66,1087.0,1112.66,5471500,-1.0,-1.0,-1.0
2019/05/16,1109.66,1112.3200000000002,1065.3200000000002,1077.0,6165000,-1.0,-1.0,-1.0
2019/05/17,1101.0,1117.3200000000002,1081.3200000000002,1081.66,7828000,-1.0,-1.0,-1.0
2019/05/20,1065.3200000000002,1080.66,1044.0,1047.66,7200500,-1.0,-1.0,-1.0
2019/05/21,1033.0,1040.0,1003.3200000000002,1028.0,8087000,-1.0,-1.0,-1.0
2019/05/22,1052.66,1055.66,1018.3200000000002,1019.0,6185000,-1.0,-1.0,-1.0
2019/05/23,1004.0,1004.6600000000001,990.0,994.0,6816000,-1.0,-1.0,-1.0
2019/05/24,974.3200000000002,981.6600000000001,964.6600000000001,969.3200000000002,9360000,-1.0,-1.0,-1.0
2019/05/27,965.0,981.0,963.3200000000002,974.3200000000002,5029500,-1.0,-1.0,-1.0
2019/05/28,1034.0,1038.0,994.3200000000002,1000.6600000000001,18751500,-1.0,-1.0,-1.0
2019/05/29,986.6600000000001,986.6600000000001,969.0,979.0,9533000,-1.0,-1.0,-1.0
2019/05/30,987.6600000000001,1012.0,986.6600000000001,1011.3200000000002,9439000,-1.0,-1.0,-1.0
2019/05/31,1000.3200000000002,1008.3200000000002,984.0,986.0,8708500,-1.0,-1.0,-1.0
2019/06/03,965.3200000000002,973.6600000000001,956.6600000000001,965.6600000000001,8283000,-1.0,-1.0,-1.0
2019/06/04,972.0,997.0,971.6600000000001,997.0,8223500,-1.0,-1.0,-1.0
2019/06/05,1026.66,1031.0,1016.0,1020.6600000000001,8118500,-1.0,-1.0,-1.0
2019/06/06,1016.6600000000001,1019.6600000000001,996.0,997.6600000000001,5032000,-1.0,-1.0,-1.0
2019/06/07,1010.3200000000002,1028.66,1010.3200000000002,1025.66,5630000,-1.0,-1.0,-1.0
2019/06/10,1043.66,1046.0,1030.66,1039.66,6677500,-1.0,-1.0,-1.0
2019/06/11,1048.66,1066.66,1047.66,1065.0,6602000,-1.0,-1.0,-1.0
2019/06/12,1056.66,1062.66,1037.0,1037.66,6525000,-1.0,-1.0,-1.0
2019/06/13,1013.0,1016.6600000000001,988.6600000000001,994.0,10637000,-1.0,-1.0,-1.0
2019/06/14,984.0,987.0,964.6600000000001,975.3200000000002,12355000,-1.0,-1.0,-1.0
2019/06/17,920.0,955.0,917.3200000000002,951.0,9908500,-1.0,-1.0,-1.0
2019/06/18,938.0,947.3200000000002,934.0,941.3200000000002,6065500,-1.0,-1.0,-1.0
2019/06/19,975.6600000000001,983.3200000000002,968.0,980.6600000000001,8575500,-1.0,-1.0,-1.0
2019/06/20,980.6600000000001,991.0,961.6600000000001,989.6600000000001,6216500,-1.0,-1.0,-1.0
2019/06/21,990.0,1005.0,990.0,1004.0,10276500,-1.0,-1.0,-1.0
2019/06/24,986.3200000000002,993.3200000000002,974.6600000000001,987.3200000000002,5163000,-1.0,-1.0,-1.0
2019/06/25,976.6600000000001,981.3200000000002,953.3200000000002,954.6600000000001,7906500,-1.0,-1.0,-1.0
2019/06/26,959.6600000000001,981.0,957.3200000000002,976.0,6996500,-1.0,-1.0,-1.0
2019/06/27,999.6600000000001,1018.6600000000001,997.6600000000001,1005.0,8339000,-1.0,-1.0,-1.0
2019/06/28,1003.3200000000002,1009.0,993.0,1008.0,6668500,-1.0,-1.0,-1.0
2019/07/01,1066.66,1068.0,1035.0,1056.0,10903000,-1.0,-1.0,-1.0
2019/07/02,1056.66,1089.66,1054.3200000000002,1087.3200000000002,10921000,-1.0,-1.0,-1.0
2019/07/03,1073.3200000000002,1083.3200000000002,1066.0,1078.0,9249000,-1.0,-1.0,-1.0
2019/07/04,1081.66,1090.0,1072.66,1087.3200000000002,5794000,-1.0,-1.0,-1.0
2019/07/05,1092.0,1118.66,1089.3200000000002,1118.66,9870500,-1.0,-1.0,-1.0
2019/07/08,1115.3200000000002,1123.0,1112.0,1119.66,7340000,-1.0,-1.0,-1.0
2019/07/09,1113.3200000000002,1114.66,1087.0,1096.0,8065500,-1.0,-1.0,-1.0
2019/07/10,1096.0,1106.66,1088.66,1093.66,6447500,-1.0,-1.0,-1.0
2019/07/11,1095.66,1113.0,1095.66,1110.66,6363000,-1.0,-1.0,-1.0
2019/07/12,1119.66,1120.3200000000002,1098.3200000000002,1108.66,5140000,-1.0,-1.0,-1.0
2019/07/16,1113.0,1121.0,1103.0,1107.66,3777000,-1.0,-1.0,-1.0
2019/07/17,1089.0,1107.66,1078.0,1105.0,5136000,-1.0,-1.0,-1.0
2019/07/18,1094.0,1110.0,1091.3200000000002,1100.0,5936000,-1.0,-1.0,-1.0
2019/07/19,1126.66,1154.66,1125.3200000000002,1138.3200000000002,10575000,-1.0,-1.0,-1.0
2019/07/22,1140.66,1154.66,1139.66,1151.3200000000002,7423500,-1.0,-1.0,-1.0
2019/07/23,1177.0,1188.3200000000002,1170.3200000000002,1186.3200000000002,10623500,-1.0,-1.0,-1.0
2019/07/24,1206.3200000000002,1213.0,1192.0,1193.3200000000002,11188500,-1.0,-1.0,-1.0
2019/07/25,1212.66,1236.66,1186.3200000000002,1236.66,15360500,-1.0,-1.0,-1.0
2019/07/26,1213.3200000000002,1224.0,1206.0,1219.66,8847000,-1.0,-1.0,-1.0
2019/07/29,1194.66,1219.66,1182.3200000000002,1210.0,9233000,-1.0,-1.0,-1.0
2019/07/30,1227.66,1257.66,1224.66,1246.66,8535500,-1.0,-1.0,-1.0
2019/07/31,1240.66,1257.66,1236.3200000000002,1246.3200000000002,7911500,-1.0,-1.0,-1.0
2019/08/01,1219.3200000000002,1243.3200000000002,1216.3200000000002,1238.66,6530000,-1.0,-1.0,-1.0
2019/08/02,1196.66,1233.0,1193.3200000000002,1230.0,9812500,-1.0,-1.0,-1.0
2019/08/05,1203.66,1212.3200000000002,1181.3200000000002,1200.66,9091000,-1.0,-1.0,-1.0
2019/08/06,1147.3200000000002,1218.3200000000002,1144.66,1213.3200000000002,10314500,-1.0,-1.0,-1.0
2019/08/07,1211.66,1213.0,1191.3200000000002,1211.3200000000002,7725500,-1.0,-1.0,-1.0
2019/08/08,1215.3200000000002,1232.3200000000002,1212.0,1224.66,5960000,-1.0,-1.0,-1.0
2019/08/09,1233.66,1242.66,1221.3200000000002,1224.66,5782500,-1.0,-1.0,-1.0
2019/08/13,1206.66,1221.0,1203.3200000000002,1217.3200000000002,5451000,-1.0,-1.0,-1.0
2019/08/14,1246.66,1249.66,1228.0,1230.66,6828500,-1.0,-1.0,-1.0
2019/08/15,1204.0,1229.0,1200.0,1229.0,7124500,-1.0,-1.0,-1.0
2019/08/16,1248.0,1261.3200000000002,1239.0,1253.3200000000002,7690000,-1.0,-1.0,-1.0
2019/08/19,1264.66,1273.66,1243.3200000000002,1245.0,4906500,-1.0,-1.0,-1.0
2019/08/20,1250.66,1264.66,1246.0,1262.0,4241500,-1.0,-1.0,-1.0
2019/08/21,1265.0,1278.3200000000002,1262.66,1273.66,5303000,-1.0,-1.0,-1.0
2019/08/22,1287.0,1304.0,1283.66,1286.66,7326500,-1.0,-1.0,-1.0
2019/08/23,1287.0,1301.0,1270.0,1299.66,6989500,-1.0,-1.0,-1.0
2019/08/26,1266.66,1272.0,1256.3200000000002,1261.0,8992500,-1.0,-1.0,-1.0
2019/08/27,1273.3200000000002,1286.66,1273.3200000000002,1274.0,4878500,-1.0,-1.0,-1.0
2019/08/28,1273.3200000000002,1274.0,1257.0,1257.0,4516500,-1.0,-1.0,-1.0
2019/08/29,1263.3200000000002,1265.66,1238.66,1245.3200000000002,5338500,-1.0,-1.0,-1.0
2019/08/30,1264.3200000000002,1273.0,1254.3200000000002,1267.0,6691000,-1.0,-1.0,-1.0
2019/09/02,1258.3200000000002,1288.66,1255.66,1282.66,4967000,-1.0,-1.0,-1.0
2019/09/03,1287.3200000000002,1292.66,1267.66,1267.66,5634500,-1.0,-1.0,-1.0
2019/09/04,1266.3200000000002,1285.66,1259.3200000000002,1283.3200000000002,5508500,-1.0,-1.0,-1.0
2019/09/05,1300.0,1343.0,1299.3200000000002,1336.66,13930000,-1.0,-1.0,-1.0
2019/09/06,1350.66,1363.3200000000002,1325.3200000000002,1333.66,7679500,-1.0,-1.0,-1.0
2019/09/09,1333.66,1364.0,1333.66,1359.0,7785000,-1.0,-1.0,-1.0
2019/09/10,1365.3200000000002,1366.66,1350.0,1358.3200000000002,6931000,-1.0,-1.0,-1.0
2019/09/11,1358.3200000000002,1361.66,1342.0,1360.0,7027500,-1.0,-1.0,-1.0
2019/09/12,1386.66,1410.0,1382.66,1396.66,10046500,-1.0,-1.0,-1.0
2019/09/13,1406.66,1406.66,1383.3200000000002,1395.0,10731500,-1.0,-1.0,-1.0
2019/09/17,1390.0,1402.0,1382.3200000000002,1394.3200000000002,5457000,-1.0,-1.0,-1.0
2019/09/18,1396.66,1402.3200000000002,1383.66,1385.0,4351500,-1.0,-1.0,-1.0
2019/09/19,1400.0,1404.66,1376.66,1385.3200000000002,5206500,-1.0,-1.0,-1.0
2019/09/20,1380.66,1395.0,1369.0,1384.66,6230500,-1.0,-1.0,-1.0
2019/09/24,1393.3200000000002,1407.66,1391.66,1400.66,6500000,-1.0,-1.0,-1.0
2019/09/25,1388.66,1398.66,1387.3200000000002,1396.66,4183000,-1.0,-1.0,-1.0
2019/09/26,1413.3200000000002,1422.0,1404.0,1410.3200000000002,5687000,-1.0,-1.0,-1.0
2019/09/27,1381.66,1388.3200000000002,1357.66,1383.66,7161500,-1.0,-1.0,-1.0
2019/09/30,1365.66,1377.0,1360.0,1371.0,6191500,-1.0,-1.0,-1.0
2019/10/01,1387.3200000000002,1405.66,1385.0,1403.0,6059000,-1.0,-1.0,-1.0
2019/10/02,1390.3200000000002,1400.3200000000002,1380.0,1387.66,5474000,-1.0,-1.0,-1.0
2019/10/03,1376.0,1401.3200000000002,1371.66,1390.3200000000002,6397500,-1.0,-1.0,-1.0
2019/10/04,1406.3200000000002,1414.0,1395.66,1402.0,5846000,-1.0,-1.0,-1.0
2019/10/07,1405.0,1408.0,1381.3200000000002,1389.66,3539500,-1.0,-1.0,-1.0
2019/10/08,1400.0,1413.0,1395.3200000000002,1408.66,4264000,-1.0,-1.0,-1.0
2019/10/09,1393.66,1416.3200000000002,1388.3200000000002,1415.0,4943500,-1.0,-1.0,-1.0
2019/10/10,1414.66,1428.0,1405.66,1425.0,5049000,-1.0,-1.0,-1.0
2019/10/11,1434.0,1437.3200000000002,1419.66,1433.66,6119000,-1.0,-1.0,-1.0
2019/10/15,1451.3200000000002,1457.3200000000002,1441.66,1453.66,6038000,-1.0,-1.0,-1.0
2019/10/16,1470.0,1484.3200000000002,1469.66,1473.3200000000002,6929000,-1.0,-1.0,-1.0
2019/10/17,1453.3200000000002,1469.0,1444.66,1464.3200000000002,6489000,-1.0,-1.0,-1.0
2019/10/18,1464.3200000000002,1467.0,1444.66,1450.0,7205500,-1.0,-1.0,-1.0
2019/10/21,1451.66,1465.66,1450.0,1451.66,4009500,-1.0,-1.0,-1.0
2019/10/23,1433.0,1434.0,1387.3200000000002,1392.0,12262000,-1.0,-1.0,-1.0
2019/10/24,1413.66,1426.66,1407.66,1422.3200000000002,7520000,-1.0,-1.0,-1.0
2019/10/25,1453.3200000000002,1468.3200000000002,1450.3200000000002,1458.66,9989500,-1.0,-1.0,-1.0
2019/10/28,1475.3200000000002,1505.3200000000002,1474.66,1501.0,6693000,-1.0,-1.0,-1.0
2019/10/29,1518.66,1525.3200000000002,1492.3200000000002,1500.0,5687000,-1.0,-1.0,-1.0
2019/10/30,1475.0,1480.66,1454.66,1465.3200000000002,7001000,-1.0,-1.0,-1.0
2019/10/31,1478.0,1483.3200000000002,1446.66,1471.66,6800000,-1.0,-1.0,-1.0
2019/11/01,1429.3200000000002,1485.66,1424.66,1483.0,5917500,-1.0,-1.0,-1.0
2019/11/05,1515.66,1524.0,1478.0,1480.3200000000002,8205000,-1.0,-1.0,-1.0
2019/11/06,1490.66,1508.0,1465.3200000000002,1468.66,6494500,-1.0,-1.0,-1.0
2019/11/07,1468.66,1486.3200000000002,1467.0,1477.3200000000002,4331000,-1.0,-1.0,-1.0
2019/11/08,1492.0,1492.0,1447.0,1452.0,8527500,-1.0,-1.0,-1.0
2019/11/11,1457.0,1466.66,1451.3200000000002,1457.66,3031500,-1.0,-1.0,-1.0
2019/11/12,1459.66,1474.66,1458.0,1471.66,3516000,-1.0,-1.0,-1.0
2019/11/13,1472.0,1484.66,1463.3200000000002,1475.3200000000002,4412500,-1.0,-1.0,-1.0
2019/11/14,1479.66,1495.3200000000002,1476.3200000000002,1482.66,4695000,-1.0,-1.0,-1.0
2019/11/15,1484.66,1516.66,1470.3200000000002,1516.3200000000002,7298000,-1.0,-1.0,-1.0
2019/11/18,1519.66,1551.3200000000002,1517.66,1544.0,6339000,-1.0,-1.0,-1.0
2019/11/19,1536.66,1537.3200000000002,1516.0,1524.66,4834000,-1.0,-1.0,-1.0
2019/11/20,1513.3200000000002,1524.3200000000002,1495.3200000000002,1500.66,4946500,-1.0,-1.0,-1.0
2019/11/21,1473.3200000000002,1473.3200000000002,1429.0,1449.0,10202000,-1.0,-1.0,-1.0
2019/11/22,1430.0,1472.0,1426.66,1460.3200000000002,5664500,-1.0,-1.0,-1.0
2019/11/25,1480.0,1488.3200000000002,1468.3200000000002,1480.0,4187000,-1.0,-1.0,-1.0
2019/11/26,1512.66,1520.3200000000002,1491.0,1520.3200000000002,11320000,-1.0,-1.0,-1.0
2019/11/27,1508.0,1521.3200000000002,1507.3200000000002,1517.3200000000002,4366000,-1.0,-1.0,-1.0
2019/11/28,1523.3200000000002,1527.0,1507.3200000000002,1509.66,3858500,-1.0,-1.0,-1.0
2019/11/29,1515.66,1520.66,1500.66,1506.66,4530500,-1.0,-1.0,-1.0
2019/12/02,1519.0,1527.66,1502.66,1504.66,4815500,-1.0,-1.0,-1.0
2019/12/03,1483.66,1507.66,1476.3200000000002,1507.66,3995000,-1.0,-1.0,-1.0
2019/12/04,1492.66,1502.0,1482.66,1491.66,4209000,-1.0,-1.0,-1.0
2019/12/05,1502.66,1505.0,1482.0,1495.66,4097500,-1.0,-1.0,-1.0
2019/12/06,1500.0,1514.3200000000002,1496.3200000000002,1498.66,3737000,-1.0,-1.0,-1.0
2019/12/09,1510.66,1512.66,1493.66,1493.66,3339000,-1.0,-1.0,-1.0
2019/12/10,1490.0,1491.66,1474.0,1483.3200000000002,4352500,-1.0,-1.0,-1.0
2019/12/11,1493.3200000000002,1504.66,1489.0,1495.0,3947000,-1.0,-1.0,-1.0
2019/12/12,1513.3200000000002,1568.0,1512.3200000000002,1567.66,12022500,-1.0,-1.0,-1.0
2019/12/13,1625.0,1664.0,1622.3200000000002,1659.6599999999999,13577000,-1.0,-1.0,-1.0
2019/12/16,1654.6599999999999,1672.0,1644.6599999999999,1660.6599999999999,5393500,-1.0,-1.0,-1.0
2019/12/17,1666.6599999999999,1671.3200000000002,1641.3200000000002,1642.3200000000002,6151500,-1.0,-1.0,-1.0
2019/12/18,1642.3200000000002,1659.3200000000002,1622.0,1627.3200000000002,5943000,-1.0,-1.0,-1.0
2019/12/19,1624.66,1625.0,1593.3200000000002,1594.0,5695000,-1.0,-1.0,-1.0
2019/12/20,1598.3200000000002,1615.0,1594.66,1596.66,6062500,-1.0,-1.0,-1.0
2019/12/23,1615.66,1622.66,1594.3200000000002,1594.66,3786500,-1.0,-1.0,-1.0
2019/12/24,1593.3200000000002,1594.0,1576.3200000000002,1584.0,3561000,-1.0,-1.0,-1.0
2019/12/25,1577.3200000000002,1582.0,1567.3200000000002,1578.66,2343500,-1.0,-1.0,-1.0
2019/12/26,1586.66,1601.3200000000002,1582.0,1597.0,3052000,-1.0,-1.0,-1.0
2019/12/27,1606.66,1610.0,1591.3200000000002,1591.66,3045000,-1.0,-1.0,-1.0
2019/12/30,1591.3200000000002,1599.0,1569.0,1595.0,3315500,-1.0,-1.0,-1.0
2020/01/06,1573.66,1579.0,1555.3200000000002,1557.0,5734000,-1.0,-1.0,-1.0
2020/01/07,1566.0,1572.3200000000002,1551.0,1567.66,4639500,-1.0,-1.0,-1.0
2020/01/08,1538.3200000000002,1564.66,1525.0,1552.66,7847000,-1.0,-1.0,-1.0
2020/01/09,1583.66,1634.0,1583.66,1632.3200000000002,7609000,-1.0,-1.0,-1.0
2020/01/10,1646.3200000000002,1673.3200000000002,1637.0,1656.0,7751000,-1.0,-1.0,-1.0
2020/01/14,1696.3200000000002,1704.3200000000002,1675.3200000000002,1686.6599999999999,6369500,-1.0,-1.0,-1.0
2020/01/15,1684.6599999999999,1693.6599999999999,1659.3200000000002,1666.6599999999999,4470000,-1.0,-1.0,-1.0
2020/01/16,1638.6599999999999,1671.3200000000002,1633.3200000000002,1670.0,5077500,-1.0,-1.0,-1.0
2020/01/17,1708.0,1712.0,1665.3200000000002,1668.3200000000002,6880000,-1.0,-1.0,-1.0
2020/01/20,1660.6599999999999,1683.0,1660.0,1678.6599999999999,2830500,-1.0,-1.0,-1.0
2020/01/21,1672.0,1674.6599999999999,1637.3200000000002,1640.0,6024500,-1.0,-1.0,-1.0
2020/01/22,1653.3200000000002,1676.6599999999999,1643.6599999999999,1674.6599999999999,5269500,-1.0,-1.0,-1.0
2020/01/23,1665.6599999999999,1684.0,1660.3200000000002,1667.0,4039500,-1.0,-1.0,-1.0
2020/01/24,1687.6599999999999,1697.6599999999999,1666.6599999999999,1680.6599999999999,4635000,-1.0,-1.0,-1.0
2020/01/27,1637.66,1655.3200000000002,1630.3200000000002,1632.66,5283000,-1.0,-1.0,-1.0
2020/01/28,1599.3200000000002,1620.0,1593.66,1618.0,5740500,-1.0,-1.0,-1.0
2020/01/29,1633.3200000000002,1657.0,1621.0,1652.0,6064500,-1.0,-1.0,-1.0
2020/01/30,1666.3200000000002,1670.3200000000002,1590.0,1596.66,8169000,-1.0,-1.0,-1.0
2020/01/31,1640.0,1644.0,1581.66,1633.3200000000002,7988000,-1.0,-1.0,-1.0
2020/02/03,1575.0,1609.66,1564.66,1604.66,7009000,-1.0,-1.0,-1.0
2020/02/04,1604.0,1638.6599999999999,1591.66,1632.3200000000002,6588500,-1.0,-1.0,-1.0
2020/02/05,1665.6599999999999,1666.6599999999999,1639.3200000000002,1639.3200000000002,6368000,-1.0,-1.0,-1.0
2020/02/06,1649.6599999999999,1654.6599999999999,1630.66,1636.66,8467000,-1.0,-1.0,-1.0
2020/02/07,1638.6599999999999,1648.0,1617.3200000000002,1623.3200000000002,6832000,-1.0,-1.0,-1.0
2020/02/10,1600.0,1632.66,1597.3200000000002,1621.66,4673500,-1.0,-1.0,-1.0
2020/02/12,1644.0,1678.3200000000002,1637.3200000000002,1678.3200000000002,7837500,-1.0,-1.0,-1.0
2020/02/13,1693.3200000000002,1725.0,1686.0,1713.6599999999999,7476000,-1.0,-1.0,-1.0
2020/02/14,1709.6599999999999,1719.6599999999999,1699.3200000000002,1712.3200000000002,4809000,-1.0,-1.0,-1.0
2020/02/17,1697.6599999999999,1707.6599999999999,1680.3200000000002,1694.3200000000002,3599000,-1.0,-1.0,-1.0
2020/02/18,1673.3200000000002,1673.3200000000002,1607.3200000000002,1613.66,8686500,-1.0,-1.0,-1.0
2020/02/19,1651.6599999999999,1678.3200000000002,1630.66,1676.0,8054500,-1.0,-1.0,-1.0
2020/02/20,1703.0,1710.6599999999999,1663.3200000000002,1677.6599999999999,5159000,-1.0,-1.0,-1.0
2020/02/21,1670.6599999999999,1688.0,1655.0,1656.3200000000002,4159500,-1.0,-1.0,-1.0
2020/02/25,1573.3200000000002,1632.3200000000002,1572.66,1619.0,7128000,-1.0,-1.0,-1.0
2020/02/26,1610.66,1617.0,1581.66,1610.0,7187500,-1.0,-1.0,-1.0
2020/02/27,1618.0,1622.3200000000002,1568.66,1575.3200000000002,7787500,-1.0,-1.0,-1.0
2020/02/28,1528.3200000000002,1535.0,1469.3200000000002,1488.3200000000002,12115000,-1.0,-1.0,-1.0
2020/03/02,1476.66,1570.0,1470.66,1555.3200000000002,10610000,-1.0,-1.0,-1.0
2020/03/03,1588.66,1589.3200000000002,1523.66,1525.3200000000002,7473000,-1.0,-1.0,-1.0
2020/03/04,1492.0,1542.66,1488.66,1523.3200000000002,6468000,-1.0,-1.0,-1.0
2020/03/05,1542.0,1555.0,1514.3200000000002,1530.66,6562000,-1.0,-1.0,-1.0
2020/03/06,1513.3200000000002,1524.0,1486.66,1495.66,7354500,-1.0,-1.0,-1.0
2020/03/09,1440.0,1443.66,1402.0,1414.66,9133000,-1.0,-1.0,-1.0
2020/03/10,1403.3200000000002,1475.66,1347.3200000000002,1469.66,10741500,-1.0,-1.0,-1.0
2020/03/11,1454.66,1468.0,1387.3200000000002,1389.0,10583500,-1.0,-1.0,-1.0
2020/03/12,1348.0,1398.0,1325.3200000000002,1341.66,11157000,-1.0,-1.0,-1.0
2020/03/13,1226.66,1341.66,1183.3200000000002,1256.0,17595500,-1.0,-1.0,-1.0
2020/03/16,1266.66,1291.66,1196.3200000000002,1212.66,11433000,-1.0,-1.0,-1.0
2020/03/17,1190.3200000000002,1258.66,1147.3200000000002,1197.0,15119500,-1.0,-1.0,-1.0
2020/03/18,1250.3200000000002,1251.0,1189.0,1195.3200000000002,13879500,-1.0,-1.0,-1.0
2020/03/19,1222.0,1226.0,1092.0,1100.66,15229000,-1.0,-1.0,-1.0
2020/03/23,1104.0,1154.3200000000002,1091.3200000000002,1140.66,11562000,-1.0,-1.0,-1.0
2020/03/24,1266.66,1346.3200000000002,1249.0,1346.3200000000002,19730000,-1.0,-1.0,-1.0
2020/03/25,1443.3200000000002,1446.66,1335.0,1411.3200000000002,14439000,-1.0,-1.0,-1.0
2020/03/26,1384.0,1431.3200000000002,1343.3200000000002,1354.66,9878500,-1.0,-1.0,-1.0
2020/03/27,1413.3200000000002,1428.3200000000002,1382.3200000000002,1423.3200000000002,12401000,-1.0,-1.0,-1.0
2020/03/30,1337.0,1382.66,1332.0,1353.0,13577500,-1.0,-1.0,-1.0
2020/03/31,1386.3200000000002,1392.0,1339.0,1357.0,10236500,-1.0,-1.0,-1.0
2020/04/01,1343.66,1359.0,1290.0,1304.0,7900000,-1.0,-1.0,-1.0
2020/04/02,1296.0,1328.3200000000002,1261.66,1295.3200000000002,9859000,-1.0,-1.0,-1.0
2020/04/03,1331.3200000000002,1331.3200000000002,1282.0,1307.0,8671500,-1.0,-1.0,-1.0
2020/04/06,1309.66,1396.3200000000002,1292.0,1394.3200000000002,10172000,-1.0,-1.0,-1.0
2020/04/07,1491.66,1499.3200000000002,1426.66,1473.66,12010000,-1.0,-1.0,-1.0
2020/04/08,1474.66,1519.3200000000002,1453.66,1508.0,10088500,-1.0,-1.0,-1.0
2020/04/09,1523.0,1529.3200000000002,1494.0,1529.3200000000002,6899000,-1.0,-1.0,-1.0
2020/04/10,1552.3200000000002,1552.3200000000002,1492.0,1509.66,8322000,-1.0,-1.0,-1.0
2020/04/13,1489.66,1511.66,1452.0,1452.66,6905500,-1.0,-1.0,-1.0
2020/04/14,1476.66,1520.66,1460.66,1510.3200000000002,7922000,-1.0,-1.0,-1.0
2020/04/15,1514.3200000000002,1527.66,1485.0,1490.3200000000002,7743500,-1.0,-1.0,-1.0
2020/04/16,1473.0,1507.66,1456.66,1504.66,6900000,-1.0,-1.0,-1.0
2020/04/17,1546.66,1570.0,1534.66,1562.66,9287500,-1.0,-1.0,-1.0
2020/04/20,1546.0,1573.3200000000002,1540.0,1549.66,6472500,-1.0,-1.0,-1.0
2020/04/21,1528.66,1532.66,1489.3200000000002,1499.66,8093000,-1.0,-1.0,-1.0
2020/04/22,1494.0,1501.0,1459.0,1477.0,7946000,-1.0,-1.0,-1.0
2020/04/23,1482.0,1493.0,1460.3200000000002,1466.66,6705500,-1.0,-1.0,-1.0
2020/04/24,1439.3200000000002,1451.66,1417.66,1420.66,6825500,-1.0,-1.0,-1.0
2020/04/27,1426.66,1463.3200000000002,1426.3200000000002,1459.0,6216000,-1.0,-1.0,-1.0
2020/04/28,1445.66,1478.3200000000002,1445.66,1472.3200000000002,4808500,-1.0,-1.0,-1.0
2020/04/30,1520.0,1541.0,1491.3200000000002,1529.3200000000002,9007500,-1.0,-1.0,-1.0
2020/05/01,1473.66,1490.66,1440.3200000000002,1445.0,10606000,-1.0,-1.0,-1.0
2020/05/07,1438.66,1498.3200000000002,1437.3200000000002,1490.66,7726500,-1.0,-1.0,-1.0
2020/05/08,1500.0,1515.0,1477.3200000000002,1499.3200000000002,7125000,-1.0,-1.0,-1.0
2020/05/11,1516.0,1538.66,1501.3200000000002,1514.66,5568000,-1.0,-1.0,-1.0
2020/05/12,1524.66,1542.0,1517.66,1530.3200000000002,5008000,-1.0,-1.0,-1.0
2020/05/13,1506.66,1518.66,1491.66,1517.0,5317000,-1.0,-1.0,-1.0
2020/05/14,1506.0,1506.3200000000002,1468.3200000000002,1471.66,6839000,-1.0,-1.0,-1.0
2020/05/15,1517.3200000000002,1529.3200000000002,1482.3200000000002,1501.66,7339000,-1.0,-1.0,-1.0
2020/05/18,1462.3200000000002,1473.0,1440.0,1446.66,6850500,-1.0,-1.0,-1.0
2020/05/19,1487.0,1489.66,1454.0,1454.0,5558000,-1.0,-1.0,-1.0
2020/05/20,1460.66,1492.66,1459.3200000000002,1484.66,5124500,-1.0,-1.0,-1.0
2020/05/21,1493.3200000000002,1501.0,1465.3200000000002,1472.3200000000002,4579500,-1.0,-1.0,-1.0
2020/05/22,1480.66,1483.3200000000002,1460.0,1475.0,4350500,-1.0,-1.0,-1.0
2020/05/25,1495.0,1498.3200000000002,1480.66,1496.0,4210500,-1.0,-1.0,-1.0
2020/05/26,1523.3200000000002,1531.3200000000002,1508.66,1513.0,6112500,-1.0,-1.0,-1.0
2020/05/27,1479.66,1488.3200000000002,1448.3200000000002,1459.3200000000002,12451500,-1.0,-1.0,-1.0
2020/05/28,1472.66,1472.66,1451.0,1472.3200000000002,8736000,-1.0,-1.0,-1.0
2020/05/29,1459.3200000000002,1468.0,1433.3200000000002,1433.3200000000002,13669000,-1.0,-1.0,-1.0
2020/06/01,1454.66,1498.0,1445.3200000000002,1497.0,9099500,-1.0,-1.0,-1.0
2020/06/02,1493.3200000000002,1513.3200000000002,1484.0,1511.66,5670000,-1.0,-1.0,-1.0
2020/06/03,1531.3200000000002,1551.3200000000002,1512.66,1527.0,6966500,-1.0,-1.0,-1.0
2020/06/04,1553.3200000000002,1561.66,1539.0,1545.66,6065500,-1.0,-1.0,-1.0
2020/06/05,1548.66,1592.0,1543.3200000000002,1589.3200000000002,6480000,-1.0,-1.0,-1.0
2020/06/08,1618.0,1624.0,1604.0,1612.66,5925500,-1.0,-1.0,-1.0
2020/06/09,1602.66,1605.3200000000002,1563.3200000000002,1569.0,6240500,-1.0,-1.0,-1.0
2020/06/10,1566.66,1607.3200000000002,1562.66,1592.0,6164000,-1.0,-1.0,-1.0
2020/06/11,1578.3200000000002,1601.0,1565.66,1567.3200000000002,5399000,-1.0,-1.0,-1.0
2020/06/12,1521.0,1548.0,1489.3200000000002,1544.3200000000002,10151000,-1.0,-1.0,-1.0
2020/06/15,1526.66,1532.0,1458.66,1458.66,7727500,-1.0,-1.0,-1.0
2020/06/16,1506.66,1542.3200000000002,1502.66,1538.0,7307000,-1.0,-1.0,-1.0
2020/06/17,1529.3200000000002,1551.3200000000002,1520.0,1537.3200000000002,4274500,-1.0,-1.0,-1.0
2020/06/18,1545.3200000000002,1551.66,1528.3200000000002,1547.0,4759000,-1.0,-1.0,-1.0
2020/06/19,1607.3200000000002,1662.3200000000002,1598.0,1657.3200000000002,15216500,-1.0,-1.0,-1.0
2020/06/22,1673.3200000000002,1697.0,1646.6599999999999,1672.3200000000002,7593000,-1.0,-1.0,-1.0
2020/06/23,1700.0,1714.6599999999999,1670.6599999999999,1702.6599999999999,8054000,-1.0,-1.0,-1.0
2020/06/24,1693.6599999999999,1708.6599999999999,1688.6599999999999,1699.6599999999999,4492500,-1.0,-1.0,-1.0
2020/06/25,1690.0,1709.6599999999999,1684.3200000000002,1703.0,5518500,-1.0,-1.0,-1.0
2020/06/26,1716.6599999999999,1771.3200000000002,1710.0,1759.0,8951000,-1.0,-1.0,-1.0
2020/06/29,1733.3200000000002,1769.6599999999999,1728.6599999999999,1738.3200000000002,5793000,-1.0,-1.0,-1.0
2020/06/30,1778.6599999999999,1780.0,1756.0,1762.6599999999999,7136500,-1.0,-1.0,-1.0
2020/07/01,1786.6599999999999,1850.6599999999999,1784.0,1849.0,11153000,-1.0,-1.0,-1.0
2020/07/02,1880.0,1880.0,1832.3200000000002,1862.0,9207000,-1.0,-1.0,-1.0
2020/07/03,1863.6599999999999,1920.6599999999999,1852.0,1914.6599999999999,7623000,-1.0,-1.0,-1.0
2020/07/06,1920.0,1971.0,1920.0,1966.6599999999999,8074000,-1.0,-1.0,-1.0
2020/07/07,1987.3200000000002,2022.6599999999999,1976.3200000000002,1996.0,9659500,-1.0,-1.0,-1.0
2020/07/08,1980.3200000000002,2003.3200000000002,1977.0,1987.3200000000002,7404000,-1.0,-1.0,-1.0
2020/07/09,1993.3200000000002,2008.6599999999999,1983.0,1989.0,5538000,-1.0,-1.0,-1.0
2020/07/10,1989.0,2028.0,1973.0,1974.0,7600500,-1.0,-1.0,-1.0
2020/07/13,1987.0,1988.3200000000002,1935.6599999999999,1951.3200000000002,6399000,-1.0,-1.0,-1.0
2020/07/14,1918.0,1941.6599999999999,1906.6599999999999,1923.0,5841000,-1.0,-1.0,-1.0
2020/07/15,1933.3200000000002,1950.0,1915.3200000000002,1945.6599999999999,6064000,-1.0,-1.0,-1.0
2020/07/16,1900.0,1906.3200000000002,1878.6599999999999,1896.0,6506000,-1.0,-1.0,-1.0
2020/07/17,1906.6599999999999,1931.3200000000002,1888.3200000000002,1896.3200000000002,6467500,-1.0,-1.0,-1.0
2020/07/20,1918.6599999999999,1955.6599999999999,1912.3200000000002,1941.3200000000002,6702500,-1.0,-1.0,-1.0
2020/07/21,1977.3200000000002,1994.0,1954.6599999999999,1986.6599999999999,8063000,-1.0,-1.0,-1.0
2020/07/22,1968.3200000000002,1987.6599999999999,1959.3200000000002,1977.3200000000002,4994000,-1.0,-1.0,-1.0
2020/07/27,1933.3200000000002,1942.3200000000002,1907.6599999999999,1924.6599999999999,6164500,-1.0,-1.0,-1.0
2020/07/28,1946.3200000000002,1958.0,1920.0,1930.6599999999999,4705500,-1.0,-1.0,-1.0
2020/07/29,1973.3200000000002,1999.0,1906.6599999999999,1927.0,9137500,-1.0,-1.0,-1.0
2020/07/30,1939.3200000000002,1950.3200000000002,1915.6599999999999,1915.6599999999999,4837500,-1.0,-1.0,-1.0
2020/07/31,1923.0,1927.0,1881.3200000000002,1920.0,6749500,-1.0,-1.0,-1.0
2020/08/03,1933.3200000000002,1943.3200000000002,1907.3200000000002,1930.6599999999999,5403000,-1.0,-1.0,-1.0
2020/08/04,1960.0,1982.0,1940.3200000000002,1941.6599999999999,5857500,-1.0,-1.0,-1.0
2020/08/05,1940.3200000000002,1948.0,1924.0,1945.6599999999999,3772000,-1.0,-1.0,-1.0
2020/08/06,1927.6599999999999,1927.6599999999999,1902.3200000000002,1904.3200000000002,4869500,-1.0,-1.0,-1.0
2020/08/07,1881.3200000000002,1884.6599999999999,1837.3200000000002,1862.6599999999999,6271500,-1.0,-1.0,-1.0
2020/08/11,1854.3200000000002,1871.3200000000002,1832.3200000000002,1867.3200000000002,5274500,-1.0,-1.0,-1.0
2020/08/12,1846.6599999999999,1857.6599999999999,1833.6599999999999,1856.0,5118500,-1.0,-1.0,-1.0
2020/08/13,1902.6599999999999,1935.3200000000002,1897.0,1913.6599999999999,6532000,-1.0,-1.0,-1.0
2020/08/14,1919.3200000000002,1921.3200000000002,1891.6599999999999,1912.6599999999999,4617500,-1.0,-1.0,-1.0
2020/08/17,1905.3200000000002,1921.6599999999999,1899.3200000000002,1910.0,2994000,-1.0,-1.0,-1.0
2020/08/18,1928.3200000000002,1950.6599999999999,1917.6599999999999,1932.0,4740500,-1.0,-1.0,-1.0
2020/08/19,1918.0,1925.6599999999999,1892.3200000000002,1915.0,4725000,-1.0,-1.0,-1.0
2020/08/20,1900.6599999999999,1904.0,1849.3200000000002,1851.3200000000002,6139000,-1.0,-1.0,-1.0
2020/08/21,1869.6599999999999,1890.6599999999999,1856.6599999999999,1865.0,3912000,-1.0,-1.0,-1.0
2020/08/24,1836.6599999999999,1863.3200000000002,1833.3200000000002,1856.0,3470500,-1.0,-1.0,-1.0
2020/08/25,1879.3200000000002,1879.3200000000002,1855.3200000000002,1859.3200000000002,3310000,-1.0,-1.0,-1.0
2020/08/26,1864.6599999999999,1872.6599999999999,1857.3200000000002,1863.6599999999999,2376500,-1.0,-1.0,-1.0
2020/08/27,1863.6599999999999,1875.6599999999999,1847.6599999999999,1875.6599999999999,3789000,-1.0,-1.0,-1.0
2020/08/28,1848.6599999999999,1854.3200000000002,1794.6599999999999,1810.3200000000002,8759000,-1.0,-1.0,-1.0
2020/08/31,1843.6599999999999,1844.3200000000002,1809.6599999999999,1810.0,4565000,-1.0,-1.0,-1.0
2020/09/01,1840.0,1849.0,1824.0,1834.3200000000002,4798000,-1.0,-1.0,-1.0
2020/09/02,1849.6599999999999,1861.0,1832.6599999999999,1860.3200000000002,3908500,-1.0,-1.0,-1.0
2020/09/03,1893.6599999999999,1908.0,1875.0,1878.6599999999999,5402500,-1.0,-1.0,-1.0
2020/09/04,1822.0,1839.6599999999999,1814.6599999999999,1827.3200000000002,4656000,-1.0,-1.0,-1.0
2020/09/07,1794.0,1798.3200000000002,1758.6599999999999,1760.0,6776000,-1.0,-1.0,-1.0
2020/09/08,1768.3200000000002,1773.3200000000002,1736.6599999999999,1771.3200000000002,4895500,-1.0,-1.0,-1.0
2020/09/09,1718.0,1737.0,1715.0,1735.0,5771500,-1.0,-1.0,-1.0
2020/09/10,1760.0,1760.3200000000002,1701.6599999999999,1706.0,6175000,-1.0,-1.0,-1.0
2020/09/11,1705.0,1718.6599999999999,1684.3200000000002,1706.0,7697000,-1.0,-1.0,-1.0
2020/09/14,1699.0,1710.3200000000002,1684.3200000000002,1703.0,4408000,-1.0,-1.0,-1.0
2020/09/15,1729.3200000000002,1748.0,1717.6599999999999,1722.6599999999999,5029500,-1.0,-1.0,-1.0
2020/09/16,1732.3200000000002,1744.0,1724.0,1744.0,3952500,-1.0,-1.0,-1.0
2020/09/17,1757.3200000000002,1758.3200000000002,1733.0,1744.6599999999999,4613500,-1.0,-1.0,-1.0
2020/09/18,1746.6599999999999,1758.0,1742.0,1750.3200000000002,3769500,-1.0,-1.0,-1.0
2020/09/23,1755.6599999999999,1797.6599999999999,1755.6599999999999,1794.6599999999999,5261000,-1.0,-1.0,-1.0
2020/09/24,1803.0,1838.3200000000002,1792.0,1830.6599999999999,6378000,-1.0,-1.0,-1.0
2020/09/25,1846.6599999999999,1848.6599999999999,1823.3200000000002,1833.6599999999999,4418500,-1.0,-1.0,-1.0
2020/09/28,1846.0,1847.0,1787.0,1801.6599999999999,5481500,-1.0,-1.0,-1.0
2020/09/29,1795.6599999999999,1861.6599999999999,1792.0,1853.3200000000002,5500500,-1.0,-1.0,-1.0
2020/09/30,1843.3200000000002,1862.6599999999999,1819.3200000000002,1822.0,6064500,-1.0,-1.0,-1.0
2020/10/02,1872.0,1872.0,1833.3200000000002,1837.6599999999999,4809000,-1.0,-1.0,-1.0
2020/10/05,1837.6599999999999,1846.3200000000002,1796.3200000000002,1808.3200000000002,4213500,-1.0,-1.0,-1.0
2020/10/06,1818.3200000000002,1819.0,1796.3200000000002,1803.3200000000002,3436000,-1.0,-1.0,-1.0
2020/10/07,1795.6599999999999,1845.6599999999999,1794.6599999999999,1837.3200000000002,5088000,-1.0,-1.0,-1.0
2020/10/08,1843.3200000000002,1906.6599999999999,1843.3200000000002,1905.3200000000002,6691000,-1.0,-1.0,-1.0
2020/10/09,1925.0,1925.6599999999999,1885.3200000000002,1895.3200000000002,5390500,-1.0,-1.0,-1.0
2020/10/12,1897.0,1913.3200000000002,1890.6599999999999,1894.0,2731000,-1.0,-1.0,-1.0
2020/10/13,1904.0,1916.3200000000002,1895.3200000000002,1916.3200000000002,3057000,-1.0,-1.0,-1.0
2020/10/14,1923.3200000000002,1970.0,1922.6599999999999,1965.3200000000002,7003500,-1.0,-1.0,-1.0
2020/10/15,1936.3200000000002,1968.3200000000002,1928.6599999999999,1963.0,4649500,-1.0,-1.0,-1.0
2020/10/16,1959.0,1970.0,1923.3200000000002,1934.3200000000002,3491500,-1.0,-1.0,-1.0
2020/10/19,1928.6599999999999,1950.0,1928.6599999999999,1937.0,2285000,-1.0,-1.0,-1.0
2020/10/20,1946.6599999999999,1974.3200000000002,1940.3200000000002,1954.3200000000002,3636500,-1.0,-1.0,-1.0
2020/10/21,1954.6599999999999,1961.3200000000002,1939.6599999999999,1940.0,2629000,-1.0,-1.0,-1.0
2020/10/22,1928.0,1950.0,1926.3200000000002,1950.0,2637000,-1.0,-1.0,-1.0
2020/10/23,1935.6599999999999,1939.0,1896.3200000000002,1896.6599999999999,3748000,-1.0,-1.0,-1.0
2020/10/26,1909.6599999999999,1913.3200000000002,1883.3200000000002,1894.3200000000002,1967000,-1.0,-1.0,-1.0
2020/10/27,1877.6599999999999,1902.0,1869.6599999999999,1899.3200000000002,2989000,-1.0,-1.0,-1.0
2020/10/28,1878.6599999999999,1919.3200000000002,1878.6599999999999,1918.6599999999999,3601500,-1.0,-1.0,-1.0
2020/10/29,1894.6599999999999,1936.0,1890.0,1933.0,3372000,-1.0,-1.0,-1.0
2020/10/30,1953.0,1953.3200000000002,1859.0,1860.0,6040500,-1.0,-1.0,-1.0
2020/11/02,1869.6599999999999,1872.3200000000002,1825.0,1858.6599999999999,3889500,-1.0,-1.0,-1.0
2020/11/04,1883.3200000000002,1893.3200000000002,1856.0,1860.6599999999999,4717500,-1.0,-1.0,-1.0
2020/11/05,1900.0,1961.6599999999999,1900.0,1936.6599999999999,8437000,-1.0,-1.0,-1.0
2020/11/06,1908.6599999999999,1946.6599999999999,1907.0,1935.3200000000002,4332500,-1.0,-1.0,-1.0
2020/11/09,1954.3200000000002,2008.0,1953.3200000000002,1995.6599999999999,6036000,-1.0,-1.0,-1.0
2020/11/10,1993.6599999999999,2008.0,1954.6599999999999,1964.6599999999999,5323500,-1.0,-1.0,-1.0
2020/11/11,1953.0,2002.6599999999999,1947.0,1989.3200000000002,4817500,-1.0,-1.0,-1.0
2020/11/12,2017.3200000000002,2026.6599999999999,1996.0,2014.6599999999999,6056500,-1.0,-1.0,-1.0
2020/11/13,2016.6599999999999,2076.66,2008.0,2068.66,8439000,-1.0,-1.0,-1.0
2020/11/16,2115.32,2184.66,2109.32,2171.32,6543000,-1.0,-1.0,-1.0
2020/11/17,2178.66,2229.32,2174.0,2200.0,5709000,-1.0,-1.0,-1.0
2020/11/18,2157.32,2187.32,2143.32,2158.0,4300500,-1.0,-1.0,-1.0
2020/11/19,2132.66,2140.0,2104.66,2120.0,4644500,-1.0,-1.0,-1.0
2020/11/20,2123.32,2152.66,2120.0,2142.66,3041500,-1.0,-1.0,-1.0
2020/11/24,2212.66,2273.32,2206.66,2262.66,5604000,-1.0,-1.0,-1.0
2020/11/25,2270.0,2296.0,2252.0,2259.32,5523500,-1.0,-1.0,-1.0
2020/11/26,2266.66,2333.32,2263.32,2333.32,4489000,-1.0,-1.0,-1.0
2020/11/27,2330.0,2349.32,2301.32,2347.32,4386000,-1.0,-1.0,-1.0
2020/11/30,2386.66,2397.32,2347.32,2364.66,5136500,-1.0,-1.0,-1.0
2020/12/01,2385.32,2457.32,2383.32,2448.0,4920500,-1.0,-1.0,-1.0
2020/12/02,2488.0,2491.32,2436.66,2456.66,4899500,-1.0,-1.0,-1.0
2020/12/03,2456.66,2516.0,2453.32,2503.32,4505000,-1.0,-1.0,-1.0
2020/12/04,2468.0,2475.32,2408.66,2425.32,6241500,-1.0,-1.0,-1.0
2020/12/07,2458.0,2481.32,2434.0,2459.32,4210500,-1.0,-1.0,-1.0
2020/12/08,2457.32,2509.32,2437.32,2490.0,3807500,-1.0,-1.0,-1.0
2020/12/09,2482.0,2505.32,2458.66,2478.0,3769000,-1.0,-1.0,-1.0
2020/12/10,2439.32,2445.32,2412.0,2428.0,3730500,-1.0,-1.0,-1.0
2020/12/11,2405.32,2438.66,2405.32,2423.32,4394500,-1.0,-1.0,-1.0
2020/12/14,2430.66,2458.66,2418.0,2446.66,2680000,-1.0,-1.0,-1.0
2020/12/15,2412.66,2437.32,2403.32,2430.0,2851000,-1.0,-1.0,-1.0
2020/12/16,2450.66,2453.32,2416.0,2420.0,2717000,-1.0,-1.0,-1.0
2020/12/17,2430.0,2485.32,2426.66,2483.32,3796500,-1.0,-1.0,-1.0
2020/12/18,2434.0,2455.32,2405.32,2416.66,5607000,-1.0,-1.0,-1.0
2020/12/21,2432.66,2446.0,2406.0,2429.32,3148500,-1.0,-1.0,-1.0
2020/12/22,2420.0,2438.66,2398.66,2403.32,2872500,-1.0,-1.0,-1.0
2020/12/23,2422.66,2437.32,2404.0,2437.32,2258500,-1.0,-1.0,-1.0
2020/12/24,2430.0,2436.66,2421.32,2433.32,1478500,-1.0,-1.0,-1.0
2020/12/25,2440.0,2440.0,2425.32,2426.0,979500,-1.0,-1.0,-1.0
2020/12/28,2422.0,2494.66,2421.32,2492.0,3152000,-1.0,-1.0,-1.0
2020/12/29,2500.0,2586.66,2494.0,2577.32,4739000,-1.0,-1.0,-1.0
2020/12/30,2566.66,2592.0,2545.32,2560.0,3808500,-1.0,-1.0,-1.0
2021/01/04,2540.0,2554.0,2501.32,2527.32,3773500,-1.0,-1.0,-1.0
2021/01/05,2527.32,2603.32,2526.0,2592.0,5224500,-1.0,-1.0,-1.0
2021/01/06,2594.0,2606.0,2543.32,2551.32,4336500,-1.0,-1.0,-1.0
2021/01/07,2578.0,2610.0,2561.32,2610.0,4809000,-1.0,-1.0,-1.0
2021/01/08,2666.66,2728.66,2659.32,2712.0,6207000,-1.0,-1.0,-1.0
2021/01/12,2710.66,2760.0,2696.66,2720.0,4673500,-1.0,-1.0,-1.0
2021/01/13,2764.0,2886.66,2754.0,2863.32,7316000,-1.0,-1.0,-1.0
2021/01/14,2834.0,2912.0,2768.0,2816.66,8558500,-1.0,-1.0,-1.0
2021/01/15,2935.32,2977.32,2887.32,2926.66,8699500,-1.0,-1.0,-1.0
2021/01/18,2854.66,2912.0,2823.32,2881.32,4646500,-1.0,-1.0,-1.0
2021/01/19,2894.66,2950.0,2892.0,2942.0,4518500,-1.0,-1.0,-1.0
2021/01/20,2986.66,3005.32,2948.0,2968.66,4950500,-1.0,-1.0,-1.0
2021/01/21,2973.32,2983.32,2906.0,2947.32,4983000,-1.0,-1.0,-1.0
2021/01/22,2929.32,2946.0,2900.66,2900.66,4555500,-1.0,-1.0,-1.0
2021/01/25,2922.66,2932.0,2894.66,2931.32,3801000,-1.0,-1.0,-1.0
2021/01/26,2933.32,3011.32,2930.0,2960.66,6272500,-1.0,-1.0,-1.0
2021/01/27,2908.0,2970.0,2863.32,2926.66,6118500,-1.0,-1.0,-1.0
2021/01/28,2813.32,2870.66,2791.32,2791.32,10092500,-1.0,-1.0,-1.0
2021/01/29,2838.0,2858.0,2642.0,2654.0,10752500,-1.0,-1.0,-1.0
2021/02/01,2608.66,2720.0,2600.0,2686.0,4844500,-1.0,-1.0,-1.0
2021/02/02,2733.32,2765.32,2687.32,2743.32,4393500,-1.0,-1.0,-1.0
2021/02/03,2784.0,2784.66,2706.66,2722.0,3784000,-1.0,-1.0,-1.0
2021/02/04,2654.0,2689.32,2638.0,2651.32,4137000,-1.0,-1.0,-1.0
2021/02/05,2694.0,2711.32,2656.66,2701.32,4225000,-1.0,-1.0,-1.0
2021/02/08,2692.66,2762.66,2659.32,2743.32,4240500,-1.0,-1.0,-1.0
2021/02/09,2792.66,2806.66,2764.0,2795.32,4596500,-1.0,-1.0,-1.0
2021/02/10,2787.32,2802.66,2750.0,2764.66,4178500,-1.0,-1.0,-1.0
2021/02/12,2840.66,2904.66,2816.0,2866.0,7691000,-1.0,-1.0,-1.0
2021/02/15,2900.66,2910.0,2874.66,2904.0,3495500,-1.0,-1.0,-1.0
2021/02/16,2925.32,2979.32,2914.0,2940.66,5659500,-1.0,-1.0,-1.0
2021/02/17,2910.66,2912.66,2844.0,2876.0,5511500,-1.0,-1.0,-1.0
2021/02/18,2846.0,2886.66,2838.0,2858.66,3829500,-1.0,-1.0,-1.0
2021/02/19,2828.66,2920.0,2827.32,2902.66,4810500,-1.0,-1.0,-1.0
2021/02/22,2943.32,3098.66,2940.66,3086.66,10459000,-1.0,-1.0,-1.0
2021/02/24,3008.66,3076.0,2984.0,3002.0,7943000,-1.0,-1.0,-1.0
2021/02/25,3080.0,3121.32,3014.0,3046.66,5183000,-1.0,-1.0,-1.0
2021/02/26,2924.66,2980.0,2900.0,2903.32,8405000,-1.0,-1.0,-1.0
2021/03/01,2996.66,3017.32,2951.32,2964.0,4239000,-1.0,-1.0,-1.0
2021/03/02,3010.66,3032.66,2934.66,2942.0,4321000,-1.0,-1.0,-1.0
2021/03/03,2905.32,2932.0,2872.66,2906.0,3661000,-1.0,-1.0,-1.0
2021/03/04,2834.0,2880.0,2818.66,2835.32,4761000,-1.0,-1.0,-1.0
2021/03/05,2760.66,2779.32,2692.0,2765.32,7079000,-1.0,-1.0,-1.0
2021/03/08,2820.0,2832.66,2732.0,2734.0,4609000,-1.0,-1.0,-1.0
2021/03/09,2650.66,2761.32,2615.32,2725.32,7123000,-1.0,-1.0,-1.0
2021/03/10,2800.0,2825.32,2707.32,2710.0,5897000,-1.0,-1.0,-1.0
2021/03/11,2672.0,2698.66,2631.32,2694.0,5965500,-1.0,-1.0,-1.0
2021/03/12,2740.66,2820.66,2729.32,2814.66,8024000,-1.0,-1.0,-1.0
2021/03/15,2808.66,2812.0,2744.0,2770.66,3816000,-1.0,-1.0,-1.0
2021/03/16,2804.0,2852.0,2798.66,2813.32,4024500,-1.0,-1.0,-1.0
2021/03/17,2834.0,2873.32,2790.66,2806.66,4017000,-1.0,-1.0,-1.0
2021/03/18,2870.66,2938.0,2866.66,2883.32,5409000,-1.0,-1.0,-1.0
2021/03/19,2800.0,2828.0,2778.66,2808.66,6297000,-1.0,-1.0,-1.0
2021/03/22,2786.66,2800.66,2762.0,2766.66,4580500,-1.0,-1.0,-1.0
2021/03/23,2833.32,2872.0,2802.0,2808.0,5498500,-1.0,-1.0,-1.0
2021/03/24,2868.66,2989.32,2864.0,2950.0,9716500,-1.0,-1.0,-1.0
2021/03/25,2903.32,2932.0,2831.32,2906.0,6984000,-1.0,-1.0,-1.0
2021/03/26,2952.66,2984.66,2912.0,2951.32,4854500,-1.0,-1.0,-1.0
2021/03/29,3044.66,3078.66,3030.0,3049.32,7290500,-1.0,-1.0,-1.0
2021/03/30,3066.66,3110.0,3060.0,3103.32,5737500,-1.0,-1.0,-1.0
2021/03/31,3150.0,3154.66,3095.32,3119.32,4999500,-1.0,-1.0,-1.0
2021/04/01,3200.0,3280.0,3196.0,3265.32,7906500,-1.0,-1.0,-1.0
2021/04/02,3370.0,3408.66,3348.0,3363.3199999999997,6000000,-1.0,-1.0,-1.0
2021/04/05,3420.0,3420.0,3368.0,3375.3199999999997,4687500,-1.0,-1.0,-1.0
2021/04/06,3363.3199999999997,3371.3199999999997,3293.3199999999997,3298.66,6445500,-1.0,-1.0,-1.0
2021/04/07,3252.0,3322.66,3248.66,3283.3199999999997,6386000,-1.0,-1.0,-1.0
2021/04/08,3258.66,3328.0,3240.66,3323.3199999999997,5057500,-1.0,-1.0,-1.0
2021/04/09,3337.3199999999997,3361.3199999999997,3305.3199999999997,3315.3199999999997,5867500,-1.0,-1.0,-1.0
2021/04/12,3328.0,3332.0,3286.66,3296.66,2736500,-1.0,-1.0,-1.0
2021/04/13,3274.0,3330.66,3241.32,3296.66,4163000,-1.0,-1.0,-1.0
2021/04/14,3290.0,3332.0,3287.3199999999997,3327.3199999999997,2977500,-1.0,-1.0,-1.0
2021/04/15,3260.0,3284.66,3242.0,3262.66,3932000,-1.0,-1.0,-1.0
2021/04/16,3304.66,3308.66,3270.66,3274.66,3698500,-1.0,-1.0,-1.0
2021/04/19,3286.66,3341.3199999999997,3280.0,3336.66,3426500,-1.0,-1.0,-1.0
2021/04/20,3273.32,3292.0,3260.0,3260.0,4878500,-1.0,-1.0,-1.0
2021/04/21,3210.0,3235.32,3158.0,3162.0,5426000,-1.0,-1.0,-1.0
2021/04/22,3255.32,3306.66,3244.0,3306.66,5416500,-1.0,-1.0,-1.0
2021/04/23,3253.32,3258.66,3203.32,3258.66,4238000,-1.0,-1.0,-1.0
2021/04/26,3260.66,3281.3199999999997,3254.0,3270.66,3382500,-1.0,-1.0,-1.0
2021/04/27,3312.66,3336.66,3268.66,3272.66,4267000,-1.0,-1.0,-1.0
2021/04/28,3256.66,3311.3199999999997,3248.66,3290.66,3110500,-1.0,-1.0,-1.0
2021/04/30,3280.0,3289.3199999999997,3201.32,3221.32,4861500,-1.0,-1.0,-1.0
2021/05/06,3177.32,3256.66,3127.32,3250.0,7139500,-1.0,-1.0,-1.0
2021/05/07,3280.0,3343.3199999999997,3252.66,3327.3199999999997,5675000,-1.0,-1.0,-1.0
2021/05/10,3348.66,3380.0,3332.0,3337.3199999999997,3773000,-1.0,-1.0,-1.0
2021/05/11,3244.66,3260.0,3183.32,3200.0,6309000,-1.0,-1.0,-1.0
2021/05/12,3232.0,3258.0,3061.32,3098.66,8531000,-1.0,-1.0,-1.0
2021/05/13,2990.0,3018.66,2948.0,2953.32,7112000,-1.0,-1.0,-1.0
2021/05/14,3026.66,3098.66,3025.32,3094.0,6055000,-1.0,-1.0,-1.0
2021/05/17,3140.0,3142.0,2958.0,2980.0,6315500,-1.0,-1.0,-1.0
2021/05/18,3002.0,3028.0,2960.0,3018.66,5105500,-1.0,-1.0,-1.0
2021/05/19,2954.66,3015.32,2933.32,2996.66,4586000,-1.0,-1.0,-1.0
2021/05/20,2993.32,3066.0,2980.0,3058.0,4590000,-1.0,-1.0,-1.0
2021/05/21,3118.66,3125.32,3065.32,3098.0,5094500,-1.0,-1.0,-1.0
2021/05/24,3076.0,3112.66,3064.66,3070.66,3297000,-1.0,-1.0,-1.0
2021/05/25,3117.32,3140.66,3087.32,3124.66,4544500,-1.0,-1.0,-1.0
2021/05/26,3120.66,3154.66,3116.0,3130.66,4003500,-1.0,-1.0,-1.0
2021/05/27,3114.0,3148.0,3103.32,3141.32,8795500,-1.0,-1.0,-1.0
2021/05/28,3166.66,3224.66,3146.66,3219.32,5322000,-1.0,-1.0,-1.0
2021/05/31,3222.0,3244.66,3218.0,3244.0,3504500,-1.0,-1.0,-1.0
2021/06/01,3266.66,3276.0,3210.66,3245.32,3152000,-1.0,-1.0,-1.0
2021/06/02,3238.0,3240.66,3202.0,3222.66,3879000,-1.0,-1.0,-1.0
2021/06/03,3206.0,3286.66,3202.0,3282.66,4005500,-1.0,-1.0,-1.0
2021/06/04,3253.32,3269.32,3222.0,3230.0,3599500,-1.0,-1.0,-1.0
2021/06/07,3295.3199999999997,3302.0,3228.0,3236.66,3789500,-1.0,-1.0,-1.0
2021/06/08,3266.66,3274.0,3214.66,3218.0,3267000,-1.0,-1.0,-1.0
2021/06/09,3168.66,3170.0,3107.32,3121.32,4734000,-1.0,-1.0,-1.0
2021/06/10,3106.66,3184.66,3100.0,3171.32,3257000,-1.0,-1.0,-1.0
2021/06/11,3186.66,3226.0,3171.32,3192.0,3848500,-1.0,-1.0,-1.0
2021/06/14,3216.66,3245.32,3196.0,3245.32,2263000,-1.0,-1.0,-1.0
2021/06/15,3274.0,3300.0,3260.66,3300.0,4573000,-1.0,-1.0,-1.0
2021/06/16,3273.32,3279.3199999999997,3244.0,3265.32,3541000,-1.0,-1.0,-1.0
2021/06/17,3232.0,3282.66,3211.32,3282.0,3153000,-1.0,-1.0,-1.0
2021/06/18,3316.0,3340.66,3293.3199999999997,3304.0,4024000,-1.0,-1.0,-1.0
2021/06/21,3210.66,3239.32,3146.66,3171.32,6983000,-1.0,-1.0,-1.0
2021/06/22,3206.66,3226.66,3182.66,3221.32,4709000,-1.0,-1.0,-1.0
2021/06/23,3236.66,3256.66,3211.32,3250.0,3064000,-1.0,-1.0,-1.0
2021/06/24,3259.32,3268.66,3230.0,3242.0,2149500,-1.0,-1.0,-1.0
2021/06/25,3274.66,3290.66,3260.66,3264.66,2659000,-1.0,-1.0,-1.0
2021/06/28,3249.32,3253.32,3210.0,3211.32,2899000,-1.0,-1.0,-1.0
2021/06/29,3246.66,3254.0,3202.66,3204.66,3345000,-1.0,-1.0,-1.0
2021/06/30,3204.0,3222.0,3201.32,3205.32,2390000,-1.0,-1.0,-1.0
2021/07/01,3190.0,3209.32,3164.0,3196.0,3087500,-1.0,-1.0,-1.0
2021/07/02,3153.32,3164.66,3116.66,3128.66,4367000,-1.0,-1.0,-1.0
2021/07/05,3140.66,3142.0,3114.66,3128.66,1863500,-1.0,-1.0,-1.0
2021/07/06,3124.66,3142.0,3112.0,3128.66,1426500,-1.0,-1.0,-1.0
2021/07/07,3090.66,3133.32,3078.66,3116.0,3202000,-1.0,-1.0,-1.0
2021/07/08,3078.66,3090.0,3026.66,3044.66,4781500,-1.0,-1.0,-1.0
2021/07/09,2999.32,3065.32,2988.0,3056.0,6021000,-1.0,-1.0,-1.0
2021/07/12,3100.0,3114.0,3081.32,3114.0,3105000,-1.0,-1.0,-1.0
2021/07/13,3120.0,3126.66,3088.0,3093.32,2733500,-1.0,-1.0,-1.0
2021/07/14,3074.66,3116.66,3050.0,3092.0,2651500,-1.0,-1.0,-1.0
2021/07/15,3091.32,3100.66,3071.32,3083.32,2843500,-1.0,-1.0,-1.0
2021/07/16,3044.0,3060.66,2987.32,3033.32,5266000,-1.0,-1.0,-1.0
2021/07/19,2990.0,3010.0,2958.66,2970.0,3871500,-1.0,-1.0,-1.0
2021/07/20,2950.66,3014.66,2947.32,2958.66,4117500,-1.0,-1.0,-1.0
2021/07/21,2994.66,3009.32,2955.32,2986.66,3610000,-1.0,-1.0,-1.0
2021/07/26,3074.66,3074.66,3018.66,3024.66,3081500,-1.0,-1.0,-1.0
2021/07/27,3006.66,3044.66,2992.66,3034.66,2041000,-1.0,-1.0,-1.0
2021/07/28,2988.0,2993.32,2941.32,2958.66,3834000,-1.0,-1.0,-1.0
2021/07/29,2981.32,3036.0,2974.0,3032.66,3423000,-1.0,-1.0,-1.0
2021/07/30,3038.66,3042.0,2991.32,2994.66,2675500,-1.0,-1.0,-1.0
2021/08/02,3065.32,3108.0,3054.66,3103.32,3910500,-1.0,-1.0,-1.0
2021/08/03,3109.32,3124.0,3078.0,3099.32,2430000,-1.0,-1.0,-1.0
2021/08/04,3080.66,3097.32,3053.32,3097.32,2211500,-1.0,-1.0,-1.0
2021/08/05,3123.32,3166.0,3122.0,3166.0,2981000,-1.0,-1.0,-1.0
2021/08/06,3140.0,3160.0,3128.0,3160.0,1949500,-1.0,-1.0,-1.0
2021/08/10,3160.0,3180.66,3129.32,3146.66,2558000,-1.0,-1.0,-1.0
2021/08/11,3095.32,3104.0,3054.66,3069.32,3884500,-1.0,-1.0,-1.0
2021/08/12,3004.66,3042.66,2981.32,3022.66,3724000,-1.0,-1.0,-1.0
2021/08/13,2974.66,2993.32,2950.0,2966.66,5459000,-1.0,-1.0,-1.0
2021/08/16,3004.66,3013.32,2970.66,2995.32,4129000,-1.0,-1.0,-1.0
2021/08/17,3078.66,3084.66,2973.32,2973.32,5786500,-1.0,-1.0,-1.0
2021/08/18,2934.0,2972.0,2906.66,2955.32,5401500,-1.0,-1.0,-1.0
2021/08/19,2888.66,2914.66,2854.66,2854.66,5697000,-1.0,-1.0,-1.0
2021/08/20,2879.32,2904.66,2844.66,2862.66,4583000,-1.0,-1.0,-1.0
2021/08/23,2868.66,2946.0,2866.0,2939.32,5160500,-1.0,-1.0,-1.0
2021/08/24,3000.0,3016.0,2978.66,2998.0,4522500,-1.0,-1.0,-1.0
2021/08/25,2992.66,3014.66,2972.0,2983.32,2437000,-1.0,-1.0,-1.0
2021/08/26,3007.32,3058.66,3004.66,3045.32,3889000,-1.0,-1.0,-1.0
2021/08/27,3050.0,3073.32,3030.0,3072.0,3617500,-1.0,-1.0,-1.0
2021/08/30,3133.32,3142.66,3087.32,3104.66,4174000,-1.0,-1.0,-1.0
2021/08/31,3107.32,3151.32,3081.32,3149.32,5114500,-1.0,-1.0,-1.0
2021/09/01,3148.0,3174.0,3130.66,3165.32,4413000,-1.0,-1.0,-1.0
2021/09/02,3180.0,3216.66,3179.32,3202.0,4258000,-1.0,-1.0,-1.0
2021/09/03,3240.66,3285.3199999999997,3226.0,3266.0,6471500,-1.0,-1.0,-1.0
2021/09/06,3341.3199999999997,3350.0,3314.0,3345.3199999999997,5174000,-1.0,-1.0,-1.0
2021/09/07,3375.3199999999997,3400.0,3366.66,3377.3199999999997,5091500,-1.0,-1.0,-1.0
2021/09/08,3366.66,3456.66,3360.0,3456.66,5984500,-1.0,-1.0,-1.0
2021/09/09,3424.0,3492.66,3416.0,3466.66,4732500,-1.0,-1.0,-1.0
2021/09/10,3512.0,3640.66,3504.0,3636.66,8450500,-1.0,-1.0,-1.0
2021/09/13,3718.66,3734.66,3646.66,3691.3199999999997,4870500,-1.0,-1.0,-1.0
2021/09/14,3724.66,3727.3199999999997,3671.3199999999997,3707.3199999999997,4090000,-1.0,-1.0,-1.0
2021/09/15,3700.0,3776.0,3700.0,3764.66,4524500,-1.0,-1.0,-1.0
2021/09/16,3767.3199999999997,3789.3199999999997,3611.3199999999997,3650.0,6154500,-1.0,-1.0,-1.0
2021/09/17,3649.3199999999997,3724.0,3648.0,3695.3199999999997,6352000,-1.0,-1.0,-1.0
2021/09/21,3573.3199999999997,3656.66,3561.3199999999997,3604.66,5018500,-1.0,-1.0,-1.0
2021/09/22,3603.3199999999997,3629.3199999999997,3586.0,3590.66,3065000,-1.0,-1.0,-1.0
2021/09/24,3671.3199999999997,3673.3199999999997,3616.66,3628.66,3518500,-1.0,-1.0,-1.0
2021/09/27,3620.0,3632.0,3589.3199999999997,3627.3199999999997,2983500,-1.0,-1.0,-1.0
2021/09/28,3617.3199999999997,3617.3199999999997,3543.3199999999997,3589.3199999999997,4523000,-1.0,-1.0,-1.0
2021/09/29,3418.66,3462.66,3391.3199999999997,3400.0,7461500,-1.0,-1.0,-1.0
2021/09/30,3353.3199999999997,3366.66,3290.0,3311.3199999999997,7612500,-1.0,-1.0,-1.0
2021/10/01,3284.0,3380.0,3242.0,3260.0,5768000,-1.0,-1.0,-1.0
2021/10/04,3294.66,3298.66,3138.0,3143.32,4919000,-1.0,-1.0,-1.0
2021/10/05,3050.0,3092.66,2981.32,3074.66,7143000,-1.0,-1.0,-1.0
2021/10/06,3146.66,3157.32,3001.32,3010.66,6859000,-1.0,-1.0,-1.0
2021/10/07,3047.32,3110.66,3028.0,3059.32,4893000,-1.0,-1.0,-1.0
2021/10/08,3169.32,3189.32,3097.32,3158.66,8673000,-1.0,-1.0,-1.0
2021/10/11,3127.32,3176.66,3076.66,3120.66,5425000,-1.0,-1.0,-1.0
2021/10/12,3114.0,3167.32,3088.66,3102.0,4270000,-1.0,-1.0,-1.0
2021/10/13,3044.66,3108.0,3008.0,3050.0,4189500,-1.0,-1.0,-1.0
2021/10/14,3120.0,3213.32,3104.66,3208.0,7043000,-1.0,-1.0,-1.0
2021/10/15,3301.3199999999997,3310.0,3248.0,3303.3199999999997,6254000,-1.0,-1.0,-1.0
2021/10/18,3297.3199999999997,3342.66,3274.66,3334.0,4446000,-1.0,-1.0,-1.0
2021/10/19,3360.66,3425.3199999999997,3355.3199999999997,3396.0,4495500,-1.0,-1.0,-1.0
2021/10/20,3466.66,3476.66,3381.3199999999997,3397.3199999999997,4133000,-1.0,-1.0,-1.0
2021/10/21,3284.0,3337.3199999999997,3234.0,3240.66,5436000,-1.0,-1.0,-1.0
2021/10/22,3277.3199999999997,3410.0,3274.0,3383.3199999999997,7198000,-1.0,-1.0,-1.0
2021/10/25,3312.66,3353.3199999999997,3289.3199999999997,3342.0,3750000,-1.0,-1.0,-1.0
2021/10/26,3416.0,3434.66,3394.66,3420.66,4591500,-1.0,-1.0,-1.0
2021/10/27,3393.3199999999997,3427.3199999999997,3360.0,3427.3199999999997,3361000,-1.0,-1.0,-1.0
2021/10/28,3440.0,3512.0,3428.0,3496.66,10490500,-1.0,-1.0,-1.0
2021/10/29,3493.3199999999997,3539.3199999999997,3444.0,3523.3199999999997,5197000,-1.0,-1.0,-1.0
2021/11/01,3596.66,3674.0,3578.0,3674.0,6133500,-1.0,-1.0,-1.0
2021/11/02,3666.66,3710.0,3653.3199999999997,3682.0,3861500,-1.0,-1.0,-1.0
2021/11/04,3766.66,3788.0,3732.66,3750.0,4406500,-1.0,-1.0,-1.0
2021/11/05,3800.0,3837.3199999999997,3771.3199999999997,3773.3199999999997,4193000,-1.0,-1.0,-1.0
2021/11/08,3806.66,3843.3199999999997,3792.66,3820.66,3304500,-1.0,-1.0,-1.0
2021/11/09,3843.3199999999997,3862.0,3803.3199999999997,3812.66,3466000,-1.0,-1.0,-1.0
2021/11/10,3761.3199999999997,3799.3199999999997,3724.66,3733.3199999999997,3546500,-1.0,-1.0,-1.0
2021/11/11,3666.66,3782.0,3644.66,3768.0,4510000,-1.0,-1.0,-1.0
2021/11/12,3785.3199999999997,3847.3199999999997,3768.66,3842.0,4834500,-1.0,-1.0,-1.0
2021/11/15,3933.3199999999997,3944.66,3860.66,3879.3199999999997,5689500,-1.0,-1.0,-1.0
2021/11/16,3879.3199999999997,3937.3199999999997,3834.0,3933.3199999999997,4262000,-1.0,-1.0,-1.0
2021/11/17,3982.0,4075.3199999999997,3982.0,4063.3199999999997,5976500,-1.0,-1.0,-1.0
2021/11/18,4066.66,4076.0,4007.3199999999997,4040.66,4675000,-1.0,-1.0,-1.0
2021/11/19,4103.32,4273.32,4084.0,4188.0,8616000,-1.0,-1.0,-1.0
2021/11/22,4144.66,4213.32,4129.32,4202.66,5015000,-1.0,-1.0,-1.0
2021/11/24,4121.32,4195.32,4102.66,4127.32,4949500,-1.0,-1.0,-1.0
2021/11/25,4166.66,4190.66,4110.66,4152.0,3394500,-1.0,-1.0,-1.0
2021/11/26,4150.0,4162.0,4001.3199999999997,4056.0,5870000,-1.0,-1.0,-1.0
2021/11/29,4001.3199999999997,4125.32,4000.66,4040.0,6903000,-1.0,-1.0,-1.0
2021/11/30,4133.32,4183.32,3989.3199999999997,3989.3199999999997,10519000,-1.0,-1.0,-1.0
2021/12/01,4024.66,4060.0,3955.3199999999997,3995.3199999999997,5839500,-1.0,-1.0,-1.0
2021/12/02,3999.3199999999997,4038.0,3940.66,3972.0,5736000,-1.0,-1.0,-1.0
2021/12/03,3950.66,3954.66,3832.0,3953.3199999999997,6026500,-1.0,-1.0,-1.0
2021/12/06,3948.66,4026.66,3901.3199999999997,4004.0,4096500,-1.0,-1.0,-1.0
2021/12/07,4028.0,4110.66,3983.3199999999997,4079.3199999999997,6125000,-1.0,-1.0,-1.0
2021/12/08,4200.0,4245.32,4154.66,4194.0,5448500,-1.0,-1.0,-1.0
2021/12/09,4159.32,4222.66,4140.66,4175.32,4053000,-1.0,-1.0,-1.0
2021/12/10,4124.66,4178.66,4116.66,4122.66,5790500,-1.0,-1.0,-1.0
2021/12/13,4171.32,4192.0,4140.66,4179.32,3498000,-1.0,-1.0,-1.0
2021/12/14,4133.32,4167.32,4086.0,4102.66,4308500,-1.0,-1.0,-1.0
2021/12/15,4080.0,4100.0,4048.0,4091.3199999999997,3074000,-1.0,-1.0,-1.0
2021/12/16,4207.32,4219.32,4167.32,4218.66,4746500,-1.0,-1.0,-1.0
2021/12/17,4118.0,4156.0,4084.66,4084.66,5463000,-1.0,-1.0,-1.0
2021/12/20,4049.3199999999997,4078.0,3944.66,3973.3199999999997,5328500,-1.0,-1.0,-1.0
2021/12/21,4057.3199999999997,4154.0,4037.3199999999997,4148.0,5307000,-1.0,-1.0,-1.0
2021/12/22,4196.66,4199.32,4150.0,4178.66,3420000,-1.0,-1.0,-1.0
2021/12/23,4200.0,4233.32,4185.32,4233.32,2606000,-1.0,-1.0,-1.0
2021/12/24,4265.32,4316.66,4256.66,4284.0,3063500,-1.0,-1.0,-1.0
2021/12/27,4326.66,4376.66,4320.66,4373.32,3679000,-1.0,-1.0,-1.0
2021/12/28,4442.66,4466.0,4401.32,4452.66,4431000,-1.0,-1.0,-1.0
2021/12/29,4433.32,4436.66,4352.66,4409.32,3741500,-1.0,-1.0,-1.0
2021/12/30,4415.32,4439.32,4352.66,4418.66,4125500,-1.0,-1.0,-1.0
2022/01/04,4485.32,4611.32,4484.0,4561.32,5599000,-1.0,-1.0,-1.0
2022/01/05,4499.32,4552.66,4490.0,4497.32,4414500,-1.0,-1.0,-1.0
2022/01/06,4400.0,4444.66,4334.0,4334.0,5293500,-1.0,-1.0,-1.0
2022/01/07,4406.0,4417.32,4307.32,4328.0,4301500,-1.0,-1.0,-1.0
2022/01/11,4261.32,4294.66,4178.0,4183.32,5754000,-1.0,-1.0,-1.0
2022/01/12,4274.66,4356.0,4271.32,4340.0,4549000,-1.0,-1.0,-1.0
2022/01/13,4330.66,4378.66,4306.66,4355.32,3653500,-1.0,-1.0,-1.0
2022/01/14,4334.66,4360.66,4280.0,4348.0,6196500,-1.0,-1.0,-1.0
2022/01/17,4395.32,4418.66,4362.0,4367.32,3042500,-1.0,-1.0,-1.0
2022/01/18,4379.32,4473.32,4343.32,4370.66,4314500,-1.0,-1.0,-1.0
2022/01/19,4240.0,4240.0,4070.0,4106.0,7685000,-1.0,-1.0,-1.0
2022/01/20,4000.0,4109.32,3984.66,4087.3199999999997,5949500,-1.0,-1.0,-1.0
2022/01/21,3933.3199999999997,3946.66,3762.66,3834.0,9024500,-1.0,-1.0,-1.0
2022/01/24,3734.66,3904.66,3720.0,3896.0,7035000,-1.0,-1.0,-1.0
2022/01/25,3906.66,3944.66,3760.0,3791.3199999999997,7227500,-1.0,-1.0,-1.0
2022/01/26,3734.0,3789.3199999999997,3678.0,3760.66,6643500,-1.0,-1.0,-1.0
2022/01/27,3822.66,3833.3199999999997,3560.0,3578.66,10133500,-1.0,-1.0,-1.0
2022/01/28,3599.3199999999997,3608.66,3444.66,3531.3199999999997,8825000,-1.0,-1.0,-1.0
2022/01/31,3554.0,3689.3199999999997,3512.66,3648.66,6032000,-1.0,-1.0,-1.0
2022/02/01,3830.66,3836.66,3659.3199999999997,3691.3199999999997,6354000,-1.0,-1.0,-1.0
2022/02/02,3728.0,3810.0,3710.66,3766.66,5206000,-1.0,-1.0,-1.0
2022/02/03,3709.3199999999997,3732.0,3638.66,3680.0,4708500,-1.0,-1.0,-1.0
2022/02/04,3642.66,3738.0,3640.0,3736.0,4441000,-1.0,-1.0,-1.0
2022/02/07,3720.0,3720.0,3645.3199999999997,3684.66,3693500,-1.0,-1.0,-1.0
2022/02/08,3706.0,3750.66,3685.3199999999997,3699.3199999999997,3642500,-1.0,-1.0,-1.0
2022/02/09,3744.66,3766.0,3706.66,3742.0,5380000,-1.0,-1.0,-1.0
2022/02/10,3824.0,3868.66,3760.0,3810.0,8021500,-1.0,-1.0,-1.0
2022/02/14,3676.66,3803.3199999999997,3666.66,3772.0,7839000,-1.0,-1.0,-1.0
2022/02/15,3796.66,3808.0,3674.66,3681.3199999999997,5541500,-1.0,-1.0,-1.0
2022/02/16,3814.66,3870.0,3782.0,3862.0,5739500,-1.0,-1.0,-1.0
2022/02/17,3842.66,3926.66,3835.3199999999997,3881.3199999999997,6385500,-1.0,-1.0,-1.0
2022/02/18,3814.66,3822.66,3731.3199999999997,3787.3199999999997,7087000,-1.0,-1.0,-1.0
2022/02/21,3629.3199999999997,3707.3199999999997,3594.0,3676.0,5787500,-1.0,-1.0,-1.0
2022/02/22,3542.66,3580.0,3488.0,3527.3199999999997,7245500,-1.0,-1.0,-1.0
2022/02/24,3501.3199999999997,3590.0,3493.3199999999997,3566.66,8890000,-1.0,-1.0,-1.0
2022/02/25,3700.0,3774.66,3663.3199999999997,3773.3199999999997,8200000,-1.0,-1.0,-1.0
2022/02/28,3706.66,3787.3199999999997,3660.0,3718.0,6807000,-1.0,-1.0,-1.0
2022/03/01,3786.66,3846.0,3756.0,3843.3199999999997,5742000,-1.0,-1.0,-1.0
2022/03/02,3762.66,3822.0,3737.3199999999997,3766.66,5735000,-1.0,-1.0,-1.0
2022/03/03,3839.3199999999997,3842.66,3763.3199999999997,3784.0,4276000,-1.0,-1.0,-1.0
2022/03/04,3734.0,3742.0,3595.3199999999997,3639.3199999999997,7509500,-1.0,-1.0,-1.0
2022/03/07,3474.0,3538.66,3450.0,3462.0,6559000,-1.0,-1.0,-1.0
2022/03/08,3346.0,3512.66,3340.66,3448.66,7481000,-1.0,-1.0,-1.0
2022/03/09,3463.3199999999997,3510.66,3409.3199999999997,3449.3199999999997,5937000,-1.0,-1.0,-1.0
2022/03/10,3582.66,3615.3199999999997,3550.0,3615.3199999999997,6436000,-1.0,-1.0,-1.0
2022/03/11,3612.0,3612.66,3466.66,3518.66,7187000,-1.0,-1.0,-1.0
2022/03/14,3518.66,3627.3199999999997,3518.0,3564.66,4715000,-1.0,-1.0,-1.0
2022/03/15,3517.3199999999997,3599.3199999999997,3500.66,3564.0,4479500,-1.0,-1.0,-1.0
2022/03/16,3630.66,3679.3199999999997,3580.0,3679.3199999999997,5852500,-1.0,-1.0,-1.0
2022/03/17,3812.66,3872.66,3792.66,3858.0,5974500,-1.0,-1.0,-1.0
2022/03/18,3864.66,3902.66,3823.3199999999997,3890.66,5064500,-1.0,-1.0,-1.0
2022/03/22,3927.3199999999997,3980.0,3890.66,3965.3199999999997,5397500,-1.0,-1.0,-1.0
2022/03/23,4058.66,4121.32,4049.3199999999997,4116.0,5096500,-1.0,-1.0,-1.0
2022/03/24,4063.3199999999997,4206.66,4034.0,4206.0,5900500,-1.0,-1.0,-1.0
2022/03/25,4300.0,4312.0,4178.66,4232.66,6082500,-1.0,-1.0,-1.0
2022/03/28,4188.66,4240.0,4169.32,4177.32,3905500,-1.0,-1.0,-1.0
2022/03/29,4244.0,4250.66,4146.0,4196.0,4944000,-1.0,-1.0,-1.0
2022/03/30,4187.32,4206.0,4070.66,4140.0,5404000,-1.0,-1.0,-1.0
2022/03/31,4122.66,4246.0,4088.66,4216.66,7869000,-1.0,-1.0,-1.0
2022/04/01,4187.32,4188.66,4098.0,4112.0,5737500,-1.0,-1.0,-1.0
2022/04/04,4052.66,4083.3199999999997,3988.66,4002.66,5135500,-1.0,-1.0,-1.0
2022/04/05,4066.66,4084.66,4003.3199999999997,4038.0,4392500,-1.0,-1.0,-1.0
2022/04/06,3936.66,3938.0,3874.0,3891.3199999999997,5957500,-1.0,-1.0,-1.0
2022/04/07,3758.0,3779.3199999999997,3668.66,3679.3199999999997,8069000,-1.0,-1.0,-1.0
2022/04/08,3720.0,3758.0,3660.66,3694.66,6693500,-1.0,-1.0,-1.0
2022/04/11,3652.0,3690.0,3598.66,3671.3199999999997,4309500,-1.0,-1.0,-1.0
2022/04/12,3630.66,3662.0,3591.3199999999997,3592.66,4903000,-1.0,-1.0,-1.0
2022/04/13,3602.0,3730.0,3595.3199999999997,3712.66,5219000,-1.0,-1.0,-1.0
2022/04/14,3746.0,3821.3199999999997,3740.0,3780.66,5231500,-1.0,-1.0,-1.0
2022/04/15,3645.3199999999997,3696.0,3586.66,3592.0,5941500,-1.0,-1.0,-1.0
2022/04/18,3547.3199999999997,3616.66,3542.66,3612.0,3550500,-1.0,-1.0,-1.0
2022/04/19,3673.3199999999997,3698.66,3632.0,3694.66,4581500,-1.0,-1.0,-1.0
2022/04/20,3761.3199999999997,3768.66,3644.0,3648.66,4914500,-1.0,-1.0,-1.0
2022/04/21,3680.0,3788.66,3667.3199999999997,3778.0,6235000,-1.0,-1.0,-1.0
2022/04/22,3680.0,3713.3199999999997,3650.66,3698.66,4896500,-1.0,-1.0,-1.0
2022/04/25,3643.3199999999997,3742.0,3640.0,3689.3199999999997,5837000,-1.0,-1.0,-1.0
2022/04/26,3766.66,3766.66,3704.66,3708.66,4813500,-1.0,-1.0,-1.0
2022/04/27,3642.0,3653.3199999999997,3577.3199999999997,3653.3199999999997,6778500,-1.0,-1.0,-1.0
2022/04/28,3633.3199999999997,3705.3199999999997,3606.66,3698.66,4353500,-1.0,-1.0,-1.0
2022/05/02,3780.0,3780.66,3614.66,3652.66,5063000,-1.0,-1.0,-1.0
2022/05/06,3660.66,3688.66,3590.66,3688.66,4844500,-1.0,-1.0,-1.0
2022/05/09,3622.0,3676.66,3614.0,3614.0,3688000,-1.0,-1.0,-1.0
2022/05/10,3570.66,3584.66,3470.66,3563.3199999999997,6067000,-1.0,-1.0,-1.0
2022/05/11,3561.3199999999997,3678.66,3541.3199999999997,3661.3199999999997,5143500,-1.0,-1.0,-1.0
2022/05/12,3588.0,3648.0,3542.0,3600.0,6126500,-1.0,-1.0,-1.0
2022/05/13,3708.0,3826.0,3662.66,3799.3199999999997,8729500,-1.0,-1.0,-1.0
2022/05/16,3911.3199999999997,3918.66,3788.0,3801.3199999999997,6335500,-1.0,-1.0,-1.0
2022/05/17,3821.3199999999997,3869.3199999999997,3770.66,3869.3199999999997,4522000,-1.0,-1.0,-1.0
2022/05/18,3942.66,4008.66,3930.66,3980.0,6806500,-1.0,-1.0,-1.0
2022/05/19,3833.3199999999997,3888.66,3821.3199999999997,3844.0,6332500,-1.0,-1.0,-1.0
2022/05/20,3880.0,3913.3199999999997,3828.66,3892.66,5247000,-1.0,-1.0,-1.0
2022/05/23,3916.66,3945.3199999999997,3870.0,3913.3199999999997,5218000,-1.0,-1.0,-1.0
2022/05/24,3903.3199999999997,3942.0,3882.0,3882.0,4838000,-1.0,-1.0,-1.0
2022/05/25,3906.66,3943.3199999999997,3878.0,3912.0,5053500,-1.0,-1.0,-1.0
2022/05/26,3880.66,3892.0,3800.66,3818.66,6620500,-1.0,-1.0,-1.0
2022/05/27,3903.3199999999997,3946.0,3888.66,3941.3199999999997,6293000,-1.0,-1.0,-1.0
2022/05/30,4000.0,4001.3199999999997,3928.66,3983.3199999999997,8053500,-1.0,-1.0,-1.0
2022/05/31,3972.0,3982.0,3916.0,3932.0,6238000,-1.0,-1.0,-1.0
2022/06/01,3908.0,3917.3199999999997,3871.3199999999997,3890.0,4854500,-1.0,-1.0,-1.0
2022/06/02,3866.0,3914.0,3852.0,3904.0,3748000,-1.0,-1.0,-1.0
2022/06/03,3958.66,3997.3199999999997,3948.0,3997.3199999999997,5385500,-1.0,-1.0,-1.0
2022/06/06,3961.3199999999997,4055.3199999999997,3957.3199999999997,4044.66,4600000,-1.0,-1.0,-1.0
2022/06/07,4033.3199999999997,4036.0,3955.3199999999997,3959.3199999999997,5374500,-1.0,-1.0,-1.0
2022/06/08,3982.0,4007.3199999999997,3900.66,3920.0,5165500,-1.0,-1.0,-1.0
2022/06/09,3833.3199999999997,3864.66,3788.0,3834.0,7550000,-1.0,-1.0,-1.0
2022/06/10,3782.66,3789.3199999999997,3705.3199999999997,3710.66,7411000,-1.0,-1.0,-1.0
2022/06/13,3577.3199999999997,3613.3199999999997,3515.3199999999997,3515.3199999999997,7445000,-1.0,-1.0,-1.0
2022/06/14,3410.0,3499.3199999999997,3384.66,3447.3199999999997,9720500,-1.0,-1.0,-1.0
2022/06/15,3448.0,3488.0,3400.0,3400.0,5043000,-1.0,-1.0,-1.0
2022/06/16,3483.3199999999997,3516.0,3368.66,3372.66,6148500,-1.0,-1.0,-1.0
2022/06/17,3212.66,3252.66,3166.66,3202.66,10318500,-1.0,-1.0,-1.0
2022/06/20,3170.0,3170.0,2959.32,3036.0,13610000,-1.0,-1.0,-1.0
2022/06/21,3083.32,3154.66,3005.32,3113.32,10253000,-1.0,-1.0,-1.0
2022/06/22,3160.0,3160.66,2970.0,2993.32,9608000,-1.0,-1.0,-1.0
2022/06/23,2976.0,3075.32,2956.0,2996.0,9364000,-1.0,-1.0,-1.0
2022/06/24,2966.66,3124.66,2966.0,3115.32,9160000,-1.0,-1.0,-1.0
2022/06/27,3162.0,3199.32,3094.66,3184.66,8758500,-1.0,-1.0,-1.0
2022/06/28,3160.0,3189.32,3111.32,3170.0,6856500,-1.0,-1.0,-1.0
2022/06/29,3096.0,3103.32,3047.32,3080.0,10052500,-1.0,-1.0,-1.0
2022/06/30,3018.66,3047.32,2946.66,2953.32,10806000,-1.0,-1.0,-1.0
2022/07/01,2966.66,2978.66,2808.66,2844.0,13217500,-1.0,-1.0,-1.0
2022/07/04,2773.32,2864.66,2756.0,2827.32,9678500,-1.0,-1.0,-1.0
2022/07/05,2848.66,2898.0,2816.66,2838.0,7323500,-1.0,-1.0,-1.0
2022/07/06,2830.0,2870.66,2801.32,2801.32,7903500,-1.0,-1.0,-1.0
2022/07/07,2822.66,2884.0,2773.32,2854.66,9189500,-1.0,-1.0,-1.0
2022/07/08,2914.66,2967.32,2885.32,2903.32,11907000,-1.0,-1.0,-1.0
2022/07/11,2895.32,2908.66,2821.32,2863.32,8597500,-1.0,-1.0,-1.0
2022/07/12,2853.32,2857.32,2761.32,2780.66,7355500,-1.0,-1.0,-1.0
2022/07/13,2798.0,2837.32,2788.66,2818.66,6146000,-1.0,-1.0,-1.0
2022/07/14,2818.66,2920.66,2805.32,2912.66,8456500,-1.0,-1.0,-1.0
2022/07/15,2915.32,2949.32,2840.66,2869.32,8641000,-1.0,-1.0,-1.0
2022/07/19,2860.0,2908.0,2836.66,2866.66,6057000,-1.0,-1.0,-1.0
2022/07/20,2983.32,3033.32,2975.32,3006.66,9371000,-1.0,-1.0,-1.0
2022/07/21,3000.66,3019.32,2943.32,2977.32,8062000,-1.0,-1.0,-1.0
2022/07/22,2999.32,3024.66,2964.66,3017.32,5779500,-1.0,-1.0,-1.0
2022/07/25,2970.66,3020.0,2956.0,3001.32,4584000,-1.0,-1.0,-1.0
2022/07/26,2982.66,3016.0,2960.66,2968.0,4685000,-1.0,-1.0,-1.0
2022/07/27,2967.32,3070.66,2966.66,3060.0,6269500,-1.0,-1.0,-1.0
2022/07/28,3166.66,3166.66,3039.32,3071.32,8201000,-1.0,-1.0,-1.0
2022/07/29,3115.32,3116.66,3046.0,3067.32,6105500,-1.0,-1.0,-1.0
2022/08/01,3061.32,3114.0,3038.66,3106.66,5672500,-1.0,-1.0,-1.0
2022/08/02,3083.32,3096.0,3022.66,3044.66,5386000,-1.0,-1.0,-1.0
2022/08/03,3064.0,3089.32,3025.32,3074.0,5032500,-1.0,-1.0,-1.0
2022/08/04,3152.0,3212.0,3144.66,3169.32,7250000,-1.0,-1.0,-1.0
2022/08/05,3212.0,3269.32,3186.0,3257.32,6421000,-1.0,-1.0,-1.0
2022/08/08,3277.3199999999997,3326.0,3262.0,3313.3199999999997,7696500,-1.0,-1.0,-1.0
2022/08/09,3073.32,3126.0,3002.66,3040.0,13713500,-1.0,-1.0,-1.0
2022/08/10,2934.0,2983.32,2900.0,2960.66,9980500,-1.0,-1.0,-1.0
2022/08/12,3060.66,3108.66,3027.32,3094.66,11703500,-1.0,-1.0,-1.0
2022/08/15,3133.32,3146.66,3096.0,3116.66,4982000,-1.0,-1.0,-1.0
2022/08/16,3100.0,3120.0,3076.66,3095.32,4615000,-1.0,-1.0,-1.0
2022/08/17,3099.32,3109.32,3054.0,3086.0,5872500,-1.0,-1.0,-1.0
2022/08/18,3037.32,3081.32,3011.32,3061.32,5373000,-1.0,-1.0,-1.0
2022/08/19,3108.0,3122.66,3080.0,3106.66,5149000,-1.0,-1.0,-1.0
2022/08/22,3042.0,3054.66,3020.66,3045.32,4750500,-1.0,-1.0,-1.0
2022/08/23,3011.32,3038.66,3010.0,3021.32,4217500,-1.0,-1.0,-1.0
2022/08/24,3006.0,3018.0,2952.66,2955.32,5822000,-1.0,-1.0,-1.0
2022/08/25,2950.0,3002.0,2945.32,2991.32,3947500,-1.0,-1.0,-1.0
2022/08/26,3038.0,3092.66,3028.0,3058.0,5385000,-1.0,-1.0,-1.0
2022/08/29,2918.0,2948.66,2900.0,2902.0,7689500,-1.0,-1.0,-1.0
2022/08/30,2909.32,2959.32,2905.32,2950.0,5598000,-1.0,-1.0,-1.0
2022/08/31,2888.0,2956.66,2881.32,2944.0,6632500,-1.0,-1.0,-1.0
2022/09/01,2897.32,2926.0,2845.32,2845.32,8210000,-1.0,-1.0,-1.0
2022/09/02,2857.32,2866.66,2824.0,2836.0,5324500,-1.0,-1.0,-1.0
2022/09/05,2803.32,2842.66,2796.0,2838.0,4414000,-1.0,-1.0,-1.0
2022/09/06,2850.0,2884.66,2838.66,2846.66,3831000,-1.0,-1.0,-1.0
2022/09/07,2831.32,2841.32,2763.32,2770.0,6755000,-1.0,-1.0,-1.0
2022/09/08,2814.0,2848.66,2788.0,2830.0,5810000,-1.0,-1.0,-1.0
2022/09/09,2865.32,2882.66,2830.0,2862.0,6826500,-1.0,-1.0,-1.0
2022/09/12,2913.32,2924.0,2884.0,2896.66,4741500,-1.0,-1.0,-1.0
2022/09/13,2893.32,2932.0,2888.66,2926.66,5611000,-1.0,-1.0,-1.0
2022/09/14,2787.32,2853.32,2778.0,2818.66,8524000,-1.0,-1.0,-1.0
2022/09/15,2836.0,2872.0,2804.0,2850.66,6832500,-1.0,-1.0,-1.0
2022/09/16,2800.0,2802.66,2727.32,2727.32,9974500,-1.0,-1.0,-1.0
2022/09/20,2757.32,2778.66,2735.32,2736.0,5863000,-1.0,-1.0,-1.0
2022/09/21,2700.0,2724.66,2687.32,2692.66,5607500,-1.0,-1.0,-1.0
2022/09/22,2646.66,2710.66,2638.66,2694.0,5830500,-1.0,-1.0,-1.0
2022/09/26,2626.0,2634.66,2580.0,2580.0,7578000,-1.0,-1.0,-1.0
2022/09/27,2573.32,2588.0,2548.0,2558.0,7183500,-1.0,-1.0,-1.0
2022/09/28,2553.32,2600.0,2489.32,2522.66,8989000,-1.0,-1.0,-1.0
2022/09/29,2526.66,2530.0,2460.0,2466.66,7306000,-1.0,-1.0,-1.0
2022/09/30,2400.0,2408.0,2338.0,2380.0,13107500,-1.0,-1.0,-1.0
2022/10/03,2373.32,2500.66,2362.0,2489.32,9604500,-1.0,-1.0,-1.0
2022/10/04,2582.66,2584.66,2523.32,2556.0,10271000,-1.0,-1.0,-1.0
2022/10/05,2578.0,2588.0,2532.0,2539.32,8541500,-1.0,-1.0,-1.0
2022/10/06,2559.32,2624.0,2553.32,2609.32,7874000,-1.0,-1.0,-1.0
2022/10/07,2568.66,2610.0,2554.0,2588.66,8571500,-1.0,-1.0,-1.0
2022/10/11,2473.32,2495.32,2434.0,2446.66,10110000,-1.0,-1.0,-1.0
2022/10/12,2403.32,2421.32,2303.32,2339.32,15028500,-1.0,-1.0,-1.0
2022/10/13,2344.0,2408.66,2323.32,2384.0,9151000,-1.0,-1.0,-1.0
2022/10/14,2425.32,2473.32,2414.66,2444.0,10905000,-1.0,-1.0,-1.0
2022/10/17,2390.0,2448.66,2388.0,2448.0,6085000,-1.0,-1.0,-1.0
2022/10/18,2490.0,2497.32,2432.66,2481.32,9871000,-1.0,-1.0,-1.0
2022/10/19,2474.0,2522.0,2463.32,2504.0,8869500,-1.0,-1.0,-1.0
2022/10/20,2486.66,2490.0,2422.0,2446.66,9115000,-1.0,-1.0,-1.0
2022/10/21,2490.66,2571.32,2486.66,2559.32,10181500,-1.0,-1.0,-1.0
2022/10/24,2618.66,2672.0,2604.66,2610.66,9843000,-1.0,-1.0,-1.0
2022/10/25,2594.0,2644.0,2576.66,2630.0,8848000,-1.0,-1.0,-1.0
2022/10/26,2608.0,2646.66,2578.0,2612.0,8557500,-1.0,-1.0,-1.0
2022/10/27,2604.0,2669.32,2596.66,2639.32,7301000,-1.0,-1.0,-1.0
2022/10/28,2583.32,2630.66,2570.66,2598.66,7909000,-1.0,-1.0,-1.0
2022/10/31,2678.0,2698.66,2624.0,2632.66,7394500,-1.0,-1.0,-1.0
2022/11/01,2613.32,2650.66,2608.0,2646.66,5055500,-1.0,-1.0,-1.0
2022/11/02,2632.66,2646.66,2591.32,2591.32,5968500,-1.0,-1.0,-1.0
2022/11/04,2533.32,2570.0,2508.0,2530.0,7414000,-1.0,-1.0,-1.0
2022/11/07,2579.32,2642.0,2571.32,2626.0,7289000,-1.0,-1.0,-1.0
2022/11/08,2666.66,2732.0,2655.32,2712.66,8295000,-1.0,-1.0,-1.0
2022/11/09,2759.32,2782.0,2730.66,2756.66,7752000,-1.0,-1.0,-1.0
2022/11/10,2716.66,2752.66,2701.32,2728.0,6525500,-1.0,-1.0,-1.0
2022/11/11,2868.0,2993.32,2860.66,2958.0,20905500,-1.0,-1.0,-1.0
2022/11/14,3060.0,3062.66,2987.32,3026.66,10303500,-1.0,-1.0,-1.0
2022/11/15,3024.0,3060.66,2988.66,3043.32,8312000,-1.0,-1.0,-1.0
2022/11/16,3073.32,3118.66,3016.66,3093.32,9833500,-1.0,-1.0,-1.0
2022/11/17,2990.0,3032.0,2972.0,3002.0,7726000,-1.0,-1.0,-1.0
2022/11/18,3033.32,3054.66,2968.66,2972.66,7057000,-1.0,-1.0,-1.0
2022/11/21,3000.66,3007.32,2970.66,2983.32,4938500,-1.0,-1.0,-1.0
2022/11/22,2976.66,2991.32,2954.66,2986.0,4480000,-1.0,-1.0,-1.0
2022/11/24,3073.32,3101.32,3067.32,3092.0,6876000,-1.0,-1.0,-1.0
2022/11/25,3082.0,3090.0,3056.66,3068.0,4408000,-1.0,-1.0,-1.0
2022/11/28,3028.66,3043.32,3012.66,3020.0,4193000,-1.0,-1.0,-1.0
2022/11/29,2988.0,3012.66,2972.66,2987.32,4651000,-1.0,-1.0,-1.0
2022/11/30,2970.0,3006.0,2952.66,3006.0,6963000,-1.0,-1.0,-1.0
2022/12/01,3153.32,3154.66,3109.32,3126.66,8863000,-1.0,-1.0,-1.0
2022/12/02,3089.32,3134.66,3084.0,3116.0,6168000,-1.0,-1.0,-1.0
2022/12/05,3102.0,3134.0,3068.66,3073.32,5432000,-1.0,-1.0,-1.0
2022/12/06,3056.0,3114.0,3050.0,3105.32,4379000,-1.0,-1.0,-1.0
2022/12/07,3061.32,3073.32,2986.0,2988.0,7179500,-1.0,-1.0,-1.0
2022/12/08,2973.32,2996.0,2939.32,2960.0,5215000,-1.0,-1.0,-1.0
2022/12/09,2967.32,3055.32,2966.66,3046.66,8261000,-1.0,-1.0,-1.0
2022/12/12,3000.0,3030.0,2990.0,3016.66,3732500,-1.0,-1.0,-1.0
2022/12/13,3043.32,3052.0,2994.0,3019.32,5447500,-1.0,-1.0,-1.0
2022/12/14,3057.32,3099.32,3042.0,3076.66,5928500,-1.0,-1.0,-1.0
2022/12/15,3060.66,3074.66,3049.32,3055.32,4061000,-1.0,-1.0,-1.0
2022/12/16,2962.0,2972.66,2912.66,2918.66,8525000,-1.0,-1.0,-1.0
2022/12/19,2872.0,2902.0,2864.66,2874.0,4644500,-1.0,-1.0,-1.0
2022/12/20,2846.66,2868.66,2743.32,2772.66,10070500,-1.0,-1.0,-1.0
2022/12/21,2758.0,2785.32,2731.32,2731.32,6554500,-1.0,-1.0,-1.0
2022/12/22,2756.66,2772.0,2711.32,2713.32,5324000,-1.0,-1.0,-1.0
2022/12/23,2626.66,2635.32,2592.0,2613.32,6870500,-1.0,-1.0,-1.0
2022/12/26,2600.66,2679.32,2600.66,2671.32,3813500,-1.0,-1.0,-1.0
2022/12/27,2692.0,2703.32,2638.66,2645.32,3963500,-1.0,-1.0,-1.0
2022/12/28,2600.0,2621.32,2592.66,2619.32,4599500,-1.0,-1.0,-1.0
2022/12/29,2581.32,2609.32,2577.32,2607.32,4318000,-1.0,-1.0,-1.0
2022/12/30,2646.0,2656.0,2587.32,2592.0,5121000,-1.0,-1.0,-1.0
2023/01/04,2556.0,2584.66,2548.0,2560.66,4756000,-1.0,-1.0,-1.0
2023/01/05,2607.32,2683.32,2583.32,2663.32,6924000,-1.0,-1.0,-1.0
2023/01/06,2626.66,2748.0,2621.32,2744.66,7592500,-1.0,-1.0,-1.0
2023/01/10,2838.0,2842.0,2795.32,2829.32,6891000,-1.0,-1.0,-1.0
2023/01/11,2846.66,2886.66,2836.0,2866.0,5527000,-1.0,-1.0,-1.0
2023/01/12,2923.32,2932.0,2887.32,2917.32,6747000,-1.0,-1.0,-1.0
2023/01/13,2964.0,3052.66,2933.32,3006.0,10869500,-1.0,-1.0,-1.0
2023/01/16,2959.32,2986.66,2925.32,2934.66,6117500,-1.0,-1.0,-1.0
2023/01/17,2964.0,3023.32,2952.66,2993.32,5063500,-1.0,-1.0,-1.0
2023/01/18,3000.66,3069.32,2981.32,3044.66,5653500,-1.0,-1.0,-1.0
2023/01/19,3020.0,3020.0,2958.66,2968.66,4624500,-1.0,-1.0,-1.0
2023/01/20,2922.0,2968.66,2906.66,2963.32,3815500,-1.0,-1.0,-1.0
2023/01/23,3039.32,3051.32,3020.66,3038.0,4475500,-1.0,-1.0,-1.0
2023/01/24,3122.0,3168.0,3100.0,3100.0,7736000,-1.0,-1.0,-1.0
2023/01/25,3086.66,3114.66,3070.0,3092.0,4684000,-1.0,-1.0,-1.0
2023/01/26,3064.0,3076.66,3014.66,3036.0,5406500,-1.0,-1.0,-1.0
2023/01/27,3046.0,3068.0,3004.0,3032.0,4955500,-1.0,-1.0,-1.0
2023/01/30,3007.32,3052.66,2996.66,3052.66,4184500,-1.0,-1.0,-1.0
2023/01/31,3053.32,3057.32,3008.66,3011.32,3836500,-1.0,-1.0,-1.0
2023/02/01,3048.66,3094.0,3043.32,3075.32,5085000,-1.0,-1.0,-1.0
2023/02/02,3163.32,3181.32,3125.32,3165.32,7070000,-1.0,-1.0,-1.0
2023/02/03,3192.0,3202.66,3166.0,3166.66,5065500,-1.0,-1.0,-1.0
2023/02/06,3168.0,3180.0,3100.0,3104.66,4890500,-1.0,-1.0,-1.0
2023/02/07,3116.66,3150.66,3104.0,3114.0,3660000,-1.0,-1.0,-1.0
2023/02/08,3151.32,3154.66,3106.66,3151.32,4102000,-1.0,-1.0,-1.0
2023/02/09,3104.66,3112.66,3076.0,3084.0,4614000,-1.0,-1.0,-1.0
2023/02/10,3174.0,3270.0,3172.66,3218.0,15374500,-1.0,-1.0,-1.0
2023/02/13,3171.32,3185.32,3056.0,3076.66,9466500,-1.0,-1.0,-1.0
2023/02/14,3133.32,3144.0,3105.32,3119.32,5277500,-1.0,-1.0,-1.0
2023/02/15,3153.32,3164.66,3092.66,3104.66,5015500,-1.0,-1.0,-1.0
2023/02/16,3133.32,3145.32,3114.66,3132.66,4288500,-1.0,-1.0,-1.0
2023/02/17,3100.0,3126.0,3065.32,3079.32,5967500,-1.0,-1.0,-1.0
2023/02/20,3058.66,3068.0,3023.32,3032.0,5161500,-1.0,-1.0,-1.0
2023/02/21,3033.32,3040.0,3002.66,3024.0,3554500,-1.0,-1.0,-1.0
2023/02/22,2970.0,2993.32,2964.0,2972.66,5215500,-1.0,-1.0,-1.0
2023/02/24,3066.0,3186.0,3064.66,3184.66,10936500,-1.0,-1.0,-1.0
2023/02/27,3120.66,3145.32,3109.32,3124.66,5304500,-1.0,-1.0,-1.0
2023/02/28,3163.32,3164.0,3107.32,3114.0,6292500,-1.0,-1.0,-1.0
2023/03/01,3130.0,3172.66,3106.66,3171.32,5580000,-1.0,-1.0,-1.0
2023/03/02,3157.32,3162.66,3107.32,3122.0,5558500,-1.0,-1.0,-1.0
2023/03/03,3140.0,3150.66,3088.0,3142.0,7274000,-1.0,-1.0,-1.0
2023/03/06,3188.0,3250.66,3178.0,3240.0,7294500,-1.0,-1.0,-1.0
2023/03/07,3216.66,3227.32,3200.0,3207.32,4981500,-1.0,-1.0,-1.0
2023/03/08,3178.0,3226.0,3176.66,3202.66,4405000,-1.0,-1.0,-1.0
2023/03/09,3258.0,3280.66,3225.32,3242.66,5302500,-1.0,-1.0,-1.0
2023/03/10,3240.0,3257.32,3200.66,3202.0,8240000,-1.0,-1.0,-1.0
2023/03/13,3178.66,3199.32,3164.66,3178.0,4548500,-1.0,-1.0,-1.0
2023/03/14,3144.0,3168.66,3112.0,3112.66,6930500,-1.0,-1.0,-1.0
2023/03/15,3163.32,3173.32,3107.32,3116.66,5612500,-1.0,-1.0,-1.0
2023/03/16,3080.0,3208.66,3062.66,3145.32,7266500,-1.0,-1.0,-1.0
2023/03/17,3208.66,3237.32,3161.32,3237.32,7485000,-1.0,-1.0,-1.0
2023/03/20,3237.32,3249.32,3151.32,3153.32,5592500,-1.0,-1.0,-1.0
2023/03/22,3189.32,3238.66,3171.32,3224.66,5975000,-1.0,-1.0,-1.0
2023/03/23,3203.32,3278.0,3197.32,3273.32,6328500,-1.0,-1.0,-1.0
2023/03/24,3312.66,3383.3199999999997,3308.0,3333.3199999999997,8634500,-1.0,-1.0,-1.0
2023/03/27,3306.66,3310.0,3246.66,3250.0,6499000,-1.0,-1.0,-1.0
2023/03/28,3230.0,3246.66,3208.66,3239.32,3939000,-1.0,-1.0,-1.0
2023/03/29,3210.0,3222.0,3184.66,3221.32,6055500,-1.0,-1.0,-1.0
2023/03/30,3278.0,3280.0,3167.0,3206.0,17850000,-1.0,-1.0,-1.0
2023/03/31,3250.0,3254.0,3140.0,3208.0,26626500,-1.0,-1.0,-1.0
2023/04/03,3208.0,3210.0,3120.0,3142.0,16998000,-1.0,-1.0,-1.0
2023/04/04,3176.0,3187.0,3135.0,3161.0,15149500,-1.0,-1.0,-1.0
2023/04/05,3122.0,3194.0,3117.0,3156.0,16323000,-1.0,-1.0,-1.0
2023/04/06,3076.0,3076.0,2986.0,3013.0,24301000,-1.0,-1.0,-1.0
2023/04/07,3050.0,3096.0,3031.0,3080.0,15213500,-1.0,-1.0,-1.0
2023/04/10,3095.0,3104.0,3053.0,3065.0,9122500,-1.0,-1.0,-1.0
2023/04/11,3160.0,3212.0,3140.0,3178.0,20416000,-1.0,-1.0,-1.0
2023/04/12,3145.0,3199.0,3133.0,3189.0,12481500,-1.0,-1.0,-1.0
2023/04/13,3128.0,3140.0,3108.0,3139.0,13399500,-1.0,-1.0,-1.0
2023/04/14,3111.0,3155.0,3067.0,3083.0,21895000,-1.0,-1.0,-1.0
2023/04/17,3104.0,3116.0,3071.0,3097.0,11011500,-1.0,-1.0,-1.0
2023/04/18,3070.0,3076.0,3021.0,3026.0,19086500,-1.0,-1.0,-1.0
2023/04/19,3057.0,3086.0,2993.0,3026.0,17511500,-1.0,-1.0,-1.0
2023/04/20,2986.0,3079.0,2962.0,3079.0,19776500,-1.0,-1.0,-1.0
2023/04/21,3132.0,3186.0,3104.0,3118.0,23010500,-1.0,-1.0,-1.0
2023/04/24,3082.0,3104.0,3051.0,3058.0,11874000,-1.0,-1.0,-1.0
2023/04/25,3069.0,3095.0,3059.0,3064.0,9916500,-1.0,-1.0,-1.0
2023/04/26,3046.0,3081.0,3040.0,3052.0,12172000,-1.0,-1.0,-1.0
2023/04/27,3052.0,3054.0,2998.0,3040.0,14199500,-1.0,-1.0,-1.0
2023/04/28,3088.0,3103.0,3029.0,3099.0,15419000,-1.0,-1.0,-1.0
2023/05/01,3140.0,3145.0,3070.0,3100.0,12274000,-1.0,-1.0,-1.0
2023/05/02,3133.0,3152.0,3103.0,3146.0,12324000,-1.0,-1.0,-1.0
2023/05/08,3134.0,3152.0,3097.0,3138.0,12727000,-1.0,-1.0,-1.0
2023/05/09,3180.0,3199.0,3152.0,3194.0,11523000,-1.0,-1.0,-1.0
2023/05/10,3149.0,3175.0,3118.0,3126.0,11322000,-1.0,-1.0,-1.0
2023/05/11,3146.0,3191.0,3125.0,3177.0,13344000,-1.0,-1.0,-1.0
2023/05/12,3177.0,3279.0,3128.0,3279.0,31960500,-1.0,-1.0,-1.0
2023/05/15,3272.0,3282.0,3210.0,3235.0,15103500,-1.0,-1.0,-1.0
2023/05/16,3300.0,3380.0,3298.0,3372.0,22119000,-1.0,-1.0,-1.0
2023/05/17,3406.0,3516.0,3403.0,3484.0,22778000,-1.0,-1.0,-1.0
2023/05/18,3698.0,3708.0,3584.0,3674.0,27080000,-1.0,-1.0,-1.0
2023/05/19,3740.0,3784.0,3663.0,3706.0,25426000,-1.0,-1.0,-1.0
2023/05/22,3680.0,3739.0,3677.0,3732.0,15470000,-1.0,-1.0,-1.0
2023/05/23,3740.0,3748.0,3623.0,3636.0,25701500,-1.0,-1.0,-1.0
2023/05/24,3556.0,3666.0,3537.0,3650.0,23529000,-1.0,-1.0,-1.0
2023/05/25,3730.0,3776.0,3702.0,3760.0,24698500,-1.0,-1.0,-1.0
2023/05/26,3872.0,3984.0,3842.0,3927.0,34543500,-1.0,-1.0,-1.0
2023/05/29,4118.0,4120.0,3904.0,3944.0,29884500,-1.0,-1.0,-1.0
2023/05/30,3936.0,3999.0,3909.0,3942.0,16557000,-1.0,-1.0,-1.0
2023/05/31,3938.0,3946.0,3848.0,3863.0,31815500,-1.0,-1.0,-1.0
2023/06/01,3842.0,3947.0,3834.0,3947.0,23136000,-1.0,-1.0,-1.0
2023/06/02,3939.0,3943.0,3810.0,3855.0,24686500,-1.0,-1.0,-1.0
2023/06/05,3839.0,3892.0,3736.0,3884.0,23558500,-1.0,-1.0,-1.0
2023/06/06,3840.0,3930.0,3821.0,3927.0,19258500,-1.0,-1.0,-1.0
2023/06/07,3922.0,3936.0,3763.0,3763.0,27899500,-1.0,-1.0,-1.0
2023/06/08,3742.0,3806.0,3705.0,3760.0,23984000,-1.0,-1.0,-1.0
2023/06/09,3739.0,3790.0,3667.0,3782.0,33188500,-1.0,-1.0,-1.0
2023/06/12,3820.0,3833.0,3749.0,3791.0,15447000,-1.0,-1.0,-1.0
2023/06/13,3880.0,3985.0,3870.0,3980.0,27954500,-1.0,-1.0,-1.0
2023/06/14,4010.0,4016.0,3942.0,3980.0,29802500,-1.0,-1.0,-1.0
2023/06/15,4027.0,4090.0,3996.0,4060.0,26602500,-1.0,-1.0,-1.0
2023/06/16,4020.0,4088.0,3962.0,4080.0,21393000,-1.0,-1.0,-1.0
2023/06/19,3980.0,4048.0,3945.0,3980.0,20966000,-1.0,-1.0,-1.0
2023/06/20,3955.0,4015.0,3946.0,4000.0,15319000,-1.0,-1.0,-1.0
2023/06/21,3960.0,4115.0,3959.0,4112.0,20219000,-1.0,-1.0,-1.0
2023/06/22,4012.0,4044.0,3924.0,3924.0,23116500,-1.0,-1.0,-1.0
2023/06/23,3988.0,4028.0,3886.0,3955.0,22263000,-1.0,-1.0,-1.0
2023/06/26,3910.0,3955.0,3895.0,3922.0,12698500,-1.0,-1.0,-1.0
2023/06/27,3921.0,3987.0,3907.0,3943.0,11421500,-1.0,-1.0,-1.0
2023/06/28,4023.0,4048.0,3970.0,4048.0,17860000,-1.0,-1.0,-1.0
2023/06/29,4090.0,4226.0,4080.0,4155.0,23540500,-1.0,-1.0,-1.0
2023/06/30,4081.0,4138.0,4064.0,4112.0,17890000,-1.0,-1.0,-1.0
2023/07/03,4240.0,4308.0,4232.0,4274.0,18986500,-1.0,-1.0,-1.0
2023/07/04,4260.0,4326.0,4244.0,4278.0,14364000,-1.0,-1.0,-1.0
2023/07/05,4250.0,4282.0,4221.0,4263.0,14084000,-1.0,-1.0,-1.0
2023/07/06,4114.0,4170.0,4081.0,4096.0,19216000,-1.0,-1.0,-1.0
2023/07/07,4068.0,4154.0,4041.0,4041.0,21181000,-1.0,-1.0,-1.0
2023/07/10,4040.0,4057.0,3964.0,3980.0,19282500,-1.0,-1.0,-1.0
2023/07/11,4041.0,4065.0,3988.0,4023.0,15126000,-1.0,-1.0,-1.0
2023/07/12,4005.0,4011.0,3874.0,3889.0,16561500,-1.0,-1.0,-1.0
2023/07/13,3940.0,3983.0,3862.0,3968.0,15058500,-1.0,-1.0,-1.0
2023/07/14,4000.0,4083.0,3995.0,4038.0,22937500,-1.0,-1.0,-1.0
2023/07/18,4080.0,4159.0,4051.0,4078.0,17076000,-1.0,-1.0,-1.0
2023/07/19,4137.0,4159.0,4090.0,4145.0,15059500,-1.0,-1.0,-1.0
2023/07/20,4112.0,4136.0,4079.0,4090.0,13835500,-1.0,-1.0,-1.0
2023/07/21,3910.0,3933.0,3847.0,3860.0,25374000,-1.0,-1.0,-1.0
2023/07/24,3940.0,3979.0,3886.0,3953.0,14600500,-1.0,-1.0,-1.0
2023/07/25,4010.0,4010.0,3882.0,3933.0,15913500,-1.0,-1.0,-1.0
2023/07/26,3970.0,3989.0,3951.0,3972.0,9893500,-1.0,-1.0,-1.0
2023/07/27,3896.0,4093.0,3896.0,4080.0,19142000,-1.0,-1.0,-1.0
2023/07/28,4026.0,4187.0,4025.0,4182.0,28556000,-1.0,-1.0,-1.0
2023/07/31,4279.0,4316.0,4238.0,4249.0,20667000,-1.0,-1.0,-1.0
2023/08/01,4285.0,4377.0,4260.0,4369.0,16138000,-1.0,-1.0,-1.0
2023/08/02,4300.0,4335.0,4201.0,4229.0,15936000,-1.0,-1.0,-1.0
2023/08/03,4137.0,4214.0,4121.0,4182.0,15466000,-1.0,-1.0,-1.0
2023/08/04,4208.0,4254.0,4187.0,4219.0,10343500,-1.0,-1.0,-1.0
2023/08/07,4176.0,4185.0,4104.0,4175.0,10518500,-1.0,-1.0,-1.0
2023/08/08,4201.0,4227.0,4116.0,4139.0,11273500,-1.0,-1.0,-1.0
2023/08/09,4128.0,4217.0,4125.0,4152.0,11286000,-1.0,-1.0,-1.0
2023/08/10,4102.0,4111.0,4035.0,4090.0,18099000,-1.0,-1.0,-1.0
2023/08/14,4054.0,4098.0,3986.0,4054.0,15990000,-1.0,-1.0,-1.0
2023/08/15,4197.0,4223.0,4106.0,4122.0,15488000,-1.0,-1.0,-1.0
2023/08/16,4092.0,4106.0,4060.0,4075.0,9892000,-1.0,-1.0,-1.0
2023/08/17,4061.0,4124.0,4042.0,4093.0,10769500,-1.0,-1.0,-1.0
2023/08/18,4060.0,4169.0,4050.0,4121.0,10811000,-1.0,-1.0,-1.0
2023/08/21,4151.0,4172.0,4106.0,4158.0,9797000,-1.0,-1.0,-1.0
2023/08/22,4242.0,4260.0,4180.0,4238.0,12841500,-1.0,-1.0,-1.0
2023/08/23,4218.0,4226.0,4190.0,4213.0,9452500,-1.0,-1.0,-1.0
2023/08/24,4320.0,4352.0,4293.0,4350.0,14454000,-1.0,-1.0,-1.0
2023/08/25,4191.0,4199.0,4086.0,4092.0,19320500,-1.0,-1.0,-1.0
2023/08/28,4136.0,4196.0,4090.0,4191.0,13100000,-1.0,-1.0,-1.0
2023/08/29,4220.0,4263.0,4195.0,4221.0,11566000,-1.0,-1.0,-1.0
2023/08/30,4335.0,4358.0,4261.0,4262.0,14417000,-1.0,-1.0,-1.0
2023/08/31,4305.0,4352.0,4286.0,4315.0,25269500,-1.0,-1.0,-1.0
2023/09/01,4295.0,4338.0,4277.0,4287.0,11527000,-1.0,-1.0,-1.0
2023/09/04,4291.0,4313.0,4266.0,4297.0,8493500,-1.0,-1.0,-1.0
2023/09/05,4309.0,4343.0,4286.0,4339.0,10874000,-1.0,-1.0,-1.0
2023/09/06,4370.0,4429.0,4340.0,4423.0,13404500,-1.0,-1.0,-1.0
2023/09/07,4395.0,4432.0,4382.0,4392.0,16006000,-1.0,-1.0,-1.0
2023/09/08,4300.0,4310.0,4187.0,4224.0,28411500,-1.0,-1.0,-1.0
2023/09/11,4209.0,4219.0,4088.0,4098.0,15794000,-1.0,-1.0,-1.0
2023/09/12,4127.0,4159.0,4057.0,4147.0,15502500,-1.0,-1.0,-1.0
2023/09/13,4128.0,4169.0,4106.0,4122.0,11099500,-1.0,-1.0,-1.0
2023/09/14,4160.0,4266.0,4150.0,4247.0,15094000,-1.0,-1.0,-1.0
2023/09/15,4296.0,4389.0,4276.0,4379.0,22716000,-1.0,-1.0,-1.0
2023/09/19,4221.0,4231.0,4137.0,4150.0,21611000,-1.0,-1.0,-1.0
2023/09/20,4136.0,4167.0,4094.0,4145.0,17550500,-1.0,-1.0,-1.0
2023/09/21,4088.0,4135.0,4069.0,4100.0,14757500,-1.0,-1.0,-1.0
2023/09/22,4019.0,4111.0,3968.0,4082.0,21618000,-1.0,-1.0,-1.0
2023/09/25,4102.0,4188.0,4089.0,4188.0,12902500,-1.0,-1.0,-1.0
2023/09/26,4105.0,4158.0,4033.0,4033.0,16881000,-1.0,-1.0,-1.0
2023/09/27,3966.0,4060.0,3956.0,4060.0,16214500,-1.0,-1.0,-1.0
2023/09/28,4034.0,4045.0,3932.0,3985.0,20248000,-1.0,-1.0,-1.0
2023/09/29,4054.0,4108.0,4017.0,4088.0,23953000,-1.0,-1.0,-1.0
2023/10/02,4108.0,4115.0,4033.0,4036.0,16836000,-1.0,-1.0,-1.0
2023/10/03,4009.0,4042.0,3977.0,3995.0,15351500,-1.0,-1.0,-1.0
2023/10/04,3890.0,3924.0,3854.0,3872.0,17288500,-1.0,-1.0,-1.0
2023/10/05,3940.0,3954.0,3884.0,3951.0,15115500,-1.0,-1.0,-1.0
2023/10/06,3900.0,3942.0,3841.0,3888.0,15467500,-1.0,-1.0,-1.0
2023/10/10,3959.0,4029.0,3940.0,4020.0,14225000,-1.0,-1.0,-1.0
2023/10/11,4076.0,4124.0,4065.0,4112.0,17598000,-1.0,-1.0,-1.0
2023/10/12,4170.0,4258.0,4163.0,4233.0,23978000,-1.0,-1.0,-1.0
2023/10/13,4220.0,4302.0,4209.0,4242.0,22570500,-1.0,-1.0,-1.0
2023/10/16,4100.0,4134.0,4062.0,4079.0,14410500,-1.0,-1.0,-1.0
2023/10/17,4174.0,4212.0,4156.0,4176.0,12691000,-1.0,-1.0,-1.0
2023/10/18,4130.0,4262.0,4127.0,4235.0,14576500,-1.0,-1.0,-1.0
2023/10/19,4100.0,4109.0,4016.0,4036.0,20237500,-1.0,-1.0,-1.0
2023/10/20,3972.0,4052.0,3947.0,4017.0,15848000,-1.0,-1.0,-1.0
2023/10/23,4002.0,4033.0,3990.0,4013.0,11207500,-1.0,-1.0,-1.0
2023/10/24,4065.0,4074.0,3933.0,4004.0,15343000,-1.0,-1.0,-1.0
2023/10/25,4060.0,4108.0,4029.0,4073.0,12257500,-1.0,-1.0,-1.0
2023/10/26,3893.0,3918.0,3866.0,3868.0,20279500,-1.0,-1.0,-1.0
2023/10/27,3890.0,3941.0,3853.0,3922.0,16619000,-1.0,-1.0,-1.0
2023/10/30,3919.0,3980.0,3911.0,3960.0,12025500,-1.0,-1.0,-1.0
2023/10/31,3922.0,3961.0,3858.0,3951.0,18308500,-1.0,-1.0,-1.0
2023/11/01,4048.0,4078.0,4011.0,4078.0,18487000,-1.0,-1.0,-1.0
2023/11/02,4200.0,4216.0,4177.0,4212.0,18726000,-1.0,-1.0,-1.0
2023/11/06,4343.0,4360.0,4284.0,4302.0,18490500,-1.0,-1.0,-1.0
2023/11/07,4261.0,4271.0,4211.0,4243.0,13120000,-1.0,-1.0,-1.0
2023/11/08,4290.0,4294.0,4243.0,4252.0,11998000,-1.0,-1.0,-1.0
2023/11/09,4304.0,4390.0,4293.0,4369.0,16623000,-1.0,-1.0,-1.0
2023/11/10,4368.0,4446.0,4345.0,4438.0,19993000,-1.0,-1.0,-1.0
2023/11/13,4620.0,4663.0,4496.0,4515.0,21645500,-1.0,-1.0,-1.0
2023/11/14,4568.0,4666.0,4553.0,4646.0,17250500,-1.0,-1.0,-1.0
2023/11/15,4760.0,4849.0,4716.0,4823.0,24050500,-1.0,-1.0,-1.0
2023/11/16,4810.0,4841.0,4754.0,4818.0,17038500,-1.0,-1.0,-1.0
2023/11/17,4750.0,4825.0,4692.0,4823.0,17694000,-1.0,-1.0,-1.0
2023/11/20,4849.0,4894.0,4770.0,4781.0,15476500,-1.0,-1.0,-1.0
2023/11/21,4857.0,4866.0,4802.0,4834.0,13913000,-1.0,-1.0,-1.0
2023/11/22,4770.0,4824.0,4708.0,4789.0,12418500,-1.0,-1.0,-1.0
2023/11/24,4852.0,4896.0,4801.0,4801.0,14569000,-1.0,-1.0,-1.0
2023/11/27,4801.0,4827.0,4772.0,4789.0,11180500,-1.0,-1.0,-1.0
2023/11/28,4790.0,4812.0,4754.0,4778.0,11116500,-1.0,-1.0,-1.0
2023/11/29,4744.0,4828.0,4735.0,4791.0,10515000,-1.0,-1.0,-1.0
2023/11/30,4840.0,4844.0,4779.0,4805.0,16348000,-1.0,-1.0,-1.0
2023/12/01,4730.0,4796.0,4704.0,4770.0,12928000,-1.0,-1.0,-1.0
2023/12/04,4760.0,4771.0,4711.0,4742.0,10511500,-1.0,-1.0,-1.0
2023/12/05,4680.0,4686.0,4554.0,4554.0,16409500,-1.0,-1.0,-1.0
2023/12/06,4599.0,4662.0,4591.0,4654.0,12712000,-1.0,-1.0,-1.0
2023/12/07,4520.0,4557.0,4468.0,4487.0,16233500,-1.0,-1.0,-1.0
2023/12/08,4462.0,4512.0,4436.0,4448.0,17374000,-1.0,-1.0,-1.0
2023/12/11,4546.0,4616.0,4521.0,4601.0,14848500,-1.0,-1.0,-1.0
2023/12/12,4770.0,4804.0,4652.0,4669.0,14736500,-1.0,-1.0,-1.0
2023/12/13,4735.0,4943.0,4730.0,4889.0,26966000,-1.0,-1.0,-1.0
2023/12/14,4960.0,5013.0,4798.0,4807.0,22467500,-1.0,-1.0,-1.0
2023/12/15,4873.0,4992.0,4857.0,4874.0,21537000,-1.0,-1.0,-1.0
2023/12/18,4903.0,4927.0,4837.0,4877.0,12371000,-1.0,-1.0,-1.0
2023/12/19,4926.0,5056.0,4877.0,5056.0,16968000,-1.0,-1.0,-1.0
2023/12/20,5109.0,5125.0,4983.0,5051.0,19115000,-1.0,-1.0,-1.0
2023/12/21,4984.0,5032.0,4916.0,4940.0,15102500,-1.0,-1.0,-1.0
2023/12/22,5003.0,5039.0,4953.0,4981.0,12540000,-1.0,-1.0,-1.0
2023/12/25,5021.0,5027.0,4974.0,5005.0,7135500,-1.0,-1.0,-1.0
2023/12/26,5005.0,5060.0,4969.0,5060.0,7926500,-1.0,-1.0,-1.0
2023/12/27,5131.0,5196.0,5099.0,5124.0,13916000,-1.0,-1.0,-1.0
2023/12/28,5124.0,5124.0,5076.0,5093.0,8062500,-1.0,-1.0,-1.0
2023/12/29,5060.0,5084.0,5026.0,5051.0,11289500,-1.0,-1.0,-1.0
2024/01/04,4800.0,4821.0,4777.0,4801.0,21441500,-1.0,-1.0,-1.0
2024/01/05,4800.0,4850.0,4734.0,4824.0,23241500,-1.0,-1.0,-1.0
2024/01/09,5012.0,5059.0,4951.0,4982.0,18244500,-1.0,-1.0,-1.0
2024/01/10,5067.0,5096.0,5013.0,5077.0,15290500,-1.0,-1.0,-1.0
2024/01/11,5118.0,5235.0,5113.0,5216.0,21089500,-1.0,-1.0,-1.0
2024/01/12,5416.0,5418.0,5186.0,5250.0,25470500,-1.0,-1.0,-1.0
2024/01/15,5300.0,5302.0,5221.0,5249.0,15504000,-1.0,-1.0,-1.0
2024/01/16,5239.0,5244.0,5156.0,5184.0,15011500,-1.0,-1.0,-1.0
2024/01/17,5304.0,5363.0,5248.0,5278.0,21249500,-1.0,-1.0,-1.0
2024/01/18,5242.0,5364.0,5240.0,5325.0,15500000,-1.0,-1.0,-1.0
2024/01/19,5537.0,5653.0,5467.0,5646.0,28331500,-1.0,-1.0,-1.0
2024/01/22,5846.0,5858.0,5693.0,5740.0,21819500,-1.0,-1.0,-1.0
2024/01/23,5758.0,5799.0,5640.0,5640.0,23245000,-1.0,-1.0,-1.0
2024/01/24,5659.0,5715.0,5585.0,5675.0,16928000,-1.0,-1.0,-1.0
2024/01/25,5778.0,5792.0,5656.0,5731.0,18440000,-1.0,-1.0,-1.0
2024/01/26,5584.0,5681.0,5563.0,5594.0,18156500,-1.0,-1.0,-1.0
2024/01/29,5528.0,5642.0,5505.0,5602.0,14343500,-1.0,-1.0,-1.0
2024/01/30,5664.0,5664.0,5572.0,5597.0,14153500,-1.0,-1.0,-1.0
2024/01/31,5468.0,5573.0,5456.0,5573.0,15744500,-1.0,-1.0,-1.0
2024/02/01,5496.0,5563.0,5496.0,5528.0,13423000,-1.0,-1.0,-1.0
2024/02/02,5580.0,5628.0,5547.0,5620.0,13607500,-1.0,-1.0,-1.0
2024/02/05,5673.0,5691.0,5565.0,5641.0,11966500,-1.0,-1.0,-1.0
2024/02/06,5652.0,5767.0,5645.0,5726.0,15230000,-1.0,-1.0,-1.0
2024/02/07,5645.0,5696.0,5573.0,5696.0,15017500,-1.0,-1.0,-1.0
2024/02/08,5740.0,5922.0,5718.0,5887.0,24367500,-1.0,-1.0,-1.0
2024/02/09,5959.0,6032.0,5895.0,5951.0,26493500,-1.0,-1.0,-1.0
2024/02/13,6500.0,6744.0,6480.0,6744.0,34969500,-1.0,-1.0,-1.0
2024/02/14,6614.0,6862.0,6610.0,6706.0,29152500,-1.0,-1.0,-1.0
2024/02/15,6810.0,7044.0,6770.0,7042.0,27979500,-1.0,-1.0,-1.0
2024/02/16,7322.0,7416.0,6954.0,7070.0,46237500,-1.0,-1.0,-1.0
2024/02/19,7070.0,7148.0,6924.0,6960.0,17462000,-1.0,-1.0,-1.0
2024/02/20,6960.0,7080.0,6902.0,6930.0,17303500,-1.0,-1.0,-1.0
2024/02/21,6838.0,6906.0,6758.0,6904.0,16361500,-1.0,-1.0,-1.0
2024/02/22,7360.0,7360.0,7070.0,7316.0,31495000,-1.0,-1.0,-1.0
2024/02/26,7362.0,7362.0,7184.0,7200.0,21379500,-1.0,-1.0,-1.0
2024/02/27,7240.0,7308.0,7136.0,7252.0,17068500,-1.0,-1.0,-1.0
2024/02/28,7208.0,7370.0,7194.0,7298.0,16259000,-1.0,-1.0,-1.0
2024/02/29,7180.0,7378.0,7140.0,7374.0,19459500,-1.0,-1.0,-1.0
2024/03/01,7440.0,7742.0,7410.0,7676.0,28786000,-1.0,-1.0,-1.0
2024/03/04,7956.0,7998.0,7798.0,7858.0,24554500,-1.0,-1.0,-1.0
2024/03/05,7780.0,7940.0,7742.0,7890.0,24349000,-1.0,-1.0,-1.0
2024/03/06,7750.0,7932.0,7750.0,7920.0,18702000,-1.0,-1.0,-1.0
2024/03/07,7994.0,7996.0,7566.0,7612.0,33243500,-1.0,-1.0,-1.0
2024/03/08,7800.0,7852.0,7644.0,7672.0,32007000,-1.0,-1.0,-1.0
2024/03/11,7206.0,7434.0,7204.0,7430.0,23083000,-1.0,-1.0,-1.0
2024/03/12,7290.0,7354.0,7192.0,7302.0,25068000,-1.0,-1.0,-1.0
2024/03/13,7570.0,7570.0,7332.0,7478.0,22626500,-1.0,-1.0,-1.0
2024/03/14,7400.0,7452.0,7252.0,7444.0,18803000,-1.0,-1.0,-1.0
2024/03/15,7252.0,7290.0,7082.0,7082.0,24827000,-1.0,-1.0,-1.0
2024/03/18,7082.0,7350.0,7082.0,7348.0,23178000,-1.0,-1.0,-1.0
2024/03/19,7362.0,7478.0,7274.0,7460.0,23271500,-1.0,-1.0,-1.0
2024/03/21,7682.0,7868.0,7544.0,7868.0,29809500,-1.0,-1.0,-1.0
2024/03/22,7980.0,8032.0,7802.0,7866.0,25417500,-1.0,-1.0,-1.0
2024/03/25,7898.0,7922.0,7740.0,7744.0,14337500,-1.0,-1.0,-1.0
2024/03/26,7838.0,7872.0,7728.0,7786.0,15188000,-1.0,-1.0,-1.0
2024/03/27,7800.0,7944.0,7754.0,7902.0,18190000,-1.0,-1.0,-1.0
2024/03/28,7752.0,7918.0,7728.0,7852.0,16793500,-1.0,-1.0,-1.0
2024/03/29,7840.0,7948.0,7800.0,7914.0,21849500,-1.0,-1.0,-1.0
2024/04/01,7968.0,7976.0,7622.0,7660.0,18234500,-1.0,-1.0,-1.0
2024/04/02,7778.0,7936.0,7746.0,7922.0,22023500,-1.0,-1.0,-1.0
2024/04/03,7842.0,7984.0,7786.0,7924.0,20848500,-1.0,-1.0,-1.0
2024/04/04,8040.0,8172.0,7896.0,7896.0,26075500,-1.0,-1.0,-1.0
2024/04/05,7700.0,7734.0,7434.0,7454.0,31021500,-1.0,-1.0,-1.0
2024/04/08,7594.0,7610.0,7490.0,7532.0,19893000,-1.0,-1.0,-1.0
2024/04/09,7580.0,7798.0,7540.0,7798.0,22636500,-1.0,-1.0,-1.0
2024/04/10,7780.0,7898.0,7726.0,7858.0,16404500,-1.0,-1.0,-1.0
2024/04/11,7718.0,7820.0,7694.0,7784.0,14272000,-1.0,-1.0,-1.0
2024/04/12,7966.0,8010.0,7860.0,7900.0,19230500,-1.0,-1.0,-1.0
2024/04/15,7760.0,7858.0,7714.0,7858.0,12577000,-1.0,-1.0,-1.0
2024/04/16,7662.0,7672.0,7502.0,7532.0,19123500,-1.0,-1.0,-1.0
2024/04/17,7620.0,7708.0,7454.0,7458.0,20521500,-1.0,-1.0,-1.0
2024/04/18,7370.0,7418.0,7218.0,7348.0,22001000,-1.0,-1.0,-1.0
2024/04/19,7068.0,7106.0,6706.0,6706.0,33847000,-1.0,-1.0,-1.0
2024/04/22,6566.0,6700.0,6398.0,6490.0,28463500,-1.0,-1.0,-1.0
2024/04/23,6696.0,6696.0,6426.0,6500.0,18414000,-1.0,-1.0,-1.0
2024/04/24,6718.0,6962.0,6668.0,6962.0,25407000,-1.0,-1.0,-1.0
2024/04/25,6706.0,6872.0,6680.0,6720.0,18564500,-1.0,-1.0,-1.0
2024/04/26,6850.0,6956.0,6746.0,6846.0,21997000,-1.0,-1.0,-1.0
2024/04/30,7000.0,7104.0,6962.0,7024.0,16313500,-1.0,-1.0,-1.0
2024/05/01,6990.0,7062.0,6906.0,6988.0,13388500,-1.0,-1.0,-1.0
2024/05/02,6900.0,7066.0,6866.0,7002.0,12132500,-1.0,-1.0,-1.0
2024/05/07,7400.0,7402.0,7218.0,7368.0,19410000,-1.0,-1.0,-1.0
2024/05/08,7390.0,7408.0,7256.0,7256.0,13710000,-1.0,-1.0,-1.0
2024/05/09,7224.0,7246.0,7020.0,7042.0,14899500,-1.0,-1.0,-1.0
2024/05/10,7106.0,7212.0,6966.0,7000.0,17015500,-1.0,-1.0,-1.0
2024/05/13,7000.0,7128.0,6850.0,6928.0,20966500,-1.0,-1.0,-1.0
2024/05/14,6938.0,7006.0,6856.0,6918.0,12109000,-1.0,-1.0,-1.0
2024/05/15,7036.0,7160.0,7012.0,7046.0,14666500,-1.0,-1.0,-1.0
2024/05/16,7320.0,7398.0,7212.0,7364.0,20381000,-1.0,-1.0,-1.0
2024/05/17,7230.0,7288.0,7160.0,7218.0,15628000,-1.0,-1.0,-1.0
2024/05/20,7160.0,7318.0,7130.0,7268.0,15741000,-1.0,-1.0,-1.0
2024/05/21,7328.0,7382.0,7302.0,7326.0,13987000,-1.0,-1.0,-1.0
2024/05/22,7236.0,7264.0,7174.0,7236.0,13368000,-1.0,-1.0,-1.0
2024/05/23,7494.0,7510.0,7286.0,7366.0,21548500,-1.0,-1.0,-1.0
2024/05/24,7180.0,7226.0,7130.0,7158.0,15997500,-1.0,-1.0,-1.0
2024/05/27,7184.0,7194.0,7096.0,7126.0,9739500,-1.0,-1.0,-1.0
2024/05/28,7100.0,7110.0,7002.0,7100.0,11796500,-1.0,-1.0,-1.0
2024/05/29,7180.0,7186.0,7054.0,7076.0,11426500,-1.0,-1.0,-1.0
2024/05/30,6968.0,6994.0,6830.0,6900.0,16477500,-1.0,-1.0,-1.0
2024/05/31,6790.0,6818.0,6646.0,6726.0,26800000,-1.0,-1.0,-1.0
2024/06/03,6810.0,6870.0,6714.0,6842.0,13171000,-1.0,-1.0,-1.0
2024/06/04,6842.0,6914.0,6792.0,6892.0,14594500,-1.0,-1.0,-1.0
2024/06/05,6856.0,6876.0,6672.0,6708.0,15337500,-1.0,-1.0,-1.0
2024/06/06,7000.0,7050.0,6900.0,6940.0,17560000,-1.0,-1.0,-1.0
2024/06/07,6920.0,6952.0,6854.0,6892.0,9330500,-1.0,-1.0,-1.0
2024/06/10,6870.0,6958.0,6846.0,6956.0,8703500,-1.0,-1.0,-1.0
2024/06/11,7068.0,7136.0,7054.0,7112.0,11270500,-1.0,-1.0,-1.0
2024/06/12,7046.0,7114.0,7034.0,7100.0,8379500,-1.0,-1.0,-1.0
2024/06/13,7204.0,7260.0,6974.0,6982.0,14241500,-1.0,-1.0,-1.0
2024/06/14,6974.0,7050.0,6944.0,6990.0,18979000,-1.0,-1.0,-1.0
2024/06/17,6880.0,6884.0,6758.0,6816.0,11192500,-1.0,-1.0,-1.0
2024/06/18,6920.0,7008.0,6884.0,7000.0,10166000,-1.0,-1.0,-1.0
2024/06/19,7054.0,7108.0,6904.0,6946.0,8401000,-1.0,-1.0,-1.0
2024/06/20,6906.0,6978.0,6862.0,6978.0,7191000,-1.0,-1.0,-1.0
2024/06/21,6970.0,6988.0,6878.0,6984.0,10850000,-1.0,-1.0,-1.0
2024/06/24,6894.0,7024.0,6834.0,6998.0,9901000,-1.0,-1.0,-1.0
2024/06/25,6886.0,6928.0,6816.0,6880.0,11666000,-1.0,-1.0,-1.0
2024/06/26,7018.0,7160.0,6960.0,7130.0,15278000,-1.0,-1.0,-1.0
2024/06/27,7060.0,7170.0,6934.0,6960.0,14548000,-1.0,-1.0,-1.0
2024/06/28,7028.0,7096.0,6980.0,6980.0,13965000,-1.0,-1.0,-1.0
2024/07/01,7052.0,7070.0,6930.0,6964.0,9613500,-1.0,-1.0,-1.0
2024/07/02,6932.0,7016.0,6854.0,7010.0,11085500,-1.0,-1.0,-1.0
2024/07/03,7100.0,7198.0,7072.0,7192.0,12831000,-1.0,-1.0,-1.0
2024/07/04,7240.0,7264.0,7168.0,7170.0,9025500,-1.0,-1.0,-1.0
2024/07/05,7202.0,7314.0,7132.0,7274.0,13966500,-1.0,-1.0,-1.0
2024/07/08,7248.0,7310.0,7192.0,7208.0,10936500,-1.0,-1.0,-1.0
2024/07/09,7332.0,7558.0,7310.0,7480.0,20033000,-1.0,-1.0,-1.0
2024/07/10,7446.0,7574.0,7370.0,7564.0,16794500,-1.0,-1.0,-1.0
2024/07/11,7778.0,7786.0,7570.0,7610.0,17752000,-1.0,-1.0,-1.0
2024/07/12,7330.0,7382.0,7086.0,7140.0,31281000,-1.0,-1.0,-1.0
2024/07/16,7188.0,7246.0,7136.0,7216.0,11627500,-1.0,-1.0,-1.0
2024/07/17,7140.0,7148.0,6620.0,6678.0,35790500,-1.0,-1.0,-1.0
2024/07/18,6020.0,6164.0,5951.0,6094.0,43727000,-1.0,-1.0,-1.0
2024/07/19,6040.0,6284.0,6040.0,6234.0,24540000,-1.0,-1.0,-1.0
2024/07/22,6150.0,6196.0,6046.0,6074.0,15957500,-1.0,-1.0,-1.0
2024/07/23,6214.0,6300.0,6084.0,6154.0,17812000,-1.0,-1.0,-1.0
2024/07/24,6100.0,6260.0,6080.0,6096.0,16859000,-1.0,-1.0,-1.0
2024/07/25,5792.0,5874.0,5720.0,5802.0,30435500,-1.0,-1.0,-1.0
2024/07/26,5702.0,5727.0,5510.0,5525.0,39465000,-1.0,-1.0,-1.0
2024/07/29,5720.0,5789.0,5658.0,5728.0,21492500,-1.0,-1.0,-1.0
2024/07/30,5714.0,5785.0,5607.0,5776.0,18619500,-1.0,-1.0,-1.0
2024/07/31,5576.0,6440.0,5544.0,6204.0,40216000,-1.0,-1.0,-1.0
2024/08/01,6344.0,6352.0,6076.0,6148.0,35512000,-1.0,-1.0,-1.0
2024/08/02,5468.0,5614.0,5350.0,5411.0,38367500,-1.0,-1.0,-1.0
2024/08/05,4966.0,5100.0,4411.0,4411.0,47824000,-1.0,-1.0,-1.0
2024/08/06,4911.0,5244.0,4815.0,5143.0,57583000,-1.0,-1.0,-1.0
2024/08/07,5012.0,5391.0,4977.0,5128.0,43952500,-1.0,-1.0,-1.0
2024/08/08,4996.0,5261.0,4853.0,5126.0,39073500,-1.0,-1.0,-1.0
2024/08/09,5594.0,5654.0,4978.0,5162.0,67533000,-1.0,-1.0,-1.0
2024/08/13,5362.0,5524.0,5342.0,5480.0,37236000,-1.0,-1.0,-1.0
2024/08/14,5580.0,5598.0,5323.0,5445.0,37536500,-1.0,-1.0,-1.0
2024/08/15,5412.0,5578.0,5402.0,5524.0,26054500,-1.0,-1.0,-1.0
2024/08/16,5724.0,5838.0,5682.0,5791.0,32297500,-1.0,-1.0,-1.0
2024/08/19,5756.0,5827.0,5576.0,5611.0,29028500,-1.0,-1.0,-1.0
2024/08/20,5729.0,5751.0,5640.0,5681.0,21128000,-1.0,-1.0,-1.0
2024/08/21,5616.0,5639.0,5522.0,5600.0,18384500,-1.0,-1.0,-1.0
2024/08/22,5639.0,5663.0,5524.0,5561.0,19625500,-1.0,-1.0,-1.0
2024/08/23,5533.0,5553.0,5387.0,5421.0,21029500,-1.0,-1.0,-1.0
2024/08/26,5370.0,5417.0,5281.0,5289.0,19320000,-1.0,-1.0,-1.0
2024/08/27,5195.0,5256.0,5128.0,5240.0,19393000,-1.0,-1.0,-1.0
2024/08/28,5188.0,5238.0,5128.0,5238.0,18132000,-1.0,-1.0,-1.0
2024/08/29,5065.0,5234.0,5055.0,5146.0,25439500,-1.0,-1.0,-1.0
2024/08/30,5152.0,5196.0,5090.0,5161.0,31390000,-1.0,-1.0,-1.0
2024/09/02,5289.0,5289.0,5064.0,5105.0,19066000,-1.0,-1.0,-1.0
2024/09/03,5170.0,5170.0,5008.0,5029.0,15605500,-1.0,-1.0,-1.0
2024/09/04,4718.0,4765.0,4549.0,4599.0,33871000,-1.0,-1.0,-1.0
2024/09/05,4510.0,4592.0,4422.0,4485.0,27839000,-1.0,-1.0,-1.0
2024/09/06,4523.0,4559.0,4362.0,4400.0,24935000,-1.0,-1.0,-1.0
2024/09/09,4100.0,4300.0,4090.0,4300.0,32073000,-1.0,-1.0,-1.0
2024/09/10,4400.0,4494.0,4228.0,4452.0,35271500,-1.0,-1.0,-1.0
2024/09/11,4446.0,4560.0,4341.0,4442.0,36098500,-1.0,-1.0,-1.0
2024/09/12,4728.0,4785.0,4582.0,4656.0,32101000,-1.0,-1.0,-1.0
2024/09/13,4754.0,4758.0,4601.0,4736.0,35423500,-1.0,-1.0,-1.0
2024/09/17,4670.0,4694.0,4405.0,4488.0,35679500,-1.0,-1.0,-1.0
2024/09/18,4592.0,4592.0,4454.0,4493.0,20981000,-1.0,-1.0,-1.0
2024/09/19,4610.0,4652.0,4532.0,4604.0,27852500,-1.0,-1.0,-1.0
2024/09/20,4788.0,4876.0,4748.0,4849.0,33613000,-1.0,-1.0,-1.0
2024/09/24,4936.0,5007.0,4784.0,4804.0,28223500,-1.0,-1.0,-1.0
2024/09/25,4803.0,4868.0,4770.0,4770.0,18124000,-1.0,-1.0,-1.0
2024/09/26,4983.0,5154.0,4968.0,5152.0,32608000,-1.0,-1.0,-1.0
2024/09/27,5300.0,5495.0,5236.0,5495.0,46405000,-1.0,-1.0,-1.0
2024/09/30,5200.0,5234.0,5050.0,5058.0,38440000,-1.0,-1.0,-1.0
2024/10/01,5146.0,5249.0,5132.0,5208.0,25276500,-1.0,-1.0,-1.0
2024/10/02,5009.0,5088.0,4978.0,5016.0,24391000,-1.0,-1.0,-1.0
2024/10/03,5200.0,5233.0,5140.0,5152.0,23143000,-1.0,-1.0,-1.0
2024/10/04,5126.0,5140.0,5040.0,5071.0,18297000,-1.0,-1.0,-1.0
2024/10/07,5202.0,5235.0,5094.0,5130.0,21103500,-1.0,-1.0,-1.0
2024/10/08,5154.0,5192.0,5020.0,5092.0,20906500,-1.0,-1.0,-1.0
2024/10/09,5174.0,5196.0,5127.0,5154.0,20314500,-1.0,-1.0,-1.0
2024/10/10,5217.0,5229.0,5091.0,5103.0,18845000,-1.0,-1.0,-1.0
2024/10/11,5147.0,5148.0,5095.0,5124.0,16172000,-1.0,-1.0,-1.0
2024/10/15,5242.0,5390.0,5228.0,5354.0,22218500,-1.0,-1.0,-1.0
2024/10/16,4854.0,4936.0,4801.0,4862.0,29640000,-1.0,-1.0,-1.0
2024/10/17,4822.0,4832.0,4700.0,4706.0,26474000,-1.0,-1.0,-1.0
2024/10/18,4705.0,4738.0,4625.0,4700.0,21815500,-1.0,-1.0,-1.0
2024/10/21,4710.0,4786.0,4650.0,4744.0,16478000,-1.0,-1.0,-1.0
2024/10/22,4741.0,4781.0,4594.0,4598.0,21684000,-1.0,-1.0,-1.0
2024/10/23,4581.0,4596.0,4522.0,4554.0,16364000,-1.0,-1.0,-1.0
2024/10/24,4506.0,4696.0,4504.0,4605.0,22321500,-1.0,-1.0,-1.0
2024/10/25,4611.0,4672.0,4603.0,4644.0,16555000,-1.0,-1.0,-1.0
2024/10/28,4643.0,4815.0,4618.0,4772.0,20320500,-1.0,-1.0,-1.0
2024/10/29,4701.0,4797.0,4687.0,4797.0,16181000,-1.0,-1.0,-1.0
2024/10/30,4871.0,4889.0,4802.0,4802.0,26724500,-1.0,-1.0,-1.0
2024/10/31,4722.0,4793.0,4680.0,4680.0,20771500,-1.0,-1.0,-1.0
2024/11/01,4526.0,4554.0,4477.0,4497.0,22027000,-1.0,-1.0,-1.0
2024/11/05,4574.0,4657.0,4528.0,4586.0,14996000,-1.0,-1.0,-1.0
2024/11/06,4640.0,4746.0,4626.0,4692.0,20014000,-1.0,-1.0,-1.0
2024/11/07,4721.0,4734.0,4519.0,4611.0,19443500,-1.0,-1.0,-1.0
2024/11/08,4719.0,4736.0,4620.0,4650.0,15915500,-1.0,-1.0,-1.0
2024/11/11,4598.0,4663.0,4576.0,4652.0,11626500,-1.0,-1.0,-1.0
2024/11/12,4644.0,4649.0,4477.0,4521.0,18060000,-1.0,-1.0,-1.0
2024/11/13,4780.0,4838.0,4560.0,4561.0,41923000,-1.0,-1.0,-1.0
2024/11/14,4566.0,4594.0,4380.0,4402.0,26735000,-1.0,-1.0,-1.0
2024/11/15,4400.0,4559.0,4396.0,4460.0,23860500,-1.0,-1.0,-1.0
2024/11/18,4376.0,4429.0,4336.0,4389.0,18164000,-1.0,-1.0,-1.0
2024/11/19,4360.0,4415.0,4359.0,4400.0,13096500,-1.0,-1.0,-1.0
2024/11/20,4400.0,4418.0,4329.0,4374.0,12589500,-1.0,-1.0,-1.0
2024/11/21,4394.0,4408.0,4301.0,4356.0,16118500,-1.0,-1.0,-1.0
2024/11/22,4422.0,4479.0,4401.0,4450.0,15218500,-1.0,-1.0,-1.0
2024/11/25,4515.0,4664.0,4513.0,4627.0,30252000,-1.0,-1.0,-1.0
2024/11/26,4625.0,4630.0,4453.0,4530.0,22739500,-1.0,-1.0,-1.0
2024/11/27,4456.0,4503.0,4429.0,4448.0,16989000,-1.0,-1.0,-1.0
2024/11/28,4380.0,4908.0,4371.0,4748.0,50281500,-1.0,-1.0,-1.0
2024/11/29,4660.0,4715.0,4624.0,4662.0,23401000,-1.0,-1.0,-1.0
2024/12/02,4683.0,4780.0,4669.0,4728.0,21154000,-1.0,-1.0,-1.0
2024/12/03,4856.0,4958.0,4844.0,4930.0,29670500,-1.0,-1.0,-1.0
2024/12/04,5001.0,5052.0,4885.0,4931.0,21153500,-1.0,-1.0,-1.0
2024/12/05,5058.0,5058.0,4890.0,4917.0,18527000,-1.0,-1.0,-1.0
2024/12/06,4848.0,4878.0,4746.0,4790.0,20280500,-1.0,-1.0,-1.0
2024/12/09,4840.0,4847.0,4720.0,4752.0,16799500,-1.0,-1.0,-1.0
2024/12/10,4780.0,4920.0,4764.0,4920.0,22709500,-1.0,-1.0,-1.0
2024/12/11,4840.0,4909.0,4813.0,4896.0,16181000,-1.0,-1.0,-1.0
2024/12/12,5002.0,5004.0,4912.0,4925.0,21191500,-1.0,-1.0,-1.0
2024/12/13,4852.0,4915.0,4763.0,4772.0,20932500,-1.0,-1.0,-1.0
2024/12/16,4778.0,4845.0,4726.0,4731.0,12994500,-1.0,-1.0,-1.0
2024/12/17,4755.0,4793.0,4717.0,4768.0,13739500,-1.0,-1.0,-1.0
2024/12/18,4740.0,4798.0,4724.0,4757.0,12478000,-1.0,-1.0,-1.0
2024/12/19,4630.0,4711.0,4581.0,4690.0,16707000,-1.0,-1.0,-1.0
2024/12/20,4656.0,4741.0,4639.0,4660.0,17248500,-1.0,-1.0,-1.0
2024/12/23,4724.0,4744.0,4667.0,4721.0,11377000,-1.0,-1.0,-1.0
2024/12/24,4796.0,4837.0,4713.0,4728.0,11220500,-1.0,-1.0,-1.0
2024/12/25,4747.0,4761.0,4698.0,4740.0,10820000,-1.0,-1.0,-1.0
2024/12/26,4725.0,4786.0,4718.0,4766.0,12181500,-1.0,-1.0,-1.0
2024/12/27,4800.0,4883.0,4772.0,4876.0,15649500,-1.0,-1.0,-1.0
2024/12/30,4884.0,4898.0,4823.0,4837.0,12930500,-1.0,-1.0,-1.0
2025/01/06,4896.0,4927.0,4827.0,4872.0,15736500,-1.0,-1.0,-1.0
2025/01/07,5068.0,5453.0,5051.0,5420.0,51291500,-1.0,-1.0,-1.0
2025/01/08,5358.0,5534.0,5338.0,5508.0,30770500,-1.0,-1.0,-1.0
2025/01/09,5461.0,5524.0,5380.0,5407.0,21847000,-1.0,-1.0,-1.0
2025/01/10,5406.0,5519.0,5396.0,5405.0,24886500,-1.0,-1.0,-1.0
2025/01/14,5340.0,5364.0,5168.0,5204.0,22837000,-1.0,-1.0,-1.0
2025/01/15,5269.0,5287.0,5110.0,5131.0,21114000,-1.0,-1.0,-1.0
2025/01/16,5231.0,5430.0,5113.0,5330.0,25428000,-1.0,-1.0,-1.0
2025/01/17,5320.0,5406.0,5265.0,5331.0,20107500,-1.0,-1.0,-1.0
2025/01/20,5390.0,5430.0,5288.0,5330.0,15551500,-1.0,-1.0,-1.0
2025/01/21,5408.0,5469.0,5322.0,5407.0,19449000,-1.0,-1.0,-1.0
2025/01/22,5505.0,5565.0,5448.0,5498.0,23158500,-1.0,-1.0,-1.0
2025/01/23,5600.0,5679.0,5432.0,5486.0,20931500,-1.0,-1.0,-1.0
2025/01/24,5430.0,5497.0,5394.0,5427.0,16482000,-1.0,-1.0,-1.0
2025/01/27,5360.0,5379.0,5147.0,5161.0,22685500,-1.0,-1.0,-1.0
2025/01/28,4888.0,4979.0,4847.0,4865.0,27541500,-1.0,-1.0,-1.0
2025/01/29,4960.0,5008.0,4837.0,4979.0,23168000,-1.0,-1.0,-1.0
2025/01/30,5038.0,5099.0,4922.0,5072.0,20605500,-1.0,-1.0,-1.0
2025/01/31,5172.0,5264.0,5172.0,5241.0,20875500,-1.0,-1.0,-1.0
2025/02/03,5112.0,5193.0,5096.0,5150.0,16196000,-1.0,-1.0,-1.0
2025/02/04,5259.0,5336.0,5148.0,5205.0,17477500,-1.0,-1.0,-1.0
2025/02/05,5244.0,5244.0,5183.0,5199.0,2847500,-1.0,-1.0,-1.0
2025/02/06,5256.0,5339.0,5218.0,5316.0,14710000,-1.0,-1.0,-1.0
2025/02/07,5170.0,5246.0,5072.0,5100.0,23684500,-1.0,-1.0,-1.0
2025/02/10,5135.0,5194.0,5053.0,5127.0,15614500,-1.0,-1.0,-1.0
2025/02/12,5214.0,5236.0,5087.0,5130.0,15353000,-1.0,-1.0,-1.0
2025/02/13,5140.0,5158.0,5070.0,5070.0,15136500,-1.0,-1.0,-1.0
2025/02/14,5026.0,5072.0,4949.0,4965.0,18599000,-1.0,-1.0,-1.0
2025/02/17,4901.0,4986.0,4886.0,4958.0,13378500,-1.0,-1.0,-1.0
2025/02/18,5014.0,5094.0,4974.0,5026.0,13008000,-1.0,-1.0,-1.0
2025/02/19,5020.0,5220.0,5002.0,5203.0,20424000,-1.0,-1.0,-1.0
2025/02/20,5188.0,5193.0,5025.0,5040.0,18701000,-1.0,-1.0,-1.0
2025/02/21,5000.0,5094.0,4997.0,5091.0,13671500,-1.0,-1.0,-1.0
2025/02/25,4936.0,5109.0,4840.0,4840.0,25007500,-1.0,-1.0,-1.0
2025/02/26,4620.0,4621.0,4496.0,4589.0,29981000,-1.0,-1.0,-1.0
2025/02/27,4670.0,4679.0,4594.0,4631.0,18787500,-1.0,-1.0,-1.0
2025/02/28,4460.0,4493.0,4357.0,4425.0,25557500,-1.0,-1.0,-1.0
2025/03/03,4493.0,4503.0,4415.0,4476.0,13493500,-1.0,-1.0,-1.0
2025/03/04,4346.0,4513.0,4321.0,4490.0,18910000,-1.0,-1.0,-1.0
2025/03/05,4488.0,4528.0,4407.0,4407.0,15536000,-1.0,-1.0,-1.0
2025/03/06,4438.0,4462.0,4310.0,4356.0,17426500,-1.0,-1.0,-1.0
2025/03/07,4228.0,4253.0,4197.0,4223.0,21748000,-1.0,-1.0,-1.0
2025/03/10,4200.0,4336.0,4200.0,4295.0,14242500,-1.0,-1.0,-1.0
2025/03/11,4201.0,4274.0,4127.0,4274.0,18862000,-1.0,-1.0,-1.0
2025/03/12,4250.0,4307.0,4226.0,4267.0,12597000,-1.0,-1.0,-1.0
2025/03/13,4339.0,4367.0,4258.0,4264.0,16099000,-1.0,-1.0,-1.0
2025/03/14,4203.0,4311.0,4193.0,4296.0,18339000,-1.0,-1.0,-1.0
2025/03/17,4370.0,4444.0,4352.0,4391.0,13674000,-1.0,-1.0,-1.0
2025/03/18,4482.0,4492.0,4434.0,4466.0,11864000,-1.0,-1.0,-1.0
2025/03/19,4458.0,4533.0,4440.0,4440.0,14260500,-1.0,-1.0,-1.0
2025/03/21,4414.0,4520.0,4414.0,4473.0,14592000,-1.0,-1.0,-1.0
2025/03/24,4478.0,4478.0,4430.0,4438.0,9786500,-1.0,-1.0,-1.0
2025/03/25,4554.0,4602.0,4450.0,4462.0,13621000,-1.0,-1.0,-1.0
2025/03/26,4562.0,4575.0,4500.0,4534.0,14663000,-1.0,-1.0,-1.0
2025/03/27,4482.0,4518.0,4434.0,4458.0,16585500,-1.0,-1.0,-1.0
2025/03/28,4362.0,4368.0,4257.0,4305.0,15902000,-1.0,-1.0,-1.0
2025/03/31,4112.0,4130.0,4020.0,4022.0,22266000,-1.0,-1.0,-1.0
2025/04/01,4038.0,4088.0,3990.0,4050.0,15018500,-1.0,-1.0,-1.0
2025/04/02,4070.0,4170.0,4063.0,4128.0,17692000,-1.0,-1.0,-1.0
2025/04/03,3848.0,3986.0,3834.0,3976.0,23595000,-1.0,-1.0,-1.0
2025/04/04,3908.0,3940.0,3720.0,3792.0,28131500,-1.0,-1.0,-1.0
2025/04/07,3312.0,3530.0,3312.0,3412.0,30448500,-1.0,-1.0,-1.0
2025/04/08,3544.0,3773.0,3536.0,3710.0,24530500,-1.0,-1.0,-1.0
2025/04/09,3560.0,3590.0,3422.0,3484.0,28962000,-1.0,-1.0,-1.0
2025/04/10,4044.0,4050.0,3862.0,3933.0,27583000,-1.0,-1.0,-1.0
2025/04/11,3718.0,3953.0,3683.0,3928.0,26269500,-1.0,-1.0,-1.0
2025/04/14,4048.0,4132.0,3942.0,3981.0,23463000,-1.0,-1.0,-1.0
2025/04/15,4000.0,4044.0,3986.0,3998.0,12213500,-1.0,-1.0,-1.0
2025/04/16,3978.0,4000.0,3885.0,3938.0,22068000,-1.0,-1.0,-1.0
2025/04/17,3942.0,3983.0,3838.0,3962.0,21665500,-1.0,-1.0,-1.0
2025/04/18,3920.0,3949.0,3862.0,3903.0,11730500,-1.0,-1.0,-1.0
2025/04/21,3874.0,3928.0,3850.0,3886.0,10063000,-1.0,-1.0,-1.0
2025/04/22,3868.0,3897.0,3818.0,3836.0,12650000,-1.0,-1.0,-1.0
2025/04/23,3992.0,3997.0,3894.0,3930.0,16018500,-1.0,-1.0,-1.0
2025/04/24,4037.0,4111.0,4023.0,4077.0,22831500,-1.0,-1.0,-1.0
2025/04/25,4249.0,4273.0,4163.0,4250.0,22972000,-1.0,-1.0,-1.0
2025/04/28,4326.0,4329.0,4222.0,4240.0,14891000,-1.0,-1.0,-1.0
2025/04/30,4200.0,4246.0,4157.0,4245.0,17196500,-1.0,-1.0,-1.0
2025/05/01,4306.0,4313.0,4114.0,4242.0,36087000,-1.0,-1.0,-1.0
2025/05/02,4340.0,4377.0,4198.0,4228.0,28893500,-1.0,-1.0,-1.0
2025/05/07,4311.0,4388.0,4262.0,4381.0,24676500,-1.0,-1.0,-1.0
2025/05/08,4459.0,4514.0,4399.0,4471.0,21116000,-1.0,-1.0,-1.0
2025/05/09,4545.0,4550.0,4431.0,4511.0,21841500,-1.0,-1.0,-1.0
2025/05/12,4564.0,4612.0,4510.0,4578.0,19558500,-1.0,-1.0,-1.0
2025/05/13,4800.0,4851.0,4723.0,4800.0,29007500,-1.0,-1.0,-1.0
2025/05/14,4892.0,4912.0,4763.0,4845.0,21056000,-1.0,-1.0,-1.0
2025/05/15,4791.0,4844.0,4761.0,4826.0,14929000,-1.0,-1.0,-1.0
2025/05/16,4762.0,4779.0,4664.0,4693.0,14980000,-1.0,-1.0,-1.0
2025/05/19,4612.0,4662.0,4590.0,4613.0,12608500,-1.0,-1.0,-1.0
2025/05/20,4629.0,4725.0,4628.0,4669.0,14165500,-1.0,-1.0,-1.0
2025/05/21,4650.0,4690.0,4631.0,4649.0,11341000,-1.0,-1.0,-1.0
2025/05/22,4554.0,4566.0,4475.0,4536.0,19375500,-1.0,-1.0,-1.0
2025/05/23,4600.0,4605.0,4541.0,4551.0,11244000,-1.0,-1.0,-1.0
2025/05/26,4562.0,4709.0,4561.0,4671.0,13280500,-1.0,-1.0,-1.0
2025/05/27,4670.0,4670.0,4590.0,4639.0,11565000,-1.0,-1.0,-1.0
2025/05/28,4728.0,4752.0,4629.0,4633.0,13744500,-1.0,-1.0,-1.0
2025/05/29,4806.0,4830.0,4723.0,4830.0,20412000,-1.0,-1.0,-1.0
2025/05/30,4700.0,4736.0,4600.0,4600.0,31115500,-1.0,-1.0,-1.0
2025/06/02,4604.0,4610.0,4503.0,4521.0,13715000,-1.0,-1.0,-1.0
2025/06/03,4540.0,4575.0,4480.0,4480.0,13317500,-1.0,-1.0,-1.0
2025/06/04,4547.0,4564.0,4493.0,4500.0,12340000,-1.0,-1.0,-1.0
2025/06/05,4520.0,4684.0,4508.0,4670.0,20663500,-1.0,-1.0,-1.0
2025/06/06,4720.0,4745.0,4682.0,4730.0,14255000,-1.0,-1.0,-1.0
2025/06/09,4824.0,4825.0,4744.0,4771.0,15726000,-1.0,-1.0,-1.0
2025/06/10,4800.0,4842.0,4730.0,4748.0,19021500,-1.0,-1.0,-1.0
2025/06/11,4844.0,4976.0,4820.0,4976.0,22319500,-1.0,-1.0,-1.0
2025/06/12,4937.0,5010.0,4919.0,5000.0,18075500,-1.0,-1.0,-1.0
2025/06/13,4836.0,4857.0,4690.0,4760.0,37111500,-1.0,-1.0,-1.0
2025/06/16,4765.0,4811.0,4748.0,4803.0,14983500,-1.0,-1.0,-1.0
2025/06/17,4893.0,4996.0,4861.0,4944.0,20669000,-1.0,-1.0,-1.0
2025/06/18,4891.0,4968.0,4876.0,4947.0,14942000,-1.0,-1.0,-1.0
2025/06/19,4920.0,4932.0,4800.0,4800.0,14512500,-1.0,-1.0,-1.0
2025/06/20,4809.0,4859.0,4777.0,4797.0,19268500,-1.0,-1.0,-1.0
2025/06/23,4706.0,4758.0,4656.0,4741.0,13835000,-1.0,-1.0,-1.0
2025/06/24,4878.0,4982.0,4873.0,4914.0,19701000,-1.0,-1.0,-1.0
2025/06/25,5112.0,5127.0,5009.0,5074.0,19587000,-1.0,-1.0,-1.0
2025/06/26,5136.0,5286.0,5095.0,5276.0,28327500,-1.0,-1.0,-1.0
2025/06/27,5460.0,5570.0,5435.0,5503.0,34095500,-1.0,-1.0,-1.0
2025/06/30,5600.0,5708.0,5479.0,5536.0,33895500,-1.0,-1.0,-1.0
2025/07/01,5476.0,5509.0,5389.0,5414.0,18824500,-1.0,-1.0,-1.0
2025/07/02,5280.0,5378.0,5250.0,5317.0,20718000,-1.0,-1.0,-1.0
2025/07/03,5364.0,5415.0,5345.0,5410.0,21665000,-1.0,-1.0,-1.0
2025/07/04,5476.0,5504.0,5414.0,5435.0,17284000,-1.0,-1.0,-1.0
2025/07/07,5400.0,5460.0,5372.0,5425.0,10165000,-1.0,-1.0,-1.0
2025/07/08,5364.0,5512.0,5362.0,5453.0,15788000,-1.0,-1.0,-1.0
2025/07/09,5526.0,5535.0,5387.0,5435.0,18329500,-1.0,-1.0,-1.0
2025/07/10,5435.0,5435.0,5352.0,5352.0,15943500,-1.0,-1.0,-1.0
2025/07/11,5440.0,5440.0,5328.0,5400.0,15084000,-1.0,-1.0,-1.0
2025/07/14,5331.0,5340.0,5287.0,5297.0,10766000,-1.0,-1.0,-1.0
2025/07/15,5290.0,5485.0,5244.0,5482.0,20049000,-1.0,-1.0,-1.0
2025/07/16,5539.0,5707.0,5513.0,5578.0,36219000,-1.0,-1.0,-1.0
2025/07/17,5500.0,5594.0,5376.0,5554.0,23424500,-1.0,-1.0,-1.0
2025/07/18,5555.0,5626.0,5511.0,5570.0,17303000,-1.0,-1.0,-1.0
2025/07/22,5615.0,5633.0,5477.0,5497.0,15519500,-1.0,-1.0,-1.0
2025/07/23,5476.0,5638.0,5437.0,5604.0,23438000,-1.0,-1.0,-1.0
2025/07/24,5682.0,5687.0,5566.0,5604.0,18652000,-1.0,-1.0,-1.0
2025/07/25,5560.0,5622.0,5540.0,5592.0,13448000,-1.0,-1.0,-1.0
2025/07/28,5505.0,5515.0,5370.0,5466.0,16708000,-1.0,-1.0,-1.0
2025/07/29,5440.0,5472.0,5388.0,5400.0,15544500,-1.0,-1.0,-1.0
2025/07/30,5436.0,5465.0,5412.0,5453.0,11465000,-1.0,-1.0,-1.0
2025/07/31,5440.0,5540.0,5396.0,5466.0,19424500,-1.0,-1.0,-1.0
2025/08/01,4466.0,4570.0,4466.0,4481.0,71347500,-1.0,-1.0,-1.0
2025/08/04,4294.0,4514.0,4284.0,4497.0,39199000,-1.0,-1.0,-1.0
2025/08/05,4500.0,4526.0,4432.0,4479.0,24519500,-1.0,-1.0,-1.0
2025/08/06,4350.0,4383.0,4284.0,4310.0,30677000,-1.0,-1.0,-1.0
2025/08/07,4110.0,4225.0,4076.0,4204.0,38824500,-1.0,-1.0,-1.0
2025/08/08,4208.0,4307.0,4178.0,4258.0,26399000,-1.0,-1.0,-1.0
2025/08/12,4280.0,4358.0,4251.0,4304.0,26322500,-1.0,-1.0,-1.0
2025/08/13,4341.0,4416.0,4302.0,4338.0,27579000,-1.0,-1.0,-1.0
2025/08/14,4299.0,4308.0,4224.0,4251.0,22015500,-1.0,-1.0,-1.0
2025/08/15,4206.0,4316.0,4206.0,4301.0,19751000,-1.0,-1.0,-1.0
2025/08/18,4286.0,4298.0,4209.0,4209.0,17575500,-1.0,-1.0,-1.0
2025/08/19,4246.0,4300.0,4232.0,4244.0,14359500,-1.0,-1.0,-1.0
2025/08/20,4216.0,4239.0,4156.0,4185.0,16123000,-1.0,-1.0,-1.0
2025/08/21,4090.0,4129.0,4077.0,4084.0,20922000,-1.0,-1.0,-1.0
2025/08/22,4088.0,4112.0,4001.0,4019.0,21830500,-1.0,-1.0,-1.0
2025/08/25,4028.0,4075.0,4015.0,4045.0,19358000,-1.0,-1.0,-1.0
2025/08/26,4024.0,4071.0,4018.0,4049.0,19507000,-1.0,-1.0,-1.0
2025/08/27,4076.0,4089.0,4032.0,4067.0,12384000,-1.0,-1.0,-1.0
2025/08/28,4044.0,4157.0,4039.0,4150.0,19548500,-1.0,-1.0,-1.0
2025/08/29,4130.0,4146.0,4060.0,4133.0,15997000,-1.0,-1.0,-1.0
2025/09/01,4059.0,4079.0,4002.0,4057.0,16626500,-1.0,-1.0,-1.0
2025/09/02,4082.0,4108.0,4054.0,4067.0,11128000,-1.0,-1.0,-1.0
2025/09/03,4013.0,4026.0,3974.0,3989.0,21502500,-1.0,-1.0,-1.0
2025/09/04,3998.0,4028.0,3991.0,4017.0,10601000,-1.0,-1.0,-1.0
2025/09/05,4036.0,4062.0,4008.0,4048.0,12677500,-1.0,-1.0,-1.0
2025/09/08,4096.0,4159.0,4071.0,4120.0,16475500,-1.0,-1.0,-1.0
2025/09/09,4213.0,4278.0,4176.0,4204.0,24063500,-1.0,-1.0,-1.0
2025/09/10,4219.0,4253.0,4196.0,4230.0,15284000,-1.0,-1.0,-1.0
2025/09/11,4240.0,4292.0,4222.0,4281.0,19317000,-1.0,-1.0,-1.0
2025/09/12,4400.0,4521.0,4366.0,4517.0,47522000,-1.0,-1.0,-1.0
2025/09/16,4607.0,4664.0,4552.0,4603.0,31827500,-1.0,-1.0,-1.0
2025/09/17,4700.0,4911.0,4691.0,4850.0,51509000,-1.0,-1.0,-1.0
2025/09/18,4860.0,5173.0,4833.0,5091.0,52581000,-1.0,-1.0,-1.0
2025/09/19,5320.0,5320.0,4847.0,5122.0,60982000,-1.0,-1.0,-1.0
2025/09/22,5158.0,5430.0,5110.0,5320.0,45292500,-1.0,-1.0,-1.0
2025/09/24,5220.0,5464.0,5207.0,5451.0,38339000,-1.0,-1.0,-1.0
2025/09/25,5351.0,5610.0,5345.0,5544.0,39178500,-1.0,-1.0,-1.0
2025/09/26,5444.0,5468.0,5303.0,5309.0,30384000,-1.0,-1.0,-1.0
2025/09/29,5182.0,5338.0,5175.0,5301.0,20625000,-1.0,-1.0,-1.0
2025/09/30,5360.0,5387.0,5262.0,5272.0,18890500,-1.0,-1.0,-1.0
2025/10/01,5241.0,5280.0,5155.0,5162.0,20003500,-1.0,-1.0,-1.0
2025/10/02,5390.0,5584.0,5380.0,5569.0,40674500,-1.0,-1.0,-1.0
2025/10/03,5679.0,5764.0,5629.0,5698.0,33461000,-1.0,-1.0,-1.0
2025/10/06,5780.0,6178.0,5723.0,6114.0,52954000,-1.0,-1.0,-1.0
2025/10/07,6232.0,6304.0,6016.0,6018.0,34813500,-1.0,-1.0,-1.0
2025/10/08,5878.0,5992.0,5826.0,5851.0,28652000,-1.0,-1.0,-1.0
2025/10/09,6000.0,6028.0,5838.0,5940.0,24469500,-1.0,-1.0,-1.0
2025/10/10,6000.0,6022.0,5818.0,5856.0,24495500,-1.0,-1.0,-1.0
2025/10/14,5756.0,5929.0,5647.0,5688.0,29783500,-1.0,-1.0,-1.0
2025/10/15,5605.0,5924.0,5586.0,5814.0,25453500,-1.0,-1.0,-1.0
2025/10/16,5933.0,6084.0,5930.0,6050.0,24857500,-1.0,-1.0,-1.0
2025/10/17,6048.0,6100.0,5991.0,6016.0,17951500,-1.0,-1.0,-1.0
2025/10/20,6100.0,6282.0,6082.0,6282.0,26040500,-1.0,-1.0,-1.0
2025/10/21,6344.0,6350.0,6132.0,6142.0,23186500,-1.0,-1.0,-1.0
2025/10/22,6112.0,6206.0,6060.0,6146.0,19530500,-1.0,-1.0,-1.0
2025/10/23,5924.0,5955.0,5866.0,5946.0,17040000,-1.0,-1.0,-1.0
2025/10/24,6094.0,6120.0,6054.0,6054.0,12483500,-1.0,-1.0,-1.0
2025/10/27,6158.0,6174.0,6086.0,6124.0,13626000,-1.0,-1.0,-1.0
2025/10/28,6162.0,6310.0,6148.0,6290.0,18370000,-1.0,-1.0,-1.0
2025/10/29,6340.0,6550.0,6284.0,6498.0,24720500,-1.0,-1.0,-1.0
2025/10/30,6498.0,6750.0,6432.0,6598.0,32855000,-1.0,-1.0,-1.0
2025/10/31,6738.0,6836.0,6628.0,6836.0,24355500,-1.0,-1.0,-1.0
2025/11/04,7160.0,7446.0,6958.0,6958.0,35589500,-1.0,-1.0,-1.0
2025/11/05,6818.0,6898.0,6516.0,6674.0,32549500,-1.0,-1.0,-1.0
2025/11/06,6874.0,6886.0,6648.0,6650.0,15153500,-1.0,-1.0,-1.0
2025/11/07,6532.0,6604.0,6460.0,6560.0,15755500,-1.0,-1.0,-1.0
2025/11/10,6806.0,6910.0,6680.0,6840.0,16731000,-1.0,-1.0,-1.0
2025/11/11,6872.0,6932.0,6788.0,6838.0,13720000,-1.0,-1.0,-1.0
2025/11/12,6698.0,6776.0,6600.0,6732.0,14427000,-1.0,-1.0,-1.0
2025/11/13,6710.0,6800.0,6674.0,6782.0,9096500,-1.0,-1.0,-1.0
2025/11/14,6400.0,6522.0,6364.0,6370.0,20105500,-1.0,-1.0,-1.0
2025/11/17,6466.0,6660.0,6430.0,6660.0,13556000,-1.0,-1.0,-1.0
2025/11/18,6520.0,6560.0,6282.0,6296.0,15697000,-1.0,-1.0,-1.0
2025/11/19,6300.0,6334.0,6170.0,6172.0,14114000,-1.0,-1.0,-1.0
2025/11/20,6580.0,6608.0,6434.0,6500.0,19417500,-1.0,-1.0,-1.0
2025/11/21,6160.0,6208.0,6026.0,6036.0,23758000,-1.0,-1.0,-1.0
2025/11/25,6200.0,6258.0,6146.0,6220.0,14697000,-1.0,-1.0,-1.0
2025/11/26,6240.0,6316.0,6210.0,6234.0,11110000,-1.0,-1.0,-1.0
2025/11/27,6368.0,6466.0,6336.0,6436.0,10097500,-1.0,-1.0,-1.0
2025/11/28,6436.0,6440.0,6300.0,6360.0,7918000,-1.0,-1.0,-1.0
2025/12/01,6500.0,6524.0,6308.0,6326.0,10642000,-1.0,-1.0,-1.0
2025/12/02,6350.0,6388.0,6242.0,6260.0,8600500,-1.0,-1.0,-1.0
2025/12/03,6510.0,6622.0,6440.0,6556.0,17416000,-1.0,-1.0,-1.0
2025/12/04,6570.0,6764.0,6550.0,6764.0,13282500,-1.0,-1.0,-1.0
2025/12/05,6624.0,6630.0,6554.0,6628.0,9640000,-1.0,-1.0,-1.0
2025/12/08,6636.0,6722.0,6534.0,6632.0,9525500,-1.0,-1.0,-1.0
2025/12/09,6700.0,6790.0,6674.0,6718.0,10723500,-1.0,-1.0,-1.0
2025/12/10,6756.0,6808.0,6574.0,6624.0,11281500,-1.0,-1.0,-1.0
2025/12/11,6760.0,6776.0,6482.0,6520.0,12639500,-1.0,-1.0,-1.0
2025/12/12,6266.0,6498.0,6266.0,6300.0,23179000,-1.0,-1.0,-1.0
2025/12/15,6160.0,6296.0,6132.0,6228.0,9942500,-1.0,-1.0,-1.0
2025/12/16,6282.0,6290.0,6120.0,6194.0,10405500,-1.0,-1.0,-1.0
2025/12/17,6240.0,6264.0,6140.0,6264.0,9111000,-1.0,-1.0,-1.0
2025/12/18,6044.0,6140.0,6012.0,6062.0,14384500,-1.0,-1.0,-1.0
2025/12/19,6142.0,6276.0,6138.0,6240.0,14019000,-1.0,-1.0,-1.0
2025/12/22,6560.0,6688.0,6494.0,6634.0,17280500,-1.0,-1.0,-1.0
2025/12/23,6634.0,6672.0,6554.0,6600.0,8582000,-1.0,-1.0,-1.0
2025/12/24,6618.0,6772.0,6582.0,6644.0,12028000,-1.0,-1.0,-1.0
2025/12/25,6620.0,6758.0,6618.0,6758.0,7214000,-1.0,-1.0,-1.0
2025/12/26,6764.0,6878.0,6760.0,6866.0,9643500,-1.0,-1.0,-1.0
2025/12/29,6920.0,6934.0,6782.0,6846.0,9778500,-1.0,-1.0,-1.0
2025/12/30,6754.0,6900.0,6752.0,6864.0,8524500,-1.0,-1.0,-1.0
2026/01/05,7216.0,7416.0,7144.0,7386.0,22650500,-1.0,-1.0,-1.0
2026/01/06,7440.0,7520.0,7324.0,7470.0,19301000,-1.0,-1.0,-1.0
2026/01/07,7500.0,7702.0,7478.0,7634.0,18904500,-1.0,-1.0,-1.0
2026/01/08,7436.0,7494.0,7288.0,7328.0,20111000,-1.0,-1.0,-1.0
2026/01/09,7400.0,7640.0,7296.0,7582.0,23758500,-1.0,-1.0,-1.0
2026/01/13,8200.0,8272.0,8002.0,8206.0,26915500,-1.0,-1.0,-1.0
2026/01/14,8292.0,8480.0,8252.0,8462.0,21018000,-1.0,-1.0,-1.0
2026/01/15,8200.0,8600.0,8134.0,8518.0,24428000,-1.0,-1.0,-1.0
2026/01/16,8600.0,8602.0,8320.0,8430.0,22283500,-1.0,-1.0,-1.0
2026/01/19,8404.0,8486.0,8332.0,8436.0,13614000,-1.0,-1.0,-1.0
2026/01/20,8348.0,8384.0,8122.0,8216.0,13309000,-1.0,-1.0,-1.0
2026/01/21,8044.0,8312.0,8044.0,8242.0,18190500,-1.0,-1.0,-1.0
2026/01/22,8564.0,8666.0,8422.0,8500.0,21210500,-1.0,-1.0,-1.0
2026/01/23,8462.0,8508.0,8306.0,8344.0,15643000,-1.0,-1.0,-1.0
2026/01/26,8204.0,8464.0,8166.0,8218.0,14392000,-1.0,-1.0,-1.0
2026/01/27,8278.0,8440.0,8196.0,8426.0,13569000,-1.0,-1.0,-1.0
2026/01/28,8558.0,8922.0,8458.0,8760.0,20914000,-1.0,-1.0,-1.0
2026/01/29,8882.0,8886.0,8218.0,8266.0,23447000,-1.0,-1.0,-1.0
2026/01/30,8204.0,8388.0,8154.0,8262.0,17567500,-1.0,-1.0,-1.0
2026/02/02,8056.0,8274.0,7924.0,7932.0,17841500,-1.0,-1.0,-1.0
2026/02/03,8116.0,8358.0,8036.0,8312.0,17433000,-1.0,-1.0,-1.0
2026/02/04,8116.0,8200.0,7988.0,8140.0,12159000,-1.0,-1.0,-1.0
2026/02/05,8010.0,8144.0,7896.0,7998.0,14770000,-1.0,-1.0,-1.0
2026/02/06,8032.0,8270.0,7964.0,8206.0,16448500,-1.0,-1.0,-1.0
2026/02/09,8316.0,8466.0,8062.0,8120.0,38393000,-1.0,-1.0,-1.0
2026/02/10,8346.0,8474.0,8150.0,8300.0,20681000,-1.0,-1.0,-1.0
2026/02/12,8380.0,8482.0,8146.0,8260.0,17532000,-1.0,-1.0,-1.0
2026/02/13,8254.0,8536.0,8202.0,8398.0,26891500,-1.0,-1.0,-1.0
2026/02/16,8356.0,8366.0,8202.0,8276.0,11051500,-1.0,-1.0,-1.0
2026/02/17,8390.0,8564.0,8318.0,8430.0,13167000,-1.0,-1.0,-1.0
2026/02/18,8516.0,8784.0,8476.0,8678.0,17828000,-1.0,-1.0,-1.0
2026/02/19,8950.0,9090.0,8888.0,8926.0,18710000,-1.0,-1.0,-1.0
2026/02/20,8760.0,8850.0,8592.0,8792.0,18096000,-1.0,-1.0,-1.0
2026/02/24,8736.0,8876.0,8674.0,8876.0,12235500,-1.0,-1.0,-1.0
2026/02/25,8970.0,9320.0,8954.0,9246.0,17662000,-1.0,-1.0,-1.0
2026/02/26,9320.0,9320.0,8944.0,9062.0,17913500,-1.0,-1.0,-1.0
2026/02/27,8642.0,8860.0,8620.0,8802.0,18378000,-1.0,-1.0,-1.0
2026/03/02,8538.0,8758.0,8530.0,8706.0,12872000,-1.0,-1.0,-1.0
2026/03/02,8538.0,8758.0,8530.0,8706.0,12872000,-1.0,-1.0,-1.0
2026/03/02,8538.0,8758.0,8530.0,8706.0,12872000,-1.0,-1.0,-1.0
2026/03/02,8538.0,8758.0,8530.0,8706.0,12872000,-1.0,-1.0,-1.0
2026/03/03,8710.0,8798.0,8466.0,8520.0,16074500,-1.0,-1.0,-1.0
2026/03/04,8274.0,8462.0,8024.0,8138.0,24179500,-1.0,-1.0,-1.0
2026/03/05,8498.0,8658.0,8284.0,8344.0,18752000,-1.0,-1.0,-1.0
2026/03/06,8204.0,8406.0,8166.0,8358.0,14311500,-1.0,-1.0,-1.0
2026/03/09,7658.0,7834.0,7520.0,7784.0,25851000,-1.0,-1.0,-1.0
2026/03/10,8152.0,8240.0,7832.0,8006.0,18003500,-1.0,-1.0,-1.0
2026/03/11,8146.0,8210.0,7990.0,8106.0,14358500,-1.0,-1.0,-1.0
2026/03/12,8000.0,8060.0,7866.0,7950.0,13367500,-1.0,-1.0,-1.0
2026/03/13,7702.0,7800.0,7660.0,7668.0,16153500,-1.0,-1.0,-1.0
2026/03/16,7684.0,7830.0,7566.0,7830.0,14533500,-1.0,-1.0,-1.0
2026/03/17,7970.0,7976.0,7726.0,7756.0,9650500,-1.0,-1.0,-1.0
2026/03/18,7896.0,8058.0,7848.0,8058.0,10074000,-1.0,-1.0,-1.0
2026/03/19,7802.0,7938.0,7792.0,7866.0,13283000,-1.0,-1.0,-1.0
2026/03/23,7586.0,7708.0,7496.0,7660.0,16939000,-1.0,-1.0,-1.0
2026/03/24,7870.0,7894.0,7656.0,7826.0,11330000,-1.0,-1.0,-1.0
2026/03/25,8128.0,8288.0,8072.0,8072.0,15459500,-1.0,-1.0,-1.0
2026/03/26,7990.0,8258.0,7988.0,8106.0,13736000,-1.0,-1.0,-1.0
2026/03/27,7826.0,7878.0,7734.0,7858.0,18232500,-1.0,-1.0,-1.0
2026/03/30,7520.0,7768.0,7442.0,7768.0,18000000,-1.0,-1.0,-1.0
2026/03/31,7390.0,7644.0,7304.0,7446.0,20182500,-1.0,-1.0,-1.0
2026/04/01,7726.0,7860.0,7676.0,7856.0,12709000,-1.0,-1.0,-1.0
2026/04/02,7940.0,7942.0,7592.0,7604.0,13635000,-1.0,-1.0,-1.0
2026/04/03,7776.0,7864.0,7656.0,7684.0,9163000,-1.0,-1.0,-1.0
2026/04/06,7640.0,7852.0,7640.0,7674.0,10635500,-1.0,-1.0,-1.0
2026/04/07,7730.0,7810.0,7654.0,7688.0,9620500,-1.0,-1.0,-1.0
2026/04/08,8300.0,8482.0,8212.0,8482.0,19360000,-1.0,-1.0,-1.0
2026/04/09,8566.0,8566.0,8350.0,8438.0,13364500,-1.0,-1.0,-1.0
2026/04/10,8568.0,8808.0,8524.0,8808.0,20431000,-1.0,-1.0,-1.0
2026/04/13,8674.0,8696.0,8460.0,8492.0,16275000,-1.0,-1.0,-1.0
2026/04/14,8632.0,8764.0,8578.0,8740.0,17608500,-1.0,-1.0,-1.0
2026/04/15,8774.0,8914.0,8672.0,8700.0,18177500,-1.0,-1.0,-1.0
2026/04/16,8840.0,9230.0,8820.0,9164.0,24044000,-1.0,-1.0,-1.0
2026/04/17,9024.0,9056.0,8802.0,8802.0,14874000,-1.0,-1.0,-1.0
2026/04/20,8774.0,8898.0,8724.0,8850.0,10089000,-1.0,-1.0,-1.0
2026/04/21,8948.0,9292.0,8934.0,9156.0,15910500,-1.0,-1.0,-1.0
2026/04/22,9034.0,9108.0,9004.0,9100.0,10235500,-1.0,-1.0,-1.0
2026/04/23,9230.0,9312.0,8990.0,9096.0,14842500,-1.0,-1.0,-1.0
2026/04/24,9090.0,9222.0,9082.0,9170.0,11562000,-1.0,-1.0,-1.0
2026/04/27,9292.0,9542.0,9260.0,9420.0,18025000,-1.0,-1.0,-1.0
2026/04/28,9376.0,9394.0,9002.0,9030.0,16458000,-1.0,-1.0,-1.0
2026/04/30,9000.0,9058.0,8796.0,8878.0,20405000,-1.0,-1.0,-1.0
2026/05/01,9400.0,9638.0,9342.0,9490.0,29579500,-1.0,-1.0,-1.0
2026/05/07,10236.0,10392.0,10048.0,10344.0,23478500,-1.0,-1.0,-1.0
2026/05/08,10344.0,10530.0,10244.0,10490.0,18224500,-1.0,-1.0,-1.0
2026/05/11,10700.0,10774.0,10374.0,10416.0,14993500,-1.0,-1.0,-1.0
2026/05/12,10600.0,10600.0,10326.0,10432.0,9659000,-1.0,-1.0,-1.0
2026/05/13,10302.0,10384.0,10166.0,10268.0,11505000,-1.0,-1.0,-1.0
2026/05/14,10318.0,10546.0,10240.0,10240.0,10257000,-1.0,-1.0,-1.0
2026/05/15,10430.0,10506.0,9896.0,10058.0,14930000,-1.0,-1.0,-1.0
2026/05/18,10120.0,10180.0,9762.0,9852.0,12170000,-1.0,-1.0,-1.0
2026/05/19,9992.0,9996.0,9432.0,9432.0,13228500,-1.0,-1.0,-1.0
2026/05/20,9340.0,9444.0,9006.0,9220.0,15210500,-1.0,-1.0,-1.0
2026/05/21,9530.0,9760.0,9490.0,9760.0,13729000,-1.0,-1.0,-1.0
2026/05/22,9810.0,10044.0,9746.0,9966.0,13884500,-1.0,-1.0,-1.0
2026/05/25,10106.0,10506.0,10006.0,10436.0,13359500,-1.0,-1.0,-1.0
2026/05/26,10636.0,10638.0,10128.0,10284.0,12197000,-1.0,-1.0,-1.0
2026/05/27,10574.0,10940.0,10500.0,10500.0,19287000,-1.0,-1.0,-1.0
2026/05/28,10400.0,10546.0,10230.0,10464.0,15731500,-1.0,-1.0,-1.0
2026/05/29,10556.0,10664.0,10406.0,10484.0,17779000,-1.0,-1.0,-1.0
2026/06/01,10672.0,10948.0,10592.0,10612.0,15837500,-1.0,-1.0,-1.0
2026/06/02,10612.0,10750.0,10436.0,10742.0,13409500,-1.0,-1.0,-1.0
2026/06/03,11342.0,12284.0,11278.0,12180.0,27167000,-1.0,-1.0,-1.0
2026/06/04,11980.0,12732.0,11980.0,12732.0,24025500,-1.0,-1.0,-1.0
2026/06/05,12400.0,12442.0,11750.0,11890.0,22300500,-1.0,-1.0,-1.0
2026/06/08,11130.0,11290.0,10930.0,11004.0,19805500,-1.0,-1.0,-1.0
2026/06/09,11440.0,12172.0,11354.0,11984.0,29513000,-1.0,-1.0,-1.0
2026/06/10,12222.0,13062.0,12162.0,12366.0,39622500,-1.0,-1.0,-1.0
2026/06/11,12200.0,12814.0,12042.0,12680.0,27929000,-1.0,-1.0,-1.0
2026/06/12,13680.0,14200.0,13600.0,13600.0,35511000,-1.0,-1.0,-1.0
2026/06/15,14960.0,14960.0,14552.0,14552.0,23055000,-1.0,-1.0,-1.0
2026/06/16,14302.0,14626.0,14164.0,14172.0,24144500,-1.0,-1.0,-1.0
2026/06/17,13994.0,14644.0,13970.0,14528.0,23042500,-1.0,-1.0,-1.0
2026/06/18,14774.0,15330.0,14620.0,15216.0,29034500,-1.0,-1.0,-1.0
2026/06/19,15516.0,15520.0,14784.0,15072.0,30535500,-1.0,-1.0,-1.0
2026/06/22,14798.0,15570.0,14796.0,15560.0,15528000,-1.0,-1.0,-1.0
2026/06/23,15500.0,15960.0,14592.0,14592.0,23687500,-1.0,-1.0,-1.0
2026/06/24,14352.0,14672.0,13724.0,13980.0,26376500,-1.0,-1.0,-1.0
2026/06/25,14480.0,15170.0,14380.0,15068.0,24941500,-1.0,-1.0,-1.0
2026/06/26,14512.0,14886.0,14224.0,14584.0,22666000,-1.0,-1.0,-1.0
2026/06/29,14700.0,14940.0,14134.0,14940.0,21080000,-1.0,-1.0,-1.0
2026/06/30,15396.0,16100.0,14946.0,15430.0,25842500,-1.0,-1.0,-1.0
2026/07/01,15730.0,16252.0,15338.0,15760.0,27982000,-1.0,-1.0,-1.0
2026/07/02,14860.0,15148.0,14588.0,14588.0,22650000,-1.0,-1.0,-1.0
2026/07/03,13988.0,14766.0,13794.0,14640.0,23393500,-1.0,-1.0,-1.0
2026/07/06,14818.0,15058.0,14134.0,14464.0,14233000,-1.0,-1.0,-1.0
2026/07/07,14342.0,14618.0,13826.0,13894.0,19450000,-1.0,-1.0,-1.0
2026/07/08,13494.0,13920.0,13312.0,13470.0,21380500,-1.0,-1.0,-1.0
2026/07/09,13980.0,14308.0,13860.0,14212.0,18478000,-1.0,-1.0,-1.0
2026/07/10,14580.0,14910.0,14322.0,14588.0,19552500,-1.0,-1.0,-1.0
2026/07/13,14380.0,14894.0,13988.0,14260.0,18225000,-1.0,-1.0,-1.0
2026/07/14,13960.0,14428.0,13736.0,14226.0,20146500,-1.0,-1.0,-1.0
2026/07/15,14380.0,14962.0,14156.0,14848.0,19545500,-1.0,-1.0,-1.0
2026/07/16,14248.0,14336.0,13768.0,14178.0,25766000,-1.0,-1.0,-1.0
2026/07/17,13400.0,13416.0,12630.0,13020.0,31677500,-1.0,-1.0,-1.0
2026/07/21,12870.0,13314.0,12840.0,13314.0,18109500,-1.0,-1.0,-1.0
2026/07/22,13914.0,13956.0,13110.0,13192.0,20302500,-1.0,-1.0,-1.0
2026/07/23,13294.0,13740.0,13182.0,13190.0,17774000,-1.0,-1.0,-1.0
2026/07/24,12990.0,13082.0,12242.0,12532.0,19359500,-1.0,-1.0,-1.0
2026/07/27,12732.0,12820.0,12332.0,12560.0,13604000,-1.0,-1.0,-1.0
2026/07/28,11306.0,11522.0,11080.0,11184.0,21819000,-1.0,-1.0,-1.0
2026/07/29,10784.0,11126.0,9716.0,10000.0,36812500,-1.0,-1.0,-1.0
2026/07/30,9800.0,10764.0,9730.0,10448.0,31781500,-1.0,-1.0,-1.0
2026/07/31,11848.0,11850.0,10844.0,11100.0,70483000,-1.0,-1.0,-1.0
2026/08/03,10780.0,11110.0,10510.0,10998.0,22926000,-1.0,-1.0,-1.0
2026/08/04,11176.0,11348.0,10680.0,11340.0,18886000,-1.0,-1.0,-1.0
2026/08/05,11800.0,11940.0,11660.0,11710.0,16710500,-1.0,-1.0,-1.0
2026/08/06,11310.0,11360.0,10960.0,11066.0,18014500,-1.0,-1.0,-1.0
2026/08/07,11266.0,11370.0,10650.0,10900.0,14386000,-1.0,-1.0,-1.0
2026/08/10,11160.0,11352.0,11120.0,11350.0,12758000,-1.0,-1.0,-1.0
2026/08/12,11270.0,11660.0,11184.0,11646.0,13702000,-1.0,-1.0,-1.0
2026/08/13,11932.0,12138.0,11724.0,11894.0,16600000,-1.0,-1.0,-1.0
2026/08/14,12300.0,12330.0,11800.0,11826.0,15944000,-1.0,-1.0,-1.0
2026/08/17,11854.0,12086.0,11802.0,12018.0,12665500,-1.0,-1.0,-1.0
2026/08/18,12022.0,12060.0,11276.0,11276.0,18923000,-1.0,-1.0,-1.0
2026/08/19,10714.0,11128.0,10686.0,10932.0,17943500,-1.0,-1.0,-1.0
2026/08/20,10804.0,10836.0,10616.0,10804.0,14070500,-1.0,-1.0,-1.0
2026/08/21,10604.0,10954.0,10582.0,10858.0,10724000,-1.0,-1.0,-1.0
2026/08/24,11040.0,11190.0,10846.0,11030.0,12267500,-1.0,-1.0,-1.0
2026/08/25,10830.0,11134.0,10678.0,11082.0,11348500,-1.0,-1.0,-1.0
2026/08/26,10902.0,11118.0,10738.0,11100.0,12434000,-1.0,-1.0,-1.0
2026/08/27,11400.0,11506.0,10984.0,11200.0,11649000,-1.0,-1.0,-1.0
2026/08/28,11384.0,11504.0,11180.0,11246.0,15434000,-1.0,-1.0,-1.0
2026/08/31,10760.0,11288.0,10672.0,11288.0,13882000,-1.0,-1.0,-1.0
2026/09/01,10888.0,11042.0,10702.0,10996.0,13803500,-1.0,-1.0,-1.0
2026/09/02,10628.0,10660.0,10500.0,10622.0,15466000,-1.0,-1.0,-1.0
2026/09/03,10822.0,10854.0,10504.0,10660.0,13927000,-1.0,-1.0,-1.0
2026/09/04,10500.0,10898.0,10466.0,10664.0,12998000,-1.0,-1.0,-1.0
2026/09/07,11064.0,11342.0,11034.0,11168.0,14502000,-1.0,-1.0,-1.0
2026/09/08,11078.0,11344.0,10800.0,10800.0,11934000,-1.0,-1.0,-1.0
2026/09/09,10814.0,10878.0,10604.0,10740.0,17727000,-1.0,-1.0,-1.0
2026/09/10,10800.0,10808.0,10378.0,10562.0,16189500,-1.0,-1.0,-1.0
2026/09/11,9998.0,10292.0,9996.0,10292.0,19263500,-1.0,-1.0,-1.0
2026/09/14,10092.0,10260.0,9908.0,10186.0,13589500,-1.0,-1.0,-1.0
2026/09/15,9846.0,10234.0,9800.0,10130.0,17941500,-1.0,-1.0,-1.0
2026/09/16,10110.0,10340.0,10006.0,10338.0,10182500,-1.0,-1.0,-1.0
2026/09/17,10500.0,10504.0,10060.0,10194.0,13975000,-1.0,-1.0,-1.0
2026/09/18,10420.0,10720.0,10380.0,10622.0,20054500,-1.0,-1.0,-1.0
2026/09/24,10822.0,10914.0,10582.0,10784.0,18652000,-1.0,-1.0,-1.0
2026/09/25,10866.0,11312.0,10840.0,11304.0,18266500,-1.0,-1.0,-1.0
2026/09/28,57110.0,57600.0,56150.0,56320.0,3949900,-1.0,-1.0,-1.0
2026/09/29,11355.0,11580.0,11270.0,11505.0,12075600,-1.0,-1.0,-1.0
2026/09/30,11970.0,12060.0,11690.0,11815.0,15332500,-1.0,-1.0,-1.0
2026/10/01,12385.0,12600.0,11980.0,12580.0,17346000,-1.0,-1.0,-1.0
2026/10/02,12435.0,12435.0,11995.0,12100.0,19102700,-1.0,-1.0,-1.0
2026/10/05,12400.0,12820.0,12295.0,12765.0,16639700,-1.0,-1.0,-1.0
2026/10/06,12735.0,12915.0,12575.0,12805.0,11752600,-1.0,-1.0,-1.0
2026/10/07,12505.0,12740.0,12400.0,12500.0,10525800,-1.0,-1.0,-1.0
