date,open,high,low,close,volume,rs_nikkei,rs_topix,rs
2014/03/26,562.0,566.0,554.0,556.0,9170000,-1.0,-1.0,-1.0
2014/03/27,556.0,566.0,552.0,562.0,7305000,-1.0,-1.0,-1.0
2014/03/28,562.0,572.0,558.0,568.0,6520000,-1.0,-1.0,-1.0
2014/03/31,570.0,570.0,550.0,564.0,6970000,-1.0,-1.0,-1.0
2014/04/01,570.0,574.0,562.0,570.0,5570000,-1.0,-1.0,-1.0
2014/04/02,570.0,578.0,566.0,566.0,4805000,-1.0,-1.0,-1.0
2014/04/03,566.0,578.0,566.0,568.0,3875000,-1.0,-1.0,-1.0
2014/04/04,568.0,574.0,566.0,570.0,2030000,-1.0,-1.0,-1.0
2014/04/07,562.0,564.0,556.0,558.0,2065000,-1.0,-1.0,-1.0
2014/04/08,554.0,556.0,546.0,550.0,2425000,-1.0,-1.0,-1.0
2014/04/09,544.0,548.0,540.0,544.0,4375000,-1.0,-1.0,-1.0
2014/04/10,548.0,556.0,536.0,538.0,2970000,-1.0,-1.0,-1.0
2014/04/11,534.0,538.0,528.0,530.0,3940000,-1.0,-1.0,-1.0
2014/04/14,530.0,538.0,526.0,526.0,2340000,-1.0,-1.0,-1.0
2014/04/15,530.0,532.0,526.0,526.0,1825000,-1.0,-1.0,-1.0
2014/04/16,532.0,540.0,530.0,540.0,2880000,-1.0,-1.0,-1.0
2014/04/17,540.0,548.0,536.0,544.0,3430000,-1.0,-1.0,-1.0
2014/04/18,548.0,552.0,542.0,548.0,3310000,-1.0,-1.0,-1.0
2014/04/21,548.0,552.0,546.0,550.0,1520000,-1.0,-1.0,-1.0
2014/04/22,550.0,552.0,544.0,544.0,1495000,-1.0,-1.0,-1.0
2014/04/23,542.0,548.0,542.0,544.0,1410000,-1.0,-1.0,-1.0
2014/04/24,544.0,550.0,542.0,546.0,1705000,-1.0,-1.0,-1.0
2014/04/25,542.0,552.0,542.0,548.0,2205000,-1.0,-1.0,-1.0
2014/04/28,542.0,546.0,540.0,546.0,1595000,-1.0,-1.0,-1.0
2014/04/30,546.0,556.0,546.0,552.0,2220000,-1.0,-1.0,-1.0
2014/05/01,554.0,564.0,554.0,562.0,2110000,-1.0,-1.0,-1.0
2014/05/02,560.0,560.0,552.0,556.0,980000,-1.0,-1.0,-1.0
2014/05/07,550.0,550.0,536.0,536.0,2580000,-1.0,-1.0,-1.0
2014/05/08,536.0,546.0,536.0,544.0,1530000,-1.0,-1.0,-1.0
2014/05/09,538.0,552.0,538.0,540.0,1390000,-1.0,-1.0,-1.0
2014/05/12,536.0,538.0,530.0,534.0,2735000,-1.0,-1.0,-1.0
2014/05/13,538.0,546.0,538.0,546.0,1230000,-1.0,-1.0,-1.0
2014/05/14,546.0,548.0,544.0,546.0,700000,-1.0,-1.0,-1.0
2014/05/15,544.0,546.0,536.0,544.0,1610000,-1.0,-1.0,-1.0
2014/05/16,540.0,540.0,532.0,534.0,2415000,-1.0,-1.0,-1.0
2014/05/19,534.0,536.0,532.0,532.0,1485000,-1.0,-1.0,-1.0
2014/05/20,540.0,540.0,530.0,530.0,2310000,-1.0,-1.0,-1.0
2014/05/21,528.0,532.0,526.0,528.0,1395000,-1.0,-1.0,-1.0
2014/05/22,536.0,546.0,530.0,544.0,1885000,-1.0,-1.0,-1.0
2014/05/23,544.0,552.0,544.0,550.0,2540000,-1.0,-1.0,-1.0
2014/05/26,554.0,558.0,552.0,558.0,1060000,-1.0,-1.0,-1.0
2014/05/27,558.0,562.0,558.0,560.0,1880000,-1.0,-1.0,-1.0
2014/05/28,558.0,560.0,554.0,556.0,1380000,-1.0,-1.0,-1.0
2014/05/29,550.0,552.0,546.0,550.0,1375000,-1.0,-1.0,-1.0
2014/05/30,550.0,552.0,544.0,546.0,1910000,-1.0,-1.0,-1.0
2014/06/02,548.0,552.0,546.0,550.0,1610000,-1.0,-1.0,-1.0
2014/06/03,552.0,554.0,546.0,546.0,1510000,-1.0,-1.0,-1.0
2014/06/04,544.0,554.0,542.0,550.0,2455000,-1.0,-1.0,-1.0
2014/06/05,552.0,554.0,548.0,554.0,840000,-1.0,-1.0,-1.0
2014/06/06,550.0,558.0,550.0,558.0,2120000,-1.0,-1.0,-1.0
2014/06/09,562.0,562.0,552.0,552.0,795000,-1.0,-1.0,-1.0
2014/06/10,554.0,560.0,554.0,554.0,840000,-1.0,-1.0,-1.0
2014/06/11,552.0,560.0,550.0,558.0,1680000,-1.0,-1.0,-1.0
2014/06/12,556.0,558.0,550.0,554.0,1810000,-1.0,-1.0,-1.0
2014/06/13,548.0,560.0,548.0,560.0,4060000,-1.0,-1.0,-1.0
2014/06/16,556.0,558.0,550.0,554.0,2300000,-1.0,-1.0,-1.0
2014/06/17,554.0,564.0,554.0,562.0,1895000,-1.0,-1.0,-1.0
2014/06/18,562.0,570.0,562.0,570.0,1975000,-1.0,-1.0,-1.0
2014/06/19,568.0,572.0,564.0,568.0,2780000,-1.0,-1.0,-1.0
2014/06/20,566.0,568.0,560.0,562.0,4295000,-1.0,-1.0,-1.0
2014/06/23,568.0,568.0,556.0,558.0,3285000,-1.0,-1.0,-1.0
2014/06/24,560.0,566.0,552.0,562.0,2845000,-1.0,-1.0,-1.0
2014/06/25,560.0,566.0,558.0,560.0,1665000,-1.0,-1.0,-1.0
2014/06/26,566.0,570.0,564.0,566.0,1775000,-1.0,-1.0,-1.0
2014/06/27,572.0,572.0,556.0,560.0,1630000,-1.0,-1.0,-1.0
2014/06/30,566.0,572.0,558.0,568.0,2145000,-1.0,-1.0,-1.0
2014/07/01,572.0,578.0,568.0,574.0,2365000,-1.0,-1.0,-1.0
2014/07/02,576.0,578.0,572.0,574.0,1395000,-1.0,-1.0,-1.0
2014/07/03,572.0,576.0,568.0,570.0,910000,-1.0,-1.0,-1.0
2014/07/04,574.0,576.0,570.0,576.0,1040000,-1.0,-1.0,-1.0
2014/07/07,572.0,576.0,568.0,570.0,665000,-1.0,-1.0,-1.0
2014/07/08,574.0,574.0,564.0,564.0,1320000,-1.0,-1.0,-1.0
2014/07/09,564.0,568.0,560.0,560.0,1270000,-1.0,-1.0,-1.0
2014/07/10,568.0,570.0,562.0,562.0,1780000,-1.0,-1.0,-1.0
2014/07/11,558.0,560.0,554.0,558.0,750000,-1.0,-1.0,-1.0
2014/07/14,556.0,560.0,556.0,560.0,750000,-1.0,-1.0,-1.0
2014/07/15,562.0,566.0,560.0,564.0,930000,-1.0,-1.0,-1.0
2014/07/16,564.0,572.0,562.0,568.0,1870000,-1.0,-1.0,-1.0
2014/07/17,572.0,572.0,568.0,572.0,1965000,-1.0,-1.0,-1.0
2014/07/18,570.0,570.0,564.0,568.0,2690000,-1.0,-1.0,-1.0
2014/07/22,570.0,578.0,568.0,578.0,1225000,-1.0,-1.0,-1.0
2014/07/23,576.0,576.0,570.0,572.0,1305000,-1.0,-1.0,-1.0
2014/07/24,570.0,574.0,568.0,572.0,1450000,-1.0,-1.0,-1.0
2014/07/25,570.0,574.0,564.0,572.0,1715000,-1.0,-1.0,-1.0
2014/07/28,570.0,574.0,566.0,568.0,1565000,-1.0,-1.0,-1.0
2014/07/29,568.0,572.0,566.0,568.0,1400000,-1.0,-1.0,-1.0
2014/07/30,568.0,574.0,568.0,568.0,1620000,-1.0,-1.0,-1.0
2014/07/31,572.0,574.0,568.0,568.0,1005000,-1.0,-1.0,-1.0
2014/08/01,564.0,568.0,560.0,562.0,1280000,-1.0,-1.0,-1.0
2014/08/04,560.0,560.0,556.0,556.0,1075000,-1.0,-1.0,-1.0
2014/08/05,556.0,556.0,552.0,552.0,800000,-1.0,-1.0,-1.0
2014/08/06,552.0,554.0,548.0,548.0,1195000,-1.0,-1.0,-1.0
2014/08/07,550.0,556.0,548.0,554.0,1005000,-1.0,-1.0,-1.0
2014/08/08,548.0,554.0,540.0,540.0,1505000,-1.0,-1.0,-1.0
2014/08/11,546.0,554.0,544.0,554.0,1265000,-1.0,-1.0,-1.0
2014/08/12,558.0,564.0,550.0,560.0,1135000,-1.0,-1.0,-1.0
2014/08/13,558.0,570.0,558.0,566.0,1530000,-1.0,-1.0,-1.0
2014/08/14,566.0,568.0,564.0,568.0,1140000,-1.0,-1.0,-1.0
2014/08/15,566.0,572.0,566.0,572.0,1055000,-1.0,-1.0,-1.0
2014/08/18,570.0,570.0,566.0,568.0,990000,-1.0,-1.0,-1.0
2014/08/19,568.0,574.0,568.0,574.0,1020000,-1.0,-1.0,-1.0
2014/08/20,574.0,576.0,570.0,572.0,1525000,-1.0,-1.0,-1.0
2014/08/21,572.0,576.0,572.0,576.0,1600000,-1.0,-1.0,-1.0
2014/08/22,578.0,578.0,574.0,576.0,1055000,-1.0,-1.0,-1.0
2014/08/25,578.0,578.0,570.0,572.0,920000,-1.0,-1.0,-1.0
2014/08/26,576.0,576.0,566.0,570.0,1385000,-1.0,-1.0,-1.0
2014/08/27,574.0,580.0,574.0,578.0,3155000,-1.0,-1.0,-1.0
2014/08/28,578.0,580.0,572.0,580.0,1700000,-1.0,-1.0,-1.0
2014/08/29,580.0,580.0,572.0,576.0,1985000,-1.0,-1.0,-1.0
2014/09/01,578.0,580.0,576.0,576.0,1245000,-1.0,-1.0,-1.0
2014/09/02,576.0,580.0,574.0,580.0,1215000,-1.0,-1.0,-1.0
2014/09/03,580.0,584.0,578.0,580.0,2005000,-1.0,-1.0,-1.0
2014/09/04,580.0,584.0,576.0,584.0,915000,-1.0,-1.0,-1.0
2014/09/05,584.0,584.0,582.0,582.0,1530000,-1.0,-1.0,-1.0
2014/09/08,586.0,600.0,586.0,600.0,3645000,-1.0,-1.0,-1.0
2014/09/09,598.0,600.0,588.0,590.0,1965000,-1.0,-1.0,-1.0
2014/09/10,590.0,600.0,590.0,600.0,1890000,-1.0,-1.0,-1.0
2014/09/11,600.0,600.0,592.0,596.0,1605000,-1.0,-1.0,-1.0
2014/09/12,600.0,602.0,596.0,598.0,3095000,-1.0,-1.0,-1.0
2014/09/16,602.0,602.0,592.0,594.0,1225000,-1.0,-1.0,-1.0
2014/09/17,594.0,598.0,592.0,592.0,855000,-1.0,-1.0,-1.0
2014/09/18,594.0,600.0,592.0,598.0,2565000,-1.0,-1.0,-1.0
2014/09/19,600.0,606.0,596.0,606.0,3890000,-1.0,-1.0,-1.0
2014/09/22,606.0,610.0,600.0,606.0,2205000,-1.0,-1.0,-1.0
2014/09/24,600.0,602.0,598.0,600.0,1045000,-1.0,-1.0,-1.0
2014/09/25,604.0,612.0,602.0,612.0,2275000,-1.0,-1.0,-1.0
2014/09/26,600.0,602.0,596.0,602.0,1240000,-1.0,-1.0,-1.0
2014/09/29,602.0,604.0,598.0,602.0,1105000,-1.0,-1.0,-1.0
2014/09/30,598.0,600.0,590.0,594.0,1860000,-1.0,-1.0,-1.0
2014/10/01,598.0,604.0,594.0,600.0,1660000,-1.0,-1.0,-1.0
2014/10/02,596.0,596.0,580.0,582.0,2205000,-1.0,-1.0,-1.0
2014/10/03,580.0,588.0,578.0,578.0,1090000,-1.0,-1.0,-1.0
2014/10/06,584.0,588.0,582.0,584.0,765000,-1.0,-1.0,-1.0
2014/10/07,586.0,590.0,582.0,582.0,1510000,-1.0,-1.0,-1.0
2014/10/08,576.0,578.0,570.0,574.0,945000,-1.0,-1.0,-1.0
2014/10/09,578.0,580.0,564.0,564.0,1180000,-1.0,-1.0,-1.0
2014/10/10,550.0,562.0,550.0,560.0,2100000,-1.0,-1.0,-1.0
2014/10/14,544.0,554.0,544.0,546.0,1780000,-1.0,-1.0,-1.0
2014/10/15,546.0,558.0,546.0,554.0,1095000,-1.0,-1.0,-1.0
2014/10/16,548.0,548.0,540.0,540.0,2435000,-1.0,-1.0,-1.0
2014/10/17,540.0,542.0,526.0,528.0,3860000,-1.0,-1.0,-1.0
2014/10/20,540.0,548.0,540.0,548.0,2610000,-1.0,-1.0,-1.0
2014/10/21,550.0,550.0,538.0,538.0,1750000,-1.0,-1.0,-1.0
2014/10/22,544.0,556.0,544.0,554.0,1620000,-1.0,-1.0,-1.0
2014/10/23,550.0,560.0,548.0,554.0,1430000,-1.0,-1.0,-1.0
2014/10/24,558.0,560.0,550.0,554.0,955000,-1.0,-1.0,-1.0
2014/10/27,554.0,564.0,554.0,562.0,1330000,-1.0,-1.0,-1.0
2014/10/28,560.0,564.0,558.0,560.0,1060000,-1.0,-1.0,-1.0
2014/10/29,566.0,578.0,566.0,572.0,2515000,-1.0,-1.0,-1.0
2014/10/30,578.0,598.0,576.0,592.0,4315000,-1.0,-1.0,-1.0
2014/10/31,596.0,616.0,588.0,616.0,6715000,-1.0,-1.0,-1.0
2014/11/04,628.0,638.0,610.0,610.0,6565000,-1.0,-1.0,-1.0
2014/11/05,610.0,618.0,604.0,618.0,3445000,-1.0,-1.0,-1.0
2014/11/06,618.0,618.0,600.0,602.0,2465000,-1.0,-1.0,-1.0
2014/11/07,608.0,620.0,606.0,616.0,2815000,-1.0,-1.0,-1.0
2014/11/10,614.0,620.0,610.0,618.0,1785000,-1.0,-1.0,-1.0
2014/11/11,618.0,620.0,612.0,620.0,1810000,-1.0,-1.0,-1.0
2014/11/12,620.0,628.0,614.0,614.0,2380000,-1.0,-1.0,-1.0
2014/11/13,618.0,622.0,614.0,622.0,2165000,-1.0,-1.0,-1.0
2014/11/14,626.0,632.0,618.0,630.0,4755000,-1.0,-1.0,-1.0
2014/11/17,646.0,676.0,646.0,650.0,17560000,-1.0,-1.0,-1.0
2014/11/18,650.0,666.0,650.0,664.0,6075000,-1.0,-1.0,-1.0
2014/11/19,668.0,704.0,668.0,688.0,14170000,-1.0,-1.0,-1.0
2014/11/20,692.0,696.0,686.0,694.0,6135000,-1.0,-1.0,-1.0
2014/11/21,694.0,704.0,690.0,698.0,7785000,-1.0,-1.0,-1.0
2014/11/25,706.0,718.0,700.0,704.0,4755000,-1.0,-1.0,-1.0
2014/11/26,700.0,706.0,698.0,702.0,3545000,-1.0,-1.0,-1.0
2014/11/27,698.0,702.0,686.0,688.0,3885000,-1.0,-1.0,-1.0
2014/11/28,688.0,698.0,688.0,698.0,3250000,-1.0,-1.0,-1.0
2014/12/01,700.0,710.0,700.0,710.0,3230000,-1.0,-1.0,-1.0
2014/12/02,708.0,712.0,704.0,712.0,2755000,-1.0,-1.0,-1.0
2014/12/03,712.0,718.0,710.0,714.0,4270000,-1.0,-1.0,-1.0
2014/12/04,716.0,720.0,716.0,718.0,2690000,-1.0,-1.0,-1.0
2014/12/05,724.0,728.0,716.0,728.0,3655000,-1.0,-1.0,-1.0
2014/12/08,728.0,730.0,722.0,728.0,2355000,-1.0,-1.0,-1.0
2014/12/09,720.0,728.0,716.0,726.0,3635000,-1.0,-1.0,-1.0
2014/12/10,726.0,730.0,712.0,716.0,4425000,-1.0,-1.0,-1.0
2014/12/11,710.0,726.0,710.0,722.0,3995000,-1.0,-1.0,-1.0
2014/12/12,718.0,724.0,714.0,714.0,7545000,-1.0,-1.0,-1.0
2014/12/15,714.0,722.0,712.0,716.0,4190000,-1.0,-1.0,-1.0
2014/12/16,712.0,712.0,700.0,706.0,4350000,-1.0,-1.0,-1.0
2014/12/17,704.0,718.0,702.0,714.0,4635000,-1.0,-1.0,-1.0
2014/12/18,722.0,738.0,712.0,728.0,12520000,-1.0,-1.0,-1.0
2014/12/19,730.0,744.0,730.0,740.0,4745000,-1.0,-1.0,-1.0
2014/12/22,740.0,742.0,724.0,728.0,4620000,-1.0,-1.0,-1.0
2014/12/24,738.0,740.0,734.0,736.0,3545000,-1.0,-1.0,-1.0
2014/12/25,732.0,740.0,730.0,738.0,1700000,-1.0,-1.0,-1.0
2014/12/26,738.0,740.0,728.0,732.0,2575000,-1.0,-1.0,-1.0
2014/12/29,734.0,740.0,730.0,738.0,2265000,-1.0,-1.0,-1.0
2014/12/30,738.0,738.0,728.0,728.0,1815000,-1.0,-1.0,-1.0
2015/01/05,728.0,736.0,722.0,734.0,2340000,-1.0,-1.0,-1.0
2015/01/06,728.0,730.0,714.0,718.0,4505000,-1.0,-1.0,-1.0
2015/01/07,712.0,716.0,704.0,710.0,2885000,-1.0,-1.0,-1.0
2015/01/08,714.0,716.0,710.0,714.0,3865000,-1.0,-1.0,-1.0
2015/01/09,716.0,728.0,714.0,724.0,3750000,-1.0,-1.0,-1.0
2015/01/13,720.0,736.0,716.0,726.0,5175000,-1.0,-1.0,-1.0
2015/01/14,724.0,726.0,708.0,710.0,4280000,-1.0,-1.0,-1.0
2015/01/15,710.0,716.0,704.0,712.0,4900000,-1.0,-1.0,-1.0
2015/01/16,702.0,706.0,688.0,698.0,4685000,-1.0,-1.0,-1.0
2015/01/19,706.0,708.0,700.0,706.0,2270000,-1.0,-1.0,-1.0
2015/01/20,712.0,722.0,710.0,716.0,4190000,-1.0,-1.0,-1.0
2015/01/21,714.0,716.0,702.0,706.0,3455000,-1.0,-1.0,-1.0
2015/01/22,706.0,708.0,690.0,700.0,2930000,-1.0,-1.0,-1.0
2015/01/23,702.0,708.0,702.0,702.0,1475000,-1.0,-1.0,-1.0
2015/01/26,692.0,710.0,692.0,710.0,1475000,-1.0,-1.0,-1.0
2015/01/27,720.0,732.0,720.0,732.0,1370000,-1.0,-1.0,-1.0
2015/01/28,724.0,730.0,722.0,724.0,2150000,-1.0,-1.0,-1.0
2015/01/29,720.0,730.0,716.0,720.0,2150000,-1.0,-1.0,-1.0
2015/01/30,730.0,736.0,722.0,726.0,2710000,-1.0,-1.0,-1.0
2015/02/02,722.0,728.0,718.0,728.0,2190000,-1.0,-1.0,-1.0
2015/02/03,724.0,728.0,714.0,718.0,4130000,-1.0,-1.0,-1.0
2015/02/04,730.0,744.0,726.0,732.0,3540000,-1.0,-1.0,-1.0
2015/02/05,726.0,738.0,722.0,732.0,2345000,-1.0,-1.0,-1.0
2015/02/06,732.0,744.0,730.0,738.0,2565000,-1.0,-1.0,-1.0
2015/02/09,746.0,778.0,742.0,772.0,6475000,-1.0,-1.0,-1.0
2015/02/10,768.0,776.0,764.0,774.0,4625000,-1.0,-1.0,-1.0
2015/02/12,780.0,798.0,776.0,788.0,5035000,-1.0,-1.0,-1.0
2015/02/13,790.0,794.0,784.0,792.0,3670000,-1.0,-1.0,-1.0
2015/02/16,796.0,820.0,794.0,816.0,4275000,-1.0,-1.0,-1.0
2015/02/17,810.0,814.0,796.0,798.0,6280000,-1.0,-1.0,-1.0
2015/02/18,808.0,820.0,806.0,818.0,5135000,-1.0,-1.0,-1.0
2015/02/19,816.0,840.0,814.0,838.0,4705000,-1.0,-1.0,-1.0
2015/02/20,838.0,840.0,826.0,838.0,3750000,-1.0,-1.0,-1.0
2015/02/23,840.0,844.0,812.0,830.0,4990000,-1.0,-1.0,-1.0
2015/02/24,838.0,844.0,832.0,832.0,4275000,-1.0,-1.0,-1.0
2015/02/25,838.0,840.0,828.0,834.0,2585000,-1.0,-1.0,-1.0
2015/02/26,834.0,838.0,824.0,834.0,3030000,-1.0,-1.0,-1.0
2015/02/27,834.0,844.0,828.0,834.0,3920000,-1.0,-1.0,-1.0
2015/03/02,838.0,844.0,820.0,824.0,3155000,-1.0,-1.0,-1.0
2015/03/03,830.0,836.0,822.0,830.0,2700000,-1.0,-1.0,-1.0
2015/03/04,836.0,838.0,812.0,814.0,3075000,-1.0,-1.0,-1.0
2015/03/05,812.0,822.0,812.0,820.0,1815000,-1.0,-1.0,-1.0
2015/03/06,818.0,826.0,816.0,822.0,2060000,-1.0,-1.0,-1.0
2015/03/09,814.0,818.0,806.0,810.0,1900000,-1.0,-1.0,-1.0
2015/03/10,812.0,814.0,800.0,802.0,2525000,-1.0,-1.0,-1.0
2015/03/11,798.0,816.0,796.0,814.0,2440000,-1.0,-1.0,-1.0
2015/03/12,816.0,830.0,814.0,820.0,3320000,-1.0,-1.0,-1.0
2015/03/13,822.0,828.0,814.0,816.0,6075000,-1.0,-1.0,-1.0
2015/03/16,824.0,830.0,810.0,818.0,4395000,-1.0,-1.0,-1.0
2015/03/17,824.0,824.0,810.0,816.0,3410000,-1.0,-1.0,-1.0
2015/03/18,818.0,820.0,810.0,820.0,2980000,-1.0,-1.0,-1.0
2015/03/19,816.0,816.0,790.0,800.0,4150000,-1.0,-1.0,-1.0
2015/03/20,804.0,804.0,790.0,800.0,4225000,-1.0,-1.0,-1.0
2015/03/23,800.0,800.0,786.0,800.0,3325000,-1.0,-1.0,-1.0
2015/03/24,800.0,804.0,790.0,802.0,2510000,-1.0,-1.0,-1.0
2015/03/25,802.0,804.0,794.0,804.0,2435000,-1.0,-1.0,-1.0
2015/03/26,806.0,806.0,790.0,796.0,3805000,-1.0,-1.0,-1.0
2015/03/27,790.0,802.0,780.0,786.0,3925000,-1.0,-1.0,-1.0
2015/03/30,788.0,788.0,778.0,784.0,3015000,-1.0,-1.0,-1.0
2015/03/31,792.0,792.0,758.0,760.0,6240000,-1.0,-1.0,-1.0
2015/04/01,762.0,774.0,754.0,764.0,4770000,-1.0,-1.0,-1.0
2015/04/02,768.0,804.0,766.0,796.0,4815000,-1.0,-1.0,-1.0
2015/04/03,790.0,794.0,770.0,778.0,2930000,-1.0,-1.0,-1.0
2015/04/06,778.0,780.0,768.0,778.0,1425000,-1.0,-1.0,-1.0
2015/04/07,778.0,800.0,778.0,790.0,1890000,-1.0,-1.0,-1.0
2015/04/08,794.0,802.0,788.0,796.0,2405000,-1.0,-1.0,-1.0
2015/04/09,800.0,806.0,792.0,800.0,3235000,-1.0,-1.0,-1.0
2015/04/10,800.0,814.0,794.0,806.0,3180000,-1.0,-1.0,-1.0
2015/04/13,806.0,806.0,784.0,790.0,1795000,-1.0,-1.0,-1.0
2015/04/14,786.0,802.0,786.0,802.0,1080000,-1.0,-1.0,-1.0
2015/04/15,794.0,802.0,788.0,790.0,1385000,-1.0,-1.0,-1.0
2015/04/16,790.0,824.0,790.0,824.0,4490000,-1.0,-1.0,-1.0
2015/04/17,818.0,836.0,816.0,830.0,4690000,-1.0,-1.0,-1.0
2015/04/20,828.0,838.0,814.0,824.0,2840000,-1.0,-1.0,-1.0
2015/04/21,824.0,842.0,822.0,830.0,3820000,-1.0,-1.0,-1.0
2015/04/22,832.0,850.0,832.0,850.0,5725000,-1.0,-1.0,-1.0
2015/04/23,852.0,858.0,832.0,838.0,4180000,-1.0,-1.0,-1.0
2015/04/24,838.0,840.0,824.0,830.0,2150000,-1.0,-1.0,-1.0
2015/04/27,828.0,832.0,818.0,826.0,1525000,-1.0,-1.0,-1.0
2015/04/28,828.0,832.0,820.0,826.0,1815000,-1.0,-1.0,-1.0
2015/04/30,818.0,824.0,798.0,808.0,5090000,-1.0,-1.0,-1.0
2015/05/01,800.0,806.0,784.0,794.0,3920000,-1.0,-1.0,-1.0
2015/05/07,798.0,812.0,792.0,802.0,3730000,-1.0,-1.0,-1.0
2015/05/08,804.0,814.0,802.0,812.0,1980000,-1.0,-1.0,-1.0
2015/05/11,814.0,856.0,814.0,840.0,6085000,-1.0,-1.0,-1.0
2015/05/12,844.0,886.0,844.0,884.0,7860000,-1.0,-1.0,-1.0
2015/05/13,876.0,886.0,866.0,874.0,4520000,-1.0,-1.0,-1.0
2015/05/14,868.0,878.0,854.0,860.0,3635000,-1.0,-1.0,-1.0
2015/05/15,862.0,872.0,844.0,868.0,4845000,-1.0,-1.0,-1.0
2015/05/18,864.0,884.0,856.0,882.0,4835000,-1.0,-1.0,-1.0
2015/05/19,882.0,896.0,880.0,888.0,3295000,-1.0,-1.0,-1.0
2015/05/20,888.0,888.0,870.0,880.0,4470000,-1.0,-1.0,-1.0
2015/05/21,876.0,886.0,868.0,880.0,3025000,-1.0,-1.0,-1.0
2015/05/22,884.0,884.0,872.0,882.0,1505000,-1.0,-1.0,-1.0
2015/05/25,882.0,894.0,874.0,880.0,1960000,-1.0,-1.0,-1.0
2015/05/26,878.0,880.0,868.0,878.0,1530000,-1.0,-1.0,-1.0
2015/05/27,870.0,880.0,858.0,874.0,2735000,-1.0,-1.0,-1.0
2015/05/28,874.0,888.0,868.0,888.0,2855000,-1.0,-1.0,-1.0
2015/05/29,888.0,896.0,884.0,896.0,3935000,-1.0,-1.0,-1.0
2015/06/01,896.0,896.0,884.0,896.0,2960000,-1.0,-1.0,-1.0
2015/06/02,898.0,898.0,872.0,876.0,4295000,-1.0,-1.0,-1.0
2015/06/03,878.0,884.0,872.0,880.0,3080000,-1.0,-1.0,-1.0
2015/06/04,884.0,906.0,880.0,900.0,4655000,-1.0,-1.0,-1.0
2015/06/05,894.0,902.0,892.0,898.0,3120000,-1.0,-1.0,-1.0
2015/06/08,910.0,930.0,898.0,902.0,4205000,-1.0,-1.0,-1.0
2015/06/09,896.0,906.0,884.0,892.0,3700000,-1.0,-1.0,-1.0
2015/06/10,900.0,904.0,882.0,886.0,3095000,-1.0,-1.0,-1.0
2015/06/11,884.0,900.0,884.0,890.0,2455000,-1.0,-1.0,-1.0
2015/06/12,892.0,896.0,882.0,894.0,4895000,-1.0,-1.0,-1.0
2015/06/15,888.0,896.0,884.0,896.0,2485000,-1.0,-1.0,-1.0
2015/06/16,892.0,892.0,870.0,874.0,3760000,-1.0,-1.0,-1.0
2015/06/17,882.0,892.0,882.0,888.0,4225000,-1.0,-1.0,-1.0
2015/06/18,886.0,886.0,868.0,872.0,3380000,-1.0,-1.0,-1.0
2015/06/19,870.0,884.0,870.0,876.0,3985000,-1.0,-1.0,-1.0
2015/06/22,884.0,910.0,882.0,910.0,3600000,-1.0,-1.0,-1.0
2015/06/23,918.0,938.0,916.0,924.0,4910000,-1.0,-1.0,-1.0
2015/06/24,930.0,934.0,920.0,928.0,3240000,-1.0,-1.0,-1.0
2015/06/25,916.0,920.0,902.0,908.0,2720000,-1.0,-1.0,-1.0
2015/06/26,906.0,910.0,888.0,910.0,3020000,-1.0,-1.0,-1.0
2015/06/29,882.0,894.0,878.0,886.0,3685000,-1.0,-1.0,-1.0
2015/06/30,884.0,898.0,876.0,894.0,4230000,-1.0,-1.0,-1.0
2015/07/01,890.0,900.0,886.0,894.0,2445000,-1.0,-1.0,-1.0
2015/07/02,904.0,906.0,892.0,894.0,2960000,-1.0,-1.0,-1.0
2015/07/03,894.0,910.0,892.0,898.0,3360000,-1.0,-1.0,-1.0
2015/07/06,878.0,892.0,876.0,878.0,2810000,-1.0,-1.0,-1.0
2015/07/07,892.0,910.0,892.0,906.0,4010000,-1.0,-1.0,-1.0
2015/07/08,898.0,900.0,868.0,868.0,5670000,-1.0,-1.0,-1.0
2015/07/09,858.0,858.0,832.0,848.0,5080000,-1.0,-1.0,-1.0
2015/07/10,854.0,870.0,850.0,852.0,3345000,-1.0,-1.0,-1.0
2015/07/13,858.0,878.0,858.0,876.0,1900000,-1.0,-1.0,-1.0
2015/07/14,886.0,892.0,882.0,888.0,2155000,-1.0,-1.0,-1.0
2015/07/15,892.0,906.0,886.0,906.0,3720000,-1.0,-1.0,-1.0
2015/07/16,908.0,924.0,906.0,924.0,3970000,-1.0,-1.0,-1.0
2015/07/17,924.0,924.0,912.0,922.0,2140000,-1.0,-1.0,-1.0
2015/07/21,922.0,924.0,916.0,924.0,1745000,-1.0,-1.0,-1.0
2015/07/22,914.0,916.0,908.0,910.0,1795000,-1.0,-1.0,-1.0
2015/07/23,910.0,914.0,908.0,914.0,1295000,-1.0,-1.0,-1.0
2015/07/24,908.0,918.0,886.0,890.0,2540000,-1.0,-1.0,-1.0
2015/07/27,886.0,886.0,870.0,876.0,2115000,-1.0,-1.0,-1.0
2015/07/28,862.0,882.0,856.0,876.0,2535000,-1.0,-1.0,-1.0
2015/07/29,884.0,884.0,868.0,878.0,1345000,-1.0,-1.0,-1.0
2015/07/30,882.0,890.0,876.0,884.0,1585000,-1.0,-1.0,-1.0
2015/07/31,886.0,890.0,880.0,888.0,1720000,-1.0,-1.0,-1.0
2015/08/03,886.0,894.0,876.0,892.0,1360000,-1.0,-1.0,-1.0
2015/08/04,896.0,898.0,888.0,896.0,2590000,-1.0,-1.0,-1.0
2015/08/05,892.0,914.0,890.0,904.0,3070000,-1.0,-1.0,-1.0
2015/08/06,910.0,918.0,900.0,908.0,2135000,-1.0,-1.0,-1.0
2015/08/07,900.0,912.0,896.0,904.0,1660000,-1.0,-1.0,-1.0
2015/08/10,904.0,918.0,894.0,918.0,1530000,-1.0,-1.0,-1.0
2015/08/11,920.0,920.0,906.0,918.0,2695000,-1.0,-1.0,-1.0
2015/08/12,912.0,912.0,894.0,906.0,2395000,-1.0,-1.0,-1.0
2015/08/13,904.0,906.0,890.0,896.0,2370000,-1.0,-1.0,-1.0
2015/08/14,898.0,914.0,898.0,912.0,2980000,-1.0,-1.0,-1.0
2015/08/17,916.0,924.0,904.0,922.0,3650000,-1.0,-1.0,-1.0
2015/08/18,928.0,930.0,920.0,928.0,3285000,-1.0,-1.0,-1.0
2015/08/19,920.0,928.0,918.0,918.0,3100000,-1.0,-1.0,-1.0
2015/08/20,918.0,920.0,894.0,896.0,3095000,-1.0,-1.0,-1.0
2015/08/21,876.0,880.0,850.0,852.0,3960000,-1.0,-1.0,-1.0
2015/08/24,826.0,834.0,790.0,794.0,5645000,-1.0,-1.0,-1.0
2015/08/25,744.0,788.0,738.0,752.0,5055000,-1.0,-1.0,-1.0
2015/08/26,752.0,778.0,748.0,776.0,3170000,-1.0,-1.0,-1.0
2015/08/27,794.0,808.0,782.0,794.0,3675000,-1.0,-1.0,-1.0
2015/08/28,824.0,844.0,812.0,842.0,3170000,-1.0,-1.0,-1.0
2015/08/31,838.0,862.0,824.0,860.0,4685000,-1.0,-1.0,-1.0
2015/09/01,858.0,862.0,838.0,838.0,4290000,-1.0,-1.0,-1.0
2015/09/02,822.0,858.0,808.0,832.0,4760000,-1.0,-1.0,-1.0
2015/09/03,832.0,842.0,818.0,822.0,2575000,-1.0,-1.0,-1.0
2015/09/04,830.0,832.0,806.0,816.0,3135000,-1.0,-1.0,-1.0
2015/09/07,804.0,834.0,794.0,820.0,2320000,-1.0,-1.0,-1.0
2015/09/08,820.0,828.0,810.0,812.0,1700000,-1.0,-1.0,-1.0
2015/09/09,838.0,856.0,838.0,856.0,2430000,-1.0,-1.0,-1.0
2015/09/10,836.0,846.0,828.0,838.0,2515000,-1.0,-1.0,-1.0
2015/09/11,822.0,866.0,822.0,864.0,4935000,-1.0,-1.0,-1.0
2015/09/14,866.0,872.0,854.0,866.0,2495000,-1.0,-1.0,-1.0
2015/09/15,868.0,890.0,862.0,876.0,2780000,-1.0,-1.0,-1.0
2015/09/16,886.0,894.0,872.0,888.0,2675000,-1.0,-1.0,-1.0
2015/09/17,894.0,896.0,874.0,886.0,2620000,-1.0,-1.0,-1.0
2015/09/18,888.0,888.0,860.0,870.0,4505000,-1.0,-1.0,-1.0
2015/09/24,844.0,870.0,844.0,848.0,3710000,-1.0,-1.0,-1.0
2015/09/25,860.0,882.0,852.0,880.0,2955000,-1.0,-1.0,-1.0
2015/09/28,900.0,942.0,892.0,924.0,10875000,-1.0,-1.0,-1.0
2015/09/29,916.0,934.0,912.0,926.0,6800000,-1.0,-1.0,-1.0
2015/09/30,934.0,958.0,934.0,940.0,6915000,-1.0,-1.0,-1.0
2015/10/01,946.0,976.0,940.0,970.0,5365000,-1.0,-1.0,-1.0
2015/10/02,974.0,976.0,956.0,976.0,4440000,-1.0,-1.0,-1.0
2015/10/05,982.0,988.0,960.0,966.0,3720000,-1.0,-1.0,-1.0
2015/10/06,976.0,990.0,966.0,974.0,4660000,-1.0,-1.0,-1.0
2015/10/07,974.0,980.0,948.0,962.0,5575000,-1.0,-1.0,-1.0
2015/10/08,954.0,958.0,928.0,936.0,6280000,-1.0,-1.0,-1.0
2015/10/09,944.0,944.0,914.0,938.0,5650000,-1.0,-1.0,-1.0
2015/10/13,924.0,928.0,912.0,916.0,4075000,-1.0,-1.0,-1.0
2015/10/14,912.0,914.0,890.0,904.0,4760000,-1.0,-1.0,-1.0
2015/10/15,908.0,930.0,906.0,926.0,3430000,-1.0,-1.0,-1.0
2015/10/16,928.0,956.0,928.0,936.0,3970000,-1.0,-1.0,-1.0
2015/10/19,938.0,948.0,924.0,940.0,3730000,-1.0,-1.0,-1.0
2015/10/20,948.0,948.0,926.0,932.0,2490000,-1.0,-1.0,-1.0
2015/10/21,926.0,948.0,912.0,946.0,3045000,-1.0,-1.0,-1.0
2015/10/22,934.0,948.0,932.0,936.0,2200000,-1.0,-1.0,-1.0
2015/10/23,952.0,954.0,934.0,940.0,2585000,-1.0,-1.0,-1.0
2015/10/26,944.0,948.0,930.0,940.0,2450000,-1.0,-1.0,-1.0
2015/10/27,944.0,946.0,928.0,928.0,2120000,-1.0,-1.0,-1.0
2015/10/28,936.0,936.0,914.0,922.0,2720000,-1.0,-1.0,-1.0
2015/10/29,934.0,944.0,926.0,936.0,8430000,-1.0,-1.0,-1.0
2015/10/30,942.0,960.0,934.0,946.0,3285000,-1.0,-1.0,-1.0
2015/11/02,936.0,942.0,912.0,916.0,2960000,-1.0,-1.0,-1.0
2015/11/04,932.0,934.0,910.0,912.0,2535000,-1.0,-1.0,-1.0
2015/11/05,912.0,934.0,912.0,928.0,2880000,-1.0,-1.0,-1.0
2015/11/06,936.0,952.0,936.0,942.0,2580000,-1.0,-1.0,-1.0
2015/11/09,948.0,978.0,948.0,972.0,4100000,-1.0,-1.0,-1.0
2015/11/10,958.0,976.0,954.0,966.0,2905000,-1.0,-1.0,-1.0
2015/11/11,964.0,980.0,960.0,976.0,1455000,-1.0,-1.0,-1.0
2015/11/12,978.0,990.0,974.0,974.0,2780000,-1.0,-1.0,-1.0
2015/11/13,972.0,984.0,962.0,984.0,3055000,-1.0,-1.0,-1.0
2015/11/16,978.0,1018.0,962.0,1012.0,5585000,-1.0,-1.0,-1.0
2015/11/17,1016.0,1020.0,996.0,1014.0,4370000,-1.0,-1.0,-1.0
2015/11/18,1018.0,1028.0,1016.0,1022.0,3765000,-1.0,-1.0,-1.0
2015/11/19,1028.0,1040.0,1018.0,1026.0,4860000,-1.0,-1.0,-1.0
2015/11/20,1030.0,1030.0,1018.0,1028.0,2265000,-1.0,-1.0,-1.0
2015/11/24,1018.0,1028.0,1012.0,1024.0,3085000,-1.0,-1.0,-1.0
2015/11/25,1036.0,1068.0,1028.0,1056.0,6035000,-1.0,-1.0,-1.0
2015/11/26,1044.0,1056.0,1032.0,1038.0,3905000,-1.0,-1.0,-1.0
2015/11/27,1038.0,1040.0,1022.0,1032.0,2860000,-1.0,-1.0,-1.0
2015/11/30,1026.0,1032.0,1010.0,1014.0,3440000,-1.0,-1.0,-1.0
2015/12/01,1020.0,1040.0,1020.0,1034.0,2965000,-1.0,-1.0,-1.0
2015/12/02,1040.0,1052.0,1032.0,1036.0,3025000,-1.0,-1.0,-1.0
2015/12/03,1028.0,1028.0,1014.0,1024.0,2875000,-1.0,-1.0,-1.0
2015/12/04,1004.0,1012.0,996.0,1004.0,3505000,-1.0,-1.0,-1.0
2015/12/07,1020.0,1026.0,1004.0,1006.0,3040000,-1.0,-1.0,-1.0
2015/12/08,1006.0,1008.0,982.0,990.0,3435000,-1.0,-1.0,-1.0
2015/12/09,980.0,992.0,970.0,980.0,3530000,-1.0,-1.0,-1.0
2015/12/10,966.0,976.0,956.0,968.0,3470000,-1.0,-1.0,-1.0
2015/12/11,952.0,972.0,952.0,964.0,3515000,-1.0,-1.0,-1.0
2015/12/14,944.0,958.0,940.0,954.0,2115000,-1.0,-1.0,-1.0
2015/12/15,956.0,960.0,942.0,944.0,3030000,-1.0,-1.0,-1.0
2015/12/16,952.0,962.0,946.0,960.0,3150000,-1.0,-1.0,-1.0
2015/12/17,976.0,984.0,964.0,980.0,3925000,-1.0,-1.0,-1.0
2015/12/18,980.0,994.0,956.0,956.0,4255000,-1.0,-1.0,-1.0
2015/12/21,946.0,958.0,934.0,946.0,3515000,-1.0,-1.0,-1.0
2015/12/22,950.0,958.0,936.0,954.0,2785000,-1.0,-1.0,-1.0
2015/12/24,960.0,960.0,940.0,940.0,1910000,-1.0,-1.0,-1.0
2015/12/25,940.0,940.0,932.0,938.0,970000,-1.0,-1.0,-1.0
2015/12/28,936.0,948.0,936.0,946.0,1380000,-1.0,-1.0,-1.0
2015/12/29,952.0,990.0,940.0,986.0,3785000,-1.0,-1.0,-1.0
2015/12/30,992.0,992.0,972.0,980.0,2160000,-1.0,-1.0,-1.0
2016/01/04,966.0,972.0,942.0,944.0,2825000,-1.0,-1.0,-1.0
2016/01/05,946.0,966.0,936.0,954.0,2480000,-1.0,-1.0,-1.0
2016/01/06,958.0,962.0,938.0,946.0,2410000,-1.0,-1.0,-1.0
2016/01/07,940.0,952.0,918.0,922.0,3195000,-1.0,-1.0,-1.0
2016/01/08,916.0,926.0,900.0,904.0,2535000,-1.0,-1.0,-1.0
2016/01/12,894.0,900.0,876.0,876.0,2875000,-1.0,-1.0,-1.0
2016/01/13,884.0,902.0,884.0,898.0,2920000,-1.0,-1.0,-1.0
2016/01/14,878.0,886.0,858.0,882.0,2980000,-1.0,-1.0,-1.0
2016/01/15,894.0,894.0,868.0,876.0,2025000,-1.0,-1.0,-1.0
2016/01/18,860.0,862.0,844.0,858.0,2845000,-1.0,-1.0,-1.0
2016/01/19,856.0,866.0,842.0,850.0,3145000,-1.0,-1.0,-1.0
2016/01/20,850.0,850.0,818.0,818.0,3865000,-1.0,-1.0,-1.0
2016/01/21,816.0,836.0,792.0,792.0,2910000,-1.0,-1.0,-1.0
2016/01/22,820.0,834.0,798.0,834.0,3640000,-1.0,-1.0,-1.0
2016/01/25,840.0,844.0,824.0,832.0,2850000,-1.0,-1.0,-1.0
2016/01/26,820.0,826.0,802.0,812.0,2790000,-1.0,-1.0,-1.0
2016/01/27,834.0,848.0,830.0,846.0,4045000,-1.0,-1.0,-1.0
2016/01/28,842.0,850.0,834.0,836.0,2315000,-1.0,-1.0,-1.0
2016/01/29,846.0,860.0,800.0,836.0,4735000,-1.0,-1.0,-1.0
2016/02/01,848.0,852.0,786.0,794.0,5370000,-1.0,-1.0,-1.0
2016/02/02,792.0,836.0,790.0,802.0,5305000,-1.0,-1.0,-1.0
2016/02/03,790.0,790.0,768.0,774.0,3880000,-1.0,-1.0,-1.0
2016/02/04,768.0,780.0,762.0,762.0,3130000,-1.0,-1.0,-1.0
2016/02/05,760.0,768.0,742.0,746.0,2680000,-1.0,-1.0,-1.0
2016/02/08,778.0,778.0,744.0,756.0,4335000,-1.0,-1.0,-1.0
2016/02/09,724.0,724.0,696.0,716.0,5045000,-1.0,-1.0,-1.0
2016/02/10,718.0,726.0,676.0,688.0,5955000,-1.0,-1.0,-1.0
2016/02/12,662.0,680.0,648.0,652.0,6150000,-1.0,-1.0,-1.0
2016/02/15,688.0,706.0,678.0,700.0,3200000,-1.0,-1.0,-1.0
2016/02/16,698.0,720.0,692.0,700.0,4045000,-1.0,-1.0,-1.0
2016/02/17,706.0,716.0,686.0,698.0,3055000,-1.0,-1.0,-1.0
2016/02/18,720.0,730.0,702.0,712.0,3675000,-1.0,-1.0,-1.0
2016/02/19,706.0,712.0,692.0,696.0,2385000,-1.0,-1.0,-1.0
2016/02/22,688.0,696.0,682.0,686.0,1265000,-1.0,-1.0,-1.0
2016/02/23,700.0,706.0,680.0,682.0,1725000,-1.0,-1.0,-1.0
2016/02/24,676.0,706.0,672.0,682.0,2835000,-1.0,-1.0,-1.0
2016/02/25,688.0,718.0,688.0,702.0,2630000,-1.0,-1.0,-1.0
2016/02/26,710.0,714.0,688.0,692.0,2435000,-1.0,-1.0,-1.0
2016/02/29,704.0,718.0,704.0,704.0,3595000,-1.0,-1.0,-1.0
2016/03/01,702.0,706.0,680.0,688.0,4200000,-1.0,-1.0,-1.0
2016/03/02,696.0,704.0,694.0,700.0,3735000,-1.0,-1.0,-1.0
2016/03/03,700.0,726.0,698.0,706.0,4965000,-1.0,-1.0,-1.0
2016/03/04,712.0,724.0,700.0,720.0,3440000,-1.0,-1.0,-1.0
2016/03/07,724.0,734.0,722.0,730.0,1840000,-1.0,-1.0,-1.0
2016/03/08,726.0,732.0,704.0,714.0,2630000,-1.0,-1.0,-1.0
2016/03/09,700.0,702.0,686.0,692.0,2245000,-1.0,-1.0,-1.0
2016/03/10,698.0,712.0,692.0,704.0,2410000,-1.0,-1.0,-1.0
2016/03/11,696.0,722.0,696.0,718.0,3835000,-1.0,-1.0,-1.0
2016/03/14,726.0,744.0,726.0,736.0,2640000,-1.0,-1.0,-1.0
2016/03/15,734.0,748.0,726.0,744.0,3095000,-1.0,-1.0,-1.0
2016/03/16,734.0,740.0,714.0,716.0,2675000,-1.0,-1.0,-1.0
2016/03/17,718.0,730.0,714.0,722.0,2490000,-1.0,-1.0,-1.0
2016/03/18,728.0,734.0,700.0,712.0,3545000,-1.0,-1.0,-1.0
2016/03/22,712.0,722.0,700.0,716.0,2795000,-1.0,-1.0,-1.0
2016/03/23,716.0,724.0,700.0,706.0,2765000,-1.0,-1.0,-1.0
2016/03/24,700.0,704.0,680.0,680.0,3950000,-1.0,-1.0,-1.0
2016/03/25,680.0,688.0,668.0,686.0,3900000,-1.0,-1.0,-1.0
2016/03/28,694.0,702.0,688.0,700.0,3080000,-1.0,-1.0,-1.0
2016/03/29,690.0,704.0,690.0,700.0,2075000,-1.0,-1.0,-1.0
2016/03/30,700.0,700.0,680.0,684.0,1875000,-1.0,-1.0,-1.0
2016/03/31,684.0,702.0,680.0,680.0,2580000,-1.0,-1.0,-1.0
2016/04/01,684.0,684.0,650.0,654.0,3580000,-1.0,-1.0,-1.0
2016/04/04,658.0,678.0,650.0,662.0,3175000,-1.0,-1.0,-1.0
2016/04/05,656.0,656.0,636.0,638.0,2820000,-1.0,-1.0,-1.0
2016/04/06,636.0,644.0,628.0,630.0,2095000,-1.0,-1.0,-1.0
2016/04/07,632.0,644.0,628.0,638.0,2435000,-1.0,-1.0,-1.0
2016/04/08,622.0,654.0,612.0,642.0,4405000,-1.0,-1.0,-1.0
2016/04/11,632.0,636.0,620.0,628.0,2405000,-1.0,-1.0,-1.0
2016/04/12,632.0,660.0,630.0,656.0,2960000,-1.0,-1.0,-1.0
2016/04/13,660.0,674.0,656.0,674.0,2050000,-1.0,-1.0,-1.0
2016/04/14,686.0,698.0,678.0,698.0,2565000,-1.0,-1.0,-1.0
2016/04/15,686.0,700.0,682.0,694.0,2535000,-1.0,-1.0,-1.0
2016/04/18,662.0,670.0,658.0,662.0,2910000,-1.0,-1.0,-1.0
2016/04/19,686.0,700.0,682.0,694.0,2405000,-1.0,-1.0,-1.0
2016/04/20,700.0,704.0,682.0,688.0,2255000,-1.0,-1.0,-1.0
2016/04/21,708.0,708.0,690.0,700.0,1890000,-1.0,-1.0,-1.0
2016/04/22,702.0,728.0,696.0,726.0,3935000,-1.0,-1.0,-1.0
2016/04/25,726.0,732.0,694.0,732.0,1860000,-1.0,-1.0,-1.0
2016/04/26,726.0,730.0,708.0,720.0,2710000,-1.0,-1.0,-1.0
2016/04/27,726.0,736.0,718.0,730.0,2540000,-1.0,-1.0,-1.0
2016/04/28,742.0,748.0,676.0,680.0,4030000,-1.0,-1.0,-1.0
2016/05/02,650.0,660.0,636.0,646.0,3915000,-1.0,-1.0,-1.0
2016/05/06,658.0,664.0,638.0,646.0,3175000,-1.0,-1.0,-1.0
2016/05/09,650.0,658.0,644.0,652.0,1595000,-1.0,-1.0,-1.0
2016/05/10,652.0,678.0,646.0,666.0,2520000,-1.0,-1.0,-1.0
2016/05/11,676.0,680.0,664.0,668.0,1390000,-1.0,-1.0,-1.0
2016/05/12,662.0,672.0,658.0,664.0,1635000,-1.0,-1.0,-1.0
2016/05/13,658.0,664.0,636.0,646.0,2565000,-1.0,-1.0,-1.0
2016/05/16,636.0,648.0,620.0,624.0,2820000,-1.0,-1.0,-1.0
2016/05/17,626.0,638.0,618.0,636.0,3115000,-1.0,-1.0,-1.0
2016/05/18,638.0,658.0,636.0,652.0,4430000,-1.0,-1.0,-1.0
2016/05/19,664.0,668.0,658.0,662.0,2945000,-1.0,-1.0,-1.0
2016/05/20,662.0,672.0,660.0,670.0,2345000,-1.0,-1.0,-1.0
2016/05/23,638.0,644.0,618.0,628.0,11395000,-1.0,-1.0,-1.0
2016/05/24,626.0,628.0,620.0,622.0,4575000,-1.0,-1.0,-1.0
2016/05/25,632.0,634.0,622.0,626.0,3350000,-1.0,-1.0,-1.0
2016/05/26,632.0,634.0,624.0,630.0,3685000,-1.0,-1.0,-1.0
2016/05/27,630.0,634.0,626.0,632.0,2360000,-1.0,-1.0,-1.0
2016/05/30,636.0,648.0,628.0,646.0,3355000,-1.0,-1.0,-1.0
2016/05/31,642.0,652.0,640.0,650.0,3590000,-1.0,-1.0,-1.0
2016/06/01,648.0,654.0,640.0,648.0,4185000,-1.0,-1.0,-1.0
2016/06/02,642.0,642.0,626.0,628.0,2870000,-1.0,-1.0,-1.0
2016/06/03,624.0,632.0,624.0,630.0,2325000,-1.0,-1.0,-1.0
2016/06/06,618.0,626.0,612.0,626.0,3210000,-1.0,-1.0,-1.0
2016/06/07,624.0,630.0,622.0,626.0,2145000,-1.0,-1.0,-1.0
2016/06/08,624.0,636.0,618.0,634.0,2445000,-1.0,-1.0,-1.0
2016/06/09,634.0,634.0,620.0,620.0,2355000,-1.0,-1.0,-1.0
2016/06/10,618.0,620.0,606.0,614.0,4565000,-1.0,-1.0,-1.0
2016/06/13,602.0,602.0,584.0,588.0,3720000,-1.0,-1.0,-1.0
2016/06/14,588.0,588.0,570.0,578.0,3020000,-1.0,-1.0,-1.0
2016/06/15,572.0,588.0,572.0,582.0,3260000,-1.0,-1.0,-1.0
2016/06/16,586.0,586.0,570.0,572.0,4170000,-1.0,-1.0,-1.0
2016/06/17,580.0,590.0,578.0,586.0,5335000,-1.0,-1.0,-1.0
2016/06/20,596.0,604.0,594.0,600.0,2465000,-1.0,-1.0,-1.0
2016/06/21,592.0,604.0,580.0,600.0,2685000,-1.0,-1.0,-1.0
2016/06/22,600.0,600.0,590.0,598.0,1835000,-1.0,-1.0,-1.0
2016/06/23,604.0,620.0,596.0,616.0,2290000,-1.0,-1.0,-1.0
2016/06/24,616.0,622.0,554.0,560.0,4120000,-1.0,-1.0,-1.0
2016/06/27,566.0,568.0,554.0,560.0,1630000,-1.0,-1.0,-1.0
2016/06/28,556.0,568.0,542.0,556.0,3965000,-1.0,-1.0,-1.0
2016/06/29,562.0,566.0,554.0,562.0,2885000,-1.0,-1.0,-1.0
2016/06/30,568.0,576.0,564.0,564.0,2190000,-1.0,-1.0,-1.0
2016/07/01,576.0,584.0,568.0,576.0,3415000,-1.0,-1.0,-1.0
2016/07/04,578.0,578.0,568.0,570.0,2595000,-1.0,-1.0,-1.0
2016/07/05,560.0,564.0,554.0,558.0,2000000,-1.0,-1.0,-1.0
2016/07/06,550.0,550.0,532.0,540.0,3280000,-1.0,-1.0,-1.0
2016/07/07,538.0,550.0,536.0,544.0,1835000,-1.0,-1.0,-1.0
2016/07/08,550.0,550.0,538.0,538.0,2355000,-1.0,-1.0,-1.0
2016/07/11,550.0,586.0,550.0,580.0,3145000,-1.0,-1.0,-1.0
2016/07/12,596.0,620.0,596.0,610.0,3085000,-1.0,-1.0,-1.0
2016/07/13,626.0,630.0,616.0,620.0,3235000,-1.0,-1.0,-1.0
2016/07/14,618.0,620.0,608.0,614.0,1715000,-1.0,-1.0,-1.0
2016/07/15,620.0,638.0,618.0,630.0,4300000,-1.0,-1.0,-1.0
2016/07/19,626.0,628.0,616.0,626.0,2920000,-1.0,-1.0,-1.0
2016/07/20,630.0,630.0,608.0,618.0,2950000,-1.0,-1.0,-1.0
2016/07/21,628.0,632.0,614.0,622.0,1985000,-1.0,-1.0,-1.0
2016/07/22,614.0,624.0,610.0,614.0,1645000,-1.0,-1.0,-1.0
2016/07/25,624.0,626.0,616.0,620.0,1760000,-1.0,-1.0,-1.0
2016/07/26,634.0,652.0,628.0,646.0,6755000,-1.0,-1.0,-1.0
2016/07/27,650.0,670.0,648.0,658.0,4545000,-1.0,-1.0,-1.0
2016/07/28,652.0,652.0,636.0,638.0,2080000,-1.0,-1.0,-1.0
2016/07/29,640.0,684.0,630.0,682.0,3660000,-1.0,-1.0,-1.0
2016/08/01,676.0,690.0,658.0,686.0,3790000,-1.0,-1.0,-1.0
2016/08/02,676.0,678.0,658.0,664.0,2405000,-1.0,-1.0,-1.0
2016/08/03,642.0,652.0,628.0,632.0,2635000,-1.0,-1.0,-1.0
2016/08/04,632.0,652.0,624.0,652.0,2625000,-1.0,-1.0,-1.0
2016/08/05,654.0,660.0,640.0,646.0,1210000,-1.0,-1.0,-1.0
2016/08/08,678.0,692.0,672.0,692.0,3480000,-1.0,-1.0,-1.0
2016/08/09,680.0,696.0,680.0,696.0,2075000,-1.0,-1.0,-1.0
2016/08/10,690.0,692.0,678.0,684.0,2115000,-1.0,-1.0,-1.0
2016/08/12,696.0,696.0,660.0,670.0,2655000,-1.0,-1.0,-1.0
2016/08/15,670.0,682.0,660.0,664.0,1115000,-1.0,-1.0,-1.0
2016/08/16,668.0,672.0,654.0,656.0,1920000,-1.0,-1.0,-1.0
2016/08/17,654.0,676.0,650.0,674.0,1930000,-1.0,-1.0,-1.0
2016/08/18,664.0,690.0,662.0,678.0,3410000,-1.0,-1.0,-1.0
2016/08/19,680.0,680.0,670.0,674.0,1985000,-1.0,-1.0,-1.0
2016/08/22,676.0,676.0,662.0,672.0,1560000,-1.0,-1.0,-1.0
2016/08/23,672.0,672.0,646.0,654.0,1565000,-1.0,-1.0,-1.0
2016/08/24,658.0,666.0,658.0,660.0,670000,-1.0,-1.0,-1.0
2016/08/25,660.0,660.0,652.0,660.0,1115000,-1.0,-1.0,-1.0
2016/08/26,652.0,658.0,650.0,654.0,1025000,-1.0,-1.0,-1.0
2016/08/29,672.0,672.0,660.0,668.0,1735000,-1.0,-1.0,-1.0
2016/08/30,666.0,698.0,666.0,694.0,3510000,-1.0,-1.0,-1.0
2016/08/31,698.0,706.0,690.0,706.0,2340000,-1.0,-1.0,-1.0
2016/09/01,704.0,726.0,702.0,720.0,3145000,-1.0,-1.0,-1.0
2016/09/02,720.0,722.0,706.0,720.0,2285000,-1.0,-1.0,-1.0
2016/09/05,720.0,728.0,706.0,706.0,1795000,-1.0,-1.0,-1.0
2016/09/06,712.0,714.0,704.0,710.0,1090000,-1.0,-1.0,-1.0
2016/09/07,702.0,712.0,694.0,710.0,1805000,-1.0,-1.0,-1.0
2016/09/08,706.0,714.0,704.0,710.0,1250000,-1.0,-1.0,-1.0
2016/09/09,706.0,712.0,696.0,700.0,2335000,-1.0,-1.0,-1.0
2016/09/12,690.0,696.0,678.0,684.0,2285000,-1.0,-1.0,-1.0
2016/09/13,686.0,690.0,678.0,686.0,2300000,-1.0,-1.0,-1.0
2016/09/14,678.0,684.0,670.0,680.0,2085000,-1.0,-1.0,-1.0
2016/09/15,670.0,674.0,652.0,670.0,4390000,-1.0,-1.0,-1.0
2016/09/16,674.0,706.0,664.0,698.0,5735000,-1.0,-1.0,-1.0
2016/09/20,692.0,712.0,688.0,698.0,4730000,-1.0,-1.0,-1.0
2016/09/21,700.0,754.0,678.0,746.0,4635000,-1.0,-1.0,-1.0
2016/09/23,732.0,734.0,712.0,730.0,3275000,-1.0,-1.0,-1.0
2016/09/26,720.0,730.0,704.0,710.0,1770000,-1.0,-1.0,-1.0
2016/09/27,694.0,704.0,668.0,704.0,3840000,-1.0,-1.0,-1.0
2016/09/28,702.0,702.0,674.0,686.0,2635000,-1.0,-1.0,-1.0
2016/09/29,692.0,702.0,688.0,700.0,1915000,-1.0,-1.0,-1.0
2016/09/30,686.0,686.0,666.0,670.0,3235000,-1.0,-1.0,-1.0
2016/10/03,678.0,680.0,662.0,674.0,2455000,-1.0,-1.0,-1.0
2016/10/04,668.0,688.0,668.0,684.0,2525000,-1.0,-1.0,-1.0
2016/10/05,684.0,698.0,680.0,694.0,2640000,-1.0,-1.0,-1.0
2016/10/06,700.0,712.0,696.0,700.0,2580000,-1.0,-1.0,-1.0
2016/10/07,700.0,706.0,690.0,698.0,1430000,-1.0,-1.0,-1.0
2016/10/11,698.0,708.0,696.0,698.0,1165000,-1.0,-1.0,-1.0
2016/10/12,688.0,700.0,684.0,692.0,1615000,-1.0,-1.0,-1.0
2016/10/13,694.0,704.0,684.0,696.0,1370000,-1.0,-1.0,-1.0
2016/10/14,696.0,710.0,696.0,708.0,1715000,-1.0,-1.0,-1.0
2016/10/17,708.0,716.0,706.0,710.0,1680000,-1.0,-1.0,-1.0
2016/10/18,710.0,716.0,708.0,716.0,2045000,-1.0,-1.0,-1.0
2016/10/19,716.0,722.0,712.0,714.0,2305000,-1.0,-1.0,-1.0
2016/10/20,718.0,728.0,690.0,728.0,2665000,-1.0,-1.0,-1.0
2016/10/21,726.0,736.0,722.0,732.0,2245000,-1.0,-1.0,-1.0
2016/10/24,738.0,738.0,728.0,732.0,1255000,-1.0,-1.0,-1.0
2016/10/25,734.0,750.0,734.0,740.0,2175000,-1.0,-1.0,-1.0
2016/10/26,742.0,744.0,728.0,734.0,1735000,-1.0,-1.0,-1.0
2016/10/27,734.0,742.0,730.0,740.0,1840000,-1.0,-1.0,-1.0
2016/10/28,750.0,762.0,746.0,756.0,3470000,-1.0,-1.0,-1.0
2016/10/31,752.0,758.0,746.0,752.0,2935000,-1.0,-1.0,-1.0
2016/11/01,754.0,756.0,746.0,752.0,2040000,-1.0,-1.0,-1.0
2016/11/02,746.0,746.0,732.0,736.0,1485000,-1.0,-1.0,-1.0
2016/11/04,732.0,732.0,720.0,728.0,2515000,-1.0,-1.0,-1.0
2016/11/07,742.0,748.0,736.0,740.0,1500000,-1.0,-1.0,-1.0
2016/11/08,740.0,752.0,740.0,744.0,1545000,-1.0,-1.0,-1.0
2016/11/09,750.0,756.0,692.0,698.0,3820000,-1.0,-1.0,-1.0
2016/11/10,738.0,760.0,738.0,760.0,3460000,-1.0,-1.0,-1.0
2016/11/11,764.0,786.0,740.0,754.0,2890000,-1.0,-1.0,-1.0
2016/11/14,770.0,798.0,770.0,798.0,3370000,-1.0,-1.0,-1.0
2016/11/15,794.0,804.0,778.0,786.0,3620000,-1.0,-1.0,-1.0
2016/11/16,800.0,820.0,792.0,820.0,4730000,-1.0,-1.0,-1.0
2016/11/17,810.0,826.0,800.0,826.0,3410000,-1.0,-1.0,-1.0
2016/11/18,836.0,836.0,822.0,826.0,3205000,-1.0,-1.0,-1.0
2016/11/21,830.0,838.0,828.0,838.0,2540000,-1.0,-1.0,-1.0
2016/11/22,836.0,836.0,828.0,834.0,2515000,-1.0,-1.0,-1.0
2016/11/24,842.0,844.0,818.0,824.0,2145000,-1.0,-1.0,-1.0
2016/11/25,824.0,828.0,812.0,820.0,2480000,-1.0,-1.0,-1.0
2016/11/28,820.0,836.0,816.0,834.0,2070000,-1.0,-1.0,-1.0
2016/11/29,820.0,824.0,816.0,824.0,1780000,-1.0,-1.0,-1.0
2016/11/30,826.0,830.0,820.0,822.0,1850000,-1.0,-1.0,-1.0
2016/12/01,834.0,846.0,828.0,830.0,2700000,-1.0,-1.0,-1.0
2016/12/02,832.0,850.0,832.0,844.0,3305000,-1.0,-1.0,-1.0
2016/12/05,828.0,836.0,820.0,832.0,2560000,-1.0,-1.0,-1.0
2016/12/06,844.0,852.0,840.0,846.0,2530000,-1.0,-1.0,-1.0
2016/12/07,848.0,878.0,848.0,874.0,2795000,-1.0,-1.0,-1.0
2016/12/08,884.0,896.0,874.0,896.0,3340000,-1.0,-1.0,-1.0
2016/12/09,894.0,914.0,890.0,914.0,5130000,-1.0,-1.0,-1.0
2016/12/12,916.0,928.0,888.0,902.0,2870000,-1.0,-1.0,-1.0
2016/12/13,902.0,916.0,898.0,914.0,2895000,-1.0,-1.0,-1.0
2016/12/14,918.0,918.0,906.0,916.0,2435000,-1.0,-1.0,-1.0
2016/12/15,922.0,934.0,914.0,930.0,2780000,-1.0,-1.0,-1.0
2016/12/16,936.0,956.0,934.0,950.0,6440000,-1.0,-1.0,-1.0
2016/12/19,954.0,956.0,934.0,940.0,2265000,-1.0,-1.0,-1.0
2016/12/20,930.0,938.0,924.0,938.0,2115000,-1.0,-1.0,-1.0
2016/12/21,940.0,944.0,926.0,932.0,2510000,-1.0,-1.0,-1.0
2016/12/22,932.0,932.0,920.0,926.0,1695000,-1.0,-1.0,-1.0
2016/12/26,926.0,926.0,910.0,912.0,1725000,-1.0,-1.0,-1.0
2016/12/27,912.0,926.0,908.0,918.0,1510000,-1.0,-1.0,-1.0
2016/12/28,918.0,922.0,912.0,920.0,985000,-1.0,-1.0,-1.0
2016/12/29,916.0,916.0,904.0,912.0,1935000,-1.0,-1.0,-1.0
2016/12/30,904.0,910.0,896.0,910.0,2125000,-1.0,-1.0,-1.0
2017/01/04,916.0,946.0,916.0,946.0,2790000,-1.0,-1.0,-1.0
2017/01/05,950.0,954.0,928.0,936.0,2820000,-1.0,-1.0,-1.0
2017/01/06,920.0,938.0,916.0,936.0,2095000,-1.0,-1.0,-1.0
2017/01/10,930.0,932.0,918.0,922.0,1665000,-1.0,-1.0,-1.0
2017/01/11,920.0,928.0,920.0,926.0,1240000,-1.0,-1.0,-1.0
2017/01/12,916.0,918.0,900.0,914.0,2165000,-1.0,-1.0,-1.0
2017/01/13,898.0,918.0,898.0,916.0,1820000,-1.0,-1.0,-1.0
2017/01/16,914.0,914.0,898.0,902.0,1255000,-1.0,-1.0,-1.0
2017/01/17,896.0,896.0,880.0,886.0,2315000,-1.0,-1.0,-1.0
2017/01/18,876.0,884.0,866.0,884.0,2790000,-1.0,-1.0,-1.0
2017/01/19,900.0,912.0,892.0,904.0,2280000,-1.0,-1.0,-1.0
2017/01/20,908.0,914.0,900.0,908.0,1815000,-1.0,-1.0,-1.0
2017/01/23,894.0,898.0,888.0,888.0,1020000,-1.0,-1.0,-1.0
2017/01/24,880.0,880.0,862.0,868.0,2560000,-1.0,-1.0,-1.0
2017/01/25,882.0,890.0,876.0,878.0,1210000,-1.0,-1.0,-1.0
2017/01/26,886.0,896.0,884.0,894.0,2770000,-1.0,-1.0,-1.0
2017/01/27,900.0,906.0,898.0,900.0,1660000,-1.0,-1.0,-1.0
2017/01/30,898.0,902.0,884.0,896.0,1395000,-1.0,-1.0,-1.0
2017/01/31,880.0,886.0,872.0,874.0,1715000,-1.0,-1.0,-1.0
2017/02/01,862.0,890.0,862.0,886.0,2155000,-1.0,-1.0,-1.0
2017/02/02,896.0,898.0,862.0,868.0,2655000,-1.0,-1.0,-1.0
2017/02/03,868.0,914.0,864.0,906.0,3325000,-1.0,-1.0,-1.0
2017/02/06,918.0,926.0,906.0,906.0,1540000,-1.0,-1.0,-1.0
2017/02/07,896.0,912.0,892.0,904.0,1620000,-1.0,-1.0,-1.0
2017/02/08,902.0,912.0,900.0,910.0,1165000,-1.0,-1.0,-1.0
2017/02/09,900.0,904.0,896.0,898.0,930000,-1.0,-1.0,-1.0
2017/02/10,908.0,936.0,908.0,936.0,1940000,-1.0,-1.0,-1.0
2017/02/13,940.0,940.0,898.0,902.0,3500000,-1.0,-1.0,-1.0
2017/02/14,910.0,916.0,890.0,890.0,2245000,-1.0,-1.0,-1.0
2017/02/15,906.0,914.0,902.0,908.0,1680000,-1.0,-1.0,-1.0
2017/02/16,908.0,920.0,904.0,912.0,1865000,-1.0,-1.0,-1.0
2017/02/17,906.0,910.0,900.0,904.0,1950000,-1.0,-1.0,-1.0
2017/02/20,898.0,906.0,892.0,906.0,1740000,-1.0,-1.0,-1.0
2017/02/21,810.0,816.0,802.0,808.0,19670000,-1.0,-1.0,-1.0
2017/02/22,802.0,804.0,798.0,804.0,8695000,-1.0,-1.0,-1.0
2017/02/23,800.0,800.0,782.0,786.0,10955000,-1.0,-1.0,-1.0
2017/02/24,782.0,782.0,764.0,768.0,16150000,-1.0,-1.0,-1.0
2017/02/27,746.0,756.0,734.0,738.0,20615000,-1.0,-1.0,-1.0
2017/02/28,738.0,754.0,736.0,736.0,20120000,-1.0,-1.0,-1.0
2017/03/01,738.0,738.0,706.0,710.0,75370000,-1.0,-1.0,-1.0
2017/03/02,702.0,704.0,694.0,698.0,78230000,-1.0,-1.0,-1.0
2017/03/03,698.0,700.0,688.0,688.0,42475000,-1.0,-1.0,-1.0
2017/03/06,688.0,694.0,684.0,692.0,27630000,-1.0,-1.0,-1.0
2017/03/07,690.0,692.0,688.0,692.0,16330000,-1.0,-1.0,-1.0
2017/03/08,690.0,692.0,686.0,688.0,34525000,-1.0,-1.0,-1.0
2017/03/09,692.0,706.0,688.0,688.0,175540000,-1.0,-1.0,-1.0
2017/03/10,694.0,696.0,690.0,696.0,36490000,-1.0,-1.0,-1.0
2017/03/13,696.0,698.0,692.0,696.0,15300000,-1.0,-1.0,-1.0
2017/03/14,694.0,696.0,690.0,692.0,10420000,-1.0,-1.0,-1.0
2017/03/15,692.0,696.0,690.0,694.0,14115000,-1.0,-1.0,-1.0
2017/03/16,690.0,692.0,680.0,688.0,25585000,-1.0,-1.0,-1.0
2017/03/17,690.0,696.0,688.0,690.0,16850000,-1.0,-1.0,-1.0
2017/03/21,692.0,696.0,688.0,688.0,18920000,-1.0,-1.0,-1.0
2017/03/22,684.0,684.0,670.0,672.0,22985000,-1.0,-1.0,-1.0
2017/03/23,670.0,670.0,660.0,662.0,14455000,-1.0,-1.0,-1.0
2017/03/24,662.0,678.0,662.0,674.0,8620000,-1.0,-1.0,-1.0
2017/03/27,670.0,676.0,662.0,676.0,12555000,-1.0,-1.0,-1.0
2017/03/28,678.0,680.0,674.0,680.0,11775000,-1.0,-1.0,-1.0
2017/03/29,674.0,678.0,668.0,674.0,9850000,-1.0,-1.0,-1.0
2017/03/30,668.0,672.0,664.0,670.0,17910000,-1.0,-1.0,-1.0
2017/03/31,674.0,676.0,662.0,662.0,16615000,-1.0,-1.0,-1.0
2017/04/03,662.0,662.0,648.0,652.0,12230000,-1.0,-1.0,-1.0
2017/04/04,648.0,648.0,628.0,630.0,22445000,-1.0,-1.0,-1.0
2017/04/05,634.0,636.0,620.0,624.0,11565000,-1.0,-1.0,-1.0
2017/04/06,620.0,622.0,612.0,618.0,12440000,-1.0,-1.0,-1.0
2017/04/07,618.0,630.0,616.0,618.0,11395000,-1.0,-1.0,-1.0
2017/04/10,620.0,630.0,620.0,626.0,6410000,-1.0,-1.0,-1.0
2017/04/11,622.0,628.0,620.0,626.0,6380000,-1.0,-1.0,-1.0
2017/04/12,620.0,624.0,618.0,622.0,7395000,-1.0,-1.0,-1.0
2017/04/13,616.0,620.0,612.0,618.0,6620000,-1.0,-1.0,-1.0
2017/04/14,614.0,620.0,608.0,618.0,9465000,-1.0,-1.0,-1.0
2017/04/17,612.0,616.0,610.0,614.0,11180000,-1.0,-1.0,-1.0
2017/04/18,620.0,630.0,620.0,624.0,7225000,-1.0,-1.0,-1.0
2017/04/19,618.0,630.0,614.0,626.0,10615000,-1.0,-1.0,-1.0
2017/04/20,626.0,642.0,626.0,636.0,8295000,-1.0,-1.0,-1.0
2017/04/21,644.0,646.0,634.0,640.0,7390000,-1.0,-1.0,-1.0
2017/04/24,646.0,652.0,642.0,648.0,4490000,-1.0,-1.0,-1.0
2017/04/25,646.0,654.0,644.0,652.0,8180000,-1.0,-1.0,-1.0
2017/04/26,656.0,664.0,654.0,662.0,6585000,-1.0,-1.0,-1.0
2017/04/27,660.0,664.0,658.0,664.0,4955000,-1.0,-1.0,-1.0
2017/04/28,660.0,664.0,646.0,650.0,7940000,-1.0,-1.0,-1.0
2017/05/01,650.0,654.0,642.0,652.0,4285000,-1.0,-1.0,-1.0
2017/05/02,656.0,666.0,654.0,664.0,8465000,-1.0,-1.0,-1.0
2017/05/08,668.0,674.0,666.0,670.0,9070000,-1.0,-1.0,-1.0
2017/05/09,672.0,674.0,668.0,672.0,4330000,-1.0,-1.0,-1.0
2017/05/10,674.0,676.0,670.0,672.0,7005000,-1.0,-1.0,-1.0
2017/05/11,670.0,672.0,662.0,668.0,6515000,-1.0,-1.0,-1.0
2017/05/12,670.0,670.0,660.0,662.0,4520000,-1.0,-1.0,-1.0
2017/05/15,646.0,650.0,640.0,648.0,6745000,-1.0,-1.0,-1.0
2017/05/16,650.0,652.0,646.0,648.0,4285000,-1.0,-1.0,-1.0
2017/05/17,644.0,646.0,638.0,638.0,6625000,-1.0,-1.0,-1.0
2017/05/18,628.0,628.0,618.0,622.0,9680000,-1.0,-1.0,-1.0
2017/05/19,626.0,628.0,620.0,626.0,6090000,-1.0,-1.0,-1.0
2017/05/22,628.0,628.0,624.0,624.0,4525000,-1.0,-1.0,-1.0
2017/05/23,624.0,630.0,620.0,626.0,7365000,-1.0,-1.0,-1.0
2017/05/24,630.0,638.0,624.0,632.0,6045000,-1.0,-1.0,-1.0
2017/05/25,632.0,640.0,630.0,636.0,4840000,-1.0,-1.0,-1.0
2017/05/26,636.0,636.0,628.0,630.0,4275000,-1.0,-1.0,-1.0
2017/05/29,630.0,632.0,628.0,628.0,1735000,-1.0,-1.0,-1.0
2017/05/30,628.0,628.0,620.0,622.0,4555000,-1.0,-1.0,-1.0
2017/05/31,622.0,624.0,620.0,624.0,6735000,-1.0,-1.0,-1.0
2017/06/01,628.0,638.0,628.0,632.0,7105000,-1.0,-1.0,-1.0
2017/06/02,638.0,650.0,636.0,648.0,8255000,-1.0,-1.0,-1.0
2017/06/05,642.0,642.0,630.0,636.0,5630000,-1.0,-1.0,-1.0
2017/06/06,636.0,642.0,634.0,636.0,5280000,-1.0,-1.0,-1.0
2017/06/07,630.0,638.0,630.0,638.0,3985000,-1.0,-1.0,-1.0
2017/06/08,634.0,644.0,634.0,640.0,5725000,-1.0,-1.0,-1.0
2017/06/09,640.0,648.0,638.0,644.0,8180000,-1.0,-1.0,-1.0
2017/06/12,646.0,654.0,640.0,640.0,4955000,-1.0,-1.0,-1.0
2017/06/13,638.0,646.0,636.0,644.0,4045000,-1.0,-1.0,-1.0
2017/06/14,646.0,652.0,646.0,648.0,4435000,-1.0,-1.0,-1.0
2017/06/15,648.0,650.0,640.0,644.0,4470000,-1.0,-1.0,-1.0
2017/06/16,650.0,654.0,646.0,650.0,6250000,-1.0,-1.0,-1.0
2017/06/19,648.0,650.0,646.0,650.0,2925000,-1.0,-1.0,-1.0
2017/06/20,654.0,658.0,650.0,652.0,5880000,-1.0,-1.0,-1.0
2017/06/21,652.0,652.0,644.0,644.0,3540000,-1.0,-1.0,-1.0
2017/06/22,644.0,646.0,640.0,644.0,2645000,-1.0,-1.0,-1.0
2017/06/23,644.0,644.0,636.0,640.0,5725000,-1.0,-1.0,-1.0
2017/06/26,640.0,640.0,636.0,636.0,3420000,-1.0,-1.0,-1.0
2017/06/27,636.0,642.0,636.0,638.0,2695000,-1.0,-1.0,-1.0
2017/06/28,638.0,642.0,636.0,642.0,4295000,-1.0,-1.0,-1.0
2017/06/29,642.0,650.0,640.0,650.0,6665000,-1.0,-1.0,-1.0
2017/06/30,650.0,652.0,646.0,648.0,6815000,-1.0,-1.0,-1.0
2017/07/03,652.0,652.0,642.0,646.0,4490000,-1.0,-1.0,-1.0
2017/07/04,652.0,652.0,646.0,648.0,4530000,-1.0,-1.0,-1.0
2017/07/05,650.0,652.0,644.0,650.0,7215000,-1.0,-1.0,-1.0
2017/07/06,648.0,654.0,644.0,650.0,7630000,-1.0,-1.0,-1.0
2017/07/07,646.0,652.0,646.0,648.0,3910000,-1.0,-1.0,-1.0
2017/07/10,650.0,650.0,644.0,644.0,4285000,-1.0,-1.0,-1.0
2017/07/11,642.0,648.0,642.0,648.0,3450000,-1.0,-1.0,-1.0
2017/07/12,646.0,646.0,640.0,640.0,4725000,-1.0,-1.0,-1.0
2017/07/13,640.0,642.0,632.0,634.0,3610000,-1.0,-1.0,-1.0
2017/07/14,634.0,640.0,634.0,638.0,4090000,-1.0,-1.0,-1.0
2017/07/18,636.0,636.0,628.0,630.0,5600000,-1.0,-1.0,-1.0
2017/07/19,628.0,632.0,624.0,628.0,5105000,-1.0,-1.0,-1.0
2017/07/20,632.0,632.0,628.0,630.0,3415000,-1.0,-1.0,-1.0
2017/07/21,630.0,630.0,624.0,626.0,4175000,-1.0,-1.0,-1.0
2017/07/24,624.0,628.0,620.0,628.0,4945000,-1.0,-1.0,-1.0
2017/07/25,630.0,632.0,626.0,630.0,4085000,-1.0,-1.0,-1.0
2017/07/26,632.0,634.0,626.0,628.0,5080000,-1.0,-1.0,-1.0
2017/07/27,628.0,630.0,624.0,628.0,7710000,-1.0,-1.0,-1.0
2017/07/28,624.0,632.0,624.0,628.0,5970000,-1.0,-1.0,-1.0
2017/07/31,626.0,638.0,626.0,638.0,6670000,-1.0,-1.0,-1.0
2017/08/01,638.0,642.0,634.0,642.0,6550000,-1.0,-1.0,-1.0
2017/08/02,644.0,644.0,636.0,636.0,4560000,-1.0,-1.0,-1.0
2017/08/03,634.0,636.0,632.0,636.0,3200000,-1.0,-1.0,-1.0
2017/08/04,636.0,636.0,634.0,636.0,2865000,-1.0,-1.0,-1.0
2017/08/07,636.0,642.0,634.0,634.0,3510000,-1.0,-1.0,-1.0
2017/08/08,638.0,638.0,630.0,634.0,1855000,-1.0,-1.0,-1.0
2017/08/09,634.0,634.0,622.0,626.0,6145000,-1.0,-1.0,-1.0
2017/08/10,622.0,628.0,622.0,624.0,5820000,-1.0,-1.0,-1.0
2017/08/14,622.0,622.0,600.0,600.0,9660000,-1.0,-1.0,-1.0
2017/08/15,610.0,612.0,602.0,602.0,3960000,-1.0,-1.0,-1.0
2017/08/16,600.0,600.0,592.0,596.0,9090000,-1.0,-1.0,-1.0
2017/08/17,596.0,598.0,590.0,596.0,7140000,-1.0,-1.0,-1.0
2017/08/18,592.0,592.0,586.0,588.0,8410000,-1.0,-1.0,-1.0
2017/08/21,588.0,588.0,582.0,584.0,4505000,-1.0,-1.0,-1.0
2017/08/22,584.0,586.0,580.0,582.0,3725000,-1.0,-1.0,-1.0
2017/08/23,590.0,592.0,580.0,580.0,4230000,-1.0,-1.0,-1.0
2017/08/24,580.0,584.0,578.0,582.0,5895000,-1.0,-1.0,-1.0
2017/08/25,582.0,586.0,580.0,580.0,6215000,-1.0,-1.0,-1.0
2017/08/28,580.0,584.0,578.0,582.0,5680000,-1.0,-1.0,-1.0
2017/08/29,584.0,590.0,580.0,588.0,6805000,-1.0,-1.0,-1.0
2017/08/30,586.0,588.0,584.0,588.0,4105000,-1.0,-1.0,-1.0
2017/08/31,588.0,598.0,586.0,594.0,8725000,-1.0,-1.0,-1.0
2017/09/01,596.0,596.0,588.0,594.0,5315000,-1.0,-1.0,-1.0
2017/09/04,592.0,594.0,584.0,586.0,5645000,-1.0,-1.0,-1.0
2017/09/05,586.0,588.0,582.0,582.0,2895000,-1.0,-1.0,-1.0
2017/09/06,580.0,582.0,576.0,578.0,4695000,-1.0,-1.0,-1.0
2017/09/07,578.0,584.0,578.0,582.0,3760000,-1.0,-1.0,-1.0
2017/09/08,578.0,578.0,566.0,570.0,9855000,-1.0,-1.0,-1.0
2017/09/11,572.0,578.0,572.0,572.0,2655000,-1.0,-1.0,-1.0
2017/09/12,576.0,582.0,574.0,580.0,4310000,-1.0,-1.0,-1.0
2017/09/13,582.0,588.0,582.0,588.0,4230000,-1.0,-1.0,-1.0
2017/09/14,586.0,594.0,584.0,586.0,4715000,-1.0,-1.0,-1.0
2017/09/15,586.0,592.0,586.0,590.0,5840000,-1.0,-1.0,-1.0
2017/09/19,598.0,608.0,596.0,606.0,6895000,-1.0,-1.0,-1.0
2017/09/20,606.0,610.0,604.0,606.0,5080000,-1.0,-1.0,-1.0
2017/09/21,610.0,616.0,608.0,608.0,4620000,-1.0,-1.0,-1.0
2017/09/22,608.0,616.0,608.0,614.0,5895000,-1.0,-1.0,-1.0
2017/09/25,618.0,620.0,614.0,616.0,3340000,-1.0,-1.0,-1.0
2017/09/26,616.0,620.0,614.0,620.0,3295000,-1.0,-1.0,-1.0
2017/09/27,618.0,620.0,610.0,618.0,1379500,-1.0,-1.0,-1.0
2017/09/28,621.0,629.0,619.0,629.0,649000,-1.0,-1.0,-1.0
2017/09/29,628.0,630.0,626.0,630.0,431500,-1.0,-1.0,-1.0
2017/10/02,630.0,630.0,622.0,626.0,423000,-1.0,-1.0,-1.0
2017/10/03,628.0,629.0,623.0,629.0,320000,-1.0,-1.0,-1.0
2017/10/04,629.0,630.0,623.0,625.0,567000,-1.0,-1.0,-1.0
2017/10/05,623.0,625.0,621.0,624.0,218500,-1.0,-1.0,-1.0
2017/10/06,625.0,631.0,624.0,629.0,535000,-1.0,-1.0,-1.0
2017/10/10,631.0,634.0,628.0,633.0,463500,-1.0,-1.0,-1.0
2017/10/11,634.0,635.0,631.0,633.0,303500,-1.0,-1.0,-1.0
2017/10/12,635.0,635.0,625.0,625.0,501000,-1.0,-1.0,-1.0
2017/10/13,624.0,626.0,616.0,624.0,544500,-1.0,-1.0,-1.0
2017/10/16,625.0,639.0,624.0,637.0,708000,-1.0,-1.0,-1.0
2017/10/17,639.0,639.0,633.0,636.0,364000,-1.0,-1.0,-1.0
2017/10/18,633.0,637.0,632.0,636.0,416000,-1.0,-1.0,-1.0
2017/10/19,637.0,639.0,635.0,637.0,385000,-1.0,-1.0,-1.0
2017/10/20,634.0,638.0,630.0,633.0,427000,-1.0,-1.0,-1.0
2017/10/23,637.0,643.0,634.0,641.0,571000,-1.0,-1.0,-1.0
2017/10/24,640.0,644.0,638.0,644.0,523500,-1.0,-1.0,-1.0
2017/10/25,644.0,651.0,641.0,644.0,816000,-1.0,-1.0,-1.0
2017/10/26,639.0,644.0,629.0,632.0,817000,-1.0,-1.0,-1.0
2017/10/27,630.0,644.0,629.0,641.0,592000,-1.0,-1.0,-1.0
2017/10/30,641.0,653.0,640.0,651.0,1779500,-1.0,-1.0,-1.0
2017/10/31,647.0,649.0,644.0,645.0,510000,-1.0,-1.0,-1.0
2017/11/01,647.0,648.0,641.0,644.0,711500,-1.0,-1.0,-1.0
2017/11/02,642.0,646.0,638.0,643.0,411500,-1.0,-1.0,-1.0
2017/11/06,643.0,643.0,623.0,625.0,618500,-1.0,-1.0,-1.0
2017/11/07,621.0,629.0,618.0,629.0,527000,-1.0,-1.0,-1.0
2017/11/08,625.0,626.0,619.0,625.0,463000,-1.0,-1.0,-1.0
2017/11/09,629.0,634.0,618.0,626.0,688000,-1.0,-1.0,-1.0
2017/11/10,617.0,622.0,614.0,615.0,474500,-1.0,-1.0,-1.0
2017/11/13,610.0,613.0,597.0,598.4,832000,-1.0,-1.0,-1.0
2017/11/14,596.4,598.4,581.6,583.8000000000001,803500,-1.0,-1.0,-1.0
2017/11/15,580.0,580.2,570.6,575.8000000000001,1023000,-1.0,-1.0,-1.0
2017/11/16,570.4,575.6,566.4,570.6,1288000,-1.0,-1.0,-1.0
2017/11/17,575.8000000000001,576.0,566.0,568.2,1065000,-1.0,-1.0,-1.0
2017/11/20,570.4,570.4,563.4,565.6,716500,-1.0,-1.0,-1.0
2017/11/21,570.0,570.4,564.0,565.8000000000001,434000,-1.0,-1.0,-1.0
2017/11/22,566.4,567.4,563.4,565.0,474000,-1.0,-1.0,-1.0
2017/11/24,564.2,564.4,560.8000000000001,563.0,479500,-1.0,-1.0,-1.0
2017/11/27,563.0,566.0,560.8000000000001,562.0,369500,-1.0,-1.0,-1.0
2017/11/28,561.8000000000001,562.8000000000001,554.6,555.4,948000,-1.0,-1.0,-1.0
2017/11/29,558.0,569.0,557.6,564.6,629500,-1.0,-1.0,-1.0
2017/11/30,569.0,577.4,568.8000000000001,576.2,863000,-1.0,-1.0,-1.0
2017/12/01,581.0,582.0,573.4,574.2,504000,-1.0,-1.0,-1.0
2017/12/04,573.8000000000001,573.8000000000001,564.8000000000001,565.2,522500,-1.0,-1.0,-1.0
2017/12/05,565.2,571.2,564.0,570.8000000000001,416000,-1.0,-1.0,-1.0
2017/12/06,567.8000000000001,567.8000000000001,558.2,559.4,720000,-1.0,-1.0,-1.0
2017/12/07,563.8000000000001,564.8000000000001,558.0,559.2,644500,-1.0,-1.0,-1.0
2017/12/08,557.8000000000001,567.0,557.8000000000001,565.0,750000,-1.0,-1.0,-1.0
2017/12/11,566.2,572.0,565.6,571.8000000000001,493500,-1.0,-1.0,-1.0
2017/12/12,573.6,583.4,572.4,581.2,724000,-1.0,-1.0,-1.0
2017/12/13,582.0,592.8000000000001,582.0,590.6,724500,-1.0,-1.0,-1.0
2017/12/14,588.0,590.4,580.4,583.4,576000,-1.0,-1.0,-1.0
2017/12/15,582.8000000000001,583.6,572.6,575.0,800000,-1.0,-1.0,-1.0
2017/12/18,574.0,578.4,573.0,576.0,752000,-1.0,-1.0,-1.0
2017/12/19,577.2,580.4,574.4,576.2,429000,-1.0,-1.0,-1.0
2017/12/20,574.6,589.0,574.6,584.4,630500,-1.0,-1.0,-1.0
2017/12/21,580.6,582.6,572.8000000000001,573.4,577000,-1.0,-1.0,-1.0
2017/12/22,573.8000000000001,578.4,566.2,567.2,742000,-1.0,-1.0,-1.0
2017/12/25,567.2,567.4,561.0,561.8000000000001,592500,-1.0,-1.0,-1.0
2017/12/26,564.0,566.0,560.6,560.8000000000001,1361000,-1.0,-1.0,-1.0
2017/12/27,562.8000000000001,566.0,561.2,562.4,418000,-1.0,-1.0,-1.0
2017/12/28,562.2,566.0,560.8000000000001,562.4,674000,-1.0,-1.0,-1.0
2017/12/29,564.0,574.8000000000001,564.0,569.8000000000001,523500,-1.0,-1.0,-1.0
2018/01/04,568.8000000000001,583.8000000000001,566.2,583.6,728500,-1.0,-1.0,-1.0
2018/01/05,585.6,589.6,583.0,589.6,667000,-1.0,-1.0,-1.0
2018/01/09,590.6,593.0,582.8000000000001,584.4,725000,-1.0,-1.0,-1.0
2018/01/10,585.4,596.0,585.4,592.6,677000,-1.0,-1.0,-1.0
2018/01/11,592.6,596.8000000000001,586.8000000000001,594.2,562500,-1.0,-1.0,-1.0
2018/01/12,595.2,602.0,585.4,588.6,735500,-1.0,-1.0,-1.0
2018/01/15,592.2,596.0,585.8000000000001,589.2,450500,-1.0,-1.0,-1.0
2018/01/16,589.6,590.8000000000001,583.0,583.4,577500,-1.0,-1.0,-1.0
2018/01/17,580.2,580.4,573.2,573.8000000000001,846500,-1.0,-1.0,-1.0
2018/01/18,573.8000000000001,576.4,566.8000000000001,566.8000000000001,804500,-1.0,-1.0,-1.0
2018/01/19,570.8000000000001,571.2,567.2,569.8000000000001,624000,-1.0,-1.0,-1.0
2018/01/22,570.0,571.6,566.4,568.6,431000,-1.0,-1.0,-1.0
2018/01/23,569.8000000000001,573.0,567.2,571.2,805000,-1.0,-1.0,-1.0
2018/01/24,568.6,572.8000000000001,568.4,572.4,457500,-1.0,-1.0,-1.0
2018/01/25,570.0,570.2,564.6,568.4,660500,-1.0,-1.0,-1.0
2018/01/26,568.0,572.4,566.2,567.6,666000,-1.0,-1.0,-1.0
2018/01/29,566.8000000000001,571.0,564.4,566.8000000000001,541000,-1.0,-1.0,-1.0
2018/01/30,566.2,567.2,562.0,564.2,821000,-1.0,-1.0,-1.0
2018/01/31,563.4,572.8000000000001,563.4,564.4,1141500,-1.0,-1.0,-1.0
2018/02/01,568.0,587.0,565.6,583.0,1788500,-1.0,-1.0,-1.0
2018/02/02,580.0,585.6,577.6,580.6,665500,-1.0,-1.0,-1.0
2018/02/05,572.0,578.6,566.2,572.4,1055000,-1.0,-1.0,-1.0
2018/02/06,566.0,569.6,537.8000000000001,547.8000000000001,2148500,-1.0,-1.0,-1.0
2018/02/07,559.8000000000001,561.6,539.6,539.6,1248000,-1.0,-1.0,-1.0
2018/02/08,540.2,544.4,536.0,541.8000000000001,749000,-1.0,-1.0,-1.0
2018/02/09,533.4,533.4,524.6,531.2,885000,-1.0,-1.0,-1.0
2018/02/13,537.8000000000001,542.6,528.8000000000001,530.2,976000,-1.0,-1.0,-1.0
2018/02/14,533.8000000000001,534.6,524.6,529.4,835500,-1.0,-1.0,-1.0
2018/02/15,534.6,546.8000000000001,534.6,542.6,696000,-1.0,-1.0,-1.0
2018/02/16,543.6,548.4,539.2,546.8000000000001,642500,-1.0,-1.0,-1.0
2018/02/19,550.0,568.8000000000001,549.8000000000001,566.0,1042000,-1.0,-1.0,-1.0
2018/02/20,563.2,565.8000000000001,559.6,563.6,494500,-1.0,-1.0,-1.0
2018/02/21,563.0,567.4,559.0,560.4,483000,-1.0,-1.0,-1.0
2018/02/22,556.6,557.8000000000001,547.4,547.4,529000,-1.0,-1.0,-1.0
2018/02/23,547.4,559.0,545.6,557.6,450000,-1.0,-1.0,-1.0
2018/02/26,560.0,563.8000000000001,558.6,562.0,355500,-1.0,-1.0,-1.0
2018/02/27,566.0,568.0,558.8000000000001,565.4,504500,-1.0,-1.0,-1.0
2018/02/28,562.6,564.4,556.8000000000001,556.8000000000001,628500,-1.0,-1.0,-1.0
2018/03/01,552.2,552.4,542.2,543.8000000000001,567500,-1.0,-1.0,-1.0
2018/03/02,539.6,542.4,536.6,541.2,581500,-1.0,-1.0,-1.0
2018/03/05,539.6,544.8000000000001,532.6,543.8000000000001,574500,-1.0,-1.0,-1.0
2018/03/06,545.6,554.4,545.6,550.4,509000,-1.0,-1.0,-1.0
2018/03/07,545.4,554.2,542.6,547.0,469500,-1.0,-1.0,-1.0
2018/03/08,553.0,560.6,545.0,547.6,588500,-1.0,-1.0,-1.0
2018/03/09,554.8000000000001,555.2,544.4,546.2,551000,-1.0,-1.0,-1.0
2018/03/12,554.2,561.0,552.4,559.4,682500,-1.0,-1.0,-1.0
2018/03/13,556.2,564.4,551.6,564.4,450500,-1.0,-1.0,-1.0
2018/03/14,560.0,565.4,560.0,563.2,340500,-1.0,-1.0,-1.0
2018/03/15,560.8000000000001,562.8000000000001,554.6,561.0,316000,-1.0,-1.0,-1.0
2018/03/16,561.6,563.0,552.6,555.0,528500,-1.0,-1.0,-1.0
2018/03/19,550.8000000000001,554.0,547.4,550.2,269500,-1.0,-1.0,-1.0
2018/03/20,549.6,558.8000000000001,548.8000000000001,556.2,399500,-1.0,-1.0,-1.0
2018/03/22,553.0,553.2,544.0,546.4,568500,-1.0,-1.0,-1.0
2018/03/23,542.2,544.0,531.4,533.0,697500,-1.0,-1.0,-1.0
2018/03/26,532.0,535.0,524.6,533.0,734000,-1.0,-1.0,-1.0
2018/03/27,540.0,550.0,538.8000000000001,550.0,760500,-1.0,-1.0,-1.0
2018/03/28,537.6,541.4,533.0,541.2,716000,-1.0,-1.0,-1.0
2018/03/29,543.0,548.6,533.2,538.8000000000001,560000,-1.0,-1.0,-1.0
2018/03/30,544.0,544.0,533.6,535.6,440500,-1.0,-1.0,-1.0
2018/04/02,535.8000000000001,538.6,532.0,532.0,400000,-1.0,-1.0,-1.0
2018/04/03,528.0,533.0,525.2,531.0,338500,-1.0,-1.0,-1.0
2018/04/04,529.0,537.2,526.6,534.8000000000001,385500,-1.0,-1.0,-1.0
2018/04/05,538.2,550.0,536.4,545.2,637500,-1.0,-1.0,-1.0
2018/04/06,542.4,547.4,542.4,544.2,331500,-1.0,-1.0,-1.0
2018/04/09,538.0,538.2,530.2,531.2,889000,-1.0,-1.0,-1.0
2018/04/10,530.4,533.2,526.6,529.6,612000,-1.0,-1.0,-1.0
2018/04/11,530.0,531.8000000000001,527.2,530.4,519000,-1.0,-1.0,-1.0
2018/04/12,528.8000000000001,530.8000000000001,526.2,527.2,389500,-1.0,-1.0,-1.0
2018/04/13,530.8000000000001,538.6,530.6,536.4,561000,-1.0,-1.0,-1.0
2018/04/16,536.4,543.8000000000001,536.4,543.2,400000,-1.0,-1.0,-1.0
2018/04/17,544.0,546.2,540.0,541.4,361000,-1.0,-1.0,-1.0
2018/04/18,541.0,542.6,535.6,541.6,515500,-1.0,-1.0,-1.0
2018/04/19,542.0,549.8000000000001,540.6,543.6,589000,-1.0,-1.0,-1.0
2018/04/20,543.2,548.8000000000001,539.4,544.0,570000,-1.0,-1.0,-1.0
2018/04/23,547.0,552.0,544.6,546.8000000000001,453000,-1.0,-1.0,-1.0
2018/04/24,549.6,556.0,549.6,556.0,647000,-1.0,-1.0,-1.0
2018/04/25,550.0,557.2,550.0,555.6,506500,-1.0,-1.0,-1.0
2018/04/26,556.0,557.8000000000001,546.8000000000001,551.0,512000,-1.0,-1.0,-1.0
2018/04/27,554.0,555.4,549.4,552.8000000000001,360500,-1.0,-1.0,-1.0
2018/05/01,552.8000000000001,553.0,544.4,547.2,589000,-1.0,-1.0,-1.0
2018/05/02,552.0,556.2,550.6,552.8000000000001,516000,-1.0,-1.0,-1.0
2018/05/07,556.4,556.4,550.0,554.8000000000001,330000,-1.0,-1.0,-1.0
2018/05/08,556.2,564.6,554.6,561.4,951500,-1.0,-1.0,-1.0
2018/05/09,561.2,564.8000000000001,555.2,564.4,533500,-1.0,-1.0,-1.0
2018/05/10,565.8000000000001,570.8000000000001,562.6,564.4,367500,-1.0,-1.0,-1.0
2018/05/11,563.8000000000001,565.8000000000001,560.0,565.0,282500,-1.0,-1.0,-1.0
2018/05/14,569.8000000000001,584.8000000000001,559.2,579.6,1056000,-1.0,-1.0,-1.0
2018/05/15,577.0,585.8000000000001,577.0,582.4,795000,-1.0,-1.0,-1.0
2018/05/16,580.0,586.0,576.8000000000001,586.0,551500,-1.0,-1.0,-1.0
2018/05/17,586.6,591.0,585.6,589.2,633500,-1.0,-1.0,-1.0
2018/05/18,591.0,591.0,584.6,588.4,570500,-1.0,-1.0,-1.0
2018/05/21,588.2,588.2,574.8000000000001,578.0,458000,-1.0,-1.0,-1.0
2018/05/22,578.4,581.8000000000001,573.4,580.0,308000,-1.0,-1.0,-1.0
2018/05/23,576.6,580.6,575.0,579.6,361000,-1.0,-1.0,-1.0
2018/05/24,580.0,584.6,576.4,578.6,428000,-1.0,-1.0,-1.0
2018/05/25,574.2,579.2,571.8000000000001,573.0,391000,-1.0,-1.0,-1.0
2018/05/28,573.4,575.6,568.2,574.8000000000001,279500,-1.0,-1.0,-1.0
2018/05/29,574.0,574.8000000000001,567.4,569.0,272500,-1.0,-1.0,-1.0
2018/05/30,561.0,562.0,551.4,554.4,533000,-1.0,-1.0,-1.0
2018/05/31,559.0,564.8000000000001,554.6,563.4,736500,-1.0,-1.0,-1.0
2018/06/01,562.2,570.0,557.2,568.4,649500,-1.0,-1.0,-1.0
2018/06/04,575.0,587.0,572.2,585.2,935000,-1.0,-1.0,-1.0
2018/06/05,585.0,588.8000000000001,577.0,587.6,623500,-1.0,-1.0,-1.0
2018/06/06,583.4,588.6,580.6,587.4,305000,-1.0,-1.0,-1.0
2018/06/07,588.2,592.6,586.0,587.6,371500,-1.0,-1.0,-1.0
2018/06/08,587.6,590.8000000000001,586.4,587.2,693000,-1.0,-1.0,-1.0
2018/06/11,586.8000000000001,588.4,582.4,584.8000000000001,276500,-1.0,-1.0,-1.0
2018/06/12,591.4,591.4,584.6,587.0,731500,-1.0,-1.0,-1.0
2018/06/13,584.8000000000001,591.6,584.6,589.2,349500,-1.0,-1.0,-1.0
2018/06/14,585.6,594.0,583.4,591.6,512000,-1.0,-1.0,-1.0
2018/06/15,593.8000000000001,595.8000000000001,586.2,586.4,627500,-1.0,-1.0,-1.0
2018/06/18,582.0,582.0,576.6,579.8000000000001,490000,-1.0,-1.0,-1.0
2018/06/19,579.6,581.4,574.8000000000001,575.8000000000001,360000,-1.0,-1.0,-1.0
2018/06/20,574.6,577.2,568.8000000000001,576.0,360500,-1.0,-1.0,-1.0
2018/06/21,571.2,573.4,557.0,558.4,454500,-1.0,-1.0,-1.0
2018/06/22,552.6,564.4,550.2,564.2,650000,-1.0,-1.0,-1.0
2018/06/25,563.4,563.4,554.4,560.4,454500,-1.0,-1.0,-1.0
2018/06/26,555.4,568.0,554.2,566.4,301000,-1.0,-1.0,-1.0
2018/06/27,571.0,571.0,562.0,565.6,277000,-1.0,-1.0,-1.0
2018/06/28,565.0,565.6,558.2,560.8000000000001,264000,-1.0,-1.0,-1.0
2018/06/29,562.4,566.2,559.2,562.6,267000,-1.0,-1.0,-1.0
2018/07/02,561.4,561.4,550.4,551.6,283500,-1.0,-1.0,-1.0
2018/07/03,560.6,560.8000000000001,545.2,549.0,335500,-1.0,-1.0,-1.0
2018/07/04,544.4,549.0,543.4,544.0,301500,-1.0,-1.0,-1.0
2018/07/05,542.4,542.8000000000001,532.4,535.0,499500,-1.0,-1.0,-1.0
2018/07/06,537.6,545.8000000000001,537.6,541.8000000000001,355500,-1.0,-1.0,-1.0
2018/07/09,549.6,553.0,545.0,545.6,228000,-1.0,-1.0,-1.0
2018/07/10,548.6,553.8000000000001,548.0,548.0,257000,-1.0,-1.0,-1.0
2018/07/11,542.4,544.4,537.8000000000001,544.2,295000,-1.0,-1.0,-1.0
2018/07/12,545.8000000000001,550.6,543.4,545.8000000000001,257500,-1.0,-1.0,-1.0
2018/07/13,549.4,551.8000000000001,545.4,547.8000000000001,255000,-1.0,-1.0,-1.0
2018/07/17,546.4,562.0,544.4,558.0,404500,-1.0,-1.0,-1.0
2018/07/18,562.4,563.8000000000001,557.4,558.6,218000,-1.0,-1.0,-1.0
2018/07/19,560.4,565.2,556.8000000000001,565.2,761000,-1.0,-1.0,-1.0
2018/07/20,563.8000000000001,566.4,558.2,562.2,312000,-1.0,-1.0,-1.0
2018/07/23,567.0,585.2,565.6,579.6,648500,-1.0,-1.0,-1.0
2018/07/24,585.4,589.6,576.0,579.4,383500,-1.0,-1.0,-1.0
2018/07/25,579.4,580.8000000000001,573.8000000000001,574.6,183500,-1.0,-1.0,-1.0
2018/07/26,578.8000000000001,584.6,577.2,584.6,321000,-1.0,-1.0,-1.0
2018/07/27,582.0,591.6,580.0,589.2,489000,-1.0,-1.0,-1.0
2018/07/30,591.8000000000001,599.8000000000001,591.8000000000001,599.8000000000001,851000,-1.0,-1.0,-1.0
2018/07/31,598.4,605.0,582.6,584.6,798500,-1.0,-1.0,-1.0
2018/08/01,588.0,596.2,575.0,594.2,696500,-1.0,-1.0,-1.0
2018/08/02,592.0,598.2,584.0,585.8000000000001,462000,-1.0,-1.0,-1.0
2018/08/03,587.6,588.4,577.8000000000001,578.0,467000,-1.0,-1.0,-1.0
2018/08/06,570.0,573.8000000000001,562.2,567.8000000000001,524000,-1.0,-1.0,-1.0
2018/08/07,567.8000000000001,568.8000000000001,560.0,566.0,240500,-1.0,-1.0,-1.0
2018/08/08,564.6,572.2,564.0,566.2,244000,-1.0,-1.0,-1.0
2018/08/09,566.6,569.0,561.0,563.4,139000,-1.0,-1.0,-1.0
2018/08/10,562.0,576.0,555.4,556.0,319500,-1.0,-1.0,-1.0
2018/08/13,561.6,561.6,540.8000000000001,546.2,461000,-1.0,-1.0,-1.0
2018/08/14,548.2,557.2,545.6,557.2,263500,-1.0,-1.0,-1.0
2018/08/15,556.2,560.2,545.4,549.2,282000,-1.0,-1.0,-1.0
2018/08/16,546.0,550.6,541.6,549.2,294500,-1.0,-1.0,-1.0
2018/08/17,554.0,562.4,548.2,559.2,395500,-1.0,-1.0,-1.0
2018/08/20,559.2,561.0,553.0,554.8000000000001,278500,-1.0,-1.0,-1.0
2018/08/21,554.8000000000001,555.0,550.0,552.6,149500,-1.0,-1.0,-1.0
2018/08/22,549.0,552.4,547.0,547.8000000000001,327000,-1.0,-1.0,-1.0
2018/08/23,547.8000000000001,549.4,544.6,548.0,337500,-1.0,-1.0,-1.0
2018/08/24,552.0,555.2,550.0,552.8000000000001,105500,-1.0,-1.0,-1.0
2018/08/27,551.0,557.4,549.4,553.0,219500,-1.0,-1.0,-1.0
2018/08/28,559.6,560.0,552.4,552.6,175000,-1.0,-1.0,-1.0
2018/08/29,556.2,561.2,554.4,557.4,274000,-1.0,-1.0,-1.0
2018/08/30,565.0,565.0,558.4,561.2,240500,-1.0,-1.0,-1.0
2018/08/31,559.4,565.4,559.0,561.2,335500,-1.0,-1.0,-1.0
2018/09/03,560.4,560.4,549.6,554.4,281000,-1.0,-1.0,-1.0
2018/09/04,556.0,556.6,550.8000000000001,550.8000000000001,261500,-1.0,-1.0,-1.0
2018/09/05,549.8000000000001,557.4,548.8000000000001,556.2,335500,-1.0,-1.0,-1.0
2018/09/06,554.8000000000001,563.6,554.4,559.6,467000,-1.0,-1.0,-1.0
2018/09/07,553.6,562.0,553.6,561.2,702500,-1.0,-1.0,-1.0
2018/09/10,560.0,567.8000000000001,558.2,566.0,404500,-1.0,-1.0,-1.0
2018/09/11,566.0,566.0,562.0,564.4,182000,-1.0,-1.0,-1.0
2018/09/12,563.0,564.4,556.0,558.0,358000,-1.0,-1.0,-1.0
2018/09/13,559.8000000000001,567.2,557.8000000000001,563.0,298000,-1.0,-1.0,-1.0
2018/09/14,568.6,570.8000000000001,562.4,563.2,595000,-1.0,-1.0,-1.0
2018/09/18,562.6,575.8000000000001,562.4,575.2,417500,-1.0,-1.0,-1.0
2018/09/19,582.8000000000001,583.2,572.6,579.8000000000001,573000,-1.0,-1.0,-1.0
2018/09/20,585.0,586.6,576.8000000000001,585.6,413000,-1.0,-1.0,-1.0
2018/09/21,586.0,598.2,586.0,593.8000000000001,642500,-1.0,-1.0,-1.0
2018/09/25,594.4,597.2,585.4,597.2,568500,-1.0,-1.0,-1.0
2018/09/26,590.2,595.8000000000001,584.6,588.8000000000001,518500,-1.0,-1.0,-1.0
2018/09/27,588.2,588.6,581.2,581.4,273500,-1.0,-1.0,-1.0
2018/09/28,589.0,590.8000000000001,581.4,582.0,298000,-1.0,-1.0,-1.0
2018/10/01,581.2,581.2,572.2,574.2,250000,-1.0,-1.0,-1.0
2018/10/02,579.8000000000001,583.0,574.0,577.8000000000001,262500,-1.0,-1.0,-1.0
2018/10/03,577.8000000000001,582.4,571.8000000000001,572.2,375000,-1.0,-1.0,-1.0
2018/10/04,581.8000000000001,584.4,576.6,582.0,289000,-1.0,-1.0,-1.0
2018/10/05,581.0,589.4,579.8000000000001,586.0,316500,-1.0,-1.0,-1.0
2018/10/09,586.2,589.0,575.0,576.4,270000,-1.0,-1.0,-1.0
2018/10/10,583.0,587.8000000000001,578.2,585.4,250500,-1.0,-1.0,-1.0
2018/10/11,570.2,577.0,560.4,561.8000000000001,665000,-1.0,-1.0,-1.0
2018/10/12,560.0,561.4,552.0,552.4,558500,-1.0,-1.0,-1.0
2018/10/15,550.0,550.0,538.6,540.2,508500,-1.0,-1.0,-1.0
2018/10/16,540.2,544.4,538.4,544.0,324000,-1.0,-1.0,-1.0
2018/10/17,547.2,549.8000000000001,542.6,546.2,343000,-1.0,-1.0,-1.0
2018/10/18,543.6,548.4,540.8000000000001,541.8000000000001,425000,-1.0,-1.0,-1.0
2018/10/19,538.4,538.6,534.0,537.6,439500,-1.0,-1.0,-1.0
2018/10/22,537.0,541.6,535.0,536.6,312500,-1.0,-1.0,-1.0
2018/10/23,534.6,535.6,517.4,519.2,949000,-1.0,-1.0,-1.0
2018/10/24,525.4,525.4,514.0,518.2,496000,-1.0,-1.0,-1.0
2018/10/25,510.0,511.0,503.6,505.0,523500,-1.0,-1.0,-1.0
2018/10/26,507.8,509.6,500.6,506.8,438000,-1.0,-1.0,-1.0
2018/10/29,510.6,514.4,499.20000000000005,500.40000000000003,485500,-1.0,-1.0,-1.0
2018/10/30,498.40000000000003,509.8,498.40000000000003,508.8,596500,-1.0,-1.0,-1.0
2018/10/31,509.0,511.0,498.8,501.0,852500,-1.0,-1.0,-1.0
2018/11/01,505.8,512.6,504.40000000000003,508.6,675000,-1.0,-1.0,-1.0
2018/11/02,508.6,511.0,502.8,510.0,465500,-1.0,-1.0,-1.0
2018/11/05,506.6,516.6,506.6,511.6,316500,-1.0,-1.0,-1.0
2018/11/06,513.4,521.0,513.4,519.6,284000,-1.0,-1.0,-1.0
2018/11/07,529.6,529.6,511.6,513.8000000000001,880000,-1.0,-1.0,-1.0
2018/11/08,522.2,530.8000000000001,522.2,527.8000000000001,330000,-1.0,-1.0,-1.0
2018/11/09,525.4,531.0,523.4,523.8000000000001,241000,-1.0,-1.0,-1.0
2018/11/12,524.8000000000001,525.8000000000001,521.2,524.0,136500,-1.0,-1.0,-1.0
2018/11/13,515.0,515.0,494.0,494.0,1113500,-1.0,-1.0,-1.0
2018/11/14,496.0,504.8,496.0,498.6,463500,-1.0,-1.0,-1.0
2018/11/15,495.20000000000005,498.8,488.8,498.40000000000003,405500,-1.0,-1.0,-1.0
2018/11/16,498.40000000000003,503.20000000000005,495.8,499.8,298000,-1.0,-1.0,-1.0
2018/11/19,498.0,499.6,485.8,490.20000000000005,420500,-1.0,-1.0,-1.0
2018/11/20,488.40000000000003,495.8,486.20000000000005,493.8,289000,-1.0,-1.0,-1.0
2018/11/21,485.8,490.0,483.40000000000003,489.20000000000005,291500,-1.0,-1.0,-1.0
2018/11/22,491.8,496.6,488.0,496.20000000000005,233000,-1.0,-1.0,-1.0
2018/11/26,488.0,495.20000000000005,488.0,493.20000000000005,182000,-1.0,-1.0,-1.0
2018/11/27,495.8,501.40000000000003,493.40000000000003,500.20000000000005,258000,-1.0,-1.0,-1.0
2018/11/28,500.20000000000005,503.8,495.40000000000003,497.20000000000005,277500,-1.0,-1.0,-1.0
2018/11/29,503.40000000000003,504.6,498.20000000000005,499.6,263500,-1.0,-1.0,-1.0
2018/11/30,498.8,500.20000000000005,493.40000000000003,498.0,337000,-1.0,-1.0,-1.0
2018/12/03,497.0,500.40000000000003,490.8,499.6,421000,-1.0,-1.0,-1.0
2018/12/04,496.20000000000005,498.0,482.8,483.20000000000005,645500,-1.0,-1.0,-1.0
2018/12/05,477.6,480.40000000000003,474.40000000000003,478.8,483500,-1.0,-1.0,-1.0
2018/12/06,475.6,479.8,473.0,479.40000000000003,407500,-1.0,-1.0,-1.0
2018/12/07,478.0,480.0,474.40000000000003,478.6,282500,-1.0,-1.0,-1.0
2018/12/10,471.0,477.40000000000003,471.0,474.8,259500,-1.0,-1.0,-1.0
2018/12/11,473.20000000000005,473.20000000000005,462.0,464.40000000000003,430000,-1.0,-1.0,-1.0
2018/12/12,467.6,474.40000000000003,467.0,470.40000000000003,286000,-1.0,-1.0,-1.0
2018/12/13,472.0,478.8,472.0,474.40000000000003,317500,-1.0,-1.0,-1.0
2018/12/14,469.20000000000005,473.6,468.40000000000003,471.6,665000,-1.0,-1.0,-1.0
2018/12/17,475.40000000000003,476.8,470.0,473.8,452000,-1.0,-1.0,-1.0
2018/12/18,470.40000000000003,470.40000000000003,463.40000000000003,464.6,442000,-1.0,-1.0,-1.0
2018/12/19,464.6,465.20000000000005,452.20000000000005,456.20000000000005,529000,-1.0,-1.0,-1.0
2018/12/20,456.0,456.0,444.8,446.6,540000,-1.0,-1.0,-1.0
2018/12/21,443.0,443.8,428.0,433.20000000000005,903500,-1.0,-1.0,-1.0
2018/12/25,414.40000000000003,415.0,402.8,406.6,1215000,-1.0,-1.0,-1.0
2018/12/26,409.0,423.6,409.0,417.8,544500,-1.0,-1.0,-1.0
2018/12/27,427.8,442.8,427.0,439.20000000000005,431000,-1.0,-1.0,-1.0
2018/12/28,438.0,444.0,434.8,439.40000000000003,223000,-1.0,-1.0,-1.0
2019/01/04,435.20000000000005,455.40000000000003,435.20000000000005,454.40000000000003,888000,-1.0,-1.0,-1.0
2019/01/07,471.6,473.20000000000005,457.40000000000003,459.40000000000003,519000,-1.0,-1.0,-1.0
2019/01/08,462.40000000000003,469.6,458.0,466.8,322500,-1.0,-1.0,-1.0
2019/01/09,469.40000000000003,470.8,463.20000000000005,464.6,237000,-1.0,-1.0,-1.0
2019/01/10,460.0,461.8,455.0,458.40000000000003,326500,-1.0,-1.0,-1.0
2019/01/11,462.8,463.0,456.0,458.0,219000,-1.0,-1.0,-1.0
2019/01/15,448.6,456.40000000000003,448.6,454.0,308000,-1.0,-1.0,-1.0
2019/01/16,453.0,453.0,446.6,447.6,240000,-1.0,-1.0,-1.0
2019/01/17,450.6,455.0,447.0,449.8,356000,-1.0,-1.0,-1.0
2019/01/18,453.6,456.6,449.8,452.6,540000,-1.0,-1.0,-1.0
2019/01/21,454.40000000000003,464.8,453.20000000000005,461.0,391500,-1.0,-1.0,-1.0
2019/01/22,464.6,464.6,456.40000000000003,459.0,177500,-1.0,-1.0,-1.0
2019/01/23,453.0,456.20000000000005,451.0,451.6,262500,-1.0,-1.0,-1.0
2019/01/24,452.20000000000005,459.20000000000005,450.8,458.20000000000005,221500,-1.0,-1.0,-1.0
2019/01/25,457.20000000000005,463.0,456.20000000000005,458.6,276000,-1.0,-1.0,-1.0
2019/01/28,457.0,457.0,449.40000000000003,449.40000000000003,204500,-1.0,-1.0,-1.0
2019/01/29,448.6,451.8,447.0,450.6,202000,-1.0,-1.0,-1.0
2019/01/30,455.0,455.0,446.0,446.40000000000003,293500,-1.0,-1.0,-1.0
2019/01/31,451.20000000000005,455.20000000000005,447.6,452.8,311500,-1.0,-1.0,-1.0
2019/02/01,450.40000000000003,450.40000000000003,442.6,442.6,331000,-1.0,-1.0,-1.0
2019/02/04,446.6,456.40000000000003,446.6,452.20000000000005,294000,-1.0,-1.0,-1.0
2019/02/05,449.0,455.20000000000005,449.0,455.0,224000,-1.0,-1.0,-1.0
2019/02/06,455.20000000000005,455.8,451.20000000000005,451.8,214000,-1.0,-1.0,-1.0
2019/02/07,448.20000000000005,451.6,446.40000000000003,447.8,209000,-1.0,-1.0,-1.0
2019/02/08,444.0,444.0,437.0,438.0,319000,-1.0,-1.0,-1.0
2019/02/12,437.0,452.20000000000005,436.6,452.20000000000005,348000,-1.0,-1.0,-1.0
2019/02/13,453.0,455.40000000000003,446.6,448.8,303000,-1.0,-1.0,-1.0
2019/02/14,448.0,449.8,442.6,447.20000000000005,183500,-1.0,-1.0,-1.0
2019/02/15,442.40000000000003,451.0,440.0,451.0,269000,-1.0,-1.0,-1.0
2019/02/18,456.40000000000003,459.40000000000003,452.8,453.6,437000,-1.0,-1.0,-1.0
2019/02/19,453.8,456.20000000000005,451.20000000000005,456.20000000000005,289500,-1.0,-1.0,-1.0
2019/02/20,457.40000000000003,459.0,452.8,454.8,251500,-1.0,-1.0,-1.0
2019/02/21,456.0,458.40000000000003,452.6,455.40000000000003,261500,-1.0,-1.0,-1.0
2019/02/22,454.6,454.6,448.20000000000005,451.0,289000,-1.0,-1.0,-1.0
2019/02/25,451.20000000000005,455.8,449.6,449.8,272000,-1.0,-1.0,-1.0
2019/02/26,452.0,452.20000000000005,446.8,449.0,197500,-1.0,-1.0,-1.0
2019/02/27,449.8,453.0,445.20000000000005,446.6,351000,-1.0,-1.0,-1.0
2019/02/28,445.8,451.20000000000005,443.20000000000005,450.40000000000003,383500,-1.0,-1.0,-1.0
2019/03/01,454.6,458.6,454.20000000000005,457.8,308500,-1.0,-1.0,-1.0
2019/03/04,460.0,461.20000000000005,457.6,461.0,295000,-1.0,-1.0,-1.0
2019/03/05,457.8,466.8,457.8,465.20000000000005,307000,-1.0,-1.0,-1.0
2019/03/06,462.20000000000005,466.6,459.8,464.8,246500,-1.0,-1.0,-1.0
2019/03/07,461.0,465.40000000000003,459.8,464.8,293000,-1.0,-1.0,-1.0
2019/03/08,459.40000000000003,460.6,453.6,454.40000000000003,659500,-1.0,-1.0,-1.0
2019/03/11,455.0,458.20000000000005,452.8,457.20000000000005,240000,-1.0,-1.0,-1.0
2019/03/12,459.8,465.8,459.8,462.40000000000003,303000,-1.0,-1.0,-1.0
2019/03/13,462.20000000000005,463.6,457.8,458.20000000000005,182000,-1.0,-1.0,-1.0
2019/03/14,463.6,465.0,458.6,459.8,256500,-1.0,-1.0,-1.0
2019/03/15,463.0,467.40000000000003,460.40000000000003,462.6,673000,-1.0,-1.0,-1.0
2019/03/18,464.40000000000003,468.8,464.0,468.8,396500,-1.0,-1.0,-1.0
2019/03/19,470.0,471.6,464.40000000000003,465.6,290500,-1.0,-1.0,-1.0
2019/03/20,468.20000000000005,471.8,464.8,471.8,307500,-1.0,-1.0,-1.0
2019/03/22,475.8,476.8,468.20000000000005,476.6,552000,-1.0,-1.0,-1.0
2019/03/25,469.20000000000005,470.40000000000003,463.6,468.20000000000005,480000,-1.0,-1.0,-1.0
2019/03/26,472.6,490.40000000000003,470.8,490.40000000000003,704000,-1.0,-1.0,-1.0
2019/03/27,478.20000000000005,479.0,469.8,472.6,461500,-1.0,-1.0,-1.0
2019/03/28,468.8,468.8,455.0,458.6,511000,-1.0,-1.0,-1.0
2019/03/29,463.40000000000003,463.40000000000003,455.40000000000003,460.0,200500,-1.0,-1.0,-1.0
2019/04/01,466.40000000000003,473.8,463.40000000000003,471.0,369500,-1.0,-1.0,-1.0
2019/04/02,477.8,478.8,473.6,475.40000000000003,255500,-1.0,-1.0,-1.0
2019/04/03,472.0,476.40000000000003,470.8,476.20000000000005,283500,-1.0,-1.0,-1.0
2019/04/04,477.0,479.0,471.0,472.20000000000005,443000,-1.0,-1.0,-1.0
2019/04/05,474.20000000000005,475.0,471.20000000000005,474.6,161500,-1.0,-1.0,-1.0
2019/04/08,477.6,494.20000000000005,476.40000000000003,489.20000000000005,1228000,-1.0,-1.0,-1.0
2019/04/09,490.20000000000005,501.6,489.40000000000003,490.6,1073500,-1.0,-1.0,-1.0
2019/04/10,483.0,493.20000000000005,481.8,490.20000000000005,593000,-1.0,-1.0,-1.0
2019/04/11,485.8,491.20000000000005,483.6,488.8,538500,-1.0,-1.0,-1.0
2019/04/12,493.0,496.0,486.40000000000003,487.0,451000,-1.0,-1.0,-1.0
2019/04/15,495.0,501.6,492.6,499.20000000000005,622000,-1.0,-1.0,-1.0
2019/04/16,493.8,502.6,493.8,499.0,455500,-1.0,-1.0,-1.0
2019/04/17,497.40000000000003,503.20000000000005,497.40000000000003,498.40000000000003,464000,-1.0,-1.0,-1.0
2019/04/18,496.0,501.40000000000003,485.20000000000005,487.20000000000005,879500,-1.0,-1.0,-1.0
2019/04/19,489.20000000000005,497.8,488.20000000000005,495.8,669500,-1.0,-1.0,-1.0
2019/04/22,493.40000000000003,501.6,490.0,500.8,590000,-1.0,-1.0,-1.0
2019/04/23,500.8,507.20000000000005,497.6,500.0,852000,-1.0,-1.0,-1.0
2019/04/24,497.40000000000003,498.40000000000003,490.20000000000005,494.6,734500,-1.0,-1.0,-1.0
2019/04/25,495.6,511.0,490.0,503.20000000000005,3681500,-1.0,-1.0,-1.0
2019/04/26,498.0,503.8,495.20000000000005,501.6,811000,-1.0,-1.0,-1.0
2019/05/07,497.20000000000005,502.20000000000005,486.20000000000005,489.0,800000,-1.0,-1.0,-1.0
2019/05/08,480.0,482.20000000000005,475.8,479.0,678500,-1.0,-1.0,-1.0
2019/05/09,476.0,479.0,473.8,475.8,654000,-1.0,-1.0,-1.0
2019/05/10,486.6,490.8,480.0,486.8,778500,-1.0,-1.0,-1.0
2019/05/13,477.20000000000005,483.6,469.0,469.0,623000,-1.0,-1.0,-1.0
2019/05/14,459.0,471.8,457.0,471.6,309500,-1.0,-1.0,-1.0
2019/05/15,471.0,471.40000000000003,466.0,469.8,354500,-1.0,-1.0,-1.0
2019/05/16,469.20000000000005,469.20000000000005,463.6,467.6,300500,-1.0,-1.0,-1.0
2019/05/17,469.8,476.40000000000003,466.0,473.20000000000005,305500,-1.0,-1.0,-1.0
2019/05/20,476.40000000000003,480.8,474.20000000000005,479.8,228500,-1.0,-1.0,-1.0
2019/05/21,474.20000000000005,483.40000000000003,474.20000000000005,482.6,277000,-1.0,-1.0,-1.0
2019/05/22,484.0,489.8,482.20000000000005,488.8,272500,-1.0,-1.0,-1.0
2019/05/23,486.20000000000005,488.0,479.40000000000003,481.40000000000003,302500,-1.0,-1.0,-1.0
2019/05/24,478.0,488.40000000000003,474.8,487.20000000000005,257500,-1.0,-1.0,-1.0
2019/05/27,488.8,492.8,488.8,491.8,103000,-1.0,-1.0,-1.0
2019/05/28,491.6,494.0,488.20000000000005,489.40000000000003,366000,-1.0,-1.0,-1.0
2019/05/29,481.0,489.8,480.40000000000003,488.8,271500,-1.0,-1.0,-1.0
2019/05/30,484.40000000000003,491.0,484.40000000000003,490.40000000000003,284000,-1.0,-1.0,-1.0
2019/05/31,485.6,486.0,478.40000000000003,481.20000000000005,329500,-1.0,-1.0,-1.0
2019/06/03,474.0,477.0,471.0,474.0,198000,-1.0,-1.0,-1.0
2019/06/04,477.40000000000003,481.0,475.6,480.6,308000,-1.0,-1.0,-1.0
2019/06/05,487.8,500.0,487.8,492.0,608000,-1.0,-1.0,-1.0
2019/06/06,491.20000000000005,494.40000000000003,487.8,489.20000000000005,248500,-1.0,-1.0,-1.0
2019/06/07,490.8,500.6,488.0,500.0,567000,-1.0,-1.0,-1.0
2019/06/10,504.20000000000005,505.8,500.20000000000005,504.40000000000003,196000,-1.0,-1.0,-1.0
2019/06/11,504.6,509.6,503.8,508.20000000000005,186000,-1.0,-1.0,-1.0
2019/06/12,508.0,508.0,504.0,504.0,144500,-1.0,-1.0,-1.0
2019/06/13,499.20000000000005,500.40000000000003,492.8,495.6,329500,-1.0,-1.0,-1.0
2019/06/14,497.0,497.20000000000005,491.20000000000005,497.20000000000005,425500,-1.0,-1.0,-1.0
2019/06/17,497.8,498.20000000000005,494.20000000000005,495.40000000000003,319000,-1.0,-1.0,-1.0
2019/06/18,495.0,496.8,487.8,488.8,278000,-1.0,-1.0,-1.0
2019/06/19,493.0,498.8,491.0,497.8,332000,-1.0,-1.0,-1.0
2019/06/20,497.8,499.0,493.40000000000003,493.40000000000003,212500,-1.0,-1.0,-1.0
2019/06/21,495.0,495.0,479.20000000000005,481.20000000000005,778500,-1.0,-1.0,-1.0
2019/06/24,483.6,483.6,475.40000000000003,476.20000000000005,299500,-1.0,-1.0,-1.0
2019/06/25,475.0,476.6,470.6,473.6,268500,-1.0,-1.0,-1.0
2019/06/26,467.20000000000005,470.0,462.40000000000003,463.6,234500,-1.0,-1.0,-1.0
2019/06/27,465.40000000000003,473.6,465.40000000000003,473.6,306000,-1.0,-1.0,-1.0
2019/06/28,468.40000000000003,473.0,467.8,473.0,258000,-1.0,-1.0,-1.0
2019/07/01,483.0,487.6,478.40000000000003,487.6,345500,-1.0,-1.0,-1.0
2019/07/02,489.0,493.8,487.40000000000003,491.20000000000005,329500,-1.0,-1.0,-1.0
2019/07/03,488.0,490.0,485.6,490.0,200000,-1.0,-1.0,-1.0
2019/07/04,493.6,494.8,489.20000000000005,494.20000000000005,248500,-1.0,-1.0,-1.0
2019/07/05,495.8,495.8,491.40000000000003,493.20000000000005,214000,-1.0,-1.0,-1.0
2019/07/08,493.8,498.0,491.6,492.20000000000005,249000,-1.0,-1.0,-1.0
2019/07/09,490.6,494.8,485.6,487.8,240000,-1.0,-1.0,-1.0
2019/07/10,485.0,488.0,483.6,486.6,304000,-1.0,-1.0,-1.0
2019/07/11,486.6,489.40000000000003,485.40000000000003,489.20000000000005,194000,-1.0,-1.0,-1.0
2019/07/12,488.8,493.40000000000003,488.6,492.40000000000003,288000,-1.0,-1.0,-1.0
2019/07/16,490.20000000000005,497.0,488.8,496.20000000000005,284000,-1.0,-1.0,-1.0
2019/07/17,493.6,496.8,491.6,491.8,281000,-1.0,-1.0,-1.0
2019/07/18,488.40000000000003,488.40000000000003,472.6,473.0,566000,-1.0,-1.0,-1.0
2019/07/19,477.40000000000003,487.8,472.40000000000003,485.6,427500,-1.0,-1.0,-1.0
2019/07/22,485.20000000000005,485.20000000000005,479.0,480.8,183500,-1.0,-1.0,-1.0
2019/07/23,480.40000000000003,485.8,478.0,481.6,200000,-1.0,-1.0,-1.0
2019/07/24,481.40000000000003,481.40000000000003,474.20000000000005,476.40000000000003,283000,-1.0,-1.0,-1.0
2019/07/25,475.40000000000003,480.8,475.40000000000003,480.20000000000005,99500,-1.0,-1.0,-1.0
2019/07/26,474.6,479.6,473.6,477.8,128000,-1.0,-1.0,-1.0
2019/07/29,477.20000000000005,479.0,474.0,479.0,220000,-1.0,-1.0,-1.0
2019/07/30,479.6,481.6,475.0,480.6,267500,-1.0,-1.0,-1.0
2019/07/31,471.0,474.20000000000005,468.40000000000003,470.0,539000,-1.0,-1.0,-1.0
2019/08/01,466.20000000000005,473.40000000000003,466.20000000000005,470.8,271000,-1.0,-1.0,-1.0
2019/08/02,462.0,462.0,449.20000000000005,450.40000000000003,605500,-1.0,-1.0,-1.0
2019/08/05,443.20000000000005,445.20000000000005,433.20000000000005,439.20000000000005,539000,-1.0,-1.0,-1.0
2019/08/06,425.6,433.40000000000003,421.20000000000005,433.40000000000003,402000,-1.0,-1.0,-1.0
2019/08/07,427.40000000000003,434.20000000000005,427.40000000000003,432.40000000000003,274000,-1.0,-1.0,-1.0
2019/08/08,427.6,431.8,425.0,431.40000000000003,280500,-1.0,-1.0,-1.0
2019/08/09,431.8,433.6,430.40000000000003,432.40000000000003,232500,-1.0,-1.0,-1.0
2019/08/13,432.8,440.8,423.20000000000005,439.0,582500,-1.0,-1.0,-1.0
2019/08/14,442.6,445.0,438.40000000000003,439.8,276000,-1.0,-1.0,-1.0
2019/08/15,427.6,433.40000000000003,426.0,432.8,245000,-1.0,-1.0,-1.0
2019/08/16,430.20000000000005,431.0,425.8,429.20000000000005,265000,-1.0,-1.0,-1.0
2019/08/19,432.40000000000003,435.0,428.8,429.8,265500,-1.0,-1.0,-1.0
2019/08/20,434.0,439.0,431.20000000000005,436.6,336500,-1.0,-1.0,-1.0
2019/08/21,430.0,432.8,429.8,431.40000000000003,200000,-1.0,-1.0,-1.0
2019/08/22,435.6,435.6,430.0,432.0,193000,-1.0,-1.0,-1.0
2019/08/23,432.6,435.40000000000003,431.20000000000005,434.6,121500,-1.0,-1.0,-1.0
2019/08/26,420.40000000000003,426.6,420.0,425.40000000000003,319500,-1.0,-1.0,-1.0
2019/08/27,430.0,431.20000000000005,426.6,427.20000000000005,204000,-1.0,-1.0,-1.0
2019/08/28,427.20000000000005,433.40000000000003,424.20000000000005,430.40000000000003,308500,-1.0,-1.0,-1.0
2019/08/29,433.40000000000003,433.40000000000003,426.8,431.40000000000003,160500,-1.0,-1.0,-1.0
2019/08/30,437.6,441.6,434.6,440.8,337000,-1.0,-1.0,-1.0
2019/09/02,436.8,437.8,434.0,435.6,234000,-1.0,-1.0,-1.0
2019/09/03,436.20000000000005,443.40000000000003,434.6,440.8,191500,-1.0,-1.0,-1.0
2019/09/04,437.6,439.8,432.0,432.0,249000,-1.0,-1.0,-1.0
2019/09/05,436.0,443.8,433.20000000000005,441.6,332500,-1.0,-1.0,-1.0
2019/09/06,445.0,447.8,441.0,441.6,137500,-1.0,-1.0,-1.0
2019/09/09,441.8,447.6,441.8,447.6,168500,-1.0,-1.0,-1.0
2019/09/10,450.20000000000005,459.6,450.20000000000005,459.40000000000003,375000,-1.0,-1.0,-1.0
2019/09/11,465.6,474.40000000000003,464.0,474.40000000000003,436500,-1.0,-1.0,-1.0
2019/09/12,475.0,477.0,469.6,474.20000000000005,399000,-1.0,-1.0,-1.0
2019/09/13,478.0,482.20000000000005,470.40000000000003,482.0,711500,-1.0,-1.0,-1.0
2019/09/17,484.0,490.0,480.8,484.8,437500,-1.0,-1.0,-1.0
2019/09/18,479.6,480.20000000000005,472.8,477.8,301000,-1.0,-1.0,-1.0
2019/09/19,481.20000000000005,484.6,479.40000000000003,482.6,409500,-1.0,-1.0,-1.0
2019/09/20,485.20000000000005,487.6,478.40000000000003,487.20000000000005,445000,-1.0,-1.0,-1.0
2019/09/24,490.0,493.8,487.6,488.6,421000,-1.0,-1.0,-1.0
2019/09/25,487.0,492.6,484.0,492.6,319000,-1.0,-1.0,-1.0
2019/09/26,499.0,506.6,499.0,502.0,629000,-1.0,-1.0,-1.0
2019/09/27,488.0,492.8,479.20000000000005,485.20000000000005,467000,-1.0,-1.0,-1.0
2019/09/30,484.6,485.8,476.0,478.20000000000005,309000,-1.0,-1.0,-1.0
2019/10/01,478.8,490.40000000000003,478.8,489.6,304500,-1.0,-1.0,-1.0
2019/10/02,485.40000000000003,497.8,481.40000000000003,497.20000000000005,451000,-1.0,-1.0,-1.0
2019/10/03,484.6,485.6,479.40000000000003,482.6,257500,-1.0,-1.0,-1.0
2019/10/04,479.0,481.0,475.0,480.20000000000005,269000,-1.0,-1.0,-1.0
2019/10/07,480.0,480.6,473.40000000000003,475.8,206500,-1.0,-1.0,-1.0
2019/10/08,479.8,484.40000000000003,479.0,483.6,287500,-1.0,-1.0,-1.0
2019/10/09,477.8,485.20000000000005,476.40000000000003,485.20000000000005,236500,-1.0,-1.0,-1.0
2019/10/10,485.20000000000005,485.20000000000005,477.0,484.0,184500,-1.0,-1.0,-1.0
2019/10/11,489.6,491.40000000000003,484.6,490.8,262500,-1.0,-1.0,-1.0
2019/10/15,500.0,507.6,498.20000000000005,501.20000000000005,448000,-1.0,-1.0,-1.0
2019/10/16,507.8,513.4,501.20000000000005,502.6,435500,-1.0,-1.0,-1.0
2019/10/17,504.6,504.8,490.8,491.8,356000,-1.0,-1.0,-1.0
2019/10/18,495.0,500.40000000000003,490.40000000000003,492.0,301500,-1.0,-1.0,-1.0
2019/10/21,497.0,497.20000000000005,492.20000000000005,494.40000000000003,208000,-1.0,-1.0,-1.0
2019/10/23,498.8,499.8,492.8,499.6,283500,-1.0,-1.0,-1.0
2019/10/24,500.40000000000003,506.20000000000005,499.0,501.6,334500,-1.0,-1.0,-1.0
2019/10/25,500.6,505.6,496.0,504.6,231000,-1.0,-1.0,-1.0
2019/10/28,501.8,506.6,500.0,504.20000000000005,225000,-1.0,-1.0,-1.0
2019/10/29,512.0,515.8000000000001,509.0,513.6,448000,-1.0,-1.0,-1.0
2019/10/30,512.8000000000001,521.4,508.6,520.8000000000001,913000,-1.0,-1.0,-1.0
2019/10/31,520.8000000000001,526.2,515.6,525.8000000000001,596500,-1.0,-1.0,-1.0
2019/11/01,517.2,529.8000000000001,517.2,529.8000000000001,390500,-1.0,-1.0,-1.0
2019/11/05,537.0,539.2,530.2,536.4,559500,-1.0,-1.0,-1.0
2019/11/06,538.6,539.8000000000001,534.8000000000001,537.0,351500,-1.0,-1.0,-1.0
2019/11/07,537.0,538.0,531.4,535.2,316500,-1.0,-1.0,-1.0
2019/11/08,539.4,540.0,525.2,529.4,561500,-1.0,-1.0,-1.0
2019/11/11,529.4,538.6,528.2,532.0,480500,-1.0,-1.0,-1.0
2019/11/12,532.8000000000001,538.8000000000001,529.8000000000001,537.0,515000,-1.0,-1.0,-1.0
2019/11/13,536.4,536.4,526.2,527.0,323500,-1.0,-1.0,-1.0
2019/11/14,523.4,524.4,511.40000000000003,514.4,353000,-1.0,-1.0,-1.0
2019/11/15,513.6,529.0,513.6,526.4,417500,-1.0,-1.0,-1.0
2019/11/18,524.4,524.8000000000001,517.6,521.2,274500,-1.0,-1.0,-1.0
2019/11/19,516.2,520.0,512.2,512.4,221500,-1.0,-1.0,-1.0
2019/11/20,510.6,511.0,500.8,504.40000000000003,305000,-1.0,-1.0,-1.0
2019/11/21,500.8,504.0,494.40000000000003,503.8,257500,-1.0,-1.0,-1.0
2019/11/22,504.0,512.4,502.8,507.0,263000,-1.0,-1.0,-1.0
2019/11/25,512.6,513.8000000000001,509.6,510.6,159000,-1.0,-1.0,-1.0
2019/11/26,511.20000000000005,512.8000000000001,505.8,506.0,250000,-1.0,-1.0,-1.0
2019/11/27,504.6,513.0,504.0,512.8000000000001,318000,-1.0,-1.0,-1.0
2019/11/28,511.20000000000005,511.20000000000005,505.20000000000005,507.0,218500,-1.0,-1.0,-1.0
2019/11/29,505.0,510.40000000000003,503.0,506.6,203500,-1.0,-1.0,-1.0
2019/12/02,510.0,513.0,507.40000000000003,510.0,359000,-1.0,-1.0,-1.0
2019/12/03,502.8,504.40000000000003,497.40000000000003,500.20000000000005,307000,-1.0,-1.0,-1.0
2019/12/04,493.8,499.0,491.40000000000003,498.8,250000,-1.0,-1.0,-1.0
2019/12/05,502.40000000000003,502.40000000000003,496.20000000000005,498.20000000000005,171500,-1.0,-1.0,-1.0
2019/12/06,500.20000000000005,501.6,494.20000000000005,498.8,234000,-1.0,-1.0,-1.0
2019/12/09,505.0,505.8,496.40000000000003,498.6,187000,-1.0,-1.0,-1.0
2019/12/10,500.40000000000003,502.6,495.20000000000005,495.20000000000005,201000,-1.0,-1.0,-1.0
2019/12/11,493.8,494.6,488.0,489.6,281000,-1.0,-1.0,-1.0
2019/12/12,491.0,491.40000000000003,483.6,484.40000000000003,247500,-1.0,-1.0,-1.0
2019/12/13,496.8,499.8,489.20000000000005,494.6,1303500,-1.0,-1.0,-1.0
2019/12/16,494.20000000000005,498.6,490.20000000000005,494.40000000000003,376000,-1.0,-1.0,-1.0
2019/12/17,495.6,496.8,491.8,494.8,343500,-1.0,-1.0,-1.0
2019/12/18,493.6,493.8,487.6,489.6,339500,-1.0,-1.0,-1.0
2019/12/19,487.8,490.8,483.6,486.20000000000005,211500,-1.0,-1.0,-1.0
2019/12/20,486.8,487.0,481.20000000000005,481.20000000000005,398000,-1.0,-1.0,-1.0
2019/12/23,484.40000000000003,484.40000000000003,479.8,483.0,473000,-1.0,-1.0,-1.0
2019/12/24,483.0,484.6,478.0,479.6,171000,-1.0,-1.0,-1.0
2019/12/25,475.8,477.6,470.20000000000005,470.8,160000,-1.0,-1.0,-1.0
2019/12/26,468.40000000000003,474.0,468.40000000000003,473.40000000000003,336000,-1.0,-1.0,-1.0
2019/12/27,477.8,484.6,477.0,483.40000000000003,336000,-1.0,-1.0,-1.0
2019/12/30,480.6,480.6,473.40000000000003,477.40000000000003,174500,-1.0,-1.0,-1.0
2020/01/06,467.40000000000003,467.40000000000003,461.40000000000003,464.40000000000003,412000,-1.0,-1.0,-1.0
2020/01/07,467.40000000000003,475.6,464.0,473.40000000000003,341000,-1.0,-1.0,-1.0
2020/01/08,464.0,466.0,459.8,461.6,427500,-1.0,-1.0,-1.0
2020/01/09,467.40000000000003,470.20000000000005,462.20000000000005,465.8,279000,-1.0,-1.0,-1.0
2020/01/10,466.20000000000005,468.40000000000003,462.20000000000005,462.20000000000005,217000,-1.0,-1.0,-1.0
2020/01/14,461.8,462.20000000000005,456.20000000000005,457.20000000000005,395000,-1.0,-1.0,-1.0
2020/01/15,457.20000000000005,457.6,452.0,455.6,297500,-1.0,-1.0,-1.0
2020/01/16,455.6,455.6,452.0,452.0,210500,-1.0,-1.0,-1.0
2020/01/17,453.40000000000003,458.40000000000003,452.20000000000005,455.8,288500,-1.0,-1.0,-1.0
2020/01/20,462.20000000000005,463.8,456.8,456.8,378000,-1.0,-1.0,-1.0
2020/01/21,457.0,458.40000000000003,454.20000000000005,458.0,169500,-1.0,-1.0,-1.0
2020/01/22,453.0,460.20000000000005,451.20000000000005,457.20000000000005,210000,-1.0,-1.0,-1.0
2020/01/23,455.0,458.40000000000003,454.40000000000003,457.8,192000,-1.0,-1.0,-1.0
2020/01/24,454.8,456.8,454.0,454.8,270500,-1.0,-1.0,-1.0
2020/01/27,449.0,450.40000000000003,444.40000000000003,449.8,334500,-1.0,-1.0,-1.0
2020/01/28,446.0,455.8,442.8,455.40000000000003,439500,-1.0,-1.0,-1.0
2020/01/29,454.6,462.20000000000005,452.8,461.6,289000,-1.0,-1.0,-1.0
2020/01/30,458.6,461.8,452.40000000000003,457.0,225500,-1.0,-1.0,-1.0
2020/01/31,461.40000000000003,461.8,455.6,455.6,260500,-1.0,-1.0,-1.0
2020/02/03,447.0,457.0,446.0,454.40000000000003,257000,-1.0,-1.0,-1.0
2020/02/04,451.8,462.8,451.8,462.8,192000,-1.0,-1.0,-1.0
2020/02/05,463.6,468.40000000000003,462.0,464.20000000000005,321500,-1.0,-1.0,-1.0
2020/02/06,471.40000000000003,474.8,470.20000000000005,470.6,280000,-1.0,-1.0,-1.0
2020/02/07,474.40000000000003,474.40000000000003,458.0,460.8,189000,-1.0,-1.0,-1.0
2020/02/10,455.6,465.20000000000005,453.8,462.6,222000,-1.0,-1.0,-1.0
2020/02/12,461.40000000000003,462.8,456.8,462.6,154500,-1.0,-1.0,-1.0
2020/02/13,459.40000000000003,460.40000000000003,456.20000000000005,460.0,118000,-1.0,-1.0,-1.0
2020/02/14,458.20000000000005,461.8,456.20000000000005,461.20000000000005,211000,-1.0,-1.0,-1.0
2020/02/17,454.6,458.0,451.20000000000005,457.20000000000005,128000,-1.0,-1.0,-1.0
2020/02/18,456.20000000000005,456.6,450.40000000000003,452.8,237000,-1.0,-1.0,-1.0
2020/02/19,451.20000000000005,452.40000000000003,448.40000000000003,449.8,286000,-1.0,-1.0,-1.0
2020/02/20,453.6,454.0,446.0,446.40000000000003,212000,-1.0,-1.0,-1.0
2020/02/21,444.20000000000005,449.40000000000003,444.20000000000005,446.6,191000,-1.0,-1.0,-1.0
2020/02/25,428.0,430.8,424.20000000000005,425.0,463500,-1.0,-1.0,-1.0
2020/02/26,418.40000000000003,421.20000000000005,413.20000000000005,421.0,422000,-1.0,-1.0,-1.0
2020/02/27,417.20000000000005,419.20000000000005,414.0,416.40000000000003,528000,-1.0,-1.0,-1.0
2020/02/28,408.0,410.6,398.20000000000005,405.0,713000,-1.0,-1.0,-1.0
2020/03/02,402.8,413.0,398.40000000000003,412.0,474000,-1.0,-1.0,-1.0
2020/03/03,420.0,420.0,405.8,405.8,467500,-1.0,-1.0,-1.0
2020/03/04,396.20000000000005,399.8,391.8,398.6,451000,-1.0,-1.0,-1.0
2020/03/05,398.6,404.8,395.0,398.20000000000005,406500,-1.0,-1.0,-1.0
2020/03/06,391.0,391.40000000000003,377.40000000000003,380.40000000000003,472000,-1.0,-1.0,-1.0
2020/03/09,364.0,372.40000000000003,347.6,350.20000000000005,481000,-1.0,-1.0,-1.0
2020/03/10,342.20000000000005,355.20000000000005,330.8,354.40000000000003,392500,-1.0,-1.0,-1.0
2020/03/11,353.40000000000003,363.8,348.40000000000003,348.6,268500,-1.0,-1.0,-1.0
2020/03/12,338.6,341.8,328.20000000000005,329.40000000000003,493000,-1.0,-1.0,-1.0
2020/03/13,300.40000000000003,322.0,298.0,313.0,1129500,-1.0,-1.0,-1.0
2020/03/16,317.6,334.6,317.6,320.8,495500,-1.0,-1.0,-1.0
2020/03/17,313.8,351.40000000000003,309.8,347.20000000000005,895000,-1.0,-1.0,-1.0
2020/03/18,353.8,370.6,347.40000000000003,358.40000000000003,585500,-1.0,-1.0,-1.0
2020/03/19,382.40000000000003,416.0,379.40000000000003,412.0,938500,-1.0,-1.0,-1.0
2020/03/23,402.40000000000003,419.0,396.0,411.40000000000003,960000,-1.0,-1.0,-1.0
2020/03/24,421.0,423.0,393.6,409.0,391000,-1.0,-1.0,-1.0
2020/03/25,407.40000000000003,409.20000000000005,398.6,409.0,419500,-1.0,-1.0,-1.0
2020/03/26,410.8,435.8,404.8,432.6,520000,-1.0,-1.0,-1.0
2020/03/27,434.8,472.40000000000003,434.8,472.40000000000003,811500,-1.0,-1.0,-1.0
2020/03/30,455.40000000000003,460.0,434.6,457.0,561500,-1.0,-1.0,-1.0
2020/03/31,457.0,459.0,431.40000000000003,435.0,420500,-1.0,-1.0,-1.0
2020/04/01,429.20000000000005,438.40000000000003,410.6,413.40000000000003,414000,-1.0,-1.0,-1.0
2020/04/02,409.6,411.0,390.40000000000003,394.40000000000003,373000,-1.0,-1.0,-1.0
2020/04/03,389.40000000000003,411.20000000000005,387.20000000000005,391.6,294500,-1.0,-1.0,-1.0
2020/04/06,386.20000000000005,407.0,385.8,402.20000000000005,342500,-1.0,-1.0,-1.0
2020/04/07,412.20000000000005,423.6,400.6,413.0,279000,-1.0,-1.0,-1.0
2020/04/08,416.0,426.8,410.20000000000005,419.8,382000,-1.0,-1.0,-1.0
2020/04/09,421.40000000000003,421.40000000000003,404.6,414.20000000000005,282000,-1.0,-1.0,-1.0
2020/04/10,418.0,429.6,408.6,426.40000000000003,269000,-1.0,-1.0,-1.0
2020/04/13,426.40000000000003,428.20000000000005,413.20000000000005,414.6,281000,-1.0,-1.0,-1.0
2020/04/14,413.0,420.6,405.6,419.20000000000005,266000,-1.0,-1.0,-1.0
2020/04/15,416.20000000000005,419.6,408.6,412.0,365500,-1.0,-1.0,-1.0
2020/04/16,404.6,421.8,404.6,421.20000000000005,373000,-1.0,-1.0,-1.0
2020/04/17,429.8,430.6,415.0,417.0,281500,-1.0,-1.0,-1.0
2020/04/20,414.6,428.40000000000003,414.6,423.0,272500,-1.0,-1.0,-1.0
2020/04/21,415.20000000000005,428.40000000000003,415.20000000000005,426.8,191500,-1.0,-1.0,-1.0
2020/04/22,426.8,432.20000000000005,421.8,424.8,256500,-1.0,-1.0,-1.0
2020/04/23,428.20000000000005,437.8,424.40000000000003,437.8,238500,-1.0,-1.0,-1.0
2020/04/24,439.8,443.20000000000005,432.40000000000003,442.20000000000005,282000,-1.0,-1.0,-1.0
2020/04/27,442.20000000000005,445.40000000000003,435.6,443.40000000000003,270500,-1.0,-1.0,-1.0
2020/04/28,440.8,447.8,437.0,444.40000000000003,220000,-1.0,-1.0,-1.0
2020/04/30,450.40000000000003,451.6,440.6,440.6,403000,-1.0,-1.0,-1.0
2020/05/01,438.0,441.20000000000005,432.20000000000005,440.20000000000005,286000,-1.0,-1.0,-1.0
2020/05/07,443.8,443.8,430.0,431.6,273000,-1.0,-1.0,-1.0
2020/05/08,439.0,443.20000000000005,434.6,441.20000000000005,175000,-1.0,-1.0,-1.0
2020/05/11,444.40000000000003,444.40000000000003,432.0,434.0,226000,-1.0,-1.0,-1.0
2020/05/12,433.20000000000005,433.20000000000005,424.0,425.40000000000003,190000,-1.0,-1.0,-1.0
2020/05/13,418.8,427.6,418.0,423.6,227000,-1.0,-1.0,-1.0
2020/05/14,421.20000000000005,421.20000000000005,403.20000000000005,403.20000000000005,315000,-1.0,-1.0,-1.0
2020/05/15,409.6,411.40000000000003,402.0,407.40000000000003,386500,-1.0,-1.0,-1.0
2020/05/18,410.20000000000005,416.6,404.0,414.8,255500,-1.0,-1.0,-1.0
2020/05/19,427.6,427.8,418.20000000000005,423.8,278500,-1.0,-1.0,-1.0
2020/05/20,423.6,423.8,418.40000000000003,422.0,309000,-1.0,-1.0,-1.0
2020/05/21,422.0,429.8,418.0,429.40000000000003,184500,-1.0,-1.0,-1.0
2020/05/22,430.6,430.6,422.20000000000005,424.0,127000,-1.0,-1.0,-1.0
2020/05/25,426.0,430.0,424.6,430.0,100500,-1.0,-1.0,-1.0
2020/05/26,435.6,440.40000000000003,430.40000000000003,439.40000000000003,256000,-1.0,-1.0,-1.0
2020/05/27,439.40000000000003,444.6,432.40000000000003,443.6,407500,-1.0,-1.0,-1.0
2020/05/28,445.20000000000005,461.8,445.20000000000005,461.8,544000,-1.0,-1.0,-1.0
2020/05/29,461.8,466.20000000000005,454.8,454.8,436000,-1.0,-1.0,-1.0
2020/06/01,454.20000000000005,454.20000000000005,441.20000000000005,445.20000000000005,198000,-1.0,-1.0,-1.0
2020/06/02,450.0,454.0,447.20000000000005,448.8,224000,-1.0,-1.0,-1.0
2020/06/03,449.20000000000005,456.0,448.8,455.8,208000,-1.0,-1.0,-1.0
2020/06/04,459.8,463.20000000000005,450.20000000000005,460.8,232500,-1.0,-1.0,-1.0
2020/06/05,459.8,467.6,458.0,463.40000000000003,319500,-1.0,-1.0,-1.0
2020/06/08,465.40000000000003,473.6,465.20000000000005,473.6,284000,-1.0,-1.0,-1.0
2020/06/09,475.40000000000003,477.0,460.8,465.20000000000005,204500,-1.0,-1.0,-1.0
2020/06/10,468.6,468.6,460.8,463.20000000000005,245500,-1.0,-1.0,-1.0
2020/06/11,458.0,461.8,454.20000000000005,457.0,238500,-1.0,-1.0,-1.0
2020/06/12,442.40000000000003,454.40000000000003,442.40000000000003,448.6,390000,-1.0,-1.0,-1.0
2020/06/15,444.0,453.40000000000003,440.40000000000003,440.40000000000003,267500,-1.0,-1.0,-1.0
2020/06/16,450.40000000000003,462.8,448.0,461.8,457500,-1.0,-1.0,-1.0
2020/06/17,457.8,468.0,457.8,463.8,245500,-1.0,-1.0,-1.0
2020/06/18,459.8,464.20000000000005,455.8,462.6,243500,-1.0,-1.0,-1.0
2020/06/19,464.0,469.8,459.0,466.20000000000005,353000,-1.0,-1.0,-1.0
2020/06/22,464.40000000000003,470.0,464.40000000000003,465.8,127000,-1.0,-1.0,-1.0
2020/06/23,471.0,471.0,463.20000000000005,467.20000000000005,199000,-1.0,-1.0,-1.0
2020/06/24,465.40000000000003,465.40000000000003,456.6,457.6,148500,-1.0,-1.0,-1.0
2020/06/25,455.6,456.20000000000005,447.40000000000003,449.8,208000,-1.0,-1.0,-1.0
2020/06/26,459.0,463.8,455.40000000000003,458.8,301000,-1.0,-1.0,-1.0
2020/06/29,455.6,465.6,451.40000000000003,463.8,387500,-1.0,-1.0,-1.0
2020/06/30,469.40000000000003,469.40000000000003,454.0,454.0,275000,-1.0,-1.0,-1.0
2020/07/01,456.40000000000003,456.40000000000003,440.20000000000005,442.0,300500,-1.0,-1.0,-1.0
2020/07/02,446.0,458.6,441.40000000000003,452.8,348000,-1.0,-1.0,-1.0
2020/07/03,452.8,453.8,444.20000000000005,450.6,134000,-1.0,-1.0,-1.0
2020/07/06,451.40000000000003,462.20000000000005,449.0,460.20000000000005,146500,-1.0,-1.0,-1.0
2020/07/07,462.0,462.0,448.40000000000003,451.8,162000,-1.0,-1.0,-1.0
2020/07/08,449.8,454.8,440.0,440.0,158500,-1.0,-1.0,-1.0
2020/07/09,440.0,446.40000000000003,434.8,439.0,211000,-1.0,-1.0,-1.0
2020/07/10,436.8,436.8,421.40000000000003,421.40000000000003,280500,-1.0,-1.0,-1.0
2020/07/13,433.6,441.6,431.6,441.40000000000003,203500,-1.0,-1.0,-1.0
2020/07/14,443.8,445.20000000000005,436.40000000000003,440.0,159500,-1.0,-1.0,-1.0
2020/07/15,443.40000000000003,447.0,437.8,446.8,160500,-1.0,-1.0,-1.0
2020/07/16,446.20000000000005,452.40000000000003,443.0,445.6,201000,-1.0,-1.0,-1.0
2020/07/17,448.6,448.6,440.8,446.8,201500,-1.0,-1.0,-1.0
2020/07/20,447.6,450.20000000000005,441.40000000000003,447.0,318500,-1.0,-1.0,-1.0
2020/07/21,443.0,451.6,439.8,450.0,371000,-1.0,-1.0,-1.0
2020/07/22,452.40000000000003,454.8,442.6,443.40000000000003,284000,-1.0,-1.0,-1.0
2020/07/27,437.6,445.40000000000003,433.8,445.40000000000003,232000,-1.0,-1.0,-1.0
2020/07/28,445.40000000000003,447.6,441.6,444.6,180000,-1.0,-1.0,-1.0
2020/07/29,442.8,444.0,437.8,437.8,156500,-1.0,-1.0,-1.0
2020/07/30,440.8,440.8,425.6,428.20000000000005,201000,-1.0,-1.0,-1.0
2020/07/31,425.40000000000003,425.40000000000003,411.20000000000005,411.8,314500,-1.0,-1.0,-1.0
2020/08/03,417.20000000000005,419.8,412.8,419.20000000000005,139000,-1.0,-1.0,-1.0
2020/08/04,422.8,432.6,422.8,430.6,216000,-1.0,-1.0,-1.0
2020/08/05,425.0,427.40000000000003,420.20000000000005,423.6,138000,-1.0,-1.0,-1.0
2020/08/06,420.8,425.8,419.20000000000005,425.8,138500,-1.0,-1.0,-1.0
2020/08/07,425.8,431.0,424.20000000000005,425.40000000000003,252500,-1.0,-1.0,-1.0
2020/08/11,432.8,451.6,428.20000000000005,451.20000000000005,336000,-1.0,-1.0,-1.0
2020/08/12,451.8,468.20000000000005,451.20000000000005,467.20000000000005,524500,-1.0,-1.0,-1.0
2020/08/13,470.0,470.0,460.0,469.8,325000,-1.0,-1.0,-1.0
2020/08/14,469.8,471.0,464.40000000000003,464.40000000000003,306000,-1.0,-1.0,-1.0
2020/08/17,462.0,464.0,454.6,455.6,123000,-1.0,-1.0,-1.0
2020/08/18,448.0,453.8,444.6,452.40000000000003,185500,-1.0,-1.0,-1.0
2020/08/19,449.6,450.40000000000003,446.8,446.8,114000,-1.0,-1.0,-1.0
2020/08/20,446.40000000000003,448.40000000000003,441.6,443.20000000000005,166500,-1.0,-1.0,-1.0
2020/08/21,443.20000000000005,447.20000000000005,436.8,439.0,108500,-1.0,-1.0,-1.0
2020/08/24,438.0,440.0,434.6,435.20000000000005,90000,-1.0,-1.0,-1.0
2020/08/25,442.0,450.20000000000005,442.0,450.20000000000005,229000,-1.0,-1.0,-1.0
2020/08/26,444.40000000000003,445.8,439.0,444.8,118500,-1.0,-1.0,-1.0
2020/08/27,444.8,444.8,438.0,441.40000000000003,100500,-1.0,-1.0,-1.0
2020/08/28,446.40000000000003,456.40000000000003,442.40000000000003,448.0,322500,-1.0,-1.0,-1.0
2020/08/31,450.0,455.6,443.0,443.8,191500,-1.0,-1.0,-1.0
2020/09/01,444.6,446.40000000000003,440.6,443.8,180000,-1.0,-1.0,-1.0
2020/09/02,448.40000000000003,449.6,442.20000000000005,449.20000000000005,144500,-1.0,-1.0,-1.0
2020/09/03,452.40000000000003,452.40000000000003,435.8,437.6,396000,-1.0,-1.0,-1.0
2020/09/04,433.0,442.8,432.20000000000005,442.6,219000,-1.0,-1.0,-1.0
2020/09/07,442.40000000000003,447.6,437.0,442.0,342500,-1.0,-1.0,-1.0
2020/09/08,442.0,445.6,439.0,444.40000000000003,203000,-1.0,-1.0,-1.0
2020/09/09,437.20000000000005,440.40000000000003,428.6,433.40000000000003,486000,-1.0,-1.0,-1.0
2020/09/10,435.8,443.8,432.40000000000003,440.40000000000003,249000,-1.0,-1.0,-1.0
2020/09/11,440.20000000000005,453.0,436.0,450.6,853500,-1.0,-1.0,-1.0
2020/09/14,451.8,456.8,447.6,456.6,340000,-1.0,-1.0,-1.0
2020/09/15,458.6,475.40000000000003,456.8,475.40000000000003,617500,-1.0,-1.0,-1.0
2020/09/16,474.20000000000005,486.8,470.0,484.20000000000005,449500,-1.0,-1.0,-1.0
2020/09/17,486.0,489.8,483.40000000000003,487.0,256000,-1.0,-1.0,-1.0
2020/09/18,490.0,498.40000000000003,486.0,496.40000000000003,653000,-1.0,-1.0,-1.0
2020/09/23,478.40000000000003,483.6,473.0,473.6,362500,-1.0,-1.0,-1.0
2020/09/24,475.6,476.40000000000003,468.8,470.0,237500,-1.0,-1.0,-1.0
2020/09/25,471.8,483.40000000000003,471.8,481.8,401000,-1.0,-1.0,-1.0
2020/09/28,489.6,500.0,484.8,500.0,570500,-1.0,-1.0,-1.0
2020/09/29,494.8,499.6,488.0,493.6,337000,-1.0,-1.0,-1.0
2020/09/30,490.40000000000003,493.20000000000005,475.8,475.8,341000,-1.0,-1.0,-1.0
2020/10/02,483.6,487.6,468.0,472.0,406000,-1.0,-1.0,-1.0
2020/10/05,472.0,482.0,472.0,475.0,321000,-1.0,-1.0,-1.0
2020/10/06,475.8,479.0,470.20000000000005,476.20000000000005,234000,-1.0,-1.0,-1.0
2020/10/07,470.40000000000003,477.20000000000005,469.0,470.6,206000,-1.0,-1.0,-1.0
2020/10/08,475.40000000000003,477.40000000000003,470.6,474.0,280000,-1.0,-1.0,-1.0
2020/10/09,475.8,475.8,463.6,466.40000000000003,177000,-1.0,-1.0,-1.0
2020/10/12,462.8,466.40000000000003,458.0,466.40000000000003,160500,-1.0,-1.0,-1.0
2020/10/13,468.20000000000005,468.40000000000003,461.8,467.40000000000003,151000,-1.0,-1.0,-1.0
2020/10/14,459.20000000000005,460.6,457.6,460.40000000000003,153000,-1.0,-1.0,-1.0
2020/10/15,459.20000000000005,463.20000000000005,457.0,460.6,130000,-1.0,-1.0,-1.0
2020/10/16,463.8,466.0,460.0,461.8,182000,-1.0,-1.0,-1.0
2020/10/19,467.20000000000005,472.6,466.8,469.40000000000003,175500,-1.0,-1.0,-1.0
2020/10/20,469.20000000000005,470.0,459.8,462.8,155500,-1.0,-1.0,-1.0
2020/10/21,466.0,473.6,460.40000000000003,467.8,128500,-1.0,-1.0,-1.0
2020/10/22,467.6,467.6,460.8,464.6,145000,-1.0,-1.0,-1.0
2020/10/23,463.40000000000003,468.20000000000005,460.0,465.40000000000003,153500,-1.0,-1.0,-1.0
2020/10/26,460.40000000000003,466.0,460.40000000000003,464.6,92000,-1.0,-1.0,-1.0
2020/10/27,465.0,471.6,459.0,471.0,236500,-1.0,-1.0,-1.0
2020/10/28,465.0,471.6,461.8,469.40000000000003,235000,-1.0,-1.0,-1.0
2020/10/29,465.40000000000003,474.40000000000003,465.0,473.0,235000,-1.0,-1.0,-1.0
2020/10/30,474.0,474.0,461.40000000000003,464.40000000000003,221500,-1.0,-1.0,-1.0
2020/11/02,469.6,484.8,468.6,483.8,337500,-1.0,-1.0,-1.0
2020/11/04,488.0,488.20000000000005,473.6,475.20000000000005,321500,-1.0,-1.0,-1.0
2020/11/05,475.20000000000005,485.40000000000003,467.6,482.40000000000003,423000,-1.0,-1.0,-1.0
2020/11/06,484.40000000000003,494.20000000000005,479.8,492.0,318000,-1.0,-1.0,-1.0
2020/11/09,494.0,495.0,488.8,491.0,226000,-1.0,-1.0,-1.0
2020/11/10,500.0,506.40000000000003,484.40000000000003,493.8,603500,-1.0,-1.0,-1.0
2020/11/11,506.0,515.4,497.0,507.6,708500,-1.0,-1.0,-1.0
2020/11/12,503.6,504.0,497.20000000000005,500.0,275500,-1.0,-1.0,-1.0
2020/11/13,500.0,502.6,490.20000000000005,497.8,377500,-1.0,-1.0,-1.0
2020/11/16,503.0,505.0,496.6,499.40000000000003,383500,-1.0,-1.0,-1.0
2020/11/17,499.40000000000003,501.0,490.40000000000003,499.20000000000005,323500,-1.0,-1.0,-1.0
2020/11/18,495.0,499.20000000000005,490.40000000000003,497.0,259000,-1.0,-1.0,-1.0
2020/11/19,496.8,502.0,493.20000000000005,501.40000000000003,273500,-1.0,-1.0,-1.0
2020/11/20,499.40000000000003,503.0,494.40000000000003,501.8,255500,-1.0,-1.0,-1.0
2020/11/24,505.0,512.6,499.6,499.6,516500,-1.0,-1.0,-1.0
2020/11/25,509.6,509.6,491.0,492.6,499500,-1.0,-1.0,-1.0
2020/11/26,491.0,501.40000000000003,486.20000000000005,493.0,438000,-1.0,-1.0,-1.0
2020/11/27,498.6,503.40000000000003,488.20000000000005,493.6,522500,-1.0,-1.0,-1.0
2020/11/30,489.20000000000005,490.40000000000003,464.8,469.6,495500,-1.0,-1.0,-1.0
2020/12/01,470.0,478.40000000000003,462.6,469.20000000000005,345000,-1.0,-1.0,-1.0
2020/12/02,477.40000000000003,478.20000000000005,466.20000000000005,469.6,587000,-1.0,-1.0,-1.0
2020/12/03,469.6,476.0,463.6,472.40000000000003,331000,-1.0,-1.0,-1.0
2020/12/04,472.20000000000005,472.20000000000005,461.0,463.0,270000,-1.0,-1.0,-1.0
2020/12/07,466.6,467.6,451.20000000000005,451.8,389000,-1.0,-1.0,-1.0
2020/12/08,449.6,456.6,446.20000000000005,449.6,322500,-1.0,-1.0,-1.0
2020/12/09,449.6,454.0,448.0,452.40000000000003,242500,-1.0,-1.0,-1.0
2020/12/10,451.0,454.20000000000005,447.0,448.0,273000,-1.0,-1.0,-1.0
2020/12/11,446.6,454.40000000000003,444.20000000000005,453.0,436500,-1.0,-1.0,-1.0
2020/12/14,453.0,458.8,450.40000000000003,451.40000000000003,345500,-1.0,-1.0,-1.0
2020/12/15,447.20000000000005,451.40000000000003,445.6,449.40000000000003,370500,-1.0,-1.0,-1.0
2020/12/16,448.40000000000003,448.40000000000003,441.8,444.20000000000005,500500,-1.0,-1.0,-1.0
2020/12/17,444.0,447.20000000000005,439.20000000000005,445.0,376000,-1.0,-1.0,-1.0
2020/12/18,442.20000000000005,445.20000000000005,438.8,444.40000000000003,450000,-1.0,-1.0,-1.0
2020/12/21,443.6,447.6,435.0,439.6,404000,-1.0,-1.0,-1.0
2020/12/22,435.20000000000005,436.40000000000003,428.6,431.8,456000,-1.0,-1.0,-1.0
2020/12/23,427.6,428.0,418.0,421.0,675500,-1.0,-1.0,-1.0
2020/12/24,426.6,428.40000000000003,423.6,426.8,375500,-1.0,-1.0,-1.0
2020/12/25,426.8,428.20000000000005,424.40000000000003,425.0,215500,-1.0,-1.0,-1.0
2020/12/28,426.0,427.6,419.40000000000003,423.20000000000005,432500,-1.0,-1.0,-1.0
2020/12/29,424.20000000000005,430.20000000000005,421.20000000000005,430.20000000000005,311500,-1.0,-1.0,-1.0
2020/12/30,431.0,431.0,419.20000000000005,419.20000000000005,490500,-1.0,-1.0,-1.0
2021/01/04,419.0,419.0,405.8,406.6,426500,-1.0,-1.0,-1.0
2021/01/05,407.8,410.8,402.0,409.8,386500,-1.0,-1.0,-1.0
2021/01/06,410.6,419.0,410.20000000000005,414.0,336500,-1.0,-1.0,-1.0
2021/01/07,423.40000000000003,429.20000000000005,421.0,423.40000000000003,523000,-1.0,-1.0,-1.0
2021/01/08,422.6,431.8,420.6,428.6,412500,-1.0,-1.0,-1.0
2021/01/12,424.6,427.40000000000003,418.6,421.0,405000,-1.0,-1.0,-1.0
2021/01/13,419.6,422.8,415.0,417.8,355500,-1.0,-1.0,-1.0
2021/01/14,415.0,419.0,413.8,417.0,639000,-1.0,-1.0,-1.0
2021/01/15,420.0,420.0,408.0,408.20000000000005,569500,-1.0,-1.0,-1.0
2021/01/18,406.0,410.6,403.40000000000003,410.6,370500,-1.0,-1.0,-1.0
2021/01/19,411.20000000000005,411.20000000000005,405.40000000000003,405.8,357500,-1.0,-1.0,-1.0
2021/01/20,409.20000000000005,411.40000000000003,402.6,408.0,751000,-1.0,-1.0,-1.0
2021/01/21,404.40000000000003,409.40000000000003,402.0,402.6,444500,-1.0,-1.0,-1.0
2021/01/22,400.6,400.6,397.0,398.6,469000,-1.0,-1.0,-1.0
2021/01/25,398.6,402.0,397.40000000000003,402.0,271500,-1.0,-1.0,-1.0
2021/01/26,402.8,403.6,400.0,402.20000000000005,167500,-1.0,-1.0,-1.0
2021/01/27,405.6,405.6,401.8,402.8,237000,-1.0,-1.0,-1.0
2021/01/28,398.20000000000005,400.6,396.40000000000003,397.40000000000003,463500,-1.0,-1.0,-1.0
2021/01/29,397.6,400.8,395.6,396.20000000000005,359000,-1.0,-1.0,-1.0
2021/02/01,396.40000000000003,398.6,395.8,396.20000000000005,247500,-1.0,-1.0,-1.0
2021/02/02,396.20000000000005,400.6,396.0,398.0,195500,-1.0,-1.0,-1.0
2021/02/03,399.8,401.8,398.6,399.0,312000,-1.0,-1.0,-1.0
2021/02/04,399.20000000000005,403.6,399.20000000000005,400.6,364000,-1.0,-1.0,-1.0
2021/02/05,404.0,408.8,402.40000000000003,408.20000000000005,571000,-1.0,-1.0,-1.0
2021/02/08,410.0,417.8,410.0,415.8,514500,-1.0,-1.0,-1.0
2021/02/09,415.8,420.40000000000003,408.6,411.8,472000,-1.0,-1.0,-1.0
2021/02/10,411.20000000000005,416.0,410.40000000000003,411.20000000000005,333000,-1.0,-1.0,-1.0
2021/02/12,414.0,417.40000000000003,409.0,409.20000000000005,356000,-1.0,-1.0,-1.0
2021/02/15,415.40000000000003,415.8,410.40000000000003,415.20000000000005,315500,-1.0,-1.0,-1.0
2021/02/16,416.40000000000003,429.8,415.6,420.20000000000005,673000,-1.0,-1.0,-1.0
2021/02/17,420.0,428.8,420.0,423.6,376500,-1.0,-1.0,-1.0
2021/02/18,423.40000000000003,423.40000000000003,415.20000000000005,416.8,438000,-1.0,-1.0,-1.0
2021/02/19,414.6,417.8,413.0,414.40000000000003,281500,-1.0,-1.0,-1.0
2021/02/22,419.20000000000005,422.6,415.40000000000003,415.40000000000003,202000,-1.0,-1.0,-1.0
2021/02/24,416.8,421.0,414.0,418.6,461500,-1.0,-1.0,-1.0
2021/02/25,419.6,420.8,415.6,417.40000000000003,469000,-1.0,-1.0,-1.0
2021/02/26,412.0,412.6,402.40000000000003,402.40000000000003,755500,-1.0,-1.0,-1.0
2021/03/01,402.40000000000003,413.6,401.20000000000005,412.6,379500,-1.0,-1.0,-1.0
2021/03/02,412.40000000000003,412.40000000000003,404.20000000000005,411.20000000000005,495500,-1.0,-1.0,-1.0
2021/03/03,411.8,414.0,407.0,413.0,413500,-1.0,-1.0,-1.0
2021/03/04,416.0,422.6,412.0,419.0,614500,-1.0,-1.0,-1.0
2021/03/05,419.20000000000005,422.8,414.8,422.8,544500,-1.0,-1.0,-1.0
2021/03/08,426.8,430.0,421.6,425.20000000000005,456000,-1.0,-1.0,-1.0
2021/03/09,430.0,437.20000000000005,427.40000000000003,436.6,769500,-1.0,-1.0,-1.0
2021/03/10,435.6,438.8,427.40000000000003,431.0,419500,-1.0,-1.0,-1.0
2021/03/11,437.6,446.8,434.8,445.8,590500,-1.0,-1.0,-1.0
2021/03/12,441.0,441.0,434.8,439.40000000000003,569000,-1.0,-1.0,-1.0
2021/03/15,441.0,452.20000000000005,441.0,451.40000000000003,461000,-1.0,-1.0,-1.0
2021/03/16,448.8,461.6,448.8,455.0,568000,-1.0,-1.0,-1.0
2021/03/17,454.0,461.0,453.40000000000003,461.0,505000,-1.0,-1.0,-1.0
2021/03/18,458.6,468.0,456.20000000000005,465.6,721000,-1.0,-1.0,-1.0
2021/03/19,469.8,485.6,469.0,479.0,1272000,-1.0,-1.0,-1.0
2021/03/22,482.0,484.20000000000005,473.40000000000003,481.8,583000,-1.0,-1.0,-1.0
2021/03/23,483.40000000000003,484.6,470.20000000000005,470.20000000000005,463500,-1.0,-1.0,-1.0
2021/03/24,460.20000000000005,462.8,446.20000000000005,446.40000000000003,808000,-1.0,-1.0,-1.0
2021/03/25,456.20000000000005,467.6,452.6,466.20000000000005,455500,-1.0,-1.0,-1.0
2021/03/26,472.0,475.40000000000003,466.6,468.6,543000,-1.0,-1.0,-1.0
2021/03/29,474.20000000000005,474.20000000000005,460.0,466.6,486500,-1.0,-1.0,-1.0
2021/03/30,453.0,458.6,447.6,456.40000000000003,414500,-1.0,-1.0,-1.0
2021/03/31,450.40000000000003,453.6,444.8,445.40000000000003,339500,-1.0,-1.0,-1.0
2021/04/01,445.8,447.20000000000005,437.0,440.20000000000005,369500,-1.0,-1.0,-1.0
2021/04/02,443.20000000000005,443.40000000000003,433.40000000000003,436.8,205000,-1.0,-1.0,-1.0
2021/04/05,439.6,446.8,436.20000000000005,441.0,281000,-1.0,-1.0,-1.0
2021/04/06,441.0,443.6,428.6,429.40000000000003,299500,-1.0,-1.0,-1.0
2021/04/07,426.0,432.20000000000005,424.20000000000005,426.20000000000005,205000,-1.0,-1.0,-1.0
2021/04/08,423.0,423.0,413.0,414.0,549500,-1.0,-1.0,-1.0
2021/04/09,414.8,417.8,411.40000000000003,413.0,303000,-1.0,-1.0,-1.0
2021/04/12,414.8,420.40000000000003,412.6,417.8,315000,-1.0,-1.0,-1.0
2021/04/13,419.6,422.8,415.6,415.8,235500,-1.0,-1.0,-1.0
2021/04/14,414.6,415.8,411.0,414.8,289500,-1.0,-1.0,-1.0
2021/04/15,416.20000000000005,420.8,414.20000000000005,416.40000000000003,136500,-1.0,-1.0,-1.0
2021/04/16,414.8,419.8,412.20000000000005,414.40000000000003,247500,-1.0,-1.0,-1.0
2021/04/19,416.40000000000003,416.40000000000003,411.0,411.8,261500,-1.0,-1.0,-1.0
2021/04/20,410.0,410.0,403.6,405.20000000000005,369000,-1.0,-1.0,-1.0
2021/04/21,401.6,402.40000000000003,397.20000000000005,400.40000000000003,597500,-1.0,-1.0,-1.0
2021/04/22,406.20000000000005,406.20000000000005,399.6,402.0,171000,-1.0,-1.0,-1.0
2021/04/23,399.6,402.8,398.20000000000005,401.0,361000,-1.0,-1.0,-1.0
2021/04/26,400.40000000000003,401.6,397.20000000000005,397.20000000000005,351500,-1.0,-1.0,-1.0
2021/04/27,397.20000000000005,400.40000000000003,396.20000000000005,396.8,300000,-1.0,-1.0,-1.0
2021/04/28,397.20000000000005,400.40000000000003,394.40000000000003,394.40000000000003,484000,-1.0,-1.0,-1.0
2021/04/30,396.0,399.20000000000005,392.6,392.8,441000,-1.0,-1.0,-1.0
2021/05/06,398.20000000000005,404.20000000000005,396.0,398.20000000000005,547500,-1.0,-1.0,-1.0
2021/05/07,403.6,409.40000000000003,403.20000000000005,405.6,307000,-1.0,-1.0,-1.0
2021/05/10,405.6,411.20000000000005,405.40000000000003,409.40000000000003,204000,-1.0,-1.0,-1.0
2021/05/11,406.20000000000005,408.0,398.6,399.8,456000,-1.0,-1.0,-1.0
2021/05/12,398.0,398.0,391.0,395.6,543500,-1.0,-1.0,-1.0
2021/05/13,394.6,399.8,391.0,391.40000000000003,581500,-1.0,-1.0,-1.0
2021/05/14,396.0,399.0,395.0,396.8,428500,-1.0,-1.0,-1.0
2021/05/17,400.20000000000005,402.20000000000005,394.40000000000003,399.8,396500,-1.0,-1.0,-1.0
2021/05/18,399.8,402.8,393.20000000000005,394.40000000000003,748000,-1.0,-1.0,-1.0
2021/05/19,392.0,393.8,390.40000000000003,391.0,606000,-1.0,-1.0,-1.0
2021/05/20,391.8,395.0,390.8,391.40000000000003,373500,-1.0,-1.0,-1.0
2021/05/21,391.40000000000003,393.40000000000003,390.0,390.40000000000003,359000,-1.0,-1.0,-1.0
2021/05/24,392.8,394.6,389.0,389.20000000000005,353500,-1.0,-1.0,-1.0
2021/05/25,390.0,391.6,387.6,388.8,490500,-1.0,-1.0,-1.0
2021/05/26,387.40000000000003,388.40000000000003,380.0,380.0,730000,-1.0,-1.0,-1.0
2021/05/27,380.20000000000005,383.0,370.6,370.6,981500,-1.0,-1.0,-1.0
2021/05/28,376.0,383.20000000000005,375.8,382.6,505500,-1.0,-1.0,-1.0
2021/05/31,380.0,380.6,371.8,373.0,560500,-1.0,-1.0,-1.0
2021/06/01,375.0,375.6,371.0,375.6,439000,-1.0,-1.0,-1.0
2021/06/02,374.0,379.6,372.40000000000003,376.40000000000003,428500,-1.0,-1.0,-1.0
2021/06/03,375.8,382.20000000000005,375.8,381.40000000000003,329500,-1.0,-1.0,-1.0
2021/06/04,378.8,381.20000000000005,377.40000000000003,379.0,270500,-1.0,-1.0,-1.0
2021/06/07,379.20000000000005,380.0,373.20000000000005,374.20000000000005,380000,-1.0,-1.0,-1.0
2021/06/08,374.20000000000005,378.20000000000005,374.0,377.0,279500,-1.0,-1.0,-1.0
2021/06/09,378.40000000000003,379.6,374.6,376.0,248000,-1.0,-1.0,-1.0
2021/06/10,375.20000000000005,376.40000000000003,373.0,376.0,439500,-1.0,-1.0,-1.0
2021/06/11,372.20000000000005,374.6,369.40000000000003,372.0,911500,-1.0,-1.0,-1.0
2021/06/14,374.0,375.20000000000005,370.40000000000003,371.6,357500,-1.0,-1.0,-1.0
2021/06/15,372.0,376.40000000000003,371.6,376.40000000000003,476000,-1.0,-1.0,-1.0
2021/06/16,374.40000000000003,378.8,374.40000000000003,375.40000000000003,478000,-1.0,-1.0,-1.0
2021/06/17,377.8,380.20000000000005,373.40000000000003,374.40000000000003,325500,-1.0,-1.0,-1.0
2021/06/18,373.20000000000005,374.8,370.6,372.40000000000003,603500,-1.0,-1.0,-1.0
2021/06/21,371.0,371.8,364.8,365.8,951000,-1.0,-1.0,-1.0
2021/06/22,373.6,376.40000000000003,370.6,375.20000000000005,503000,-1.0,-1.0,-1.0
2021/06/23,373.40000000000003,376.20000000000005,372.8,375.6,208500,-1.0,-1.0,-1.0
2021/06/24,375.0,378.6,374.6,375.20000000000005,323000,-1.0,-1.0,-1.0
2021/06/25,378.0,381.8,377.6,380.8,377000,-1.0,-1.0,-1.0
2021/06/28,381.20000000000005,387.40000000000003,381.0,386.40000000000003,383000,-1.0,-1.0,-1.0
2021/06/29,381.40000000000003,382.0,375.0,376.0,374500,-1.0,-1.0,-1.0
2021/06/30,377.8,378.6,370.8,370.8,548000,-1.0,-1.0,-1.0
2021/07/01,371.6,373.40000000000003,370.0,370.0,278500,-1.0,-1.0,-1.0
2021/07/02,373.6,377.0,371.6,375.8,289500,-1.0,-1.0,-1.0
2021/07/05,373.20000000000005,375.0,372.6,373.8,155500,-1.0,-1.0,-1.0
2021/07/06,375.20000000000005,378.20000000000005,373.6,376.40000000000003,154500,-1.0,-1.0,-1.0
2021/07/07,371.6,375.0,369.0,369.0,381500,-1.0,-1.0,-1.0
2021/07/08,368.20000000000005,371.6,366.0,366.0,475500,-1.0,-1.0,-1.0
2021/07/09,364.0,366.40000000000003,361.40000000000003,365.8,616500,-1.0,-1.0,-1.0
2021/07/12,370.0,375.40000000000003,370.0,374.0,412500,-1.0,-1.0,-1.0
2021/07/13,377.20000000000005,382.8,377.20000000000005,382.8,575500,-1.0,-1.0,-1.0
2021/07/14,382.8,385.8,381.40000000000003,383.0,290500,-1.0,-1.0,-1.0
2021/07/15,383.40000000000003,383.40000000000003,376.8,377.8,312500,-1.0,-1.0,-1.0
2021/07/16,375.20000000000005,378.6,374.40000000000003,374.40000000000003,296000,-1.0,-1.0,-1.0
2021/07/19,372.8,372.8,366.8,369.6,355000,-1.0,-1.0,-1.0
2021/07/20,366.6,370.8,366.40000000000003,369.40000000000003,462500,-1.0,-1.0,-1.0
2021/07/21,372.40000000000003,375.0,369.20000000000005,369.20000000000005,193000,-1.0,-1.0,-1.0
2021/07/26,376.8,377.0,370.20000000000005,371.8,191000,-1.0,-1.0,-1.0
2021/07/27,373.8,378.40000000000003,373.40000000000003,378.40000000000003,243000,-1.0,-1.0,-1.0
2021/07/28,376.40000000000003,378.20000000000005,375.20000000000005,376.40000000000003,157500,-1.0,-1.0,-1.0
2021/07/29,378.40000000000003,378.40000000000003,373.0,374.40000000000003,137500,-1.0,-1.0,-1.0
2021/07/30,374.40000000000003,374.8,368.20000000000005,368.8,264000,-1.0,-1.0,-1.0
2021/08/02,372.8,379.8,372.20000000000005,379.6,367500,-1.0,-1.0,-1.0
2021/08/03,376.8,377.20000000000005,373.6,375.6,169500,-1.0,-1.0,-1.0
2021/08/04,374.8,376.0,370.6,370.8,212000,-1.0,-1.0,-1.0
2021/08/05,370.8,373.0,369.20000000000005,370.8,180000,-1.0,-1.0,-1.0
2021/08/06,372.8,374.20000000000005,371.20000000000005,371.8,149500,-1.0,-1.0,-1.0
2021/08/10,373.20000000000005,374.8,369.40000000000003,370.6,257000,-1.0,-1.0,-1.0
2021/08/11,372.8,378.0,372.8,376.20000000000005,333000,-1.0,-1.0,-1.0
2021/08/12,378.8,380.0,375.6,377.0,221000,-1.0,-1.0,-1.0
2021/08/13,377.0,378.8,375.8,378.6,103500,-1.0,-1.0,-1.0
2021/08/16,376.0,376.20000000000005,372.20000000000005,372.6,287000,-1.0,-1.0,-1.0
2021/08/17,374.6,376.0,371.6,372.40000000000003,190000,-1.0,-1.0,-1.0
2021/08/18,373.0,377.8,373.0,377.20000000000005,214000,-1.0,-1.0,-1.0
2021/08/19,377.20000000000005,377.40000000000003,373.6,374.6,193000,-1.0,-1.0,-1.0
2021/08/20,373.20000000000005,376.6,373.0,374.0,267000,-1.0,-1.0,-1.0
2021/08/23,377.8,381.20000000000005,377.8,378.20000000000005,273500,-1.0,-1.0,-1.0
2021/08/24,379.6,382.0,379.20000000000005,380.8,236500,-1.0,-1.0,-1.0
2021/08/25,382.8,383.0,379.20000000000005,380.8,168500,-1.0,-1.0,-1.0
2021/08/26,381.8,383.20000000000005,379.20000000000005,383.0,292500,-1.0,-1.0,-1.0
2021/08/27,381.40000000000003,383.8,379.8,383.8,173000,-1.0,-1.0,-1.0
2021/08/30,386.0,390.6,386.0,389.8,291000,-1.0,-1.0,-1.0
2021/08/31,388.6,393.0,386.20000000000005,391.20000000000005,336500,-1.0,-1.0,-1.0
2021/09/01,390.8,393.40000000000003,389.0,391.20000000000005,229500,-1.0,-1.0,-1.0
2021/09/02,392.6,393.20000000000005,388.20000000000005,390.8,240000,-1.0,-1.0,-1.0
2021/09/03,391.8,395.8,390.0,393.8,438500,-1.0,-1.0,-1.0
2021/09/06,394.40000000000003,397.40000000000003,389.40000000000003,390.6,336000,-1.0,-1.0,-1.0
2021/09/07,392.40000000000003,392.40000000000003,387.0,389.20000000000005,463000,-1.0,-1.0,-1.0
2021/09/08,391.0,394.20000000000005,390.0,393.6,474500,-1.0,-1.0,-1.0
2021/09/09,393.0,393.6,388.0,389.0,277500,-1.0,-1.0,-1.0
2021/09/10,388.8,396.0,388.0,394.8,550500,-1.0,-1.0,-1.0
2021/09/13,394.8,402.40000000000003,392.8,401.8,559000,-1.0,-1.0,-1.0
2021/09/14,403.8,405.8,400.8,405.6,567500,-1.0,-1.0,-1.0
2021/09/15,402.6,402.6,394.6,395.8,334000,-1.0,-1.0,-1.0
2021/09/16,401.6,401.6,396.40000000000003,400.20000000000005,299000,-1.0,-1.0,-1.0
2021/09/17,402.0,402.0,397.20000000000005,400.8,445000,-1.0,-1.0,-1.0
2021/09/21,393.6,393.6,388.20000000000005,388.20000000000005,498000,-1.0,-1.0,-1.0
2021/09/22,388.0,388.0,379.0,379.0,479000,-1.0,-1.0,-1.0
2021/09/24,389.6,393.40000000000003,388.40000000000003,392.20000000000005,416000,-1.0,-1.0,-1.0
2021/09/27,394.40000000000003,396.20000000000005,390.20000000000005,390.6,340500,-1.0,-1.0,-1.0
2021/09/28,400.40000000000003,403.40000000000003,395.40000000000003,401.8,776000,-1.0,-1.0,-1.0
2021/09/29,391.6,392.20000000000005,382.6,389.6,766500,-1.0,-1.0,-1.0
2021/09/30,389.6,399.0,389.6,396.40000000000003,533000,-1.0,-1.0,-1.0
2021/10/01,393.40000000000003,394.0,386.40000000000003,389.20000000000005,502000,-1.0,-1.0,-1.0
2021/10/04,394.0,402.0,392.6,401.8,660500,-1.0,-1.0,-1.0
2021/10/05,401.8,408.40000000000003,392.8,395.0,637000,-1.0,-1.0,-1.0
2021/10/06,398.20000000000005,405.40000000000003,397.8,400.40000000000003,447500,-1.0,-1.0,-1.0
2021/10/07,400.20000000000005,400.6,393.40000000000003,396.8,232500,-1.0,-1.0,-1.0
2021/10/08,400.20000000000005,401.8,397.40000000000003,398.0,190500,-1.0,-1.0,-1.0
2021/10/11,398.20000000000005,401.6,396.20000000000005,401.6,236500,-1.0,-1.0,-1.0
2021/10/12,398.6,400.0,392.0,392.6,207000,-1.0,-1.0,-1.0
2021/10/13,390.6,390.6,383.40000000000003,384.6,281500,-1.0,-1.0,-1.0
2021/10/14,381.8,383.20000000000005,378.0,383.0,338000,-1.0,-1.0,-1.0
2021/10/15,388.6,390.0,385.20000000000005,388.6,255500,-1.0,-1.0,-1.0
2021/10/18,389.8,393.8,388.6,393.8,270000,-1.0,-1.0,-1.0
2021/10/19,391.0,392.8,388.0,389.20000000000005,169000,-1.0,-1.0,-1.0
2021/10/20,390.0,396.6,387.8,388.6,201500,-1.0,-1.0,-1.0
2021/10/21,386.20000000000005,390.40000000000003,385.8,390.40000000000003,168500,-1.0,-1.0,-1.0
2021/10/22,388.6,389.40000000000003,386.0,388.0,157000,-1.0,-1.0,-1.0
2021/10/25,387.40000000000003,388.8,385.0,386.40000000000003,148500,-1.0,-1.0,-1.0
2021/10/26,384.6,385.6,382.40000000000003,383.0,195000,-1.0,-1.0,-1.0
2021/10/27,382.8,382.8,377.8,379.6,197000,-1.0,-1.0,-1.0
2021/10/28,376.6,381.8,375.6,379.6,291500,-1.0,-1.0,-1.0
2021/10/29,380.6,380.6,374.6,378.40000000000003,435500,-1.0,-1.0,-1.0
2021/11/01,382.8,384.6,379.8,384.20000000000005,382000,-1.0,-1.0,-1.0
2021/11/02,382.8,387.0,382.0,384.40000000000003,213000,-1.0,-1.0,-1.0
2021/11/04,388.0,390.8,384.6,387.40000000000003,364000,-1.0,-1.0,-1.0
2021/11/05,382.40000000000003,385.8,382.40000000000003,384.8,134500,-1.0,-1.0,-1.0
2021/11/08,386.8,387.20000000000005,383.8,384.8,143500,-1.0,-1.0,-1.0
2021/11/09,384.6,384.8,379.0,379.0,161000,-1.0,-1.0,-1.0
2021/11/10,381.6,381.6,378.20000000000005,380.20000000000005,136000,-1.0,-1.0,-1.0
2021/11/11,384.20000000000005,384.20000000000005,377.40000000000003,377.40000000000003,156000,-1.0,-1.0,-1.0
2021/11/12,378.0,386.0,377.0,385.0,281000,-1.0,-1.0,-1.0
2021/11/15,386.0,386.0,379.0,379.20000000000005,157500,-1.0,-1.0,-1.0
2021/11/16,379.8,382.0,378.8,380.6,189500,-1.0,-1.0,-1.0
2021/11/17,379.20000000000005,379.6,374.8,374.8,219000,-1.0,-1.0,-1.0
2021/11/18,372.0,375.20000000000005,369.40000000000003,373.8,302000,-1.0,-1.0,-1.0
2021/11/19,373.40000000000003,373.40000000000003,368.40000000000003,371.8,249000,-1.0,-1.0,-1.0
2021/11/22,372.0,375.40000000000003,369.40000000000003,373.0,134500,-1.0,-1.0,-1.0
2021/11/24,377.0,379.0,372.0,372.0,218500,-1.0,-1.0,-1.0
2021/11/25,371.6,373.20000000000005,370.20000000000005,370.40000000000003,169500,-1.0,-1.0,-1.0
2021/11/26,370.0,371.0,365.6,367.0,294500,-1.0,-1.0,-1.0
2021/11/29,364.20000000000005,364.6,358.0,360.40000000000003,432500,-1.0,-1.0,-1.0
2021/11/30,360.0,364.8,354.0,354.20000000000005,492500,-1.0,-1.0,-1.0
2021/12/01,353.6,359.8,351.8,358.0,378000,-1.0,-1.0,-1.0
2021/12/02,355.8,362.20000000000005,355.6,358.6,345500,-1.0,-1.0,-1.0
2021/12/03,361.20000000000005,366.40000000000003,360.20000000000005,365.20000000000005,243500,-1.0,-1.0,-1.0
2021/12/06,365.20000000000005,367.40000000000003,362.8,364.0,256000,-1.0,-1.0,-1.0
2021/12/07,369.0,379.40000000000003,365.8,377.6,377500,-1.0,-1.0,-1.0
2021/12/08,380.0,385.20000000000005,377.40000000000003,379.20000000000005,358000,-1.0,-1.0,-1.0
2021/12/09,378.0,383.6,377.8,382.40000000000003,250000,-1.0,-1.0,-1.0
2021/12/10,386.0,386.0,380.40000000000003,382.0,364000,-1.0,-1.0,-1.0
2021/12/13,386.0,386.0,378.0,379.0,128500,-1.0,-1.0,-1.0
2021/12/14,379.40000000000003,381.8,377.6,381.20000000000005,234500,-1.0,-1.0,-1.0
2021/12/15,379.40000000000003,383.20000000000005,379.0,382.8,241500,-1.0,-1.0,-1.0
2021/12/16,383.0,389.0,381.20000000000005,387.6,474000,-1.0,-1.0,-1.0
2021/12/17,388.0,389.20000000000005,384.6,389.0,374000,-1.0,-1.0,-1.0
2021/12/20,382.0,382.0,373.20000000000005,374.8,300500,-1.0,-1.0,-1.0
2021/12/21,380.8,383.20000000000005,378.0,378.20000000000005,247500,-1.0,-1.0,-1.0
2021/12/22,381.20000000000005,381.20000000000005,376.8,378.6,210500,-1.0,-1.0,-1.0
2021/12/23,380.0,380.40000000000003,376.0,377.40000000000003,175000,-1.0,-1.0,-1.0
2021/12/24,374.40000000000003,376.40000000000003,373.8,374.0,230000,-1.0,-1.0,-1.0
2021/12/27,374.0,379.20000000000005,373.40000000000003,376.8,353500,-1.0,-1.0,-1.0
2021/12/28,379.6,381.8,378.6,381.0,275000,-1.0,-1.0,-1.0
2021/12/29,379.0,389.8,379.0,389.8,294500,-1.0,-1.0,-1.0
2021/12/30,384.40000000000003,390.20000000000005,384.40000000000003,386.6,135500,-1.0,-1.0,-1.0
2022/01/04,391.20000000000005,392.6,386.40000000000003,390.40000000000003,473500,-1.0,-1.0,-1.0
2022/01/05,393.0,394.6,387.20000000000005,392.20000000000005,567000,-1.0,-1.0,-1.0
2022/01/06,387.40000000000003,391.0,384.20000000000005,385.40000000000003,423000,-1.0,-1.0,-1.0
2022/01/07,387.20000000000005,394.40000000000003,387.20000000000005,392.6,440000,-1.0,-1.0,-1.0
2022/01/11,394.0,402.40000000000003,390.20000000000005,402.40000000000003,665500,-1.0,-1.0,-1.0
2022/01/12,404.40000000000003,409.20000000000005,401.8,405.6,514000,-1.0,-1.0,-1.0
2022/01/13,405.8,410.8,404.40000000000003,405.40000000000003,488500,-1.0,-1.0,-1.0
2022/01/14,406.0,406.20000000000005,399.20000000000005,403.8,418500,-1.0,-1.0,-1.0
2022/01/17,405.0,409.8,401.0,406.0,317500,-1.0,-1.0,-1.0
2022/01/18,406.40000000000003,412.6,403.0,404.8,397500,-1.0,-1.0,-1.0
2022/01/19,399.8,402.0,395.0,399.20000000000005,548500,-1.0,-1.0,-1.0
2022/01/20,399.6,402.6,393.20000000000005,393.20000000000005,617500,-1.0,-1.0,-1.0
2022/01/21,391.6,392.0,382.8,392.0,449000,-1.0,-1.0,-1.0
2022/01/24,390.0,400.8,389.8,398.6,349500,-1.0,-1.0,-1.0
2022/01/25,398.6,403.40000000000003,393.8,402.40000000000003,417000,-1.0,-1.0,-1.0
2022/01/26,403.0,404.20000000000005,396.6,399.6,240000,-1.0,-1.0,-1.0
2022/01/27,401.40000000000003,403.20000000000005,395.40000000000003,398.8,385000,-1.0,-1.0,-1.0
2022/01/28,403.0,404.20000000000005,399.40000000000003,400.40000000000003,269000,-1.0,-1.0,-1.0
2022/01/31,400.0,405.0,397.20000000000005,403.6,359500,-1.0,-1.0,-1.0
2022/02/01,401.40000000000003,407.20000000000005,399.8,405.20000000000005,307000,-1.0,-1.0,-1.0
2022/02/02,407.6,414.20000000000005,407.40000000000003,414.20000000000005,521500,-1.0,-1.0,-1.0
2022/02/03,413.8,414.8,410.40000000000003,411.8,230500,-1.0,-1.0,-1.0
2022/02/04,414.0,419.20000000000005,413.20000000000005,418.0,434500,-1.0,-1.0,-1.0
2022/02/07,417.8,421.20000000000005,413.6,418.8,684500,-1.0,-1.0,-1.0
2022/02/08,422.20000000000005,425.8,419.6,425.6,573500,-1.0,-1.0,-1.0
2022/02/09,426.0,430.0,423.20000000000005,427.20000000000005,382500,-1.0,-1.0,-1.0
2022/02/10,430.0,430.20000000000005,424.0,428.20000000000005,401500,-1.0,-1.0,-1.0
2022/02/14,422.0,425.8,419.40000000000003,423.0,351500,-1.0,-1.0,-1.0
2022/02/15,424.40000000000003,424.40000000000003,409.8,410.8,436000,-1.0,-1.0,-1.0
2022/02/16,411.8,423.6,411.8,422.40000000000003,228000,-1.0,-1.0,-1.0
2022/02/17,421.40000000000003,423.0,415.6,421.40000000000003,224000,-1.0,-1.0,-1.0
2022/02/18,415.8,416.8,410.40000000000003,410.40000000000003,424500,-1.0,-1.0,-1.0
2022/02/21,410.40000000000003,412.6,407.40000000000003,411.0,122500,-1.0,-1.0,-1.0
2022/02/22,411.6,411.6,406.0,406.0,189500,-1.0,-1.0,-1.0
2022/02/24,404.0,410.20000000000005,403.6,410.20000000000005,282000,-1.0,-1.0,-1.0
2022/02/25,406.0,406.6,393.8,395.20000000000005,457000,-1.0,-1.0,-1.0
2022/02/28,397.20000000000005,408.6,397.20000000000005,407.20000000000005,328000,-1.0,-1.0,-1.0
2022/03/01,407.40000000000003,407.40000000000003,398.6,399.0,380000,-1.0,-1.0,-1.0
2022/03/02,392.20000000000005,397.0,387.0,387.0,386000,-1.0,-1.0,-1.0
2022/03/03,394.8,397.0,391.6,394.20000000000005,329500,-1.0,-1.0,-1.0
2022/03/04,394.0,397.20000000000005,391.0,391.0,360000,-1.0,-1.0,-1.0
2022/03/07,387.0,388.20000000000005,380.40000000000003,384.8,470000,-1.0,-1.0,-1.0
2022/03/08,380.0,381.40000000000003,371.0,374.6,577000,-1.0,-1.0,-1.0
2022/03/09,374.6,382.0,374.6,377.0,597500,-1.0,-1.0,-1.0
2022/03/10,392.6,398.8,389.8,395.8,457500,-1.0,-1.0,-1.0
2022/03/11,392.8,402.0,391.20000000000005,398.0,687500,-1.0,-1.0,-1.0
2022/03/14,404.8,407.6,401.40000000000003,403.20000000000005,278000,-1.0,-1.0,-1.0
2022/03/15,405.20000000000005,411.20000000000005,402.8,410.0,344000,-1.0,-1.0,-1.0
2022/03/16,406.20000000000005,407.40000000000003,393.8,396.20000000000005,818500,-1.0,-1.0,-1.0
2022/03/17,397.8,409.20000000000005,397.8,404.40000000000003,635500,-1.0,-1.0,-1.0
2022/03/18,406.6,407.20000000000005,401.20000000000005,401.8,582000,-1.0,-1.0,-1.0
2022/03/22,407.0,409.0,403.6,407.40000000000003,327000,-1.0,-1.0,-1.0
2022/03/23,411.0,414.40000000000003,408.8,413.0,340000,-1.0,-1.0,-1.0
2022/03/24,408.40000000000003,408.40000000000003,399.20000000000005,403.20000000000005,287500,-1.0,-1.0,-1.0
2022/03/25,403.20000000000005,405.40000000000003,401.40000000000003,403.6,219000,-1.0,-1.0,-1.0
2022/03/28,405.20000000000005,408.0,401.40000000000003,403.8,210000,-1.0,-1.0,-1.0
2022/03/29,401.8,404.20000000000005,398.20000000000005,402.6,573000,-1.0,-1.0,-1.0
2022/03/30,399.40000000000003,400.6,387.20000000000005,390.6,361000,-1.0,-1.0,-1.0
2022/03/31,385.8,387.40000000000003,380.20000000000005,380.8,420500,-1.0,-1.0,-1.0
2022/04/01,377.8,381.0,374.0,380.6,375000,-1.0,-1.0,-1.0
2022/04/04,378.40000000000003,384.8,377.40000000000003,384.40000000000003,285000,-1.0,-1.0,-1.0
2022/04/05,385.8,385.8,379.20000000000005,380.8,331000,-1.0,-1.0,-1.0
2022/04/06,380.0,383.8,376.20000000000005,377.6,303500,-1.0,-1.0,-1.0
2022/04/07,375.0,375.0,371.40000000000003,374.40000000000003,318000,-1.0,-1.0,-1.0
2022/04/08,372.8,373.6,369.40000000000003,372.40000000000003,460000,-1.0,-1.0,-1.0
2022/04/11,372.0,378.0,371.8,375.40000000000003,271000,-1.0,-1.0,-1.0
2022/04/12,377.6,381.40000000000003,373.20000000000005,374.6,275500,-1.0,-1.0,-1.0
2022/04/13,376.0,380.40000000000003,374.40000000000003,379.8,337000,-1.0,-1.0,-1.0
2022/04/14,374.6,382.0,374.6,380.6,171000,-1.0,-1.0,-1.0
2022/04/15,380.6,383.20000000000005,379.6,382.0,179000,-1.0,-1.0,-1.0
2022/04/18,378.40000000000003,383.8,376.20000000000005,381.6,286500,-1.0,-1.0,-1.0
2022/04/19,382.40000000000003,382.40000000000003,377.0,381.0,247500,-1.0,-1.0,-1.0
2022/04/20,384.8,390.0,382.6,388.6,370000,-1.0,-1.0,-1.0
2022/04/21,388.6,394.0,388.6,392.40000000000003,317000,-1.0,-1.0,-1.0
2022/04/22,388.6,389.0,382.40000000000003,384.0,243500,-1.0,-1.0,-1.0
2022/04/25,376.40000000000003,380.40000000000003,376.20000000000005,379.0,196000,-1.0,-1.0,-1.0
2022/04/26,379.40000000000003,383.0,377.8,377.8,308500,-1.0,-1.0,-1.0
2022/04/27,375.6,377.40000000000003,368.0,369.0,1042000,-1.0,-1.0,-1.0
2022/04/28,370.40000000000003,381.8,368.8,381.20000000000005,411000,-1.0,-1.0,-1.0
2022/05/02,380.40000000000003,384.20000000000005,379.0,383.0,323000,-1.0,-1.0,-1.0
2022/05/06,388.8,390.6,386.20000000000005,388.6,366000,-1.0,-1.0,-1.0
2022/05/09,384.8,387.20000000000005,380.8,381.0,291000,-1.0,-1.0,-1.0
2022/05/10,380.20000000000005,383.0,376.0,382.40000000000003,266500,-1.0,-1.0,-1.0
2022/05/11,378.20000000000005,378.20000000000005,373.20000000000005,373.20000000000005,302000,-1.0,-1.0,-1.0
2022/05/12,373.20000000000005,375.0,365.40000000000003,365.40000000000003,391500,-1.0,-1.0,-1.0
2022/05/13,363.0,371.8,361.0,371.20000000000005,359500,-1.0,-1.0,-1.0
2022/05/16,368.0,368.8,354.20000000000005,354.6,775000,-1.0,-1.0,-1.0
2022/05/17,354.6,354.6,344.6,347.20000000000005,909000,-1.0,-1.0,-1.0
2022/05/18,349.20000000000005,351.20000000000005,346.20000000000005,350.6,567000,-1.0,-1.0,-1.0
2022/05/19,343.6,348.0,340.40000000000003,347.40000000000003,628500,-1.0,-1.0,-1.0
2022/05/20,346.40000000000003,346.40000000000003,342.0,345.0,557500,-1.0,-1.0,-1.0
2022/05/23,348.20000000000005,351.8,348.0,349.20000000000005,378000,-1.0,-1.0,-1.0
2022/05/24,347.6,347.8,343.20000000000005,343.40000000000003,528500,-1.0,-1.0,-1.0
2022/05/25,344.6,346.20000000000005,342.40000000000003,344.40000000000003,405500,-1.0,-1.0,-1.0
2022/05/26,345.6,348.20000000000005,344.20000000000005,344.20000000000005,327000,-1.0,-1.0,-1.0
2022/05/27,348.0,348.0,343.8,345.8,304500,-1.0,-1.0,-1.0
2022/05/30,344.20000000000005,350.8,344.20000000000005,348.8,1040000,-1.0,-1.0,-1.0
2022/05/31,349.8,351.40000000000003,343.40000000000003,343.40000000000003,559500,-1.0,-1.0,-1.0
2022/06/01,346.20000000000005,351.0,345.40000000000003,350.0,513000,-1.0,-1.0,-1.0
2022/06/02,350.0,353.8,347.40000000000003,353.20000000000005,343500,-1.0,-1.0,-1.0
2022/06/03,354.40000000000003,354.40000000000003,349.6,349.8,230000,-1.0,-1.0,-1.0
2022/06/06,347.8,351.0,347.8,350.0,207500,-1.0,-1.0,-1.0
2022/06/07,350.6,354.0,348.8,348.8,423000,-1.0,-1.0,-1.0
2022/06/08,349.0,352.20000000000005,349.0,349.20000000000005,311500,-1.0,-1.0,-1.0
2022/06/09,348.40000000000003,352.6,347.40000000000003,349.0,369500,-1.0,-1.0,-1.0
2022/06/10,346.20000000000005,347.40000000000003,343.40000000000003,344.0,629500,-1.0,-1.0,-1.0
2022/06/13,341.6,346.40000000000003,341.40000000000003,345.6,377000,-1.0,-1.0,-1.0
2022/06/14,343.0,344.6,341.20000000000005,342.20000000000005,537000,-1.0,-1.0,-1.0
2022/06/15,342.20000000000005,344.6,341.40000000000003,341.40000000000003,458000,-1.0,-1.0,-1.0
2022/06/16,341.6,346.8,341.0,343.40000000000003,573500,-1.0,-1.0,-1.0
2022/06/17,340.40000000000003,342.6,339.6,340.0,969500,-1.0,-1.0,-1.0
2022/06/20,342.20000000000005,344.6,335.40000000000003,336.8,650000,-1.0,-1.0,-1.0
2022/06/21,340.20000000000005,344.6,340.20000000000005,342.6,341000,-1.0,-1.0,-1.0
2022/06/22,345.20000000000005,345.8,342.20000000000005,342.20000000000005,360500,-1.0,-1.0,-1.0
2022/06/23,340.20000000000005,343.0,340.20000000000005,340.6,316500,-1.0,-1.0,-1.0
2022/06/24,339.8,343.40000000000003,338.20000000000005,343.0,464500,-1.0,-1.0,-1.0
2022/06/27,345.8,347.0,340.20000000000005,342.8,412000,-1.0,-1.0,-1.0
2022/06/28,341.6,343.40000000000003,340.40000000000003,342.0,393000,-1.0,-1.0,-1.0
2022/06/29,341.0,344.0,339.0,341.0,1213500,-1.0,-1.0,-1.0
2022/06/30,340.40000000000003,344.6,339.0,344.6,473000,-1.0,-1.0,-1.0
2022/07/01,344.6,346.40000000000003,342.0,343.0,553500,-1.0,-1.0,-1.0
2022/07/04,346.40000000000003,347.0,344.20000000000005,344.8,318500,-1.0,-1.0,-1.0
2022/07/05,347.20000000000005,347.20000000000005,342.6,345.8,448000,-1.0,-1.0,-1.0
2022/07/06,345.0,347.40000000000003,341.0,341.40000000000003,554500,-1.0,-1.0,-1.0
2022/07/07,344.20000000000005,347.6,342.6,346.6,611500,-1.0,-1.0,-1.0
2022/07/08,346.40000000000003,349.20000000000005,344.6,345.20000000000005,550000,-1.0,-1.0,-1.0
2022/07/11,348.0,351.6,347.20000000000005,350.20000000000005,557500,-1.0,-1.0,-1.0
2022/07/12,348.40000000000003,349.20000000000005,344.40000000000003,344.40000000000003,391500,-1.0,-1.0,-1.0
2022/07/13,347.40000000000003,348.8,345.6,346.40000000000003,317500,-1.0,-1.0,-1.0
2022/07/14,344.40000000000003,345.6,341.6,342.6,417000,-1.0,-1.0,-1.0
2022/07/15,341.8,343.0,338.8,340.8,520500,-1.0,-1.0,-1.0
2022/07/19,344.40000000000003,344.40000000000003,341.6,343.6,328500,-1.0,-1.0,-1.0
2022/07/20,350.0,350.6,346.6,347.6,586500,-1.0,-1.0,-1.0
2022/07/21,347.20000000000005,351.40000000000003,346.8,351.20000000000005,272000,-1.0,-1.0,-1.0
2022/07/22,349.40000000000003,351.8,348.8,349.8,300500,-1.0,-1.0,-1.0
2022/07/25,348.8,351.0,348.40000000000003,348.6,154500,-1.0,-1.0,-1.0
2022/07/26,350.20000000000005,353.40000000000003,350.20000000000005,350.8,370000,-1.0,-1.0,-1.0
2022/07/27,351.0,353.40000000000003,350.40000000000003,352.20000000000005,345000,-1.0,-1.0,-1.0
2022/07/28,352.6,353.0,348.8,352.20000000000005,313000,-1.0,-1.0,-1.0
2022/07/29,351.0,351.0,347.40000000000003,347.8,219000,-1.0,-1.0,-1.0
2022/08/01,349.20000000000005,353.8,348.6,353.8,365500,-1.0,-1.0,-1.0
2022/08/02,351.40000000000003,353.0,346.0,347.0,366500,-1.0,-1.0,-1.0
2022/08/03,347.40000000000003,347.40000000000003,343.8,344.40000000000003,308000,-1.0,-1.0,-1.0
2022/08/04,346.8,346.8,341.6,343.8,371500,-1.0,-1.0,-1.0
2022/08/05,343.40000000000003,344.8,342.20000000000005,343.6,330000,-1.0,-1.0,-1.0
2022/08/08,349.6,350.0,346.6,348.20000000000005,402000,-1.0,-1.0,-1.0
2022/08/09,348.40000000000003,349.20000000000005,343.20000000000005,343.20000000000005,345500,-1.0,-1.0,-1.0
2022/08/10,343.0,345.6,343.0,345.6,192000,-1.0,-1.0,-1.0
2022/08/12,349.40000000000003,352.8,348.8,349.6,473500,-1.0,-1.0,-1.0
2022/08/15,351.20000000000005,351.20000000000005,348.8,350.6,240000,-1.0,-1.0,-1.0
2022/08/16,351.40000000000003,352.40000000000003,349.8,350.20000000000005,276000,-1.0,-1.0,-1.0
2022/08/17,352.40000000000003,356.0,352.40000000000003,355.0,423500,-1.0,-1.0,-1.0
2022/08/18,352.40000000000003,355.0,349.40000000000003,350.0,347000,-1.0,-1.0,-1.0
2022/08/19,352.40000000000003,352.40000000000003,348.20000000000005,348.6,263500,-1.0,-1.0,-1.0
2022/08/22,346.40000000000003,350.0,345.6,350.0,219500,-1.0,-1.0,-1.0
2022/08/23,347.20000000000005,347.6,345.20000000000005,346.6,320500,-1.0,-1.0,-1.0
2022/08/24,347.40000000000003,349.20000000000005,346.8,347.0,189000,-1.0,-1.0,-1.0
2022/08/25,347.20000000000005,349.8,346.40000000000003,348.40000000000003,220500,-1.0,-1.0,-1.0
2022/08/26,349.8,350.6,348.20000000000005,349.0,172000,-1.0,-1.0,-1.0
2022/08/29,346.6,347.0,345.0,346.6,385500,-1.0,-1.0,-1.0
2022/08/30,346.40000000000003,348.8,346.40000000000003,348.20000000000005,194000,-1.0,-1.0,-1.0
2022/08/31,345.6,348.0,345.40000000000003,345.8,412000,-1.0,-1.0,-1.0
2022/09/01,344.6,345.8,342.0,343.40000000000003,572000,-1.0,-1.0,-1.0
2022/09/02,344.40000000000003,344.6,342.20000000000005,344.40000000000003,338000,-1.0,-1.0,-1.0
2022/09/05,343.8,344.40000000000003,342.6,343.6,257500,-1.0,-1.0,-1.0
2022/09/06,344.40000000000003,345.8,343.40000000000003,343.8,409500,-1.0,-1.0,-1.0
2022/09/07,342.8,344.0,337.6,339.20000000000005,997500,-1.0,-1.0,-1.0
2022/09/08,341.0,342.20000000000005,340.20000000000005,341.6,595500,-1.0,-1.0,-1.0
2022/09/09,339.20000000000005,343.8,339.20000000000005,343.40000000000003,732500,-1.0,-1.0,-1.0
2022/09/12,344.6,345.0,342.8,344.40000000000003,365000,-1.0,-1.0,-1.0
2022/09/13,344.0,345.40000000000003,343.6,344.0,203500,-1.0,-1.0,-1.0
2022/09/14,340.8,343.6,340.20000000000005,342.40000000000003,515000,-1.0,-1.0,-1.0
2022/09/15,343.8,343.8,341.40000000000003,343.40000000000003,278000,-1.0,-1.0,-1.0
2022/09/16,342.6,349.0,342.6,348.8,653500,-1.0,-1.0,-1.0
2022/09/20,350.8,353.20000000000005,349.6,353.20000000000005,595500,-1.0,-1.0,-1.0
2022/09/21,350.40000000000003,353.8,350.40000000000003,351.40000000000003,432500,-1.0,-1.0,-1.0
2022/09/22,349.40000000000003,349.40000000000003,346.20000000000005,347.6,387500,-1.0,-1.0,-1.0
2022/09/26,346.40000000000003,346.40000000000003,340.8,341.8,518000,-1.0,-1.0,-1.0
2022/09/27,343.40000000000003,344.0,341.20000000000005,341.20000000000005,445500,-1.0,-1.0,-1.0
2022/09/28,340.0,343.8,338.40000000000003,343.8,672500,-1.0,-1.0,-1.0
2022/09/29,342.0,344.6,339.8,344.0,511000,-1.0,-1.0,-1.0
2022/09/30,341.0,344.20000000000005,341.0,342.6,520500,-1.0,-1.0,-1.0
2022/10/03,340.8,341.6,336.20000000000005,337.6,481500,-1.0,-1.0,-1.0
2022/10/04,340.6,345.20000000000005,340.6,344.20000000000005,844000,-1.0,-1.0,-1.0
2022/10/05,344.20000000000005,347.6,343.40000000000003,344.6,459500,-1.0,-1.0,-1.0
2022/10/06,346.40000000000003,348.8,345.6,345.6,403000,-1.0,-1.0,-1.0
2022/10/07,343.20000000000005,344.20000000000005,341.8,343.8,301000,-1.0,-1.0,-1.0
2022/10/11,345.0,349.8,345.0,347.40000000000003,796500,-1.0,-1.0,-1.0
2022/10/12,345.20000000000005,348.6,344.8,346.20000000000005,292000,-1.0,-1.0,-1.0
2022/10/13,344.0,346.20000000000005,343.6,345.20000000000005,339500,-1.0,-1.0,-1.0
2022/10/14,349.0,353.40000000000003,347.6,350.8,536500,-1.0,-1.0,-1.0
2022/10/17,348.0,350.6,346.8,347.40000000000003,299500,-1.0,-1.0,-1.0
2022/10/18,351.0,353.0,349.40000000000003,351.8,410000,-1.0,-1.0,-1.0
2022/10/19,352.20000000000005,354.0,349.8,354.0,271500,-1.0,-1.0,-1.0
2022/10/20,348.6,352.8,348.6,352.40000000000003,240500,-1.0,-1.0,-1.0
2022/10/21,350.8,352.40000000000003,348.6,350.8,320500,-1.0,-1.0,-1.0
2022/10/24,353.8,355.20000000000005,351.20000000000005,354.40000000000003,397000,-1.0,-1.0,-1.0
2022/10/25,356.0,356.40000000000003,353.6,353.8,322000,-1.0,-1.0,-1.0
2022/10/26,356.0,361.40000000000003,355.40000000000003,361.40000000000003,616000,-1.0,-1.0,-1.0
2022/10/27,360.0,360.0,348.20000000000005,348.40000000000003,536000,-1.0,-1.0,-1.0
2022/10/28,346.0,350.0,346.0,347.8,792000,-1.0,-1.0,-1.0
2022/10/31,349.6,352.0,348.40000000000003,351.0,326000,-1.0,-1.0,-1.0
2022/11/01,351.20000000000005,351.40000000000003,346.6,346.8,413000,-1.0,-1.0,-1.0
2022/11/02,346.20000000000005,348.0,344.8,347.20000000000005,742000,-1.0,-1.0,-1.0
2022/11/04,344.40000000000003,347.20000000000005,343.0,343.0,481000,-1.0,-1.0,-1.0
2022/11/07,347.8,347.8,343.40000000000003,344.20000000000005,353000,-1.0,-1.0,-1.0
2022/11/08,343.8,347.0,343.20000000000005,346.0,312500,-1.0,-1.0,-1.0
2022/11/09,346.40000000000003,348.8,346.0,348.8,259500,-1.0,-1.0,-1.0
2022/11/10,346.0,348.6,345.8,348.0,176000,-1.0,-1.0,-1.0
2022/11/11,349.6,349.8,346.20000000000005,346.20000000000005,431000,-1.0,-1.0,-1.0
2022/11/14,345.0,348.20000000000005,343.20000000000005,344.20000000000005,409500,-1.0,-1.0,-1.0
2022/11/15,344.20000000000005,347.20000000000005,343.40000000000003,343.40000000000003,261500,-1.0,-1.0,-1.0
2022/11/16,343.20000000000005,344.40000000000003,341.20000000000005,342.6,555500,-1.0,-1.0,-1.0
2022/11/17,342.0,347.0,342.0,347.0,524000,-1.0,-1.0,-1.0
2022/11/18,347.8,349.40000000000003,344.8,345.20000000000005,655000,-1.0,-1.0,-1.0
2022/11/21,345.40000000000003,349.6,345.0,349.6,495000,-1.0,-1.0,-1.0
2022/11/22,350.0,355.0,349.8,354.6,427500,-1.0,-1.0,-1.0
2022/11/24,357.20000000000005,361.6,357.0,360.0,783000,-1.0,-1.0,-1.0
2022/11/25,360.0,368.6,358.0,368.40000000000003,967000,-1.0,-1.0,-1.0
2022/11/28,372.0,374.8,367.6,370.6,711500,-1.0,-1.0,-1.0
2022/11/29,367.8,373.20000000000005,364.40000000000003,370.20000000000005,440500,-1.0,-1.0,-1.0
2022/11/30,370.0,371.0,366.20000000000005,368.8,675500,-1.0,-1.0,-1.0
2022/12/01,368.40000000000003,368.40000000000003,360.0,360.0,378500,-1.0,-1.0,-1.0
2022/12/02,356.8,356.8,347.6,349.6,624500,-1.0,-1.0,-1.0
2022/12/05,349.20000000000005,349.6,345.40000000000003,347.0,421500,-1.0,-1.0,-1.0
2022/12/06,345.6,347.8,345.20000000000005,346.0,300500,-1.0,-1.0,-1.0
2022/12/07,345.6,353.0,345.40000000000003,349.8,387500,-1.0,-1.0,-1.0
2022/12/08,349.40000000000003,349.40000000000003,343.20000000000005,347.6,455000,-1.0,-1.0,-1.0
2022/12/09,343.8,347.6,343.8,344.6,394000,-1.0,-1.0,-1.0
2022/12/12,345.6,346.8,343.8,343.8,252500,-1.0,-1.0,-1.0
2022/12/13,346.40000000000003,346.40000000000003,344.6,345.20000000000005,219500,-1.0,-1.0,-1.0
2022/12/14,344.40000000000003,345.20000000000005,344.0,344.0,235000,-1.0,-1.0,-1.0
2022/12/15,343.8,347.0,343.8,347.0,229000,-1.0,-1.0,-1.0
2022/12/16,347.0,349.6,343.0,344.0,836500,-1.0,-1.0,-1.0
2022/12/19,344.0,347.20000000000005,343.8,345.6,537000,-1.0,-1.0,-1.0
2022/12/20,347.20000000000005,364.20000000000005,346.8,360.0,1320000,-1.0,-1.0,-1.0
2022/12/21,364.0,372.6,356.0,356.0,1041000,-1.0,-1.0,-1.0
2022/12/22,358.0,364.40000000000003,354.40000000000003,364.0,691500,-1.0,-1.0,-1.0
2022/12/23,363.0,370.6,363.0,370.6,596500,-1.0,-1.0,-1.0
2022/12/26,370.6,371.0,363.40000000000003,365.8,345500,-1.0,-1.0,-1.0
2022/12/27,369.8,375.0,367.6,375.0,438000,-1.0,-1.0,-1.0
2022/12/28,374.0,378.40000000000003,372.0,376.6,555500,-1.0,-1.0,-1.0
2022/12/29,375.6,375.6,367.8,373.20000000000005,437500,-1.0,-1.0,-1.0
2022/12/30,374.6,378.20000000000005,372.0,375.8,294500,-1.0,-1.0,-1.0
2023/01/04,379.0,380.8,372.40000000000003,380.8,513000,-1.0,-1.0,-1.0
2023/01/05,378.0,380.6,373.20000000000005,377.40000000000003,622500,-1.0,-1.0,-1.0
2023/01/06,376.40000000000003,380.6,372.0,373.20000000000005,512000,-1.0,-1.0,-1.0
2023/01/10,374.20000000000005,375.8,368.6,368.6,304000,-1.0,-1.0,-1.0
2023/01/11,369.6,370.20000000000005,366.0,369.40000000000003,332500,-1.0,-1.0,-1.0
2023/01/12,368.6,381.40000000000003,367.6,378.6,666000,-1.0,-1.0,-1.0
2023/01/13,379.8,398.20000000000005,379.6,393.8,1398000,-1.0,-1.0,-1.0
2023/01/16,392.8,394.0,379.0,379.40000000000003,861000,-1.0,-1.0,-1.0
2023/01/17,378.0,378.0,369.0,371.6,633500,-1.0,-1.0,-1.0
2023/01/18,369.0,374.6,362.0,374.6,684000,-1.0,-1.0,-1.0
2023/01/19,374.6,377.40000000000003,368.20000000000005,369.6,446000,-1.0,-1.0,-1.0
2023/01/20,372.8,377.20000000000005,370.0,377.0,577500,-1.0,-1.0,-1.0
2023/01/23,379.20000000000005,382.20000000000005,376.20000000000005,376.8,551000,-1.0,-1.0,-1.0
2023/01/24,380.0,386.0,377.0,385.20000000000005,506500,-1.0,-1.0,-1.0
2023/01/25,383.40000000000003,384.20000000000005,379.20000000000005,380.0,399000,-1.0,-1.0,-1.0
2023/01/26,381.6,382.40000000000003,378.8,382.20000000000005,277000,-1.0,-1.0,-1.0
2023/01/27,381.8,388.6,379.6,387.40000000000003,576000,-1.0,-1.0,-1.0
2023/01/30,385.6,395.40000000000003,385.0,392.8,559500,-1.0,-1.0,-1.0
2023/01/31,393.20000000000005,393.6,388.0,389.0,365500,-1.0,-1.0,-1.0
2023/02/01,389.6,394.0,382.8,383.0,278500,-1.0,-1.0,-1.0
2023/02/02,380.8,384.0,379.8,381.20000000000005,324500,-1.0,-1.0,-1.0
2023/02/03,379.0,381.8,376.20000000000005,380.0,399000,-1.0,-1.0,-1.0
2023/02/06,383.8,383.8,373.6,378.6,407000,-1.0,-1.0,-1.0
2023/02/07,379.0,385.0,378.0,383.20000000000005,279500,-1.0,-1.0,-1.0
2023/02/08,384.40000000000003,386.6,381.6,386.0,417000,-1.0,-1.0,-1.0
2023/02/09,383.20000000000005,385.8,381.8,383.20000000000005,332500,-1.0,-1.0,-1.0
2023/02/10,380.0,391.40000000000003,380.0,389.8,629000,-1.0,-1.0,-1.0
2023/02/13,392.0,396.40000000000003,386.40000000000003,386.6,452500,-1.0,-1.0,-1.0
2023/02/14,390.20000000000005,395.0,388.40000000000003,394.8,246000,-1.0,-1.0,-1.0
2023/02/15,395.6,396.8,393.0,395.40000000000003,287500,-1.0,-1.0,-1.0
2023/02/16,396.8,398.0,391.20000000000005,392.20000000000005,234500,-1.0,-1.0,-1.0
2023/02/17,392.0,396.6,391.8,395.6,352000,-1.0,-1.0,-1.0
2023/02/20,396.8,400.20000000000005,396.6,399.6,365500,-1.0,-1.0,-1.0
2023/02/21,399.40000000000003,403.8,399.0,403.6,332500,-1.0,-1.0,-1.0
2023/02/22,403.0,405.0,400.20000000000005,404.0,435000,-1.0,-1.0,-1.0
2023/02/24,404.0,407.8,399.0,402.40000000000003,520500,-1.0,-1.0,-1.0
2023/02/27,402.40000000000003,405.20000000000005,402.0,404.20000000000005,224500,-1.0,-1.0,-1.0
2023/02/28,404.20000000000005,404.20000000000005,399.40000000000003,402.0,532500,-1.0,-1.0,-1.0
2023/03/01,402.0,411.6,402.0,408.8,502000,-1.0,-1.0,-1.0
2023/03/02,410.0,411.0,402.6,403.8,417000,-1.0,-1.0,-1.0
2023/03/03,405.20000000000005,407.20000000000005,403.0,405.8,537000,-1.0,-1.0,-1.0
2023/03/06,406.6,407.8,403.6,404.20000000000005,485500,-1.0,-1.0,-1.0
2023/03/07,404.6,408.8,404.0,408.8,380500,-1.0,-1.0,-1.0
2023/03/08,409.6,413.40000000000003,408.6,413.0,363000,-1.0,-1.0,-1.0
2023/03/09,414.40000000000003,424.8,414.40000000000003,424.40000000000003,599000,-1.0,-1.0,-1.0
2023/03/10,420.0,421.6,409.6,410.0,1257500,-1.0,-1.0,-1.0
2023/03/13,400.0,402.20000000000005,385.0,388.8,1469500,-1.0,-1.0,-1.0
2023/03/14,376.8,377.20000000000005,360.8,363.0,2181500,-1.0,-1.0,-1.0
2023/03/15,371.0,376.0,368.6,372.6,1218500,-1.0,-1.0,-1.0
2023/03/16,360.0,363.6,355.40000000000003,361.0,997500,-1.0,-1.0,-1.0
2023/03/17,366.40000000000003,368.0,359.6,364.40000000000003,704000,-1.0,-1.0,-1.0
2023/03/20,360.0,368.0,360.0,360.8,729000,-1.0,-1.0,-1.0
2023/03/22,370.6,371.6,363.6,363.6,649500,-1.0,-1.0,-1.0
2023/03/23,358.20000000000005,359.8,356.40000000000003,359.8,381000,-1.0,-1.0,-1.0
2023/03/24,354.0,359.8,352.20000000000005,358.8,542000,-1.0,-1.0,-1.0
2023/03/27,360.40000000000003,360.40000000000003,355.8,357.20000000000005,333500,-1.0,-1.0,-1.0
2023/03/28,359.0,360.6,355.6,356.20000000000005,755000,-1.0,-1.0,-1.0
2023/03/29,360.0,363.0,358.20000000000005,360.20000000000005,730500,-1.0,-1.0,-1.0
2023/03/30,356.0,359.6,351.40000000000003,358.8,984000,-1.0,-1.0,-1.0
2023/03/31,361.8,362.0,356.20000000000005,357.20000000000005,623500,-1.0,-1.0,-1.0
2023/04/03,362.0,368.6,360.6,367.6,475000,-1.0,-1.0,-1.0
2023/04/04,365.8,369.8,364.0,369.6,473500,-1.0,-1.0,-1.0
2023/04/05,364.8,364.8,360.20000000000005,360.8,531500,-1.0,-1.0,-1.0
2023/04/06,356.0,359.0,354.8,355.40000000000003,464000,-1.0,-1.0,-1.0
2023/04/07,356.20000000000005,360.20000000000005,356.20000000000005,358.0,294500,-1.0,-1.0,-1.0
2023/04/10,360.0,362.20000000000005,359.8,360.40000000000003,286500,-1.0,-1.0,-1.0
2023/04/11,363.20000000000005,363.20000000000005,358.20000000000005,360.40000000000003,382000,-1.0,-1.0,-1.0
2023/04/12,362.0,363.8,361.0,361.40000000000003,298500,-1.0,-1.0,-1.0
2023/04/13,360.0,361.40000000000003,358.20000000000005,360.6,335500,-1.0,-1.0,-1.0
2023/04/14,361.0,362.40000000000003,359.40000000000003,360.6,469500,-1.0,-1.0,-1.0
2023/04/17,361.20000000000005,362.6,360.0,362.40000000000003,311500,-1.0,-1.0,-1.0
2023/04/18,364.0,371.40000000000003,363.8,366.8,498500,-1.0,-1.0,-1.0
2023/04/19,367.8,370.0,365.0,370.0,516500,-1.0,-1.0,-1.0
2023/04/20,370.0,377.40000000000003,370.0,375.0,444000,-1.0,-1.0,-1.0
2023/04/21,373.20000000000005,374.8,369.20000000000005,370.0,232500,-1.0,-1.0,-1.0
2023/04/24,370.6,372.20000000000005,364.6,364.6,319000,-1.0,-1.0,-1.0
2023/04/25,364.6,369.40000000000003,364.20000000000005,368.40000000000003,332500,-1.0,-1.0,-1.0
2023/04/26,365.8,365.8,359.40000000000003,361.8,420000,-1.0,-1.0,-1.0
2023/04/27,360.0,364.8,359.20000000000005,364.0,310000,-1.0,-1.0,-1.0
2023/04/28,367.0,373.20000000000005,366.0,369.0,551000,-1.0,-1.0,-1.0
2023/05/01,372.0,372.0,366.8,371.8,227000,-1.0,-1.0,-1.0
2023/05/02,373.20000000000005,373.20000000000005,366.6,368.8,351500,-1.0,-1.0,-1.0
2023/05/08,364.0,367.8,363.20000000000005,363.20000000000005,285000,-1.0,-1.0,-1.0
2023/05/09,363.40000000000003,366.20000000000005,361.20000000000005,365.40000000000003,453500,-1.0,-1.0,-1.0
2023/05/10,367.40000000000003,371.20000000000005,365.8,366.8,392000,-1.0,-1.0,-1.0
2023/05/11,365.20000000000005,368.0,365.20000000000005,366.40000000000003,213000,-1.0,-1.0,-1.0
2023/05/12,365.6,367.8,363.6,367.8,402000,-1.0,-1.0,-1.0
2023/05/15,365.6,373.0,365.6,372.8,558000,-1.0,-1.0,-1.0
2023/05/16,374.8,376.40000000000003,367.6,370.40000000000003,467500,-1.0,-1.0,-1.0
2023/05/17,371.40000000000003,379.8,370.20000000000005,378.0,651500,-1.0,-1.0,-1.0
2023/05/18,381.0,382.6,377.20000000000005,378.40000000000003,575000,-1.0,-1.0,-1.0
2023/05/19,379.8,380.6,374.0,374.8,382500,-1.0,-1.0,-1.0
2023/05/22,371.6,374.20000000000005,367.40000000000003,368.20000000000005,327000,-1.0,-1.0,-1.0
2023/05/23,371.40000000000003,371.6,365.20000000000005,366.20000000000005,330000,-1.0,-1.0,-1.0
2023/05/24,366.0,370.6,365.40000000000003,365.40000000000003,383500,-1.0,-1.0,-1.0
2023/05/25,365.0,366.20000000000005,362.0,362.40000000000003,380000,-1.0,-1.0,-1.0
2023/05/26,361.0,363.6,359.20000000000005,359.40000000000003,362500,-1.0,-1.0,-1.0
2023/05/29,360.40000000000003,363.20000000000005,360.40000000000003,361.8,328000,-1.0,-1.0,-1.0
2023/05/30,360.0,360.8,357.8,358.20000000000005,303500,-1.0,-1.0,-1.0
2023/05/31,356.0,359.40000000000003,355.0,356.6,489500,-1.0,-1.0,-1.0
2023/06/01,355.6,361.40000000000003,354.20000000000005,360.40000000000003,365000,-1.0,-1.0,-1.0
2023/06/02,361.0,367.20000000000005,361.0,366.8,392000,-1.0,-1.0,-1.0
2023/06/05,373.6,374.20000000000005,365.40000000000003,368.6,484000,-1.0,-1.0,-1.0
2023/06/06,362.20000000000005,365.20000000000005,361.0,364.40000000000003,415500,-1.0,-1.0,-1.0
2023/06/07,365.8,368.8,362.6,363.40000000000003,534500,-1.0,-1.0,-1.0
2023/06/08,364.8,370.40000000000003,364.8,365.0,477500,-1.0,-1.0,-1.0
2023/06/09,365.8,370.40000000000003,365.6,369.6,623500,-1.0,-1.0,-1.0
2023/06/12,371.0,371.20000000000005,366.0,366.6,301000,-1.0,-1.0,-1.0
2023/06/13,364.6,367.40000000000003,364.40000000000003,364.6,357500,-1.0,-1.0,-1.0
2023/06/14,367.6,369.40000000000003,365.6,366.8,325000,-1.0,-1.0,-1.0
2023/06/15,366.0,366.40000000000003,363.40000000000003,363.40000000000003,380000,-1.0,-1.0,-1.0
2023/06/16,363.8,367.0,363.0,363.40000000000003,722000,-1.0,-1.0,-1.0
2023/06/19,366.0,366.40000000000003,363.0,365.20000000000005,255500,-1.0,-1.0,-1.0
2023/06/20,364.40000000000003,365.0,361.20000000000005,361.6,439000,-1.0,-1.0,-1.0
2023/06/21,361.40000000000003,365.40000000000003,361.0,364.20000000000005,364000,-1.0,-1.0,-1.0
2023/06/22,365.6,367.8,364.8,367.0,369000,-1.0,-1.0,-1.0
2023/06/23,369.6,370.0,363.8,365.0,343000,-1.0,-1.0,-1.0
2023/06/26,364.6,365.40000000000003,362.0,362.40000000000003,244000,-1.0,-1.0,-1.0
2023/06/27,362.40000000000003,363.8,361.6,363.20000000000005,216000,-1.0,-1.0,-1.0
2023/06/28,365.20000000000005,371.20000000000005,364.6,371.20000000000005,449000,-1.0,-1.0,-1.0
2023/06/29,371.20000000000005,372.6,368.20000000000005,370.0,313500,-1.0,-1.0,-1.0
2023/06/30,372.0,372.40000000000003,366.6,368.40000000000003,445500,-1.0,-1.0,-1.0
2023/07/03,368.0,369.40000000000003,367.0,369.40000000000003,307000,-1.0,-1.0,-1.0
2023/07/04,369.6,377.0,369.6,376.8,672000,-1.0,-1.0,-1.0
2023/07/05,376.8,379.40000000000003,372.20000000000005,377.6,646500,-1.0,-1.0,-1.0
2023/07/06,378.40000000000003,378.40000000000003,370.40000000000003,371.40000000000003,473000,-1.0,-1.0,-1.0
2023/07/07,368.40000000000003,377.40000000000003,367.0,373.40000000000003,473500,-1.0,-1.0,-1.0
2023/07/10,376.20000000000005,380.0,373.20000000000005,373.40000000000003,477500,-1.0,-1.0,-1.0
2023/07/11,374.0,374.40000000000003,370.0,370.40000000000003,306000,-1.0,-1.0,-1.0
2023/07/12,371.20000000000005,374.0,369.8,372.40000000000003,310500,-1.0,-1.0,-1.0
2023/07/13,375.20000000000005,375.20000000000005,368.40000000000003,369.40000000000003,261000,-1.0,-1.0,-1.0
2023/07/14,371.20000000000005,371.20000000000005,367.40000000000003,368.40000000000003,341000,-1.0,-1.0,-1.0
2023/07/18,368.0,375.8,368.0,372.40000000000003,308500,-1.0,-1.0,-1.0
2023/07/19,376.0,378.6,374.40000000000003,377.40000000000003,516000,-1.0,-1.0,-1.0
2023/07/20,379.8,380.6,375.20000000000005,376.20000000000005,434500,-1.0,-1.0,-1.0
2023/07/21,376.0,376.0,369.40000000000003,371.20000000000005,461500,-1.0,-1.0,-1.0
2023/07/24,372.40000000000003,372.6,369.20000000000005,370.6,251500,-1.0,-1.0,-1.0
2023/07/25,370.8,372.20000000000005,369.6,370.8,226500,-1.0,-1.0,-1.0
2023/07/26,369.6,371.20000000000005,368.20000000000005,370.0,252500,-1.0,-1.0,-1.0
2023/07/27,369.8,374.20000000000005,369.40000000000003,373.20000000000005,383000,-1.0,-1.0,-1.0
2023/07/28,374.8,383.8,371.6,383.20000000000005,1177500,-1.0,-1.0,-1.0
2023/07/31,387.40000000000003,391.8,385.6,391.20000000000005,1013000,-1.0,-1.0,-1.0
2023/08/01,391.6,393.40000000000003,387.20000000000005,388.40000000000003,701000,-1.0,-1.0,-1.0
2023/08/02,386.8,389.6,385.0,386.6,433000,-1.0,-1.0,-1.0
2023/08/03,384.8,385.40000000000003,379.0,379.40000000000003,469500,-1.0,-1.0,-1.0
2023/08/04,379.0,382.8,378.6,382.40000000000003,185000,-1.0,-1.0,-1.0
2023/08/07,382.40000000000003,386.8,380.6,386.40000000000003,264500,-1.0,-1.0,-1.0
2023/08/08,387.40000000000003,390.6,387.0,389.0,277500,-1.0,-1.0,-1.0
2023/08/09,390.0,390.0,383.40000000000003,385.0,217000,-1.0,-1.0,-1.0
2023/08/10,384.6,386.6,381.8,385.6,328000,-1.0,-1.0,-1.0
2023/08/14,392.40000000000003,394.8,389.0,390.8,325500,-1.0,-1.0,-1.0
2023/08/15,391.40000000000003,391.40000000000003,388.0,389.0,218000,-1.0,-1.0,-1.0
2023/08/16,384.0,384.0,379.0,380.6,468000,-1.0,-1.0,-1.0
2023/08/17,379.20000000000005,383.6,376.0,383.40000000000003,377500,-1.0,-1.0,-1.0
2023/08/18,381.0,383.6,378.8,380.6,381500,-1.0,-1.0,-1.0
2023/08/21,382.0,383.6,379.20000000000005,379.8,297500,-1.0,-1.0,-1.0
2023/08/22,382.0,390.40000000000003,381.0,390.40000000000003,369500,-1.0,-1.0,-1.0
2023/08/23,388.0,389.40000000000003,386.20000000000005,389.40000000000003,164000,-1.0,-1.0,-1.0
2023/08/24,388.40000000000003,394.0,388.40000000000003,392.20000000000005,269500,-1.0,-1.0,-1.0
2023/08/25,388.40000000000003,393.0,388.40000000000003,392.0,281000,-1.0,-1.0,-1.0
2023/08/28,395.0,397.20000000000005,394.0,396.40000000000003,274000,-1.0,-1.0,-1.0
2023/08/29,396.6,398.40000000000003,393.6,396.0,267500,-1.0,-1.0,-1.0
2023/08/30,396.0,402.6,396.0,402.40000000000003,532500,-1.0,-1.0,-1.0
2023/08/31,401.8,404.0,400.20000000000005,402.40000000000003,341500,-1.0,-1.0,-1.0
2023/09/01,403.6,408.40000000000003,403.0,407.0,349500,-1.0,-1.0,-1.0
2023/09/04,408.0,415.20000000000005,408.0,415.20000000000005,567000,-1.0,-1.0,-1.0
2023/09/05,418.0,419.8,408.40000000000003,411.0,435500,-1.0,-1.0,-1.0
2023/09/06,412.0,421.6,412.0,420.40000000000003,588000,-1.0,-1.0,-1.0
2023/09/07,419.40000000000003,422.8,418.40000000000003,421.0,552500,-1.0,-1.0,-1.0
2023/09/08,416.6,419.6,413.0,414.6,752000,-1.0,-1.0,-1.0
2023/09/11,417.20000000000005,430.8,417.20000000000005,430.8,778500,-1.0,-1.0,-1.0
2023/09/12,433.40000000000003,436.8,427.20000000000005,433.0,460000,-1.0,-1.0,-1.0
2023/09/13,436.0,437.8,432.20000000000005,435.8,546000,-1.0,-1.0,-1.0
2023/09/14,440.0,445.0,437.40000000000003,443.20000000000005,657500,-1.0,-1.0,-1.0
2023/09/15,446.0,448.6,437.0,438.0,1116000,-1.0,-1.0,-1.0
2023/09/19,442.0,446.20000000000005,441.40000000000003,446.20000000000005,592000,-1.0,-1.0,-1.0
2023/09/20,447.6,448.6,435.40000000000003,436.20000000000005,800000,-1.0,-1.0,-1.0
2023/09/21,436.0,442.40000000000003,435.40000000000003,435.6,364500,-1.0,-1.0,-1.0
2023/09/22,432.40000000000003,447.20000000000005,432.40000000000003,444.8,672500,-1.0,-1.0,-1.0
2023/09/25,442.8,442.8,434.0,434.0,521500,-1.0,-1.0,-1.0
2023/09/26,432.8,437.40000000000003,431.40000000000003,434.20000000000005,472000,-1.0,-1.0,-1.0
2023/09/27,433.20000000000005,439.40000000000003,427.0,439.20000000000005,692500,-1.0,-1.0,-1.0
2023/09/28,430.20000000000005,435.20000000000005,426.40000000000003,430.0,530000,-1.0,-1.0,-1.0
2023/09/29,428.20000000000005,428.40000000000003,413.6,414.8,646500,-1.0,-1.0,-1.0
2023/10/02,422.8,430.6,419.40000000000003,421.20000000000005,819000,-1.0,-1.0,-1.0
2023/10/03,420.0,420.0,408.0,409.0,474000,-1.0,-1.0,-1.0
2023/10/04,402.0,403.20000000000005,390.0,390.40000000000003,885000,-1.0,-1.0,-1.0
2023/10/05,392.6,403.20000000000005,391.0,402.20000000000005,588500,-1.0,-1.0,-1.0
2023/10/06,404.0,408.6,399.20000000000005,405.40000000000003,469000,-1.0,-1.0,-1.0
2023/10/10,412.20000000000005,418.20000000000005,405.0,416.8,719000,-1.0,-1.0,-1.0
2023/10/11,420.0,420.0,410.20000000000005,415.6,524000,-1.0,-1.0,-1.0
2023/10/12,418.6,419.8,411.20000000000005,414.20000000000005,469500,-1.0,-1.0,-1.0
2023/10/13,410.20000000000005,414.8,400.8,402.8,551000,-1.0,-1.0,-1.0
2023/10/16,400.0,401.8,395.20000000000005,398.0,504000,-1.0,-1.0,-1.0
2023/10/17,399.0,402.6,393.40000000000003,395.40000000000003,520500,-1.0,-1.0,-1.0
2023/10/18,398.8,402.40000000000003,396.40000000000003,400.8,589000,-1.0,-1.0,-1.0
2023/10/19,398.0,402.40000000000003,397.20000000000005,400.6,534500,-1.0,-1.0,-1.0
2023/10/20,400.8,404.8,395.6,395.8,522500,-1.0,-1.0,-1.0
2023/10/23,395.8,400.0,394.0,394.0,374500,-1.0,-1.0,-1.0
2023/10/24,393.20000000000005,393.6,383.20000000000005,392.40000000000003,690000,-1.0,-1.0,-1.0
2023/10/25,391.0,401.40000000000003,388.6,397.20000000000005,501500,-1.0,-1.0,-1.0
2023/10/26,398.8,399.20000000000005,394.0,399.0,474500,-1.0,-1.0,-1.0
2023/10/27,398.8,409.6,398.8,409.6,484500,-1.0,-1.0,-1.0
2023/10/30,406.0,413.6,404.0,406.20000000000005,634500,-1.0,-1.0,-1.0
2023/10/31,415.6,421.40000000000003,409.40000000000003,419.40000000000003,630000,-1.0,-1.0,-1.0
2023/11/01,424.6,428.0,420.0,427.20000000000005,593500,-1.0,-1.0,-1.0
2023/11/02,432.20000000000005,435.8,421.8,426.0,595000,-1.0,-1.0,-1.0
2023/11/06,432.6,432.6,421.20000000000005,421.20000000000005,483500,-1.0,-1.0,-1.0
2023/11/07,420.20000000000005,425.8,416.8,417.40000000000003,524000,-1.0,-1.0,-1.0
2023/11/08,418.6,418.6,391.40000000000003,396.6,840000,-1.0,-1.0,-1.0
2023/11/09,392.20000000000005,397.20000000000005,387.8,394.8,486500,-1.0,-1.0,-1.0
2023/11/10,394.0,397.6,390.40000000000003,396.6,384000,-1.0,-1.0,-1.0
2023/11/13,385.0,388.20000000000005,372.8,376.40000000000003,1188500,-1.0,-1.0,-1.0
2023/11/14,383.40000000000003,383.40000000000003,373.20000000000005,378.20000000000005,904000,-1.0,-1.0,-1.0
2023/11/15,382.40000000000003,382.40000000000003,373.6,374.6,761000,-1.0,-1.0,-1.0
2023/11/16,374.6,379.0,369.20000000000005,369.40000000000003,732000,-1.0,-1.0,-1.0
2023/11/17,368.0,373.8,366.20000000000005,373.0,650500,-1.0,-1.0,-1.0
2023/11/20,374.0,381.0,374.0,375.8,517000,-1.0,-1.0,-1.0
2023/11/21,374.40000000000003,377.6,373.40000000000003,376.0,322000,-1.0,-1.0,-1.0
2023/11/22,375.0,383.20000000000005,374.6,383.20000000000005,523000,-1.0,-1.0,-1.0
2023/11/24,382.20000000000005,385.20000000000005,381.40000000000003,385.0,477000,-1.0,-1.0,-1.0
2023/11/27,386.0,386.0,381.0,384.20000000000005,307000,-1.0,-1.0,-1.0
2023/11/28,384.0,387.40000000000003,381.6,385.20000000000005,506000,-1.0,-1.0,-1.0
2023/11/29,384.20000000000005,386.6,377.0,377.8,620500,-1.0,-1.0,-1.0
2023/11/30,377.8,381.0,376.8,379.40000000000003,592500,-1.0,-1.0,-1.0
2023/12/01,382.0,384.8,379.40000000000003,384.40000000000003,660500,-1.0,-1.0,-1.0
2023/12/04,380.20000000000005,382.6,378.0,379.8,468500,-1.0,-1.0,-1.0
2023/12/05,378.8,381.40000000000003,376.20000000000005,376.20000000000005,452000,-1.0,-1.0,-1.0
2023/12/06,375.40000000000003,381.8,375.40000000000003,381.40000000000003,482500,-1.0,-1.0,-1.0
2023/12/07,377.0,381.20000000000005,376.0,381.0,402000,-1.0,-1.0,-1.0
2023/12/08,380.0,386.6,379.0,379.40000000000003,854500,-1.0,-1.0,-1.0
2023/12/11,382.0,385.40000000000003,378.20000000000005,380.8,759500,-1.0,-1.0,-1.0
2023/12/12,379.8,381.6,377.0,379.0,470500,-1.0,-1.0,-1.0
2023/12/13,379.8,382.8,378.20000000000005,378.6,386500,-1.0,-1.0,-1.0
2023/12/14,380.20000000000005,380.20000000000005,368.8,368.8,783000,-1.0,-1.0,-1.0
2023/12/15,369.0,371.20000000000005,366.0,370.40000000000003,666500,-1.0,-1.0,-1.0
2023/12/18,369.40000000000003,369.40000000000003,362.8,367.6,694500,-1.0,-1.0,-1.0
2023/12/19,368.40000000000003,368.40000000000003,364.0,365.0,447500,-1.0,-1.0,-1.0
2023/12/20,364.0,365.8,362.0,362.40000000000003,651500,-1.0,-1.0,-1.0
2023/12/21,360.8,363.0,358.0,358.8,677500,-1.0,-1.0,-1.0
2023/12/22,360.8,365.0,360.8,363.8,371500,-1.0,-1.0,-1.0
2023/12/25,366.6,367.20000000000005,364.6,365.0,371500,-1.0,-1.0,-1.0
2023/12/26,365.20000000000005,366.20000000000005,363.6,365.6,519500,-1.0,-1.0,-1.0
2023/12/27,367.0,370.20000000000005,367.0,370.0,525500,-1.0,-1.0,-1.0
2023/12/28,370.0,371.8,368.6,371.8,270500,-1.0,-1.0,-1.0
2023/12/29,372.8,378.20000000000005,372.8,377.20000000000005,421500,-1.0,-1.0,-1.0
2024/01/04,377.0,377.0,369.20000000000005,374.40000000000003,544000,-1.0,-1.0,-1.0
2024/01/05,378.20000000000005,379.40000000000003,376.8,377.40000000000003,396500,-1.0,-1.0,-1.0
2024/01/09,378.0,381.40000000000003,376.40000000000003,377.0,651000,-1.0,-1.0,-1.0
2024/01/10,377.6,378.20000000000005,374.0,374.0,574000,-1.0,-1.0,-1.0
2024/01/11,376.20000000000005,380.8,376.0,376.8,643500,-1.0,-1.0,-1.0
2024/01/12,379.0,379.0,373.0,373.20000000000005,563000,-1.0,-1.0,-1.0
2024/01/15,373.40000000000003,379.20000000000005,373.40000000000003,377.20000000000005,411000,-1.0,-1.0,-1.0
2024/01/16,378.0,378.0,374.20000000000005,375.40000000000003,384500,-1.0,-1.0,-1.0
2024/01/17,375.6,378.40000000000003,375.0,375.0,577000,-1.0,-1.0,-1.0
2024/01/18,375.6,380.8,374.40000000000003,380.8,544000,-1.0,-1.0,-1.0
2024/01/19,381.6,381.6,378.0,379.8,486000,-1.0,-1.0,-1.0
2024/01/22,380.0,385.6,379.8,385.0,404000,-1.0,-1.0,-1.0
2024/01/23,386.20000000000005,388.20000000000005,383.40000000000003,384.40000000000003,408500,-1.0,-1.0,-1.0
2024/01/24,383.20000000000005,393.0,382.6,392.8,698500,-1.0,-1.0,-1.0
2024/01/25,394.20000000000005,396.0,389.6,391.6,543000,-1.0,-1.0,-1.0
2024/01/26,390.0,394.8,387.8,390.20000000000005,545000,-1.0,-1.0,-1.0
2024/01/29,392.20000000000005,394.0,390.0,392.40000000000003,355000,-1.0,-1.0,-1.0
2024/01/30,392.20000000000005,392.8,390.20000000000005,391.20000000000005,333000,-1.0,-1.0,-1.0
2024/01/31,390.8,397.0,389.6,397.0,455000,-1.0,-1.0,-1.0
2024/02/01,393.40000000000003,394.8,389.6,393.40000000000003,393000,-1.0,-1.0,-1.0
2024/02/02,393.6,394.6,388.8,393.20000000000005,296000,-1.0,-1.0,-1.0
2024/02/05,395.0,399.40000000000003,393.6,399.0,525000,-1.0,-1.0,-1.0
2024/02/06,397.20000000000005,398.40000000000003,392.0,392.0,450000,-1.0,-1.0,-1.0
2024/02/07,391.0,392.40000000000003,389.20000000000005,391.20000000000005,376500,-1.0,-1.0,-1.0
2024/02/08,391.20000000000005,391.40000000000003,386.20000000000005,387.8,533000,-1.0,-1.0,-1.0
2024/02/09,386.0,388.8,380.20000000000005,386.40000000000003,525000,-1.0,-1.0,-1.0
2024/02/13,388.20000000000005,396.20000000000005,387.6,395.6,628500,-1.0,-1.0,-1.0
2024/02/14,395.6,395.8,389.6,394.20000000000005,431500,-1.0,-1.0,-1.0
2024/02/15,395.0,397.8,388.8,391.6,639500,-1.0,-1.0,-1.0
2024/02/16,395.40000000000003,400.6,393.40000000000003,399.6,649500,-1.0,-1.0,-1.0
2024/02/19,401.6,416.6,401.6,416.6,875500,-1.0,-1.0,-1.0
2024/02/20,418.20000000000005,418.8,412.0,413.6,533500,-1.0,-1.0,-1.0
2024/02/21,413.8,414.20000000000005,409.0,412.6,353500,-1.0,-1.0,-1.0
2024/02/22,417.0,417.20000000000005,408.0,410.0,311500,-1.0,-1.0,-1.0
2024/02/26,413.0,413.0,408.20000000000005,409.8,509500,-1.0,-1.0,-1.0
2024/02/27,411.0,423.40000000000003,411.0,421.20000000000005,908000,-1.0,-1.0,-1.0
2024/02/28,420.8,433.8,420.8,428.40000000000003,833500,-1.0,-1.0,-1.0
2024/02/29,431.0,432.6,425.6,426.0,782500,-1.0,-1.0,-1.0
2024/03/01,426.8,437.20000000000005,425.0,436.20000000000005,1128500,-1.0,-1.0,-1.0
2024/03/04,438.8,438.8,430.20000000000005,432.6,673500,-1.0,-1.0,-1.0
2024/03/05,431.8,439.40000000000003,429.8,437.20000000000005,569500,-1.0,-1.0,-1.0
2024/03/06,437.20000000000005,444.6,437.20000000000005,438.6,1013500,-1.0,-1.0,-1.0
2024/03/07,440.20000000000005,453.8,440.20000000000005,450.8,850000,-1.0,-1.0,-1.0
2024/03/08,448.40000000000003,467.6,445.8,461.6,1371500,-1.0,-1.0,-1.0
2024/03/11,461.6,461.8,440.40000000000003,444.40000000000003,1034000,-1.0,-1.0,-1.0
2024/03/12,441.20000000000005,441.40000000000003,433.20000000000005,440.40000000000003,849500,-1.0,-1.0,-1.0
2024/03/13,447.0,448.0,433.40000000000003,436.20000000000005,436000,-1.0,-1.0,-1.0
2024/03/14,439.40000000000003,441.20000000000005,437.20000000000005,440.0,352500,-1.0,-1.0,-1.0
2024/03/15,439.6,446.20000000000005,439.0,445.40000000000003,599000,-1.0,-1.0,-1.0
2024/03/18,452.0,457.0,448.40000000000003,453.40000000000003,683500,-1.0,-1.0,-1.0
2024/03/19,453.0,457.8,448.0,451.40000000000003,698500,-1.0,-1.0,-1.0
2024/03/21,455.6,468.8,454.6,464.20000000000005,957000,-1.0,-1.0,-1.0
2024/03/22,466.8,470.8,462.20000000000005,470.8,575000,-1.0,-1.0,-1.0
2024/03/25,471.6,471.6,455.8,455.8,812000,-1.0,-1.0,-1.0
2024/03/26,455.8,455.8,449.8,451.0,517500,-1.0,-1.0,-1.0
2024/03/27,452.8,457.6,452.0,455.20000000000005,644000,-1.0,-1.0,-1.0
2024/03/28,449.20000000000005,449.8,435.6,436.0,649000,-1.0,-1.0,-1.0
2024/03/29,435.40000000000003,438.8,432.20000000000005,436.6,542500,-1.0,-1.0,-1.0
2024/04/01,438.8,438.8,428.20000000000005,429.8,611500,-1.0,-1.0,-1.0
2024/04/02,429.8,432.0,420.6,422.6,714000,-1.0,-1.0,-1.0
2024/04/03,418.6,428.0,416.0,425.6,591500,-1.0,-1.0,-1.0
2024/04/04,427.8,431.6,426.20000000000005,430.20000000000005,455000,-1.0,-1.0,-1.0
2024/04/05,425.40000000000003,430.6,423.20000000000005,430.40000000000003,363000,-1.0,-1.0,-1.0
2024/04/08,431.8,435.6,429.8,435.40000000000003,300500,-1.0,-1.0,-1.0
2024/04/09,437.0,440.6,434.40000000000003,439.0,572500,-1.0,-1.0,-1.0
2024/04/10,436.20000000000005,441.0,435.40000000000003,435.40000000000003,679500,-1.0,-1.0,-1.0
2024/04/11,434.0,440.40000000000003,431.40000000000003,440.40000000000003,342000,-1.0,-1.0,-1.0
2024/04/12,439.0,445.0,436.6,444.8,725000,-1.0,-1.0,-1.0
2024/04/15,439.0,444.40000000000003,435.0,440.6,320000,-1.0,-1.0,-1.0
2024/04/16,439.0,441.0,428.6,428.6,601500,-1.0,-1.0,-1.0
2024/04/17,429.0,429.20000000000005,420.40000000000003,422.20000000000005,599000,-1.0,-1.0,-1.0
2024/04/18,423.20000000000005,437.8,423.20000000000005,436.20000000000005,591500,-1.0,-1.0,-1.0
2024/04/19,436.20000000000005,440.0,431.40000000000003,434.8,541000,-1.0,-1.0,-1.0
2024/04/22,440.6,445.40000000000003,437.6,444.8,559500,-1.0,-1.0,-1.0
2024/04/23,446.0,450.6,443.0,447.6,440500,-1.0,-1.0,-1.0
2024/04/24,447.6,452.40000000000003,445.20000000000005,445.20000000000005,707000,-1.0,-1.0,-1.0
2024/04/25,456.8,461.8,449.20000000000005,456.20000000000005,1511500,-1.0,-1.0,-1.0
2024/04/26,454.20000000000005,458.0,447.8,457.0,860500,-1.0,-1.0,-1.0
2024/04/30,451.40000000000003,452.6,446.20000000000005,452.6,833500,-1.0,-1.0,-1.0
2024/05/01,452.6,456.20000000000005,448.40000000000003,454.6,613500,-1.0,-1.0,-1.0
2024/05/02,454.0,455.8,451.0,451.8,295500,-1.0,-1.0,-1.0
2024/05/07,452.20000000000005,452.20000000000005,440.20000000000005,440.20000000000005,444000,-1.0,-1.0,-1.0
2024/05/08,440.0,441.40000000000003,433.6,437.0,391500,-1.0,-1.0,-1.0
2024/05/09,438.20000000000005,444.20000000000005,438.20000000000005,444.20000000000005,331500,-1.0,-1.0,-1.0
2024/05/10,444.8,459.40000000000003,444.20000000000005,459.20000000000005,875000,-1.0,-1.0,-1.0
2024/05/13,453.6,457.0,436.0,436.0,1035500,-1.0,-1.0,-1.0
2024/05/14,436.0,437.6,425.20000000000005,430.40000000000003,855000,-1.0,-1.0,-1.0
2024/05/15,431.0,433.8,423.6,427.6,496500,-1.0,-1.0,-1.0
2024/05/16,427.6,427.6,418.6,420.0,662500,-1.0,-1.0,-1.0
2024/05/17,419.0,426.20000000000005,417.6,424.8,386000,-1.0,-1.0,-1.0
2024/05/20,426.40000000000003,431.6,426.40000000000003,428.40000000000003,505000,-1.0,-1.0,-1.0
2024/05/21,428.40000000000003,434.40000000000003,426.6,428.40000000000003,395500,-1.0,-1.0,-1.0
2024/05/22,428.6,436.6,428.6,436.20000000000005,481000,-1.0,-1.0,-1.0
2024/05/23,434.8,437.40000000000003,431.8,437.20000000000005,457000,-1.0,-1.0,-1.0
2024/05/24,434.0,437.6,432.6,437.0,274000,-1.0,-1.0,-1.0
2024/05/27,437.0,441.6,436.6,441.6,204000,-1.0,-1.0,-1.0
2024/05/28,440.20000000000005,444.0,440.20000000000005,441.0,327500,-1.0,-1.0,-1.0
2024/05/29,440.0,448.20000000000005,440.0,442.8,470000,-1.0,-1.0,-1.0
2024/05/30,442.0,446.40000000000003,438.20000000000005,446.20000000000005,403500,-1.0,-1.0,-1.0
2024/05/31,449.8,463.8,449.6,463.20000000000005,1411500,-1.0,-1.0,-1.0
2024/06/03,468.20000000000005,470.0,462.0,465.6,564000,-1.0,-1.0,-1.0
2024/06/04,465.8,466.20000000000005,448.0,448.20000000000005,578500,-1.0,-1.0,-1.0
2024/06/05,443.8,443.8,436.40000000000003,439.0,531000,-1.0,-1.0,-1.0
2024/06/06,438.8,439.6,431.6,436.40000000000003,520500,-1.0,-1.0,-1.0
2024/06/07,436.20000000000005,441.6,435.0,436.20000000000005,344500,-1.0,-1.0,-1.0
2024/06/10,436.8,445.20000000000005,436.8,442.8,322000,-1.0,-1.0,-1.0
2024/06/11,442.8,444.0,438.6,438.6,220000,-1.0,-1.0,-1.0
2024/06/12,438.6,442.0,437.20000000000005,438.40000000000003,227000,-1.0,-1.0,-1.0
2024/06/13,439.8,440.8,431.6,431.8,261500,-1.0,-1.0,-1.0
2024/06/14,428.20000000000005,436.8,426.0,432.40000000000003,591500,-1.0,-1.0,-1.0
2024/06/17,431.0,433.20000000000005,422.8,426.8,438000,-1.0,-1.0,-1.0
2024/06/18,428.6,431.6,426.8,428.20000000000005,298500,-1.0,-1.0,-1.0
2024/06/19,431.0,436.8,430.8,432.0,227000,-1.0,-1.0,-1.0
2024/06/20,432.20000000000005,435.40000000000003,428.20000000000005,430.40000000000003,455000,-1.0,-1.0,-1.0
2024/06/21,436.20000000000005,436.20000000000005,427.8,429.0,527500,-1.0,-1.0,-1.0
2024/06/24,433.0,436.40000000000003,429.20000000000005,433.0,386000,-1.0,-1.0,-1.0
2024/06/25,439.20000000000005,447.8,438.40000000000003,446.20000000000005,698000,-1.0,-1.0,-1.0
2024/06/26,447.40000000000003,454.8,447.40000000000003,452.20000000000005,608000,-1.0,-1.0,-1.0
2024/06/27,452.40000000000003,456.6,451.20000000000005,453.6,930000,-1.0,-1.0,-1.0
2024/06/28,457.6,461.20000000000005,454.6,457.6,472000,-1.0,-1.0,-1.0
2024/07/01,459.8,459.8,452.6,459.40000000000003,656000,-1.0,-1.0,-1.0
2024/07/02,460.0,461.6,455.0,456.6,677000,-1.0,-1.0,-1.0
2024/07/03,455.6,455.8,446.6,448.0,644500,-1.0,-1.0,-1.0
2024/07/04,448.8,449.6,445.20000000000005,446.6,397500,-1.0,-1.0,-1.0
2024/07/05,447.8,447.8,440.0,440.0,425000,-1.0,-1.0,-1.0
2024/07/08,438.20000000000005,439.8,434.40000000000003,437.0,390500,-1.0,-1.0,-1.0
2024/07/09,439.6,440.6,435.0,438.6,323000,-1.0,-1.0,-1.0
2024/07/10,440.0,444.0,436.0,439.6,373000,-1.0,-1.0,-1.0
2024/07/11,444.20000000000005,444.20000000000005,439.8,442.20000000000005,300000,-1.0,-1.0,-1.0
2024/07/12,440.0,447.0,438.6,446.6,403500,-1.0,-1.0,-1.0
2024/07/16,448.8,450.6,446.6,447.8,302500,-1.0,-1.0,-1.0
2024/07/17,451.8,454.40000000000003,448.0,451.6,281000,-1.0,-1.0,-1.0
2024/07/18,448.40000000000003,453.8,446.40000000000003,449.6,397500,-1.0,-1.0,-1.0
2024/07/19,449.6,451.40000000000003,445.0,449.40000000000003,377500,-1.0,-1.0,-1.0
2024/07/22,451.20000000000005,451.20000000000005,443.20000000000005,444.6,465000,-1.0,-1.0,-1.0
2024/07/23,444.6,449.20000000000005,442.8,447.8,555500,-1.0,-1.0,-1.0
2024/07/24,450.0,453.0,446.20000000000005,446.6,533500,-1.0,-1.0,-1.0
2024/07/25,446.6,446.6,438.6,439.0,751000,-1.0,-1.0,-1.0
2024/07/26,438.8,444.6,434.20000000000005,440.0,393500,-1.0,-1.0,-1.0
2024/07/29,444.8,452.0,440.6,452.0,476000,-1.0,-1.0,-1.0
2024/07/30,450.0,450.0,442.8,444.40000000000003,379000,-1.0,-1.0,-1.0
2024/07/31,449.8,467.6,449.0,467.6,921500,-1.0,-1.0,-1.0
2024/08/01,467.6,473.6,459.20000000000005,464.0,746500,-1.0,-1.0,-1.0
2024/08/02,445.0,448.8,423.8,424.20000000000005,1249000,-1.0,-1.0,-1.0
2024/08/05,391.40000000000003,391.40000000000003,348.0,355.8,1381000,-1.0,-1.0,-1.0
2024/08/06,379.8,406.40000000000003,379.8,399.8,1454500,-1.0,-1.0,-1.0
2024/08/07,385.20000000000005,416.0,383.6,404.6,1097500,-1.0,-1.0,-1.0
2024/08/08,405.20000000000005,407.40000000000003,392.0,392.20000000000005,1058000,-1.0,-1.0,-1.0
2024/08/09,407.20000000000005,408.40000000000003,394.8,402.6,792000,-1.0,-1.0,-1.0
2024/08/13,397.20000000000005,412.40000000000003,397.20000000000005,412.40000000000003,732500,-1.0,-1.0,-1.0
2024/08/14,412.40000000000003,418.6,407.40000000000003,409.40000000000003,558500,-1.0,-1.0,-1.0
2024/08/15,411.8,416.20000000000005,407.6,410.8,597500,-1.0,-1.0,-1.0
2024/08/16,419.6,425.40000000000003,414.8,420.0,446000,-1.0,-1.0,-1.0
2024/08/19,417.40000000000003,421.8,411.20000000000005,413.20000000000005,333000,-1.0,-1.0,-1.0
2024/08/20,419.6,419.6,411.0,411.0,259000,-1.0,-1.0,-1.0
2024/08/21,406.40000000000003,412.8,404.0,406.40000000000003,250500,-1.0,-1.0,-1.0
2024/08/22,406.6,406.6,399.40000000000003,401.40000000000003,345500,-1.0,-1.0,-1.0
2024/08/23,403.0,404.8,398.6,401.40000000000003,389500,-1.0,-1.0,-1.0
2024/08/26,400.20000000000005,402.6,391.20000000000005,395.8,422000,-1.0,-1.0,-1.0
2024/08/27,395.8,401.40000000000003,393.8,400.20000000000005,335500,-1.0,-1.0,-1.0
2024/08/28,396.6,400.8,395.6,398.8,255000,-1.0,-1.0,-1.0
2024/08/29,399.20000000000005,404.40000000000003,398.40000000000003,401.20000000000005,414000,-1.0,-1.0,-1.0
2024/08/30,402.6,402.6,397.20000000000005,399.40000000000003,581500,-1.0,-1.0,-1.0
2024/09/02,402.40000000000003,402.40000000000003,394.0,397.40000000000003,306500,-1.0,-1.0,-1.0
2024/09/03,399.8,407.40000000000003,399.0,405.8,536500,-1.0,-1.0,-1.0
2024/09/04,398.0,401.6,388.0,389.0,665000,-1.0,-1.0,-1.0
2024/09/05,382.20000000000005,393.40000000000003,379.20000000000005,384.8,463500,-1.0,-1.0,-1.0
2024/09/06,389.40000000000003,389.40000000000003,381.40000000000003,382.40000000000003,289000,-1.0,-1.0,-1.0
2024/09/09,371.0,375.0,368.0,372.6,599000,-1.0,-1.0,-1.0
2024/09/10,373.20000000000005,378.20000000000005,373.0,373.20000000000005,317000,-1.0,-1.0,-1.0
2024/09/11,368.8,368.8,360.20000000000005,362.20000000000005,622000,-1.0,-1.0,-1.0
2024/09/12,367.8,371.0,364.40000000000003,367.0,486000,-1.0,-1.0,-1.0
2024/09/13,367.20000000000005,371.20000000000005,364.6,366.40000000000003,699500,-1.0,-1.0,-1.0
2024/09/17,367.0,368.8,356.8,364.0,701000,-1.0,-1.0,-1.0
2024/09/18,368.0,368.0,359.8,363.6,335500,-1.0,-1.0,-1.0
2024/09/19,366.0,373.8,366.0,370.20000000000005,472000,-1.0,-1.0,-1.0
2024/09/20,374.0,375.8,370.8,371.8,768000,-1.0,-1.0,-1.0
2024/09/24,374.40000000000003,374.40000000000003,367.6,369.0,444500,-1.0,-1.0,-1.0
2024/09/25,369.8,370.20000000000005,365.20000000000005,367.8,471000,-1.0,-1.0,-1.0
2024/09/26,370.0,377.20000000000005,367.6,376.8,614000,-1.0,-1.0,-1.0
2024/09/27,372.6,373.20000000000005,365.40000000000003,365.8,694500,-1.0,-1.0,-1.0
2024/09/30,364.8,369.20000000000005,361.0,364.40000000000003,550000,-1.0,-1.0,-1.0
2024/10/01,364.40000000000003,370.6,363.40000000000003,365.0,371000,-1.0,-1.0,-1.0
2024/10/02,361.40000000000003,364.20000000000005,359.6,360.6,711000,-1.0,-1.0,-1.0
2024/10/03,368.0,370.40000000000003,361.20000000000005,363.40000000000003,415500,-1.0,-1.0,-1.0
2024/10/04,363.40000000000003,370.40000000000003,363.40000000000003,367.6,422500,-1.0,-1.0,-1.0
2024/10/07,375.6,382.8,374.0,378.8,823500,-1.0,-1.0,-1.0
2024/10/08,375.8,375.8,366.0,370.0,592500,-1.0,-1.0,-1.0
2024/10/09,370.20000000000005,371.40000000000003,363.6,366.20000000000005,407500,-1.0,-1.0,-1.0
2024/10/10,366.8,367.6,365.0,366.8,340000,-1.0,-1.0,-1.0
2024/10/11,369.0,370.40000000000003,364.40000000000003,364.40000000000003,396000,-1.0,-1.0,-1.0
2024/10/15,369.6,372.8,366.8,372.8,765500,-1.0,-1.0,-1.0
2024/10/16,369.6,374.0,367.0,369.20000000000005,318000,-1.0,-1.0,-1.0
2024/10/17,370.8,374.6,370.8,373.40000000000003,258500,-1.0,-1.0,-1.0
2024/10/18,375.0,375.6,371.6,373.6,219500,-1.0,-1.0,-1.0
2024/10/21,372.6,372.6,364.20000000000005,366.0,363000,-1.0,-1.0,-1.0
2024/10/22,364.20000000000005,364.6,359.40000000000003,364.0,745000,-1.0,-1.0,-1.0
2024/10/23,362.0,362.8,359.20000000000005,360.40000000000003,355000,-1.0,-1.0,-1.0
2024/10/24,360.0,361.6,356.8,361.0,456500,-1.0,-1.0,-1.0
2024/10/25,361.6,362.20000000000005,357.20000000000005,361.0,537000,-1.0,-1.0,-1.0
2024/10/28,357.8,365.6,357.20000000000005,364.0,356000,-1.0,-1.0,-1.0
2024/10/29,366.0,369.6,365.40000000000003,367.20000000000005,388500,-1.0,-1.0,-1.0
2024/10/30,368.40000000000003,369.20000000000005,365.20000000000005,368.20000000000005,779000,-1.0,-1.0,-1.0
2024/10/31,368.20000000000005,371.8,366.0,366.6,593500,-1.0,-1.0,-1.0
2024/11/01,363.20000000000005,365.8,361.6,364.6,388000,-1.0,-1.0,-1.0
2024/11/05,364.6,365.8,360.8,364.6,535500,-1.0,-1.0,-1.0
2024/11/06,366.8,375.8,364.20000000000005,375.8,582000,-1.0,-1.0,-1.0
2024/11/07,383.8,386.8,379.20000000000005,381.20000000000005,719000,-1.0,-1.0,-1.0
2024/11/08,381.8,386.6,375.8,381.0,478500,-1.0,-1.0,-1.0
2024/11/11,375.40000000000003,378.6,372.40000000000003,374.6,365000,-1.0,-1.0,-1.0
2024/11/12,380.0,381.20000000000005,374.20000000000005,374.8,419500,-1.0,-1.0,-1.0
2024/11/13,374.8,378.0,370.20000000000005,371.6,492000,-1.0,-1.0,-1.0
2024/11/14,370.0,378.8,367.6,376.8,525500,-1.0,-1.0,-1.0
2024/11/15,381.0,381.8,375.0,378.0,387000,-1.0,-1.0,-1.0
2024/11/18,377.40000000000003,380.6,373.20000000000005,374.8,362500,-1.0,-1.0,-1.0
2024/11/19,375.40000000000003,379.0,373.0,377.40000000000003,251500,-1.0,-1.0,-1.0
2024/11/20,373.6,375.6,370.40000000000003,371.0,266000,-1.0,-1.0,-1.0
2024/11/21,371.20000000000005,379.0,371.20000000000005,377.20000000000005,357500,-1.0,-1.0,-1.0
2024/11/22,377.20000000000005,380.0,375.6,378.6,287500,-1.0,-1.0,-1.0
2024/11/25,381.8,384.6,379.0,379.0,423000,-1.0,-1.0,-1.0
2024/11/26,378.8,379.40000000000003,370.40000000000003,373.20000000000005,359500,-1.0,-1.0,-1.0
2024/11/27,372.8,375.0,366.8,367.6,330500,-1.0,-1.0,-1.0
2024/11/28,366.0,369.20000000000005,364.8,366.0,611500,-1.0,-1.0,-1.0
2024/11/29,369.20000000000005,370.20000000000005,365.40000000000003,368.6,304000,-1.0,-1.0,-1.0
2024/12/02,372.0,380.6,372.0,380.20000000000005,525000,-1.0,-1.0,-1.0
2024/12/03,380.6,388.0,380.6,383.0,628500,-1.0,-1.0,-1.0
2024/12/04,381.20000000000005,383.6,377.6,378.20000000000005,426000,-1.0,-1.0,-1.0
2024/12/05,382.6,386.8,379.0,384.0,613000,-1.0,-1.0,-1.0
2024/12/06,383.40000000000003,385.0,382.20000000000005,383.20000000000005,266500,-1.0,-1.0,-1.0
2024/12/09,385.40000000000003,388.8,381.40000000000003,384.40000000000003,478000,-1.0,-1.0,-1.0
2024/12/10,386.8,387.8,384.20000000000005,385.6,340000,-1.0,-1.0,-1.0
2024/12/11,387.8,389.0,383.8,385.40000000000003,357500,-1.0,-1.0,-1.0
2024/12/12,385.8,388.20000000000005,385.40000000000003,385.40000000000003,393500,-1.0,-1.0,-1.0
2024/12/13,382.0,385.0,378.6,380.20000000000005,568500,-1.0,-1.0,-1.0
2024/12/16,381.0,382.20000000000005,375.8,375.8,468500,-1.0,-1.0,-1.0
2024/12/17,376.0,379.6,372.40000000000003,372.6,583500,-1.0,-1.0,-1.0
2024/12/18,370.0,375.0,369.20000000000005,371.8,702500,-1.0,-1.0,-1.0
2024/12/19,366.20000000000005,371.40000000000003,365.40000000000003,369.0,654500,-1.0,-1.0,-1.0
2024/12/20,369.20000000000005,369.6,365.8,366.20000000000005,905500,-1.0,-1.0,-1.0
2024/12/23,366.40000000000003,376.0,366.40000000000003,374.20000000000005,907000,-1.0,-1.0,-1.0
2024/12/24,373.8,379.40000000000003,373.8,377.6,623500,-1.0,-1.0,-1.0
2024/12/25,383.6,383.6,373.8,377.6,535000,-1.0,-1.0,-1.0
2024/12/26,375.0,378.6,374.20000000000005,378.6,417000,-1.0,-1.0,-1.0
2024/12/27,378.8,381.20000000000005,378.40000000000003,381.20000000000005,327500,-1.0,-1.0,-1.0
2024/12/30,382.6,395.0,382.6,387.20000000000005,819000,-1.0,-1.0,-1.0
2025/01/06,389.0,389.0,384.8,388.20000000000005,374000,-1.0,-1.0,-1.0
2025/01/07,388.6,388.6,383.0,385.40000000000003,396500,-1.0,-1.0,-1.0
2025/01/08,384.0,391.6,384.0,387.20000000000005,406000,-1.0,-1.0,-1.0
2025/01/09,386.8,387.8,379.20000000000005,379.20000000000005,338500,-1.0,-1.0,-1.0
2025/01/10,378.8,378.8,374.40000000000003,376.8,359000,-1.0,-1.0,-1.0
2025/01/14,376.8,379.20000000000005,370.6,371.0,569500,-1.0,-1.0,-1.0
2025/01/15,373.6,377.20000000000005,372.6,376.8,355500,-1.0,-1.0,-1.0
2025/01/16,378.20000000000005,381.20000000000005,377.0,378.6,341000,-1.0,-1.0,-1.0
2025/01/17,375.40000000000003,379.20000000000005,372.20000000000005,379.20000000000005,408000,-1.0,-1.0,-1.0
2025/01/20,381.20000000000005,383.20000000000005,379.40000000000003,381.8,239000,-1.0,-1.0,-1.0
2025/01/21,383.8,385.0,378.40000000000003,380.6,276500,-1.0,-1.0,-1.0
2025/01/22,381.0,383.0,380.0,381.8,217500,-1.0,-1.0,-1.0
2025/01/23,381.0,381.8,378.20000000000005,381.40000000000003,313000,-1.0,-1.0,-1.0
2025/01/24,385.0,385.40000000000003,379.20000000000005,382.8,675000,-1.0,-1.0,-1.0
2025/01/27,386.0,390.20000000000005,385.0,387.20000000000005,371500,-1.0,-1.0,-1.0
2025/01/28,403.20000000000005,414.0,401.20000000000005,413.0,3274500,-1.0,-1.0,-1.0
2025/01/29,413.0,417.40000000000003,408.0,412.8,1150000,-1.0,-1.0,-1.0
2025/01/30,412.8,421.20000000000005,410.20000000000005,419.20000000000005,1117000,-1.0,-1.0,-1.0
2025/01/31,422.8,434.0,419.8,430.20000000000005,1838000,-1.0,-1.0,-1.0
2025/02/03,426.0,429.8,420.40000000000003,423.6,1503000,-1.0,-1.0,-1.0
2025/02/04,429.40000000000003,430.20000000000005,421.8,424.40000000000003,556000,-1.0,-1.0,-1.0
2025/02/05,424.40000000000003,443.40000000000003,423.20000000000005,442.8,773000,-1.0,-1.0,-1.0
2025/02/06,436.6,438.6,433.20000000000005,437.40000000000003,757000,-1.0,-1.0,-1.0
2025/02/07,434.6,438.6,430.0,435.8,811500,-1.0,-1.0,-1.0
2025/02/10,434.40000000000003,436.20000000000005,429.8,435.0,581500,-1.0,-1.0,-1.0
2025/02/12,433.0,451.40000000000003,431.6,446.6,1288000,-1.0,-1.0,-1.0
2025/02/13,449.6,452.0,442.8,444.8,804000,-1.0,-1.0,-1.0
2025/02/14,444.8,448.8,443.20000000000005,447.20000000000005,556000,-1.0,-1.0,-1.0
2025/02/17,449.20000000000005,451.6,446.0,447.6,486000,-1.0,-1.0,-1.0
2025/02/18,447.6,453.8,445.6,451.6,404500,-1.0,-1.0,-1.0
2025/02/19,452.0,461.6,450.6,452.20000000000005,493500,-1.0,-1.0,-1.0
2025/02/20,450.0,452.20000000000005,441.20000000000005,445.20000000000005,668000,-1.0,-1.0,-1.0
2025/02/21,440.8,445.0,434.20000000000005,443.0,725000,-1.0,-1.0,-1.0
2025/02/25,439.8,445.20000000000005,434.0,444.20000000000005,670000,-1.0,-1.0,-1.0
2025/02/26,445.8,446.8,438.8,446.8,482500,-1.0,-1.0,-1.0
2025/02/27,446.8,450.8,446.0,449.6,362000,-1.0,-1.0,-1.0
2025/02/28,449.6,451.6,439.8,439.8,792500,-1.0,-1.0,-1.0
2025/03/03,444.0,448.8,440.40000000000003,448.0,483500,-1.0,-1.0,-1.0
2025/03/04,448.0,454.0,443.6,451.8,716500,-1.0,-1.0,-1.0
2025/03/05,451.8,455.6,450.6,450.6,542000,-1.0,-1.0,-1.0
2025/03/06,454.20000000000005,459.8,454.20000000000005,458.40000000000003,467500,-1.0,-1.0,-1.0
2025/03/07,450.20000000000005,454.0,444.8,450.0,446000,-1.0,-1.0,-1.0
2025/03/10,451.0,452.8,444.20000000000005,445.8,496000,-1.0,-1.0,-1.0
2025/03/11,440.20000000000005,443.6,432.0,443.6,782000,-1.0,-1.0,-1.0
2025/03/12,443.40000000000003,448.0,441.6,445.40000000000003,657500,-1.0,-1.0,-1.0
2025/03/13,447.8,453.20000000000005,446.20000000000005,447.20000000000005,452500,-1.0,-1.0,-1.0
2025/03/14,452.20000000000005,459.0,452.20000000000005,455.0,830000,-1.0,-1.0,-1.0
2025/03/17,458.20000000000005,463.40000000000003,457.20000000000005,463.40000000000003,871500,-1.0,-1.0,-1.0
2025/03/18,466.0,478.6,463.8,476.6,923000,-1.0,-1.0,-1.0
2025/03/19,475.6,478.8,474.0,475.6,506000,-1.0,-1.0,-1.0
2025/03/21,476.0,491.40000000000003,475.8,488.40000000000003,947500,-1.0,-1.0,-1.0
2025/03/24,490.20000000000005,492.8,485.20000000000005,490.6,853500,-1.0,-1.0,-1.0
2025/03/25,493.0,494.6,482.6,486.8,755500,-1.0,-1.0,-1.0
2025/03/26,487.0,489.0,478.8,489.0,637000,-1.0,-1.0,-1.0
2025/03/27,489.0,502.8,483.8,501.6,1544500,-1.0,-1.0,-1.0
2025/03/28,494.6,499.0,488.0,491.6,979000,-1.0,-1.0,-1.0
2025/03/31,481.6,481.6,466.8,475.20000000000005,1055500,-1.0,-1.0,-1.0
2025/04/01,484.0,484.0,465.8,473.0,601000,-1.0,-1.0,-1.0
2025/04/02,476.40000000000003,478.0,464.6,478.0,765000,-1.0,-1.0,-1.0
2025/04/03,453.20000000000005,457.8,436.20000000000005,443.8,1419500,-1.0,-1.0,-1.0
2025/04/04,420.40000000000003,420.6,398.6,411.6,1976500,-1.0,-1.0,-1.0
2025/04/07,370.0,384.6,365.0,371.6,1502500,-1.0,-1.0,-1.0
2025/04/08,391.6,414.40000000000003,391.6,407.0,728500,-1.0,-1.0,-1.0
2025/04/09,389.0,392.8,380.20000000000005,382.6,933500,-1.0,-1.0,-1.0
2025/04/10,426.6,426.6,413.6,415.40000000000003,769500,-1.0,-1.0,-1.0
2025/04/11,395.40000000000003,405.20000000000005,388.0,402.8,599500,-1.0,-1.0,-1.0
2025/04/14,406.0,416.6,400.20000000000005,412.6,369500,-1.0,-1.0,-1.0
2025/04/15,414.0,416.20000000000005,410.40000000000003,412.6,450500,-1.0,-1.0,-1.0
2025/04/16,417.0,418.0,401.0,404.0,402500,-1.0,-1.0,-1.0
2025/04/17,407.40000000000003,415.6,406.0,415.6,292500,-1.0,-1.0,-1.0
2025/04/18,421.0,434.6,416.40000000000003,432.6,825000,-1.0,-1.0,-1.0
2025/04/21,430.0,433.0,427.6,430.0,253000,-1.0,-1.0,-1.0
2025/04/22,431.8,436.0,428.40000000000003,433.0,334000,-1.0,-1.0,-1.0
2025/04/23,440.20000000000005,446.6,440.20000000000005,440.8,427000,-1.0,-1.0,-1.0
2025/04/24,446.20000000000005,453.6,446.0,446.8,518000,-1.0,-1.0,-1.0
2025/04/25,449.20000000000005,454.0,444.40000000000003,447.20000000000005,393500,-1.0,-1.0,-1.0
2025/04/28,451.40000000000003,457.20000000000005,450.40000000000003,455.6,525000,-1.0,-1.0,-1.0
2025/04/30,460.0,465.0,458.20000000000005,461.0,470500,-1.0,-1.0,-1.0
2025/05/01,463.20000000000005,463.20000000000005,441.6,443.6,695500,-1.0,-1.0,-1.0
2025/05/02,443.0,447.0,426.6,429.40000000000003,799000,-1.0,-1.0,-1.0
2025/05/07,434.6,443.6,429.20000000000005,441.20000000000005,594500,-1.0,-1.0,-1.0
2025/05/08,440.8,440.8,435.40000000000003,438.8,374000,-1.0,-1.0,-1.0
2025/05/09,441.20000000000005,452.40000000000003,440.20000000000005,447.6,608000,-1.0,-1.0,-1.0
2025/05/12,477.6,489.0,465.0,485.20000000000005,1806500,-1.0,-1.0,-1.0
2025/05/13,492.0,498.6,482.6,483.6,864500,-1.0,-1.0,-1.0
2025/05/14,483.6,488.0,474.40000000000003,484.20000000000005,630500,-1.0,-1.0,-1.0
2025/05/15,480.8,481.0,465.20000000000005,467.6,530000,-1.0,-1.0,-1.0
2025/05/16,467.6,467.6,456.20000000000005,461.6,413500,-1.0,-1.0,-1.0
2025/05/19,460.8,470.0,454.40000000000003,468.40000000000003,533500,-1.0,-1.0,-1.0
2025/05/20,469.6,488.20000000000005,463.0,485.40000000000003,1221000,-1.0,-1.0,-1.0
2025/05/21,490.40000000000003,498.20000000000005,486.0,492.8,929500,-1.0,-1.0,-1.0
2025/05/22,483.40000000000003,494.0,479.40000000000003,487.20000000000005,862000,-1.0,-1.0,-1.0
2025/05/23,489.20000000000005,496.0,485.6,488.8,546000,-1.0,-1.0,-1.0
2025/05/26,488.20000000000005,493.20000000000005,484.6,489.6,512000,-1.0,-1.0,-1.0
2025/05/27,488.40000000000003,494.0,481.0,491.8,478000,-1.0,-1.0,-1.0
2025/05/28,492.40000000000003,500.0,492.0,494.8,804500,-1.0,-1.0,-1.0
2025/05/29,500.0,503.8,496.6,496.8,817000,-1.0,-1.0,-1.0
2025/05/30,491.0,504.0,490.0,501.8,730000,-1.0,-1.0,-1.0
2025/06/02,500.0,509.0,495.20000000000005,507.20000000000005,809000,-1.0,-1.0,-1.0
2025/06/03,507.20000000000005,507.20000000000005,499.0,501.6,554000,-1.0,-1.0,-1.0
2025/06/04,503.0,508.40000000000003,498.6,500.0,497500,-1.0,-1.0,-1.0
2025/06/05,496.0,500.0,492.8,497.0,475000,-1.0,-1.0,-1.0
2025/06/06,496.8,498.6,489.0,492.6,447000,-1.0,-1.0,-1.0
2025/06/09,497.0,497.0,491.20000000000005,491.20000000000005,320000,-1.0,-1.0,-1.0
2025/06/10,492.0,497.0,488.20000000000005,488.20000000000005,401500,-1.0,-1.0,-1.0
2025/06/11,488.6,489.40000000000003,482.20000000000005,486.6,575000,-1.0,-1.0,-1.0
2025/06/12,487.20000000000005,488.40000000000003,483.40000000000003,485.6,339000,-1.0,-1.0,-1.0
2025/06/13,486.0,486.0,478.40000000000003,483.8,497000,-1.0,-1.0,-1.0
2025/06/16,484.0,489.20000000000005,484.0,485.8,294000,-1.0,-1.0,-1.0
2025/06/17,484.40000000000003,487.40000000000003,481.20000000000005,486.0,267500,-1.0,-1.0,-1.0
2025/06/18,482.6,486.0,481.0,483.20000000000005,390000,-1.0,-1.0,-1.0
2025/06/19,486.0,486.20000000000005,481.0,482.6,225000,-1.0,-1.0,-1.0
2025/06/20,482.6,486.0,478.8,480.0,975500,-1.0,-1.0,-1.0
2025/06/23,478.8,486.8,478.0,481.6,346000,-1.0,-1.0,-1.0
2025/06/24,488.0,495.20000000000005,483.6,494.0,824000,-1.0,-1.0,-1.0
2025/06/25,494.40000000000003,494.40000000000003,485.40000000000003,488.6,450500,-1.0,-1.0,-1.0
2025/06/26,488.8,492.8,488.8,492.8,415500,-1.0,-1.0,-1.0
2025/06/27,488.8,499.20000000000005,488.40000000000003,496.40000000000003,378000,-1.0,-1.0,-1.0
2025/06/30,499.0,503.20000000000005,494.6,500.6,808000,-1.0,-1.0,-1.0
2025/07/01,496.40000000000003,508.0,489.20000000000005,506.20000000000005,692000,-1.0,-1.0,-1.0
2025/07/02,506.0,509.6,502.40000000000003,504.40000000000003,533500,-1.0,-1.0,-1.0
2025/07/03,501.40000000000003,502.6,496.6,502.0,262500,-1.0,-1.0,-1.0
2025/07/04,506.0,511.0,505.20000000000005,508.40000000000003,413500,-1.0,-1.0,-1.0
2025/07/07,506.6,508.20000000000005,503.0,505.40000000000003,396000,-1.0,-1.0,-1.0
2025/07/08,505.40000000000003,533.0,500.20000000000005,531.0,1544000,-1.0,-1.0,-1.0
2025/07/09,529.2,533.6,525.0,528.0,592000,-1.0,-1.0,-1.0
2025/07/10,524.4,528.4,520.6,528.4,687000,-1.0,-1.0,-1.0
2025/07/11,528.8000000000001,558.4,528.4,550.6,1591000,-1.0,-1.0,-1.0
2025/07/14,545.0,557.0,536.6,549.8000000000001,2011500,-1.0,-1.0,-1.0
2025/07/15,551.0,560.4,544.8000000000001,549.8000000000001,926000,-1.0,-1.0,-1.0
2025/07/16,549.8000000000001,551.6,542.0,547.0,745500,-1.0,-1.0,-1.0
2025/07/17,546.6,557.6,544.6,553.2,564000,-1.0,-1.0,-1.0
2025/07/18,553.6,562.4,550.0,561.4,990500,-1.0,-1.0,-1.0
2025/07/22,560.4,563.6,551.0,559.6,729500,-1.0,-1.0,-1.0
2025/07/23,568.0,576.4,557.6,573.2,1296000,-1.0,-1.0,-1.0
2025/07/24,578.4,586.4,577.4,580.8000000000001,766000,-1.0,-1.0,-1.0
2025/07/25,581.6,582.4,575.4,579.2,510000,-1.0,-1.0,-1.0
2025/07/28,579.0,579.4,556.6,560.6,919500,-1.0,-1.0,-1.0
2025/07/29,556.0,567.6,553.2,564.4,554500,-1.0,-1.0,-1.0
2025/07/30,564.2,569.2,559.6,566.0,603000,-1.0,-1.0,-1.0
2025/07/31,569.4,575.0,563.8000000000001,571.6,722500,-1.0,-1.0,-1.0
2025/08/01,571.6,588.6,566.2,588.6,1184500,-1.0,-1.0,-1.0
2025/08/04,569.6,585.4,567.8000000000001,584.6,887500,-1.0,-1.0,-1.0
2025/08/05,587.4,589.8000000000001,580.4,583.6,406500,-1.0,-1.0,-1.0
2025/08/06,583.8000000000001,598.6,583.8000000000001,597.0,839000,-1.0,-1.0,-1.0
2025/08/07,595.8000000000001,615.0,595.8000000000001,609.0,686000,-1.0,-1.0,-1.0
2025/08/08,609.0,613.0,603.0,609.0,469500,-1.0,-1.0,-1.0
2025/08/12,608.0,609.0,593.4,602.0,1093000,-1.0,-1.0,-1.0
2025/08/13,602.0,608.0,596.0,600.0,460500,-1.0,-1.0,-1.0
2025/08/14,597.0,604.0,594.4,604.0,419000,-1.0,-1.0,-1.0
2025/08/15,606.0,619.0,606.0,616.0,621500,-1.0,-1.0,-1.0
2025/08/18,614.0,615.0,606.0,607.0,385500,-1.0,-1.0,-1.0
2025/08/19,607.0,621.0,602.0,614.0,1438000,-1.0,-1.0,-1.0
2025/08/20,616.0,631.0,612.0,624.0,899000,-1.0,-1.0,-1.0
2025/08/21,624.0,630.0,620.0,623.0,475500,-1.0,-1.0,-1.0
2025/08/22,630.0,639.0,624.0,635.0,806500,-1.0,-1.0,-1.0
2025/08/25,640.0,654.0,633.0,644.0,778500,-1.0,-1.0,-1.0
2025/08/26,645.0,648.0,626.0,632.0,780000,-1.0,-1.0,-1.0
2025/08/27,637.0,639.0,626.0,628.0,426500,-1.0,-1.0,-1.0
2025/08/28,626.0,634.0,626.0,633.0,372500,-1.0,-1.0,-1.0
2025/08/29,633.0,633.0,626.0,628.0,428500,-1.0,-1.0,-1.0
2025/09/01,625.0,636.0,622.0,630.0,441500,-1.0,-1.0,-1.0
2025/09/02,636.0,647.0,632.0,642.0,447500,-1.0,-1.0,-1.0
2025/09/03,642.0,645.0,620.0,625.0,914000,-1.0,-1.0,-1.0
2025/09/04,629.0,634.0,625.0,632.0,455000,-1.0,-1.0,-1.0
2025/09/05,637.0,640.0,632.0,634.0,473000,-1.0,-1.0,-1.0
2025/09/08,639.0,641.0,632.0,638.0,410000,-1.0,-1.0,-1.0
2025/09/09,640.0,644.0,631.0,635.0,337500,-1.0,-1.0,-1.0
2025/09/10,638.0,659.0,636.0,656.0,698000,-1.0,-1.0,-1.0
2025/09/11,659.0,660.0,649.0,655.0,526500,-1.0,-1.0,-1.0
2025/09/12,659.0,662.0,651.0,661.0,867000,-1.0,-1.0,-1.0
2025/09/16,659.0,664.0,653.0,659.0,437000,-1.0,-1.0,-1.0
2025/09/17,654.0,659.0,641.0,654.0,562000,-1.0,-1.0,-1.0
2025/09/18,656.0,659.0,650.0,656.0,561500,-1.0,-1.0,-1.0
2025/09/19,658.0,666.0,650.0,658.0,793000,-1.0,-1.0,-1.0
2025/09/22,655.0,678.0,655.0,674.0,830000,-1.0,-1.0,-1.0
2025/09/24,675.0,678.0,669.0,675.0,592500,-1.0,-1.0,-1.0
2025/09/25,680.0,680.0,671.0,678.0,556000,-1.0,-1.0,-1.0
2025/09/26,688.0,700.0,687.0,697.0,772000,-1.0,-1.0,-1.0
2025/09/29,685.0,688.0,674.0,677.0,928000,-1.0,-1.0,-1.0
2025/09/30,676.0,701.0,672.0,695.0,1023500,-1.0,-1.0,-1.0
2025/10/01,686.0,692.0,672.0,678.0,1620000,-1.0,-1.0,-1.0
2025/10/02,678.0,684.0,670.0,674.0,755500,-1.0,-1.0,-1.0
2025/10/03,670.0,680.0,670.0,677.0,455500,-1.0,-1.0,-1.0
2025/10/06,678.0,710.0,669.0,696.0,1956500,-1.0,-1.0,-1.0
2025/10/07,696.0,703.0,686.0,693.0,814500,-1.0,-1.0,-1.0
2025/10/08,720.0,727.0,689.0,701.0,2826500,-1.0,-1.0,-1.0
2025/10/09,705.0,754.0,700.0,738.0,2004000,-1.0,-1.0,-1.0
2025/10/10,728.0,744.0,705.0,705.0,1722500,-1.0,-1.0,-1.0
2025/10/14,691.0,708.0,675.0,686.0,2758000,-1.0,-1.0,-1.0
2025/10/15,693.0,714.0,688.0,711.0,890500,-1.0,-1.0,-1.0
2025/10/16,718.0,723.0,704.0,707.0,744000,-1.0,-1.0,-1.0
2025/10/17,689.0,704.0,683.0,702.0,986500,-1.0,-1.0,-1.0
2025/10/20,714.0,730.0,705.0,730.0,880000,-1.0,-1.0,-1.0
2025/10/21,725.0,732.0,713.0,715.0,887000,-1.0,-1.0,-1.0
2025/10/22,715.0,720.0,710.0,710.0,586000,-1.0,-1.0,-1.0
2025/10/23,712.0,722.0,712.0,720.0,820000,-1.0,-1.0,-1.0
2025/10/24,729.0,738.0,724.0,737.0,988500,-1.0,-1.0,-1.0
2025/10/27,750.0,769.0,744.0,754.0,1407000,-1.0,-1.0,-1.0
2025/10/28,754.0,760.0,741.0,743.0,960500,-1.0,-1.0,-1.0
2025/10/29,746.0,750.0,729.0,733.0,888000,-1.0,-1.0,-1.0
2025/10/30,739.0,758.0,734.0,755.0,1839000,-1.0,-1.0,-1.0
2025/10/31,755.0,757.0,732.0,738.0,1027000,-1.0,-1.0,-1.0
2025/11/04,736.0,742.0,724.0,732.0,868500,-1.0,-1.0,-1.0
2025/11/05,722.0,724.0,693.0,723.0,1288000,-1.0,-1.0,-1.0
2025/11/06,728.0,753.0,727.0,753.0,1048500,-1.0,-1.0,-1.0
2025/11/07,742.0,753.0,726.0,745.0,1550500,-1.0,-1.0,-1.0
2025/11/10,731.0,743.0,724.0,739.0,1357500,-1.0,-1.0,-1.0
2025/11/11,739.0,740.0,715.0,730.0,1171000,-1.0,-1.0,-1.0
2025/11/12,735.0,747.0,723.0,746.0,1230500,-1.0,-1.0,-1.0
2025/11/13,755.0,764.0,752.0,756.0,847000,-1.0,-1.0,-1.0
2025/11/14,742.0,759.0,742.0,747.0,808000,-1.0,-1.0,-1.0
2025/11/17,750.0,757.0,745.0,753.0,808500,-1.0,-1.0,-1.0
2025/11/18,740.0,747.0,723.0,725.0,1108000,-1.0,-1.0,-1.0
2025/11/19,731.0,738.0,717.0,723.0,816500,-1.0,-1.0,-1.0
2025/11/20,743.0,751.0,728.0,751.0,790000,-1.0,-1.0,-1.0
2025/11/21,741.0,764.0,741.0,760.0,1341500,-1.0,-1.0,-1.0
2025/11/25,770.0,794.0,766.0,788.0,933000,-1.0,-1.0,-1.0
2025/11/26,794.0,819.0,792.0,819.0,1165000,-1.0,-1.0,-1.0
2025/11/27,826.0,842.0,824.0,831.0,915500,-1.0,-1.0,-1.0
2025/11/28,831.0,853.0,831.0,843.0,767500,-1.0,-1.0,-1.0
2025/12/01,856.0,876.0,845.0,867.0,1462000,-1.0,-1.0,-1.0
2025/12/02,876.0,879.0,856.0,873.0,1550000,-1.0,-1.0,-1.0
2025/12/03,869.0,873.0,844.0,849.0,1820000,-1.0,-1.0,-1.0
2025/12/04,847.0,890.0,839.0,886.0,1237000,-1.0,-1.0,-1.0
2025/12/05,878.0,889.0,875.0,878.0,1952500,-1.0,-1.0,-1.0
2025/12/08,879.0,886.0,863.0,868.0,1316500,-1.0,-1.0,-1.0
2025/12/09,870.0,877.0,855.0,858.0,1191000,-1.0,-1.0,-1.0
2025/12/10,859.0,860.0,849.0,850.0,1081000,-1.0,-1.0,-1.0
2025/12/11,864.0,869.0,833.0,834.0,2460000,-1.0,-1.0,-1.0
2025/12/12,858.0,865.0,842.0,863.0,1229500,-1.0,-1.0,-1.0
2025/12/15,863.0,895.0,861.0,891.0,1057500,-1.0,-1.0,-1.0
2025/12/16,897.0,908.0,888.0,893.0,1507500,-1.0,-1.0,-1.0
2025/12/17,900.0,910.0,885.0,906.0,1207000,-1.0,-1.0,-1.0
2025/12/18,908.0,921.0,899.0,914.0,1320500,-1.0,-1.0,-1.0
2025/12/19,914.0,930.0,912.0,926.0,1676000,-1.0,-1.0,-1.0
2025/12/22,940.0,946.0,915.0,926.0,1724000,-1.0,-1.0,-1.0
2025/12/23,927.0,970.0,927.0,968.0,2425000,-1.0,-1.0,-1.0
2025/12/24,960.0,974.0,941.0,954.0,2004000,-1.0,-1.0,-1.0
2025/12/25,949.0,956.0,916.0,953.0,1421000,-1.0,-1.0,-1.0
2025/12/26,947.0,958.0,939.0,942.0,1291000,-1.0,-1.0,-1.0
2025/12/29,936.0,955.0,931.0,947.0,957500,-1.0,-1.0,-1.0
2025/12/30,946.0,963.0,938.0,938.0,1068000,-1.0,-1.0,-1.0
2026/01/05,949.0,985.0,945.0,981.0,1498000,-1.0,-1.0,-1.0
2026/01/06,990.0,1012.0,989.0,1010.0,1078500,-1.0,-1.0,-1.0
2026/01/07,1006.0,1038.0,1006.0,1034.0,1026500,-1.0,-1.0,-1.0
2026/01/08,1030.0,1036.0,1022.0,1024.0,916500,-1.0,-1.0,-1.0
2026/01/09,1032.0,1048.0,1028.0,1044.0,994000,-1.0,-1.0,-1.0
2026/01/13,1084.0,1086.0,1064.0,1084.0,795000,-1.0,-1.0,-1.0
2026/01/14,1096.0,1136.0,1082.0,1134.0,1146500,-1.0,-1.0,-1.0
2026/01/15,1136.0,1162.0,1134.0,1152.0,1068500,-1.0,-1.0,-1.0
2026/01/16,1140.0,1150.0,1120.0,1136.0,1302500,-1.0,-1.0,-1.0
2026/01/19,1138.0,1144.0,1112.0,1122.0,850000,-1.0,-1.0,-1.0
2026/01/20,1126.0,1174.0,1110.0,1150.0,1417000,-1.0,-1.0,-1.0
2026/01/21,1110.0,1144.0,1100.0,1130.0,913500,-1.0,-1.0,-1.0
2026/01/22,1146.0,1162.0,1138.0,1152.0,1015500,-1.0,-1.0,-1.0
2026/01/23,1150.0,1194.0,1150.0,1172.0,1111500,-1.0,-1.0,-1.0
2026/01/26,1144.0,1162.0,1130.0,1138.0,1047000,-1.0,-1.0,-1.0
2026/01/27,1122.0,1152.0,1116.0,1144.0,781000,-1.0,-1.0,-1.0
2026/01/28,1138.0,1138.0,1104.0,1128.0,828000,-1.0,-1.0,-1.0
2026/01/29,1128.0,1138.0,1114.0,1134.0,801000,-1.0,-1.0,-1.0
2026/01/30,1142.0,1142.0,1118.0,1126.0,694000,-1.0,-1.0,-1.0
2026/02/02,1142.0,1154.0,1100.0,1100.0,873500,-1.0,-1.0,-1.0
2026/02/03,1138.0,1168.0,1130.0,1166.0,955500,-1.0,-1.0,-1.0
2026/02/04,1166.0,1216.0,1166.0,1204.0,1126500,-1.0,-1.0,-1.0
2026/02/05,1216.0,1238.0,1202.0,1224.0,1245500,-1.0,-1.0,-1.0
2026/02/06,1204.0,1228.0,1194.0,1222.0,837500,-1.0,-1.0,-1.0
2026/02/09,1254.0,1266.0,1224.0,1264.0,1069500,-1.0,-1.0,-1.0
2026/02/10,1268.0,1290.0,1260.0,1284.0,1261500,-1.0,-1.0,-1.0
2026/02/12,1272.0,1332.0,1260.0,1326.0,1606500,-1.0,-1.0,-1.0
2026/02/13,1306.0,1322.0,1258.0,1260.0,1050500,-1.0,-1.0,-1.0
2026/02/16,1266.0,1268.0,1220.0,1244.0,892500,-1.0,-1.0,-1.0
2026/02/17,1244.0,1252.0,1200.0,1200.0,1059500,-1.0,-1.0,-1.0
2026/02/18,1220.0,1252.0,1220.0,1248.0,878500,-1.0,-1.0,-1.0
2026/02/19,1260.0,1310.0,1256.0,1304.0,1256000,-1.0,-1.0,-1.0
2026/02/20,1284.0,1310.0,1280.0,1298.0,921500,-1.0,-1.0,-1.0
2026/02/24,1292.0,1296.0,1232.0,1260.0,1440000,-1.0,-1.0,-1.0
2026/02/25,1264.0,1266.0,1218.0,1244.0,1227000,-1.0,-1.0,-1.0
2026/02/26,1320.0,1322.0,1294.0,1306.0,1385000,-1.0,-1.0,-1.0
2026/02/27,1314.0,1376.0,1310.0,1368.0,1688500,-1.0,-1.0,-1.0
2026/03/02,1302.0,1332.0,1268.0,1322.0,2116500,-1.0,-1.0,-1.0
2026/03/02,1302.0,1332.0,1268.0,1322.0,2116500,-1.0,-1.0,-1.0
2026/03/02,1302.0,1332.0,1268.0,1322.0,2116500,-1.0,-1.0,-1.0
2026/03/02,1302.0,1332.0,1268.0,1322.0,2116500,-1.0,-1.0,-1.0
2026/03/03,1304.0,1376.0,1288.0,1330.0,2012000,-1.0,-1.0,-1.0
2026/03/04,1272.0,1292.0,1196.0,1220.0,2128500,-1.0,-1.0,-1.0
2026/03/05,1290.0,1322.0,1252.0,1278.0,1700000,-1.0,-1.0,-1.0
2026/03/06,1246.0,1294.0,1234.0,1282.0,1081500,-1.0,-1.0,-1.0
2026/03/09,1182.0,1220.0,1168.0,1210.0,2040500,-1.0,-1.0,-1.0
2026/03/10,1250.0,1296.0,1242.0,1276.0,1318500,-1.0,-1.0,-1.0
2026/03/11,1296.0,1310.0,1246.0,1246.0,1592500,-1.0,-1.0,-1.0
2026/03/12,1230.0,1240.0,1194.0,1204.0,1515500,-1.0,-1.0,-1.0
2026/03/13,1196.0,1226.0,1192.0,1204.0,1214000,-1.0,-1.0,-1.0
2026/03/16,1188.0,1208.0,1184.0,1200.0,718500,-1.0,-1.0,-1.0
2026/03/17,1218.0,1240.0,1208.0,1214.0,595000,-1.0,-1.0,-1.0
2026/03/18,1232.0,1258.0,1222.0,1258.0,760000,-1.0,-1.0,-1.0
2026/03/19,1238.0,1240.0,1214.0,1220.0,845000,-1.0,-1.0,-1.0
2026/03/23,1160.0,1178.0,1142.0,1154.0,1070500,-1.0,-1.0,-1.0
2026/03/24,1194.0,1212.0,1182.0,1188.0,752000,-1.0,-1.0,-1.0
2026/03/25,1248.0,1268.0,1242.0,1268.0,1045500,-1.0,-1.0,-1.0
2026/03/26,1268.0,1268.0,1214.0,1232.0,742000,-1.0,-1.0,-1.0
2026/03/27,1220.0,1278.0,1214.0,1260.0,1619000,-1.0,-1.0,-1.0
2026/03/30,1200.0,1264.0,1190.0,1250.0,1521000,-1.0,-1.0,-1.0
2026/03/31,1210.0,1256.0,1202.0,1216.0,1344000,-1.0,-1.0,-1.0
2026/04/01,1276.0,1306.0,1268.0,1304.0,1578000,-1.0,-1.0,-1.0
2026/04/02,1314.0,1330.0,1268.0,1270.0,1119000,-1.0,-1.0,-1.0
2026/04/03,1280.0,1294.0,1252.0,1258.0,617500,-1.0,-1.0,-1.0
2026/04/06,1270.0,1308.0,1268.0,1302.0,873000,-1.0,-1.0,-1.0
2026/04/07,1304.0,1334.0,1298.0,1314.0,601500,-1.0,-1.0,-1.0
2026/04/08,1354.0,1366.0,1338.0,1352.0,1022500,-1.0,-1.0,-1.0
2026/04/09,1360.0,1374.0,1340.0,1362.0,857000,-1.0,-1.0,-1.0
2026/04/10,1370.0,1394.0,1362.0,1382.0,1074000,-1.0,-1.0,-1.0
2026/04/13,1376.0,1450.0,1374.0,1424.0,2112000,-1.0,-1.0,-1.0
2026/04/14,1440.0,1470.0,1430.0,1454.0,1482500,-1.0,-1.0,-1.0
2026/04/15,1466.0,1492.0,1434.0,1434.0,1354500,-1.0,-1.0,-1.0
2026/04/16,1448.0,1466.0,1422.0,1424.0,994500,-1.0,-1.0,-1.0
2026/04/17,1446.0,1450.0,1406.0,1420.0,918000,-1.0,-1.0,-1.0
2026/04/20,1436.0,1442.0,1396.0,1404.0,674500,-1.0,-1.0,-1.0
2026/04/21,1406.0,1406.0,1342.0,1360.0,1455000,-1.0,-1.0,-1.0
2026/04/22,1360.0,1368.0,1328.0,1336.0,877000,-1.0,-1.0,-1.0
2026/04/23,1330.0,1346.0,1316.0,1344.0,854500,-1.0,-1.0,-1.0
2026/04/24,1332.0,1360.0,1332.0,1356.0,580000,-1.0,-1.0,-1.0
2026/04/27,1336.0,1358.0,1296.0,1356.0,1140500,-1.0,-1.0,-1.0
2026/04/28,1360.0,1442.0,1358.0,1442.0,1275000,-1.0,-1.0,-1.0
2026/04/30,1412.0,1424.0,1392.0,1406.0,804000,-1.0,-1.0,-1.0
2026/05/01,1414.0,1422.0,1378.0,1408.0,589500,-1.0,-1.0,-1.0
2026/05/07,1448.0,1466.0,1422.0,1440.0,982000,-1.0,-1.0,-1.0
2026/05/08,1410.0,1430.0,1372.0,1418.0,1141500,-1.0,-1.0,-1.0
2026/05/11,1418.0,1452.0,1410.0,1426.0,735000,-1.0,-1.0,-1.0
2026/05/12,1440.0,1450.0,1402.0,1432.0,920000,-1.0,-1.0,-1.0
2026/05/13,1428.0,1478.0,1424.0,1474.0,968500,-1.0,-1.0,-1.0
2026/05/14,1462.0,1474.0,1438.0,1468.0,708500,-1.0,-1.0,-1.0
2026/05/15,1480.0,1498.0,1450.0,1482.0,1442000,-1.0,-1.0,-1.0
2026/05/18,1494.0,1520.0,1466.0,1500.0,1762500,-1.0,-1.0,-1.0
2026/05/19,1520.0,1548.0,1494.0,1510.0,1165000,-1.0,-1.0,-1.0
2026/05/20,1510.0,1520.0,1454.0,1478.0,992500,-1.0,-1.0,-1.0
2026/05/21,1516.0,1552.0,1516.0,1540.0,1226000,-1.0,-1.0,-1.0
2026/05/22,1560.0,1584.0,1544.0,1550.0,1053500,-1.0,-1.0,-1.0
2026/05/25,1560.0,1624.0,1550.0,1592.0,1539500,-1.0,-1.0,-1.0
2026/05/26,1578.0,1578.0,1532.0,1560.0,849500,-1.0,-1.0,-1.0
2026/05/27,1544.0,1544.0,1496.0,1496.0,1010500,-1.0,-1.0,-1.0
2026/05/28,1470.0,1472.0,1424.0,1462.0,1209000,-1.0,-1.0,-1.0
2026/05/29,1462.0,1492.0,1444.0,1444.0,896000,-1.0,-1.0,-1.0
2026/06/01,1446.0,1446.0,1388.0,1402.0,911500,-1.0,-1.0,-1.0
2026/06/02,1382.0,1426.0,1344.0,1424.0,1003000,-1.0,-1.0,-1.0
2026/06/03,1430.0,1440.0,1400.0,1416.0,795000,-1.0,-1.0,-1.0
2026/06/04,1398.0,1464.0,1388.0,1438.0,676500,-1.0,-1.0,-1.0
2026/06/05,1448.0,1468.0,1442.0,1456.0,610000,-1.0,-1.0,-1.0
2026/06/08,1418.0,1454.0,1412.0,1454.0,875500,-1.0,-1.0,-1.0
2026/06/09,1466.0,1508.0,1462.0,1500.0,942000,-1.0,-1.0,-1.0
2026/06/10,1496.0,1546.0,1480.0,1482.0,998500,-1.0,-1.0,-1.0
2026/06/11,1458.0,1470.0,1420.0,1444.0,836000,-1.0,-1.0,-1.0
2026/06/12,1474.0,1490.0,1458.0,1474.0,938000,-1.0,-1.0,-1.0
2026/06/15,1514.0,1520.0,1482.0,1492.0,732500,-1.0,-1.0,-1.0
2026/06/16,1478.0,1490.0,1444.0,1470.0,716500,-1.0,-1.0,-1.0
2026/06/17,1478.0,1496.0,1436.0,1436.0,674500,-1.0,-1.0,-1.0
2026/06/18,1456.0,1482.0,1440.0,1468.0,832000,-1.0,-1.0,-1.0
2026/06/19,1454.0,1464.0,1412.0,1418.0,1168000,-1.0,-1.0,-1.0
2026/06/22,1424.0,1464.0,1418.0,1458.0,617500,-1.0,-1.0,-1.0
2026/06/23,1476.0,1476.0,1446.0,1446.0,561500,-1.0,-1.0,-1.0
2026/06/24,1450.0,1468.0,1402.0,1420.0,554000,-1.0,-1.0,-1.0
2026/06/25,1442.0,1450.0,1406.0,1422.0,965000,-1.0,-1.0,-1.0
2026/06/26,1422.0,1476.0,1422.0,1464.0,900000,-1.0,-1.0,-1.0
2026/06/29,1476.0,1490.0,1440.0,1464.0,799000,-1.0,-1.0,-1.0
2026/06/30,1464.0,1480.0,1444.0,1452.0,835500,-1.0,-1.0,-1.0
2026/07/01,1468.0,1488.0,1460.0,1476.0,710500,-1.0,-1.0,-1.0
2026/07/02,1500.0,1546.0,1492.0,1536.0,1108000,-1.0,-1.0,-1.0
2026/07/03,1560.0,1572.0,1524.0,1570.0,736500,-1.0,-1.0,-1.0
2026/07/06,1572.0,1612.0,1560.0,1588.0,1204000,-1.0,-1.0,-1.0
2026/07/07,1602.0,1640.0,1570.0,1584.0,1029500,-1.0,-1.0,-1.0
2026/07/08,1582.0,1654.0,1582.0,1614.0,1146500,-1.0,-1.0,-1.0
2026/07/09,1602.0,1616.0,1584.0,1604.0,599500,-1.0,-1.0,-1.0
2026/07/10,1618.0,1648.0,1572.0,1572.0,714500,-1.0,-1.0,-1.0
2026/07/13,1580.0,1618.0,1544.0,1548.0,823000,-1.0,-1.0,-1.0
2026/07/14,1548.0,1564.0,1522.0,1560.0,725000,-1.0,-1.0,-1.0
2026/07/15,1570.0,1616.0,1564.0,1610.0,721500,-1.0,-1.0,-1.0
2026/07/16,1608.0,1618.0,1590.0,1592.0,634000,-1.0,-1.0,-1.0
2026/07/17,1578.0,1594.0,1446.0,1470.0,1526500,-1.0,-1.0,-1.0
2026/07/21,1500.0,1562.0,1474.0,1550.0,1402500,-1.0,-1.0,-1.0
2026/07/22,1562.0,1596.0,1540.0,1544.0,931000,-1.0,-1.0,-1.0
2026/07/23,1542.0,1586.0,1534.0,1586.0,923500,-1.0,-1.0,-1.0
2026/07/24,1556.0,1636.0,1554.0,1624.0,1062500,-1.0,-1.0,-1.0
2026/07/27,1640.0,1654.0,1602.0,1646.0,852000,-1.0,-1.0,-1.0
2026/07/28,1624.0,1632.0,1570.0,1570.0,984000,-1.0,-1.0,-1.0
2026/07/29,1556.0,1566.0,1430.0,1468.0,1518000,-1.0,-1.0,-1.0
2026/07/30,1426.0,1440.0,1406.0,1412.0,1293500,-1.0,-1.0,-1.0
2026/07/31,1430.0,1484.0,1398.0,1442.0,975000,-1.0,-1.0,-1.0
2026/08/03,1432.0,1444.0,1356.0,1410.0,1335000,-1.0,-1.0,-1.0
2026/08/04,1412.0,1436.0,1402.0,1424.0,773500,-1.0,-1.0,-1.0
2026/08/05,1444.0,1498.0,1436.0,1496.0,894500,-1.0,-1.0,-1.0
2026/08/06,1512.0,1572.0,1510.0,1526.0,919000,-1.0,-1.0,-1.0
2026/08/07,1536.0,1542.0,1504.0,1512.0,715500,-1.0,-1.0,-1.0
2026/08/10,1490.0,1508.0,1454.0,1460.0,914500,-1.0,-1.0,-1.0
2026/08/12,1482.0,1524.0,1478.0,1522.0,737500,-1.0,-1.0,-1.0
2026/08/13,1544.0,1610.0,1544.0,1608.0,1026000,-1.0,-1.0,-1.0
2026/08/14,1604.0,1662.0,1604.0,1610.0,956000,-1.0,-1.0,-1.0
2026/08/17,1628.0,1648.0,1610.0,1630.0,576500,-1.0,-1.0,-1.0
2026/08/18,1640.0,1678.0,1638.0,1648.0,802000,-1.0,-1.0,-1.0
2026/08/19,1588.0,1618.0,1564.0,1576.0,1251500,-1.0,-1.0,-1.0
2026/08/20,1578.0,1612.0,1574.0,1576.0,1462500,-1.0,-1.0,-1.0
2026/08/21,1568.0,1594.0,1566.0,1584.0,717500,-1.0,-1.0,-1.0
2026/08/24,1600.0,1600.0,1542.0,1544.0,997000,-1.0,-1.0,-1.0
2026/08/25,1542.0,1590.0,1532.0,1588.0,972500,-1.0,-1.0,-1.0
2026/08/26,1600.0,1640.0,1596.0,1628.0,652500,-1.0,-1.0,-1.0
2026/08/27,1634.0,1642.0,1610.0,1630.0,810000,-1.0,-1.0,-1.0
2026/08/28,1614.0,1656.0,1610.0,1642.0,792000,-1.0,-1.0,-1.0
2026/08/31,1640.0,1664.0,1616.0,1650.0,864500,-1.0,-1.0,-1.0
2026/09/01,1638.0,1654.0,1616.0,1640.0,617000,-1.0,-1.0,-1.0
2026/09/02,1616.0,1648.0,1606.0,1636.0,779000,-1.0,-1.0,-1.0
2026/09/03,1642.0,1674.0,1630.0,1656.0,966500,-1.0,-1.0,-1.0
2026/09/04,1672.0,1676.0,1614.0,1652.0,655500,-1.0,-1.0,-1.0
2026/09/07,1660.0,1668.0,1632.0,1638.0,494500,-1.0,-1.0,-1.0
2026/09/08,1620.0,1632.0,1590.0,1590.0,803000,-1.0,-1.0,-1.0
2026/09/09,1596.0,1634.0,1572.0,1572.0,748500,-1.0,-1.0,-1.0
2026/09/10,1574.0,1642.0,1574.0,1632.0,656500,-1.0,-1.0,-1.0
2026/09/11,1602.0,1660.0,1588.0,1636.0,1111500,-1.0,-1.0,-1.0
2026/09/14,1610.0,1668.0,1608.0,1640.0,597000,-1.0,-1.0,-1.0
2026/09/15,1638.0,1650.0,1626.0,1646.0,731000,-1.0,-1.0,-1.0
2026/09/16,1656.0,1722.0,1654.0,1698.0,1182000,-1.0,-1.0,-1.0
2026/09/17,1714.0,1728.0,1656.0,1680.0,991500,-1.0,-1.0,-1.0
2026/09/18,1686.0,1696.0,1646.0,1688.0,1075000,-1.0,-1.0,-1.0
2026/09/24,1696.0,1696.0,1668.0,1690.0,895000,-1.0,-1.0,-1.0
2026/09/25,1696.0,1770.0,1684.0,1770.0,1460500,-1.0,-1.0,-1.0
2026/09/28,8770.0,8860.0,8700.0,8840.0,332800,-1.0,-1.0,-1.0
2026/09/29,1737.0,1789.0,1718.0,1746.0,793400,-1.0,-1.0,-1.0
2026/09/30,1737.0,1807.0,1726.0,1792.0,1168700,-1.0,-1.0,-1.0
2026/10/01,1797.0,1804.0,1707.0,1787.0,1089900,-1.0,-1.0,-1.0
2026/10/02,1780.0,1835.0,1776.0,1810.0,994700,-1.0,-1.0,-1.0
