date,open,high,low,close,volume,rs_nikkei,rs_topix,rs
2014/03/26,401.0,404.0,384.0,403.0,14685000,-1.0,-1.0,-1.0
2014/03/27,386.0,391.0,379.0,391.0,16280000,-1.0,-1.0,-1.0
2014/03/28,389.0,394.0,383.0,391.0,14610000,-1.0,-1.0,-1.0
2014/03/31,395.0,395.0,381.0,387.0,19455000,-1.0,-1.0,-1.0
2014/04/01,385.0,395.0,377.0,394.0,27920000,-1.0,-1.0,-1.0
2014/04/02,396.0,401.0,394.0,397.0,8815000,-1.0,-1.0,-1.0
2014/04/03,394.0,397.0,386.0,388.0,9110000,-1.0,-1.0,-1.0
2014/04/04,388.0,392.0,387.0,392.0,8630000,-1.0,-1.0,-1.0
2014/04/07,389.0,396.0,388.0,393.0,6295000,-1.0,-1.0,-1.0
2014/04/08,390.0,393.0,385.0,387.0,8945000,-1.0,-1.0,-1.0
2014/04/09,383.0,385.0,378.0,379.0,5915000,-1.0,-1.0,-1.0
2014/04/10,384.0,389.0,378.0,379.0,4725000,-1.0,-1.0,-1.0
2014/04/11,372.0,382.0,370.0,373.0,6220000,-1.0,-1.0,-1.0
2014/04/14,370.0,388.0,370.0,385.0,9080000,-1.0,-1.0,-1.0
2014/04/15,386.0,387.0,378.0,380.0,5005000,-1.0,-1.0,-1.0
2014/04/16,383.0,390.0,382.0,390.0,4805000,-1.0,-1.0,-1.0
2014/04/17,389.0,399.0,388.0,389.0,8310000,-1.0,-1.0,-1.0
2014/04/18,389.0,395.0,385.0,395.0,4040000,-1.0,-1.0,-1.0
2014/04/21,392.0,397.0,389.0,391.0,4740000,-1.0,-1.0,-1.0
2014/04/22,394.0,395.0,386.0,386.0,2915000,-1.0,-1.0,-1.0
2014/04/23,386.0,392.0,386.0,391.0,2595000,-1.0,-1.0,-1.0
2014/04/24,390.0,396.0,389.0,393.0,6275000,-1.0,-1.0,-1.0
2014/04/25,396.0,397.0,391.0,392.0,3185000,-1.0,-1.0,-1.0
2014/04/28,392.0,392.0,387.0,388.0,5355000,-1.0,-1.0,-1.0
2014/04/30,393.0,394.0,388.0,389.0,3755000,-1.0,-1.0,-1.0
2014/05/01,390.0,399.0,385.0,399.0,3815000,-1.0,-1.0,-1.0
2014/05/02,399.0,399.0,395.0,396.0,2900000,-1.0,-1.0,-1.0
2014/05/07,392.0,392.0,386.0,391.0,4690000,-1.0,-1.0,-1.0
2014/05/08,383.0,390.0,382.0,382.0,8780000,-1.0,-1.0,-1.0
2014/05/09,378.0,412.0,374.0,408.0,18870000,-1.0,-1.0,-1.0
2014/05/12,410.0,429.0,408.0,422.0,16825000,-1.0,-1.0,-1.0
2014/05/13,422.0,424.0,415.0,421.0,10555000,-1.0,-1.0,-1.0
2014/05/14,427.0,428.0,422.0,426.0,4735000,-1.0,-1.0,-1.0
2014/05/15,422.0,424.0,418.0,423.0,6300000,-1.0,-1.0,-1.0
2014/05/16,416.0,416.0,411.0,414.0,4790000,-1.0,-1.0,-1.0
2014/05/19,419.0,422.0,413.0,416.0,3310000,-1.0,-1.0,-1.0
2014/05/20,419.0,420.0,412.0,415.0,3375000,-1.0,-1.0,-1.0
2014/05/21,415.0,417.0,413.0,417.0,2935000,-1.0,-1.0,-1.0
2014/05/22,418.0,422.0,416.0,422.0,4905000,-1.0,-1.0,-1.0
2014/05/23,423.0,430.0,420.0,428.0,6090000,-1.0,-1.0,-1.0
2014/05/26,439.0,441.0,428.0,440.0,9805000,-1.0,-1.0,-1.0
2014/05/27,441.0,444.0,435.0,439.0,5745000,-1.0,-1.0,-1.0
2014/05/28,437.0,444.0,435.0,441.0,7075000,-1.0,-1.0,-1.0
2014/05/29,445.0,455.0,442.0,453.0,10565000,-1.0,-1.0,-1.0
2014/05/30,457.0,460.0,452.0,453.0,12025000,-1.0,-1.0,-1.0
2014/06/02,460.0,461.0,455.0,456.0,4585000,-1.0,-1.0,-1.0
2014/06/03,461.0,463.0,458.0,461.0,3820000,-1.0,-1.0,-1.0
2014/06/04,459.0,464.0,457.0,464.0,3780000,-1.0,-1.0,-1.0
2014/06/05,461.0,464.0,460.0,462.0,3800000,-1.0,-1.0,-1.0
2014/06/06,468.0,483.0,466.0,477.0,11500000,-1.0,-1.0,-1.0
2014/06/09,475.0,476.0,466.0,468.0,3895000,-1.0,-1.0,-1.0
2014/06/10,468.0,472.0,465.0,468.0,4515000,-1.0,-1.0,-1.0
2014/06/11,468.0,482.0,468.0,480.0,4550000,-1.0,-1.0,-1.0
2014/06/12,476.0,480.0,473.0,477.0,4505000,-1.0,-1.0,-1.0
2014/06/13,471.0,480.0,470.0,479.0,6115000,-1.0,-1.0,-1.0
2014/06/16,480.0,481.0,473.0,476.0,5875000,-1.0,-1.0,-1.0
2014/06/17,470.0,478.0,470.0,474.0,4335000,-1.0,-1.0,-1.0
2014/06/18,474.0,479.0,473.0,477.0,3195000,-1.0,-1.0,-1.0
2014/06/19,473.0,483.0,473.0,481.0,4185000,-1.0,-1.0,-1.0
2014/06/20,481.0,483.0,474.0,482.0,4525000,-1.0,-1.0,-1.0
2014/06/23,479.0,495.0,478.0,491.0,8365000,-1.0,-1.0,-1.0
2014/06/24,494.0,517.0,494.0,510.0,17215000,-1.0,-1.0,-1.0
2014/06/25,500.0,504.0,494.0,495.0,9740000,-1.0,-1.0,-1.0
2014/06/26,499.0,503.0,498.0,502.0,3665000,-1.0,-1.0,-1.0
2014/06/27,500.0,501.0,492.0,496.0,6050000,-1.0,-1.0,-1.0
2014/06/30,504.0,514.0,504.0,513.0,6770000,-1.0,-1.0,-1.0
2014/07/01,509.0,513.0,503.0,511.0,7235000,-1.0,-1.0,-1.0
2014/07/02,515.0,524.0,513.0,519.0,5980000,-1.0,-1.0,-1.0
2014/07/03,523.0,528.0,521.0,527.0,5110000,-1.0,-1.0,-1.0
2014/07/04,527.0,528.0,522.0,523.0,3485000,-1.0,-1.0,-1.0
2014/07/07,525.0,530.0,524.0,527.0,5160000,-1.0,-1.0,-1.0
2014/07/08,523.0,532.0,520.0,530.0,4855000,-1.0,-1.0,-1.0
2014/07/09,523.0,531.0,522.0,525.0,4290000,-1.0,-1.0,-1.0
2014/07/10,527.0,528.0,519.0,519.0,7170000,-1.0,-1.0,-1.0
2014/07/11,510.0,514.0,504.0,512.0,9015000,-1.0,-1.0,-1.0
2014/07/14,525.0,529.0,520.0,524.0,9650000,-1.0,-1.0,-1.0
2014/07/15,518.0,523.0,518.0,520.0,6060000,-1.0,-1.0,-1.0
2014/07/16,526.0,531.0,522.0,523.0,6730000,-1.0,-1.0,-1.0
2014/07/17,519.0,526.0,517.0,520.0,6450000,-1.0,-1.0,-1.0
2014/07/18,512.0,524.0,509.0,514.0,7045000,-1.0,-1.0,-1.0
2014/07/22,513.0,520.0,512.0,517.0,4715000,-1.0,-1.0,-1.0
2014/07/23,515.0,520.0,515.0,516.0,2455000,-1.0,-1.0,-1.0
2014/07/24,515.0,517.0,512.0,514.0,3995000,-1.0,-1.0,-1.0
2014/07/25,520.0,528.0,517.0,525.0,5935000,-1.0,-1.0,-1.0
2014/07/28,528.0,528.0,516.0,518.0,3605000,-1.0,-1.0,-1.0
2014/07/29,520.0,520.0,511.0,515.0,3700000,-1.0,-1.0,-1.0
2014/07/30,511.0,517.0,511.0,514.0,2895000,-1.0,-1.0,-1.0
2014/07/31,515.0,517.0,505.0,506.0,5120000,-1.0,-1.0,-1.0
2014/08/01,501.0,511.0,501.0,506.0,4265000,-1.0,-1.0,-1.0
2014/08/04,504.0,518.0,485.0,495.0,17020000,-1.0,-1.0,-1.0
2014/08/05,487.0,487.0,466.0,480.0,20915000,-1.0,-1.0,-1.0
2014/08/06,488.0,502.0,482.0,483.0,14610000,-1.0,-1.0,-1.0
2014/08/07,485.0,487.0,475.0,480.0,7260000,-1.0,-1.0,-1.0
2014/08/08,481.0,484.0,469.0,474.0,6645000,-1.0,-1.0,-1.0
2014/08/11,482.0,488.0,478.0,487.0,5350000,-1.0,-1.0,-1.0
2014/08/12,495.0,502.0,495.0,497.0,6635000,-1.0,-1.0,-1.0
2014/08/13,494.0,502.0,491.0,496.0,5795000,-1.0,-1.0,-1.0
2014/08/14,503.0,504.0,490.0,494.0,7510000,-1.0,-1.0,-1.0
2014/08/15,497.0,500.0,495.0,497.0,2695000,-1.0,-1.0,-1.0
2014/08/18,496.0,508.0,494.0,505.0,6825000,-1.0,-1.0,-1.0
2014/08/19,514.0,515.0,509.0,514.0,5680000,-1.0,-1.0,-1.0
2014/08/20,516.0,520.0,511.0,513.0,4910000,-1.0,-1.0,-1.0
2014/08/21,519.0,519.0,503.0,508.0,7990000,-1.0,-1.0,-1.0
2014/08/22,505.0,505.0,498.0,501.0,5075000,-1.0,-1.0,-1.0
2014/08/25,498.0,500.0,492.0,494.0,4570000,-1.0,-1.0,-1.0
2014/08/26,494.0,501.0,492.0,499.0,5515000,-1.0,-1.0,-1.0
2014/08/27,495.0,496.0,490.0,492.0,4965000,-1.0,-1.0,-1.0
2014/08/28,496.0,508.0,495.0,502.0,8060000,-1.0,-1.0,-1.0
2014/08/29,503.0,524.0,503.0,521.0,12470000,-1.0,-1.0,-1.0
2014/09/01,529.0,538.0,522.0,531.0,12340000,-1.0,-1.0,-1.0
2014/09/02,530.0,530.0,519.0,522.0,8660000,-1.0,-1.0,-1.0
2014/09/03,522.0,529.0,521.0,529.0,6025000,-1.0,-1.0,-1.0
2014/09/04,526.0,536.0,521.0,534.0,7655000,-1.0,-1.0,-1.0
2014/09/05,539.0,554.0,534.0,543.0,13330000,-1.0,-1.0,-1.0
2014/09/08,549.0,568.0,543.0,565.0,13505000,-1.0,-1.0,-1.0
2014/09/09,559.0,563.0,554.0,558.0,5630000,-1.0,-1.0,-1.0
2014/09/10,557.0,561.0,554.0,556.0,3940000,-1.0,-1.0,-1.0
2014/09/11,563.0,563.0,551.0,554.0,3810000,-1.0,-1.0,-1.0
2014/09/12,557.0,577.0,554.0,573.0,10080000,-1.0,-1.0,-1.0
2014/09/16,577.0,585.0,574.0,580.0,6875000,-1.0,-1.0,-1.0
2014/09/17,576.0,580.0,569.0,570.0,4110000,-1.0,-1.0,-1.0
2014/09/18,569.0,574.0,566.0,569.0,3370000,-1.0,-1.0,-1.0
2014/09/19,567.0,571.0,559.0,571.0,9515000,-1.0,-1.0,-1.0
2014/09/22,568.0,585.0,565.0,582.0,6505000,-1.0,-1.0,-1.0
2014/09/24,572.0,579.0,568.0,573.0,8560000,-1.0,-1.0,-1.0
2014/09/25,578.0,592.0,575.0,592.0,6000000,-1.0,-1.0,-1.0
2014/09/26,589.0,593.0,584.0,586.0,5285000,-1.0,-1.0,-1.0
2014/09/29,592.0,598.0,586.0,592.0,4275000,-1.0,-1.0,-1.0
2014/09/30,591.0,591.0,580.0,586.0,4920000,-1.0,-1.0,-1.0
2014/10/01,582.0,586.0,574.0,576.0,8125000,-1.0,-1.0,-1.0
2014/10/02,564.0,569.0,542.0,544.0,15095000,-1.0,-1.0,-1.0
2014/10/03,539.0,546.0,531.0,542.0,15365000,-1.0,-1.0,-1.0
2014/10/06,548.0,561.0,548.0,559.0,6275000,-1.0,-1.0,-1.0
2014/10/07,555.0,563.0,555.0,555.0,3855000,-1.0,-1.0,-1.0
2014/10/08,540.0,549.0,539.0,545.0,6690000,-1.0,-1.0,-1.0
2014/10/09,544.0,544.0,528.0,529.0,6900000,-1.0,-1.0,-1.0
2014/10/10,513.0,522.0,509.0,519.0,12170000,-1.0,-1.0,-1.0
2014/10/14,503.0,513.0,495.0,497.0,11970000,-1.0,-1.0,-1.0
2014/10/15,501.0,522.0,500.0,520.0,9885000,-1.0,-1.0,-1.0
2014/10/16,505.0,518.0,505.0,510.0,8710000,-1.0,-1.0,-1.0
2014/10/17,505.0,513.0,491.0,492.0,8935000,-1.0,-1.0,-1.0
2014/10/20,515.0,518.0,510.0,517.0,4945000,-1.0,-1.0,-1.0
2014/10/21,522.0,523.0,510.0,511.0,5275000,-1.0,-1.0,-1.0
2014/10/22,518.0,529.0,518.0,527.0,3455000,-1.0,-1.0,-1.0
2014/10/23,529.0,529.0,518.0,524.0,4630000,-1.0,-1.0,-1.0
2014/10/24,528.0,532.0,515.0,519.0,4820000,-1.0,-1.0,-1.0
2014/10/27,526.0,528.0,521.0,523.0,2875000,-1.0,-1.0,-1.0
2014/10/28,521.0,523.0,517.0,522.0,2505000,-1.0,-1.0,-1.0
2014/10/29,523.0,533.0,523.0,533.0,4010000,-1.0,-1.0,-1.0
2014/10/30,536.0,538.0,525.0,526.0,8290000,-1.0,-1.0,-1.0
2014/10/31,535.0,537.0,466.0,512.0,18375000,-1.0,-1.0,-1.0
2014/11/04,533.0,533.0,480.0,482.0,30450000,-1.0,-1.0,-1.0
2014/11/05,475.0,477.0,457.0,474.0,38130000,-1.0,-1.0,-1.0
2014/11/06,481.0,481.0,461.0,464.0,17960000,-1.0,-1.0,-1.0
2014/11/07,471.0,477.0,466.0,476.0,13825000,-1.0,-1.0,-1.0
2014/11/10,475.0,482.0,475.0,477.0,12060000,-1.0,-1.0,-1.0
2014/11/11,482.0,483.0,472.0,475.0,11195000,-1.0,-1.0,-1.0
2014/11/12,478.0,480.0,461.0,465.0,18775000,-1.0,-1.0,-1.0
2014/11/13,464.0,473.0,464.0,468.0,10130000,-1.0,-1.0,-1.0
2014/11/14,473.0,473.0,464.0,471.0,10165000,-1.0,-1.0,-1.0
2014/11/17,471.0,474.0,465.0,468.0,9705000,-1.0,-1.0,-1.0
2014/11/18,464.0,468.0,456.0,464.0,13220000,-1.0,-1.0,-1.0
2014/11/19,466.0,467.0,459.0,462.0,13950000,-1.0,-1.0,-1.0
2014/11/20,462.0,463.0,453.0,458.0,14645000,-1.0,-1.0,-1.0
2014/11/21,457.0,467.0,455.0,466.0,16910000,-1.0,-1.0,-1.0
2014/11/25,470.0,470.0,459.0,463.0,12590000,-1.0,-1.0,-1.0
2014/11/26,463.0,464.0,458.0,459.0,7850000,-1.0,-1.0,-1.0
2014/11/27,458.0,460.0,457.0,458.0,5320000,-1.0,-1.0,-1.0
2014/11/28,462.0,466.0,460.0,464.0,9495000,-1.0,-1.0,-1.0
2014/12/01,468.0,493.0,468.0,490.0,21575000,-1.0,-1.0,-1.0
2014/12/02,488.0,506.0,483.0,502.0,18335000,-1.0,-1.0,-1.0
2014/12/03,509.0,515.0,498.0,504.0,14460000,-1.0,-1.0,-1.0
2014/12/04,503.0,512.0,502.0,507.0,9820000,-1.0,-1.0,-1.0
2014/12/05,510.0,511.0,504.0,505.0,9600000,-1.0,-1.0,-1.0
2014/12/08,506.0,509.0,496.0,498.0,10060000,-1.0,-1.0,-1.0
2014/12/09,490.0,496.0,487.0,493.0,7400000,-1.0,-1.0,-1.0
2014/12/10,485.0,486.0,479.0,481.0,5025000,-1.0,-1.0,-1.0
2014/12/11,476.0,484.0,474.0,480.0,6020000,-1.0,-1.0,-1.0
2014/12/12,481.0,492.0,481.0,485.0,12790000,-1.0,-1.0,-1.0
2014/12/15,477.0,484.0,477.0,478.0,3985000,-1.0,-1.0,-1.0
2014/12/16,473.0,475.0,467.0,471.0,8865000,-1.0,-1.0,-1.0
2014/12/17,472.0,486.0,471.0,483.0,9100000,-1.0,-1.0,-1.0
2014/12/18,493.0,497.0,489.0,490.0,8335000,-1.0,-1.0,-1.0
2014/12/19,498.0,503.0,496.0,500.0,8815000,-1.0,-1.0,-1.0
2014/12/22,502.0,504.0,495.0,497.0,5930000,-1.0,-1.0,-1.0
2014/12/24,500.0,502.0,479.0,489.0,13060000,-1.0,-1.0,-1.0
2014/12/25,487.0,487.0,483.0,485.0,4205000,-1.0,-1.0,-1.0
2014/12/26,486.0,488.0,484.0,486.0,3325000,-1.0,-1.0,-1.0
2014/12/29,491.0,492.0,485.0,492.0,4220000,-1.0,-1.0,-1.0
2014/12/30,493.0,496.0,489.0,492.0,3945000,-1.0,-1.0,-1.0
2015/01/05,490.0,491.0,487.0,487.0,4050000,-1.0,-1.0,-1.0
2015/01/06,480.0,480.0,469.0,469.0,8280000,-1.0,-1.0,-1.0
2015/01/07,468.0,478.0,468.0,476.0,4715000,-1.0,-1.0,-1.0
2015/01/08,479.0,484.0,473.0,481.0,6215000,-1.0,-1.0,-1.0
2015/01/09,481.0,485.0,467.0,470.0,8235000,-1.0,-1.0,-1.0
2015/01/13,465.0,471.0,461.0,471.0,7545000,-1.0,-1.0,-1.0
2015/01/14,465.0,467.0,453.0,457.0,7250000,-1.0,-1.0,-1.0
2015/01/15,454.0,455.0,444.0,451.0,13390000,-1.0,-1.0,-1.0
2015/01/16,447.0,452.0,445.0,449.0,16270000,-1.0,-1.0,-1.0
2015/01/19,452.0,453.0,447.0,449.0,6880000,-1.0,-1.0,-1.0
2015/01/20,450.0,459.0,449.0,459.0,5860000,-1.0,-1.0,-1.0
2015/01/21,457.0,471.0,457.0,468.0,8295000,-1.0,-1.0,-1.0
2015/01/22,464.0,469.0,460.0,466.0,6110000,-1.0,-1.0,-1.0
2015/01/23,470.0,477.0,468.0,476.0,4450000,-1.0,-1.0,-1.0
2015/01/26,474.0,485.0,472.0,482.0,6530000,-1.0,-1.0,-1.0
2015/01/27,486.0,486.0,482.0,486.0,4880000,-1.0,-1.0,-1.0
2015/01/28,481.0,490.0,480.0,489.0,4370000,-1.0,-1.0,-1.0
2015/01/29,486.0,490.0,480.0,483.0,3290000,-1.0,-1.0,-1.0
2015/01/30,486.0,488.0,470.0,474.0,4675000,-1.0,-1.0,-1.0
2015/02/02,471.0,472.0,455.0,455.0,13900000,-1.0,-1.0,-1.0
2015/02/03,459.0,467.0,454.0,456.0,9550000,-1.0,-1.0,-1.0
2015/02/04,456.0,466.0,456.0,461.0,6660000,-1.0,-1.0,-1.0
2015/02/05,461.0,463.0,446.0,457.0,6065000,-1.0,-1.0,-1.0
2015/02/06,459.0,465.0,457.0,463.0,3920000,-1.0,-1.0,-1.0
2015/02/09,466.0,467.0,460.0,461.0,3795000,-1.0,-1.0,-1.0
2015/02/10,464.0,474.0,463.0,472.0,7770000,-1.0,-1.0,-1.0
2015/02/12,478.0,484.0,471.0,472.0,8295000,-1.0,-1.0,-1.0
2015/02/13,477.0,482.0,473.0,477.0,7430000,-1.0,-1.0,-1.0
2015/02/16,484.0,488.0,481.0,483.0,7475000,-1.0,-1.0,-1.0
2015/02/17,483.0,493.0,483.0,491.0,6915000,-1.0,-1.0,-1.0
2015/02/18,497.0,499.0,495.0,495.0,7050000,-1.0,-1.0,-1.0
2015/02/19,505.0,519.0,505.0,517.0,10870000,-1.0,-1.0,-1.0
2015/02/20,522.0,522.0,507.0,511.0,7030000,-1.0,-1.0,-1.0
2015/02/23,513.0,515.0,503.0,507.0,7965000,-1.0,-1.0,-1.0
2015/02/24,516.0,516.0,500.0,504.0,7980000,-1.0,-1.0,-1.0
2015/02/25,509.0,509.0,487.0,489.0,18235000,-1.0,-1.0,-1.0
2015/02/26,491.0,498.0,491.0,494.0,8770000,-1.0,-1.0,-1.0
2015/02/27,502.0,514.0,501.0,507.0,38490000,-1.0,-1.0,-1.0
2015/03/02,510.0,522.0,510.0,516.0,9090000,-1.0,-1.0,-1.0
2015/03/03,515.0,515.0,507.0,512.0,5045000,-1.0,-1.0,-1.0
2015/03/04,519.0,549.0,519.0,541.0,22830000,-1.0,-1.0,-1.0
2015/03/05,543.0,545.0,535.0,542.0,7455000,-1.0,-1.0,-1.0
2015/03/06,539.0,555.0,537.0,553.0,12810000,-1.0,-1.0,-1.0
2015/03/09,544.0,554.0,540.0,550.0,7500000,-1.0,-1.0,-1.0
2015/03/10,555.0,556.0,549.0,551.0,4745000,-1.0,-1.0,-1.0
2015/03/11,546.0,551.0,545.0,546.0,3785000,-1.0,-1.0,-1.0
2015/03/12,542.0,548.0,539.0,547.0,6335000,-1.0,-1.0,-1.0
2015/03/13,547.0,548.0,543.0,546.0,6380000,-1.0,-1.0,-1.0
2015/03/16,542.0,548.0,541.0,546.0,3910000,-1.0,-1.0,-1.0
2015/03/17,549.0,550.0,541.0,541.0,5530000,-1.0,-1.0,-1.0
2015/03/18,541.0,544.0,538.0,541.0,4980000,-1.0,-1.0,-1.0
2015/03/19,539.0,543.0,530.0,533.0,8110000,-1.0,-1.0,-1.0
2015/03/20,535.0,539.0,533.0,539.0,5410000,-1.0,-1.0,-1.0
2015/03/23,542.0,545.0,537.0,542.0,3345000,-1.0,-1.0,-1.0
2015/03/24,542.0,555.0,541.0,550.0,6510000,-1.0,-1.0,-1.0
2015/03/25,551.0,551.0,537.0,545.0,6855000,-1.0,-1.0,-1.0
2015/03/26,543.0,543.0,537.0,538.0,4855000,-1.0,-1.0,-1.0
2015/03/27,531.0,531.0,514.0,520.0,7740000,-1.0,-1.0,-1.0
2015/03/30,522.0,532.0,519.0,531.0,4710000,-1.0,-1.0,-1.0
2015/03/31,538.0,538.0,521.0,523.0,5725000,-1.0,-1.0,-1.0
2015/04/01,529.0,529.0,507.0,518.0,14285000,-1.0,-1.0,-1.0
2015/04/02,515.0,527.0,510.0,518.0,11480000,-1.0,-1.0,-1.0
2015/04/03,510.0,517.0,507.0,512.0,11665000,-1.0,-1.0,-1.0
2015/04/06,508.0,520.0,507.0,518.0,5900000,-1.0,-1.0,-1.0
2015/04/07,529.0,547.0,529.0,539.0,10265000,-1.0,-1.0,-1.0
2015/04/08,542.0,553.0,542.0,552.0,7380000,-1.0,-1.0,-1.0
2015/04/09,555.0,560.0,551.0,554.0,5750000,-1.0,-1.0,-1.0
2015/04/10,560.0,560.0,550.0,553.0,4960000,-1.0,-1.0,-1.0
2015/04/13,553.0,553.0,545.0,549.0,4515000,-1.0,-1.0,-1.0
2015/04/14,546.0,558.0,545.0,556.0,4475000,-1.0,-1.0,-1.0
2015/04/15,556.0,560.0,552.0,554.0,5020000,-1.0,-1.0,-1.0
2015/04/16,556.0,558.0,546.0,550.0,4960000,-1.0,-1.0,-1.0
2015/04/17,549.0,557.0,546.0,556.0,4450000,-1.0,-1.0,-1.0
2015/04/20,560.0,571.0,552.0,552.0,7140000,-1.0,-1.0,-1.0
2015/04/21,553.0,559.0,549.0,552.0,6650000,-1.0,-1.0,-1.0
2015/04/22,558.0,560.0,547.0,548.0,6230000,-1.0,-1.0,-1.0
2015/04/23,554.0,572.0,552.0,570.0,8545000,-1.0,-1.0,-1.0
2015/04/24,569.0,569.0,560.0,564.0,3430000,-1.0,-1.0,-1.0
2015/04/27,561.0,566.0,557.0,563.0,3170000,-1.0,-1.0,-1.0
2015/04/28,563.0,566.0,559.0,564.0,2740000,-1.0,-1.0,-1.0
2015/04/30,562.0,571.0,558.0,564.0,5720000,-1.0,-1.0,-1.0
2015/05/01,558.0,560.0,546.0,549.0,4715000,-1.0,-1.0,-1.0
2015/05/07,545.0,568.0,545.0,554.0,5755000,-1.0,-1.0,-1.0
2015/05/08,549.0,552.0,545.0,545.0,3770000,-1.0,-1.0,-1.0
2015/05/11,552.0,569.0,549.0,556.0,5835000,-1.0,-1.0,-1.0
2015/05/12,551.0,596.0,545.0,593.0,12530000,-1.0,-1.0,-1.0
2015/05/13,595.0,626.0,593.0,596.0,17825000,-1.0,-1.0,-1.0
2015/05/14,595.0,609.0,595.0,605.0,4910000,-1.0,-1.0,-1.0
2015/05/15,605.0,612.0,598.0,603.0,6600000,-1.0,-1.0,-1.0
2015/05/18,602.0,605.0,593.0,603.0,5860000,-1.0,-1.0,-1.0
2015/05/19,607.0,624.0,605.0,613.0,6205000,-1.0,-1.0,-1.0
2015/05/20,620.0,620.0,609.0,612.0,6180000,-1.0,-1.0,-1.0
2015/05/21,620.0,622.0,589.0,622.0,13320000,-1.0,-1.0,-1.0
2015/05/22,622.0,624.0,614.0,619.0,6765000,-1.0,-1.0,-1.0
2015/05/25,623.0,634.0,622.0,632.0,5200000,-1.0,-1.0,-1.0
2015/05/26,633.0,646.0,633.0,644.0,4330000,-1.0,-1.0,-1.0
2015/05/27,649.0,667.0,648.0,656.0,9930000,-1.0,-1.0,-1.0
2015/05/28,657.0,658.0,642.0,648.0,7125000,-1.0,-1.0,-1.0
2015/05/29,644.0,665.0,644.0,663.0,8375000,-1.0,-1.0,-1.0
2015/06/01,658.0,673.0,658.0,669.0,4650000,-1.0,-1.0,-1.0
2015/06/02,669.0,673.0,658.0,661.0,4965000,-1.0,-1.0,-1.0
2015/06/03,654.0,666.0,651.0,660.0,4115000,-1.0,-1.0,-1.0
2015/06/04,657.0,658.0,649.0,653.0,3490000,-1.0,-1.0,-1.0
2015/06/05,644.0,649.0,637.0,643.0,6905000,-1.0,-1.0,-1.0
2015/06/08,670.0,684.0,668.0,678.0,8545000,-1.0,-1.0,-1.0
2015/06/09,668.0,676.0,667.0,670.0,6510000,-1.0,-1.0,-1.0
2015/06/10,662.0,663.0,640.0,655.0,11615000,-1.0,-1.0,-1.0
2015/06/11,655.0,668.0,648.0,652.0,5955000,-1.0,-1.0,-1.0
2015/06/12,656.0,656.0,643.0,652.0,8950000,-1.0,-1.0,-1.0
2015/06/15,642.0,644.0,635.0,640.0,6515000,-1.0,-1.0,-1.0
2015/06/16,640.0,648.0,636.0,645.0,7290000,-1.0,-1.0,-1.0
2015/06/17,650.0,658.0,640.0,641.0,3420000,-1.0,-1.0,-1.0
2015/06/18,638.0,642.0,630.0,633.0,3220000,-1.0,-1.0,-1.0
2015/06/19,643.0,653.0,639.0,653.0,4080000,-1.0,-1.0,-1.0
2015/06/22,648.0,650.0,638.0,643.0,3960000,-1.0,-1.0,-1.0
2015/06/23,644.0,651.0,642.0,648.0,4285000,-1.0,-1.0,-1.0
2015/06/24,655.0,655.0,640.0,655.0,5835000,-1.0,-1.0,-1.0
2015/06/25,656.0,663.0,652.0,658.0,4735000,-1.0,-1.0,-1.0
2015/06/26,661.0,666.0,655.0,665.0,5100000,-1.0,-1.0,-1.0
2015/06/29,658.0,664.0,652.0,652.0,5350000,-1.0,-1.0,-1.0
2015/06/30,650.0,671.0,646.0,669.0,5985000,-1.0,-1.0,-1.0
2015/07/01,659.0,663.0,623.0,625.0,16160000,-1.0,-1.0,-1.0
2015/07/02,631.0,645.0,626.0,639.0,10365000,-1.0,-1.0,-1.0
2015/07/03,645.0,645.0,633.0,633.0,4310000,-1.0,-1.0,-1.0
2015/07/06,624.0,634.0,624.0,626.0,4235000,-1.0,-1.0,-1.0
2015/07/07,625.0,632.0,611.0,623.0,10735000,-1.0,-1.0,-1.0
2015/07/08,623.0,630.0,610.0,610.0,7025000,-1.0,-1.0,-1.0
2015/07/09,594.0,604.0,580.0,602.0,8900000,-1.0,-1.0,-1.0
2015/07/10,609.0,621.0,605.0,610.0,8140000,-1.0,-1.0,-1.0
2015/07/13,612.0,627.0,612.0,622.0,4350000,-1.0,-1.0,-1.0
2015/07/14,639.0,650.0,636.0,641.0,6845000,-1.0,-1.0,-1.0
2015/07/15,646.0,648.0,640.0,645.0,4325000,-1.0,-1.0,-1.0
2015/07/16,660.0,675.0,655.0,664.0,9305000,-1.0,-1.0,-1.0
2015/07/17,664.0,665.0,655.0,659.0,4615000,-1.0,-1.0,-1.0
2015/07/21,666.0,675.0,666.0,674.0,3180000,-1.0,-1.0,-1.0
2015/07/22,666.0,689.0,666.0,681.0,6705000,-1.0,-1.0,-1.0
2015/07/23,690.0,698.0,681.0,691.0,8520000,-1.0,-1.0,-1.0
2015/07/24,687.0,691.0,678.0,679.0,4780000,-1.0,-1.0,-1.0
2015/07/27,680.0,680.0,662.0,667.0,5770000,-1.0,-1.0,-1.0
2015/07/28,662.0,672.0,656.0,666.0,3565000,-1.0,-1.0,-1.0
2015/07/29,672.0,676.0,662.0,671.0,3145000,-1.0,-1.0,-1.0
2015/07/30,663.0,677.0,663.0,672.0,2900000,-1.0,-1.0,-1.0
2015/07/31,672.0,704.0,663.0,704.0,9265000,-1.0,-1.0,-1.0
2015/08/03,703.0,704.0,682.0,703.0,7550000,-1.0,-1.0,-1.0
2015/08/04,695.0,700.0,686.0,696.0,4020000,-1.0,-1.0,-1.0
2015/08/05,698.0,714.0,690.0,696.0,8350000,-1.0,-1.0,-1.0
2015/08/06,700.0,703.0,689.0,690.0,4300000,-1.0,-1.0,-1.0
2015/08/07,687.0,698.0,681.0,695.0,3845000,-1.0,-1.0,-1.0
2015/08/10,692.0,697.0,685.0,695.0,6455000,-1.0,-1.0,-1.0
2015/08/11,699.0,700.0,691.0,695.0,2865000,-1.0,-1.0,-1.0
2015/08/12,687.0,697.0,682.0,693.0,5615000,-1.0,-1.0,-1.0
2015/08/13,684.0,694.0,678.0,692.0,4105000,-1.0,-1.0,-1.0
2015/08/14,687.0,689.0,671.0,674.0,7085000,-1.0,-1.0,-1.0
2015/08/17,664.0,681.0,645.0,671.0,9985000,-1.0,-1.0,-1.0
2015/08/18,671.0,674.0,658.0,671.0,5435000,-1.0,-1.0,-1.0
2015/08/19,663.0,667.0,646.0,657.0,6900000,-1.0,-1.0,-1.0
2015/08/20,648.0,656.0,644.0,645.0,4980000,-1.0,-1.0,-1.0
2015/08/21,635.0,640.0,622.0,627.0,8195000,-1.0,-1.0,-1.0
2015/08/24,607.0,614.0,586.0,586.0,8700000,-1.0,-1.0,-1.0
2015/08/25,566.0,585.0,555.0,556.0,9670000,-1.0,-1.0,-1.0
2015/08/26,559.0,581.0,555.0,576.0,12805000,-1.0,-1.0,-1.0
2015/08/27,587.0,592.0,579.0,588.0,7485000,-1.0,-1.0,-1.0
2015/08/28,604.0,613.0,601.0,605.0,6285000,-1.0,-1.0,-1.0
2015/08/31,604.0,613.0,594.0,610.0,6390000,-1.0,-1.0,-1.0
2015/09/01,602.0,606.0,574.0,575.0,6990000,-1.0,-1.0,-1.0
2015/09/02,564.0,585.0,564.0,569.0,6630000,-1.0,-1.0,-1.0
2015/09/03,574.0,590.0,572.0,574.0,4460000,-1.0,-1.0,-1.0
2015/09/04,583.0,591.0,567.0,576.0,6250000,-1.0,-1.0,-1.0
2015/09/07,573.0,582.0,565.0,577.0,4870000,-1.0,-1.0,-1.0
2015/09/08,581.0,592.0,574.0,575.0,6455000,-1.0,-1.0,-1.0
2015/09/09,599.0,610.0,590.0,610.0,9150000,-1.0,-1.0,-1.0
2015/09/10,580.0,596.0,580.0,587.0,9215000,-1.0,-1.0,-1.0
2015/09/11,593.0,602.0,591.0,597.0,9795000,-1.0,-1.0,-1.0
2015/09/14,592.0,596.0,585.0,586.0,7265000,-1.0,-1.0,-1.0
2015/09/15,586.0,599.0,584.0,591.0,3825000,-1.0,-1.0,-1.0
2015/09/16,597.0,600.0,590.0,596.0,3985000,-1.0,-1.0,-1.0
2015/09/17,601.0,606.0,591.0,596.0,5380000,-1.0,-1.0,-1.0
2015/09/18,586.0,589.0,571.0,573.0,8945000,-1.0,-1.0,-1.0
2015/09/24,562.0,570.0,559.0,559.0,5725000,-1.0,-1.0,-1.0
2015/09/25,551.0,552.0,535.0,551.0,10355000,-1.0,-1.0,-1.0
2015/09/28,561.0,572.0,559.0,563.0,5910000,-1.0,-1.0,-1.0
2015/09/29,556.0,559.0,544.0,544.0,7710000,-1.0,-1.0,-1.0
2015/09/30,561.0,584.0,561.0,577.0,8750000,-1.0,-1.0,-1.0
2015/10/01,587.0,601.0,580.0,594.0,9085000,-1.0,-1.0,-1.0
2015/10/02,594.0,602.0,590.0,591.0,4505000,-1.0,-1.0,-1.0
2015/10/05,595.0,605.0,589.0,592.0,5490000,-1.0,-1.0,-1.0
2015/10/06,599.0,606.0,593.0,599.0,5150000,-1.0,-1.0,-1.0
2015/10/07,597.0,599.0,591.0,598.0,5690000,-1.0,-1.0,-1.0
2015/10/08,596.0,620.0,593.0,614.0,7470000,-1.0,-1.0,-1.0
2015/10/09,619.0,630.0,616.0,628.0,4165000,-1.0,-1.0,-1.0
2015/10/13,620.0,622.0,616.0,617.0,4040000,-1.0,-1.0,-1.0
2015/10/14,614.0,619.0,610.0,612.0,3790000,-1.0,-1.0,-1.0
2015/10/15,612.0,634.0,610.0,633.0,5875000,-1.0,-1.0,-1.0
2015/10/16,636.0,642.0,627.0,631.0,7015000,-1.0,-1.0,-1.0
2015/10/19,630.0,640.0,621.0,631.0,4110000,-1.0,-1.0,-1.0
2015/10/20,630.0,630.0,621.0,628.0,4025000,-1.0,-1.0,-1.0
2015/10/21,628.0,644.0,624.0,642.0,2735000,-1.0,-1.0,-1.0
2015/10/22,639.0,647.0,638.0,645.0,3485000,-1.0,-1.0,-1.0
2015/10/23,650.0,671.0,650.0,656.0,5755000,-1.0,-1.0,-1.0
2015/10/26,659.0,661.0,651.0,658.0,4160000,-1.0,-1.0,-1.0
2015/10/27,654.0,657.0,638.0,641.0,5380000,-1.0,-1.0,-1.0
2015/10/28,640.0,642.0,634.0,637.0,4440000,-1.0,-1.0,-1.0
2015/10/29,670.0,673.0,632.0,659.0,19065000,-1.0,-1.0,-1.0
2015/10/30,670.0,692.0,665.0,685.0,10310000,-1.0,-1.0,-1.0
2015/11/02,669.0,672.0,647.0,649.0,8450000,-1.0,-1.0,-1.0
2015/11/04,657.0,664.0,649.0,650.0,6900000,-1.0,-1.0,-1.0
2015/11/05,647.0,648.0,639.0,644.0,8690000,-1.0,-1.0,-1.0
2015/11/06,651.0,654.0,644.0,647.0,3750000,-1.0,-1.0,-1.0
2015/11/09,650.0,660.0,647.0,656.0,4895000,-1.0,-1.0,-1.0
2015/11/10,650.0,659.0,648.0,652.0,4525000,-1.0,-1.0,-1.0
2015/11/11,652.0,656.0,648.0,653.0,4630000,-1.0,-1.0,-1.0
2015/11/12,650.0,662.0,647.0,657.0,8235000,-1.0,-1.0,-1.0
2015/11/13,653.0,655.0,644.0,650.0,4710000,-1.0,-1.0,-1.0
2015/11/16,600.0,620.0,598.0,604.0,15795000,-1.0,-1.0,-1.0
2015/11/17,610.0,618.0,607.0,616.0,7180000,-1.0,-1.0,-1.0
2015/11/18,617.0,617.0,609.0,614.0,7800000,-1.0,-1.0,-1.0
2015/11/19,624.0,628.0,619.0,622.0,5735000,-1.0,-1.0,-1.0
2015/11/20,622.0,624.0,619.0,624.0,5875000,-1.0,-1.0,-1.0
2015/11/24,634.0,638.0,619.0,622.0,7490000,-1.0,-1.0,-1.0
2015/11/25,623.0,629.0,623.0,624.0,4640000,-1.0,-1.0,-1.0
2015/11/26,625.0,627.0,620.0,621.0,3810000,-1.0,-1.0,-1.0
2015/11/27,625.0,627.0,617.0,619.0,3510000,-1.0,-1.0,-1.0
2015/11/30,619.0,621.0,610.0,614.0,4390000,-1.0,-1.0,-1.0
2015/12/01,613.0,624.0,613.0,618.0,3505000,-1.0,-1.0,-1.0
2015/12/02,616.0,627.0,612.0,624.0,6775000,-1.0,-1.0,-1.0
2015/12/03,631.0,634.0,626.0,632.0,6205000,-1.0,-1.0,-1.0
2015/12/04,620.0,623.0,612.0,619.0,7775000,-1.0,-1.0,-1.0
2015/12/07,625.0,625.0,616.0,618.0,5240000,-1.0,-1.0,-1.0
2015/12/08,624.0,624.0,611.0,614.0,4975000,-1.0,-1.0,-1.0
2015/12/09,607.0,614.0,603.0,605.0,8710000,-1.0,-1.0,-1.0
2015/12/10,593.0,600.0,591.0,596.0,6105000,-1.0,-1.0,-1.0
2015/12/11,586.0,599.0,586.0,593.0,6185000,-1.0,-1.0,-1.0
2015/12/14,577.0,589.0,576.0,587.0,6105000,-1.0,-1.0,-1.0
2015/12/15,587.0,587.0,570.0,576.0,7810000,-1.0,-1.0,-1.0
2015/12/16,581.0,583.0,574.0,579.0,5060000,-1.0,-1.0,-1.0
2015/12/17,594.0,603.0,586.0,597.0,6240000,-1.0,-1.0,-1.0
2015/12/18,594.0,607.0,588.0,588.0,8635000,-1.0,-1.0,-1.0
2015/12/21,588.0,593.0,575.0,584.0,3865000,-1.0,-1.0,-1.0
2015/12/22,586.0,590.0,583.0,587.0,4560000,-1.0,-1.0,-1.0
2015/12/24,597.0,609.0,597.0,600.0,8470000,-1.0,-1.0,-1.0
2015/12/25,605.0,608.0,600.0,603.0,3895000,-1.0,-1.0,-1.0
2015/12/28,610.0,617.0,609.0,615.0,3805000,-1.0,-1.0,-1.0
2015/12/29,615.0,623.0,610.0,621.0,3455000,-1.0,-1.0,-1.0
2015/12/30,621.0,624.0,616.0,621.0,2105000,-1.0,-1.0,-1.0
2016/01/04,611.0,617.0,601.0,604.0,4465000,-1.0,-1.0,-1.0
2016/01/05,598.0,607.0,596.0,603.0,5025000,-1.0,-1.0,-1.0
2016/01/06,613.0,624.0,609.0,613.0,7200000,-1.0,-1.0,-1.0
2016/01/07,617.0,618.0,601.0,604.0,5775000,-1.0,-1.0,-1.0
2016/01/08,596.0,599.0,585.0,585.0,6410000,-1.0,-1.0,-1.0
2016/01/12,580.0,582.0,559.0,564.0,6570000,-1.0,-1.0,-1.0
2016/01/13,577.0,589.0,575.0,586.0,4410000,-1.0,-1.0,-1.0
2016/01/14,566.0,569.0,556.0,565.0,4750000,-1.0,-1.0,-1.0
2016/01/15,574.0,577.0,554.0,561.0,5325000,-1.0,-1.0,-1.0
2016/01/18,550.0,559.0,547.0,555.0,4195000,-1.0,-1.0,-1.0
2016/01/19,555.0,561.0,552.0,557.0,2980000,-1.0,-1.0,-1.0
2016/01/20,554.0,556.0,532.0,532.0,4245000,-1.0,-1.0,-1.0
2016/01/21,532.0,544.0,517.0,517.0,6385000,-1.0,-1.0,-1.0
2016/01/22,537.0,549.0,526.0,549.0,4765000,-1.0,-1.0,-1.0
2016/01/25,557.0,559.0,547.0,554.0,4440000,-1.0,-1.0,-1.0
2016/01/26,538.0,543.0,529.0,532.0,6170000,-1.0,-1.0,-1.0
2016/01/27,540.0,558.0,539.0,555.0,7985000,-1.0,-1.0,-1.0
2016/01/28,549.0,594.0,549.0,580.0,12570000,-1.0,-1.0,-1.0
2016/01/29,570.0,591.0,549.0,586.0,11100000,-1.0,-1.0,-1.0
2016/02/01,586.0,600.0,581.0,591.0,6975000,-1.0,-1.0,-1.0
2016/02/02,590.0,596.0,586.0,589.0,5695000,-1.0,-1.0,-1.0
2016/02/03,571.0,573.0,557.0,562.0,5710000,-1.0,-1.0,-1.0
2016/02/04,542.0,546.0,520.0,525.0,13620000,-1.0,-1.0,-1.0
2016/02/05,526.0,545.0,520.0,536.0,14955000,-1.0,-1.0,-1.0
2016/02/08,533.0,546.0,522.0,541.0,5175000,-1.0,-1.0,-1.0
2016/02/09,522.0,522.0,500.0,507.0,6905000,-1.0,-1.0,-1.0
2016/02/10,504.0,506.0,481.0,488.0,5780000,-1.0,-1.0,-1.0
2016/02/12,486.0,516.0,470.0,475.0,12660000,-1.0,-1.0,-1.0
2016/02/15,487.0,519.0,484.0,514.0,10390000,-1.0,-1.0,-1.0
2016/02/16,507.0,525.0,499.0,513.0,6760000,-1.0,-1.0,-1.0
2016/02/17,510.0,527.0,510.0,525.0,9710000,-1.0,-1.0,-1.0
2016/02/18,537.0,539.0,526.0,528.0,3650000,-1.0,-1.0,-1.0
2016/02/19,518.0,530.0,517.0,528.0,4980000,-1.0,-1.0,-1.0
2016/02/22,520.0,535.0,520.0,528.0,4245000,-1.0,-1.0,-1.0
2016/02/23,532.0,533.0,519.0,520.0,2600000,-1.0,-1.0,-1.0
2016/02/24,510.0,527.0,505.0,521.0,4505000,-1.0,-1.0,-1.0
2016/02/25,523.0,535.0,522.0,533.0,6140000,-1.0,-1.0,-1.0
2016/02/26,539.0,546.0,537.0,543.0,6370000,-1.0,-1.0,-1.0
2016/02/29,552.0,552.0,531.0,531.0,6220000,-1.0,-1.0,-1.0
2016/03/01,528.0,532.0,517.0,528.0,5220000,-1.0,-1.0,-1.0
2016/03/02,536.0,541.0,531.0,539.0,4925000,-1.0,-1.0,-1.0
2016/03/03,532.0,535.0,526.0,531.0,7250000,-1.0,-1.0,-1.0
2016/03/04,533.0,538.0,529.0,536.0,6885000,-1.0,-1.0,-1.0
2016/03/07,533.0,533.0,522.0,525.0,4690000,-1.0,-1.0,-1.0
2016/03/08,522.0,524.0,507.0,517.0,5270000,-1.0,-1.0,-1.0
2016/03/09,513.0,514.0,502.0,512.0,5460000,-1.0,-1.0,-1.0
2016/03/10,519.0,526.0,514.0,522.0,5160000,-1.0,-1.0,-1.0
2016/03/11,517.0,529.0,516.0,526.0,6895000,-1.0,-1.0,-1.0
2016/03/14,530.0,539.0,525.0,530.0,4855000,-1.0,-1.0,-1.0
2016/03/15,531.0,532.0,523.0,529.0,4350000,-1.0,-1.0,-1.0
2016/03/16,525.0,529.0,524.0,524.0,2680000,-1.0,-1.0,-1.0
2016/03/17,530.0,543.0,523.0,527.0,5920000,-1.0,-1.0,-1.0
2016/03/18,525.0,529.0,516.0,517.0,5895000,-1.0,-1.0,-1.0
2016/03/22,512.0,515.0,494.0,506.0,13710000,-1.0,-1.0,-1.0
2016/03/23,511.0,515.0,506.0,509.0,6175000,-1.0,-1.0,-1.0
2016/03/24,509.0,512.0,503.0,508.0,4360000,-1.0,-1.0,-1.0
2016/03/25,512.0,522.0,509.0,519.0,5890000,-1.0,-1.0,-1.0
2016/03/28,526.0,534.0,520.0,528.0,5405000,-1.0,-1.0,-1.0
2016/03/29,523.0,532.0,523.0,525.0,3960000,-1.0,-1.0,-1.0
2016/03/30,525.0,529.0,517.0,518.0,3580000,-1.0,-1.0,-1.0
2016/03/31,523.0,527.0,514.0,514.0,4870000,-1.0,-1.0,-1.0
2016/04/01,514.0,514.0,497.0,498.0,5710000,-1.0,-1.0,-1.0
2016/04/04,499.0,508.0,496.0,501.0,4080000,-1.0,-1.0,-1.0
2016/04/05,497.0,499.0,480.0,482.0,4155000,-1.0,-1.0,-1.0
2016/04/06,482.0,482.0,462.0,467.0,8140000,-1.0,-1.0,-1.0
2016/04/07,469.0,470.0,460.0,470.0,8125000,-1.0,-1.0,-1.0
2016/04/08,462.0,477.0,447.0,472.0,9860000,-1.0,-1.0,-1.0
2016/04/11,471.0,481.0,467.0,478.0,4625000,-1.0,-1.0,-1.0
2016/04/12,478.0,483.0,477.0,480.0,5060000,-1.0,-1.0,-1.0
2016/04/13,482.0,491.0,477.0,488.0,9535000,-1.0,-1.0,-1.0
2016/04/14,496.0,500.0,490.0,497.0,8095000,-1.0,-1.0,-1.0
2016/04/15,489.0,492.0,478.0,486.0,11800000,-1.0,-1.0,-1.0
2016/04/18,478.0,497.0,475.0,493.0,10095000,-1.0,-1.0,-1.0
2016/04/19,503.0,513.0,499.0,506.0,9240000,-1.0,-1.0,-1.0
2016/04/20,511.0,519.0,508.0,515.0,6905000,-1.0,-1.0,-1.0
2016/04/21,522.0,524.0,515.0,519.0,3045000,-1.0,-1.0,-1.0
2016/04/22,516.0,528.0,514.0,526.0,5270000,-1.0,-1.0,-1.0
2016/04/25,531.0,531.0,519.0,523.0,3890000,-1.0,-1.0,-1.0
2016/04/26,526.0,527.0,513.0,518.0,3780000,-1.0,-1.0,-1.0
2016/04/27,523.0,529.0,518.0,524.0,3775000,-1.0,-1.0,-1.0
2016/04/28,530.0,542.0,515.0,517.0,9900000,-1.0,-1.0,-1.0
2016/05/02,499.0,501.0,490.0,499.0,4875000,-1.0,-1.0,-1.0
2016/05/06,501.0,505.0,495.0,499.0,6240000,-1.0,-1.0,-1.0
2016/05/09,499.0,501.0,493.0,494.0,4865000,-1.0,-1.0,-1.0
2016/05/10,486.0,546.0,486.0,541.0,13440000,-1.0,-1.0,-1.0
2016/05/11,546.0,558.0,545.0,554.0,12110000,-1.0,-1.0,-1.0
2016/05/12,548.0,549.0,541.0,546.0,5355000,-1.0,-1.0,-1.0
2016/05/13,542.0,544.0,531.0,533.0,4355000,-1.0,-1.0,-1.0
2016/05/16,534.0,540.0,527.0,528.0,4565000,-1.0,-1.0,-1.0
2016/05/17,534.0,538.0,523.0,526.0,5935000,-1.0,-1.0,-1.0
2016/05/18,523.0,537.0,519.0,535.0,7110000,-1.0,-1.0,-1.0
2016/05/19,542.0,549.0,541.0,547.0,7065000,-1.0,-1.0,-1.0
2016/05/20,540.0,548.0,537.0,544.0,4170000,-1.0,-1.0,-1.0
2016/05/23,543.0,549.0,534.0,546.0,7920000,-1.0,-1.0,-1.0
2016/05/24,541.0,541.0,529.0,534.0,7500000,-1.0,-1.0,-1.0
2016/05/25,564.0,597.0,562.0,586.0,20400000,-1.0,-1.0,-1.0
2016/05/26,590.0,602.0,585.0,596.0,11440000,-1.0,-1.0,-1.0
2016/05/27,599.0,600.0,594.0,596.0,5670000,-1.0,-1.0,-1.0
2016/05/30,594.0,597.0,587.0,596.0,5925000,-1.0,-1.0,-1.0
2016/05/31,590.0,594.0,584.0,594.0,9650000,-1.0,-1.0,-1.0
2016/06/01,585.0,597.0,582.0,589.0,6170000,-1.0,-1.0,-1.0
2016/06/02,589.0,592.0,577.0,580.0,7880000,-1.0,-1.0,-1.0
2016/06/03,576.0,585.0,576.0,582.0,5740000,-1.0,-1.0,-1.0
2016/06/06,575.0,590.0,573.0,588.0,6745000,-1.0,-1.0,-1.0
2016/06/07,587.0,592.0,585.0,590.0,3950000,-1.0,-1.0,-1.0
2016/06/08,590.0,598.0,585.0,597.0,6105000,-1.0,-1.0,-1.0
2016/06/09,598.0,608.0,596.0,603.0,7530000,-1.0,-1.0,-1.0
2016/06/10,601.0,602.0,591.0,595.0,5650000,-1.0,-1.0,-1.0
2016/06/13,582.0,583.0,576.0,576.0,4690000,-1.0,-1.0,-1.0
2016/06/14,575.0,580.0,566.0,573.0,6325000,-1.0,-1.0,-1.0
2016/06/15,565.0,570.0,562.0,564.0,6785000,-1.0,-1.0,-1.0
2016/06/16,558.0,563.0,542.0,550.0,8485000,-1.0,-1.0,-1.0
2016/06/17,561.0,563.0,539.0,542.0,11465000,-1.0,-1.0,-1.0
2016/06/20,552.0,557.0,547.0,554.0,5840000,-1.0,-1.0,-1.0
2016/06/21,544.0,556.0,540.0,554.0,4635000,-1.0,-1.0,-1.0
2016/06/22,557.0,558.0,546.0,551.0,4980000,-1.0,-1.0,-1.0
2016/06/23,555.0,562.0,553.0,559.0,5590000,-1.0,-1.0,-1.0
2016/06/24,560.0,563.0,511.0,518.0,7295000,-1.0,-1.0,-1.0
2016/06/27,528.0,537.0,523.0,535.0,6080000,-1.0,-1.0,-1.0
2016/06/28,526.0,550.0,523.0,542.0,6130000,-1.0,-1.0,-1.0
2016/06/29,543.0,556.0,540.0,551.0,5725000,-1.0,-1.0,-1.0
2016/06/30,559.0,560.0,546.0,547.0,6105000,-1.0,-1.0,-1.0
2016/07/01,550.0,553.0,544.0,550.0,3975000,-1.0,-1.0,-1.0
2016/07/04,543.0,549.0,539.0,548.0,5035000,-1.0,-1.0,-1.0
2016/07/05,549.0,558.0,545.0,552.0,2805000,-1.0,-1.0,-1.0
2016/07/06,536.0,543.0,531.0,542.0,3635000,-1.0,-1.0,-1.0
2016/07/07,539.0,545.0,536.0,544.0,3495000,-1.0,-1.0,-1.0
2016/07/08,543.0,547.0,527.0,527.0,6040000,-1.0,-1.0,-1.0
2016/07/11,532.0,553.0,532.0,548.0,3370000,-1.0,-1.0,-1.0
2016/07/12,566.0,578.0,561.0,562.0,6995000,-1.0,-1.0,-1.0
2016/07/13,571.0,573.0,538.0,563.0,6285000,-1.0,-1.0,-1.0
2016/07/14,573.0,586.0,569.0,583.0,6185000,-1.0,-1.0,-1.0
2016/07/15,587.0,588.0,573.0,574.0,4495000,-1.0,-1.0,-1.0
2016/07/19,583.0,588.0,579.0,587.0,3885000,-1.0,-1.0,-1.0
2016/07/20,580.0,583.0,573.0,582.0,5525000,-1.0,-1.0,-1.0
2016/07/21,596.0,599.0,584.0,590.0,5895000,-1.0,-1.0,-1.0
2016/07/22,581.0,586.0,578.0,581.0,3115000,-1.0,-1.0,-1.0
2016/07/25,600.0,607.0,590.0,597.0,8890000,-1.0,-1.0,-1.0
2016/07/26,589.0,594.0,579.0,584.0,4060000,-1.0,-1.0,-1.0
2016/07/27,585.0,590.0,581.0,583.0,4125000,-1.0,-1.0,-1.0
2016/07/28,575.0,578.0,569.0,574.0,3965000,-1.0,-1.0,-1.0
2016/07/29,574.0,597.0,563.0,587.0,9700000,-1.0,-1.0,-1.0
2016/08/01,581.0,600.0,576.0,585.0,9285000,-1.0,-1.0,-1.0
2016/08/02,575.0,582.0,572.0,573.0,5000000,-1.0,-1.0,-1.0
2016/08/03,563.0,563.0,550.0,554.0,6570000,-1.0,-1.0,-1.0
2016/08/04,557.0,572.0,557.0,570.0,5700000,-1.0,-1.0,-1.0
2016/08/05,565.0,568.0,559.0,566.0,5875000,-1.0,-1.0,-1.0
2016/08/08,574.0,578.0,562.0,572.0,4980000,-1.0,-1.0,-1.0
2016/08/09,574.0,588.0,574.0,588.0,4085000,-1.0,-1.0,-1.0
2016/08/10,575.0,579.0,573.0,574.0,3290000,-1.0,-1.0,-1.0
2016/08/12,580.0,580.0,574.0,577.0,2505000,-1.0,-1.0,-1.0
2016/08/15,573.0,573.0,565.0,568.0,2385000,-1.0,-1.0,-1.0
2016/08/16,566.0,568.0,553.0,553.0,5265000,-1.0,-1.0,-1.0
2016/08/17,553.0,562.0,553.0,560.0,3500000,-1.0,-1.0,-1.0
2016/08/18,556.0,559.0,551.0,552.0,4865000,-1.0,-1.0,-1.0
2016/08/19,553.0,563.0,552.0,561.0,4150000,-1.0,-1.0,-1.0
2016/08/22,561.0,566.0,561.0,564.0,4215000,-1.0,-1.0,-1.0
2016/08/23,564.0,576.0,564.0,573.0,5550000,-1.0,-1.0,-1.0
2016/08/24,577.0,588.0,577.0,583.0,4515000,-1.0,-1.0,-1.0
2016/08/25,581.0,587.0,574.0,578.0,4280000,-1.0,-1.0,-1.0
2016/08/26,577.0,586.0,576.0,579.0,5305000,-1.0,-1.0,-1.0
2016/08/29,589.0,592.0,584.0,588.0,3615000,-1.0,-1.0,-1.0
2016/08/30,580.0,581.0,575.0,576.0,3215000,-1.0,-1.0,-1.0
2016/08/31,577.0,590.0,577.0,589.0,2880000,-1.0,-1.0,-1.0
2016/09/01,585.0,587.0,580.0,586.0,2765000,-1.0,-1.0,-1.0
2016/09/02,586.0,592.0,583.0,585.0,2845000,-1.0,-1.0,-1.0
2016/09/05,594.0,597.0,588.0,589.0,3225000,-1.0,-1.0,-1.0
2016/09/06,591.0,598.0,590.0,596.0,2905000,-1.0,-1.0,-1.0
2016/09/07,590.0,595.0,587.0,594.0,3410000,-1.0,-1.0,-1.0
2016/09/08,594.0,598.0,589.0,597.0,2890000,-1.0,-1.0,-1.0
2016/09/09,600.0,604.0,599.0,600.0,4840000,-1.0,-1.0,-1.0
2016/09/12,590.0,601.0,586.0,597.0,3140000,-1.0,-1.0,-1.0
2016/09/13,597.0,600.0,590.0,590.0,1700000,-1.0,-1.0,-1.0
2016/09/14,580.0,584.0,573.0,577.0,4105000,-1.0,-1.0,-1.0
2016/09/15,576.0,578.0,573.0,576.0,1995000,-1.0,-1.0,-1.0
2016/09/16,578.0,578.0,572.0,576.0,1835000,-1.0,-1.0,-1.0
2016/09/20,566.0,582.0,566.0,573.0,4110000,-1.0,-1.0,-1.0
2016/09/21,572.0,601.0,570.0,599.0,5290000,-1.0,-1.0,-1.0
2016/09/23,601.0,603.0,595.0,600.0,3530000,-1.0,-1.0,-1.0
2016/09/26,595.0,598.0,587.0,589.0,2170000,-1.0,-1.0,-1.0
2016/09/27,584.0,593.0,565.0,593.0,4565000,-1.0,-1.0,-1.0
2016/09/28,592.0,596.0,581.0,584.0,3435000,-1.0,-1.0,-1.0
2016/09/29,594.0,594.0,582.0,585.0,3095000,-1.0,-1.0,-1.0
2016/09/30,571.0,579.0,568.0,577.0,3865000,-1.0,-1.0,-1.0
2016/10/03,581.0,586.0,578.0,579.0,2265000,-1.0,-1.0,-1.0
2016/10/04,579.0,583.0,576.0,582.0,3280000,-1.0,-1.0,-1.0
2016/10/05,586.0,593.0,582.0,585.0,3775000,-1.0,-1.0,-1.0
2016/10/06,587.0,594.0,584.0,590.0,3655000,-1.0,-1.0,-1.0
2016/10/07,591.0,596.0,586.0,590.0,2185000,-1.0,-1.0,-1.0
2016/10/11,592.0,600.0,590.0,593.0,3650000,-1.0,-1.0,-1.0
2016/10/12,586.0,595.0,586.0,589.0,2960000,-1.0,-1.0,-1.0
2016/10/13,588.0,588.0,580.0,581.0,2900000,-1.0,-1.0,-1.0
2016/10/14,582.0,588.0,580.0,586.0,3815000,-1.0,-1.0,-1.0
2016/10/17,585.0,597.0,585.0,597.0,4215000,-1.0,-1.0,-1.0
2016/10/18,595.0,608.0,593.0,606.0,5180000,-1.0,-1.0,-1.0
2016/10/19,604.0,606.0,599.0,604.0,4715000,-1.0,-1.0,-1.0
2016/10/20,601.0,605.0,597.0,602.0,3715000,-1.0,-1.0,-1.0
2016/10/21,598.0,600.0,584.0,587.0,5285000,-1.0,-1.0,-1.0
2016/10/24,607.0,617.0,598.0,604.0,11215000,-1.0,-1.0,-1.0
2016/10/25,605.0,610.0,592.0,597.0,9015000,-1.0,-1.0,-1.0
2016/10/26,599.0,600.0,594.0,600.0,4830000,-1.0,-1.0,-1.0
2016/10/27,605.0,610.0,574.0,602.0,14390000,-1.0,-1.0,-1.0
2016/10/28,622.0,635.0,606.0,618.0,22640000,-1.0,-1.0,-1.0
2016/10/31,615.0,621.0,612.0,619.0,7010000,-1.0,-1.0,-1.0
2016/11/01,610.0,615.0,604.0,615.0,6200000,-1.0,-1.0,-1.0
2016/11/02,606.0,613.0,604.0,608.0,5780000,-1.0,-1.0,-1.0
2016/11/04,600.0,613.0,599.0,611.0,7390000,-1.0,-1.0,-1.0
2016/11/07,620.0,623.0,614.0,619.0,6770000,-1.0,-1.0,-1.0
2016/11/08,613.0,613.0,607.0,610.0,5060000,-1.0,-1.0,-1.0
2016/11/09,615.0,618.0,582.0,590.0,8010000,-1.0,-1.0,-1.0
2016/11/10,615.0,621.0,608.0,611.0,6285000,-1.0,-1.0,-1.0
2016/11/11,620.0,626.0,605.0,607.0,5625000,-1.0,-1.0,-1.0
2016/11/14,616.0,640.0,616.0,639.0,9090000,-1.0,-1.0,-1.0
2016/11/15,639.0,641.0,629.0,630.0,7995000,-1.0,-1.0,-1.0
2016/11/16,639.0,641.0,635.0,640.0,3955000,-1.0,-1.0,-1.0
2016/11/17,634.0,644.0,633.0,640.0,3990000,-1.0,-1.0,-1.0
2016/11/18,644.0,649.0,643.0,649.0,4640000,-1.0,-1.0,-1.0
2016/11/21,650.0,653.0,646.0,649.0,4545000,-1.0,-1.0,-1.0
2016/11/22,643.0,652.0,641.0,652.0,5525000,-1.0,-1.0,-1.0
2016/11/24,655.0,658.0,647.0,651.0,6025000,-1.0,-1.0,-1.0
2016/11/25,644.0,650.0,641.0,650.0,4960000,-1.0,-1.0,-1.0
2016/11/28,643.0,658.0,637.0,657.0,8300000,-1.0,-1.0,-1.0
2016/11/29,653.0,666.0,651.0,665.0,6470000,-1.0,-1.0,-1.0
2016/11/30,658.0,670.0,658.0,665.0,10255000,-1.0,-1.0,-1.0
2016/12/01,669.0,669.0,652.0,656.0,9890000,-1.0,-1.0,-1.0
2016/12/02,654.0,665.0,653.0,659.0,4510000,-1.0,-1.0,-1.0
2016/12/05,655.0,659.0,649.0,657.0,6385000,-1.0,-1.0,-1.0
2016/12/06,670.0,677.0,668.0,672.0,10650000,-1.0,-1.0,-1.0
2016/12/07,670.0,686.0,664.0,683.0,8700000,-1.0,-1.0,-1.0
2016/12/08,693.0,696.0,682.0,693.0,5155000,-1.0,-1.0,-1.0
2016/12/09,695.0,704.0,690.0,700.0,8370000,-1.0,-1.0,-1.0
2016/12/12,710.0,712.0,700.0,706.0,6660000,-1.0,-1.0,-1.0
2016/12/13,709.0,719.0,706.0,715.0,8685000,-1.0,-1.0,-1.0
2016/12/14,720.0,720.0,707.0,712.0,5100000,-1.0,-1.0,-1.0
2016/12/15,703.0,716.0,703.0,714.0,5275000,-1.0,-1.0,-1.0
2016/12/16,715.0,721.0,712.0,720.0,6730000,-1.0,-1.0,-1.0
2016/12/19,716.0,722.0,712.0,718.0,5090000,-1.0,-1.0,-1.0
2016/12/20,715.0,726.0,712.0,726.0,5270000,-1.0,-1.0,-1.0
2016/12/21,728.0,729.0,717.0,719.0,2945000,-1.0,-1.0,-1.0
2016/12/22,719.0,725.0,716.0,724.0,2755000,-1.0,-1.0,-1.0
2016/12/26,720.0,721.0,710.0,715.0,5140000,-1.0,-1.0,-1.0
2016/12/27,715.0,719.0,713.0,715.0,2805000,-1.0,-1.0,-1.0
2016/12/28,717.0,725.0,715.0,725.0,2470000,-1.0,-1.0,-1.0
2016/12/29,720.0,720.0,707.0,713.0,2970000,-1.0,-1.0,-1.0
2016/12/30,709.0,713.0,702.0,707.0,4375000,-1.0,-1.0,-1.0
2017/01/04,711.0,734.0,710.0,733.0,5690000,-1.0,-1.0,-1.0
2017/01/05,732.0,736.0,726.0,735.0,5725000,-1.0,-1.0,-1.0
2017/01/06,725.0,732.0,724.0,730.0,4210000,-1.0,-1.0,-1.0
2017/01/10,726.0,726.0,716.0,721.0,6145000,-1.0,-1.0,-1.0
2017/01/11,726.0,726.0,715.0,720.0,5100000,-1.0,-1.0,-1.0
2017/01/12,713.0,714.0,696.0,707.0,6945000,-1.0,-1.0,-1.0
2017/01/13,702.0,715.0,702.0,707.0,6625000,-1.0,-1.0,-1.0
2017/01/16,712.0,713.0,700.0,701.0,3455000,-1.0,-1.0,-1.0
2017/01/17,699.0,702.0,693.0,695.0,6160000,-1.0,-1.0,-1.0
2017/01/18,686.0,695.0,681.0,692.0,6525000,-1.0,-1.0,-1.0
2017/01/19,700.0,706.0,700.0,703.0,2915000,-1.0,-1.0,-1.0
2017/01/20,703.0,708.0,701.0,705.0,2755000,-1.0,-1.0,-1.0
2017/01/23,697.0,699.0,692.0,694.0,3030000,-1.0,-1.0,-1.0
2017/01/24,693.0,700.0,692.0,696.0,3310000,-1.0,-1.0,-1.0
2017/01/25,709.0,709.0,697.0,700.0,2535000,-1.0,-1.0,-1.0
2017/01/26,705.0,705.0,697.0,701.0,2770000,-1.0,-1.0,-1.0
2017/01/27,704.0,708.0,700.0,704.0,4785000,-1.0,-1.0,-1.0
2017/01/30,700.0,704.0,687.0,698.0,8165000,-1.0,-1.0,-1.0
2017/01/31,723.0,754.0,709.0,714.0,18360000,-1.0,-1.0,-1.0
2017/02/01,710.0,729.0,710.0,726.0,7465000,-1.0,-1.0,-1.0
2017/02/02,730.0,732.0,706.0,706.0,6165000,-1.0,-1.0,-1.0
2017/02/03,705.0,708.0,700.0,705.0,5345000,-1.0,-1.0,-1.0
2017/02/06,713.0,713.0,704.0,706.0,3590000,-1.0,-1.0,-1.0
2017/02/07,696.0,699.0,690.0,692.0,4965000,-1.0,-1.0,-1.0
2017/02/08,710.0,723.0,700.0,709.0,8085000,-1.0,-1.0,-1.0
2017/02/09,704.0,704.0,697.0,699.0,4085000,-1.0,-1.0,-1.0
2017/02/10,707.0,714.0,704.0,712.0,3895000,-1.0,-1.0,-1.0
2017/02/13,720.0,721.0,714.0,718.0,3460000,-1.0,-1.0,-1.0
2017/02/14,720.0,722.0,706.0,707.0,5190000,-1.0,-1.0,-1.0
2017/02/15,716.0,719.0,712.0,713.0,3885000,-1.0,-1.0,-1.0
2017/02/16,714.0,717.0,707.0,714.0,4115000,-1.0,-1.0,-1.0
2017/02/17,709.0,720.0,705.0,717.0,9265000,-1.0,-1.0,-1.0
2017/02/20,714.0,717.0,709.0,716.0,5020000,-1.0,-1.0,-1.0
2017/02/21,717.0,719.0,712.0,717.0,3510000,-1.0,-1.0,-1.0
2017/02/22,715.0,719.0,713.0,719.0,4720000,-1.0,-1.0,-1.0
2017/02/23,719.0,722.0,715.0,722.0,5020000,-1.0,-1.0,-1.0
2017/02/24,720.0,726.0,716.0,720.0,5705000,-1.0,-1.0,-1.0
2017/02/27,716.0,717.0,708.0,713.0,5120000,-1.0,-1.0,-1.0
2017/02/28,718.0,725.0,717.0,719.0,6555000,-1.0,-1.0,-1.0
2017/03/01,720.0,736.0,718.0,734.0,8510000,-1.0,-1.0,-1.0
2017/03/02,738.0,744.0,736.0,738.0,8445000,-1.0,-1.0,-1.0
2017/03/03,725.0,730.0,715.0,720.0,8370000,-1.0,-1.0,-1.0
2017/03/06,720.0,725.0,714.0,722.0,8360000,-1.0,-1.0,-1.0
2017/03/07,727.0,732.0,713.0,717.0,6665000,-1.0,-1.0,-1.0
2017/03/08,717.0,720.0,708.0,719.0,8265000,-1.0,-1.0,-1.0
2017/03/09,722.0,722.0,715.0,718.0,3855000,-1.0,-1.0,-1.0
2017/03/10,727.0,728.0,722.0,725.0,5285000,-1.0,-1.0,-1.0
2017/03/13,722.0,726.0,719.0,722.0,4205000,-1.0,-1.0,-1.0
2017/03/14,724.0,727.0,722.0,723.0,3260000,-1.0,-1.0,-1.0
2017/03/15,720.0,723.0,715.0,721.0,2905000,-1.0,-1.0,-1.0
2017/03/16,718.0,730.0,716.0,728.0,5955000,-1.0,-1.0,-1.0
2017/03/17,726.0,733.0,723.0,730.0,5315000,-1.0,-1.0,-1.0
2017/03/21,731.0,736.0,730.0,730.0,3510000,-1.0,-1.0,-1.0
2017/03/22,715.0,717.0,706.0,706.0,4800000,-1.0,-1.0,-1.0
2017/03/23,705.0,706.0,699.0,701.0,3770000,-1.0,-1.0,-1.0
2017/03/24,703.0,707.0,700.0,704.0,4050000,-1.0,-1.0,-1.0
2017/03/27,699.0,699.0,694.0,694.0,3415000,-1.0,-1.0,-1.0
2017/03/28,703.0,705.0,695.0,699.0,6415000,-1.0,-1.0,-1.0
2017/03/29,706.0,706.0,689.0,692.0,5715000,-1.0,-1.0,-1.0
2017/03/30,693.0,696.0,679.0,684.0,5500000,-1.0,-1.0,-1.0
2017/03/31,690.0,690.0,675.0,675.0,5250000,-1.0,-1.0,-1.0
2017/04/03,677.0,681.0,673.0,678.0,3020000,-1.0,-1.0,-1.0
2017/04/04,678.0,678.0,665.0,673.0,4615000,-1.0,-1.0,-1.0
2017/04/05,680.0,682.0,670.0,675.0,5355000,-1.0,-1.0,-1.0
2017/04/06,678.0,679.0,661.0,665.0,4990000,-1.0,-1.0,-1.0
2017/04/07,675.0,676.0,664.0,672.0,5155000,-1.0,-1.0,-1.0
2017/04/10,676.0,680.0,671.0,675.0,4035000,-1.0,-1.0,-1.0
2017/04/11,686.0,686.0,673.0,678.0,6040000,-1.0,-1.0,-1.0
2017/04/12,674.0,677.0,669.0,677.0,5005000,-1.0,-1.0,-1.0
2017/04/13,668.0,673.0,665.0,669.0,4085000,-1.0,-1.0,-1.0
2017/04/14,667.0,669.0,663.0,666.0,2730000,-1.0,-1.0,-1.0
2017/04/17,670.0,671.0,659.0,669.0,4135000,-1.0,-1.0,-1.0
2017/04/18,674.0,677.0,670.0,676.0,3650000,-1.0,-1.0,-1.0
2017/04/19,669.0,672.0,664.0,665.0,3330000,-1.0,-1.0,-1.0
2017/04/20,661.0,665.0,661.0,663.0,3020000,-1.0,-1.0,-1.0
2017/04/21,665.0,669.0,664.0,669.0,2260000,-1.0,-1.0,-1.0
2017/04/24,679.0,684.0,676.0,682.0,4735000,-1.0,-1.0,-1.0
2017/04/25,689.0,702.0,685.0,700.0,6855000,-1.0,-1.0,-1.0
2017/04/26,703.0,711.0,701.0,710.0,4840000,-1.0,-1.0,-1.0
2017/04/27,712.0,713.0,704.0,708.0,3870000,-1.0,-1.0,-1.0
2017/04/28,712.0,715.0,707.0,709.0,4435000,-1.0,-1.0,-1.0
2017/05/01,703.0,714.0,702.0,714.0,3320000,-1.0,-1.0,-1.0
2017/05/02,715.0,721.0,714.0,716.0,3740000,-1.0,-1.0,-1.0
2017/05/08,723.0,730.0,720.0,729.0,7435000,-1.0,-1.0,-1.0
2017/05/09,723.0,731.0,721.0,727.0,6715000,-1.0,-1.0,-1.0
2017/05/10,730.0,730.0,671.0,696.0,22360000,-1.0,-1.0,-1.0
2017/05/11,735.0,739.0,686.0,690.0,23475000,-1.0,-1.0,-1.0
2017/05/12,690.0,690.0,675.0,681.0,12435000,-1.0,-1.0,-1.0
2017/05/15,678.0,681.0,672.0,681.0,6385000,-1.0,-1.0,-1.0
2017/05/16,682.0,691.0,682.0,690.0,6570000,-1.0,-1.0,-1.0
2017/05/17,688.0,689.0,674.0,677.0,7600000,-1.0,-1.0,-1.0
2017/05/18,671.0,679.0,666.0,675.0,7125000,-1.0,-1.0,-1.0
2017/05/19,676.0,676.0,669.0,674.0,4085000,-1.0,-1.0,-1.0
2017/05/22,669.0,676.0,669.0,674.0,4810000,-1.0,-1.0,-1.0
2017/05/23,676.0,686.0,676.0,680.0,7780000,-1.0,-1.0,-1.0
2017/05/24,690.0,693.0,688.0,690.0,5365000,-1.0,-1.0,-1.0
2017/05/25,684.0,698.0,684.0,697.0,7100000,-1.0,-1.0,-1.0
2017/05/26,702.0,710.0,695.0,697.0,7845000,-1.0,-1.0,-1.0
2017/05/29,693.0,697.0,690.0,695.0,3965000,-1.0,-1.0,-1.0
2017/05/30,689.0,699.0,689.0,696.0,3940000,-1.0,-1.0,-1.0
2017/05/31,690.0,696.0,689.0,691.0,3960000,-1.0,-1.0,-1.0
2017/06/01,695.0,708.0,694.0,705.0,7440000,-1.0,-1.0,-1.0
2017/06/02,716.0,722.0,713.0,718.0,7535000,-1.0,-1.0,-1.0
2017/06/05,710.0,717.0,710.0,716.0,4780000,-1.0,-1.0,-1.0
2017/06/06,709.0,714.0,706.0,706.0,4800000,-1.0,-1.0,-1.0
2017/06/07,703.0,711.0,703.0,709.0,4525000,-1.0,-1.0,-1.0
2017/06/08,714.0,721.0,708.0,708.0,8040000,-1.0,-1.0,-1.0
2017/06/09,711.0,725.0,711.0,717.0,8450000,-1.0,-1.0,-1.0
2017/06/12,721.0,727.0,719.0,725.0,5830000,-1.0,-1.0,-1.0
2017/06/13,719.0,728.0,719.0,720.0,4650000,-1.0,-1.0,-1.0
2017/06/14,720.0,727.0,720.0,721.0,3870000,-1.0,-1.0,-1.0
2017/06/15,719.0,728.0,719.0,722.0,3825000,-1.0,-1.0,-1.0
2017/06/16,725.0,731.0,722.0,727.0,5935000,-1.0,-1.0,-1.0
2017/06/19,723.0,734.0,722.0,732.0,5350000,-1.0,-1.0,-1.0
2017/06/20,739.0,745.0,739.0,740.0,5620000,-1.0,-1.0,-1.0
2017/06/21,732.0,742.0,731.0,735.0,3990000,-1.0,-1.0,-1.0
2017/06/22,737.0,738.0,732.0,732.0,2890000,-1.0,-1.0,-1.0
2017/06/23,731.0,732.0,728.0,731.0,3255000,-1.0,-1.0,-1.0
2017/06/26,731.0,734.0,729.0,729.0,2900000,-1.0,-1.0,-1.0
2017/06/27,735.0,737.0,731.0,734.0,3190000,-1.0,-1.0,-1.0
2017/06/28,729.0,734.0,728.0,729.0,2965000,-1.0,-1.0,-1.0
2017/06/29,738.0,742.0,735.0,737.0,4085000,-1.0,-1.0,-1.0
2017/06/30,731.0,732.0,726.0,732.0,4720000,-1.0,-1.0,-1.0
2017/07/03,733.0,736.0,726.0,731.0,3465000,-1.0,-1.0,-1.0
2017/07/04,734.0,740.0,733.0,737.0,4825000,-1.0,-1.0,-1.0
2017/07/05,737.0,742.0,731.0,740.0,6660000,-1.0,-1.0,-1.0
2017/07/06,739.0,745.0,738.0,739.0,5490000,-1.0,-1.0,-1.0
2017/07/07,735.0,742.0,734.0,741.0,5050000,-1.0,-1.0,-1.0
2017/07/10,750.0,757.0,746.0,753.0,7260000,-1.0,-1.0,-1.0
2017/07/11,749.0,760.0,746.0,758.0,6530000,-1.0,-1.0,-1.0
2017/07/12,759.0,767.0,751.0,753.0,8185000,-1.0,-1.0,-1.0
2017/07/13,759.0,762.0,744.0,748.0,4805000,-1.0,-1.0,-1.0
2017/07/14,743.0,748.0,741.0,743.0,5720000,-1.0,-1.0,-1.0
2017/07/18,738.0,745.0,731.0,742.0,5735000,-1.0,-1.0,-1.0
2017/07/19,743.0,752.0,742.0,752.0,4415000,-1.0,-1.0,-1.0
2017/07/20,750.0,756.0,749.0,754.0,2880000,-1.0,-1.0,-1.0
2017/07/21,753.0,753.0,749.0,752.0,2290000,-1.0,-1.0,-1.0
2017/07/24,748.0,755.0,743.0,755.0,2935000,-1.0,-1.0,-1.0
2017/07/25,751.0,753.0,743.0,744.0,3290000,-1.0,-1.0,-1.0
2017/07/26,749.0,752.0,744.0,749.0,2795000,-1.0,-1.0,-1.0
2017/07/27,734.0,741.0,724.0,729.0,8745000,-1.0,-1.0,-1.0
2017/07/28,721.0,804.0,721.0,794.0,17275000,-1.0,-1.0,-1.0
2017/07/31,808.0,845.0,804.0,832.0,26065000,-1.0,-1.0,-1.0
2017/08/01,825.0,831.0,813.0,822.0,11335000,-1.0,-1.0,-1.0
2017/08/02,832.0,845.0,813.0,820.0,10465000,-1.0,-1.0,-1.0
2017/08/03,850.0,897.0,847.0,863.0,15055000,-1.0,-1.0,-1.0
2017/08/04,856.0,874.0,851.0,867.0,8755000,-1.0,-1.0,-1.0
2017/08/07,870.0,872.0,859.0,861.0,5970000,-1.0,-1.0,-1.0
2017/08/08,855.0,857.0,849.0,854.0,7305000,-1.0,-1.0,-1.0
2017/08/09,849.0,849.0,837.0,843.0,6815000,-1.0,-1.0,-1.0
2017/08/10,843.0,855.0,843.0,852.0,6685000,-1.0,-1.0,-1.0
2017/08/14,844.0,853.0,839.0,843.0,4770000,-1.0,-1.0,-1.0
2017/08/15,843.0,859.0,840.0,851.0,5110000,-1.0,-1.0,-1.0
2017/08/16,856.0,864.0,856.0,856.0,3975000,-1.0,-1.0,-1.0
2017/08/17,850.0,855.0,838.0,839.0,7295000,-1.0,-1.0,-1.0
2017/08/18,846.0,856.0,833.0,843.0,7835000,-1.0,-1.0,-1.0
2017/08/21,834.0,847.0,834.0,838.0,5615000,-1.0,-1.0,-1.0
2017/08/22,826.0,840.0,826.0,837.0,3315000,-1.0,-1.0,-1.0
2017/08/23,846.0,852.0,841.0,842.0,4125000,-1.0,-1.0,-1.0
2017/08/24,829.0,840.0,828.0,834.0,3285000,-1.0,-1.0,-1.0
2017/08/25,841.0,848.0,837.0,846.0,3220000,-1.0,-1.0,-1.0
2017/08/28,845.0,845.0,836.0,836.0,3375000,-1.0,-1.0,-1.0
2017/08/29,829.0,839.0,826.0,839.0,2850000,-1.0,-1.0,-1.0
2017/08/30,845.0,855.0,843.0,850.0,5790000,-1.0,-1.0,-1.0
2017/08/31,858.0,868.0,855.0,861.0,7045000,-1.0,-1.0,-1.0
2017/09/01,865.0,878.0,860.0,875.0,5575000,-1.0,-1.0,-1.0
2017/09/04,870.0,875.0,852.0,853.0,4020000,-1.0,-1.0,-1.0
2017/09/05,850.0,853.0,838.0,841.0,5285000,-1.0,-1.0,-1.0
2017/09/06,834.0,850.0,833.0,845.0,6235000,-1.0,-1.0,-1.0
2017/09/07,845.0,863.0,843.0,862.0,4395000,-1.0,-1.0,-1.0
2017/09/08,858.0,876.0,858.0,871.0,6770000,-1.0,-1.0,-1.0
2017/09/11,880.0,885.0,871.0,874.0,3740000,-1.0,-1.0,-1.0
2017/09/12,883.0,886.0,874.0,880.0,3550000,-1.0,-1.0,-1.0
2017/09/13,881.0,888.0,880.0,886.0,3385000,-1.0,-1.0,-1.0
2017/09/14,894.0,899.0,878.0,882.0,5100000,-1.0,-1.0,-1.0
2017/09/15,885.0,889.0,869.0,882.0,16525000,-1.0,-1.0,-1.0
2017/09/19,889.0,905.0,883.0,905.0,6200000,-1.0,-1.0,-1.0
2017/09/20,895.0,907.0,895.0,907.0,5200000,-1.0,-1.0,-1.0
2017/09/21,907.0,924.0,906.0,917.0,7150000,-1.0,-1.0,-1.0
2017/09/22,915.0,918.0,905.0,916.0,5370000,-1.0,-1.0,-1.0
2017/09/25,916.0,942.0,912.0,941.0,8375000,-1.0,-1.0,-1.0
2017/09/26,937.0,939.0,922.0,929.0,6625000,-1.0,-1.0,-1.0
2017/09/27,915.0,948.0,896.0,913.0,2398000,-1.0,-1.0,-1.0
2017/09/28,922.0,958.0,916.0,950.0,2303000,-1.0,-1.0,-1.0
2017/09/29,944.0,954.0,935.0,952.0,1705500,-1.0,-1.0,-1.0
2017/10/02,959.0,959.0,931.0,938.0,926000,-1.0,-1.0,-1.0
2017/10/03,950.0,951.0,940.0,949.0,1015000,-1.0,-1.0,-1.0
2017/10/04,940.0,941.0,924.0,940.0,1132500,-1.0,-1.0,-1.0
2017/10/05,926.0,932.0,922.0,931.0,966000,-1.0,-1.0,-1.0
2017/10/06,938.0,938.0,926.0,930.0,729000,-1.0,-1.0,-1.0
2017/10/10,905.0,919.0,902.0,915.0,1821000,-1.0,-1.0,-1.0
2017/10/11,921.0,929.0,917.0,919.0,908000,-1.0,-1.0,-1.0
2017/10/12,919.0,920.0,911.0,915.0,873500,-1.0,-1.0,-1.0
2017/10/13,915.0,924.0,909.0,919.0,773000,-1.0,-1.0,-1.0
2017/10/16,921.0,931.0,917.0,927.0,979500,-1.0,-1.0,-1.0
2017/10/17,934.0,936.0,925.0,935.0,861500,-1.0,-1.0,-1.0
2017/10/18,933.0,938.0,923.0,932.0,953000,-1.0,-1.0,-1.0
2017/10/19,930.0,944.0,921.0,939.0,960000,-1.0,-1.0,-1.0
2017/10/20,937.0,937.0,927.0,929.0,609000,-1.0,-1.0,-1.0
2017/10/23,940.0,940.0,929.0,933.0,732500,-1.0,-1.0,-1.0
2017/10/24,926.0,940.0,922.0,937.0,1027000,-1.0,-1.0,-1.0
2017/10/25,940.0,946.0,934.0,940.0,1055000,-1.0,-1.0,-1.0
2017/10/26,939.0,943.0,931.0,933.0,509000,-1.0,-1.0,-1.0
2017/10/27,933.0,942.0,928.0,941.0,664000,-1.0,-1.0,-1.0
2017/10/30,936.0,946.0,926.0,941.0,1932000,-1.0,-1.0,-1.0
2017/10/31,931.0,972.0,928.0,936.0,1833500,-1.0,-1.0,-1.0
2017/11/01,950.0,950.0,916.0,930.0,1608000,-1.0,-1.0,-1.0
2017/11/02,953.0,953.0,921.0,924.0,1034500,-1.0,-1.0,-1.0
2017/11/06,918.0,923.0,902.0,906.0,1046000,-1.0,-1.0,-1.0
2017/11/07,901.0,923.0,900.0,923.0,1002000,-1.0,-1.0,-1.0
2017/11/08,930.0,957.0,929.0,957.0,1366000,-1.0,-1.0,-1.0
2017/11/09,964.0,970.0,927.0,939.0,1845000,-1.0,-1.0,-1.0
2017/11/10,911.0,920.0,911.0,915.0,1280500,-1.0,-1.0,-1.0
2017/11/13,916.0,922.0,908.0,914.0,791000,-1.0,-1.0,-1.0
2017/11/14,912.0,918.0,906.0,907.0,764500,-1.0,-1.0,-1.0
2017/11/15,906.0,909.0,891.0,896.0,1010500,-1.0,-1.0,-1.0
2017/11/16,893.0,915.0,890.0,910.0,912000,-1.0,-1.0,-1.0
2017/11/17,920.0,925.0,904.0,906.0,900500,-1.0,-1.0,-1.0
2017/11/20,900.0,907.0,896.0,903.0,876500,-1.0,-1.0,-1.0
2017/11/21,910.0,915.0,903.0,905.0,703500,-1.0,-1.0,-1.0
2017/11/22,918.0,918.0,906.0,913.0,488000,-1.0,-1.0,-1.0
2017/11/24,910.0,921.0,908.0,920.0,497000,-1.0,-1.0,-1.0
2017/11/27,921.0,925.0,912.0,916.0,893000,-1.0,-1.0,-1.0
2017/11/28,916.0,924.0,912.0,913.0,667000,-1.0,-1.0,-1.0
2017/11/29,917.0,935.0,913.0,931.0,698500,-1.0,-1.0,-1.0
2017/11/30,935.0,959.0,935.0,956.0,1312000,-1.0,-1.0,-1.0
2017/12/01,963.0,971.0,953.0,957.0,1188500,-1.0,-1.0,-1.0
2017/12/04,945.0,967.0,945.0,961.0,1179500,-1.0,-1.0,-1.0
2017/12/05,944.0,960.0,936.0,957.0,1124000,-1.0,-1.0,-1.0
2017/12/06,955.0,966.0,944.0,947.0,1102500,-1.0,-1.0,-1.0
2017/12/07,947.0,959.0,942.0,956.0,996000,-1.0,-1.0,-1.0
2017/12/08,957.0,978.0,957.0,978.0,1415000,-1.0,-1.0,-1.0
2017/12/11,978.0,978.0,958.0,963.0,930500,-1.0,-1.0,-1.0
2017/12/12,964.0,969.0,960.0,963.0,632000,-1.0,-1.0,-1.0
2017/12/13,990.0,997.0,966.0,971.0,1859500,-1.0,-1.0,-1.0
2017/12/14,957.0,980.0,951.0,967.0,927500,-1.0,-1.0,-1.0
2017/12/15,969.0,977.0,960.0,968.0,1094000,-1.0,-1.0,-1.0
2017/12/18,982.0,994.0,980.0,984.0,739500,-1.0,-1.0,-1.0
2017/12/19,979.0,986.0,968.0,972.0,540000,-1.0,-1.0,-1.0
2017/12/20,960.0,971.0,956.0,966.0,728000,-1.0,-1.0,-1.0
2017/12/21,966.0,977.0,964.0,975.0,394000,-1.0,-1.0,-1.0
2017/12/22,975.0,990.0,974.0,981.0,679500,-1.0,-1.0,-1.0
2017/12/25,989.0,994.0,978.0,989.0,635000,-1.0,-1.0,-1.0
2017/12/26,988.0,993.0,971.0,976.0,605000,-1.0,-1.0,-1.0
2017/12/27,973.0,980.0,967.0,977.0,402500,-1.0,-1.0,-1.0
2017/12/28,977.0,987.0,973.0,976.0,435500,-1.0,-1.0,-1.0
2017/12/29,971.0,978.0,967.0,973.0,508000,-1.0,-1.0,-1.0
2018/01/04,985.0,1022.0,984.0,1004.0,952000,-1.0,-1.0,-1.0
2018/01/05,1012.0,1012.0,996.0,1006.0,417000,-1.0,-1.0,-1.0
2018/01/09,1020.0,1020.0,993.0,999.0,694500,-1.0,-1.0,-1.0
2018/01/10,1000.0,1016.0,1000.0,1008.0,487000,-1.0,-1.0,-1.0
2018/01/11,1000.0,1012.0,1000.0,1010.0,567500,-1.0,-1.0,-1.0
2018/01/12,1012.0,1018.0,1004.0,1004.0,565500,-1.0,-1.0,-1.0
2018/01/15,1016.0,1020.0,998.0,1006.0,597500,-1.0,-1.0,-1.0
2018/01/16,1004.0,1006.0,996.0,1000.0,408500,-1.0,-1.0,-1.0
2018/01/17,995.0,995.0,986.0,990.0,501000,-1.0,-1.0,-1.0
2018/01/18,990.0,990.0,973.0,973.0,1087500,-1.0,-1.0,-1.0
2018/01/19,984.0,997.0,978.0,982.0,940500,-1.0,-1.0,-1.0
2018/01/22,980.0,983.0,967.0,973.0,806500,-1.0,-1.0,-1.0
2018/01/23,980.0,986.0,972.0,975.0,547000,-1.0,-1.0,-1.0
2018/01/24,970.0,979.0,968.0,975.0,715500,-1.0,-1.0,-1.0
2018/01/25,965.0,972.0,963.0,965.0,604500,-1.0,-1.0,-1.0
2018/01/26,972.0,994.0,971.0,972.0,948500,-1.0,-1.0,-1.0
2018/01/29,972.0,974.0,956.0,961.0,1052000,-1.0,-1.0,-1.0
2018/01/30,954.0,962.0,949.0,954.0,844000,-1.0,-1.0,-1.0
2018/01/31,968.0,1032.0,952.0,1014.0,2601500,-1.0,-1.0,-1.0
2018/02/01,1034.0,1100.0,1032.0,1080.0,2385500,-1.0,-1.0,-1.0
2018/02/02,1066.0,1086.0,1066.0,1072.0,1015500,-1.0,-1.0,-1.0
2018/02/05,1052.0,1066.0,1038.0,1044.0,908500,-1.0,-1.0,-1.0
2018/02/06,1014.0,1046.0,1004.0,1028.0,1990000,-1.0,-1.0,-1.0
2018/02/07,1034.0,1064.0,1028.0,1028.0,1531000,-1.0,-1.0,-1.0
2018/02/08,1038.0,1050.0,1014.0,1016.0,1199500,-1.0,-1.0,-1.0
2018/02/09,1006.0,1028.0,1002.0,1024.0,1686500,-1.0,-1.0,-1.0
2018/02/13,1056.0,1058.0,1022.0,1026.0,1973000,-1.0,-1.0,-1.0
2018/02/14,1100.0,1114.0,1032.0,1032.0,2209500,-1.0,-1.0,-1.0
2018/02/15,1038.0,1044.0,1024.0,1028.0,804500,-1.0,-1.0,-1.0
2018/02/16,1032.0,1040.0,1016.0,1018.0,1155000,-1.0,-1.0,-1.0
2018/02/19,1030.0,1062.0,1030.0,1062.0,1525000,-1.0,-1.0,-1.0
2018/02/20,1060.0,1064.0,1038.0,1042.0,963500,-1.0,-1.0,-1.0
2018/02/21,1048.0,1054.0,1036.0,1046.0,768000,-1.0,-1.0,-1.0
2018/02/22,1034.0,1040.0,1014.0,1016.0,992000,-1.0,-1.0,-1.0
2018/02/23,1014.0,1022.0,1000.0,1020.0,811500,-1.0,-1.0,-1.0
2018/02/26,1040.0,1044.0,1006.0,1032.0,921500,-1.0,-1.0,-1.0
2018/02/27,1040.0,1048.0,1028.0,1040.0,713500,-1.0,-1.0,-1.0
2018/02/28,1038.0,1048.0,1034.0,1040.0,862500,-1.0,-1.0,-1.0
2018/03/01,1042.0,1044.0,1024.0,1030.0,736500,-1.0,-1.0,-1.0
2018/03/02,1012.0,1018.0,994.0,1010.0,1334500,-1.0,-1.0,-1.0
2018/03/05,1006.0,1024.0,1000.0,1014.0,1197500,-1.0,-1.0,-1.0
2018/03/06,1018.0,1032.0,1010.0,1020.0,661000,-1.0,-1.0,-1.0
2018/03/07,1010.0,1026.0,1008.0,1020.0,691000,-1.0,-1.0,-1.0
2018/03/08,1028.0,1036.0,1020.0,1032.0,799500,-1.0,-1.0,-1.0
2018/03/09,1052.0,1066.0,1036.0,1042.0,1240000,-1.0,-1.0,-1.0
2018/03/12,1054.0,1060.0,1036.0,1042.0,561000,-1.0,-1.0,-1.0
2018/03/13,1036.0,1050.0,1026.0,1050.0,662000,-1.0,-1.0,-1.0
2018/03/14,1038.0,1050.0,1036.0,1046.0,530500,-1.0,-1.0,-1.0
2018/03/15,1052.0,1062.0,1038.0,1058.0,610000,-1.0,-1.0,-1.0
2018/03/16,1056.0,1066.0,1048.0,1054.0,760500,-1.0,-1.0,-1.0
2018/03/19,1048.0,1066.0,1042.0,1048.0,963500,-1.0,-1.0,-1.0
2018/03/20,1046.0,1056.0,1040.0,1046.0,860500,-1.0,-1.0,-1.0
2018/03/22,1040.0,1058.0,1040.0,1054.0,1063500,-1.0,-1.0,-1.0
2018/03/23,1034.0,1042.0,1014.0,1018.0,1114500,-1.0,-1.0,-1.0
2018/03/26,1020.0,1024.0,1002.0,1024.0,829000,-1.0,-1.0,-1.0
2018/03/27,1026.0,1058.0,1026.0,1054.0,742500,-1.0,-1.0,-1.0
2018/03/28,1046.0,1052.0,1034.0,1042.0,886000,-1.0,-1.0,-1.0
2018/03/29,1050.0,1054.0,1034.0,1048.0,941500,-1.0,-1.0,-1.0
2018/03/30,1054.0,1064.0,1046.0,1054.0,746000,-1.0,-1.0,-1.0
2018/04/02,1056.0,1060.0,1046.0,1048.0,888000,-1.0,-1.0,-1.0
2018/04/03,1044.0,1064.0,1036.0,1056.0,855500,-1.0,-1.0,-1.0
2018/04/04,1056.0,1058.0,1044.0,1054.0,886500,-1.0,-1.0,-1.0
2018/04/05,1060.0,1066.0,1044.0,1060.0,1066000,-1.0,-1.0,-1.0
2018/04/06,1058.0,1068.0,1046.0,1052.0,1041000,-1.0,-1.0,-1.0
2018/04/09,1046.0,1066.0,1046.0,1052.0,919000,-1.0,-1.0,-1.0
2018/04/10,1054.0,1064.0,1036.0,1040.0,1268500,-1.0,-1.0,-1.0
2018/04/11,1044.0,1044.0,1016.0,1022.0,1262000,-1.0,-1.0,-1.0
2018/04/12,1020.0,1028.0,1000.0,1014.0,997500,-1.0,-1.0,-1.0
2018/04/13,1020.0,1024.0,1004.0,1014.0,965500,-1.0,-1.0,-1.0
2018/04/16,1016.0,1026.0,1014.0,1024.0,672500,-1.0,-1.0,-1.0
2018/04/17,1024.0,1030.0,1008.0,1014.0,708500,-1.0,-1.0,-1.0
2018/04/18,1020.0,1038.0,1020.0,1032.0,537500,-1.0,-1.0,-1.0
2018/04/19,1040.0,1048.0,1028.0,1032.0,666000,-1.0,-1.0,-1.0
2018/04/20,1034.0,1056.0,1032.0,1046.0,731000,-1.0,-1.0,-1.0
2018/04/23,1044.0,1050.0,1034.0,1038.0,421000,-1.0,-1.0,-1.0
2018/04/24,1044.0,1052.0,1036.0,1048.0,499000,-1.0,-1.0,-1.0
2018/04/25,1046.0,1056.0,1034.0,1044.0,608500,-1.0,-1.0,-1.0
2018/04/26,1046.0,1054.0,1036.0,1048.0,587500,-1.0,-1.0,-1.0
2018/04/27,1064.0,1068.0,1054.0,1064.0,1022000,-1.0,-1.0,-1.0
2018/05/01,1054.0,1058.0,1046.0,1058.0,535000,-1.0,-1.0,-1.0
2018/05/02,1066.0,1080.0,1050.0,1076.0,916000,-1.0,-1.0,-1.0
2018/05/07,1074.0,1084.0,1064.0,1084.0,668500,-1.0,-1.0,-1.0
2018/05/08,1080.0,1094.0,1076.0,1086.0,648500,-1.0,-1.0,-1.0
2018/05/09,1090.0,1096.0,1062.0,1068.0,780000,-1.0,-1.0,-1.0
2018/05/10,1070.0,1172.0,1052.0,1150.0,2348000,-1.0,-1.0,-1.0
2018/05/11,1150.0,1164.0,1120.0,1140.0,1672500,-1.0,-1.0,-1.0
2018/05/14,1140.0,1158.0,1126.0,1130.0,710500,-1.0,-1.0,-1.0
2018/05/15,1180.0,1216.0,1162.0,1168.0,1961500,-1.0,-1.0,-1.0
2018/05/16,1158.0,1168.0,1148.0,1162.0,790000,-1.0,-1.0,-1.0
2018/05/17,1168.0,1178.0,1164.0,1172.0,686000,-1.0,-1.0,-1.0
2018/05/18,1180.0,1194.0,1174.0,1186.0,728000,-1.0,-1.0,-1.0
2018/05/21,1182.0,1190.0,1176.0,1180.0,517000,-1.0,-1.0,-1.0
2018/05/22,1174.0,1180.0,1170.0,1174.0,434000,-1.0,-1.0,-1.0
2018/05/23,1164.0,1184.0,1160.0,1168.0,677500,-1.0,-1.0,-1.0
2018/05/24,1170.0,1182.0,1160.0,1166.0,555000,-1.0,-1.0,-1.0
2018/05/25,1158.0,1168.0,1154.0,1160.0,609000,-1.0,-1.0,-1.0
2018/05/28,1154.0,1184.0,1154.0,1176.0,849000,-1.0,-1.0,-1.0
2018/05/29,1206.0,1220.0,1188.0,1210.0,1719500,-1.0,-1.0,-1.0
2018/05/30,1196.0,1202.0,1182.0,1186.0,678000,-1.0,-1.0,-1.0
2018/05/31,1206.0,1206.0,1186.0,1196.0,1070500,-1.0,-1.0,-1.0
2018/06/01,1180.0,1204.0,1176.0,1198.0,819500,-1.0,-1.0,-1.0
2018/06/04,1210.0,1236.0,1208.0,1230.0,1265000,-1.0,-1.0,-1.0
2018/06/05,1222.0,1232.0,1208.0,1222.0,866000,-1.0,-1.0,-1.0
2018/06/06,1228.0,1236.0,1216.0,1230.0,535500,-1.0,-1.0,-1.0
2018/06/07,1212.0,1232.0,1202.0,1228.0,1075000,-1.0,-1.0,-1.0
2018/06/08,1216.0,1232.0,1206.0,1226.0,1385000,-1.0,-1.0,-1.0
2018/06/11,1232.0,1246.0,1228.0,1234.0,940500,-1.0,-1.0,-1.0
2018/06/12,1248.0,1256.0,1232.0,1248.0,1163500,-1.0,-1.0,-1.0
2018/06/13,1250.0,1274.0,1242.0,1256.0,1251500,-1.0,-1.0,-1.0
2018/06/14,1264.0,1270.0,1254.0,1258.0,1194000,-1.0,-1.0,-1.0
2018/06/15,1276.0,1278.0,1256.0,1256.0,1246500,-1.0,-1.0,-1.0
2018/06/18,1272.0,1272.0,1246.0,1252.0,1050000,-1.0,-1.0,-1.0
2018/06/19,1246.0,1246.0,1220.0,1230.0,1207500,-1.0,-1.0,-1.0
2018/06/20,1216.0,1234.0,1210.0,1228.0,882000,-1.0,-1.0,-1.0
2018/06/21,1208.0,1212.0,1200.0,1204.0,1562500,-1.0,-1.0,-1.0
2018/06/22,1200.0,1222.0,1198.0,1218.0,1321500,-1.0,-1.0,-1.0
2018/06/25,1214.0,1218.0,1190.0,1194.0,744500,-1.0,-1.0,-1.0
2018/06/26,1176.0,1192.0,1158.0,1184.0,1108000,-1.0,-1.0,-1.0
2018/06/27,1174.0,1198.0,1170.0,1188.0,772500,-1.0,-1.0,-1.0
2018/06/28,1192.0,1196.0,1166.0,1176.0,788500,-1.0,-1.0,-1.0
2018/06/29,1182.0,1186.0,1158.0,1164.0,739500,-1.0,-1.0,-1.0
2018/07/02,1164.0,1168.0,1144.0,1148.0,982000,-1.0,-1.0,-1.0
2018/07/03,1148.0,1160.0,1138.0,1146.0,811500,-1.0,-1.0,-1.0
2018/07/04,1140.0,1164.0,1140.0,1156.0,550000,-1.0,-1.0,-1.0
2018/07/05,1156.0,1156.0,1130.0,1136.0,658000,-1.0,-1.0,-1.0
2018/07/06,1132.0,1156.0,1132.0,1150.0,843000,-1.0,-1.0,-1.0
2018/07/09,1150.0,1164.0,1132.0,1142.0,653500,-1.0,-1.0,-1.0
2018/07/10,1144.0,1156.0,1120.0,1124.0,989500,-1.0,-1.0,-1.0
2018/07/11,1104.0,1130.0,1094.0,1118.0,1263000,-1.0,-1.0,-1.0
2018/07/12,1118.0,1126.0,1104.0,1110.0,1531500,-1.0,-1.0,-1.0
2018/07/13,1124.0,1130.0,1112.0,1118.0,961500,-1.0,-1.0,-1.0
2018/07/17,1116.0,1146.0,1116.0,1134.0,1310500,-1.0,-1.0,-1.0
2018/07/18,1146.0,1156.0,1136.0,1150.0,1008000,-1.0,-1.0,-1.0
2018/07/19,1142.0,1142.0,1126.0,1128.0,819500,-1.0,-1.0,-1.0
2018/07/20,1132.0,1150.0,1130.0,1140.0,1462500,-1.0,-1.0,-1.0
2018/07/23,1136.0,1152.0,1136.0,1146.0,1076000,-1.0,-1.0,-1.0
2018/07/24,1160.0,1170.0,1150.0,1154.0,1652500,-1.0,-1.0,-1.0
2018/07/25,1134.0,1146.0,1118.0,1140.0,1389000,-1.0,-1.0,-1.0
2018/07/26,1148.0,1158.0,1134.0,1140.0,1251500,-1.0,-1.0,-1.0
2018/07/27,1136.0,1154.0,1128.0,1142.0,912000,-1.0,-1.0,-1.0
2018/07/30,1136.0,1264.0,1118.0,1204.0,3496000,-1.0,-1.0,-1.0
2018/07/31,1184.0,1228.0,1150.0,1176.0,3319000,-1.0,-1.0,-1.0
2018/08/01,1180.0,1214.0,1176.0,1202.0,2173000,-1.0,-1.0,-1.0
2018/08/02,1206.0,1224.0,1194.0,1204.0,1091000,-1.0,-1.0,-1.0
2018/08/03,1206.0,1206.0,1176.0,1190.0,754500,-1.0,-1.0,-1.0
2018/08/06,1196.0,1196.0,1172.0,1172.0,771000,-1.0,-1.0,-1.0
2018/08/07,1178.0,1206.0,1176.0,1194.0,796000,-1.0,-1.0,-1.0
2018/08/08,1202.0,1220.0,1180.0,1182.0,701500,-1.0,-1.0,-1.0
2018/08/09,1182.0,1190.0,1182.0,1182.0,647000,-1.0,-1.0,-1.0
2018/08/10,1180.0,1190.0,1172.0,1180.0,733500,-1.0,-1.0,-1.0
2018/08/13,1168.0,1174.0,1152.0,1166.0,699000,-1.0,-1.0,-1.0
2018/08/14,1172.0,1190.0,1160.0,1186.0,1022500,-1.0,-1.0,-1.0
2018/08/15,1186.0,1194.0,1176.0,1184.0,579000,-1.0,-1.0,-1.0
2018/08/16,1164.0,1164.0,1144.0,1154.0,843500,-1.0,-1.0,-1.0
2018/08/17,1154.0,1158.0,1144.0,1150.0,563500,-1.0,-1.0,-1.0
2018/08/20,1144.0,1152.0,1128.0,1132.0,508500,-1.0,-1.0,-1.0
2018/08/21,1130.0,1142.0,1126.0,1130.0,731000,-1.0,-1.0,-1.0
2018/08/22,1128.0,1136.0,1118.0,1132.0,622000,-1.0,-1.0,-1.0
2018/08/23,1132.0,1140.0,1126.0,1128.0,727500,-1.0,-1.0,-1.0
2018/08/24,1138.0,1144.0,1130.0,1144.0,446000,-1.0,-1.0,-1.0
2018/08/27,1150.0,1160.0,1142.0,1156.0,491000,-1.0,-1.0,-1.0
2018/08/28,1170.0,1174.0,1166.0,1170.0,794500,-1.0,-1.0,-1.0
2018/08/29,1184.0,1184.0,1170.0,1174.0,621500,-1.0,-1.0,-1.0
2018/08/30,1174.0,1200.0,1172.0,1190.0,1179500,-1.0,-1.0,-1.0
2018/08/31,1180.0,1188.0,1176.0,1180.0,633000,-1.0,-1.0,-1.0
2018/09/03,1166.0,1176.0,1152.0,1162.0,684000,-1.0,-1.0,-1.0
2018/09/04,1158.0,1170.0,1144.0,1164.0,639500,-1.0,-1.0,-1.0
2018/09/05,1166.0,1166.0,1136.0,1142.0,551000,-1.0,-1.0,-1.0
2018/09/06,1138.0,1148.0,1130.0,1140.0,640000,-1.0,-1.0,-1.0
2018/09/07,1130.0,1150.0,1128.0,1148.0,762500,-1.0,-1.0,-1.0
2018/09/10,1142.0,1158.0,1136.0,1146.0,905000,-1.0,-1.0,-1.0
2018/09/11,1146.0,1162.0,1146.0,1158.0,635000,-1.0,-1.0,-1.0
2018/09/12,1158.0,1182.0,1158.0,1176.0,1103000,-1.0,-1.0,-1.0
2018/09/13,1176.0,1196.0,1176.0,1188.0,572500,-1.0,-1.0,-1.0
2018/09/14,1198.0,1202.0,1168.0,1174.0,943000,-1.0,-1.0,-1.0
2018/09/18,1168.0,1202.0,1156.0,1200.0,755000,-1.0,-1.0,-1.0
2018/09/19,1228.0,1236.0,1204.0,1212.0,1065000,-1.0,-1.0,-1.0
2018/09/20,1230.0,1236.0,1220.0,1230.0,1033500,-1.0,-1.0,-1.0
2018/09/21,1238.0,1256.0,1230.0,1256.0,1792500,-1.0,-1.0,-1.0
2018/09/25,1260.0,1280.0,1254.0,1280.0,1334500,-1.0,-1.0,-1.0
2018/09/26,1280.0,1290.0,1264.0,1278.0,952500,-1.0,-1.0,-1.0
2018/09/27,1280.0,1288.0,1270.0,1280.0,1563500,-1.0,-1.0,-1.0
2018/09/28,1290.0,1294.0,1262.0,1276.0,1469000,-1.0,-1.0,-1.0
2018/10/01,1260.0,1282.0,1258.0,1270.0,710000,-1.0,-1.0,-1.0
2018/10/02,1280.0,1294.0,1270.0,1270.0,588500,-1.0,-1.0,-1.0
2018/10/03,1264.0,1276.0,1256.0,1256.0,634500,-1.0,-1.0,-1.0
2018/10/04,1272.0,1276.0,1248.0,1266.0,795000,-1.0,-1.0,-1.0
2018/10/05,1268.0,1284.0,1266.0,1272.0,1463500,-1.0,-1.0,-1.0
2018/10/09,1266.0,1294.0,1260.0,1278.0,1740000,-1.0,-1.0,-1.0
2018/10/10,1290.0,1310.0,1286.0,1300.0,1310500,-1.0,-1.0,-1.0
2018/10/11,1260.0,1262.0,1222.0,1230.0,1755500,-1.0,-1.0,-1.0
2018/10/12,1214.0,1220.0,1192.0,1200.0,1727000,-1.0,-1.0,-1.0
2018/10/15,1186.0,1194.0,1174.0,1176.0,786000,-1.0,-1.0,-1.0
2018/10/16,1176.0,1176.0,1156.0,1174.0,1191000,-1.0,-1.0,-1.0
2018/10/17,1194.0,1198.0,1180.0,1190.0,988000,-1.0,-1.0,-1.0
2018/10/18,1188.0,1194.0,1168.0,1174.0,962000,-1.0,-1.0,-1.0
2018/10/19,1160.0,1174.0,1158.0,1172.0,1004000,-1.0,-1.0,-1.0
2018/10/22,1168.0,1190.0,1160.0,1178.0,644000,-1.0,-1.0,-1.0
2018/10/23,1170.0,1172.0,1148.0,1148.0,1101500,-1.0,-1.0,-1.0
2018/10/24,1160.0,1164.0,1144.0,1158.0,1119500,-1.0,-1.0,-1.0
2018/10/25,1130.0,1132.0,1116.0,1122.0,934000,-1.0,-1.0,-1.0
2018/10/26,1124.0,1128.0,1096.0,1104.0,1190000,-1.0,-1.0,-1.0
2018/10/29,1108.0,1120.0,1100.0,1102.0,930000,-1.0,-1.0,-1.0
2018/10/30,1112.0,1126.0,1108.0,1114.0,2697000,-1.0,-1.0,-1.0
2018/10/31,1144.0,1158.0,1042.0,1068.0,2527500,-1.0,-1.0,-1.0
2018/11/01,1068.0,1118.0,1068.0,1100.0,2117000,-1.0,-1.0,-1.0
2018/11/02,1100.0,1116.0,1076.0,1114.0,1435000,-1.0,-1.0,-1.0
2018/11/05,1098.0,1120.0,1090.0,1114.0,1222000,-1.0,-1.0,-1.0
2018/11/06,1116.0,1130.0,1114.0,1116.0,855000,-1.0,-1.0,-1.0
2018/11/07,1118.0,1136.0,1108.0,1114.0,777000,-1.0,-1.0,-1.0
2018/11/08,1146.0,1156.0,1130.0,1136.0,942000,-1.0,-1.0,-1.0
2018/11/09,1140.0,1148.0,1132.0,1136.0,617500,-1.0,-1.0,-1.0
2018/11/12,1132.0,1144.0,1130.0,1134.0,626500,-1.0,-1.0,-1.0
2018/11/13,1102.0,1114.0,1088.0,1102.0,1023500,-1.0,-1.0,-1.0
2018/11/14,1116.0,1122.0,1104.0,1108.0,896000,-1.0,-1.0,-1.0
2018/11/15,1108.0,1112.0,1088.0,1098.0,1186000,-1.0,-1.0,-1.0
2018/11/16,1096.0,1106.0,1086.0,1092.0,1388500,-1.0,-1.0,-1.0
2018/11/19,1100.0,1110.0,1092.0,1096.0,917000,-1.0,-1.0,-1.0
2018/11/20,1094.0,1114.0,1090.0,1102.0,860000,-1.0,-1.0,-1.0
2018/11/21,1074.0,1094.0,1070.0,1090.0,726000,-1.0,-1.0,-1.0
2018/11/22,1086.0,1090.0,1066.0,1082.0,1100000,-1.0,-1.0,-1.0
2018/11/26,1102.0,1130.0,1078.0,1088.0,1991000,-1.0,-1.0,-1.0
2018/11/27,1084.0,1090.0,1072.0,1080.0,1517500,-1.0,-1.0,-1.0
2018/11/28,1080.0,1094.0,1074.0,1076.0,1319000,-1.0,-1.0,-1.0
2018/11/29,1076.0,1084.0,1050.0,1054.0,2074000,-1.0,-1.0,-1.0
2018/11/30,1054.0,1082.0,1050.0,1064.0,1718500,-1.0,-1.0,-1.0
2018/12/03,1074.0,1082.0,1066.0,1074.0,1026000,-1.0,-1.0,-1.0
2018/12/04,1092.0,1106.0,1056.0,1056.0,1520500,-1.0,-1.0,-1.0
2018/12/05,1038.0,1060.0,1036.0,1056.0,1028000,-1.0,-1.0,-1.0
2018/12/06,1052.0,1058.0,1030.0,1036.0,849000,-1.0,-1.0,-1.0
2018/12/07,1040.0,1068.0,1036.0,1066.0,1427500,-1.0,-1.0,-1.0
2018/12/10,1060.0,1066.0,1048.0,1054.0,765000,-1.0,-1.0,-1.0
2018/12/11,1048.0,1050.0,1032.0,1038.0,768000,-1.0,-1.0,-1.0
2018/12/12,1058.0,1070.0,1054.0,1062.0,1208500,-1.0,-1.0,-1.0
2018/12/13,1068.0,1074.0,1060.0,1064.0,994500,-1.0,-1.0,-1.0
2018/12/14,1050.0,1062.0,1032.0,1036.0,1395000,-1.0,-1.0,-1.0
2018/12/17,1042.0,1058.0,1032.0,1046.0,1206500,-1.0,-1.0,-1.0
2018/12/18,1038.0,1064.0,1038.0,1054.0,1686500,-1.0,-1.0,-1.0
2018/12/19,1060.0,1070.0,1052.0,1058.0,1115000,-1.0,-1.0,-1.0
2018/12/20,1052.0,1056.0,1028.0,1030.0,859000,-1.0,-1.0,-1.0
2018/12/21,1016.0,1022.0,987.0,990.0,1507500,-1.0,-1.0,-1.0
2018/12/25,948.0,948.0,931.0,939.0,856500,-1.0,-1.0,-1.0
2018/12/26,936.0,954.0,924.0,935.0,1638000,-1.0,-1.0,-1.0
2018/12/27,963.0,995.0,961.0,991.0,962500,-1.0,-1.0,-1.0
2018/12/28,986.0,1004.0,985.0,995.0,622000,-1.0,-1.0,-1.0
2019/01/04,967.0,985.0,958.0,981.0,913500,-1.0,-1.0,-1.0
2019/01/07,1010.0,1020.0,1004.0,1010.0,698000,-1.0,-1.0,-1.0
2019/01/08,1014.0,1016.0,1004.0,1006.0,657000,-1.0,-1.0,-1.0
2019/01/09,1010.0,1022.0,1006.0,1020.0,766500,-1.0,-1.0,-1.0
2019/01/10,1016.0,1036.0,1012.0,1032.0,1012000,-1.0,-1.0,-1.0
2019/01/11,1034.0,1042.0,1024.0,1026.0,857500,-1.0,-1.0,-1.0
2019/01/15,1014.0,1040.0,1010.0,1034.0,863000,-1.0,-1.0,-1.0
2019/01/16,1066.0,1066.0,1030.0,1036.0,1166500,-1.0,-1.0,-1.0
2019/01/17,1038.0,1046.0,1024.0,1044.0,915500,-1.0,-1.0,-1.0
2019/01/18,1054.0,1072.0,1054.0,1058.0,682000,-1.0,-1.0,-1.0
2019/01/21,1058.0,1072.0,1054.0,1060.0,433000,-1.0,-1.0,-1.0
2019/01/22,1060.0,1064.0,1050.0,1052.0,410500,-1.0,-1.0,-1.0
2019/01/23,1042.0,1058.0,1040.0,1048.0,482000,-1.0,-1.0,-1.0
2019/01/24,1028.0,1050.0,1024.0,1044.0,727500,-1.0,-1.0,-1.0
2019/01/25,1048.0,1062.0,1044.0,1048.0,635500,-1.0,-1.0,-1.0
2019/01/28,1044.0,1046.0,1038.0,1040.0,378500,-1.0,-1.0,-1.0
2019/01/29,1048.0,1052.0,1038.0,1048.0,451000,-1.0,-1.0,-1.0
2019/01/30,1052.0,1056.0,1042.0,1052.0,665500,-1.0,-1.0,-1.0
2019/01/31,1092.0,1092.0,1046.0,1060.0,1614500,-1.0,-1.0,-1.0
2019/02/01,1040.0,1064.0,1026.0,1030.0,1641000,-1.0,-1.0,-1.0
2019/02/04,1028.0,1036.0,1006.0,1016.0,1478000,-1.0,-1.0,-1.0
2019/02/05,1008.0,1012.0,998.0,1004.0,1381500,-1.0,-1.0,-1.0
2019/02/06,1012.0,1038.0,1006.0,1022.0,1029000,-1.0,-1.0,-1.0
2019/02/07,1018.0,1034.0,1010.0,1030.0,873000,-1.0,-1.0,-1.0
2019/02/08,1016.0,1018.0,1000.0,1000.0,685500,-1.0,-1.0,-1.0
2019/02/12,1004.0,1024.0,1000.0,1022.0,781000,-1.0,-1.0,-1.0
2019/02/13,1026.0,1042.0,1024.0,1036.0,771500,-1.0,-1.0,-1.0
2019/02/14,1052.0,1082.0,1046.0,1076.0,1315000,-1.0,-1.0,-1.0
2019/02/15,1066.0,1068.0,1042.0,1066.0,904500,-1.0,-1.0,-1.0
2019/02/18,1076.0,1082.0,1064.0,1082.0,625500,-1.0,-1.0,-1.0
2019/02/19,1082.0,1096.0,1080.0,1092.0,858500,-1.0,-1.0,-1.0
2019/02/20,1094.0,1108.0,1092.0,1098.0,678500,-1.0,-1.0,-1.0
2019/02/21,1096.0,1106.0,1088.0,1100.0,836500,-1.0,-1.0,-1.0
2019/02/22,1086.0,1088.0,1078.0,1082.0,878000,-1.0,-1.0,-1.0
2019/02/25,1088.0,1094.0,1084.0,1086.0,685500,-1.0,-1.0,-1.0
2019/02/26,1096.0,1114.0,1096.0,1106.0,842500,-1.0,-1.0,-1.0
2019/02/27,1116.0,1122.0,1102.0,1104.0,1126000,-1.0,-1.0,-1.0
2019/02/28,1104.0,1108.0,1088.0,1090.0,868500,-1.0,-1.0,-1.0
2019/03/01,1100.0,1102.0,1090.0,1090.0,741000,-1.0,-1.0,-1.0
2019/03/04,1094.0,1098.0,1076.0,1098.0,717500,-1.0,-1.0,-1.0
2019/03/05,1098.0,1112.0,1094.0,1104.0,743000,-1.0,-1.0,-1.0
2019/03/06,1092.0,1094.0,1082.0,1086.0,471500,-1.0,-1.0,-1.0
2019/03/07,1074.0,1090.0,1068.0,1084.0,994000,-1.0,-1.0,-1.0
2019/03/08,1070.0,1094.0,1070.0,1080.0,1320000,-1.0,-1.0,-1.0
2019/03/11,1086.0,1100.0,1080.0,1094.0,690000,-1.0,-1.0,-1.0
2019/03/12,1100.0,1112.0,1100.0,1106.0,549000,-1.0,-1.0,-1.0
2019/03/13,1096.0,1106.0,1088.0,1094.0,824500,-1.0,-1.0,-1.0
2019/03/14,1102.0,1104.0,1092.0,1092.0,451500,-1.0,-1.0,-1.0
2019/03/15,1100.0,1106.0,1084.0,1084.0,1037500,-1.0,-1.0,-1.0
2019/03/18,1086.0,1092.0,1078.0,1092.0,496500,-1.0,-1.0,-1.0
2019/03/19,1098.0,1112.0,1090.0,1106.0,708000,-1.0,-1.0,-1.0
2019/03/20,1098.0,1106.0,1092.0,1100.0,521000,-1.0,-1.0,-1.0
2019/03/22,1092.0,1094.0,1068.0,1080.0,860500,-1.0,-1.0,-1.0
2019/03/25,1090.0,1090.0,1054.0,1058.0,810500,-1.0,-1.0,-1.0
2019/03/26,1078.0,1106.0,1074.0,1104.0,1010500,-1.0,-1.0,-1.0
2019/03/27,1108.0,1108.0,1082.0,1096.0,714000,-1.0,-1.0,-1.0
2019/03/28,1078.0,1082.0,1064.0,1068.0,569000,-1.0,-1.0,-1.0
2019/03/29,1086.0,1090.0,1072.0,1080.0,654500,-1.0,-1.0,-1.0
2019/04/01,1066.0,1090.0,1062.0,1088.0,1076500,-1.0,-1.0,-1.0
2019/04/02,1116.0,1116.0,1088.0,1090.0,625000,-1.0,-1.0,-1.0
2019/04/03,1070.0,1078.0,1046.0,1052.0,1322500,-1.0,-1.0,-1.0
2019/04/04,1020.0,1044.0,1006.0,1040.0,1488000,-1.0,-1.0,-1.0
2019/04/05,1036.0,1042.0,1020.0,1024.0,946500,-1.0,-1.0,-1.0
2019/04/08,1032.0,1046.0,1030.0,1038.0,1193500,-1.0,-1.0,-1.0
2019/04/09,1030.0,1038.0,1030.0,1032.0,531500,-1.0,-1.0,-1.0
2019/04/10,1030.0,1050.0,1026.0,1032.0,1129000,-1.0,-1.0,-1.0
2019/04/11,1030.0,1048.0,1026.0,1042.0,511000,-1.0,-1.0,-1.0
2019/04/12,1056.0,1056.0,1034.0,1040.0,532000,-1.0,-1.0,-1.0
2019/04/15,1040.0,1048.0,1036.0,1044.0,1112500,-1.0,-1.0,-1.0
2019/04/16,1044.0,1054.0,1042.0,1046.0,716000,-1.0,-1.0,-1.0
2019/04/17,1040.0,1056.0,1040.0,1054.0,781500,-1.0,-1.0,-1.0
2019/04/18,1056.0,1062.0,1042.0,1046.0,553500,-1.0,-1.0,-1.0
2019/04/19,1048.0,1052.0,1034.0,1044.0,585000,-1.0,-1.0,-1.0
2019/04/22,1052.0,1060.0,1044.0,1058.0,457000,-1.0,-1.0,-1.0
2019/04/23,1068.0,1070.0,1060.0,1070.0,480500,-1.0,-1.0,-1.0
2019/04/24,1070.0,1104.0,1046.0,1086.0,2330000,-1.0,-1.0,-1.0
2019/04/25,1088.0,1094.0,1060.0,1072.0,1221500,-1.0,-1.0,-1.0
2019/04/26,1072.0,1072.0,1058.0,1064.0,645000,-1.0,-1.0,-1.0
2019/05/07,1052.0,1060.0,1044.0,1056.0,746500,-1.0,-1.0,-1.0
2019/05/08,1036.0,1044.0,1022.0,1026.0,782500,-1.0,-1.0,-1.0
2019/05/09,1008.0,1020.0,1000.0,1000.0,1221000,-1.0,-1.0,-1.0
2019/05/10,985.0,1060.0,930.0,1042.0,3068500,-1.0,-1.0,-1.0
2019/05/13,1040.0,1086.0,1024.0,1076.0,2260500,-1.0,-1.0,-1.0
2019/05/14,1064.0,1084.0,1062.0,1078.0,1195000,-1.0,-1.0,-1.0
2019/05/15,1088.0,1094.0,1080.0,1094.0,1261000,-1.0,-1.0,-1.0
2019/05/16,1092.0,1114.0,1084.0,1112.0,1039500,-1.0,-1.0,-1.0
2019/05/17,1114.0,1140.0,1108.0,1134.0,1370000,-1.0,-1.0,-1.0
2019/05/20,1150.0,1162.0,1146.0,1156.0,1213500,-1.0,-1.0,-1.0
2019/05/21,1170.0,1172.0,1160.0,1160.0,951000,-1.0,-1.0,-1.0
2019/05/22,1160.0,1176.0,1148.0,1152.0,1027000,-1.0,-1.0,-1.0
2019/05/23,1152.0,1164.0,1140.0,1154.0,663000,-1.0,-1.0,-1.0
2019/05/24,1140.0,1156.0,1140.0,1156.0,582000,-1.0,-1.0,-1.0
2019/05/27,1154.0,1158.0,1148.0,1158.0,393000,-1.0,-1.0,-1.0
2019/05/28,1160.0,1160.0,1142.0,1142.0,919500,-1.0,-1.0,-1.0
2019/05/29,1128.0,1130.0,1106.0,1108.0,1249500,-1.0,-1.0,-1.0
2019/05/30,1096.0,1106.0,1088.0,1104.0,790000,-1.0,-1.0,-1.0
2019/05/31,1104.0,1108.0,1092.0,1100.0,674500,-1.0,-1.0,-1.0
2019/06/03,1082.0,1094.0,1080.0,1094.0,482500,-1.0,-1.0,-1.0
2019/06/04,1092.0,1092.0,1058.0,1082.0,1116000,-1.0,-1.0,-1.0
2019/06/05,1088.0,1096.0,1070.0,1092.0,925500,-1.0,-1.0,-1.0
2019/06/06,1100.0,1104.0,1090.0,1094.0,638000,-1.0,-1.0,-1.0
2019/06/07,1100.0,1104.0,1094.0,1100.0,433000,-1.0,-1.0,-1.0
2019/06/10,1102.0,1120.0,1100.0,1114.0,556000,-1.0,-1.0,-1.0
2019/06/11,1118.0,1126.0,1106.0,1124.0,653500,-1.0,-1.0,-1.0
2019/06/12,1112.0,1122.0,1108.0,1112.0,577500,-1.0,-1.0,-1.0
2019/06/13,1110.0,1116.0,1100.0,1106.0,982000,-1.0,-1.0,-1.0
2019/06/14,1112.0,1114.0,1096.0,1110.0,634500,-1.0,-1.0,-1.0
2019/06/17,1102.0,1112.0,1096.0,1106.0,635500,-1.0,-1.0,-1.0
2019/06/18,1110.0,1116.0,1096.0,1098.0,434000,-1.0,-1.0,-1.0
2019/06/19,1146.0,1156.0,1116.0,1118.0,1082000,-1.0,-1.0,-1.0
2019/06/20,1128.0,1134.0,1120.0,1126.0,615000,-1.0,-1.0,-1.0
2019/06/21,1120.0,1124.0,1096.0,1100.0,1225000,-1.0,-1.0,-1.0
2019/06/24,1100.0,1104.0,1090.0,1102.0,412500,-1.0,-1.0,-1.0
2019/06/25,1122.0,1136.0,1120.0,1124.0,760500,-1.0,-1.0,-1.0
2019/06/26,1136.0,1136.0,1112.0,1112.0,771500,-1.0,-1.0,-1.0
2019/06/27,1122.0,1130.0,1118.0,1124.0,513500,-1.0,-1.0,-1.0
2019/06/28,1144.0,1154.0,1120.0,1132.0,1067500,-1.0,-1.0,-1.0
2019/07/01,1150.0,1150.0,1126.0,1148.0,713500,-1.0,-1.0,-1.0
2019/07/02,1140.0,1158.0,1140.0,1156.0,567000,-1.0,-1.0,-1.0
2019/07/03,1142.0,1150.0,1138.0,1138.0,730500,-1.0,-1.0,-1.0
2019/07/04,1146.0,1148.0,1140.0,1144.0,241000,-1.0,-1.0,-1.0
2019/07/05,1144.0,1152.0,1140.0,1148.0,291500,-1.0,-1.0,-1.0
2019/07/08,1158.0,1160.0,1138.0,1142.0,495500,-1.0,-1.0,-1.0
2019/07/09,1156.0,1158.0,1136.0,1136.0,547000,-1.0,-1.0,-1.0
2019/07/10,1124.0,1152.0,1124.0,1146.0,663000,-1.0,-1.0,-1.0
2019/07/11,1142.0,1152.0,1140.0,1144.0,652000,-1.0,-1.0,-1.0
2019/07/12,1148.0,1164.0,1138.0,1154.0,701000,-1.0,-1.0,-1.0
2019/07/16,1152.0,1156.0,1136.0,1148.0,679000,-1.0,-1.0,-1.0
2019/07/17,1146.0,1164.0,1144.0,1154.0,654000,-1.0,-1.0,-1.0
2019/07/18,1134.0,1142.0,1112.0,1118.0,876500,-1.0,-1.0,-1.0
2019/07/19,1112.0,1138.0,1108.0,1134.0,618000,-1.0,-1.0,-1.0
2019/07/22,1124.0,1126.0,1110.0,1110.0,846500,-1.0,-1.0,-1.0
2019/07/23,1110.0,1124.0,1104.0,1116.0,587500,-1.0,-1.0,-1.0
2019/07/24,1122.0,1148.0,1120.0,1144.0,1191500,-1.0,-1.0,-1.0
2019/07/25,1140.0,1144.0,1134.0,1140.0,457500,-1.0,-1.0,-1.0
2019/07/26,1122.0,1136.0,1120.0,1134.0,504000,-1.0,-1.0,-1.0
2019/07/29,1136.0,1140.0,1126.0,1126.0,318500,-1.0,-1.0,-1.0
2019/07/30,1140.0,1150.0,1086.0,1146.0,1474000,-1.0,-1.0,-1.0
2019/07/31,1156.0,1188.0,1146.0,1170.0,2287000,-1.0,-1.0,-1.0
2019/08/01,1134.0,1168.0,1118.0,1164.0,1499500,-1.0,-1.0,-1.0
2019/08/02,1138.0,1158.0,1132.0,1142.0,1456500,-1.0,-1.0,-1.0
2019/08/05,1138.0,1148.0,1100.0,1112.0,1281000,-1.0,-1.0,-1.0
2019/08/06,1076.0,1114.0,1066.0,1110.0,1227500,-1.0,-1.0,-1.0
2019/08/07,1096.0,1110.0,1084.0,1108.0,976500,-1.0,-1.0,-1.0
2019/08/08,1098.0,1110.0,1096.0,1104.0,722000,-1.0,-1.0,-1.0
2019/08/09,1114.0,1116.0,1098.0,1100.0,493000,-1.0,-1.0,-1.0
2019/08/13,1086.0,1092.0,1074.0,1086.0,637500,-1.0,-1.0,-1.0
2019/08/14,1104.0,1104.0,1090.0,1102.0,623000,-1.0,-1.0,-1.0
2019/08/15,1072.0,1086.0,1064.0,1086.0,892000,-1.0,-1.0,-1.0
2019/08/16,1086.0,1098.0,1082.0,1090.0,628000,-1.0,-1.0,-1.0
2019/08/19,1098.0,1100.0,1084.0,1090.0,459000,-1.0,-1.0,-1.0
2019/08/20,1088.0,1120.0,1084.0,1116.0,671000,-1.0,-1.0,-1.0
2019/08/21,1122.0,1128.0,1100.0,1104.0,731500,-1.0,-1.0,-1.0
2019/08/22,1106.0,1106.0,1094.0,1102.0,531000,-1.0,-1.0,-1.0
2019/08/23,1102.0,1116.0,1098.0,1112.0,621000,-1.0,-1.0,-1.0
2019/08/26,1092.0,1102.0,1084.0,1090.0,777500,-1.0,-1.0,-1.0
2019/08/27,1096.0,1114.0,1096.0,1102.0,936000,-1.0,-1.0,-1.0
2019/08/28,1108.0,1122.0,1098.0,1106.0,695000,-1.0,-1.0,-1.0
2019/08/29,1100.0,1104.0,1090.0,1104.0,658000,-1.0,-1.0,-1.0
2019/08/30,1088.0,1088.0,1056.0,1076.0,3138000,-1.0,-1.0,-1.0
2019/09/02,1062.0,1070.0,1028.0,1032.0,1454500,-1.0,-1.0,-1.0
2019/09/03,1018.0,1042.0,1018.0,1030.0,891500,-1.0,-1.0,-1.0
2019/09/04,1022.0,1042.0,1016.0,1036.0,964000,-1.0,-1.0,-1.0
2019/09/05,1044.0,1050.0,1032.0,1034.0,1130500,-1.0,-1.0,-1.0
2019/09/06,1042.0,1044.0,1032.0,1036.0,579000,-1.0,-1.0,-1.0
2019/09/09,1030.0,1054.0,1030.0,1050.0,494500,-1.0,-1.0,-1.0
2019/09/10,1056.0,1082.0,1052.0,1064.0,818500,-1.0,-1.0,-1.0
2019/09/11,1072.0,1090.0,1066.0,1086.0,911500,-1.0,-1.0,-1.0
2019/09/12,1086.0,1088.0,1056.0,1062.0,1256500,-1.0,-1.0,-1.0
2019/09/13,1066.0,1080.0,1062.0,1078.0,1219500,-1.0,-1.0,-1.0
2019/09/17,1084.0,1092.0,1074.0,1086.0,660500,-1.0,-1.0,-1.0
2019/09/18,1096.0,1104.0,1090.0,1096.0,763500,-1.0,-1.0,-1.0
2019/09/19,1108.0,1118.0,1104.0,1112.0,647500,-1.0,-1.0,-1.0
2019/09/20,1134.0,1134.0,1116.0,1124.0,1054000,-1.0,-1.0,-1.0
2019/09/24,1118.0,1140.0,1118.0,1126.0,657500,-1.0,-1.0,-1.0
2019/09/25,1122.0,1132.0,1112.0,1132.0,595000,-1.0,-1.0,-1.0
2019/09/26,1152.0,1164.0,1130.0,1136.0,1523000,-1.0,-1.0,-1.0
2019/09/27,1134.0,1134.0,1106.0,1120.0,854500,-1.0,-1.0,-1.0
2019/09/30,1126.0,1134.0,1112.0,1122.0,1034000,-1.0,-1.0,-1.0
2019/10/01,1124.0,1136.0,1122.0,1124.0,836500,-1.0,-1.0,-1.0
2019/10/02,1106.0,1118.0,1098.0,1118.0,870500,-1.0,-1.0,-1.0
2019/10/03,1088.0,1106.0,1084.0,1096.0,1163000,-1.0,-1.0,-1.0
2019/10/04,1090.0,1114.0,1086.0,1110.0,726000,-1.0,-1.0,-1.0
2019/10/07,1118.0,1136.0,1116.0,1132.0,680000,-1.0,-1.0,-1.0
2019/10/08,1142.0,1158.0,1136.0,1148.0,963000,-1.0,-1.0,-1.0
2019/10/09,1150.0,1154.0,1138.0,1152.0,753000,-1.0,-1.0,-1.0
2019/10/10,1154.0,1158.0,1138.0,1150.0,657500,-1.0,-1.0,-1.0
2019/10/11,1166.0,1170.0,1154.0,1170.0,666500,-1.0,-1.0,-1.0
2019/10/15,1180.0,1182.0,1168.0,1176.0,854000,-1.0,-1.0,-1.0
2019/10/16,1184.0,1194.0,1170.0,1172.0,889500,-1.0,-1.0,-1.0
2019/10/17,1168.0,1186.0,1168.0,1176.0,745500,-1.0,-1.0,-1.0
2019/10/18,1176.0,1190.0,1166.0,1166.0,772000,-1.0,-1.0,-1.0
2019/10/21,1172.0,1174.0,1162.0,1164.0,339500,-1.0,-1.0,-1.0
2019/10/23,1172.0,1176.0,1158.0,1170.0,584000,-1.0,-1.0,-1.0
2019/10/24,1174.0,1178.0,1166.0,1170.0,584000,-1.0,-1.0,-1.0
2019/10/25,1170.0,1174.0,1160.0,1168.0,852000,-1.0,-1.0,-1.0
2019/10/28,1170.0,1186.0,1166.0,1178.0,816500,-1.0,-1.0,-1.0
2019/10/29,1186.0,1190.0,1162.0,1164.0,1050500,-1.0,-1.0,-1.0
2019/10/30,1160.0,1178.0,1160.0,1168.0,901000,-1.0,-1.0,-1.0
2019/10/31,1132.0,1190.0,1104.0,1108.0,1887000,-1.0,-1.0,-1.0
2019/11/01,1128.0,1158.0,1102.0,1126.0,1715000,-1.0,-1.0,-1.0
2019/11/05,1132.0,1174.0,1126.0,1162.0,1732000,-1.0,-1.0,-1.0
2019/11/06,1176.0,1194.0,1168.0,1188.0,1430000,-1.0,-1.0,-1.0
2019/11/07,1194.0,1204.0,1170.0,1174.0,1483500,-1.0,-1.0,-1.0
2019/11/08,1184.0,1192.0,1174.0,1178.0,1269000,-1.0,-1.0,-1.0
2019/11/11,1196.0,1208.0,1194.0,1194.0,802500,-1.0,-1.0,-1.0
2019/11/12,1190.0,1214.0,1188.0,1210.0,1025000,-1.0,-1.0,-1.0
2019/11/13,1218.0,1226.0,1206.0,1212.0,966000,-1.0,-1.0,-1.0
2019/11/14,1204.0,1212.0,1188.0,1206.0,1367500,-1.0,-1.0,-1.0
2019/11/15,1198.0,1206.0,1192.0,1202.0,598000,-1.0,-1.0,-1.0
2019/11/18,1188.0,1194.0,1178.0,1188.0,441500,-1.0,-1.0,-1.0
2019/11/19,1176.0,1184.0,1174.0,1182.0,570500,-1.0,-1.0,-1.0
2019/11/20,1162.0,1166.0,1150.0,1160.0,879000,-1.0,-1.0,-1.0
2019/11/21,1142.0,1156.0,1130.0,1156.0,894500,-1.0,-1.0,-1.0
2019/11/22,1136.0,1142.0,1128.0,1136.0,1288000,-1.0,-1.0,-1.0
2019/11/25,1150.0,1156.0,1142.0,1148.0,866000,-1.0,-1.0,-1.0
2019/11/26,1146.0,1162.0,1146.0,1156.0,693000,-1.0,-1.0,-1.0
2019/11/27,1160.0,1160.0,1148.0,1152.0,616500,-1.0,-1.0,-1.0
2019/11/28,1138.0,1140.0,1130.0,1140.0,449000,-1.0,-1.0,-1.0
2019/11/29,1134.0,1134.0,1124.0,1128.0,789500,-1.0,-1.0,-1.0
2019/12/02,1140.0,1148.0,1134.0,1138.0,690000,-1.0,-1.0,-1.0
2019/12/03,1128.0,1142.0,1128.0,1136.0,763000,-1.0,-1.0,-1.0
2019/12/04,1140.0,1140.0,1126.0,1132.0,852000,-1.0,-1.0,-1.0
2019/12/05,1120.0,1124.0,1106.0,1120.0,735500,-1.0,-1.0,-1.0
2019/12/06,1106.0,1112.0,1100.0,1110.0,1107500,-1.0,-1.0,-1.0
2019/12/09,1122.0,1124.0,1112.0,1116.0,505500,-1.0,-1.0,-1.0
2019/12/10,1118.0,1128.0,1112.0,1116.0,1113000,-1.0,-1.0,-1.0
2019/12/11,1122.0,1122.0,1098.0,1102.0,678500,-1.0,-1.0,-1.0
2019/12/12,1108.0,1112.0,1100.0,1100.0,779000,-1.0,-1.0,-1.0
2019/12/13,1114.0,1130.0,1104.0,1124.0,1111500,-1.0,-1.0,-1.0
2019/12/16,1126.0,1126.0,1112.0,1114.0,472000,-1.0,-1.0,-1.0
2019/12/17,1122.0,1122.0,1106.0,1116.0,566000,-1.0,-1.0,-1.0
2019/12/18,1124.0,1124.0,1110.0,1120.0,662000,-1.0,-1.0,-1.0
2019/12/19,1110.0,1120.0,1108.0,1116.0,616500,-1.0,-1.0,-1.0
2019/12/20,1116.0,1124.0,1110.0,1116.0,1231500,-1.0,-1.0,-1.0
2019/12/23,1122.0,1126.0,1100.0,1104.0,472500,-1.0,-1.0,-1.0
2019/12/24,1108.0,1114.0,1090.0,1096.0,398500,-1.0,-1.0,-1.0
2019/12/25,1106.0,1106.0,1090.0,1092.0,377000,-1.0,-1.0,-1.0
2019/12/26,1096.0,1098.0,1088.0,1096.0,405000,-1.0,-1.0,-1.0
2019/12/27,1094.0,1102.0,1094.0,1102.0,375000,-1.0,-1.0,-1.0
2019/12/30,1100.0,1106.0,1094.0,1100.0,441500,-1.0,-1.0,-1.0
2020/01/06,1092.0,1108.0,1086.0,1090.0,1259500,-1.0,-1.0,-1.0
2020/01/07,1108.0,1126.0,1108.0,1122.0,956500,-1.0,-1.0,-1.0
2020/01/08,1104.0,1112.0,1092.0,1100.0,918000,-1.0,-1.0,-1.0
2020/01/09,1120.0,1130.0,1112.0,1116.0,694000,-1.0,-1.0,-1.0
2020/01/10,1122.0,1136.0,1122.0,1122.0,634000,-1.0,-1.0,-1.0
2020/01/14,1128.0,1140.0,1110.0,1118.0,776500,-1.0,-1.0,-1.0
2020/01/15,1112.0,1130.0,1112.0,1118.0,562000,-1.0,-1.0,-1.0
2020/01/16,1120.0,1124.0,1112.0,1114.0,385000,-1.0,-1.0,-1.0
2020/01/17,1106.0,1116.0,1102.0,1114.0,708500,-1.0,-1.0,-1.0
2020/01/20,1110.0,1120.0,1110.0,1116.0,478000,-1.0,-1.0,-1.0
2020/01/21,1110.0,1114.0,1104.0,1106.0,670000,-1.0,-1.0,-1.0
2020/01/22,1096.0,1112.0,1094.0,1104.0,748500,-1.0,-1.0,-1.0
2020/01/23,1098.0,1118.0,1092.0,1092.0,828000,-1.0,-1.0,-1.0
2020/01/24,1098.0,1106.0,1096.0,1102.0,886000,-1.0,-1.0,-1.0
2020/01/27,1102.0,1106.0,1092.0,1096.0,909500,-1.0,-1.0,-1.0
2020/01/28,1082.0,1088.0,1072.0,1080.0,716500,-1.0,-1.0,-1.0
2020/01/29,1084.0,1094.0,1078.0,1090.0,762000,-1.0,-1.0,-1.0
2020/01/30,1078.0,1088.0,1074.0,1080.0,889500,-1.0,-1.0,-1.0
2020/01/31,1084.0,1120.0,1072.0,1086.0,2098000,-1.0,-1.0,-1.0
2020/02/03,1066.0,1096.0,1054.0,1084.0,1211000,-1.0,-1.0,-1.0
2020/02/04,1078.0,1084.0,1068.0,1078.0,955000,-1.0,-1.0,-1.0
2020/02/05,1094.0,1106.0,1082.0,1102.0,755000,-1.0,-1.0,-1.0
2020/02/06,1120.0,1150.0,1118.0,1142.0,1052500,-1.0,-1.0,-1.0
2020/02/07,1142.0,1160.0,1138.0,1138.0,984000,-1.0,-1.0,-1.0
2020/02/10,1120.0,1122.0,1100.0,1104.0,727500,-1.0,-1.0,-1.0
2020/02/12,1116.0,1116.0,1082.0,1086.0,1048000,-1.0,-1.0,-1.0
2020/02/13,1090.0,1096.0,1070.0,1078.0,744000,-1.0,-1.0,-1.0
2020/02/14,1076.0,1078.0,1054.0,1060.0,1097500,-1.0,-1.0,-1.0
2020/02/17,1040.0,1050.0,1032.0,1046.0,832500,-1.0,-1.0,-1.0
2020/02/18,1028.0,1028.0,1006.0,1012.0,1038000,-1.0,-1.0,-1.0
2020/02/19,1020.0,1024.0,1012.0,1018.0,878500,-1.0,-1.0,-1.0
2020/02/20,1016.0,1030.0,1016.0,1020.0,795000,-1.0,-1.0,-1.0
2020/02/21,1018.0,1026.0,1004.0,1008.0,1118500,-1.0,-1.0,-1.0
2020/02/25,974.0,987.0,971.0,971.0,1148500,-1.0,-1.0,-1.0
2020/02/26,954.0,964.0,949.0,959.0,1212500,-1.0,-1.0,-1.0
2020/02/27,953.0,954.0,938.0,943.0,1164500,-1.0,-1.0,-1.0
2020/02/28,921.0,931.0,910.0,919.0,1364000,-1.0,-1.0,-1.0
2020/03/02,905.0,932.0,900.0,924.0,1270500,-1.0,-1.0,-1.0
2020/03/03,926.0,937.0,906.0,910.0,1803000,-1.0,-1.0,-1.0
2020/03/04,897.0,911.0,885.0,897.0,1280000,-1.0,-1.0,-1.0
2020/03/05,896.0,898.0,884.0,888.0,1401500,-1.0,-1.0,-1.0
2020/03/06,874.0,876.0,855.0,860.0,913000,-1.0,-1.0,-1.0
2020/03/09,829.0,834.0,800.0,808.0,941500,-1.0,-1.0,-1.0
2020/03/10,794.0,815.0,765.0,812.0,1612500,-1.0,-1.0,-1.0
2020/03/11,808.0,833.0,796.0,811.0,1818000,-1.0,-1.0,-1.0
2020/03/12,797.0,816.0,780.0,790.0,1512000,-1.0,-1.0,-1.0
2020/03/13,734.0,755.0,712.0,736.0,1474500,-1.0,-1.0,-1.0
2020/03/16,742.0,754.0,727.0,727.0,1145500,-1.0,-1.0,-1.0
2020/03/17,707.0,753.0,702.0,746.0,1437500,-1.0,-1.0,-1.0
2020/03/18,756.0,756.0,713.0,717.0,2456000,-1.0,-1.0,-1.0
2020/03/19,731.0,737.0,703.0,717.0,1857500,-1.0,-1.0,-1.0
2020/03/23,703.0,743.0,687.0,735.0,2320000,-1.0,-1.0,-1.0
2020/03/24,762.0,773.0,732.0,760.0,1843500,-1.0,-1.0,-1.0
2020/03/25,802.0,831.0,784.0,817.0,2097500,-1.0,-1.0,-1.0
2020/03/26,806.0,806.0,773.0,786.0,1544500,-1.0,-1.0,-1.0
2020/03/27,826.0,864.0,824.0,862.0,1671000,-1.0,-1.0,-1.0
2020/03/30,844.0,883.0,810.0,874.0,2119500,-1.0,-1.0,-1.0
2020/03/31,864.0,864.0,795.0,807.0,1643000,-1.0,-1.0,-1.0
2020/04/01,811.0,842.0,796.0,800.0,1534000,-1.0,-1.0,-1.0
2020/04/02,786.0,804.0,778.0,787.0,773500,-1.0,-1.0,-1.0
2020/04/03,787.0,812.0,773.0,778.0,786500,-1.0,-1.0,-1.0
2020/04/06,778.0,800.0,772.0,793.0,586000,-1.0,-1.0,-1.0
2020/04/07,817.0,835.0,808.0,827.0,873500,-1.0,-1.0,-1.0
2020/04/08,844.0,860.0,827.0,852.0,1105000,-1.0,-1.0,-1.0
2020/04/09,868.0,870.0,808.0,819.0,799500,-1.0,-1.0,-1.0
2020/04/10,815.0,825.0,794.0,823.0,448000,-1.0,-1.0,-1.0
2020/04/13,823.0,823.0,795.0,798.0,387500,-1.0,-1.0,-1.0
2020/04/14,804.0,820.0,799.0,819.0,520000,-1.0,-1.0,-1.0
2020/04/15,810.0,823.0,803.0,810.0,969500,-1.0,-1.0,-1.0
2020/04/16,799.0,811.0,794.0,802.0,592500,-1.0,-1.0,-1.0
2020/04/17,815.0,835.0,805.0,809.0,1005500,-1.0,-1.0,-1.0
2020/04/20,771.0,791.0,768.0,786.0,1181500,-1.0,-1.0,-1.0
2020/04/21,766.0,778.0,757.0,776.0,1315000,-1.0,-1.0,-1.0
2020/04/22,779.0,780.0,756.0,760.0,941000,-1.0,-1.0,-1.0
2020/04/23,766.0,788.0,766.0,788.0,832500,-1.0,-1.0,-1.0
2020/04/24,782.0,788.0,772.0,783.0,689500,-1.0,-1.0,-1.0
2020/04/27,803.0,811.0,786.0,803.0,935000,-1.0,-1.0,-1.0
2020/04/28,802.0,802.0,785.0,790.0,1029000,-1.0,-1.0,-1.0
2020/04/30,808.0,847.0,808.0,834.0,1313000,-1.0,-1.0,-1.0
2020/05/01,823.0,829.0,789.0,796.0,1446000,-1.0,-1.0,-1.0
2020/05/07,793.0,800.0,781.0,789.0,762000,-1.0,-1.0,-1.0
2020/05/08,805.0,809.0,791.0,805.0,863500,-1.0,-1.0,-1.0
2020/05/11,819.0,899.0,813.0,838.0,1425000,-1.0,-1.0,-1.0
2020/05/12,837.0,845.0,783.0,794.0,1951000,-1.0,-1.0,-1.0
2020/05/13,785.0,815.0,779.0,808.0,1312500,-1.0,-1.0,-1.0
2020/05/14,791.0,798.0,773.0,773.0,1004500,-1.0,-1.0,-1.0
2020/05/15,795.0,795.0,770.0,790.0,796500,-1.0,-1.0,-1.0
2020/05/18,778.0,784.0,770.0,782.0,1147000,-1.0,-1.0,-1.0
2020/05/19,796.0,806.0,780.0,806.0,2040500,-1.0,-1.0,-1.0
2020/05/20,782.0,798.0,780.0,795.0,1384500,-1.0,-1.0,-1.0
2020/05/21,791.0,802.0,785.0,800.0,1095500,-1.0,-1.0,-1.0
2020/05/22,804.0,804.0,772.0,778.0,998500,-1.0,-1.0,-1.0
2020/05/25,790.0,804.0,783.0,804.0,903500,-1.0,-1.0,-1.0
2020/05/26,816.0,837.0,811.0,832.0,1273500,-1.0,-1.0,-1.0
2020/05/27,846.0,857.0,835.0,855.0,1192000,-1.0,-1.0,-1.0
2020/05/28,852.0,857.0,841.0,854.0,1656500,-1.0,-1.0,-1.0
2020/05/29,845.0,881.0,841.0,879.0,2087500,-1.0,-1.0,-1.0
2020/06/01,871.0,875.0,864.0,868.0,1210000,-1.0,-1.0,-1.0
2020/06/02,877.0,885.0,873.0,877.0,906500,-1.0,-1.0,-1.0
2020/06/03,879.0,894.0,873.0,888.0,1201000,-1.0,-1.0,-1.0
2020/06/04,900.0,901.0,869.0,882.0,950500,-1.0,-1.0,-1.0
2020/06/05,874.0,892.0,869.0,890.0,1503500,-1.0,-1.0,-1.0
2020/06/08,912.0,920.0,898.0,907.0,1703000,-1.0,-1.0,-1.0
2020/06/09,904.0,904.0,869.0,884.0,2127000,-1.0,-1.0,-1.0
2020/06/10,875.0,891.0,870.0,882.0,1552000,-1.0,-1.0,-1.0
2020/06/11,869.0,873.0,852.0,854.0,1298000,-1.0,-1.0,-1.0
2020/06/12,798.0,837.0,793.0,832.0,1592000,-1.0,-1.0,-1.0
2020/06/15,822.0,828.0,807.0,807.0,1025000,-1.0,-1.0,-1.0
2020/06/16,828.0,854.0,821.0,852.0,1790500,-1.0,-1.0,-1.0
2020/06/17,852.0,856.0,840.0,842.0,796000,-1.0,-1.0,-1.0
2020/06/18,840.0,845.0,830.0,843.0,810000,-1.0,-1.0,-1.0
2020/06/19,847.0,847.0,826.0,829.0,1700500,-1.0,-1.0,-1.0
2020/06/22,815.0,823.0,812.0,818.0,679500,-1.0,-1.0,-1.0
2020/06/23,814.0,828.0,810.0,824.0,1401500,-1.0,-1.0,-1.0
2020/06/24,829.0,839.0,804.0,823.0,1744000,-1.0,-1.0,-1.0
2020/06/25,820.0,823.0,807.0,818.0,1107500,-1.0,-1.0,-1.0
2020/06/26,827.0,835.0,823.0,831.0,1362000,-1.0,-1.0,-1.0
2020/06/29,818.0,824.0,810.0,812.0,665000,-1.0,-1.0,-1.0
2020/06/30,823.0,838.0,808.0,810.0,1606500,-1.0,-1.0,-1.0
2020/07/01,815.0,831.0,807.0,816.0,1392500,-1.0,-1.0,-1.0
2020/07/02,819.0,819.0,796.0,805.0,1461000,-1.0,-1.0,-1.0
2020/07/03,814.0,815.0,799.0,808.0,915500,-1.0,-1.0,-1.0
2020/07/06,806.0,828.0,802.0,827.0,706500,-1.0,-1.0,-1.0
2020/07/07,793.0,811.0,792.0,810.0,1130000,-1.0,-1.0,-1.0
2020/07/08,806.0,815.0,799.0,799.0,1037500,-1.0,-1.0,-1.0
2020/07/09,801.0,804.0,783.0,787.0,1313000,-1.0,-1.0,-1.0
2020/07/10,786.0,786.0,776.0,778.0,1173500,-1.0,-1.0,-1.0
2020/07/13,793.0,807.0,793.0,805.0,1166000,-1.0,-1.0,-1.0
2020/07/14,784.0,791.0,777.0,786.0,1378000,-1.0,-1.0,-1.0
2020/07/15,792.0,807.0,792.0,802.0,1291000,-1.0,-1.0,-1.0
2020/07/16,816.0,823.0,812.0,815.0,1347000,-1.0,-1.0,-1.0
2020/07/17,813.0,813.0,801.0,805.0,957500,-1.0,-1.0,-1.0
2020/07/20,803.0,812.0,799.0,807.0,788500,-1.0,-1.0,-1.0
2020/07/21,800.0,801.0,786.0,795.0,901500,-1.0,-1.0,-1.0
2020/07/22,779.0,788.0,766.0,766.0,1276000,-1.0,-1.0,-1.0
2020/07/27,761.0,779.0,756.0,779.0,1620000,-1.0,-1.0,-1.0
2020/07/28,781.0,787.0,768.0,773.0,1033000,-1.0,-1.0,-1.0
2020/07/29,764.0,767.0,754.0,758.0,1614500,-1.0,-1.0,-1.0
2020/07/30,771.0,775.0,751.0,770.0,3102000,-1.0,-1.0,-1.0
2020/07/31,756.0,792.0,724.0,729.0,2567500,-1.0,-1.0,-1.0
2020/08/03,746.0,765.0,745.0,757.0,1603000,-1.0,-1.0,-1.0
2020/08/04,775.0,806.0,773.0,802.0,2217500,-1.0,-1.0,-1.0
2020/08/05,785.0,801.0,779.0,801.0,1523000,-1.0,-1.0,-1.0
2020/08/06,802.0,802.0,779.0,784.0,1405000,-1.0,-1.0,-1.0
2020/08/07,788.0,811.0,786.0,802.0,900000,-1.0,-1.0,-1.0
2020/08/11,810.0,831.0,795.0,822.0,1874500,-1.0,-1.0,-1.0
2020/08/12,829.0,859.0,826.0,853.0,1673000,-1.0,-1.0,-1.0
2020/08/13,847.0,863.0,838.0,859.0,1710500,-1.0,-1.0,-1.0
2020/08/14,850.0,853.0,841.0,843.0,948000,-1.0,-1.0,-1.0
2020/08/17,843.0,855.0,841.0,841.0,812000,-1.0,-1.0,-1.0
2020/08/18,839.0,860.0,832.0,846.0,1256000,-1.0,-1.0,-1.0
2020/08/19,843.0,850.0,834.0,847.0,1122500,-1.0,-1.0,-1.0
2020/08/20,842.0,846.0,836.0,838.0,709500,-1.0,-1.0,-1.0
2020/08/21,856.0,858.0,844.0,846.0,708500,-1.0,-1.0,-1.0
2020/08/24,843.0,847.0,832.0,838.0,884000,-1.0,-1.0,-1.0
2020/08/25,850.0,859.0,847.0,853.0,1630500,-1.0,-1.0,-1.0
2020/08/26,848.0,868.0,841.0,860.0,1028000,-1.0,-1.0,-1.0
2020/08/27,853.0,878.0,847.0,874.0,1803500,-1.0,-1.0,-1.0
2020/08/28,886.0,896.0,864.0,866.0,1864000,-1.0,-1.0,-1.0
2020/08/31,891.0,895.0,884.0,886.0,1121000,-1.0,-1.0,-1.0
2020/09/01,873.0,876.0,863.0,873.0,905500,-1.0,-1.0,-1.0
2020/09/02,876.0,880.0,868.0,875.0,766500,-1.0,-1.0,-1.0
2020/09/03,880.0,881.0,867.0,874.0,620500,-1.0,-1.0,-1.0
2020/09/04,865.0,880.0,858.0,878.0,964500,-1.0,-1.0,-1.0
2020/09/07,872.0,874.0,858.0,864.0,695500,-1.0,-1.0,-1.0
2020/09/08,871.0,875.0,863.0,874.0,499000,-1.0,-1.0,-1.0
2020/09/09,860.0,865.0,847.0,861.0,929000,-1.0,-1.0,-1.0
2020/09/10,863.0,887.0,855.0,884.0,1120500,-1.0,-1.0,-1.0
2020/09/11,878.0,894.0,872.0,891.0,1058500,-1.0,-1.0,-1.0
2020/09/14,900.0,919.0,899.0,916.0,898500,-1.0,-1.0,-1.0
2020/09/15,907.0,919.0,900.0,908.0,843000,-1.0,-1.0,-1.0
2020/09/16,920.0,920.0,902.0,903.0,1048000,-1.0,-1.0,-1.0
2020/09/17,889.0,900.0,880.0,895.0,976000,-1.0,-1.0,-1.0
2020/09/18,901.0,918.0,893.0,904.0,1120000,-1.0,-1.0,-1.0
2020/09/23,890.0,904.0,881.0,900.0,1072500,-1.0,-1.0,-1.0
2020/09/24,895.0,895.0,868.0,871.0,1241000,-1.0,-1.0,-1.0
2020/09/25,874.0,876.0,851.0,858.0,1459500,-1.0,-1.0,-1.0
2020/09/28,864.0,875.0,860.0,875.0,1456000,-1.0,-1.0,-1.0
2020/09/29,865.0,865.0,847.0,855.0,1094000,-1.0,-1.0,-1.0
2020/09/30,841.0,851.0,827.0,827.0,1225000,-1.0,-1.0,-1.0
2020/10/02,825.0,837.0,803.0,810.0,1669500,-1.0,-1.0,-1.0
2020/10/05,824.0,842.0,822.0,837.0,882500,-1.0,-1.0,-1.0
2020/10/06,851.0,857.0,840.0,850.0,1236500,-1.0,-1.0,-1.0
2020/10/07,829.0,848.0,823.0,843.0,917000,-1.0,-1.0,-1.0
2020/10/08,844.0,850.0,836.0,845.0,1099500,-1.0,-1.0,-1.0
2020/10/09,845.0,848.0,835.0,839.0,843000,-1.0,-1.0,-1.0
2020/10/12,832.0,839.0,827.0,835.0,613000,-1.0,-1.0,-1.0
2020/10/13,841.0,846.0,825.0,827.0,736000,-1.0,-1.0,-1.0
2020/10/14,827.0,830.0,817.0,822.0,554500,-1.0,-1.0,-1.0
2020/10/15,823.0,823.0,806.0,810.0,637500,-1.0,-1.0,-1.0
2020/10/16,808.0,814.0,802.0,802.0,520500,-1.0,-1.0,-1.0
2020/10/19,802.0,816.0,800.0,813.0,739500,-1.0,-1.0,-1.0
2020/10/20,802.0,810.0,790.0,793.0,418000,-1.0,-1.0,-1.0
2020/10/21,807.0,818.0,794.0,813.0,685000,-1.0,-1.0,-1.0
2020/10/22,806.0,819.0,801.0,814.0,761500,-1.0,-1.0,-1.0
2020/10/23,814.0,822.0,809.0,819.0,791000,-1.0,-1.0,-1.0
2020/10/26,818.0,823.0,810.0,817.0,521500,-1.0,-1.0,-1.0
2020/10/27,804.0,810.0,794.0,806.0,706000,-1.0,-1.0,-1.0
2020/10/28,799.0,801.0,784.0,793.0,773000,-1.0,-1.0,-1.0
2020/10/29,787.0,794.0,784.0,791.0,454000,-1.0,-1.0,-1.0
2020/10/30,800.0,800.0,740.0,746.0,2094000,-1.0,-1.0,-1.0
2020/11/02,746.0,787.0,746.0,784.0,1847000,-1.0,-1.0,-1.0
2020/11/04,794.0,799.0,780.0,783.0,964000,-1.0,-1.0,-1.0
2020/11/05,783.0,793.0,773.0,790.0,1030500,-1.0,-1.0,-1.0
2020/11/06,790.0,794.0,780.0,791.0,1087500,-1.0,-1.0,-1.0
2020/11/09,795.0,795.0,775.0,783.0,1069500,-1.0,-1.0,-1.0
2020/11/10,806.0,823.0,799.0,814.0,1680500,-1.0,-1.0,-1.0
2020/11/11,836.0,846.0,824.0,827.0,1525000,-1.0,-1.0,-1.0
2020/11/12,813.0,819.0,802.0,810.0,807000,-1.0,-1.0,-1.0
2020/11/13,803.0,803.0,774.0,785.0,958000,-1.0,-1.0,-1.0
2020/11/16,797.0,812.0,789.0,806.0,1043500,-1.0,-1.0,-1.0
2020/11/17,812.0,830.0,806.0,830.0,947000,-1.0,-1.0,-1.0
2020/11/18,829.0,829.0,811.0,816.0,975500,-1.0,-1.0,-1.0
2020/11/19,806.0,814.0,801.0,814.0,992000,-1.0,-1.0,-1.0
2020/11/20,803.0,819.0,803.0,819.0,641000,-1.0,-1.0,-1.0
2020/11/24,830.0,846.0,828.0,839.0,923000,-1.0,-1.0,-1.0
2020/11/25,860.0,860.0,823.0,824.0,1094500,-1.0,-1.0,-1.0
2020/11/26,830.0,842.0,824.0,842.0,939500,-1.0,-1.0,-1.0
2020/11/27,837.0,840.0,823.0,826.0,1119000,-1.0,-1.0,-1.0
2020/11/30,812.0,812.0,766.0,769.0,2031500,-1.0,-1.0,-1.0
2020/12/01,788.0,793.0,772.0,788.0,1198000,-1.0,-1.0,-1.0
2020/12/02,794.0,800.0,786.0,794.0,1013500,-1.0,-1.0,-1.0
2020/12/03,804.0,811.0,794.0,802.0,649000,-1.0,-1.0,-1.0
2020/12/04,792.0,802.0,784.0,785.0,651000,-1.0,-1.0,-1.0
2020/12/07,790.0,795.0,782.0,782.0,528000,-1.0,-1.0,-1.0
2020/12/08,770.0,780.0,769.0,769.0,676500,-1.0,-1.0,-1.0
2020/12/09,767.0,784.0,767.0,783.0,510500,-1.0,-1.0,-1.0
2020/12/10,783.0,794.0,781.0,782.0,899000,-1.0,-1.0,-1.0
2020/12/11,784.0,796.0,781.0,795.0,1084000,-1.0,-1.0,-1.0
2020/12/14,805.0,831.0,804.0,811.0,1178500,-1.0,-1.0,-1.0
2020/12/15,797.0,811.0,794.0,803.0,545000,-1.0,-1.0,-1.0
2020/12/16,808.0,810.0,800.0,804.0,576000,-1.0,-1.0,-1.0
2020/12/17,798.0,799.0,788.0,789.0,532500,-1.0,-1.0,-1.0
2020/12/18,783.0,793.0,781.0,788.0,871500,-1.0,-1.0,-1.0
2020/12/21,794.0,794.0,773.0,783.0,734000,-1.0,-1.0,-1.0
2020/12/22,774.0,774.0,751.0,756.0,1333500,-1.0,-1.0,-1.0
2020/12/23,766.0,769.0,750.0,755.0,614500,-1.0,-1.0,-1.0
2020/12/24,767.0,774.0,758.0,759.0,547000,-1.0,-1.0,-1.0
2020/12/25,770.0,781.0,769.0,778.0,552000,-1.0,-1.0,-1.0
2020/12/28,776.0,782.0,772.0,776.0,587500,-1.0,-1.0,-1.0
2020/12/29,779.0,791.0,775.0,785.0,768500,-1.0,-1.0,-1.0
2020/12/30,785.0,786.0,774.0,779.0,516500,-1.0,-1.0,-1.0
2021/01/04,787.0,787.0,765.0,774.0,661000,-1.0,-1.0,-1.0
2021/01/05,771.0,777.0,766.0,775.0,924500,-1.0,-1.0,-1.0
2021/01/06,761.0,779.0,761.0,776.0,880000,-1.0,-1.0,-1.0
2021/01/07,790.0,819.0,790.0,803.0,1403000,-1.0,-1.0,-1.0
2021/01/08,806.0,820.0,794.0,818.0,1192500,-1.0,-1.0,-1.0
2021/01/12,822.0,828.0,812.0,819.0,1040500,-1.0,-1.0,-1.0
2021/01/13,813.0,830.0,807.0,828.0,807000,-1.0,-1.0,-1.0
2021/01/14,819.0,830.0,815.0,830.0,794500,-1.0,-1.0,-1.0
2021/01/15,827.0,834.0,812.0,813.0,615000,-1.0,-1.0,-1.0
2021/01/18,803.0,812.0,801.0,811.0,513000,-1.0,-1.0,-1.0
2021/01/19,811.0,814.0,795.0,796.0,660000,-1.0,-1.0,-1.0
2021/01/20,785.0,792.0,782.0,786.0,763500,-1.0,-1.0,-1.0
2021/01/21,792.0,806.0,790.0,803.0,630500,-1.0,-1.0,-1.0
2021/01/22,786.0,800.0,784.0,793.0,669500,-1.0,-1.0,-1.0
2021/01/25,789.0,792.0,782.0,791.0,709500,-1.0,-1.0,-1.0
2021/01/26,789.0,792.0,784.0,788.0,669500,-1.0,-1.0,-1.0
2021/01/27,788.0,808.0,786.0,795.0,888000,-1.0,-1.0,-1.0
2021/01/28,777.0,808.0,777.0,798.0,2769000,-1.0,-1.0,-1.0
2021/01/29,799.0,810.0,786.0,788.0,799000,-1.0,-1.0,-1.0
2021/02/01,755.0,782.0,755.0,777.0,1020500,-1.0,-1.0,-1.0
2021/02/02,791.0,806.0,783.0,791.0,1409000,-1.0,-1.0,-1.0
2021/02/03,800.0,822.0,800.0,822.0,1048000,-1.0,-1.0,-1.0
2021/02/04,834.0,843.0,827.0,840.0,1386500,-1.0,-1.0,-1.0
2021/02/05,849.0,864.0,840.0,862.0,1043000,-1.0,-1.0,-1.0
2021/02/08,876.0,898.0,871.0,894.0,1697500,-1.0,-1.0,-1.0
2021/02/09,896.0,896.0,865.0,872.0,1222500,-1.0,-1.0,-1.0
2021/02/10,864.0,871.0,860.0,869.0,876000,-1.0,-1.0,-1.0
2021/02/12,870.0,877.0,865.0,869.0,851500,-1.0,-1.0,-1.0
2021/02/15,876.0,884.0,871.0,878.0,600000,-1.0,-1.0,-1.0
2021/02/16,880.0,892.0,874.0,881.0,651000,-1.0,-1.0,-1.0
2021/02/17,880.0,902.0,878.0,887.0,915500,-1.0,-1.0,-1.0
2021/02/18,900.0,900.0,885.0,891.0,979500,-1.0,-1.0,-1.0
2021/02/19,897.0,898.0,879.0,883.0,1112500,-1.0,-1.0,-1.0
2021/02/22,892.0,904.0,887.0,894.0,837500,-1.0,-1.0,-1.0
2021/02/24,904.0,913.0,899.0,900.0,1366500,-1.0,-1.0,-1.0
2021/02/25,909.0,911.0,895.0,900.0,1320000,-1.0,-1.0,-1.0
2021/02/26,899.0,900.0,888.0,888.0,1396000,-1.0,-1.0,-1.0
2021/03/01,898.0,912.0,891.0,910.0,755500,-1.0,-1.0,-1.0
2021/03/02,914.0,914.0,902.0,906.0,823500,-1.0,-1.0,-1.0
2021/03/03,905.0,911.0,898.0,906.0,785000,-1.0,-1.0,-1.0
2021/03/04,916.0,920.0,900.0,911.0,689000,-1.0,-1.0,-1.0
2021/03/05,917.0,927.0,913.0,926.0,914500,-1.0,-1.0,-1.0
2021/03/08,952.0,955.0,936.0,940.0,902500,-1.0,-1.0,-1.0
2021/03/09,958.0,973.0,954.0,971.0,1167000,-1.0,-1.0,-1.0
2021/03/10,971.0,976.0,960.0,968.0,994000,-1.0,-1.0,-1.0
2021/03/11,978.0,984.0,970.0,975.0,764500,-1.0,-1.0,-1.0
2021/03/12,984.0,984.0,963.0,981.0,906000,-1.0,-1.0,-1.0
2021/03/15,990.0,998.0,982.0,992.0,626000,-1.0,-1.0,-1.0
2021/03/16,999.0,1010.0,990.0,1006.0,826000,-1.0,-1.0,-1.0
2021/03/17,1004.0,1010.0,995.0,1010.0,791000,-1.0,-1.0,-1.0
2021/03/18,1028.0,1030.0,1010.0,1020.0,999000,-1.0,-1.0,-1.0
2021/03/19,1026.0,1036.0,1022.0,1026.0,1666000,-1.0,-1.0,-1.0
2021/03/22,1018.0,1040.0,1014.0,1030.0,698000,-1.0,-1.0,-1.0
2021/03/23,1030.0,1032.0,1014.0,1016.0,531500,-1.0,-1.0,-1.0
2021/03/24,1004.0,1010.0,984.0,992.0,967500,-1.0,-1.0,-1.0
2021/03/25,1006.0,1024.0,1004.0,1018.0,606500,-1.0,-1.0,-1.0
2021/03/26,1038.0,1050.0,1030.0,1034.0,895000,-1.0,-1.0,-1.0
2021/03/29,1036.0,1038.0,1008.0,1030.0,1696500,-1.0,-1.0,-1.0
2021/03/30,1014.0,1020.0,991.0,999.0,1041000,-1.0,-1.0,-1.0
2021/03/31,971.0,982.0,961.0,972.0,1874000,-1.0,-1.0,-1.0
2021/04/01,980.0,983.0,959.0,967.0,730000,-1.0,-1.0,-1.0
2021/04/02,968.0,971.0,946.0,952.0,645000,-1.0,-1.0,-1.0
2021/04/05,957.0,971.0,950.0,968.0,546500,-1.0,-1.0,-1.0
2021/04/06,962.0,974.0,949.0,962.0,776000,-1.0,-1.0,-1.0
2021/04/07,963.0,978.0,962.0,978.0,629500,-1.0,-1.0,-1.0
2021/04/08,977.0,979.0,964.0,969.0,525500,-1.0,-1.0,-1.0
2021/04/09,963.0,978.0,963.0,971.0,532500,-1.0,-1.0,-1.0
2021/04/12,983.0,984.0,973.0,981.0,467500,-1.0,-1.0,-1.0
2021/04/13,993.0,994.0,979.0,979.0,465500,-1.0,-1.0,-1.0
2021/04/14,979.0,980.0,962.0,977.0,478000,-1.0,-1.0,-1.0
2021/04/15,980.0,991.0,975.0,979.0,444500,-1.0,-1.0,-1.0
2021/04/16,977.0,979.0,965.0,979.0,392000,-1.0,-1.0,-1.0
2021/04/19,978.0,982.0,972.0,977.0,284000,-1.0,-1.0,-1.0
2021/04/20,960.0,961.0,939.0,944.0,713500,-1.0,-1.0,-1.0
2021/04/21,930.0,932.0,917.0,932.0,555500,-1.0,-1.0,-1.0
2021/04/22,932.0,937.0,921.0,933.0,624000,-1.0,-1.0,-1.0
2021/04/23,931.0,935.0,924.0,929.0,812000,-1.0,-1.0,-1.0
2021/04/26,935.0,942.0,924.0,937.0,697500,-1.0,-1.0,-1.0
2021/04/27,932.0,937.0,923.0,926.0,785500,-1.0,-1.0,-1.0
2021/04/28,920.0,921.0,912.0,917.0,629500,-1.0,-1.0,-1.0
2021/04/30,922.0,934.0,920.0,932.0,595500,-1.0,-1.0,-1.0
2021/05/06,960.0,969.0,949.0,957.0,1036000,-1.0,-1.0,-1.0
2021/05/07,962.0,969.0,957.0,967.0,731500,-1.0,-1.0,-1.0
2021/05/10,966.0,995.0,960.0,986.0,1852000,-1.0,-1.0,-1.0
2021/05/11,992.0,1020.0,989.0,993.0,1359000,-1.0,-1.0,-1.0
2021/05/12,977.0,979.0,959.0,966.0,1052500,-1.0,-1.0,-1.0
2021/05/13,971.0,982.0,961.0,964.0,767000,-1.0,-1.0,-1.0
2021/05/14,977.0,981.0,969.0,971.0,754500,-1.0,-1.0,-1.0
2021/05/17,974.0,986.0,966.0,967.0,897500,-1.0,-1.0,-1.0
2021/05/18,972.0,978.0,962.0,969.0,855000,-1.0,-1.0,-1.0
2021/05/19,952.0,969.0,952.0,962.0,831000,-1.0,-1.0,-1.0
2021/05/20,957.0,978.0,957.0,971.0,683500,-1.0,-1.0,-1.0
2021/05/21,973.0,983.0,972.0,977.0,727500,-1.0,-1.0,-1.0
2021/05/24,983.0,1002.0,983.0,992.0,645500,-1.0,-1.0,-1.0
2021/05/25,995.0,1000.0,991.0,995.0,750000,-1.0,-1.0,-1.0
2021/05/26,990.0,998.0,967.0,972.0,918500,-1.0,-1.0,-1.0
2021/05/27,968.0,970.0,957.0,958.0,1154000,-1.0,-1.0,-1.0
2021/05/28,972.0,974.0,954.0,964.0,800000,-1.0,-1.0,-1.0
2021/05/31,954.0,965.0,944.0,949.0,846500,-1.0,-1.0,-1.0
2021/06/01,960.0,961.0,943.0,954.0,547000,-1.0,-1.0,-1.0
2021/06/02,982.0,982.0,959.0,979.0,801000,-1.0,-1.0,-1.0
2021/06/03,966.0,985.0,965.0,971.0,666000,-1.0,-1.0,-1.0
2021/06/04,967.0,980.0,965.0,979.0,527500,-1.0,-1.0,-1.0
2021/06/07,979.0,981.0,970.0,974.0,489500,-1.0,-1.0,-1.0
2021/06/08,974.0,993.0,973.0,989.0,441000,-1.0,-1.0,-1.0
2021/06/09,989.0,995.0,982.0,983.0,434000,-1.0,-1.0,-1.0
2021/06/10,980.0,986.0,975.0,981.0,685500,-1.0,-1.0,-1.0
2021/06/11,981.0,985.0,971.0,973.0,645500,-1.0,-1.0,-1.0
2021/06/14,973.0,977.0,959.0,963.0,402500,-1.0,-1.0,-1.0
2021/06/15,968.0,971.0,957.0,962.0,585000,-1.0,-1.0,-1.0
2021/06/16,962.0,974.0,957.0,964.0,563500,-1.0,-1.0,-1.0
2021/06/17,954.0,964.0,954.0,961.0,694500,-1.0,-1.0,-1.0
2021/06/18,961.0,970.0,947.0,952.0,1117000,-1.0,-1.0,-1.0
2021/06/21,930.0,938.0,923.0,930.0,752000,-1.0,-1.0,-1.0
2021/06/22,957.0,973.0,951.0,971.0,1078000,-1.0,-1.0,-1.0
2021/06/23,963.0,973.0,961.0,962.0,1000500,-1.0,-1.0,-1.0
2021/06/24,954.0,960.0,936.0,945.0,1670500,-1.0,-1.0,-1.0
2021/06/25,956.0,966.0,956.0,957.0,838000,-1.0,-1.0,-1.0
2021/06/28,956.0,968.0,955.0,965.0,592000,-1.0,-1.0,-1.0
2021/06/29,962.0,965.0,949.0,958.0,867500,-1.0,-1.0,-1.0
2021/06/30,974.0,976.0,961.0,963.0,832000,-1.0,-1.0,-1.0
2021/07/01,967.0,972.0,964.0,968.0,679000,-1.0,-1.0,-1.0
2021/07/02,974.0,991.0,973.0,986.0,618000,-1.0,-1.0,-1.0
2021/07/05,981.0,992.0,981.0,991.0,463500,-1.0,-1.0,-1.0
2021/07/06,1000.0,1002.0,989.0,989.0,385500,-1.0,-1.0,-1.0
2021/07/07,976.0,980.0,963.0,964.0,732500,-1.0,-1.0,-1.0
2021/07/08,970.0,978.0,966.0,972.0,823000,-1.0,-1.0,-1.0
2021/07/09,969.0,977.0,957.0,972.0,1170500,-1.0,-1.0,-1.0
2021/07/12,1000.0,1016.0,995.0,1000.0,1031000,-1.0,-1.0,-1.0
2021/07/13,1000.0,1002.0,984.0,1002.0,970500,-1.0,-1.0,-1.0
2021/07/14,995.0,1002.0,993.0,995.0,615500,-1.0,-1.0,-1.0
2021/07/15,997.0,1002.0,982.0,985.0,607000,-1.0,-1.0,-1.0
2021/07/16,971.0,983.0,971.0,974.0,614500,-1.0,-1.0,-1.0
2021/07/19,969.0,970.0,951.0,962.0,622000,-1.0,-1.0,-1.0
2021/07/20,955.0,960.0,949.0,958.0,772500,-1.0,-1.0,-1.0
2021/07/21,972.0,984.0,969.0,969.0,827000,-1.0,-1.0,-1.0
2021/07/26,994.0,997.0,987.0,994.0,932000,-1.0,-1.0,-1.0
2021/07/27,999.0,1008.0,997.0,1006.0,950500,-1.0,-1.0,-1.0
2021/07/28,1000.0,1006.0,996.0,1004.0,991500,-1.0,-1.0,-1.0
2021/07/29,1000.0,1002.0,989.0,993.0,962500,-1.0,-1.0,-1.0
2021/07/30,993.0,995.0,972.0,980.0,1408500,-1.0,-1.0,-1.0
2021/08/02,998.0,1028.0,992.0,1024.0,1135000,-1.0,-1.0,-1.0
2021/08/03,1022.0,1028.0,990.0,990.0,1148000,-1.0,-1.0,-1.0
2021/08/04,990.0,992.0,977.0,982.0,682500,-1.0,-1.0,-1.0
2021/08/05,969.0,980.0,967.0,979.0,694000,-1.0,-1.0,-1.0
2021/08/06,983.0,987.0,978.0,978.0,400000,-1.0,-1.0,-1.0
2021/08/10,981.0,1004.0,981.0,984.0,1168000,-1.0,-1.0,-1.0
2021/08/11,992.0,1002.0,988.0,988.0,952000,-1.0,-1.0,-1.0
2021/08/12,991.0,1010.0,988.0,1004.0,968000,-1.0,-1.0,-1.0
2021/08/13,995.0,1008.0,994.0,1000.0,753000,-1.0,-1.0,-1.0
2021/08/16,992.0,995.0,984.0,985.0,890500,-1.0,-1.0,-1.0
2021/08/17,987.0,994.0,983.0,984.0,843000,-1.0,-1.0,-1.0
2021/08/18,986.0,994.0,982.0,984.0,1104000,-1.0,-1.0,-1.0
2021/08/19,977.0,982.0,964.0,966.0,655500,-1.0,-1.0,-1.0
2021/08/20,966.0,975.0,962.0,965.0,936000,-1.0,-1.0,-1.0
2021/08/23,967.0,987.0,967.0,984.0,629000,-1.0,-1.0,-1.0
2021/08/24,985.0,1006.0,985.0,1000.0,683500,-1.0,-1.0,-1.0
2021/08/25,999.0,1004.0,988.0,991.0,785000,-1.0,-1.0,-1.0
2021/08/26,997.0,1020.0,995.0,1014.0,1120500,-1.0,-1.0,-1.0
2021/08/27,997.0,1008.0,991.0,994.0,996000,-1.0,-1.0,-1.0
2021/08/30,1004.0,1020.0,1000.0,1020.0,628500,-1.0,-1.0,-1.0
2021/08/31,1008.0,1032.0,1008.0,1026.0,868500,-1.0,-1.0,-1.0
2021/09/01,1008.0,1024.0,1006.0,1014.0,749500,-1.0,-1.0,-1.0
2021/09/02,1010.0,1024.0,1010.0,1020.0,525500,-1.0,-1.0,-1.0
2021/09/03,1024.0,1040.0,1018.0,1036.0,757500,-1.0,-1.0,-1.0
2021/09/06,1042.0,1048.0,1036.0,1048.0,815500,-1.0,-1.0,-1.0
2021/09/07,1062.0,1072.0,1058.0,1062.0,1070500,-1.0,-1.0,-1.0
2021/09/08,1060.0,1080.0,1058.0,1080.0,1070000,-1.0,-1.0,-1.0
2021/09/09,1094.0,1100.0,1066.0,1070.0,1351000,-1.0,-1.0,-1.0
2021/09/10,1066.0,1076.0,1058.0,1076.0,879000,-1.0,-1.0,-1.0
2021/09/13,1072.0,1088.0,1066.0,1088.0,1003500,-1.0,-1.0,-1.0
2021/09/14,1104.0,1112.0,1096.0,1112.0,1003500,-1.0,-1.0,-1.0
2021/09/15,1092.0,1118.0,1072.0,1082.0,855500,-1.0,-1.0,-1.0
2021/09/16,1086.0,1090.0,1078.0,1088.0,920000,-1.0,-1.0,-1.0
2021/09/17,1084.0,1102.0,1078.0,1094.0,1372000,-1.0,-1.0,-1.0
2021/09/21,1074.0,1076.0,1064.0,1070.0,655500,-1.0,-1.0,-1.0
2021/09/22,1072.0,1072.0,1054.0,1054.0,733000,-1.0,-1.0,-1.0
2021/09/24,1088.0,1100.0,1082.0,1096.0,837000,-1.0,-1.0,-1.0
2021/09/27,1096.0,1100.0,1080.0,1086.0,608500,-1.0,-1.0,-1.0
2021/09/28,1080.0,1080.0,1060.0,1064.0,672500,-1.0,-1.0,-1.0
2021/09/29,1034.0,1042.0,1028.0,1042.0,924500,-1.0,-1.0,-1.0
2021/09/30,1038.0,1048.0,1030.0,1036.0,915500,-1.0,-1.0,-1.0
2021/10/01,1034.0,1040.0,1018.0,1022.0,910000,-1.0,-1.0,-1.0
2021/10/04,1036.0,1048.0,1034.0,1040.0,780000,-1.0,-1.0,-1.0
2021/10/05,1026.0,1032.0,1012.0,1012.0,1064500,-1.0,-1.0,-1.0
2021/10/06,1022.0,1036.0,1014.0,1024.0,789000,-1.0,-1.0,-1.0
2021/10/07,1030.0,1030.0,1016.0,1016.0,872500,-1.0,-1.0,-1.0
2021/10/08,1026.0,1038.0,1016.0,1016.0,902500,-1.0,-1.0,-1.0
2021/10/11,1026.0,1034.0,1022.0,1030.0,554000,-1.0,-1.0,-1.0
2021/10/12,1020.0,1030.0,1014.0,1016.0,806500,-1.0,-1.0,-1.0
2021/10/13,1016.0,1038.0,1014.0,1028.0,878000,-1.0,-1.0,-1.0
2021/10/14,1026.0,1042.0,1022.0,1030.0,721500,-1.0,-1.0,-1.0
2021/10/15,1040.0,1068.0,1040.0,1062.0,860500,-1.0,-1.0,-1.0
2021/10/18,1066.0,1070.0,1050.0,1058.0,532000,-1.0,-1.0,-1.0
2021/10/19,1056.0,1074.0,1056.0,1068.0,499500,-1.0,-1.0,-1.0
2021/10/20,1072.0,1084.0,1068.0,1074.0,718000,-1.0,-1.0,-1.0
2021/10/21,1062.0,1072.0,1056.0,1056.0,699500,-1.0,-1.0,-1.0
2021/10/22,1046.0,1056.0,1036.0,1044.0,789000,-1.0,-1.0,-1.0
2021/10/25,1044.0,1060.0,1042.0,1046.0,835000,-1.0,-1.0,-1.0
2021/10/26,1052.0,1058.0,1042.0,1042.0,811000,-1.0,-1.0,-1.0
2021/10/27,1042.0,1048.0,1028.0,1038.0,740500,-1.0,-1.0,-1.0
2021/10/28,1038.0,1050.0,1026.0,1038.0,2844000,-1.0,-1.0,-1.0
2021/10/29,1038.0,1044.0,1022.0,1026.0,1089500,-1.0,-1.0,-1.0
2021/11/01,1046.0,1054.0,1030.0,1044.0,738000,-1.0,-1.0,-1.0
2021/11/02,1024.0,1026.0,999.0,1004.0,827500,-1.0,-1.0,-1.0
2021/11/04,1020.0,1022.0,1006.0,1014.0,841500,-1.0,-1.0,-1.0
2021/11/05,999.0,999.0,983.0,991.0,712000,-1.0,-1.0,-1.0
2021/11/08,996.0,998.0,990.0,991.0,416000,-1.0,-1.0,-1.0
2021/11/09,981.0,986.0,959.0,964.0,1077000,-1.0,-1.0,-1.0
2021/11/10,962.0,968.0,947.0,950.0,749000,-1.0,-1.0,-1.0
2021/11/11,959.0,968.0,956.0,964.0,1636000,-1.0,-1.0,-1.0
2021/11/12,968.0,981.0,966.0,969.0,735000,-1.0,-1.0,-1.0
2021/11/15,978.0,978.0,960.0,960.0,429000,-1.0,-1.0,-1.0
2021/11/16,969.0,970.0,953.0,956.0,606500,-1.0,-1.0,-1.0
2021/11/17,952.0,956.0,931.0,938.0,934000,-1.0,-1.0,-1.0
2021/11/18,928.0,936.0,919.0,931.0,979500,-1.0,-1.0,-1.0
2021/11/19,934.0,939.0,931.0,937.0,619500,-1.0,-1.0,-1.0
2021/11/22,937.0,941.0,931.0,939.0,443500,-1.0,-1.0,-1.0
2021/11/24,937.0,945.0,917.0,918.0,761500,-1.0,-1.0,-1.0
2021/11/25,923.0,940.0,918.0,938.0,710500,-1.0,-1.0,-1.0
2021/11/26,925.0,927.0,920.0,923.0,735000,-1.0,-1.0,-1.0
2021/11/29,920.0,922.0,904.0,905.0,1061000,-1.0,-1.0,-1.0
2021/11/30,921.0,938.0,902.0,902.0,1501000,-1.0,-1.0,-1.0
2021/12/01,912.0,926.0,910.0,924.0,1091000,-1.0,-1.0,-1.0
2021/12/02,916.0,944.0,916.0,936.0,1321500,-1.0,-1.0,-1.0
2021/12/03,949.0,954.0,940.0,952.0,856500,-1.0,-1.0,-1.0
2021/12/06,947.0,953.0,941.0,942.0,586000,-1.0,-1.0,-1.0
2021/12/07,956.0,973.0,945.0,970.0,670500,-1.0,-1.0,-1.0
2021/12/08,974.0,978.0,956.0,956.0,735500,-1.0,-1.0,-1.0
2021/12/09,946.0,952.0,934.0,938.0,838500,-1.0,-1.0,-1.0
2021/12/10,941.0,941.0,922.0,933.0,727500,-1.0,-1.0,-1.0
2021/12/13,942.0,944.0,935.0,938.0,365500,-1.0,-1.0,-1.0
2021/12/14,946.0,962.0,945.0,949.0,1344500,-1.0,-1.0,-1.0
2021/12/15,935.0,954.0,935.0,949.0,385500,-1.0,-1.0,-1.0
2021/12/16,961.0,964.0,954.0,960.0,522000,-1.0,-1.0,-1.0
2021/12/17,954.0,963.0,950.0,961.0,1035500,-1.0,-1.0,-1.0
2021/12/20,947.0,956.0,944.0,950.0,1071500,-1.0,-1.0,-1.0
2021/12/21,958.0,958.0,949.0,953.0,511000,-1.0,-1.0,-1.0
2021/12/22,961.0,961.0,950.0,954.0,511500,-1.0,-1.0,-1.0
2021/12/23,954.0,956.0,947.0,956.0,395000,-1.0,-1.0,-1.0
2021/12/24,953.0,953.0,943.0,947.0,437000,-1.0,-1.0,-1.0
2021/12/27,954.0,958.0,947.0,954.0,567000,-1.0,-1.0,-1.0
2021/12/28,956.0,966.0,954.0,960.0,562500,-1.0,-1.0,-1.0
2021/12/29,950.0,966.0,950.0,960.0,1867500,-1.0,-1.0,-1.0
2021/12/30,960.0,960.0,949.0,954.0,470000,-1.0,-1.0,-1.0
2022/01/04,966.0,966.0,946.0,964.0,558000,-1.0,-1.0,-1.0
2022/01/05,968.0,972.0,957.0,968.0,556500,-1.0,-1.0,-1.0
2022/01/06,968.0,970.0,953.0,954.0,569000,-1.0,-1.0,-1.0
2022/01/07,958.0,963.0,949.0,955.0,598000,-1.0,-1.0,-1.0
2022/01/11,959.0,959.0,935.0,945.0,657000,-1.0,-1.0,-1.0
2022/01/12,951.0,970.0,949.0,967.0,715000,-1.0,-1.0,-1.0
2022/01/13,973.0,973.0,959.0,959.0,521500,-1.0,-1.0,-1.0
2022/01/14,957.0,978.0,950.0,977.0,1016500,-1.0,-1.0,-1.0
2022/01/17,977.0,988.0,964.0,969.0,928000,-1.0,-1.0,-1.0
2022/01/18,970.0,970.0,949.0,949.0,671500,-1.0,-1.0,-1.0
2022/01/19,931.0,933.0,917.0,920.0,1325000,-1.0,-1.0,-1.0
2022/01/20,917.0,936.0,916.0,928.0,858000,-1.0,-1.0,-1.0
2022/01/21,922.0,935.0,916.0,931.0,917500,-1.0,-1.0,-1.0
2022/01/24,921.0,935.0,918.0,933.0,847000,-1.0,-1.0,-1.0
2022/01/25,927.0,927.0,908.0,918.0,642000,-1.0,-1.0,-1.0
2022/01/26,922.0,928.0,915.0,920.0,1007000,-1.0,-1.0,-1.0
2022/01/27,917.0,928.0,886.0,890.0,941000,-1.0,-1.0,-1.0
2022/01/28,881.0,887.0,827.0,836.0,2379000,-1.0,-1.0,-1.0
2022/01/31,795.0,834.0,786.0,827.0,1995500,-1.0,-1.0,-1.0
2022/02/01,839.0,839.0,822.0,830.0,964500,-1.0,-1.0,-1.0
2022/02/02,822.0,828.0,812.0,820.0,1615000,-1.0,-1.0,-1.0
2022/02/03,818.0,842.0,816.0,832.0,1639500,-1.0,-1.0,-1.0
2022/02/04,839.0,840.0,829.0,835.0,650000,-1.0,-1.0,-1.0
2022/02/07,827.0,827.0,812.0,815.0,957500,-1.0,-1.0,-1.0
2022/02/08,810.0,822.0,806.0,812.0,730000,-1.0,-1.0,-1.0
2022/02/09,819.0,828.0,814.0,820.0,758500,-1.0,-1.0,-1.0
2022/02/10,826.0,837.0,823.0,837.0,972500,-1.0,-1.0,-1.0
2022/02/14,823.0,830.0,816.0,823.0,694000,-1.0,-1.0,-1.0
2022/02/15,823.0,829.0,816.0,821.0,607500,-1.0,-1.0,-1.0
2022/02/16,832.0,834.0,823.0,825.0,355500,-1.0,-1.0,-1.0
2022/02/17,820.0,821.0,794.0,801.0,729500,-1.0,-1.0,-1.0
2022/02/18,800.0,808.0,794.0,805.0,705000,-1.0,-1.0,-1.0
2022/02/21,800.0,800.0,792.0,798.0,601000,-1.0,-1.0,-1.0
2022/02/22,790.0,802.0,788.0,797.0,668000,-1.0,-1.0,-1.0
2022/02/24,790.0,798.0,788.0,796.0,752000,-1.0,-1.0,-1.0
2022/02/25,792.0,797.0,791.0,792.0,533000,-1.0,-1.0,-1.0
2022/02/28,797.0,799.0,785.0,797.0,1313000,-1.0,-1.0,-1.0
2022/03/01,800.0,804.0,794.0,794.0,798500,-1.0,-1.0,-1.0
2022/03/02,796.0,805.0,791.0,796.0,939000,-1.0,-1.0,-1.0
2022/03/03,803.0,810.0,800.0,806.0,798000,-1.0,-1.0,-1.0
2022/03/04,799.0,809.0,794.0,795.0,856500,-1.0,-1.0,-1.0
2022/03/07,792.0,792.0,768.0,771.0,1063000,-1.0,-1.0,-1.0
2022/03/08,765.0,770.0,751.0,755.0,964500,-1.0,-1.0,-1.0
2022/03/09,751.0,765.0,748.0,761.0,830500,-1.0,-1.0,-1.0
2022/03/10,773.0,801.0,773.0,798.0,1008000,-1.0,-1.0,-1.0
2022/03/11,789.0,799.0,784.0,792.0,945000,-1.0,-1.0,-1.0
2022/03/14,794.0,801.0,791.0,791.0,418000,-1.0,-1.0,-1.0
2022/03/15,790.0,806.0,784.0,802.0,734000,-1.0,-1.0,-1.0
2022/03/16,814.0,817.0,803.0,805.0,1032500,-1.0,-1.0,-1.0
2022/03/17,805.0,814.0,799.0,808.0,1203500,-1.0,-1.0,-1.0
2022/03/18,799.0,807.0,796.0,797.0,1600500,-1.0,-1.0,-1.0
2022/03/22,797.0,802.0,788.0,792.0,1381500,-1.0,-1.0,-1.0
2022/03/23,794.0,806.0,791.0,795.0,2657000,-1.0,-1.0,-1.0
2022/03/24,787.0,798.0,781.0,795.0,1792000,-1.0,-1.0,-1.0
2022/03/25,798.0,804.0,790.0,803.0,1680500,-1.0,-1.0,-1.0
2022/03/28,803.0,816.0,803.0,803.0,952000,-1.0,-1.0,-1.0
2022/03/29,806.0,827.0,804.0,825.0,1691500,-1.0,-1.0,-1.0
2022/03/30,842.0,843.0,813.0,832.0,2086000,-1.0,-1.0,-1.0
2022/03/31,827.0,828.0,795.0,798.0,1253500,-1.0,-1.0,-1.0
2022/04/01,789.0,800.0,784.0,798.0,917500,-1.0,-1.0,-1.0
2022/04/04,793.0,801.0,787.0,800.0,591000,-1.0,-1.0,-1.0
2022/04/05,801.0,804.0,786.0,792.0,526500,-1.0,-1.0,-1.0
2022/04/06,782.0,786.0,776.0,777.0,626000,-1.0,-1.0,-1.0
2022/04/07,755.0,764.0,752.0,757.0,840000,-1.0,-1.0,-1.0
2022/04/08,757.0,761.0,740.0,745.0,1204000,-1.0,-1.0,-1.0
2022/04/11,750.0,751.0,732.0,736.0,642000,-1.0,-1.0,-1.0
2022/04/12,732.0,739.0,724.0,732.0,1157500,-1.0,-1.0,-1.0
2022/04/13,735.0,738.0,729.0,738.0,623000,-1.0,-1.0,-1.0
2022/04/14,736.0,743.0,733.0,734.0,474500,-1.0,-1.0,-1.0
2022/04/15,736.0,746.0,733.0,741.0,651500,-1.0,-1.0,-1.0
2022/04/18,733.0,735.0,719.0,733.0,675000,-1.0,-1.0,-1.0
2022/04/19,738.0,742.0,733.0,738.0,580000,-1.0,-1.0,-1.0
2022/04/20,752.0,761.0,748.0,758.0,783500,-1.0,-1.0,-1.0
2022/04/21,754.0,774.0,753.0,768.0,640500,-1.0,-1.0,-1.0
2022/04/22,764.0,787.0,763.0,782.0,1165000,-1.0,-1.0,-1.0
2022/04/25,777.0,780.0,773.0,773.0,617500,-1.0,-1.0,-1.0
2022/04/26,777.0,790.0,777.0,785.0,988000,-1.0,-1.0,-1.0
2022/04/27,771.0,772.0,758.0,761.0,1153500,-1.0,-1.0,-1.0
2022/04/28,759.0,793.0,759.0,791.0,933500,-1.0,-1.0,-1.0
2022/05/02,780.0,795.0,777.0,791.0,541500,-1.0,-1.0,-1.0
2022/05/06,789.0,805.0,786.0,799.0,700000,-1.0,-1.0,-1.0
2022/05/09,787.0,799.0,785.0,796.0,822000,-1.0,-1.0,-1.0
2022/05/10,782.0,791.0,742.0,745.0,1974500,-1.0,-1.0,-1.0
2022/05/11,753.0,755.0,724.0,736.0,1678500,-1.0,-1.0,-1.0
2022/05/12,742.0,762.0,733.0,752.0,1320000,-1.0,-1.0,-1.0
2022/05/13,750.0,762.0,738.0,761.0,829500,-1.0,-1.0,-1.0
2022/05/16,766.0,766.0,750.0,751.0,567000,-1.0,-1.0,-1.0
2022/05/17,760.0,766.0,752.0,760.0,646000,-1.0,-1.0,-1.0
2022/05/18,764.0,772.0,755.0,760.0,692000,-1.0,-1.0,-1.0
2022/05/19,744.0,757.0,744.0,756.0,519500,-1.0,-1.0,-1.0
2022/05/20,759.0,770.0,757.0,768.0,614500,-1.0,-1.0,-1.0
2022/05/23,774.0,778.0,769.0,771.0,542500,-1.0,-1.0,-1.0
2022/05/24,771.0,772.0,764.0,767.0,327000,-1.0,-1.0,-1.0
2022/05/25,766.0,771.0,757.0,767.0,990000,-1.0,-1.0,-1.0
2022/05/26,767.0,784.0,767.0,768.0,787000,-1.0,-1.0,-1.0
2022/05/27,769.0,771.0,756.0,762.0,878000,-1.0,-1.0,-1.0
2022/05/30,772.0,780.0,770.0,777.0,765000,-1.0,-1.0,-1.0
2022/05/31,777.0,781.0,771.0,772.0,820000,-1.0,-1.0,-1.0
2022/06/01,772.0,785.0,770.0,782.0,616000,-1.0,-1.0,-1.0
2022/06/02,775.0,781.0,771.0,777.0,466500,-1.0,-1.0,-1.0
2022/06/03,777.0,780.0,770.0,778.0,416500,-1.0,-1.0,-1.0
2022/06/06,774.0,781.0,771.0,778.0,676500,-1.0,-1.0,-1.0
2022/06/07,781.0,786.0,777.0,778.0,563500,-1.0,-1.0,-1.0
2022/06/08,779.0,794.0,779.0,790.0,789000,-1.0,-1.0,-1.0
2022/06/09,783.0,791.0,781.0,786.0,593000,-1.0,-1.0,-1.0
2022/06/10,780.0,790.0,778.0,782.0,753500,-1.0,-1.0,-1.0
2022/06/13,768.0,773.0,754.0,759.0,814500,-1.0,-1.0,-1.0
2022/06/14,759.0,774.0,751.0,773.0,944000,-1.0,-1.0,-1.0
2022/06/15,771.0,773.0,765.0,767.0,747000,-1.0,-1.0,-1.0
2022/06/16,765.0,775.0,764.0,764.0,638000,-1.0,-1.0,-1.0
2022/06/17,747.0,767.0,743.0,761.0,1049500,-1.0,-1.0,-1.0
2022/06/20,764.0,765.0,740.0,743.0,665500,-1.0,-1.0,-1.0
2022/06/21,756.0,764.0,754.0,758.0,460000,-1.0,-1.0,-1.0
2022/06/22,760.0,762.0,753.0,753.0,681000,-1.0,-1.0,-1.0
2022/06/23,758.0,768.0,755.0,759.0,605500,-1.0,-1.0,-1.0
2022/06/24,769.0,777.0,764.0,773.0,643500,-1.0,-1.0,-1.0
2022/06/27,782.0,782.0,765.0,774.0,698500,-1.0,-1.0,-1.0
2022/06/28,774.0,784.0,771.0,784.0,683000,-1.0,-1.0,-1.0
2022/06/29,780.0,788.0,775.0,784.0,1068000,-1.0,-1.0,-1.0
2022/06/30,789.0,796.0,776.0,780.0,741500,-1.0,-1.0,-1.0
2022/07/01,779.0,781.0,769.0,772.0,523500,-1.0,-1.0,-1.0
2022/07/04,786.0,793.0,780.0,785.0,529000,-1.0,-1.0,-1.0
2022/07/05,786.0,787.0,775.0,780.0,496000,-1.0,-1.0,-1.0
2022/07/06,772.0,773.0,764.0,769.0,594000,-1.0,-1.0,-1.0
2022/07/07,769.0,783.0,769.0,781.0,643500,-1.0,-1.0,-1.0
2022/07/08,786.0,800.0,782.0,793.0,1009500,-1.0,-1.0,-1.0
2022/07/11,806.0,811.0,799.0,806.0,483500,-1.0,-1.0,-1.0
2022/07/12,807.0,808.0,796.0,797.0,615000,-1.0,-1.0,-1.0
2022/07/13,804.0,807.0,793.0,796.0,290000,-1.0,-1.0,-1.0
2022/07/14,794.0,800.0,793.0,796.0,365000,-1.0,-1.0,-1.0
2022/07/15,802.0,807.0,795.0,802.0,369500,-1.0,-1.0,-1.0
2022/07/19,811.0,813.0,801.0,803.0,380500,-1.0,-1.0,-1.0
2022/07/20,817.0,824.0,812.0,824.0,834500,-1.0,-1.0,-1.0
2022/07/21,811.0,828.0,811.0,827.0,493500,-1.0,-1.0,-1.0
2022/07/22,835.0,839.0,829.0,837.0,638500,-1.0,-1.0,-1.0
2022/07/25,837.0,840.0,834.0,836.0,606500,-1.0,-1.0,-1.0
2022/07/26,844.0,848.0,840.0,843.0,895500,-1.0,-1.0,-1.0
2022/07/27,843.0,851.0,843.0,846.0,668000,-1.0,-1.0,-1.0
2022/07/28,854.0,858.0,845.0,855.0,980000,-1.0,-1.0,-1.0
2022/07/29,844.0,885.0,842.0,880.0,2570500,-1.0,-1.0,-1.0
2022/08/01,852.0,869.0,842.0,868.0,1823500,-1.0,-1.0,-1.0
2022/08/02,857.0,863.0,840.0,858.0,1060500,-1.0,-1.0,-1.0
2022/08/03,847.0,854.0,839.0,839.0,850500,-1.0,-1.0,-1.0
2022/08/04,853.0,857.0,841.0,854.0,609000,-1.0,-1.0,-1.0
2022/08/05,854.0,861.0,852.0,858.0,577500,-1.0,-1.0,-1.0
2022/08/08,855.0,875.0,855.0,865.0,465500,-1.0,-1.0,-1.0
2022/08/09,870.0,876.0,861.0,866.0,600500,-1.0,-1.0,-1.0
2022/08/10,863.0,866.0,853.0,862.0,1113000,-1.0,-1.0,-1.0
2022/08/12,873.0,884.0,867.0,878.0,993000,-1.0,-1.0,-1.0
2022/08/15,879.0,887.0,875.0,880.0,675000,-1.0,-1.0,-1.0
2022/08/16,868.0,876.0,860.0,870.0,835500,-1.0,-1.0,-1.0
2022/08/17,870.0,874.0,865.0,872.0,586500,-1.0,-1.0,-1.0
2022/08/18,864.0,864.0,850.0,854.0,569000,-1.0,-1.0,-1.0
2022/08/19,859.0,866.0,852.0,856.0,627000,-1.0,-1.0,-1.0
2022/08/22,852.0,861.0,846.0,860.0,610000,-1.0,-1.0,-1.0
2022/08/23,861.0,867.0,857.0,860.0,654000,-1.0,-1.0,-1.0
2022/08/24,860.0,860.0,841.0,850.0,479500,-1.0,-1.0,-1.0
2022/08/25,855.0,869.0,849.0,862.0,1011000,-1.0,-1.0,-1.0
2022/08/26,862.0,864.0,859.0,861.0,322500,-1.0,-1.0,-1.0
2022/08/29,847.0,852.0,846.0,847.0,493000,-1.0,-1.0,-1.0
2022/08/30,854.0,859.0,851.0,858.0,371500,-1.0,-1.0,-1.0
2022/08/31,854.0,861.0,853.0,859.0,570000,-1.0,-1.0,-1.0
2022/09/01,845.0,851.0,842.0,847.0,420500,-1.0,-1.0,-1.0
2022/09/02,849.0,849.0,842.0,849.0,389000,-1.0,-1.0,-1.0
2022/09/05,846.0,861.0,846.0,855.0,630500,-1.0,-1.0,-1.0
2022/09/06,855.0,855.0,842.0,850.0,393500,-1.0,-1.0,-1.0
2022/09/07,842.0,847.0,839.0,842.0,596500,-1.0,-1.0,-1.0
2022/09/08,848.0,866.0,848.0,860.0,592500,-1.0,-1.0,-1.0
2022/09/09,856.0,868.0,853.0,865.0,770000,-1.0,-1.0,-1.0
2022/09/12,874.0,875.0,866.0,872.0,356000,-1.0,-1.0,-1.0
2022/09/13,878.0,882.0,868.0,875.0,354000,-1.0,-1.0,-1.0
2022/09/14,849.0,867.0,847.0,860.0,759000,-1.0,-1.0,-1.0
2022/09/15,870.0,871.0,851.0,853.0,488000,-1.0,-1.0,-1.0
2022/09/16,845.0,858.0,845.0,851.0,747500,-1.0,-1.0,-1.0
2022/09/20,854.0,858.0,847.0,849.0,440500,-1.0,-1.0,-1.0
2022/09/21,837.0,857.0,834.0,846.0,743500,-1.0,-1.0,-1.0
2022/09/22,837.0,840.0,831.0,834.0,449000,-1.0,-1.0,-1.0
2022/09/26,829.0,836.0,823.0,825.0,745500,-1.0,-1.0,-1.0
2022/09/27,835.0,843.0,830.0,830.0,536500,-1.0,-1.0,-1.0
2022/09/28,829.0,845.0,829.0,843.0,904500,-1.0,-1.0,-1.0
2022/09/29,842.0,860.0,839.0,855.0,990000,-1.0,-1.0,-1.0
2022/09/30,841.0,849.0,834.0,840.0,590500,-1.0,-1.0,-1.0
2022/10/03,841.0,842.0,831.0,837.0,589000,-1.0,-1.0,-1.0
2022/10/04,860.0,870.0,857.0,868.0,628000,-1.0,-1.0,-1.0
2022/10/05,877.0,878.0,866.0,867.0,544000,-1.0,-1.0,-1.0
2022/10/06,873.0,884.0,872.0,876.0,616500,-1.0,-1.0,-1.0
2022/10/07,864.0,871.0,858.0,869.0,530000,-1.0,-1.0,-1.0
2022/10/11,857.0,861.0,855.0,859.0,558500,-1.0,-1.0,-1.0
2022/10/12,860.0,860.0,848.0,852.0,650000,-1.0,-1.0,-1.0
2022/10/13,852.0,852.0,839.0,845.0,389000,-1.0,-1.0,-1.0
2022/10/14,859.0,872.0,853.0,864.0,529500,-1.0,-1.0,-1.0
2022/10/17,853.0,856.0,845.0,845.0,438500,-1.0,-1.0,-1.0
2022/10/18,862.0,862.0,855.0,858.0,521500,-1.0,-1.0,-1.0
2022/10/19,856.0,861.0,853.0,859.0,428000,-1.0,-1.0,-1.0
2022/10/20,861.0,862.0,853.0,857.0,632000,-1.0,-1.0,-1.0
2022/10/21,853.0,855.0,842.0,843.0,779000,-1.0,-1.0,-1.0
2022/10/24,857.0,859.0,843.0,847.0,698000,-1.0,-1.0,-1.0
2022/10/25,852.0,861.0,852.0,853.0,615500,-1.0,-1.0,-1.0
2022/10/26,864.0,872.0,859.0,868.0,496000,-1.0,-1.0,-1.0
2022/10/27,866.0,867.0,847.0,848.0,504500,-1.0,-1.0,-1.0
2022/10/28,844.0,862.0,843.0,851.0,1213500,-1.0,-1.0,-1.0
2022/10/31,862.0,892.0,858.0,889.0,1372000,-1.0,-1.0,-1.0
2022/11/01,900.0,957.0,900.0,949.0,1923000,-1.0,-1.0,-1.0
2022/11/02,962.0,985.0,951.0,972.0,2375000,-1.0,-1.0,-1.0
2022/11/04,958.0,968.0,941.0,950.0,860500,-1.0,-1.0,-1.0
2022/11/07,954.0,961.0,944.0,956.0,567500,-1.0,-1.0,-1.0
2022/11/08,956.0,969.0,955.0,964.0,602500,-1.0,-1.0,-1.0
2022/11/09,964.0,982.0,964.0,978.0,755500,-1.0,-1.0,-1.0
2022/11/10,972.0,979.0,962.0,975.0,520500,-1.0,-1.0,-1.0
2022/11/11,990.0,992.0,976.0,977.0,682500,-1.0,-1.0,-1.0
2022/11/14,974.0,977.0,964.0,973.0,398500,-1.0,-1.0,-1.0
2022/11/15,974.0,984.0,973.0,976.0,449500,-1.0,-1.0,-1.0
2022/11/16,977.0,977.0,954.0,967.0,983500,-1.0,-1.0,-1.0
2022/11/17,968.0,975.0,967.0,970.0,451000,-1.0,-1.0,-1.0
2022/11/18,968.0,973.0,965.0,968.0,486500,-1.0,-1.0,-1.0
2022/11/21,975.0,981.0,974.0,977.0,355000,-1.0,-1.0,-1.0
2022/11/22,990.0,994.0,985.0,989.0,631000,-1.0,-1.0,-1.0
2022/11/24,994.0,996.0,970.0,984.0,1043500,-1.0,-1.0,-1.0
2022/11/25,994.0,998.0,989.0,994.0,394500,-1.0,-1.0,-1.0
2022/11/28,996.0,999.0,980.0,982.0,906500,-1.0,-1.0,-1.0
2022/11/29,980.0,986.0,974.0,977.0,542000,-1.0,-1.0,-1.0
2022/11/30,987.0,999.0,972.0,989.0,1309500,-1.0,-1.0,-1.0
2022/12/01,1014.0,1014.0,987.0,988.0,813500,-1.0,-1.0,-1.0
2022/12/02,980.0,980.0,960.0,970.0,928500,-1.0,-1.0,-1.0
2022/12/05,972.0,980.0,966.0,979.0,464000,-1.0,-1.0,-1.0
2022/12/06,980.0,1014.0,975.0,1010.0,1193500,-1.0,-1.0,-1.0
2022/12/07,996.0,1012.0,996.0,999.0,746000,-1.0,-1.0,-1.0
2022/12/08,998.0,1000.0,993.0,997.0,574000,-1.0,-1.0,-1.0
2022/12/09,988.0,995.0,986.0,986.0,469500,-1.0,-1.0,-1.0
2022/12/12,986.0,987.0,974.0,983.0,636000,-1.0,-1.0,-1.0
2022/12/13,986.0,1002.0,983.0,990.0,605500,-1.0,-1.0,-1.0
2022/12/14,989.0,990.0,981.0,983.0,301500,-1.0,-1.0,-1.0
2022/12/15,982.0,991.0,980.0,989.0,223500,-1.0,-1.0,-1.0
2022/12/16,981.0,987.0,978.0,980.0,467000,-1.0,-1.0,-1.0
2022/12/19,983.0,994.0,979.0,982.0,511000,-1.0,-1.0,-1.0
2022/12/20,982.0,989.0,959.0,977.0,733000,-1.0,-1.0,-1.0
2022/12/21,971.0,975.0,960.0,967.0,571500,-1.0,-1.0,-1.0
2022/12/22,968.0,975.0,965.0,972.0,580000,-1.0,-1.0,-1.0
2022/12/23,961.0,970.0,960.0,963.0,519000,-1.0,-1.0,-1.0
2022/12/26,969.0,971.0,958.0,965.0,503000,-1.0,-1.0,-1.0
2022/12/27,968.0,971.0,959.0,964.0,322500,-1.0,-1.0,-1.0
2022/12/28,959.0,966.0,958.0,958.0,440500,-1.0,-1.0,-1.0
2022/12/29,959.0,963.0,952.0,961.0,359000,-1.0,-1.0,-1.0
2022/12/30,961.0,975.0,961.0,966.0,422500,-1.0,-1.0,-1.0
2023/01/04,952.0,958.0,929.0,930.0,622500,-1.0,-1.0,-1.0
2023/01/05,928.0,929.0,914.0,926.0,553000,-1.0,-1.0,-1.0
2023/01/06,920.0,923.0,908.0,913.0,798000,-1.0,-1.0,-1.0
2023/01/10,923.0,930.0,918.0,928.0,644000,-1.0,-1.0,-1.0
2023/01/11,931.0,942.0,929.0,939.0,376500,-1.0,-1.0,-1.0
2023/01/12,939.0,941.0,931.0,931.0,390500,-1.0,-1.0,-1.0
2023/01/13,920.0,924.0,912.0,918.0,462000,-1.0,-1.0,-1.0
2023/01/16,915.0,926.0,912.0,920.0,369000,-1.0,-1.0,-1.0
2023/01/17,922.0,939.0,922.0,935.0,533000,-1.0,-1.0,-1.0
2023/01/18,946.0,952.0,933.0,944.0,411000,-1.0,-1.0,-1.0
2023/01/19,953.0,960.0,941.0,943.0,430000,-1.0,-1.0,-1.0
2023/01/20,939.0,940.0,930.0,935.0,323500,-1.0,-1.0,-1.0
2023/01/23,946.0,946.0,937.0,944.0,464000,-1.0,-1.0,-1.0
2023/01/24,943.0,951.0,942.0,951.0,377500,-1.0,-1.0,-1.0
2023/01/25,952.0,967.0,948.0,962.0,488500,-1.0,-1.0,-1.0
2023/01/26,960.0,965.0,954.0,961.0,458000,-1.0,-1.0,-1.0
2023/01/27,960.0,961.0,940.0,949.0,546000,-1.0,-1.0,-1.0
2023/01/30,947.0,1070.0,922.0,1022.0,2901000,-1.0,-1.0,-1.0
2023/01/31,1020.0,1068.0,1016.0,1018.0,1871000,-1.0,-1.0,-1.0
2023/02/01,1030.0,1044.0,1022.0,1026.0,759000,-1.0,-1.0,-1.0
2023/02/02,1028.0,1038.0,1018.0,1022.0,525000,-1.0,-1.0,-1.0
2023/02/03,1018.0,1022.0,999.0,1004.0,377000,-1.0,-1.0,-1.0
2023/02/06,1006.0,1014.0,988.0,1006.0,651500,-1.0,-1.0,-1.0
2023/02/07,1006.0,1006.0,995.0,1000.0,516000,-1.0,-1.0,-1.0
2023/02/08,999.0,1006.0,995.0,1000.0,341000,-1.0,-1.0,-1.0
2023/02/09,987.0,998.0,983.0,995.0,1022000,-1.0,-1.0,-1.0
2023/02/10,988.0,1002.0,985.0,991.0,672500,-1.0,-1.0,-1.0
2023/02/13,995.0,1014.0,995.0,1000.0,301000,-1.0,-1.0,-1.0
2023/02/14,1016.0,1018.0,999.0,1000.0,389000,-1.0,-1.0,-1.0
2023/02/15,1006.0,1010.0,983.0,994.0,559000,-1.0,-1.0,-1.0
2023/02/16,984.0,987.0,976.0,985.0,834000,-1.0,-1.0,-1.0
2023/02/17,981.0,985.0,973.0,981.0,699000,-1.0,-1.0,-1.0
2023/02/20,986.0,988.0,968.0,968.0,501000,-1.0,-1.0,-1.0
2023/02/21,972.0,989.0,965.0,985.0,1028000,-1.0,-1.0,-1.0
2023/02/22,984.0,1006.0,984.0,993.0,1077500,-1.0,-1.0,-1.0
2023/02/24,999.0,1000.0,987.0,1000.0,538000,-1.0,-1.0,-1.0
2023/02/27,998.0,1008.0,994.0,1008.0,350500,-1.0,-1.0,-1.0
2023/02/28,1006.0,1010.0,992.0,1002.0,613500,-1.0,-1.0,-1.0
2023/03/01,998.0,1002.0,988.0,995.0,486500,-1.0,-1.0,-1.0
2023/03/02,1018.0,1034.0,1006.0,1014.0,951000,-1.0,-1.0,-1.0
2023/03/03,1016.0,1034.0,1016.0,1026.0,832000,-1.0,-1.0,-1.0
2023/03/06,1024.0,1030.0,1020.0,1020.0,499000,-1.0,-1.0,-1.0
2023/03/07,1014.0,1028.0,1012.0,1014.0,583500,-1.0,-1.0,-1.0
2023/03/08,1014.0,1030.0,1014.0,1026.0,517000,-1.0,-1.0,-1.0
2023/03/09,1034.0,1038.0,1016.0,1028.0,1456500,-1.0,-1.0,-1.0
2023/03/10,1020.0,1020.0,1010.0,1012.0,1968500,-1.0,-1.0,-1.0
2023/03/13,1002.0,1016.0,991.0,1008.0,1206500,-1.0,-1.0,-1.0
2023/03/14,994.0,994.0,972.0,983.0,650000,-1.0,-1.0,-1.0
2023/03/15,997.0,1000.0,982.0,991.0,640500,-1.0,-1.0,-1.0
2023/03/16,965.0,980.0,957.0,977.0,876000,-1.0,-1.0,-1.0
2023/03/17,980.0,985.0,968.0,979.0,974000,-1.0,-1.0,-1.0
2023/03/20,970.0,970.0,949.0,950.0,708500,-1.0,-1.0,-1.0
2023/03/22,970.0,972.0,965.0,966.0,711500,-1.0,-1.0,-1.0
2023/03/23,956.0,965.0,947.0,962.0,619000,-1.0,-1.0,-1.0
2023/03/24,957.0,961.0,952.0,954.0,550500,-1.0,-1.0,-1.0
2023/03/27,963.0,977.0,962.0,974.0,431500,-1.0,-1.0,-1.0
2023/03/28,983.0,984.0,960.0,971.0,833500,-1.0,-1.0,-1.0
2023/03/29,976.0,983.0,966.0,983.0,917500,-1.0,-1.0,-1.0
2023/03/30,972.0,972.0,961.0,970.0,750500,-1.0,-1.0,-1.0
2023/03/31,982.0,995.0,979.0,981.0,735000,-1.0,-1.0,-1.0
2023/04/03,986.0,992.0,981.0,990.0,600000,-1.0,-1.0,-1.0
2023/04/04,1004.0,1010.0,997.0,1004.0,951000,-1.0,-1.0,-1.0
2023/04/05,984.0,990.0,943.0,948.0,1782500,-1.0,-1.0,-1.0
2023/04/06,935.0,935.0,919.0,923.0,1719500,-1.0,-1.0,-1.0
2023/04/07,931.0,934.0,927.0,929.0,590000,-1.0,-1.0,-1.0
2023/04/10,937.0,939.0,924.0,928.0,413000,-1.0,-1.0,-1.0
2023/04/11,942.0,947.0,929.0,931.0,583500,-1.0,-1.0,-1.0
2023/04/12,940.0,950.0,933.0,937.0,889500,-1.0,-1.0,-1.0
2023/04/13,932.0,936.0,925.0,929.0,704000,-1.0,-1.0,-1.0
2023/04/14,931.0,942.0,930.0,934.0,789000,-1.0,-1.0,-1.0
2023/04/17,941.0,941.0,929.0,933.0,619500,-1.0,-1.0,-1.0
2023/04/18,935.0,946.0,934.0,942.0,780500,-1.0,-1.0,-1.0
2023/04/19,939.0,956.0,939.0,956.0,647000,-1.0,-1.0,-1.0
2023/04/20,946.0,955.0,943.0,949.0,494000,-1.0,-1.0,-1.0
2023/04/21,951.0,954.0,945.0,948.0,604500,-1.0,-1.0,-1.0
2023/04/24,947.0,953.0,945.0,948.0,487000,-1.0,-1.0,-1.0
2023/04/25,958.0,962.0,950.0,952.0,773000,-1.0,-1.0,-1.0
2023/04/26,946.0,948.0,938.0,944.0,922500,-1.0,-1.0,-1.0
2023/04/27,943.0,943.0,935.0,936.0,488500,-1.0,-1.0,-1.0
2023/04/28,958.0,964.0,948.0,956.0,874000,-1.0,-1.0,-1.0
2023/05/01,964.0,975.0,964.0,973.0,548000,-1.0,-1.0,-1.0
2023/05/02,977.0,981.0,960.0,968.0,784500,-1.0,-1.0,-1.0
2023/05/08,957.0,973.0,957.0,969.0,531500,-1.0,-1.0,-1.0
2023/05/09,965.0,983.0,963.0,971.0,1223000,-1.0,-1.0,-1.0
2023/05/10,977.0,1034.0,972.0,1018.0,3221500,-1.0,-1.0,-1.0
2023/05/11,1004.0,1028.0,996.0,1006.0,1912000,-1.0,-1.0,-1.0
2023/05/12,1006.0,1018.0,989.0,995.0,1291000,-1.0,-1.0,-1.0
2023/05/15,1000.0,1022.0,999.0,1018.0,605000,-1.0,-1.0,-1.0
2023/05/16,1024.0,1028.0,1016.0,1026.0,768500,-1.0,-1.0,-1.0
2023/05/17,1030.0,1036.0,1008.0,1012.0,1129500,-1.0,-1.0,-1.0
2023/05/18,1014.0,1018.0,1000.0,1006.0,1129000,-1.0,-1.0,-1.0
2023/05/19,1006.0,1010.0,991.0,994.0,814500,-1.0,-1.0,-1.0
2023/05/22,990.0,999.0,990.0,998.0,677500,-1.0,-1.0,-1.0
2023/05/23,997.0,1002.0,988.0,993.0,838500,-1.0,-1.0,-1.0
2023/05/24,991.0,994.0,985.0,988.0,475000,-1.0,-1.0,-1.0
2023/05/25,984.0,993.0,980.0,983.0,650000,-1.0,-1.0,-1.0
2023/05/26,983.0,985.0,968.0,969.0,823500,-1.0,-1.0,-1.0
2023/05/29,973.0,978.0,967.0,969.0,753000,-1.0,-1.0,-1.0
2023/05/30,964.0,968.0,954.0,966.0,815000,-1.0,-1.0,-1.0
2023/05/31,954.0,955.0,944.0,944.0,1450500,-1.0,-1.0,-1.0
2023/06/01,947.0,958.0,941.0,947.0,1206500,-1.0,-1.0,-1.0
2023/06/02,944.0,958.0,944.0,958.0,829000,-1.0,-1.0,-1.0
2023/06/05,971.0,984.2,966.0,980.4000000000001,881000,-1.0,-1.0,-1.0
2023/06/06,966.4000000000001,975.6,960.8000000000001,974.8000000000001,706000,-1.0,-1.0,-1.0
2023/06/07,983.0,985.2,964.4000000000001,967.0,964000,-1.0,-1.0,-1.0
2023/06/08,968.6,975.4000000000001,964.8000000000001,966.8000000000001,929500,-1.0,-1.0,-1.0
2023/06/09,966.8000000000001,975.4000000000001,964.2,972.4000000000001,1195000,-1.0,-1.0,-1.0
2023/06/12,972.0,983.0,968.4000000000001,981.6,982000,-1.0,-1.0,-1.0
2023/06/13,983.6,983.8000000000001,970.0,975.0,1268000,-1.0,-1.0,-1.0
2023/06/14,984.0,984.0,972.6,976.0,1252000,-1.0,-1.0,-1.0
2023/06/15,974.0,981.6,966.8000000000001,978.0,921000,-1.0,-1.0,-1.0
2023/06/16,968.8000000000001,970.4000000000001,962.0,966.8000000000001,1377500,-1.0,-1.0,-1.0
2023/06/19,972.2,972.2,957.2,959.6,863000,-1.0,-1.0,-1.0
2023/06/20,956.8000000000001,963.8000000000001,952.0,963.8000000000001,1392000,-1.0,-1.0,-1.0
2023/06/21,958.6,972.0,958.6,962.0,1697500,-1.0,-1.0,-1.0
2023/06/22,964.6,972.2,961.8000000000001,966.2,1073000,-1.0,-1.0,-1.0
2023/06/23,966.4000000000001,968.8000000000001,946.6,950.2,986000,-1.0,-1.0,-1.0
2023/06/26,945.0,951.4000000000001,936.6,938.2,891500,-1.0,-1.0,-1.0
2023/06/27,941.2,945.6,928.0,935.2,1026000,-1.0,-1.0,-1.0
2023/06/28,930.4000000000001,943.6,927.0,943.2,1044000,-1.0,-1.0,-1.0
2023/06/29,938.0,945.2,932.0,938.0,1283500,-1.0,-1.0,-1.0
2023/06/30,951.0,956.4000000000001,940.6,949.6,1232000,-1.0,-1.0,-1.0
2023/07/03,951.8000000000001,971.6,951.8000000000001,963.6,850500,-1.0,-1.0,-1.0
2023/07/04,960.6,963.8000000000001,953.8000000000001,958.0,894000,-1.0,-1.0,-1.0
2023/07/05,958.0,963.6,951.6,960.2,836500,-1.0,-1.0,-1.0
2023/07/06,956.4000000000001,963.2,953.6,955.6,908500,-1.0,-1.0,-1.0
2023/07/07,949.4000000000001,962.2,944.8000000000001,955.0,1083000,-1.0,-1.0,-1.0
2023/07/10,956.0,960.8000000000001,949.0,955.2,854000,-1.0,-1.0,-1.0
2023/07/11,954.4000000000001,955.0,938.8000000000001,941.0,837500,-1.0,-1.0,-1.0
2023/07/12,950.6,953.2,942.2,946.6,999000,-1.0,-1.0,-1.0
2023/07/13,949.0,949.4000000000001,938.8000000000001,939.2,769000,-1.0,-1.0,-1.0
2023/07/14,943.0,948.8000000000001,938.6,943.8000000000001,661500,-1.0,-1.0,-1.0
2023/07/18,938.6,947.0,934.8000000000001,945.2,342500,-1.0,-1.0,-1.0
2023/07/19,949.4000000000001,955.0,942.6,950.2,459500,-1.0,-1.0,-1.0
2023/07/20,953.2,957.4000000000001,947.6,947.6,461000,-1.0,-1.0,-1.0
2023/07/21,948.0,953.4000000000001,947.0,948.8000000000001,431500,-1.0,-1.0,-1.0
2023/07/24,955.2,958.4000000000001,950.4000000000001,956.2,506500,-1.0,-1.0,-1.0
2023/07/25,961.6,970.0,959.0,969.2,698500,-1.0,-1.0,-1.0
2023/07/26,972.4000000000001,976.8000000000001,960.4000000000001,974.6,1181500,-1.0,-1.0,-1.0
2023/07/27,970.6,979.2,964.4000000000001,976.6,985500,-1.0,-1.0,-1.0
2023/07/28,963.0,978.0,962.2,971.4000000000001,1010000,-1.0,-1.0,-1.0
2023/07/31,986.0,991.2,978.8000000000001,985.0,1450000,-1.0,-1.0,-1.0
2023/08/01,985.6,995.8000000000001,977.6,992.8000000000001,1156000,-1.0,-1.0,-1.0
2023/08/02,987.6,990.0,979.8000000000001,985.0,984000,-1.0,-1.0,-1.0
2023/08/03,982.0,983.6,968.2,976.0,1529000,-1.0,-1.0,-1.0
2023/08/04,976.4000000000001,994.0,974.6,987.0,1093000,-1.0,-1.0,-1.0
2023/08/07,986.2,1003.2,986.2,1002.2,955500,-1.0,-1.0,-1.0
2023/08/08,1000.2,1004.6,998.2,1002.8000000000001,721000,-1.0,-1.0,-1.0
2023/08/09,1009.0,1009.0,1001.2,1005.0,472000,-1.0,-1.0,-1.0
2023/08/10,1005.0,1014.2,1000.0,1014.2,690000,-1.0,-1.0,-1.0
2023/08/14,1020.0,1030.4,1015.6,1020.2,700000,-1.0,-1.0,-1.0
2023/08/15,1023.6,1023.6,1006.2,1012.4000000000001,893500,-1.0,-1.0,-1.0
2023/08/16,1002.6,1009.2,1000.8000000000001,1005.6,513500,-1.0,-1.0,-1.0
2023/08/17,1006.2,1006.2,989.6,996.0,595000,-1.0,-1.0,-1.0
2023/08/18,996.0,998.6,988.6,991.6,459000,-1.0,-1.0,-1.0
2023/08/21,994.0,999.6,991.8000000000001,994.0,760500,-1.0,-1.0,-1.0
2023/08/22,989.6,992.0,976.2,992.0,1072500,-1.0,-1.0,-1.0
2023/08/23,973.0,984.6,973.0,984.4000000000001,685000,-1.0,-1.0,-1.0
2023/08/24,988.6,997.4000000000001,987.4000000000001,994.0,468000,-1.0,-1.0,-1.0
2023/08/25,988.0,997.6,986.0,992.0,879000,-1.0,-1.0,-1.0
2023/08/28,993.0,1005.2,992.6,1005.2,564500,-1.0,-1.0,-1.0
2023/08/29,1000.8000000000001,1012.4000000000001,999.6,1008.4000000000001,786000,-1.0,-1.0,-1.0
2023/08/30,1008.6,1019.0,1007.0,1017.6,635000,-1.0,-1.0,-1.0
2023/08/31,1014.4000000000001,1020.6,1012.8000000000001,1016.8000000000001,1062000,-1.0,-1.0,-1.0
2023/09/01,1016.8000000000001,1029.0,1011.2,1028.2,560500,-1.0,-1.0,-1.0
2023/09/04,1028.2,1052.8,1027.6000000000001,1052.0,807000,-1.0,-1.0,-1.0
2023/09/05,1055.2,1059.0,1047.6000000000001,1056.8,803500,-1.0,-1.0,-1.0
2023/09/06,1051.8,1053.6000000000001,1042.2,1042.8,1053500,-1.0,-1.0,-1.0
2023/09/07,1045.0,1051.8,1039.8,1040.2,1035500,-1.0,-1.0,-1.0
2023/09/08,1036.0,1048.2,1030.4,1031.8,1110500,-1.0,-1.0,-1.0
2023/09/11,1038.2,1040.4,1029.2,1035.2,520000,-1.0,-1.0,-1.0
2023/09/12,1043.2,1047.2,1037.6000000000001,1042.0,810000,-1.0,-1.0,-1.0
2023/09/13,1043.0,1047.0,1035.2,1043.2,780500,-1.0,-1.0,-1.0
2023/09/14,1047.4,1054.8,1040.4,1051.8,589500,-1.0,-1.0,-1.0
2023/09/15,1052.6000000000001,1066.0,1051.6000000000001,1060.8,1037000,-1.0,-1.0,-1.0
2023/09/19,1059.0,1077.6000000000001,1058.0,1076.4,970000,-1.0,-1.0,-1.0
2023/09/20,1080.0,1085.8,1076.2,1076.8,1061000,-1.0,-1.0,-1.0
2023/09/21,1074.6000000000001,1080.0,1056.4,1057.8,898500,-1.0,-1.0,-1.0
2023/09/22,1046.0,1054.4,1040.6000000000001,1048.8,913000,-1.0,-1.0,-1.0
2023/09/25,1068.8,1079.4,1048.8,1054.6000000000001,611000,-1.0,-1.0,-1.0
2023/09/26,1059.2,1066.2,1054.2,1063.0,690500,-1.0,-1.0,-1.0
2023/09/27,1058.0,1068.2,1048.2,1064.6000000000001,744000,-1.0,-1.0,-1.0
2023/09/28,1040.4,1055.4,1038.4,1045.8,675000,-1.0,-1.0,-1.0
2023/09/29,1049.6000000000001,1049.6000000000001,1032.4,1034.2,977000,-1.0,-1.0,-1.0
2023/10/02,1039.4,1045.8,1029.6000000000001,1031.4,734500,-1.0,-1.0,-1.0
2023/10/03,1029.6000000000001,1032.2,1013.4000000000001,1019.6,766000,-1.0,-1.0,-1.0
2023/10/04,1011.0,1014.6,990.0,992.6,779500,-1.0,-1.0,-1.0
2023/10/05,992.8000000000001,1012.2,992.4000000000001,1008.8000000000001,824500,-1.0,-1.0,-1.0
2023/10/06,1009.0,1027.2,1008.8000000000001,1020.6,947500,-1.0,-1.0,-1.0
2023/10/10,1037.2,1049.4,1031.6000000000001,1042.6000000000001,935000,-1.0,-1.0,-1.0
2023/10/11,1041.2,1043.2,1033.4,1033.4,816000,-1.0,-1.0,-1.0
2023/10/12,1038.6000000000001,1052.0,1038.6000000000001,1047.8,713000,-1.0,-1.0,-1.0
2023/10/13,1037.6000000000001,1054.4,1035.6000000000001,1037.8,646000,-1.0,-1.0,-1.0
2023/10/16,1030.2,1034.6000000000001,1023.4000000000001,1027.2,736000,-1.0,-1.0,-1.0
2023/10/17,1031.6000000000001,1045.4,1031.6000000000001,1037.2,619000,-1.0,-1.0,-1.0
2023/10/18,1040.2,1045.2,1025.2,1030.6000000000001,797500,-1.0,-1.0,-1.0
2023/10/19,1017.0,1031.8,1013.6,1027.2,731000,-1.0,-1.0,-1.0
2023/10/20,1023.8000000000001,1027.0,1018.0,1018.0,535500,-1.0,-1.0,-1.0
2023/10/23,1009.6,1017.6,1007.2,1008.0,994500,-1.0,-1.0,-1.0
2023/10/24,1007.4000000000001,1011.4000000000001,983.0,1007.2,759500,-1.0,-1.0,-1.0
2023/10/25,1007.2,1014.0,1002.2,1005.0,974500,-1.0,-1.0,-1.0
2023/10/26,1006.0,1017.2,1001.6,1006.6,743000,-1.0,-1.0,-1.0
2023/10/27,1013.6,1030.4,1013.6,1030.4,498000,-1.0,-1.0,-1.0
2023/10/30,1023.6,1025.6000000000001,1009.8000000000001,1015.0,645500,-1.0,-1.0,-1.0
2023/10/31,1024.8,1029.0,902.6,903.4000000000001,2661500,-1.0,-1.0,-1.0
2023/11/01,929.6,968.6,921.0,956.6,4026500,-1.0,-1.0,-1.0
2023/11/02,962.0,979.2,956.0,957.8000000000001,3163000,-1.0,-1.0,-1.0
2023/11/06,969.8000000000001,974.6,945.6,967.2,1828500,-1.0,-1.0,-1.0
2023/11/07,973.0,977.2,957.0,962.8000000000001,1025500,-1.0,-1.0,-1.0
2023/11/08,972.0,976.0,943.2,948.6,1084500,-1.0,-1.0,-1.0
2023/11/09,952.6,962.8000000000001,944.6,962.8000000000001,1087500,-1.0,-1.0,-1.0
2023/11/10,968.6,970.8000000000001,961.4000000000001,967.0,892000,-1.0,-1.0,-1.0
2023/11/13,973.6,975.6,955.0,965.2,1107000,-1.0,-1.0,-1.0
2023/11/14,962.0,969.2,960.0,964.8000000000001,919500,-1.0,-1.0,-1.0
2023/11/15,971.8000000000001,976.6,964.0,968.6,766500,-1.0,-1.0,-1.0
2023/11/16,968.6,980.6,961.2,980.6,638500,-1.0,-1.0,-1.0
2023/11/17,982.6,998.8000000000001,982.0,998.8000000000001,739000,-1.0,-1.0,-1.0
2023/11/20,998.8000000000001,1004.2,989.8000000000001,990.0,785500,-1.0,-1.0,-1.0
2023/11/21,990.8000000000001,1001.0,985.8000000000001,994.2,798000,-1.0,-1.0,-1.0
2023/11/22,980.2,988.0,979.0,988.0,693000,-1.0,-1.0,-1.0
2023/11/24,1000.6,1022.8000000000001,998.2,1021.0,762000,-1.0,-1.0,-1.0
2023/11/27,1025.6000000000001,1031.8,1015.0,1023.4000000000001,850500,-1.0,-1.0,-1.0
2023/11/28,1025.8,1025.8,1014.0,1018.2,483000,-1.0,-1.0,-1.0
2023/11/29,1010.6,1023.0,1007.4000000000001,1008.4000000000001,620000,-1.0,-1.0,-1.0
2023/11/30,999.0,1014.0,994.0,1007.8000000000001,574000,-1.0,-1.0,-1.0
2023/12/01,1017.8000000000001,1020.0,1001.6,1006.4000000000001,856000,-1.0,-1.0,-1.0
2023/12/04,998.4000000000001,1003.0,987.4000000000001,1001.8000000000001,937000,-1.0,-1.0,-1.0
2023/12/05,1001.8000000000001,1007.2,988.6,991.8000000000001,779000,-1.0,-1.0,-1.0
2023/12/06,987.8000000000001,999.8000000000001,979.6,998.4000000000001,1070000,-1.0,-1.0,-1.0
2023/12/07,984.4000000000001,993.6,981.6,983.4000000000001,1050500,-1.0,-1.0,-1.0
2023/12/08,965.2,983.2,962.6,978.0,1321000,-1.0,-1.0,-1.0
2023/12/11,987.4000000000001,998.6,986.2,997.4000000000001,597000,-1.0,-1.0,-1.0
2023/12/12,1011.2,1028.0,1005.6,1006.0,782500,-1.0,-1.0,-1.0
2023/12/13,1006.0,1012.0,1002.2,1005.2,494000,-1.0,-1.0,-1.0
2023/12/14,1002.2,1008.8000000000001,996.6,997.6,457500,-1.0,-1.0,-1.0
2023/12/15,1002.2,1021.2,1002.2,1018.2,913000,-1.0,-1.0,-1.0
2023/12/18,1004.2,1013.0,998.8000000000001,1011.6,422000,-1.0,-1.0,-1.0
2023/12/19,1011.2,1012.8000000000001,995.8000000000001,1003.6,724000,-1.0,-1.0,-1.0
2023/12/20,1001.0,1019.4000000000001,1001.0,1012.2,618000,-1.0,-1.0,-1.0
2023/12/21,1000.6,1014.4000000000001,999.2,1009.2,486000,-1.0,-1.0,-1.0
2023/12/22,1016.0,1028.2,1015.2,1028.2,470000,-1.0,-1.0,-1.0
2023/12/25,1039.8,1039.8,1020.4000000000001,1027.0,400500,-1.0,-1.0,-1.0
2023/12/26,1030.0,1032.0,1023.6,1025.6000000000001,464000,-1.0,-1.0,-1.0
2023/12/27,1028.6000000000001,1044.0,1028.6000000000001,1039.2,511500,-1.0,-1.0,-1.0
2023/12/28,1039.2,1045.2,1038.2,1042.8,368500,-1.0,-1.0,-1.0
2023/12/29,1041.2,1045.8,1029.4,1036.2,365000,-1.0,-1.0,-1.0
2024/01/04,1036.2,1053.0,1025.2,1049.2,484000,-1.0,-1.0,-1.0
2024/01/05,1047.0,1051.2,1041.0,1046.6000000000001,1088000,-1.0,-1.0,-1.0
2024/01/09,1052.2,1058.0,1045.6000000000001,1057.0,695500,-1.0,-1.0,-1.0
2024/01/10,1058.4,1061.2,1050.2,1057.2,651000,-1.0,-1.0,-1.0
2024/01/11,1059.8,1066.2,1057.8,1062.0,718000,-1.0,-1.0,-1.0
2024/01/12,1068.0,1073.0,1062.8,1066.6000000000001,572000,-1.0,-1.0,-1.0
2024/01/15,1062.0,1079.2,1062.0,1077.8,396500,-1.0,-1.0,-1.0
2024/01/16,1072.0,1079.2,1053.4,1055.0,514000,-1.0,-1.0,-1.0
2024/01/17,1055.0,1065.0,1042.0,1042.2,672500,-1.0,-1.0,-1.0
2024/01/18,1038.8,1046.4,1034.8,1037.8,408000,-1.0,-1.0,-1.0
2024/01/19,1046.8,1049.6000000000001,1033.0,1038.8,627000,-1.0,-1.0,-1.0
2024/01/22,1046.0,1049.4,1042.8,1045.6000000000001,366500,-1.0,-1.0,-1.0
2024/01/23,1048.2,1054.8,1040.6000000000001,1048.4,457500,-1.0,-1.0,-1.0
2024/01/24,1046.2,1047.2,1039.4,1041.6000000000001,767500,-1.0,-1.0,-1.0
2024/01/25,1039.4,1042.8,1032.8,1036.6000000000001,668000,-1.0,-1.0,-1.0
2024/01/26,1033.8,1044.0,1026.4,1038.8,993000,-1.0,-1.0,-1.0
2024/01/29,1038.8,1049.8,1030.6000000000001,1048.6000000000001,711000,-1.0,-1.0,-1.0
2024/01/30,1054.4,1058.4,1051.6000000000001,1052.2,681500,-1.0,-1.0,-1.0
2024/01/31,1032.2,1112.0,1030.6000000000001,1108.8,1727000,-1.0,-1.0,-1.0
2024/02/01,1095.8,1101.8,1072.8,1090.0,1101500,-1.0,-1.0,-1.0
2024/02/02,1098.8,1128.8,1090.2,1120.6000000000001,1623000,-1.0,-1.0,-1.0
2024/02/05,1120.6000000000001,1122.8,1086.4,1087.8,963000,-1.0,-1.0,-1.0
2024/02/06,1089.6000000000001,1096.8,1080.2,1087.4,795500,-1.0,-1.0,-1.0
2024/02/07,1086.0,1091.6000000000001,1068.4,1077.2,642500,-1.0,-1.0,-1.0
2024/02/08,1072.8,1092.0,1063.0,1076.0,870500,-1.0,-1.0,-1.0
2024/02/09,1070.6000000000001,1081.0,1060.4,1062.2,518000,-1.0,-1.0,-1.0
2024/02/13,1061.8,1061.8,1049.2,1056.8,588500,-1.0,-1.0,-1.0
2024/02/14,1054.8,1054.8,1032.8,1046.2,742500,-1.0,-1.0,-1.0
2024/02/15,1041.2,1044.8,1022.0,1035.6000000000001,977000,-1.0,-1.0,-1.0
2024/02/16,1040.6000000000001,1067.6000000000001,1039.0,1059.4,967000,-1.0,-1.0,-1.0
2024/02/19,1056.0,1084.6000000000001,1056.0,1076.2,593000,-1.0,-1.0,-1.0
2024/02/20,1074.4,1080.8,1069.8,1070.6000000000001,562000,-1.0,-1.0,-1.0
2024/02/21,1064.6000000000001,1071.8,1055.4,1063.2,597500,-1.0,-1.0,-1.0
2024/02/22,1066.0,1078.6000000000001,1055.4,1072.4,603000,-1.0,-1.0,-1.0
2024/02/26,1072.4,1084.8,1068.4,1073.6000000000001,825000,-1.0,-1.0,-1.0
2024/02/27,1081.4,1089.4,1064.2,1067.4,707000,-1.0,-1.0,-1.0
2024/02/28,1067.6000000000001,1075.0,1059.6000000000001,1071.0,493000,-1.0,-1.0,-1.0
2024/02/29,1074.4,1079.4,1052.6000000000001,1058.2,666500,-1.0,-1.0,-1.0
2024/03/01,1064.6000000000001,1077.8,1054.0,1062.8,297000,-1.0,-1.0,-1.0
2024/03/04,1057.2,1061.2,1040.2,1046.8,585500,-1.0,-1.0,-1.0
2024/03/05,1042.4,1056.0,1033.4,1041.2,411000,-1.0,-1.0,-1.0
2024/03/06,1046.8,1059.6000000000001,1041.2,1050.2,507500,-1.0,-1.0,-1.0
2024/03/07,1067.6000000000001,1069.6000000000001,1054.0,1060.2,544500,-1.0,-1.0,-1.0
2024/03/08,1047.8,1059.6000000000001,1036.8,1056.8,559000,-1.0,-1.0,-1.0
2024/03/11,1050.0,1050.0,1029.6000000000001,1039.8,615500,-1.0,-1.0,-1.0
2024/03/12,1033.8,1038.0,1019.2,1038.0,745000,-1.0,-1.0,-1.0
2024/03/13,1042.0,1050.6000000000001,1035.2,1041.4,497500,-1.0,-1.0,-1.0
2024/03/14,1048.2,1051.8,1040.6000000000001,1047.2,451000,-1.0,-1.0,-1.0
2024/03/15,1046.0,1063.0,1044.8,1054.4,1249500,-1.0,-1.0,-1.0
2024/03/18,1059.6000000000001,1064.8,1053.4,1059.6000000000001,397500,-1.0,-1.0,-1.0
2024/03/19,1055.2,1076.8,1053.8,1076.8,403000,-1.0,-1.0,-1.0
2024/03/21,1078.8,1094.4,1075.2,1090.4,609500,-1.0,-1.0,-1.0
2024/03/22,1100.0,1102.8,1085.8,1095.2,496500,-1.0,-1.0,-1.0
2024/03/25,1094.4,1096.2,1081.8,1084.8,450500,-1.0,-1.0,-1.0
2024/03/26,1073.6000000000001,1092.0,1070.4,1081.0,546000,-1.0,-1.0,-1.0
2024/03/27,1085.4,1091.2,1080.4,1084.2,999500,-1.0,-1.0,-1.0
2024/03/28,1065.2,1065.2,1031.6000000000001,1038.8,633000,-1.0,-1.0,-1.0
2024/03/29,1036.0,1048.8,1035.8,1044.4,317500,-1.0,-1.0,-1.0
2024/04/01,1043.8,1048.8,1028.4,1029.6000000000001,449500,-1.0,-1.0,-1.0
2024/04/02,1026.6000000000001,1027.4,1014.8000000000001,1023.4000000000001,671500,-1.0,-1.0,-1.0
2024/04/03,1018.8000000000001,1029.4,1014.6,1025.4,804000,-1.0,-1.0,-1.0
2024/04/04,1035.2,1039.2,1023.2,1030.0,425500,-1.0,-1.0,-1.0
2024/04/05,1014.4000000000001,1029.0,1006.0,1026.2,486000,-1.0,-1.0,-1.0
2024/04/08,1034.8,1038.8,1024.6000000000001,1037.4,505000,-1.0,-1.0,-1.0
2024/04/09,1038.8,1038.8,1027.8,1032.2,350000,-1.0,-1.0,-1.0
2024/04/10,1030.0,1041.0,1029.0,1040.6000000000001,338500,-1.0,-1.0,-1.0
2024/04/11,1024.0,1035.6000000000001,1024.0,1033.8,315500,-1.0,-1.0,-1.0
2024/04/12,1037.6000000000001,1054.6000000000001,1036.0,1051.2,462000,-1.0,-1.0,-1.0
2024/04/15,1048.4,1071.6000000000001,1045.4,1069.6000000000001,384500,-1.0,-1.0,-1.0
2024/04/16,1068.6000000000001,1082.8,1063.0,1068.6000000000001,506000,-1.0,-1.0,-1.0
2024/04/17,1068.8,1069.4,1044.2,1055.8,455000,-1.0,-1.0,-1.0
2024/04/18,1069.6000000000001,1073.2,1059.0,1060.2,666000,-1.0,-1.0,-1.0
2024/04/19,1061.2,1073.2,1049.2,1059.4,713000,-1.0,-1.0,-1.0
2024/04/22,1070.0,1082.8,1063.4,1080.4,560500,-1.0,-1.0,-1.0
2024/04/23,1078.8,1085.0,1072.8,1083.8,368500,-1.0,-1.0,-1.0
2024/04/24,1088.0,1092.2,1077.8,1092.2,496500,-1.0,-1.0,-1.0
2024/04/25,1098.6000000000001,1101.0,1076.8,1082.2,514000,-1.0,-1.0,-1.0
2024/04/26,1078.6000000000001,1094.4,1069.4,1085.2,542500,-1.0,-1.0,-1.0
2024/04/30,1097.4,1098.2,1083.6000000000001,1094.2,462000,-1.0,-1.0,-1.0
2024/05/01,1083.8,1098.0,1073.2,1088.4,389500,-1.0,-1.0,-1.0
2024/05/02,1084.4,1097.4,1080.4,1097.4,583000,-1.0,-1.0,-1.0
2024/05/07,1085.2,1096.0,1082.2,1089.8,502500,-1.0,-1.0,-1.0
2024/05/08,1088.4,1094.4,1068.0,1077.8,404000,-1.0,-1.0,-1.0
2024/05/09,1079.4,1089.6000000000001,1075.4,1086.4,404000,-1.0,-1.0,-1.0
2024/05/10,1089.0,1098.6000000000001,1085.0,1095.8,466500,-1.0,-1.0,-1.0
2024/05/13,1078.2,1170.0,1040.6000000000001,1154.6000000000001,3364500,-1.0,-1.0,-1.0
2024/05/14,1138.2,1149.6000000000001,1113.8,1129.6000000000001,1242500,-1.0,-1.0,-1.0
2024/05/15,1109.6000000000001,1116.2,1087.0,1095.0,1181000,-1.0,-1.0,-1.0
2024/05/16,1101.0,1109.8,1070.0,1085.0,996000,-1.0,-1.0,-1.0
2024/05/17,1083.0,1092.6000000000001,1071.8,1090.6000000000001,943500,-1.0,-1.0,-1.0
2024/05/20,1091.4,1119.0,1091.4,1102.2,816000,-1.0,-1.0,-1.0
2024/05/21,1104.8,1114.0,1095.4,1096.2,936000,-1.0,-1.0,-1.0
2024/05/22,1098.0,1113.4,1090.0,1103.4,557500,-1.0,-1.0,-1.0
2024/05/23,1087.0,1107.0,1082.2,1103.0,468500,-1.0,-1.0,-1.0
2024/05/24,1092.2,1124.2,1092.2,1114.2,636500,-1.0,-1.0,-1.0
2024/05/27,1119.4,1119.6000000000001,1105.0,1113.0,446500,-1.0,-1.0,-1.0
2024/05/28,1112.0,1114.6000000000001,1105.4,1105.4,433500,-1.0,-1.0,-1.0
2024/05/29,1105.4,1108.8,1098.4,1098.4,566500,-1.0,-1.0,-1.0
2024/05/30,1083.6000000000001,1095.0,1073.0,1091.4,1980500,-1.0,-1.0,-1.0
2024/05/31,1104.8,1139.8,1104.8,1134.8,1601500,-1.0,-1.0,-1.0
2024/06/03,1142.0,1149.8,1131.6000000000001,1142.0,533000,-1.0,-1.0,-1.0
2024/06/04,1122.0,1146.2,1119.8,1137.8,548500,-1.0,-1.0,-1.0
2024/06/05,1136.0,1152.6000000000001,1134.2,1141.6000000000001,725000,-1.0,-1.0,-1.0
2024/06/06,1142.2,1152.2,1139.2,1139.4,768000,-1.0,-1.0,-1.0
2024/06/07,1133.0,1136.8,1110.0,1115.0,617000,-1.0,-1.0,-1.0
2024/06/10,1130.6000000000001,1135.2,1117.8,1133.6000000000001,708000,-1.0,-1.0,-1.0
2024/06/11,1133.6000000000001,1137.4,1112.8,1113.6000000000001,616500,-1.0,-1.0,-1.0
2024/06/12,1110.2,1118.8,1105.0,1112.4,528500,-1.0,-1.0,-1.0
2024/06/13,1112.0,1112.0,1088.2,1100.0,518500,-1.0,-1.0,-1.0
2024/06/14,1096.8,1106.0,1088.6000000000001,1099.6000000000001,785500,-1.0,-1.0,-1.0
2024/06/17,1093.0,1098.4,1070.0,1075.6000000000001,815000,-1.0,-1.0,-1.0
2024/06/18,1075.6000000000001,1087.0,1071.6000000000001,1078.4,805000,-1.0,-1.0,-1.0
2024/06/19,1075.4,1083.6000000000001,1063.4,1078.2,502000,-1.0,-1.0,-1.0
2024/06/20,1075.8,1084.8,1069.2,1077.8,715500,-1.0,-1.0,-1.0
2024/06/21,1083.6000000000001,1097.0,1075.8,1085.4,1552000,-1.0,-1.0,-1.0
2024/06/24,1095.8,1095.8,1076.2,1079.6000000000001,716000,-1.0,-1.0,-1.0
2024/06/25,1089.6000000000001,1104.6000000000001,1086.0,1093.6000000000001,577500,-1.0,-1.0,-1.0
2024/06/26,1096.2,1096.2,1082.2,1086.8,535500,-1.0,-1.0,-1.0
2024/06/27,1084.6000000000001,1092.6000000000001,1084.4,1091.4,460000,-1.0,-1.0,-1.0
2024/06/28,1091.4,1099.8,1088.2,1097.6000000000001,688500,-1.0,-1.0,-1.0
2024/07/01,1097.6000000000001,1106.0,1081.8,1086.0,665000,-1.0,-1.0,-1.0
2024/07/02,1086.0,1102.4,1084.8,1094.2,648000,-1.0,-1.0,-1.0
2024/07/03,1094.2,1112.0,1090.0,1101.0,669500,-1.0,-1.0,-1.0
2024/07/04,1101.6000000000001,1108.0,1098.8,1099.0,588500,-1.0,-1.0,-1.0
2024/07/05,1099.2,1106.2,1080.0,1085.8,554000,-1.0,-1.0,-1.0
2024/07/08,1085.6000000000001,1085.6000000000001,1070.0,1083.6000000000001,634500,-1.0,-1.0,-1.0
2024/07/09,1074.4,1082.4,1066.8,1076.8,693500,-1.0,-1.0,-1.0
2024/07/10,1072.2,1077.4,1062.2,1069.4,982500,-1.0,-1.0,-1.0
2024/07/11,1086.0,1092.0,1082.6000000000001,1088.2,799000,-1.0,-1.0,-1.0
2024/07/12,1081.0,1094.6000000000001,1075.8,1080.2,906000,-1.0,-1.0,-1.0
2024/07/16,1075.0,1080.8,1068.4,1070.0,764500,-1.0,-1.0,-1.0
2024/07/17,1071.2,1083.2,1071.2,1083.2,571000,-1.0,-1.0,-1.0
2024/07/18,1081.2,1098.0,1078.0,1087.4,740500,-1.0,-1.0,-1.0
2024/07/19,1084.6000000000001,1092.0,1075.8,1082.2,522000,-1.0,-1.0,-1.0
2024/07/22,1082.2,1089.0,1075.8,1084.2,464500,-1.0,-1.0,-1.0
2024/07/23,1088.0,1100.8,1088.0,1096.6000000000001,578500,-1.0,-1.0,-1.0
2024/07/24,1089.2,1091.0,1067.6000000000001,1067.6000000000001,658500,-1.0,-1.0,-1.0
2024/07/25,1065.8,1073.0,1060.2,1065.4,687000,-1.0,-1.0,-1.0
2024/07/26,1070.0,1073.6000000000001,1056.2,1056.2,517000,-1.0,-1.0,-1.0
2024/07/29,1064.2,1078.8,1063.0,1074.6000000000001,460000,-1.0,-1.0,-1.0
2024/07/30,1064.6000000000001,1072.6000000000001,1060.2,1067.0,598000,-1.0,-1.0,-1.0
2024/07/31,1068.2,1080.0,1011.4000000000001,1032.0,1812500,-1.0,-1.0,-1.0
2024/08/01,1012.0,1017.4000000000001,960.8000000000001,967.0,1683000,-1.0,-1.0,-1.0
2024/08/02,953.0,967.4000000000001,917.8000000000001,923.2,1336500,-1.0,-1.0,-1.0
2024/08/05,878.6,881.0,798.6,804.4000000000001,1364000,-1.0,-1.0,-1.0
2024/08/06,841.0,869.4000000000001,830.2,851.6,1532500,-1.0,-1.0,-1.0
2024/08/07,843.2,864.0,831.2,843.6,1509500,-1.0,-1.0,-1.0
2024/08/08,830.0,857.6,826.6,840.8000000000001,931500,-1.0,-1.0,-1.0
2024/08/09,864.4000000000001,865.8000000000001,832.4000000000001,842.4000000000001,1002500,-1.0,-1.0,-1.0
2024/08/13,850.0,861.8000000000001,849.2,861.8000000000001,890500,-1.0,-1.0,-1.0
2024/08/14,861.8000000000001,864.8000000000001,852.8000000000001,861.0,759000,-1.0,-1.0,-1.0
2024/08/15,858.2,873.4000000000001,850.2,869.8000000000001,1088500,-1.0,-1.0,-1.0
2024/08/16,895.6,897.2,887.4000000000001,893.4000000000001,832000,-1.0,-1.0,-1.0
2024/08/19,893.0,905.2,888.0,892.0,898000,-1.0,-1.0,-1.0
2024/08/20,899.8000000000001,917.0,894.2,912.8000000000001,805000,-1.0,-1.0,-1.0
2024/08/21,899.0,908.8000000000001,895.0,907.6,967000,-1.0,-1.0,-1.0
2024/08/22,905.4000000000001,911.6,903.6,911.0,718500,-1.0,-1.0,-1.0
2024/08/23,909.6,926.6,907.2,921.4000000000001,641500,-1.0,-1.0,-1.0
2024/08/26,922.0,926.4000000000001,917.4000000000001,924.6,935000,-1.0,-1.0,-1.0
2024/08/27,931.4000000000001,940.2,931.4000000000001,935.4000000000001,1222000,-1.0,-1.0,-1.0
2024/08/28,927.6,941.2,926.6,936.4000000000001,1425500,-1.0,-1.0,-1.0
2024/08/29,936.4000000000001,951.8000000000001,933.0,943.0,1464000,-1.0,-1.0,-1.0
2024/08/30,941.0,962.6,940.0,953.0,1038000,-1.0,-1.0,-1.0
2024/09/02,960.0,963.4000000000001,944.0,953.0,830000,-1.0,-1.0,-1.0
2024/09/03,952.6,966.8000000000001,950.0,963.6,614500,-1.0,-1.0,-1.0
2024/09/04,949.6,956.8000000000001,937.0,940.4000000000001,823000,-1.0,-1.0,-1.0
2024/09/05,929.6,951.0,926.6,942.4000000000001,547500,-1.0,-1.0,-1.0
2024/09/06,942.4000000000001,949.0,938.6,945.2,525500,-1.0,-1.0,-1.0
2024/09/09,935.8000000000001,950.8000000000001,930.4000000000001,948.2,685000,-1.0,-1.0,-1.0
2024/09/10,948.2,963.2,947.4000000000001,958.0,652500,-1.0,-1.0,-1.0
2024/09/11,952.0,952.0,927.0,932.4000000000001,805500,-1.0,-1.0,-1.0
2024/09/12,943.0,952.8000000000001,936.0,947.6,705000,-1.0,-1.0,-1.0
2024/09/13,933.6,946.8000000000001,929.0,930.6,978000,-1.0,-1.0,-1.0
2024/09/17,943.8000000000001,955.6,930.4000000000001,955.4000000000001,1146500,-1.0,-1.0,-1.0
2024/09/18,959.0,967.4000000000001,953.4000000000001,957.6,853000,-1.0,-1.0,-1.0
2024/09/19,966.0,970.4000000000001,952.2,967.4000000000001,562500,-1.0,-1.0,-1.0
2024/09/20,973.0,981.0,968.4000000000001,968.4000000000001,818000,-1.0,-1.0,-1.0
2024/09/24,972.0,972.6,963.0,966.0,369000,-1.0,-1.0,-1.0
2024/09/25,967.8000000000001,979.8000000000001,965.0,973.4000000000001,332500,-1.0,-1.0,-1.0
2024/09/26,980.2,988.0,973.2,988.0,673000,-1.0,-1.0,-1.0
2024/09/27,980.0,987.2,976.0,984.2,437500,-1.0,-1.0,-1.0
2024/09/30,949.4000000000001,968.4000000000001,949.4000000000001,962.8000000000001,460500,-1.0,-1.0,-1.0
2024/10/01,970.0,982.2,965.6,979.0,843000,-1.0,-1.0,-1.0
2024/10/02,979.0,989.8000000000001,979.0,986.2,920000,-1.0,-1.0,-1.0
2024/10/03,1000.2,1005.6,989.2,989.2,465500,-1.0,-1.0,-1.0
2024/10/04,989.0,996.6,987.2,988.0,467000,-1.0,-1.0,-1.0
2024/10/07,1002.0,1007.6,991.0,1003.0,493500,-1.0,-1.0,-1.0
2024/10/08,985.4000000000001,1001.6,984.8000000000001,990.6,603000,-1.0,-1.0,-1.0
2024/10/09,992.4000000000001,1000.8000000000001,980.4000000000001,988.6,432500,-1.0,-1.0,-1.0
2024/10/10,996.2,996.6,987.4000000000001,992.8000000000001,557000,-1.0,-1.0,-1.0
2024/10/11,992.8000000000001,997.6,976.2,979.2,539000,-1.0,-1.0,-1.0
2024/10/15,983.2,990.8000000000001,982.0,985.4000000000001,721000,-1.0,-1.0,-1.0
2024/10/16,963.4000000000001,976.0,960.0,967.0,1199500,-1.0,-1.0,-1.0
2024/10/17,976.0,976.6,964.6,971.2,886500,-1.0,-1.0,-1.0
2024/10/18,974.6,982.2,968.2,971.4000000000001,596000,-1.0,-1.0,-1.0
2024/10/21,970.0,975.8000000000001,965.6,971.2,609000,-1.0,-1.0,-1.0
2024/10/22,965.0,971.0,951.4000000000001,960.6,1044000,-1.0,-1.0,-1.0
2024/10/23,960.2,965.6,949.0,953.8000000000001,525000,-1.0,-1.0,-1.0
2024/10/24,928.4000000000001,944.2,928.2,941.4000000000001,1446500,-1.0,-1.0,-1.0
2024/10/25,943.6,944.6,925.4000000000001,930.2,683500,-1.0,-1.0,-1.0
2024/10/28,927.8000000000001,940.4000000000001,922.4000000000001,937.6,999500,-1.0,-1.0,-1.0
2024/10/29,932.8000000000001,945.2,932.0,941.8000000000001,896500,-1.0,-1.0,-1.0
2024/10/30,938.0,948.0,932.8000000000001,936.0,1908500,-1.0,-1.0,-1.0
2024/10/31,940.2,1068.8,937.0,1066.4,2796500,-1.0,-1.0,-1.0
2024/11/01,1058.2,1069.2,1033.6000000000001,1040.4,2450500,-1.0,-1.0,-1.0
2024/11/05,1046.8,1049.0,1024.2,1036.2,975000,-1.0,-1.0,-1.0
2024/11/06,1041.0,1060.0,1039.2,1041.4,930000,-1.0,-1.0,-1.0
2024/11/07,1051.4,1064.4,1046.8,1053.0,746500,-1.0,-1.0,-1.0
2024/11/08,1054.0,1057.8,1041.0,1041.0,573000,-1.0,-1.0,-1.0
2024/11/11,1053.6000000000001,1063.2,1044.4,1059.0,751500,-1.0,-1.0,-1.0
2024/11/12,1060.6000000000001,1063.0,1052.0,1052.6000000000001,664500,-1.0,-1.0,-1.0
2024/11/13,1059.4,1066.4,1039.6000000000001,1048.2,819000,-1.0,-1.0,-1.0
2024/11/14,1056.6000000000001,1059.8,1043.2,1043.2,615500,-1.0,-1.0,-1.0
2024/11/15,1051.0,1063.0,1049.4,1055.6000000000001,715500,-1.0,-1.0,-1.0
2024/11/18,1048.6000000000001,1059.6000000000001,1045.2,1057.6000000000001,632500,-1.0,-1.0,-1.0
2024/11/19,1057.6000000000001,1063.6000000000001,1055.6000000000001,1060.0,507000,-1.0,-1.0,-1.0
2024/11/20,1062.4,1071.4,1053.8,1053.8,631500,-1.0,-1.0,-1.0
2024/11/21,1062.4,1063.4,1049.2,1052.0,500500,-1.0,-1.0,-1.0
2024/11/22,1048.4,1056.6000000000001,1038.8,1050.6000000000001,680000,-1.0,-1.0,-1.0
2024/11/25,1065.0,1065.0,1049.4,1053.0,995000,-1.0,-1.0,-1.0
2024/11/26,1044.0,1053.0,1028.0,1034.2,1029000,-1.0,-1.0,-1.0
2024/11/27,1035.2,1039.4,1015.8000000000001,1022.2,887000,-1.0,-1.0,-1.0
2024/11/28,1030.6000000000001,1052.6000000000001,1028.0,1044.8,842000,-1.0,-1.0,-1.0
2024/11/29,1038.6000000000001,1043.0,1029.2,1035.0,672000,-1.0,-1.0,-1.0
2024/12/02,1036.4,1043.0,1030.4,1032.8,753500,-1.0,-1.0,-1.0
2024/12/03,1038.2,1060.0,1036.2,1054.0,810000,-1.0,-1.0,-1.0
2024/12/04,1046.4,1060.0,1036.6000000000001,1038.0,506000,-1.0,-1.0,-1.0
2024/12/05,1038.2,1045.2,1035.4,1040.6000000000001,504000,-1.0,-1.0,-1.0
2024/12/06,1043.8,1045.0,1034.4,1036.0,473000,-1.0,-1.0,-1.0
2024/12/09,1031.0,1040.0,1026.6000000000001,1035.8,801500,-1.0,-1.0,-1.0
2024/12/10,1046.8,1048.8,1035.6000000000001,1038.8,533500,-1.0,-1.0,-1.0
2024/12/11,1041.6000000000001,1044.8,1035.2,1041.0,482500,-1.0,-1.0,-1.0
2024/12/12,1055.2,1083.2,1053.0,1074.6000000000001,1302000,-1.0,-1.0,-1.0
2024/12/13,1063.0,1084.0,1061.8,1071.6000000000001,1086000,-1.0,-1.0,-1.0
2024/12/16,1072.0,1086.0,1070.0,1071.2,614500,-1.0,-1.0,-1.0
2024/12/17,1079.0,1084.0,1071.4,1074.2,766000,-1.0,-1.0,-1.0
2024/12/18,1074.2,1087.0,1068.2,1068.2,734500,-1.0,-1.0,-1.0
2024/12/19,1070.6000000000001,1103.2,1070.6000000000001,1091.4,1077000,-1.0,-1.0,-1.0
2024/12/20,1101.0,1105.6000000000001,1085.0,1085.0,1115000,-1.0,-1.0,-1.0
2024/12/23,1087.0,1101.0,1085.0,1095.0,599000,-1.0,-1.0,-1.0
2024/12/24,1088.0,1091.4,1076.0,1078.0,484500,-1.0,-1.0,-1.0
2024/12/25,1084.6000000000001,1084.6000000000001,1061.6000000000001,1075.2,499500,-1.0,-1.0,-1.0
2024/12/26,1072.0,1094.2,1072.0,1087.2,628000,-1.0,-1.0,-1.0
2024/12/27,1086.2,1094.8,1082.6000000000001,1094.8,573000,-1.0,-1.0,-1.0
2024/12/30,1096.2,1109.0,1092.6000000000001,1094.4,463500,-1.0,-1.0,-1.0
2025/01/06,1104.2,1113.8,1100.0,1105.2,890500,-1.0,-1.0,-1.0
2025/01/07,1102.8,1113.8,1095.0,1106.6000000000001,881000,-1.0,-1.0,-1.0
2025/01/08,1106.6000000000001,1116.0,1103.4,1108.6000000000001,704000,-1.0,-1.0,-1.0
2025/01/09,1095.8,1104.4,1091.6000000000001,1094.2,713500,-1.0,-1.0,-1.0
2025/01/10,1090.8,1097.6000000000001,1071.4,1074.4,533500,-1.0,-1.0,-1.0
2025/01/14,1094.4,1094.4,1060.0,1068.8,828000,-1.0,-1.0,-1.0
2025/01/15,1062.8,1073.8,1060.2,1070.0,591500,-1.0,-1.0,-1.0
2025/01/16,1071.0,1078.8,1064.2,1064.2,585000,-1.0,-1.0,-1.0
2025/01/17,1064.2,1073.0,1057.0,1071.0,525000,-1.0,-1.0,-1.0
2025/01/20,1079.6000000000001,1088.0,1075.4,1080.0,453500,-1.0,-1.0,-1.0
2025/01/21,1083.0,1087.0,1075.2,1079.2,460500,-1.0,-1.0,-1.0
2025/01/22,1079.2,1087.6000000000001,1078.2,1082.4,449500,-1.0,-1.0,-1.0
2025/01/23,1081.4,1092.4,1080.0,1091.4,677000,-1.0,-1.0,-1.0
2025/01/24,1086.2,1104.2,1086.2,1093.8,970000,-1.0,-1.0,-1.0
2025/01/27,1099.8,1104.4,1089.0,1100.2,654000,-1.0,-1.0,-1.0
2025/01/28,1103.6000000000001,1111.8,1100.2,1109.0,549000,-1.0,-1.0,-1.0
2025/01/29,1108.0,1113.4,1104.2,1106.8,477500,-1.0,-1.0,-1.0
2025/01/30,1106.8,1117.4,1106.8,1113.6000000000001,467000,-1.0,-1.0,-1.0
2025/01/31,1117.4,1118.0,1101.8,1110.2,571500,-1.0,-1.0,-1.0
2025/02/03,1142.8,1155.2,1120.0,1131.4,1775000,-1.0,-1.0,-1.0
2025/02/04,1135.0,1147.8,1120.4,1137.0,854000,-1.0,-1.0,-1.0
2025/02/05,1140.0,1143.0,1133.4,1140.6000000000001,118000,-1.0,-1.0,-1.0
2025/02/06,1160.0,1175.8,1160.0,1164.2,1120500,-1.0,-1.0,-1.0
2025/02/07,1173.8,1188.0,1173.2,1183.2,1015000,-1.0,-1.0,-1.0
2025/02/10,1180.0,1182.2,1157.8,1161.8,464000,-1.0,-1.0,-1.0
2025/02/12,1161.8,1164.0,1148.4,1152.8,901000,-1.0,-1.0,-1.0
2025/02/13,1168.6000000000001,1171.0,1161.8,1162.6000000000001,727500,-1.0,-1.0,-1.0
2025/02/14,1162.6000000000001,1172.2,1160.4,1168.2,632000,-1.0,-1.0,-1.0
2025/02/17,1164.0,1166.6000000000001,1154.6000000000001,1165.0,611000,-1.0,-1.0,-1.0
2025/02/18,1156.0,1170.8,1156.0,1163.8,492000,-1.0,-1.0,-1.0
2025/02/19,1163.8,1168.4,1161.2,1162.4,574500,-1.0,-1.0,-1.0
2025/02/20,1166.2,1169.8,1160.8,1162.4,709500,-1.0,-1.0,-1.0
2025/02/21,1162.8,1180.0,1162.8,1177.0,1196000,-1.0,-1.0,-1.0
2025/02/25,1178.2,1203.6000000000001,1177.0,1197.6000000000001,1412000,-1.0,-1.0,-1.0
2025/02/26,1201.2,1201.2,1164.4,1170.8,908500,-1.0,-1.0,-1.0
2025/02/27,1171.2,1192.8,1171.2,1187.8,1107500,-1.0,-1.0,-1.0
2025/02/28,1195.2,1205.8,1142.0,1178.4,1662000,-1.0,-1.0,-1.0
2025/03/03,1178.4,1202.8,1176.8,1194.8,1212000,-1.0,-1.0,-1.0
2025/03/04,1182.6000000000001,1197.8,1175.0,1178.4,764000,-1.0,-1.0,-1.0
2025/03/05,1167.4,1184.4,1166.6000000000001,1179.0,922500,-1.0,-1.0,-1.0
2025/03/06,1185.8,1204.0,1177.4,1196.2,571500,-1.0,-1.0,-1.0
2025/03/07,1189.2,1189.2,1173.4,1183.2,704500,-1.0,-1.0,-1.0
2025/03/10,1183.2,1188.6000000000001,1173.4,1181.8,448000,-1.0,-1.0,-1.0
2025/03/11,1176.8,1185.6000000000001,1150.4,1174.0,921500,-1.0,-1.0,-1.0
2025/03/12,1168.0,1188.0,1166.4,1183.4,665000,-1.0,-1.0,-1.0
2025/03/13,1189.6000000000001,1224.0,1184.0,1216.6000000000001,1376000,-1.0,-1.0,-1.0
2025/03/14,1224.0,1224.0,1203.2,1216.4,951000,-1.0,-1.0,-1.0
2025/03/17,1222.0,1250.8000000000002,1215.4,1245.6000000000001,940500,-1.0,-1.0,-1.0
2025/03/18,1251.2,1257.6000000000001,1241.0,1243.8000000000002,862000,-1.0,-1.0,-1.0
2025/03/19,1242.0,1262.0,1241.8000000000002,1256.0,449500,-1.0,-1.0,-1.0
2025/03/21,1253.8000000000002,1274.0,1253.8000000000002,1269.0,1138500,-1.0,-1.0,-1.0
2025/03/24,1269.0,1269.0,1248.6000000000001,1257.8000000000002,685000,-1.0,-1.0,-1.0
2025/03/25,1277.8000000000002,1277.8000000000002,1261.8000000000002,1270.4,918500,-1.0,-1.0,-1.0
2025/03/26,1282.6000000000001,1282.6000000000001,1257.6000000000001,1264.8000000000002,861000,-1.0,-1.0,-1.0
2025/03/27,1256.0,1270.8000000000002,1251.8000000000002,1270.8000000000002,1031000,-1.0,-1.0,-1.0
2025/03/28,1263.6000000000001,1279.0,1232.0,1246.4,803500,-1.0,-1.0,-1.0
2025/03/31,1231.0,1234.6000000000001,1206.8,1226.4,957500,-1.0,-1.0,-1.0
2025/04/01,1238.0,1247.8000000000002,1226.6000000000001,1231.6000000000001,569000,-1.0,-1.0,-1.0
2025/04/02,1237.8000000000002,1238.0,1209.8,1220.6000000000001,624500,-1.0,-1.0,-1.0
2025/04/03,1172.8,1212.0,1167.0,1205.8,1014500,-1.0,-1.0,-1.0
2025/04/04,1170.6000000000001,1192.6000000000001,1162.0,1174.0,1048500,-1.0,-1.0,-1.0
2025/04/07,1099.8,1158.8,1082.6000000000001,1129.0,1443000,-1.0,-1.0,-1.0
2025/04/08,1149.0,1171.6000000000001,1140.6000000000001,1157.8,1374000,-1.0,-1.0,-1.0
2025/04/09,1153.6000000000001,1165.0,1132.2,1144.2,1334500,-1.0,-1.0,-1.0
2025/04/10,1234.4,1234.4,1195.2,1206.2,1030000,-1.0,-1.0,-1.0
2025/04/11,1162.6000000000001,1194.8,1158.4,1194.4,825000,-1.0,-1.0,-1.0
2025/04/14,1200.0,1218.6000000000001,1194.6000000000001,1208.8,838500,-1.0,-1.0,-1.0
2025/04/15,1206.0,1213.6000000000001,1188.4,1195.4,710000,-1.0,-1.0,-1.0
2025/04/16,1195.6000000000001,1199.0,1189.2,1199.0,436000,-1.0,-1.0,-1.0
2025/04/17,1201.8,1208.0,1195.0,1201.6000000000001,369500,-1.0,-1.0,-1.0
2025/04/18,1200.4,1223.0,1198.0,1219.8,383000,-1.0,-1.0,-1.0
2025/04/21,1219.8,1224.6000000000001,1207.8,1221.0,411500,-1.0,-1.0,-1.0
2025/04/22,1221.0,1231.2,1215.8,1226.0,415000,-1.0,-1.0,-1.0
2025/04/23,1233.2,1248.4,1230.6000000000001,1241.4,737000,-1.0,-1.0,-1.0
2025/04/24,1242.0,1253.0,1230.4,1232.6000000000001,480000,-1.0,-1.0,-1.0
2025/04/25,1231.6000000000001,1243.6000000000001,1224.2,1230.4,738500,-1.0,-1.0,-1.0
2025/04/28,1238.8000000000002,1249.8000000000002,1234.8000000000002,1246.6000000000001,1829500,-1.0,-1.0,-1.0
2025/04/30,1266.6000000000001,1273.6000000000001,1238.0,1249.8000000000002,880000,-1.0,-1.0,-1.0
2025/05/01,1254.8000000000002,1267.2,1248.6000000000001,1261.2,724000,-1.0,-1.0,-1.0
2025/05/02,1259.4,1271.6000000000001,1254.4,1269.6000000000001,568000,-1.0,-1.0,-1.0
2025/05/07,1265.2,1277.2,1255.8000000000002,1275.2,999500,-1.0,-1.0,-1.0
2025/05/08,1278.8000000000002,1287.0,1268.2,1283.8000000000002,789000,-1.0,-1.0,-1.0
2025/05/09,1289.4,1308.4,1285.8000000000002,1301.6000000000001,617500,-1.0,-1.0,-1.0
2025/05/12,1292.4,1304.0,1286.8000000000002,1304.0,604500,-1.0,-1.0,-1.0
2025/05/13,1324.0,1408.6000000000001,1315.0,1393.2,2108500,-1.0,-1.0,-1.0
2025/05/14,1382.0,1398.8000000000002,1369.0,1394.6000000000001,1059000,-1.0,-1.0,-1.0
2025/05/15,1387.6000000000001,1390.0,1349.6000000000001,1356.0,1110000,-1.0,-1.0,-1.0
2025/05/16,1356.0,1356.0,1333.4,1354.0,990000,-1.0,-1.0,-1.0
2025/05/19,1336.0,1371.0,1333.8000000000002,1362.8000000000002,1058500,-1.0,-1.0,-1.0
2025/05/20,1350.0,1371.4,1344.4,1351.6000000000001,1115000,-1.0,-1.0,-1.0
2025/05/21,1359.6000000000001,1380.0,1355.8000000000002,1375.4,1300500,-1.0,-1.0,-1.0
2025/05/22,1367.2,1379.8000000000002,1363.6000000000001,1377.2,1177000,-1.0,-1.0,-1.0
2025/05/23,1381.0,1394.2,1374.0,1386.0,911000,-1.0,-1.0,-1.0
2025/05/26,1380.0,1386.8000000000002,1371.6000000000001,1384.6000000000001,1136000,-1.0,-1.0,-1.0
2025/05/27,1379.6000000000001,1392.8000000000002,1376.0,1378.0,1125000,-1.0,-1.0,-1.0
2025/05/28,1393.0,1418.0,1390.6000000000001,1402.2,1660000,-1.0,-1.0,-1.0
2025/05/29,1404.4,1407.0,1392.2,1394.6000000000001,849000,-1.0,-1.0,-1.0
2025/05/30,1374.6000000000001,1396.6000000000001,1371.8000000000002,1389.0,1144000,-1.0,-1.0,-1.0
2025/06/02,1388.0,1400.8000000000002,1380.0,1399.2,928000,-1.0,-1.0,-1.0
2025/06/03,1396.0,1421.2,1390.0,1414.8000000000002,1168500,-1.0,-1.0,-1.0
2025/06/04,1418.8000000000002,1438.8000000000002,1415.4,1431.4,852500,-1.0,-1.0,-1.0
2025/06/05,1421.0,1427.4,1410.0,1416.8000000000002,713500,-1.0,-1.0,-1.0
2025/06/06,1431.8000000000002,1438.4,1426.2,1432.0,639500,-1.0,-1.0,-1.0
2025/06/09,1446.0,1450.2,1436.8000000000002,1437.2,641000,-1.0,-1.0,-1.0
2025/06/10,1432.2,1447.0,1432.2,1436.6000000000001,904500,-1.0,-1.0,-1.0
2025/06/11,1454.6000000000001,1483.0,1454.6000000000001,1479.8000000000002,1369000,-1.0,-1.0,-1.0
2025/06/12,1492.8000000000002,1506.6000000000001,1484.2,1493.2,1464000,-1.0,-1.0,-1.0
2025/06/13,1493.2,1499.6000000000001,1476.8000000000002,1498.0,1005500,-1.0,-1.0,-1.0
2025/06/16,1500.2,1514.0,1498.6000000000001,1513.2,835500,-1.0,-1.0,-1.0
2025/06/17,1514.2,1519.2,1506.8000000000002,1519.0,1255500,-1.0,-1.0,-1.0
2025/06/18,1500.8000000000002,1517.4,1500.8000000000002,1514.4,1169000,-1.0,-1.0,-1.0
2025/06/19,1519.0,1538.8000000000002,1519.0,1528.8000000000002,925000,-1.0,-1.0,-1.0
2025/06/20,1528.8000000000002,1552.0,1528.8000000000002,1545.2,2831000,-1.0,-1.0,-1.0
2025/06/23,1548.2,1556.2,1537.6000000000001,1546.2,1088000,-1.0,-1.0,-1.0
2025/06/24,1550.0,1554.2,1538.2,1546.8000000000002,630500,-1.0,-1.0,-1.0
2025/06/25,1546.8000000000002,1554.2,1530.4,1552.4,756500,-1.0,-1.0,-1.0
2025/06/26,1558.6000000000001,1560.0,1542.0,1546.8000000000002,856000,-1.0,-1.0,-1.0
2025/06/27,1542.0,1548.2,1531.2,1542.0,951000,-1.0,-1.0,-1.0
2025/06/30,1542.0,1552.4,1532.6000000000001,1546.4,841500,-1.0,-1.0,-1.0
2025/07/01,1544.2,1562.0,1544.2,1557.8000000000002,872500,-1.0,-1.0,-1.0
2025/07/02,1550.0,1577.0,1544.2,1574.2,704000,-1.0,-1.0,-1.0
2025/07/03,1574.4,1578.8000000000002,1547.0,1563.0,1009000,-1.0,-1.0,-1.0
2025/07/04,1563.0,1578.2,1560.6000000000001,1574.8000000000002,609000,-1.0,-1.0,-1.0
2025/07/07,1574.8000000000002,1586.2,1568.8000000000002,1579.6000000000001,518000,-1.0,-1.0,-1.0
2025/07/08,1589.6000000000001,1628.0,1585.2,1625.0,1438000,-1.0,-1.0,-1.0
2025/07/09,1638.6000000000001,1670.8000000000002,1638.6000000000001,1652.6000000000001,1133000,-1.0,-1.0,-1.0
2025/07/10,1648.6000000000001,1648.6000000000001,1611.6000000000001,1623.4,1144500,-1.0,-1.0,-1.0
2025/07/11,1633.8000000000002,1651.0,1624.0,1632.4,867000,-1.0,-1.0,-1.0
2025/07/14,1630.2,1656.6000000000001,1628.6000000000001,1646.8000000000002,875500,-1.0,-1.0,-1.0
2025/07/15,1657.8000000000002,1665.0,1647.6000000000001,1663.0,787500,-1.0,-1.0,-1.0
2025/07/16,1677.0,1679.8000000000002,1652.0,1656.8000000000002,868000,-1.0,-1.0,-1.0
2025/07/17,1658.0,1687.2,1654.4,1679.6000000000001,986500,-1.0,-1.0,-1.0
2025/07/18,1686.0,1694.6000000000001,1674.8000000000002,1685.8000000000002,1056000,-1.0,-1.0,-1.0
2025/07/22,1674.6000000000001,1698.4,1670.6000000000001,1693.2,638000,-1.0,-1.0,-1.0
2025/07/23,1715.0,1719.4,1688.0,1698.6000000000001,1069000,-1.0,-1.0,-1.0
2025/07/24,1710.0,1723.6000000000001,1700.6000000000001,1723.6000000000001,905000,-1.0,-1.0,-1.0
2025/07/25,1722.4,1747.6000000000001,1710.0,1741.0,974000,-1.0,-1.0,-1.0
2025/07/28,1749.0,1765.8000000000002,1732.2,1732.2,898500,-1.0,-1.0,-1.0
2025/07/29,1720.0,1744.4,1707.8000000000002,1744.4,1109000,-1.0,-1.0,-1.0
2025/07/30,1738.4,1788.0,1738.0,1782.0,1188500,-1.0,-1.0,-1.0
2025/07/31,1766.4,1782.6000000000001,1700.6000000000001,1775.8000000000002,1942500,-1.0,-1.0,-1.0
2025/08/01,1756.8000000000002,1777.8000000000002,1720.2,1736.0,1256500,-1.0,-1.0,-1.0
2025/08/04,1706.0,1729.4,1703.4,1716.0,891500,-1.0,-1.0,-1.0
2025/08/05,1729.6000000000001,1740.4,1706.8000000000002,1719.0,673500,-1.0,-1.0,-1.0
2025/08/06,1744.4,1753.0,1733.2,1750.0,846500,-1.0,-1.0,-1.0
2025/08/07,1742.8000000000002,1757.2,1739.0,1744.6000000000001,996000,-1.0,-1.0,-1.0
2025/08/08,1747.0,1754.8000000000002,1731.0,1745.8000000000002,860000,-1.0,-1.0,-1.0
2025/08/12,1746.0,1750.4,1713.8000000000002,1724.0,1044500,-1.0,-1.0,-1.0
2025/08/13,1710.2,1721.4,1692.8000000000002,1704.0,1240500,-1.0,-1.0,-1.0
2025/08/14,1699.8000000000002,1707.8000000000002,1677.4,1699.4,998000,-1.0,-1.0,-1.0
2025/08/15,1684.0,1689.8000000000002,1656.4,1671.4,1346500,-1.0,-1.0,-1.0
2025/08/18,1671.0,1683.4,1655.0,1660.0,1370000,-1.0,-1.0,-1.0
2025/08/19,1667.0,1683.6000000000001,1657.6000000000001,1681.4,873000,-1.0,-1.0,-1.0
2025/08/20,1675.6000000000001,1680.8000000000002,1658.8000000000002,1674.8000000000002,715000,-1.0,-1.0,-1.0
2025/08/21,1670.6000000000001,1674.0,1656.8000000000002,1671.8000000000002,765500,-1.0,-1.0,-1.0
2025/08/22,1689.8000000000002,1706.4,1667.8000000000002,1697.0,1036500,-1.0,-1.0,-1.0
2025/08/25,1688.4,1703.8000000000002,1643.6000000000001,1648.2,1011000,-1.0,-1.0,-1.0
2025/08/26,1648.2,1667.4,1644.8000000000002,1662.4,1389500,-1.0,-1.0,-1.0
2025/08/27,1670.0,1674.4,1645.4,1648.2,783000,-1.0,-1.0,-1.0
2025/08/28,1644.2,1644.2,1630.8000000000002,1640.0,928000,-1.0,-1.0,-1.0
2025/08/29,1632.0,1645.6000000000001,1627.4,1641.8000000000002,729000,-1.0,-1.0,-1.0
2025/09/01,1628.8000000000002,1646.4,1628.8000000000002,1642.4,573500,-1.0,-1.0,-1.0
2025/09/02,1642.4,1656.6000000000001,1636.0,1652.6000000000001,700000,-1.0,-1.0,-1.0
2025/09/03,1654.0,1655.0,1637.8000000000002,1641.6000000000001,712000,-1.0,-1.0,-1.0
2025/09/04,1641.6000000000001,1644.8000000000002,1628.0,1636.6000000000001,950500,-1.0,-1.0,-1.0
2025/09/05,1630.0,1630.8000000000002,1615.4,1621.0,902000,-1.0,-1.0,-1.0
2025/09/08,1621.4,1646.0,1621.4,1635.8000000000002,805000,-1.0,-1.0,-1.0
2025/09/09,1623.8000000000002,1630.0,1611.2,1625.2,1319000,-1.0,-1.0,-1.0
2025/09/10,1625.4,1646.6000000000001,1621.4,1644.4,934000,-1.0,-1.0,-1.0
2025/09/11,1652.0,1657.6000000000001,1642.4,1656.2,641500,-1.0,-1.0,-1.0
2025/09/12,1660.0,1684.4,1651.4,1661.2,812500,-1.0,-1.0,-1.0
2025/09/16,1663.4,1687.2,1662.8000000000002,1676.8000000000002,623000,-1.0,-1.0,-1.0
2025/09/17,1674.2,1676.0,1632.2,1634.2,649500,-1.0,-1.0,-1.0
2025/09/18,1634.4,1643.0,1616.0,1630.6000000000001,790500,-1.0,-1.0,-1.0
2025/09/19,1630.6000000000001,1647.2,1618.8000000000002,1631.0,917000,-1.0,-1.0,-1.0
2025/09/22,1631.0,1631.2,1620.2,1624.4,455500,-1.0,-1.0,-1.0
2025/09/24,1633.6000000000001,1634.2,1613.2,1625.8000000000002,788000,-1.0,-1.0,-1.0
2025/09/25,1642.6000000000001,1651.8000000000002,1629.4,1645.0,598500,-1.0,-1.0,-1.0
2025/09/26,1647.2,1663.6000000000001,1645.0,1662.6000000000001,680500,-1.0,-1.0,-1.0
2025/09/29,1637.2,1658.0,1605.2,1619.2,629500,-1.0,-1.0,-1.0
2025/09/30,1622.0,1627.8000000000002,1606.0,1620.0,587500,-1.0,-1.0,-1.0
2025/10/01,1604.8000000000002,1612.4,1573.0,1593.4,1067500,-1.0,-1.0,-1.0
2025/10/02,1578.4,1587.0,1558.8000000000002,1570.4,762500,-1.0,-1.0,-1.0
2025/10/03,1570.2,1584.2,1568.6000000000001,1583.4,500500,-1.0,-1.0,-1.0
2025/10/06,1613.4,1613.4,1591.8000000000002,1591.8000000000002,597500,-1.0,-1.0,-1.0
2025/10/07,1588.8000000000002,1605.2,1580.0,1605.2,683500,-1.0,-1.0,-1.0
2025/10/08,1603.6000000000001,1616.6000000000001,1597.8000000000002,1597.8000000000002,463000,-1.0,-1.0,-1.0
2025/10/09,1590.0,1625.4,1588.2,1625.4,543000,-1.0,-1.0,-1.0
2025/10/10,1603.6000000000001,1617.4,1596.2,1607.0,704500,-1.0,-1.0,-1.0
2025/10/14,1584.4,1600.8000000000002,1568.8000000000002,1573.2,637000,-1.0,-1.0,-1.0
2025/10/15,1575.0,1596.4,1573.4,1592.2,611000,-1.0,-1.0,-1.0
2025/10/16,1592.2,1599.4,1572.2,1578.0,708500,-1.0,-1.0,-1.0
2025/10/17,1581.6000000000001,1585.8000000000002,1564.4,1565.4,812500,-1.0,-1.0,-1.0
2025/10/20,1586.6000000000001,1594.6000000000001,1578.8000000000002,1588.2,572000,-1.0,-1.0,-1.0
2025/10/21,1581.8000000000002,1592.2,1559.8000000000002,1559.8000000000002,653500,-1.0,-1.0,-1.0
2025/10/22,1577.8000000000002,1591.0,1577.8000000000002,1590.0,837500,-1.0,-1.0,-1.0
2025/10/23,1593.2,1597.6000000000001,1580.8000000000002,1586.6000000000001,519000,-1.0,-1.0,-1.0
2025/10/24,1578.0,1599.8000000000002,1575.4,1598.6000000000001,672000,-1.0,-1.0,-1.0
2025/10/27,1603.6000000000001,1619.6000000000001,1598.6000000000001,1606.8000000000002,832500,-1.0,-1.0,-1.0
2025/10/28,1614.6000000000001,1614.6000000000001,1564.6000000000001,1572.2,634000,-1.0,-1.0,-1.0
2025/10/29,1567.4,1585.2,1542.0,1542.0,637000,-1.0,-1.0,-1.0
2025/10/30,1553.8000000000002,1575.0,1543.2,1567.0,677000,-1.0,-1.0,-1.0
2025/10/31,1575.0,1589.8000000000002,1561.0,1573.8000000000002,1020000,-1.0,-1.0,-1.0
2025/11/04,1573.6000000000001,1668.0,1545.4,1650.4,2026000,-1.0,-1.0,-1.0
2025/11/05,1660.2,1686.4,1633.0,1651.6000000000001,1391000,-1.0,-1.0,-1.0
2025/11/06,1652.0,1669.8000000000002,1646.0,1655.6000000000001,983000,-1.0,-1.0,-1.0
2025/11/07,1660.2,1694.2,1660.0,1688.2,858500,-1.0,-1.0,-1.0
2025/11/10,1707.8000000000002,1724.8000000000002,1692.2,1719.0,1073000,-1.0,-1.0,-1.0
2025/11/11,1729.0,1734.2,1690.2,1702.0,743000,-1.0,-1.0,-1.0
2025/11/12,1702.0,1722.0,1692.4,1708.8000000000002,634500,-1.0,-1.0,-1.0
2025/11/13,1717.8000000000002,1726.0,1706.8000000000002,1708.6000000000001,488500,-1.0,-1.0,-1.0
2025/11/14,1692.6000000000001,1708.0,1672.6000000000001,1695.2,701000,-1.0,-1.0,-1.0
2025/11/17,1707.6000000000001,1708.2,1684.0,1700.4,491500,-1.0,-1.0,-1.0
2025/11/18,1700.0,1707.0,1646.2,1656.0,529500,-1.0,-1.0,-1.0
2025/11/19,1670.6000000000001,1697.8000000000002,1656.6000000000001,1678.4,760500,-1.0,-1.0,-1.0
2025/11/20,1687.4,1704.0,1682.6000000000001,1695.6000000000001,568500,-1.0,-1.0,-1.0
2025/11/21,1689.2,1719.0,1686.0,1719.0,797000,-1.0,-1.0,-1.0
2025/11/25,1719.2,1723.4,1676.8000000000002,1700.6000000000001,885500,-1.0,-1.0,-1.0
2025/11/26,1670.6000000000001,1698.4,1636.0,1678.2,1567500,-1.0,-1.0,-1.0
2025/11/27,1678.2,1710.0,1672.0,1704.4,696000,-1.0,-1.0,-1.0
2025/11/28,1694.2,1703.2,1681.4,1689.0,527000,-1.0,-1.0,-1.0
2025/12/01,1699.0,1705.8000000000002,1681.0,1681.0,690500,-1.0,-1.0,-1.0
2025/12/02,1688.8000000000002,1691.0,1671.4,1677.2,943000,-1.0,-1.0,-1.0
2025/12/03,1682.0,1685.8000000000002,1663.0,1663.8000000000002,862500,-1.0,-1.0,-1.0
2025/12/04,1659.2,1685.2,1657.4,1677.4,944000,-1.0,-1.0,-1.0
2025/12/05,1669.0,1669.0,1639.8000000000002,1655.4,920000,-1.0,-1.0,-1.0
2025/12/08,1670.0,1687.2,1670.0,1682.6000000000001,693500,-1.0,-1.0,-1.0
2025/12/09,1677.8000000000002,1687.4,1671.4,1687.4,582500,-1.0,-1.0,-1.0
2025/12/10,1687.4,1698.6000000000001,1676.6000000000001,1692.2,485500,-1.0,-1.0,-1.0
2025/12/11,1700.0,1707.6000000000001,1680.4,1686.0,431000,-1.0,-1.0,-1.0
2025/12/12,1699.4,1731.0,1697.4,1707.2,791500,-1.0,-1.0,-1.0
2025/12/15,1684.8000000000002,1737.0,1684.4,1735.6000000000001,864000,-1.0,-1.0,-1.0
2025/12/16,1724.8000000000002,1733.0,1680.6000000000001,1680.6000000000001,707500,-1.0,-1.0,-1.0
2025/12/17,1688.6000000000001,1701.2,1674.8000000000002,1694.2,809500,-1.0,-1.0,-1.0
2025/12/18,1699.8000000000002,1711.4,1696.0,1699.6000000000001,564500,-1.0,-1.0,-1.0
2025/12/19,1702.0,1727.0,1700.2,1716.8000000000002,901000,-1.0,-1.0,-1.0
2025/12/22,1725.8000000000002,1725.8000000000002,1708.0,1712.6000000000001,619500,-1.0,-1.0,-1.0
2025/12/23,1712.6000000000001,1733.8000000000002,1710.2,1728.8000000000002,373000,-1.0,-1.0,-1.0
2025/12/24,1728.4,1734.0,1721.4,1721.4,268500,-1.0,-1.0,-1.0
2025/12/25,1735.6000000000001,1735.6000000000001,1710.0,1720.2,277500,-1.0,-1.0,-1.0
2025/12/26,1730.4,1731.6000000000001,1712.0,1720.6000000000001,408500,-1.0,-1.0,-1.0
2025/12/29,1711.2,1721.2,1693.6000000000001,1704.6000000000001,433500,-1.0,-1.0,-1.0
2025/12/30,1710.0,1710.0,1686.8000000000002,1691.2,573000,-1.0,-1.0,-1.0
2026/01/05,1719.4,1735.2,1703.6000000000001,1735.2,647500,-1.0,-1.0,-1.0
2026/01/06,1739.0,1763.0,1735.6000000000001,1758.4,598000,-1.0,-1.0,-1.0
2026/01/07,1728.6000000000001,1736.6000000000001,1718.2,1730.4,623500,-1.0,-1.0,-1.0
2026/01/08,1730.0,1740.8000000000002,1721.6000000000001,1729.0,464000,-1.0,-1.0,-1.0
2026/01/09,1732.0,1755.8000000000002,1723.2,1749.4,638500,-1.0,-1.0,-1.0
2026/01/13,1760.0,1764.8000000000002,1748.0,1754.8000000000002,564000,-1.0,-1.0,-1.0
2026/01/14,1760.0,1789.4,1758.0,1783.6000000000001,651500,-1.0,-1.0,-1.0
2026/01/15,1761.0,1789.8000000000002,1761.0,1776.2,431000,-1.0,-1.0,-1.0
2026/01/16,1766.4,1799.4,1760.0,1798.8000000000002,516500,-1.0,-1.0,-1.0
2026/01/19,1790.8000000000002,1809.2,1782.4,1782.8000000000002,640000,-1.0,-1.0,-1.0
2026/01/20,1792.0,1809.8000000000002,1786.2,1795.6000000000001,554000,-1.0,-1.0,-1.0
2026/01/21,1761.6000000000001,1791.0,1761.4,1784.0,387500,-1.0,-1.0,-1.0
2026/01/22,1786.8000000000002,1805.0,1783.2,1805.0,572500,-1.0,-1.0,-1.0
2026/01/23,1800.0,1819.2,1793.0,1811.0,837500,-1.0,-1.0,-1.0
2026/01/26,1803.2,1824.0,1784.0,1792.0,1207000,-1.0,-1.0,-1.0
2026/01/27,1774.6000000000001,1812.2,1773.2,1810.8000000000002,910500,-1.0,-1.0,-1.0
2026/01/28,1803.4,1805.0,1781.2,1784.8000000000002,764500,-1.0,-1.0,-1.0
2026/01/29,1784.8000000000002,1818.0,1781.6000000000001,1810.6000000000001,949500,-1.0,-1.0,-1.0
2026/01/30,1827.8000000000002,1839.6000000000001,1813.8000000000002,1839.4,1156000,-1.0,-1.0,-1.0
2026/02/02,1819.2,1853.0,1780.2,1799.8000000000002,1494000,-1.0,-1.0,-1.0
2026/02/03,1795.0,1852.2,1784.2,1852.0,953000,-1.0,-1.0,-1.0
2026/02/04,1860.0,1869.2,1836.8000000000002,1856.4,930500,-1.0,-1.0,-1.0
2026/02/05,1870.0,1882.0,1859.6000000000001,1871.2,637500,-1.0,-1.0,-1.0
2026/02/06,1871.2,1886.8000000000002,1856.2,1878.4,833000,-1.0,-1.0,-1.0
2026/02/09,1926.2,1934.8000000000002,1894.4,1904.8000000000002,656500,-1.0,-1.0,-1.0
2026/02/10,1906.8000000000002,1956.8000000000002,1906.8000000000002,1943.4,977500,-1.0,-1.0,-1.0
2026/02/12,1954.4,1967.8000000000002,1944.0,1951.8000000000002,990000,-1.0,-1.0,-1.0
2026/02/13,1952.0,1964.8000000000002,1896.6000000000001,1909.8000000000002,794500,-1.0,-1.0,-1.0
2026/02/16,1920.0,1930.8000000000002,1910.4,1930.8000000000002,684500,-1.0,-1.0,-1.0
2026/02/17,1943.8000000000002,1982.8000000000002,1942.2,1963.2,1077500,-1.0,-1.0,-1.0
2026/02/18,1980.0,2013.0,1963.2,1989.2,1012000,-1.0,-1.0,-1.0
2026/02/19,1977.6000000000001,1996.6000000000001,1957.2,1996.0,620500,-1.0,-1.0,-1.0
2026/02/20,1985.6000000000001,1985.6000000000001,1955.0,1956.6000000000001,536500,-1.0,-1.0,-1.0
2026/02/24,1962.2,1986.0,1955.8000000000002,1964.0,1038000,-1.0,-1.0,-1.0
2026/02/25,1978.4,1980.8000000000002,1962.8000000000002,1976.8000000000002,705500,-1.0,-1.0,-1.0
2026/02/26,1976.0,1976.0,1951.6000000000001,1956.6000000000001,772000,-1.0,-1.0,-1.0
2026/02/27,1986.6000000000001,2012.0,1967.0,2009.0,1786500,-1.0,-1.0,-1.0
2026/03/02,1968.4,1997.6000000000001,1956.8000000000002,1985.0,796500,-1.0,-1.0,-1.0
2026/03/02,1968.4,1997.6000000000001,1956.8000000000002,1985.0,796500,-1.0,-1.0,-1.0
2026/03/02,1968.4,1997.6000000000001,1956.8000000000002,1985.0,796500,-1.0,-1.0,-1.0
2026/03/02,1968.4,1997.6000000000001,1956.8000000000002,1985.0,796500,-1.0,-1.0,-1.0
2026/03/03,1967.0,1990.0,1931.4,1935.2,706000,-1.0,-1.0,-1.0
2026/03/04,1905.2,1935.2,1873.4,1907.0,1228000,-1.0,-1.0,-1.0
2026/03/05,1940.0,1959.4,1901.0,1943.2,1226000,-1.0,-1.0,-1.0
2026/03/06,1913.2,1931.0,1907.8000000000002,1931.0,878500,-1.0,-1.0,-1.0
2026/03/09,1841.0,1892.0,1836.6000000000001,1883.8000000000002,1167000,-1.0,-1.0,-1.0
2026/03/10,1913.8000000000002,1943.4,1899.8000000000002,1909.2,1333500,-1.0,-1.0,-1.0
2026/03/11,1899.8000000000002,1930.0,1857.6000000000001,1857.6000000000001,1371000,-1.0,-1.0,-1.0
2026/03/12,1849.6000000000001,1857.4,1808.6000000000001,1818.0,726000,-1.0,-1.0,-1.0
2026/03/13,1799.0,1837.2,1796.4,1803.4,747500,-1.0,-1.0,-1.0
2026/03/16,1803.4,1818.4,1787.8000000000002,1795.0,600000,-1.0,-1.0,-1.0
2026/03/17,1806.0,1837.4,1794.4,1830.6000000000001,785000,-1.0,-1.0,-1.0
2026/03/18,1828.8000000000002,1828.8000000000002,1806.0,1824.0,921000,-1.0,-1.0,-1.0
2026/03/19,1797.2,1831.0,1794.8000000000002,1797.2,1553000,-1.0,-1.0,-1.0
2026/03/23,1738.8000000000002,1741.8000000000002,1697.4,1708.0,1191000,-1.0,-1.0,-1.0
2026/03/24,1738.0,1767.6000000000001,1722.6000000000001,1767.6000000000001,909500,-1.0,-1.0,-1.0
2026/03/25,1816.2,1824.2,1781.0,1789.6000000000001,1136000,-1.0,-1.0,-1.0
2026/03/26,1798.0,1804.8000000000002,1760.0,1777.8000000000002,1016500,-1.0,-1.0,-1.0
2026/03/27,1766.4,1778.8000000000002,1748.8000000000002,1767.2,1061500,-1.0,-1.0,-1.0
2026/03/30,1671.4,1736.8000000000002,1671.4,1735.6000000000001,1182000,-1.0,-1.0,-1.0
2026/03/31,1723.4,1775.6000000000001,1717.4,1744.6000000000001,897000,-1.0,-1.0,-1.0
2026/04/01,1797.6000000000001,1800.0,1772.6000000000001,1800.0,1029000,-1.0,-1.0,-1.0
2026/04/02,1810.0,1810.0,1768.0,1784.8000000000002,996000,-1.0,-1.0,-1.0
2026/04/03,1792.8000000000002,1797.2,1776.2,1779.2,775500,-1.0,-1.0,-1.0
2026/04/06,1787.4,1787.6000000000001,1767.0,1767.0,375000,-1.0,-1.0,-1.0
2026/04/07,1767.0,1774.6000000000001,1753.2,1769.8000000000002,791000,-1.0,-1.0,-1.0
2026/04/08,1824.8000000000002,1824.8000000000002,1802.0,1823.6000000000001,807500,-1.0,-1.0,-1.0
2026/04/09,1833.8000000000002,1836.0,1818.8000000000002,1825.2,527500,-1.0,-1.0,-1.0
2026/04/10,1823.0,1825.8000000000002,1806.0,1808.4,413000,-1.0,-1.0,-1.0
2026/04/13,1797.2,1805.8000000000002,1781.8000000000002,1788.6000000000001,827500,-1.0,-1.0,-1.0
2026/04/14,1793.8000000000002,1854.6000000000001,1789.8000000000002,1827.2,938500,-1.0,-1.0,-1.0
2026/04/15,1825.0,1842.4,1788.8000000000002,1793.4,994000,-1.0,-1.0,-1.0
2026/04/16,1796.0,1796.0,1767.6000000000001,1777.0,618000,-1.0,-1.0,-1.0
2026/04/17,1778.0,1793.0,1763.4,1766.4,962500,-1.0,-1.0,-1.0
2026/04/20,1768.0,1768.0,1727.8000000000002,1736.4,1012000,-1.0,-1.0,-1.0
2026/04/21,1751.2,1754.4,1728.6000000000001,1738.6000000000001,755500,-1.0,-1.0,-1.0
2026/04/22,1723.8000000000002,1723.8000000000002,1686.2,1688.0,830500,-1.0,-1.0,-1.0
2026/04/23,1673.2,1694.2,1668.8000000000002,1687.8000000000002,1064000,-1.0,-1.0,-1.0
2026/04/24,1668.2,1681.6000000000001,1660.0,1677.4,1009500,-1.0,-1.0,-1.0
2026/04/27,1672.0,1689.0,1644.0,1683.4,1068500,-1.0,-1.0,-1.0
2026/04/28,1705.2,1723.2,1696.4,1723.2,1920000,-1.0,-1.0,-1.0
2026/04/30,1697.4,1707.4,1663.8000000000002,1690.0,1384500,-1.0,-1.0,-1.0
2026/05/01,1682.6000000000001,1704.0,1663.4,1697.8000000000002,1147000,-1.0,-1.0,-1.0
2026/05/07,1713.2,1754.4,1713.2,1728.2,914500,-1.0,-1.0,-1.0
2026/05/08,1719.4,1739.4,1703.0,1733.6000000000001,982000,-1.0,-1.0,-1.0
2026/05/11,1752.8000000000002,1763.6000000000001,1719.4,1719.4,1045500,-1.0,-1.0,-1.0
2026/05/12,1731.2,1737.2,1702.0,1703.8000000000002,687500,-1.0,-1.0,-1.0
2026/05/13,1709.4,1716.8000000000002,1698.8000000000002,1709.6000000000001,720000,-1.0,-1.0,-1.0
2026/05/14,1729.0,1786.2,1710.2,1786.2,986500,-1.0,-1.0,-1.0
2026/05/15,1856.0,1879.6000000000001,1799.6000000000001,1816.2,2037500,-1.0,-1.0,-1.0
2026/05/18,1799.6000000000001,1833.0,1783.0,1817.6000000000001,1195000,-1.0,-1.0,-1.0
2026/05/19,1820.0,1852.0,1816.6000000000001,1852.0,1063500,-1.0,-1.0,-1.0
2026/05/20,1850.0,1850.0,1813.0,1827.0,974500,-1.0,-1.0,-1.0
2026/05/21,1848.0,1860.0,1826.2,1844.2,681500,-1.0,-1.0,-1.0
2026/05/22,1840.2,1840.2,1779.6000000000001,1796.0,609000,-1.0,-1.0,-1.0
2026/05/25,1810.8000000000002,1814.4,1768.4,1779.8000000000002,700000,-1.0,-1.0,-1.0
2026/05/26,1790.2,1832.6000000000001,1769.4,1809.0,1094500,-1.0,-1.0,-1.0
2026/05/27,1779.0,1789.6000000000001,1740.4,1755.0,965000,-1.0,-1.0,-1.0
2026/05/28,1762.2,1780.2,1755.0,1773.4,806000,-1.0,-1.0,-1.0
2026/05/29,1760.0,1795.8000000000002,1760.0,1795.8000000000002,1438000,-1.0,-1.0,-1.0
2026/06/01,1818.0,1840.0,1774.8000000000002,1780.8000000000002,867500,-1.0,-1.0,-1.0
2026/06/02,1764.8000000000002,1780.6000000000001,1734.8000000000002,1758.4,676000,-1.0,-1.0,-1.0
2026/06/03,1750.0,1760.8000000000002,1732.0,1755.8000000000002,829000,-1.0,-1.0,-1.0
2026/06/04,1755.8000000000002,1755.8000000000002,1727.6000000000001,1737.2,790000,-1.0,-1.0,-1.0
2026/06/05,1747.4,1759.6000000000001,1712.2,1718.0,843500,-1.0,-1.0,-1.0
2026/06/08,1745.8000000000002,1753.8000000000002,1694.0,1724.2,1484000,-1.0,-1.0,-1.0
2026/06/09,1752.0,1753.8000000000002,1701.2,1703.8000000000002,798000,-1.0,-1.0,-1.0
2026/06/10,1718.0,1721.2,1699.6000000000001,1715.2,719000,-1.0,-1.0,-1.0
2026/06/11,1721.6000000000001,1735.4,1688.6000000000001,1707.2,1138000,-1.0,-1.0,-1.0
2026/06/12,1713.0,1725.0,1702.8000000000002,1714.6000000000001,1013000,-1.0,-1.0,-1.0
2026/06/15,1724.4,1732.8000000000002,1710.8000000000002,1718.0,976500,-1.0,-1.0,-1.0
2026/06/16,1718.0,1724.8000000000002,1701.6000000000001,1701.6000000000001,751000,-1.0,-1.0,-1.0
2026/06/17,1717.4,1733.6000000000001,1701.6000000000001,1721.8000000000002,1095500,-1.0,-1.0,-1.0
2026/06/18,1729.4,1742.2,1715.8000000000002,1722.0,817500,-1.0,-1.0,-1.0
2026/06/19,1712.6000000000001,1748.4,1711.4,1727.2,1685000,-1.0,-1.0,-1.0
2026/06/22,1713.6000000000001,1721.0,1690.6000000000001,1703.2,509500,-1.0,-1.0,-1.0
2026/06/23,1715.0,1742.2,1699.2,1719.2,587000,-1.0,-1.0,-1.0
2026/06/24,1727.0,1744.0,1721.0,1725.8000000000002,639500,-1.0,-1.0,-1.0
2026/06/25,1728.2,1734.6000000000001,1714.4,1719.6000000000001,524000,-1.0,-1.0,-1.0
2026/06/26,1740.8000000000002,1740.8000000000002,1704.6000000000001,1733.2,536000,-1.0,-1.0,-1.0
2026/06/29,1746.0,1765.2,1725.8000000000002,1737.6000000000001,796500,-1.0,-1.0,-1.0
2026/06/30,1740.0,1745.8000000000002,1714.2,1725.4,755000,-1.0,-1.0,-1.0
2026/07/01,1731.0,1741.8000000000002,1715.6000000000001,1720.6000000000001,735000,-1.0,-1.0,-1.0
2026/07/02,1726.0,1734.6000000000001,1711.0,1712.8000000000002,844500,-1.0,-1.0,-1.0
2026/07/03,1740.6000000000001,1777.0,1738.4,1756.0,1073000,-1.0,-1.0,-1.0
2026/07/06,1750.0,1777.2,1746.8000000000002,1766.2,846000,-1.0,-1.0,-1.0
2026/07/07,1760.0,1779.4,1754.2,1765.0,872000,-1.0,-1.0,-1.0
2026/07/08,1778.0,1779.4,1757.8000000000002,1757.8000000000002,531000,-1.0,-1.0,-1.0
2026/07/09,1759.4,1771.4,1739.4,1755.6000000000001,765000,-1.0,-1.0,-1.0
2026/07/10,1754.0,1762.6000000000001,1738.8000000000002,1738.8000000000002,676000,-1.0,-1.0,-1.0
2026/07/13,1760.0,1767.2,1724.0,1730.6000000000001,474000,-1.0,-1.0,-1.0
2026/07/14,1760.6000000000001,1761.6000000000001,1744.8000000000002,1747.6000000000001,830500,-1.0,-1.0,-1.0
2026/07/15,1761.4,1761.4,1737.4,1746.0,538500,-1.0,-1.0,-1.0
2026/07/16,1741.6000000000001,1759.6000000000001,1727.8000000000002,1730.2,518000,-1.0,-1.0,-1.0
2026/07/17,1738.0,1750.4,1724.0,1734.6000000000001,713000,-1.0,-1.0,-1.0
2026/07/21,1749.2,1839.4,1746.0,1830.0,1818000,-1.0,-1.0,-1.0
2026/07/22,1815.0,1840.0,1806.0,1840.0,930500,-1.0,-1.0,-1.0
2026/07/23,1840.0,1854.0,1830.2,1840.0,647000,-1.0,-1.0,-1.0
2026/07/24,1829.2,1862.4,1825.2,1846.0,834000,-1.0,-1.0,-1.0
2026/07/27,1849.8000000000002,1860.0,1835.8000000000002,1856.0,747500,-1.0,-1.0,-1.0
2026/07/28,1874.4,1893.2,1863.0,1881.6000000000001,1466500,-1.0,-1.0,-1.0
2026/07/29,1872.0,1891.2,1854.8000000000002,1891.2,1229000,-1.0,-1.0,-1.0
2026/07/30,1878.8000000000002,1884.4,1853.8000000000002,1876.4,1208500,-1.0,-1.0,-1.0
2026/07/31,1880.0,1894.4,1863.4,1894.4,1658500,-1.0,-1.0,-1.0
2026/08/03,1834.4,1850.2,1767.4,1798.6000000000001,3257000,-1.0,-1.0,-1.0
2026/08/04,1796.4,1816.0,1757.8000000000002,1759.2,1254500,-1.0,-1.0,-1.0
2026/08/05,1763.8000000000002,1776.4,1735.6000000000001,1750.0,1448500,-1.0,-1.0,-1.0
2026/08/06,1760.0,1767.8000000000002,1720.2,1745.2,1484500,-1.0,-1.0,-1.0
2026/08/07,1740.0,1749.8000000000002,1702.6000000000001,1709.8000000000002,1631500,-1.0,-1.0,-1.0
2026/08/10,1714.2,1715.4,1665.8000000000002,1686.4,1864500,-1.0,-1.0,-1.0
2026/08/12,1689.2,1698.6000000000001,1677.2,1697.0,1130500,-1.0,-1.0,-1.0
2026/08/13,1682.0,1702.0,1680.0,1685.4,976500,-1.0,-1.0,-1.0
2026/08/14,1675.8000000000002,1715.6000000000001,1670.0,1705.4,1564000,-1.0,-1.0,-1.0
2026/08/17,1708.0,1712.0,1698.2,1700.0,938500,-1.0,-1.0,-1.0
2026/08/18,1694.6000000000001,1729.8000000000002,1691.8000000000002,1723.0,822000,-1.0,-1.0,-1.0
2026/08/19,1714.6000000000001,1716.8000000000002,1672.8000000000002,1678.2,796000,-1.0,-1.0,-1.0
2026/08/20,1690.0,1696.4,1675.6000000000001,1691.0,641500,-1.0,-1.0,-1.0
2026/08/21,1631.0,1687.0,1624.2,1667.4,1069500,-1.0,-1.0,-1.0
2026/08/24,1668.0,1680.6000000000001,1661.2,1672.6000000000001,705000,-1.0,-1.0,-1.0
2026/08/25,1696.8000000000002,1697.4,1673.8000000000002,1685.0,736000,-1.0,-1.0,-1.0
2026/08/26,1676.0,1685.8000000000002,1672.0,1679.8000000000002,890000,-1.0,-1.0,-1.0
2026/08/27,1677.2,1689.8000000000002,1662.4,1673.2,766500,-1.0,-1.0,-1.0
2026/08/28,1668.4,1684.0,1664.2,1677.0,736000,-1.0,-1.0,-1.0
2026/08/31,1676.2,1677.0,1665.6000000000001,1665.6000000000001,842500,-1.0,-1.0,-1.0
2026/09/01,1653.6000000000001,1683.2,1650.2,1677.6000000000001,709500,-1.0,-1.0,-1.0
2026/09/02,1656.0,1663.8000000000002,1612.8000000000002,1612.8000000000002,863500,-1.0,-1.0,-1.0
2026/09/03,1613.4,1625.8000000000002,1604.4,1612.8000000000002,726000,-1.0,-1.0,-1.0
2026/09/04,1612.2,1620.6000000000001,1600.4,1620.0,825500,-1.0,-1.0,-1.0
2026/09/07,1617.4,1629.8000000000002,1617.2,1622.6000000000001,533500,-1.0,-1.0,-1.0
2026/09/08,1613.2,1625.8000000000002,1600.0,1600.0,557500,-1.0,-1.0,-1.0
2026/09/09,1600.0,1624.2,1587.6000000000001,1614.6000000000001,1126500,-1.0,-1.0,-1.0
2026/09/10,1600.2,1620.0,1584.4,1600.8000000000002,936500,-1.0,-1.0,-1.0
2026/09/11,1570.8000000000002,1584.6000000000001,1552.2,1582.8000000000002,4544000,-1.0,-1.0,-1.0
2026/09/14,1584.0,1609.0,1583.0,1605.4,1228000,-1.0,-1.0,-1.0
2026/09/15,1618.8000000000002,1621.6000000000001,1594.2,1612.0,758500,-1.0,-1.0,-1.0
2026/09/16,1610.2,1644.8000000000002,1608.4,1631.2,1010000,-1.0,-1.0,-1.0
2026/09/17,1635.6000000000001,1653.8000000000002,1632.0,1653.8000000000002,858000,-1.0,-1.0,-1.0
2026/09/18,1652.0,1652.0,1626.2,1626.2,1289500,-1.0,-1.0,-1.0
2026/09/24,1624.2,1650.4,1620.4,1636.4,1113000,-1.0,-1.0,-1.0
2026/09/25,1639.0,1648.2,1633.2,1644.8000000000002,995000,-1.0,-1.0,-1.0
2026/09/28,8289.0,8289.0,8165.0,8165.0,221800,-1.0,-1.0,-1.0
2026/09/29,1603.0,1623.0,1565.5,1567.0,727700,-1.0,-1.0,-1.0
2026/09/30,1575.5,1615.0,1563.0,1603.0,1584100,-1.0,-1.0,-1.0
2026/10/01,1593.5,1600.0,1570.5,1591.5,1147400,-1.0,-1.0,-1.0
2026/10/02,1576.0,1579.5,1557.5,1567.0,1081200,-1.0,-1.0,-1.0
