date,open,high,low,close,volume,rs_nikkei,rs_topix,rs
2014/03/26,1190.0,1190.0,1165.0,1175.0,92000,-1.0,-1.0,-1.0
2014/03/27,1175.0,1175.0,1135.0,1165.0,40000,-1.0,-1.0,-1.0
2014/03/28,1175.0,1175.0,1150.0,1170.0,28000,-1.0,-1.0,-1.0
2014/03/31,1180.0,1180.0,1160.0,1170.0,34000,-1.0,-1.0,-1.0
2014/04/01,1185.0,1185.0,1170.0,1175.0,30000,-1.0,-1.0,-1.0
2014/04/02,1180.0,1180.0,1160.0,1165.0,56000,-1.0,-1.0,-1.0
2014/04/03,1170.0,1180.0,1165.0,1170.0,44000,-1.0,-1.0,-1.0
2014/04/04,1170.0,1175.0,1170.0,1175.0,46000,-1.0,-1.0,-1.0
2014/04/07,1175.0,1175.0,1165.0,1170.0,18000,-1.0,-1.0,-1.0
2014/04/08,1160.0,1165.0,1150.0,1150.0,26000,-1.0,-1.0,-1.0
2014/04/09,1145.0,1150.0,1130.0,1130.0,60000,-1.0,-1.0,-1.0
2014/04/10,1135.0,1135.0,1125.0,1125.0,34000,-1.0,-1.0,-1.0
2014/04/11,1105.0,1120.0,1105.0,1110.0,26000,-1.0,-1.0,-1.0
2014/04/14,1110.0,1120.0,1110.0,1110.0,10000,-1.0,-1.0,-1.0
2014/04/15,1115.0,1115.0,1105.0,1110.0,20000,-1.0,-1.0,-1.0
2014/04/16,1120.0,1125.0,1115.0,1125.0,24000,-1.0,-1.0,-1.0
2014/04/17,1135.0,1135.0,1120.0,1120.0,32000,-1.0,-1.0,-1.0
2014/04/18,1130.0,1130.0,1125.0,1125.0,30000,-1.0,-1.0,-1.0
2014/04/21,1125.0,1125.0,1120.0,1125.0,10000,-1.0,-1.0,-1.0
2014/04/22,1120.0,1120.0,1120.0,1120.0,20000,-1.0,-1.0,-1.0
2014/04/23,1130.0,1130.0,1120.0,1125.0,34000,-1.0,-1.0,-1.0
2014/04/24,1120.0,1120.0,1120.0,1120.0,10000,-1.0,-1.0,-1.0
2014/04/25,1115.0,1140.0,1115.0,1130.0,32000,-1.0,-1.0,-1.0
2014/04/28,1130.0,1135.0,1130.0,1130.0,26000,-1.0,-1.0,-1.0
2014/04/30,1140.0,1140.0,1135.0,1135.0,10000,-1.0,-1.0,-1.0
2014/05/01,1130.0,1130.0,1125.0,1125.0,10000,-1.0,-1.0,-1.0
2014/05/02,1140.0,1140.0,1130.0,1130.0,6000,-1.0,-1.0,-1.0
2014/05/07,1135.0,1135.0,1125.0,1130.0,76000,-1.0,-1.0,-1.0
2014/05/08,1120.0,1120.0,1115.0,1115.0,92000,-1.0,-1.0,-1.0
2014/05/09,1120.0,1125.0,1120.0,1120.0,14000,-1.0,-1.0,-1.0
2014/05/12,1140.0,1140.0,1115.0,1115.0,32000,-1.0,-1.0,-1.0
2014/05/13,1125.0,1150.0,1125.0,1135.0,28000,-1.0,-1.0,-1.0
2014/05/14,1150.0,1150.0,1120.0,1120.0,56000,-1.0,-1.0,-1.0
2014/05/15,1115.0,1120.0,1115.0,1120.0,66000,-1.0,-1.0,-1.0
2014/05/16,1110.0,1110.0,1105.0,1105.0,54000,-1.0,-1.0,-1.0
2014/05/19,1105.0,1115.0,1105.0,1110.0,20000,-1.0,-1.0,-1.0
2014/05/20,1110.0,1115.0,1105.0,1105.0,18000,-1.0,-1.0,-1.0
2014/05/21,1100.0,1125.0,1100.0,1110.0,56000,-1.0,-1.0,-1.0
2014/05/22,1105.0,1145.0,1070.0,1130.0,182000,-1.0,-1.0,-1.0
2014/05/23,1140.0,1140.0,1135.0,1135.0,18000,-1.0,-1.0,-1.0
2014/05/26,1145.0,1145.0,1140.0,1145.0,26000,-1.0,-1.0,-1.0
2014/05/27,1145.0,1145.0,1120.0,1130.0,40000,-1.0,-1.0,-1.0
2014/05/28,1125.0,1135.0,1120.0,1135.0,18000,-1.0,-1.0,-1.0
2014/05/29,1120.0,1135.0,1120.0,1125.0,24000,-1.0,-1.0,-1.0
2014/05/30,1135.0,1135.0,1130.0,1130.0,20000,-1.0,-1.0,-1.0
2014/06/02,1135.0,1140.0,1130.0,1140.0,22000,-1.0,-1.0,-1.0
2014/06/03,1135.0,1140.0,1130.0,1135.0,34000,-1.0,-1.0,-1.0
2014/06/04,1125.0,1125.0,1120.0,1120.0,40000,-1.0,-1.0,-1.0
2014/06/05,1125.0,1130.0,1120.0,1130.0,18000,-1.0,-1.0,-1.0
2014/06/06,1130.0,1135.0,1130.0,1130.0,20000,-1.0,-1.0,-1.0
2014/06/09,1130.0,1130.0,1125.0,1130.0,30000,-1.0,-1.0,-1.0
2014/06/10,1130.0,1135.0,1125.0,1125.0,18000,-1.0,-1.0,-1.0
2014/06/11,1130.0,1135.0,1125.0,1130.0,36000,-1.0,-1.0,-1.0
2014/06/12,1125.0,1150.0,1120.0,1145.0,46000,-1.0,-1.0,-1.0
2014/06/13,1130.0,1145.0,1130.0,1135.0,76000,-1.0,-1.0,-1.0
2014/06/16,1145.0,1145.0,1135.0,1135.0,20000,-1.0,-1.0,-1.0
2014/06/17,1155.0,1155.0,1135.0,1150.0,42000,-1.0,-1.0,-1.0
2014/06/18,1160.0,1160.0,1150.0,1150.0,12000,-1.0,-1.0,-1.0
2014/06/19,1150.0,1160.0,1140.0,1150.0,64000,-1.0,-1.0,-1.0
2014/06/20,1160.0,1160.0,1145.0,1150.0,14000,-1.0,-1.0,-1.0
2014/06/23,1155.0,1155.0,1150.0,1150.0,16000,-1.0,-1.0,-1.0
2014/06/24,1150.0,1150.0,1145.0,1150.0,12000,-1.0,-1.0,-1.0
2014/06/25,1145.0,1160.0,1145.0,1150.0,24000,-1.0,-1.0,-1.0
2014/06/26,1150.0,1160.0,1150.0,1155.0,22000,-1.0,-1.0,-1.0
2014/06/27,1155.0,1160.0,1150.0,1160.0,36000,-1.0,-1.0,-1.0
2014/06/30,1145.0,1160.0,1145.0,1150.0,32000,-1.0,-1.0,-1.0
2014/07/01,1165.0,1165.0,1155.0,1155.0,28000,-1.0,-1.0,-1.0
2014/07/02,1160.0,1160.0,1150.0,1155.0,30000,-1.0,-1.0,-1.0
2014/07/03,1165.0,1170.0,1150.0,1155.0,50000,-1.0,-1.0,-1.0
2014/07/04,1160.0,1175.0,1160.0,1175.0,40000,-1.0,-1.0,-1.0
2014/07/07,1190.0,1190.0,1160.0,1165.0,64000,-1.0,-1.0,-1.0
2014/07/08,1160.0,1175.0,1160.0,1175.0,24000,-1.0,-1.0,-1.0
2014/07/09,1160.0,1170.0,1160.0,1170.0,16000,-1.0,-1.0,-1.0
2014/07/10,1170.0,1170.0,1170.0,1170.0,8000,-1.0,-1.0,-1.0
2014/07/11,1170.0,1170.0,1150.0,1150.0,30000,-1.0,-1.0,-1.0
2014/07/14,1160.0,1160.0,1145.0,1155.0,74000,-1.0,-1.0,-1.0
2014/07/15,1150.0,1165.0,1150.0,1160.0,24000,-1.0,-1.0,-1.0
2014/07/16,1170.0,1175.0,1160.0,1160.0,44000,-1.0,-1.0,-1.0
2014/07/17,1160.0,1160.0,1155.0,1160.0,18000,-1.0,-1.0,-1.0
2014/07/18,1160.0,1160.0,1145.0,1155.0,12000,-1.0,-1.0,-1.0
2014/07/22,1145.0,1155.0,1135.0,1150.0,66000,-1.0,-1.0,-1.0
2014/07/23,1145.0,1150.0,1135.0,1140.0,98000,-1.0,-1.0,-1.0
2014/07/24,1145.0,1150.0,1145.0,1150.0,42000,-1.0,-1.0,-1.0
2014/07/25,1145.0,1155.0,1145.0,1155.0,26000,-1.0,-1.0,-1.0
2014/07/28,1155.0,1155.0,1150.0,1150.0,14000,-1.0,-1.0,-1.0
2014/07/29,1150.0,1155.0,1145.0,1145.0,36000,-1.0,-1.0,-1.0
2014/07/30,1140.0,1165.0,1140.0,1165.0,78000,-1.0,-1.0,-1.0
2014/07/31,1160.0,1160.0,1140.0,1145.0,120000,-1.0,-1.0,-1.0
2014/08/01,1145.0,1155.0,1145.0,1155.0,20000,-1.0,-1.0,-1.0
2014/08/04,1150.0,1150.0,1145.0,1145.0,10000,-1.0,-1.0,-1.0
2014/08/05,1140.0,1150.0,1140.0,1145.0,34000,-1.0,-1.0,-1.0
2014/08/06,1140.0,1140.0,1130.0,1135.0,26000,-1.0,-1.0,-1.0
2014/08/07,1130.0,1145.0,1130.0,1140.0,52000,-1.0,-1.0,-1.0
2014/08/08,1140.0,1145.0,1130.0,1135.0,66000,-1.0,-1.0,-1.0
2014/08/11,1140.0,1140.0,1140.0,1140.0,6000,-1.0,-1.0,-1.0
2014/08/12,1150.0,1150.0,1150.0,1150.0,10000,-1.0,-1.0,-1.0
2014/08/13,1145.0,1150.0,1145.0,1150.0,10000,-1.0,-1.0,-1.0
2014/08/14,1145.0,1150.0,1145.0,1145.0,24000,-1.0,-1.0,-1.0
2014/08/15,1140.0,1155.0,1140.0,1155.0,16000,-1.0,-1.0,-1.0
2014/08/18,1155.0,1155.0,1125.0,1145.0,58000,-1.0,-1.0,-1.0
2014/08/19,1150.0,1150.0,1140.0,1145.0,20000,-1.0,-1.0,-1.0
2014/08/20,1150.0,1150.0,1135.0,1135.0,66000,-1.0,-1.0,-1.0
2014/08/21,1140.0,1150.0,1140.0,1145.0,36000,-1.0,-1.0,-1.0
2014/08/22,1150.0,1155.0,1150.0,1155.0,32000,-1.0,-1.0,-1.0
2014/08/25,1160.0,1170.0,1155.0,1165.0,66000,-1.0,-1.0,-1.0
2014/08/26,1170.0,1170.0,1155.0,1155.0,54000,-1.0,-1.0,-1.0
2014/08/27,1155.0,1155.0,1145.0,1145.0,62000,-1.0,-1.0,-1.0
2014/08/28,1150.0,1160.0,1150.0,1160.0,68000,-1.0,-1.0,-1.0
2014/08/29,1160.0,1160.0,1150.0,1155.0,74000,-1.0,-1.0,-1.0
2014/09/01,1160.0,1160.0,1155.0,1160.0,26000,-1.0,-1.0,-1.0
2014/09/02,1165.0,1170.0,1155.0,1165.0,54000,-1.0,-1.0,-1.0
2014/09/03,1165.0,1170.0,1165.0,1170.0,28000,-1.0,-1.0,-1.0
2014/09/04,1170.0,1175.0,1160.0,1165.0,62000,-1.0,-1.0,-1.0
2014/09/05,1165.0,1170.0,1165.0,1165.0,26000,-1.0,-1.0,-1.0
2014/09/08,1170.0,1170.0,1165.0,1165.0,30000,-1.0,-1.0,-1.0
2014/09/09,1165.0,1175.0,1165.0,1170.0,22000,-1.0,-1.0,-1.0
2014/09/10,1165.0,1170.0,1165.0,1165.0,38000,-1.0,-1.0,-1.0
2014/09/11,1165.0,1175.0,1165.0,1175.0,74000,-1.0,-1.0,-1.0
2014/09/12,1170.0,1175.0,1170.0,1170.0,78000,-1.0,-1.0,-1.0
2014/09/16,1170.0,1170.0,1160.0,1165.0,80000,-1.0,-1.0,-1.0
2014/09/17,1165.0,1165.0,1165.0,1165.0,10000,-1.0,-1.0,-1.0
2014/09/18,1175.0,1185.0,1165.0,1180.0,54000,-1.0,-1.0,-1.0
2014/09/19,1175.0,1180.0,1170.0,1175.0,56000,-1.0,-1.0,-1.0
2014/09/22,1185.0,1185.0,1170.0,1180.0,20000,-1.0,-1.0,-1.0
2014/09/24,1185.0,1185.0,1175.0,1175.0,24000,-1.0,-1.0,-1.0
2014/09/25,1180.0,1190.0,1165.0,1190.0,82000,-1.0,-1.0,-1.0
2014/09/26,1180.0,1180.0,1160.0,1170.0,68000,-1.0,-1.0,-1.0
2014/09/29,1180.0,1180.0,1175.0,1180.0,42000,-1.0,-1.0,-1.0
2014/09/30,1175.0,1175.0,1160.0,1160.0,52000,-1.0,-1.0,-1.0
2014/10/01,1170.0,1170.0,1160.0,1165.0,60000,-1.0,-1.0,-1.0
2014/10/02,1160.0,1160.0,1150.0,1150.0,72000,-1.0,-1.0,-1.0
2014/10/03,1150.0,1160.0,1145.0,1150.0,42000,-1.0,-1.0,-1.0
2014/10/06,1160.0,1165.0,1160.0,1160.0,18000,-1.0,-1.0,-1.0
2014/10/07,1165.0,1165.0,1145.0,1145.0,36000,-1.0,-1.0,-1.0
2014/10/08,1140.0,1145.0,1135.0,1145.0,60000,-1.0,-1.0,-1.0
2014/10/09,1150.0,1150.0,1135.0,1135.0,30000,-1.0,-1.0,-1.0
2014/10/10,1130.0,1130.0,1100.0,1110.0,142000,-1.0,-1.0,-1.0
2014/10/14,1090.0,1115.0,1090.0,1110.0,56000,-1.0,-1.0,-1.0
2014/10/15,1095.0,1110.0,1090.0,1105.0,108000,-1.0,-1.0,-1.0
2014/10/16,1105.0,1105.0,1085.0,1085.0,68000,-1.0,-1.0,-1.0
2014/10/17,1095.0,1100.0,1080.0,1080.0,60000,-1.0,-1.0,-1.0
2014/10/20,1115.0,1115.0,1090.0,1110.0,60000,-1.0,-1.0,-1.0
2014/10/21,1100.0,1110.0,1085.0,1085.0,40000,-1.0,-1.0,-1.0
2014/10/22,1095.0,1100.0,1090.0,1100.0,38000,-1.0,-1.0,-1.0
2014/10/23,1100.0,1110.0,1100.0,1100.0,22000,-1.0,-1.0,-1.0
2014/10/24,1120.0,1120.0,1110.0,1115.0,26000,-1.0,-1.0,-1.0
2014/10/27,1120.0,1120.0,1105.0,1120.0,50000,-1.0,-1.0,-1.0
2014/10/28,1110.0,1120.0,1110.0,1120.0,10000,-1.0,-1.0,-1.0
2014/10/29,1125.0,1125.0,1120.0,1120.0,12000,-1.0,-1.0,-1.0
2014/10/30,1125.0,1130.0,1110.0,1130.0,56000,-1.0,-1.0,-1.0
2014/10/31,1140.0,1155.0,1140.0,1155.0,98000,-1.0,-1.0,-1.0
2014/11/04,1155.0,1160.0,1140.0,1155.0,92000,-1.0,-1.0,-1.0
2014/11/05,1155.0,1155.0,1140.0,1155.0,68000,-1.0,-1.0,-1.0
2014/11/06,1155.0,1165.0,1145.0,1160.0,32000,-1.0,-1.0,-1.0
2014/11/07,1165.0,1175.0,1135.0,1160.0,170000,-1.0,-1.0,-1.0
2014/11/10,1150.0,1155.0,1145.0,1150.0,42000,-1.0,-1.0,-1.0
2014/11/11,1150.0,1150.0,1140.0,1150.0,32000,-1.0,-1.0,-1.0
2014/11/12,1150.0,1160.0,1140.0,1140.0,66000,-1.0,-1.0,-1.0
2014/11/13,1140.0,1150.0,1140.0,1140.0,40000,-1.0,-1.0,-1.0
2014/11/14,1165.0,1170.0,1140.0,1160.0,170000,-1.0,-1.0,-1.0
2014/11/17,1150.0,1155.0,1145.0,1145.0,26000,-1.0,-1.0,-1.0
2014/11/18,1160.0,1160.0,1145.0,1155.0,54000,-1.0,-1.0,-1.0
2014/11/19,1150.0,1160.0,1140.0,1140.0,96000,-1.0,-1.0,-1.0
2014/11/20,1150.0,1150.0,1140.0,1140.0,30000,-1.0,-1.0,-1.0
2014/11/21,1140.0,1150.0,1140.0,1140.0,42000,-1.0,-1.0,-1.0
2014/11/25,1140.0,1150.0,1135.0,1140.0,96000,-1.0,-1.0,-1.0
2014/11/26,1140.0,1140.0,1130.0,1140.0,126000,-1.0,-1.0,-1.0
2014/11/27,1145.0,1145.0,1135.0,1135.0,60000,-1.0,-1.0,-1.0
2014/11/28,1140.0,1145.0,1140.0,1145.0,72000,-1.0,-1.0,-1.0
2014/12/01,1150.0,1150.0,1140.0,1145.0,42000,-1.0,-1.0,-1.0
2014/12/02,1150.0,1160.0,1145.0,1155.0,84000,-1.0,-1.0,-1.0
2014/12/03,1145.0,1155.0,1145.0,1155.0,62000,-1.0,-1.0,-1.0
2014/12/04,1155.0,1160.0,1145.0,1160.0,98000,-1.0,-1.0,-1.0
2014/12/05,1160.0,1170.0,1155.0,1170.0,114000,-1.0,-1.0,-1.0
2014/12/08,1170.0,1170.0,1155.0,1155.0,74000,-1.0,-1.0,-1.0
2014/12/09,1155.0,1160.0,1155.0,1155.0,28000,-1.0,-1.0,-1.0
2014/12/10,1155.0,1160.0,1145.0,1145.0,140000,-1.0,-1.0,-1.0
2014/12/11,1140.0,1150.0,1140.0,1145.0,40000,-1.0,-1.0,-1.0
2014/12/12,1145.0,1160.0,1145.0,1145.0,102000,-1.0,-1.0,-1.0
2014/12/15,1150.0,1150.0,1140.0,1140.0,30000,-1.0,-1.0,-1.0
2014/12/16,1140.0,1145.0,1130.0,1130.0,76000,-1.0,-1.0,-1.0
2014/12/17,1135.0,1140.0,1135.0,1135.0,36000,-1.0,-1.0,-1.0
2014/12/18,1150.0,1155.0,1145.0,1145.0,124000,-1.0,-1.0,-1.0
2014/12/19,1145.0,1165.0,1145.0,1155.0,70000,-1.0,-1.0,-1.0
2014/12/22,1160.0,1170.0,1150.0,1155.0,106000,-1.0,-1.0,-1.0
2014/12/24,1160.0,1165.0,1155.0,1160.0,50000,-1.0,-1.0,-1.0
2014/12/25,1160.0,1170.0,1155.0,1165.0,82000,-1.0,-1.0,-1.0
2014/12/26,1165.0,1170.0,1160.0,1170.0,32000,-1.0,-1.0,-1.0
2014/12/29,1175.0,1175.0,1165.0,1165.0,46000,-1.0,-1.0,-1.0
2014/12/30,1175.0,1175.0,1160.0,1165.0,18000,-1.0,-1.0,-1.0
2015/01/05,1165.0,1175.0,1160.0,1175.0,46000,-1.0,-1.0,-1.0
2015/01/06,1170.0,1175.0,1145.0,1145.0,56000,-1.0,-1.0,-1.0
2015/01/07,1145.0,1150.0,1135.0,1145.0,58000,-1.0,-1.0,-1.0
2015/01/08,1145.0,1170.0,1145.0,1160.0,48000,-1.0,-1.0,-1.0
2015/01/09,1155.0,1160.0,1150.0,1160.0,44000,-1.0,-1.0,-1.0
2015/01/13,1155.0,1160.0,1155.0,1155.0,50000,-1.0,-1.0,-1.0
2015/01/14,1160.0,1160.0,1150.0,1150.0,18000,-1.0,-1.0,-1.0
2015/01/15,1145.0,1150.0,1140.0,1145.0,36000,-1.0,-1.0,-1.0
2015/01/16,1135.0,1150.0,1135.0,1145.0,68000,-1.0,-1.0,-1.0
2015/01/19,1150.0,1155.0,1150.0,1150.0,32000,-1.0,-1.0,-1.0
2015/01/20,1155.0,1160.0,1150.0,1160.0,42000,-1.0,-1.0,-1.0
2015/01/21,1160.0,1165.0,1155.0,1160.0,24000,-1.0,-1.0,-1.0
2015/01/22,1155.0,1155.0,1150.0,1150.0,46000,-1.0,-1.0,-1.0
2015/01/23,1160.0,1160.0,1150.0,1160.0,64000,-1.0,-1.0,-1.0
2015/01/26,1150.0,1165.0,1150.0,1165.0,44000,-1.0,-1.0,-1.0
2015/01/27,1170.0,1170.0,1160.0,1160.0,36000,-1.0,-1.0,-1.0
2015/01/28,1155.0,1160.0,1150.0,1155.0,38000,-1.0,-1.0,-1.0
2015/01/29,1165.0,1170.0,1160.0,1165.0,58000,-1.0,-1.0,-1.0
2015/01/30,1175.0,1175.0,1145.0,1155.0,158000,-1.0,-1.0,-1.0
2015/02/02,1155.0,1175.0,1150.0,1165.0,92000,-1.0,-1.0,-1.0
2015/02/03,1170.0,1175.0,1160.0,1160.0,92000,-1.0,-1.0,-1.0
2015/02/04,1160.0,1185.0,1160.0,1185.0,92000,-1.0,-1.0,-1.0
2015/02/05,1185.0,1185.0,1175.0,1175.0,44000,-1.0,-1.0,-1.0
2015/02/06,1185.0,1190.0,1175.0,1175.0,76000,-1.0,-1.0,-1.0
2015/02/09,1175.0,1180.0,1165.0,1175.0,54000,-1.0,-1.0,-1.0
2015/02/10,1185.0,1210.0,1185.0,1190.0,212000,-1.0,-1.0,-1.0
2015/02/12,1195.0,1205.0,1185.0,1190.0,110000,-1.0,-1.0,-1.0
2015/02/13,1215.0,1215.0,1190.0,1195.0,114000,-1.0,-1.0,-1.0
2015/02/16,1225.0,1235.0,1200.0,1200.0,158000,-1.0,-1.0,-1.0
2015/02/17,1200.0,1215.0,1190.0,1210.0,74000,-1.0,-1.0,-1.0
2015/02/18,1220.0,1220.0,1210.0,1215.0,138000,-1.0,-1.0,-1.0
2015/02/19,1210.0,1220.0,1205.0,1205.0,62000,-1.0,-1.0,-1.0
2015/02/20,1205.0,1215.0,1205.0,1215.0,52000,-1.0,-1.0,-1.0
2015/02/23,1215.0,1225.0,1205.0,1205.0,54000,-1.0,-1.0,-1.0
2015/02/24,1215.0,1220.0,1205.0,1220.0,38000,-1.0,-1.0,-1.0
2015/02/25,1225.0,1225.0,1215.0,1220.0,60000,-1.0,-1.0,-1.0
2015/02/26,1225.0,1230.0,1210.0,1225.0,94000,-1.0,-1.0,-1.0
2015/02/27,1225.0,1225.0,1200.0,1215.0,92000,-1.0,-1.0,-1.0
2015/03/02,1215.0,1225.0,1210.0,1220.0,54000,-1.0,-1.0,-1.0
2015/03/03,1235.0,1235.0,1215.0,1225.0,56000,-1.0,-1.0,-1.0
2015/03/04,1225.0,1230.0,1215.0,1220.0,66000,-1.0,-1.0,-1.0
2015/03/05,1220.0,1225.0,1215.0,1225.0,14000,-1.0,-1.0,-1.0
2015/03/06,1230.0,1230.0,1220.0,1225.0,46000,-1.0,-1.0,-1.0
2015/03/09,1225.0,1230.0,1215.0,1225.0,54000,-1.0,-1.0,-1.0
2015/03/10,1230.0,1235.0,1220.0,1230.0,26000,-1.0,-1.0,-1.0
2015/03/11,1220.0,1250.0,1220.0,1240.0,188000,-1.0,-1.0,-1.0
2015/03/12,1250.0,1265.0,1240.0,1260.0,206000,-1.0,-1.0,-1.0
2015/03/13,1250.0,1260.0,1245.0,1250.0,144000,-1.0,-1.0,-1.0
2015/03/16,1250.0,1250.0,1240.0,1250.0,56000,-1.0,-1.0,-1.0
2015/03/17,1255.0,1275.0,1250.0,1260.0,108000,-1.0,-1.0,-1.0
2015/03/18,1270.0,1270.0,1260.0,1270.0,76000,-1.0,-1.0,-1.0
2015/03/19,1260.0,1290.0,1255.0,1255.0,188000,-1.0,-1.0,-1.0
2015/03/20,1250.0,1260.0,1245.0,1255.0,92000,-1.0,-1.0,-1.0
2015/03/23,1265.0,1310.0,1265.0,1305.0,410000,-1.0,-1.0,-1.0
2015/03/24,1315.0,1320.0,1300.0,1305.0,180000,-1.0,-1.0,-1.0
2015/03/25,1310.0,1315.0,1285.0,1305.0,138000,-1.0,-1.0,-1.0
2015/03/26,1305.0,1315.0,1275.0,1305.0,140000,-1.0,-1.0,-1.0
2015/03/27,1285.0,1290.0,1270.0,1270.0,56000,-1.0,-1.0,-1.0
2015/03/30,1270.0,1270.0,1230.0,1235.0,70000,-1.0,-1.0,-1.0
2015/03/31,1250.0,1300.0,1205.0,1235.0,158000,-1.0,-1.0,-1.0
2015/04/01,1255.0,1255.0,1230.0,1245.0,104000,-1.0,-1.0,-1.0
2015/04/02,1250.0,1250.0,1235.0,1245.0,170000,-1.0,-1.0,-1.0
2015/04/03,1255.0,1255.0,1240.0,1240.0,40000,-1.0,-1.0,-1.0
2015/04/06,1230.0,1245.0,1230.0,1230.0,36000,-1.0,-1.0,-1.0
2015/04/07,1230.0,1245.0,1230.0,1230.0,124000,-1.0,-1.0,-1.0
2015/04/08,1240.0,1240.0,1220.0,1220.0,144000,-1.0,-1.0,-1.0
2015/04/09,1215.0,1220.0,1205.0,1220.0,104000,-1.0,-1.0,-1.0
2015/04/10,1230.0,1230.0,1200.0,1215.0,202000,-1.0,-1.0,-1.0
2015/04/13,1220.0,1225.0,1205.0,1215.0,78000,-1.0,-1.0,-1.0
2015/04/14,1210.0,1225.0,1200.0,1220.0,66000,-1.0,-1.0,-1.0
2015/04/15,1210.0,1225.0,1210.0,1215.0,52000,-1.0,-1.0,-1.0
2015/04/16,1210.0,1240.0,1210.0,1220.0,60000,-1.0,-1.0,-1.0
2015/04/17,1235.0,1235.0,1220.0,1225.0,20000,-1.0,-1.0,-1.0
2015/04/20,1240.0,1240.0,1220.0,1240.0,74000,-1.0,-1.0,-1.0
2015/04/21,1260.0,1260.0,1245.0,1250.0,74000,-1.0,-1.0,-1.0
2015/04/22,1255.0,1255.0,1240.0,1255.0,44000,-1.0,-1.0,-1.0
2015/04/23,1255.0,1255.0,1245.0,1245.0,38000,-1.0,-1.0,-1.0
2015/04/24,1245.0,1250.0,1240.0,1240.0,36000,-1.0,-1.0,-1.0
2015/04/27,1245.0,1245.0,1240.0,1240.0,28000,-1.0,-1.0,-1.0
2015/04/28,1250.0,1255.0,1240.0,1250.0,28000,-1.0,-1.0,-1.0
2015/04/30,1250.0,1250.0,1235.0,1240.0,30000,-1.0,-1.0,-1.0
2015/05/01,1225.0,1230.0,1195.0,1205.0,228000,-1.0,-1.0,-1.0
2015/05/07,1210.0,1250.0,1210.0,1225.0,176000,-1.0,-1.0,-1.0
2015/05/08,1220.0,1240.0,1210.0,1220.0,96000,-1.0,-1.0,-1.0
2015/05/11,1265.0,1265.0,1225.0,1235.0,216000,-1.0,-1.0,-1.0
2015/05/12,1235.0,1240.0,1225.0,1235.0,62000,-1.0,-1.0,-1.0
2015/05/13,1235.0,1260.0,1235.0,1250.0,80000,-1.0,-1.0,-1.0
2015/05/14,1255.0,1255.0,1235.0,1240.0,36000,-1.0,-1.0,-1.0
2015/05/15,1250.0,1260.0,1235.0,1255.0,52000,-1.0,-1.0,-1.0
2015/05/18,1240.0,1245.0,1225.0,1225.0,88000,-1.0,-1.0,-1.0
2015/05/19,1235.0,1240.0,1230.0,1240.0,20000,-1.0,-1.0,-1.0
2015/05/20,1235.0,1250.0,1230.0,1245.0,86000,-1.0,-1.0,-1.0
2015/05/21,1255.0,1255.0,1240.0,1250.0,28000,-1.0,-1.0,-1.0
2015/05/22,1240.0,1250.0,1230.0,1235.0,56000,-1.0,-1.0,-1.0
2015/05/25,1235.0,1255.0,1235.0,1255.0,76000,-1.0,-1.0,-1.0
2015/05/26,1235.0,1240.0,1230.0,1240.0,168000,-1.0,-1.0,-1.0
2015/05/27,1245.0,1250.0,1240.0,1250.0,42000,-1.0,-1.0,-1.0
2015/05/28,1245.0,1255.0,1245.0,1245.0,34000,-1.0,-1.0,-1.0
2015/05/29,1245.0,1275.0,1240.0,1265.0,76000,-1.0,-1.0,-1.0
2015/06/01,1265.0,1265.0,1255.0,1255.0,42000,-1.0,-1.0,-1.0
2015/06/02,1265.0,1270.0,1255.0,1270.0,90000,-1.0,-1.0,-1.0
2015/06/03,1260.0,1265.0,1250.0,1255.0,42000,-1.0,-1.0,-1.0
2015/06/04,1265.0,1265.0,1250.0,1250.0,54000,-1.0,-1.0,-1.0
2015/06/05,1245.0,1260.0,1245.0,1250.0,56000,-1.0,-1.0,-1.0
2015/06/08,1250.0,1250.0,1245.0,1245.0,32000,-1.0,-1.0,-1.0
2015/06/09,1245.0,1245.0,1225.0,1225.0,98000,-1.0,-1.0,-1.0
2015/06/10,1240.0,1250.0,1230.0,1235.0,54000,-1.0,-1.0,-1.0
2015/06/11,1235.0,1240.0,1230.0,1230.0,42000,-1.0,-1.0,-1.0
2015/06/12,1230.0,1235.0,1230.0,1230.0,128000,-1.0,-1.0,-1.0
2015/06/15,1225.0,1235.0,1220.0,1235.0,40000,-1.0,-1.0,-1.0
2015/06/16,1240.0,1240.0,1215.0,1225.0,88000,-1.0,-1.0,-1.0
2015/06/17,1225.0,1225.0,1210.0,1225.0,60000,-1.0,-1.0,-1.0
2015/06/18,1215.0,1220.0,1210.0,1215.0,52000,-1.0,-1.0,-1.0
2015/06/19,1215.0,1220.0,1215.0,1220.0,96000,-1.0,-1.0,-1.0
2015/06/22,1210.0,1215.0,1205.0,1205.0,132000,-1.0,-1.0,-1.0
2015/06/23,1215.0,1230.0,1215.0,1225.0,78000,-1.0,-1.0,-1.0
2015/06/24,1225.0,1230.0,1220.0,1230.0,56000,-1.0,-1.0,-1.0
2015/06/25,1220.0,1235.0,1220.0,1235.0,42000,-1.0,-1.0,-1.0
2015/06/26,1240.0,1240.0,1230.0,1235.0,32000,-1.0,-1.0,-1.0
2015/06/29,1210.0,1225.0,1195.0,1205.0,136000,-1.0,-1.0,-1.0
2015/06/30,1200.0,1220.0,1200.0,1210.0,70000,-1.0,-1.0,-1.0
2015/07/01,1210.0,1230.0,1210.0,1220.0,88000,-1.0,-1.0,-1.0
2015/07/02,1235.0,1250.0,1230.0,1235.0,90000,-1.0,-1.0,-1.0
2015/07/03,1235.0,1250.0,1230.0,1240.0,40000,-1.0,-1.0,-1.0
2015/07/06,1245.0,1245.0,1230.0,1235.0,100000,-1.0,-1.0,-1.0
2015/07/07,1235.0,1250.0,1230.0,1230.0,44000,-1.0,-1.0,-1.0
2015/07/08,1235.0,1235.0,1180.0,1185.0,214000,-1.0,-1.0,-1.0
2015/07/09,1165.0,1180.0,1155.0,1175.0,156000,-1.0,-1.0,-1.0
2015/07/10,1170.0,1195.0,1170.0,1175.0,78000,-1.0,-1.0,-1.0
2015/07/13,1180.0,1185.0,1175.0,1175.0,28000,-1.0,-1.0,-1.0
2015/07/14,1195.0,1200.0,1195.0,1200.0,28000,-1.0,-1.0,-1.0
2015/07/15,1195.0,1210.0,1195.0,1210.0,40000,-1.0,-1.0,-1.0
2015/07/16,1210.0,1210.0,1200.0,1210.0,28000,-1.0,-1.0,-1.0
2015/07/17,1215.0,1215.0,1200.0,1205.0,26000,-1.0,-1.0,-1.0
2015/07/21,1215.0,1220.0,1205.0,1220.0,46000,-1.0,-1.0,-1.0
2015/07/22,1210.0,1225.0,1210.0,1225.0,24000,-1.0,-1.0,-1.0
2015/07/23,1215.0,1225.0,1215.0,1220.0,20000,-1.0,-1.0,-1.0
2015/07/24,1215.0,1215.0,1215.0,1215.0,8000,-1.0,-1.0,-1.0
2015/07/27,1205.0,1210.0,1195.0,1195.0,50000,-1.0,-1.0,-1.0
2015/07/28,1200.0,1215.0,1200.0,1210.0,50000,-1.0,-1.0,-1.0
2015/07/29,1205.0,1210.0,1200.0,1210.0,22000,-1.0,-1.0,-1.0
2015/07/30,1205.0,1215.0,1205.0,1215.0,22000,-1.0,-1.0,-1.0
2015/07/31,1220.0,1225.0,1220.0,1220.0,44000,-1.0,-1.0,-1.0
2015/08/03,1220.0,1225.0,1220.0,1225.0,20000,-1.0,-1.0,-1.0
2015/08/04,1220.0,1225.0,1215.0,1225.0,34000,-1.0,-1.0,-1.0
2015/08/05,1220.0,1250.0,1215.0,1240.0,52000,-1.0,-1.0,-1.0
2015/08/06,1245.0,1245.0,1230.0,1230.0,26000,-1.0,-1.0,-1.0
2015/08/07,1225.0,1260.0,1220.0,1230.0,160000,-1.0,-1.0,-1.0
2015/08/10,1230.0,1230.0,1220.0,1230.0,78000,-1.0,-1.0,-1.0
2015/08/11,1230.0,1245.0,1225.0,1235.0,70000,-1.0,-1.0,-1.0
2015/08/12,1230.0,1240.0,1220.0,1230.0,64000,-1.0,-1.0,-1.0
2015/08/13,1220.0,1225.0,1215.0,1215.0,70000,-1.0,-1.0,-1.0
2015/08/14,1220.0,1225.0,1215.0,1220.0,46000,-1.0,-1.0,-1.0
2015/08/17,1235.0,1235.0,1210.0,1215.0,84000,-1.0,-1.0,-1.0
2015/08/18,1220.0,1230.0,1220.0,1225.0,54000,-1.0,-1.0,-1.0
2015/08/19,1220.0,1220.0,1215.0,1215.0,20000,-1.0,-1.0,-1.0
2015/08/20,1215.0,1230.0,1215.0,1215.0,46000,-1.0,-1.0,-1.0
2015/08/21,1200.0,1200.0,1170.0,1175.0,140000,-1.0,-1.0,-1.0
2015/08/24,1160.0,1195.0,1140.0,1140.0,128000,-1.0,-1.0,-1.0
2015/08/25,1110.0,1175.0,1095.0,1140.0,118000,-1.0,-1.0,-1.0
2015/08/26,1165.0,1165.0,1145.0,1165.0,84000,-1.0,-1.0,-1.0
2015/08/27,1175.0,1185.0,1175.0,1180.0,26000,-1.0,-1.0,-1.0
2015/08/28,1180.0,1235.0,1180.0,1210.0,72000,-1.0,-1.0,-1.0
2015/08/31,1200.0,1205.0,1175.0,1190.0,56000,-1.0,-1.0,-1.0
2015/09/01,1205.0,1205.0,1170.0,1170.0,52000,-1.0,-1.0,-1.0
2015/09/02,1155.0,1185.0,1150.0,1180.0,38000,-1.0,-1.0,-1.0
2015/09/03,1195.0,1195.0,1175.0,1175.0,16000,-1.0,-1.0,-1.0
2015/09/04,1170.0,1195.0,1145.0,1145.0,62000,-1.0,-1.0,-1.0
2015/09/07,1155.0,1155.0,1145.0,1150.0,36000,-1.0,-1.0,-1.0
2015/09/08,1150.0,1155.0,1130.0,1140.0,38000,-1.0,-1.0,-1.0
2015/09/09,1165.0,1185.0,1160.0,1180.0,24000,-1.0,-1.0,-1.0
2015/09/10,1170.0,1170.0,1160.0,1170.0,12000,-1.0,-1.0,-1.0
2015/09/11,1190.0,1190.0,1180.0,1180.0,78000,-1.0,-1.0,-1.0
2015/09/14,1195.0,1195.0,1160.0,1170.0,28000,-1.0,-1.0,-1.0
2015/09/15,1165.0,1175.0,1160.0,1165.0,40000,-1.0,-1.0,-1.0
2015/09/16,1160.0,1165.0,1150.0,1160.0,32000,-1.0,-1.0,-1.0
2015/09/17,1175.0,1175.0,1175.0,1175.0,24000,-1.0,-1.0,-1.0
2015/09/18,1180.0,1180.0,1170.0,1180.0,28000,-1.0,-1.0,-1.0
2015/09/24,1155.0,1170.0,1155.0,1155.0,50000,-1.0,-1.0,-1.0
2015/09/25,1155.0,1175.0,1155.0,1175.0,46000,-1.0,-1.0,-1.0
2015/09/28,1160.0,1160.0,1155.0,1155.0,20000,-1.0,-1.0,-1.0
2015/09/29,1150.0,1150.0,1120.0,1120.0,58000,-1.0,-1.0,-1.0
2015/09/30,1145.0,1145.0,1125.0,1130.0,40000,-1.0,-1.0,-1.0
2015/10/01,1125.0,1150.0,1125.0,1145.0,28000,-1.0,-1.0,-1.0
2015/10/02,1150.0,1160.0,1150.0,1155.0,24000,-1.0,-1.0,-1.0
2015/10/05,1160.0,1165.0,1145.0,1160.0,14000,-1.0,-1.0,-1.0
2015/10/06,1165.0,1165.0,1160.0,1165.0,24000,-1.0,-1.0,-1.0
2015/10/07,1165.0,1185.0,1160.0,1180.0,26000,-1.0,-1.0,-1.0
2015/10/08,1160.0,1165.0,1160.0,1165.0,16000,-1.0,-1.0,-1.0
2015/10/09,1160.0,1195.0,1160.0,1190.0,44000,-1.0,-1.0,-1.0
2015/10/13,1175.0,1180.0,1175.0,1180.0,12000,-1.0,-1.0,-1.0
2015/10/14,1170.0,1170.0,1165.0,1165.0,24000,-1.0,-1.0,-1.0
2015/10/15,1160.0,1170.0,1160.0,1170.0,10000,-1.0,-1.0,-1.0
2015/10/16,1170.0,1185.0,1170.0,1175.0,30000,-1.0,-1.0,-1.0
2015/10/19,1175.0,1190.0,1175.0,1190.0,12000,-1.0,-1.0,-1.0
2015/10/20,1190.0,1200.0,1185.0,1200.0,60000,-1.0,-1.0,-1.0
2015/10/21,1185.0,1195.0,1185.0,1195.0,28000,-1.0,-1.0,-1.0
2015/10/22,1195.0,1200.0,1185.0,1195.0,22000,-1.0,-1.0,-1.0
2015/10/23,1195.0,1205.0,1185.0,1205.0,36000,-1.0,-1.0,-1.0
2015/10/26,1210.0,1210.0,1190.0,1190.0,48000,-1.0,-1.0,-1.0
2015/10/27,1205.0,1205.0,1170.0,1185.0,50000,-1.0,-1.0,-1.0
2015/10/28,1175.0,1195.0,1175.0,1195.0,46000,-1.0,-1.0,-1.0
2015/10/29,1195.0,1205.0,1190.0,1190.0,66000,-1.0,-1.0,-1.0
2015/10/30,1200.0,1205.0,1195.0,1205.0,40000,-1.0,-1.0,-1.0
2015/11/02,1205.0,1205.0,1190.0,1190.0,44000,-1.0,-1.0,-1.0
2015/11/04,1190.0,1205.0,1190.0,1195.0,24000,-1.0,-1.0,-1.0
2015/11/05,1190.0,1200.0,1180.0,1200.0,106000,-1.0,-1.0,-1.0
2015/11/06,1190.0,1190.0,1170.0,1170.0,86000,-1.0,-1.0,-1.0
2015/11/09,1175.0,1195.0,1175.0,1180.0,114000,-1.0,-1.0,-1.0
2015/11/10,1175.0,1185.0,1175.0,1180.0,98000,-1.0,-1.0,-1.0
2015/11/11,1185.0,1190.0,1185.0,1190.0,36000,-1.0,-1.0,-1.0
2015/11/12,1190.0,1245.0,1180.0,1240.0,242000,-1.0,-1.0,-1.0
2015/11/13,1220.0,1230.0,1200.0,1230.0,124000,-1.0,-1.0,-1.0
2015/11/16,1210.0,1220.0,1210.0,1210.0,40000,-1.0,-1.0,-1.0
2015/11/17,1220.0,1225.0,1215.0,1225.0,56000,-1.0,-1.0,-1.0
2015/11/18,1275.0,1295.0,1250.0,1255.0,616000,-1.0,-1.0,-1.0
2015/11/19,1255.0,1265.0,1255.0,1255.0,106000,-1.0,-1.0,-1.0
2015/11/20,1250.0,1270.0,1245.0,1250.0,64000,-1.0,-1.0,-1.0
2015/11/24,1255.0,1270.0,1245.0,1270.0,68000,-1.0,-1.0,-1.0
2015/11/25,1265.0,1265.0,1250.0,1265.0,58000,-1.0,-1.0,-1.0
2015/11/26,1270.0,1270.0,1245.0,1265.0,72000,-1.0,-1.0,-1.0
2015/11/27,1255.0,1255.0,1240.0,1245.0,16000,-1.0,-1.0,-1.0
2015/11/30,1250.0,1250.0,1225.0,1225.0,46000,-1.0,-1.0,-1.0
2015/12/01,1235.0,1240.0,1190.0,1235.0,114000,-1.0,-1.0,-1.0
2015/12/02,1245.0,1255.0,1225.0,1250.0,74000,-1.0,-1.0,-1.0
2015/12/03,1240.0,1250.0,1235.0,1250.0,34000,-1.0,-1.0,-1.0
2015/12/04,1250.0,1250.0,1240.0,1245.0,54000,-1.0,-1.0,-1.0
2015/12/07,1260.0,1260.0,1230.0,1245.0,92000,-1.0,-1.0,-1.0
2015/12/08,1245.0,1250.0,1230.0,1235.0,142000,-1.0,-1.0,-1.0
2015/12/09,1220.0,1240.0,1220.0,1240.0,24000,-1.0,-1.0,-1.0
2015/12/10,1240.0,1245.0,1225.0,1235.0,74000,-1.0,-1.0,-1.0
2015/12/11,1220.0,1245.0,1220.0,1245.0,114000,-1.0,-1.0,-1.0
2015/12/14,1205.0,1225.0,1205.0,1225.0,82000,-1.0,-1.0,-1.0
2015/12/15,1230.0,1230.0,1195.0,1205.0,128000,-1.0,-1.0,-1.0
2015/12/16,1220.0,1225.0,1205.0,1220.0,68000,-1.0,-1.0,-1.0
2015/12/17,1235.0,1240.0,1230.0,1230.0,38000,-1.0,-1.0,-1.0
2015/12/18,1220.0,1220.0,1210.0,1215.0,54000,-1.0,-1.0,-1.0
2015/12/21,1200.0,1210.0,1190.0,1190.0,60000,-1.0,-1.0,-1.0
2015/12/22,1190.0,1200.0,1190.0,1195.0,32000,-1.0,-1.0,-1.0
2015/12/24,1195.0,1200.0,1190.0,1200.0,72000,-1.0,-1.0,-1.0
2015/12/25,1190.0,1195.0,1180.0,1195.0,46000,-1.0,-1.0,-1.0
2015/12/28,1195.0,1225.0,1185.0,1225.0,76000,-1.0,-1.0,-1.0
2015/12/29,1210.0,1210.0,1205.0,1210.0,42000,-1.0,-1.0,-1.0
2015/12/30,1210.0,1215.0,1210.0,1215.0,38000,-1.0,-1.0,-1.0
2016/01/04,1215.0,1215.0,1190.0,1190.0,72000,-1.0,-1.0,-1.0
2016/01/05,1200.0,1205.0,1200.0,1205.0,28000,-1.0,-1.0,-1.0
2016/01/06,1195.0,1210.0,1195.0,1210.0,96000,-1.0,-1.0,-1.0
2016/01/07,1205.0,1210.0,1200.0,1200.0,104000,-1.0,-1.0,-1.0
2016/01/08,1185.0,1205.0,1185.0,1200.0,102000,-1.0,-1.0,-1.0
2016/01/12,1195.0,1205.0,1185.0,1185.0,164000,-1.0,-1.0,-1.0
2016/01/13,1190.0,1210.0,1190.0,1200.0,38000,-1.0,-1.0,-1.0
2016/01/14,1200.0,1220.0,1190.0,1215.0,118000,-1.0,-1.0,-1.0
2016/01/15,1215.0,1220.0,1205.0,1205.0,82000,-1.0,-1.0,-1.0
2016/01/18,1195.0,1210.0,1190.0,1200.0,64000,-1.0,-1.0,-1.0
2016/01/19,1200.0,1210.0,1200.0,1205.0,64000,-1.0,-1.0,-1.0
2016/01/20,1205.0,1210.0,1190.0,1190.0,84000,-1.0,-1.0,-1.0
2016/01/21,1185.0,1195.0,1165.0,1165.0,132000,-1.0,-1.0,-1.0
2016/01/22,1175.0,1215.0,1175.0,1215.0,94000,-1.0,-1.0,-1.0
2016/01/25,1215.0,1215.0,1210.0,1215.0,52000,-1.0,-1.0,-1.0
2016/01/26,1215.0,1215.0,1205.0,1205.0,66000,-1.0,-1.0,-1.0
2016/01/27,1205.0,1220.0,1205.0,1215.0,50000,-1.0,-1.0,-1.0
2016/01/28,1215.0,1215.0,1190.0,1190.0,28000,-1.0,-1.0,-1.0
2016/01/29,1195.0,1205.0,1185.0,1195.0,58000,-1.0,-1.0,-1.0
2016/02/01,1215.0,1225.0,1205.0,1220.0,52000,-1.0,-1.0,-1.0
2016/02/02,1220.0,1220.0,1220.0,1220.0,4000,-1.0,-1.0,-1.0
2016/02/03,1205.0,1220.0,1205.0,1215.0,34000,-1.0,-1.0,-1.0
2016/02/04,1205.0,1210.0,1205.0,1210.0,14000,-1.0,-1.0,-1.0
2016/02/05,1205.0,1210.0,1200.0,1205.0,74000,-1.0,-1.0,-1.0
2016/02/08,1205.0,1215.0,1205.0,1215.0,36000,-1.0,-1.0,-1.0
2016/02/09,1200.0,1210.0,1195.0,1200.0,66000,-1.0,-1.0,-1.0
2016/02/10,1205.0,1220.0,1175.0,1200.0,212000,-1.0,-1.0,-1.0
2016/02/12,1115.0,1160.0,1115.0,1140.0,210000,-1.0,-1.0,-1.0
2016/02/15,1185.0,1200.0,1185.0,1195.0,80000,-1.0,-1.0,-1.0
2016/02/16,1195.0,1215.0,1190.0,1190.0,176000,-1.0,-1.0,-1.0
2016/02/17,1190.0,1195.0,1185.0,1190.0,48000,-1.0,-1.0,-1.0
2016/02/18,1210.0,1220.0,1200.0,1215.0,104000,-1.0,-1.0,-1.0
2016/02/19,1200.0,1200.0,1185.0,1185.0,62000,-1.0,-1.0,-1.0
2016/02/22,1185.0,1200.0,1185.0,1200.0,32000,-1.0,-1.0,-1.0
2016/02/23,1210.0,1210.0,1190.0,1195.0,28000,-1.0,-1.0,-1.0
2016/02/24,1185.0,1205.0,1185.0,1195.0,36000,-1.0,-1.0,-1.0
2016/02/25,1195.0,1200.0,1160.0,1170.0,238000,-1.0,-1.0,-1.0
2016/02/26,1165.0,1175.0,1160.0,1165.0,280000,-1.0,-1.0,-1.0
2016/02/29,1165.0,1175.0,1160.0,1160.0,126000,-1.0,-1.0,-1.0
2016/03/01,1165.0,1165.0,1140.0,1145.0,148000,-1.0,-1.0,-1.0
2016/03/02,1155.0,1170.0,1150.0,1170.0,94000,-1.0,-1.0,-1.0
2016/03/03,1175.0,1180.0,1165.0,1180.0,36000,-1.0,-1.0,-1.0
2016/03/04,1185.0,1190.0,1180.0,1190.0,48000,-1.0,-1.0,-1.0
2016/03/07,1190.0,1200.0,1185.0,1190.0,66000,-1.0,-1.0,-1.0
2016/03/08,1190.0,1190.0,1185.0,1185.0,28000,-1.0,-1.0,-1.0
2016/03/09,1195.0,1195.0,1185.0,1190.0,26000,-1.0,-1.0,-1.0
2016/03/10,1200.0,1200.0,1185.0,1195.0,82000,-1.0,-1.0,-1.0
2016/03/11,1185.0,1195.0,1185.0,1190.0,106000,-1.0,-1.0,-1.0
2016/03/14,1200.0,1215.0,1200.0,1205.0,84000,-1.0,-1.0,-1.0
2016/03/15,1210.0,1220.0,1195.0,1215.0,140000,-1.0,-1.0,-1.0
2016/03/16,1205.0,1210.0,1200.0,1200.0,52000,-1.0,-1.0,-1.0
2016/03/17,1205.0,1210.0,1200.0,1200.0,50000,-1.0,-1.0,-1.0
2016/03/18,1210.0,1210.0,1205.0,1205.0,32000,-1.0,-1.0,-1.0
2016/03/22,1195.0,1205.0,1190.0,1195.0,240000,-1.0,-1.0,-1.0
2016/03/23,1195.0,1205.0,1195.0,1195.0,72000,-1.0,-1.0,-1.0
2016/03/24,1195.0,1200.0,1190.0,1190.0,48000,-1.0,-1.0,-1.0
2016/03/25,1205.0,1205.0,1195.0,1200.0,60000,-1.0,-1.0,-1.0
2016/03/28,1200.0,1205.0,1195.0,1195.0,82000,-1.0,-1.0,-1.0
2016/03/29,1170.0,1175.0,1160.0,1175.0,66000,-1.0,-1.0,-1.0
2016/03/30,1180.0,1180.0,1160.0,1170.0,84000,-1.0,-1.0,-1.0
2016/03/31,1165.0,1170.0,1160.0,1160.0,34000,-1.0,-1.0,-1.0
2016/04/01,1185.0,1185.0,1160.0,1165.0,120000,-1.0,-1.0,-1.0
2016/04/04,1185.0,1185.0,1165.0,1175.0,54000,-1.0,-1.0,-1.0
2016/04/05,1175.0,1175.0,1160.0,1160.0,44000,-1.0,-1.0,-1.0
2016/04/06,1160.0,1160.0,1150.0,1160.0,36000,-1.0,-1.0,-1.0
2016/04/07,1150.0,1150.0,1140.0,1140.0,54000,-1.0,-1.0,-1.0
2016/04/08,1135.0,1180.0,1130.0,1160.0,92000,-1.0,-1.0,-1.0
2016/04/11,1150.0,1150.0,1140.0,1140.0,16000,-1.0,-1.0,-1.0
2016/04/12,1140.0,1165.0,1140.0,1145.0,44000,-1.0,-1.0,-1.0
2016/04/13,1150.0,1165.0,1150.0,1160.0,26000,-1.0,-1.0,-1.0
2016/04/14,1160.0,1175.0,1155.0,1175.0,62000,-1.0,-1.0,-1.0
2016/04/15,1160.0,1175.0,1160.0,1165.0,34000,-1.0,-1.0,-1.0
2016/04/18,1140.0,1150.0,1140.0,1140.0,78000,-1.0,-1.0,-1.0
2016/04/19,1155.0,1160.0,1150.0,1155.0,50000,-1.0,-1.0,-1.0
2016/04/20,1150.0,1155.0,1145.0,1145.0,66000,-1.0,-1.0,-1.0
2016/04/21,1155.0,1165.0,1155.0,1160.0,66000,-1.0,-1.0,-1.0
2016/04/22,1155.0,1160.0,1155.0,1160.0,34000,-1.0,-1.0,-1.0
2016/04/25,1160.0,1175.0,1160.0,1175.0,60000,-1.0,-1.0,-1.0
2016/04/26,1180.0,1185.0,1170.0,1170.0,68000,-1.0,-1.0,-1.0
2016/04/27,1170.0,1175.0,1155.0,1175.0,84000,-1.0,-1.0,-1.0
2016/04/28,1175.0,1175.0,1155.0,1155.0,60000,-1.0,-1.0,-1.0
2016/05/02,1145.0,1155.0,1140.0,1150.0,54000,-1.0,-1.0,-1.0
2016/05/06,1170.0,1170.0,1155.0,1160.0,60000,-1.0,-1.0,-1.0
2016/05/09,1155.0,1170.0,1155.0,1155.0,52000,-1.0,-1.0,-1.0
2016/05/10,1160.0,1170.0,1160.0,1165.0,52000,-1.0,-1.0,-1.0
2016/05/11,1165.0,1165.0,1160.0,1160.0,26000,-1.0,-1.0,-1.0
2016/05/12,1160.0,1160.0,1150.0,1155.0,24000,-1.0,-1.0,-1.0
2016/05/13,1150.0,1150.0,1145.0,1145.0,72000,-1.0,-1.0,-1.0
2016/05/16,1150.0,1155.0,1145.0,1150.0,76000,-1.0,-1.0,-1.0
2016/05/17,1150.0,1160.0,1150.0,1160.0,36000,-1.0,-1.0,-1.0
2016/05/18,1160.0,1165.0,1155.0,1165.0,66000,-1.0,-1.0,-1.0
2016/05/19,1165.0,1165.0,1155.0,1155.0,28000,-1.0,-1.0,-1.0
2016/05/20,1155.0,1160.0,1150.0,1160.0,28000,-1.0,-1.0,-1.0
2016/05/23,1150.0,1155.0,1150.0,1150.0,26000,-1.0,-1.0,-1.0
2016/05/24,1150.0,1155.0,1145.0,1150.0,22000,-1.0,-1.0,-1.0
2016/05/25,1150.0,1160.0,1150.0,1160.0,64000,-1.0,-1.0,-1.0
2016/05/26,1160.0,1160.0,1150.0,1160.0,40000,-1.0,-1.0,-1.0
2016/05/27,1155.0,1155.0,1145.0,1150.0,44000,-1.0,-1.0,-1.0
2016/05/30,1150.0,1150.0,1145.0,1150.0,60000,-1.0,-1.0,-1.0
2016/05/31,1150.0,1155.0,1150.0,1155.0,66000,-1.0,-1.0,-1.0
2016/06/01,1160.0,1170.0,1160.0,1160.0,40000,-1.0,-1.0,-1.0
2016/06/02,1155.0,1155.0,1150.0,1150.0,30000,-1.0,-1.0,-1.0
2016/06/03,1150.0,1150.0,1150.0,1150.0,12000,-1.0,-1.0,-1.0
2016/06/06,1150.0,1150.0,1145.0,1150.0,72000,-1.0,-1.0,-1.0
2016/06/07,1145.0,1150.0,1145.0,1145.0,10000,-1.0,-1.0,-1.0
2016/06/08,1145.0,1150.0,1145.0,1150.0,12000,-1.0,-1.0,-1.0
2016/06/09,1145.0,1145.0,1135.0,1140.0,76000,-1.0,-1.0,-1.0
2016/06/10,1135.0,1145.0,1135.0,1135.0,120000,-1.0,-1.0,-1.0
2016/06/13,1135.0,1170.0,1130.0,1135.0,50000,-1.0,-1.0,-1.0
2016/06/14,1130.0,1140.0,1120.0,1125.0,62000,-1.0,-1.0,-1.0
2016/06/15,1120.0,1140.0,1120.0,1125.0,18000,-1.0,-1.0,-1.0
2016/06/16,1120.0,1120.0,1085.0,1085.0,108000,-1.0,-1.0,-1.0
2016/06/17,1110.0,1115.0,1085.0,1095.0,66000,-1.0,-1.0,-1.0
2016/06/20,1115.0,1140.0,1115.0,1140.0,34000,-1.0,-1.0,-1.0
2016/06/21,1115.0,1135.0,1110.0,1130.0,54000,-1.0,-1.0,-1.0
2016/06/22,1130.0,1130.0,1120.0,1125.0,26000,-1.0,-1.0,-1.0
2016/06/23,1120.0,1130.0,1120.0,1130.0,16000,-1.0,-1.0,-1.0
2016/06/24,1130.0,1130.0,1055.0,1095.0,204000,-1.0,-1.0,-1.0
2016/06/27,1110.0,1110.0,1090.0,1090.0,46000,-1.0,-1.0,-1.0
2016/06/28,1090.0,1100.0,1085.0,1090.0,14000,-1.0,-1.0,-1.0
2016/06/29,1095.0,1100.0,1090.0,1100.0,14000,-1.0,-1.0,-1.0
2016/06/30,1100.0,1100.0,1095.0,1095.0,30000,-1.0,-1.0,-1.0
2016/07/01,1130.0,1130.0,1110.0,1125.0,56000,-1.0,-1.0,-1.0
2016/07/04,1110.0,1135.0,1110.0,1125.0,38000,-1.0,-1.0,-1.0
2016/07/05,1115.0,1130.0,1110.0,1115.0,44000,-1.0,-1.0,-1.0
2016/07/06,1120.0,1120.0,1105.0,1120.0,66000,-1.0,-1.0,-1.0
2016/07/07,1110.0,1110.0,1105.0,1110.0,20000,-1.0,-1.0,-1.0
2016/07/08,1110.0,1110.0,1090.0,1090.0,76000,-1.0,-1.0,-1.0
2016/07/11,1095.0,1110.0,1095.0,1110.0,34000,-1.0,-1.0,-1.0
2016/07/12,1120.0,1125.0,1120.0,1120.0,34000,-1.0,-1.0,-1.0
2016/07/13,1125.0,1125.0,1115.0,1115.0,52000,-1.0,-1.0,-1.0
2016/07/14,1115.0,1125.0,1115.0,1115.0,54000,-1.0,-1.0,-1.0
2016/07/15,1120.0,1145.0,1120.0,1125.0,48000,-1.0,-1.0,-1.0
2016/07/19,1140.0,1140.0,1125.0,1135.0,30000,-1.0,-1.0,-1.0
2016/07/20,1140.0,1140.0,1130.0,1135.0,52000,-1.0,-1.0,-1.0
2016/07/21,1135.0,1135.0,1125.0,1125.0,46000,-1.0,-1.0,-1.0
2016/07/22,1125.0,1130.0,1120.0,1130.0,10000,-1.0,-1.0,-1.0
2016/07/25,1130.0,1130.0,1120.0,1125.0,30000,-1.0,-1.0,-1.0
2016/07/26,1120.0,1125.0,1115.0,1120.0,68000,-1.0,-1.0,-1.0
2016/07/27,1115.0,1135.0,1115.0,1125.0,56000,-1.0,-1.0,-1.0
2016/07/28,1115.0,1135.0,1115.0,1135.0,30000,-1.0,-1.0,-1.0
2016/07/29,1120.0,1135.0,1120.0,1135.0,14000,-1.0,-1.0,-1.0
2016/08/01,1140.0,1140.0,1125.0,1130.0,28000,-1.0,-1.0,-1.0
2016/08/02,1125.0,1130.0,1125.0,1130.0,8000,-1.0,-1.0,-1.0
2016/08/03,1120.0,1120.0,1110.0,1110.0,32000,-1.0,-1.0,-1.0
2016/08/04,1115.0,1115.0,1110.0,1110.0,18000,-1.0,-1.0,-1.0
2016/08/05,1110.0,1120.0,1100.0,1105.0,46000,-1.0,-1.0,-1.0
2016/08/08,1105.0,1115.0,1105.0,1115.0,22000,-1.0,-1.0,-1.0
2016/08/09,1110.0,1115.0,1110.0,1110.0,36000,-1.0,-1.0,-1.0
2016/08/10,1105.0,1115.0,1090.0,1100.0,84000,-1.0,-1.0,-1.0
2016/08/12,1100.0,1105.0,1095.0,1105.0,68000,-1.0,-1.0,-1.0
2016/08/15,1100.0,1125.0,1100.0,1105.0,32000,-1.0,-1.0,-1.0
2016/08/16,1105.0,1105.0,1100.0,1100.0,26000,-1.0,-1.0,-1.0
2016/08/17,1100.0,1110.0,1100.0,1110.0,26000,-1.0,-1.0,-1.0
2016/08/18,1100.0,1105.0,1100.0,1105.0,40000,-1.0,-1.0,-1.0
2016/08/19,1100.0,1105.0,1100.0,1100.0,32000,-1.0,-1.0,-1.0
2016/08/22,1100.0,1110.0,1100.0,1110.0,38000,-1.0,-1.0,-1.0
2016/08/23,1100.0,1105.0,1100.0,1105.0,18000,-1.0,-1.0,-1.0
2016/08/24,1105.0,1115.0,1105.0,1115.0,30000,-1.0,-1.0,-1.0
2016/08/25,1110.0,1110.0,1100.0,1110.0,24000,-1.0,-1.0,-1.0
2016/08/26,1100.0,1115.0,1100.0,1115.0,74000,-1.0,-1.0,-1.0
2016/08/29,1115.0,1125.0,1115.0,1125.0,14000,-1.0,-1.0,-1.0
2016/08/30,1115.0,1125.0,1115.0,1120.0,26000,-1.0,-1.0,-1.0
2016/08/31,1115.0,1130.0,1115.0,1120.0,36000,-1.0,-1.0,-1.0
2016/09/01,1130.0,1130.0,1105.0,1115.0,38000,-1.0,-1.0,-1.0
2016/09/02,1125.0,1125.0,1115.0,1115.0,16000,-1.0,-1.0,-1.0
2016/09/05,1115.0,1125.0,1115.0,1115.0,20000,-1.0,-1.0,-1.0
2016/09/06,1115.0,1130.0,1115.0,1130.0,46000,-1.0,-1.0,-1.0
2016/09/07,1130.0,1135.0,1125.0,1130.0,60000,-1.0,-1.0,-1.0
2016/09/08,1125.0,1135.0,1115.0,1130.0,30000,-1.0,-1.0,-1.0
2016/09/09,1130.0,1130.0,1120.0,1120.0,46000,-1.0,-1.0,-1.0
2016/09/12,1120.0,1120.0,1110.0,1110.0,58000,-1.0,-1.0,-1.0
2016/09/13,1120.0,1120.0,1115.0,1120.0,54000,-1.0,-1.0,-1.0
2016/09/14,1115.0,1125.0,1115.0,1120.0,30000,-1.0,-1.0,-1.0
2016/09/15,1110.0,1120.0,1110.0,1115.0,68000,-1.0,-1.0,-1.0
2016/09/16,1120.0,1125.0,1115.0,1125.0,18000,-1.0,-1.0,-1.0
2016/09/20,1130.0,1135.0,1115.0,1115.0,52000,-1.0,-1.0,-1.0
2016/09/21,1125.0,1125.0,1115.0,1125.0,46000,-1.0,-1.0,-1.0
2016/09/23,1120.0,1135.0,1120.0,1125.0,60000,-1.0,-1.0,-1.0
2016/09/26,1125.0,1140.0,1125.0,1140.0,70000,-1.0,-1.0,-1.0
2016/09/27,1125.0,1140.0,1125.0,1140.0,66000,-1.0,-1.0,-1.0
2016/09/28,1108.0,1129.5,1108.0,1116.5,1600,-1.0,-1.0,-1.0
2016/09/29,1115.0,1127.5,1115.0,1121.0,7400,-1.0,-1.0,-1.0
2016/09/30,1115.0,1128.0,1115.0,1121.0,2200,-1.0,-1.0,-1.0
2016/10/03,1145.0,1145.0,1131.5,1131.5,2400,-1.0,-1.0,-1.0
2016/10/04,1144.5,1144.5,1125.0,1132.0,3000,-1.0,-1.0,-1.0
2016/10/05,1132.0,1138.5,1116.5,1125.0,9400,-1.0,-1.0,-1.0
2016/10/06,1127.5,1127.5,1124.0,1124.5,1200,-1.0,-1.0,-1.0
2016/10/07,1131.5,1133.5,1120.0,1133.5,2400,-1.0,-1.0,-1.0
2016/10/11,1133.5,1133.5,1120.5,1123.5,1800,-1.0,-1.0,-1.0
2016/10/12,1116.0,1120.0,1115.0,1116.5,6800,-1.0,-1.0,-1.0
2016/10/13,1115.0,1125.0,1115.0,1119.0,4200,-1.0,-1.0,-1.0
2016/10/14,1111.0,1123.0,1111.0,1115.0,6800,-1.0,-1.0,-1.0
2016/10/17,1115.0,1116.0,1112.0,1113.0,3400,-1.0,-1.0,-1.0
2016/10/18,1120.5,1130.0,1116.0,1128.0,7600,-1.0,-1.0,-1.0
2016/10/19,1120.0,1121.5,1117.5,1121.5,2400,-1.0,-1.0,-1.0
2016/10/20,1121.5,1129.0,1121.5,1128.0,4200,-1.0,-1.0,-1.0
2016/10/21,1128.0,1128.0,1128.0,1128.0,400,-1.0,-1.0,-1.0
2016/10/24,1118.0,1130.0,1118.0,1125.5,3000,-1.0,-1.0,-1.0
2016/10/25,1124.0,1131.5,1124.0,1127.0,4200,-1.0,-1.0,-1.0
2016/10/26,1127.0,1127.0,1123.0,1126.5,2800,-1.0,-1.0,-1.0
2016/10/27,1126.5,1127.5,1119.0,1124.5,4400,-1.0,-1.0,-1.0
2016/10/28,1130.0,1142.5,1117.5,1137.0,10800,-1.0,-1.0,-1.0
2016/10/31,1142.5,1143.5,1132.5,1132.5,5200,-1.0,-1.0,-1.0
2016/11/01,1143.0,1143.5,1136.0,1138.5,4400,-1.0,-1.0,-1.0
2016/11/02,1139.0,1139.0,1135.0,1135.0,1800,-1.0,-1.0,-1.0
2016/11/04,1133.0,1133.0,1129.5,1129.5,2200,-1.0,-1.0,-1.0
2016/11/07,1129.5,1133.5,1129.5,1133.5,2400,-1.0,-1.0,-1.0
2016/11/08,1133.5,1136.0,1127.5,1134.5,9000,-1.0,-1.0,-1.0
2016/11/09,1134.5,1137.5,1125.0,1133.5,6400,-1.0,-1.0,-1.0
2016/11/10,1140.0,1143.0,1137.0,1141.5,5400,-1.0,-1.0,-1.0
2016/11/11,1142.5,1142.5,1131.5,1137.0,5200,-1.0,-1.0,-1.0
2016/11/14,1142.5,1157.5,1140.0,1152.5,7200,-1.0,-1.0,-1.0
2016/11/15,1152.5,1157.5,1149.0,1152.0,5200,-1.0,-1.0,-1.0
2016/11/16,1157.0,1157.5,1147.0,1157.0,5000,-1.0,-1.0,-1.0
2016/11/17,1154.0,1162.0,1154.0,1162.0,4800,-1.0,-1.0,-1.0
2016/11/18,1165.0,1174.5,1162.5,1164.0,13200,-1.0,-1.0,-1.0
2016/11/21,1153.5,1173.0,1153.5,1168.5,3800,-1.0,-1.0,-1.0
2016/11/22,1161.5,1173.0,1160.5,1171.0,4800,-1.0,-1.0,-1.0
2016/11/24,1171.0,1174.5,1168.0,1169.5,6800,-1.0,-1.0,-1.0
2016/11/25,1166.0,1194.0,1166.0,1192.0,14400,-1.0,-1.0,-1.0
2016/11/28,1192.5,1192.5,1185.0,1190.5,8600,-1.0,-1.0,-1.0
2016/11/29,1190.5,1201.5,1190.5,1201.5,11200,-1.0,-1.0,-1.0
2016/11/30,1202.5,1227.5,1200.5,1224.0,31200,-1.0,-1.0,-1.0
2016/12/01,1225.0,1230.0,1211.0,1211.0,15200,-1.0,-1.0,-1.0
2016/12/02,1206.5,1217.0,1206.5,1214.0,5600,-1.0,-1.0,-1.0
2016/12/05,1219.0,1219.5,1205.0,1213.5,7800,-1.0,-1.0,-1.0
2016/12/06,1220.0,1220.0,1207.0,1212.5,14200,-1.0,-1.0,-1.0
2016/12/07,1202.5,1218.5,1202.5,1214.5,12400,-1.0,-1.0,-1.0
2016/12/08,1218.5,1218.5,1200.0,1209.5,16800,-1.0,-1.0,-1.0
2016/12/09,1200.0,1215.0,1200.0,1215.0,9000,-1.0,-1.0,-1.0
2016/12/12,1215.0,1220.0,1205.5,1217.5,12600,-1.0,-1.0,-1.0
2016/12/13,1217.5,1220.0,1210.5,1218.5,10200,-1.0,-1.0,-1.0
2016/12/14,1221.0,1223.5,1216.5,1218.5,5000,-1.0,-1.0,-1.0
2016/12/15,1222.0,1223.5,1215.5,1215.5,8000,-1.0,-1.0,-1.0
2016/12/16,1216.5,1221.5,1215.5,1219.0,7000,-1.0,-1.0,-1.0
2016/12/19,1220.0,1220.0,1192.5,1198.0,11000,-1.0,-1.0,-1.0
2016/12/20,1205.5,1217.5,1195.0,1212.5,5000,-1.0,-1.0,-1.0
2016/12/21,1212.5,1216.0,1212.0,1212.5,3600,-1.0,-1.0,-1.0
2016/12/22,1215.0,1221.5,1213.0,1219.0,5600,-1.0,-1.0,-1.0
2016/12/26,1221.0,1223.5,1210.0,1217.5,7200,-1.0,-1.0,-1.0
2016/12/27,1220.0,1220.0,1203.5,1211.0,7200,-1.0,-1.0,-1.0
2016/12/28,1207.5,1217.0,1207.5,1211.5,2000,-1.0,-1.0,-1.0
2016/12/29,1211.5,1211.5,1205.5,1209.5,4200,-1.0,-1.0,-1.0
2016/12/30,1200.5,1219.5,1200.5,1211.5,6000,-1.0,-1.0,-1.0
2017/01/04,1224.0,1224.0,1200.0,1214.5,5800,-1.0,-1.0,-1.0
2017/01/05,1210.0,1222.0,1210.0,1217.5,5800,-1.0,-1.0,-1.0
2017/01/06,1219.0,1240.0,1219.0,1234.5,9400,-1.0,-1.0,-1.0
2017/01/10,1234.5,1235.0,1229.0,1231.5,9400,-1.0,-1.0,-1.0
2017/01/11,1226.0,1237.5,1225.0,1237.5,6000,-1.0,-1.0,-1.0
2017/01/12,1237.0,1237.0,1231.0,1231.5,2800,-1.0,-1.0,-1.0
2017/01/13,1225.5,1237.5,1225.5,1237.5,7600,-1.0,-1.0,-1.0
2017/01/16,1237.5,1250.5,1226.5,1231.5,8200,-1.0,-1.0,-1.0
2017/01/17,1231.5,1231.5,1216.0,1223.5,10000,-1.0,-1.0,-1.0
2017/01/18,1232.5,1237.5,1222.0,1222.0,6200,-1.0,-1.0,-1.0
2017/01/19,1220.5,1231.5,1207.5,1226.0,15200,-1.0,-1.0,-1.0
2017/01/20,1210.5,1230.0,1210.5,1224.0,3000,-1.0,-1.0,-1.0
2017/01/23,1205.5,1218.0,1205.5,1214.0,4800,-1.0,-1.0,-1.0
2017/01/24,1227.0,1227.0,1215.5,1216.5,5000,-1.0,-1.0,-1.0
2017/01/25,1232.0,1241.5,1224.5,1241.0,13200,-1.0,-1.0,-1.0
2017/01/26,1250.0,1260.0,1235.5,1240.0,13200,-1.0,-1.0,-1.0
2017/01/27,1230.0,1245.5,1230.0,1237.0,3600,-1.0,-1.0,-1.0
2017/01/30,1237.0,1243.5,1231.0,1231.5,4600,-1.0,-1.0,-1.0
2017/01/31,1231.5,1242.5,1227.5,1229.5,8400,-1.0,-1.0,-1.0
2017/02/01,1243.5,1243.5,1227.0,1228.5,6800,-1.0,-1.0,-1.0
2017/02/02,1234.0,1236.0,1226.5,1228.5,3400,-1.0,-1.0,-1.0
2017/02/03,1227.5,1227.5,1217.5,1224.0,4000,-1.0,-1.0,-1.0
2017/02/06,1225.0,1242.0,1224.0,1225.5,3800,-1.0,-1.0,-1.0
2017/02/07,1225.0,1236.0,1224.5,1226.0,5000,-1.0,-1.0,-1.0
2017/02/08,1223.5,1239.0,1223.5,1229.0,1400,-1.0,-1.0,-1.0
2017/02/09,1239.5,1239.5,1222.5,1230.5,3200,-1.0,-1.0,-1.0
2017/02/10,1230.5,1265.0,1230.5,1252.0,13600,-1.0,-1.0,-1.0
2017/02/13,1252.5,1261.5,1243.0,1250.0,7000,-1.0,-1.0,-1.0
2017/02/14,1260.0,1260.0,1248.5,1250.0,12800,-1.0,-1.0,-1.0
2017/02/15,1251.5,1252.0,1248.0,1249.5,5000,-1.0,-1.0,-1.0
2017/02/16,1249.5,1250.5,1243.5,1246.5,4800,-1.0,-1.0,-1.0
2017/02/17,1246.5,1250.0,1245.5,1249.5,2000,-1.0,-1.0,-1.0
2017/02/20,1250.0,1255.0,1249.5,1255.0,6600,-1.0,-1.0,-1.0
2017/02/21,1257.5,1265.0,1255.0,1260.5,9600,-1.0,-1.0,-1.0
2017/02/22,1265.0,1265.0,1258.5,1258.5,3200,-1.0,-1.0,-1.0
2017/02/23,1258.5,1263.0,1240.0,1259.0,9000,-1.0,-1.0,-1.0
2017/02/24,1259.0,1262.5,1259.0,1261.0,2000,-1.0,-1.0,-1.0
2017/02/27,1255.0,1255.0,1250.5,1250.5,3800,-1.0,-1.0,-1.0
2017/02/28,1251.5,1259.0,1251.5,1254.0,5600,-1.0,-1.0,-1.0
2017/03/01,1254.0,1258.5,1242.5,1250.5,11000,-1.0,-1.0,-1.0
2017/03/02,1259.0,1259.0,1250.0,1254.0,6600,-1.0,-1.0,-1.0
2017/03/03,1258.5,1259.0,1256.0,1256.0,5600,-1.0,-1.0,-1.0
2017/03/06,1250.0,1258.5,1249.0,1255.5,2600,-1.0,-1.0,-1.0
2017/03/07,1255.0,1257.5,1250.0,1257.5,9000,-1.0,-1.0,-1.0
2017/03/08,1257.0,1274.0,1251.5,1268.0,12200,-1.0,-1.0,-1.0
2017/03/09,1274.0,1288.5,1274.0,1278.0,11000,-1.0,-1.0,-1.0
2017/03/10,1277.5,1283.5,1275.5,1278.5,9800,-1.0,-1.0,-1.0
2017/03/13,1283.5,1283.5,1278.5,1282.0,4800,-1.0,-1.0,-1.0
2017/03/14,1281.5,1285.0,1277.5,1282.5,1800,-1.0,-1.0,-1.0
2017/03/15,1282.5,1287.5,1279.5,1284.0,3800,-1.0,-1.0,-1.0
2017/03/16,1283.5,1300.0,1278.5,1295.0,9000,-1.0,-1.0,-1.0
2017/03/17,1300.0,1300.0,1292.5,1294.5,4800,-1.0,-1.0,-1.0
2017/03/21,1300.0,1304.5,1298.0,1302.5,8600,-1.0,-1.0,-1.0
2017/03/22,1292.5,1308.0,1292.5,1302.5,8400,-1.0,-1.0,-1.0
2017/03/23,1302.5,1307.5,1300.5,1303.5,3200,-1.0,-1.0,-1.0
2017/03/24,1303.5,1309.5,1303.5,1309.5,4800,-1.0,-1.0,-1.0
2017/03/27,1309.5,1324.5,1290.0,1301.0,17400,-1.0,-1.0,-1.0
2017/03/28,1302.0,1309.5,1300.5,1307.5,6200,-1.0,-1.0,-1.0
2017/03/29,1304.5,1304.5,1291.5,1300.0,9200,-1.0,-1.0,-1.0
2017/03/30,1299.5,1299.5,1290.5,1294.5,1600,-1.0,-1.0,-1.0
2017/03/31,1304.5,1304.5,1277.5,1277.5,10600,-1.0,-1.0,-1.0
2017/04/03,1276.0,1276.5,1266.0,1274.0,7400,-1.0,-1.0,-1.0
2017/04/04,1275.0,1276.5,1264.5,1266.0,10200,-1.0,-1.0,-1.0
2017/04/05,1265.0,1279.0,1265.0,1270.5,7400,-1.0,-1.0,-1.0
2017/04/06,1264.5,1266.5,1255.5,1255.5,12200,-1.0,-1.0,-1.0
2017/04/07,1257.0,1261.5,1256.5,1257.0,1800,-1.0,-1.0,-1.0
2017/04/10,1259.0,1260.5,1255.0,1256.0,3600,-1.0,-1.0,-1.0
2017/04/11,1250.0,1252.5,1240.5,1248.5,7200,-1.0,-1.0,-1.0
2017/04/12,1241.5,1256.0,1241.0,1243.0,6200,-1.0,-1.0,-1.0
2017/04/13,1241.5,1256.0,1235.5,1243.5,6400,-1.0,-1.0,-1.0
2017/04/14,1233.0,1255.5,1233.0,1240.5,3400,-1.0,-1.0,-1.0
2017/04/17,1240.5,1242.0,1231.5,1235.0,3400,-1.0,-1.0,-1.0
2017/04/18,1242.0,1242.0,1235.5,1236.0,6000,-1.0,-1.0,-1.0
2017/04/19,1236.0,1248.5,1236.0,1237.5,6200,-1.0,-1.0,-1.0
2017/04/20,1235.5,1239.0,1235.5,1236.5,3000,-1.0,-1.0,-1.0
2017/04/21,1250.0,1277.0,1249.0,1269.0,9800,-1.0,-1.0,-1.0
2017/04/24,1294.0,1294.0,1265.0,1266.5,4600,-1.0,-1.0,-1.0
2017/04/25,1267.0,1269.5,1265.5,1267.5,5400,-1.0,-1.0,-1.0
2017/04/26,1275.0,1278.5,1259.0,1278.5,5800,-1.0,-1.0,-1.0
2017/04/27,1289.0,1289.0,1276.0,1276.0,6400,-1.0,-1.0,-1.0
2017/04/28,1284.0,1284.0,1271.0,1271.0,6400,-1.0,-1.0,-1.0
2017/05/01,1282.5,1296.5,1280.0,1296.5,7800,-1.0,-1.0,-1.0
2017/05/02,1302.5,1302.5,1288.5,1294.5,11600,-1.0,-1.0,-1.0
2017/05/08,1296.0,1309.5,1294.5,1300.5,18200,-1.0,-1.0,-1.0
2017/05/09,1296.5,1298.0,1255.0,1293.5,20600,-1.0,-1.0,-1.0
2017/05/10,1293.5,1359.5,1293.5,1346.5,30600,-1.0,-1.0,-1.0
2017/05/11,1345.0,1345.0,1337.5,1340.5,12800,-1.0,-1.0,-1.0
2017/05/12,1342.5,1344.5,1330.0,1340.0,11000,-1.0,-1.0,-1.0
2017/05/15,1315.0,1317.0,1306.0,1314.0,7000,-1.0,-1.0,-1.0
2017/05/16,1314.0,1314.0,1310.0,1310.0,2600,-1.0,-1.0,-1.0
2017/05/17,1313.5,1313.5,1308.5,1308.5,5200,-1.0,-1.0,-1.0
2017/05/18,1308.5,1312.0,1302.5,1310.5,8600,-1.0,-1.0,-1.0
2017/05/19,1310.5,1314.0,1306.0,1307.0,7600,-1.0,-1.0,-1.0
2017/05/22,1307.0,1311.5,1307.0,1308.0,3000,-1.0,-1.0,-1.0
2017/05/23,1311.5,1311.5,1306.0,1308.0,10400,-1.0,-1.0,-1.0
2017/05/24,1311.5,1313.5,1306.0,1311.0,14600,-1.0,-1.0,-1.0
2017/05/25,1314.0,1315.0,1314.0,1314.0,5400,-1.0,-1.0,-1.0
2017/05/26,1321.0,1330.0,1310.5,1310.5,8400,-1.0,-1.0,-1.0
2017/05/29,1310.5,1319.5,1310.5,1317.5,6600,-1.0,-1.0,-1.0
2017/05/30,1317.0,1317.5,1307.0,1309.5,6600,-1.0,-1.0,-1.0
2017/05/31,1310.0,1318.5,1307.0,1307.0,9600,-1.0,-1.0,-1.0
2017/06/01,1320.5,1325.5,1312.0,1316.5,7600,-1.0,-1.0,-1.0
2017/06/02,1324.5,1324.5,1310.0,1323.0,7000,-1.0,-1.0,-1.0
2017/06/05,1323.0,1323.0,1316.0,1321.0,3000,-1.0,-1.0,-1.0
2017/06/06,1321.0,1321.0,1306.5,1306.5,7200,-1.0,-1.0,-1.0
2017/06/07,1307.5,1317.0,1307.5,1316.5,6200,-1.0,-1.0,-1.0
2017/06/08,1317.0,1317.0,1309.0,1312.0,4600,-1.0,-1.0,-1.0
2017/06/09,1311.5,1321.0,1308.5,1310.0,5000,-1.0,-1.0,-1.0
2017/06/12,1307.5,1319.5,1307.5,1310.5,2600,-1.0,-1.0,-1.0
2017/06/13,1310.5,1334.0,1310.5,1325.0,22200,-1.0,-1.0,-1.0
2017/06/14,1329.5,1330.0,1316.0,1316.0,10200,-1.0,-1.0,-1.0
2017/06/15,1316.0,1321.5,1315.0,1315.0,5800,-1.0,-1.0,-1.0
2017/06/16,1322.5,1322.5,1314.5,1315.0,2000,-1.0,-1.0,-1.0
2017/06/19,1340.0,1345.0,1330.0,1340.0,10600,-1.0,-1.0,-1.0
2017/06/20,1337.0,1338.5,1325.0,1326.5,4000,-1.0,-1.0,-1.0
2017/06/21,1324.0,1339.0,1324.0,1329.5,3000,-1.0,-1.0,-1.0
2017/06/22,1325.5,1339.0,1325.5,1326.5,4000,-1.0,-1.0,-1.0
2017/06/23,1326.5,1360.0,1326.5,1333.0,29600,-1.0,-1.0,-1.0
2017/06/26,1333.5,1337.5,1329.0,1329.5,6600,-1.0,-1.0,-1.0
2017/06/27,1329.5,1335.5,1327.5,1332.0,2200,-1.0,-1.0,-1.0
2017/06/28,1326.5,1328.5,1325.0,1327.5,2600,-1.0,-1.0,-1.0
2017/06/29,1328.5,1335.0,1327.5,1334.5,3800,-1.0,-1.0,-1.0
2017/06/30,1335.0,1342.5,1333.5,1337.5,13600,-1.0,-1.0,-1.0
2017/07/03,1333.5,1342.5,1330.5,1338.0,8000,-1.0,-1.0,-1.0
2017/07/04,1338.0,1338.0,1328.0,1328.5,8400,-1.0,-1.0,-1.0
2017/07/05,1335.0,1355.0,1335.0,1352.5,26200,-1.0,-1.0,-1.0
2017/07/06,1352.5,1352.5,1345.0,1350.0,7600,-1.0,-1.0,-1.0
2017/07/07,1354.0,1371.5,1348.0,1369.0,20400,-1.0,-1.0,-1.0
2017/07/10,1375.0,1375.0,1365.5,1371.0,7800,-1.0,-1.0,-1.0
2017/07/11,1356.0,1370.5,1342.5,1342.5,12200,-1.0,-1.0,-1.0
2017/07/12,1342.5,1367.5,1342.5,1365.0,15000,-1.0,-1.0,-1.0
2017/07/13,1364.5,1369.5,1358.5,1367.0,3000,-1.0,-1.0,-1.0
2017/07/14,1367.0,1371.0,1356.0,1360.0,2600,-1.0,-1.0,-1.0
2017/07/18,1360.0,1372.0,1360.0,1362.5,4000,-1.0,-1.0,-1.0
2017/07/19,1369.0,1371.5,1357.0,1364.0,5800,-1.0,-1.0,-1.0
2017/07/20,1362.5,1378.5,1357.5,1377.0,27000,-1.0,-1.0,-1.0
2017/07/21,1377.0,1382.0,1375.0,1379.0,7600,-1.0,-1.0,-1.0
2017/07/24,1374.0,1382.0,1372.5,1382.0,3400,-1.0,-1.0,-1.0
2017/07/25,1382.0,1382.0,1375.0,1380.5,3000,-1.0,-1.0,-1.0
2017/07/26,1382.0,1382.0,1375.0,1382.0,5200,-1.0,-1.0,-1.0
2017/07/27,1382.0,1388.0,1376.0,1376.0,9600,-1.0,-1.0,-1.0
2017/07/28,1382.5,1388.0,1374.5,1376.5,8400,-1.0,-1.0,-1.0
2017/07/31,1376.5,1388.0,1370.5,1374.5,7800,-1.0,-1.0,-1.0
2017/08/01,1378.0,1385.5,1374.0,1383.0,17400,-1.0,-1.0,-1.0
2017/08/02,1383.0,1388.0,1376.5,1388.0,10600,-1.0,-1.0,-1.0
2017/08/03,1388.0,1390.0,1364.5,1390.0,14600,-1.0,-1.0,-1.0
2017/08/04,1390.0,1390.0,1387.5,1387.5,1000,-1.0,-1.0,-1.0
2017/08/07,1390.0,1399.5,1385.5,1399.5,8800,-1.0,-1.0,-1.0
2017/08/08,1391.5,1391.5,1377.5,1383.0,1200,-1.0,-1.0,-1.0
2017/08/09,1393.0,1395.0,1374.0,1393.5,9000,-1.0,-1.0,-1.0
2017/08/10,1393.5,1395.0,1382.0,1394.0,4400,-1.0,-1.0,-1.0
2017/08/14,1394.0,1395.5,1372.5,1391.0,9200,-1.0,-1.0,-1.0
2017/08/15,1392.5,1392.5,1378.0,1388.5,4600,-1.0,-1.0,-1.0
2017/08/16,1392.5,1397.0,1379.5,1392.5,9200,-1.0,-1.0,-1.0
2017/08/17,1397.5,1399.5,1387.5,1399.0,13400,-1.0,-1.0,-1.0
2017/08/18,1398.0,1398.0,1382.5,1382.5,2600,-1.0,-1.0,-1.0
2017/08/21,1368.0,1400.0,1368.0,1381.0,18000,-1.0,-1.0,-1.0
2017/08/22,1386.0,1388.0,1375.0,1377.0,11600,-1.0,-1.0,-1.0
2017/08/23,1393.5,1408.0,1393.5,1407.5,15000,-1.0,-1.0,-1.0
2017/08/24,1407.0,1407.0,1389.5,1403.5,4600,-1.0,-1.0,-1.0
2017/08/25,1404.5,1405.0,1392.0,1404.5,8000,-1.0,-1.0,-1.0
2017/08/28,1393.0,1405.0,1393.0,1398.0,5000,-1.0,-1.0,-1.0
2017/08/29,1406.5,1409.5,1396.5,1402.5,9600,-1.0,-1.0,-1.0
2017/08/30,1409.0,1409.0,1405.0,1405.0,1200,-1.0,-1.0,-1.0
2017/08/31,1410.0,1413.5,1400.0,1409.5,12400,-1.0,-1.0,-1.0
2017/09/01,1409.0,1409.0,1399.5,1408.0,7800,-1.0,-1.0,-1.0
2017/09/04,1408.0,1408.0,1389.5,1398.0,12800,-1.0,-1.0,-1.0
2017/09/05,1401.5,1409.0,1397.5,1399.0,14400,-1.0,-1.0,-1.0
2017/09/06,1399.0,1408.5,1385.0,1407.5,13800,-1.0,-1.0,-1.0
2017/09/07,1394.5,1405.5,1394.5,1405.5,2800,-1.0,-1.0,-1.0
2017/09/08,1389.0,1409.0,1389.0,1406.5,9800,-1.0,-1.0,-1.0
2017/09/11,1408.5,1409.0,1393.0,1399.0,6600,-1.0,-1.0,-1.0
2017/09/12,1408.5,1445.0,1408.5,1445.0,33600,-1.0,-1.0,-1.0
2017/09/13,1444.5,1457.0,1425.0,1426.0,19800,-1.0,-1.0,-1.0
2017/09/14,1426.0,1450.0,1414.0,1424.5,8600,-1.0,-1.0,-1.0
2017/09/15,1425.5,1444.0,1425.5,1431.5,18600,-1.0,-1.0,-1.0
2017/09/19,1454.5,1486.0,1454.5,1482.0,32600,-1.0,-1.0,-1.0
2017/09/20,1495.0,1500.0,1482.0,1499.5,31400,-1.0,-1.0,-1.0
2017/09/21,1494.5,1495.0,1490.0,1490.0,3200,-1.0,-1.0,-1.0
2017/09/22,1477.5,1510.0,1475.5,1502.5,35400,-1.0,-1.0,-1.0
2017/09/25,1484.5,1505.0,1484.5,1499.5,27600,-1.0,-1.0,-1.0
2017/09/26,1498.0,1525.0,1498.0,1515.0,19200,-1.0,-1.0,-1.0
2017/09/27,1520.0,1540.0,1507.5,1535.0,25200,-1.0,-1.0,-1.0
2017/09/28,1535.0,1550.0,1525.0,1542.5,21200,-1.0,-1.0,-1.0
2017/09/29,1550.0,1577.5,1530.0,1532.5,12600,-1.0,-1.0,-1.0
2017/10/02,1540.0,1570.0,1535.0,1535.0,30200,-1.0,-1.0,-1.0
2017/10/03,1552.5,1697.5,1550.0,1615.0,72200,-1.0,-1.0,-1.0
2017/10/04,1600.0,1647.5,1597.5,1625.0,42400,-1.0,-1.0,-1.0
2017/10/05,1625.0,1675.0,1625.0,1670.0,78600,-1.0,-1.0,-1.0
2017/10/06,1672.5,1792.5,1672.5,1740.0,206600,-1.0,-1.0,-1.0
2017/10/10,1740.0,1817.5,1727.5,1792.5,60800,-1.0,-1.0,-1.0
2017/10/11,1792.5,1812.5,1762.5,1797.5,89400,-1.0,-1.0,-1.0
2017/10/12,1800.0,1857.5,1727.5,1732.5,242600,-1.0,-1.0,-1.0
2017/10/13,1720.0,1785.0,1717.5,1752.5,103200,-1.0,-1.0,-1.0
2017/10/16,1770.0,1817.5,1752.5,1785.0,80400,-1.0,-1.0,-1.0
2017/10/17,1795.0,1825.0,1795.0,1810.0,55000,-1.0,-1.0,-1.0
2017/10/18,1820.0,1935.0,1815.0,1867.5,212800,-1.0,-1.0,-1.0
2017/10/19,1867.5,1920.0,1745.0,1747.5,166600,-1.0,-1.0,-1.0
2017/10/20,1745.0,1780.0,1720.0,1745.0,86800,-1.0,-1.0,-1.0
2017/10/23,1752.5,1797.5,1752.5,1772.5,95200,-1.0,-1.0,-1.0
2017/10/24,1772.5,1810.0,1767.5,1775.0,51600,-1.0,-1.0,-1.0
2017/10/25,1800.0,1830.0,1787.5,1805.0,57600,-1.0,-1.0,-1.0
2017/10/26,1840.0,1840.0,1760.0,1797.5,19600,-1.0,-1.0,-1.0
2017/10/27,1797.5,1802.5,1797.5,1797.5,22200,-1.0,-1.0,-1.0
2017/10/30,1812.5,1815.0,1760.0,1807.5,50200,-1.0,-1.0,-1.0
2017/10/31,1810.0,1850.0,1807.5,1830.0,43400,-1.0,-1.0,-1.0
2017/11/01,1850.0,1862.5,1812.5,1812.5,32000,-1.0,-1.0,-1.0
2017/11/02,1822.5,1850.0,1822.5,1842.5,27600,-1.0,-1.0,-1.0
2017/11/06,1845.0,1940.0,1837.5,1850.0,98600,-1.0,-1.0,-1.0
2017/11/07,1870.0,1890.0,1750.0,1850.0,63800,-1.0,-1.0,-1.0
2017/11/08,1857.5,1860.0,1845.0,1852.5,16200,-1.0,-1.0,-1.0
2017/11/09,1865.0,1875.0,1730.0,1750.0,104600,-1.0,-1.0,-1.0
2017/11/10,1762.5,1812.5,1762.5,1775.0,53400,-1.0,-1.0,-1.0
2017/11/13,1797.5,1855.0,1782.5,1815.0,74000,-1.0,-1.0,-1.0
2017/11/14,1815.0,1815.0,1752.5,1752.5,16400,-1.0,-1.0,-1.0
2017/11/15,1772.5,1800.0,1647.5,1710.0,140800,-1.0,-1.0,-1.0
2017/11/16,1725.0,1767.5,1725.0,1757.5,29000,-1.0,-1.0,-1.0
2017/11/17,1780.0,1810.0,1757.5,1795.0,40400,-1.0,-1.0,-1.0
2017/11/20,1807.5,1810.0,1795.0,1802.5,13800,-1.0,-1.0,-1.0
2017/11/21,1802.5,1822.5,1800.0,1802.5,32000,-1.0,-1.0,-1.0
2017/11/22,1817.5,1835.0,1785.0,1785.0,37000,-1.0,-1.0,-1.0
2017/11/24,1795.0,1815.0,1795.0,1800.0,4400,-1.0,-1.0,-1.0
2017/11/27,1800.0,1815.0,1785.0,1802.5,8400,-1.0,-1.0,-1.0
2017/11/28,1802.5,1802.5,1790.0,1790.0,8200,-1.0,-1.0,-1.0
2017/11/29,1802.5,1807.5,1790.0,1800.0,18000,-1.0,-1.0,-1.0
2017/11/30,1800.0,1847.5,1800.0,1827.5,22000,-1.0,-1.0,-1.0
2017/12/01,1840.0,1842.5,1825.0,1827.5,21200,-1.0,-1.0,-1.0
2017/12/04,1832.5,1842.5,1802.5,1812.5,33400,-1.0,-1.0,-1.0
2017/12/05,1820.0,1827.5,1817.5,1817.5,12800,-1.0,-1.0,-1.0
2017/12/06,1832.5,1862.5,1825.0,1850.0,64400,-1.0,-1.0,-1.0
2017/12/07,1850.0,1877.5,1845.0,1862.5,11400,-1.0,-1.0,-1.0
2017/12/08,1840.0,1880.0,1840.0,1862.5,15200,-1.0,-1.0,-1.0
2017/12/11,1867.5,1897.5,1867.5,1887.5,14800,-1.0,-1.0,-1.0
2017/12/12,1887.5,1920.0,1887.5,1902.5,25800,-1.0,-1.0,-1.0
2017/12/13,1912.5,1932.5,1895.0,1920.0,21200,-1.0,-1.0,-1.0
2017/12/14,1920.0,1925.0,1910.0,1925.0,9400,-1.0,-1.0,-1.0
2017/12/15,1925.0,1965.0,1885.0,1965.0,65800,-1.0,-1.0,-1.0
2017/12/18,1985.0,1985.0,1910.0,1952.5,41000,-1.0,-1.0,-1.0
2017/12/19,1952.5,1975.0,1930.0,1932.5,19800,-1.0,-1.0,-1.0
2017/12/20,1920.0,1950.0,1920.0,1930.0,28600,-1.0,-1.0,-1.0
2017/12/21,1935.0,1940.0,1912.5,1937.5,14000,-1.0,-1.0,-1.0
2017/12/22,1945.0,1945.0,1927.5,1940.0,9800,-1.0,-1.0,-1.0
2017/12/25,1940.0,1967.5,1930.0,1952.5,9800,-1.0,-1.0,-1.0
2017/12/26,1947.5,1967.5,1930.0,1957.5,41800,-1.0,-1.0,-1.0
2017/12/27,1945.0,1952.5,1922.5,1932.5,18800,-1.0,-1.0,-1.0
2017/12/28,1930.0,1955.0,1917.5,1930.0,22400,-1.0,-1.0,-1.0
2017/12/29,1930.0,1947.5,1925.0,1947.5,10400,-1.0,-1.0,-1.0
2018/01/04,1950.0,1970.0,1940.0,1950.0,24000,-1.0,-1.0,-1.0
2018/01/05,1960.0,1960.0,1937.5,1940.0,10600,-1.0,-1.0,-1.0
2018/01/09,1940.0,1940.0,1900.0,1917.5,41000,-1.0,-1.0,-1.0
2018/01/10,1917.5,1957.5,1917.5,1945.0,17600,-1.0,-1.0,-1.0
2018/01/11,1947.5,1947.5,1915.0,1932.5,11200,-1.0,-1.0,-1.0
2018/01/12,1922.5,2037.5,1902.5,2002.5,44000,-1.0,-1.0,-1.0
2018/01/15,1987.5,2000.0,1977.5,1987.5,9600,-1.0,-1.0,-1.0
2018/01/16,1982.5,1997.5,1982.5,1995.0,8400,-1.0,-1.0,-1.0
2018/01/17,1985.0,1985.0,1950.0,1950.0,11200,-1.0,-1.0,-1.0
2018/01/18,1972.5,1982.5,1960.0,1960.0,16200,-1.0,-1.0,-1.0
2018/01/19,1952.5,1967.5,1952.5,1960.0,4000,-1.0,-1.0,-1.0
2018/01/22,1952.5,2000.0,1952.5,1997.5,20800,-1.0,-1.0,-1.0
2018/01/23,1997.5,1997.5,1977.5,1977.5,7000,-1.0,-1.0,-1.0
2018/01/24,1975.0,1975.0,1915.0,1965.0,78000,-1.0,-1.0,-1.0
2018/01/25,1952.5,1970.0,1915.0,1940.0,45000,-1.0,-1.0,-1.0
2018/01/26,1950.0,1965.0,1915.0,1945.0,52400,-1.0,-1.0,-1.0
2018/01/29,1937.5,1937.5,1915.0,1915.0,6600,-1.0,-1.0,-1.0
2018/01/30,1925.0,1925.0,1875.0,1890.0,14200,-1.0,-1.0,-1.0
2018/01/31,1875.0,1875.0,1732.5,1750.0,69200,-1.0,-1.0,-1.0
2018/02/01,1755.0,1770.0,1747.5,1762.5,19000,-1.0,-1.0,-1.0
2018/02/02,1775.0,1782.5,1752.5,1767.5,14400,-1.0,-1.0,-1.0
2018/02/05,1755.0,1757.5,1682.5,1692.5,21600,-1.0,-1.0,-1.0
2018/02/06,1630.0,1632.5,1500.0,1517.5,42000,-1.0,-1.0,-1.0
2018/02/07,1702.5,1702.5,1577.5,1580.0,49000,-1.0,-1.0,-1.0
2018/02/08,1597.5,1642.5,1592.5,1605.0,14800,-1.0,-1.0,-1.0
2018/02/09,1552.5,1572.5,1542.5,1550.0,14600,-1.0,-1.0,-1.0
2018/02/13,1565.0,1575.0,1535.0,1547.5,29000,-1.0,-1.0,-1.0
2018/02/14,1547.5,1575.0,1492.0,1505.0,22800,-1.0,-1.0,-1.0
2018/02/15,1512.5,1582.5,1512.5,1570.0,20800,-1.0,-1.0,-1.0
2018/02/16,1570.0,1662.5,1570.0,1602.5,14600,-1.0,-1.0,-1.0
2018/02/19,1607.5,1627.5,1605.0,1625.0,5800,-1.0,-1.0,-1.0
2018/02/20,1635.0,1675.0,1635.0,1650.0,7000,-1.0,-1.0,-1.0
2018/02/21,1650.0,1682.5,1640.0,1650.0,9200,-1.0,-1.0,-1.0
2018/02/22,1632.5,1637.5,1605.0,1632.5,23400,-1.0,-1.0,-1.0
2018/02/23,1652.5,1672.5,1640.0,1672.5,7000,-1.0,-1.0,-1.0
2018/02/26,1707.5,1707.5,1655.0,1665.0,8600,-1.0,-1.0,-1.0
2018/02/27,1700.0,1700.0,1682.5,1682.5,7600,-1.0,-1.0,-1.0
2018/02/28,1670.0,1670.0,1637.5,1657.5,5800,-1.0,-1.0,-1.0
2018/03/01,1642.5,1655.0,1607.5,1615.0,7400,-1.0,-1.0,-1.0
2018/03/02,1615.0,1615.0,1512.5,1520.0,20400,-1.0,-1.0,-1.0
2018/03/05,1522.5,1545.0,1502.5,1517.5,7400,-1.0,-1.0,-1.0
2018/03/06,1520.0,1557.5,1520.0,1535.0,11800,-1.0,-1.0,-1.0
2018/03/07,1540.0,1560.0,1535.0,1535.0,6600,-1.0,-1.0,-1.0
2018/03/08,1567.5,1572.5,1522.5,1532.5,14000,-1.0,-1.0,-1.0
2018/03/09,1532.5,1572.5,1532.5,1550.0,14000,-1.0,-1.0,-1.0
2018/03/12,1550.0,1650.0,1550.0,1615.0,18600,-1.0,-1.0,-1.0
2018/03/13,1615.0,1640.0,1610.0,1637.5,6000,-1.0,-1.0,-1.0
2018/03/14,1602.5,1622.5,1602.5,1615.0,7800,-1.0,-1.0,-1.0
2018/03/15,1617.5,1697.5,1615.0,1665.0,35000,-1.0,-1.0,-1.0
2018/03/16,1665.0,1670.0,1610.0,1622.5,10200,-1.0,-1.0,-1.0
2018/03/19,1622.5,1622.5,1570.0,1587.5,6800,-1.0,-1.0,-1.0
2018/03/20,1572.5,1622.5,1572.5,1582.5,16600,-1.0,-1.0,-1.0
2018/03/22,1597.5,1610.0,1572.5,1595.0,10000,-1.0,-1.0,-1.0
2018/03/23,1570.0,1575.0,1530.0,1535.0,10400,-1.0,-1.0,-1.0
2018/03/26,1512.5,1542.5,1505.0,1537.5,6800,-1.0,-1.0,-1.0
2018/03/27,1540.0,1582.5,1540.0,1575.0,8000,-1.0,-1.0,-1.0
2018/03/28,1562.5,1562.5,1540.0,1542.5,4000,-1.0,-1.0,-1.0
2018/03/29,1545.0,1622.5,1537.5,1605.0,15000,-1.0,-1.0,-1.0
2018/03/30,1635.0,1635.0,1590.0,1617.5,3000,-1.0,-1.0,-1.0
2018/04/02,1617.5,1665.0,1600.0,1622.5,12000,-1.0,-1.0,-1.0
2018/04/03,1600.0,1600.0,1560.0,1587.5,7600,-1.0,-1.0,-1.0
2018/04/04,1592.5,1610.0,1592.5,1600.0,8200,-1.0,-1.0,-1.0
2018/04/05,1622.5,1635.0,1620.0,1622.5,9400,-1.0,-1.0,-1.0
2018/04/06,1642.5,1650.0,1577.5,1580.0,14800,-1.0,-1.0,-1.0
2018/04/09,1610.0,1610.0,1575.0,1580.0,5800,-1.0,-1.0,-1.0
2018/04/10,1562.5,1575.0,1532.5,1545.0,24400,-1.0,-1.0,-1.0
2018/04/11,1545.0,1575.0,1545.0,1567.5,3800,-1.0,-1.0,-1.0
2018/04/12,1577.5,1577.5,1560.0,1565.0,5000,-1.0,-1.0,-1.0
2018/04/13,1567.5,1580.0,1565.0,1572.5,2000,-1.0,-1.0,-1.0
2018/04/16,1575.0,1585.0,1565.0,1572.5,2600,-1.0,-1.0,-1.0
2018/04/17,1575.0,1615.0,1575.0,1587.5,18200,-1.0,-1.0,-1.0
2018/04/18,1600.0,1625.0,1565.0,1582.5,36200,-1.0,-1.0,-1.0
2018/04/19,1582.5,1647.5,1570.0,1612.5,15400,-1.0,-1.0,-1.0
2018/04/20,1612.5,1640.0,1575.0,1580.0,9600,-1.0,-1.0,-1.0
2018/04/23,1580.0,1580.0,1567.5,1577.5,3600,-1.0,-1.0,-1.0
2018/04/24,1572.5,1590.0,1572.5,1585.0,2600,-1.0,-1.0,-1.0
2018/04/25,1597.5,1627.5,1597.5,1620.0,8400,-1.0,-1.0,-1.0
2018/04/26,1622.5,1635.0,1620.0,1635.0,10200,-1.0,-1.0,-1.0
2018/04/27,1635.0,1700.0,1632.5,1672.5,21200,-1.0,-1.0,-1.0
2018/05/01,1655.0,1677.5,1647.5,1647.5,6200,-1.0,-1.0,-1.0
2018/05/02,1677.5,1687.5,1650.0,1665.0,8800,-1.0,-1.0,-1.0
2018/05/07,1675.0,1675.0,1652.5,1670.0,5400,-1.0,-1.0,-1.0
2018/05/08,1677.5,1715.0,1677.5,1700.0,8000,-1.0,-1.0,-1.0
2018/05/09,1700.0,1702.5,1670.0,1682.5,16800,-1.0,-1.0,-1.0
2018/05/10,1695.0,1707.5,1657.5,1667.5,17200,-1.0,-1.0,-1.0
2018/05/11,1667.5,1695.0,1655.0,1670.0,6600,-1.0,-1.0,-1.0
2018/05/14,1705.0,1770.0,1695.0,1722.5,30400,-1.0,-1.0,-1.0
2018/05/15,1725.0,1747.5,1725.0,1740.0,4000,-1.0,-1.0,-1.0
2018/05/16,1750.0,1760.0,1737.5,1752.5,7200,-1.0,-1.0,-1.0
2018/05/17,1752.5,1767.5,1745.0,1765.0,6800,-1.0,-1.0,-1.0
2018/05/18,1775.0,1782.5,1715.0,1737.5,21000,-1.0,-1.0,-1.0
2018/05/21,1747.5,1747.5,1670.0,1695.0,14000,-1.0,-1.0,-1.0
2018/05/22,1712.5,1730.0,1687.5,1697.5,7600,-1.0,-1.0,-1.0
2018/05/23,1717.5,1730.0,1707.5,1717.5,13800,-1.0,-1.0,-1.0
2018/05/24,1725.0,1725.0,1697.5,1705.0,7200,-1.0,-1.0,-1.0
2018/05/25,1700.0,1730.0,1640.0,1640.0,8200,-1.0,-1.0,-1.0
2018/05/28,1627.5,1652.5,1605.0,1627.5,12600,-1.0,-1.0,-1.0
2018/05/29,1647.5,1650.0,1605.0,1607.5,6000,-1.0,-1.0,-1.0
2018/05/30,1605.0,1605.0,1545.0,1575.0,12600,-1.0,-1.0,-1.0
2018/05/31,1602.5,1602.5,1562.5,1562.5,5200,-1.0,-1.0,-1.0
2018/06/01,1592.5,1620.0,1560.0,1610.0,14000,-1.0,-1.0,-1.0
2018/06/04,1635.0,1662.5,1617.5,1640.0,11600,-1.0,-1.0,-1.0
2018/06/05,1625.0,1650.0,1625.0,1640.0,6200,-1.0,-1.0,-1.0
2018/06/06,1637.5,1657.5,1610.0,1610.0,5200,-1.0,-1.0,-1.0
2018/06/07,1635.0,1635.0,1627.5,1632.5,2200,-1.0,-1.0,-1.0
2018/06/08,1617.5,1642.5,1617.5,1640.0,7600,-1.0,-1.0,-1.0
2018/06/11,1640.0,1650.0,1627.5,1637.5,10600,-1.0,-1.0,-1.0
2018/06/12,1650.0,1650.0,1555.0,1635.0,23400,-1.0,-1.0,-1.0
2018/06/13,1635.0,1635.0,1612.5,1630.0,3800,-1.0,-1.0,-1.0
2018/06/14,1647.5,1647.5,1610.0,1625.0,6600,-1.0,-1.0,-1.0
2018/06/15,1630.0,1650.0,1630.0,1640.0,7400,-1.0,-1.0,-1.0
2018/06/18,1640.0,1655.0,1617.5,1617.5,12000,-1.0,-1.0,-1.0
2018/06/19,1627.5,1717.5,1615.0,1615.0,22800,-1.0,-1.0,-1.0
2018/06/20,1615.0,1632.5,1615.0,1625.0,5200,-1.0,-1.0,-1.0
2018/06/21,1625.0,1635.0,1612.5,1622.5,4600,-1.0,-1.0,-1.0
2018/06/22,1622.5,1652.5,1622.5,1637.5,7800,-1.0,-1.0,-1.0
2018/06/25,1627.5,1662.5,1617.5,1617.5,12200,-1.0,-1.0,-1.0
2018/06/26,1610.0,1660.0,1610.0,1657.5,7800,-1.0,-1.0,-1.0
2018/06/27,1652.5,1652.5,1607.5,1617.5,10800,-1.0,-1.0,-1.0
2018/06/28,1612.5,1650.0,1612.5,1627.5,10200,-1.0,-1.0,-1.0
2018/06/29,1615.0,1627.5,1615.0,1617.5,2800,-1.0,-1.0,-1.0
2018/07/02,1617.5,1617.5,1582.5,1582.5,11000,-1.0,-1.0,-1.0
2018/07/03,1582.5,1590.0,1535.0,1537.5,10000,-1.0,-1.0,-1.0
2018/07/04,1532.5,1550.0,1495.0,1520.0,14200,-1.0,-1.0,-1.0
2018/07/05,1520.0,1547.5,1483.0,1484.0,7800,-1.0,-1.0,-1.0
2018/07/06,1482.5,1535.0,1478.0,1505.0,20200,-1.0,-1.0,-1.0
2018/07/09,1520.0,1532.5,1499.5,1530.0,15400,-1.0,-1.0,-1.0
2018/07/10,1530.0,1557.5,1525.0,1525.0,8200,-1.0,-1.0,-1.0
2018/07/11,1520.0,1537.5,1512.5,1517.5,8000,-1.0,-1.0,-1.0
2018/07/12,1520.0,1560.0,1520.0,1525.0,11600,-1.0,-1.0,-1.0
2018/07/13,1525.0,1572.5,1525.0,1562.5,5400,-1.0,-1.0,-1.0
2018/07/17,1592.5,1622.5,1565.0,1565.0,13400,-1.0,-1.0,-1.0
2018/07/18,1570.0,1587.5,1560.0,1572.5,6800,-1.0,-1.0,-1.0
2018/07/19,1572.5,1585.0,1572.5,1575.0,2000,-1.0,-1.0,-1.0
2018/07/20,1575.0,1575.0,1552.5,1552.5,2600,-1.0,-1.0,-1.0
2018/07/23,1532.5,1565.0,1532.5,1552.5,2200,-1.0,-1.0,-1.0
2018/07/24,1552.5,1567.5,1552.5,1565.0,1600,-1.0,-1.0,-1.0
2018/07/25,1565.0,1580.0,1562.5,1577.5,2200,-1.0,-1.0,-1.0
2018/07/26,1577.5,1590.0,1577.5,1590.0,5400,-1.0,-1.0,-1.0
2018/07/27,1590.0,1600.0,1585.0,1592.5,9600,-1.0,-1.0,-1.0
2018/07/30,1592.5,1595.0,1592.5,1595.0,6000,-1.0,-1.0,-1.0
2018/07/31,1595.0,1605.0,1580.0,1585.0,11200,-1.0,-1.0,-1.0
2018/08/01,1597.5,1602.5,1590.0,1602.5,6600,-1.0,-1.0,-1.0
2018/08/02,1605.0,1670.0,1585.0,1605.0,15400,-1.0,-1.0,-1.0
2018/08/03,1605.0,1642.5,1605.0,1630.0,14200,-1.0,-1.0,-1.0
2018/08/06,1647.5,1677.5,1580.0,1590.0,33600,-1.0,-1.0,-1.0
2018/08/07,1592.5,1605.0,1592.5,1595.0,2800,-1.0,-1.0,-1.0
2018/08/08,1597.5,1620.0,1597.5,1617.5,3400,-1.0,-1.0,-1.0
2018/08/09,1617.5,1640.0,1565.0,1637.5,12800,-1.0,-1.0,-1.0
2018/08/10,1630.0,1630.0,1610.0,1612.5,3000,-1.0,-1.0,-1.0
2018/08/13,1632.5,1632.5,1565.0,1570.0,10000,-1.0,-1.0,-1.0
2018/08/14,1575.0,1595.0,1550.0,1587.5,13800,-1.0,-1.0,-1.0
2018/08/15,1587.5,1587.5,1572.5,1587.5,2400,-1.0,-1.0,-1.0
2018/08/16,1567.5,1585.0,1557.5,1572.5,9600,-1.0,-1.0,-1.0
2018/08/17,1590.0,1590.0,1497.5,1505.0,11000,-1.0,-1.0,-1.0
2018/08/20,1537.5,1537.5,1500.0,1507.5,10200,-1.0,-1.0,-1.0
2018/08/21,1507.5,1527.5,1497.5,1512.5,7200,-1.0,-1.0,-1.0
2018/08/22,1515.0,1522.5,1510.0,1510.0,2200,-1.0,-1.0,-1.0
2018/08/23,1490.5,1560.0,1488.0,1550.0,17800,-1.0,-1.0,-1.0
2018/08/24,1560.0,1560.0,1510.0,1517.5,6400,-1.0,-1.0,-1.0
2018/08/27,1540.0,1547.5,1499.0,1507.5,12400,-1.0,-1.0,-1.0
2018/08/28,1512.5,1525.0,1500.0,1505.0,8200,-1.0,-1.0,-1.0
2018/08/29,1520.0,1522.5,1499.5,1502.5,10400,-1.0,-1.0,-1.0
2018/08/30,1515.0,1520.0,1500.0,1510.0,8800,-1.0,-1.0,-1.0
2018/08/31,1520.0,1520.0,1495.0,1500.0,14800,-1.0,-1.0,-1.0
2018/09/03,1502.5,1520.0,1493.0,1507.5,13000,-1.0,-1.0,-1.0
2018/09/04,1500.0,1507.5,1478.0,1496.5,18400,-1.0,-1.0,-1.0
2018/09/05,1485.0,1499.5,1470.0,1482.5,13600,-1.0,-1.0,-1.0
2018/09/06,1471.0,1484.0,1450.0,1479.0,14000,-1.0,-1.0,-1.0
2018/09/07,1459.5,1484.0,1448.5,1480.0,12600,-1.0,-1.0,-1.0
2018/09/10,1480.0,1482.5,1455.0,1455.0,7000,-1.0,-1.0,-1.0
2018/09/11,1457.5,1457.5,1443.0,1455.5,8400,-1.0,-1.0,-1.0
2018/09/12,1440.5,1459.0,1425.0,1454.0,16800,-1.0,-1.0,-1.0
2018/09/13,1452.0,1475.0,1452.0,1475.0,10800,-1.0,-1.0,-1.0
2018/09/14,1460.5,1483.5,1453.0,1472.5,13800,-1.0,-1.0,-1.0
2018/09/18,1461.5,1478.0,1449.5,1465.5,13000,-1.0,-1.0,-1.0
2018/09/19,1465.5,1482.5,1465.5,1479.0,8400,-1.0,-1.0,-1.0
2018/09/20,1481.0,1493.0,1479.5,1485.0,9200,-1.0,-1.0,-1.0
2018/09/21,1483.0,1487.5,1474.0,1474.0,11800,-1.0,-1.0,-1.0
2018/09/25,1477.5,1485.0,1461.0,1485.0,20200,-1.0,-1.0,-1.0
2018/09/26,1465.0,1474.0,1459.5,1464.0,6400,-1.0,-1.0,-1.0
2018/09/27,1470.5,1472.0,1464.0,1472.0,3400,-1.0,-1.0,-1.0
2018/09/28,1473.5,1480.0,1467.0,1475.0,5800,-1.0,-1.0,-1.0
2018/10/01,1480.0,1483.0,1475.0,1477.0,13200,-1.0,-1.0,-1.0
2018/10/02,1481.5,1481.5,1450.0,1458.0,17400,-1.0,-1.0,-1.0
2018/10/03,1458.0,1466.0,1439.0,1448.0,11600,-1.0,-1.0,-1.0
2018/10/04,1450.5,1467.0,1450.5,1458.5,4200,-1.0,-1.0,-1.0
2018/10/05,1458.5,1458.5,1439.0,1439.0,2400,-1.0,-1.0,-1.0
2018/10/09,1440.5,1465.0,1415.5,1445.5,18000,-1.0,-1.0,-1.0
2018/10/10,1436.0,1452.5,1436.0,1436.0,6600,-1.0,-1.0,-1.0
2018/10/11,1386.0,1418.0,1375.0,1411.5,19200,-1.0,-1.0,-1.0
2018/10/12,1409.5,1409.5,1375.0,1394.0,11800,-1.0,-1.0,-1.0
2018/10/15,1379.5,1389.0,1363.5,1368.0,20000,-1.0,-1.0,-1.0
2018/10/16,1370.0,1400.0,1349.5,1370.0,21200,-1.0,-1.0,-1.0
2018/10/17,1372.5,1405.0,1372.5,1391.0,11600,-1.0,-1.0,-1.0
2018/10/18,1398.0,1418.0,1375.5,1376.0,12600,-1.0,-1.0,-1.0
2018/10/19,1372.5,1410.5,1352.0,1393.0,11000,-1.0,-1.0,-1.0
2018/10/22,1384.0,1415.5,1369.0,1399.0,11200,-1.0,-1.0,-1.0
2018/10/23,1374.0,1399.5,1365.5,1372.5,15600,-1.0,-1.0,-1.0
2018/10/24,1372.0,1399.0,1367.0,1395.0,14800,-1.0,-1.0,-1.0
2018/10/25,1352.0,1435.0,1352.0,1399.0,37200,-1.0,-1.0,-1.0
2018/10/26,1398.0,1413.0,1391.5,1400.5,13600,-1.0,-1.0,-1.0
2018/10/29,1399.5,1445.0,1376.5,1417.5,28000,-1.0,-1.0,-1.0
2018/10/30,1417.5,1488.0,1417.5,1475.0,24200,-1.0,-1.0,-1.0
2018/10/31,1474.0,1474.0,1446.0,1457.5,12600,-1.0,-1.0,-1.0
2018/11/01,1474.5,1492.5,1468.0,1476.5,17400,-1.0,-1.0,-1.0
2018/11/02,1466.0,1480.5,1452.5,1476.0,11600,-1.0,-1.0,-1.0
2018/11/05,1451.0,1490.5,1438.5,1480.0,19400,-1.0,-1.0,-1.0
2018/11/06,1480.0,1489.0,1408.5,1408.5,42200,-1.0,-1.0,-1.0
2018/11/07,1401.5,1417.5,1370.5,1370.5,47000,-1.0,-1.0,-1.0
2018/11/08,1373.0,1387.0,1373.0,1376.5,13600,-1.0,-1.0,-1.0
2018/11/09,1367.5,1414.0,1367.5,1394.0,21600,-1.0,-1.0,-1.0
2018/11/12,1394.0,1417.0,1387.0,1407.5,9200,-1.0,-1.0,-1.0
2018/11/13,1397.5,1482.0,1375.5,1434.0,40200,-1.0,-1.0,-1.0
2018/11/14,1434.5,1460.0,1417.5,1417.5,20400,-1.0,-1.0,-1.0
2018/11/15,1415.5,1426.5,1415.5,1422.5,5400,-1.0,-1.0,-1.0
2018/11/16,1418.0,1450.5,1415.0,1431.5,8800,-1.0,-1.0,-1.0
2018/11/19,1427.5,1427.5,1422.0,1425.0,2000,-1.0,-1.0,-1.0
2018/11/20,1425.0,1432.5,1411.0,1429.0,4000,-1.0,-1.0,-1.0
2018/11/21,1410.5,1425.5,1410.5,1422.0,7600,-1.0,-1.0,-1.0
2018/11/22,1422.0,1422.0,1409.0,1409.0,3200,-1.0,-1.0,-1.0
2018/11/26,1409.0,1426.0,1398.0,1404.0,9400,-1.0,-1.0,-1.0
2018/11/27,1410.0,1440.0,1410.0,1429.0,4600,-1.0,-1.0,-1.0
2018/11/28,1428.0,1477.0,1428.0,1449.0,15800,-1.0,-1.0,-1.0
2018/11/29,1462.0,1462.0,1447.5,1450.0,4000,-1.0,-1.0,-1.0
2018/11/30,1471.0,1471.0,1436.5,1443.5,6600,-1.0,-1.0,-1.0
2018/12/03,1444.0,1463.0,1430.0,1448.5,11800,-1.0,-1.0,-1.0
2018/12/04,1444.5,1461.0,1444.5,1453.0,5000,-1.0,-1.0,-1.0
2018/12/05,1445.5,1471.0,1445.5,1451.5,6400,-1.0,-1.0,-1.0
2018/12/06,1445.5,1461.5,1425.0,1446.5,10000,-1.0,-1.0,-1.0
2018/12/07,1437.0,1456.0,1428.5,1437.5,9200,-1.0,-1.0,-1.0
2018/12/10,1474.0,1474.0,1426.0,1434.0,14000,-1.0,-1.0,-1.0
2018/12/11,1425.0,1443.5,1425.0,1432.5,6400,-1.0,-1.0,-1.0
2018/12/12,1432.5,1451.5,1426.5,1434.5,6800,-1.0,-1.0,-1.0
2018/12/13,1435.5,1456.5,1426.0,1436.0,4800,-1.0,-1.0,-1.0
2018/12/14,1435.5,1458.5,1424.0,1424.0,10200,-1.0,-1.0,-1.0
2018/12/17,1418.5,1460.0,1402.5,1435.5,10800,-1.0,-1.0,-1.0
2018/12/18,1427.0,1449.5,1426.5,1431.0,8000,-1.0,-1.0,-1.0
2018/12/19,1425.0,1447.5,1425.0,1436.0,4800,-1.0,-1.0,-1.0
2018/12/20,1415.5,1440.0,1415.5,1417.5,12800,-1.0,-1.0,-1.0
2018/12/21,1405.5,1437.5,1405.0,1414.5,21400,-1.0,-1.0,-1.0
2018/12/25,1382.5,1401.5,1352.5,1377.5,14400,-1.0,-1.0,-1.0
2018/12/26,1381.5,1385.0,1363.0,1364.0,5400,-1.0,-1.0,-1.0
2018/12/27,1424.5,1433.0,1386.0,1430.0,11000,-1.0,-1.0,-1.0
2018/12/28,1429.5,1436.5,1408.5,1424.0,6400,-1.0,-1.0,-1.0
2019/01/04,1400.0,1429.0,1390.0,1422.5,14200,-1.0,-1.0,-1.0
2019/01/07,1438.0,1476.0,1438.0,1444.5,20400,-1.0,-1.0,-1.0
2019/01/08,1444.5,1448.0,1405.0,1427.0,15000,-1.0,-1.0,-1.0
2019/01/09,1427.0,1446.0,1404.0,1404.0,6200,-1.0,-1.0,-1.0
2019/01/10,1407.0,1440.0,1407.0,1437.5,12400,-1.0,-1.0,-1.0
2019/01/11,1437.5,1439.5,1411.0,1418.5,10200,-1.0,-1.0,-1.0
2019/01/15,1403.0,1440.0,1401.5,1428.5,16800,-1.0,-1.0,-1.0
2019/01/16,1420.0,1440.5,1408.0,1422.5,13800,-1.0,-1.0,-1.0
2019/01/17,1413.0,1425.0,1409.5,1413.0,10200,-1.0,-1.0,-1.0
2019/01/18,1411.5,1433.5,1409.0,1413.5,15800,-1.0,-1.0,-1.0
2019/01/21,1413.5,1437.5,1413.5,1433.0,9000,-1.0,-1.0,-1.0
2019/01/22,1433.0,1442.5,1429.5,1433.5,3200,-1.0,-1.0,-1.0
2019/01/23,1415.0,1439.5,1415.0,1435.5,2400,-1.0,-1.0,-1.0
2019/01/24,1441.0,1441.0,1436.5,1436.5,1200,-1.0,-1.0,-1.0
2019/01/25,1436.5,1450.0,1435.0,1447.0,5600,-1.0,-1.0,-1.0
2019/01/28,1432.5,1470.0,1426.5,1463.5,13200,-1.0,-1.0,-1.0
2019/01/29,1438.5,1465.5,1438.5,1441.5,6600,-1.0,-1.0,-1.0
2019/01/30,1441.5,1456.5,1411.5,1422.0,14600,-1.0,-1.0,-1.0
2019/01/31,1422.0,1452.5,1416.0,1416.0,16200,-1.0,-1.0,-1.0
2019/02/01,1416.5,1432.0,1415.5,1422.5,20800,-1.0,-1.0,-1.0
2019/02/04,1425.0,1434.0,1421.0,1425.5,9600,-1.0,-1.0,-1.0
2019/02/05,1420.5,1441.5,1412.0,1418.0,12400,-1.0,-1.0,-1.0
2019/02/06,1418.5,1440.5,1418.5,1422.5,5400,-1.0,-1.0,-1.0
2019/02/07,1418.0,1431.5,1411.0,1420.5,25600,-1.0,-1.0,-1.0
2019/02/08,1419.5,1425.5,1410.0,1421.5,20800,-1.0,-1.0,-1.0
2019/02/12,1424.5,1444.5,1424.5,1444.5,6600,-1.0,-1.0,-1.0
2019/02/13,1445.5,1473.5,1421.0,1465.5,18600,-1.0,-1.0,-1.0
2019/02/14,1458.0,1458.0,1440.0,1442.5,4200,-1.0,-1.0,-1.0
2019/02/15,1431.5,1448.0,1427.5,1430.0,7400,-1.0,-1.0,-1.0
2019/02/18,1449.5,1466.0,1438.5,1461.5,11200,-1.0,-1.0,-1.0
2019/02/19,1466.0,1490.5,1465.5,1480.5,26000,-1.0,-1.0,-1.0
2019/02/20,1474.0,1486.5,1466.0,1486.5,11800,-1.0,-1.0,-1.0
2019/02/21,1482.0,1502.5,1482.0,1497.5,19400,-1.0,-1.0,-1.0
2019/02/22,1489.0,1495.0,1488.5,1490.5,5800,-1.0,-1.0,-1.0
2019/02/25,1490.0,1510.0,1490.0,1507.5,5400,-1.0,-1.0,-1.0
2019/02/26,1507.5,1512.5,1490.0,1496.0,19600,-1.0,-1.0,-1.0
2019/02/27,1496.0,1507.5,1488.5,1497.0,9600,-1.0,-1.0,-1.0
2019/02/28,1497.5,1500.0,1490.0,1490.0,9800,-1.0,-1.0,-1.0
2019/03/01,1490.5,1500.0,1482.0,1489.0,27200,-1.0,-1.0,-1.0
2019/03/04,1498.5,1498.5,1476.0,1489.0,12200,-1.0,-1.0,-1.0
2019/03/05,1488.5,1488.5,1464.0,1464.0,9200,-1.0,-1.0,-1.0
2019/03/06,1449.0,1484.5,1419.5,1446.0,32600,-1.0,-1.0,-1.0
2019/03/07,1425.0,1478.5,1397.0,1434.0,58000,-1.0,-1.0,-1.0
2019/03/08,1431.0,1446.5,1408.0,1426.5,51400,-1.0,-1.0,-1.0
2019/03/11,1435.0,1460.0,1433.5,1435.0,9800,-1.0,-1.0,-1.0
2019/03/12,1445.5,1445.5,1424.5,1430.5,15600,-1.0,-1.0,-1.0
2019/03/13,1436.0,1446.5,1426.0,1438.0,21200,-1.0,-1.0,-1.0
2019/03/14,1438.0,1440.0,1432.5,1432.5,4400,-1.0,-1.0,-1.0
2019/03/15,1437.0,1465.0,1434.5,1434.5,10400,-1.0,-1.0,-1.0
2019/03/18,1452.0,1461.5,1437.0,1457.0,9200,-1.0,-1.0,-1.0
2019/03/19,1453.0,1457.0,1438.5,1438.5,13200,-1.0,-1.0,-1.0
2019/03/20,1440.5,1462.5,1440.5,1443.0,12200,-1.0,-1.0,-1.0
2019/03/22,1443.0,1461.5,1443.0,1461.5,4600,-1.0,-1.0,-1.0
2019/03/25,1446.0,1446.0,1434.0,1446.0,6400,-1.0,-1.0,-1.0
2019/03/26,1446.0,1479.5,1446.0,1474.5,23800,-1.0,-1.0,-1.0
2019/03/27,1468.0,1479.5,1450.0,1474.0,9800,-1.0,-1.0,-1.0
2019/03/28,1456.5,1464.5,1440.5,1448.0,9600,-1.0,-1.0,-1.0
2019/03/29,1446.0,1455.5,1434.5,1434.5,3000,-1.0,-1.0,-1.0
2019/04/01,1449.0,1454.0,1444.0,1449.0,4800,-1.0,-1.0,-1.0
2019/04/02,1448.0,1448.0,1440.0,1443.0,3400,-1.0,-1.0,-1.0
2019/04/03,1430.0,1439.0,1410.5,1434.0,10800,-1.0,-1.0,-1.0
2019/04/04,1436.5,1443.0,1436.5,1439.5,3600,-1.0,-1.0,-1.0
2019/04/05,1439.0,1446.0,1439.0,1439.0,2200,-1.0,-1.0,-1.0
2019/04/08,1445.0,1448.5,1445.0,1446.0,1000,-1.0,-1.0,-1.0
2019/04/09,1446.0,1446.0,1441.5,1444.5,3200,-1.0,-1.0,-1.0
2019/04/10,1439.5,1447.5,1437.0,1442.5,3200,-1.0,-1.0,-1.0
2019/04/11,1455.0,1455.0,1443.0,1444.5,3400,-1.0,-1.0,-1.0
2019/04/12,1441.0,1458.0,1415.0,1457.0,15400,-1.0,-1.0,-1.0
2019/04/15,1457.0,1467.5,1445.0,1463.0,7200,-1.0,-1.0,-1.0
2019/04/16,1463.0,1478.0,1459.0,1459.0,2200,-1.0,-1.0,-1.0
2019/04/17,1469.0,1469.0,1469.0,1469.0,400,-1.0,-1.0,-1.0
2019/04/18,1478.5,1478.5,1431.0,1434.5,4800,-1.0,-1.0,-1.0
2019/04/19,1434.5,1449.0,1434.5,1444.5,3200,-1.0,-1.0,-1.0
2019/04/22,1439.0,1452.0,1439.0,1443.5,4600,-1.0,-1.0,-1.0
2019/04/23,1436.0,1461.0,1433.5,1441.5,3400,-1.0,-1.0,-1.0
2019/04/24,1442.0,1452.5,1415.0,1427.5,12800,-1.0,-1.0,-1.0
2019/04/25,1424.5,1436.0,1424.5,1428.5,3200,-1.0,-1.0,-1.0
2019/04/26,1434.5,1434.5,1428.0,1430.0,4000,-1.0,-1.0,-1.0
2019/05/07,1434.0,1434.0,1426.5,1430.5,1600,-1.0,-1.0,-1.0
2019/05/08,1430.5,1432.0,1410.5,1419.0,17600,-1.0,-1.0,-1.0
2019/05/09,1416.0,1425.5,1392.0,1394.0,12000,-1.0,-1.0,-1.0
2019/05/10,1419.0,1423.0,1398.0,1407.5,15200,-1.0,-1.0,-1.0
2019/05/13,1407.5,1409.5,1401.5,1402.5,4800,-1.0,-1.0,-1.0
2019/05/14,1352.5,1418.0,1345.5,1406.0,21200,-1.0,-1.0,-1.0
2019/05/15,1408.5,1428.5,1403.0,1411.0,8400,-1.0,-1.0,-1.0
2019/05/16,1405.5,1417.5,1405.5,1408.0,4600,-1.0,-1.0,-1.0
2019/05/17,1415.0,1438.5,1407.5,1418.0,20400,-1.0,-1.0,-1.0
2019/05/20,1418.5,1425.0,1415.5,1418.0,3200,-1.0,-1.0,-1.0
2019/05/21,1405.5,1417.5,1400.0,1411.0,7800,-1.0,-1.0,-1.0
2019/05/22,1412.5,1416.0,1398.0,1402.0,5000,-1.0,-1.0,-1.0
2019/05/23,1400.0,1401.0,1380.0,1384.5,7000,-1.0,-1.0,-1.0
2019/05/24,1375.5,1413.0,1375.5,1404.5,4200,-1.0,-1.0,-1.0
2019/05/27,1409.5,1414.5,1408.0,1414.5,2200,-1.0,-1.0,-1.0
2019/05/28,1414.5,1421.0,1410.5,1410.5,6000,-1.0,-1.0,-1.0
2019/05/29,1395.0,1422.0,1375.0,1412.5,9400,-1.0,-1.0,-1.0
2019/05/30,1412.5,1430.0,1410.0,1410.5,10200,-1.0,-1.0,-1.0
2019/05/31,1427.5,1427.5,1396.0,1409.5,8200,-1.0,-1.0,-1.0
2019/06/03,1384.5,1390.5,1376.5,1376.5,3800,-1.0,-1.0,-1.0
2019/06/04,1381.0,1381.0,1367.0,1371.0,4400,-1.0,-1.0,-1.0
2019/06/05,1375.5,1407.0,1375.0,1403.5,12200,-1.0,-1.0,-1.0
2019/06/06,1381.5,1407.0,1381.5,1397.5,8600,-1.0,-1.0,-1.0
2019/06/07,1396.0,1399.5,1387.5,1392.5,6200,-1.0,-1.0,-1.0
2019/06/10,1392.5,1403.5,1392.5,1393.5,2600,-1.0,-1.0,-1.0
2019/06/11,1399.5,1423.0,1399.5,1420.5,6600,-1.0,-1.0,-1.0
2019/06/12,1420.5,1431.0,1420.0,1428.0,7200,-1.0,-1.0,-1.0
2019/06/13,1428.0,1428.0,1400.5,1401.5,10400,-1.0,-1.0,-1.0
2019/06/14,1399.0,1411.5,1395.5,1407.5,9400,-1.0,-1.0,-1.0
2019/06/17,1408.0,1414.0,1407.0,1409.5,3000,-1.0,-1.0,-1.0
2019/06/18,1412.0,1412.0,1396.5,1402.5,5800,-1.0,-1.0,-1.0
2019/06/19,1401.5,1406.5,1399.0,1399.0,4600,-1.0,-1.0,-1.0
2019/06/20,1397.0,1406.5,1397.0,1406.5,4200,-1.0,-1.0,-1.0
2019/06/21,1411.0,1412.0,1396.5,1400.0,4200,-1.0,-1.0,-1.0
2019/06/24,1400.0,1402.5,1395.5,1398.5,3400,-1.0,-1.0,-1.0
2019/06/25,1394.5,1403.5,1390.5,1403.0,3400,-1.0,-1.0,-1.0
2019/06/26,1412.0,1412.0,1388.0,1388.5,4800,-1.0,-1.0,-1.0
2019/06/27,1388.5,1405.0,1388.5,1395.5,4000,-1.0,-1.0,-1.0
2019/06/28,1390.0,1422.0,1389.5,1418.0,11200,-1.0,-1.0,-1.0
2019/07/01,1412.5,1419.5,1412.5,1416.0,3400,-1.0,-1.0,-1.0
2019/07/02,1420.0,1420.5,1405.5,1413.0,7400,-1.0,-1.0,-1.0
2019/07/03,1411.0,1446.0,1410.5,1430.5,14800,-1.0,-1.0,-1.0
2019/07/04,1430.5,1445.5,1429.5,1442.5,2400,-1.0,-1.0,-1.0
2019/07/05,1442.5,1444.0,1420.5,1437.5,7600,-1.0,-1.0,-1.0
2019/07/08,1450.0,1453.5,1431.0,1453.5,9200,-1.0,-1.0,-1.0
2019/07/09,1452.5,1452.5,1400.0,1439.5,16600,-1.0,-1.0,-1.0
2019/07/10,1440.0,1442.0,1410.5,1440.0,11600,-1.0,-1.0,-1.0
2019/07/11,1440.0,1440.0,1419.0,1439.0,5200,-1.0,-1.0,-1.0
2019/07/12,1442.0,1443.5,1424.0,1439.5,8800,-1.0,-1.0,-1.0
2019/07/16,1427.0,1435.0,1417.5,1433.0,3400,-1.0,-1.0,-1.0
2019/07/17,1422.5,1445.0,1422.5,1434.0,6400,-1.0,-1.0,-1.0
2019/07/18,1433.5,1433.5,1411.0,1414.5,9800,-1.0,-1.0,-1.0
2019/07/19,1413.0,1448.5,1413.0,1427.0,15600,-1.0,-1.0,-1.0
2019/07/22,1432.5,1439.5,1397.5,1432.5,22000,-1.0,-1.0,-1.0
2019/07/23,1414.5,1428.5,1414.5,1424.5,3400,-1.0,-1.0,-1.0
2019/07/24,1421.5,1429.5,1421.5,1427.0,2800,-1.0,-1.0,-1.0
2019/07/25,1422.5,1446.0,1415.0,1446.0,5800,-1.0,-1.0,-1.0
2019/07/26,1450.0,1453.5,1436.0,1451.0,7000,-1.0,-1.0,-1.0
2019/07/29,1443.5,1449.0,1440.0,1443.0,4600,-1.0,-1.0,-1.0
2019/07/30,1449.5,1459.5,1442.5,1450.5,11600,-1.0,-1.0,-1.0
2019/07/31,1445.0,1452.0,1433.5,1452.0,3400,-1.0,-1.0,-1.0
2019/08/01,1452.5,1458.5,1443.5,1458.0,4600,-1.0,-1.0,-1.0
2019/08/02,1433.0,1456.0,1431.5,1444.0,9600,-1.0,-1.0,-1.0
2019/08/05,1428.0,1450.5,1402.5,1444.5,21000,-1.0,-1.0,-1.0
2019/08/06,1396.5,1431.0,1396.0,1428.5,7000,-1.0,-1.0,-1.0
2019/08/07,1417.5,1446.0,1395.5,1425.5,15600,-1.0,-1.0,-1.0
2019/08/08,1425.5,1443.5,1422.0,1440.0,2800,-1.0,-1.0,-1.0
2019/08/09,1445.5,1448.5,1442.0,1442.5,5400,-1.0,-1.0,-1.0
2019/08/13,1442.5,1451.0,1416.0,1442.5,7800,-1.0,-1.0,-1.0
2019/08/14,1456.5,1456.5,1431.0,1450.5,11000,-1.0,-1.0,-1.0
2019/08/15,1436.5,1450.0,1425.0,1450.0,9800,-1.0,-1.0,-1.0
2019/08/16,1450.0,1461.5,1424.0,1454.0,13000,-1.0,-1.0,-1.0
2019/08/19,1452.5,1452.5,1434.5,1445.5,5600,-1.0,-1.0,-1.0
2019/08/20,1445.5,1457.5,1443.5,1457.5,6600,-1.0,-1.0,-1.0
2019/08/21,1438.5,1466.0,1425.5,1465.0,10200,-1.0,-1.0,-1.0
2019/08/22,1452.5,1457.0,1428.0,1457.0,11000,-1.0,-1.0,-1.0
2019/08/23,1443.0,1443.5,1425.0,1438.5,4600,-1.0,-1.0,-1.0
2019/08/26,1433.0,1448.5,1408.5,1432.0,12800,-1.0,-1.0,-1.0
2019/08/27,1432.0,1444.5,1424.0,1424.0,4000,-1.0,-1.0,-1.0
2019/08/28,1431.5,1431.5,1399.0,1426.0,15000,-1.0,-1.0,-1.0
2019/08/29,1426.0,1445.0,1398.0,1431.0,20000,-1.0,-1.0,-1.0
2019/08/30,1443.0,1452.5,1432.5,1446.5,7200,-1.0,-1.0,-1.0
2019/09/02,1449.0,1449.0,1440.0,1441.0,2600,-1.0,-1.0,-1.0
2019/09/03,1449.5,1449.5,1440.5,1440.5,1400,-1.0,-1.0,-1.0
2019/09/04,1439.5,1440.0,1425.0,1431.0,5200,-1.0,-1.0,-1.0
2019/09/05,1428.0,1445.5,1407.5,1433.5,14800,-1.0,-1.0,-1.0
2019/09/06,1436.5,1436.5,1427.5,1431.0,6000,-1.0,-1.0,-1.0
2019/09/09,1427.5,1433.0,1427.5,1428.5,3200,-1.0,-1.0,-1.0
2019/09/10,1428.5,1435.5,1428.5,1435.0,3200,-1.0,-1.0,-1.0
2019/09/11,1435.0,1442.5,1428.0,1442.5,5800,-1.0,-1.0,-1.0
2019/09/12,1442.5,1442.5,1436.0,1440.0,5400,-1.0,-1.0,-1.0
2019/09/13,1429.5,1442.0,1423.0,1437.5,16400,-1.0,-1.0,-1.0
2019/09/17,1438.5,1440.5,1432.5,1439.0,5600,-1.0,-1.0,-1.0
2019/09/18,1441.0,1441.0,1429.0,1429.0,4800,-1.0,-1.0,-1.0
2019/09/19,1434.0,1443.5,1429.0,1434.5,13400,-1.0,-1.0,-1.0
2019/09/20,1435.0,1437.0,1419.5,1426.5,11000,-1.0,-1.0,-1.0
2019/09/24,1426.5,1436.5,1426.5,1435.0,4200,-1.0,-1.0,-1.0
2019/09/25,1436.0,1446.5,1430.5,1430.5,5400,-1.0,-1.0,-1.0
2019/09/26,1441.0,1446.0,1419.0,1428.5,10600,-1.0,-1.0,-1.0
2019/09/27,1425.5,1426.5,1404.0,1407.5,15600,-1.0,-1.0,-1.0
2019/09/30,1414.5,1421.0,1414.5,1421.0,2200,-1.0,-1.0,-1.0
2019/10/01,1423.5,1439.0,1422.0,1430.5,7800,-1.0,-1.0,-1.0
2019/10/02,1438.5,1438.5,1429.0,1430.0,5400,-1.0,-1.0,-1.0
2019/10/03,1430.0,1430.0,1411.5,1415.5,4600,-1.0,-1.0,-1.0
2019/10/04,1430.0,1435.0,1415.0,1435.0,9000,-1.0,-1.0,-1.0
2019/10/07,1435.0,1435.0,1408.5,1410.0,3200,-1.0,-1.0,-1.0
2019/10/08,1410.0,1416.5,1402.5,1402.5,6800,-1.0,-1.0,-1.0
2019/10/09,1402.5,1416.5,1402.5,1413.0,3400,-1.0,-1.0,-1.0
2019/10/10,1422.0,1422.0,1399.5,1400.0,5400,-1.0,-1.0,-1.0
2019/10/11,1405.5,1424.0,1402.0,1410.0,14000,-1.0,-1.0,-1.0
2019/10/15,1418.0,1418.0,1405.5,1409.0,5200,-1.0,-1.0,-1.0
2019/10/16,1412.0,1420.0,1411.5,1417.0,4200,-1.0,-1.0,-1.0
2019/10/17,1415.0,1423.5,1411.0,1411.0,10200,-1.0,-1.0,-1.0
2019/10/18,1407.5,1425.5,1400.0,1404.0,15600,-1.0,-1.0,-1.0
2019/10/21,1404.5,1406.0,1391.5,1403.0,8400,-1.0,-1.0,-1.0
2019/10/23,1403.0,1404.0,1397.5,1403.5,10000,-1.0,-1.0,-1.0
2019/10/24,1400.5,1408.0,1370.5,1405.5,16000,-1.0,-1.0,-1.0
2019/10/25,1400.0,1402.0,1355.5,1380.0,30600,-1.0,-1.0,-1.0
2019/10/28,1386.5,1386.5,1363.5,1364.5,11600,-1.0,-1.0,-1.0
2019/10/29,1370.0,1383.0,1365.5,1378.5,6800,-1.0,-1.0,-1.0
2019/10/30,1378.5,1397.0,1373.5,1382.5,16400,-1.0,-1.0,-1.0
2019/10/31,1387.5,1411.0,1378.0,1411.0,8600,-1.0,-1.0,-1.0
2019/11/01,1414.0,1415.0,1394.5,1410.0,4800,-1.0,-1.0,-1.0
2019/11/05,1422.5,1437.5,1415.5,1429.5,11400,-1.0,-1.0,-1.0
2019/11/06,1425.0,1429.5,1412.5,1419.5,9800,-1.0,-1.0,-1.0
2019/11/07,1419.5,1426.5,1419.5,1426.5,6400,-1.0,-1.0,-1.0
2019/11/08,1429.0,1431.0,1419.5,1424.0,7200,-1.0,-1.0,-1.0
2019/11/11,1424.5,1436.5,1420.0,1432.0,4200,-1.0,-1.0,-1.0
2019/11/12,1419.5,1430.5,1419.5,1420.0,4800,-1.0,-1.0,-1.0
2019/11/13,1425.0,1425.0,1377.0,1396.5,11200,-1.0,-1.0,-1.0
2019/11/14,1382.0,1395.0,1372.5,1382.5,10400,-1.0,-1.0,-1.0
2019/11/15,1387.5,1398.5,1380.0,1393.0,11600,-1.0,-1.0,-1.0
2019/11/18,1390.0,1392.5,1361.5,1378.5,12400,-1.0,-1.0,-1.0
2019/11/19,1378.5,1378.5,1366.0,1366.0,9600,-1.0,-1.0,-1.0
2019/11/20,1365.0,1378.5,1365.0,1369.0,5400,-1.0,-1.0,-1.0
2019/11/21,1369.0,1373.0,1367.0,1369.0,3800,-1.0,-1.0,-1.0
2019/11/22,1369.5,1371.5,1358.5,1358.5,5000,-1.0,-1.0,-1.0
2019/11/25,1360.5,1371.5,1360.5,1364.0,3200,-1.0,-1.0,-1.0
2019/11/26,1373.5,1373.5,1368.5,1368.5,5200,-1.0,-1.0,-1.0
2019/11/27,1368.5,1380.0,1368.5,1370.5,5800,-1.0,-1.0,-1.0
2019/11/28,1371.5,1376.5,1370.0,1375.0,4800,-1.0,-1.0,-1.0
2019/11/29,1379.5,1388.5,1379.5,1384.5,8200,-1.0,-1.0,-1.0
2019/12/02,1394.5,1394.5,1389.5,1390.5,6800,-1.0,-1.0,-1.0
2019/12/03,1389.5,1405.0,1385.0,1389.0,7800,-1.0,-1.0,-1.0
2019/12/04,1389.0,1400.0,1386.0,1398.5,9200,-1.0,-1.0,-1.0
2019/12/05,1398.5,1402.5,1396.0,1402.5,4400,-1.0,-1.0,-1.0
2019/12/06,1402.5,1414.0,1392.0,1395.5,17200,-1.0,-1.0,-1.0
2019/12/09,1419.5,1419.5,1395.5,1405.0,23400,-1.0,-1.0,-1.0
2019/12/10,1405.5,1416.5,1404.0,1406.5,26800,-1.0,-1.0,-1.0
2019/12/11,1399.0,1410.0,1382.0,1400.0,52600,-1.0,-1.0,-1.0
2019/12/12,1400.0,1418.5,1398.0,1414.0,10800,-1.0,-1.0,-1.0
2019/12/13,1414.5,1432.5,1414.5,1431.5,15200,-1.0,-1.0,-1.0
2019/12/16,1426.5,1440.0,1425.0,1429.0,17000,-1.0,-1.0,-1.0
2019/12/17,1437.0,1453.0,1421.0,1447.0,10800,-1.0,-1.0,-1.0
2019/12/18,1447.5,1454.0,1440.0,1448.5,12000,-1.0,-1.0,-1.0
2019/12/19,1448.5,1452.0,1447.0,1449.0,6800,-1.0,-1.0,-1.0
2019/12/20,1452.0,1457.0,1450.0,1450.0,7000,-1.0,-1.0,-1.0
2019/12/23,1445.5,1453.5,1437.5,1440.5,6400,-1.0,-1.0,-1.0
2019/12/24,1438.0,1450.0,1438.0,1447.5,7400,-1.0,-1.0,-1.0
2019/12/25,1447.0,1456.0,1433.0,1456.0,9800,-1.0,-1.0,-1.0
2019/12/26,1456.5,1456.5,1439.0,1447.5,10200,-1.0,-1.0,-1.0
2019/12/27,1456.0,1458.0,1453.0,1457.0,8800,-1.0,-1.0,-1.0
2019/12/30,1458.5,1458.5,1452.5,1457.5,4600,-1.0,-1.0,-1.0
2020/01/06,1447.5,1471.0,1447.5,1451.5,11600,-1.0,-1.0,-1.0
2020/01/07,1470.0,1473.0,1467.0,1467.5,6400,-1.0,-1.0,-1.0
2020/01/08,1456.5,1471.5,1432.5,1452.5,15800,-1.0,-1.0,-1.0
2020/01/09,1452.5,1471.5,1452.5,1455.5,5400,-1.0,-1.0,-1.0
2020/01/10,1462.0,1462.0,1455.5,1455.5,1000,-1.0,-1.0,-1.0
2020/01/14,1451.5,1468.0,1442.0,1456.0,5600,-1.0,-1.0,-1.0
2020/01/15,1460.0,1465.5,1457.0,1461.5,4600,-1.0,-1.0,-1.0
2020/01/16,1456.5,1462.0,1451.5,1451.5,5000,-1.0,-1.0,-1.0
2020/01/17,1451.0,1451.0,1447.0,1447.0,4600,-1.0,-1.0,-1.0
2020/01/20,1458.5,1462.0,1453.0,1462.0,3600,-1.0,-1.0,-1.0
2020/01/21,1465.0,1465.0,1451.0,1455.5,4400,-1.0,-1.0,-1.0
2020/01/22,1450.0,1463.0,1450.0,1451.5,4400,-1.0,-1.0,-1.0
2020/01/23,1449.5,1454.5,1437.5,1454.5,10200,-1.0,-1.0,-1.0
2020/01/24,1454.5,1454.5,1449.5,1449.5,2000,-1.0,-1.0,-1.0
2020/01/27,1449.5,1459.5,1447.0,1449.0,7400,-1.0,-1.0,-1.0
2020/01/28,1436.0,1460.0,1436.0,1451.0,7400,-1.0,-1.0,-1.0
2020/01/29,1447.0,1453.0,1447.0,1453.0,1400,-1.0,-1.0,-1.0
2020/01/30,1458.0,1460.5,1435.0,1460.5,5200,-1.0,-1.0,-1.0
2020/01/31,1467.0,1485.0,1467.0,1485.0,9800,-1.0,-1.0,-1.0
2020/02/03,1483.0,1490.0,1466.0,1486.5,3800,-1.0,-1.0,-1.0
2020/02/04,1478.5,1486.5,1478.5,1485.5,5400,-1.0,-1.0,-1.0
2020/02/05,1484.0,1490.0,1470.5,1477.5,4400,-1.0,-1.0,-1.0
2020/02/06,1498.0,1517.5,1497.5,1497.5,10400,-1.0,-1.0,-1.0
2020/02/07,1587.5,1587.5,1527.5,1560.0,8600,-1.0,-1.0,-1.0
2020/02/10,1515.0,1572.5,1515.0,1567.5,7800,-1.0,-1.0,-1.0
2020/02/12,1567.5,1567.5,1530.0,1537.5,2000,-1.0,-1.0,-1.0
2020/02/13,1522.5,1537.5,1522.5,1537.5,2600,-1.0,-1.0,-1.0
2020/02/14,1527.5,1547.5,1527.5,1542.5,2600,-1.0,-1.0,-1.0
2020/02/17,1525.0,1532.5,1520.0,1525.0,2000,-1.0,-1.0,-1.0
2020/02/18,1547.5,1565.0,1547.5,1562.5,12800,-1.0,-1.0,-1.0
2020/02/19,1552.5,1567.5,1552.5,1560.0,3000,-1.0,-1.0,-1.0
2020/02/20,1532.5,1567.5,1512.5,1547.5,7000,-1.0,-1.0,-1.0
2020/02/21,1522.5,1570.0,1522.5,1560.0,3400,-1.0,-1.0,-1.0
2020/02/25,1502.5,1540.0,1478.5,1499.0,14200,-1.0,-1.0,-1.0
2020/02/26,1450.5,1499.0,1450.5,1466.5,6400,-1.0,-1.0,-1.0
2020/02/27,1449.0,1472.0,1449.0,1465.5,5000,-1.0,-1.0,-1.0
2020/02/28,1448.5,1448.5,1382.0,1382.0,8600,-1.0,-1.0,-1.0
2020/03/02,1359.0,1434.0,1359.0,1394.5,6400,-1.0,-1.0,-1.0
2020/03/03,1444.5,1444.5,1375.0,1381.5,13800,-1.0,-1.0,-1.0
2020/03/04,1356.5,1392.5,1356.5,1387.5,2800,-1.0,-1.0,-1.0
2020/03/05,1389.0,1404.5,1389.0,1393.0,6000,-1.0,-1.0,-1.0
2020/03/06,1385.5,1388.0,1358.5,1358.5,7400,-1.0,-1.0,-1.0
2020/03/09,1350.0,1350.0,1302.5,1302.5,6800,-1.0,-1.0,-1.0
2020/03/10,1227.5,1271.0,1225.5,1260.5,10200,-1.0,-1.0,-1.0
2020/03/11,1237.5,1312.5,1237.5,1272.5,2200,-1.0,-1.0,-1.0
2020/03/12,1267.0,1267.0,1215.5,1221.0,7600,-1.0,-1.0,-1.0
2020/03/13,1125.5,1193.5,1121.5,1127.5,9400,-1.0,-1.0,-1.0
2020/03/16,1150.0,1161.0,1127.5,1131.0,2000,-1.0,-1.0,-1.0
2020/03/17,1045.5,1144.0,1045.5,1143.0,9000,-1.0,-1.0,-1.0
2020/03/18,1168.0,1207.5,1168.0,1206.0,3600,-1.0,-1.0,-1.0
2020/03/19,1206.0,1209.0,1192.5,1199.5,4400,-1.0,-1.0,-1.0
2020/03/23,1199.5,1288.0,1185.0,1270.0,5600,-1.0,-1.0,-1.0
2020/03/24,1252.0,1283.0,1222.5,1247.5,3800,-1.0,-1.0,-1.0
2020/03/25,1320.0,1364.5,1282.5,1364.5,7400,-1.0,-1.0,-1.0
2020/03/26,1373.5,1400.5,1230.0,1250.0,12000,-1.0,-1.0,-1.0
2020/03/27,1322.0,1414.0,1281.5,1414.0,19000,-1.0,-1.0,-1.0
2020/03/30,1294.0,1347.5,1294.0,1326.0,10400,-1.0,-1.0,-1.0
2020/03/31,1334.0,1336.5,1307.0,1332.0,3400,-1.0,-1.0,-1.0
2020/04/01,1351.0,1351.0,1315.5,1347.5,5200,-1.0,-1.0,-1.0
2020/04/02,1336.5,1347.5,1312.0,1312.0,3400,-1.0,-1.0,-1.0
2020/04/03,1304.5,1323.5,1250.0,1323.5,6400,-1.0,-1.0,-1.0
2020/04/06,1305.0,1325.0,1272.5,1325.0,4600,-1.0,-1.0,-1.0
2020/04/07,1325.0,1346.5,1313.0,1346.5,5600,-1.0,-1.0,-1.0
2020/04/08,1350.0,1368.5,1320.5,1365.0,4600,-1.0,-1.0,-1.0
2020/04/09,1390.0,1390.0,1358.0,1358.0,1800,-1.0,-1.0,-1.0
2020/04/10,1358.0,1358.0,1323.5,1338.0,2000,-1.0,-1.0,-1.0
2020/04/13,1334.5,1383.5,1334.5,1380.5,2200,-1.0,-1.0,-1.0
2020/04/14,1380.5,1395.0,1365.0,1395.0,3400,-1.0,-1.0,-1.0
2020/04/15,1370.0,1394.5,1370.0,1393.5,2200,-1.0,-1.0,-1.0
2020/04/16,1393.5,1444.0,1375.5,1401.5,8400,-1.0,-1.0,-1.0
2020/04/17,1401.5,1401.5,1392.0,1392.5,600,-1.0,-1.0,-1.0
2020/04/20,1394.5,1394.5,1342.0,1390.5,1600,-1.0,-1.0,-1.0
2020/04/21,1349.0,1392.5,1348.5,1392.5,2600,-1.0,-1.0,-1.0
2020/04/22,1320.0,1385.0,1320.0,1381.0,2000,-1.0,-1.0,-1.0
2020/04/23,1381.0,1387.5,1381.0,1387.5,2400,-1.0,-1.0,-1.0
2020/04/24,1374.5,1431.5,1374.5,1410.5,6400,-1.0,-1.0,-1.0
2020/04/27,1438.5,1462.5,1408.0,1447.5,12400,-1.0,-1.0,-1.0
2020/04/28,1447.5,1469.5,1433.0,1469.5,5400,-1.0,-1.0,-1.0
2020/04/30,1517.5,1517.5,1473.5,1517.5,12600,-1.0,-1.0,-1.0
2020/05/01,1494.5,1510.0,1469.5,1492.5,4400,-1.0,-1.0,-1.0
2020/05/07,1499.5,1500.0,1489.5,1500.0,2800,-1.0,-1.0,-1.0
2020/05/08,1465.0,1500.0,1461.0,1500.0,5400,-1.0,-1.0,-1.0
2020/05/11,1488.5,1565.0,1488.5,1552.5,17000,-1.0,-1.0,-1.0
2020/05/12,1552.5,1552.5,1482.5,1547.5,4400,-1.0,-1.0,-1.0
2020/05/13,1547.5,1562.5,1502.5,1555.0,6600,-1.0,-1.0,-1.0
2020/05/14,1555.0,1555.0,1525.0,1525.0,1600,-1.0,-1.0,-1.0
2020/05/15,1527.5,1585.0,1527.5,1572.5,1800,-1.0,-1.0,-1.0
2020/05/18,1572.5,1572.5,1562.5,1570.0,3200,-1.0,-1.0,-1.0
2020/05/19,1570.0,1622.5,1570.0,1615.0,14600,-1.0,-1.0,-1.0
2020/05/20,1580.0,1592.5,1520.0,1592.5,10400,-1.0,-1.0,-1.0
2020/05/21,1592.5,1597.5,1550.0,1567.5,4400,-1.0,-1.0,-1.0
2020/05/22,1595.0,1595.0,1560.0,1572.5,1600,-1.0,-1.0,-1.0
2020/05/25,1565.0,1582.5,1565.0,1577.5,1600,-1.0,-1.0,-1.0
2020/05/26,1595.0,1595.0,1572.5,1577.5,3800,-1.0,-1.0,-1.0
2020/05/27,1575.0,1600.0,1567.5,1567.5,5200,-1.0,-1.0,-1.0
2020/05/28,1562.5,1610.0,1550.0,1610.0,10400,-1.0,-1.0,-1.0
2020/05/29,1600.0,1625.0,1575.0,1587.5,11200,-1.0,-1.0,-1.0
2020/06/01,1615.0,1615.0,1552.5,1575.0,11800,-1.0,-1.0,-1.0
2020/06/02,1600.0,1625.0,1577.5,1597.5,14000,-1.0,-1.0,-1.0
2020/06/03,1577.5,1595.0,1530.0,1555.0,13000,-1.0,-1.0,-1.0
2020/06/04,1555.0,1570.0,1555.0,1562.5,1000,-1.0,-1.0,-1.0
2020/06/05,1537.5,1542.5,1537.5,1540.0,3600,-1.0,-1.0,-1.0
2020/06/08,1540.0,1567.5,1522.5,1565.0,4600,-1.0,-1.0,-1.0
2020/06/09,1580.0,1580.0,1537.5,1552.5,4600,-1.0,-1.0,-1.0
2020/06/10,1537.5,1557.5,1537.5,1540.0,4400,-1.0,-1.0,-1.0
2020/06/11,1542.5,1547.5,1532.5,1537.5,4600,-1.0,-1.0,-1.0
2020/06/12,1476.0,1522.5,1476.0,1522.5,3400,-1.0,-1.0,-1.0
2020/06/15,1522.5,1537.5,1502.5,1502.5,5600,-1.0,-1.0,-1.0
2020/06/16,1522.5,1522.5,1517.5,1520.0,2200,-1.0,-1.0,-1.0
2020/06/17,1485.0,1520.0,1485.0,1520.0,7000,-1.0,-1.0,-1.0
2020/06/18,1520.0,1520.0,1488.0,1488.0,2400,-1.0,-1.0,-1.0
2020/06/19,1515.0,1535.0,1515.0,1535.0,1600,-1.0,-1.0,-1.0
2020/06/22,1550.0,1550.0,1517.5,1540.0,8000,-1.0,-1.0,-1.0
2020/06/23,1525.0,1530.0,1507.5,1527.5,3400,-1.0,-1.0,-1.0
2020/06/24,1517.5,1560.0,1517.5,1545.0,2200,-1.0,-1.0,-1.0
2020/06/25,1545.0,1550.0,1530.0,1540.0,2800,-1.0,-1.0,-1.0
2020/06/26,1560.0,1560.0,1537.5,1547.5,3200,-1.0,-1.0,-1.0
2020/06/29,1552.5,1577.5,1550.0,1575.0,4000,-1.0,-1.0,-1.0
2020/06/30,1577.5,1600.0,1570.0,1600.0,8800,-1.0,-1.0,-1.0
2020/07/01,1600.0,1600.0,1565.0,1572.5,6200,-1.0,-1.0,-1.0
2020/07/02,1597.5,1597.5,1555.0,1572.5,8600,-1.0,-1.0,-1.0
2020/07/03,1557.5,1600.0,1557.5,1600.0,4000,-1.0,-1.0,-1.0
2020/07/06,1610.0,1620.0,1592.5,1620.0,12800,-1.0,-1.0,-1.0
2020/07/07,1605.0,1610.0,1572.5,1610.0,8400,-1.0,-1.0,-1.0
2020/07/08,1575.0,1605.0,1575.0,1597.5,3600,-1.0,-1.0,-1.0
2020/07/09,1575.0,1610.0,1550.0,1592.5,9400,-1.0,-1.0,-1.0
2020/07/10,1560.0,1595.0,1560.0,1582.5,6400,-1.0,-1.0,-1.0
2020/07/13,1582.5,1582.5,1582.5,1582.5,800,-1.0,-1.0,-1.0
2020/07/14,1582.5,1582.5,1500.0,1522.5,12600,-1.0,-1.0,-1.0
2020/07/15,1557.5,1625.0,1557.5,1625.0,20200,-1.0,-1.0,-1.0
2020/07/16,1625.0,1627.5,1570.0,1592.5,21800,-1.0,-1.0,-1.0
2020/07/17,1592.5,1592.5,1545.0,1547.5,14800,-1.0,-1.0,-1.0
2020/07/20,1512.5,1535.0,1497.0,1497.0,5400,-1.0,-1.0,-1.0
2020/07/21,1499.0,1540.0,1499.0,1522.5,4000,-1.0,-1.0,-1.0
2020/07/22,1515.0,1522.5,1500.0,1517.5,7200,-1.0,-1.0,-1.0
2020/07/27,1525.0,1535.0,1505.0,1535.0,4600,-1.0,-1.0,-1.0
2020/07/28,1540.0,1540.0,1525.0,1530.0,2400,-1.0,-1.0,-1.0
2020/07/29,1520.0,1520.0,1520.0,1520.0,400,-1.0,-1.0,-1.0
2020/07/30,1555.0,1565.0,1515.0,1550.0,12000,-1.0,-1.0,-1.0
2020/07/31,1560.0,1560.0,1502.5,1537.5,9800,-1.0,-1.0,-1.0
2020/08/03,1502.5,1512.5,1476.0,1502.5,7800,-1.0,-1.0,-1.0
2020/08/04,1467.5,1476.0,1435.5,1443.0,16000,-1.0,-1.0,-1.0
2020/08/05,1443.0,1450.0,1440.0,1440.0,3400,-1.0,-1.0,-1.0
2020/08/06,1453.5,1453.5,1394.5,1394.5,6600,-1.0,-1.0,-1.0
2020/08/07,1392.5,1396.5,1385.5,1395.5,2400,-1.0,-1.0,-1.0
2020/08/11,1401.0,1403.5,1386.0,1402.5,4000,-1.0,-1.0,-1.0
2020/08/12,1411.5,1419.0,1410.0,1418.0,3800,-1.0,-1.0,-1.0
2020/08/13,1443.0,1444.0,1428.0,1443.0,7000,-1.0,-1.0,-1.0
2020/08/14,1420.0,1423.0,1411.0,1411.0,7200,-1.0,-1.0,-1.0
2020/08/17,1414.0,1417.0,1414.0,1417.0,400,-1.0,-1.0,-1.0
2020/08/18,1421.0,1421.0,1417.5,1417.5,1200,-1.0,-1.0,-1.0
2020/08/19,1409.0,1413.5,1359.5,1370.5,14200,-1.0,-1.0,-1.0
2020/08/20,1364.0,1364.0,1299.5,1299.5,14200,-1.0,-1.0,-1.0
2020/08/21,1310.5,1310.5,1302.5,1304.5,3400,-1.0,-1.0,-1.0
2020/08/24,1306.0,1313.0,1306.0,1313.0,1000,-1.0,-1.0,-1.0
2020/08/25,1313.0,1323.5,1309.0,1323.5,4800,-1.0,-1.0,-1.0
2020/08/26,1323.5,1323.5,1300.5,1321.5,4800,-1.0,-1.0,-1.0
2020/08/27,1321.5,1321.5,1308.0,1318.5,2200,-1.0,-1.0,-1.0
2020/08/28,1308.5,1333.0,1308.5,1319.5,8600,-1.0,-1.0,-1.0
2020/08/31,1313.0,1338.0,1313.0,1313.0,5800,-1.0,-1.0,-1.0
2020/09/01,1338.0,1338.0,1297.5,1303.5,15000,-1.0,-1.0,-1.0
2020/09/02,1328.5,1336.5,1308.0,1310.5,2000,-1.0,-1.0,-1.0
2020/09/03,1310.5,1323.5,1307.5,1307.5,5600,-1.0,-1.0,-1.0
2020/09/04,1307.5,1312.5,1298.5,1299.5,3000,-1.0,-1.0,-1.0
2020/09/07,1304.5,1325.5,1304.5,1320.0,2000,-1.0,-1.0,-1.0
2020/09/08,1325.0,1335.5,1318.5,1333.0,4800,-1.0,-1.0,-1.0
2020/09/09,1330.0,1334.0,1308.0,1314.5,15400,-1.0,-1.0,-1.0
2020/09/10,1321.0,1329.5,1315.0,1320.0,6200,-1.0,-1.0,-1.0
2020/09/11,1315.5,1319.5,1307.0,1311.5,9200,-1.0,-1.0,-1.0
2020/09/14,1325.0,1326.0,1315.0,1319.0,14400,-1.0,-1.0,-1.0
2020/09/15,1328.0,1328.0,1320.0,1326.5,2600,-1.0,-1.0,-1.0
2020/09/16,1326.5,1327.5,1316.5,1325.0,6000,-1.0,-1.0,-1.0
2020/09/17,1327.0,1327.0,1312.5,1313.0,5200,-1.0,-1.0,-1.0
2020/09/18,1319.0,1324.5,1313.0,1323.0,6600,-1.0,-1.0,-1.0
2020/09/23,1323.0,1325.0,1320.5,1324.5,6200,-1.0,-1.0,-1.0
2020/09/24,1325.0,1333.0,1323.5,1329.0,8000,-1.0,-1.0,-1.0
2020/09/25,1333.5,1335.0,1324.0,1333.5,7600,-1.0,-1.0,-1.0
2020/09/28,1358.5,1358.5,1333.0,1351.0,11800,-1.0,-1.0,-1.0
2020/09/29,1331.0,1358.5,1326.0,1358.5,6800,-1.0,-1.0,-1.0
2020/09/30,1357.5,1357.5,1343.5,1350.0,8600,-1.0,-1.0,-1.0
2020/10/02,1337.5,1353.5,1337.5,1347.0,4400,-1.0,-1.0,-1.0
2020/10/05,1350.0,1352.5,1340.5,1340.5,3200,-1.0,-1.0,-1.0
2020/10/06,1345.0,1351.5,1338.0,1351.5,2200,-1.0,-1.0,-1.0
2020/10/07,1350.0,1352.5,1333.5,1349.0,7400,-1.0,-1.0,-1.0
2020/10/08,1351.5,1351.5,1350.0,1350.0,2400,-1.0,-1.0,-1.0
2020/10/09,1350.0,1350.0,1340.0,1343.0,1600,-1.0,-1.0,-1.0
2020/10/12,1340.0,1350.5,1327.5,1341.0,4800,-1.0,-1.0,-1.0
2020/10/13,1346.5,1349.5,1346.0,1349.5,600,-1.0,-1.0,-1.0
2020/10/14,1349.5,1349.5,1340.0,1342.5,1600,-1.0,-1.0,-1.0
2020/10/15,1337.0,1337.0,1337.0,1337.0,800,-1.0,-1.0,-1.0
2020/10/16,1337.0,1337.0,1310.5,1310.5,5000,-1.0,-1.0,-1.0
2020/10/19,1311.5,1324.5,1311.0,1311.5,1800,-1.0,-1.0,-1.0
2020/10/20,1300.5,1302.5,1291.0,1293.0,4000,-1.0,-1.0,-1.0
2020/10/21,1303.5,1311.5,1297.5,1311.0,2400,-1.0,-1.0,-1.0
2020/10/22,1301.0,1301.0,1301.0,1301.0,600,-1.0,-1.0,-1.0
2020/10/23,1306.5,1308.5,1306.5,1308.5,800,-1.0,-1.0,-1.0
2020/10/26,1322.0,1322.0,1322.0,1322.0,1600,-1.0,-1.0,-1.0
2020/10/27,1298.0,1322.0,1298.0,1312.0,3600,-1.0,-1.0,-1.0
2020/10/28,1312.0,1312.0,1303.5,1303.5,1800,-1.0,-1.0,-1.0
2020/10/29,1303.0,1303.0,1289.0,1295.0,6000,-1.0,-1.0,-1.0
2020/10/30,1306.5,1306.5,1274.0,1278.0,6600,-1.0,-1.0,-1.0
2020/11/02,1280.0,1291.0,1280.0,1291.0,1200,-1.0,-1.0,-1.0
2020/11/04,1287.5,1292.5,1287.5,1292.0,1200,-1.0,-1.0,-1.0
2020/11/05,1286.0,1286.0,1275.0,1282.5,7400,-1.0,-1.0,-1.0
2020/11/06,1282.5,1292.5,1278.0,1278.0,4200,-1.0,-1.0,-1.0
2020/11/09,1281.0,1289.0,1281.0,1289.0,4200,-1.0,-1.0,-1.0
2020/11/10,1294.5,1294.5,1286.0,1291.0,5200,-1.0,-1.0,-1.0
2020/11/11,1291.0,1326.5,1290.0,1316.0,12600,-1.0,-1.0,-1.0
2020/11/12,1325.5,1325.5,1299.5,1307.5,5000,-1.0,-1.0,-1.0
2020/11/13,1307.0,1308.0,1298.5,1305.0,5000,-1.0,-1.0,-1.0
2020/11/16,1305.0,1310.0,1298.0,1310.0,6600,-1.0,-1.0,-1.0
2020/11/17,1310.0,1310.5,1296.5,1309.0,3400,-1.0,-1.0,-1.0
2020/11/18,1319.0,1319.0,1300.5,1309.5,2800,-1.0,-1.0,-1.0
2020/11/19,1309.5,1318.5,1309.5,1313.5,1400,-1.0,-1.0,-1.0
2020/11/20,1300.0,1311.0,1300.0,1301.0,1200,-1.0,-1.0,-1.0
2020/11/24,1314.5,1316.5,1301.0,1305.5,5800,-1.0,-1.0,-1.0
2020/11/25,1309.0,1319.5,1306.5,1319.5,4400,-1.0,-1.0,-1.0
2020/11/26,1319.5,1319.5,1300.0,1311.5,6400,-1.0,-1.0,-1.0
2020/11/27,1311.5,1313.5,1305.5,1305.5,4000,-1.0,-1.0,-1.0
2020/11/30,1305.5,1305.5,1291.5,1291.5,3400,-1.0,-1.0,-1.0
2020/12/01,1291.5,1293.5,1287.5,1287.5,2600,-1.0,-1.0,-1.0
2020/12/02,1312.0,1322.5,1293.0,1318.0,7000,-1.0,-1.0,-1.0
2020/12/03,1293.5,1315.0,1293.5,1315.0,2000,-1.0,-1.0,-1.0
2020/12/04,1315.0,1315.0,1310.0,1315.0,1800,-1.0,-1.0,-1.0
2020/12/07,1340.0,1340.0,1315.0,1325.0,12800,-1.0,-1.0,-1.0
2020/12/08,1325.0,1341.5,1293.0,1311.0,3200,-1.0,-1.0,-1.0
2020/12/09,1311.0,1326.5,1311.0,1326.0,4000,-1.0,-1.0,-1.0
2020/12/10,1319.5,1333.5,1300.0,1301.0,8600,-1.0,-1.0,-1.0
2020/12/11,1300.0,1300.5,1290.0,1290.0,8600,-1.0,-1.0,-1.0
2020/12/14,1315.0,1315.5,1301.0,1315.5,6000,-1.0,-1.0,-1.0
2020/12/15,1315.5,1319.5,1307.5,1317.0,3200,-1.0,-1.0,-1.0
2020/12/16,1300.5,1317.0,1300.5,1317.0,2600,-1.0,-1.0,-1.0
2020/12/17,1317.0,1323.0,1314.5,1315.5,3200,-1.0,-1.0,-1.0
2020/12/18,1315.5,1333.0,1310.0,1332.5,6400,-1.0,-1.0,-1.0
2020/12/21,1332.5,1332.5,1319.0,1323.5,3200,-1.0,-1.0,-1.0
2020/12/22,1327.0,1327.0,1301.0,1301.0,5000,-1.0,-1.0,-1.0
2020/12/23,1303.5,1303.5,1293.0,1294.5,3200,-1.0,-1.0,-1.0
2020/12/24,1295.0,1300.0,1295.0,1299.0,2000,-1.0,-1.0,-1.0
2020/12/25,1295.5,1303.5,1295.5,1303.5,1600,-1.0,-1.0,-1.0
2020/12/28,1320.0,1320.0,1301.0,1305.5,3400,-1.0,-1.0,-1.0
2020/12/29,1314.5,1316.5,1314.5,1316.5,1400,-1.0,-1.0,-1.0
2020/12/30,1331.5,1331.5,1317.0,1317.0,1600,-1.0,-1.0,-1.0
2021/01/04,1317.0,1317.0,1306.5,1306.5,800,-1.0,-1.0,-1.0
2021/01/05,1324.0,1324.0,1306.5,1308.5,2400,-1.0,-1.0,-1.0
2021/01/06,1308.5,1316.0,1302.5,1302.5,3200,-1.0,-1.0,-1.0
2021/01/07,1302.5,1324.5,1302.5,1306.5,3200,-1.0,-1.0,-1.0
2021/01/08,1306.5,1311.0,1303.0,1303.0,3600,-1.0,-1.0,-1.0
2021/01/12,1310.5,1320.5,1305.5,1320.0,2800,-1.0,-1.0,-1.0
2021/01/13,1320.0,1329.5,1313.5,1327.5,4800,-1.0,-1.0,-1.0
2021/01/14,1311.5,1327.5,1311.5,1315.5,5600,-1.0,-1.0,-1.0
2021/01/15,1313.0,1327.0,1313.0,1324.5,5200,-1.0,-1.0,-1.0
2021/01/18,1324.0,1336.0,1303.0,1324.5,5200,-1.0,-1.0,-1.0
2021/01/19,1324.0,1324.5,1315.5,1315.5,3000,-1.0,-1.0,-1.0
2021/01/20,1313.0,1318.0,1308.0,1315.5,4600,-1.0,-1.0,-1.0
2021/01/21,1311.5,1324.5,1311.5,1324.5,3600,-1.0,-1.0,-1.0
2021/01/22,1325.0,1335.0,1317.0,1322.0,5000,-1.0,-1.0,-1.0
2021/01/25,1322.0,1330.0,1322.0,1326.0,4600,-1.0,-1.0,-1.0
2021/01/26,1330.5,1334.0,1318.0,1326.0,4400,-1.0,-1.0,-1.0
2021/01/27,1322.5,1323.0,1320.5,1320.5,2600,-1.0,-1.0,-1.0
2021/01/28,1311.0,1334.0,1310.0,1334.0,8000,-1.0,-1.0,-1.0
2021/01/29,1334.0,1338.5,1313.0,1316.0,6400,-1.0,-1.0,-1.0
2021/02/01,1323.5,1325.0,1318.0,1318.0,4800,-1.0,-1.0,-1.0
2021/02/02,1323.0,1323.0,1318.0,1318.5,1800,-1.0,-1.0,-1.0
2021/02/03,1318.5,1320.0,1312.5,1315.0,4800,-1.0,-1.0,-1.0
2021/02/04,1315.0,1327.5,1315.0,1319.5,3400,-1.0,-1.0,-1.0
2021/02/05,1321.0,1326.0,1321.0,1324.5,3400,-1.0,-1.0,-1.0
2021/02/08,1332.5,1349.5,1325.5,1330.0,17400,-1.0,-1.0,-1.0
2021/02/09,1354.5,1354.5,1326.0,1345.5,8600,-1.0,-1.0,-1.0
2021/02/10,1335.5,1339.5,1331.5,1338.0,3800,-1.0,-1.0,-1.0
2021/02/12,1338.0,1340.0,1332.5,1332.5,3800,-1.0,-1.0,-1.0
2021/02/15,1332.5,1338.5,1326.0,1334.5,9800,-1.0,-1.0,-1.0
2021/02/16,1334.5,1339.5,1325.0,1333.5,4200,-1.0,-1.0,-1.0
2021/02/17,1333.5,1333.5,1327.0,1329.0,2400,-1.0,-1.0,-1.0
2021/02/18,1329.0,1333.5,1326.5,1332.0,8800,-1.0,-1.0,-1.0
2021/02/19,1332.0,1332.0,1330.5,1331.0,1400,-1.0,-1.0,-1.0
2021/02/22,1335.0,1344.0,1330.0,1330.5,7800,-1.0,-1.0,-1.0
2021/02/24,1327.5,1346.5,1321.5,1340.0,16400,-1.0,-1.0,-1.0
2021/02/25,1340.5,1371.0,1340.5,1353.5,15200,-1.0,-1.0,-1.0
2021/02/26,1359.5,1359.5,1328.5,1328.5,11800,-1.0,-1.0,-1.0
2021/03/01,1329.0,1338.5,1329.0,1334.0,2400,-1.0,-1.0,-1.0
2021/03/02,1344.5,1344.5,1328.5,1328.5,7400,-1.0,-1.0,-1.0
2021/03/03,1325.5,1339.5,1325.5,1331.5,4800,-1.0,-1.0,-1.0
2021/03/04,1334.0,1348.0,1334.0,1335.5,4400,-1.0,-1.0,-1.0
2021/03/05,1335.5,1335.5,1325.5,1331.0,4400,-1.0,-1.0,-1.0
2021/03/08,1350.5,1354.0,1334.0,1343.0,8600,-1.0,-1.0,-1.0
2021/03/09,1347.0,1350.0,1342.5,1349.5,4000,-1.0,-1.0,-1.0
2021/03/10,1349.5,1349.5,1338.0,1348.5,8200,-1.0,-1.0,-1.0
2021/03/11,1353.0,1355.5,1348.5,1350.5,7200,-1.0,-1.0,-1.0
2021/03/12,1350.5,1355.0,1350.5,1351.5,5400,-1.0,-1.0,-1.0
2021/03/15,1351.5,1365.0,1349.0,1354.5,11200,-1.0,-1.0,-1.0
2021/03/16,1354.5,1360.5,1354.0,1360.5,5400,-1.0,-1.0,-1.0
2021/03/17,1364.5,1400.0,1364.5,1400.0,12600,-1.0,-1.0,-1.0
2021/03/18,1406.0,1413.0,1394.5,1397.0,10400,-1.0,-1.0,-1.0
2021/03/19,1376.5,1400.0,1376.5,1388.0,8200,-1.0,-1.0,-1.0
2021/03/22,1382.0,1407.0,1382.0,1399.5,10800,-1.0,-1.0,-1.0
2021/03/23,1397.5,1422.5,1350.0,1350.0,14600,-1.0,-1.0,-1.0
2021/03/24,1341.5,1359.5,1341.5,1346.0,13400,-1.0,-1.0,-1.0
2021/03/25,1353.5,1364.5,1341.0,1364.5,8400,-1.0,-1.0,-1.0
2021/03/26,1376.0,1377.0,1367.0,1376.5,6600,-1.0,-1.0,-1.0
2021/03/29,1386.0,1395.5,1374.5,1395.5,11600,-1.0,-1.0,-1.0
2021/03/30,1342.0,1364.0,1342.0,1352.5,7800,-1.0,-1.0,-1.0
2021/03/31,1350.5,1367.0,1350.5,1360.5,2800,-1.0,-1.0,-1.0
2021/04/01,1385.0,1385.0,1359.0,1362.0,3200,-1.0,-1.0,-1.0
2021/04/02,1362.0,1379.5,1362.0,1379.5,2000,-1.0,-1.0,-1.0
2021/04/05,1379.5,1380.5,1373.5,1379.5,1800,-1.0,-1.0,-1.0
2021/04/06,1381.0,1383.5,1356.5,1356.5,7600,-1.0,-1.0,-1.0
2021/04/07,1355.5,1368.5,1355.5,1364.0,2800,-1.0,-1.0,-1.0
2021/04/08,1364.0,1364.5,1350.0,1350.0,5000,-1.0,-1.0,-1.0
2021/04/09,1350.0,1352.5,1335.0,1335.0,5000,-1.0,-1.0,-1.0
2021/04/12,1335.5,1349.0,1335.5,1345.0,1200,-1.0,-1.0,-1.0
2021/04/13,1345.5,1345.5,1345.5,1345.5,1000,-1.0,-1.0,-1.0
2021/04/14,1360.0,1360.0,1311.5,1335.5,14000,-1.0,-1.0,-1.0
2021/04/15,1335.5,1353.0,1330.0,1347.0,4800,-1.0,-1.0,-1.0
2021/04/16,1353.0,1353.0,1337.5,1348.0,800,-1.0,-1.0,-1.0
2021/04/19,1345.0,1345.0,1317.0,1337.5,10800,-1.0,-1.0,-1.0
2021/04/20,1323.5,1333.5,1322.5,1327.5,6600,-1.0,-1.0,-1.0
2021/04/21,1321.0,1330.5,1319.5,1319.5,4800,-1.0,-1.0,-1.0
2021/04/22,1321.0,1331.0,1321.0,1331.0,2000,-1.0,-1.0,-1.0
2021/04/23,1328.0,1331.5,1320.0,1331.5,3000,-1.0,-1.0,-1.0
2021/04/26,1339.5,1345.0,1323.0,1323.0,4600,-1.0,-1.0,-1.0
2021/04/27,1328.0,1339.5,1312.5,1312.5,5800,-1.0,-1.0,-1.0
2021/04/28,1318.5,1323.5,1316.0,1316.0,6600,-1.0,-1.0,-1.0
2021/04/30,1313.0,1319.0,1312.0,1312.0,4600,-1.0,-1.0,-1.0
2021/05/06,1316.5,1323.0,1314.5,1314.5,5800,-1.0,-1.0,-1.0
2021/05/07,1323.0,1323.0,1323.0,1323.0,1600,-1.0,-1.0,-1.0
2021/05/10,1323.0,1329.5,1322.5,1324.5,9200,-1.0,-1.0,-1.0
2021/05/11,1326.5,1327.5,1321.0,1321.0,3000,-1.0,-1.0,-1.0
2021/05/12,1320.0,1326.0,1294.0,1300.0,7000,-1.0,-1.0,-1.0
2021/05/13,1299.0,1299.0,1292.5,1293.0,3000,-1.0,-1.0,-1.0
2021/05/14,1301.5,1301.5,1290.0,1295.5,5800,-1.0,-1.0,-1.0
2021/05/17,1297.5,1309.0,1294.0,1302.5,2000,-1.0,-1.0,-1.0
2021/05/18,1302.5,1309.5,1300.0,1309.5,2000,-1.0,-1.0,-1.0
2021/05/19,1309.5,1309.5,1304.0,1306.0,1200,-1.0,-1.0,-1.0
2021/05/20,1309.5,1314.5,1306.0,1314.5,2600,-1.0,-1.0,-1.0
2021/05/21,1323.5,1323.5,1308.5,1308.5,3400,-1.0,-1.0,-1.0
2021/05/24,1308.5,1322.5,1308.5,1310.0,2800,-1.0,-1.0,-1.0
2021/05/25,1303.0,1305.0,1289.0,1289.0,10200,-1.0,-1.0,-1.0
2021/05/26,1291.5,1292.5,1286.0,1287.5,6200,-1.0,-1.0,-1.0
2021/05/27,1290.0,1295.5,1285.0,1285.0,2800,-1.0,-1.0,-1.0
2021/05/28,1294.0,1300.5,1289.5,1300.5,6200,-1.0,-1.0,-1.0
2021/05/31,1300.5,1300.5,1285.5,1286.0,5200,-1.0,-1.0,-1.0
2021/06/01,1296.0,1296.0,1283.0,1286.0,3600,-1.0,-1.0,-1.0
2021/06/02,1286.0,1298.5,1286.0,1292.0,3000,-1.0,-1.0,-1.0
2021/06/03,1292.0,1298.0,1292.0,1298.0,1800,-1.0,-1.0,-1.0
2021/06/04,1299.5,1300.0,1293.5,1293.5,1400,-1.0,-1.0,-1.0
2021/06/07,1300.0,1300.0,1293.5,1293.5,1400,-1.0,-1.0,-1.0
2021/06/08,1299.0,1300.0,1293.5,1297.5,3400,-1.0,-1.0,-1.0
2021/06/09,1296.5,1300.5,1296.5,1300.0,2800,-1.0,-1.0,-1.0
2021/06/10,1292.0,1299.0,1292.0,1296.5,6200,-1.0,-1.0,-1.0
2021/06/11,1295.0,1327.0,1292.5,1308.5,20200,-1.0,-1.0,-1.0
2021/06/14,1308.5,1308.5,1290.5,1295.0,7400,-1.0,-1.0,-1.0
2021/06/15,1296.0,1302.5,1291.5,1292.0,8400,-1.0,-1.0,-1.0
2021/06/16,1291.5,1293.0,1286.0,1291.5,10600,-1.0,-1.0,-1.0
2021/06/17,1291.0,1291.0,1287.0,1288.5,1800,-1.0,-1.0,-1.0
2021/06/18,1289.5,1290.0,1285.5,1285.5,2000,-1.0,-1.0,-1.0
2021/06/21,1283.0,1286.0,1275.0,1275.0,7600,-1.0,-1.0,-1.0
2021/06/22,1282.5,1286.5,1281.5,1286.5,3600,-1.0,-1.0,-1.0
2021/06/23,1295.5,1295.5,1295.5,1295.5,800,-1.0,-1.0,-1.0
2021/06/24,1292.5,1292.5,1287.5,1287.5,800,-1.0,-1.0,-1.0
2021/06/25,1295.5,1295.5,1290.0,1294.5,3400,-1.0,-1.0,-1.0
2021/06/28,1299.0,1299.0,1285.5,1295.0,6400,-1.0,-1.0,-1.0
2021/06/29,1295.0,1296.5,1287.5,1291.0,6200,-1.0,-1.0,-1.0
2021/06/30,1291.0,1291.0,1291.0,1291.0,600,-1.0,-1.0,-1.0
2021/07/01,1316.0,1316.0,1290.5,1298.0,11800,-1.0,-1.0,-1.0
2021/07/02,1305.5,1307.5,1290.5,1290.5,5000,-1.0,-1.0,-1.0
2021/07/05,1295.5,1298.5,1292.5,1298.5,3600,-1.0,-1.0,-1.0
2021/07/06,1298.5,1299.5,1296.5,1299.5,1600,-1.0,-1.0,-1.0
2021/07/07,1294.5,1308.0,1294.5,1296.5,4800,-1.0,-1.0,-1.0
2021/07/08,1296.5,1296.5,1290.0,1290.0,4200,-1.0,-1.0,-1.0
2021/07/09,1289.5,1300.0,1282.5,1288.0,11600,-1.0,-1.0,-1.0
2021/07/12,1291.5,1300.5,1291.5,1294.0,5400,-1.0,-1.0,-1.0
2021/07/13,1299.0,1310.5,1298.5,1298.5,5000,-1.0,-1.0,-1.0
2021/07/14,1298.5,1310.0,1297.5,1299.0,3200,-1.0,-1.0,-1.0
2021/07/15,1303.5,1303.5,1292.5,1292.5,2800,-1.0,-1.0,-1.0
2021/07/16,1299.0,1304.5,1296.0,1298.5,5000,-1.0,-1.0,-1.0
2021/07/19,1295.0,1297.5,1290.0,1290.0,2600,-1.0,-1.0,-1.0
2021/07/20,1289.5,1293.0,1287.5,1291.0,3800,-1.0,-1.0,-1.0
2021/07/21,1296.5,1297.0,1291.0,1297.0,2600,-1.0,-1.0,-1.0
2021/07/26,1304.0,1309.5,1297.5,1297.5,7400,-1.0,-1.0,-1.0
2021/07/27,1300.0,1307.0,1300.0,1306.5,2000,-1.0,-1.0,-1.0
2021/07/28,1305.5,1309.5,1305.5,1305.5,2800,-1.0,-1.0,-1.0
2021/07/29,1305.5,1313.5,1300.0,1305.0,6800,-1.0,-1.0,-1.0
2021/07/30,1305.0,1315.5,1302.0,1302.0,3000,-1.0,-1.0,-1.0
2021/08/02,1320.5,1325.5,1299.5,1299.5,6800,-1.0,-1.0,-1.0
2021/08/03,1306.0,1310.5,1300.5,1300.5,3600,-1.0,-1.0,-1.0
2021/08/04,1301.0,1311.0,1295.0,1299.5,4600,-1.0,-1.0,-1.0
2021/08/05,1299.5,1305.0,1299.5,1300.0,1200,-1.0,-1.0,-1.0
2021/08/06,1306.5,1324.5,1305.5,1316.0,8600,-1.0,-1.0,-1.0
2021/08/10,1327.0,1337.5,1325.5,1325.5,3200,-1.0,-1.0,-1.0
2021/08/11,1325.5,1327.5,1315.0,1315.0,6200,-1.0,-1.0,-1.0
2021/08/12,1317.0,1317.5,1311.5,1311.5,1000,-1.0,-1.0,-1.0
2021/08/13,1308.5,1318.0,1308.5,1316.5,3000,-1.0,-1.0,-1.0
2021/08/16,1316.5,1317.5,1305.0,1305.0,5800,-1.0,-1.0,-1.0
2021/08/17,1318.0,1320.5,1317.0,1319.5,1200,-1.0,-1.0,-1.0
2021/08/18,1319.0,1328.0,1319.0,1319.0,3000,-1.0,-1.0,-1.0
2021/08/19,1319.0,1319.0,1315.0,1315.0,1400,-1.0,-1.0,-1.0
2021/08/20,1311.0,1321.0,1311.0,1315.5,1800,-1.0,-1.0,-1.0
2021/08/23,1322.0,1325.0,1316.0,1319.0,3600,-1.0,-1.0,-1.0
2021/08/24,1322.5,1323.5,1322.5,1323.5,1600,-1.0,-1.0,-1.0
2021/08/25,1323.5,1330.0,1311.0,1315.5,5800,-1.0,-1.0,-1.0
2021/08/26,1328.5,1333.0,1301.5,1301.5,8600,-1.0,-1.0,-1.0
2021/08/27,1311.0,1317.0,1308.0,1316.5,3800,-1.0,-1.0,-1.0
2021/08/30,1322.5,1322.5,1322.5,1322.5,600,-1.0,-1.0,-1.0
2021/08/31,1320.0,1325.5,1309.5,1309.5,5200,-1.0,-1.0,-1.0
2021/09/01,1322.0,1327.0,1306.5,1310.0,4400,-1.0,-1.0,-1.0
2021/09/02,1321.0,1321.0,1313.0,1313.0,2000,-1.0,-1.0,-1.0
2021/09/03,1313.0,1324.0,1313.0,1317.5,3800,-1.0,-1.0,-1.0
2021/09/06,1322.0,1328.5,1321.5,1324.5,4600,-1.0,-1.0,-1.0
2021/09/07,1330.0,1362.0,1329.0,1350.0,25400,-1.0,-1.0,-1.0
2021/09/08,1344.5,1351.0,1335.5,1351.0,10000,-1.0,-1.0,-1.0
2021/09/09,1340.5,1350.0,1320.5,1323.0,15600,-1.0,-1.0,-1.0
2021/09/10,1344.0,1349.0,1328.0,1349.0,10400,-1.0,-1.0,-1.0
2021/09/13,1353.0,1355.0,1346.5,1355.0,8600,-1.0,-1.0,-1.0
2021/09/14,1355.0,1361.5,1351.0,1361.5,8000,-1.0,-1.0,-1.0
2021/09/15,1353.5,1361.5,1352.5,1360.0,4600,-1.0,-1.0,-1.0
2021/09/16,1367.5,1367.5,1344.5,1364.5,9200,-1.0,-1.0,-1.0
2021/09/17,1364.5,1368.0,1350.0,1356.5,10400,-1.0,-1.0,-1.0
2021/09/21,1350.5,1355.0,1335.5,1335.5,9600,-1.0,-1.0,-1.0
2021/09/22,1336.0,1358.0,1336.0,1340.0,11400,-1.0,-1.0,-1.0
2021/09/24,1349.0,1384.0,1347.5,1384.0,12000,-1.0,-1.0,-1.0
2021/09/27,1385.0,1396.5,1361.5,1369.5,14600,-1.0,-1.0,-1.0
2021/09/28,1369.5,1378.0,1349.5,1355.0,10800,-1.0,-1.0,-1.0
2021/09/29,1340.5,1358.0,1339.5,1345.0,8800,-1.0,-1.0,-1.0
2021/09/30,1345.0,1346.0,1345.0,1346.0,1600,-1.0,-1.0,-1.0
2021/10/01,1346.0,1350.5,1324.5,1324.5,11600,-1.0,-1.0,-1.0
2021/10/04,1327.5,1335.0,1327.0,1331.0,4800,-1.0,-1.0,-1.0
2021/10/05,1350.0,1351.0,1324.5,1324.5,13600,-1.0,-1.0,-1.0
2021/10/06,1340.0,1345.0,1327.5,1330.5,5400,-1.0,-1.0,-1.0
2021/10/07,1323.0,1331.0,1323.0,1331.0,2400,-1.0,-1.0,-1.0
2021/10/08,1332.5,1339.0,1332.5,1339.0,1600,-1.0,-1.0,-1.0
2021/10/11,1340.5,1345.5,1335.0,1345.5,3400,-1.0,-1.0,-1.0
2021/10/12,1345.5,1358.5,1345.5,1345.5,7400,-1.0,-1.0,-1.0
2021/10/13,1345.5,1345.5,1342.0,1344.0,4600,-1.0,-1.0,-1.0
2021/10/14,1339.5,1345.0,1332.5,1340.5,5000,-1.0,-1.0,-1.0
2021/10/15,1343.5,1350.0,1343.5,1350.0,1000,-1.0,-1.0,-1.0
2021/10/18,1350.0,1354.5,1350.0,1350.5,5000,-1.0,-1.0,-1.0
2021/10/19,1350.5,1359.5,1350.5,1355.0,3400,-1.0,-1.0,-1.0
2021/10/20,1350.0,1354.0,1347.5,1348.0,3400,-1.0,-1.0,-1.0
2021/10/21,1348.0,1350.0,1345.0,1345.0,2000,-1.0,-1.0,-1.0
2021/10/22,1336.5,1343.5,1330.0,1335.0,12000,-1.0,-1.0,-1.0
2021/10/25,1338.5,1353.5,1335.5,1353.5,2000,-1.0,-1.0,-1.0
2021/10/26,1360.0,1370.0,1350.0,1351.0,4400,-1.0,-1.0,-1.0
2021/10/27,1342.5,1344.0,1332.0,1335.5,6400,-1.0,-1.0,-1.0
2021/10/28,1327.5,1335.0,1306.5,1306.5,13800,-1.0,-1.0,-1.0
2021/10/29,1306.5,1331.5,1306.5,1317.0,1800,-1.0,-1.0,-1.0
2021/11/01,1342.0,1371.0,1319.0,1334.5,8400,-1.0,-1.0,-1.0
2021/11/02,1327.5,1335.0,1324.5,1325.5,2800,-1.0,-1.0,-1.0
2021/11/04,1325.5,1331.0,1325.0,1327.5,3800,-1.0,-1.0,-1.0
2021/11/05,1331.0,1350.0,1331.0,1345.0,7600,-1.0,-1.0,-1.0
2021/11/08,1359.5,1359.5,1340.5,1353.0,7600,-1.0,-1.0,-1.0
2021/11/09,1351.0,1359.0,1322.5,1351.0,5800,-1.0,-1.0,-1.0
2021/11/10,1347.5,1352.5,1342.5,1348.0,5200,-1.0,-1.0,-1.0
2021/11/11,1355.5,1374.0,1355.0,1355.0,7800,-1.0,-1.0,-1.0
2021/11/12,1358.5,1361.5,1348.0,1358.5,4400,-1.0,-1.0,-1.0
2021/11/15,1364.0,1374.5,1364.0,1369.5,2000,-1.0,-1.0,-1.0
2021/11/16,1369.5,1383.5,1361.5,1378.5,4000,-1.0,-1.0,-1.0
2021/11/17,1380.0,1397.0,1364.5,1364.5,9000,-1.0,-1.0,-1.0
2021/11/18,1364.5,1364.5,1352.0,1357.5,3200,-1.0,-1.0,-1.0
2021/11/19,1357.5,1363.0,1343.5,1343.5,5600,-1.0,-1.0,-1.0
2021/11/22,1334.5,1346.0,1334.5,1339.5,2400,-1.0,-1.0,-1.0
2021/11/24,1346.0,1365.0,1346.0,1351.0,2600,-1.0,-1.0,-1.0
2021/11/25,1348.0,1354.5,1348.0,1353.5,2000,-1.0,-1.0,-1.0
2021/11/26,1377.5,1377.5,1329.0,1329.0,6800,-1.0,-1.0,-1.0
2021/11/29,1326.5,1337.0,1301.5,1301.5,9600,-1.0,-1.0,-1.0
2021/11/30,1304.5,1314.0,1300.0,1303.5,6200,-1.0,-1.0,-1.0
2021/12/01,1328.5,1330.5,1307.5,1323.0,11400,-1.0,-1.0,-1.0
2021/12/02,1324.5,1325.0,1319.5,1325.0,7600,-1.0,-1.0,-1.0
2021/12/03,1319.5,1333.5,1318.5,1331.5,4000,-1.0,-1.0,-1.0
2021/12/06,1319.5,1334.0,1319.5,1334.0,5800,-1.0,-1.0,-1.0
2021/12/07,1332.0,1347.5,1316.0,1347.0,10600,-1.0,-1.0,-1.0
2021/12/08,1342.5,1344.0,1320.0,1337.5,9600,-1.0,-1.0,-1.0
2021/12/09,1330.5,1342.5,1321.5,1324.5,2600,-1.0,-1.0,-1.0
2021/12/10,1315.5,1337.0,1313.5,1313.5,5200,-1.0,-1.0,-1.0
2021/12/13,1315.0,1323.0,1315.0,1316.5,4200,-1.0,-1.0,-1.0
2021/12/14,1316.5,1323.5,1312.5,1312.5,5000,-1.0,-1.0,-1.0
2021/12/15,1307.0,1321.5,1307.0,1321.5,1400,-1.0,-1.0,-1.0
2021/12/16,1321.5,1321.5,1313.0,1313.0,1800,-1.0,-1.0,-1.0
2021/12/17,1314.5,1328.0,1314.5,1319.0,5200,-1.0,-1.0,-1.0
2021/12/20,1319.0,1320.0,1309.0,1309.0,2800,-1.0,-1.0,-1.0
2021/12/21,1310.0,1321.5,1310.0,1319.0,3200,-1.0,-1.0,-1.0
2021/12/22,1315.5,1320.0,1315.0,1319.5,1600,-1.0,-1.0,-1.0
2021/12/23,1319.5,1321.0,1311.0,1313.0,1000,-1.0,-1.0,-1.0
2021/12/24,1313.5,1324.0,1313.5,1324.0,600,-1.0,-1.0,-1.0
2021/12/27,1325.0,1325.0,1316.5,1320.0,4200,-1.0,-1.0,-1.0
2021/12/28,1317.5,1321.0,1317.0,1320.0,3600,-1.0,-1.0,-1.0
2021/12/29,1324.5,1325.0,1316.0,1322.0,3600,-1.0,-1.0,-1.0
2021/12/30,1325.0,1325.0,1318.5,1318.5,400,-1.0,-1.0,-1.0
2022/01/04,1318.5,1322.0,1311.0,1322.0,1200,-1.0,-1.0,-1.0
2022/01/05,1322.0,1322.5,1322.0,1322.5,2000,-1.0,-1.0,-1.0
2022/01/06,1314.5,1315.0,1314.5,1315.0,1200,-1.0,-1.0,-1.0
2022/01/07,1324.5,1324.5,1320.0,1320.0,2000,-1.0,-1.0,-1.0
2022/01/11,1320.0,1320.5,1315.0,1315.0,1400,-1.0,-1.0,-1.0
2022/01/12,1315.0,1326.5,1315.0,1326.5,2600,-1.0,-1.0,-1.0
2022/01/13,1321.0,1321.0,1315.0,1316.0,1000,-1.0,-1.0,-1.0
2022/01/14,1316.0,1316.0,1302.0,1305.5,6200,-1.0,-1.0,-1.0
2022/01/17,1312.5,1312.5,1303.0,1306.5,2600,-1.0,-1.0,-1.0
2022/01/18,1314.5,1314.5,1305.5,1306.0,2400,-1.0,-1.0,-1.0
2022/01/19,1306.0,1312.5,1305.0,1305.5,1800,-1.0,-1.0,-1.0
2022/01/20,1305.5,1318.5,1304.0,1304.0,1200,-1.0,-1.0,-1.0
2022/01/21,1305.0,1322.0,1302.0,1316.5,1800,-1.0,-1.0,-1.0
2022/01/24,1323.5,1323.5,1317.5,1323.0,600,-1.0,-1.0,-1.0
2022/01/25,1323.0,1323.0,1307.5,1316.0,2800,-1.0,-1.0,-1.0
2022/01/26,1323.0,1323.0,1304.5,1314.5,3600,-1.0,-1.0,-1.0
2022/01/27,1319.0,1319.0,1300.0,1300.5,5400,-1.0,-1.0,-1.0
2022/01/28,1300.5,1318.5,1300.5,1318.5,3000,-1.0,-1.0,-1.0
2022/01/31,1303.5,1319.0,1303.5,1319.0,1400,-1.0,-1.0,-1.0
2022/02/01,1324.5,1324.5,1320.0,1322.5,1400,-1.0,-1.0,-1.0
2022/02/02,1324.0,1335.0,1324.0,1332.5,3400,-1.0,-1.0,-1.0
2022/02/03,1330.0,1330.0,1323.0,1323.0,800,-1.0,-1.0,-1.0
2022/02/04,1329.5,1329.5,1320.0,1322.5,4800,-1.0,-1.0,-1.0
2022/02/07,1315.5,1328.5,1315.5,1320.5,3000,-1.0,-1.0,-1.0
2022/02/08,1320.5,1331.5,1320.5,1323.0,2200,-1.0,-1.0,-1.0
2022/02/09,1323.0,1331.0,1316.5,1331.0,3600,-1.0,-1.0,-1.0
2022/02/10,1333.5,1334.5,1322.5,1333.0,4200,-1.0,-1.0,-1.0
2022/02/14,1318.0,1334.5,1318.0,1325.0,2000,-1.0,-1.0,-1.0
2022/02/15,1334.5,1334.5,1318.5,1318.5,3200,-1.0,-1.0,-1.0
2022/02/16,1323.5,1325.5,1321.5,1325.5,2800,-1.0,-1.0,-1.0
2022/02/17,1325.5,1334.0,1325.5,1327.0,1400,-1.0,-1.0,-1.0
2022/02/18,1320.5,1334.5,1320.5,1326.5,2200,-1.0,-1.0,-1.0
2022/02/21,1326.5,1333.0,1320.5,1320.5,2600,-1.0,-1.0,-1.0
2022/02/22,1320.5,1321.5,1316.5,1316.5,1000,-1.0,-1.0,-1.0
2022/02/24,1316.5,1316.5,1310.0,1313.0,3600,-1.0,-1.0,-1.0
2022/02/25,1313.0,1313.0,1305.5,1311.5,5000,-1.0,-1.0,-1.0
2022/02/28,1335.5,1335.5,1319.5,1325.0,5000,-1.0,-1.0,-1.0
2022/03/01,1325.0,1325.0,1311.0,1311.0,4200,-1.0,-1.0,-1.0
2022/03/02,1311.0,1311.5,1301.0,1301.0,7200,-1.0,-1.0,-1.0
2022/03/03,1323.5,1323.5,1310.5,1313.5,2000,-1.0,-1.0,-1.0
2022/03/04,1319.5,1320.5,1302.5,1305.5,9800,-1.0,-1.0,-1.0
2022/03/07,1307.5,1307.5,1290.5,1292.0,4800,-1.0,-1.0,-1.0
2022/03/08,1291.0,1317.5,1291.0,1300.0,6000,-1.0,-1.0,-1.0
2022/03/09,1295.5,1295.5,1285.0,1289.5,3000,-1.0,-1.0,-1.0
2022/03/10,1314.5,1314.5,1289.5,1297.5,5200,-1.0,-1.0,-1.0
2022/03/11,1281.5,1289.5,1281.5,1288.5,4200,-1.0,-1.0,-1.0
2022/03/14,1289.5,1307.0,1289.5,1307.0,4400,-1.0,-1.0,-1.0
2022/03/15,1309.5,1317.5,1298.5,1310.0,14600,-1.0,-1.0,-1.0
2022/03/16,1317.5,1323.0,1314.0,1314.0,2600,-1.0,-1.0,-1.0
2022/03/17,1323.0,1323.0,1321.5,1321.5,1600,-1.0,-1.0,-1.0
2022/03/18,1321.5,1321.5,1310.5,1320.5,5400,-1.0,-1.0,-1.0
2022/03/22,1320.5,1327.0,1320.5,1327.0,5000,-1.0,-1.0,-1.0
2022/03/23,1324.5,1352.0,1324.5,1344.0,4800,-1.0,-1.0,-1.0
2022/03/24,1330.0,1344.5,1330.0,1344.5,1600,-1.0,-1.0,-1.0
2022/03/25,1344.5,1344.5,1334.5,1340.0,3200,-1.0,-1.0,-1.0
2022/03/28,1340.0,1340.0,1334.0,1334.5,2000,-1.0,-1.0,-1.0
2022/03/29,1339.0,1339.0,1335.0,1337.0,3800,-1.0,-1.0,-1.0
2022/03/30,1333.0,1335.5,1328.0,1334.0,5800,-1.0,-1.0,-1.0
2022/03/31,1333.0,1333.0,1324.5,1324.5,5600,-1.0,-1.0,-1.0
2022/04/01,1330.5,1332.5,1328.0,1330.0,2800,-1.0,-1.0,-1.0
2022/04/04,1336.5,1336.5,1320.0,1329.5,3200,-1.0,-1.0,-1.0
2022/04/05,1316.5,1322.5,1316.5,1322.5,3400,-1.0,-1.0,-1.0
2022/04/06,1314.0,1314.0,1305.0,1305.0,3200,-1.0,-1.0,-1.0
2022/04/07,1302.0,1306.5,1298.5,1305.0,4200,-1.0,-1.0,-1.0
2022/04/08,1297.5,1297.5,1289.0,1289.0,4000,-1.0,-1.0,-1.0
2022/04/11,1290.0,1308.5,1287.5,1295.5,3000,-1.0,-1.0,-1.0
2022/04/12,1295.5,1295.5,1277.5,1277.5,3600,-1.0,-1.0,-1.0
2022/04/13,1265.5,1278.0,1265.5,1275.5,2800,-1.0,-1.0,-1.0
2022/04/14,1300.5,1300.5,1288.0,1292.0,1400,-1.0,-1.0,-1.0
2022/04/15,1292.0,1292.0,1292.0,1292.0,600,-1.0,-1.0,-1.0
2022/04/18,1277.5,1293.0,1277.5,1293.0,1800,-1.0,-1.0,-1.0
2022/04/19,1281.0,1283.0,1281.0,1283.0,2400,-1.0,-1.0,-1.0
2022/04/20,1279.5,1303.0,1279.5,1283.5,1600,-1.0,-1.0,-1.0
2022/04/21,1277.0,1302.0,1277.0,1283.5,2200,-1.0,-1.0,-1.0
2022/04/22,1283.5,1283.5,1279.5,1279.5,800,-1.0,-1.0,-1.0
2022/04/25,1304.0,1304.0,1277.0,1283.5,3200,-1.0,-1.0,-1.0
2022/04/26,1298.0,1298.0,1283.5,1283.5,2600,-1.0,-1.0,-1.0
2022/04/27,1283.0,1300.0,1277.5,1282.5,12000,-1.0,-1.0,-1.0
2022/04/28,1279.5,1290.5,1279.5,1290.5,1800,-1.0,-1.0,-1.0
2022/05/02,1283.0,1287.5,1282.0,1283.0,3800,-1.0,-1.0,-1.0
2022/05/06,1293.0,1293.0,1284.5,1287.5,3000,-1.0,-1.0,-1.0
2022/05/09,1290.0,1290.0,1282.0,1282.0,3200,-1.0,-1.0,-1.0
2022/05/10,1282.5,1282.5,1277.0,1277.0,2800,-1.0,-1.0,-1.0
2022/05/11,1290.5,1297.5,1275.0,1297.5,8800,-1.0,-1.0,-1.0
2022/05/12,1295.5,1297.5,1283.0,1283.0,3800,-1.0,-1.0,-1.0
2022/05/13,1288.5,1292.0,1283.5,1292.0,1400,-1.0,-1.0,-1.0
2022/05/16,1292.0,1292.0,1281.5,1290.0,2800,-1.0,-1.0,-1.0
2022/05/17,1282.5,1294.5,1282.5,1294.5,3200,-1.0,-1.0,-1.0
2022/05/18,1304.5,1304.5,1285.5,1300.5,800,-1.0,-1.0,-1.0
2022/05/19,1298.5,1298.5,1275.5,1288.0,3000,-1.0,-1.0,-1.0
2022/05/20,1284.0,1290.0,1284.0,1287.5,2600,-1.0,-1.0,-1.0
2022/05/23,1293.0,1293.0,1283.5,1286.5,2000,-1.0,-1.0,-1.0
2022/05/24,1283.0,1283.0,1277.5,1277.5,3000,-1.0,-1.0,-1.0
2022/05/25,1275.5,1276.0,1270.0,1276.0,4000,-1.0,-1.0,-1.0
2022/05/26,1276.0,1280.5,1272.0,1274.5,5600,-1.0,-1.0,-1.0
2022/05/27,1277.0,1280.5,1275.0,1280.5,1800,-1.0,-1.0,-1.0
2022/05/30,1275.0,1292.0,1275.0,1289.5,11200,-1.0,-1.0,-1.0
2022/05/31,1277.5,1297.5,1277.5,1295.0,2600,-1.0,-1.0,-1.0
2022/06/01,1298.5,1313.5,1295.0,1307.5,6200,-1.0,-1.0,-1.0
2022/06/02,1310.0,1310.0,1304.0,1307.5,3800,-1.0,-1.0,-1.0
2022/06/03,1291.5,1302.5,1291.5,1301.5,2600,-1.0,-1.0,-1.0
2022/06/06,1301.5,1301.5,1301.5,1301.5,600,-1.0,-1.0,-1.0
2022/06/07,1298.0,1298.0,1289.0,1294.5,3800,-1.0,-1.0,-1.0
2022/06/08,1301.5,1301.5,1282.0,1283.5,4800,-1.0,-1.0,-1.0
2022/06/09,1284.0,1290.5,1283.0,1283.5,3800,-1.0,-1.0,-1.0
2022/06/10,1280.0,1280.0,1275.0,1275.5,5000,-1.0,-1.0,-1.0
2022/06/13,1273.0,1275.0,1265.5,1267.5,5400,-1.0,-1.0,-1.0
2022/06/14,1262.0,1271.0,1262.0,1262.5,3600,-1.0,-1.0,-1.0
2022/06/15,1263.5,1274.0,1260.5,1260.5,4200,-1.0,-1.0,-1.0
2022/06/16,1260.0,1260.0,1255.5,1259.0,6600,-1.0,-1.0,-1.0
2022/06/17,1253.5,1255.0,1243.0,1243.0,9400,-1.0,-1.0,-1.0
2022/06/20,1243.0,1244.0,1238.0,1238.0,3400,-1.0,-1.0,-1.0
2022/06/21,1238.0,1245.0,1238.0,1242.0,27800,-1.0,-1.0,-1.0
2022/06/22,1255.5,1255.5,1244.0,1248.0,6200,-1.0,-1.0,-1.0
2022/06/23,1252.5,1252.5,1241.5,1241.5,1200,-1.0,-1.0,-1.0
2022/06/24,1250.0,1252.5,1245.5,1252.5,1600,-1.0,-1.0,-1.0
2022/06/27,1261.0,1261.0,1244.5,1245.5,4000,-1.0,-1.0,-1.0
2022/06/28,1252.5,1258.0,1248.5,1258.0,3000,-1.0,-1.0,-1.0
2022/06/29,1253.0,1255.0,1250.0,1255.0,9800,-1.0,-1.0,-1.0
2022/06/30,1255.0,1255.0,1244.5,1245.0,12200,-1.0,-1.0,-1.0
2022/07/01,1261.5,1263.0,1231.5,1231.5,16400,-1.0,-1.0,-1.0
2022/07/04,1245.5,1246.5,1234.0,1236.0,3400,-1.0,-1.0,-1.0
2022/07/05,1236.0,1239.5,1232.5,1233.0,4400,-1.0,-1.0,-1.0
2022/07/06,1233.0,1240.0,1231.0,1231.0,11800,-1.0,-1.0,-1.0
2022/07/07,1231.0,1236.0,1230.5,1230.5,4200,-1.0,-1.0,-1.0
2022/07/08,1233.0,1233.5,1221.0,1221.0,15600,-1.0,-1.0,-1.0
2022/07/11,1225.0,1225.0,1219.0,1220.0,16400,-1.0,-1.0,-1.0
2022/07/12,1223.5,1225.0,1218.0,1222.0,7600,-1.0,-1.0,-1.0
2022/07/13,1215.5,1221.5,1215.5,1216.5,4000,-1.0,-1.0,-1.0
2022/07/14,1224.5,1224.5,1216.5,1224.0,2800,-1.0,-1.0,-1.0
2022/07/15,1219.0,1220.5,1216.0,1216.0,3400,-1.0,-1.0,-1.0
2022/07/19,1223.0,1223.0,1220.0,1222.5,1200,-1.0,-1.0,-1.0
2022/07/20,1229.5,1229.5,1217.0,1217.0,7000,-1.0,-1.0,-1.0
2022/07/21,1216.0,1223.5,1216.0,1217.0,4800,-1.0,-1.0,-1.0
2022/07/22,1224.0,1224.0,1217.0,1220.0,2600,-1.0,-1.0,-1.0
2022/07/25,1222.5,1229.0,1220.0,1229.0,12400,-1.0,-1.0,-1.0
2022/07/26,1235.0,1235.0,1223.0,1229.5,17200,-1.0,-1.0,-1.0
2022/07/27,1229.0,1230.5,1220.0,1220.0,5000,-1.0,-1.0,-1.0
2022/07/28,1229.5,1229.5,1224.0,1225.5,4400,-1.0,-1.0,-1.0
2022/07/29,1222.5,1227.5,1221.0,1227.5,6600,-1.0,-1.0,-1.0
2022/08/01,1230.5,1230.5,1215.0,1220.5,14600,-1.0,-1.0,-1.0
2022/08/02,1220.5,1230.0,1210.0,1210.0,15000,-1.0,-1.0,-1.0
2022/08/03,1210.5,1211.5,1201.5,1202.0,14200,-1.0,-1.0,-1.0
2022/08/04,1205.0,1211.0,1202.0,1202.0,6200,-1.0,-1.0,-1.0
2022/08/05,1202.0,1208.5,1201.5,1201.5,8600,-1.0,-1.0,-1.0
2022/08/08,1205.0,1209.0,1201.0,1204.0,7000,-1.0,-1.0,-1.0
2022/08/09,1203.5,1208.0,1201.5,1201.5,3000,-1.0,-1.0,-1.0
2022/08/10,1201.0,1205.5,1200.0,1204.0,5000,-1.0,-1.0,-1.0
2022/08/12,1204.0,1211.0,1201.0,1211.0,9400,-1.0,-1.0,-1.0
2022/08/15,1207.0,1213.0,1207.0,1208.0,4400,-1.0,-1.0,-1.0
2022/08/16,1208.0,1213.0,1203.5,1211.5,3600,-1.0,-1.0,-1.0
2022/08/17,1211.5,1213.0,1208.0,1213.0,2800,-1.0,-1.0,-1.0
2022/08/18,1210.0,1210.0,1206.5,1208.0,5000,-1.0,-1.0,-1.0
2022/08/19,1208.0,1218.5,1206.5,1215.0,10600,-1.0,-1.0,-1.0
2022/08/22,1215.0,1216.0,1208.5,1216.0,5000,-1.0,-1.0,-1.0
2022/08/23,1216.0,1216.0,1206.0,1206.0,8600,-1.0,-1.0,-1.0
2022/08/24,1206.0,1210.0,1204.5,1207.0,7000,-1.0,-1.0,-1.0
2022/08/25,1207.0,1211.5,1206.0,1211.5,4200,-1.0,-1.0,-1.0
2022/08/26,1211.5,1217.0,1207.5,1215.5,7400,-1.0,-1.0,-1.0
2022/08/29,1211.5,1214.5,1209.5,1214.0,5800,-1.0,-1.0,-1.0
2022/08/30,1210.5,1211.5,1210.5,1211.0,2800,-1.0,-1.0,-1.0
2022/08/31,1209.0,1214.0,1208.0,1214.0,4000,-1.0,-1.0,-1.0
2022/09/01,1214.0,1214.0,1207.5,1208.5,5600,-1.0,-1.0,-1.0
2022/09/02,1207.5,1212.0,1205.0,1209.0,9000,-1.0,-1.0,-1.0
2022/09/05,1205.0,1214.5,1205.0,1211.0,5000,-1.0,-1.0,-1.0
2022/09/06,1206.5,1207.5,1204.0,1204.0,13400,-1.0,-1.0,-1.0
2022/09/07,1203.5,1203.5,1196.5,1196.5,13800,-1.0,-1.0,-1.0
2022/09/08,1196.0,1205.0,1196.0,1203.0,5200,-1.0,-1.0,-1.0
2022/09/09,1199.5,1205.0,1199.5,1203.0,6200,-1.0,-1.0,-1.0
2022/09/12,1209.5,1209.5,1195.5,1203.0,7600,-1.0,-1.0,-1.0
2022/09/13,1203.0,1203.0,1199.0,1200.5,1200,-1.0,-1.0,-1.0
2022/09/14,1197.5,1202.5,1195.5,1197.5,3200,-1.0,-1.0,-1.0
2022/09/15,1198.0,1198.5,1197.0,1197.5,2800,-1.0,-1.0,-1.0
2022/09/16,1197.5,1197.5,1195.5,1195.5,4400,-1.0,-1.0,-1.0
2022/09/20,1197.5,1197.5,1188.5,1189.0,17400,-1.0,-1.0,-1.0
2022/09/21,1185.0,1189.0,1183.5,1183.5,7400,-1.0,-1.0,-1.0
2022/09/22,1183.0,1184.0,1175.0,1180.0,12800,-1.0,-1.0,-1.0
2022/09/26,1175.5,1175.5,1151.0,1157.0,14400,-1.0,-1.0,-1.0
2022/09/27,1161.0,1161.0,1154.0,1157.0,5400,-1.0,-1.0,-1.0
2022/09/28,1154.0,1158.0,1150.0,1158.0,10200,-1.0,-1.0,-1.0
2022/09/29,1149.0,1149.0,1139.5,1146.0,9400,-1.0,-1.0,-1.0
2022/09/30,1146.0,1151.0,1146.0,1146.5,3400,-1.0,-1.0,-1.0
2022/10/03,1146.0,1146.5,1140.0,1140.0,2400,-1.0,-1.0,-1.0
2022/10/04,1140.5,1146.0,1140.0,1146.0,6800,-1.0,-1.0,-1.0
2022/10/05,1146.0,1146.0,1138.5,1144.5,9200,-1.0,-1.0,-1.0
2022/10/06,1140.0,1142.5,1138.5,1142.5,21600,-1.0,-1.0,-1.0
2022/10/07,1136.0,1137.5,1131.5,1133.0,13200,-1.0,-1.0,-1.0
2022/10/11,1130.0,1133.0,1126.5,1129.0,6800,-1.0,-1.0,-1.0
2022/10/12,1132.0,1132.5,1125.0,1131.0,6200,-1.0,-1.0,-1.0
2022/10/13,1125.5,1125.5,1120.0,1120.0,6200,-1.0,-1.0,-1.0
2022/10/14,1123.0,1124.5,1117.5,1124.0,16400,-1.0,-1.0,-1.0
2022/10/17,1120.0,1129.0,1120.0,1123.0,7600,-1.0,-1.0,-1.0
2022/10/18,1128.5,1128.5,1118.0,1118.0,5600,-1.0,-1.0,-1.0
2022/10/19,1117.5,1120.5,1115.5,1118.0,8200,-1.0,-1.0,-1.0
2022/10/20,1115.5,1115.5,1107.0,1107.0,11600,-1.0,-1.0,-1.0
2022/10/21,1110.5,1110.5,1104.0,1105.5,6200,-1.0,-1.0,-1.0
2022/10/24,1105.5,1115.5,1105.5,1106.5,2400,-1.0,-1.0,-1.0
2022/10/25,1114.0,1114.0,1108.0,1114.0,5400,-1.0,-1.0,-1.0
2022/10/26,1118.5,1122.5,1114.5,1119.5,8000,-1.0,-1.0,-1.0
2022/10/27,1122.0,1122.0,1106.0,1106.0,9800,-1.0,-1.0,-1.0
2022/10/28,1105.0,1108.0,1091.0,1091.0,62600,-1.0,-1.0,-1.0
2022/10/31,1093.0,1097.0,1090.5,1090.5,12200,-1.0,-1.0,-1.0
2022/11/01,1097.5,1102.5,1092.5,1102.0,5800,-1.0,-1.0,-1.0
2022/11/02,1102.5,1102.5,1095.0,1095.0,7000,-1.0,-1.0,-1.0
2022/11/04,1093.5,1094.0,1093.0,1093.0,2600,-1.0,-1.0,-1.0
2022/11/07,1093.0,1101.0,1093.0,1094.0,11600,-1.0,-1.0,-1.0
2022/11/08,1100.0,1101.0,1093.0,1099.5,9000,-1.0,-1.0,-1.0
2022/11/09,1103.5,1103.5,1095.5,1095.5,3800,-1.0,-1.0,-1.0
2022/11/10,1098.5,1098.5,1092.5,1092.5,4800,-1.0,-1.0,-1.0
2022/11/11,1094.5,1100.0,1094.0,1094.5,4000,-1.0,-1.0,-1.0
2022/11/14,1091.0,1104.5,1091.0,1095.5,19400,-1.0,-1.0,-1.0
2022/11/15,1108.0,1108.0,1097.0,1098.0,6200,-1.0,-1.0,-1.0
2022/11/16,1102.0,1102.0,1094.5,1095.0,3600,-1.0,-1.0,-1.0
2022/11/17,1098.5,1101.0,1098.0,1101.0,2200,-1.0,-1.0,-1.0
2022/11/18,1109.5,1113.0,1106.0,1110.0,6200,-1.0,-1.0,-1.0
2022/11/21,1110.0,1114.0,1110.0,1111.0,6000,-1.0,-1.0,-1.0
2022/11/22,1115.0,1120.0,1114.0,1118.0,4000,-1.0,-1.0,-1.0
2022/11/24,1122.0,1124.0,1120.5,1124.0,4200,-1.0,-1.0,-1.0
2022/11/25,1132.5,1136.0,1130.0,1136.0,6800,-1.0,-1.0,-1.0
2022/11/28,1148.0,1148.5,1140.5,1148.5,7000,-1.0,-1.0,-1.0
2022/11/29,1148.5,1148.5,1138.5,1142.0,7600,-1.0,-1.0,-1.0
2022/11/30,1146.0,1146.0,1136.5,1137.0,3800,-1.0,-1.0,-1.0
2022/12/01,1148.0,1148.0,1123.5,1130.5,12600,-1.0,-1.0,-1.0
2022/12/02,1130.5,1130.5,1122.5,1122.5,8600,-1.0,-1.0,-1.0
2022/12/05,1125.0,1127.0,1121.5,1125.0,2400,-1.0,-1.0,-1.0
2022/12/06,1116.5,1116.5,1106.0,1109.5,7400,-1.0,-1.0,-1.0
2022/12/07,1112.5,1112.5,1105.0,1105.0,4200,-1.0,-1.0,-1.0
2022/12/08,1111.5,1112.5,1103.0,1103.0,3200,-1.0,-1.0,-1.0
2022/12/09,1103.0,1115.0,1103.0,1109.5,13000,-1.0,-1.0,-1.0
2022/12/12,1106.0,1109.5,1104.5,1104.5,6400,-1.0,-1.0,-1.0
2022/12/13,1105.0,1108.5,1103.5,1103.5,5000,-1.0,-1.0,-1.0
2022/12/14,1104.0,1108.0,1104.0,1108.0,3000,-1.0,-1.0,-1.0
2022/12/15,1105.0,1107.5,1104.5,1105.0,2600,-1.0,-1.0,-1.0
2022/12/16,1106.0,1106.0,1102.0,1102.0,6600,-1.0,-1.0,-1.0
2022/12/19,1106.0,1107.5,1100.0,1100.0,6400,-1.0,-1.0,-1.0
2022/12/20,1099.5,1104.0,1095.0,1095.0,12600,-1.0,-1.0,-1.0
2022/12/21,1094.5,1094.5,1090.0,1090.0,11000,-1.0,-1.0,-1.0
2022/12/22,1101.0,1101.0,1086.5,1088.5,25600,-1.0,-1.0,-1.0
2022/12/23,1087.5,1090.0,1080.0,1080.0,26600,-1.0,-1.0,-1.0
2022/12/26,1100.0,1100.0,1085.5,1085.5,8400,-1.0,-1.0,-1.0
2022/12/27,1084.0,1084.5,1081.5,1081.5,6200,-1.0,-1.0,-1.0
2022/12/28,1081.5,1084.0,1077.0,1079.0,14200,-1.0,-1.0,-1.0
2022/12/29,1082.5,1091.5,1082.5,1085.0,5000,-1.0,-1.0,-1.0
2022/12/30,1090.5,1090.5,1085.0,1090.0,4400,-1.0,-1.0,-1.0
2023/01/04,1085.5,1087.5,1078.0,1078.5,7800,-1.0,-1.0,-1.0
2023/01/05,1079.5,1079.5,1069.0,1069.0,14200,-1.0,-1.0,-1.0
2023/01/06,1069.0,1071.0,1068.0,1071.0,2600,-1.0,-1.0,-1.0
2023/01/10,1077.0,1078.5,1072.0,1077.5,3600,-1.0,-1.0,-1.0
2023/01/11,1076.0,1079.5,1075.5,1076.0,3800,-1.0,-1.0,-1.0
2023/01/12,1075.5,1075.5,1070.0,1070.0,6400,-1.0,-1.0,-1.0
2023/01/13,1070.0,1074.0,1068.5,1069.0,7200,-1.0,-1.0,-1.0
2023/01/16,1070.0,1070.0,1062.5,1064.0,10000,-1.0,-1.0,-1.0
2023/01/17,1061.5,1065.5,1057.0,1062.5,12000,-1.0,-1.0,-1.0
2023/01/18,1067.5,1067.5,1061.5,1066.5,7400,-1.0,-1.0,-1.0
2023/01/19,1062.5,1068.5,1062.5,1064.0,5200,-1.0,-1.0,-1.0
2023/01/20,1062.5,1067.0,1062.5,1064.0,7400,-1.0,-1.0,-1.0
2023/01/23,1070.5,1087.0,1070.5,1087.0,10200,-1.0,-1.0,-1.0
2023/01/24,1094.5,1110.5,1085.0,1110.5,11000,-1.0,-1.0,-1.0
2023/01/25,1110.0,1123.5,1104.5,1123.5,8800,-1.0,-1.0,-1.0
2023/01/26,1130.0,1130.0,1114.0,1114.0,10400,-1.0,-1.0,-1.0
2023/01/27,1121.5,1131.0,1117.5,1131.0,7800,-1.0,-1.0,-1.0
2023/01/30,1135.0,1135.0,1102.0,1102.0,35200,-1.0,-1.0,-1.0
2023/01/31,1112.5,1145.0,1112.5,1145.0,15800,-1.0,-1.0,-1.0
2023/02/01,1145.0,1145.0,1134.5,1138.0,7200,-1.0,-1.0,-1.0
2023/02/02,1141.0,1141.0,1133.5,1139.0,2400,-1.0,-1.0,-1.0
2023/02/03,1129.5,1136.0,1124.0,1136.0,2600,-1.0,-1.0,-1.0
2023/02/06,1137.0,1178.5,1130.5,1164.0,35400,-1.0,-1.0,-1.0
2023/02/07,1173.5,1173.5,1161.0,1161.5,14200,-1.0,-1.0,-1.0
2023/02/08,1162.5,1172.0,1162.5,1172.0,9600,-1.0,-1.0,-1.0
2023/02/09,1174.0,1175.0,1169.0,1173.0,15800,-1.0,-1.0,-1.0
2023/02/10,1176.5,1176.5,1165.0,1168.0,4000,-1.0,-1.0,-1.0
2023/02/13,1169.5,1178.0,1169.5,1175.5,7600,-1.0,-1.0,-1.0
2023/02/14,1178.0,1178.0,1173.0,1174.5,3000,-1.0,-1.0,-1.0
2023/02/15,1170.5,1175.5,1168.5,1168.5,8600,-1.0,-1.0,-1.0
2023/02/16,1176.0,1176.0,1159.5,1161.0,5400,-1.0,-1.0,-1.0
2023/02/17,1160.5,1165.5,1150.0,1157.5,4600,-1.0,-1.0,-1.0
2023/02/20,1168.0,1168.5,1158.0,1168.5,9000,-1.0,-1.0,-1.0
2023/02/21,1158.0,1170.0,1158.0,1167.5,7800,-1.0,-1.0,-1.0
2023/02/22,1167.5,1168.0,1165.5,1165.5,3800,-1.0,-1.0,-1.0
2023/02/24,1161.0,1165.0,1153.0,1163.0,12600,-1.0,-1.0,-1.0
2023/02/27,1169.0,1194.0,1165.0,1194.0,28600,-1.0,-1.0,-1.0
2023/02/28,1187.0,1187.0,1162.5,1162.5,8400,-1.0,-1.0,-1.0
2023/03/01,1163.0,1177.5,1163.0,1177.5,7800,-1.0,-1.0,-1.0
2023/03/02,1170.0,1174.5,1168.0,1173.5,2600,-1.0,-1.0,-1.0
2023/03/03,1180.0,1180.0,1157.0,1173.0,19800,-1.0,-1.0,-1.0
2023/03/06,1175.0,1193.0,1172.5,1177.5,7800,-1.0,-1.0,-1.0
2023/03/07,1183.5,1187.5,1183.0,1183.0,5000,-1.0,-1.0,-1.0
2023/03/08,1177.0,1187.5,1177.0,1186.5,4800,-1.0,-1.0,-1.0
2023/03/09,1186.0,1194.0,1185.0,1194.0,11200,-1.0,-1.0,-1.0
2023/03/10,1191.5,1191.5,1181.0,1181.0,12200,-1.0,-1.0,-1.0
2023/03/13,1173.0,1177.0,1154.5,1166.5,14800,-1.0,-1.0,-1.0
2023/03/14,1155.5,1158.5,1147.5,1150.0,17400,-1.0,-1.0,-1.0
2023/03/15,1150.0,1162.5,1150.0,1157.0,7400,-1.0,-1.0,-1.0
2023/03/16,1143.0,1143.5,1130.5,1138.5,8200,-1.0,-1.0,-1.0
2023/03/17,1144.5,1161.0,1144.5,1157.5,7200,-1.0,-1.0,-1.0
2023/03/20,1161.0,1161.0,1138.0,1138.0,8400,-1.0,-1.0,-1.0
2023/03/22,1138.0,1152.5,1138.0,1151.5,5200,-1.0,-1.0,-1.0
2023/03/23,1155.5,1162.0,1136.0,1153.0,6200,-1.0,-1.0,-1.0
2023/03/24,1150.0,1159.0,1149.5,1156.5,5200,-1.0,-1.0,-1.0
2023/03/27,1162.0,1171.5,1162.0,1171.5,9600,-1.0,-1.0,-1.0
2023/03/28,1175.0,1176.0,1166.5,1176.0,10400,-1.0,-1.0,-1.0
2023/03/29,1167.0,1198.0,1166.5,1190.5,20400,-1.0,-1.0,-1.0
2023/03/30,1174.0,1176.0,1149.0,1176.0,9600,-1.0,-1.0,-1.0
2023/03/31,1181.0,1214.0,1181.0,1208.0,19800,-1.0,-1.0,-1.0
2023/04/03,1208.5,1246.0,1208.5,1240.0,22400,-1.0,-1.0,-1.0
2023/04/04,1240.0,1250.0,1237.0,1246.5,19600,-1.0,-1.0,-1.0
2023/04/05,1228.5,1237.0,1218.0,1223.0,11200,-1.0,-1.0,-1.0
2023/04/06,1208.5,1223.5,1207.5,1213.5,12000,-1.0,-1.0,-1.0
2023/04/07,1220.0,1220.5,1207.5,1218.0,5600,-1.0,-1.0,-1.0
2023/04/10,1220.0,1224.0,1215.0,1224.0,3600,-1.0,-1.0,-1.0
2023/04/11,1224.0,1249.5,1220.5,1249.5,15600,-1.0,-1.0,-1.0
2023/04/12,1250.0,1273.0,1249.0,1267.5,23400,-1.0,-1.0,-1.0
2023/04/13,1270.5,1278.5,1257.0,1268.5,14600,-1.0,-1.0,-1.0
2023/04/14,1278.5,1284.0,1270.5,1284.0,14800,-1.0,-1.0,-1.0
2023/04/17,1286.0,1290.5,1266.0,1266.0,14200,-1.0,-1.0,-1.0
2023/04/18,1275.5,1276.5,1257.5,1260.5,19600,-1.0,-1.0,-1.0
2023/04/19,1263.0,1269.5,1258.0,1269.5,10000,-1.0,-1.0,-1.0
2023/04/20,1269.5,1288.5,1266.5,1288.5,11000,-1.0,-1.0,-1.0
2023/04/21,1288.5,1311.5,1263.5,1310.0,28200,-1.0,-1.0,-1.0
2023/04/24,1310.0,1324.5,1301.0,1315.0,16400,-1.0,-1.0,-1.0
2023/04/25,1315.0,1325.0,1298.0,1305.5,36800,-1.0,-1.0,-1.0
2023/04/26,1309.0,1309.0,1292.5,1308.5,18600,-1.0,-1.0,-1.0
2023/04/27,1297.5,1313.0,1286.0,1295.0,38200,-1.0,-1.0,-1.0
2023/04/28,1292.5,1307.5,1288.5,1306.5,8600,-1.0,-1.0,-1.0
2023/05/01,1308.0,1320.0,1303.5,1316.0,11200,-1.0,-1.0,-1.0
2023/05/02,1307.5,1317.5,1301.0,1305.5,15000,-1.0,-1.0,-1.0
2023/05/08,1293.0,1310.5,1293.0,1304.0,7600,-1.0,-1.0,-1.0
2023/05/09,1290.0,1322.5,1290.0,1315.0,18200,-1.0,-1.0,-1.0
2023/05/10,1304.5,1342.0,1304.5,1335.0,16000,-1.0,-1.0,-1.0
2023/05/11,1342.0,1370.0,1336.5,1348.5,39000,-1.0,-1.0,-1.0
2023/05/12,1348.5,1350.5,1331.0,1347.0,10200,-1.0,-1.0,-1.0
2023/05/15,1347.0,1366.0,1340.5,1365.0,18800,-1.0,-1.0,-1.0
2023/05/16,1365.0,1365.0,1350.0,1364.5,16000,-1.0,-1.0,-1.0
2023/05/17,1365.5,1371.5,1351.0,1351.0,18600,-1.0,-1.0,-1.0
2023/05/18,1363.5,1363.5,1348.0,1357.5,8800,-1.0,-1.0,-1.0
2023/05/19,1360.0,1360.0,1337.5,1340.0,26600,-1.0,-1.0,-1.0
2023/05/22,1337.0,1358.0,1337.0,1355.0,14200,-1.0,-1.0,-1.0
2023/05/23,1357.0,1401.5,1353.5,1401.5,38800,-1.0,-1.0,-1.0
2023/05/24,1399.5,1433.5,1398.5,1420.0,21000,-1.0,-1.0,-1.0
2023/05/25,1410.0,1410.0,1380.0,1385.0,13600,-1.0,-1.0,-1.0
2023/05/26,1375.0,1385.0,1340.5,1344.0,24400,-1.0,-1.0,-1.0
2023/05/29,1351.5,1369.5,1350.5,1367.0,10800,-1.0,-1.0,-1.0
2023/05/30,1368.0,1368.0,1340.0,1340.0,14800,-1.0,-1.0,-1.0
2023/05/31,1340.5,1341.5,1333.5,1336.5,17400,-1.0,-1.0,-1.0
2023/06/01,1340.5,1349.0,1333.0,1335.5,10600,-1.0,-1.0,-1.0
2023/06/02,1348.0,1348.0,1338.5,1338.5,4800,-1.0,-1.0,-1.0
2023/06/05,1350.0,1352.0,1335.0,1338.0,12200,-1.0,-1.0,-1.0
2023/06/06,1327.5,1332.5,1316.5,1325.0,10400,-1.0,-1.0,-1.0
2023/06/07,1334.5,1350.0,1332.0,1332.5,10800,-1.0,-1.0,-1.0
2023/06/08,1341.0,1341.5,1319.0,1320.0,7200,-1.0,-1.0,-1.0
2023/06/09,1325.0,1328.5,1307.5,1307.5,21400,-1.0,-1.0,-1.0
2023/06/12,1315.5,1330.5,1315.5,1328.5,9600,-1.0,-1.0,-1.0
2023/06/13,1327.5,1328.5,1317.0,1319.5,11600,-1.0,-1.0,-1.0
2023/06/14,1327.0,1335.5,1322.0,1326.5,6400,-1.0,-1.0,-1.0
2023/06/15,1335.0,1344.5,1331.5,1339.5,10800,-1.0,-1.0,-1.0
2023/06/16,1343.0,1348.0,1334.0,1340.5,11400,-1.0,-1.0,-1.0
2023/06/19,1339.5,1359.0,1338.0,1348.5,13200,-1.0,-1.0,-1.0
2023/06/20,1351.0,1351.0,1326.5,1332.0,14000,-1.0,-1.0,-1.0
2023/06/21,1328.5,1347.0,1325.5,1341.5,5800,-1.0,-1.0,-1.0
2023/06/22,1334.0,1375.0,1334.0,1375.0,18400,-1.0,-1.0,-1.0
2023/06/23,1394.0,1394.0,1357.5,1362.5,9000,-1.0,-1.0,-1.0
2023/06/26,1387.5,1398.5,1353.0,1395.0,17800,-1.0,-1.0,-1.0
2023/06/27,1398.5,1398.5,1372.5,1382.0,12400,-1.0,-1.0,-1.0
2023/06/28,1397.5,1422.5,1390.5,1419.5,13800,-1.0,-1.0,-1.0
2023/06/29,1419.5,1421.0,1406.0,1411.5,5200,-1.0,-1.0,-1.0
2023/06/30,1416.0,1430.0,1405.0,1425.5,25600,-1.0,-1.0,-1.0
2023/07/03,1450.0,1461.0,1446.5,1460.5,23000,-1.0,-1.0,-1.0
2023/07/04,1452.0,1460.0,1421.0,1424.5,27600,-1.0,-1.0,-1.0
2023/07/05,1427.5,1432.5,1404.0,1421.5,15400,-1.0,-1.0,-1.0
2023/07/06,1406.5,1430.5,1406.5,1416.0,9400,-1.0,-1.0,-1.0
2023/07/07,1415.0,1422.5,1396.5,1409.0,12400,-1.0,-1.0,-1.0
2023/07/10,1409.0,1433.0,1409.0,1418.0,10400,-1.0,-1.0,-1.0
2023/07/11,1418.0,1425.0,1401.5,1408.0,6200,-1.0,-1.0,-1.0
2023/07/12,1422.5,1422.5,1391.5,1391.5,12800,-1.0,-1.0,-1.0
2023/07/13,1390.5,1397.5,1383.0,1396.5,6800,-1.0,-1.0,-1.0
2023/07/14,1416.5,1416.5,1378.0,1378.0,13800,-1.0,-1.0,-1.0
2023/07/18,1400.0,1421.0,1399.5,1421.0,6800,-1.0,-1.0,-1.0
2023/07/19,1437.5,1437.5,1412.5,1422.5,9000,-1.0,-1.0,-1.0
2023/07/20,1427.0,1434.0,1417.0,1417.0,7600,-1.0,-1.0,-1.0
2023/07/21,1408.0,1438.5,1408.0,1425.0,11600,-1.0,-1.0,-1.0
2023/07/24,1429.0,1429.0,1415.5,1421.0,4600,-1.0,-1.0,-1.0
2023/07/25,1423.5,1425.5,1416.5,1423.5,5200,-1.0,-1.0,-1.0
2023/07/26,1426.0,1427.0,1421.5,1421.5,5400,-1.0,-1.0,-1.0
2023/07/27,1421.5,1425.0,1418.0,1422.5,3400,-1.0,-1.0,-1.0
2023/07/28,1414.5,1426.0,1405.5,1405.5,33000,-1.0,-1.0,-1.0
2023/07/31,1419.0,1422.5,1401.5,1406.0,16400,-1.0,-1.0,-1.0
2023/08/01,1401.0,1419.0,1401.0,1402.0,12200,-1.0,-1.0,-1.0
2023/08/02,1402.0,1402.0,1379.0,1379.0,14200,-1.0,-1.0,-1.0
2023/08/03,1375.0,1375.0,1350.0,1350.0,10000,-1.0,-1.0,-1.0
2023/08/04,1352.0,1366.5,1265.0,1291.5,58000,-1.0,-1.0,-1.0
2023/08/07,1289.5,1297.5,1250.0,1252.0,30600,-1.0,-1.0,-1.0
2023/08/08,1257.5,1308.0,1257.5,1286.5,21400,-1.0,-1.0,-1.0
2023/08/09,1286.5,1286.5,1253.0,1259.5,16400,-1.0,-1.0,-1.0
2023/08/10,1260.0,1287.5,1260.0,1285.0,6400,-1.0,-1.0,-1.0
2023/08/14,1285.5,1291.0,1265.0,1266.0,15600,-1.0,-1.0,-1.0
2023/08/15,1266.0,1273.5,1256.5,1267.5,13800,-1.0,-1.0,-1.0
2023/08/16,1267.5,1270.5,1251.5,1258.5,22400,-1.0,-1.0,-1.0
2023/08/17,1258.0,1258.0,1237.5,1250.5,20600,-1.0,-1.0,-1.0
2023/08/18,1250.5,1254.5,1241.0,1241.0,12200,-1.0,-1.0,-1.0
2023/08/21,1242.5,1243.5,1231.0,1239.5,18600,-1.0,-1.0,-1.0
2023/08/22,1239.5,1246.0,1239.0,1246.0,4800,-1.0,-1.0,-1.0
2023/08/23,1242.5,1270.0,1242.5,1270.0,13400,-1.0,-1.0,-1.0
2023/08/24,1283.5,1283.5,1254.5,1257.5,10200,-1.0,-1.0,-1.0
2023/08/25,1251.0,1259.5,1240.5,1250.0,26200,-1.0,-1.0,-1.0
2023/08/28,1251.0,1279.0,1251.0,1272.0,12000,-1.0,-1.0,-1.0
2023/08/29,1272.0,1279.0,1265.5,1265.5,3600,-1.0,-1.0,-1.0
2023/08/30,1267.5,1281.0,1267.5,1269.5,8200,-1.0,-1.0,-1.0
2023/08/31,1269.5,1275.0,1269.5,1274.0,3200,-1.0,-1.0,-1.0
2023/09/01,1267.5,1288.0,1267.5,1288.0,11000,-1.0,-1.0,-1.0
2023/09/04,1296.5,1299.0,1277.0,1294.5,18600,-1.0,-1.0,-1.0
2023/09/05,1291.5,1313.0,1290.0,1313.0,8000,-1.0,-1.0,-1.0
2023/09/06,1313.0,1335.5,1309.0,1331.0,21600,-1.0,-1.0,-1.0
2023/09/07,1337.5,1368.0,1310.0,1321.0,31600,-1.0,-1.0,-1.0
2023/09/08,1315.5,1347.0,1315.5,1329.5,17600,-1.0,-1.0,-1.0
2023/09/11,1344.0,1355.0,1330.5,1332.5,15200,-1.0,-1.0,-1.0
2023/09/12,1332.5,1377.5,1332.5,1374.0,24400,-1.0,-1.0,-1.0
2023/09/13,1374.0,1374.0,1353.0,1359.5,9800,-1.0,-1.0,-1.0
2023/09/14,1367.0,1371.5,1355.0,1369.0,7200,-1.0,-1.0,-1.0
2023/09/15,1385.0,1385.0,1360.5,1368.5,22000,-1.0,-1.0,-1.0
2023/09/19,1385.0,1411.0,1376.5,1404.0,25400,-1.0,-1.0,-1.0
2023/09/20,1404.0,1410.5,1386.5,1386.5,18600,-1.0,-1.0,-1.0
2023/09/21,1386.5,1389.5,1377.0,1377.0,6200,-1.0,-1.0,-1.0
2023/09/22,1377.0,1392.5,1355.0,1381.0,22400,-1.0,-1.0,-1.0
2023/09/25,1400.0,1403.5,1395.0,1395.5,9400,-1.0,-1.0,-1.0
2023/09/26,1395.5,1402.0,1376.0,1396.0,7200,-1.0,-1.0,-1.0
2023/09/27,1403.0,1403.0,1383.0,1403.0,8800,-1.0,-1.0,-1.0
2023/09/28,1402.5,1402.5,1366.0,1371.5,17600,-1.0,-1.0,-1.0
2023/09/29,1384.5,1384.5,1324.0,1345.0,25000,-1.0,-1.0,-1.0
2023/10/02,1362.5,1390.0,1338.5,1346.5,11800,-1.0,-1.0,-1.0
2023/10/03,1335.5,1337.5,1317.0,1319.5,12400,-1.0,-1.0,-1.0
2023/10/04,1295.0,1301.5,1275.0,1281.5,21000,-1.0,-1.0,-1.0
2023/10/05,1299.5,1338.0,1299.5,1324.0,15400,-1.0,-1.0,-1.0
2023/10/06,1331.0,1375.0,1331.0,1356.0,14600,-1.0,-1.0,-1.0
2023/10/10,1370.0,1413.0,1370.0,1404.5,34200,-1.0,-1.0,-1.0
2023/10/11,1400.0,1404.0,1365.5,1365.5,15000,-1.0,-1.0,-1.0
2023/10/12,1365.5,1374.0,1355.0,1361.0,11800,-1.0,-1.0,-1.0
2023/10/13,1350.5,1372.0,1334.0,1343.5,11800,-1.0,-1.0,-1.0
2023/10/16,1321.0,1355.5,1321.0,1340.0,12000,-1.0,-1.0,-1.0
2023/10/17,1358.5,1375.0,1331.5,1350.5,17600,-1.0,-1.0,-1.0
2023/10/18,1363.5,1370.0,1355.0,1355.0,6200,-1.0,-1.0,-1.0
2023/10/19,1345.5,1372.5,1345.5,1364.0,10400,-1.0,-1.0,-1.0
2023/10/20,1366.0,1385.0,1353.0,1367.5,12200,-1.0,-1.0,-1.0
2023/10/23,1376.0,1381.0,1364.0,1364.0,8400,-1.0,-1.0,-1.0
2023/10/24,1363.5,1382.5,1328.0,1376.5,30800,-1.0,-1.0,-1.0
2023/10/25,1389.5,1410.0,1376.5,1394.0,27800,-1.0,-1.0,-1.0
2023/10/26,1397.0,1430.5,1397.0,1409.5,43600,-1.0,-1.0,-1.0
2023/10/27,1410.0,1427.0,1409.0,1425.0,20000,-1.0,-1.0,-1.0
2023/10/30,1425.5,1442.0,1396.0,1396.0,68800,-1.0,-1.0,-1.0
2023/10/31,1404.0,1436.5,1403.5,1431.5,46800,-1.0,-1.0,-1.0
2023/11/01,1444.5,1467.5,1424.5,1463.0,35200,-1.0,-1.0,-1.0
2023/11/02,1474.5,1474.5,1441.0,1456.5,29000,-1.0,-1.0,-1.0
2023/11/06,1472.5,1475.5,1425.0,1442.0,15800,-1.0,-1.0,-1.0
2023/11/07,1417.0,1452.0,1402.5,1452.0,29400,-1.0,-1.0,-1.0
2023/11/08,1427.0,1434.5,1369.5,1400.0,38600,-1.0,-1.0,-1.0
2023/11/09,1400.0,1459.5,1396.0,1459.5,40200,-1.0,-1.0,-1.0
2023/11/10,1457.5,1462.0,1435.5,1440.5,18400,-1.0,-1.0,-1.0
2023/11/13,1440.5,1454.0,1436.5,1444.5,6800,-1.0,-1.0,-1.0
2023/11/14,1450.5,1464.5,1450.5,1452.5,6000,-1.0,-1.0,-1.0
2023/11/15,1452.5,1455.0,1432.5,1437.5,13400,-1.0,-1.0,-1.0
2023/11/16,1435.5,1435.5,1419.5,1420.5,7800,-1.0,-1.0,-1.0
2023/11/17,1445.5,1453.5,1425.0,1453.5,16800,-1.0,-1.0,-1.0
2023/11/20,1463.0,1472.5,1446.0,1446.0,7000,-1.0,-1.0,-1.0
2023/11/21,1446.0,1446.0,1430.0,1430.5,4400,-1.0,-1.0,-1.0
2023/11/22,1430.0,1436.5,1430.0,1436.5,1000,-1.0,-1.0,-1.0
2023/11/24,1435.0,1435.0,1425.5,1434.5,3200,-1.0,-1.0,-1.0
2023/11/27,1434.5,1435.0,1418.0,1418.0,9600,-1.0,-1.0,-1.0
2023/11/28,1415.0,1430.0,1410.5,1414.5,12200,-1.0,-1.0,-1.0
2023/11/29,1430.0,1432.5,1416.0,1428.5,2000,-1.0,-1.0,-1.0
2023/11/30,1422.0,1422.0,1422.0,1422.0,800,-1.0,-1.0,-1.0
2023/12/01,1447.0,1461.0,1438.0,1440.5,17400,-1.0,-1.0,-1.0
2023/12/04,1442.0,1470.0,1429.5,1470.0,5400,-1.0,-1.0,-1.0
2023/12/05,1470.0,1470.0,1411.0,1411.0,25200,-1.0,-1.0,-1.0
2023/12/06,1411.0,1434.0,1411.0,1425.0,7800,-1.0,-1.0,-1.0
2023/12/07,1415.5,1415.5,1411.0,1411.5,3800,-1.0,-1.0,-1.0
2023/12/08,1415.0,1429.5,1403.0,1405.5,22600,-1.0,-1.0,-1.0
2023/12/11,1424.0,1431.5,1416.0,1426.5,5000,-1.0,-1.0,-1.0
2023/12/12,1402.5,1440.0,1402.5,1429.0,11400,-1.0,-1.0,-1.0
2023/12/13,1420.0,1448.5,1420.0,1438.5,8600,-1.0,-1.0,-1.0
2023/12/14,1438.5,1450.0,1432.0,1448.0,6800,-1.0,-1.0,-1.0
2023/12/15,1450.0,1450.0,1438.0,1438.0,2600,-1.0,-1.0,-1.0
2023/12/18,1438.0,1438.5,1436.5,1438.5,800,-1.0,-1.0,-1.0
2023/12/19,1455.0,1455.0,1433.0,1433.5,1800,-1.0,-1.0,-1.0
2023/12/20,1421.5,1446.5,1421.5,1443.0,4000,-1.0,-1.0,-1.0
2023/12/21,1445.0,1455.0,1440.0,1452.0,6600,-1.0,-1.0,-1.0
2023/12/22,1441.0,1473.0,1421.0,1421.0,16400,-1.0,-1.0,-1.0
2023/12/25,1428.0,1436.0,1418.0,1431.5,6600,-1.0,-1.0,-1.0
2023/12/26,1420.5,1434.0,1420.5,1425.0,4600,-1.0,-1.0,-1.0
2023/12/27,1425.5,1435.0,1421.5,1421.5,6400,-1.0,-1.0,-1.0
2023/12/28,1422.0,1435.0,1421.0,1431.0,3400,-1.0,-1.0,-1.0
2023/12/29,1420.0,1432.5,1419.5,1432.5,2200,-1.0,-1.0,-1.0
2024/01/04,1443.5,1480.0,1443.5,1469.5,18600,-1.0,-1.0,-1.0
2024/01/05,1469.5,1479.0,1457.0,1457.0,11800,-1.0,-1.0,-1.0
2024/01/09,1457.0,1470.0,1457.0,1462.0,6600,-1.0,-1.0,-1.0
2024/01/10,1470.0,1496.5,1470.0,1496.5,11200,-1.0,-1.0,-1.0
2024/01/11,1497.5,1502.5,1477.0,1494.5,12400,-1.0,-1.0,-1.0
2024/01/12,1494.5,1500.0,1460.0,1469.5,9400,-1.0,-1.0,-1.0
2024/01/15,1469.5,1472.5,1457.0,1467.5,13400,-1.0,-1.0,-1.0
2024/01/16,1467.5,1467.5,1442.5,1450.5,11800,-1.0,-1.0,-1.0
2024/01/17,1458.5,1460.0,1439.5,1439.5,7600,-1.0,-1.0,-1.0
2024/01/18,1439.5,1450.5,1439.5,1440.0,5200,-1.0,-1.0,-1.0
2024/01/19,1438.5,1439.5,1428.0,1431.0,6200,-1.0,-1.0,-1.0
2024/01/22,1431.0,1442.5,1431.0,1437.5,5200,-1.0,-1.0,-1.0
2024/01/23,1433.5,1445.5,1433.5,1440.0,8800,-1.0,-1.0,-1.0
2024/01/24,1437.5,1448.5,1437.5,1444.0,5600,-1.0,-1.0,-1.0
2024/01/25,1444.0,1465.0,1443.0,1455.0,17400,-1.0,-1.0,-1.0
2024/01/26,1453.0,1453.0,1446.0,1446.0,4400,-1.0,-1.0,-1.0
2024/01/29,1450.0,1457.0,1447.5,1455.0,7400,-1.0,-1.0,-1.0
2024/01/30,1457.5,1461.5,1415.0,1415.0,38200,-1.0,-1.0,-1.0
2024/01/31,1436.5,1446.5,1425.0,1439.0,16800,-1.0,-1.0,-1.0
2024/02/01,1439.0,1440.0,1433.5,1433.5,6000,-1.0,-1.0,-1.0
2024/02/02,1433.5,1444.0,1425.5,1444.0,7400,-1.0,-1.0,-1.0
2024/02/05,1442.5,1447.5,1426.0,1447.0,6000,-1.0,-1.0,-1.0
2024/02/06,1434.0,1451.5,1429.5,1451.5,8600,-1.0,-1.0,-1.0
2024/02/07,1455.0,1455.0,1429.5,1435.5,4200,-1.0,-1.0,-1.0
2024/02/08,1428.0,1439.5,1428.0,1431.0,4600,-1.0,-1.0,-1.0
2024/02/09,1428.5,1435.5,1422.0,1426.0,13800,-1.0,-1.0,-1.0
2024/02/13,1425.5,1431.5,1418.0,1418.0,14200,-1.0,-1.0,-1.0
2024/02/14,1415.5,1423.0,1404.5,1404.5,15200,-1.0,-1.0,-1.0
2024/02/15,1406.5,1415.0,1401.0,1405.5,17000,-1.0,-1.0,-1.0
2024/02/16,1401.0,1418.5,1401.0,1406.0,6000,-1.0,-1.0,-1.0
2024/02/19,1410.0,1428.5,1410.0,1415.5,15800,-1.0,-1.0,-1.0
2024/02/20,1420.0,1425.0,1420.0,1420.0,3000,-1.0,-1.0,-1.0
2024/02/21,1413.0,1420.0,1413.0,1417.5,3400,-1.0,-1.0,-1.0
2024/02/22,1411.0,1419.5,1410.0,1419.0,3800,-1.0,-1.0,-1.0
2024/02/26,1427.0,1427.5,1419.0,1425.0,8200,-1.0,-1.0,-1.0
2024/02/27,1416.5,1424.5,1415.0,1416.0,5200,-1.0,-1.0,-1.0
2024/02/28,1413.5,1426.0,1412.5,1419.5,6800,-1.0,-1.0,-1.0
2024/02/29,1419.5,1425.0,1413.0,1413.0,2600,-1.0,-1.0,-1.0
2024/03/01,1425.5,1434.0,1424.5,1428.5,9800,-1.0,-1.0,-1.0
2024/03/04,1428.0,1428.0,1420.0,1422.5,6000,-1.0,-1.0,-1.0
2024/03/05,1422.0,1425.0,1420.0,1425.0,3200,-1.0,-1.0,-1.0
2024/03/06,1425.5,1435.0,1425.5,1434.0,8600,-1.0,-1.0,-1.0
2024/03/07,1439.5,1458.0,1431.0,1431.0,14200,-1.0,-1.0,-1.0
2024/03/08,1428.0,1436.5,1427.0,1432.5,4600,-1.0,-1.0,-1.0
2024/03/11,1433.0,1433.0,1410.0,1410.5,12600,-1.0,-1.0,-1.0
2024/03/12,1425.0,1438.0,1423.5,1438.0,5600,-1.0,-1.0,-1.0
2024/03/13,1440.0,1467.5,1429.0,1441.5,9800,-1.0,-1.0,-1.0
2024/03/14,1449.5,1449.5,1435.5,1442.5,1400,-1.0,-1.0,-1.0
2024/03/15,1448.5,1461.5,1448.5,1461.5,4800,-1.0,-1.0,-1.0
2024/03/18,1460.5,1462.5,1441.5,1445.5,4000,-1.0,-1.0,-1.0
2024/03/19,1447.5,1447.5,1434.5,1447.5,4800,-1.0,-1.0,-1.0
2024/03/21,1462.0,1464.5,1450.0,1464.5,6800,-1.0,-1.0,-1.0
2024/03/22,1464.5,1464.5,1455.5,1464.5,3400,-1.0,-1.0,-1.0
2024/03/25,1464.5,1484.5,1462.5,1467.5,18400,-1.0,-1.0,-1.0
2024/03/26,1467.5,1472.5,1459.0,1467.5,14400,-1.0,-1.0,-1.0
2024/03/27,1469.5,1480.0,1467.5,1476.0,11800,-1.0,-1.0,-1.0
2024/03/28,1453.0,1465.0,1453.0,1456.0,2600,-1.0,-1.0,-1.0
2024/03/29,1457.5,1468.5,1455.0,1468.5,1600,-1.0,-1.0,-1.0
2024/04/01,1470.5,1475.0,1449.5,1449.5,7400,-1.0,-1.0,-1.0
2024/04/02,1444.5,1450.5,1431.0,1432.5,7000,-1.0,-1.0,-1.0
2024/04/03,1431.0,1452.0,1431.0,1435.0,4200,-1.0,-1.0,-1.0
2024/04/04,1449.5,1449.5,1449.5,1449.5,1000,-1.0,-1.0,-1.0
2024/04/05,1430.5,1435.0,1430.5,1435.0,1800,-1.0,-1.0,-1.0
2024/04/08,1443.0,1447.0,1432.5,1433.0,3800,-1.0,-1.0,-1.0
2024/04/09,1432.0,1445.0,1430.5,1445.0,3800,-1.0,-1.0,-1.0
2024/04/10,1435.5,1444.0,1435.5,1435.5,1200,-1.0,-1.0,-1.0
2024/04/11,1435.5,1444.5,1430.0,1440.5,1600,-1.0,-1.0,-1.0
2024/04/12,1440.5,1444.5,1425.5,1426.5,6400,-1.0,-1.0,-1.0
2024/04/15,1425.5,1434.0,1417.5,1422.5,9400,-1.0,-1.0,-1.0
2024/04/16,1418.0,1425.0,1412.0,1412.0,6200,-1.0,-1.0,-1.0
2024/04/17,1425.5,1425.5,1411.0,1411.0,7200,-1.0,-1.0,-1.0
2024/04/18,1406.0,1420.5,1406.0,1413.0,4400,-1.0,-1.0,-1.0
2024/04/19,1406.0,1413.5,1400.0,1401.0,7800,-1.0,-1.0,-1.0
2024/04/22,1409.5,1414.0,1400.0,1400.0,7000,-1.0,-1.0,-1.0
2024/04/23,1400.0,1413.5,1400.0,1403.0,2800,-1.0,-1.0,-1.0
2024/04/24,1402.0,1405.5,1397.0,1397.0,4400,-1.0,-1.0,-1.0
2024/04/25,1395.0,1407.0,1395.0,1407.0,8000,-1.0,-1.0,-1.0
2024/04/26,1407.0,1410.0,1376.5,1376.5,29000,-1.0,-1.0,-1.0
2024/04/30,1392.0,1402.5,1388.0,1388.0,5400,-1.0,-1.0,-1.0
2024/05/01,1388.0,1410.0,1388.0,1394.5,3200,-1.0,-1.0,-1.0
2024/05/02,1387.0,1395.5,1387.0,1389.5,2600,-1.0,-1.0,-1.0
2024/05/07,1400.0,1401.5,1391.5,1391.5,4600,-1.0,-1.0,-1.0
2024/05/08,1400.0,1402.0,1396.5,1401.0,4400,-1.0,-1.0,-1.0
2024/05/09,1396.5,1407.0,1395.0,1407.0,4000,-1.0,-1.0,-1.0
2024/05/10,1431.5,1432.5,1409.5,1416.0,8400,-1.0,-1.0,-1.0
2024/05/13,1424.5,1435.0,1415.0,1429.5,17800,-1.0,-1.0,-1.0
2024/05/14,1432.0,1432.0,1410.5,1419.5,7000,-1.0,-1.0,-1.0
2024/05/15,1417.5,1419.5,1417.0,1419.0,4200,-1.0,-1.0,-1.0
2024/05/16,1415.0,1418.0,1409.0,1415.0,11600,-1.0,-1.0,-1.0
2024/05/17,1417.5,1418.5,1413.5,1417.0,3200,-1.0,-1.0,-1.0
2024/05/20,1415.5,1419.5,1415.5,1419.5,3400,-1.0,-1.0,-1.0
2024/05/21,1420.0,1427.5,1417.0,1420.5,11400,-1.0,-1.0,-1.0
2024/05/22,1421.0,1442.5,1416.5,1430.0,12800,-1.0,-1.0,-1.0
2024/05/23,1430.0,1443.5,1430.0,1443.0,5600,-1.0,-1.0,-1.0
2024/05/24,1443.0,1460.0,1436.5,1460.0,8000,-1.0,-1.0,-1.0
2024/05/27,1458.0,1461.5,1444.0,1444.0,6400,-1.0,-1.0,-1.0
2024/05/28,1450.0,1452.5,1444.5,1452.0,2800,-1.0,-1.0,-1.0
2024/05/29,1441.5,1450.0,1432.5,1434.0,7200,-1.0,-1.0,-1.0
2024/05/30,1435.5,1443.5,1435.0,1437.5,4800,-1.0,-1.0,-1.0
2024/05/31,1442.5,1468.5,1442.5,1468.5,4600,-1.0,-1.0,-1.0
2024/06/03,1470.0,1512.5,1470.0,1505.0,19200,-1.0,-1.0,-1.0
2024/06/04,1505.0,1537.5,1505.0,1525.0,15800,-1.0,-1.0,-1.0
2024/06/05,1522.5,1530.0,1502.5,1515.0,4600,-1.0,-1.0,-1.0
2024/06/06,1515.0,1527.5,1505.0,1505.0,3800,-1.0,-1.0,-1.0
2024/06/07,1505.0,1515.0,1493.5,1497.0,7200,-1.0,-1.0,-1.0
2024/06/10,1500.0,1515.0,1490.0,1515.0,5600,-1.0,-1.0,-1.0
2024/06/11,1515.0,1515.0,1502.5,1505.0,3200,-1.0,-1.0,-1.0
2024/06/12,1510.0,1525.0,1500.0,1512.5,6000,-1.0,-1.0,-1.0
2024/06/13,1502.5,1507.5,1492.5,1507.5,2000,-1.0,-1.0,-1.0
2024/06/14,1507.5,1525.0,1507.5,1520.0,4200,-1.0,-1.0,-1.0
2024/06/17,1520.0,1520.0,1502.5,1515.0,5800,-1.0,-1.0,-1.0
2024/06/18,1525.0,1527.5,1505.0,1507.5,6200,-1.0,-1.0,-1.0
2024/06/19,1507.5,1522.5,1505.0,1507.5,2400,-1.0,-1.0,-1.0
2024/06/20,1507.5,1520.0,1502.5,1502.5,1600,-1.0,-1.0,-1.0
2024/06/21,1502.5,1512.5,1500.0,1500.0,2400,-1.0,-1.0,-1.0
2024/06/24,1494.0,1505.0,1490.0,1500.0,3600,-1.0,-1.0,-1.0
2024/06/25,1496.5,1512.5,1490.5,1510.0,6200,-1.0,-1.0,-1.0
2024/06/26,1520.0,1522.5,1507.5,1510.0,5600,-1.0,-1.0,-1.0
2024/06/27,1517.5,1517.5,1502.5,1517.5,7400,-1.0,-1.0,-1.0
2024/06/28,1517.5,1522.5,1517.5,1522.5,3600,-1.0,-1.0,-1.0
2024/07/01,1557.5,1557.5,1542.5,1542.5,11800,-1.0,-1.0,-1.0
2024/07/02,1542.5,1542.5,1527.5,1537.5,6800,-1.0,-1.0,-1.0
2024/07/03,1532.5,1545.0,1532.5,1537.5,3200,-1.0,-1.0,-1.0
2024/07/04,1535.0,1545.0,1515.0,1540.0,11200,-1.0,-1.0,-1.0
2024/07/05,1540.0,1540.0,1525.0,1527.5,2400,-1.0,-1.0,-1.0
2024/07/08,1527.5,1532.5,1520.0,1520.0,3600,-1.0,-1.0,-1.0
2024/07/09,1515.0,1532.5,1500.0,1510.0,8200,-1.0,-1.0,-1.0
2024/07/10,1499.5,1507.5,1497.5,1497.5,8400,-1.0,-1.0,-1.0
2024/07/11,1497.5,1517.5,1497.5,1507.5,11200,-1.0,-1.0,-1.0
2024/07/12,1507.5,1522.5,1497.5,1510.0,6800,-1.0,-1.0,-1.0
2024/07/16,1522.5,1525.0,1502.5,1515.0,4200,-1.0,-1.0,-1.0
2024/07/17,1515.0,1532.5,1515.0,1527.5,4400,-1.0,-1.0,-1.0
2024/07/18,1527.5,1527.5,1505.0,1515.0,1600,-1.0,-1.0,-1.0
2024/07/19,1512.5,1520.0,1510.0,1510.0,3400,-1.0,-1.0,-1.0
2024/07/22,1515.0,1517.5,1510.0,1510.0,1400,-1.0,-1.0,-1.0
2024/07/23,1510.0,1520.0,1505.0,1517.5,4200,-1.0,-1.0,-1.0
2024/07/24,1502.5,1527.5,1502.5,1522.5,1200,-1.0,-1.0,-1.0
2024/07/25,1517.5,1520.0,1507.5,1507.5,4800,-1.0,-1.0,-1.0
2024/07/26,1512.5,1525.0,1512.5,1512.5,5200,-1.0,-1.0,-1.0
2024/07/29,1512.5,1517.5,1500.0,1510.0,11600,-1.0,-1.0,-1.0
2024/07/30,1499.0,1499.0,1422.0,1422.0,43800,-1.0,-1.0,-1.0
2024/07/31,1445.0,1459.0,1445.0,1454.0,15400,-1.0,-1.0,-1.0
2024/08/01,1454.0,1454.0,1426.5,1432.5,10800,-1.0,-1.0,-1.0
2024/08/02,1422.0,1432.5,1370.0,1371.5,30400,-1.0,-1.0,-1.0
2024/08/05,1346.5,1351.0,1200.0,1205.0,39800,-1.0,-1.0,-1.0
2024/08/06,1280.0,1298.0,1252.0,1260.5,13600,-1.0,-1.0,-1.0
2024/08/07,1269.5,1294.0,1269.5,1291.0,10800,-1.0,-1.0,-1.0
2024/08/08,1293.5,1298.5,1261.5,1278.0,20000,-1.0,-1.0,-1.0
2024/08/09,1283.0,1316.5,1278.5,1300.0,5200,-1.0,-1.0,-1.0
2024/08/13,1300.0,1349.0,1300.0,1349.0,13800,-1.0,-1.0,-1.0
2024/08/14,1335.0,1352.5,1335.0,1352.5,4600,-1.0,-1.0,-1.0
2024/08/15,1352.5,1396.5,1352.0,1355.0,4400,-1.0,-1.0,-1.0
2024/08/16,1365.0,1408.5,1365.0,1399.0,8800,-1.0,-1.0,-1.0
2024/08/19,1400.0,1407.0,1388.5,1388.5,8200,-1.0,-1.0,-1.0
2024/08/20,1385.5,1400.0,1382.5,1389.0,4600,-1.0,-1.0,-1.0
2024/08/21,1389.0,1422.5,1389.0,1417.0,7800,-1.0,-1.0,-1.0
2024/08/22,1417.0,1417.0,1403.0,1403.0,2000,-1.0,-1.0,-1.0
2024/08/23,1398.0,1411.0,1398.0,1411.0,1200,-1.0,-1.0,-1.0
2024/08/26,1417.0,1442.0,1416.5,1440.5,7600,-1.0,-1.0,-1.0
2024/08/27,1438.5,1449.0,1428.0,1449.0,5600,-1.0,-1.0,-1.0
2024/08/28,1449.0,1449.5,1444.0,1444.0,2400,-1.0,-1.0,-1.0
2024/08/29,1444.0,1446.0,1426.5,1436.0,4200,-1.0,-1.0,-1.0
2024/08/30,1449.5,1449.5,1436.0,1448.5,1800,-1.0,-1.0,-1.0
2024/09/02,1448.5,1448.5,1443.5,1443.5,800,-1.0,-1.0,-1.0
2024/09/03,1443.5,1443.5,1441.0,1442.5,2400,-1.0,-1.0,-1.0
2024/09/04,1432.5,1434.0,1405.0,1405.0,4800,-1.0,-1.0,-1.0
2024/09/05,1411.0,1411.0,1403.0,1410.0,3400,-1.0,-1.0,-1.0
2024/09/06,1413.5,1434.0,1413.5,1434.0,5000,-1.0,-1.0,-1.0
2024/09/09,1428.0,1428.0,1420.5,1422.5,3000,-1.0,-1.0,-1.0
2024/09/10,1447.5,1447.5,1443.0,1443.0,1000,-1.0,-1.0,-1.0
2024/09/11,1442.5,1442.5,1421.5,1421.5,3000,-1.0,-1.0,-1.0
2024/09/12,1446.5,1446.5,1427.0,1439.5,2200,-1.0,-1.0,-1.0
2024/09/13,1428.5,1438.0,1425.0,1425.0,3200,-1.0,-1.0,-1.0
2024/09/17,1427.5,1439.5,1425.0,1439.5,2800,-1.0,-1.0,-1.0
2024/09/18,1439.5,1445.5,1430.5,1430.5,2400,-1.0,-1.0,-1.0
2024/09/19,1430.5,1444.5,1430.5,1444.5,5000,-1.0,-1.0,-1.0
2024/09/20,1426.5,1453.0,1426.5,1453.0,4200,-1.0,-1.0,-1.0
2024/09/24,1452.5,1452.5,1443.0,1445.0,1800,-1.0,-1.0,-1.0
2024/09/25,1445.0,1469.0,1445.0,1465.0,4800,-1.0,-1.0,-1.0
2024/09/26,1465.0,1465.0,1442.5,1464.0,7600,-1.0,-1.0,-1.0
2024/09/27,1458.0,1460.5,1445.0,1450.0,4000,-1.0,-1.0,-1.0
2024/09/30,1441.5,1448.0,1413.5,1415.0,4800,-1.0,-1.0,-1.0
2024/10/01,1428.5,1442.5,1428.0,1433.0,4200,-1.0,-1.0,-1.0
2024/10/02,1433.0,1442.0,1416.5,1426.0,3600,-1.0,-1.0,-1.0
2024/10/03,1427.5,1440.0,1427.5,1438.0,1000,-1.0,-1.0,-1.0
2024/10/04,1436.5,1437.5,1434.0,1434.0,800,-1.0,-1.0,-1.0
2024/10/07,1438.0,1439.5,1424.5,1436.5,5800,-1.0,-1.0,-1.0
2024/10/08,1436.5,1442.0,1425.0,1425.5,3800,-1.0,-1.0,-1.0
2024/10/09,1419.5,1423.5,1406.0,1419.5,13600,-1.0,-1.0,-1.0
2024/10/10,1419.5,1419.5,1413.0,1413.5,800,-1.0,-1.0,-1.0
2024/10/11,1413.5,1421.5,1412.0,1412.5,800,-1.0,-1.0,-1.0
2024/10/15,1413.5,1428.5,1410.0,1410.0,10400,-1.0,-1.0,-1.0
2024/10/16,1410.0,1425.0,1408.0,1411.5,3200,-1.0,-1.0,-1.0
2024/10/17,1417.5,1426.0,1417.5,1417.5,1800,-1.0,-1.0,-1.0
2024/10/18,1417.5,1419.5,1408.0,1408.0,2200,-1.0,-1.0,-1.0
2024/10/21,1408.5,1410.5,1350.0,1368.0,6800,-1.0,-1.0,-1.0
2024/10/22,1375.0,1381.5,1356.0,1356.0,3400,-1.0,-1.0,-1.0
2024/10/23,1350.0,1374.5,1349.0,1360.0,5600,-1.0,-1.0,-1.0
2024/10/24,1358.5,1358.5,1349.0,1349.0,4200,-1.0,-1.0,-1.0
2024/10/25,1349.0,1349.0,1330.0,1333.0,4000,-1.0,-1.0,-1.0
2024/10/28,1334.5,1353.0,1332.0,1336.5,10000,-1.0,-1.0,-1.0
2024/10/29,1335.0,1352.0,1335.0,1351.0,4200,-1.0,-1.0,-1.0
2024/10/30,1344.5,1370.5,1300.5,1302.5,49600,-1.0,-1.0,-1.0
2024/10/31,1314.5,1355.5,1314.5,1355.5,10200,-1.0,-1.0,-1.0
2024/11/01,1354.0,1355.5,1334.5,1350.0,5200,-1.0,-1.0,-1.0
2024/11/05,1360.0,1400.0,1360.0,1400.0,2200,-1.0,-1.0,-1.0
2024/11/06,1395.0,1400.0,1356.0,1356.0,2200,-1.0,-1.0,-1.0
2024/11/07,1366.0,1408.0,1356.0,1390.0,9200,-1.0,-1.0,-1.0
2024/11/08,1390.0,1391.0,1376.0,1376.0,2400,-1.0,-1.0,-1.0
2024/11/11,1401.0,1401.0,1389.5,1389.5,400,-1.0,-1.0,-1.0
2024/11/12,1389.5,1389.5,1365.5,1368.5,2600,-1.0,-1.0,-1.0
2024/11/13,1393.5,1407.5,1385.0,1400.0,6600,-1.0,-1.0,-1.0
2024/11/14,1402.0,1405.0,1380.0,1387.5,3200,-1.0,-1.0,-1.0
2024/11/15,1391.0,1420.0,1391.0,1410.0,7200,-1.0,-1.0,-1.0
2024/11/18,1394.0,1416.5,1394.0,1395.0,4200,-1.0,-1.0,-1.0
2024/11/19,1395.0,1405.5,1382.0,1387.0,7000,-1.0,-1.0,-1.0
2024/11/20,1400.0,1400.0,1389.0,1389.0,1000,-1.0,-1.0,-1.0
2024/11/21,1383.0,1392.0,1382.5,1392.0,6800,-1.0,-1.0,-1.0
2024/11/22,1385.5,1397.0,1384.0,1397.0,3800,-1.0,-1.0,-1.0
2024/11/25,1389.5,1394.5,1380.0,1394.5,7400,-1.0,-1.0,-1.0
2024/11/26,1419.5,1419.5,1400.0,1400.0,7400,-1.0,-1.0,-1.0
2024/11/27,1400.0,1412.5,1398.5,1404.0,4400,-1.0,-1.0,-1.0
2024/11/28,1405.0,1415.0,1405.0,1407.5,2600,-1.0,-1.0,-1.0
2024/11/29,1408.0,1435.5,1408.0,1435.5,5200,-1.0,-1.0,-1.0
2024/12/02,1460.5,1462.0,1444.0,1449.0,9000,-1.0,-1.0,-1.0
2024/12/03,1449.5,1449.5,1434.0,1442.5,3000,-1.0,-1.0,-1.0
2024/12/04,1420.0,1425.0,1394.5,1423.0,6800,-1.0,-1.0,-1.0
2024/12/05,1422.0,1422.0,1405.0,1405.0,5000,-1.0,-1.0,-1.0
2024/12/06,1405.0,1415.0,1403.0,1415.0,3000,-1.0,-1.0,-1.0
2024/12/09,1407.5,1416.0,1407.5,1416.0,1200,-1.0,-1.0,-1.0
2024/12/10,1415.0,1420.0,1412.5,1420.0,1600,-1.0,-1.0,-1.0
2024/12/11,1412.5,1412.5,1412.5,1412.5,1000,-1.0,-1.0,-1.0
2024/12/12,1431.0,1431.0,1419.0,1419.0,2000,-1.0,-1.0,-1.0
2024/12/13,1419.0,1419.0,1361.5,1388.0,17200,-1.0,-1.0,-1.0
2024/12/16,1387.5,1394.0,1369.5,1380.0,7600,-1.0,-1.0,-1.0
2024/12/17,1387.5,1387.5,1376.0,1376.0,4800,-1.0,-1.0,-1.0
2024/12/18,1380.0,1383.5,1380.0,1383.5,2800,-1.0,-1.0,-1.0
2024/12/19,1375.0,1384.5,1375.0,1384.5,4800,-1.0,-1.0,-1.0
2024/12/20,1378.5,1387.5,1378.5,1387.5,2600,-1.0,-1.0,-1.0
2024/12/23,1400.5,1409.5,1386.0,1386.0,3000,-1.0,-1.0,-1.0
2024/12/24,1386.0,1405.0,1386.0,1389.0,2600,-1.0,-1.0,-1.0
2024/12/25,1389.5,1405.0,1387.5,1405.0,9200,-1.0,-1.0,-1.0
2024/12/26,1407.0,1407.0,1388.0,1400.5,2800,-1.0,-1.0,-1.0
2024/12/27,1408.5,1415.0,1407.5,1414.5,2000,-1.0,-1.0,-1.0
2024/12/30,1424.5,1435.5,1414.5,1415.0,9600,-1.0,-1.0,-1.0
2025/01/06,1415.0,1440.0,1415.0,1420.0,2000,-1.0,-1.0,-1.0
2025/01/07,1419.5,1425.0,1417.5,1418.0,3000,-1.0,-1.0,-1.0
2025/01/08,1415.5,1430.0,1415.0,1430.0,3400,-1.0,-1.0,-1.0
2025/01/09,1419.5,1419.5,1417.5,1418.0,800,-1.0,-1.0,-1.0
2025/01/10,1417.5,1417.5,1400.5,1402.0,2200,-1.0,-1.0,-1.0
2025/01/14,1427.0,1427.0,1400.5,1414.0,3600,-1.0,-1.0,-1.0
2025/01/15,1410.5,1410.5,1400.0,1400.5,2000,-1.0,-1.0,-1.0
2025/01/16,1400.5,1408.0,1382.5,1382.5,5000,-1.0,-1.0,-1.0
2025/01/17,1382.5,1382.5,1368.0,1381.0,5400,-1.0,-1.0,-1.0
2025/01/20,1381.0,1394.5,1381.0,1389.0,3800,-1.0,-1.0,-1.0
2025/01/21,1385.0,1398.0,1384.5,1398.0,4400,-1.0,-1.0,-1.0
2025/01/22,1395.0,1413.0,1386.5,1400.0,8200,-1.0,-1.0,-1.0
2025/01/23,1400.0,1407.0,1400.0,1405.0,3600,-1.0,-1.0,-1.0
2025/01/24,1405.0,1406.0,1386.5,1402.0,16600,-1.0,-1.0,-1.0
2025/01/27,1402.0,1410.0,1401.5,1403.0,4800,-1.0,-1.0,-1.0
2025/01/28,1396.5,1410.0,1396.5,1397.5,6200,-1.0,-1.0,-1.0
2025/01/29,1400.0,1405.0,1400.0,1405.0,5400,-1.0,-1.0,-1.0
2025/01/30,1395.0,1404.5,1340.0,1340.0,59000,-1.0,-1.0,-1.0
2025/01/31,1385.5,1385.5,1372.5,1373.5,18200,-1.0,-1.0,-1.0
2025/02/03,1373.5,1380.0,1361.0,1363.0,7000,-1.0,-1.0,-1.0
2025/02/04,1365.0,1382.0,1365.0,1365.0,10400,-1.0,-1.0,-1.0
2025/02/05,1379.0,1382.5,1379.0,1382.5,3400,-1.0,-1.0,-1.0
2025/02/06,1370.0,1392.0,1370.0,1392.0,6600,-1.0,-1.0,-1.0
2025/02/07,1399.0,1427.5,1381.5,1399.5,25800,-1.0,-1.0,-1.0
2025/02/10,1423.0,1423.5,1412.5,1423.5,10000,-1.0,-1.0,-1.0
2025/02/12,1425.5,1445.0,1425.5,1426.0,15200,-1.0,-1.0,-1.0
2025/02/13,1441.0,1445.0,1439.5,1445.0,6000,-1.0,-1.0,-1.0
2025/02/14,1433.0,1443.5,1432.5,1432.5,3800,-1.0,-1.0,-1.0
2025/02/17,1443.0,1452.0,1438.0,1448.0,8800,-1.0,-1.0,-1.0
2025/02/18,1438.5,1445.0,1437.0,1437.5,3600,-1.0,-1.0,-1.0
2025/02/19,1439.5,1445.5,1435.0,1438.0,7200,-1.0,-1.0,-1.0
2025/02/20,1443.5,1446.0,1432.0,1432.0,6200,-1.0,-1.0,-1.0
2025/02/21,1448.5,1448.5,1440.0,1440.0,3200,-1.0,-1.0,-1.0
2025/02/25,1440.5,1448.0,1440.5,1448.0,2000,-1.0,-1.0,-1.0
2025/02/26,1449.0,1455.0,1446.0,1455.0,5800,-1.0,-1.0,-1.0
2025/02/27,1452.0,1457.5,1448.0,1457.5,2200,-1.0,-1.0,-1.0
2025/02/28,1457.5,1467.5,1457.5,1462.0,8800,-1.0,-1.0,-1.0
2025/03/03,1470.0,1502.5,1470.0,1490.5,9400,-1.0,-1.0,-1.0
2025/03/04,1475.0,1492.0,1475.0,1490.5,3800,-1.0,-1.0,-1.0
2025/03/05,1475.0,1489.5,1475.0,1483.5,2200,-1.0,-1.0,-1.0
2025/03/06,1479.5,1507.5,1479.5,1492.5,6400,-1.0,-1.0,-1.0
2025/03/07,1496.0,1496.0,1472.5,1492.0,8600,-1.0,-1.0,-1.0
2025/03/10,1494.0,1494.0,1475.0,1476.0,5200,-1.0,-1.0,-1.0
2025/03/11,1467.5,1467.5,1448.5,1452.0,11400,-1.0,-1.0,-1.0
2025/03/12,1455.0,1494.5,1455.0,1482.0,9400,-1.0,-1.0,-1.0
2025/03/13,1492.5,1499.5,1488.0,1495.0,2600,-1.0,-1.0,-1.0
2025/03/14,1481.0,1507.5,1481.0,1502.5,6400,-1.0,-1.0,-1.0
2025/03/17,1512.5,1515.0,1492.5,1507.5,9400,-1.0,-1.0,-1.0
2025/03/18,1507.5,1535.0,1507.5,1515.0,13600,-1.0,-1.0,-1.0
2025/03/19,1515.0,1540.0,1515.0,1522.5,8600,-1.0,-1.0,-1.0
2025/03/21,1517.5,1530.0,1515.0,1530.0,2200,-1.0,-1.0,-1.0
2025/03/24,1525.0,1525.0,1476.5,1498.0,3800,-1.0,-1.0,-1.0
2025/03/25,1500.0,1517.5,1500.0,1517.5,2200,-1.0,-1.0,-1.0
2025/03/26,1525.0,1547.5,1520.0,1535.0,17800,-1.0,-1.0,-1.0
2025/03/27,1527.5,1537.5,1493.0,1530.0,8400,-1.0,-1.0,-1.0
2025/03/28,1510.0,1525.0,1510.0,1515.0,1800,-1.0,-1.0,-1.0
2025/03/31,1512.5,1527.5,1500.0,1510.0,9400,-1.0,-1.0,-1.0
2025/04/01,1530.0,1567.5,1530.0,1535.0,13000,-1.0,-1.0,-1.0
2025/04/02,1542.5,1542.5,1512.5,1512.5,7200,-1.0,-1.0,-1.0
2025/04/03,1500.0,1505.0,1475.0,1494.5,11600,-1.0,-1.0,-1.0
2025/04/04,1469.5,1492.0,1425.0,1459.5,49000,-1.0,-1.0,-1.0
2025/04/07,1400.0,1448.5,1385.0,1403.5,17800,-1.0,-1.0,-1.0
2025/04/08,1428.5,1449.5,1425.5,1442.0,88600,-1.0,-1.0,-1.0
2025/04/09,1417.0,1442.0,1417.0,1417.5,800,-1.0,-1.0,-1.0
2025/04/10,1464.5,1464.5,1389.0,1435.0,5200,-1.0,-1.0,-1.0
2025/04/11,1405.5,1430.5,1405.5,1430.5,12400,-1.0,-1.0,-1.0
2025/04/14,1432.0,1449.0,1432.0,1440.5,3000,-1.0,-1.0,-1.0
2025/04/15,1436.5,1448.5,1427.0,1427.0,4000,-1.0,-1.0,-1.0
2025/04/16,1430.0,1430.0,1428.5,1428.5,1200,-1.0,-1.0,-1.0
2025/04/17,1428.5,1437.0,1413.0,1421.5,3200,-1.0,-1.0,-1.0
2025/04/18,1433.0,1445.0,1419.0,1429.5,6800,-1.0,-1.0,-1.0
2025/04/21,1440.0,1442.5,1440.0,1442.0,1600,-1.0,-1.0,-1.0
2025/04/22,1441.5,1445.0,1425.5,1425.5,2000,-1.0,-1.0,-1.0
2025/04/23,1449.5,1464.0,1435.0,1435.0,3800,-1.0,-1.0,-1.0
2025/04/24,1450.5,1487.5,1450.0,1472.5,10400,-1.0,-1.0,-1.0
2025/04/25,1462.5,1488.0,1462.0,1485.0,4600,-1.0,-1.0,-1.0
2025/04/28,1493.5,1520.0,1486.5,1500.0,13200,-1.0,-1.0,-1.0
2025/04/30,1497.0,1505.0,1478.5,1478.5,5800,-1.0,-1.0,-1.0
2025/05/01,1485.0,1517.5,1485.0,1512.5,4800,-1.0,-1.0,-1.0
2025/05/02,1500.0,1517.5,1491.5,1512.5,3200,-1.0,-1.0,-1.0
2025/05/07,1517.5,1525.0,1507.5,1525.0,5800,-1.0,-1.0,-1.0
2025/05/08,1522.5,1587.5,1520.0,1567.5,13000,-1.0,-1.0,-1.0
2025/05/09,1557.5,1582.5,1537.5,1552.5,17400,-1.0,-1.0,-1.0
2025/05/12,1567.5,1625.0,1567.5,1597.5,10000,-1.0,-1.0,-1.0
2025/05/13,1597.5,1607.5,1517.5,1542.5,24800,-1.0,-1.0,-1.0
2025/05/14,1542.5,1542.5,1512.5,1520.0,6200,-1.0,-1.0,-1.0
2025/05/15,1525.0,1525.0,1477.5,1477.5,7800,-1.0,-1.0,-1.0
2025/05/16,1490.5,1505.0,1480.0,1498.5,8000,-1.0,-1.0,-1.0
2025/05/19,1498.5,1507.5,1487.5,1491.5,6400,-1.0,-1.0,-1.0
2025/05/20,1499.0,1522.5,1487.5,1522.5,6200,-1.0,-1.0,-1.0
2025/05/21,1542.5,1542.5,1490.0,1500.0,8400,-1.0,-1.0,-1.0
2025/05/22,1493.5,1500.0,1490.5,1490.5,4200,-1.0,-1.0,-1.0
2025/05/23,1505.0,1517.5,1505.0,1505.0,8000,-1.0,-1.0,-1.0
2025/05/26,1515.0,1520.0,1505.0,1505.0,5600,-1.0,-1.0,-1.0
2025/05/27,1512.5,1512.5,1505.0,1505.0,1000,-1.0,-1.0,-1.0
2025/05/28,1505.0,1515.0,1505.0,1505.0,3200,-1.0,-1.0,-1.0
2025/05/29,1512.5,1527.5,1512.5,1527.5,2200,-1.0,-1.0,-1.0
2025/05/30,1527.5,1527.5,1507.5,1507.5,2400,-1.0,-1.0,-1.0
2025/06/02,1515.0,1530.0,1515.0,1530.0,3400,-1.0,-1.0,-1.0
2025/06/03,1530.0,1540.0,1530.0,1535.0,1600,-1.0,-1.0,-1.0
2025/06/04,1535.0,1540.0,1517.5,1520.0,3000,-1.0,-1.0,-1.0
2025/06/05,1520.0,1520.0,1512.5,1512.5,600,-1.0,-1.0,-1.0
2025/06/06,1520.0,1520.0,1510.0,1510.0,1000,-1.0,-1.0,-1.0
2025/06/09,1510.0,1520.0,1510.0,1520.0,2800,-1.0,-1.0,-1.0
2025/06/10,1515.0,1515.0,1505.0,1510.0,2600,-1.0,-1.0,-1.0
2025/06/11,1510.0,1530.0,1507.5,1530.0,2600,-1.0,-1.0,-1.0
2025/06/12,1510.0,1510.0,1510.0,1510.0,200,-1.0,-1.0,-1.0
2025/06/13,1510.0,1515.0,1502.5,1505.0,6000,-1.0,-1.0,-1.0
2025/06/16,1505.0,1507.5,1505.0,1505.0,1200,-1.0,-1.0,-1.0
2025/06/17,,,,1505.0,0,-1.0,-1.0,-1.0
2025/06/18,1515.0,1540.0,1505.0,1540.0,3600,-1.0,-1.0,-1.0
2025/06/19,1535.0,1535.0,1510.0,1517.5,7600,-1.0,-1.0,-1.0
2025/06/20,1520.0,1522.5,1510.0,1517.5,1400,-1.0,-1.0,-1.0
2025/06/23,1512.5,1522.5,1507.5,1507.5,800,-1.0,-1.0,-1.0
2025/06/24,1522.5,1530.0,1505.0,1507.5,7400,-1.0,-1.0,-1.0
2025/06/25,1512.5,1517.5,1512.5,1517.5,2400,-1.0,-1.0,-1.0
2025/06/26,1525.0,1525.0,1507.5,1517.5,3000,-1.0,-1.0,-1.0
2025/06/27,1522.5,1525.0,1507.5,1515.0,5000,-1.0,-1.0,-1.0
2025/06/30,1517.5,1527.5,1505.0,1520.0,6000,-1.0,-1.0,-1.0
2025/07/01,1540.0,1547.5,1512.5,1512.5,15400,-1.0,-1.0,-1.0
2025/07/02,1520.0,1520.0,1507.5,1507.5,7200,-1.0,-1.0,-1.0
2025/07/03,1507.5,1512.5,1505.0,1505.0,2800,-1.0,-1.0,-1.0
2025/07/04,1505.0,1517.5,1505.0,1517.5,3400,-1.0,-1.0,-1.0
2025/07/07,1520.0,1537.5,1515.0,1537.5,3400,-1.0,-1.0,-1.0
2025/07/08,1527.5,1527.5,1515.0,1525.0,2400,-1.0,-1.0,-1.0
2025/07/09,1522.5,1525.0,1520.0,1525.0,1600,-1.0,-1.0,-1.0
2025/07/10,1525.0,1525.0,1520.0,1522.5,2800,-1.0,-1.0,-1.0
2025/07/11,1520.0,1530.0,1520.0,1530.0,1200,-1.0,-1.0,-1.0
2025/07/14,1530.0,1530.0,1520.0,1520.0,2200,-1.0,-1.0,-1.0
2025/07/15,1520.0,1527.5,1520.0,1522.5,1200,-1.0,-1.0,-1.0
2025/07/16,1530.0,1530.0,1522.5,1522.5,1000,-1.0,-1.0,-1.0
2025/07/17,1532.5,1565.0,1532.5,1552.5,14400,-1.0,-1.0,-1.0
2025/07/18,1552.5,1560.0,1532.5,1550.0,12800,-1.0,-1.0,-1.0
2025/07/22,1550.0,1550.0,1540.0,1550.0,6000,-1.0,-1.0,-1.0
2025/07/23,1550.0,1575.0,1550.0,1557.5,12800,-1.0,-1.0,-1.0
2025/07/24,1562.5,1562.5,1542.5,1550.0,7400,-1.0,-1.0,-1.0
2025/07/25,1555.0,1555.0,1542.5,1555.0,4200,-1.0,-1.0,-1.0
2025/07/28,1562.5,1567.5,1562.5,1567.5,3400,-1.0,-1.0,-1.0
2025/07/29,1567.5,1570.0,1560.0,1570.0,2600,-1.0,-1.0,-1.0
2025/07/30,1547.5,1565.0,1547.5,1565.0,8400,-1.0,-1.0,-1.0
2025/07/31,1565.0,1572.5,1550.0,1572.5,3800,-1.0,-1.0,-1.0
2025/08/01,1572.5,1572.5,1550.0,1562.5,1600,-1.0,-1.0,-1.0
2025/08/04,1567.5,1575.0,1550.0,1550.0,17000,-1.0,-1.0,-1.0
2025/08/05,1542.5,1575.0,1535.0,1565.0,28200,-1.0,-1.0,-1.0
2025/08/06,1570.0,1630.0,1570.0,1615.0,51200,-1.0,-1.0,-1.0
2025/08/07,1617.5,1695.0,1617.5,1620.0,28600,-1.0,-1.0,-1.0
2025/08/08,1640.0,1640.0,1617.5,1622.5,11600,-1.0,-1.0,-1.0
2025/08/12,1637.5,1675.0,1627.5,1655.0,10000,-1.0,-1.0,-1.0
2025/08/13,1640.0,1662.5,1615.0,1620.0,11000,-1.0,-1.0,-1.0
2025/08/14,1625.0,1657.5,1625.0,1647.5,4200,-1.0,-1.0,-1.0
2025/08/15,1652.5,1657.5,1637.5,1655.0,3200,-1.0,-1.0,-1.0
2025/08/18,1655.0,1667.5,1652.5,1662.5,3800,-1.0,-1.0,-1.0
2025/08/19,1627.5,1655.0,1620.0,1630.0,7800,-1.0,-1.0,-1.0
2025/08/20,1630.0,1647.5,1612.5,1647.5,5000,-1.0,-1.0,-1.0
2025/08/21,,,,1647.5,0,-1.0,-1.0,-1.0
2025/08/22,1650.0,1670.0,1650.0,1655.0,8200,-1.0,-1.0,-1.0
2025/08/25,1665.0,1685.0,1660.0,1685.0,3400,-1.0,-1.0,-1.0
2025/08/26,1685.0,1690.0,1665.0,1682.5,5600,-1.0,-1.0,-1.0
2025/08/27,1675.0,1690.0,1670.0,1690.0,600,-1.0,-1.0,-1.0
2025/08/28,1680.0,1692.5,1680.0,1692.5,400,-1.0,-1.0,-1.0
2025/08/29,1670.0,1690.0,1670.0,1682.5,2400,-1.0,-1.0,-1.0
2025/09/01,1687.5,1775.0,1675.0,1742.5,25400,-1.0,-1.0,-1.0
2025/09/02,1742.5,1765.0,1722.5,1750.0,4400,-1.0,-1.0,-1.0
2025/09/03,1750.0,1750.0,1690.0,1712.5,11400,-1.0,-1.0,-1.0
2025/09/04,1737.5,1737.5,1710.0,1720.0,3600,-1.0,-1.0,-1.0
2025/09/05,1720.0,1720.0,1707.5,1707.5,1400,-1.0,-1.0,-1.0
2025/09/08,1742.5,1775.0,1732.5,1775.0,10400,-1.0,-1.0,-1.0
2025/09/09,1775.0,1775.0,1735.0,1760.0,12400,-1.0,-1.0,-1.0
2025/09/10,1775.0,1825.0,1770.0,1790.0,16200,-1.0,-1.0,-1.0
2025/09/11,1785.0,1890.0,1775.0,1857.5,9800,-1.0,-1.0,-1.0
2025/09/12,1885.0,1885.0,1847.5,1852.5,6600,-1.0,-1.0,-1.0
2025/09/16,1855.0,1855.0,1767.5,1795.0,9400,-1.0,-1.0,-1.0
2025/09/17,1777.5,1810.0,1777.5,1800.0,6800,-1.0,-1.0,-1.0
2025/09/18,1835.0,1857.5,1835.0,1847.5,6400,-1.0,-1.0,-1.0
2025/09/19,1847.5,1885.0,1835.0,1885.0,15800,-1.0,-1.0,-1.0
2025/09/22,1900.0,2010.0,1900.0,2000.0,33600,-1.0,-1.0,-1.0
2025/09/24,1980.0,2020.0,1932.5,1970.0,18800,-1.0,-1.0,-1.0
2025/09/25,1970.0,2082.5,1970.0,2050.0,19600,-1.0,-1.0,-1.0
2025/09/26,2077.5,2077.5,2007.5,2025.0,16200,-1.0,-1.0,-1.0
2025/09/29,2035.0,2045.0,2002.5,2032.5,8800,-1.0,-1.0,-1.0
2025/09/30,2017.5,2027.5,1942.5,1957.5,15800,-1.0,-1.0,-1.0
2025/10/01,1950.0,1950.0,1877.5,1882.5,28600,-1.0,-1.0,-1.0
2025/10/02,1917.5,1917.5,1852.5,1860.0,12400,-1.0,-1.0,-1.0
2025/10/03,1857.5,1955.0,1845.0,1952.5,18200,-1.0,-1.0,-1.0
2025/10/06,1965.0,2052.5,1957.5,2045.0,52200,-1.0,-1.0,-1.0
2025/10/07,2042.5,2042.5,1945.0,1945.0,17200,-1.0,-1.0,-1.0
2025/10/08,1952.5,1977.5,1930.0,1967.5,34000,-1.0,-1.0,-1.0
2025/10/09,1967.5,1967.5,1910.0,1912.5,22400,-1.0,-1.0,-1.0
2025/10/10,1912.5,1925.0,1897.5,1897.5,12400,-1.0,-1.0,-1.0
2025/10/14,1897.5,1940.0,1812.5,1867.5,59800,-1.0,-1.0,-1.0
2025/10/15,1890.0,1915.0,1872.5,1915.0,12000,-1.0,-1.0,-1.0
2025/10/16,1915.0,1975.0,1915.0,1932.5,13400,-1.0,-1.0,-1.0
2025/10/17,1935.0,1935.0,1855.0,1902.5,15000,-1.0,-1.0,-1.0
2025/10/20,1932.5,1932.5,1897.5,1917.5,21400,-1.0,-1.0,-1.0
2025/10/21,1932.5,1957.5,1920.0,1942.5,7400,-1.0,-1.0,-1.0
2025/10/22,1942.5,1952.5,1937.5,1937.5,3400,-1.0,-1.0,-1.0
2025/10/23,1937.5,1945.0,1927.5,1940.0,6000,-1.0,-1.0,-1.0
2025/10/24,1955.0,1955.0,1900.0,1925.0,10200,-1.0,-1.0,-1.0
2025/10/27,1940.0,1972.5,1925.0,1970.0,13000,-1.0,-1.0,-1.0
2025/10/28,1960.0,2005.0,1940.0,1947.5,11600,-1.0,-1.0,-1.0
2025/10/29,1932.5,1932.5,1857.5,1867.5,15400,-1.0,-1.0,-1.0
2025/10/30,1867.5,1912.5,1867.5,1887.5,10400,-1.0,-1.0,-1.0
2025/10/31,1887.5,1937.5,1865.0,1927.5,13800,-1.0,-1.0,-1.0
2025/11/04,1945.0,1992.5,1910.0,1942.5,19800,-1.0,-1.0,-1.0
2025/11/05,1927.5,1957.5,1867.5,1882.5,36800,-1.0,-1.0,-1.0
2025/11/06,1890.0,1947.5,1890.0,1942.5,10800,-1.0,-1.0,-1.0
2025/11/07,1940.0,1975.0,1812.5,1885.0,68800,-1.0,-1.0,-1.0
2025/11/10,1877.5,1922.5,1862.5,1910.0,22400,-1.0,-1.0,-1.0
2025/11/11,1915.0,1940.0,1892.5,1935.0,16400,-1.0,-1.0,-1.0
2025/11/12,1922.5,1980.0,1922.5,1947.5,11800,-1.0,-1.0,-1.0
2025/11/13,1947.5,1947.5,1905.0,1917.5,4600,-1.0,-1.0,-1.0
2025/11/14,1912.5,1997.5,1910.0,1990.0,11800,-1.0,-1.0,-1.0
2025/11/17,2002.5,2025.0,1980.0,2010.0,12400,-1.0,-1.0,-1.0
2025/11/18,1992.5,1997.5,1952.5,1980.0,8600,-1.0,-1.0,-1.0
2025/11/19,1960.0,1965.0,1945.0,1965.0,5800,-1.0,-1.0,-1.0
2025/11/20,1950.0,2002.5,1950.0,1990.0,15600,-1.0,-1.0,-1.0
2025/11/21,1987.5,2065.0,1970.0,2032.5,17400,-1.0,-1.0,-1.0
2025/11/25,2035.0,2200.0,2035.0,2157.5,83000,-1.0,-1.0,-1.0
2025/11/26,2147.5,2222.5,2132.5,2185.0,20400,-1.0,-1.0,-1.0
2025/11/27,2197.5,2297.5,2195.0,2290.0,33200,-1.0,-1.0,-1.0
2025/11/28,2305.0,2310.0,2275.0,2300.0,24200,-1.0,-1.0,-1.0
2025/12/01,2335.0,2397.5,2310.0,2370.0,40600,-1.0,-1.0,-1.0
2025/12/02,2345.0,2352.5,2230.0,2267.5,66800,-1.0,-1.0,-1.0
2025/12/03,2250.0,2272.5,2200.0,2205.0,22200,-1.0,-1.0,-1.0
2025/12/04,2200.0,2237.5,2200.0,2237.5,7800,-1.0,-1.0,-1.0
2025/12/05,2237.5,2260.0,2210.0,2250.0,7400,-1.0,-1.0,-1.0
2025/12/08,2250.0,2345.0,2250.0,2325.0,27200,-1.0,-1.0,-1.0
2025/12/09,2325.0,2390.0,2325.0,2327.5,25800,-1.0,-1.0,-1.0
2025/12/10,2340.0,2397.5,2340.0,2370.0,14400,-1.0,-1.0,-1.0
2025/12/11,2355.0,2362.5,2305.0,2305.0,9800,-1.0,-1.0,-1.0
2025/12/12,2340.0,2340.0,2302.5,2317.5,5600,-1.0,-1.0,-1.0
2025/12/15,2315.0,2420.0,2302.5,2397.5,13000,-1.0,-1.0,-1.0
2025/12/16,2395.0,2415.0,2375.0,2412.5,8600,-1.0,-1.0,-1.0
2025/12/17,2417.5,2605.0,2360.0,2560.0,50000,-1.0,-1.0,-1.0
2025/12/18,2510.0,2530.0,2470.0,2500.0,14800,-1.0,-1.0,-1.0
2025/12/19,2525.0,2540.0,2500.0,2500.0,10800,-1.0,-1.0,-1.0
2025/12/22,2525.0,2575.0,2480.0,2545.0,11000,-1.0,-1.0,-1.0
2025/12/23,2515.0,2570.0,2457.5,2550.0,8000,-1.0,-1.0,-1.0
2025/12/24,2550.0,2595.0,2520.0,2595.0,8800,-1.0,-1.0,-1.0
2025/12/25,2600.0,2600.0,2570.0,2570.0,7800,-1.0,-1.0,-1.0
2025/12/26,2545.0,2695.0,2540.0,2670.0,23600,-1.0,-1.0,-1.0
2025/12/29,2660.0,2745.0,2630.0,2720.0,21400,-1.0,-1.0,-1.0
2025/12/30,2700.0,2870.0,2650.0,2760.0,51400,-1.0,-1.0,-1.0
2026/01/05,2725.0,2755.0,2680.0,2725.0,21800,-1.0,-1.0,-1.0
2026/01/06,2725.0,2760.0,2700.0,2700.0,17600,-1.0,-1.0,-1.0
2026/01/07,2705.0,2705.0,2590.0,2605.0,28600,-1.0,-1.0,-1.0
2026/01/08,2605.0,2700.0,2590.0,2640.0,20800,-1.0,-1.0,-1.0
2026/01/09,2640.0,2640.0,2535.0,2600.0,35400,-1.0,-1.0,-1.0
2026/01/13,2635.0,2700.0,2635.0,2670.0,18200,-1.0,-1.0,-1.0
2026/01/14,2665.0,2750.0,2665.0,2750.0,21000,-1.0,-1.0,-1.0
2026/01/15,2750.0,2850.0,2750.0,2850.0,20000,-1.0,-1.0,-1.0
2026/01/16,2850.0,2935.0,2810.0,2860.0,18000,-1.0,-1.0,-1.0
2026/01/19,2865.0,2895.0,2765.0,2850.0,15200,-1.0,-1.0,-1.0
2026/01/20,2850.0,2850.0,2765.0,2790.0,9800,-1.0,-1.0,-1.0
2026/01/21,2760.0,2880.0,2760.0,2840.0,14000,-1.0,-1.0,-1.0
2026/01/22,2850.0,2870.0,2825.0,2835.0,7400,-1.0,-1.0,-1.0
2026/01/23,2850.0,2850.0,2785.0,2810.0,7600,-1.0,-1.0,-1.0
2026/01/26,2795.0,2800.0,2715.0,2725.0,9800,-1.0,-1.0,-1.0
2026/01/27,2715.0,2720.0,2700.0,2705.0,7000,-1.0,-1.0,-1.0
2026/01/28,2715.0,2725.0,2655.0,2655.0,12800,-1.0,-1.0,-1.0
2026/01/29,2680.0,2720.0,2650.0,2720.0,6400,-1.0,-1.0,-1.0
2026/01/30,2730.0,2785.0,2655.0,2710.0,14000,-1.0,-1.0,-1.0
2026/02/02,2710.0,2775.0,2675.0,2725.0,11800,-1.0,-1.0,-1.0
2026/02/03,2775.0,2795.0,2735.0,2795.0,7000,-1.0,-1.0,-1.0
2026/02/04,2765.0,2820.0,2765.0,2790.0,8200,-1.0,-1.0,-1.0
2026/02/05,2805.0,2840.0,2780.0,2830.0,8600,-1.0,-1.0,-1.0
2026/02/06,2830.0,2885.0,2685.0,2760.0,40800,-1.0,-1.0,-1.0
2026/02/09,2775.0,2805.0,2735.0,2750.0,15000,-1.0,-1.0,-1.0
2026/02/10,2775.0,2795.0,2750.0,2770.0,8800,-1.0,-1.0,-1.0
2026/02/12,2745.0,2745.0,2685.0,2705.0,15200,-1.0,-1.0,-1.0
2026/02/13,2695.0,2695.0,2570.0,2580.0,35200,-1.0,-1.0,-1.0
2026/02/16,2590.0,2595.0,2505.0,2545.0,31200,-1.0,-1.0,-1.0
2026/02/17,2565.0,2580.0,2550.0,2580.0,5600,-1.0,-1.0,-1.0
2026/02/18,2595.0,2595.0,2555.0,2555.0,3600,-1.0,-1.0,-1.0
2026/02/19,2570.0,2635.0,2525.0,2585.0,21000,-1.0,-1.0,-1.0
2026/02/20,2585.0,2595.0,2550.0,2550.0,5800,-1.0,-1.0,-1.0
2026/02/24,2550.0,2570.0,2515.0,2555.0,5400,-1.0,-1.0,-1.0
2026/02/25,2570.0,2570.0,2545.0,2545.0,6200,-1.0,-1.0,-1.0
2026/02/26,2560.0,2635.0,2560.0,2580.0,13600,-1.0,-1.0,-1.0
2026/02/27,2600.0,2690.0,2600.0,2685.0,8400,-1.0,-1.0,-1.0
2026/03/02,2700.0,2720.0,2615.0,2625.0,8400,-1.0,-1.0,-1.0
2026/03/02,2700.0,2720.0,2615.0,2625.0,8400,-1.0,-1.0,-1.0
2026/03/02,2700.0,2720.0,2615.0,2625.0,8400,-1.0,-1.0,-1.0
2026/03/02,2700.0,2720.0,2615.0,2625.0,8400,-1.0,-1.0,-1.0
2026/03/03,2670.0,2715.0,2550.0,2550.0,14000,-1.0,-1.0,-1.0
2026/03/04,2515.0,2595.0,2477.5,2520.0,21800,-1.0,-1.0,-1.0
2026/03/05,2565.0,2710.0,2565.0,2700.0,15600,-1.0,-1.0,-1.0
2026/03/06,2670.0,2695.0,2610.0,2610.0,4400,-1.0,-1.0,-1.0
2026/03/09,2550.0,2580.0,2450.0,2575.0,38600,-1.0,-1.0,-1.0
2026/03/10,2650.0,2650.0,2585.0,2585.0,3800,-1.0,-1.0,-1.0
2026/03/11,2585.0,2650.0,2570.0,2600.0,6800,-1.0,-1.0,-1.0
2026/03/12,2640.0,2640.0,2550.0,2555.0,6400,-1.0,-1.0,-1.0
2026/03/13,2510.0,2605.0,2510.0,2565.0,12600,-1.0,-1.0,-1.0
2026/03/16,2600.0,2725.0,2565.0,2675.0,19200,-1.0,-1.0,-1.0
2026/03/17,2675.0,2780.0,2570.0,2610.0,18000,-1.0,-1.0,-1.0
2026/03/18,2660.0,2720.0,2635.0,2645.0,6000,-1.0,-1.0,-1.0
2026/03/19,2675.0,2675.0,2550.0,2575.0,11400,-1.0,-1.0,-1.0
2026/03/23,2500.0,2500.0,2375.0,2400.0,21600,-1.0,-1.0,-1.0
2026/03/24,2470.0,2525.0,2435.0,2515.0,12000,-1.0,-1.0,-1.0
2026/03/25,2565.0,2580.0,2500.0,2555.0,10600,-1.0,-1.0,-1.0
2026/03/26,2570.0,2580.0,2490.0,2510.0,11600,-1.0,-1.0,-1.0
2026/03/27,2510.0,2560.0,2485.0,2492.5,7400,-1.0,-1.0,-1.0
2026/03/30,2415.0,2462.5,2407.5,2425.0,6200,-1.0,-1.0,-1.0
2026/03/31,2460.0,2475.0,2425.0,2465.0,12400,-1.0,-1.0,-1.0
2026/04/01,2492.5,2540.0,2422.5,2525.0,12800,-1.0,-1.0,-1.0
2026/04/02,2530.0,2530.0,2455.0,2490.0,1600,-1.0,-1.0,-1.0
2026/04/03,2477.5,2492.5,2455.0,2492.5,2200,-1.0,-1.0,-1.0
2026/04/06,2490.0,2555.0,2490.0,2510.0,11000,-1.0,-1.0,-1.0
2026/04/07,2515.0,2515.0,2515.0,2515.0,200,-1.0,-1.0,-1.0
2026/04/08,2515.0,2560.0,2497.5,2555.0,6600,-1.0,-1.0,-1.0
2026/04/09,2575.0,2585.0,2550.0,2550.0,2000,-1.0,-1.0,-1.0
2026/04/10,2550.0,2550.0,2495.0,2520.0,1200,-1.0,-1.0,-1.0
2026/04/13,2505.0,2585.0,2450.0,2450.0,10200,-1.0,-1.0,-1.0
2026/04/14,2457.5,2500.0,2457.5,2475.0,4200,-1.0,-1.0,-1.0
2026/04/15,2482.5,2510.0,2475.0,2510.0,2800,-1.0,-1.0,-1.0
2026/04/16,2510.0,2540.0,2490.0,2510.0,3400,-1.0,-1.0,-1.0
2026/04/17,2515.0,2555.0,2515.0,2555.0,6200,-1.0,-1.0,-1.0
2026/04/20,2555.0,2600.0,2515.0,2525.0,3600,-1.0,-1.0,-1.0
2026/04/21,2520.0,2555.0,2505.0,2505.0,5800,-1.0,-1.0,-1.0
2026/04/22,2500.0,2565.0,2500.0,2515.0,1000,-1.0,-1.0,-1.0
2026/04/23,2545.0,2545.0,2505.0,2515.0,3000,-1.0,-1.0,-1.0
2026/04/24,2545.0,2565.0,2530.0,2530.0,2000,-1.0,-1.0,-1.0
2026/04/27,2580.0,2580.0,2505.0,2505.0,7200,-1.0,-1.0,-1.0
2026/04/28,2505.0,2560.0,2505.0,2560.0,6400,-1.0,-1.0,-1.0
2026/04/30,2535.0,2565.0,2525.0,2550.0,1800,-1.0,-1.0,-1.0
2026/05/01,2525.0,2545.0,2460.0,2535.0,3800,-1.0,-1.0,-1.0
2026/05/07,2560.0,2570.0,2545.0,2545.0,1600,-1.0,-1.0,-1.0
2026/05/08,2530.0,2630.0,2530.0,2590.0,5000,-1.0,-1.0,-1.0
2026/05/11,2550.0,2625.0,2550.0,2565.0,5000,-1.0,-1.0,-1.0
2026/05/12,2600.0,2600.0,2545.0,2550.0,3800,-1.0,-1.0,-1.0
2026/05/13,2550.0,2660.0,2500.0,2510.0,13200,-1.0,-1.0,-1.0
2026/05/14,2550.0,2665.0,2550.0,2600.0,10200,-1.0,-1.0,-1.0
2026/05/15,2650.0,2740.0,2650.0,2740.0,10000,-1.0,-1.0,-1.0
2026/05/18,2735.0,2735.0,2685.0,2695.0,1800,-1.0,-1.0,-1.0
2026/05/19,2685.0,2755.0,2600.0,2700.0,8000,-1.0,-1.0,-1.0
2026/05/20,2700.0,2765.0,2690.0,2690.0,8000,-1.0,-1.0,-1.0
2026/05/21,2740.0,2750.0,2615.0,2750.0,11000,-1.0,-1.0,-1.0
2026/05/22,2740.0,2795.0,2705.0,2795.0,9600,-1.0,-1.0,-1.0
2026/05/25,2800.0,2825.0,2750.0,2795.0,6000,-1.0,-1.0,-1.0
2026/05/26,2795.0,2800.0,2725.0,2735.0,9000,-1.0,-1.0,-1.0
2026/05/27,2735.0,2735.0,2695.0,2735.0,7000,-1.0,-1.0,-1.0
2026/05/28,2785.0,2820.0,2725.0,2780.0,5600,-1.0,-1.0,-1.0
2026/05/29,2780.0,2850.0,2765.0,2850.0,6000,-1.0,-1.0,-1.0
2026/06/01,2850.0,2850.0,2805.0,2835.0,1200,-1.0,-1.0,-1.0
2026/06/02,2835.0,2835.0,2725.0,2820.0,2600,-1.0,-1.0,-1.0
2026/06/03,2820.0,2825.0,2770.0,2815.0,5000,-1.0,-1.0,-1.0
2026/06/04,2815.0,2850.0,2765.0,2850.0,5000,-1.0,-1.0,-1.0
2026/06/05,2840.0,2840.0,2775.0,2815.0,3400,-1.0,-1.0,-1.0
2026/06/08,2780.0,2780.0,2695.0,2725.0,1600,-1.0,-1.0,-1.0
2026/06/09,2715.0,2765.0,2715.0,2715.0,1000,-1.0,-1.0,-1.0
2026/06/10,2745.0,2745.0,2625.0,2690.0,6200,-1.0,-1.0,-1.0
2026/06/11,2640.0,2675.0,2585.0,2675.0,8600,-1.0,-1.0,-1.0
2026/06/12,2670.0,2670.0,2615.0,2660.0,3400,-1.0,-1.0,-1.0
2026/06/15,2670.0,2750.0,2635.0,2680.0,9000,-1.0,-1.0,-1.0
2026/06/16,2655.0,2665.0,2600.0,2645.0,3400,-1.0,-1.0,-1.0
2026/06/17,2665.0,2665.0,2580.0,2625.0,4400,-1.0,-1.0,-1.0
2026/06/18,2675.0,2675.0,2450.0,2515.0,20200,-1.0,-1.0,-1.0
2026/06/19,2515.0,2605.0,2490.0,2500.0,4400,-1.0,-1.0,-1.0
2026/06/22,2500.0,2625.0,2500.0,2550.0,6400,-1.0,-1.0,-1.0
2026/06/23,2550.0,2615.0,2525.0,2555.0,4200,-1.0,-1.0,-1.0
2026/06/24,2555.0,2560.0,2482.5,2525.0,9600,-1.0,-1.0,-1.0
2026/06/25,2535.0,2645.0,2535.0,2645.0,1800,-1.0,-1.0,-1.0
2026/06/26,2715.0,2715.0,2605.0,2675.0,8400,-1.0,-1.0,-1.0
2026/06/29,2710.0,2740.0,2650.0,2710.0,4000,-1.0,-1.0,-1.0
2026/06/30,2715.0,2850.0,2715.0,2815.0,6400,-1.0,-1.0,-1.0
2026/07/01,2830.0,2830.0,2740.0,2755.0,5800,-1.0,-1.0,-1.0
2026/07/02,2840.0,2840.0,2790.0,2820.0,8800,-1.0,-1.0,-1.0
2026/07/03,2775.0,2805.0,2725.0,2775.0,3400,-1.0,-1.0,-1.0
2026/07/06,2770.0,2770.0,2750.0,2770.0,1000,-1.0,-1.0,-1.0
2026/07/07,,,,2770.0,0,-1.0,-1.0,-1.0
2026/07/08,,,,2770.0,0,-1.0,-1.0,-1.0
2026/07/09,,,,2770.0,0,-1.0,-1.0,-1.0
2026/07/10,2820.0,2820.0,2820.0,2820.0,200,-1.0,-1.0,-1.0
2026/07/13,,,,2820.0,0,-1.0,-1.0,-1.0
2026/07/14,2770.0,2770.0,2730.0,2730.0,800,-1.0,-1.0,-1.0
2026/07/15,2740.0,2750.0,2730.0,2730.0,1000,-1.0,-1.0,-1.0
2026/07/16,2750.0,2750.0,2705.0,2705.0,1000,-1.0,-1.0,-1.0
2026/07/17,2615.0,2700.0,2615.0,2700.0,4000,-1.0,-1.0,-1.0
2026/07/21,2700.0,2750.0,2675.0,2675.0,3600,-1.0,-1.0,-1.0
2026/07/22,2680.0,2685.0,2680.0,2685.0,600,-1.0,-1.0,-1.0
2026/07/23,,,,2685.0,0,-1.0,-1.0,-1.0
2026/07/24,2710.0,2740.0,2690.0,2740.0,1200,-1.0,-1.0,-1.0
2026/07/27,2775.0,2775.0,2720.0,2720.0,2800,-1.0,-1.0,-1.0
2026/07/28,2725.0,2750.0,2715.0,2715.0,1000,-1.0,-1.0,-1.0
2026/07/29,2725.0,2725.0,2575.0,2600.0,3400,-1.0,-1.0,-1.0
2026/07/30,,,,2600.0,0,-1.0,-1.0,-1.0
2026/07/31,2685.0,2685.0,2630.0,2655.0,1400,-1.0,-1.0,-1.0
2026/08/03,2690.0,2690.0,2690.0,2690.0,200,-1.0,-1.0,-1.0
2026/08/04,2655.0,2655.0,2615.0,2615.0,2600,-1.0,-1.0,-1.0
2026/08/05,2610.0,2630.0,2610.0,2630.0,600,-1.0,-1.0,-1.0
2026/08/06,2590.0,2620.0,2575.0,2575.0,4200,-1.0,-1.0,-1.0
2026/08/07,2625.0,2625.0,2510.0,2520.0,4800,-1.0,-1.0,-1.0
2026/08/10,2520.0,2590.0,2520.0,2590.0,1200,-1.0,-1.0,-1.0
2026/08/12,2555.0,2590.0,2540.0,2550.0,3000,-1.0,-1.0,-1.0
2026/08/13,2555.0,2580.0,2550.0,2550.0,800,-1.0,-1.0,-1.0
2026/08/14,2530.0,2550.0,2530.0,2540.0,600,-1.0,-1.0,-1.0
2026/08/17,2490.0,2545.0,2477.5,2545.0,6600,-1.0,-1.0,-1.0
2026/08/18,2550.0,2550.0,2500.0,2525.0,1800,-1.0,-1.0,-1.0
2026/08/19,2575.0,2575.0,2492.5,2492.5,3400,-1.0,-1.0,-1.0
2026/08/20,2500.0,2500.0,2500.0,2500.0,400,-1.0,-1.0,-1.0
2026/08/21,2520.0,2520.0,2495.0,2495.0,400,-1.0,-1.0,-1.0
2026/08/24,2500.0,2500.0,2500.0,2500.0,400,-1.0,-1.0,-1.0
2026/08/25,2505.0,2535.0,2505.0,2535.0,1200,-1.0,-1.0,-1.0
2026/08/26,2565.0,2565.0,2460.0,2545.0,8400,-1.0,-1.0,-1.0
2026/08/27,2545.0,2560.0,2510.0,2545.0,2600,-1.0,-1.0,-1.0
2026/08/28,2545.0,2610.0,2495.0,2495.0,15600,-1.0,-1.0,-1.0
2026/08/31,2500.0,2520.0,2480.0,2485.0,6000,-1.0,-1.0,-1.0
2026/09/01,2490.0,2495.0,2485.0,2485.0,3600,-1.0,-1.0,-1.0
2026/09/02,2505.0,2505.0,2480.0,2480.0,4200,-1.0,-1.0,-1.0
2026/09/03,2480.0,2510.0,2465.0,2487.5,4400,-1.0,-1.0,-1.0
2026/09/04,2492.5,2520.0,2490.0,2520.0,3000,-1.0,-1.0,-1.0
2026/09/07,2525.0,2550.0,2500.0,2530.0,5200,-1.0,-1.0,-1.0
2026/09/08,2545.0,2545.0,2505.0,2505.0,1200,-1.0,-1.0,-1.0
2026/09/09,,,,2505.0,0,-1.0,-1.0,-1.0
2026/09/10,2500.0,2500.0,2485.0,2485.0,800,-1.0,-1.0,-1.0
2026/09/11,2480.0,2480.0,2480.0,2480.0,200,-1.0,-1.0,-1.0
2026/09/14,2492.5,2540.0,2465.0,2492.5,5800,-1.0,-1.0,-1.0
2026/09/15,2505.0,2505.0,2407.5,2450.0,10400,-1.0,-1.0,-1.0
2026/09/16,2465.0,2490.0,2412.5,2440.0,7800,-1.0,-1.0,-1.0
2026/09/17,2445.0,2452.5,2410.0,2432.5,9000,-1.0,-1.0,-1.0
2026/09/18,2432.5,2500.0,2432.5,2462.5,6200,-1.0,-1.0,-1.0
2026/09/24,2460.0,2490.0,2460.0,2467.5,4000,-1.0,-1.0,-1.0
2026/09/25,2492.5,2492.5,2475.0,2475.0,2200,-1.0,-1.0,-1.0
2026/09/28,5000.0,5020.0,4915.0,5020.0,5100,-1.0,-1.0,-1.0
2026/09/29,2480.0,2600.0,2430.0,2593.0,5600,-1.0,-1.0,-1.0
2026/09/30,2610.0,2610.0,2550.0,2557.0,3200,-1.0,-1.0,-1.0
2026/10/01,2607.0,2610.0,2601.0,2601.0,500,-1.0,-1.0,-1.0
2026/10/02,2582.0,2594.0,2580.0,2580.0,1400,-1.0,-1.0,-1.0
2026/10/05,2571.0,2571.0,2420.0,2545.0,4700,-1.0,-1.0,-1.0
2026/10/06,2549.0,2549.0,2363.0,2376.0,13000,-1.0,-1.0,-1.0
2026/10/07,2398.0,2398.0,2322.0,2367.0,11900,-1.0,-1.0,-1.0
