date,open,high,low,close,volume,rs_nikkei,rs_topix,rs
2014/03/26,1788.6,1811.35,1784.05,1795.45,583600,-1.0,-1.0,-1.0
2014/03/27,1788.6,1813.6,1747.7,1806.8,533600,-1.0,-1.0,-1.0
2014/03/28,1813.6,1852.25,1800.0,1818.15,710000,-1.0,-1.0,-1.0
2014/03/31,1818.15,1822.7,1777.25,1815.9,681000,-1.0,-1.0,-1.0
2014/04/01,1827.25,1831.8,1795.45,1815.9,472000,-1.0,-1.0,-1.0
2014/04/02,1818.15,1834.05,1797.7,1822.7,574600,-1.0,-1.0,-1.0
2014/04/03,1822.7,1829.5,1802.25,1811.35,364600,-1.0,-1.0,-1.0
2014/04/04,1800.0,1815.9,1777.25,1786.35,397600,-1.0,-1.0,-1.0
2014/04/07,1770.45,1790.9,1731.8,1743.15,475800,-1.0,-1.0,-1.0
2014/04/08,1752.25,1752.25,1706.8,1715.9,382200,-1.0,-1.0,-1.0
2014/04/09,1695.45,1711.35,1681.8,1695.45,514600,-1.0,-1.0,-1.0
2014/04/10,1709.05,1718.15,1677.25,1686.35,433200,-1.0,-1.0,-1.0
2014/04/11,1663.6,1665.9,1640.9,1640.9,463800,-1.0,-1.0,-1.0
2014/04/14,1643.15,1688.6,1643.15,1670.45,666000,-1.0,-1.0,-1.0
2014/04/15,1684.05,1690.9,1647.7,1654.5,504000,-1.0,-1.0,-1.0
2014/04/16,1675.0,1700.0,1672.7,1697.7,377600,-1.0,-1.0,-1.0
2014/04/17,1702.25,1715.9,1690.9,1704.5,443200,-1.0,-1.0,-1.0
2014/04/18,1709.05,1713.6,1688.6,1711.35,228600,-1.0,-1.0,-1.0
2014/04/21,1713.6,1725.0,1679.5,1679.5,272400,-1.0,-1.0,-1.0
2014/04/22,1690.9,1711.35,1688.6,1690.9,297200,-1.0,-1.0,-1.0
2014/04/23,1706.8,1711.35,1679.5,1695.45,425800,-1.0,-1.0,-1.0
2014/04/24,1690.9,1704.5,1656.8,1672.7,392800,-1.0,-1.0,-1.0
2014/04/25,1686.35,1715.9,1684.05,1702.25,434800,-1.0,-1.0,-1.0
2014/04/28,1686.35,1695.45,1670.45,1679.5,367800,-1.0,-1.0,-1.0
2014/04/30,1686.35,1704.5,1647.7,1672.7,561800,-1.0,-1.0,-1.0
2014/05/01,1688.6,1747.7,1686.35,1747.7,474800,-1.0,-1.0,-1.0
2014/05/02,1738.6,1740.9,1706.8,1713.6,248200,-1.0,-1.0,-1.0
2014/05/07,1715.9,1722.7,1695.45,1713.6,678400,-1.0,-1.0,-1.0
2014/05/08,1740.9,1756.8,1718.15,1727.25,315600,-1.0,-1.0,-1.0
2014/05/09,1704.5,1734.05,1652.25,1663.6,512600,-1.0,-1.0,-1.0
2014/05/12,1668.15,1690.9,1654.5,1656.8,418400,-1.0,-1.0,-1.0
2014/05/13,1652.25,1679.5,1609.05,1613.6,756800,-1.0,-1.0,-1.0
2014/05/14,1615.9,1629.5,1604.5,1613.6,235400,-1.0,-1.0,-1.0
2014/05/15,1590.9,1604.5,1563.6,1579.5,343400,-1.0,-1.0,-1.0
2014/05/16,1556.8,1575.0,1538.6,1556.8,316400,-1.0,-1.0,-1.0
2014/05/19,1554.5,1563.6,1540.9,1543.15,232800,-1.0,-1.0,-1.0
2014/05/20,1554.5,1556.8,1536.35,1536.35,181400,-1.0,-1.0,-1.0
2014/05/21,1531.8,1540.9,1509.05,1520.45,293400,-1.0,-1.0,-1.0
2014/05/22,1529.5,1554.5,1520.45,1552.25,374400,-1.0,-1.0,-1.0
2014/05/23,1556.8,1575.0,1556.8,1568.15,270400,-1.0,-1.0,-1.0
2014/05/26,1572.7,1579.5,1550.0,1572.7,297800,-1.0,-1.0,-1.0
2014/05/27,1575.0,1609.05,1572.7,1579.5,316000,-1.0,-1.0,-1.0
2014/05/28,1597.7,1625.0,1590.9,1602.25,393000,-1.0,-1.0,-1.0
2014/05/29,1634.05,1659.05,1611.35,1620.45,482000,-1.0,-1.0,-1.0
2014/05/30,1627.25,1638.6,1613.6,1636.35,503200,-1.0,-1.0,-1.0
2014/06/02,1661.35,1681.8,1645.45,1663.6,338000,-1.0,-1.0,-1.0
2014/06/03,1702.25,1711.35,1690.9,1695.45,576800,-1.0,-1.0,-1.0
2014/06/04,1700.0,1704.5,1656.8,1679.5,472600,-1.0,-1.0,-1.0
2014/06/05,1670.45,1672.7,1647.7,1661.35,353800,-1.0,-1.0,-1.0
2014/06/06,1659.05,1672.7,1627.25,1631.8,404600,-1.0,-1.0,-1.0
2014/06/09,1643.15,1650.0,1620.45,1625.0,289400,-1.0,-1.0,-1.0
2014/06/10,1631.8,1647.7,1625.0,1629.5,230800,-1.0,-1.0,-1.0
2014/06/11,1629.5,1656.8,1629.5,1650.0,357600,-1.0,-1.0,-1.0
2014/06/12,1629.5,1640.9,1615.9,1631.8,356200,-1.0,-1.0,-1.0
2014/06/13,1622.7,1668.15,1613.6,1656.8,557400,-1.0,-1.0,-1.0
2014/06/16,1638.6,1652.25,1629.5,1634.05,214800,-1.0,-1.0,-1.0
2014/06/17,1656.8,1677.25,1650.0,1661.35,489800,-1.0,-1.0,-1.0
2014/06/18,1663.6,1690.9,1661.35,1677.25,358200,-1.0,-1.0,-1.0
2014/06/19,1659.05,1702.25,1659.05,1697.7,419400,-1.0,-1.0,-1.0
2014/06/20,1709.05,1722.7,1688.6,1706.8,613400,-1.0,-1.0,-1.0
2014/06/23,1715.9,1740.9,1709.05,1727.25,494200,-1.0,-1.0,-1.0
2014/06/24,1695.45,1711.35,1661.35,1706.8,500200,-1.0,-1.0,-1.0
2014/06/25,1715.9,1731.8,1695.45,1702.25,403200,-1.0,-1.0,-1.0
2014/06/26,1709.05,1715.9,1681.8,1693.15,378800,-1.0,-1.0,-1.0
2014/06/27,1690.9,1706.8,1681.8,1702.25,436600,-1.0,-1.0,-1.0
2014/06/30,1702.25,1718.15,1693.15,1713.6,306200,-1.0,-1.0,-1.0
2014/07/01,1722.7,1743.15,1715.9,1736.35,287800,-1.0,-1.0,-1.0
2014/07/02,1731.8,1745.45,1722.7,1736.35,192200,-1.0,-1.0,-1.0
2014/07/03,1750.0,1763.6,1718.15,1722.7,219200,-1.0,-1.0,-1.0
2014/07/04,1731.8,1734.05,1690.9,1702.25,350600,-1.0,-1.0,-1.0
2014/07/07,1670.45,1693.15,1663.6,1681.8,322800,-1.0,-1.0,-1.0
2014/07/08,1679.5,1693.15,1668.15,1677.25,280200,-1.0,-1.0,-1.0
2014/07/09,1656.8,1661.35,1645.45,1652.25,391000,-1.0,-1.0,-1.0
2014/07/10,1652.25,1654.5,1620.45,1629.5,313600,-1.0,-1.0,-1.0
2014/07/11,1615.9,1631.8,1615.9,1627.25,259000,-1.0,-1.0,-1.0
2014/07/14,1618.15,1634.05,1618.15,1629.5,214400,-1.0,-1.0,-1.0
2014/07/15,1627.25,1645.45,1622.7,1631.8,205400,-1.0,-1.0,-1.0
2014/07/16,1634.05,1636.35,1618.15,1622.7,233000,-1.0,-1.0,-1.0
2014/07/17,1622.7,1622.7,1600.0,1609.05,441400,-1.0,-1.0,-1.0
2014/07/18,1590.9,1593.15,1572.7,1584.05,359800,-1.0,-1.0,-1.0
2014/07/22,1590.9,1590.9,1572.7,1572.7,369200,-1.0,-1.0,-1.0
2014/07/23,1575.0,1579.5,1565.9,1570.45,207400,-1.0,-1.0,-1.0
2014/07/24,1568.15,1570.45,1550.0,1554.5,343200,-1.0,-1.0,-1.0
2014/07/25,1545.45,1570.45,1529.5,1568.15,363800,-1.0,-1.0,-1.0
2014/07/28,1568.15,1572.7,1547.7,1552.25,356200,-1.0,-1.0,-1.0
2014/07/29,1552.25,1565.9,1538.6,1545.45,383000,-1.0,-1.0,-1.0
2014/07/30,1534.05,1540.9,1522.7,1525.0,467200,-1.0,-1.0,-1.0
2014/07/31,1509.05,1520.45,1490.9,1504.5,1010200,-1.0,-1.0,-1.0
2014/08/01,1500.0,1504.5,1484.05,1488.6,452400,-1.0,-1.0,-1.0
2014/08/04,1488.6,1520.45,1472.7,1509.05,533400,-1.0,-1.0,-1.0
2014/08/05,1509.05,1513.6,1470.45,1475.0,535800,-1.0,-1.0,-1.0
2014/08/06,1459.05,1472.7,1454.5,1459.05,369600,-1.0,-1.0,-1.0
2014/08/07,1454.5,1479.5,1443.15,1479.5,534200,-1.0,-1.0,-1.0
2014/08/08,1472.7,1493.15,1454.5,1477.25,940600,-1.0,-1.0,-1.0
2014/08/11,1500.0,1502.25,1477.25,1488.6,312800,-1.0,-1.0,-1.0
2014/08/12,1509.05,1520.45,1502.25,1509.05,483200,-1.0,-1.0,-1.0
2014/08/13,1506.8,1525.0,1490.9,1520.45,648800,-1.0,-1.0,-1.0
2014/08/14,1527.25,1529.5,1513.6,1522.7,460200,-1.0,-1.0,-1.0
2014/08/15,1527.25,1561.35,1522.7,1561.35,563200,-1.0,-1.0,-1.0
2014/08/18,1561.35,1570.45,1550.0,1563.6,399600,-1.0,-1.0,-1.0
2014/08/19,1581.8,1590.9,1575.0,1586.35,452000,-1.0,-1.0,-1.0
2014/08/20,1579.5,1590.9,1561.35,1561.35,424800,-1.0,-1.0,-1.0
2014/08/21,1565.9,1570.45,1543.15,1568.15,437000,-1.0,-1.0,-1.0
2014/08/22,1570.45,1577.25,1550.0,1556.8,251200,-1.0,-1.0,-1.0
2014/08/25,1565.9,1570.45,1556.8,1561.35,195400,-1.0,-1.0,-1.0
2014/08/26,1552.25,1568.15,1547.7,1554.5,299200,-1.0,-1.0,-1.0
2014/08/27,1547.7,1563.6,1531.8,1545.45,429800,-1.0,-1.0,-1.0
2014/08/28,1534.05,1556.8,1527.25,1552.25,455200,-1.0,-1.0,-1.0
2014/08/29,1552.25,1579.5,1547.7,1575.0,422000,-1.0,-1.0,-1.0
2014/09/01,1577.25,1584.05,1559.05,1563.6,199200,-1.0,-1.0,-1.0
2014/09/02,1565.9,1575.0,1554.5,1565.9,222200,-1.0,-1.0,-1.0
2014/09/03,1568.15,1568.15,1543.15,1559.05,331200,-1.0,-1.0,-1.0
2014/09/04,1565.9,1575.0,1552.25,1561.35,373600,-1.0,-1.0,-1.0
2014/09/05,1572.7,1572.7,1536.35,1545.45,212600,-1.0,-1.0,-1.0
2014/09/08,1559.05,1561.35,1543.15,1552.25,180800,-1.0,-1.0,-1.0
2014/09/09,1556.8,1559.05,1545.45,1547.7,197400,-1.0,-1.0,-1.0
2014/09/10,1543.15,1584.05,1538.6,1581.8,387600,-1.0,-1.0,-1.0
2014/09/11,1581.8,1581.8,1556.8,1559.05,338400,-1.0,-1.0,-1.0
2014/09/12,1536.35,1554.5,1527.25,1552.25,684400,-1.0,-1.0,-1.0
2014/09/16,1545.45,1552.25,1531.8,1538.6,297800,-1.0,-1.0,-1.0
2014/09/17,1536.35,1547.7,1534.05,1534.05,218800,-1.0,-1.0,-1.0
2014/09/18,1550.0,1563.6,1545.45,1554.5,371600,-1.0,-1.0,-1.0
2014/09/19,1565.9,1577.25,1554.5,1570.45,410800,-1.0,-1.0,-1.0
2014/09/22,1563.6,1563.6,1500.0,1509.05,748400,-1.0,-1.0,-1.0
2014/09/24,1500.0,1500.0,1479.5,1490.9,527000,-1.0,-1.0,-1.0
2014/09/25,1495.45,1500.0,1486.35,1500.0,409400,-1.0,-1.0,-1.0
2014/09/26,1459.05,1475.0,1454.5,1463.6,452800,-1.0,-1.0,-1.0
2014/09/29,1465.9,1470.45,1450.0,1456.8,431800,-1.0,-1.0,-1.0
2014/09/30,1456.8,1456.8,1431.8,1436.35,507200,-1.0,-1.0,-1.0
2014/10/01,1440.9,1452.25,1436.35,1436.35,402600,-1.0,-1.0,-1.0
2014/10/02,1450.0,1493.15,1431.8,1436.35,1056200,-1.0,-1.0,-1.0
2014/10/03,1427.25,1431.8,1411.35,1422.7,422800,-1.0,-1.0,-1.0
2014/10/06,1431.8,1440.9,1418.15,1418.15,334400,-1.0,-1.0,-1.0
2014/10/07,1415.9,1427.25,1413.6,1415.9,418000,-1.0,-1.0,-1.0
2014/10/08,1393.15,1411.35,1386.35,1386.35,438600,-1.0,-1.0,-1.0
2014/10/09,1397.7,1402.25,1372.7,1384.05,643400,-1.0,-1.0,-1.0
2014/10/10,1358.15,1370.45,1350.45,1352.7,510800,-1.0,-1.0,-1.0
2014/10/14,1321.35,1322.7,1272.7,1283.15,1250000,-1.0,-1.0,-1.0
2014/10/15,1278.6,1312.25,1257.25,1309.05,1143000,-1.0,-1.0,-1.0
2014/10/16,1275.45,1294.5,1268.15,1271.35,764600,-1.0,-1.0,-1.0
2014/10/17,1280.0,1288.15,1265.45,1265.45,841200,-1.0,-1.0,-1.0
2014/10/20,1300.0,1322.7,1295.45,1305.0,1039000,-1.0,-1.0,-1.0
2014/10/21,1301.35,1302.7,1260.9,1273.6,734000,-1.0,-1.0,-1.0
2014/10/22,1288.15,1310.0,1286.8,1308.6,551200,-1.0,-1.0,-1.0
2014/10/23,1306.35,1306.35,1282.25,1290.45,449800,-1.0,-1.0,-1.0
2014/10/24,1305.0,1319.05,1295.45,1316.8,610000,-1.0,-1.0,-1.0
2014/10/27,1313.6,1316.35,1281.8,1291.8,717800,-1.0,-1.0,-1.0
2014/10/28,1282.7,1336.8,1282.7,1285.45,1172200,-1.0,-1.0,-1.0
2014/10/29,1282.25,1288.6,1258.6,1277.7,1041800,-1.0,-1.0,-1.0
2014/10/30,1284.5,1298.15,1272.7,1288.15,835600,-1.0,-1.0,-1.0
2014/10/31,1299.5,1348.15,1288.6,1342.7,759200,-1.0,-1.0,-1.0
2014/11/04,1404.5,1404.5,1346.35,1354.5,1152000,-1.0,-1.0,-1.0
2014/11/05,1358.15,1384.05,1350.0,1368.15,701200,-1.0,-1.0,-1.0
2014/11/06,1379.5,1397.7,1363.6,1368.15,636800,-1.0,-1.0,-1.0
2014/11/07,1375.0,1384.05,1351.8,1381.8,646000,-1.0,-1.0,-1.0
2014/11/10,1377.25,1390.9,1365.9,1379.5,367800,-1.0,-1.0,-1.0
2014/11/11,1388.6,1400.0,1375.0,1386.35,619000,-1.0,-1.0,-1.0
2014/11/12,1393.15,1404.5,1381.8,1384.05,463200,-1.0,-1.0,-1.0
2014/11/13,1381.8,1418.15,1381.8,1409.05,517800,-1.0,-1.0,-1.0
2014/11/14,1431.8,1443.15,1404.5,1420.45,959600,-1.0,-1.0,-1.0
2014/11/17,1415.9,1422.7,1390.9,1397.7,792000,-1.0,-1.0,-1.0
2014/11/18,1402.25,1415.9,1381.8,1393.15,714400,-1.0,-1.0,-1.0
2014/11/19,1409.05,1415.9,1381.8,1388.6,483400,-1.0,-1.0,-1.0
2014/11/20,1406.8,1409.05,1384.05,1390.9,537600,-1.0,-1.0,-1.0
2014/11/21,1381.8,1386.35,1363.6,1386.35,582200,-1.0,-1.0,-1.0
2014/11/25,1386.35,1395.45,1370.45,1384.05,1789400,-1.0,-1.0,-1.0
2014/11/26,1400.0,1409.05,1379.5,1379.5,687400,-1.0,-1.0,-1.0
2014/11/27,1379.5,1384.05,1363.6,1363.6,319600,-1.0,-1.0,-1.0
2014/11/28,1370.45,1388.6,1370.45,1381.8,435400,-1.0,-1.0,-1.0
2014/12/01,1395.45,1413.6,1386.35,1406.8,629400,-1.0,-1.0,-1.0
2014/12/02,1393.15,1402.25,1386.35,1397.7,417600,-1.0,-1.0,-1.0
2014/12/03,1400.0,1413.6,1393.15,1402.25,543400,-1.0,-1.0,-1.0
2014/12/04,1420.45,1425.0,1402.25,1411.35,480600,-1.0,-1.0,-1.0
2014/12/05,1393.15,1400.0,1370.45,1390.9,458600,-1.0,-1.0,-1.0
2014/12/08,1395.45,1397.7,1379.5,1393.15,403000,-1.0,-1.0,-1.0
2014/12/09,1372.7,1397.7,1372.7,1395.45,663800,-1.0,-1.0,-1.0
2014/12/10,1377.25,1395.45,1356.35,1358.6,878400,-1.0,-1.0,-1.0
2014/12/11,1344.5,1375.0,1337.25,1370.45,661800,-1.0,-1.0,-1.0
2014/12/12,1365.9,1375.0,1362.25,1362.25,644000,-1.0,-1.0,-1.0
2014/12/15,1341.35,1402.25,1338.15,1390.9,717400,-1.0,-1.0,-1.0
2014/12/16,1381.8,1402.25,1377.25,1393.15,767000,-1.0,-1.0,-1.0
2014/12/17,1397.7,1422.7,1388.6,1411.35,947400,-1.0,-1.0,-1.0
2014/12/18,1454.5,1463.6,1438.6,1445.45,618200,-1.0,-1.0,-1.0
2014/12/19,1481.8,1515.9,1477.25,1493.15,1015200,-1.0,-1.0,-1.0
2014/12/22,1504.5,1513.6,1486.35,1509.05,400800,-1.0,-1.0,-1.0
2014/12/24,1527.25,1529.5,1513.6,1529.5,350200,-1.0,-1.0,-1.0
2014/12/25,1529.5,1536.35,1509.05,1515.9,227800,-1.0,-1.0,-1.0
2014/12/26,1520.45,1525.0,1509.05,1520.45,211400,-1.0,-1.0,-1.0
2014/12/29,1518.15,1531.8,1506.8,1529.5,307400,-1.0,-1.0,-1.0
2014/12/30,1536.35,1536.35,1518.15,1518.15,238000,-1.0,-1.0,-1.0
2015/01/05,1522.7,1531.8,1506.8,1520.45,350600,-1.0,-1.0,-1.0
2015/01/06,1493.15,1497.7,1475.0,1479.5,559800,-1.0,-1.0,-1.0
2015/01/07,1465.9,1500.0,1459.05,1486.35,364400,-1.0,-1.0,-1.0
2015/01/08,1486.35,1497.7,1465.9,1477.25,743400,-1.0,-1.0,-1.0
2015/01/09,1504.5,1504.5,1475.0,1486.35,543400,-1.0,-1.0,-1.0
2015/01/13,1468.15,1468.15,1438.6,1461.35,535800,-1.0,-1.0,-1.0
2015/01/14,1447.7,1477.25,1447.7,1472.7,395000,-1.0,-1.0,-1.0
2015/01/15,1484.05,1515.9,1477.25,1509.05,351000,-1.0,-1.0,-1.0
2015/01/16,1477.25,1500.0,1456.8,1481.8,506200,-1.0,-1.0,-1.0
2015/01/19,1497.7,1500.0,1481.8,1500.0,269400,-1.0,-1.0,-1.0
2015/01/20,1513.6,1534.05,1502.25,1534.05,372400,-1.0,-1.0,-1.0
2015/01/21,1520.45,1522.7,1500.0,1513.6,409200,-1.0,-1.0,-1.0
2015/01/22,1500.0,1502.25,1461.35,1472.7,533800,-1.0,-1.0,-1.0
2015/01/23,1477.25,1490.9,1456.8,1488.6,418600,-1.0,-1.0,-1.0
2015/01/26,1463.6,1484.05,1459.05,1484.05,270000,-1.0,-1.0,-1.0
2015/01/27,1509.05,1520.45,1500.0,1520.45,288200,-1.0,-1.0,-1.0
2015/01/28,1497.7,1531.8,1493.15,1527.25,227400,-1.0,-1.0,-1.0
2015/01/29,1504.5,1529.5,1502.25,1509.05,279200,-1.0,-1.0,-1.0
2015/01/30,1531.8,1531.8,1509.05,1515.9,432200,-1.0,-1.0,-1.0
2015/02/02,1509.05,1543.15,1493.15,1540.9,359200,-1.0,-1.0,-1.0
2015/02/03,1534.05,1538.6,1511.35,1534.05,503400,-1.0,-1.0,-1.0
2015/02/04,1545.45,1618.15,1534.05,1618.15,707200,-1.0,-1.0,-1.0
2015/02/05,1627.25,1640.9,1568.15,1611.35,691200,-1.0,-1.0,-1.0
2015/02/06,1613.6,1620.45,1595.45,1620.45,400800,-1.0,-1.0,-1.0
2015/02/09,1645.45,1650.0,1629.5,1647.7,253800,-1.0,-1.0,-1.0
2015/02/10,1645.45,1659.05,1640.9,1656.8,291000,-1.0,-1.0,-1.0
2015/02/12,1681.8,1700.0,1652.25,1677.25,684200,-1.0,-1.0,-1.0
2015/02/13,1690.9,1695.45,1647.7,1654.5,439800,-1.0,-1.0,-1.0
2015/02/16,1659.05,1690.9,1647.7,1679.5,302200,-1.0,-1.0,-1.0
2015/02/17,1675.0,1679.5,1640.9,1650.0,442400,-1.0,-1.0,-1.0
2015/02/18,1661.35,1686.35,1645.45,1659.05,450600,-1.0,-1.0,-1.0
2015/02/19,1677.25,1702.25,1672.7,1697.7,474000,-1.0,-1.0,-1.0
2015/02/20,1704.5,1704.5,1681.8,1700.0,299000,-1.0,-1.0,-1.0
2015/02/23,1709.05,1715.9,1688.6,1697.7,280200,-1.0,-1.0,-1.0
2015/02/24,1713.6,1725.0,1700.0,1711.35,487200,-1.0,-1.0,-1.0
2015/02/25,1727.25,1738.6,1713.6,1734.05,517400,-1.0,-1.0,-1.0
2015/02/26,1734.05,1756.8,1734.05,1740.9,512000,-1.0,-1.0,-1.0
2015/02/27,1743.15,1743.15,1709.05,1715.9,645600,-1.0,-1.0,-1.0
2015/03/02,1722.7,1745.45,1718.15,1731.8,278000,-1.0,-1.0,-1.0
2015/03/03,1743.15,1743.15,1713.6,1738.6,387200,-1.0,-1.0,-1.0
2015/03/04,1745.45,1754.5,1722.7,1750.0,415000,-1.0,-1.0,-1.0
2015/03/05,1759.05,1793.15,1759.05,1790.9,495000,-1.0,-1.0,-1.0
2015/03/06,1790.9,1809.05,1784.05,1802.25,367800,-1.0,-1.0,-1.0
2015/03/09,1809.05,1809.05,1775.0,1781.8,253400,-1.0,-1.0,-1.0
2015/03/10,1802.25,1809.05,1781.8,1802.25,438800,-1.0,-1.0,-1.0
2015/03/11,1804.5,1813.6,1793.15,1809.05,407600,-1.0,-1.0,-1.0
2015/03/12,1818.15,1845.45,1804.5,1829.5,466000,-1.0,-1.0,-1.0
2015/03/13,1861.35,1861.35,1827.25,1836.35,916000,-1.0,-1.0,-1.0
2015/03/16,1831.8,1840.9,1811.35,1840.9,417400,-1.0,-1.0,-1.0
2015/03/17,1859.05,1888.6,1856.8,1865.9,569400,-1.0,-1.0,-1.0
2015/03/18,1879.5,1884.05,1854.5,1863.6,452800,-1.0,-1.0,-1.0
2015/03/19,1859.05,1861.35,1822.7,1845.45,656600,-1.0,-1.0,-1.0
2015/03/20,1852.25,1854.5,1825.0,1840.9,527400,-1.0,-1.0,-1.0
2015/03/23,1856.8,1875.0,1840.9,1847.7,597200,-1.0,-1.0,-1.0
2015/03/24,1850.0,1863.6,1838.6,1863.6,684200,-1.0,-1.0,-1.0
2015/03/25,1859.05,1884.05,1840.9,1863.6,426800,-1.0,-1.0,-1.0
2015/03/26,1854.5,1859.05,1831.8,1843.15,366400,-1.0,-1.0,-1.0
2015/03/27,1865.0,1877.5,1785.0,1812.5,662200,-1.0,-1.0,-1.0
2015/03/30,1800.0,1820.0,1792.5,1812.5,357400,-1.0,-1.0,-1.0
2015/03/31,1875.0,1902.5,1830.0,1832.5,715400,-1.0,-1.0,-1.0
2015/04/01,1825.0,1825.0,1775.0,1792.5,737600,-1.0,-1.0,-1.0
2015/04/02,1805.0,1850.0,1802.5,1837.5,889800,-1.0,-1.0,-1.0
2015/04/03,1842.5,1860.0,1835.0,1855.0,300800,-1.0,-1.0,-1.0
2015/04/06,1837.5,1880.0,1837.5,1875.0,313000,-1.0,-1.0,-1.0
2015/04/07,1885.0,1900.0,1870.0,1885.0,605600,-1.0,-1.0,-1.0
2015/04/08,1900.0,1920.0,1895.0,1915.0,530400,-1.0,-1.0,-1.0
2015/04/09,1922.5,1922.5,1902.5,1922.5,487800,-1.0,-1.0,-1.0
2015/04/10,1925.0,1925.0,1872.5,1895.0,549600,-1.0,-1.0,-1.0
2015/04/13,1930.0,1960.0,1920.0,1935.0,567000,-1.0,-1.0,-1.0
2015/04/14,1935.0,1947.5,1910.0,1920.0,263200,-1.0,-1.0,-1.0
2015/04/15,1917.5,1940.0,1885.0,1897.5,505800,-1.0,-1.0,-1.0
2015/04/16,1900.0,1910.0,1875.0,1905.0,460000,-1.0,-1.0,-1.0
2015/04/17,1882.5,1925.0,1875.0,1912.5,355000,-1.0,-1.0,-1.0
2015/04/20,1897.5,1912.5,1885.0,1892.5,283800,-1.0,-1.0,-1.0
2015/04/21,1902.5,1942.5,1902.5,1940.0,555600,-1.0,-1.0,-1.0
2015/04/22,1950.0,1952.5,1905.0,1922.5,582000,-1.0,-1.0,-1.0
2015/04/23,1927.5,1942.5,1895.0,1912.5,458800,-1.0,-1.0,-1.0
2015/04/24,1910.0,1920.0,1900.0,1912.5,226200,-1.0,-1.0,-1.0
2015/04/27,1917.5,1932.5,1897.5,1917.5,376000,-1.0,-1.0,-1.0
2015/04/28,1925.0,1930.0,1905.0,1920.0,389600,-1.0,-1.0,-1.0
2015/04/30,1887.5,1912.5,1865.0,1877.5,605400,-1.0,-1.0,-1.0
2015/05/01,1865.0,1882.5,1827.5,1860.0,570200,-1.0,-1.0,-1.0
2015/05/07,1875.0,1902.5,1842.5,1857.5,703000,-1.0,-1.0,-1.0
2015/05/08,1857.5,1867.5,1822.5,1832.5,490600,-1.0,-1.0,-1.0
2015/05/11,1910.0,1910.0,1820.0,1870.0,621000,-1.0,-1.0,-1.0
2015/05/12,1840.0,1862.5,1785.0,1850.0,883000,-1.0,-1.0,-1.0
2015/05/13,1830.0,1857.5,1805.0,1837.5,823400,-1.0,-1.0,-1.0
2015/05/14,1840.0,1887.5,1840.0,1857.5,748800,-1.0,-1.0,-1.0
2015/05/15,1867.5,1900.0,1865.0,1880.0,633000,-1.0,-1.0,-1.0
2015/05/18,1900.0,1925.0,1897.5,1922.5,454800,-1.0,-1.0,-1.0
2015/05/19,1922.5,1952.5,1922.5,1932.5,610800,-1.0,-1.0,-1.0
2015/05/20,1962.5,2000.0,1962.5,1965.0,666200,-1.0,-1.0,-1.0
2015/05/21,1977.5,2000.0,1970.0,1995.0,715800,-1.0,-1.0,-1.0
2015/05/22,2000.0,2000.0,1975.0,1985.0,392800,-1.0,-1.0,-1.0
2015/05/25,1995.0,1997.5,1982.5,1990.0,443200,-1.0,-1.0,-1.0
2015/05/26,2000.0,2000.0,1985.0,1987.5,373800,-1.0,-1.0,-1.0
2015/05/27,1985.0,1990.0,1970.0,1980.0,439600,-1.0,-1.0,-1.0
2015/05/28,1990.0,1990.0,1967.5,1985.0,374000,-1.0,-1.0,-1.0
2015/05/29,1995.0,2047.5,1985.0,2027.5,1053200,-1.0,-1.0,-1.0
2015/06/01,2007.5,2042.5,1992.5,2032.5,596400,-1.0,-1.0,-1.0
2015/06/02,2042.5,2050.0,2035.0,2040.0,460000,-1.0,-1.0,-1.0
2015/06/03,2032.5,2040.0,2017.5,2037.5,366600,-1.0,-1.0,-1.0
2015/06/04,2025.0,2027.5,1980.0,2020.0,863200,-1.0,-1.0,-1.0
2015/06/05,1960.0,1997.5,1960.0,1967.5,922800,-1.0,-1.0,-1.0
2015/06/08,1970.0,1980.0,1950.0,1962.5,984400,-1.0,-1.0,-1.0
2015/06/09,1950.0,1960.0,1925.0,1927.5,1084000,-1.0,-1.0,-1.0
2015/06/10,1932.5,1950.0,1897.5,1905.0,931400,-1.0,-1.0,-1.0
2015/06/11,1925.0,1955.0,1922.5,1930.0,810800,-1.0,-1.0,-1.0
2015/06/12,1920.0,1970.0,1915.0,1955.0,1549200,-1.0,-1.0,-1.0
2015/06/15,1950.0,1972.5,1945.0,1967.5,492000,-1.0,-1.0,-1.0
2015/06/16,1972.5,2020.0,1970.0,1970.0,712000,-1.0,-1.0,-1.0
2015/06/17,1990.0,1990.0,1952.5,1957.5,479800,-1.0,-1.0,-1.0
2015/06/18,1962.5,1977.5,1947.5,1957.5,459200,-1.0,-1.0,-1.0
2015/06/19,1990.0,1990.0,1960.0,1960.0,488000,-1.0,-1.0,-1.0
2015/06/22,1965.0,1992.5,1965.0,1990.0,364800,-1.0,-1.0,-1.0
2015/06/23,2000.0,2007.5,1985.0,2007.5,445200,-1.0,-1.0,-1.0
2015/06/24,2015.0,2020.0,2002.5,2007.5,533400,-1.0,-1.0,-1.0
2015/06/25,1990.0,2035.0,1975.0,1997.5,502800,-1.0,-1.0,-1.0
2015/06/26,1980.0,2012.5,1975.0,2007.5,404600,-1.0,-1.0,-1.0
2015/06/29,1945.0,1960.0,1932.5,1937.5,489600,-1.0,-1.0,-1.0
2015/06/30,1945.0,1965.0,1937.5,1960.0,631800,-1.0,-1.0,-1.0
2015/07/01,1960.0,1980.0,1935.0,1975.0,686400,-1.0,-1.0,-1.0
2015/07/02,1982.5,2002.5,1972.5,1997.5,577600,-1.0,-1.0,-1.0
2015/07/03,2000.0,2015.0,1982.5,2002.5,412200,-1.0,-1.0,-1.0
2015/07/06,1970.0,2015.0,1960.0,1985.0,483000,-1.0,-1.0,-1.0
2015/07/07,2000.0,2022.5,2000.0,2015.0,563800,-1.0,-1.0,-1.0
2015/07/08,1997.5,2010.0,1925.0,1925.0,732000,-1.0,-1.0,-1.0
2015/07/09,1890.0,1902.5,1847.5,1900.0,895200,-1.0,-1.0,-1.0
2015/07/10,1902.5,1935.0,1882.5,1895.0,752600,-1.0,-1.0,-1.0
2015/07/13,1992.5,2047.5,1980.0,2032.5,1196400,-1.0,-1.0,-1.0
2015/07/14,2050.0,2087.5,2035.0,2077.5,622800,-1.0,-1.0,-1.0
2015/07/15,2100.0,2145.0,2092.5,2127.5,785000,-1.0,-1.0,-1.0
2015/07/16,2140.0,2155.0,2115.0,2127.5,652600,-1.0,-1.0,-1.0
2015/07/17,2127.5,2132.5,2082.5,2097.5,560400,-1.0,-1.0,-1.0
2015/07/21,2107.5,2142.5,2097.5,2137.5,537400,-1.0,-1.0,-1.0
2015/07/22,2137.5,2147.5,2102.5,2107.5,517200,-1.0,-1.0,-1.0
2015/07/23,2110.0,2140.0,2107.5,2135.0,284800,-1.0,-1.0,-1.0
2015/07/24,2150.0,2165.0,2132.5,2132.5,324400,-1.0,-1.0,-1.0
2015/07/27,2147.5,2162.5,2105.0,2120.0,476800,-1.0,-1.0,-1.0
2015/07/28,2110.0,2137.5,2097.5,2105.0,410200,-1.0,-1.0,-1.0
2015/07/29,2117.5,2142.5,2112.5,2135.0,286600,-1.0,-1.0,-1.0
2015/07/30,2155.0,2197.5,2155.0,2177.5,739800,-1.0,-1.0,-1.0
2015/07/31,2175.0,2200.0,2142.5,2195.0,589800,-1.0,-1.0,-1.0
2015/08/03,2195.0,2247.5,2195.0,2212.5,658200,-1.0,-1.0,-1.0
2015/08/04,2212.5,2232.5,2170.0,2202.5,731000,-1.0,-1.0,-1.0
2015/08/05,2207.5,2242.5,2177.5,2222.5,610000,-1.0,-1.0,-1.0
2015/08/06,2250.0,2325.0,2245.0,2280.0,582400,-1.0,-1.0,-1.0
2015/08/07,2252.5,2257.5,2215.0,2245.0,497400,-1.0,-1.0,-1.0
2015/08/10,2252.5,2305.0,2237.5,2292.5,604000,-1.0,-1.0,-1.0
2015/08/11,2320.0,2332.5,2247.5,2282.5,514200,-1.0,-1.0,-1.0
2015/08/12,2275.0,2305.0,2255.0,2282.5,467600,-1.0,-1.0,-1.0
2015/08/13,2257.5,2277.5,2237.5,2252.5,668200,-1.0,-1.0,-1.0
2015/08/14,2250.0,2290.0,2242.5,2262.5,383400,-1.0,-1.0,-1.0
2015/08/17,2262.5,2302.5,2260.0,2297.5,331200,-1.0,-1.0,-1.0
2015/08/18,2297.5,2320.0,2285.0,2287.5,217200,-1.0,-1.0,-1.0
2015/08/19,2285.0,2292.5,2250.0,2255.0,260600,-1.0,-1.0,-1.0
2015/08/20,2255.0,2295.0,2215.0,2215.0,260000,-1.0,-1.0,-1.0
2015/08/21,2150.0,2182.5,2137.5,2137.5,390200,-1.0,-1.0,-1.0
2015/08/24,2102.5,2127.5,2025.0,2025.0,811800,-1.0,-1.0,-1.0
2015/08/25,1922.5,2037.5,1920.0,1970.0,862000,-1.0,-1.0,-1.0
2015/08/26,1935.0,2032.5,1930.0,1980.0,983000,-1.0,-1.0,-1.0
2015/08/27,2045.0,2115.0,2040.0,2052.5,689400,-1.0,-1.0,-1.0
2015/08/28,2100.0,2107.5,2065.0,2085.0,364400,-1.0,-1.0,-1.0
2015/08/31,2077.5,2090.0,2055.0,2085.0,440000,-1.0,-1.0,-1.0
2015/09/01,2070.0,2110.0,2035.0,2045.0,783000,-1.0,-1.0,-1.0
2015/09/02,2015.0,2122.5,2010.0,2092.5,1070000,-1.0,-1.0,-1.0
2015/09/03,2110.0,2155.0,2085.0,2130.0,806600,-1.0,-1.0,-1.0
2015/09/04,2145.0,2145.0,2082.5,2115.0,688800,-1.0,-1.0,-1.0
2015/09/07,2090.0,2110.0,2055.0,2080.0,451000,-1.0,-1.0,-1.0
2015/09/08,2100.0,2137.5,2040.0,2052.5,745200,-1.0,-1.0,-1.0
2015/09/09,2087.5,2125.0,2072.5,2125.0,695400,-1.0,-1.0,-1.0
2015/09/10,2055.0,2060.0,1995.0,2040.0,908000,-1.0,-1.0,-1.0
2015/09/11,2037.5,2100.0,2022.5,2090.0,871400,-1.0,-1.0,-1.0
2015/09/14,2107.5,2112.5,2065.0,2065.0,362200,-1.0,-1.0,-1.0
2015/09/15,2100.0,2117.5,2047.5,2060.0,388000,-1.0,-1.0,-1.0
2015/09/16,2092.5,2092.5,2017.5,2027.5,511400,-1.0,-1.0,-1.0
2015/09/17,2050.0,2050.0,1987.5,2030.0,522400,-1.0,-1.0,-1.0
2015/09/18,2027.5,2055.0,2012.5,2015.0,582200,-1.0,-1.0,-1.0
2015/09/24,2020.0,2070.0,1992.5,2002.5,529800,-1.0,-1.0,-1.0
2015/09/25,2017.5,2040.0,2000.0,2032.5,731000,-1.0,-1.0,-1.0
2015/09/28,2030.0,2067.5,2002.5,2040.0,545400,-1.0,-1.0,-1.0
2015/09/29,2005.0,2007.5,1917.5,1927.5,764600,-1.0,-1.0,-1.0
2015/09/30,1967.5,1995.0,1950.0,1987.5,796400,-1.0,-1.0,-1.0
2015/10/01,2015.0,2017.5,1945.0,1962.5,759200,-1.0,-1.0,-1.0
2015/10/02,1997.5,1997.5,1922.5,1942.5,724400,-1.0,-1.0,-1.0
2015/10/05,1970.0,1995.0,1942.5,1992.5,623800,-1.0,-1.0,-1.0
2015/10/06,2002.5,2010.0,1965.0,1992.5,802000,-1.0,-1.0,-1.0
2015/10/07,2015.0,2035.0,1970.0,2002.5,942800,-1.0,-1.0,-1.0
2015/10/08,2007.5,2007.5,1942.5,1950.0,599000,-1.0,-1.0,-1.0
2015/10/09,1972.5,1995.0,1937.5,1990.0,835200,-1.0,-1.0,-1.0
2015/10/13,2002.5,2025.0,1977.5,2002.5,513200,-1.0,-1.0,-1.0
2015/10/14,2005.0,2025.0,1987.5,1992.5,496000,-1.0,-1.0,-1.0
2015/10/15,1995.0,2077.5,1995.0,2077.5,546600,-1.0,-1.0,-1.0
2015/10/16,2112.5,2147.5,2102.5,2115.0,713600,-1.0,-1.0,-1.0
2015/10/19,2105.0,2147.5,2075.0,2122.5,538200,-1.0,-1.0,-1.0
2015/10/20,2140.0,2170.0,2122.5,2165.0,561200,-1.0,-1.0,-1.0
2015/10/21,2157.5,2200.0,2135.0,2190.0,774800,-1.0,-1.0,-1.0
2015/10/22,2165.0,2187.5,2145.0,2157.5,418600,-1.0,-1.0,-1.0
2015/10/23,2210.0,2210.0,2172.5,2185.0,538800,-1.0,-1.0,-1.0
2015/10/26,2205.0,2217.5,2190.0,2200.0,284800,-1.0,-1.0,-1.0
2015/10/27,2205.0,2240.0,2177.5,2185.0,570600,-1.0,-1.0,-1.0
2015/10/28,2200.0,2245.0,2170.0,2195.0,1451200,-1.0,-1.0,-1.0
2015/10/29,2240.0,2255.0,2215.0,2242.5,1052200,-1.0,-1.0,-1.0
2015/10/30,2265.0,2337.5,2262.5,2327.5,1031000,-1.0,-1.0,-1.0
2015/11/02,2327.5,2327.5,2285.0,2317.5,886200,-1.0,-1.0,-1.0
2015/11/04,2350.0,2390.0,2277.5,2282.5,1231000,-1.0,-1.0,-1.0
2015/11/05,2250.0,2307.5,2230.0,2295.0,601800,-1.0,-1.0,-1.0
2015/11/06,2305.0,2370.0,2272.5,2365.0,620000,-1.0,-1.0,-1.0
2015/11/09,2372.5,2395.0,2357.5,2385.0,428400,-1.0,-1.0,-1.0
2015/11/10,2360.0,2400.0,2360.0,2385.0,706000,-1.0,-1.0,-1.0
2015/11/11,2382.5,2445.0,2365.0,2430.0,655600,-1.0,-1.0,-1.0
2015/11/12,2410.0,2450.0,2405.0,2425.0,602400,-1.0,-1.0,-1.0
2015/11/13,2412.5,2442.5,2390.0,2442.5,571200,-1.0,-1.0,-1.0
2015/11/16,2410.0,2467.5,2390.0,2445.0,448800,-1.0,-1.0,-1.0
2015/11/17,2475.0,2475.0,2427.5,2442.5,714200,-1.0,-1.0,-1.0
2015/11/18,2475.0,2490.0,2455.0,2462.5,449600,-1.0,-1.0,-1.0
2015/11/19,2480.0,2492.5,2435.0,2462.5,963600,-1.0,-1.0,-1.0
2015/11/20,2440.0,2480.0,2425.0,2475.0,611800,-1.0,-1.0,-1.0
2015/11/24,2440.0,2500.0,2422.5,2490.0,754400,-1.0,-1.0,-1.0
2015/11/25,2470.0,2475.0,2437.5,2467.5,481200,-1.0,-1.0,-1.0
2015/11/26,2455.0,2472.5,2430.0,2460.0,555000,-1.0,-1.0,-1.0
2015/11/27,2465.0,2470.0,2425.0,2435.0,858400,-1.0,-1.0,-1.0
2015/11/30,2410.0,2412.5,2350.0,2402.5,1121400,-1.0,-1.0,-1.0
2015/12/01,2367.5,2415.0,2347.5,2402.5,888200,-1.0,-1.0,-1.0
2015/12/02,2425.0,2500.0,2405.0,2435.0,1114000,-1.0,-1.0,-1.0
2015/12/03,2400.0,2415.0,2310.0,2335.0,1566800,-1.0,-1.0,-1.0
2015/12/04,2280.0,2307.5,2265.0,2277.5,1259200,-1.0,-1.0,-1.0
2015/12/07,2292.5,2325.0,2280.0,2295.0,727400,-1.0,-1.0,-1.0
2015/12/08,2320.0,2347.5,2300.0,2307.5,861800,-1.0,-1.0,-1.0
2015/12/09,2327.5,2342.5,2272.5,2282.5,784400,-1.0,-1.0,-1.0
2015/12/10,2270.0,2270.0,2235.0,2245.0,645200,-1.0,-1.0,-1.0
2015/12/11,2280.0,2320.0,2275.0,2292.5,916400,-1.0,-1.0,-1.0
2015/12/14,2230.0,2290.0,2230.0,2285.0,615400,-1.0,-1.0,-1.0
2015/12/15,2262.5,2300.0,2252.5,2255.0,717000,-1.0,-1.0,-1.0
2015/12/16,2260.0,2282.5,2227.5,2260.0,936400,-1.0,-1.0,-1.0
2015/12/17,2300.0,2315.0,2275.0,2292.5,631000,-1.0,-1.0,-1.0
2015/12/18,2295.0,2365.0,2295.0,2307.5,1062200,-1.0,-1.0,-1.0
2015/12/21,2305.0,2320.0,2242.5,2280.0,775800,-1.0,-1.0,-1.0
2015/12/22,2285.0,2310.0,2272.5,2307.5,590800,-1.0,-1.0,-1.0
2015/12/24,2317.5,2320.0,2217.5,2225.0,402400,-1.0,-1.0,-1.0
2015/12/25,2240.0,2267.5,2217.5,2235.0,200400,-1.0,-1.0,-1.0
2015/12/28,2235.0,2252.5,2195.0,2232.5,342600,-1.0,-1.0,-1.0
2015/12/29,2232.5,2295.0,2210.0,2290.0,553400,-1.0,-1.0,-1.0
2015/12/30,2290.0,2322.5,2267.5,2312.5,433400,-1.0,-1.0,-1.0
2016/01/04,2282.5,2297.5,2207.5,2215.0,795400,-1.0,-1.0,-1.0
2016/01/05,2195.0,2215.0,2150.0,2197.5,998200,-1.0,-1.0,-1.0
2016/01/06,2200.0,2232.5,2167.5,2182.5,720800,-1.0,-1.0,-1.0
2016/01/07,2190.0,2235.0,2162.5,2195.0,784200,-1.0,-1.0,-1.0
2016/01/08,2192.5,2202.5,2152.5,2170.0,1007600,-1.0,-1.0,-1.0
2016/01/12,2150.0,2202.5,2112.5,2130.0,1078000,-1.0,-1.0,-1.0
2016/01/13,2140.0,2162.5,2102.5,2142.5,913600,-1.0,-1.0,-1.0
2016/01/14,2015.0,2047.5,1937.5,1975.0,1860400,-1.0,-1.0,-1.0
2016/01/15,1997.5,2007.5,1962.5,1977.5,1036000,-1.0,-1.0,-1.0
2016/01/18,1930.0,1945.0,1900.0,1940.0,841400,-1.0,-1.0,-1.0
2016/01/19,1937.5,1972.5,1912.5,1937.5,844600,-1.0,-1.0,-1.0
2016/01/20,1945.0,1960.0,1895.0,1905.0,1091800,-1.0,-1.0,-1.0
2016/01/21,1902.5,1920.0,1822.5,1822.5,949400,-1.0,-1.0,-1.0
2016/01/22,1927.5,1952.5,1882.5,1952.5,1088400,-1.0,-1.0,-1.0
2016/01/25,1987.5,2017.5,1975.0,2000.0,966000,-1.0,-1.0,-1.0
2016/01/26,1982.5,2017.5,1975.0,1990.0,801200,-1.0,-1.0,-1.0
2016/01/27,2022.5,2040.0,1995.0,2032.5,681200,-1.0,-1.0,-1.0
2016/01/28,2012.5,2035.0,1992.5,2017.5,483200,-1.0,-1.0,-1.0
2016/01/29,2002.5,2072.5,1985.0,2062.5,1163200,-1.0,-1.0,-1.0
2016/02/01,2307.5,2307.5,2082.5,2107.5,1274800,-1.0,-1.0,-1.0
2016/02/02,2087.5,2162.5,2087.5,2152.5,560000,-1.0,-1.0,-1.0
2016/02/03,2105.0,2140.0,2065.0,2100.0,626800,-1.0,-1.0,-1.0
2016/02/04,2082.5,2082.5,1997.5,2020.0,870200,-1.0,-1.0,-1.0
2016/02/05,2017.5,2037.5,1940.0,1965.0,1103200,-1.0,-1.0,-1.0
2016/02/08,1932.5,2062.5,1932.5,2027.5,1181000,-1.0,-1.0,-1.0
2016/02/09,1925.0,1947.5,1865.0,1890.0,950000,-1.0,-1.0,-1.0
2016/02/10,1905.0,1925.0,1800.0,1830.0,771200,-1.0,-1.0,-1.0
2016/02/12,1770.0,1792.5,1725.0,1742.5,1034200,-1.0,-1.0,-1.0
2016/02/15,1827.5,1882.5,1815.0,1867.5,827200,-1.0,-1.0,-1.0
2016/02/16,1845.0,1882.5,1832.5,1840.0,670000,-1.0,-1.0,-1.0
2016/02/17,1830.0,1840.0,1747.5,1777.5,892200,-1.0,-1.0,-1.0
2016/02/18,1825.0,1865.0,1812.5,1847.5,613400,-1.0,-1.0,-1.0
2016/02/19,1845.0,1885.0,1830.0,1855.0,598800,-1.0,-1.0,-1.0
2016/02/22,1837.5,1872.5,1830.0,1857.5,370200,-1.0,-1.0,-1.0
2016/02/23,1862.5,1882.5,1832.5,1837.5,593400,-1.0,-1.0,-1.0
2016/02/24,1802.5,1835.0,1767.5,1812.5,865400,-1.0,-1.0,-1.0
2016/02/25,1812.5,1847.5,1812.5,1835.0,602000,-1.0,-1.0,-1.0
2016/02/26,1830.0,1865.0,1827.5,1847.5,492000,-1.0,-1.0,-1.0
2016/02/29,1882.5,1897.5,1832.5,1837.5,700000,-1.0,-1.0,-1.0
2016/03/01,1820.0,1870.0,1805.0,1855.0,585800,-1.0,-1.0,-1.0
2016/03/02,1912.5,1977.5,1890.0,1972.5,988600,-1.0,-1.0,-1.0
2016/03/03,1967.5,2007.5,1952.5,1997.5,976200,-1.0,-1.0,-1.0
2016/03/04,1995.0,1995.0,1910.0,1972.5,659800,-1.0,-1.0,-1.0
2016/03/07,1980.0,1997.5,1932.5,1947.5,754600,-1.0,-1.0,-1.0
2016/03/08,1940.0,1957.5,1890.0,1935.0,808000,-1.0,-1.0,-1.0
2016/03/09,1925.0,1960.0,1897.5,1932.5,950000,-1.0,-1.0,-1.0
2016/03/10,1957.5,1992.5,1957.5,1972.5,592800,-1.0,-1.0,-1.0
2016/03/11,1945.0,1965.0,1927.5,1950.0,596600,-1.0,-1.0,-1.0
2016/03/14,1995.0,2005.0,1957.5,1987.5,551800,-1.0,-1.0,-1.0
2016/03/15,1977.5,1982.5,1947.5,1960.0,736400,-1.0,-1.0,-1.0
2016/03/16,1942.5,1967.5,1935.0,1940.0,383000,-1.0,-1.0,-1.0
2016/03/17,1952.5,1962.5,1917.5,1935.0,562400,-1.0,-1.0,-1.0
2016/03/18,1907.5,1922.5,1862.5,1885.0,762200,-1.0,-1.0,-1.0
2016/03/22,1920.0,1977.5,1912.5,1955.0,645200,-1.0,-1.0,-1.0
2016/03/23,1967.5,1977.5,1935.0,1940.0,408600,-1.0,-1.0,-1.0
2016/03/24,1942.5,1985.0,1942.5,1960.0,480800,-1.0,-1.0,-1.0
2016/03/25,1965.0,1970.0,1935.0,1942.5,324000,-1.0,-1.0,-1.0
2016/03/28,1957.5,1992.5,1950.0,1992.5,445000,-1.0,-1.0,-1.0
2016/03/29,1952.5,1987.5,1940.0,1965.0,413200,-1.0,-1.0,-1.0
2016/03/30,1967.5,1972.5,1942.5,1945.0,418400,-1.0,-1.0,-1.0
2016/03/31,1950.0,1957.5,1910.0,1912.5,536800,-1.0,-1.0,-1.0
2016/04/01,1910.0,1910.0,1825.0,1835.0,581400,-1.0,-1.0,-1.0
2016/04/04,1835.0,1875.0,1822.5,1852.5,488400,-1.0,-1.0,-1.0
2016/04/05,1872.5,1885.0,1807.5,1810.0,496400,-1.0,-1.0,-1.0
2016/04/06,1835.0,1840.0,1797.5,1815.0,572400,-1.0,-1.0,-1.0
2016/04/07,1812.5,1862.5,1807.5,1860.0,424600,-1.0,-1.0,-1.0
2016/04/08,1812.5,1885.0,1805.0,1860.0,602800,-1.0,-1.0,-1.0
2016/04/11,1837.5,1860.0,1817.5,1847.5,351400,-1.0,-1.0,-1.0
2016/04/12,1842.5,1870.0,1825.0,1825.0,417400,-1.0,-1.0,-1.0
2016/04/13,1855.0,1872.5,1840.0,1865.0,409000,-1.0,-1.0,-1.0
2016/04/14,1895.0,1947.5,1872.5,1937.5,569600,-1.0,-1.0,-1.0
2016/04/15,1910.0,1960.0,1910.0,1950.0,472600,-1.0,-1.0,-1.0
2016/04/18,1880.0,1902.5,1870.0,1885.0,371800,-1.0,-1.0,-1.0
2016/04/19,1955.0,1972.5,1930.0,1952.5,516400,-1.0,-1.0,-1.0
2016/04/20,1952.5,1970.0,1930.0,1940.0,448400,-1.0,-1.0,-1.0
2016/04/21,1990.0,1995.0,1967.5,1985.0,402400,-1.0,-1.0,-1.0
2016/04/22,1972.5,1972.5,1930.0,1967.5,457800,-1.0,-1.0,-1.0
2016/04/25,1982.5,1982.5,1957.5,1965.0,350000,-1.0,-1.0,-1.0
2016/04/26,1942.5,1985.0,1932.5,1982.5,523400,-1.0,-1.0,-1.0
2016/04/27,2000.0,2010.0,1957.5,1972.5,418200,-1.0,-1.0,-1.0
2016/04/28,1997.5,1997.5,1880.0,1912.5,791800,-1.0,-1.0,-1.0
2016/05/02,1825.0,1862.5,1815.0,1822.5,1223600,-1.0,-1.0,-1.0
2016/05/06,1855.0,1865.0,1802.5,1817.5,1413200,-1.0,-1.0,-1.0
2016/05/09,1822.5,1835.0,1760.0,1765.0,1211000,-1.0,-1.0,-1.0
2016/05/10,1870.0,1902.5,1800.0,1870.0,1691400,-1.0,-1.0,-1.0
2016/05/11,1805.0,1815.0,1750.0,1775.0,1549600,-1.0,-1.0,-1.0
2016/05/12,1710.0,1712.5,1657.5,1685.0,1157400,-1.0,-1.0,-1.0
2016/05/13,1705.0,1750.0,1695.0,1730.0,992600,-1.0,-1.0,-1.0
2016/05/16,1730.0,1757.5,1725.0,1725.0,659000,-1.0,-1.0,-1.0
2016/05/17,1732.5,1775.0,1722.5,1772.5,796400,-1.0,-1.0,-1.0
2016/05/18,1772.5,1795.0,1760.0,1770.0,688200,-1.0,-1.0,-1.0
2016/05/19,1770.0,1782.5,1745.0,1752.5,570800,-1.0,-1.0,-1.0
2016/05/20,1742.5,1760.0,1732.5,1747.5,566400,-1.0,-1.0,-1.0
2016/05/23,1720.0,1742.5,1702.5,1740.0,836200,-1.0,-1.0,-1.0
2016/05/24,1732.5,1750.0,1727.5,1745.0,887000,-1.0,-1.0,-1.0
2016/05/25,1765.0,1775.0,1737.5,1747.5,689800,-1.0,-1.0,-1.0
2016/05/26,1737.5,1742.5,1697.5,1725.0,752600,-1.0,-1.0,-1.0
2016/05/27,1735.0,1745.0,1720.0,1737.5,597600,-1.0,-1.0,-1.0
2016/05/30,1767.5,1812.5,1752.5,1805.0,833200,-1.0,-1.0,-1.0
2016/05/31,1792.5,1802.5,1772.5,1790.0,1189400,-1.0,-1.0,-1.0
2016/06/01,1762.5,1777.5,1735.0,1762.5,974200,-1.0,-1.0,-1.0
2016/06/02,1737.5,1742.5,1715.0,1727.5,1086400,-1.0,-1.0,-1.0
2016/06/03,1737.5,1822.5,1735.0,1770.0,1145600,-1.0,-1.0,-1.0
2016/06/06,1767.5,1830.0,1765.0,1812.5,947600,-1.0,-1.0,-1.0
2016/06/07,1812.5,1830.0,1802.5,1820.0,420600,-1.0,-1.0,-1.0
2016/06/08,1822.5,1845.0,1815.0,1840.0,691200,-1.0,-1.0,-1.0
2016/06/09,1810.0,1835.0,1797.5,1805.0,1042000,-1.0,-1.0,-1.0
2016/06/10,1820.0,1822.5,1782.5,1797.5,729600,-1.0,-1.0,-1.0
2016/06/13,1757.5,1760.0,1747.5,1750.0,627600,-1.0,-1.0,-1.0
2016/06/14,1750.0,1760.0,1717.5,1727.5,661600,-1.0,-1.0,-1.0
2016/06/15,1717.5,1737.5,1715.0,1720.0,550800,-1.0,-1.0,-1.0
2016/06/16,1705.0,1720.0,1652.5,1657.5,565600,-1.0,-1.0,-1.0
2016/06/17,1685.0,1697.5,1642.5,1650.0,585800,-1.0,-1.0,-1.0
2016/06/20,1672.5,1685.0,1660.0,1665.0,399400,-1.0,-1.0,-1.0
2016/06/21,1650.0,1697.5,1635.0,1685.0,556000,-1.0,-1.0,-1.0
2016/06/22,1670.0,1670.0,1637.5,1655.0,635800,-1.0,-1.0,-1.0
2016/06/23,1670.0,1692.5,1665.0,1680.0,405800,-1.0,-1.0,-1.0
2016/06/24,1690.0,1690.0,1545.0,1557.5,613600,-1.0,-1.0,-1.0
2016/06/27,1592.5,1620.0,1587.5,1612.5,548800,-1.0,-1.0,-1.0
2016/06/28,1582.5,1635.0,1580.0,1615.0,365600,-1.0,-1.0,-1.0
2016/06/29,1630.0,1637.5,1605.0,1632.5,401000,-1.0,-1.0,-1.0
2016/06/30,1645.0,1655.0,1600.0,1605.0,805800,-1.0,-1.0,-1.0
2016/07/01,1610.0,1630.0,1595.0,1612.5,574800,-1.0,-1.0,-1.0
2016/07/04,1592.5,1602.5,1567.5,1600.0,585000,-1.0,-1.0,-1.0
2016/07/05,1577.5,1582.5,1550.0,1557.5,624400,-1.0,-1.0,-1.0
2016/07/06,1540.0,1545.0,1510.0,1542.5,616000,-1.0,-1.0,-1.0
2016/07/07,1560.0,1567.5,1537.5,1555.0,611600,-1.0,-1.0,-1.0
2016/07/08,1577.5,1587.5,1540.0,1547.5,639800,-1.0,-1.0,-1.0
2016/07/11,1570.0,1600.0,1570.0,1582.5,507600,-1.0,-1.0,-1.0
2016/07/12,1617.5,1640.0,1602.5,1607.5,647600,-1.0,-1.0,-1.0
2016/07/13,1637.5,1637.5,1595.0,1602.5,689400,-1.0,-1.0,-1.0
2016/07/14,1625.0,1637.5,1607.5,1617.5,497800,-1.0,-1.0,-1.0
2016/07/15,1607.5,1615.0,1582.5,1585.0,578400,-1.0,-1.0,-1.0
2016/07/19,1615.0,1650.0,1592.5,1642.5,532200,-1.0,-1.0,-1.0
2016/07/20,1652.5,1680.0,1647.5,1675.0,606000,-1.0,-1.0,-1.0
2016/07/21,1682.5,1687.5,1635.0,1637.5,479000,-1.0,-1.0,-1.0
2016/07/22,1640.0,1667.5,1635.0,1655.0,535800,-1.0,-1.0,-1.0
2016/07/25,1670.0,1687.5,1655.0,1670.0,635600,-1.0,-1.0,-1.0
2016/07/26,1672.5,1675.0,1600.0,1637.5,763800,-1.0,-1.0,-1.0
2016/07/27,1660.0,1670.0,1630.0,1632.5,658600,-1.0,-1.0,-1.0
2016/07/28,1637.5,1655.0,1615.0,1617.5,585200,-1.0,-1.0,-1.0
2016/07/29,1612.5,1655.0,1597.5,1650.0,852800,-1.0,-1.0,-1.0
2016/08/01,1635.0,1687.5,1617.5,1685.0,650600,-1.0,-1.0,-1.0
2016/08/02,1662.5,1687.5,1637.5,1637.5,786200,-1.0,-1.0,-1.0
2016/08/03,1615.0,1635.0,1605.0,1612.5,445000,-1.0,-1.0,-1.0
2016/08/04,1617.5,1632.5,1592.5,1600.0,569800,-1.0,-1.0,-1.0
2016/08/05,1635.0,1637.5,1527.5,1562.5,1101000,-1.0,-1.0,-1.0
2016/08/08,1577.5,1580.0,1527.5,1535.0,697800,-1.0,-1.0,-1.0
2016/08/09,1535.0,1545.0,1512.5,1535.0,805200,-1.0,-1.0,-1.0
2016/08/10,1535.0,1547.5,1517.5,1532.5,648400,-1.0,-1.0,-1.0
2016/08/12,1547.5,1555.0,1530.0,1540.0,376800,-1.0,-1.0,-1.0
2016/08/15,1520.0,1537.5,1487.0,1494.5,442800,-1.0,-1.0,-1.0
2016/08/16,1495.0,1502.5,1459.5,1467.5,586000,-1.0,-1.0,-1.0
2016/08/17,1477.0,1502.5,1473.5,1500.0,1076000,-1.0,-1.0,-1.0
2016/08/18,1477.0,1486.0,1435.5,1442.5,825800,-1.0,-1.0,-1.0
2016/08/19,1457.5,1470.5,1436.5,1455.5,1199200,-1.0,-1.0,-1.0
2016/08/22,1455.0,1460.5,1441.5,1457.0,748600,-1.0,-1.0,-1.0
2016/08/23,1442.5,1476.0,1439.0,1469.0,704800,-1.0,-1.0,-1.0
2016/08/24,1473.5,1476.0,1451.5,1469.0,489200,-1.0,-1.0,-1.0
2016/08/25,1491.5,1507.5,1463.5,1478.5,748000,-1.0,-1.0,-1.0
2016/08/26,1472.0,1476.0,1459.5,1463.5,647800,-1.0,-1.0,-1.0
2016/08/29,1498.0,1498.0,1455.0,1474.0,394400,-1.0,-1.0,-1.0
2016/08/30,1465.0,1480.0,1458.5,1472.5,471200,-1.0,-1.0,-1.0
2016/08/31,1494.5,1505.0,1477.5,1499.5,605000,-1.0,-1.0,-1.0
2016/09/01,1502.5,1525.0,1498.0,1525.0,570000,-1.0,-1.0,-1.0
2016/09/02,1532.5,1557.5,1525.0,1550.0,778400,-1.0,-1.0,-1.0
2016/09/05,1570.0,1575.0,1537.5,1542.5,384600,-1.0,-1.0,-1.0
2016/09/06,1547.5,1605.0,1547.5,1600.0,411600,-1.0,-1.0,-1.0
2016/09/07,1590.0,1590.0,1565.0,1580.0,491800,-1.0,-1.0,-1.0
2016/09/08,1575.0,1610.0,1560.0,1600.0,646800,-1.0,-1.0,-1.0
2016/09/09,1607.5,1617.5,1590.0,1600.0,455200,-1.0,-1.0,-1.0
2016/09/12,1592.5,1597.5,1577.5,1585.0,334000,-1.0,-1.0,-1.0
2016/09/13,1585.0,1587.5,1572.5,1587.5,267600,-1.0,-1.0,-1.0
2016/09/14,1570.0,1597.5,1570.0,1582.5,341800,-1.0,-1.0,-1.0
2016/09/15,1572.5,1582.5,1560.0,1572.5,307200,-1.0,-1.0,-1.0
2016/09/16,1600.0,1622.5,1590.0,1610.0,450000,-1.0,-1.0,-1.0
2016/09/20,1587.5,1627.5,1582.5,1620.0,511400,-1.0,-1.0,-1.0
2016/09/21,1605.0,1667.5,1590.0,1662.5,573400,-1.0,-1.0,-1.0
2016/09/23,1665.0,1680.0,1640.0,1677.5,465800,-1.0,-1.0,-1.0
2016/09/26,1680.0,1697.5,1680.0,1690.0,459800,-1.0,-1.0,-1.0
2016/09/27,1702.5,1760.0,1695.0,1760.0,776400,-1.0,-1.0,-1.0
2016/09/28,1712.5,1732.5,1642.5,1662.5,875400,-1.0,-1.0,-1.0
2016/09/29,1672.5,1685.0,1635.0,1672.5,597800,-1.0,-1.0,-1.0
2016/09/30,1637.5,1670.0,1617.5,1660.0,507600,-1.0,-1.0,-1.0
2016/10/03,1675.0,1697.5,1665.0,1692.5,458000,-1.0,-1.0,-1.0
2016/10/04,1675.0,1680.0,1662.5,1670.0,481400,-1.0,-1.0,-1.0
2016/10/05,1672.5,1682.5,1655.0,1670.0,457800,-1.0,-1.0,-1.0
2016/10/06,1677.5,1677.5,1662.5,1665.0,320800,-1.0,-1.0,-1.0
2016/10/07,1642.5,1645.0,1630.0,1637.5,436200,-1.0,-1.0,-1.0
2016/10/11,1645.0,1672.5,1645.0,1662.5,269200,-1.0,-1.0,-1.0
2016/10/12,1635.0,1662.5,1635.0,1655.0,401800,-1.0,-1.0,-1.0
2016/10/13,1652.5,1655.0,1630.0,1647.5,334600,-1.0,-1.0,-1.0
2016/10/14,1650.0,1665.0,1637.5,1647.5,317200,-1.0,-1.0,-1.0
2016/10/17,1630.0,1657.5,1627.5,1655.0,341400,-1.0,-1.0,-1.0
2016/10/18,1647.5,1677.5,1647.5,1677.5,280000,-1.0,-1.0,-1.0
2016/10/19,1652.5,1665.0,1630.0,1635.0,515000,-1.0,-1.0,-1.0
2016/10/20,1622.5,1645.0,1615.0,1645.0,338400,-1.0,-1.0,-1.0
2016/10/21,1642.5,1645.0,1627.5,1635.0,385200,-1.0,-1.0,-1.0
2016/10/24,1627.5,1650.0,1627.5,1647.5,336400,-1.0,-1.0,-1.0
2016/10/25,1652.5,1670.0,1647.5,1665.0,415400,-1.0,-1.0,-1.0
2016/10/26,1665.0,1682.5,1657.5,1677.5,349600,-1.0,-1.0,-1.0
2016/10/27,1677.5,1690.0,1662.5,1672.5,394600,-1.0,-1.0,-1.0
2016/10/28,1690.0,1720.0,1680.0,1712.5,571000,-1.0,-1.0,-1.0
2016/10/31,1695.0,1697.5,1672.5,1687.5,495200,-1.0,-1.0,-1.0
2016/11/01,1655.0,1655.0,1600.0,1612.5,879400,-1.0,-1.0,-1.0
2016/11/02,1597.5,1625.0,1585.0,1617.5,581800,-1.0,-1.0,-1.0
2016/11/04,1602.5,1777.5,1555.0,1720.0,2009200,-1.0,-1.0,-1.0
2016/11/07,1685.0,1697.5,1567.5,1600.0,1526800,-1.0,-1.0,-1.0
2016/11/08,1575.0,1582.5,1552.5,1562.5,925000,-1.0,-1.0,-1.0
2016/11/09,1580.0,1595.0,1527.5,1545.0,1162600,-1.0,-1.0,-1.0
2016/11/10,1630.0,1642.5,1595.0,1605.0,880600,-1.0,-1.0,-1.0
2016/11/11,1625.0,1645.0,1602.5,1612.5,774400,-1.0,-1.0,-1.0
2016/11/14,1645.0,1670.0,1642.5,1652.5,728000,-1.0,-1.0,-1.0
2016/11/15,1685.0,1705.0,1667.5,1695.0,782400,-1.0,-1.0,-1.0
2016/11/16,1695.0,1710.0,1685.0,1700.0,705200,-1.0,-1.0,-1.0
2016/11/17,1690.0,1705.0,1682.5,1700.0,386200,-1.0,-1.0,-1.0
2016/11/18,1700.0,1702.5,1685.0,1690.0,520200,-1.0,-1.0,-1.0
2016/11/21,1707.5,1737.5,1705.0,1730.0,825000,-1.0,-1.0,-1.0
2016/11/22,1712.5,1730.0,1705.0,1725.0,638400,-1.0,-1.0,-1.0
2016/11/24,1735.0,1745.0,1720.0,1735.0,492000,-1.0,-1.0,-1.0
2016/11/25,1720.0,1742.5,1720.0,1737.5,613400,-1.0,-1.0,-1.0
2016/11/28,1725.0,1735.0,1702.5,1727.5,629400,-1.0,-1.0,-1.0
2016/11/29,1697.5,1730.0,1697.5,1720.0,497800,-1.0,-1.0,-1.0
2016/11/30,1717.5,1720.0,1692.5,1710.0,2342800,-1.0,-1.0,-1.0
2016/12/01,1717.5,1750.0,1705.0,1725.0,977400,-1.0,-1.0,-1.0
2016/12/02,1750.0,1750.0,1722.5,1732.5,581800,-1.0,-1.0,-1.0
2016/12/05,1750.0,1757.5,1732.5,1740.0,731000,-1.0,-1.0,-1.0
2016/12/06,1760.0,1785.0,1752.5,1772.5,856200,-1.0,-1.0,-1.0
2016/12/07,1772.5,1785.0,1747.5,1775.0,935800,-1.0,-1.0,-1.0
2016/12/08,1777.5,1790.0,1767.5,1787.5,746600,-1.0,-1.0,-1.0
2016/12/09,1790.0,1800.0,1785.0,1795.0,1066600,-1.0,-1.0,-1.0
2016/12/12,1815.0,1815.0,1795.0,1810.0,898800,-1.0,-1.0,-1.0
2016/12/13,1812.5,1857.5,1805.0,1855.0,868000,-1.0,-1.0,-1.0
2016/12/14,1850.0,1857.5,1840.0,1847.5,738600,-1.0,-1.0,-1.0
2016/12/15,1847.5,1870.0,1845.0,1855.0,582600,-1.0,-1.0,-1.0
2016/12/16,1875.0,1885.0,1865.0,1885.0,794800,-1.0,-1.0,-1.0
2016/12/19,1875.0,1892.5,1875.0,1887.5,669200,-1.0,-1.0,-1.0
2016/12/20,1870.0,1882.5,1860.0,1872.5,613000,-1.0,-1.0,-1.0
2016/12/21,1870.0,1892.5,1857.5,1865.0,643800,-1.0,-1.0,-1.0
2016/12/22,1880.0,1887.5,1872.5,1880.0,514000,-1.0,-1.0,-1.0
2016/12/26,1900.0,1912.5,1895.0,1905.0,266000,-1.0,-1.0,-1.0
2016/12/27,1915.0,1922.5,1895.0,1900.0,255800,-1.0,-1.0,-1.0
2016/12/28,1900.0,1905.0,1882.5,1895.0,265600,-1.0,-1.0,-1.0
2016/12/29,1902.5,1917.5,1887.5,1900.0,546800,-1.0,-1.0,-1.0
2016/12/30,1900.0,1912.5,1887.5,1910.0,366800,-1.0,-1.0,-1.0
2017/01/04,1920.0,1955.0,1917.5,1955.0,532800,-1.0,-1.0,-1.0
2017/01/05,1935.0,1952.5,1925.0,1952.5,484200,-1.0,-1.0,-1.0
2017/01/06,1930.0,1960.0,1925.0,1955.0,461200,-1.0,-1.0,-1.0
2017/01/10,1935.0,1957.5,1920.0,1927.5,701600,-1.0,-1.0,-1.0
2017/01/11,1950.0,1950.0,1927.5,1942.5,416200,-1.0,-1.0,-1.0
2017/01/12,1937.5,1940.0,1872.5,1885.0,610800,-1.0,-1.0,-1.0
2017/01/13,1867.5,1900.0,1862.5,1890.0,590000,-1.0,-1.0,-1.0
2017/01/16,1880.0,1895.0,1877.5,1885.0,333200,-1.0,-1.0,-1.0
2017/01/17,1900.0,1900.0,1850.0,1850.0,371000,-1.0,-1.0,-1.0
2017/01/18,1855.0,1875.0,1847.5,1867.5,414200,-1.0,-1.0,-1.0
2017/01/19,1890.0,1895.0,1872.5,1890.0,283600,-1.0,-1.0,-1.0
2017/01/20,1900.0,1915.0,1890.0,1905.0,442800,-1.0,-1.0,-1.0
2017/01/23,1877.5,1880.0,1855.0,1870.0,501400,-1.0,-1.0,-1.0
2017/01/24,1852.5,1882.5,1852.5,1867.5,406400,-1.0,-1.0,-1.0
2017/01/25,1880.0,1895.0,1870.0,1882.5,408200,-1.0,-1.0,-1.0
2017/01/26,1870.0,1890.0,1842.5,1877.5,635000,-1.0,-1.0,-1.0
2017/01/27,1887.5,1897.5,1870.0,1875.0,454200,-1.0,-1.0,-1.0
2017/01/30,1872.5,1872.5,1847.5,1867.5,397800,-1.0,-1.0,-1.0
2017/01/31,1867.5,1875.0,1857.5,1865.0,617200,-1.0,-1.0,-1.0
2017/02/01,1850.0,1882.5,1840.0,1877.5,561400,-1.0,-1.0,-1.0
2017/02/02,1890.0,1895.0,1857.5,1860.0,601800,-1.0,-1.0,-1.0
2017/02/03,1795.0,1865.0,1792.5,1847.5,930800,-1.0,-1.0,-1.0
2017/02/06,1862.5,1870.0,1845.0,1850.0,540000,-1.0,-1.0,-1.0
2017/02/07,1847.5,1867.5,1845.0,1860.0,440600,-1.0,-1.0,-1.0
2017/02/08,1857.5,1867.5,1847.5,1857.5,412000,-1.0,-1.0,-1.0
2017/02/09,1855.0,1865.0,1847.5,1852.5,396200,-1.0,-1.0,-1.0
2017/02/10,1882.5,1927.5,1882.5,1920.0,466000,-1.0,-1.0,-1.0
2017/02/13,1927.5,1930.0,1895.0,1920.0,532000,-1.0,-1.0,-1.0
2017/02/14,1917.5,1917.5,1875.0,1880.0,472000,-1.0,-1.0,-1.0
2017/02/15,1915.0,1927.5,1902.5,1907.5,388800,-1.0,-1.0,-1.0
2017/02/16,1910.0,1927.5,1885.0,1890.0,347200,-1.0,-1.0,-1.0
2017/02/17,1885.0,1900.0,1870.0,1900.0,507000,-1.0,-1.0,-1.0
2017/02/20,1887.5,1922.5,1877.5,1917.5,551400,-1.0,-1.0,-1.0
2017/02/21,1902.5,1907.5,1895.0,1905.0,522000,-1.0,-1.0,-1.0
2017/02/22,1900.0,1910.0,1890.0,1905.0,614000,-1.0,-1.0,-1.0
2017/02/23,1907.5,1907.5,1892.5,1905.0,485800,-1.0,-1.0,-1.0
2017/02/24,1900.0,1912.5,1890.0,1900.0,386800,-1.0,-1.0,-1.0
2017/02/27,1897.5,1910.0,1890.0,1900.0,477800,-1.0,-1.0,-1.0
2017/02/28,1902.5,1930.0,1897.5,1900.0,679400,-1.0,-1.0,-1.0
2017/03/01,1900.0,1930.0,1897.5,1912.5,648200,-1.0,-1.0,-1.0
2017/03/02,1947.5,1950.0,1912.5,1915.0,549200,-1.0,-1.0,-1.0
2017/03/03,1907.5,1910.0,1872.5,1885.0,793000,-1.0,-1.0,-1.0
2017/03/06,1880.0,1880.0,1845.0,1852.5,876600,-1.0,-1.0,-1.0
2017/03/07,1865.0,1880.0,1847.5,1880.0,645600,-1.0,-1.0,-1.0
2017/03/08,1865.0,1887.5,1857.5,1867.5,705600,-1.0,-1.0,-1.0
2017/03/09,1882.5,1885.0,1865.0,1882.5,468400,-1.0,-1.0,-1.0
2017/03/10,1930.0,1940.0,1922.5,1930.0,869200,-1.0,-1.0,-1.0
2017/03/13,1930.0,1930.0,1912.5,1925.0,568400,-1.0,-1.0,-1.0
2017/03/14,1930.0,1930.0,1917.5,1922.5,445600,-1.0,-1.0,-1.0
2017/03/15,1910.0,1927.5,1892.5,1917.5,313600,-1.0,-1.0,-1.0
2017/03/16,1900.0,1930.0,1900.0,1915.0,595800,-1.0,-1.0,-1.0
2017/03/17,1900.0,1910.0,1875.0,1885.0,843200,-1.0,-1.0,-1.0
2017/03/21,1862.5,1885.0,1830.0,1842.5,1047600,-1.0,-1.0,-1.0
2017/03/22,1827.5,1857.5,1825.0,1842.5,639000,-1.0,-1.0,-1.0
2017/03/23,1852.5,1865.0,1842.5,1862.5,551400,-1.0,-1.0,-1.0
2017/03/24,1860.0,1872.5,1847.5,1867.5,519000,-1.0,-1.0,-1.0
2017/03/27,1857.5,1870.0,1845.0,1860.0,616400,-1.0,-1.0,-1.0
2017/03/28,1887.5,1897.5,1872.5,1887.5,766400,-1.0,-1.0,-1.0
2017/03/29,1897.5,1900.0,1872.5,1890.0,605600,-1.0,-1.0,-1.0
2017/03/30,1880.0,1890.0,1847.5,1855.0,430000,-1.0,-1.0,-1.0
2017/03/31,1875.0,1897.5,1825.0,1825.0,1268000,-1.0,-1.0,-1.0
2017/04/03,1845.0,1855.0,1827.5,1840.0,954600,-1.0,-1.0,-1.0
2017/04/04,1827.5,1837.5,1805.0,1822.5,1000800,-1.0,-1.0,-1.0
2017/04/05,1812.5,1830.0,1805.0,1822.5,1021000,-1.0,-1.0,-1.0
2017/04/06,1812.5,1825.0,1780.0,1787.5,839000,-1.0,-1.0,-1.0
2017/04/07,1802.5,1815.0,1782.5,1800.0,1053800,-1.0,-1.0,-1.0
2017/04/10,1800.0,1802.5,1735.0,1745.0,1365600,-1.0,-1.0,-1.0
2017/04/11,1745.0,1790.0,1745.0,1785.0,971600,-1.0,-1.0,-1.0
2017/04/12,1785.0,1790.0,1757.5,1777.5,697200,-1.0,-1.0,-1.0
2017/04/13,1765.0,1790.0,1760.0,1785.0,752200,-1.0,-1.0,-1.0
2017/04/14,1785.0,1797.5,1772.5,1772.5,467800,-1.0,-1.0,-1.0
2017/04/17,1770.0,1805.0,1770.0,1802.5,434000,-1.0,-1.0,-1.0
2017/04/18,1807.5,1817.5,1780.0,1795.0,367400,-1.0,-1.0,-1.0
2017/04/19,1782.5,1812.5,1780.0,1805.0,544800,-1.0,-1.0,-1.0
2017/04/20,1790.0,1805.0,1772.5,1790.0,479800,-1.0,-1.0,-1.0
2017/04/21,1797.5,1825.0,1797.5,1820.0,468400,-1.0,-1.0,-1.0
2017/04/24,1850.0,1860.0,1837.5,1845.0,361200,-1.0,-1.0,-1.0
2017/04/25,1835.0,1857.5,1827.5,1855.0,448200,-1.0,-1.0,-1.0
2017/04/26,1870.0,1875.0,1847.5,1862.5,364600,-1.0,-1.0,-1.0
2017/04/27,1845.0,1852.5,1830.0,1840.0,497200,-1.0,-1.0,-1.0
2017/04/28,1845.0,1857.5,1832.5,1842.5,527400,-1.0,-1.0,-1.0
2017/05/01,1852.5,1865.0,1835.0,1862.5,336400,-1.0,-1.0,-1.0
2017/05/02,1875.0,1892.5,1870.0,1885.0,513800,-1.0,-1.0,-1.0
2017/05/08,1892.5,1935.0,1887.5,1930.0,546200,-1.0,-1.0,-1.0
2017/05/09,1937.5,1945.0,1930.0,1937.5,529400,-1.0,-1.0,-1.0
2017/05/10,1950.0,1967.5,1940.0,1960.0,717600,-1.0,-1.0,-1.0
2017/05/11,1927.5,1957.5,1767.5,1815.0,2210000,-1.0,-1.0,-1.0
2017/05/12,1822.5,1845.0,1785.0,1797.5,1588800,-1.0,-1.0,-1.0
2017/05/15,1782.5,1797.5,1775.0,1785.0,729400,-1.0,-1.0,-1.0
2017/05/16,1775.0,1795.0,1757.5,1790.0,1030200,-1.0,-1.0,-1.0
2017/05/17,1755.0,1770.0,1752.5,1765.0,890800,-1.0,-1.0,-1.0
2017/05/18,1770.0,1795.0,1760.0,1762.5,1044200,-1.0,-1.0,-1.0
2017/05/19,1772.5,1782.5,1752.5,1777.5,1051200,-1.0,-1.0,-1.0
2017/05/22,1775.0,1802.5,1772.5,1800.0,618800,-1.0,-1.0,-1.0
2017/05/23,1805.0,1825.0,1802.5,1815.0,660000,-1.0,-1.0,-1.0
2017/05/24,1830.0,1837.5,1805.0,1815.0,437800,-1.0,-1.0,-1.0
2017/05/25,1815.0,1820.0,1810.0,1815.0,326000,-1.0,-1.0,-1.0
2017/05/26,1810.0,1822.5,1807.5,1810.0,470200,-1.0,-1.0,-1.0
2017/05/29,1810.0,1817.5,1795.0,1795.0,235600,-1.0,-1.0,-1.0
2017/05/30,1800.0,1820.0,1797.5,1820.0,479200,-1.0,-1.0,-1.0
2017/05/31,1807.5,1820.0,1800.0,1820.0,1197200,-1.0,-1.0,-1.0
2017/06/01,1815.0,1815.0,1717.5,1762.5,1886200,-1.0,-1.0,-1.0
2017/06/02,1767.5,1800.0,1745.0,1800.0,936200,-1.0,-1.0,-1.0
2017/06/05,1772.5,1785.0,1752.5,1777.5,638000,-1.0,-1.0,-1.0
2017/06/06,1742.5,1755.0,1722.5,1727.5,956800,-1.0,-1.0,-1.0
2017/06/07,1740.0,1762.5,1735.0,1745.0,1059000,-1.0,-1.0,-1.0
2017/06/08,1747.5,1750.0,1730.0,1735.0,523600,-1.0,-1.0,-1.0
2017/06/09,1727.5,1747.5,1727.5,1737.5,812400,-1.0,-1.0,-1.0
2017/06/12,1737.5,1765.0,1737.5,1752.5,398400,-1.0,-1.0,-1.0
2017/06/13,1747.5,1787.5,1742.5,1785.0,562800,-1.0,-1.0,-1.0
2017/06/14,1792.5,1797.5,1780.0,1782.5,498400,-1.0,-1.0,-1.0
2017/06/15,1782.5,1807.5,1772.5,1805.0,446400,-1.0,-1.0,-1.0
2017/06/16,1820.0,1832.5,1815.0,1820.0,544400,-1.0,-1.0,-1.0
2017/06/19,1840.0,1845.0,1830.0,1840.0,301200,-1.0,-1.0,-1.0
2017/06/20,1842.5,1855.0,1840.0,1840.0,375000,-1.0,-1.0,-1.0
2017/06/21,1827.5,1837.5,1810.0,1835.0,511400,-1.0,-1.0,-1.0
2017/06/22,1840.0,1857.5,1840.0,1855.0,419600,-1.0,-1.0,-1.0
2017/06/23,1855.0,1860.0,1840.0,1847.5,338800,-1.0,-1.0,-1.0
2017/06/26,1850.0,1857.5,1845.0,1850.0,187400,-1.0,-1.0,-1.0
2017/06/27,1850.0,1855.0,1840.0,1845.0,364000,-1.0,-1.0,-1.0
2017/06/28,1840.0,1847.5,1830.0,1840.0,359600,-1.0,-1.0,-1.0
2017/06/29,1860.0,1870.0,1840.0,1865.0,456800,-1.0,-1.0,-1.0
2017/06/30,1850.0,1870.0,1845.0,1865.0,537400,-1.0,-1.0,-1.0
2017/07/03,1862.5,1867.5,1852.5,1860.0,336000,-1.0,-1.0,-1.0
2017/07/04,1875.0,1875.0,1837.5,1840.0,279800,-1.0,-1.0,-1.0
2017/07/05,1830.0,1832.5,1817.5,1830.0,609200,-1.0,-1.0,-1.0
2017/07/06,1825.0,1845.0,1822.5,1837.5,484400,-1.0,-1.0,-1.0
2017/07/07,1822.5,1835.0,1810.0,1817.5,487200,-1.0,-1.0,-1.0
2017/07/10,1830.0,1835.0,1822.5,1835.0,344200,-1.0,-1.0,-1.0
2017/07/11,1825.0,1852.5,1825.0,1850.0,268600,-1.0,-1.0,-1.0
2017/07/12,1850.0,1852.5,1822.5,1827.5,300800,-1.0,-1.0,-1.0
2017/07/13,1842.5,1847.5,1822.5,1825.0,282400,-1.0,-1.0,-1.0
2017/07/14,1827.5,1835.0,1822.5,1825.0,261600,-1.0,-1.0,-1.0
2017/07/18,1820.0,1827.5,1802.5,1817.5,383000,-1.0,-1.0,-1.0
2017/07/19,1820.0,1832.5,1815.0,1825.0,334400,-1.0,-1.0,-1.0
2017/07/20,1837.5,1852.5,1835.0,1840.0,386200,-1.0,-1.0,-1.0
2017/07/21,1845.0,1852.5,1832.5,1850.0,382200,-1.0,-1.0,-1.0
2017/07/24,1837.5,1840.0,1827.5,1837.5,360400,-1.0,-1.0,-1.0
2017/07/25,1850.0,1862.5,1830.0,1835.0,312200,-1.0,-1.0,-1.0
2017/07/26,1837.5,1845.0,1810.0,1817.5,393200,-1.0,-1.0,-1.0
2017/07/27,1830.0,1857.5,1830.0,1832.5,496200,-1.0,-1.0,-1.0
2017/07/28,1827.5,1845.0,1822.5,1840.0,395200,-1.0,-1.0,-1.0
2017/07/31,1847.5,1852.5,1837.5,1842.5,490000,-1.0,-1.0,-1.0
2017/08/01,1840.0,1845.0,1815.0,1830.0,617800,-1.0,-1.0,-1.0
2017/08/02,1840.0,1860.0,1837.5,1847.5,457600,-1.0,-1.0,-1.0
2017/08/03,1850.0,1852.5,1830.0,1847.5,413000,-1.0,-1.0,-1.0
2017/08/04,1852.5,2040.0,1815.0,1915.0,1371600,-1.0,-1.0,-1.0
2017/08/07,1927.5,1932.5,1902.5,1912.5,790200,-1.0,-1.0,-1.0
2017/08/08,1912.5,1912.5,1875.0,1875.0,426200,-1.0,-1.0,-1.0
2017/08/09,1870.0,1880.0,1850.0,1857.5,489400,-1.0,-1.0,-1.0
2017/08/10,1852.5,1862.5,1840.0,1852.5,647200,-1.0,-1.0,-1.0
2017/08/14,1842.5,1862.5,1840.0,1850.0,694200,-1.0,-1.0,-1.0
2017/08/15,1857.5,1872.5,1847.5,1860.0,427600,-1.0,-1.0,-1.0
2017/08/16,1842.5,1862.5,1840.0,1850.0,287800,-1.0,-1.0,-1.0
2017/08/17,1850.0,1862.5,1845.0,1857.5,222600,-1.0,-1.0,-1.0
2017/08/18,1830.0,1855.0,1822.5,1847.5,426800,-1.0,-1.0,-1.0
2017/08/21,1862.5,1870.0,1855.0,1865.0,225600,-1.0,-1.0,-1.0
2017/08/22,1882.5,1902.5,1882.5,1892.5,470600,-1.0,-1.0,-1.0
2017/08/23,1907.5,1935.0,1902.5,1920.0,577000,-1.0,-1.0,-1.0
2017/08/24,1920.0,1925.0,1905.0,1910.0,266000,-1.0,-1.0,-1.0
2017/08/25,1917.5,1940.0,1910.0,1925.0,304800,-1.0,-1.0,-1.0
2017/08/28,1920.0,1960.0,1920.0,1950.0,293600,-1.0,-1.0,-1.0
2017/08/29,1930.0,1965.0,1880.0,1955.0,705000,-1.0,-1.0,-1.0
2017/08/30,1957.5,2007.5,1947.5,2005.0,543000,-1.0,-1.0,-1.0
2017/08/31,2005.0,2017.5,2000.0,2002.5,456800,-1.0,-1.0,-1.0
2017/09/01,2007.5,2025.0,2000.0,2017.5,419600,-1.0,-1.0,-1.0
2017/09/04,2015.0,2020.0,1992.5,1995.0,215600,-1.0,-1.0,-1.0
2017/09/05,1990.0,1990.0,1942.5,1945.0,628400,-1.0,-1.0,-1.0
2017/09/06,1945.0,1967.5,1937.5,1955.0,367000,-1.0,-1.0,-1.0
2017/09/07,1967.5,1980.0,1960.0,1965.0,260800,-1.0,-1.0,-1.0
2017/09/08,1957.5,1980.0,1947.5,1965.0,412800,-1.0,-1.0,-1.0
2017/09/11,1965.0,1987.5,1955.0,1975.0,244000,-1.0,-1.0,-1.0
2017/09/12,1995.0,1997.5,1967.5,1982.5,362200,-1.0,-1.0,-1.0
2017/09/13,1980.0,1987.5,1967.5,1972.5,181600,-1.0,-1.0,-1.0
2017/09/14,1967.5,1982.5,1965.0,1975.0,260400,-1.0,-1.0,-1.0
2017/09/15,1980.0,1987.5,1970.0,1982.5,465400,-1.0,-1.0,-1.0
2017/09/19,1975.0,1982.5,1960.0,1977.5,338000,-1.0,-1.0,-1.0
2017/09/20,1970.0,1970.0,1942.5,1945.0,484200,-1.0,-1.0,-1.0
2017/09/21,1950.0,1957.5,1927.5,1935.0,402200,-1.0,-1.0,-1.0
2017/09/22,1942.5,1947.5,1917.5,1920.0,331400,-1.0,-1.0,-1.0
2017/09/25,1945.0,1945.0,1920.0,1932.5,302400,-1.0,-1.0,-1.0
2017/09/26,1925.0,1942.5,1925.0,1940.0,379600,-1.0,-1.0,-1.0
2017/09/27,1952.5,1985.0,1932.5,1972.5,375600,-1.0,-1.0,-1.0
2017/09/28,1975.0,2035.0,1967.5,2032.5,619000,-1.0,-1.0,-1.0
2017/09/29,2010.0,2017.5,1985.0,2000.0,455400,-1.0,-1.0,-1.0
2017/10/02,2010.0,2032.5,2010.0,2017.5,441600,-1.0,-1.0,-1.0
2017/10/03,2025.0,2030.0,2015.0,2027.5,267800,-1.0,-1.0,-1.0
2017/10/04,2032.5,2045.0,2020.0,2037.5,303200,-1.0,-1.0,-1.0
2017/10/05,2035.0,2047.5,2022.5,2032.5,257400,-1.0,-1.0,-1.0
2017/10/06,2035.0,2035.0,2005.0,2010.0,267000,-1.0,-1.0,-1.0
2017/10/10,1987.5,2005.0,1980.0,1995.0,417000,-1.0,-1.0,-1.0
2017/10/11,1965.0,1985.0,1962.5,1975.0,278800,-1.0,-1.0,-1.0
2017/10/12,1985.0,1995.0,1970.0,1975.0,357600,-1.0,-1.0,-1.0
2017/10/13,1965.0,1987.5,1955.0,1982.5,361200,-1.0,-1.0,-1.0
2017/10/16,1995.0,2015.0,1995.0,1997.5,354200,-1.0,-1.0,-1.0
2017/10/17,2020.0,2020.0,1992.5,2002.5,285400,-1.0,-1.0,-1.0
2017/10/18,2010.0,2022.5,2000.0,2012.5,237000,-1.0,-1.0,-1.0
2017/10/19,2020.0,2022.5,2010.0,2020.0,284800,-1.0,-1.0,-1.0
2017/10/20,2007.5,2042.5,2007.5,2042.5,430400,-1.0,-1.0,-1.0
2017/10/23,2072.5,2082.5,2047.5,2057.5,257600,-1.0,-1.0,-1.0
2017/10/24,2075.0,2095.0,2062.5,2092.5,516800,-1.0,-1.0,-1.0
2017/10/25,2100.0,2120.0,2015.0,2047.5,1185600,-1.0,-1.0,-1.0
2017/10/26,2067.5,2067.5,2037.5,2057.5,459000,-1.0,-1.0,-1.0
2017/10/27,2092.5,2097.5,2057.5,2097.5,457200,-1.0,-1.0,-1.0
2017/10/30,2077.5,2077.5,2047.5,2062.5,619000,-1.0,-1.0,-1.0
2017/10/31,2050.0,2050.0,2025.0,2037.5,417200,-1.0,-1.0,-1.0
2017/11/01,2047.5,2055.0,2032.5,2050.0,433200,-1.0,-1.0,-1.0
2017/11/02,2052.5,2062.5,2032.5,2057.5,338400,-1.0,-1.0,-1.0
2017/11/06,2065.0,2070.0,1987.5,2032.5,788800,-1.0,-1.0,-1.0
2017/11/07,2017.5,2047.5,2010.0,2047.5,674200,-1.0,-1.0,-1.0
2017/11/08,2052.5,2167.5,2047.5,2147.5,1436600,-1.0,-1.0,-1.0
2017/11/09,2180.0,2232.5,2177.5,2197.5,996000,-1.0,-1.0,-1.0
2017/11/10,2182.5,2230.0,2182.5,2212.5,662400,-1.0,-1.0,-1.0
2017/11/13,2197.5,2210.0,2185.0,2210.0,406800,-1.0,-1.0,-1.0
2017/11/14,2202.5,2207.5,2157.5,2165.0,699800,-1.0,-1.0,-1.0
2017/11/15,2130.0,2147.5,2107.5,2122.5,590200,-1.0,-1.0,-1.0
2017/11/16,2105.0,2145.0,2100.0,2132.5,539800,-1.0,-1.0,-1.0
2017/11/17,2155.0,2160.0,2117.5,2127.5,453400,-1.0,-1.0,-1.0
2017/11/20,2117.5,2137.5,2107.5,2132.5,180600,-1.0,-1.0,-1.0
2017/11/21,2152.5,2155.0,2132.5,2132.5,260200,-1.0,-1.0,-1.0
2017/11/22,2135.0,2145.0,2115.0,2122.5,407600,-1.0,-1.0,-1.0
2017/11/24,2087.5,2112.5,2075.0,2107.5,520200,-1.0,-1.0,-1.0
2017/11/27,2135.0,2135.0,2067.5,2080.0,402800,-1.0,-1.0,-1.0
2017/11/28,2115.0,2167.5,2102.5,2152.5,775200,-1.0,-1.0,-1.0
2017/11/29,2170.0,2190.0,2160.0,2187.5,428600,-1.0,-1.0,-1.0
2017/11/30,2182.5,2230.0,2165.0,2220.0,714000,-1.0,-1.0,-1.0
2017/12/01,2210.0,2215.0,2185.0,2202.5,449600,-1.0,-1.0,-1.0
2017/12/04,2215.0,2230.0,2182.5,2187.5,338400,-1.0,-1.0,-1.0
2017/12/05,2180.0,2197.5,2160.0,2195.0,251000,-1.0,-1.0,-1.0
2017/12/06,2185.0,2207.5,2165.0,2175.0,343000,-1.0,-1.0,-1.0
2017/12/07,2165.0,2235.0,2162.5,2232.5,586000,-1.0,-1.0,-1.0
2017/12/08,2197.5,2255.0,2197.5,2250.0,696400,-1.0,-1.0,-1.0
2017/12/11,2260.0,2275.0,2242.5,2272.5,236800,-1.0,-1.0,-1.0
2017/12/12,2275.0,2292.5,2265.0,2285.0,283800,-1.0,-1.0,-1.0
2017/12/13,2282.5,2305.0,2272.5,2287.5,448000,-1.0,-1.0,-1.0
2017/12/14,2280.0,2300.0,2265.0,2297.5,337400,-1.0,-1.0,-1.0
2017/12/15,2287.5,2297.5,2267.5,2272.5,662800,-1.0,-1.0,-1.0
2017/12/18,2287.5,2320.0,2287.5,2295.0,595600,-1.0,-1.0,-1.0
2017/12/19,2305.0,2307.5,2277.5,2287.5,363800,-1.0,-1.0,-1.0
2017/12/20,2287.5,2317.5,2280.0,2295.0,335600,-1.0,-1.0,-1.0
2017/12/21,2300.0,2322.5,2292.5,2322.5,329400,-1.0,-1.0,-1.0
2017/12/22,2325.0,2337.5,2310.0,2327.5,330400,-1.0,-1.0,-1.0
2017/12/25,2332.5,2335.0,2315.0,2332.5,154000,-1.0,-1.0,-1.0
2017/12/26,2335.0,2345.0,2322.5,2327.5,214800,-1.0,-1.0,-1.0
2017/12/27,2322.5,2332.5,2302.5,2305.0,164600,-1.0,-1.0,-1.0
2017/12/28,2302.5,2347.5,2302.5,2325.0,304400,-1.0,-1.0,-1.0
2017/12/29,2325.0,2332.5,2310.0,2317.5,206400,-1.0,-1.0,-1.0
2018/01/04,2340.0,2385.0,2322.5,2385.0,539000,-1.0,-1.0,-1.0
2018/01/05,2417.5,2422.5,2385.0,2405.0,413400,-1.0,-1.0,-1.0
2018/01/09,2412.5,2420.0,2375.0,2392.5,389200,-1.0,-1.0,-1.0
2018/01/10,2397.5,2410.0,2372.5,2400.0,459200,-1.0,-1.0,-1.0
2018/01/11,2387.5,2420.0,2380.0,2420.0,547600,-1.0,-1.0,-1.0
2018/01/12,2412.5,2420.0,2380.0,2412.5,469600,-1.0,-1.0,-1.0
2018/01/15,2412.5,2420.0,2397.5,2405.0,167400,-1.0,-1.0,-1.0
2018/01/16,2397.5,2397.5,2377.5,2392.5,304200,-1.0,-1.0,-1.0
2018/01/17,2357.5,2372.5,2347.5,2367.5,463400,-1.0,-1.0,-1.0
2018/01/18,2382.5,2382.5,2337.5,2342.5,495400,-1.0,-1.0,-1.0
2018/01/19,2352.5,2357.5,2337.5,2350.0,290000,-1.0,-1.0,-1.0
2018/01/22,2335.0,2347.5,2322.5,2345.0,337400,-1.0,-1.0,-1.0
2018/01/23,2350.0,2372.5,2350.0,2360.0,352400,-1.0,-1.0,-1.0
2018/01/24,2360.0,2390.0,2347.5,2382.5,511600,-1.0,-1.0,-1.0
2018/01/25,2370.0,2380.0,2327.5,2337.5,472200,-1.0,-1.0,-1.0
2018/01/26,2347.5,2395.0,2347.5,2385.0,387200,-1.0,-1.0,-1.0
2018/01/29,2390.0,2395.0,2360.0,2360.0,311400,-1.0,-1.0,-1.0
2018/01/30,2372.5,2377.5,2340.0,2347.5,443400,-1.0,-1.0,-1.0
2018/01/31,2340.0,2345.0,2317.5,2322.5,659600,-1.0,-1.0,-1.0
2018/02/01,2332.5,2395.0,2332.5,2385.0,657400,-1.0,-1.0,-1.0
2018/02/02,2360.0,2397.5,2355.0,2395.0,492200,-1.0,-1.0,-1.0
2018/02/05,2360.0,2390.0,2227.5,2252.5,915800,-1.0,-1.0,-1.0
2018/02/06,2200.0,2215.0,2097.5,2132.5,791200,-1.0,-1.0,-1.0
2018/02/07,2167.5,2210.0,2157.5,2157.5,906000,-1.0,-1.0,-1.0
2018/02/08,2157.5,2170.0,2132.5,2137.5,604800,-1.0,-1.0,-1.0
2018/02/09,2077.5,2095.0,2072.5,2095.0,386200,-1.0,-1.0,-1.0
2018/02/13,2122.5,2125.0,2067.5,2072.5,439600,-1.0,-1.0,-1.0
2018/02/14,2070.0,2110.0,2070.0,2095.0,557200,-1.0,-1.0,-1.0
2018/02/15,2117.5,2132.5,2102.5,2115.0,365200,-1.0,-1.0,-1.0
2018/02/16,2122.5,2150.0,2122.5,2130.0,284000,-1.0,-1.0,-1.0
2018/02/19,2155.0,2172.5,2140.0,2172.5,237200,-1.0,-1.0,-1.0
2018/02/20,2172.5,2177.5,2150.0,2162.5,193000,-1.0,-1.0,-1.0
2018/02/21,2150.0,2160.0,2125.0,2152.5,313600,-1.0,-1.0,-1.0
2018/02/22,2122.5,2137.5,2095.0,2100.0,553200,-1.0,-1.0,-1.0
2018/02/23,2102.5,2117.5,2095.0,2105.0,249000,-1.0,-1.0,-1.0
2018/02/26,2125.0,2157.5,2120.0,2145.0,315000,-1.0,-1.0,-1.0
2018/02/27,2132.5,2147.5,2110.0,2140.0,420800,-1.0,-1.0,-1.0
2018/02/28,2155.0,2207.5,2152.5,2190.0,818200,-1.0,-1.0,-1.0
2018/03/01,2185.0,2185.0,2107.5,2117.5,675800,-1.0,-1.0,-1.0
2018/03/02,2092.5,2135.0,2090.0,2122.5,573400,-1.0,-1.0,-1.0
2018/03/05,2112.5,2140.0,2112.5,2125.0,307600,-1.0,-1.0,-1.0
2018/03/06,2142.5,2162.5,2132.5,2147.5,329200,-1.0,-1.0,-1.0
2018/03/07,2165.0,2197.5,2147.5,2162.5,529600,-1.0,-1.0,-1.0
2018/03/08,2175.0,2190.0,2160.0,2172.5,274600,-1.0,-1.0,-1.0
2018/03/09,2202.5,2227.5,2162.5,2182.5,481400,-1.0,-1.0,-1.0
2018/03/12,2220.0,2232.5,2192.5,2212.5,327000,-1.0,-1.0,-1.0
2018/03/13,2202.5,2220.0,2192.5,2220.0,340000,-1.0,-1.0,-1.0
2018/03/14,2207.5,2215.0,2190.0,2202.5,440400,-1.0,-1.0,-1.0
2018/03/15,2220.0,2235.0,2185.0,2210.0,478800,-1.0,-1.0,-1.0
2018/03/16,2217.5,2220.0,2180.0,2195.0,692800,-1.0,-1.0,-1.0
2018/03/19,2167.5,2182.5,2147.5,2175.0,291800,-1.0,-1.0,-1.0
2018/03/20,2147.5,2157.5,2135.0,2152.5,270200,-1.0,-1.0,-1.0
2018/03/22,2135.0,2187.5,2135.0,2187.5,335400,-1.0,-1.0,-1.0
2018/03/23,2152.5,2152.5,2100.0,2105.0,556800,-1.0,-1.0,-1.0
2018/03/26,2085.0,2117.5,2082.5,2117.5,454800,-1.0,-1.0,-1.0
2018/03/27,2132.5,2202.5,2122.5,2202.5,608200,-1.0,-1.0,-1.0
2018/03/28,2165.0,2200.0,2162.5,2197.5,358800,-1.0,-1.0,-1.0
2018/03/29,2215.0,2222.5,2185.0,2215.0,406800,-1.0,-1.0,-1.0
2018/03/30,2230.0,2230.0,2185.0,2197.5,304200,-1.0,-1.0,-1.0
2018/04/02,2180.0,2197.5,2170.0,2170.0,219000,-1.0,-1.0,-1.0
2018/04/03,2157.5,2172.5,2135.0,2162.5,340800,-1.0,-1.0,-1.0
2018/04/04,2152.5,2172.5,2135.0,2165.0,322600,-1.0,-1.0,-1.0
2018/04/05,2200.0,2217.5,2185.0,2192.5,433000,-1.0,-1.0,-1.0
2018/04/06,2192.5,2210.0,2175.0,2190.0,340600,-1.0,-1.0,-1.0
2018/04/09,2192.5,2210.0,2182.5,2200.0,219800,-1.0,-1.0,-1.0
2018/04/10,2230.0,2240.0,2197.5,2210.0,374200,-1.0,-1.0,-1.0
2018/04/11,2210.0,2212.5,2155.0,2170.0,288600,-1.0,-1.0,-1.0
2018/04/12,2187.5,2195.0,2165.0,2175.0,184600,-1.0,-1.0,-1.0
2018/04/13,2187.5,2187.5,2165.0,2175.0,206200,-1.0,-1.0,-1.0
2018/04/16,2177.5,2235.0,2172.5,2232.5,254000,-1.0,-1.0,-1.0
2018/04/17,2235.0,2240.0,2215.0,2230.0,358800,-1.0,-1.0,-1.0
2018/04/18,2230.0,2250.0,2215.0,2247.5,342000,-1.0,-1.0,-1.0
2018/04/19,2255.0,2272.5,2237.5,2240.0,265000,-1.0,-1.0,-1.0
2018/04/20,2260.0,2285.0,2257.5,2270.0,379600,-1.0,-1.0,-1.0
2018/04/23,2252.5,2255.0,2230.0,2237.5,186200,-1.0,-1.0,-1.0
2018/04/24,2252.5,2275.0,2245.0,2270.0,213400,-1.0,-1.0,-1.0
2018/04/25,2250.0,2290.0,2242.5,2267.5,323800,-1.0,-1.0,-1.0
2018/04/26,2280.0,2310.0,2262.5,2302.5,355400,-1.0,-1.0,-1.0
2018/04/27,2310.0,2360.0,2310.0,2355.0,547000,-1.0,-1.0,-1.0
2018/05/01,2355.0,2405.0,2340.0,2387.5,612200,-1.0,-1.0,-1.0
2018/05/02,2395.0,2400.0,2352.5,2382.5,535600,-1.0,-1.0,-1.0
2018/05/07,2370.0,2370.0,2327.5,2365.0,562400,-1.0,-1.0,-1.0
2018/05/08,2375.0,2395.0,2345.0,2350.0,673000,-1.0,-1.0,-1.0
2018/05/09,2350.0,2555.0,2270.0,2525.0,1529600,-1.0,-1.0,-1.0
2018/05/10,2450.0,2472.5,2387.5,2442.5,1022400,-1.0,-1.0,-1.0
2018/05/11,2440.0,2455.0,2432.5,2450.0,605600,-1.0,-1.0,-1.0
2018/05/14,2452.5,2485.0,2445.0,2477.5,304400,-1.0,-1.0,-1.0
2018/05/15,2487.5,2510.0,2482.5,2500.0,329200,-1.0,-1.0,-1.0
2018/05/16,2500.0,2590.0,2495.0,2575.0,611000,-1.0,-1.0,-1.0
2018/05/17,2570.0,2600.0,2540.0,2575.0,700200,-1.0,-1.0,-1.0
2018/05/18,2570.0,2575.0,2540.0,2550.0,467600,-1.0,-1.0,-1.0
2018/05/21,2550.0,2555.0,2530.0,2535.0,326400,-1.0,-1.0,-1.0
2018/05/22,2545.0,2555.0,2535.0,2545.0,208600,-1.0,-1.0,-1.0
2018/05/23,2497.5,2535.0,2497.5,2515.0,595400,-1.0,-1.0,-1.0
2018/05/24,2525.0,2570.0,2525.0,2550.0,505000,-1.0,-1.0,-1.0
2018/05/25,2545.0,2555.0,2520.0,2525.0,385800,-1.0,-1.0,-1.0
2018/05/28,2520.0,2540.0,2505.0,2510.0,246800,-1.0,-1.0,-1.0
2018/05/29,2495.0,2520.0,2462.5,2475.0,559800,-1.0,-1.0,-1.0
2018/05/30,2447.5,2470.0,2435.0,2462.5,689800,-1.0,-1.0,-1.0
2018/05/31,2485.0,2492.5,2437.5,2440.0,1220000,-1.0,-1.0,-1.0
2018/06/01,2430.0,2482.5,2427.5,2447.5,430800,-1.0,-1.0,-1.0
2018/06/04,2475.0,2497.5,2470.0,2480.0,359400,-1.0,-1.0,-1.0
2018/06/05,2495.0,2510.0,2422.5,2450.0,530200,-1.0,-1.0,-1.0
2018/06/06,2425.0,2462.5,2422.5,2452.5,442600,-1.0,-1.0,-1.0
2018/06/07,2452.5,2462.5,2427.5,2442.5,465000,-1.0,-1.0,-1.0
2018/06/08,2432.5,2465.0,2432.5,2450.0,694400,-1.0,-1.0,-1.0
2018/06/11,2427.5,2442.5,2407.5,2432.5,499400,-1.0,-1.0,-1.0
2018/06/12,2442.5,2455.0,2425.0,2427.5,478000,-1.0,-1.0,-1.0
2018/06/13,2440.0,2462.5,2427.5,2435.0,509200,-1.0,-1.0,-1.0
2018/06/14,2420.0,2425.0,2395.0,2412.5,416200,-1.0,-1.0,-1.0
2018/06/15,2407.5,2440.0,2382.5,2425.0,824000,-1.0,-1.0,-1.0
2018/06/18,2402.5,2427.5,2397.5,2405.0,480600,-1.0,-1.0,-1.0
2018/06/19,2400.0,2432.5,2382.5,2390.0,885400,-1.0,-1.0,-1.0
2018/06/20,2395.0,2430.0,2375.0,2425.0,615200,-1.0,-1.0,-1.0
2018/06/21,2432.5,2452.5,2417.5,2417.5,574800,-1.0,-1.0,-1.0
2018/06/22,2400.0,2412.5,2377.5,2390.0,487800,-1.0,-1.0,-1.0
2018/06/25,2380.0,2382.5,2342.5,2345.0,345400,-1.0,-1.0,-1.0
2018/06/26,2347.5,2352.5,2330.0,2345.0,461200,-1.0,-1.0,-1.0
2018/06/27,2330.0,2370.0,2330.0,2362.5,400800,-1.0,-1.0,-1.0
2018/06/28,2360.0,2360.0,2317.5,2327.5,498800,-1.0,-1.0,-1.0
2018/06/29,2332.5,2355.0,2315.0,2345.0,627600,-1.0,-1.0,-1.0
2018/07/02,2335.0,2372.5,2310.0,2310.0,567200,-1.0,-1.0,-1.0
2018/07/03,2305.0,2325.0,2290.0,2307.5,430400,-1.0,-1.0,-1.0
2018/07/04,2295.0,2310.0,2285.0,2302.5,267600,-1.0,-1.0,-1.0
2018/07/05,2302.5,2315.0,2285.0,2295.0,351200,-1.0,-1.0,-1.0
2018/07/06,2317.5,2337.5,2300.0,2307.5,412200,-1.0,-1.0,-1.0
2018/07/09,2325.0,2345.0,2315.0,2325.0,228000,-1.0,-1.0,-1.0
2018/07/10,2332.5,2342.5,2315.0,2317.5,394000,-1.0,-1.0,-1.0
2018/07/11,2315.0,2332.5,2297.5,2305.0,400800,-1.0,-1.0,-1.0
2018/07/12,2305.0,2327.5,2300.0,2320.0,331000,-1.0,-1.0,-1.0
2018/07/13,2342.5,2352.5,2320.0,2342.5,402000,-1.0,-1.0,-1.0
2018/07/17,2355.0,2397.5,2345.0,2385.0,313400,-1.0,-1.0,-1.0
2018/07/18,2410.0,2430.0,2397.5,2407.5,262600,-1.0,-1.0,-1.0
2018/07/19,2407.5,2420.0,2385.0,2415.0,314800,-1.0,-1.0,-1.0
2018/07/20,2402.5,2430.0,2390.0,2405.0,394000,-1.0,-1.0,-1.0
2018/07/23,2397.5,2420.0,2390.0,2395.0,274000,-1.0,-1.0,-1.0
2018/07/24,2415.0,2415.0,2375.0,2380.0,257000,-1.0,-1.0,-1.0
2018/07/25,2435.0,2492.5,2415.0,2427.5,636000,-1.0,-1.0,-1.0
2018/07/26,2462.5,2465.0,2417.5,2447.5,303000,-1.0,-1.0,-1.0
2018/07/27,2465.0,2475.0,2450.0,2465.0,242000,-1.0,-1.0,-1.0
2018/07/30,2447.5,2462.5,2427.5,2445.0,249200,-1.0,-1.0,-1.0
2018/07/31,2437.5,2465.0,2417.5,2442.5,602000,-1.0,-1.0,-1.0
2018/08/01,2437.5,2482.5,2437.5,2475.0,576200,-1.0,-1.0,-1.0
2018/08/02,2465.0,2470.0,2417.5,2422.5,445200,-1.0,-1.0,-1.0
2018/08/03,2440.0,2440.0,2400.0,2405.0,287800,-1.0,-1.0,-1.0
2018/08/06,2430.0,2430.0,2395.0,2397.5,441600,-1.0,-1.0,-1.0
2018/08/07,2327.5,2385.0,2200.0,2310.0,1265000,-1.0,-1.0,-1.0
2018/08/08,2307.5,2355.0,2305.0,2332.5,649000,-1.0,-1.0,-1.0
2018/08/09,2332.5,2375.0,2317.5,2367.5,454000,-1.0,-1.0,-1.0
2018/08/10,2367.5,2380.0,2330.0,2355.0,329000,-1.0,-1.0,-1.0
2018/08/13,2350.0,2380.0,2337.5,2345.0,633400,-1.0,-1.0,-1.0
2018/08/14,2360.0,2365.0,2315.0,2352.5,438200,-1.0,-1.0,-1.0
2018/08/15,2362.5,2407.5,2357.5,2395.0,439600,-1.0,-1.0,-1.0
2018/08/16,2372.5,2377.5,2332.5,2350.0,411400,-1.0,-1.0,-1.0
2018/08/17,2372.5,2425.0,2367.5,2395.0,490200,-1.0,-1.0,-1.0
2018/08/20,2370.0,2387.5,2347.5,2367.5,256600,-1.0,-1.0,-1.0
2018/08/21,2367.5,2405.0,2345.0,2395.0,268600,-1.0,-1.0,-1.0
2018/08/22,2387.5,2427.5,2382.5,2390.0,626400,-1.0,-1.0,-1.0
2018/08/23,2395.0,2402.5,2380.0,2400.0,242400,-1.0,-1.0,-1.0
2018/08/24,2435.0,2447.5,2430.0,2442.5,298200,-1.0,-1.0,-1.0
2018/08/27,2457.5,2482.5,2450.0,2475.0,221800,-1.0,-1.0,-1.0
2018/08/28,2477.5,2505.0,2467.5,2480.0,362200,-1.0,-1.0,-1.0
2018/08/29,2500.0,2525.0,2495.0,2510.0,318000,-1.0,-1.0,-1.0
2018/08/30,2500.0,2525.0,2490.0,2515.0,349600,-1.0,-1.0,-1.0
2018/08/31,2515.0,2540.0,2505.0,2525.0,484400,-1.0,-1.0,-1.0
2018/09/03,2510.0,2525.0,2505.0,2525.0,196800,-1.0,-1.0,-1.0
2018/09/04,2510.0,2525.0,2492.5,2520.0,179000,-1.0,-1.0,-1.0
2018/09/05,2510.0,2530.0,2495.0,2515.0,426400,-1.0,-1.0,-1.0
2018/09/06,2525.0,2525.0,2485.0,2505.0,518800,-1.0,-1.0,-1.0
2018/09/07,2482.5,2505.0,2480.0,2497.5,324400,-1.0,-1.0,-1.0
2018/09/10,2487.5,2515.0,2482.5,2500.0,306000,-1.0,-1.0,-1.0
2018/09/11,2500.0,2530.0,2487.5,2510.0,318200,-1.0,-1.0,-1.0
2018/09/12,2500.0,2500.0,2470.0,2490.0,418000,-1.0,-1.0,-1.0
2018/09/13,2505.0,2545.0,2500.0,2510.0,315200,-1.0,-1.0,-1.0
2018/09/14,2535.0,2565.0,2530.0,2540.0,485800,-1.0,-1.0,-1.0
2018/09/18,2530.0,2570.0,2520.0,2560.0,368600,-1.0,-1.0,-1.0
2018/09/19,2590.0,2595.0,2550.0,2580.0,388000,-1.0,-1.0,-1.0
2018/09/20,2610.0,2615.0,2575.0,2585.0,368600,-1.0,-1.0,-1.0
2018/09/21,2605.0,2615.0,2580.0,2595.0,565000,-1.0,-1.0,-1.0
2018/09/25,2620.0,2655.0,2605.0,2650.0,543000,-1.0,-1.0,-1.0
2018/09/26,2650.0,2725.0,2650.0,2715.0,619800,-1.0,-1.0,-1.0
2018/09/27,2665.0,2720.0,2660.0,2660.0,556200,-1.0,-1.0,-1.0
2018/09/28,2690.0,2705.0,2665.0,2695.0,584000,-1.0,-1.0,-1.0
2018/10/01,2680.0,2700.0,2655.0,2680.0,408400,-1.0,-1.0,-1.0
2018/10/02,2685.0,2735.0,2675.0,2715.0,478000,-1.0,-1.0,-1.0
2018/10/03,2735.0,2790.0,2735.0,2755.0,786600,-1.0,-1.0,-1.0
2018/10/04,2760.0,2780.0,2730.0,2730.0,532200,-1.0,-1.0,-1.0
2018/10/05,2730.0,2790.0,2725.0,2755.0,602200,-1.0,-1.0,-1.0
2018/10/09,2750.0,2765.0,2720.0,2735.0,575200,-1.0,-1.0,-1.0
2018/10/10,2725.0,2750.0,2715.0,2725.0,721600,-1.0,-1.0,-1.0
2018/10/11,2675.0,2680.0,2610.0,2640.0,523400,-1.0,-1.0,-1.0
2018/10/12,2625.0,2640.0,2605.0,2615.0,435800,-1.0,-1.0,-1.0
2018/10/15,2630.0,2630.0,2580.0,2585.0,371000,-1.0,-1.0,-1.0
2018/10/16,2585.0,2610.0,2575.0,2610.0,542000,-1.0,-1.0,-1.0
2018/10/17,2635.0,2650.0,2600.0,2635.0,424200,-1.0,-1.0,-1.0
2018/10/18,2650.0,2670.0,2630.0,2640.0,298600,-1.0,-1.0,-1.0
2018/10/19,2610.0,2655.0,2600.0,2650.0,441200,-1.0,-1.0,-1.0
2018/10/22,2630.0,2655.0,2620.0,2640.0,335800,-1.0,-1.0,-1.0
2018/10/23,2625.0,2640.0,2580.0,2590.0,514000,-1.0,-1.0,-1.0
2018/10/24,2610.0,2610.0,2570.0,2590.0,460000,-1.0,-1.0,-1.0
2018/10/25,2565.0,2600.0,2520.0,2525.0,497200,-1.0,-1.0,-1.0
2018/10/26,2545.0,2635.0,2505.0,2595.0,877200,-1.0,-1.0,-1.0
2018/10/29,2635.0,2700.0,2620.0,2625.0,814200,-1.0,-1.0,-1.0
2018/10/30,2725.0,2760.0,2690.0,2760.0,1062600,-1.0,-1.0,-1.0
2018/10/31,2770.0,2880.0,2770.0,2860.0,1210200,-1.0,-1.0,-1.0
2018/11/01,2855.0,2905.0,2825.0,2850.0,926200,-1.0,-1.0,-1.0
2018/11/02,2875.0,2900.0,2835.0,2865.0,791600,-1.0,-1.0,-1.0
2018/11/05,2855.0,2890.0,2835.0,2865.0,587800,-1.0,-1.0,-1.0
2018/11/06,2900.0,2995.0,2890.0,2975.0,703800,-1.0,-1.0,-1.0
2018/11/07,3075.0,3130.0,3005.0,3035.0,852000,-1.0,-1.0,-1.0
2018/11/08,3045.0,3095.0,3030.0,3065.0,690200,-1.0,-1.0,-1.0
2018/11/09,3045.0,3075.0,3005.0,3030.0,636800,-1.0,-1.0,-1.0
2018/11/12,3020.0,3055.0,2980.0,2995.0,810400,-1.0,-1.0,-1.0
2018/11/13,2945.0,2955.0,2910.0,2940.0,712800,-1.0,-1.0,-1.0
2018/11/14,2975.0,3005.0,2965.0,2980.0,878400,-1.0,-1.0,-1.0
2018/11/15,2965.0,2995.0,2950.0,2970.0,504400,-1.0,-1.0,-1.0
2018/11/16,2980.0,2990.0,2955.0,2970.0,555200,-1.0,-1.0,-1.0
2018/11/19,2985.0,3000.0,2965.0,2965.0,324000,-1.0,-1.0,-1.0
2018/11/20,2945.0,2975.0,2925.0,2950.0,511000,-1.0,-1.0,-1.0
2018/11/21,2895.0,2920.0,2875.0,2880.0,676200,-1.0,-1.0,-1.0
2018/11/22,2885.0,2920.0,2870.0,2910.0,416400,-1.0,-1.0,-1.0
2018/11/26,2980.0,3090.0,2970.0,3075.0,1196400,-1.0,-1.0,-1.0
2018/11/27,3025.0,3060.0,2975.0,2990.0,705000,-1.0,-1.0,-1.0
2018/11/28,2990.0,3030.0,2965.0,2995.0,1060600,-1.0,-1.0,-1.0
2018/11/29,3005.0,3020.0,2960.0,2970.0,600000,-1.0,-1.0,-1.0
2018/11/30,2985.0,3075.0,2985.0,3055.0,1154400,-1.0,-1.0,-1.0
2018/12/03,3100.0,3145.0,3050.0,3125.0,618400,-1.0,-1.0,-1.0
2018/12/04,3085.0,3115.0,3030.0,3035.0,672200,-1.0,-1.0,-1.0
2018/12/05,3025.0,3085.0,3025.0,3070.0,677800,-1.0,-1.0,-1.0
2018/12/06,3030.0,3060.0,3010.0,3040.0,584400,-1.0,-1.0,-1.0
2018/12/07,3065.0,3110.0,3025.0,3050.0,680200,-1.0,-1.0,-1.0
2018/12/10,3030.0,3045.0,2980.0,3030.0,378400,-1.0,-1.0,-1.0
2018/12/11,3045.0,3065.0,2985.0,3005.0,554400,-1.0,-1.0,-1.0
2018/12/12,3000.0,3040.0,2970.0,3020.0,1036400,-1.0,-1.0,-1.0
2018/12/13,3025.0,3075.0,2990.0,3060.0,630000,-1.0,-1.0,-1.0
2018/12/14,3070.0,3115.0,3045.0,3065.0,890400,-1.0,-1.0,-1.0
2018/12/17,3030.0,3045.0,2995.0,3035.0,514000,-1.0,-1.0,-1.0
2018/12/18,3005.0,3030.0,2965.0,2970.0,571600,-1.0,-1.0,-1.0
2018/12/19,2955.0,2970.0,2935.0,2955.0,646400,-1.0,-1.0,-1.0
2018/12/20,2950.0,2970.0,2890.0,2905.0,466800,-1.0,-1.0,-1.0
2018/12/21,2895.0,2900.0,2760.0,2800.0,972400,-1.0,-1.0,-1.0
2018/12/25,2750.0,2755.0,2655.0,2680.0,417200,-1.0,-1.0,-1.0
2018/12/26,2695.0,2730.0,2645.0,2690.0,473400,-1.0,-1.0,-1.0
2018/12/27,2760.0,2845.0,2760.0,2830.0,507000,-1.0,-1.0,-1.0
2018/12/28,2855.0,2855.0,2775.0,2795.0,343200,-1.0,-1.0,-1.0
2019/01/04,2745.0,2810.0,2730.0,2805.0,675400,-1.0,-1.0,-1.0
2019/01/07,2880.0,2895.0,2825.0,2850.0,430800,-1.0,-1.0,-1.0
2019/01/08,2850.0,2895.0,2840.0,2855.0,471200,-1.0,-1.0,-1.0
2019/01/09,2895.0,2945.0,2890.0,2915.0,552200,-1.0,-1.0,-1.0
2019/01/10,2920.0,2945.0,2875.0,2900.0,512600,-1.0,-1.0,-1.0
2019/01/11,2925.0,2945.0,2895.0,2905.0,534200,-1.0,-1.0,-1.0
2019/01/15,2875.0,2910.0,2850.0,2880.0,338800,-1.0,-1.0,-1.0
2019/01/16,2950.0,2955.0,2860.0,2880.0,442600,-1.0,-1.0,-1.0
2019/01/17,2900.0,2985.0,2895.0,2975.0,619600,-1.0,-1.0,-1.0
2019/01/18,3015.0,3025.0,2900.0,2900.0,533200,-1.0,-1.0,-1.0
2019/01/21,2905.0,2945.0,2895.0,2905.0,302200,-1.0,-1.0,-1.0
2019/01/22,2915.0,2925.0,2875.0,2900.0,353600,-1.0,-1.0,-1.0
2019/01/23,2905.0,2920.0,2880.0,2895.0,583800,-1.0,-1.0,-1.0
2019/01/24,2925.0,2940.0,2890.0,2920.0,510800,-1.0,-1.0,-1.0
2019/01/25,2905.0,2905.0,2870.0,2890.0,458800,-1.0,-1.0,-1.0
2019/01/28,2855.0,2905.0,2850.0,2870.0,305600,-1.0,-1.0,-1.0
2019/01/29,2850.0,2885.0,2835.0,2880.0,366600,-1.0,-1.0,-1.0
2019/01/30,2880.0,2880.0,2845.0,2865.0,490600,-1.0,-1.0,-1.0
2019/01/31,2900.0,2900.0,2850.0,2850.0,658200,-1.0,-1.0,-1.0
2019/02/01,2855.0,2885.0,2835.0,2875.0,505600,-1.0,-1.0,-1.0
2019/02/04,2885.0,2930.0,2865.0,2900.0,450600,-1.0,-1.0,-1.0
2019/02/05,2890.0,2900.0,2840.0,2850.0,493600,-1.0,-1.0,-1.0
2019/02/06,2850.0,2885.0,2835.0,2850.0,469000,-1.0,-1.0,-1.0
2019/02/07,2830.0,2830.0,2770.0,2790.0,420800,-1.0,-1.0,-1.0
2019/02/08,2765.0,2825.0,2750.0,2815.0,460400,-1.0,-1.0,-1.0
2019/02/12,2825.0,2930.0,2810.0,2915.0,735400,-1.0,-1.0,-1.0
2019/02/13,2880.0,2885.0,2845.0,2850.0,592400,-1.0,-1.0,-1.0
2019/02/14,2860.0,2930.0,2850.0,2920.0,542600,-1.0,-1.0,-1.0
2019/02/15,2925.0,2940.0,2895.0,2935.0,420000,-1.0,-1.0,-1.0
2019/02/18,2950.0,2975.0,2945.0,2950.0,358000,-1.0,-1.0,-1.0
2019/02/19,2955.0,3000.0,2940.0,2990.0,408000,-1.0,-1.0,-1.0
2019/02/20,2990.0,3025.0,2980.0,3005.0,584600,-1.0,-1.0,-1.0
2019/02/21,2990.0,3015.0,2960.0,2995.0,509600,-1.0,-1.0,-1.0
2019/02/22,2990.0,2995.0,2935.0,2940.0,371800,-1.0,-1.0,-1.0
2019/02/25,2955.0,2985.0,2950.0,2965.0,344400,-1.0,-1.0,-1.0
2019/02/26,2950.0,2995.0,2925.0,2990.0,647000,-1.0,-1.0,-1.0
2019/02/27,3010.0,3065.0,2985.0,3060.0,688600,-1.0,-1.0,-1.0
2019/02/28,3050.0,3070.0,3030.0,3050.0,554600,-1.0,-1.0,-1.0
2019/03/01,3050.0,3075.0,3040.0,3055.0,405000,-1.0,-1.0,-1.0
2019/03/04,3080.0,3080.0,3015.0,3050.0,471200,-1.0,-1.0,-1.0
2019/03/05,3050.0,3065.0,3040.0,3055.0,405600,-1.0,-1.0,-1.0
2019/03/06,3050.0,3055.0,3035.0,3045.0,310000,-1.0,-1.0,-1.0
2019/03/07,3050.0,3060.0,3005.0,3025.0,502400,-1.0,-1.0,-1.0
2019/03/08,2985.0,3030.0,2985.0,3015.0,545800,-1.0,-1.0,-1.0
2019/03/11,3040.0,3075.0,3035.0,3065.0,435600,-1.0,-1.0,-1.0
2019/03/12,3215.0,3225.0,3170.0,3200.0,914600,-1.0,-1.0,-1.0
2019/03/13,3215.0,3230.0,3180.0,3200.0,558800,-1.0,-1.0,-1.0
2019/03/14,3195.0,3200.0,3155.0,3180.0,590000,-1.0,-1.0,-1.0
2019/03/15,3200.0,3235.0,3190.0,3225.0,858000,-1.0,-1.0,-1.0
2019/03/18,3235.0,3245.0,3195.0,3235.0,550000,-1.0,-1.0,-1.0
2019/03/19,3235.0,3240.0,3165.0,3165.0,670000,-1.0,-1.0,-1.0
2019/03/20,3190.0,3210.0,3175.0,3205.0,632400,-1.0,-1.0,-1.0
2019/03/22,3190.0,3195.0,3150.0,3155.0,901400,-1.0,-1.0,-1.0
2019/03/25,3145.0,3145.0,3070.0,3075.0,435800,-1.0,-1.0,-1.0
2019/03/26,3125.0,3190.0,3125.0,3170.0,899800,-1.0,-1.0,-1.0
2019/03/27,3200.0,3225.0,3190.0,3205.0,562600,-1.0,-1.0,-1.0
2019/03/28,3160.0,3160.0,3125.0,3135.0,486400,-1.0,-1.0,-1.0
2019/03/29,3170.0,3205.0,3160.0,3205.0,624000,-1.0,-1.0,-1.0
2019/04/01,3225.0,3255.0,3215.0,3220.0,504000,-1.0,-1.0,-1.0
2019/04/02,3245.0,3245.0,3190.0,3200.0,411800,-1.0,-1.0,-1.0
2019/04/03,3205.0,3215.0,3155.0,3210.0,343800,-1.0,-1.0,-1.0
2019/04/04,3205.0,3210.0,3175.0,3200.0,304800,-1.0,-1.0,-1.0
2019/04/05,3195.0,3200.0,3170.0,3180.0,263600,-1.0,-1.0,-1.0
2019/04/08,3185.0,3200.0,3140.0,3195.0,192200,-1.0,-1.0,-1.0
2019/04/09,3215.0,3225.0,3180.0,3200.0,271400,-1.0,-1.0,-1.0
2019/04/10,3165.0,3205.0,3155.0,3190.0,299800,-1.0,-1.0,-1.0
2019/04/11,3205.0,3240.0,3200.0,3235.0,345200,-1.0,-1.0,-1.0
2019/04/12,3255.0,3270.0,3205.0,3215.0,366000,-1.0,-1.0,-1.0
2019/04/15,3300.0,3305.0,3270.0,3275.0,428600,-1.0,-1.0,-1.0
2019/04/16,3305.0,3305.0,3265.0,3270.0,444800,-1.0,-1.0,-1.0
2019/04/17,3255.0,3265.0,3215.0,3250.0,452200,-1.0,-1.0,-1.0
2019/04/18,3225.0,3230.0,3155.0,3160.0,380600,-1.0,-1.0,-1.0
2019/04/19,3195.0,3200.0,3140.0,3155.0,214200,-1.0,-1.0,-1.0
2019/04/22,3125.0,3150.0,3105.0,3145.0,216600,-1.0,-1.0,-1.0
2019/04/23,3135.0,3190.0,3120.0,3165.0,458200,-1.0,-1.0,-1.0
2019/04/24,3165.0,3195.0,3140.0,3145.0,446400,-1.0,-1.0,-1.0
2019/04/25,3160.0,3205.0,3155.0,3170.0,371800,-1.0,-1.0,-1.0
2019/04/26,3170.0,3230.0,3160.0,3200.0,488200,-1.0,-1.0,-1.0
2019/05/07,3230.0,3290.0,3205.0,3240.0,678600,-1.0,-1.0,-1.0
2019/05/08,3190.0,3215.0,3175.0,3205.0,408800,-1.0,-1.0,-1.0
2019/05/09,3170.0,3245.0,3165.0,3225.0,674400,-1.0,-1.0,-1.0
2019/05/10,3255.0,3350.0,3255.0,3285.0,603400,-1.0,-1.0,-1.0
2019/05/13,3320.0,3350.0,3260.0,3295.0,483400,-1.0,-1.0,-1.0
2019/05/14,3250.0,3335.0,3165.0,3330.0,616400,-1.0,-1.0,-1.0
2019/05/15,3290.0,3295.0,3205.0,3205.0,491000,-1.0,-1.0,-1.0
2019/05/16,3190.0,3325.0,3185.0,3245.0,728200,-1.0,-1.0,-1.0
2019/05/17,3250.0,3320.0,3235.0,3315.0,300000,-1.0,-1.0,-1.0
2019/05/20,3255.0,3355.0,3255.0,3345.0,284000,-1.0,-1.0,-1.0
2019/05/21,3340.0,3375.0,3330.0,3335.0,516200,-1.0,-1.0,-1.0
2019/05/22,3360.0,3380.0,3340.0,3375.0,332000,-1.0,-1.0,-1.0
2019/05/23,3365.0,3400.0,3345.0,3395.0,353000,-1.0,-1.0,-1.0
2019/05/24,3400.0,3445.0,3370.0,3430.0,354800,-1.0,-1.0,-1.0
2019/05/27,3450.0,3455.0,3430.0,3440.0,192400,-1.0,-1.0,-1.0
2019/05/28,3465.0,3520.0,3465.0,3495.0,753000,-1.0,-1.0,-1.0
2019/05/29,3395.0,3455.0,3385.0,3395.0,387400,-1.0,-1.0,-1.0
2019/05/30,3370.0,3375.0,3310.0,3325.0,383600,-1.0,-1.0,-1.0
2019/05/31,3345.0,3380.0,3335.0,3345.0,445600,-1.0,-1.0,-1.0
2019/06/03,3305.0,3365.0,3300.0,3365.0,287200,-1.0,-1.0,-1.0
2019/06/04,3340.0,3350.0,3270.0,3305.0,463800,-1.0,-1.0,-1.0
2019/06/05,3350.0,3380.0,3335.0,3380.0,380000,-1.0,-1.0,-1.0
2019/06/06,3340.0,3405.0,3320.0,3385.0,265000,-1.0,-1.0,-1.0
2019/06/07,3365.0,3420.0,3345.0,3420.0,298800,-1.0,-1.0,-1.0
2019/06/10,3465.0,3485.0,3425.0,3470.0,322200,-1.0,-1.0,-1.0
2019/06/11,3465.0,3475.0,3400.0,3415.0,294600,-1.0,-1.0,-1.0
2019/06/12,3410.0,3465.0,3395.0,3435.0,386000,-1.0,-1.0,-1.0
2019/06/13,3385.0,3405.0,3360.0,3395.0,352000,-1.0,-1.0,-1.0
2019/06/14,3390.0,3390.0,3345.0,3350.0,462400,-1.0,-1.0,-1.0
2019/06/17,3335.0,3340.0,3270.0,3275.0,456200,-1.0,-1.0,-1.0
2019/06/18,3290.0,3315.0,3265.0,3275.0,351800,-1.0,-1.0,-1.0
2019/06/19,3355.0,3385.0,3305.0,3375.0,544600,-1.0,-1.0,-1.0
2019/06/20,3390.0,3450.0,3380.0,3390.0,433600,-1.0,-1.0,-1.0
2019/06/21,3360.0,3365.0,3155.0,3195.0,958400,-1.0,-1.0,-1.0
2019/06/24,3145.0,3190.0,3140.0,3180.0,397800,-1.0,-1.0,-1.0
2019/06/25,3215.0,3260.0,3210.0,3225.0,379600,-1.0,-1.0,-1.0
2019/06/26,3205.0,3215.0,3150.0,3155.0,377600,-1.0,-1.0,-1.0
2019/06/27,3125.0,3160.0,3120.0,3160.0,331600,-1.0,-1.0,-1.0
2019/06/28,3150.0,3175.0,3140.0,3160.0,450200,-1.0,-1.0,-1.0
2019/07/01,3210.0,3245.0,3185.0,3240.0,274400,-1.0,-1.0,-1.0
2019/07/02,3230.0,3285.0,3225.0,3270.0,341600,-1.0,-1.0,-1.0
2019/07/03,3315.0,3330.0,3265.0,3295.0,363600,-1.0,-1.0,-1.0
2019/07/04,3355.0,3360.0,3285.0,3315.0,249600,-1.0,-1.0,-1.0
2019/07/05,3330.0,3330.0,3265.0,3290.0,238400,-1.0,-1.0,-1.0
2019/07/08,3270.0,3270.0,3205.0,3215.0,211600,-1.0,-1.0,-1.0
2019/07/09,3235.0,3260.0,3200.0,3210.0,356800,-1.0,-1.0,-1.0
2019/07/10,3110.0,3145.0,3070.0,3130.0,723200,-1.0,-1.0,-1.0
2019/07/11,3200.0,3210.0,3160.0,3175.0,456600,-1.0,-1.0,-1.0
2019/07/12,3185.0,3195.0,3150.0,3185.0,260000,-1.0,-1.0,-1.0
2019/07/16,3235.0,3250.0,3205.0,3230.0,449200,-1.0,-1.0,-1.0
2019/07/17,3200.0,3215.0,3165.0,3200.0,310000,-1.0,-1.0,-1.0
2019/07/18,3155.0,3180.0,3090.0,3100.0,449600,-1.0,-1.0,-1.0
2019/07/19,3100.0,3140.0,3080.0,3130.0,366200,-1.0,-1.0,-1.0
2019/07/22,3095.0,3120.0,3080.0,3095.0,241400,-1.0,-1.0,-1.0
2019/07/23,3070.0,3115.0,3050.0,3100.0,271800,-1.0,-1.0,-1.0
2019/07/24,3080.0,3085.0,3040.0,3075.0,378000,-1.0,-1.0,-1.0
2019/07/25,3050.0,3060.0,3035.0,3035.0,293600,-1.0,-1.0,-1.0
2019/07/26,2955.0,3020.0,2955.0,3000.0,407600,-1.0,-1.0,-1.0
2019/07/29,2995.0,3015.0,2990.0,3000.0,233600,-1.0,-1.0,-1.0
2019/07/30,3050.0,3075.0,3040.0,3070.0,416000,-1.0,-1.0,-1.0
2019/07/31,2985.0,3030.0,2965.0,3015.0,625400,-1.0,-1.0,-1.0
2019/08/01,2990.0,3045.0,2985.0,3045.0,299800,-1.0,-1.0,-1.0
2019/08/02,2995.0,3055.0,2985.0,3005.0,465000,-1.0,-1.0,-1.0
2019/08/05,2955.0,3055.0,2900.0,2950.0,648600,-1.0,-1.0,-1.0
2019/08/06,2865.0,2985.0,2835.0,2970.0,612000,-1.0,-1.0,-1.0
2019/08/07,2970.0,3000.0,2920.0,2925.0,467200,-1.0,-1.0,-1.0
2019/08/08,2910.0,2920.0,2865.0,2910.0,452800,-1.0,-1.0,-1.0
2019/08/09,2945.0,2955.0,2890.0,2900.0,307400,-1.0,-1.0,-1.0
2019/08/13,2935.0,2940.0,2860.0,2895.0,462600,-1.0,-1.0,-1.0
2019/08/14,2910.0,2915.0,2855.0,2890.0,339800,-1.0,-1.0,-1.0
2019/08/15,2790.0,2855.0,2790.0,2850.0,449800,-1.0,-1.0,-1.0
2019/08/16,2855.0,2880.0,2850.0,2875.0,371400,-1.0,-1.0,-1.0
2019/08/19,2875.0,2875.0,2855.0,2875.0,187800,-1.0,-1.0,-1.0
2019/08/20,2880.0,2915.0,2865.0,2915.0,260400,-1.0,-1.0,-1.0
2019/08/21,2870.0,2890.0,2865.0,2885.0,272800,-1.0,-1.0,-1.0
2019/08/22,2885.0,2885.0,2830.0,2865.0,337800,-1.0,-1.0,-1.0
2019/08/23,2865.0,2870.0,2820.0,2840.0,243000,-1.0,-1.0,-1.0
2019/08/26,2750.0,2790.0,2750.0,2785.0,386000,-1.0,-1.0,-1.0
2019/08/27,2805.0,2845.0,2775.0,2790.0,601800,-1.0,-1.0,-1.0
2019/08/28,2785.0,2805.0,2775.0,2780.0,351000,-1.0,-1.0,-1.0
2019/08/29,2825.0,2835.0,2775.0,2810.0,342200,-1.0,-1.0,-1.0
2019/08/30,2860.0,2870.0,2835.0,2855.0,408000,-1.0,-1.0,-1.0
2019/09/02,2850.0,2860.0,2795.0,2815.0,210800,-1.0,-1.0,-1.0
2019/09/03,2820.0,2845.0,2800.0,2820.0,346000,-1.0,-1.0,-1.0
2019/09/04,2805.0,2845.0,2805.0,2830.0,312200,-1.0,-1.0,-1.0
2019/09/05,2850.0,2885.0,2825.0,2870.0,475600,-1.0,-1.0,-1.0
2019/09/06,2875.0,2880.0,2820.0,2835.0,252000,-1.0,-1.0,-1.0
2019/09/09,2825.0,2860.0,2825.0,2855.0,312600,-1.0,-1.0,-1.0
2019/09/10,2895.0,2905.0,2830.0,2850.0,420800,-1.0,-1.0,-1.0
2019/09/11,2845.0,2905.0,2810.0,2885.0,735400,-1.0,-1.0,-1.0
2019/09/12,2890.0,2915.0,2875.0,2905.0,478200,-1.0,-1.0,-1.0
2019/09/13,2905.0,2950.0,2880.0,2940.0,579000,-1.0,-1.0,-1.0
2019/09/17,2995.0,2995.0,2925.0,2950.0,491200,-1.0,-1.0,-1.0
2019/09/18,2980.0,2980.0,2940.0,2950.0,504600,-1.0,-1.0,-1.0
2019/09/19,2965.0,3000.0,2960.0,2980.0,508000,-1.0,-1.0,-1.0
2019/09/20,2995.0,2995.0,2915.0,2935.0,632000,-1.0,-1.0,-1.0
2019/09/24,2945.0,2995.0,2940.0,2970.0,400400,-1.0,-1.0,-1.0
2019/09/25,2970.0,3000.0,2965.0,2990.0,311800,-1.0,-1.0,-1.0
2019/09/26,2990.0,3015.0,2960.0,2965.0,493000,-1.0,-1.0,-1.0
2019/09/27,2960.0,2970.0,2895.0,2940.0,413600,-1.0,-1.0,-1.0
2019/09/30,2915.0,2945.0,2895.0,2900.0,437800,-1.0,-1.0,-1.0
2019/10/01,2925.0,2980.0,2920.0,2970.0,350800,-1.0,-1.0,-1.0
2019/10/02,2955.0,2975.0,2930.0,2935.0,312000,-1.0,-1.0,-1.0
2019/10/03,2855.0,2865.0,2785.0,2810.0,399200,-1.0,-1.0,-1.0
2019/10/04,2800.0,2825.0,2745.0,2825.0,310600,-1.0,-1.0,-1.0
2019/10/07,2810.0,2840.0,2800.0,2840.0,242800,-1.0,-1.0,-1.0
2019/10/08,2865.0,2870.0,2830.0,2865.0,281800,-1.0,-1.0,-1.0
2019/10/09,2815.0,2880.0,2800.0,2880.0,376000,-1.0,-1.0,-1.0
2019/10/10,2870.0,2875.0,2835.0,2870.0,397600,-1.0,-1.0,-1.0
2019/10/11,2915.0,2920.0,2890.0,2905.0,373000,-1.0,-1.0,-1.0
2019/10/15,2975.0,2980.0,2940.0,2950.0,385200,-1.0,-1.0,-1.0
2019/10/16,3000.0,3020.0,2935.0,2945.0,572200,-1.0,-1.0,-1.0
2019/10/17,2950.0,2950.0,2915.0,2930.0,292000,-1.0,-1.0,-1.0
2019/10/18,2935.0,2945.0,2890.0,2890.0,339400,-1.0,-1.0,-1.0
2019/10/21,2895.0,2915.0,2860.0,2865.0,304000,-1.0,-1.0,-1.0
2019/10/23,2865.0,2950.0,2860.0,2940.0,463600,-1.0,-1.0,-1.0
2019/10/24,2930.0,2930.0,2875.0,2900.0,283200,-1.0,-1.0,-1.0
2019/10/25,2910.0,3025.0,2905.0,2970.0,646600,-1.0,-1.0,-1.0
2019/10/28,2990.0,2990.0,2900.0,2920.0,395600,-1.0,-1.0,-1.0
2019/10/29,2965.0,2980.0,2940.0,2950.0,333600,-1.0,-1.0,-1.0
2019/10/30,2935.0,2975.0,2930.0,2970.0,822800,-1.0,-1.0,-1.0
2019/10/31,2920.0,2925.0,2880.0,2900.0,491800,-1.0,-1.0,-1.0
2019/11/01,2890.0,2895.0,2810.0,2810.0,437200,-1.0,-1.0,-1.0
2019/11/05,2860.0,2915.0,2845.0,2880.0,498800,-1.0,-1.0,-1.0
2019/11/06,2920.0,3010.0,2875.0,2960.0,623800,-1.0,-1.0,-1.0
2019/11/07,2955.0,2995.0,2810.0,2825.0,798600,-1.0,-1.0,-1.0
2019/11/08,2845.0,2845.0,2735.0,2765.0,658200,-1.0,-1.0,-1.0
2019/11/11,2795.0,2805.0,2755.0,2770.0,396800,-1.0,-1.0,-1.0
2019/11/12,2765.0,2785.0,2730.0,2750.0,506200,-1.0,-1.0,-1.0
2019/11/13,2765.0,2770.0,2680.0,2695.0,429200,-1.0,-1.0,-1.0
2019/11/14,2620.0,2665.0,2595.0,2605.0,688400,-1.0,-1.0,-1.0
2019/11/15,2610.0,2635.0,2585.0,2595.0,488400,-1.0,-1.0,-1.0
2019/11/18,2600.0,2610.0,2550.0,2570.0,454600,-1.0,-1.0,-1.0
2019/11/19,2545.0,2575.0,2540.0,2565.0,549600,-1.0,-1.0,-1.0
2019/11/20,2555.0,2560.0,2540.0,2550.0,456000,-1.0,-1.0,-1.0
2019/11/21,2525.0,2540.0,2477.5,2500.0,765600,-1.0,-1.0,-1.0
2019/11/22,2515.0,2560.0,2505.0,2550.0,688600,-1.0,-1.0,-1.0
2019/11/25,2570.0,2605.0,2565.0,2600.0,339000,-1.0,-1.0,-1.0
2019/11/26,2600.0,2605.0,2570.0,2585.0,904400,-1.0,-1.0,-1.0
2019/11/27,2600.0,2600.0,2490.0,2495.0,1007800,-1.0,-1.0,-1.0
2019/11/28,2490.0,2500.0,2472.5,2480.0,717000,-1.0,-1.0,-1.0
2019/11/29,2475.0,2480.0,2392.5,2392.5,856000,-1.0,-1.0,-1.0
2019/12/02,2407.5,2472.5,2400.0,2445.0,522800,-1.0,-1.0,-1.0
2019/12/03,2392.5,2492.5,2380.0,2467.5,1019600,-1.0,-1.0,-1.0
2019/12/04,2450.0,2457.5,2415.0,2440.0,563800,-1.0,-1.0,-1.0
2019/12/05,2442.5,2452.5,2425.0,2442.5,405000,-1.0,-1.0,-1.0
2019/12/06,2432.5,2445.0,2407.5,2412.5,344600,-1.0,-1.0,-1.0
2019/12/09,2430.0,2437.5,2412.5,2432.5,290400,-1.0,-1.0,-1.0
2019/12/10,2405.0,2412.5,2385.0,2392.5,549000,-1.0,-1.0,-1.0
2019/12/11,2370.0,2385.0,2355.0,2377.5,660800,-1.0,-1.0,-1.0
2019/12/12,2370.0,2370.0,2317.5,2325.0,771400,-1.0,-1.0,-1.0
2019/12/13,2352.5,2360.0,2312.5,2320.0,869400,-1.0,-1.0,-1.0
2019/12/16,2335.0,2335.0,2297.5,2302.5,639600,-1.0,-1.0,-1.0
2019/12/17,2302.5,2325.0,2285.0,2305.0,1143000,-1.0,-1.0,-1.0
2019/12/18,2275.0,2277.5,2255.0,2265.0,887000,-1.0,-1.0,-1.0
2019/12/19,2255.0,2297.5,2252.5,2267.5,691400,-1.0,-1.0,-1.0
2019/12/20,2287.5,2292.5,2260.0,2265.0,593800,-1.0,-1.0,-1.0
2019/12/23,2265.0,2272.5,2260.0,2267.5,195600,-1.0,-1.0,-1.0
2019/12/24,2275.0,2287.5,2275.0,2282.5,306200,-1.0,-1.0,-1.0
2019/12/25,2272.5,2280.0,2247.5,2250.0,270400,-1.0,-1.0,-1.0
2019/12/26,2257.5,2282.5,2257.5,2272.5,425400,-1.0,-1.0,-1.0
2019/12/27,2285.0,2287.5,2262.5,2270.0,214600,-1.0,-1.0,-1.0
2019/12/30,2245.0,2255.0,2230.0,2232.5,369400,-1.0,-1.0,-1.0
2020/01/06,2205.0,2207.5,2162.5,2167.5,501600,-1.0,-1.0,-1.0
2020/01/07,2192.5,2242.5,2192.5,2215.0,531000,-1.0,-1.0,-1.0
2020/01/08,2180.0,2227.5,2167.5,2200.0,673800,-1.0,-1.0,-1.0
2020/01/09,2222.5,2240.0,2205.0,2220.0,597400,-1.0,-1.0,-1.0
2020/01/10,2205.0,2240.0,2205.0,2235.0,527200,-1.0,-1.0,-1.0
2020/01/14,2240.0,2260.0,2207.5,2225.0,753600,-1.0,-1.0,-1.0
2020/01/15,2225.0,2247.5,2205.0,2240.0,785200,-1.0,-1.0,-1.0
2020/01/16,2240.0,2240.0,2207.5,2215.0,602400,-1.0,-1.0,-1.0
2020/01/17,2235.0,2235.0,2210.0,2215.0,378800,-1.0,-1.0,-1.0
2020/01/20,2187.5,2220.0,2182.5,2210.0,308800,-1.0,-1.0,-1.0
2020/01/21,2197.5,2200.0,2175.0,2187.5,377600,-1.0,-1.0,-1.0
2020/01/22,2172.5,2187.5,2165.0,2180.0,575800,-1.0,-1.0,-1.0
2020/01/23,2182.5,2197.5,2167.5,2185.0,531200,-1.0,-1.0,-1.0
2020/01/24,2177.5,2177.5,2142.5,2152.5,493800,-1.0,-1.0,-1.0
2020/01/27,2120.0,2147.5,2115.0,2137.5,420000,-1.0,-1.0,-1.0
2020/01/28,2130.0,2145.0,2115.0,2117.5,499000,-1.0,-1.0,-1.0
2020/01/29,2120.0,2132.5,2105.0,2122.5,572400,-1.0,-1.0,-1.0
2020/01/30,2127.5,2155.0,2112.5,2117.5,575400,-1.0,-1.0,-1.0
2020/01/31,2117.5,2137.5,2112.5,2117.5,596000,-1.0,-1.0,-1.0
2020/02/03,2095.0,2122.5,2092.5,2100.0,576000,-1.0,-1.0,-1.0
2020/02/04,2085.0,2115.0,2065.0,2110.0,564800,-1.0,-1.0,-1.0
2020/02/05,2150.0,2190.0,2140.0,2150.0,1080200,-1.0,-1.0,-1.0
2020/02/06,2202.5,2260.0,2187.5,2245.0,1171400,-1.0,-1.0,-1.0
2020/02/07,2245.0,2277.5,2227.5,2242.5,723800,-1.0,-1.0,-1.0
2020/02/10,2227.5,2227.5,2190.0,2200.0,462200,-1.0,-1.0,-1.0
2020/02/12,2172.5,2172.5,2047.5,2050.0,1476800,-1.0,-1.0,-1.0
2020/02/13,2042.5,2052.5,2007.5,2037.5,909600,-1.0,-1.0,-1.0
2020/02/14,2027.5,2055.0,2025.0,2042.5,497400,-1.0,-1.0,-1.0
2020/02/17,2020.0,2025.0,2000.0,2015.0,301200,-1.0,-1.0,-1.0
2020/02/18,2005.0,2020.0,2002.5,2015.0,434000,-1.0,-1.0,-1.0
2020/02/19,2037.5,2057.5,2015.0,2015.0,476400,-1.0,-1.0,-1.0
2020/02/20,2035.0,2040.0,1997.5,2002.5,789400,-1.0,-1.0,-1.0
2020/02/21,1990.0,2017.5,1970.0,1972.5,576000,-1.0,-1.0,-1.0
2020/02/25,1887.5,1905.0,1872.5,1882.5,700200,-1.0,-1.0,-1.0
2020/02/26,1855.0,1905.0,1852.5,1897.5,677800,-1.0,-1.0,-1.0
2020/02/27,1885.0,1902.5,1862.5,1862.5,762200,-1.0,-1.0,-1.0
2020/02/28,1805.0,1822.5,1767.5,1787.5,1261200,-1.0,-1.0,-1.0
2020/03/02,1782.5,1850.0,1780.0,1827.5,929400,-1.0,-1.0,-1.0
2020/03/03,1830.0,1832.5,1775.0,1787.5,1037600,-1.0,-1.0,-1.0
2020/03/04,1750.0,1800.0,1742.5,1780.0,657800,-1.0,-1.0,-1.0
2020/03/05,1827.5,1827.5,1787.5,1800.0,588600,-1.0,-1.0,-1.0
2020/03/06,1780.0,1817.5,1777.5,1792.5,901600,-1.0,-1.0,-1.0
2020/03/09,1757.5,1780.0,1735.0,1755.0,1155600,-1.0,-1.0,-1.0
2020/03/10,1742.5,1792.5,1692.5,1777.5,1829200,-1.0,-1.0,-1.0
2020/03/11,1882.5,1882.5,1810.0,1815.0,1576600,-1.0,-1.0,-1.0
2020/03/12,1780.0,1805.0,1732.5,1765.0,1402400,-1.0,-1.0,-1.0
2020/03/13,1660.0,1675.0,1587.5,1632.5,1257000,-1.0,-1.0,-1.0
2020/03/16,1667.5,1722.5,1657.5,1670.0,1068600,-1.0,-1.0,-1.0
2020/03/17,1640.0,1730.0,1595.0,1715.0,1508000,-1.0,-1.0,-1.0
2020/03/18,1740.0,1785.0,1712.5,1737.5,1605600,-1.0,-1.0,-1.0
2020/03/19,1805.0,1832.5,1747.5,1777.5,2106400,-1.0,-1.0,-1.0
2020/03/23,1777.5,1832.5,1757.5,1810.0,1536600,-1.0,-1.0,-1.0
2020/03/24,1835.0,1835.0,1762.5,1787.5,1101000,-1.0,-1.0,-1.0
2020/03/25,1847.5,1917.5,1832.5,1900.0,730200,-1.0,-1.0,-1.0
2020/03/26,1890.0,1950.0,1842.5,1922.5,855400,-1.0,-1.0,-1.0
2020/03/27,2017.5,2080.0,2002.5,2080.0,1053000,-1.0,-1.0,-1.0
2020/03/30,2095.0,2182.5,2072.5,2175.0,1053600,-1.0,-1.0,-1.0
2020/03/31,2165.0,2165.0,1960.0,1967.5,1364800,-1.0,-1.0,-1.0
2020/04/01,1970.0,1980.0,1877.5,1892.5,733600,-1.0,-1.0,-1.0
2020/04/02,1857.5,1905.0,1835.0,1835.0,741600,-1.0,-1.0,-1.0
2020/04/03,1815.0,1887.5,1810.0,1830.0,597200,-1.0,-1.0,-1.0
2020/04/06,1857.5,1945.0,1840.0,1932.5,807000,-1.0,-1.0,-1.0
2020/04/07,2000.0,2025.0,1937.5,1982.5,946800,-1.0,-1.0,-1.0
2020/04/08,2065.0,2115.0,2032.5,2065.0,1026800,-1.0,-1.0,-1.0
2020/04/09,2047.5,2072.5,1997.5,2040.0,569800,-1.0,-1.0,-1.0
2020/04/10,2035.0,2087.5,2007.5,2080.0,396600,-1.0,-1.0,-1.0
2020/04/13,2060.0,2092.5,2057.5,2072.5,362400,-1.0,-1.0,-1.0
2020/04/14,2065.0,2095.0,2050.0,2092.5,558600,-1.0,-1.0,-1.0
2020/04/15,2075.0,2085.0,2047.5,2062.5,557400,-1.0,-1.0,-1.0
2020/04/16,2060.0,2070.0,2025.0,2055.0,606000,-1.0,-1.0,-1.0
2020/04/17,2085.0,2090.0,2020.0,2037.5,489000,-1.0,-1.0,-1.0
2020/04/20,2012.5,2035.0,1982.5,1987.5,413000,-1.0,-1.0,-1.0
2020/04/21,1972.5,1997.5,1945.0,1985.0,528600,-1.0,-1.0,-1.0
2020/04/22,1972.5,1990.0,1962.5,1965.0,431400,-1.0,-1.0,-1.0
2020/04/23,1985.0,1997.5,1970.0,1985.0,506600,-1.0,-1.0,-1.0
2020/04/24,1985.0,1995.0,1962.5,1980.0,825800,-1.0,-1.0,-1.0
2020/04/27,1990.0,1992.5,1962.5,1972.5,370800,-1.0,-1.0,-1.0
2020/04/28,1967.5,2022.5,1932.5,1990.0,1039800,-1.0,-1.0,-1.0
2020/04/30,2027.5,2097.5,2005.0,2080.0,1264200,-1.0,-1.0,-1.0
2020/05/01,2052.5,2065.0,1992.5,2030.0,636600,-1.0,-1.0,-1.0
2020/05/07,2022.5,2042.5,2010.0,2017.5,583600,-1.0,-1.0,-1.0
2020/05/08,2052.5,2060.0,2025.0,2047.5,414600,-1.0,-1.0,-1.0
2020/05/11,2045.0,2050.0,1987.5,1987.5,482000,-1.0,-1.0,-1.0
2020/05/12,1865.0,1930.0,1857.5,1860.0,1154600,-1.0,-1.0,-1.0
2020/05/13,1832.5,1875.0,1832.5,1865.0,660000,-1.0,-1.0,-1.0
2020/05/14,1862.5,1877.5,1807.5,1807.5,660600,-1.0,-1.0,-1.0
2020/05/15,1830.0,1850.0,1797.5,1835.0,578000,-1.0,-1.0,-1.0
2020/05/18,1847.5,1875.0,1840.0,1857.5,492600,-1.0,-1.0,-1.0
2020/05/19,1875.0,1875.0,1847.5,1862.5,378200,-1.0,-1.0,-1.0
2020/05/20,1825.0,1872.5,1825.0,1870.0,538000,-1.0,-1.0,-1.0
2020/05/21,1857.5,1872.5,1835.0,1857.5,418000,-1.0,-1.0,-1.0
2020/05/22,1850.0,1862.5,1817.5,1817.5,397800,-1.0,-1.0,-1.0
2020/05/25,1822.5,1850.0,1815.0,1842.5,373400,-1.0,-1.0,-1.0
2020/05/26,1827.5,1847.5,1807.5,1835.0,753600,-1.0,-1.0,-1.0
2020/05/27,1827.5,1900.0,1827.5,1892.5,809400,-1.0,-1.0,-1.0
2020/05/28,1910.0,1942.5,1900.0,1927.5,725800,-1.0,-1.0,-1.0
2020/05/29,1947.5,1980.0,1927.5,1957.5,1479600,-1.0,-1.0,-1.0
2020/06/01,1982.5,2000.0,1975.0,1982.5,510400,-1.0,-1.0,-1.0
2020/06/02,1957.5,1972.5,1937.5,1952.5,736200,-1.0,-1.0,-1.0
2020/06/03,1982.5,2010.0,1977.5,1992.5,500200,-1.0,-1.0,-1.0
2020/06/04,1992.5,2010.0,1977.5,2007.5,561600,-1.0,-1.0,-1.0
2020/06/05,2012.5,2020.0,2000.0,2015.0,444000,-1.0,-1.0,-1.0
2020/06/08,2032.5,2032.5,2010.0,2025.0,516800,-1.0,-1.0,-1.0
2020/06/09,2040.0,2040.0,2017.5,2025.0,473200,-1.0,-1.0,-1.0
2020/06/10,2025.0,2032.5,2000.0,2010.0,557800,-1.0,-1.0,-1.0
2020/06/11,2012.5,2072.5,2012.5,2032.5,757600,-1.0,-1.0,-1.0
2020/06/12,2035.0,2055.0,1965.0,2042.5,955000,-1.0,-1.0,-1.0
2020/06/15,2032.5,2042.5,1980.0,1980.0,533800,-1.0,-1.0,-1.0
2020/06/16,2015.0,2065.0,1977.5,2055.0,552800,-1.0,-1.0,-1.0
2020/06/17,2060.0,2065.0,2012.5,2015.0,356000,-1.0,-1.0,-1.0
2020/06/18,2005.0,2007.5,1982.5,2002.5,348200,-1.0,-1.0,-1.0
2020/06/19,2022.5,2022.5,1982.5,2000.0,741600,-1.0,-1.0,-1.0
2020/06/22,1990.0,2012.5,1985.0,2005.0,273000,-1.0,-1.0,-1.0
2020/06/23,2005.0,2020.0,1982.5,2002.5,444600,-1.0,-1.0,-1.0
2020/06/24,1980.0,2002.5,1932.5,1957.5,663000,-1.0,-1.0,-1.0
2020/06/25,1962.5,1975.0,1942.5,1957.5,515600,-1.0,-1.0,-1.0
2020/06/26,2000.0,2032.5,2000.0,2015.0,534200,-1.0,-1.0,-1.0
2020/06/29,2000.0,2010.0,1992.5,1995.0,650400,-1.0,-1.0,-1.0
2020/06/30,2005.0,2032.5,2000.0,2010.0,410000,-1.0,-1.0,-1.0
2020/07/01,2010.0,2017.5,1977.5,1982.5,830400,-1.0,-1.0,-1.0
2020/07/02,1985.0,2007.5,1985.0,1985.0,607400,-1.0,-1.0,-1.0
2020/07/03,1987.5,1992.5,1900.0,1932.5,586200,-1.0,-1.0,-1.0
2020/07/06,1935.0,1957.5,1922.5,1957.5,572000,-1.0,-1.0,-1.0
2020/07/07,1962.5,1962.5,1887.5,1902.5,734600,-1.0,-1.0,-1.0
2020/07/08,1900.0,1927.5,1872.5,1872.5,843800,-1.0,-1.0,-1.0
2020/07/09,1862.5,1875.0,1840.0,1862.5,741400,-1.0,-1.0,-1.0
2020/07/10,1890.0,1920.0,1880.0,1905.0,732800,-1.0,-1.0,-1.0
2020/07/13,1917.5,1957.5,1915.0,1952.5,348800,-1.0,-1.0,-1.0
2020/07/14,1940.0,1945.0,1915.0,1930.0,503200,-1.0,-1.0,-1.0
2020/07/15,1932.5,1942.5,1905.0,1940.0,875400,-1.0,-1.0,-1.0
2020/07/16,1970.0,2012.5,1960.0,1970.0,569800,-1.0,-1.0,-1.0
2020/07/17,1960.0,1982.5,1940.0,1945.0,286000,-1.0,-1.0,-1.0
2020/07/20,1945.0,1960.0,1937.5,1955.0,245200,-1.0,-1.0,-1.0
2020/07/21,1930.0,1930.0,1897.5,1910.0,735200,-1.0,-1.0,-1.0
2020/07/22,1937.5,1960.0,1920.0,1940.0,494600,-1.0,-1.0,-1.0
2020/07/27,1932.5,1940.0,1897.5,1940.0,545200,-1.0,-1.0,-1.0
2020/07/28,1955.0,1957.5,1922.5,1935.0,453400,-1.0,-1.0,-1.0
2020/07/29,1915.0,1940.0,1887.5,1922.5,508000,-1.0,-1.0,-1.0
2020/07/30,1927.5,1930.0,1902.5,1910.0,719800,-1.0,-1.0,-1.0
2020/07/31,1917.5,1940.0,1867.5,1872.5,981600,-1.0,-1.0,-1.0
2020/08/03,1900.0,1925.0,1892.5,1915.0,351200,-1.0,-1.0,-1.0
2020/08/04,1922.5,1955.0,1920.0,1945.0,438400,-1.0,-1.0,-1.0
2020/08/05,1945.0,1955.0,1912.5,1945.0,578800,-1.0,-1.0,-1.0
2020/08/06,1915.0,1937.5,1900.0,1905.0,617600,-1.0,-1.0,-1.0
2020/08/07,1887.5,1900.0,1862.5,1867.5,887400,-1.0,-1.0,-1.0
2020/08/11,1845.0,1925.0,1845.0,1915.0,940200,-1.0,-1.0,-1.0
2020/08/12,1925.0,1965.0,1910.0,1960.0,673200,-1.0,-1.0,-1.0
2020/08/13,1980.0,2015.0,1977.5,2005.0,621400,-1.0,-1.0,-1.0
2020/08/14,1995.0,2000.0,1967.5,1997.5,621200,-1.0,-1.0,-1.0
2020/08/17,1985.0,1990.0,1950.0,1965.0,705400,-1.0,-1.0,-1.0
2020/08/18,1955.0,1967.5,1942.5,1962.5,513600,-1.0,-1.0,-1.0
2020/08/19,1945.0,1965.0,1930.0,1957.5,448400,-1.0,-1.0,-1.0
2020/08/20,1970.0,1982.5,1962.5,1970.0,405800,-1.0,-1.0,-1.0
2020/08/21,1987.5,2005.0,1980.0,1985.0,356000,-1.0,-1.0,-1.0
2020/08/24,1997.5,1997.5,1967.5,1985.0,344800,-1.0,-1.0,-1.0
2020/08/25,2012.5,2017.5,1997.5,2010.0,344200,-1.0,-1.0,-1.0
2020/08/26,1990.0,1995.0,1940.0,1977.5,523600,-1.0,-1.0,-1.0
2020/08/27,2000.0,2007.5,1965.0,1965.0,587400,-1.0,-1.0,-1.0
2020/08/28,1995.0,2032.5,1970.0,1992.5,365000,-1.0,-1.0,-1.0
2020/08/31,2007.5,2015.0,1967.5,1970.0,565000,-1.0,-1.0,-1.0
2020/09/01,1950.0,1962.5,1932.5,1947.5,497200,-1.0,-1.0,-1.0
2020/09/02,1932.5,1952.5,1920.0,1947.5,468400,-1.0,-1.0,-1.0
2020/09/03,1977.5,2005.0,1962.5,1985.0,395800,-1.0,-1.0,-1.0
2020/09/04,1967.5,1980.0,1947.5,1965.0,467800,-1.0,-1.0,-1.0
2020/09/07,1982.5,2015.0,1967.5,2002.5,247600,-1.0,-1.0,-1.0
2020/09/08,2000.0,2022.5,1997.5,2022.5,206600,-1.0,-1.0,-1.0
2020/09/09,2000.0,2022.5,1987.5,2015.0,426200,-1.0,-1.0,-1.0
2020/09/10,2015.0,2050.0,2010.0,2042.5,257400,-1.0,-1.0,-1.0
2020/09/11,2060.0,2070.0,2035.0,2065.0,407400,-1.0,-1.0,-1.0
2020/09/14,2080.0,2117.5,2080.0,2110.0,254200,-1.0,-1.0,-1.0
2020/09/15,2095.0,2097.5,2055.0,2067.5,308200,-1.0,-1.0,-1.0
2020/09/16,2057.5,2057.5,2032.5,2047.5,295400,-1.0,-1.0,-1.0
2020/09/17,2042.5,2072.5,2042.5,2070.0,247800,-1.0,-1.0,-1.0
2020/09/18,2062.5,2100.0,2062.5,2082.5,576600,-1.0,-1.0,-1.0
2020/09/23,2070.0,2092.5,2060.0,2060.0,496800,-1.0,-1.0,-1.0
2020/09/24,2062.5,2095.0,2062.5,2085.0,460800,-1.0,-1.0,-1.0
2020/09/25,2092.5,2115.0,2075.0,2075.0,444600,-1.0,-1.0,-1.0
2020/09/28,2122.5,2150.0,2117.5,2150.0,600600,-1.0,-1.0,-1.0
2020/09/29,2122.5,2122.5,2077.5,2097.5,290400,-1.0,-1.0,-1.0
2020/09/30,2082.5,2087.5,2002.5,2002.5,401600,-1.0,-1.0,-1.0
2020/10/02,1960.0,1990.0,1940.0,1957.5,565800,-1.0,-1.0,-1.0
2020/10/05,1980.0,2020.0,1980.0,1990.0,374800,-1.0,-1.0,-1.0
2020/10/06,2002.5,2030.0,1987.5,2030.0,348400,-1.0,-1.0,-1.0
2020/10/07,2012.5,2017.5,1985.0,1990.0,471600,-1.0,-1.0,-1.0
2020/10/08,2010.0,2025.0,1995.0,2012.5,321400,-1.0,-1.0,-1.0
2020/10/09,2012.5,2015.0,1987.5,2010.0,377600,-1.0,-1.0,-1.0
2020/10/12,1997.5,2010.0,1985.0,1995.0,331200,-1.0,-1.0,-1.0
2020/10/13,1997.5,2000.0,1922.5,1925.0,776400,-1.0,-1.0,-1.0
2020/10/14,1890.0,1892.5,1870.0,1877.5,537400,-1.0,-1.0,-1.0
2020/10/15,1875.0,1880.0,1855.0,1865.0,503600,-1.0,-1.0,-1.0
2020/10/16,1870.0,1875.0,1850.0,1857.5,261600,-1.0,-1.0,-1.0
2020/10/19,1867.5,1882.5,1862.5,1870.0,307000,-1.0,-1.0,-1.0
2020/10/20,1865.0,1865.0,1847.5,1860.0,370000,-1.0,-1.0,-1.0
2020/10/21,1912.5,1920.0,1890.0,1895.0,421200,-1.0,-1.0,-1.0
2020/10/22,1882.5,1897.5,1875.0,1885.0,385200,-1.0,-1.0,-1.0
2020/10/23,1885.0,1902.5,1875.0,1890.0,392200,-1.0,-1.0,-1.0
2020/10/26,1860.0,1892.5,1855.0,1875.0,372000,-1.0,-1.0,-1.0
2020/10/27,1870.0,1870.0,1847.5,1855.0,347800,-1.0,-1.0,-1.0
2020/10/28,1850.0,1870.0,1835.0,1857.5,423200,-1.0,-1.0,-1.0
2020/10/29,1845.0,1930.0,1845.0,1930.0,496000,-1.0,-1.0,-1.0
2020/10/30,1910.0,1915.0,1875.0,1882.5,470600,-1.0,-1.0,-1.0
2020/11/02,1890.0,1917.5,1882.5,1895.0,629800,-1.0,-1.0,-1.0
2020/11/04,1912.5,1945.0,1892.5,1932.5,501800,-1.0,-1.0,-1.0
2020/11/05,1927.5,1990.0,1917.5,1982.5,431800,-1.0,-1.0,-1.0
2020/11/06,1807.5,1910.0,1807.5,1892.5,799400,-1.0,-1.0,-1.0
2020/11/09,1895.0,1927.5,1877.5,1885.0,449600,-1.0,-1.0,-1.0
2020/11/10,1920.0,1945.0,1892.5,1940.0,545000,-1.0,-1.0,-1.0
2020/11/11,1975.0,1982.5,1917.5,1940.0,564600,-1.0,-1.0,-1.0
2020/11/12,1910.0,1935.0,1887.5,1912.5,401000,-1.0,-1.0,-1.0
2020/11/13,1920.0,1920.0,1857.5,1870.0,444800,-1.0,-1.0,-1.0
2020/11/16,1905.0,1960.0,1902.5,1937.5,609400,-1.0,-1.0,-1.0
2020/11/17,1935.0,1942.5,1917.5,1935.0,567600,-1.0,-1.0,-1.0
2020/11/18,1932.5,1935.0,1877.5,1897.5,624800,-1.0,-1.0,-1.0
2020/11/19,1905.0,1950.0,1905.0,1947.5,518400,-1.0,-1.0,-1.0
2020/11/20,1932.5,1967.5,1922.5,1967.5,396800,-1.0,-1.0,-1.0
2020/11/24,2002.5,2022.5,1987.5,1990.0,485000,-1.0,-1.0,-1.0
2020/11/25,2025.0,2035.0,1985.0,2002.5,457800,-1.0,-1.0,-1.0
2020/11/26,1990.0,2002.5,1967.5,1992.5,272400,-1.0,-1.0,-1.0
2020/11/27,2010.0,2017.5,1992.5,2002.5,503600,-1.0,-1.0,-1.0
2020/11/30,1985.0,1995.0,1922.5,1995.0,1494000,-1.0,-1.0,-1.0
2020/12/01,1965.0,1987.5,1907.5,1925.0,623600,-1.0,-1.0,-1.0
2020/12/02,1932.5,1955.0,1910.0,1927.5,543800,-1.0,-1.0,-1.0
2020/12/03,1947.5,1982.5,1947.5,1960.0,384000,-1.0,-1.0,-1.0
2020/12/04,1962.5,1975.0,1955.0,1965.0,234600,-1.0,-1.0,-1.0
2020/12/07,2000.0,2010.0,1957.5,1965.0,358000,-1.0,-1.0,-1.0
2020/12/08,1965.0,1975.0,1952.5,1952.5,400800,-1.0,-1.0,-1.0
2020/12/09,1970.0,1982.5,1952.5,1980.0,455800,-1.0,-1.0,-1.0
2020/12/10,1980.0,1990.0,1957.5,1965.0,379200,-1.0,-1.0,-1.0
2020/12/11,1965.0,1990.0,1955.0,1985.0,377600,-1.0,-1.0,-1.0
2020/12/14,1965.0,2005.0,1955.0,1977.5,312600,-1.0,-1.0,-1.0
2020/12/15,1980.0,1980.0,1962.5,1970.0,313400,-1.0,-1.0,-1.0
2020/12/16,1967.5,1977.5,1960.0,1967.5,254600,-1.0,-1.0,-1.0
2020/12/17,1965.0,1965.0,1937.5,1950.0,323800,-1.0,-1.0,-1.0
2020/12/18,1925.0,1970.0,1925.0,1967.5,522800,-1.0,-1.0,-1.0
2020/12/21,1967.5,1980.0,1935.0,1952.5,244400,-1.0,-1.0,-1.0
2020/12/22,1935.0,1935.0,1890.0,1905.0,392600,-1.0,-1.0,-1.0
2020/12/23,1920.0,1920.0,1870.0,1875.0,292400,-1.0,-1.0,-1.0
2020/12/24,1890.0,1902.5,1877.5,1882.5,178000,-1.0,-1.0,-1.0
2020/12/25,1875.0,1880.0,1862.5,1870.0,140800,-1.0,-1.0,-1.0
2020/12/28,1882.5,1885.0,1835.0,1845.0,251200,-1.0,-1.0,-1.0
2020/12/29,1862.5,1882.5,1860.0,1877.5,383800,-1.0,-1.0,-1.0
2020/12/30,1887.5,1887.5,1857.5,1865.0,337800,-1.0,-1.0,-1.0
2021/01/04,1895.0,1897.5,1850.0,1870.0,378600,-1.0,-1.0,-1.0
2021/01/05,1872.5,1882.5,1847.5,1855.0,370200,-1.0,-1.0,-1.0
2021/01/06,1872.5,1895.0,1852.5,1890.0,319600,-1.0,-1.0,-1.0
2021/01/07,1922.5,1930.0,1895.0,1897.5,400800,-1.0,-1.0,-1.0
2021/01/08,1892.5,1912.5,1855.0,1902.5,528600,-1.0,-1.0,-1.0
2021/01/12,1910.0,1960.0,1905.0,1940.0,493400,-1.0,-1.0,-1.0
2021/01/13,1922.5,1952.5,1917.5,1942.5,493000,-1.0,-1.0,-1.0
2021/01/14,1952.5,2077.5,1942.5,2072.5,714600,-1.0,-1.0,-1.0
2021/01/15,2072.5,2095.0,2042.5,2052.5,436000,-1.0,-1.0,-1.0
2021/01/18,2057.5,2077.5,2050.0,2062.5,229000,-1.0,-1.0,-1.0
2021/01/19,2040.0,2065.0,2030.0,2052.5,332400,-1.0,-1.0,-1.0
2021/01/20,2037.5,2040.0,2002.5,2020.0,360400,-1.0,-1.0,-1.0
2021/01/21,2022.5,2045.0,2002.5,2012.5,274000,-1.0,-1.0,-1.0
2021/01/22,2005.0,2015.0,1992.5,2010.0,289400,-1.0,-1.0,-1.0
2021/01/25,2027.5,2027.5,1970.0,1977.5,223200,-1.0,-1.0,-1.0
2021/01/26,1992.5,2025.0,1972.5,1980.0,271200,-1.0,-1.0,-1.0
2021/01/27,1995.0,2005.0,1970.0,2002.5,342600,-1.0,-1.0,-1.0
2021/01/28,1970.0,2030.0,1965.0,2020.0,472400,-1.0,-1.0,-1.0
2021/01/29,2017.5,2040.0,2015.0,2025.0,379200,-1.0,-1.0,-1.0
2021/02/01,2045.0,2067.5,2027.5,2027.5,384600,-1.0,-1.0,-1.0
2021/02/02,2025.0,2052.5,2012.5,2050.0,431600,-1.0,-1.0,-1.0
2021/02/03,2037.5,2110.0,2027.5,2110.0,496200,-1.0,-1.0,-1.0
2021/02/04,2077.5,2110.0,2045.0,2072.5,498200,-1.0,-1.0,-1.0
2021/02/05,2072.5,2102.5,2040.0,2100.0,541200,-1.0,-1.0,-1.0
2021/02/08,2102.5,2157.5,2102.5,2152.5,379000,-1.0,-1.0,-1.0
2021/02/09,2142.5,2142.5,2112.5,2132.5,248200,-1.0,-1.0,-1.0
2021/02/10,2122.5,2150.0,2110.0,2142.5,210000,-1.0,-1.0,-1.0
2021/02/12,2172.5,2180.0,2152.5,2165.0,360600,-1.0,-1.0,-1.0
2021/02/15,2185.0,2192.5,2170.0,2177.5,188400,-1.0,-1.0,-1.0
2021/02/16,2177.5,2180.0,2147.5,2157.5,168400,-1.0,-1.0,-1.0
2021/02/17,2190.0,2190.0,2145.0,2155.0,219000,-1.0,-1.0,-1.0
2021/02/18,2195.0,2200.0,2157.5,2165.0,370000,-1.0,-1.0,-1.0
2021/02/19,2150.0,2165.0,2137.5,2137.5,329200,-1.0,-1.0,-1.0
2021/02/22,2162.5,2180.0,2130.0,2132.5,244200,-1.0,-1.0,-1.0
2021/02/24,2135.0,2135.0,2077.5,2080.0,254400,-1.0,-1.0,-1.0
2021/02/25,2092.5,2092.5,2070.0,2080.0,202200,-1.0,-1.0,-1.0
2021/02/26,2080.0,2080.0,2030.0,2030.0,585200,-1.0,-1.0,-1.0
2021/03/01,2050.0,2067.5,2020.0,2047.5,503200,-1.0,-1.0,-1.0
2021/03/02,2060.0,2075.0,2042.5,2062.5,612200,-1.0,-1.0,-1.0
2021/03/03,2070.0,2070.0,2045.0,2060.0,418800,-1.0,-1.0,-1.0
2021/03/04,2042.5,2042.5,1985.0,2007.5,410600,-1.0,-1.0,-1.0
2021/03/05,2025.0,2052.5,2012.5,2050.0,404400,-1.0,-1.0,-1.0
2021/03/08,2077.5,2077.5,2022.5,2045.0,276000,-1.0,-1.0,-1.0
2021/03/09,2062.5,2115.0,2042.5,2097.5,573200,-1.0,-1.0,-1.0
2021/03/10,2077.5,2097.5,2050.0,2062.5,593200,-1.0,-1.0,-1.0
2021/03/11,2057.5,2062.5,2025.0,2050.0,538200,-1.0,-1.0,-1.0
2021/03/12,2057.5,2060.0,2017.5,2050.0,817200,-1.0,-1.0,-1.0
2021/03/15,2055.0,2070.0,2045.0,2052.5,329000,-1.0,-1.0,-1.0
2021/03/16,2070.0,2110.0,2067.5,2107.5,406600,-1.0,-1.0,-1.0
2021/03/17,2100.0,2117.5,2095.0,2110.0,387800,-1.0,-1.0,-1.0
2021/03/18,2132.5,2175.0,2127.5,2162.5,544400,-1.0,-1.0,-1.0
2021/03/19,2175.0,2202.5,2160.0,2197.5,744000,-1.0,-1.0,-1.0
2021/03/22,2197.5,2242.5,2182.5,2225.0,592600,-1.0,-1.0,-1.0
2021/03/23,2247.5,2267.5,2222.5,2230.0,416400,-1.0,-1.0,-1.0
2021/03/24,2242.5,2247.5,2212.5,2225.0,561600,-1.0,-1.0,-1.0
2021/03/25,2237.5,2250.0,2220.0,2222.5,506200,-1.0,-1.0,-1.0
2021/03/26,2250.0,2277.5,2242.5,2255.0,590000,-1.0,-1.0,-1.0
2021/03/29,2282.5,2300.0,2257.5,2277.5,589800,-1.0,-1.0,-1.0
2021/03/30,2295.0,2295.0,2215.0,2217.5,419600,-1.0,-1.0,-1.0
2021/03/31,2170.0,2210.0,2160.0,2162.5,602000,-1.0,-1.0,-1.0
2021/04/01,2190.0,2205.0,2157.5,2170.0,560800,-1.0,-1.0,-1.0
2021/04/02,2167.5,2177.5,2117.5,2117.5,137800,-1.0,-1.0,-1.0
2021/04/05,2125.0,2125.0,2085.0,2087.5,258600,-1.0,-1.0,-1.0
2021/04/06,2095.0,2112.5,2070.0,2077.5,409600,-1.0,-1.0,-1.0
2021/04/07,2092.5,2130.0,2077.5,2082.5,726400,-1.0,-1.0,-1.0
2021/04/08,2110.0,2110.0,2067.5,2075.0,718400,-1.0,-1.0,-1.0
2021/04/09,2080.0,2085.0,2042.5,2047.5,663000,-1.0,-1.0,-1.0
2021/04/12,2067.5,2092.5,2062.5,2072.5,416800,-1.0,-1.0,-1.0
2021/04/13,2065.0,2100.0,2060.0,2067.5,529200,-1.0,-1.0,-1.0
2021/04/14,2060.0,2082.5,2050.0,2055.0,593600,-1.0,-1.0,-1.0
2021/04/15,2075.0,2090.0,2070.0,2082.5,340600,-1.0,-1.0,-1.0
2021/04/16,2082.5,2082.5,2065.0,2070.0,307800,-1.0,-1.0,-1.0
2021/04/19,2075.0,2082.5,2035.0,2042.5,638000,-1.0,-1.0,-1.0
2021/04/20,2032.5,2035.0,2005.0,2005.0,543800,-1.0,-1.0,-1.0
2021/04/21,1990.0,2002.5,1975.0,1992.5,652000,-1.0,-1.0,-1.0
2021/04/22,2015.0,2030.0,1987.5,1997.5,350600,-1.0,-1.0,-1.0
2021/04/23,1982.5,2012.5,1980.0,2010.0,389800,-1.0,-1.0,-1.0
2021/04/26,1997.5,1997.5,1972.5,1977.5,371000,-1.0,-1.0,-1.0
2021/04/27,1982.5,1992.5,1972.5,1980.0,459200,-1.0,-1.0,-1.0
2021/04/28,1980.0,2000.0,1967.5,1975.0,589000,-1.0,-1.0,-1.0
2021/04/30,1967.5,1980.0,1960.0,1967.5,720000,-1.0,-1.0,-1.0
2021/05/06,1995.0,2045.0,1990.0,2005.0,870400,-1.0,-1.0,-1.0
2021/05/07,2010.0,2020.0,1992.5,2002.5,702000,-1.0,-1.0,-1.0
2021/05/10,2012.5,2042.5,2010.0,2042.5,478600,-1.0,-1.0,-1.0
2021/05/11,2040.0,2060.0,2035.0,2050.0,535000,-1.0,-1.0,-1.0
2021/05/12,1945.0,1980.0,1805.0,1820.0,1831800,-1.0,-1.0,-1.0
2021/05/13,1832.5,1840.0,1752.5,1762.5,1239800,-1.0,-1.0,-1.0
2021/05/14,1800.0,1820.0,1797.5,1810.0,1018000,-1.0,-1.0,-1.0
2021/05/17,1800.0,1807.5,1775.0,1785.0,918200,-1.0,-1.0,-1.0
2021/05/18,1785.0,1802.5,1767.5,1790.0,1162000,-1.0,-1.0,-1.0
2021/05/19,1767.5,1775.0,1705.0,1715.0,1087600,-1.0,-1.0,-1.0
2021/05/20,1697.5,1720.0,1692.5,1700.0,1053200,-1.0,-1.0,-1.0
2021/05/21,1702.5,1730.0,1685.0,1700.0,929200,-1.0,-1.0,-1.0
2021/05/24,1690.0,1712.5,1660.0,1692.5,1619200,-1.0,-1.0,-1.0
2021/05/25,1695.0,1715.0,1660.0,1670.0,1235600,-1.0,-1.0,-1.0
2021/05/26,1667.5,1685.0,1635.0,1672.5,1642400,-1.0,-1.0,-1.0
2021/05/27,1675.0,1772.5,1675.0,1732.5,14064000,-1.0,-1.0,-1.0
2021/05/28,1710.0,1745.0,1710.0,1735.0,1476600,-1.0,-1.0,-1.0
2021/05/31,1720.0,1747.5,1715.0,1730.0,758600,-1.0,-1.0,-1.0
2021/06/01,1732.5,1740.0,1695.0,1707.5,570000,-1.0,-1.0,-1.0
2021/06/02,1687.5,1702.5,1640.0,1690.0,1081800,-1.0,-1.0,-1.0
2021/06/03,1705.0,1727.5,1692.5,1705.0,1345800,-1.0,-1.0,-1.0
2021/06/04,1712.5,1715.0,1682.5,1700.0,1090600,-1.0,-1.0,-1.0
2021/06/07,1725.0,1732.5,1712.5,1725.0,789600,-1.0,-1.0,-1.0
2021/06/08,1725.0,1740.0,1722.5,1727.5,680200,-1.0,-1.0,-1.0
2021/06/09,1727.5,1747.5,1727.5,1730.0,466200,-1.0,-1.0,-1.0
2021/06/10,1730.0,1745.0,1717.5,1740.0,584600,-1.0,-1.0,-1.0
2021/06/11,1750.0,1765.0,1745.0,1755.0,519000,-1.0,-1.0,-1.0
2021/06/14,1750.0,1757.5,1732.5,1745.0,703400,-1.0,-1.0,-1.0
2021/06/15,1745.0,1762.5,1740.0,1752.5,401000,-1.0,-1.0,-1.0
2021/06/16,1755.0,1755.0,1730.0,1742.5,749000,-1.0,-1.0,-1.0
2021/06/17,1750.0,1750.0,1692.5,1692.5,652000,-1.0,-1.0,-1.0
2021/06/18,1710.0,1712.5,1690.0,1700.0,715000,-1.0,-1.0,-1.0
2021/06/21,1660.0,1662.5,1632.5,1635.0,526000,-1.0,-1.0,-1.0
2021/06/22,1670.0,1695.0,1660.0,1685.0,485800,-1.0,-1.0,-1.0
2021/06/23,1702.5,1702.5,1685.0,1685.0,317400,-1.0,-1.0,-1.0
2021/06/24,1677.5,1690.0,1672.5,1682.5,548200,-1.0,-1.0,-1.0
2021/06/25,1692.5,1702.5,1680.0,1697.5,397400,-1.0,-1.0,-1.0
2021/06/28,1705.0,1722.5,1692.5,1717.5,311000,-1.0,-1.0,-1.0
2021/06/29,1692.5,1700.0,1670.0,1677.5,492400,-1.0,-1.0,-1.0
2021/06/30,1685.0,1690.0,1625.0,1627.5,700800,-1.0,-1.0,-1.0
2021/07/01,1632.5,1647.5,1625.0,1637.5,486000,-1.0,-1.0,-1.0
2021/07/02,1650.0,1675.0,1650.0,1660.0,443800,-1.0,-1.0,-1.0
2021/07/05,1642.5,1652.5,1640.0,1647.5,313600,-1.0,-1.0,-1.0
2021/07/06,1660.0,1667.5,1650.0,1657.5,314000,-1.0,-1.0,-1.0
2021/07/07,1657.5,1665.0,1642.5,1662.5,867600,-1.0,-1.0,-1.0
2021/07/08,1655.0,1667.5,1642.5,1657.5,611200,-1.0,-1.0,-1.0
2021/07/09,1625.0,1650.0,1610.0,1642.5,723600,-1.0,-1.0,-1.0
2021/07/12,1690.0,1692.5,1672.5,1675.0,392400,-1.0,-1.0,-1.0
2021/07/13,1687.5,1697.5,1685.0,1697.5,265600,-1.0,-1.0,-1.0
2021/07/14,1682.5,1717.5,1682.5,1702.5,377800,-1.0,-1.0,-1.0
2021/07/15,1702.5,1720.0,1675.0,1680.0,364000,-1.0,-1.0,-1.0
2021/07/16,1665.0,1677.5,1655.0,1655.0,274200,-1.0,-1.0,-1.0
2021/07/19,1645.0,1647.5,1627.5,1642.5,450400,-1.0,-1.0,-1.0
2021/07/20,1615.0,1645.0,1615.0,1637.5,518800,-1.0,-1.0,-1.0
2021/07/21,1645.0,1657.5,1625.0,1635.0,411000,-1.0,-1.0,-1.0
2021/07/26,1670.0,1672.5,1652.5,1657.5,453200,-1.0,-1.0,-1.0
2021/07/27,1670.0,1670.0,1632.5,1645.0,388400,-1.0,-1.0,-1.0
2021/07/28,1630.0,1642.5,1625.0,1632.5,328400,-1.0,-1.0,-1.0
2021/07/29,1635.0,1640.0,1605.0,1607.5,300600,-1.0,-1.0,-1.0
2021/07/30,1602.5,1610.0,1567.5,1575.0,542400,-1.0,-1.0,-1.0
2021/08/02,1585.0,1650.0,1582.5,1645.0,544800,-1.0,-1.0,-1.0
2021/08/03,1617.5,1637.5,1617.5,1630.0,499400,-1.0,-1.0,-1.0
2021/08/04,1630.0,1637.5,1617.5,1622.5,233400,-1.0,-1.0,-1.0
2021/08/05,1605.0,1622.5,1605.0,1617.5,281400,-1.0,-1.0,-1.0
2021/08/06,1600.0,1620.0,1600.0,1617.5,362800,-1.0,-1.0,-1.0
2021/08/10,1615.0,1650.0,1605.0,1612.5,482200,-1.0,-1.0,-1.0
2021/08/11,1637.5,1650.0,1632.5,1640.0,361000,-1.0,-1.0,-1.0
2021/08/12,1652.5,1662.5,1630.0,1630.0,238200,-1.0,-1.0,-1.0
2021/08/13,1625.0,1635.0,1622.5,1630.0,166200,-1.0,-1.0,-1.0
2021/08/16,1620.0,1632.5,1605.0,1612.5,402800,-1.0,-1.0,-1.0
2021/08/17,1632.5,1645.0,1630.0,1635.0,370600,-1.0,-1.0,-1.0
2021/08/18,1630.0,1650.0,1625.0,1637.5,316600,-1.0,-1.0,-1.0
2021/08/19,1630.0,1647.5,1627.5,1637.5,300000,-1.0,-1.0,-1.0
2021/08/20,1627.5,1652.5,1627.5,1645.0,334000,-1.0,-1.0,-1.0
2021/08/23,1645.0,1665.0,1642.5,1657.5,287600,-1.0,-1.0,-1.0
2021/08/24,1632.5,1645.0,1625.0,1632.5,285400,-1.0,-1.0,-1.0
2021/08/25,1622.5,1630.0,1617.5,1620.0,218000,-1.0,-1.0,-1.0
2021/08/26,1620.0,1625.0,1610.0,1620.0,238000,-1.0,-1.0,-1.0
2021/08/27,1620.0,1635.0,1600.0,1607.5,278600,-1.0,-1.0,-1.0
2021/08/30,1630.0,1637.5,1620.0,1630.0,258600,-1.0,-1.0,-1.0
2021/08/31,1630.0,1645.0,1612.5,1635.0,460400,-1.0,-1.0,-1.0
2021/09/01,1632.5,1647.5,1620.0,1647.5,356000,-1.0,-1.0,-1.0
2021/09/02,1640.0,1645.0,1622.5,1637.5,283200,-1.0,-1.0,-1.0
2021/09/03,1637.5,1690.0,1637.5,1682.5,537200,-1.0,-1.0,-1.0
2021/09/06,1685.0,1705.0,1677.5,1685.0,394800,-1.0,-1.0,-1.0
2021/09/07,1695.0,1695.0,1680.0,1687.5,333400,-1.0,-1.0,-1.0
2021/09/08,1695.0,1702.5,1667.5,1675.0,382800,-1.0,-1.0,-1.0
2021/09/09,1675.0,1682.5,1640.0,1647.5,333400,-1.0,-1.0,-1.0
2021/09/10,1637.5,1647.5,1632.5,1647.5,477400,-1.0,-1.0,-1.0
2021/09/13,1627.5,1640.0,1602.5,1637.5,446600,-1.0,-1.0,-1.0
2021/09/14,1637.5,1665.0,1627.5,1662.5,572400,-1.0,-1.0,-1.0
2021/09/15,1637.5,1642.5,1630.0,1637.5,527800,-1.0,-1.0,-1.0
2021/09/16,1637.5,1672.5,1635.0,1672.5,471000,-1.0,-1.0,-1.0
2021/09/17,1665.0,1670.0,1650.0,1657.5,917800,-1.0,-1.0,-1.0
2021/09/21,1645.0,1650.0,1630.0,1637.5,450400,-1.0,-1.0,-1.0
2021/09/22,1627.5,1627.5,1580.0,1580.0,472400,-1.0,-1.0,-1.0
2021/09/24,1610.0,1617.5,1600.0,1612.5,462600,-1.0,-1.0,-1.0
2021/09/27,1620.0,1630.0,1605.0,1607.5,427400,-1.0,-1.0,-1.0
2021/09/28,1610.0,1612.5,1590.0,1610.0,533600,-1.0,-1.0,-1.0
2021/09/29,1592.5,1615.0,1580.0,1615.0,1060200,-1.0,-1.0,-1.0
2021/09/30,1622.5,1657.5,1622.5,1640.0,547400,-1.0,-1.0,-1.0
2021/10/01,1622.5,1632.5,1592.5,1610.0,881400,-1.0,-1.0,-1.0
2021/10/04,1610.0,1625.0,1605.0,1617.5,434400,-1.0,-1.0,-1.0
2021/10/05,1607.5,1622.5,1580.0,1605.0,673600,-1.0,-1.0,-1.0
2021/10/06,1602.5,1637.5,1597.5,1627.5,513800,-1.0,-1.0,-1.0
2021/10/07,1627.5,1627.5,1590.0,1595.0,675200,-1.0,-1.0,-1.0
2021/10/08,1610.0,1645.0,1607.5,1625.0,531600,-1.0,-1.0,-1.0
2021/10/11,1625.0,1637.5,1605.0,1635.0,278400,-1.0,-1.0,-1.0
2021/10/12,1625.0,1635.0,1605.0,1610.0,304400,-1.0,-1.0,-1.0
2021/10/13,1617.5,1630.0,1610.0,1615.0,275600,-1.0,-1.0,-1.0
2021/10/14,1610.0,1632.5,1600.0,1632.5,368200,-1.0,-1.0,-1.0
2021/10/15,1632.5,1662.5,1625.0,1660.0,523800,-1.0,-1.0,-1.0
2021/10/18,1655.0,1655.0,1607.5,1610.0,285200,-1.0,-1.0,-1.0
2021/10/19,1610.0,1625.0,1605.0,1612.5,262200,-1.0,-1.0,-1.0
2021/10/20,1612.5,1645.0,1610.0,1645.0,281600,-1.0,-1.0,-1.0
2021/10/21,1625.0,1627.5,1607.5,1607.5,382000,-1.0,-1.0,-1.0
2021/10/22,1600.0,1620.0,1595.0,1612.5,253400,-1.0,-1.0,-1.0
2021/10/25,1602.5,1615.0,1585.0,1587.5,352400,-1.0,-1.0,-1.0
2021/10/26,1602.5,1602.5,1577.5,1585.0,390000,-1.0,-1.0,-1.0
2021/10/27,1595.0,1602.5,1582.5,1597.5,451000,-1.0,-1.0,-1.0
2021/10/28,1590.0,1605.0,1567.5,1595.0,1726200,-1.0,-1.0,-1.0
2021/10/29,1602.5,1602.5,1567.5,1580.0,491600,-1.0,-1.0,-1.0
2021/11/01,1585.0,1612.5,1582.5,1610.0,485000,-1.0,-1.0,-1.0
2021/11/02,1590.0,1600.0,1585.0,1587.5,245800,-1.0,-1.0,-1.0
2021/11/04,1592.5,1592.5,1562.5,1570.0,341600,-1.0,-1.0,-1.0
2021/11/05,1570.0,1622.5,1565.0,1617.5,589800,-1.0,-1.0,-1.0
2021/11/08,1612.5,1615.0,1582.5,1585.0,348600,-1.0,-1.0,-1.0
2021/11/09,1575.0,1595.0,1552.5,1552.5,486600,-1.0,-1.0,-1.0
2021/11/10,1555.0,1560.0,1527.5,1535.0,431000,-1.0,-1.0,-1.0
2021/11/11,1552.5,1577.5,1547.5,1570.0,471800,-1.0,-1.0,-1.0
2021/11/12,1592.5,1655.0,1587.5,1655.0,661800,-1.0,-1.0,-1.0
2021/11/15,1640.0,1642.5,1595.0,1620.0,432800,-1.0,-1.0,-1.0
2021/11/16,1620.0,1657.5,1610.0,1615.0,500800,-1.0,-1.0,-1.0
2021/11/17,1605.0,1610.0,1585.0,1587.5,312800,-1.0,-1.0,-1.0
2021/11/18,1577.5,1585.0,1545.0,1547.5,389600,-1.0,-1.0,-1.0
2021/11/19,1540.0,1545.0,1522.5,1527.5,419000,-1.0,-1.0,-1.0
2021/11/22,1500.0,1510.0,1481.5,1510.0,420600,-1.0,-1.0,-1.0
2021/11/24,1557.5,1582.5,1552.5,1555.0,490400,-1.0,-1.0,-1.0
2021/11/25,1530.0,1560.0,1530.0,1550.0,296800,-1.0,-1.0,-1.0
2021/11/26,1615.0,1620.0,1540.0,1545.0,641600,-1.0,-1.0,-1.0
2021/11/29,1540.0,1552.5,1525.0,1535.0,646600,-1.0,-1.0,-1.0
2021/11/30,1557.5,1577.5,1542.5,1542.5,776600,-1.0,-1.0,-1.0
2021/12/01,1535.0,1550.0,1532.5,1545.0,431000,-1.0,-1.0,-1.0
2021/12/02,1525.0,1562.5,1525.0,1552.5,650400,-1.0,-1.0,-1.0
2021/12/03,1552.5,1590.0,1532.5,1587.5,428000,-1.0,-1.0,-1.0
2021/12/06,1575.0,1595.0,1572.5,1582.5,395600,-1.0,-1.0,-1.0
2021/12/07,1582.5,1627.5,1567.5,1625.0,478000,-1.0,-1.0,-1.0
2021/12/08,1630.0,1637.5,1617.5,1622.5,349400,-1.0,-1.0,-1.0
2021/12/09,1642.5,1667.5,1622.5,1662.5,424600,-1.0,-1.0,-1.0
2021/12/10,1682.5,1682.5,1655.0,1670.0,563200,-1.0,-1.0,-1.0
2021/12/13,1677.5,1677.5,1650.0,1665.0,327000,-1.0,-1.0,-1.0
2021/12/14,1690.0,1697.5,1677.5,1690.0,398000,-1.0,-1.0,-1.0
2021/12/15,1675.0,1697.5,1670.0,1677.5,241400,-1.0,-1.0,-1.0
2021/12/16,1710.0,1712.5,1677.5,1702.5,282000,-1.0,-1.0,-1.0
2021/12/17,1702.5,1722.5,1647.5,1660.0,1011400,-1.0,-1.0,-1.0
2021/12/20,1647.5,1670.0,1640.0,1645.0,325200,-1.0,-1.0,-1.0
2021/12/21,1667.5,1685.0,1660.0,1682.5,215600,-1.0,-1.0,-1.0
2021/12/22,1685.0,1695.0,1677.5,1677.5,161000,-1.0,-1.0,-1.0
2021/12/23,1682.5,1685.0,1677.5,1680.0,95200,-1.0,-1.0,-1.0
2021/12/24,1665.0,1672.5,1652.5,1655.0,105800,-1.0,-1.0,-1.0
2021/12/27,1647.5,1652.5,1622.5,1632.5,155400,-1.0,-1.0,-1.0
2021/12/28,1650.0,1670.0,1650.0,1662.5,249800,-1.0,-1.0,-1.0
2021/12/29,1677.5,1697.5,1667.5,1685.0,252000,-1.0,-1.0,-1.0
2021/12/30,1662.5,1677.5,1655.0,1660.0,230800,-1.0,-1.0,-1.0
2022/01/04,1675.0,1687.5,1665.0,1682.5,361400,-1.0,-1.0,-1.0
2022/01/05,1680.0,1707.5,1675.0,1705.0,217200,-1.0,-1.0,-1.0
2022/01/06,1692.5,1720.0,1670.0,1682.5,389200,-1.0,-1.0,-1.0
2022/01/07,1670.0,1685.0,1635.0,1650.0,395400,-1.0,-1.0,-1.0
2022/01/11,1650.0,1682.5,1647.5,1682.5,366000,-1.0,-1.0,-1.0
2022/01/12,1685.0,1720.0,1682.5,1712.5,367200,-1.0,-1.0,-1.0
2022/01/13,1712.5,1712.5,1687.5,1687.5,256800,-1.0,-1.0,-1.0
2022/01/14,1690.0,1690.0,1637.5,1665.0,318000,-1.0,-1.0,-1.0
2022/01/17,1695.0,1705.0,1672.5,1680.0,135400,-1.0,-1.0,-1.0
2022/01/18,1682.5,1685.0,1652.5,1657.5,178800,-1.0,-1.0,-1.0
2022/01/19,1627.5,1635.0,1587.5,1610.0,425000,-1.0,-1.0,-1.0
2022/01/20,1600.0,1647.5,1600.0,1635.0,220600,-1.0,-1.0,-1.0
2022/01/21,1645.0,1665.0,1625.0,1657.5,185600,-1.0,-1.0,-1.0
2022/01/24,1647.5,1680.0,1647.5,1675.0,144800,-1.0,-1.0,-1.0
2022/01/25,1655.0,1672.5,1640.0,1667.5,165600,-1.0,-1.0,-1.0
2022/01/26,1722.5,1722.5,1677.5,1680.0,215800,-1.0,-1.0,-1.0
2022/01/27,1692.5,1692.5,1645.0,1665.0,303800,-1.0,-1.0,-1.0
2022/01/28,1677.5,1707.5,1677.5,1705.0,216000,-1.0,-1.0,-1.0
2022/01/31,1692.5,1707.5,1682.5,1702.5,201800,-1.0,-1.0,-1.0
2022/02/01,1700.0,1727.5,1692.5,1705.0,301200,-1.0,-1.0,-1.0
2022/02/02,1690.0,1735.0,1685.0,1720.0,459000,-1.0,-1.0,-1.0
2022/02/03,1720.0,1752.5,1717.5,1752.5,335200,-1.0,-1.0,-1.0
2022/02/04,1752.5,1772.5,1742.5,1770.0,306400,-1.0,-1.0,-1.0
2022/02/07,1745.0,1780.0,1745.0,1772.5,258400,-1.0,-1.0,-1.0
2022/02/08,1792.5,1805.0,1770.0,1790.0,332000,-1.0,-1.0,-1.0
2022/02/09,1802.5,1802.5,1777.5,1777.5,357000,-1.0,-1.0,-1.0
2022/02/10,1812.5,1865.0,1800.0,1820.0,426600,-1.0,-1.0,-1.0
2022/02/14,1812.5,1817.5,1772.5,1797.5,307000,-1.0,-1.0,-1.0
2022/02/15,1782.5,1810.0,1780.0,1792.5,267800,-1.0,-1.0,-1.0
2022/02/16,1810.0,1812.5,1780.0,1802.5,280800,-1.0,-1.0,-1.0
2022/02/17,1800.0,1810.0,1780.0,1797.5,174600,-1.0,-1.0,-1.0
2022/02/18,1772.5,1812.5,1765.0,1807.5,208600,-1.0,-1.0,-1.0
2022/02/21,1777.5,1802.5,1775.0,1802.5,147200,-1.0,-1.0,-1.0
2022/02/22,1737.5,1787.5,1735.0,1782.5,209400,-1.0,-1.0,-1.0
2022/02/24,1780.0,1820.0,1777.5,1810.0,581400,-1.0,-1.0,-1.0
2022/02/25,1832.5,1850.0,1792.5,1802.5,351800,-1.0,-1.0,-1.0
2022/02/28,1812.5,1855.0,1812.5,1855.0,428200,-1.0,-1.0,-1.0
2022/03/01,1877.5,1890.0,1842.5,1852.5,431000,-1.0,-1.0,-1.0
2022/03/02,1840.0,1852.5,1830.0,1837.5,380400,-1.0,-1.0,-1.0
2022/03/03,1857.5,1890.0,1852.5,1872.5,448200,-1.0,-1.0,-1.0
2022/03/04,1860.0,1867.5,1822.5,1855.0,582200,-1.0,-1.0,-1.0
2022/03/07,1827.5,1850.0,1822.5,1835.0,568800,-1.0,-1.0,-1.0
2022/03/08,1832.5,1862.5,1817.5,1832.5,864600,-1.0,-1.0,-1.0
2022/03/09,1847.5,1855.0,1825.0,1835.0,695800,-1.0,-1.0,-1.0
2022/03/10,1862.5,1865.0,1837.5,1860.0,457000,-1.0,-1.0,-1.0
2022/03/11,1850.0,1857.5,1842.5,1852.5,494800,-1.0,-1.0,-1.0
2022/03/14,1870.0,1870.0,1835.0,1837.5,243200,-1.0,-1.0,-1.0
2022/03/15,1835.0,1875.0,1830.0,1867.5,528400,-1.0,-1.0,-1.0
2022/03/16,1875.0,1887.5,1860.0,1872.5,409800,-1.0,-1.0,-1.0
2022/03/17,1877.5,1877.5,1852.5,1865.0,581400,-1.0,-1.0,-1.0
2022/03/18,1855.0,1867.5,1830.0,1842.5,559600,-1.0,-1.0,-1.0
2022/03/22,1867.5,1882.5,1852.5,1865.0,440000,-1.0,-1.0,-1.0
2022/03/23,1900.0,1920.0,1887.5,1912.5,641800,-1.0,-1.0,-1.0
2022/03/24,1900.0,1925.0,1862.5,1885.0,284200,-1.0,-1.0,-1.0
2022/03/25,1885.0,1900.0,1867.5,1892.5,312200,-1.0,-1.0,-1.0
2022/03/28,1900.0,1910.0,1880.0,1887.5,276000,-1.0,-1.0,-1.0
2022/03/29,1902.5,1930.0,1880.0,1922.5,716800,-1.0,-1.0,-1.0
2022/03/30,1895.0,1897.5,1825.0,1845.0,405400,-1.0,-1.0,-1.0
2022/03/31,1832.5,1862.5,1810.0,1815.0,377000,-1.0,-1.0,-1.0
2022/04/01,1812.5,1855.0,1792.5,1845.0,377000,-1.0,-1.0,-1.0
2022/04/04,1845.0,1872.5,1845.0,1870.0,188600,-1.0,-1.0,-1.0
2022/04/05,1890.0,1892.5,1865.0,1870.0,349000,-1.0,-1.0,-1.0
2022/04/06,1860.0,1870.0,1827.5,1832.5,275400,-1.0,-1.0,-1.0
2022/04/07,1827.5,1840.0,1815.0,1837.5,317200,-1.0,-1.0,-1.0
2022/04/08,1840.0,1867.5,1830.0,1865.0,454600,-1.0,-1.0,-1.0
2022/04/11,1880.0,1882.5,1845.0,1862.5,233600,-1.0,-1.0,-1.0
2022/04/12,1852.5,1860.0,1810.0,1837.5,263600,-1.0,-1.0,-1.0
2022/04/13,1842.5,1897.5,1842.5,1897.5,383800,-1.0,-1.0,-1.0
2022/04/14,1872.5,1877.5,1862.5,1877.5,281200,-1.0,-1.0,-1.0
2022/04/15,1860.0,1885.0,1850.0,1880.0,204600,-1.0,-1.0,-1.0
2022/04/18,1857.5,1887.5,1845.0,1882.5,214400,-1.0,-1.0,-1.0
2022/04/19,1900.0,1900.0,1870.0,1885.0,210400,-1.0,-1.0,-1.0
2022/04/20,1892.5,1917.5,1882.5,1917.5,241800,-1.0,-1.0,-1.0
2022/04/21,1925.0,1932.5,1912.5,1917.5,208200,-1.0,-1.0,-1.0
2022/04/22,1895.0,1910.0,1885.0,1905.0,189600,-1.0,-1.0,-1.0
2022/04/25,1880.0,1910.0,1880.0,1892.5,287400,-1.0,-1.0,-1.0
2022/04/26,1895.0,1925.0,1872.5,1890.0,456400,-1.0,-1.0,-1.0
2022/04/27,1875.0,1887.5,1862.5,1867.5,453800,-1.0,-1.0,-1.0
2022/04/28,1865.0,1920.0,1865.0,1920.0,441000,-1.0,-1.0,-1.0
2022/05/02,1900.0,1937.5,1887.5,1937.5,459400,-1.0,-1.0,-1.0
2022/05/06,1945.0,1985.0,1927.5,1977.5,570600,-1.0,-1.0,-1.0
2022/05/09,1980.0,1992.5,1972.5,1975.0,368800,-1.0,-1.0,-1.0
2022/05/10,1960.0,1972.5,1945.0,1960.0,539400,-1.0,-1.0,-1.0
2022/05/11,1960.0,1965.0,1932.5,1935.0,720200,-1.0,-1.0,-1.0
2022/05/12,1917.5,1920.0,1760.0,1815.0,995800,-1.0,-1.0,-1.0
2022/05/13,1807.5,1845.0,1760.0,1807.5,786200,-1.0,-1.0,-1.0
2022/05/16,1792.5,1792.5,1680.0,1680.0,731600,-1.0,-1.0,-1.0
2022/05/17,1700.0,1747.5,1695.0,1727.5,689400,-1.0,-1.0,-1.0
2022/05/18,1725.0,1752.5,1707.5,1737.5,566400,-1.0,-1.0,-1.0
2022/05/19,1710.0,1757.5,1702.5,1750.0,453600,-1.0,-1.0,-1.0
2022/05/20,1727.5,1742.5,1717.5,1737.5,501600,-1.0,-1.0,-1.0
2022/05/23,1757.5,1770.0,1720.0,1722.5,869400,-1.0,-1.0,-1.0
2022/05/24,1732.5,1732.5,1710.0,1720.0,436800,-1.0,-1.0,-1.0
2022/05/25,1727.5,1755.0,1727.5,1735.0,438600,-1.0,-1.0,-1.0
2022/05/26,1715.0,1745.0,1715.0,1730.0,582200,-1.0,-1.0,-1.0
2022/05/27,1742.5,1760.0,1725.0,1752.5,494400,-1.0,-1.0,-1.0
2022/05/30,1747.5,1790.0,1742.5,1767.5,637600,-1.0,-1.0,-1.0
2022/05/31,1760.0,1777.5,1742.5,1752.5,1086600,-1.0,-1.0,-1.0
2022/06/01,1760.0,1775.0,1745.0,1752.5,444000,-1.0,-1.0,-1.0
2022/06/02,1735.0,1735.0,1682.5,1700.0,424000,-1.0,-1.0,-1.0
2022/06/03,1725.0,1727.5,1702.5,1705.0,300000,-1.0,-1.0,-1.0
2022/06/06,1707.5,1732.5,1702.5,1722.5,424400,-1.0,-1.0,-1.0
2022/06/07,1720.0,1762.5,1720.0,1755.0,295000,-1.0,-1.0,-1.0
2022/06/08,1740.0,1777.5,1737.5,1762.5,309800,-1.0,-1.0,-1.0
2022/06/09,1755.0,1777.5,1750.0,1762.5,371000,-1.0,-1.0,-1.0
2022/06/10,1747.5,1760.0,1737.5,1747.5,348200,-1.0,-1.0,-1.0
2022/06/13,1712.5,1760.0,1710.0,1752.5,282800,-1.0,-1.0,-1.0
2022/06/14,1725.0,1757.5,1725.0,1742.5,392400,-1.0,-1.0,-1.0
2022/06/15,1742.5,1757.5,1730.0,1737.5,379600,-1.0,-1.0,-1.0
2022/06/16,1742.5,1772.5,1740.0,1750.0,215000,-1.0,-1.0,-1.0
2022/06/17,1747.5,1817.5,1742.5,1805.0,1042000,-1.0,-1.0,-1.0
2022/06/20,1800.0,1867.5,1800.0,1852.5,482200,-1.0,-1.0,-1.0
2022/06/21,1840.0,1860.0,1825.0,1850.0,543200,-1.0,-1.0,-1.0
2022/06/22,1872.5,1922.5,1872.5,1915.0,365200,-1.0,-1.0,-1.0
2022/06/23,1920.0,1947.5,1912.5,1922.5,339400,-1.0,-1.0,-1.0
2022/06/24,1917.5,1917.5,1895.0,1912.5,270200,-1.0,-1.0,-1.0
2022/06/27,1900.0,1902.5,1880.0,1892.5,248400,-1.0,-1.0,-1.0
2022/06/28,1910.0,1935.0,1902.5,1930.0,305000,-1.0,-1.0,-1.0
2022/06/29,1940.0,1940.0,1912.5,1925.0,374200,-1.0,-1.0,-1.0
2022/06/30,1925.0,1937.5,1907.5,1917.5,353000,-1.0,-1.0,-1.0
2022/07/01,1910.0,1935.0,1892.5,1905.0,472200,-1.0,-1.0,-1.0
2022/07/04,1930.0,1940.0,1907.5,1915.0,295600,-1.0,-1.0,-1.0
2022/07/05,1925.0,1927.5,1890.0,1902.5,247400,-1.0,-1.0,-1.0
2022/07/06,1867.5,1907.5,1865.0,1897.5,386200,-1.0,-1.0,-1.0
2022/07/07,1907.5,1922.5,1897.5,1907.5,348600,-1.0,-1.0,-1.0
2022/07/08,1915.0,1932.5,1872.5,1892.5,678200,-1.0,-1.0,-1.0
2022/07/11,1915.0,1960.0,1915.0,1957.5,373000,-1.0,-1.0,-1.0
2022/07/12,1950.0,1957.5,1930.0,1937.5,322000,-1.0,-1.0,-1.0
2022/07/13,1935.0,1935.0,1905.0,1920.0,277800,-1.0,-1.0,-1.0
2022/07/14,1910.0,1922.5,1902.5,1910.0,211800,-1.0,-1.0,-1.0
2022/07/15,1910.0,1930.0,1887.5,1912.5,204600,-1.0,-1.0,-1.0
2022/07/19,1922.5,1925.0,1882.5,1892.5,197200,-1.0,-1.0,-1.0
2022/07/20,1915.0,1940.0,1907.5,1930.0,293600,-1.0,-1.0,-1.0
2022/07/21,1922.5,1950.0,1922.5,1947.5,268200,-1.0,-1.0,-1.0
2022/07/22,1960.0,1970.0,1950.0,1957.5,264000,-1.0,-1.0,-1.0
2022/07/25,1960.0,1970.0,1930.0,1940.0,307600,-1.0,-1.0,-1.0
2022/07/26,1947.5,1950.0,1902.5,1905.0,256600,-1.0,-1.0,-1.0
2022/07/27,1905.0,1910.0,1875.0,1897.5,286200,-1.0,-1.0,-1.0
2022/07/28,1897.5,1897.5,1872.5,1895.0,241800,-1.0,-1.0,-1.0
2022/07/29,1890.0,1890.0,1830.0,1835.0,312000,-1.0,-1.0,-1.0
2022/08/01,1832.5,1847.5,1825.0,1845.0,301000,-1.0,-1.0,-1.0
2022/08/02,1830.0,1830.0,1765.0,1765.0,256400,-1.0,-1.0,-1.0
2022/08/03,1772.5,1780.0,1730.0,1735.0,245200,-1.0,-1.0,-1.0
2022/08/04,1740.0,1740.0,1695.0,1707.5,356600,-1.0,-1.0,-1.0
2022/08/05,1710.0,1740.0,1710.0,1727.5,359600,-1.0,-1.0,-1.0
2022/08/08,1727.5,1747.5,1715.0,1715.0,272600,-1.0,-1.0,-1.0
2022/08/09,1717.5,1737.5,1702.5,1705.0,307000,-1.0,-1.0,-1.0
2022/08/10,1720.0,1730.0,1697.5,1730.0,254600,-1.0,-1.0,-1.0
2022/08/12,1697.5,1732.5,1680.0,1705.0,636000,-1.0,-1.0,-1.0
2022/08/15,1727.5,1730.0,1705.0,1710.0,369800,-1.0,-1.0,-1.0
2022/08/16,1702.5,1705.0,1672.5,1687.5,289800,-1.0,-1.0,-1.0
2022/08/17,1705.0,1712.5,1692.5,1712.5,435200,-1.0,-1.0,-1.0
2022/08/18,1697.5,1700.0,1687.5,1692.5,267800,-1.0,-1.0,-1.0
2022/08/19,1707.5,1710.0,1677.5,1695.0,323000,-1.0,-1.0,-1.0
2022/08/22,1675.0,1730.0,1667.5,1727.5,593000,-1.0,-1.0,-1.0
2022/08/23,1712.5,1717.5,1680.0,1715.0,435000,-1.0,-1.0,-1.0
2022/08/24,1705.0,1705.0,1685.0,1697.5,327200,-1.0,-1.0,-1.0
2022/08/25,1690.0,1692.5,1677.5,1687.5,276000,-1.0,-1.0,-1.0
2022/08/26,1677.5,1695.0,1672.5,1677.5,256000,-1.0,-1.0,-1.0
2022/08/29,1652.5,1662.5,1640.0,1657.5,383400,-1.0,-1.0,-1.0
2022/08/30,1670.0,1680.0,1660.0,1672.5,335000,-1.0,-1.0,-1.0
2022/08/31,1640.0,1667.5,1640.0,1667.5,849000,-1.0,-1.0,-1.0
2022/09/01,1650.0,1672.5,1645.0,1655.0,357200,-1.0,-1.0,-1.0
2022/09/02,1655.0,1660.0,1645.0,1655.0,371600,-1.0,-1.0,-1.0
2022/09/05,1642.5,1657.5,1640.0,1645.0,256600,-1.0,-1.0,-1.0
2022/09/06,1637.5,1645.0,1625.0,1625.0,249000,-1.0,-1.0,-1.0
2022/09/07,1620.0,1622.5,1597.5,1605.0,290400,-1.0,-1.0,-1.0
2022/09/08,1627.5,1652.5,1627.5,1645.0,431600,-1.0,-1.0,-1.0
2022/09/09,1640.0,1660.0,1640.0,1650.0,365000,-1.0,-1.0,-1.0
2022/09/12,1657.5,1662.5,1650.0,1652.5,188000,-1.0,-1.0,-1.0
2022/09/13,1657.5,1670.0,1655.0,1662.5,461600,-1.0,-1.0,-1.0
2022/09/14,1642.5,1657.5,1630.0,1640.0,414800,-1.0,-1.0,-1.0
2022/09/15,1642.5,1660.0,1642.5,1650.0,313600,-1.0,-1.0,-1.0
2022/09/16,1645.0,1680.0,1645.0,1675.0,645600,-1.0,-1.0,-1.0
2022/09/20,1675.0,1685.0,1665.0,1677.5,296000,-1.0,-1.0,-1.0
2022/09/21,1660.0,1667.5,1650.0,1655.0,245000,-1.0,-1.0,-1.0
2022/09/22,1640.0,1642.5,1625.0,1635.0,188000,-1.0,-1.0,-1.0
2022/09/26,1627.5,1647.5,1620.0,1635.0,403400,-1.0,-1.0,-1.0
2022/09/27,1632.5,1660.0,1632.5,1645.0,738200,-1.0,-1.0,-1.0
2022/09/28,1632.5,1645.0,1597.5,1632.5,549800,-1.0,-1.0,-1.0
2022/09/29,1637.5,1662.5,1630.0,1657.5,383000,-1.0,-1.0,-1.0
2022/09/30,1672.5,1677.5,1650.0,1652.5,389800,-1.0,-1.0,-1.0
2022/10/03,1640.0,1647.5,1622.5,1642.5,399400,-1.0,-1.0,-1.0
2022/10/04,1665.0,1697.5,1665.0,1692.5,434600,-1.0,-1.0,-1.0
2022/10/05,1700.0,1700.0,1670.0,1670.0,533400,-1.0,-1.0,-1.0
2022/10/06,1685.0,1692.5,1667.5,1667.5,458000,-1.0,-1.0,-1.0
2022/10/07,1655.0,1675.0,1652.5,1662.5,433600,-1.0,-1.0,-1.0
2022/10/11,1650.0,1660.0,1627.5,1642.5,495400,-1.0,-1.0,-1.0
2022/10/12,1635.0,1642.5,1620.0,1625.0,378600,-1.0,-1.0,-1.0
2022/10/13,1617.5,1625.0,1602.5,1612.5,333000,-1.0,-1.0,-1.0
2022/10/14,1642.5,1645.0,1620.0,1635.0,462800,-1.0,-1.0,-1.0
2022/10/17,1635.0,1637.5,1625.0,1630.0,352400,-1.0,-1.0,-1.0
2022/10/18,1632.5,1637.5,1607.5,1610.0,354600,-1.0,-1.0,-1.0
2022/10/19,1600.0,1617.5,1592.5,1602.5,408200,-1.0,-1.0,-1.0
2022/10/20,1590.0,1597.5,1580.0,1590.0,354200,-1.0,-1.0,-1.0
2022/10/21,1580.0,1590.0,1567.5,1567.5,369000,-1.0,-1.0,-1.0
2022/10/24,1575.0,1575.0,1550.0,1555.0,367200,-1.0,-1.0,-1.0
2022/10/25,1555.0,1562.5,1542.5,1560.0,399000,-1.0,-1.0,-1.0
2022/10/26,1570.0,1592.5,1570.0,1590.0,358800,-1.0,-1.0,-1.0
2022/10/27,1595.0,1602.5,1580.0,1590.0,367400,-1.0,-1.0,-1.0
2022/10/28,1592.5,1640.0,1590.0,1615.0,1527000,-1.0,-1.0,-1.0
2022/10/31,1615.0,1657.5,1615.0,1655.0,613000,-1.0,-1.0,-1.0
2022/11/01,1655.0,1665.0,1645.0,1660.0,348800,-1.0,-1.0,-1.0
2022/11/02,1660.0,1660.0,1612.5,1622.5,549600,-1.0,-1.0,-1.0
2022/11/04,1615.0,1627.5,1587.5,1595.0,505400,-1.0,-1.0,-1.0
2022/11/07,1607.5,1612.5,1592.5,1607.5,403800,-1.0,-1.0,-1.0
2022/11/08,1612.5,1640.0,1610.0,1627.5,413000,-1.0,-1.0,-1.0
2022/11/09,1625.0,1637.5,1617.5,1627.5,606400,-1.0,-1.0,-1.0
2022/11/10,1615.0,1640.0,1600.0,1640.0,565000,-1.0,-1.0,-1.0
2022/11/11,1630.0,1645.0,1620.0,1625.0,595200,-1.0,-1.0,-1.0
2022/11/14,1750.0,1807.5,1735.0,1772.5,1848200,-1.0,-1.0,-1.0
2022/11/15,1765.0,1860.0,1752.5,1857.5,1058000,-1.0,-1.0,-1.0
2022/11/16,1847.5,1847.5,1815.0,1842.5,758800,-1.0,-1.0,-1.0
2022/11/17,1845.0,1867.5,1832.5,1865.0,582800,-1.0,-1.0,-1.0
2022/11/18,1872.5,1875.0,1835.0,1870.0,702200,-1.0,-1.0,-1.0
2022/11/21,1877.5,1877.5,1832.5,1847.5,537000,-1.0,-1.0,-1.0
2022/11/22,1862.5,1895.0,1862.5,1875.0,610600,-1.0,-1.0,-1.0
2022/11/24,1905.0,1927.5,1895.0,1907.5,619600,-1.0,-1.0,-1.0
2022/11/25,1907.5,1917.5,1895.0,1912.5,403800,-1.0,-1.0,-1.0
2022/11/28,1910.0,1912.5,1882.5,1907.5,536600,-1.0,-1.0,-1.0
2022/11/29,1877.5,1880.0,1847.5,1867.5,3963600,-1.0,-1.0,-1.0
2022/11/30,1877.5,1885.0,1847.5,1847.5,1072000,-1.0,-1.0,-1.0
2022/12/01,1842.5,1842.5,1812.5,1812.5,487000,-1.0,-1.0,-1.0
2022/12/02,1815.0,1817.5,1757.5,1757.5,595800,-1.0,-1.0,-1.0
2022/12/05,1755.0,1760.0,1735.0,1755.0,469000,-1.0,-1.0,-1.0
2022/12/06,1770.0,1795.0,1752.5,1790.0,606600,-1.0,-1.0,-1.0
2022/12/07,1777.5,1807.5,1777.5,1797.5,424400,-1.0,-1.0,-1.0
2022/12/08,1787.5,1812.5,1787.5,1807.5,371800,-1.0,-1.0,-1.0
2022/12/09,1807.5,1822.5,1797.5,1820.0,442600,-1.0,-1.0,-1.0
2022/12/12,1802.5,1812.5,1795.0,1802.5,422200,-1.0,-1.0,-1.0
2022/12/13,1812.5,1840.0,1810.0,1835.0,247800,-1.0,-1.0,-1.0
2022/12/14,1817.5,1845.0,1817.5,1845.0,295200,-1.0,-1.0,-1.0
2022/12/15,1847.5,1865.0,1840.0,1852.5,248200,-1.0,-1.0,-1.0
2022/12/16,1847.5,1852.5,1827.5,1840.0,459800,-1.0,-1.0,-1.0
2022/12/19,1825.0,1842.5,1817.5,1825.0,400800,-1.0,-1.0,-1.0
2022/12/20,1835.0,1842.5,1797.5,1825.0,497600,-1.0,-1.0,-1.0
2022/12/21,1817.5,1835.0,1800.0,1815.0,450000,-1.0,-1.0,-1.0
2022/12/22,1810.0,1825.0,1792.5,1795.0,509000,-1.0,-1.0,-1.0
2022/12/23,1785.0,1785.0,1757.5,1765.0,536400,-1.0,-1.0,-1.0
2022/12/26,1790.0,1790.0,1740.0,1745.0,190200,-1.0,-1.0,-1.0
2022/12/27,1752.5,1777.5,1740.0,1775.0,261400,-1.0,-1.0,-1.0
2022/12/28,1775.0,1777.5,1760.0,1765.0,320800,-1.0,-1.0,-1.0
2022/12/29,1770.0,1795.0,1760.0,1782.5,569600,-1.0,-1.0,-1.0
2022/12/30,1792.5,1802.5,1780.0,1785.0,324400,-1.0,-1.0,-1.0
2023/01/04,1765.0,1765.0,1707.5,1717.5,526200,-1.0,-1.0,-1.0
2023/01/05,1707.5,1735.0,1682.5,1732.5,481000,-1.0,-1.0,-1.0
2023/01/06,1732.5,1732.5,1717.5,1730.0,309800,-1.0,-1.0,-1.0
2023/01/10,1722.5,1730.0,1692.5,1692.5,428200,-1.0,-1.0,-1.0
2023/01/11,1692.5,1710.0,1685.0,1707.5,465600,-1.0,-1.0,-1.0
2023/01/12,1705.0,1720.0,1690.0,1705.0,488400,-1.0,-1.0,-1.0
2023/01/13,1675.0,1690.0,1650.0,1657.5,555200,-1.0,-1.0,-1.0
2023/01/16,1655.0,1665.0,1640.0,1652.5,389600,-1.0,-1.0,-1.0
2023/01/17,1652.5,1660.0,1627.5,1627.5,272400,-1.0,-1.0,-1.0
2023/01/18,1640.0,1675.0,1625.0,1652.5,346000,-1.0,-1.0,-1.0
2023/01/19,1647.5,1667.5,1640.0,1662.5,319600,-1.0,-1.0,-1.0
2023/01/20,1667.5,1677.5,1657.5,1662.5,202600,-1.0,-1.0,-1.0
2023/01/23,1660.0,1687.5,1655.0,1670.0,290400,-1.0,-1.0,-1.0
2023/01/24,1682.5,1690.0,1670.0,1687.5,304000,-1.0,-1.0,-1.0
2023/01/25,1687.5,1705.0,1682.5,1695.0,192800,-1.0,-1.0,-1.0
2023/01/26,1700.0,1702.5,1685.0,1700.0,164000,-1.0,-1.0,-1.0
2023/01/27,1702.5,1705.0,1690.0,1695.0,217200,-1.0,-1.0,-1.0
2023/01/30,1692.5,1697.5,1685.0,1687.5,300400,-1.0,-1.0,-1.0
2023/01/31,1700.0,1707.5,1697.5,1707.5,199600,-1.0,-1.0,-1.0
2023/02/01,1710.0,1727.5,1700.0,1700.0,237600,-1.0,-1.0,-1.0
2023/02/02,1705.0,1710.0,1692.5,1697.5,326400,-1.0,-1.0,-1.0
2023/02/03,1692.5,1700.0,1672.5,1677.5,368000,-1.0,-1.0,-1.0
2023/02/06,1690.0,1710.0,1690.0,1702.5,295000,-1.0,-1.0,-1.0
2023/02/07,1702.5,1715.0,1695.0,1700.0,277200,-1.0,-1.0,-1.0
2023/02/08,1710.0,1722.5,1707.5,1712.5,273600,-1.0,-1.0,-1.0
2023/02/09,1715.0,1732.5,1712.5,1732.5,397400,-1.0,-1.0,-1.0
2023/02/10,1715.0,1732.5,1687.5,1697.5,537000,-1.0,-1.0,-1.0
2023/02/13,1685.0,1722.5,1650.0,1710.0,567400,-1.0,-1.0,-1.0
2023/02/14,1727.5,1742.5,1697.5,1722.5,344800,-1.0,-1.0,-1.0
2023/02/15,1710.0,1715.0,1687.5,1697.5,289200,-1.0,-1.0,-1.0
2023/02/16,1690.0,1722.5,1690.0,1712.5,310400,-1.0,-1.0,-1.0
2023/02/17,1712.5,1722.5,1697.5,1710.0,306400,-1.0,-1.0,-1.0
2023/02/20,1722.5,1752.5,1715.0,1742.5,366600,-1.0,-1.0,-1.0
2023/02/21,1740.0,1780.0,1735.0,1772.5,391800,-1.0,-1.0,-1.0
2023/02/22,1785.0,1785.0,1735.0,1740.0,416000,-1.0,-1.0,-1.0
2023/02/24,1735.0,1755.0,1730.0,1750.0,247000,-1.0,-1.0,-1.0
2023/02/27,1737.5,1742.5,1715.0,1735.0,307600,-1.0,-1.0,-1.0
2023/02/28,1732.5,1737.5,1710.0,1720.0,849400,-1.0,-1.0,-1.0
2023/03/01,1710.0,1710.0,1695.0,1700.0,329800,-1.0,-1.0,-1.0
2023/03/02,1700.0,1705.0,1695.0,1700.0,342200,-1.0,-1.0,-1.0
2023/03/03,1720.0,1727.5,1710.0,1715.0,380200,-1.0,-1.0,-1.0
2023/03/06,1720.0,1735.0,1707.5,1730.0,333200,-1.0,-1.0,-1.0
2023/03/07,1735.0,1737.5,1725.0,1737.5,269600,-1.0,-1.0,-1.0
2023/03/08,1745.0,1747.5,1702.5,1715.0,586600,-1.0,-1.0,-1.0
2023/03/09,1730.0,1790.0,1725.0,1772.5,479200,-1.0,-1.0,-1.0
2023/03/10,1750.0,1775.0,1747.5,1760.0,547600,-1.0,-1.0,-1.0
2023/03/13,1747.5,1752.5,1722.5,1745.0,464400,-1.0,-1.0,-1.0
2023/03/14,1710.0,1717.5,1682.5,1712.5,414400,-1.0,-1.0,-1.0
2023/03/15,1705.0,1725.0,1697.5,1700.0,466200,-1.0,-1.0,-1.0
2023/03/16,1675.0,1697.5,1665.0,1692.5,348400,-1.0,-1.0,-1.0
2023/03/17,1685.0,1690.0,1672.5,1680.0,1020000,-1.0,-1.0,-1.0
2023/03/20,1665.0,1672.5,1630.0,1630.0,472200,-1.0,-1.0,-1.0
2023/03/22,1657.5,1667.5,1645.0,1645.0,427400,-1.0,-1.0,-1.0
2023/03/23,1617.5,1637.5,1605.0,1632.5,426000,-1.0,-1.0,-1.0
2023/03/24,1620.0,1645.0,1612.5,1637.5,453200,-1.0,-1.0,-1.0
2023/03/27,1652.5,1667.5,1645.0,1652.5,431200,-1.0,-1.0,-1.0
2023/03/28,1667.5,1667.5,1637.5,1650.0,573000,-1.0,-1.0,-1.0
2023/03/29,1650.0,1680.0,1642.5,1677.5,605200,-1.0,-1.0,-1.0
2023/03/30,1652.5,1662.5,1637.5,1647.5,330200,-1.0,-1.0,-1.0
2023/03/31,1652.5,1682.5,1652.5,1672.5,400000,-1.0,-1.0,-1.0
2023/04/03,1682.5,1697.5,1680.0,1685.0,343200,-1.0,-1.0,-1.0
2023/04/04,1697.5,1735.0,1690.0,1730.0,530600,-1.0,-1.0,-1.0
2023/04/05,1727.5,1727.5,1690.0,1695.0,456400,-1.0,-1.0,-1.0
2023/04/06,1690.0,1732.5,1685.0,1707.5,494800,-1.0,-1.0,-1.0
2023/04/07,1697.5,1715.0,1692.5,1707.5,263000,-1.0,-1.0,-1.0
2023/04/10,1707.5,1727.5,1707.5,1715.0,339400,-1.0,-1.0,-1.0
2023/04/11,1717.5,1730.0,1712.5,1717.5,296000,-1.0,-1.0,-1.0
2023/04/12,1732.5,1780.0,1732.5,1767.5,477000,-1.0,-1.0,-1.0
2023/04/13,1757.5,1772.5,1755.0,1767.5,377000,-1.0,-1.0,-1.0
2023/04/14,1780.0,1797.5,1770.0,1787.5,475800,-1.0,-1.0,-1.0
2023/04/17,1792.5,1812.5,1792.5,1807.5,489200,-1.0,-1.0,-1.0
2023/04/18,1802.5,1840.0,1802.5,1840.0,382200,-1.0,-1.0,-1.0
2023/04/19,1840.0,1850.0,1825.0,1840.0,458600,-1.0,-1.0,-1.0
2023/04/20,1842.5,1857.5,1822.5,1845.0,446800,-1.0,-1.0,-1.0
2023/04/21,1850.0,1872.5,1840.0,1870.0,340800,-1.0,-1.0,-1.0
2023/04/24,1877.5,1900.0,1875.0,1895.0,558800,-1.0,-1.0,-1.0
2023/04/25,1882.5,1920.0,1882.5,1917.5,695200,-1.0,-1.0,-1.0
2023/04/26,1915.0,1932.5,1902.5,1915.0,745000,-1.0,-1.0,-1.0
2023/04/27,1907.5,1917.5,1885.0,1897.5,1554200,-1.0,-1.0,-1.0
2023/04/28,1925.0,1945.0,1915.0,1930.0,657600,-1.0,-1.0,-1.0
2023/05/01,1952.5,1997.5,1947.5,1992.5,590000,-1.0,-1.0,-1.0
2023/05/02,1980.0,1987.5,1915.0,1935.0,872800,-1.0,-1.0,-1.0
2023/05/08,1940.0,2002.5,1935.0,1987.5,748000,-1.0,-1.0,-1.0
2023/05/09,1952.5,2017.5,1927.5,1997.5,1455000,-1.0,-1.0,-1.0
2023/05/10,2002.5,2002.5,1952.5,1970.0,707800,-1.0,-1.0,-1.0
2023/05/11,1960.0,1965.0,1940.0,1940.0,602600,-1.0,-1.0,-1.0
2023/05/12,1952.5,1980.0,1940.0,1972.5,798800,-1.0,-1.0,-1.0
2023/05/15,1985.0,1997.5,1960.0,1992.5,650800,-1.0,-1.0,-1.0
2023/05/16,1895.0,1997.5,1882.5,1990.0,1041800,-1.0,-1.0,-1.0
2023/05/17,1967.5,1997.5,1942.5,1950.0,605000,-1.0,-1.0,-1.0
2023/05/18,1960.0,1962.5,1925.0,1930.0,488200,-1.0,-1.0,-1.0
2023/05/19,1915.0,1925.0,1865.0,1870.0,778400,-1.0,-1.0,-1.0
2023/05/22,1875.0,1882.5,1857.5,1875.0,570400,-1.0,-1.0,-1.0
2023/05/23,1865.0,1872.5,1835.0,1852.5,1246600,-1.0,-1.0,-1.0
2023/05/24,1845.0,1847.5,1805.0,1820.0,663000,-1.0,-1.0,-1.0
2023/05/25,1807.5,1832.5,1790.0,1795.0,430000,-1.0,-1.0,-1.0
2023/05/26,1772.5,1787.5,1765.0,1772.5,530200,-1.0,-1.0,-1.0
2023/05/29,1777.5,1780.0,1757.5,1767.5,431200,-1.0,-1.0,-1.0
2023/05/30,1767.5,1767.5,1742.5,1762.5,414600,-1.0,-1.0,-1.0
2023/05/31,1745.0,1760.0,1737.5,1750.0,773000,-1.0,-1.0,-1.0
2023/06/01,1757.5,1780.0,1757.5,1770.0,489000,-1.0,-1.0,-1.0
2023/06/02,1782.5,1825.0,1782.5,1825.0,485200,-1.0,-1.0,-1.0
2023/06/05,1840.0,1854.0,1826.0,1846.5,672600,-1.0,-1.0,-1.0
2023/06/06,1844.5,1850.0,1820.0,1849.0,397600,-1.0,-1.0,-1.0
2023/06/07,1838.5,1843.0,1806.5,1816.5,448400,-1.0,-1.0,-1.0
2023/06/08,1829.5,1830.5,1800.5,1802.5,436400,-1.0,-1.0,-1.0
2023/06/09,1819.0,1826.0,1805.0,1812.0,508000,-1.0,-1.0,-1.0
2023/06/12,1825.5,1829.5,1805.5,1806.0,282800,-1.0,-1.0,-1.0
2023/06/13,1820.0,1839.0,1809.0,1832.0,698000,-1.0,-1.0,-1.0
2023/06/14,1842.5,1846.0,1823.5,1827.0,432600,-1.0,-1.0,-1.0
2023/06/15,1830.0,1847.5,1827.5,1834.0,420200,-1.0,-1.0,-1.0
2023/06/16,1839.5,1870.0,1837.5,1862.5,713200,-1.0,-1.0,-1.0
2023/06/19,1870.0,1889.0,1860.5,1878.5,536400,-1.0,-1.0,-1.0
2023/06/20,1874.0,1905.0,1868.0,1903.0,560400,-1.0,-1.0,-1.0
2023/06/21,1900.0,1933.5,1896.5,1924.0,448200,-1.0,-1.0,-1.0
2023/06/22,1925.0,1933.5,1908.5,1920.5,420400,-1.0,-1.0,-1.0
2023/06/23,1924.0,1940.0,1904.5,1916.0,433600,-1.0,-1.0,-1.0
2023/06/26,1922.0,1929.5,1890.0,1911.5,395000,-1.0,-1.0,-1.0
2023/06/27,1916.0,1924.0,1903.0,1909.5,339800,-1.0,-1.0,-1.0
2023/06/28,1907.0,1955.0,1903.0,1955.0,527600,-1.0,-1.0,-1.0
2023/06/29,1951.5,1962.0,1935.0,1949.0,369200,-1.0,-1.0,-1.0
2023/06/30,1960.0,1965.5,1929.5,1956.5,484200,-1.0,-1.0,-1.0
2023/07/03,1964.0,1993.0,1964.0,1988.0,382000,-1.0,-1.0,-1.0
2023/07/04,1980.5,1985.5,1958.0,1968.5,346200,-1.0,-1.0,-1.0
2023/07/05,1960.0,2003.5,1956.0,1983.0,348400,-1.0,-1.0,-1.0
2023/07/06,1976.0,1988.0,1941.0,1951.0,450800,-1.0,-1.0,-1.0
2023/07/07,1940.0,1943.0,1914.5,1928.0,343000,-1.0,-1.0,-1.0
2023/07/10,1933.5,1938.0,1918.5,1928.0,244600,-1.0,-1.0,-1.0
2023/07/11,1940.5,1942.5,1914.0,1924.0,316200,-1.0,-1.0,-1.0
2023/07/12,1922.5,1931.0,1911.0,1916.0,198400,-1.0,-1.0,-1.0
2023/07/13,1928.5,1929.5,1913.0,1913.5,185200,-1.0,-1.0,-1.0
2023/07/14,1934.5,1955.0,1929.5,1951.0,345400,-1.0,-1.0,-1.0
2023/07/18,1955.0,1978.0,1952.0,1976.0,205200,-1.0,-1.0,-1.0
2023/07/19,1992.0,2011.0,1982.5,2011.0,388600,-1.0,-1.0,-1.0
2023/07/20,2011.0,2019.0,1977.0,1992.5,318400,-1.0,-1.0,-1.0
2023/07/21,1996.5,2032.0,1992.0,2029.0,351800,-1.0,-1.0,-1.0
2023/07/24,2039.5,2054.5,2032.5,2050.0,198400,-1.0,-1.0,-1.0
2023/07/25,2042.0,2051.5,2026.0,2051.0,216800,-1.0,-1.0,-1.0
2023/07/26,2051.5,2073.0,2048.5,2068.5,234800,-1.0,-1.0,-1.0
2023/07/27,2069.5,2095.5,2065.5,2094.0,426600,-1.0,-1.0,-1.0
2023/07/28,2062.0,2077.5,2044.5,2071.5,504600,-1.0,-1.0,-1.0
2023/07/31,2087.5,2090.0,2066.0,2074.5,593800,-1.0,-1.0,-1.0
2023/08/01,2074.0,2081.0,2057.5,2080.0,604600,-1.0,-1.0,-1.0
2023/08/02,2075.0,2084.0,2059.5,2064.0,502200,-1.0,-1.0,-1.0
2023/08/03,2041.0,2045.5,2011.5,2014.0,427000,-1.0,-1.0,-1.0
2023/08/04,2014.0,2021.0,2005.0,2017.0,353400,-1.0,-1.0,-1.0
2023/08/07,2009.0,2040.5,2002.0,2040.5,318400,-1.0,-1.0,-1.0
2023/08/08,2045.5,2067.5,2045.5,2067.5,258600,-1.0,-1.0,-1.0
2023/08/09,2071.5,2081.5,2037.0,2076.5,687200,-1.0,-1.0,-1.0
2023/08/10,2075.0,2078.5,2045.5,2077.0,369800,-1.0,-1.0,-1.0
2023/08/14,2080.0,2093.0,2074.0,2079.0,398200,-1.0,-1.0,-1.0
2023/08/15,2074.0,2096.0,2065.0,2094.5,640600,-1.0,-1.0,-1.0
2023/08/16,2088.0,2116.0,2067.5,2105.0,404200,-1.0,-1.0,-1.0
2023/08/17,2105.0,2106.0,2046.5,2067.5,560800,-1.0,-1.0,-1.0
2023/08/18,2062.5,2063.0,2000.5,2005.5,390400,-1.0,-1.0,-1.0
2023/08/21,2016.0,2034.5,2005.0,2017.5,331800,-1.0,-1.0,-1.0
2023/08/22,2031.5,2057.5,2018.5,2049.0,438000,-1.0,-1.0,-1.0
2023/08/23,2033.0,2054.0,2030.5,2052.0,266600,-1.0,-1.0,-1.0
2023/08/24,2039.5,2064.5,2033.0,2059.0,314800,-1.0,-1.0,-1.0
2023/08/25,2066.0,2070.5,2050.5,2067.0,287000,-1.0,-1.0,-1.0
2023/08/28,2090.0,2099.5,2074.5,2095.0,236000,-1.0,-1.0,-1.0
2023/08/29,2096.0,2110.0,2090.5,2109.5,596200,-1.0,-1.0,-1.0
2023/08/30,2114.5,2119.5,2099.0,2114.5,400000,-1.0,-1.0,-1.0
2023/08/31,2105.5,2169.5,2105.5,2159.0,984800,-1.0,-1.0,-1.0
2023/09/01,2151.0,2214.5,2148.5,2193.0,720400,-1.0,-1.0,-1.0
2023/09/04,2191.0,2195.0,2160.5,2185.5,470200,-1.0,-1.0,-1.0
2023/09/05,2180.5,2192.0,2163.0,2179.5,342400,-1.0,-1.0,-1.0
2023/09/06,2191.0,2196.0,2176.0,2182.0,755200,-1.0,-1.0,-1.0
2023/09/07,2185.5,2204.5,2180.0,2189.0,603600,-1.0,-1.0,-1.0
2023/09/08,2198.0,2211.0,2193.0,2202.5,520000,-1.0,-1.0,-1.0
2023/09/11,2205.5,2225.5,2201.0,2220.0,588200,-1.0,-1.0,-1.0
2023/09/12,2219.0,2228.5,2188.0,2190.0,374400,-1.0,-1.0,-1.0
2023/09/13,2196.0,2212.0,2181.5,2200.0,663600,-1.0,-1.0,-1.0
2023/09/14,2212.0,2225.5,2201.0,2216.5,584600,-1.0,-1.0,-1.0
2023/09/15,2243.0,2264.5,2222.0,2256.0,1064600,-1.0,-1.0,-1.0
2023/09/19,2271.5,2284.5,2225.5,2249.0,633600,-1.0,-1.0,-1.0
2023/09/20,2248.5,2276.0,2243.5,2263.0,786400,-1.0,-1.0,-1.0
2023/09/21,2264.0,2270.5,2230.0,2245.0,426400,-1.0,-1.0,-1.0
2023/09/22,2247.5,2300.5,2243.5,2287.5,850000,-1.0,-1.0,-1.0
2023/09/25,2276.5,2292.5,2247.0,2290.0,504000,-1.0,-1.0,-1.0
2023/09/26,2291.5,2320.0,2271.0,2297.5,517200,-1.0,-1.0,-1.0
2023/09/27,2280.0,2313.0,2254.5,2310.0,575600,-1.0,-1.0,-1.0
2023/09/28,2280.0,2312.0,2258.5,2292.5,526200,-1.0,-1.0,-1.0
2023/09/29,2297.0,2317.5,2285.0,2312.0,714200,-1.0,-1.0,-1.0
2023/10/02,2300.0,2302.0,2262.0,2262.0,472000,-1.0,-1.0,-1.0
2023/10/03,2261.5,2263.0,2200.0,2211.5,350600,-1.0,-1.0,-1.0
2023/10/04,2201.0,2214.5,2173.5,2177.5,584800,-1.0,-1.0,-1.0
2023/10/05,2181.0,2230.5,2173.5,2226.5,647600,-1.0,-1.0,-1.0
2023/10/06,2208.0,2250.5,2208.0,2226.5,582000,-1.0,-1.0,-1.0
2023/10/10,2261.5,2300.0,2259.0,2290.5,736400,-1.0,-1.0,-1.0
2023/10/11,2290.0,2307.0,2279.0,2290.5,401800,-1.0,-1.0,-1.0
2023/10/12,2291.5,2304.0,2283.0,2300.5,321400,-1.0,-1.0,-1.0
2023/10/13,2284.0,2301.5,2252.5,2255.5,454800,-1.0,-1.0,-1.0
2023/10/16,2256.5,2261.0,2205.0,2218.5,350800,-1.0,-1.0,-1.0
2023/10/17,2250.0,2266.0,2212.5,2230.0,359000,-1.0,-1.0,-1.0
2023/10/18,2236.0,2240.5,2210.0,2231.5,418600,-1.0,-1.0,-1.0
2023/10/19,2266.5,2297.5,2256.0,2267.0,547000,-1.0,-1.0,-1.0
2023/10/20,2262.5,2302.0,2256.5,2290.0,858800,-1.0,-1.0,-1.0
2023/10/23,2292.5,2325.5,2276.5,2276.5,743600,-1.0,-1.0,-1.0
2023/10/24,2266.0,2296.5,2238.0,2295.5,628600,-1.0,-1.0,-1.0
2023/10/25,2295.5,2319.0,2269.5,2271.0,746400,-1.0,-1.0,-1.0
2023/10/26,2284.5,2291.0,2228.5,2239.5,580200,-1.0,-1.0,-1.0
2023/10/27,2249.5,2271.5,2232.0,2268.5,536400,-1.0,-1.0,-1.0
2023/10/30,2250.0,2262.0,2221.0,2241.0,4239400,-1.0,-1.0,-1.0
2023/10/31,2234.5,2312.0,2226.0,2307.0,1010400,-1.0,-1.0,-1.0
2023/11/01,2321.5,2327.0,2296.5,2324.5,821000,-1.0,-1.0,-1.0
2023/11/02,2327.5,2329.0,2275.0,2275.0,512200,-1.0,-1.0,-1.0
2023/11/06,2296.5,2299.5,2260.0,2272.0,484200,-1.0,-1.0,-1.0
2023/11/07,2275.0,2289.5,2238.0,2242.0,453600,-1.0,-1.0,-1.0
2023/11/08,2244.0,2244.0,2201.0,2212.5,409400,-1.0,-1.0,-1.0
2023/11/09,2208.0,2243.5,2195.5,2241.0,396200,-1.0,-1.0,-1.0
2023/11/10,2225.5,2241.5,2214.0,2238.5,523000,-1.0,-1.0,-1.0
2023/11/13,2373.5,2486.5,2368.5,2427.5,2117400,-1.0,-1.0,-1.0
2023/11/14,2432.5,2461.5,2391.5,2430.5,1283200,-1.0,-1.0,-1.0
2023/11/15,2405.0,2441.5,2395.0,2432.5,857600,-1.0,-1.0,-1.0
2023/11/16,2403.5,2458.5,2392.5,2454.5,772800,-1.0,-1.0,-1.0
2023/11/17,2472.5,2538.5,2470.5,2538.5,593000,-1.0,-1.0,-1.0
2023/11/20,2500.0,2526.0,2499.5,2503.0,686200,-1.0,-1.0,-1.0
2023/11/21,2480.5,2536.0,2478.5,2521.0,872800,-1.0,-1.0,-1.0
2023/11/22,2521.0,2546.0,2511.0,2531.0,812800,-1.0,-1.0,-1.0
2023/11/24,2566.0,2568.5,2502.0,2512.0,570000,-1.0,-1.0,-1.0
2023/11/27,2470.0,2505.0,2470.0,2496.5,699800,-1.0,-1.0,-1.0
2023/11/28,2512.5,2524.0,2496.0,2505.5,902400,-1.0,-1.0,-1.0
2023/11/29,2474.0,2510.0,2468.0,2499.0,793600,-1.0,-1.0,-1.0
2023/11/30,2500.5,2522.0,2488.5,2521.5,720800,-1.0,-1.0,-1.0
2023/12/01,2545.0,2565.5,2536.0,2562.0,782800,-1.0,-1.0,-1.0
2023/12/04,2529.5,2543.5,2502.5,2511.5,591600,-1.0,-1.0,-1.0
2023/12/05,2507.5,2518.0,2486.0,2500.0,631600,-1.0,-1.0,-1.0
2023/12/06,2500.0,2513.5,2492.5,2507.5,796000,-1.0,-1.0,-1.0
2023/12/07,2484.5,2507.5,2481.0,2498.0,580200,-1.0,-1.0,-1.0
2023/12/08,2498.0,2503.0,2469.5,2481.0,699600,-1.0,-1.0,-1.0
2023/12/11,2469.5,2495.0,2461.0,2495.0,549600,-1.0,-1.0,-1.0
2023/12/12,2502.5,2507.5,2487.5,2497.5,643800,-1.0,-1.0,-1.0
2023/12/13,2516.5,2526.5,2488.0,2493.5,709200,-1.0,-1.0,-1.0
2023/12/14,2475.0,2479.0,2452.0,2471.5,580600,-1.0,-1.0,-1.0
2023/12/15,2458.0,2465.5,2371.0,2393.0,990400,-1.0,-1.0,-1.0
2023/12/18,2384.5,2422.0,2371.0,2419.5,441600,-1.0,-1.0,-1.0
2023/12/19,2419.5,2437.0,2397.5,2408.0,372400,-1.0,-1.0,-1.0
2023/12/20,2414.0,2438.0,2401.5,2415.0,525800,-1.0,-1.0,-1.0
2023/12/21,2415.0,2419.5,2387.0,2393.0,364400,-1.0,-1.0,-1.0
2023/12/22,2402.5,2414.0,2397.5,2406.5,365000,-1.0,-1.0,-1.0
2023/12/25,2420.0,2420.0,2379.0,2389.0,176200,-1.0,-1.0,-1.0
2023/12/26,2385.0,2398.0,2367.5,2379.0,228000,-1.0,-1.0,-1.0
2023/12/27,2392.0,2392.0,2375.5,2380.5,264600,-1.0,-1.0,-1.0
2023/12/28,2375.5,2375.5,2343.5,2349.5,218200,-1.0,-1.0,-1.0
2023/12/29,2358.0,2367.0,2319.5,2334.5,305800,-1.0,-1.0,-1.0
2024/01/04,2334.5,2399.5,2307.0,2399.5,741400,-1.0,-1.0,-1.0
2024/01/05,2400.5,2403.0,2325.5,2338.5,765000,-1.0,-1.0,-1.0
2024/01/09,2351.5,2395.0,2342.0,2386.5,786800,-1.0,-1.0,-1.0
2024/01/10,2382.5,2430.5,2379.5,2406.0,626000,-1.0,-1.0,-1.0
2024/01/11,2422.5,2427.5,2405.0,2424.0,620600,-1.0,-1.0,-1.0
2024/01/12,2429.0,2441.5,2387.5,2403.5,520000,-1.0,-1.0,-1.0
2024/01/15,2407.0,2453.5,2405.0,2447.5,426400,-1.0,-1.0,-1.0
2024/01/16,2430.5,2447.5,2412.0,2419.5,444200,-1.0,-1.0,-1.0
2024/01/17,2419.5,2442.5,2403.0,2403.5,713200,-1.0,-1.0,-1.0
2024/01/18,2411.0,2428.5,2398.0,2409.0,604800,-1.0,-1.0,-1.0
2024/01/19,2409.0,2429.5,2388.0,2400.0,590800,-1.0,-1.0,-1.0
2024/01/22,2411.0,2437.0,2411.0,2422.0,406600,-1.0,-1.0,-1.0
2024/01/23,2403.0,2423.0,2387.5,2398.0,573600,-1.0,-1.0,-1.0
2024/01/24,2398.0,2398.0,2344.5,2345.0,382200,-1.0,-1.0,-1.0
2024/01/25,2315.5,2325.5,2288.0,2306.5,694400,-1.0,-1.0,-1.0
2024/01/26,2321.0,2321.0,2294.5,2296.0,377600,-1.0,-1.0,-1.0
2024/01/29,2311.5,2319.0,2287.5,2306.0,461200,-1.0,-1.0,-1.0
2024/01/30,2310.5,2310.5,2264.5,2271.5,466000,-1.0,-1.0,-1.0
2024/01/31,2255.0,2301.0,2244.5,2294.0,623400,-1.0,-1.0,-1.0
2024/02/01,2294.0,2317.0,2278.0,2299.0,383600,-1.0,-1.0,-1.0
2024/02/02,2280.0,2300.5,2273.0,2284.0,351600,-1.0,-1.0,-1.0
2024/02/05,2295.0,2309.5,2278.0,2287.0,366000,-1.0,-1.0,-1.0
2024/02/06,2291.0,2299.5,2267.5,2272.5,431400,-1.0,-1.0,-1.0
2024/02/07,2275.0,2313.0,2272.5,2308.5,549600,-1.0,-1.0,-1.0
2024/02/08,2316.0,2357.5,2285.0,2331.0,625800,-1.0,-1.0,-1.0
2024/02/09,2296.0,2326.0,2285.5,2320.0,685800,-1.0,-1.0,-1.0
2024/02/13,2327.0,2385.0,2289.0,2382.0,810200,-1.0,-1.0,-1.0
2024/02/14,2384.0,2425.0,2377.5,2404.5,907200,-1.0,-1.0,-1.0
2024/02/15,2411.0,2412.0,2357.5,2397.0,620600,-1.0,-1.0,-1.0
2024/02/16,2415.5,2479.0,2412.0,2454.5,881000,-1.0,-1.0,-1.0
2024/02/19,2465.0,2510.0,2445.0,2464.5,594600,-1.0,-1.0,-1.0
2024/02/20,2456.5,2463.0,2435.0,2462.0,519200,-1.0,-1.0,-1.0
2024/02/21,2462.5,2486.0,2434.0,2452.0,704000,-1.0,-1.0,-1.0
2024/02/22,2450.0,2465.5,2426.5,2436.0,437200,-1.0,-1.0,-1.0
2024/02/26,2428.5,2431.0,2384.0,2408.0,912400,-1.0,-1.0,-1.0
2024/02/27,2387.5,2393.5,2357.5,2383.5,578400,-1.0,-1.0,-1.0
2024/02/28,2352.5,2362.0,2293.5,2297.0,848600,-1.0,-1.0,-1.0
2024/02/29,2287.5,2290.0,2223.0,2229.0,748800,-1.0,-1.0,-1.0
2024/03/01,2197.0,2272.5,2186.0,2250.5,539600,-1.0,-1.0,-1.0
2024/03/04,2241.0,2248.5,2203.5,2227.5,637400,-1.0,-1.0,-1.0
2024/03/05,2210.0,2250.0,2180.5,2235.5,634200,-1.0,-1.0,-1.0
2024/03/06,2229.0,2240.0,2196.5,2207.0,623400,-1.0,-1.0,-1.0
2024/03/07,2233.5,2260.5,2223.0,2244.5,553200,-1.0,-1.0,-1.0
2024/03/08,2237.5,2299.5,2236.5,2287.0,578200,-1.0,-1.0,-1.0
2024/03/11,2260.0,2270.5,2235.5,2265.5,456400,-1.0,-1.0,-1.0
2024/03/12,2247.0,2266.5,2235.0,2265.0,534800,-1.0,-1.0,-1.0
2024/03/13,2265.0,2269.5,2251.5,2265.0,611800,-1.0,-1.0,-1.0
2024/03/14,2259.0,2265.0,2246.0,2251.0,505000,-1.0,-1.0,-1.0
2024/03/15,2250.0,2273.5,2241.0,2262.0,1157800,-1.0,-1.0,-1.0
2024/03/18,2269.5,2297.5,2250.0,2290.5,374200,-1.0,-1.0,-1.0
2024/03/19,2286.0,2307.5,2281.5,2305.5,287000,-1.0,-1.0,-1.0
2024/03/21,2340.5,2346.0,2310.0,2335.5,501200,-1.0,-1.0,-1.0
2024/03/22,2316.0,2349.5,2303.5,2317.5,452600,-1.0,-1.0,-1.0
2024/03/25,2318.5,2323.0,2286.0,2295.5,414200,-1.0,-1.0,-1.0
2024/03/26,2304.0,2327.5,2299.5,2307.0,384600,-1.0,-1.0,-1.0
2024/03/27,2338.0,2352.5,2317.0,2340.5,672200,-1.0,-1.0,-1.0
2024/03/28,2322.5,2327.0,2292.5,2303.5,669000,-1.0,-1.0,-1.0
2024/03/29,2293.0,2320.0,2275.0,2319.5,314600,-1.0,-1.0,-1.0
2024/04/01,2331.0,2331.0,2256.5,2285.0,292000,-1.0,-1.0,-1.0
2024/04/02,2250.0,2251.5,2222.5,2233.0,618800,-1.0,-1.0,-1.0
2024/04/03,2234.0,2270.5,2234.0,2249.5,503200,-1.0,-1.0,-1.0
2024/04/04,2262.0,2284.5,2245.0,2256.5,520400,-1.0,-1.0,-1.0
2024/04/05,2232.5,2259.0,2230.0,2259.0,608400,-1.0,-1.0,-1.0
2024/04/08,2264.0,2277.5,2227.0,2232.5,711000,-1.0,-1.0,-1.0
2024/04/09,2247.5,2261.5,2227.0,2240.0,426200,-1.0,-1.0,-1.0
2024/04/10,2233.0,2269.5,2232.5,2253.0,337200,-1.0,-1.0,-1.0
2024/04/11,2231.5,2254.0,2216.0,2251.0,524400,-1.0,-1.0,-1.0
2024/04/12,2251.5,2263.5,2241.0,2254.0,382000,-1.0,-1.0,-1.0
2024/04/15,2242.5,2256.5,2226.5,2255.5,388600,-1.0,-1.0,-1.0
2024/04/16,2256.0,2304.5,2246.0,2300.5,585200,-1.0,-1.0,-1.0
2024/04/17,2304.5,2304.5,2261.0,2273.5,386200,-1.0,-1.0,-1.0
2024/04/18,2271.0,2291.0,2262.0,2263.0,365600,-1.0,-1.0,-1.0
2024/04/19,2244.5,2246.5,2179.0,2209.0,519400,-1.0,-1.0,-1.0
2024/04/22,2238.5,2275.0,2237.0,2268.5,415000,-1.0,-1.0,-1.0
2024/04/23,2286.5,2299.5,2270.0,2288.0,444800,-1.0,-1.0,-1.0
2024/04/24,2272.5,2287.5,2254.5,2285.5,413800,-1.0,-1.0,-1.0
2024/04/25,2266.0,2279.5,2247.0,2251.5,493600,-1.0,-1.0,-1.0
2024/04/26,2273.5,2334.5,2268.0,2328.0,1658600,-1.0,-1.0,-1.0
2024/04/30,2333.5,2348.5,2295.0,2331.0,693800,-1.0,-1.0,-1.0
2024/05/01,2366.0,2420.5,2350.0,2369.0,880200,-1.0,-1.0,-1.0
2024/05/02,2391.5,2411.5,2374.0,2410.5,617400,-1.0,-1.0,-1.0
2024/05/07,2375.5,2429.0,2375.5,2416.5,813000,-1.0,-1.0,-1.0
2024/05/08,2416.5,2428.5,2355.5,2379.0,509400,-1.0,-1.0,-1.0
2024/05/09,2392.0,2411.5,2375.5,2390.0,498000,-1.0,-1.0,-1.0
2024/05/10,2400.0,2403.0,2364.5,2377.0,377000,-1.0,-1.0,-1.0
2024/05/13,2349.0,2362.0,2336.0,2346.5,428200,-1.0,-1.0,-1.0
2024/05/14,2342.5,2374.5,2331.0,2343.0,552400,-1.0,-1.0,-1.0
2024/05/15,2460.0,2476.5,2296.0,2298.5,894600,-1.0,-1.0,-1.0
2024/05/16,2315.0,2345.0,2283.0,2341.5,777800,-1.0,-1.0,-1.0
2024/05/17,2318.5,2352.5,2299.0,2340.0,486400,-1.0,-1.0,-1.0
2024/05/20,2322.5,2339.0,2302.5,2328.5,424800,-1.0,-1.0,-1.0
2024/05/21,2325.0,2338.5,2316.0,2322.5,304000,-1.0,-1.0,-1.0
2024/05/22,2300.0,2324.0,2280.0,2299.5,522600,-1.0,-1.0,-1.0
2024/05/23,2311.5,2311.5,2273.0,2305.5,481600,-1.0,-1.0,-1.0
2024/05/24,2290.0,2328.0,2289.5,2320.0,296600,-1.0,-1.0,-1.0
2024/05/27,2320.0,2320.0,2296.5,2299.5,266600,-1.0,-1.0,-1.0
2024/05/28,2295.0,2318.5,2294.5,2318.5,243000,-1.0,-1.0,-1.0
2024/05/29,2315.5,2326.0,2296.0,2301.0,323400,-1.0,-1.0,-1.0
2024/05/30,2292.5,2331.0,2277.0,2331.0,467800,-1.0,-1.0,-1.0
2024/05/31,2347.5,2378.0,2347.0,2373.0,889200,-1.0,-1.0,-1.0
2024/06/03,2400.0,2448.5,2399.0,2427.0,480400,-1.0,-1.0,-1.0
2024/06/04,2392.0,2404.5,2373.0,2395.0,394200,-1.0,-1.0,-1.0
2024/06/05,2377.5,2389.0,2351.5,2364.0,444400,-1.0,-1.0,-1.0
2024/06/06,2367.5,2384.5,2297.0,2302.5,593400,-1.0,-1.0,-1.0
2024/06/07,2325.0,2326.5,2303.0,2322.0,266200,-1.0,-1.0,-1.0
2024/06/10,2314.0,2338.5,2314.0,2331.5,209600,-1.0,-1.0,-1.0
2024/06/11,2328.0,2357.5,2311.5,2315.5,317400,-1.0,-1.0,-1.0
2024/06/12,2314.0,2325.5,2292.0,2311.5,463400,-1.0,-1.0,-1.0
2024/06/13,2313.0,2328.0,2297.0,2309.5,393200,-1.0,-1.0,-1.0
2024/06/14,2300.0,2337.0,2291.5,2317.5,502400,-1.0,-1.0,-1.0
2024/06/17,2314.0,2315.0,2282.5,2314.5,356400,-1.0,-1.0,-1.0
2024/06/18,2329.5,2341.5,2313.0,2330.0,351200,-1.0,-1.0,-1.0
2024/06/19,2303.5,2307.5,2285.0,2291.0,280000,-1.0,-1.0,-1.0
2024/06/20,2267.5,2269.0,2221.5,2240.0,617000,-1.0,-1.0,-1.0
2024/06/21,2254.0,2280.5,2240.5,2268.0,821000,-1.0,-1.0,-1.0
2024/06/24,2277.5,2373.0,2277.5,2354.5,742000,-1.0,-1.0,-1.0
2024/06/25,2414.0,2472.0,2411.0,2467.5,1116000,-1.0,-1.0,-1.0
2024/06/26,2461.5,2462.5,2418.5,2433.5,559600,-1.0,-1.0,-1.0
2024/06/27,2403.5,2429.0,2394.0,2410.0,474000,-1.0,-1.0,-1.0
2024/06/28,2410.5,2444.5,2410.5,2444.5,555000,-1.0,-1.0,-1.0
2024/07/01,2460.0,2460.0,2416.5,2428.0,456800,-1.0,-1.0,-1.0
2024/07/02,2435.0,2447.0,2402.5,2428.5,537200,-1.0,-1.0,-1.0
2024/07/03,2417.5,2442.5,2393.5,2396.0,457200,-1.0,-1.0,-1.0
2024/07/04,2400.0,2404.5,2383.0,2400.0,329800,-1.0,-1.0,-1.0
2024/07/05,2401.0,2429.5,2387.5,2395.5,394400,-1.0,-1.0,-1.0
2024/07/08,2396.0,2407.0,2365.5,2381.0,423800,-1.0,-1.0,-1.0
2024/07/09,2475.0,2527.5,2448.0,2517.5,1112000,-1.0,-1.0,-1.0
2024/07/10,2517.5,2625.0,2517.5,2617.5,949000,-1.0,-1.0,-1.0
2024/07/11,2644.0,2649.5,2598.0,2598.0,610000,-1.0,-1.0,-1.0
2024/07/12,2582.0,2598.5,2559.5,2592.0,551200,-1.0,-1.0,-1.0
2024/07/16,2575.0,2593.5,2562.0,2574.0,393200,-1.0,-1.0,-1.0
2024/07/17,2577.5,2593.5,2561.5,2582.0,587000,-1.0,-1.0,-1.0
2024/07/18,2590.0,2618.5,2582.5,2606.0,596400,-1.0,-1.0,-1.0
2024/07/19,2610.0,2619.5,2583.0,2617.5,563600,-1.0,-1.0,-1.0
2024/07/22,2637.5,2637.5,2602.5,2614.5,476400,-1.0,-1.0,-1.0
2024/07/23,2650.0,2724.5,2620.5,2699.0,833200,-1.0,-1.0,-1.0
2024/07/24,2689.0,2723.0,2684.5,2718.0,904200,-1.0,-1.0,-1.0
2024/07/25,2712.5,2739.5,2674.0,2708.5,1038400,-1.0,-1.0,-1.0
2024/07/26,2725.5,2760.5,2696.5,2738.5,624600,-1.0,-1.0,-1.0
2024/07/29,2741.0,2771.5,2713.5,2760.5,932000,-1.0,-1.0,-1.0
2024/07/30,2774.5,2774.5,2691.0,2691.0,430800,-1.0,-1.0,-1.0
2024/07/31,2700.0,2750.0,2672.0,2750.0,849800,-1.0,-1.0,-1.0
2024/08/01,2705.0,2717.0,2633.5,2687.5,530000,-1.0,-1.0,-1.0
2024/08/02,2645.0,2645.0,2511.0,2526.5,591600,-1.0,-1.0,-1.0
2024/08/05,2476.5,2534.0,2349.0,2383.0,1022200,-1.0,-1.0,-1.0
2024/08/06,2548.0,2621.5,2495.0,2595.0,803600,-1.0,-1.0,-1.0
2024/08/07,2556.0,2673.0,2556.0,2575.0,602000,-1.0,-1.0,-1.0
2024/08/08,2575.5,2650.5,2567.5,2592.5,614600,-1.0,-1.0,-1.0
2024/08/09,2667.0,2681.0,2591.5,2622.5,757000,-1.0,-1.0,-1.0
2024/08/13,2455.0,2495.0,2407.0,2476.0,930000,-1.0,-1.0,-1.0
2024/08/14,2484.5,2510.0,2442.5,2493.0,737400,-1.0,-1.0,-1.0
2024/08/15,2521.0,2524.5,2483.0,2517.0,416400,-1.0,-1.0,-1.0
2024/08/16,2598.5,2603.5,2566.5,2586.0,596400,-1.0,-1.0,-1.0
2024/08/19,2570.0,2580.5,2511.0,2552.0,580400,-1.0,-1.0,-1.0
2024/08/20,2568.5,2580.0,2533.0,2560.0,319400,-1.0,-1.0,-1.0
2024/08/21,2575.0,2607.0,2573.0,2590.5,378400,-1.0,-1.0,-1.0
2024/08/22,2590.0,2597.0,2556.0,2576.0,222000,-1.0,-1.0,-1.0
2024/08/23,2578.0,2582.0,2551.0,2565.0,584600,-1.0,-1.0,-1.0
2024/08/26,2563.0,2565.0,2535.5,2557.5,384800,-1.0,-1.0,-1.0
2024/08/27,2565.0,2580.0,2543.0,2572.0,497600,-1.0,-1.0,-1.0
2024/08/28,2599.5,2615.0,2589.5,2597.5,768600,-1.0,-1.0,-1.0
2024/08/29,2603.5,2606.0,2569.5,2575.0,509000,-1.0,-1.0,-1.0
2024/08/30,2583.5,2590.5,2562.0,2580.0,577000,-1.0,-1.0,-1.0
2024/09/02,2599.5,2605.0,2567.5,2605.0,618600,-1.0,-1.0,-1.0
2024/09/03,2610.5,2627.5,2602.5,2613.5,711800,-1.0,-1.0,-1.0
2024/09/04,2581.5,2636.5,2574.0,2600.0,654600,-1.0,-1.0,-1.0
2024/09/05,2612.0,2654.5,2595.5,2629.5,307800,-1.0,-1.0,-1.0
2024/09/06,2622.5,2639.5,2600.5,2615.5,368400,-1.0,-1.0,-1.0
2024/09/09,2577.5,2621.5,2552.0,2621.5,349200,-1.0,-1.0,-1.0
2024/09/10,2620.0,2664.0,2612.0,2639.0,433000,-1.0,-1.0,-1.0
2024/09/11,2639.0,2640.5,2584.0,2600.5,458200,-1.0,-1.0,-1.0
2024/09/12,2607.0,2612.0,2524.0,2565.5,565800,-1.0,-1.0,-1.0
2024/09/13,2554.0,2557.0,2529.0,2548.5,444600,-1.0,-1.0,-1.0
2024/09/17,2572.5,2599.0,2541.0,2581.0,467600,-1.0,-1.0,-1.0
2024/09/18,2572.5,2575.0,2527.0,2557.0,380800,-1.0,-1.0,-1.0
2024/09/19,2576.0,2588.5,2523.5,2523.5,281800,-1.0,-1.0,-1.0
2024/09/20,2525.0,2548.5,2475.5,2494.0,608400,-1.0,-1.0,-1.0
2024/09/24,2495.5,2515.0,2472.5,2505.5,399600,-1.0,-1.0,-1.0
2024/09/25,2505.5,2516.5,2488.0,2505.0,243600,-1.0,-1.0,-1.0
2024/09/26,2529.0,2582.5,2509.5,2577.5,497400,-1.0,-1.0,-1.0
2024/09/27,2533.5,2559.0,2516.0,2542.0,509600,-1.0,-1.0,-1.0
2024/09/30,2497.5,2518.5,2445.0,2501.5,481000,-1.0,-1.0,-1.0
2024/10/01,2517.0,2528.5,2496.5,2520.0,264600,-1.0,-1.0,-1.0
2024/10/02,2528.0,2545.5,2508.0,2523.0,320600,-1.0,-1.0,-1.0
2024/10/03,2554.0,2556.0,2520.0,2542.5,293400,-1.0,-1.0,-1.0
2024/10/04,2542.5,2599.5,2539.5,2585.0,458800,-1.0,-1.0,-1.0
2024/10/07,2601.5,2637.0,2588.0,2623.5,394800,-1.0,-1.0,-1.0
2024/10/08,2600.0,2641.0,2582.5,2641.0,387000,-1.0,-1.0,-1.0
2024/10/09,2675.0,2691.0,2645.0,2691.0,429800,-1.0,-1.0,-1.0
2024/10/10,2699.5,2700.0,2672.5,2692.0,286600,-1.0,-1.0,-1.0
2024/10/11,2664.0,2669.0,2636.5,2657.0,420400,-1.0,-1.0,-1.0
2024/10/15,2657.0,2661.5,2623.0,2641.5,338800,-1.0,-1.0,-1.0
2024/10/16,2620.0,2664.5,2604.5,2617.0,281400,-1.0,-1.0,-1.0
2024/10/17,2632.5,2632.5,2603.0,2620.0,296200,-1.0,-1.0,-1.0
2024/10/18,2620.0,2624.5,2590.0,2595.0,399600,-1.0,-1.0,-1.0
2024/10/21,2595.0,2624.5,2573.0,2616.5,518600,-1.0,-1.0,-1.0
2024/10/22,2595.5,2603.5,2567.5,2574.5,295800,-1.0,-1.0,-1.0
2024/10/23,2571.0,2585.5,2527.5,2529.0,207200,-1.0,-1.0,-1.0
2024/10/24,2529.0,2547.0,2518.5,2519.0,474400,-1.0,-1.0,-1.0
2024/10/25,2532.5,2537.0,2469.0,2479.0,240200,-1.0,-1.0,-1.0
2024/10/28,2489.5,2498.0,2458.5,2465.0,304800,-1.0,-1.0,-1.0
2024/10/29,2465.0,2478.0,2448.0,2462.5,297400,-1.0,-1.0,-1.0
2024/10/30,2470.5,2486.5,2444.5,2475.5,1886600,-1.0,-1.0,-1.0
2024/10/31,2487.0,2516.5,2467.5,2503.0,510600,-1.0,-1.0,-1.0
2024/11/01,2467.5,2480.0,2392.5,2400.0,318800,-1.0,-1.0,-1.0
2024/11/05,2424.0,2456.5,2399.5,2456.5,335000,-1.0,-1.0,-1.0
2024/11/06,2466.5,2474.5,2395.5,2399.5,404400,-1.0,-1.0,-1.0
2024/11/07,2418.0,2468.0,2403.0,2444.5,520200,-1.0,-1.0,-1.0
2024/11/08,2444.5,2467.5,2425.0,2454.0,459000,-1.0,-1.0,-1.0
2024/11/11,2420.0,2441.5,2405.5,2438.5,400000,-1.0,-1.0,-1.0
2024/11/12,2439.5,2643.0,2422.5,2598.5,911200,-1.0,-1.0,-1.0
2024/11/13,2616.0,2639.0,2537.5,2552.5,845200,-1.0,-1.0,-1.0
2024/11/14,2526.0,2583.0,2515.0,2539.0,508000,-1.0,-1.0,-1.0
2024/11/15,2589.0,2596.5,2507.5,2538.5,461200,-1.0,-1.0,-1.0
2024/11/18,2494.5,2501.0,2383.0,2383.0,582400,-1.0,-1.0,-1.0
2024/11/19,2400.0,2436.0,2400.0,2412.5,625200,-1.0,-1.0,-1.0
2024/11/20,2411.0,2444.0,2386.0,2425.0,495200,-1.0,-1.0,-1.0
2024/11/21,2436.5,2470.0,2423.0,2429.0,374200,-1.0,-1.0,-1.0
2024/11/22,2424.0,2475.0,2424.0,2468.0,453400,-1.0,-1.0,-1.0
2024/11/25,2468.0,2468.0,2382.5,2389.5,468400,-1.0,-1.0,-1.0
2024/11/26,2382.5,2405.0,2358.0,2375.0,338400,-1.0,-1.0,-1.0
2024/11/27,2375.0,2385.0,2323.0,2354.0,408600,-1.0,-1.0,-1.0
2024/11/28,2350.0,2366.0,2330.0,2359.0,350400,-1.0,-1.0,-1.0
2024/11/29,2338.0,2354.5,2331.0,2341.0,281000,-1.0,-1.0,-1.0
2024/12/02,2333.5,2358.0,2314.5,2349.5,424600,-1.0,-1.0,-1.0
2024/12/03,2350.0,2403.5,2350.0,2374.5,612600,-1.0,-1.0,-1.0
2024/12/04,2354.0,2371.0,2339.0,2350.0,424400,-1.0,-1.0,-1.0
2024/12/05,2350.5,2366.5,2335.0,2340.0,385200,-1.0,-1.0,-1.0
2024/12/06,2344.5,2352.0,2316.0,2334.5,400000,-1.0,-1.0,-1.0
2024/12/09,2349.0,2373.5,2345.5,2355.0,319200,-1.0,-1.0,-1.0
2024/12/10,2375.0,2381.5,2352.5,2361.5,416400,-1.0,-1.0,-1.0
2024/12/11,2361.5,2373.5,2337.0,2346.5,449800,-1.0,-1.0,-1.0
2024/12/12,2346.5,2363.0,2334.5,2341.5,507400,-1.0,-1.0,-1.0
2024/12/13,2312.5,2371.5,2306.5,2355.0,514800,-1.0,-1.0,-1.0
2024/12/16,2355.0,2375.0,2342.5,2370.5,242000,-1.0,-1.0,-1.0
2024/12/17,2362.0,2383.0,2348.0,2360.5,441600,-1.0,-1.0,-1.0
2024/12/18,2360.5,2373.0,2333.5,2339.5,450000,-1.0,-1.0,-1.0
2024/12/19,2308.0,2355.0,2301.0,2339.5,504200,-1.0,-1.0,-1.0
2024/12/20,2357.0,2367.5,2350.5,2353.0,643600,-1.0,-1.0,-1.0
2024/12/23,2356.5,2372.5,2353.0,2365.5,352600,-1.0,-1.0,-1.0
2024/12/24,2372.0,2383.0,2362.0,2365.0,176600,-1.0,-1.0,-1.0
2024/12/25,2346.5,2347.5,2305.5,2337.5,214200,-1.0,-1.0,-1.0
2024/12/26,2337.5,2343.5,2315.5,2341.0,211600,-1.0,-1.0,-1.0
2024/12/27,2341.0,2368.5,2333.5,2368.5,425200,-1.0,-1.0,-1.0
2024/12/30,2380.0,2385.0,2358.0,2368.5,255800,-1.0,-1.0,-1.0
2025/01/06,2390.0,2398.0,2356.5,2362.5,474400,-1.0,-1.0,-1.0
2025/01/07,2362.5,2386.5,2355.0,2383.0,442000,-1.0,-1.0,-1.0
2025/01/08,2383.0,2387.0,2352.0,2370.0,394800,-1.0,-1.0,-1.0
2025/01/09,2365.0,2374.0,2325.0,2341.5,712600,-1.0,-1.0,-1.0
2025/01/10,2359.0,2368.5,2335.5,2335.5,508000,-1.0,-1.0,-1.0
2025/01/14,2345.0,2364.0,2285.0,2298.5,623600,-1.0,-1.0,-1.0
2025/01/15,2314.5,2333.5,2290.0,2306.5,604000,-1.0,-1.0,-1.0
2025/01/16,2321.5,2357.0,2306.5,2336.5,662400,-1.0,-1.0,-1.0
2025/01/17,2336.5,2365.0,2316.5,2351.0,528200,-1.0,-1.0,-1.0
2025/01/20,2351.0,2370.0,2348.0,2357.0,420600,-1.0,-1.0,-1.0
2025/01/21,2365.0,2377.0,2347.0,2356.5,372000,-1.0,-1.0,-1.0
2025/01/22,2356.5,2375.0,2346.5,2362.5,401600,-1.0,-1.0,-1.0
2025/01/23,2365.0,2397.5,2362.5,2390.5,427000,-1.0,-1.0,-1.0
2025/01/24,2400.0,2416.0,2390.5,2390.5,437200,-1.0,-1.0,-1.0
2025/01/27,2408.0,2429.0,2405.5,2423.0,292600,-1.0,-1.0,-1.0
2025/01/28,2432.5,2450.0,2426.0,2427.0,351000,-1.0,-1.0,-1.0
2025/01/29,2425.0,2429.5,2415.0,2422.5,296400,-1.0,-1.0,-1.0
2025/01/30,2407.5,2439.0,2405.5,2427.5,452200,-1.0,-1.0,-1.0
2025/01/31,2427.5,2432.0,2415.0,2425.0,304000,-1.0,-1.0,-1.0
2025/02/03,2390.0,2402.0,2315.0,2341.5,657000,-1.0,-1.0,-1.0
2025/02/04,2365.5,2375.5,2317.0,2318.0,605200,-1.0,-1.0,-1.0
2025/02/05,2317.0,2330.0,2300.0,2328.0,63400,-1.0,-1.0,-1.0
2025/02/06,2335.5,2356.0,2319.0,2326.0,411200,-1.0,-1.0,-1.0
2025/02/07,2326.0,2341.0,2317.0,2330.5,451800,-1.0,-1.0,-1.0
2025/02/10,2330.5,2348.0,2324.0,2335.5,415200,-1.0,-1.0,-1.0
2025/02/12,2350.0,2424.0,2315.0,2390.5,988400,-1.0,-1.0,-1.0
2025/02/13,2425.0,2460.0,2369.5,2448.5,1042000,-1.0,-1.0,-1.0
2025/02/14,2474.0,2521.5,2460.0,2515.5,598200,-1.0,-1.0,-1.0
2025/02/17,2503.5,2521.5,2482.5,2512.0,533600,-1.0,-1.0,-1.0
2025/02/18,2512.0,2529.5,2492.5,2494.5,442400,-1.0,-1.0,-1.0
2025/02/19,2513.0,2547.5,2484.0,2507.0,494600,-1.0,-1.0,-1.0
2025/02/20,2512.0,2525.0,2478.0,2496.0,469400,-1.0,-1.0,-1.0
2025/02/21,2515.5,2551.5,2480.0,2487.0,601600,-1.0,-1.0,-1.0
2025/02/25,2491.0,2520.5,2413.0,2420.0,705000,-1.0,-1.0,-1.0
2025/02/26,2419.5,2422.5,2354.0,2394.0,644800,-1.0,-1.0,-1.0
2025/02/27,2400.0,2400.0,2367.5,2385.0,367600,-1.0,-1.0,-1.0
2025/02/28,2388.0,2400.0,2370.0,2379.5,558200,-1.0,-1.0,-1.0
2025/03/03,2379.5,2422.5,2379.0,2418.5,466600,-1.0,-1.0,-1.0
2025/03/04,2423.0,2437.5,2407.0,2410.5,476000,-1.0,-1.0,-1.0
2025/03/05,2429.0,2488.5,2429.0,2476.0,616000,-1.0,-1.0,-1.0
2025/03/06,2477.0,2526.0,2475.5,2519.0,567000,-1.0,-1.0,-1.0
2025/03/07,2499.0,2519.5,2488.0,2489.0,552200,-1.0,-1.0,-1.0
2025/03/10,2509.0,2523.5,2473.0,2473.0,429800,-1.0,-1.0,-1.0
2025/03/11,2470.5,2493.0,2405.0,2416.0,642800,-1.0,-1.0,-1.0
2025/03/12,2424.0,2490.5,2416.0,2477.5,422600,-1.0,-1.0,-1.0
2025/03/13,2459.0,2475.5,2437.5,2461.0,343200,-1.0,-1.0,-1.0
2025/03/14,2455.0,2455.0,2433.0,2443.0,340200,-1.0,-1.0,-1.0
2025/03/17,2443.0,2454.5,2421.5,2444.0,245600,-1.0,-1.0,-1.0
2025/03/18,2452.5,2490.5,2452.5,2472.5,465400,-1.0,-1.0,-1.0
2025/03/19,2473.0,2502.0,2472.5,2483.5,226200,-1.0,-1.0,-1.0
2025/03/21,2483.5,2534.5,2480.5,2534.5,1406800,-1.0,-1.0,-1.0
2025/03/24,2528.5,2538.5,2496.5,2538.5,298400,-1.0,-1.0,-1.0
2025/03/25,2523.0,2572.5,2517.5,2568.0,310000,-1.0,-1.0,-1.0
2025/03/26,2568.0,2578.0,2539.0,2555.0,510000,-1.0,-1.0,-1.0
2025/03/27,2500.0,2527.5,2473.0,2527.5,799200,-1.0,-1.0,-1.0
2025/03/28,2502.0,2515.0,2487.0,2504.0,408000,-1.0,-1.0,-1.0
2025/03/31,2454.5,2471.5,2430.0,2470.0,467400,-1.0,-1.0,-1.0
2025/04/01,2481.0,2494.5,2472.5,2487.5,350200,-1.0,-1.0,-1.0
2025/04/02,2480.5,2487.0,2443.0,2451.0,353600,-1.0,-1.0,-1.0
2025/04/03,2388.5,2413.5,2367.5,2408.5,405600,-1.0,-1.0,-1.0
2025/04/04,2399.0,2439.5,2392.0,2422.5,459000,-1.0,-1.0,-1.0
2025/04/07,2203.0,2285.5,2203.0,2250.0,794800,-1.0,-1.0,-1.0
2025/04/08,2273.5,2309.0,2230.0,2300.0,794400,-1.0,-1.0,-1.0
2025/04/09,2297.0,2321.5,2255.5,2281.5,680600,-1.0,-1.0,-1.0
2025/04/10,2421.5,2421.5,2340.0,2391.5,398400,-1.0,-1.0,-1.0
2025/04/11,2321.5,2369.0,2301.0,2351.5,524000,-1.0,-1.0,-1.0
2025/04/14,2366.5,2420.5,2346.5,2413.0,332200,-1.0,-1.0,-1.0
2025/04/15,2417.5,2433.5,2414.0,2427.0,315800,-1.0,-1.0,-1.0
2025/04/16,2429.0,2439.5,2416.0,2427.0,258800,-1.0,-1.0,-1.0
2025/04/17,2421.5,2435.5,2400.0,2421.5,226600,-1.0,-1.0,-1.0
2025/04/18,2429.0,2461.0,2424.0,2450.0,170600,-1.0,-1.0,-1.0
2025/04/21,2435.0,2458.5,2428.0,2446.5,107600,-1.0,-1.0,-1.0
2025/04/22,2446.5,2461.0,2432.0,2449.0,136000,-1.0,-1.0,-1.0
2025/04/23,2519.0,2610.5,2495.0,2589.0,668400,-1.0,-1.0,-1.0
2025/04/24,2583.5,2628.0,2575.5,2589.5,447400,-1.0,-1.0,-1.0
2025/04/25,2565.0,2580.0,2542.5,2547.5,386400,-1.0,-1.0,-1.0
2025/04/28,2531.0,2551.5,2519.5,2539.0,1362200,-1.0,-1.0,-1.0
2025/04/30,2585.0,2621.5,2574.5,2588.0,606400,-1.0,-1.0,-1.0
2025/05/01,2588.0,2609.0,2582.5,2586.0,396200,-1.0,-1.0,-1.0
2025/05/02,2560.0,2590.0,2537.5,2568.5,382400,-1.0,-1.0,-1.0
2025/05/07,2560.0,2622.0,2540.5,2619.0,418400,-1.0,-1.0,-1.0
2025/05/08,2602.5,2622.0,2590.5,2614.5,257600,-1.0,-1.0,-1.0
2025/05/09,2625.0,2652.5,2590.0,2636.5,285000,-1.0,-1.0,-1.0
2025/05/12,2630.5,2647.5,2587.5,2615.0,366600,-1.0,-1.0,-1.0
2025/05/13,2641.0,2747.5,2594.0,2693.0,570000,-1.0,-1.0,-1.0
2025/05/14,2631.0,2635.0,2522.5,2541.0,661400,-1.0,-1.0,-1.0
2025/05/15,2532.5,2575.0,2525.0,2552.0,584400,-1.0,-1.0,-1.0
2025/05/16,2552.0,2579.0,2532.0,2556.0,464000,-1.0,-1.0,-1.0
2025/05/19,2535.5,2590.5,2525.0,2573.5,462000,-1.0,-1.0,-1.0
2025/05/20,2610.0,2611.0,2572.5,2582.0,621200,-1.0,-1.0,-1.0
2025/05/21,2600.5,2619.0,2585.0,2600.0,506600,-1.0,-1.0,-1.0
2025/05/22,2600.0,2612.5,2577.0,2600.0,646200,-1.0,-1.0,-1.0
2025/05/23,2610.0,2613.5,2590.5,2594.5,392800,-1.0,-1.0,-1.0
2025/05/26,2590.5,2600.0,2549.5,2560.0,270600,-1.0,-1.0,-1.0
2025/05/27,2578.5,2603.0,2577.5,2587.0,365800,-1.0,-1.0,-1.0
2025/05/28,2593.0,2607.0,2575.5,2600.0,497200,-1.0,-1.0,-1.0
2025/05/29,2600.0,2606.0,2586.0,2600.0,452800,-1.0,-1.0,-1.0
2025/05/30,2600.0,2667.0,2598.0,2656.5,1255800,-1.0,-1.0,-1.0
2025/06/02,2634.5,2660.5,2620.5,2660.5,410200,-1.0,-1.0,-1.0
2025/06/03,2660.5,2660.5,2620.5,2628.0,425600,-1.0,-1.0,-1.0
2025/06/04,2626.0,2671.5,2622.0,2649.0,355600,-1.0,-1.0,-1.0
2025/06/05,2649.0,2667.5,2622.0,2633.0,340000,-1.0,-1.0,-1.0
2025/06/06,2637.0,2665.0,2637.0,2643.0,368600,-1.0,-1.0,-1.0
2025/06/09,2663.0,2699.5,2659.0,2692.5,437200,-1.0,-1.0,-1.0
2025/06/10,2688.5,2696.0,2667.5,2677.0,465000,-1.0,-1.0,-1.0
2025/06/11,2692.0,2714.5,2677.0,2680.0,371000,-1.0,-1.0,-1.0
2025/06/12,2684.5,2721.5,2684.5,2721.0,379600,-1.0,-1.0,-1.0
2025/06/13,2721.0,2743.5,2706.0,2714.5,345200,-1.0,-1.0,-1.0
2025/06/16,2742.5,2742.5,2703.0,2703.0,310600,-1.0,-1.0,-1.0
2025/06/17,2700.0,2717.5,2690.5,2704.5,280400,-1.0,-1.0,-1.0
2025/06/18,2699.0,2724.0,2697.5,2702.5,412200,-1.0,-1.0,-1.0
2025/06/19,2703.0,2713.5,2670.0,2683.5,412600,-1.0,-1.0,-1.0
2025/06/20,2657.0,2664.5,2628.5,2629.5,1054600,-1.0,-1.0,-1.0
2025/06/23,2629.5,2682.0,2629.5,2665.5,328000,-1.0,-1.0,-1.0
2025/06/24,2676.5,2676.5,2620.0,2631.0,295000,-1.0,-1.0,-1.0
2025/06/25,2610.5,2619.0,2595.0,2602.0,268200,-1.0,-1.0,-1.0
2025/06/26,2602.0,2617.0,2590.0,2601.0,385000,-1.0,-1.0,-1.0
2025/06/27,2590.5,2607.0,2581.5,2607.0,410600,-1.0,-1.0,-1.0
2025/06/30,2607.0,2622.0,2594.5,2604.0,346600,-1.0,-1.0,-1.0
2025/07/01,2599.5,2624.5,2594.5,2600.0,356600,-1.0,-1.0,-1.0
2025/07/02,2598.0,2614.0,2595.5,2597.5,432400,-1.0,-1.0,-1.0
2025/07/03,2591.5,2603.5,2588.5,2600.0,324600,-1.0,-1.0,-1.0
2025/07/04,2600.0,2613.5,2593.5,2603.5,265600,-1.0,-1.0,-1.0
2025/07/07,2603.5,2617.5,2585.5,2586.0,293800,-1.0,-1.0,-1.0
2025/07/08,2586.0,2613.0,2560.5,2606.0,419200,-1.0,-1.0,-1.0
2025/07/09,2606.0,2636.5,2600.0,2618.5,382800,-1.0,-1.0,-1.0
2025/07/10,2618.5,2648.5,2618.5,2632.0,394200,-1.0,-1.0,-1.0
2025/07/11,2636.5,2662.5,2625.0,2625.5,271000,-1.0,-1.0,-1.0
2025/07/14,2625.0,2669.5,2624.0,2660.5,314000,-1.0,-1.0,-1.0
2025/07/15,2676.0,2689.0,2659.0,2689.0,241400,-1.0,-1.0,-1.0
2025/07/16,2689.0,2705.5,2673.5,2699.0,263000,-1.0,-1.0,-1.0
2025/07/17,2699.0,2757.5,2699.0,2747.5,343800,-1.0,-1.0,-1.0
2025/07/18,2760.5,2774.0,2750.0,2753.5,393000,-1.0,-1.0,-1.0
2025/07/22,2739.0,2753.5,2713.0,2720.5,342400,-1.0,-1.0,-1.0
2025/07/23,2750.5,2774.5,2719.0,2750.5,388200,-1.0,-1.0,-1.0
2025/07/24,2775.0,2791.0,2758.0,2786.5,368200,-1.0,-1.0,-1.0
2025/07/25,2779.5,2816.0,2757.5,2810.5,277000,-1.0,-1.0,-1.0
2025/07/28,2800.0,2831.0,2797.5,2798.5,318800,-1.0,-1.0,-1.0
2025/07/29,2768.5,2825.0,2759.5,2821.5,294600,-1.0,-1.0,-1.0
2025/07/30,2825.0,2849.5,2817.0,2836.5,344000,-1.0,-1.0,-1.0
2025/07/31,2845.0,2877.5,2840.0,2860.0,404600,-1.0,-1.0,-1.0
2025/08/01,2860.0,2898.0,2858.5,2878.5,308400,-1.0,-1.0,-1.0
2025/08/04,2855.5,2879.5,2829.0,2879.5,292600,-1.0,-1.0,-1.0
2025/08/05,2900.0,2922.5,2879.5,2910.0,291800,-1.0,-1.0,-1.0
2025/08/06,2922.5,2959.0,2922.5,2957.5,268000,-1.0,-1.0,-1.0
2025/08/07,2969.5,3003.0,2941.0,2945.0,456800,-1.0,-1.0,-1.0
2025/08/08,2945.0,3002.5,2944.0,3002.5,295200,-1.0,-1.0,-1.0
2025/08/12,3000.0,3016.0,2975.0,2983.5,421000,-1.0,-1.0,-1.0
2025/08/13,2983.5,3040.0,2936.5,2997.0,601400,-1.0,-1.0,-1.0
2025/08/14,2974.5,2975.0,2752.0,2775.0,641400,-1.0,-1.0,-1.0
2025/08/15,2784.0,2846.0,2784.0,2827.0,579000,-1.0,-1.0,-1.0
2025/08/18,2833.0,2880.0,2827.5,2867.5,372600,-1.0,-1.0,-1.0
2025/08/19,2886.5,2926.5,2879.5,2904.5,330400,-1.0,-1.0,-1.0
2025/08/20,2912.5,2953.5,2912.5,2938.5,272600,-1.0,-1.0,-1.0
2025/08/21,2954.0,2964.5,2908.5,2928.0,211800,-1.0,-1.0,-1.0
2025/08/22,2952.0,2955.0,2925.0,2951.0,241800,-1.0,-1.0,-1.0
2025/08/25,2912.5,2929.0,2892.5,2920.0,242000,-1.0,-1.0,-1.0
2025/08/26,2920.0,2924.0,2901.0,2904.5,396200,-1.0,-1.0,-1.0
2025/08/27,2915.0,2933.0,2899.0,2924.5,327200,-1.0,-1.0,-1.0
2025/08/28,2940.0,2969.5,2936.0,2948.5,343800,-1.0,-1.0,-1.0
2025/08/29,2953.5,2959.0,2916.5,2916.5,276200,-1.0,-1.0,-1.0
2025/09/01,2924.0,2982.0,2916.5,2981.5,279200,-1.0,-1.0,-1.0
2025/09/02,3000.0,3010.0,2969.5,2978.5,295200,-1.0,-1.0,-1.0
2025/09/03,2989.0,3000.5,2961.0,2997.0,445000,-1.0,-1.0,-1.0
2025/09/04,3010.0,3018.5,2996.0,3009.5,272000,-1.0,-1.0,-1.0
2025/09/05,3015.0,3027.0,2993.5,3012.0,308200,-1.0,-1.0,-1.0
2025/09/08,3025.0,3049.5,3018.0,3037.0,281400,-1.0,-1.0,-1.0
2025/09/09,3045.0,3075.0,3037.5,3060.0,263600,-1.0,-1.0,-1.0
2025/09/10,3060.0,3072.5,3048.0,3058.0,235800,-1.0,-1.0,-1.0
2025/09/11,3034.0,3068.0,3015.5,3042.5,320000,-1.0,-1.0,-1.0
2025/09/12,3080.0,3080.0,3027.0,3039.0,376000,-1.0,-1.0,-1.0
2025/09/16,3039.0,3045.0,2999.5,3035.0,449800,-1.0,-1.0,-1.0
2025/09/17,3010.5,3050.0,2938.5,2942.0,399600,-1.0,-1.0,-1.0
2025/09/18,2942.5,2958.5,2900.0,2954.5,338800,-1.0,-1.0,-1.0
2025/09/19,2954.5,2982.5,2898.5,2898.5,908000,-1.0,-1.0,-1.0
2025/09/22,2901.5,2952.0,2901.5,2927.5,298400,-1.0,-1.0,-1.0
2025/09/24,2927.5,2948.5,2893.5,2893.5,354600,-1.0,-1.0,-1.0
2025/09/25,2899.0,2902.5,2881.0,2897.5,398600,-1.0,-1.0,-1.0
2025/09/26,2890.0,2917.0,2890.0,2913.0,480400,-1.0,-1.0,-1.0
2025/09/29,2905.5,2926.5,2861.0,2922.0,418400,-1.0,-1.0,-1.0
2025/09/30,2916.0,2934.0,2886.5,2908.5,415600,-1.0,-1.0,-1.0
2025/10/01,2908.5,2928.5,2882.5,2909.0,409600,-1.0,-1.0,-1.0
2025/10/02,2909.0,2914.0,2851.5,2903.0,347400,-1.0,-1.0,-1.0
2025/10/03,2903.0,2926.0,2890.5,2905.0,269000,-1.0,-1.0,-1.0
2025/10/06,2966.5,2973.0,2931.5,2951.0,306800,-1.0,-1.0,-1.0
2025/10/07,2951.0,2981.5,2942.0,2973.5,309400,-1.0,-1.0,-1.0
2025/10/08,2989.5,3019.5,2952.0,2952.0,245400,-1.0,-1.0,-1.0
2025/10/09,2939.5,2974.5,2917.0,2974.5,350400,-1.0,-1.0,-1.0
2025/10/10,2934.0,2955.0,2907.5,2911.5,388800,-1.0,-1.0,-1.0
2025/10/14,2906.5,2926.5,2865.0,2889.5,361400,-1.0,-1.0,-1.0
2025/10/15,2900.0,2935.0,2900.0,2920.0,273800,-1.0,-1.0,-1.0
2025/10/16,2955.5,2961.5,2916.0,2945.5,295000,-1.0,-1.0,-1.0
2025/10/17,2934.0,2943.0,2916.0,2928.5,342000,-1.0,-1.0,-1.0
2025/10/20,2946.5,2952.0,2921.5,2929.5,361400,-1.0,-1.0,-1.0
2025/10/21,2931.5,2943.0,2906.5,2906.5,299800,-1.0,-1.0,-1.0
2025/10/22,2906.5,2938.5,2906.5,2932.5,262800,-1.0,-1.0,-1.0
2025/10/23,2932.5,2960.5,2932.0,2949.0,291000,-1.0,-1.0,-1.0
2025/10/24,2949.0,2960.5,2921.5,2921.5,306200,-1.0,-1.0,-1.0
2025/10/27,2961.5,3003.0,2947.5,2993.0,324800,-1.0,-1.0,-1.0
2025/10/28,2993.0,2994.5,2925.0,2928.0,338400,-1.0,-1.0,-1.0
2025/10/29,2921.0,2960.0,2861.0,2867.5,281600,-1.0,-1.0,-1.0
2025/10/30,2880.0,2911.5,2865.5,2897.0,1154600,-1.0,-1.0,-1.0
2025/10/31,2921.5,2927.5,2890.5,2927.5,372800,-1.0,-1.0,-1.0
2025/11/04,2916.5,2930.0,2875.0,2884.0,414000,-1.0,-1.0,-1.0
2025/11/05,2905.0,2928.5,2875.5,2902.0,341800,-1.0,-1.0,-1.0
2025/11/06,2902.0,2945.0,2895.0,2928.0,334000,-1.0,-1.0,-1.0
2025/11/07,2928.0,2978.0,2927.5,2976.5,320000,-1.0,-1.0,-1.0
2025/11/10,2994.0,2998.5,2957.0,2974.5,297400,-1.0,-1.0,-1.0
2025/11/11,2974.5,2980.0,2939.0,2943.0,275400,-1.0,-1.0,-1.0
2025/11/12,2965.0,3019.5,2953.0,2978.0,366200,-1.0,-1.0,-1.0
2025/11/13,3021.0,3023.5,2841.0,2890.0,834400,-1.0,-1.0,-1.0
2025/11/14,2889.0,2972.0,2855.0,2971.5,427200,-1.0,-1.0,-1.0
2025/11/17,2960.5,2993.5,2932.5,2981.5,322200,-1.0,-1.0,-1.0
2025/11/18,2977.5,2981.5,2890.0,2896.5,306600,-1.0,-1.0,-1.0
2025/11/19,2886.5,2923.0,2872.0,2888.5,317000,-1.0,-1.0,-1.0
2025/11/20,2888.5,2898.5,2865.5,2876.5,300200,-1.0,-1.0,-1.0
2025/11/21,2900.0,2906.0,2885.0,2888.5,482000,-1.0,-1.0,-1.0
2025/11/25,2930.0,3031.5,2899.0,3008.0,497800,-1.0,-1.0,-1.0
2025/11/26,3016.5,3039.5,2997.5,3018.0,371200,-1.0,-1.0,-1.0
2025/11/27,3019.0,3040.0,3002.0,3015.5,241800,-1.0,-1.0,-1.0
2025/11/28,3018.0,3055.5,3012.0,3038.0,367800,-1.0,-1.0,-1.0
2025/12/01,3038.0,3047.5,2992.5,2992.5,386400,-1.0,-1.0,-1.0
2025/12/02,2992.5,3005.0,2975.5,3003.0,288200,-1.0,-1.0,-1.0
2025/12/03,3003.0,3027.0,2982.5,3006.0,291400,-1.0,-1.0,-1.0
2025/12/04,2974.0,2993.0,2950.5,2985.5,331400,-1.0,-1.0,-1.0
2025/12/05,2977.5,2985.0,2927.5,2936.0,275800,-1.0,-1.0,-1.0
2025/12/08,2965.0,3018.0,2949.5,3017.0,305400,-1.0,-1.0,-1.0
2025/12/09,3016.5,3046.5,3011.0,3041.5,261600,-1.0,-1.0,-1.0
2025/12/10,3041.5,3064.5,3037.5,3062.5,184600,-1.0,-1.0,-1.0
2025/12/11,3097.5,3108.5,3080.0,3094.5,385000,-1.0,-1.0,-1.0
2025/12/12,3133.0,3147.0,3105.5,3122.5,339600,-1.0,-1.0,-1.0
2025/12/15,3138.5,3152.0,3113.5,3124.5,332400,-1.0,-1.0,-1.0
2025/12/16,3125.5,3134.5,3083.5,3083.5,414600,-1.0,-1.0,-1.0
2025/12/17,3062.0,3076.5,3037.5,3051.0,298800,-1.0,-1.0,-1.0
2025/12/18,3100.0,3102.5,3069.5,3100.0,300400,-1.0,-1.0,-1.0
2025/12/19,3105.0,3140.0,3096.5,3126.5,491000,-1.0,-1.0,-1.0
2025/12/22,3150.0,3150.0,3102.5,3108.5,214400,-1.0,-1.0,-1.0
2025/12/23,3110.5,3136.0,3107.0,3130.5,204000,-1.0,-1.0,-1.0
2025/12/24,3144.5,3144.5,3082.5,3096.0,191600,-1.0,-1.0,-1.0
2025/12/25,3111.0,3111.0,3082.0,3105.0,78600,-1.0,-1.0,-1.0
2025/12/26,3110.0,3114.5,3081.5,3104.5,170800,-1.0,-1.0,-1.0
2025/12/29,3120.0,3120.0,3064.0,3077.5,301000,-1.0,-1.0,-1.0
2025/12/30,3097.5,3097.5,3062.0,3065.5,206000,-1.0,-1.0,-1.0
2026/01/05,3068.0,3115.5,3065.0,3108.0,406800,-1.0,-1.0,-1.0
2026/01/06,3108.5,3126.5,3094.5,3126.0,428200,-1.0,-1.0,-1.0
2026/01/07,3126.0,3144.0,3112.5,3130.0,446800,-1.0,-1.0,-1.0
2026/01/08,3140.0,3155.0,3128.5,3143.5,408600,-1.0,-1.0,-1.0
2026/01/09,3143.5,3168.5,3140.0,3168.5,416600,-1.0,-1.0,-1.0
2026/01/13,3207.0,3213.0,3152.0,3176.0,937200,-1.0,-1.0,-1.0
2026/01/14,3185.5,3191.5,3150.0,3180.5,342200,-1.0,-1.0,-1.0
2026/01/15,3180.5,3191.5,3152.0,3160.5,313800,-1.0,-1.0,-1.0
2026/01/16,3151.5,3151.5,3057.0,3131.0,280400,-1.0,-1.0,-1.0
2026/01/19,3131.5,3173.5,3129.0,3151.0,294000,-1.0,-1.0,-1.0
2026/01/20,3148.5,3169.5,3125.5,3157.5,209000,-1.0,-1.0,-1.0
2026/01/21,3163.5,3184.5,3147.5,3176.5,356800,-1.0,-1.0,-1.0
2026/01/22,3194.5,3217.0,3179.0,3192.0,338600,-1.0,-1.0,-1.0
2026/01/23,3198.0,3224.5,3198.0,3210.0,206400,-1.0,-1.0,-1.0
2026/01/26,3177.0,3179.0,3138.5,3155.0,233200,-1.0,-1.0,-1.0
2026/01/27,3130.5,3148.5,3117.5,3129.5,231600,-1.0,-1.0,-1.0
2026/01/28,3094.0,3130.5,3063.0,3064.0,318400,-1.0,-1.0,-1.0
2026/01/29,3061.0,3091.5,3028.0,3088.5,379200,-1.0,-1.0,-1.0
2026/01/30,3091.5,3119.5,3080.0,3114.0,359200,-1.0,-1.0,-1.0
2026/02/02,3145.5,3166.0,3104.5,3116.0,298800,-1.0,-1.0,-1.0
2026/02/03,3116.0,3171.5,3104.0,3154.5,327400,-1.0,-1.0,-1.0
2026/02/04,3154.5,3186.5,3147.0,3169.0,260400,-1.0,-1.0,-1.0
2026/02/05,3200.0,3216.5,3169.0,3199.0,278400,-1.0,-1.0,-1.0
2026/02/06,3215.0,3227.0,3191.5,3222.0,244000,-1.0,-1.0,-1.0
2026/02/09,3284.0,3303.0,3245.5,3275.0,302400,-1.0,-1.0,-1.0
2026/02/10,3280.0,3307.5,3255.5,3284.5,315600,-1.0,-1.0,-1.0
2026/02/12,3324.0,3334.0,3105.0,3165.0,477000,-1.0,-1.0,-1.0
2026/02/13,3183.5,3203.5,3084.5,3120.0,450200,-1.0,-1.0,-1.0
2026/02/16,3120.0,3130.0,3075.0,3111.0,410000,-1.0,-1.0,-1.0
2026/02/17,3111.5,3146.5,3100.0,3113.5,275400,-1.0,-1.0,-1.0
2026/02/18,3150.0,3181.5,3141.5,3163.0,317400,-1.0,-1.0,-1.0
2026/02/19,3163.0,3230.5,3141.5,3224.0,292200,-1.0,-1.0,-1.0
2026/02/20,3213.5,3230.5,3139.0,3139.0,773600,-1.0,-1.0,-1.0
2026/02/24,3189.0,3218.5,3153.5,3218.5,531600,-1.0,-1.0,-1.0
2026/02/25,3243.5,3299.0,3237.5,3277.5,495600,-1.0,-1.0,-1.0
2026/02/26,3277.5,3298.0,3270.5,3274.0,349200,-1.0,-1.0,-1.0
2026/02/27,3291.5,3309.0,3274.0,3303.0,477400,-1.0,-1.0,-1.0
2026/03/02,3269.0,3306.0,3256.0,3292.0,519800,-1.0,-1.0,-1.0
2026/03/02,3269.0,3306.0,3256.0,3292.0,519800,-1.0,-1.0,-1.0
2026/03/02,3269.0,3306.0,3256.0,3292.0,519800,-1.0,-1.0,-1.0
2026/03/02,3269.0,3306.0,3256.0,3292.0,519800,-1.0,-1.0,-1.0
2026/03/03,3292.0,3293.0,3227.5,3229.5,336600,-1.0,-1.0,-1.0
2026/03/04,3225.0,3229.5,3146.0,3188.0,449200,-1.0,-1.0,-1.0
2026/03/05,3236.0,3262.0,3207.0,3207.0,473600,-1.0,-1.0,-1.0
2026/03/06,3175.5,3187.0,3143.5,3175.0,464000,-1.0,-1.0,-1.0
2026/03/09,3058.0,3149.0,3058.0,3116.0,364200,-1.0,-1.0,-1.0
2026/03/10,3156.0,3156.0,3103.5,3103.5,330200,-1.0,-1.0,-1.0
2026/03/11,3125.0,3134.5,3090.0,3092.0,302600,-1.0,-1.0,-1.0
2026/03/12,3029.5,3046.5,2958.5,2964.5,324000,-1.0,-1.0,-1.0
2026/03/13,2958.5,2986.0,2924.5,2937.5,620200,-1.0,-1.0,-1.0
2026/03/16,2935.0,2949.0,2909.5,2915.0,493200,-1.0,-1.0,-1.0
2026/03/17,2923.0,2963.0,2909.0,2952.5,286800,-1.0,-1.0,-1.0
2026/03/18,2935.0,2959.0,2920.5,2955.0,425400,-1.0,-1.0,-1.0
2026/03/19,2925.0,2953.0,2915.0,2915.0,841600,-1.0,-1.0,-1.0
2026/03/23,2842.0,2881.0,2822.0,2841.0,332200,-1.0,-1.0,-1.0
2026/03/24,2900.0,2922.0,2885.5,2918.0,513600,-1.0,-1.0,-1.0
2026/03/25,2955.0,2981.5,2953.0,2965.0,405800,-1.0,-1.0,-1.0
2026/03/26,2970.0,2984.0,2963.5,2975.0,480000,-1.0,-1.0,-1.0
2026/03/27,3000.0,3001.0,2978.5,3000.0,629600,-1.0,-1.0,-1.0
2026/03/30,2875.0,2955.0,2875.0,2942.0,754600,-1.0,-1.0,-1.0
2026/03/31,2942.5,2987.0,2905.0,2967.5,448000,-1.0,-1.0,-1.0
2026/04/01,2999.5,3055.0,2980.0,3055.0,497600,-1.0,-1.0,-1.0
2026/04/02,3040.0,3084.0,3038.5,3050.0,303200,-1.0,-1.0,-1.0
2026/04/03,3067.5,3076.5,3040.0,3061.0,216200,-1.0,-1.0,-1.0
2026/04/06,3050.0,3085.5,3049.5,3062.0,218400,-1.0,-1.0,-1.0
2026/04/07,3087.5,3087.5,3035.5,3059.0,275400,-1.0,-1.0,-1.0
2026/04/08,3109.0,3139.0,3104.0,3124.5,716400,-1.0,-1.0,-1.0
2026/04/09,3122.5,3150.5,3106.5,3106.5,395600,-1.0,-1.0,-1.0
2026/04/10,3091.0,3098.5,3016.0,3016.0,284000,-1.0,-1.0,-1.0
2026/04/13,3016.0,3033.0,2982.0,2997.5,361400,-1.0,-1.0,-1.0
2026/04/14,3014.0,3020.5,2974.0,2984.0,267400,-1.0,-1.0,-1.0
2026/04/15,2994.0,3039.0,2985.0,3032.0,419200,-1.0,-1.0,-1.0
2026/04/16,3058.0,3058.0,3012.5,3026.5,326200,-1.0,-1.0,-1.0
2026/04/17,2999.0,3016.5,2968.0,2968.0,257200,-1.0,-1.0,-1.0
2026/04/20,3000.5,3000.5,2937.5,2938.5,169600,-1.0,-1.0,-1.0
2026/04/21,2932.5,2953.5,2891.0,2905.5,173600,-1.0,-1.0,-1.0
2026/04/22,2891.0,2899.5,2820.5,2826.5,252000,-1.0,-1.0,-1.0
2026/04/23,2795.0,2811.0,2769.5,2792.0,316600,-1.0,-1.0,-1.0
2026/04/24,2788.0,2818.0,2766.0,2795.0,250800,-1.0,-1.0,-1.0
2026/04/27,2771.5,2793.5,2755.0,2781.0,332400,-1.0,-1.0,-1.0
2026/04/28,2805.0,2806.5,2760.0,2780.5,254000,-1.0,-1.0,-1.0
2026/04/30,2780.5,2793.5,2755.5,2775.0,418000,-1.0,-1.0,-1.0
2026/05/01,2766.0,2766.0,2723.0,2748.5,199400,-1.0,-1.0,-1.0
2026/05/07,2721.5,2752.0,2697.5,2729.5,402400,-1.0,-1.0,-1.0
2026/05/08,2705.5,2713.0,2663.5,2702.0,539000,-1.0,-1.0,-1.0
2026/05/11,2685.0,2703.5,2659.0,2685.0,406000,-1.0,-1.0,-1.0
2026/05/12,2700.0,2704.5,2643.0,2657.0,226000,-1.0,-1.0,-1.0
2026/05/13,2679.5,2684.0,2643.5,2644.5,258800,-1.0,-1.0,-1.0
2026/05/14,2630.0,2630.0,2453.0,2509.5,555800,-1.0,-1.0,-1.0
2026/05/15,2559.5,2655.5,2524.0,2655.5,708600,-1.0,-1.0,-1.0
2026/05/18,2656.5,2698.5,2629.5,2636.0,523000,-1.0,-1.0,-1.0
2026/05/19,2671.0,2715.0,2646.5,2704.0,486800,-1.0,-1.0,-1.0
2026/05/20,2673.0,2707.0,2631.5,2653.0,575200,-1.0,-1.0,-1.0
2026/05/21,2675.0,2712.5,2657.5,2672.0,311200,-1.0,-1.0,-1.0
2026/05/22,2681.0,2688.5,2653.5,2675.5,427600,-1.0,-1.0,-1.0
2026/05/25,2699.0,2708.5,2600.5,2641.5,403800,-1.0,-1.0,-1.0
2026/05/26,2641.5,2649.0,2606.0,2613.5,451800,-1.0,-1.0,-1.0
2026/05/27,2607.5,2643.5,2569.0,2632.5,505600,-1.0,-1.0,-1.0
2026/05/28,2641.0,2662.5,2602.5,2619.5,679400,-1.0,-1.0,-1.0
2026/05/29,2608.0,2667.5,2608.0,2642.5,389000,-1.0,-1.0,-1.0
2026/06/01,2627.5,2627.5,2559.5,2562.0,438000,-1.0,-1.0,-1.0
2026/06/02,2525.0,2565.5,2522.0,2541.5,473400,-1.0,-1.0,-1.0
2026/06/03,2522.0,2553.5,2486.0,2553.5,352800,-1.0,-1.0,-1.0
2026/06/04,2523.0,2549.0,2510.0,2510.0,532600,-1.0,-1.0,-1.0
2026/06/05,2536.0,2544.5,2505.5,2527.5,702800,-1.0,-1.0,-1.0
2026/06/08,2514.0,2564.0,2506.0,2532.5,871000,-1.0,-1.0,-1.0
2026/06/09,2532.5,2572.5,2522.5,2547.5,562400,-1.0,-1.0,-1.0
2026/06/10,2552.5,2573.0,2532.5,2548.0,646400,-1.0,-1.0,-1.0
2026/06/11,2550.5,2574.5,2529.5,2530.5,417200,-1.0,-1.0,-1.0
2026/06/12,2509.5,2539.0,2483.0,2527.0,614000,-1.0,-1.0,-1.0
2026/06/15,2539.0,2547.5,2522.0,2528.0,317600,-1.0,-1.0,-1.0
2026/06/16,2503.0,2527.5,2486.0,2500.5,340400,-1.0,-1.0,-1.0
2026/06/17,2520.0,2533.5,2497.0,2500.5,324800,-1.0,-1.0,-1.0
2026/06/18,2500.0,2505.0,2465.0,2479.5,388200,-1.0,-1.0,-1.0
2026/06/19,2467.5,2472.5,2441.5,2441.5,885800,-1.0,-1.0,-1.0
2026/06/22,2436.5,2447.5,2405.0,2447.5,297800,-1.0,-1.0,-1.0
2026/06/23,2459.5,2495.5,2440.0,2488.5,399600,-1.0,-1.0,-1.0
2026/06/24,2488.5,2535.5,2488.0,2514.0,455400,-1.0,-1.0,-1.0
2026/06/25,2524.5,2524.5,2485.0,2485.0,328000,-1.0,-1.0,-1.0
2026/06/26,2503.0,2513.5,2471.5,2488.0,423200,-1.0,-1.0,-1.0
2026/06/29,2512.0,2527.5,2472.0,2503.0,433400,-1.0,-1.0,-1.0
2026/06/30,2490.5,2505.0,2454.0,2468.0,408400,-1.0,-1.0,-1.0
2026/07/01,2450.0,2457.5,2416.0,2432.0,338400,-1.0,-1.0,-1.0
2026/07/02,2483.0,2498.5,2454.5,2462.0,341000,-1.0,-1.0,-1.0
2026/07/03,2497.0,2526.5,2471.5,2475.0,389200,-1.0,-1.0,-1.0
2026/07/06,2497.5,2539.0,2475.5,2518.5,422200,-1.0,-1.0,-1.0
2026/07/07,2493.5,2533.5,2485.5,2516.5,732800,-1.0,-1.0,-1.0
2026/07/08,2535.0,2567.5,2523.5,2533.5,448400,-1.0,-1.0,-1.0
2026/07/09,2525.0,2538.5,2501.5,2513.0,310600,-1.0,-1.0,-1.0
2026/07/10,2503.5,2519.5,2452.0,2469.0,409800,-1.0,-1.0,-1.0
2026/07/13,2493.5,2494.0,2442.0,2455.0,356000,-1.0,-1.0,-1.0
2026/07/14,2490.0,2513.5,2470.0,2496.5,460200,-1.0,-1.0,-1.0
2026/07/15,2531.5,2584.5,2523.0,2578.5,671600,-1.0,-1.0,-1.0
2026/07/16,2568.5,2599.0,2547.5,2555.0,314000,-1.0,-1.0,-1.0
2026/07/17,2575.0,2615.0,2567.5,2583.5,275400,-1.0,-1.0,-1.0
2026/07/21,2597.5,2614.0,2575.0,2587.5,333400,-1.0,-1.0,-1.0
2026/07/22,2569.0,2600.0,2557.5,2598.0,371200,-1.0,-1.0,-1.0
2026/07/23,2575.5,2575.5,2542.5,2563.5,329400,-1.0,-1.0,-1.0
2026/07/24,2536.0,2597.5,2530.5,2587.0,284600,-1.0,-1.0,-1.0
2026/07/27,2607.5,2624.0,2584.5,2624.0,214400,-1.0,-1.0,-1.0
2026/07/28,2650.0,2667.5,2624.0,2641.0,344200,-1.0,-1.0,-1.0
2026/07/29,2691.0,2724.5,2663.5,2692.5,404600,-1.0,-1.0,-1.0
2026/07/30,2680.5,2690.5,2633.0,2642.5,332600,-1.0,-1.0,-1.0
2026/07/31,2592.5,2632.0,2534.0,2545.5,337800,-1.0,-1.0,-1.0
2026/08/03,2519.5,2532.5,2471.0,2491.0,416800,-1.0,-1.0,-1.0
2026/08/04,2480.0,2484.5,2439.0,2450.0,323600,-1.0,-1.0,-1.0
2026/08/05,2439.0,2465.0,2403.0,2403.0,321800,-1.0,-1.0,-1.0
2026/08/06,2438.0,2454.5,2419.0,2454.0,415000,-1.0,-1.0,-1.0
2026/08/07,2464.5,2521.5,2385.0,2431.0,386600,-1.0,-1.0,-1.0
2026/08/10,2466.0,2474.0,2410.5,2434.0,337000,-1.0,-1.0,-1.0
2026/08/12,2469.0,2513.0,2466.0,2500.0,449800,-1.0,-1.0,-1.0
2026/08/13,2490.0,2522.5,2475.5,2513.0,481200,-1.0,-1.0,-1.0
2026/08/14,2503.0,2530.0,2489.0,2500.0,337600,-1.0,-1.0,-1.0
2026/08/17,2501.5,2519.0,2481.5,2492.5,240000,-1.0,-1.0,-1.0
2026/08/18,2487.5,2524.0,2481.0,2519.0,293800,-1.0,-1.0,-1.0
2026/08/19,2553.0,2576.0,2524.0,2545.0,381800,-1.0,-1.0,-1.0
2026/08/20,2563.0,2587.0,2528.0,2566.5,225400,-1.0,-1.0,-1.0
2026/08/21,2570.0,2581.0,2547.5,2562.0,238400,-1.0,-1.0,-1.0
2026/08/24,2559.5,2582.0,2536.5,2543.0,179800,-1.0,-1.0,-1.0
2026/08/25,2550.0,2568.5,2530.0,2535.5,150400,-1.0,-1.0,-1.0
2026/08/26,2535.5,2560.5,2535.5,2544.5,168600,-1.0,-1.0,-1.0
2026/08/27,2525.5,2556.0,2515.0,2524.5,228800,-1.0,-1.0,-1.0
2026/08/28,2524.5,2620.5,2518.5,2586.0,532400,-1.0,-1.0,-1.0
2026/08/31,2589.5,2605.0,2559.5,2574.0,499600,-1.0,-1.0,-1.0
2026/09/01,2580.0,2642.0,2577.5,2615.5,380400,-1.0,-1.0,-1.0
2026/09/02,2590.5,2621.5,2581.5,2591.5,331600,-1.0,-1.0,-1.0
2026/09/03,2591.5,2612.5,2584.5,2594.5,307200,-1.0,-1.0,-1.0
2026/09/04,2582.0,2602.0,2572.0,2581.0,419000,-1.0,-1.0,-1.0
2026/09/07,2575.0,2592.5,2561.0,2561.0,331200,-1.0,-1.0,-1.0
2026/09/08,2541.0,2594.0,2541.0,2593.5,325400,-1.0,-1.0,-1.0
2026/09/09,2569.5,2598.0,2562.0,2588.5,360400,-1.0,-1.0,-1.0
2026/09/10,2600.0,2607.5,2591.0,2598.5,370000,-1.0,-1.0,-1.0
2026/09/11,2564.0,2604.0,2560.5,2586.5,405800,-1.0,-1.0,-1.0
2026/09/14,2606.5,2634.0,2605.0,2628.0,276600,-1.0,-1.0,-1.0
2026/09/15,2647.5,2647.5,2607.0,2607.0,308800,-1.0,-1.0,-1.0
2026/09/16,2621.5,2633.0,2611.5,2611.5,221400,-1.0,-1.0,-1.0
2026/09/17,2625.0,2678.5,2625.0,2673.0,306600,-1.0,-1.0,-1.0
2026/09/18,2693.5,2693.5,2634.0,2634.0,605000,-1.0,-1.0,-1.0
2026/09/24,2625.0,2709.0,2605.0,2700.0,442000,-1.0,-1.0,-1.0
2026/09/25,2715.5,2731.0,2686.5,2693.0,405800,-1.0,-1.0,-1.0
2026/09/28,5410.0,5416.0,5280.0,5293.0,165100,-1.0,-1.0,-1.0
2026/09/29,2566.5,2616.0,2541.5,2557.0,386600,-1.0,-1.0,-1.0
2026/09/30,2564.5,2602.5,2538.0,2595.0,413900,-1.0,-1.0,-1.0
2026/10/01,2614.0,2640.0,2591.5,2615.0,484800,-1.0,-1.0,-1.0
2026/10/02,2601.0,2601.5,2546.5,2558.5,398600,-1.0,-1.0,-1.0
2026/10/05,2562.5,2587.5,2546.0,2576.5,353900,-1.0,-1.0,-1.0
2026/10/06,2626.0,2629.0,2585.5,2611.0,273500,-1.0,-1.0,-1.0
2026/10/07,2600.0,2623.5,2596.5,2600.0,316600,-1.0,-1.0,-1.0
